{"type":"FeatureCollection","bbox":[2.541361,50.687381,5.91111,51.505115],"license":"Open Database License (ODbL) v1.0","attribution":"© OpenStreetMap contributors","generatedAt":"2026-09-20T12:46:12.453Z","features":[{"type":"Feature","id":"11001","bbox":[4.353725,51.109496,4.40871,51.151075],"properties":{"nis":"11001","name":"Aartselaar","nameNl":"Aartselaar","nameFr":"Aartselaar","nameDe":"Aartselaar","province":"antwerpen","region":"flanders","areaKm2":10.98},"geometry":{"type":"Polygon","coordinates":[[[4.35958,51.10954],[4.36479,51.11015],[4.3774,51.11034],[4.38242,51.11139],[4.3856,51.11368],[4.39074,51.11515],[4.39329,51.11737],[4.39809,51.11636],[4.40047,51.11801],[4.39645,51.11907],[4.40133,51.12267],[4.40303,51.12691],[4.40483,51.12707],[4.4062,51.12962],[4.40586,51.13269],[4.40871,51.13311],[4.40774,51.13792],[4.40861,51.13919],[4.40514,51.14016],[4.40834,51.14267],[4.40353,51.14478],[4.40303,51.14674],[4.40045,51.14639],[4.40139,51.14983],[4.39972,51.15107],[4.39367,51.14947],[4.39316,51.14739],[4.38697,51.14963],[4.38543,51.14805],[4.38016,51.14756],[4.3757,51.14498],[4.37269,51.14497],[4.36844,51.14335],[4.36594,51.14519],[4.36232,51.14955],[4.35395,51.1478],[4.35594,51.14302],[4.35604,51.14058],[4.35836,51.13575],[4.35563,51.13432],[4.36504,51.13136],[4.36902,51.12563],[4.36981,51.12263],[4.37439,51.12039],[4.37663,51.11675],[4.37102,51.11545],[4.36612,51.11311],[4.3556,51.11445],[4.35375,51.11395],[4.3551,51.11049],[4.35958,51.10954]]]}},{"type":"Feature","id":"11002","bbox":[4.217577,51.143287,4.509054,51.377636],"properties":{"nis":"11002","name":"Antwerpen","nameNl":"Antwerpen","nameFr":"Anvers","nameDe":"Antwerpen","province":"antwerpen","region":"flanders","areaKm2":207.37},"geometry":{"type":"Polygon","coordinates":[[[4.50905,51.18971],[4.50212,51.1888],[4.5024,51.19171],[4.49981,51.19173],[4.49988,51.19589],[4.49088,51.1993],[4.48259,51.20372],[4.4855,51.20671],[4.48501,51.2093],[4.48311,51.21023],[4.48564,51.2137],[4.49054,51.21567],[4.49557,51.21634],[4.49535,51.21976],[4.49797,51.2213],[4.49635,51.22763],[4.48893,51.22677],[4.48394,51.22556],[4.486,51.23292],[4.48742,51.23456],[4.48236,51.23773],[4.47994,51.2382],[4.47804,51.23735],[4.47206,51.23707],[4.46704,51.23861],[4.4604,51.23759],[4.45745,51.23826],[4.4549,51.24225],[4.45604,51.24569],[4.45936,51.24757],[4.46624,51.25004],[4.46375,51.25389],[4.46405,51.2605],[4.46293,51.26686],[4.4607,51.26868],[4.45225,51.2809],[4.44024,51.2976],[4.43935,51.29783],[4.43249,51.29405],[4.42839,51.29472],[4.42441,51.29269],[4.42451,51.29589],[4.42282,51.29969],[4.42098,51.29941],[4.41844,51.30584],[4.41693,51.30676],[4.41001,51.30307],[4.41049,51.30213],[4.40458,51.30002],[4.40237,51.29851],[4.39745,51.29709],[4.35979,51.31023],[4.35574,51.31368],[4.35489,51.31659],[4.35199,51.31873],[4.35038,51.3255],[4.34953,51.32538],[4.34725,51.3303],[4.33913,51.33575],[4.33013,51.33502],[4.32872,51.33724],[4.36817,51.35607],[4.36592,51.3572],[4.35088,51.35826],[4.3489,51.35868],[4.34112,51.3576],[4.33451,51.37764],[4.30346,51.37695],[4.21758,51.37388],[4.22207,51.36451],[4.22675,51.35976],[4.24205,51.35397],[4.26192,51.34136],[4.27091,51.33159],[4.27567,51.30987],[4.28144,51.30174],[4.30767,51.29305],[4.3173,51.28826],[4.3195,51.28563],[4.3195,51.28229],[4.31703,51.27757],[4.3019,51.26403],[4.30081,51.26239],[4.30153,51.25769],[4.30645,51.25494],[4.32343,51.25208],[4.33088,51.25012],[4.34538,51.24267],[4.35201,51.24009],[4.34518,51.23639],[4.34088,51.233],[4.33812,51.22983],[4.34131,51.23004],[4.34135,51.22754],[4.34733,51.21913],[4.34729,51.21661],[4.3448,51.21579],[4.35005,51.21243],[4.35254,51.20934],[4.35692,51.20191],[4.34417,51.19857],[4.33699,51.19472],[4.33265,51.19047],[4.32988,51.18561],[4.32799,51.17818],[4.32806,51.17367],[4.32977,51.16167],[4.33402,51.16162],[4.33675,51.15936],[4.34141,51.15858],[4.34389,51.15687],[4.34891,51.15571],[4.35205,51.1496],[4.35395,51.1478],[4.36232,51.14955],[4.36594,51.14519],[4.36844,51.14335],[4.37269,51.14497],[4.3757,51.14498],[4.38016,51.14756],[4.38543,51.14805],[4.38697,51.14963],[4.39316,51.14739],[4.39367,51.14947],[4.39972,51.15107],[4.39699,51.15382],[4.40525,51.15672],[4.4116,51.15984],[4.41626,51.16293],[4.41698,51.16707],[4.4229,51.16806],[4.4254,51.17021],[4.432,51.17031],[4.43134,51.17174],[4.43403,51.17321],[4.43515,51.17397],[4.43295,51.17699],[4.43632,51.1767],[4.44216,51.17947],[4.4444,51.18313],[4.44403,51.18695],[4.44637,51.1895],[4.4492,51.18944],[4.45027,51.18591],[4.45474,51.1848],[4.45934,51.18503],[4.46269,51.18812],[4.47212,51.18609],[4.47669,51.18799],[4.48165,51.18399],[4.48248,51.18081],[4.48393,51.18059],[4.49148,51.18229],[4.4946,51.18232],[4.49869,51.18372],[4.50449,51.18408],[4.50678,51.18539],[4.50905,51.18971]]]}},{"type":"Feature","id":"11004","bbox":[4.479107,51.129614,4.565167,51.190499],"properties":{"nis":"11004","name":"Boechout","nameNl":"Boechout","nameFr":"Boechout","nameDe":"Boechout","province":"antwerpen","region":"flanders","areaKm2":20.66},"geometry":{"type":"Polygon","coordinates":[[[4.56488,51.16578],[4.56517,51.1674],[4.56325,51.17259],[4.55775,51.17323],[4.55914,51.17504],[4.55106,51.17796],[4.55267,51.18123],[4.55048,51.18257],[4.54523,51.18233],[4.54581,51.18354],[4.53983,51.18488],[4.53351,51.18493],[4.53256,51.18807],[4.53008,51.19004],[4.527,51.19049],[4.52279,51.18858],[4.51666,51.18872],[4.51626,51.18728],[4.51257,51.1869],[4.51237,51.18936],[4.50905,51.18971],[4.50678,51.18539],[4.50449,51.18408],[4.49869,51.18372],[4.4946,51.18232],[4.49148,51.18229],[4.48393,51.18059],[4.4827,51.17209],[4.48146,51.17007],[4.48002,51.16286],[4.47911,51.16276],[4.48241,51.15647],[4.48644,51.15185],[4.49551,51.1453],[4.50031,51.14401],[4.50274,51.1444],[4.50993,51.14267],[4.50819,51.13973],[4.51006,51.13487],[4.5128,51.13541],[4.51322,51.13387],[4.51983,51.13447],[4.52252,51.13164],[4.52617,51.13112],[4.52727,51.12961],[4.53233,51.13198],[4.52425,51.14154],[4.52162,51.14288],[4.5217,51.14749],[4.5235,51.14726],[4.52687,51.1493],[4.52653,51.15408],[4.52377,51.15809],[4.52547,51.1594],[4.52798,51.15827],[4.53328,51.15851],[4.53849,51.15768],[4.53927,51.15899],[4.5375,51.16323],[4.54056,51.16284],[4.55258,51.16392],[4.55796,51.16264],[4.55941,51.16458],[4.56488,51.16578]]]}},{"type":"Feature","id":"11005","bbox":[4.340232,51.080652,4.406234,51.10621],"properties":{"nis":"11005","name":"Boom","nameNl":"Boom","nameFr":"Boom","nameDe":"Boom","province":"antwerpen","region":"flanders","areaKm2":7.31},"geometry":{"type":"Polygon","coordinates":[[[4.36319,51.10621],[4.36024,51.10386],[4.35031,51.09927],[4.34301,51.09725],[4.34023,51.0951],[4.34995,51.09165],[4.35425,51.0872],[4.36026,51.08441],[4.37118,51.08215],[4.38158,51.08158],[4.38519,51.08065],[4.39104,51.08748],[4.39469,51.08983],[4.40235,51.08835],[4.40301,51.09135],[4.39793,51.09631],[4.39054,51.10051],[4.3793,51.1041],[4.37538,51.10433],[4.36998,51.1057],[4.36319,51.10621]]]}},{"type":"Feature","id":"11008","bbox":[4.440239,51.268638,4.558725,51.35088],"properties":{"nis":"11008","name":"Brasschaat","nameNl":"Brasschaat","nameFr":"Brasschaat","nameDe":"Brasschaat","province":"antwerpen","region":"flanders","areaKm2":38.43},"geometry":{"type":"Polygon","coordinates":[[[4.54078,51.33757],[4.519,51.35088],[4.51175,51.34777],[4.48494,51.33406],[4.47322,51.32612],[4.46451,51.31941],[4.46748,51.31523],[4.46838,51.31012],[4.4718,51.30895],[4.46782,51.30783],[4.46834,51.30693],[4.46295,51.30531],[4.4501,51.30001],[4.44024,51.2976],[4.45225,51.2809],[4.4607,51.26868],[4.46492,51.26887],[4.47225,51.27135],[4.47969,51.27184],[4.48609,51.27497],[4.49,51.27788],[4.49001,51.27937],[4.49803,51.28356],[4.50752,51.28616],[4.51717,51.2896],[4.52751,51.29621],[4.53054,51.29721],[4.53899,51.30245],[4.54912,51.30416],[4.55872,51.30732],[4.55538,51.3171],[4.54078,51.33757]]]}},{"type":"Feature","id":"11009","bbox":[4.540777,51.275633,4.723586,51.382349],"properties":{"nis":"11009","name":"Brecht","nameNl":"Brecht","nameFr":"Brecht","nameDe":"Brecht","province":"antwerpen","region":"flanders","areaKm2":90.92},"geometry":{"type":"Polygon","coordinates":[[[4.54078,51.33757],[4.55538,51.3171],[4.55872,51.30732],[4.54912,51.30416],[4.55297,51.28982],[4.54881,51.28804],[4.54106,51.28293],[4.54551,51.27971],[4.54785,51.27563],[4.55295,51.27589],[4.57024,51.28514],[4.57689,51.28764],[4.58169,51.28766],[4.58379,51.28858],[4.58637,51.29207],[4.58704,51.29091],[4.5884,51.28176],[4.60141,51.28226],[4.59991,51.29211],[4.61894,51.29326],[4.62053,51.29565],[4.63314,51.29387],[4.63433,51.2937],[4.63369,51.29541],[4.63633,51.30198],[4.64212,51.30782],[4.65025,51.31285],[4.66942,51.31814],[4.68783,51.32222],[4.70597,51.3254],[4.71813,51.32684],[4.71725,51.32787],[4.71956,51.34349],[4.72074,51.34346],[4.72358,51.35743],[4.72193,51.36414],[4.71818,51.37555],[4.71698,51.38235],[4.67081,51.37564],[4.66216,51.37469],[4.6541,51.37452],[4.64946,51.37305],[4.62926,51.3769],[4.62386,51.37734],[4.61595,51.37555],[4.60088,51.37034],[4.58474,51.36508],[4.58368,51.36508],[4.56633,51.36016],[4.54078,51.33757]]]}},{"type":"Feature","id":"11013","bbox":[4.396995,51.144437,4.463714,51.173211],"properties":{"nis":"11013","name":"Edegem","nameNl":"Edegem","nameFr":"Edegem","nameDe":"Edegem","province":"antwerpen","region":"flanders","areaKm2":8.69},"geometry":{"type":"Polygon","coordinates":[[[4.43403,51.17321],[4.43134,51.17174],[4.432,51.17031],[4.4254,51.17021],[4.4229,51.16806],[4.41698,51.16707],[4.41626,51.16293],[4.4116,51.15984],[4.40525,51.15672],[4.39699,51.15382],[4.39972,51.15107],[4.40139,51.14983],[4.4047,51.14899],[4.40745,51.14602],[4.41399,51.14554],[4.42263,51.14848],[4.42764,51.1494],[4.43124,51.14753],[4.43154,51.14541],[4.43366,51.14476],[4.44467,51.14589],[4.44814,51.14555],[4.45063,51.14679],[4.45274,51.14519],[4.4584,51.14579],[4.45919,51.14444],[4.46274,51.14715],[4.46371,51.1487],[4.4624,51.15382],[4.45948,51.15741],[4.45814,51.16103],[4.45637,51.16416],[4.45131,51.16209],[4.44446,51.16296],[4.44449,51.16701],[4.44056,51.16958],[4.43702,51.17087],[4.43403,51.17321]]]}},{"type":"Feature","id":"11016","bbox":[4.379317,51.415486,4.548161,51.482398],"properties":{"nis":"11016","name":"Essen","nameNl":"Essen","nameFr":"Essen","nameDe":"Essen","province":"antwerpen","region":"flanders","areaKm2":47.39},"geometry":{"type":"Polygon","coordinates":[[[4.53302,51.45356],[4.54816,51.47331],[4.53818,51.4824],[4.48679,51.47734],[4.47651,51.47827],[4.47165,51.47632],[4.46671,51.47201],[4.45757,51.46989],[4.44256,51.46869],[4.4039,51.45586],[4.38544,51.4496],[4.38271,51.45023],[4.37932,51.44675],[4.38664,51.44524],[4.39203,51.44638],[4.39664,51.44202],[4.39549,51.43977],[4.39542,51.43551],[4.39882,51.43524],[4.39721,51.4316],[4.39467,51.43154],[4.3952,51.4269],[4.40503,51.42626],[4.40405,51.42492],[4.42335,51.42421],[4.42384,51.42559],[4.43166,51.42289],[4.43933,51.41931],[4.46391,51.41549],[4.49488,51.42269],[4.49854,51.42559],[4.49403,51.43132],[4.50935,51.45275],[4.5101,51.45087],[4.52474,51.45379],[4.53302,51.45356]]]}},{"type":"Feature","id":"11018","bbox":[4.322624,51.129473,4.358432,51.161829],"properties":{"nis":"11018","name":"Hemiksem","nameNl":"Hemiksem","nameFr":"Hemiksem","nameDe":"Hemiksem","province":"antwerpen","region":"flanders","areaKm2":5.45},"geometry":{"type":"Polygon","coordinates":[[[4.32977,51.16167],[4.33033,51.15446],[4.32838,51.1425],[4.32547,51.13397],[4.32262,51.13118],[4.32599,51.1299],[4.33391,51.12968],[4.34047,51.1309],[4.34855,51.13343],[4.34909,51.13234],[4.35563,51.13432],[4.35836,51.13575],[4.35604,51.14058],[4.35594,51.14302],[4.35395,51.1478],[4.35205,51.1496],[4.34891,51.15571],[4.34389,51.15687],[4.34141,51.15858],[4.33675,51.15936],[4.33402,51.16162],[4.32977,51.16167]]]}},{"type":"Feature","id":"11021","bbox":[4.458144,51.130427,4.510415,51.163255],"properties":{"nis":"11021","name":"Hove","nameNl":"Hove","nameFr":"Hove","nameDe":"Hove","province":"antwerpen","region":"flanders","areaKm2":5.96},"geometry":{"type":"Polygon","coordinates":[[[4.51006,51.13487],[4.50819,51.13973],[4.50993,51.14267],[4.50274,51.1444],[4.50031,51.14401],[4.49551,51.1453],[4.48644,51.15185],[4.48241,51.15647],[4.47911,51.16276],[4.47041,51.16174],[4.46324,51.1632],[4.45814,51.16103],[4.45948,51.15741],[4.4624,51.15382],[4.46371,51.1487],[4.46274,51.14715],[4.46462,51.14642],[4.4612,51.14333],[4.46506,51.14115],[4.46737,51.14225],[4.46914,51.14128],[4.4724,51.14183],[4.47536,51.14237],[4.47637,51.14037],[4.4812,51.14013],[4.48075,51.14141],[4.48488,51.14103],[4.48816,51.13955],[4.48813,51.13728],[4.49677,51.13058],[4.49803,51.13202],[4.50067,51.13043],[4.51006,51.13487]]]}},{"type":"Feature","id":"11022","bbox":[4.38366,51.35242,4.535409,51.453791],"properties":{"nis":"11022","name":"Kalmthout","nameNl":"Kalmthout","nameFr":"Kalmthout","nameDe":"Kalmthout","province":"antwerpen","region":"flanders","areaKm2":59.16},"geometry":{"type":"Polygon","coordinates":[[[4.53302,51.45356],[4.52474,51.45379],[4.5101,51.45087],[4.50935,51.45275],[4.49403,51.43132],[4.49854,51.42559],[4.49488,51.42269],[4.46391,51.41549],[4.43933,51.41931],[4.43166,51.42289],[4.42384,51.42559],[4.42335,51.42421],[4.40405,51.42492],[4.40503,51.42626],[4.3952,51.4269],[4.39133,51.42735],[4.38972,51.42446],[4.38366,51.42108],[4.39161,51.40817],[4.40684,51.39577],[4.43169,51.37505],[4.42508,51.37129],[4.42981,51.36737],[4.43135,51.36385],[4.42185,51.36523],[4.41986,51.36442],[4.41997,51.36202],[4.44176,51.36204],[4.44966,51.36148],[4.47473,51.35242],[4.50723,51.35804],[4.5063,51.36152],[4.50694,51.3732],[4.51875,51.37446],[4.5201,51.37544],[4.51843,51.38066],[4.5167,51.38313],[4.51281,51.3846],[4.51038,51.38662],[4.51656,51.38679],[4.51595,51.39105],[4.51353,51.39901],[4.51089,51.40051],[4.50955,51.40295],[4.51889,51.40951],[4.52896,51.41393],[4.52645,51.41673],[4.53541,51.42303],[4.5299,51.44952],[4.53302,51.45356]]]}},{"type":"Feature","id":"11023","bbox":[4.391717,51.292652,4.519002,51.364421],"properties":{"nis":"11023","name":"Kapellen","nameNl":"Kapellen","nameFr":"Kapellen","nameDe":"Kapellen","province":"antwerpen","region":"flanders","areaKm2":37.09},"geometry":{"type":"Polygon","coordinates":[[[4.39468,51.35585],[4.39673,51.35329],[4.39868,51.34747],[4.40197,51.34221],[4.40605,51.33787],[4.39172,51.33051],[4.41286,51.3094],[4.41693,51.30676],[4.41844,51.30584],[4.42098,51.29941],[4.42282,51.29969],[4.42451,51.29589],[4.42441,51.29269],[4.42839,51.29472],[4.43249,51.29405],[4.43935,51.29783],[4.44024,51.2976],[4.4501,51.30001],[4.46295,51.30531],[4.46834,51.30693],[4.46782,51.30783],[4.4718,51.30895],[4.46838,51.31012],[4.46748,51.31523],[4.46451,51.31941],[4.47322,51.32612],[4.48494,51.33406],[4.51175,51.34777],[4.519,51.35088],[4.50723,51.35804],[4.47473,51.35242],[4.44966,51.36148],[4.44176,51.36204],[4.41997,51.36202],[4.41986,51.36442],[4.39874,51.35689],[4.39468,51.35585]]]}},{"type":"Feature","id":"11024","bbox":[4.396453,51.093023,4.48653,51.149833],"properties":{"nis":"11024","name":"Kontich","nameNl":"Kontich","nameFr":"Kontich","nameDe":"Kontich","province":"antwerpen","region":"flanders","areaKm2":23.73},"geometry":{"type":"Polygon","coordinates":[[[4.46274,51.14715],[4.45919,51.14444],[4.4584,51.14579],[4.45274,51.14519],[4.45063,51.14679],[4.44814,51.14555],[4.44467,51.14589],[4.43366,51.14476],[4.43154,51.14541],[4.43124,51.14753],[4.42764,51.1494],[4.42263,51.14848],[4.41399,51.14554],[4.40745,51.14602],[4.4047,51.14899],[4.40139,51.14983],[4.40045,51.14639],[4.40303,51.14674],[4.40353,51.14478],[4.40834,51.14267],[4.40514,51.14016],[4.40861,51.13919],[4.40774,51.13792],[4.40871,51.13311],[4.40586,51.13269],[4.4062,51.12962],[4.40483,51.12707],[4.40303,51.12691],[4.40133,51.12267],[4.39645,51.11907],[4.40047,51.11801],[4.40178,51.11908],[4.40575,51.11687],[4.4102,51.11748],[4.41257,51.11565],[4.41544,51.11592],[4.41748,51.11454],[4.42213,51.11842],[4.42503,51.11631],[4.42612,51.11094],[4.43,51.10778],[4.43336,51.10834],[4.43836,51.10668],[4.43705,51.10357],[4.4392,51.10215],[4.4359,51.10058],[4.43867,51.09477],[4.44363,51.0953],[4.45135,51.10019],[4.45397,51.09466],[4.45981,51.09391],[4.46178,51.09486],[4.46543,51.09302],[4.47418,51.09672],[4.4732,51.09962],[4.4704,51.09982],[4.47291,51.10277],[4.47576,51.10982],[4.47969,51.11395],[4.48653,51.1157],[4.48107,51.12574],[4.47729,51.13348],[4.4724,51.14183],[4.46914,51.14128],[4.46737,51.14225],[4.46506,51.14115],[4.4612,51.14333],[4.46462,51.14642],[4.46274,51.14715]]]}},{"type":"Feature","id":"11025","bbox":[4.472404,51.115591,4.527269,51.142405],"properties":{"nis":"11025","name":"Lint","nameNl":"Lint","nameFr":"Lint","nameDe":"Lint","province":"antwerpen","region":"flanders","areaKm2":5.61},"geometry":{"type":"Polygon","coordinates":[[[4.51006,51.13487],[4.50067,51.13043],[4.49803,51.13202],[4.49677,51.13058],[4.48813,51.13728],[4.48816,51.13955],[4.48488,51.14103],[4.48075,51.14141],[4.4812,51.14013],[4.47637,51.14037],[4.47536,51.14237],[4.4724,51.14183],[4.47729,51.13348],[4.48107,51.12574],[4.48653,51.1157],[4.50061,51.11693],[4.50278,51.11622],[4.50699,51.11676],[4.50585,51.11822],[4.51877,51.1243],[4.52013,51.12346],[4.52328,51.12605],[4.52243,51.12792],[4.52727,51.12961],[4.52617,51.13112],[4.52252,51.13164],[4.51983,51.13447],[4.51322,51.13387],[4.5128,51.13541],[4.51006,51.13487]]]}},{"type":"Feature","id":"11029","bbox":[4.432953,51.16103,4.484039,51.189551],"properties":{"nis":"11029","name":"Mortsel","nameNl":"Mortsel","nameFr":"Mortsel","nameDe":"Mortsel","province":"antwerpen","region":"flanders","areaKm2":7.76},"geometry":{"type":"Polygon","coordinates":[[[4.48393,51.18059],[4.48248,51.18081],[4.48165,51.18399],[4.47669,51.18799],[4.47212,51.18609],[4.46269,51.18812],[4.45934,51.18503],[4.45474,51.1848],[4.45027,51.18591],[4.4492,51.18944],[4.44637,51.1895],[4.44403,51.18695],[4.4444,51.18313],[4.44216,51.17947],[4.43632,51.1767],[4.43295,51.17699],[4.43515,51.17397],[4.43403,51.17321],[4.43702,51.17087],[4.44056,51.16958],[4.44449,51.16701],[4.44446,51.16296],[4.45131,51.16209],[4.45637,51.16416],[4.45814,51.16103],[4.46324,51.1632],[4.47041,51.16174],[4.47911,51.16276],[4.48002,51.16286],[4.48146,51.17007],[4.4827,51.17209],[4.48393,51.18059]]]}},{"type":"Feature","id":"11030","bbox":[4.307851,51.095102,4.36319,51.116084],"properties":{"nis":"11030","name":"Niel","nameNl":"Niel","nameFr":"Niel","nameDe":"Niel","province":"antwerpen","region":"flanders","areaKm2":5.33},"geometry":{"type":"Polygon","coordinates":[[[4.34023,51.0951],[4.34301,51.09725],[4.35031,51.09927],[4.36024,51.10386],[4.36319,51.10621],[4.35958,51.10954],[4.3551,51.11049],[4.35375,51.11395],[4.3416,51.11405],[4.33596,51.11555],[4.33052,51.11608],[4.32675,51.11495],[4.32192,51.1147],[4.31907,51.11562],[4.31213,51.11525],[4.30792,51.10931],[4.308,51.1071],[4.31084,51.10517],[4.32251,51.10414],[4.32786,51.10156],[4.33148,51.09912],[4.34023,51.0951]]]}},{"type":"Feature","id":"11035","bbox":[4.530082,51.148289,4.643867,51.236104],"properties":{"nis":"11035","name":"Ranst","nameNl":"Ranst","nameFr":"Ranst","nameDe":"Ranst","province":"antwerpen","region":"flanders","areaKm2":43.55},"geometry":{"type":"Polygon","coordinates":[[[4.64387,51.21892],[4.63996,51.22015],[4.63231,51.22714],[4.62285,51.2326],[4.6198,51.2353],[4.61552,51.2361],[4.61152,51.23151],[4.60757,51.2289],[4.60262,51.22873],[4.60196,51.2277],[4.59223,51.22579],[4.5906,51.22658],[4.58331,51.22315],[4.57837,51.22238],[4.5734,51.22047],[4.56226,51.22135],[4.55984,51.21841],[4.55338,51.21696],[4.55011,51.21703],[4.55072,51.21251],[4.55201,51.2102],[4.54415,51.20965],[4.53944,51.20853],[4.54005,51.20539],[4.54379,51.20183],[4.54011,51.19757],[4.53971,51.19425],[4.53008,51.19004],[4.53256,51.18807],[4.53351,51.18493],[4.53983,51.18488],[4.54581,51.18354],[4.54523,51.18233],[4.55048,51.18257],[4.55267,51.18123],[4.55106,51.17796],[4.55914,51.17504],[4.55775,51.17323],[4.56325,51.17259],[4.56517,51.1674],[4.56488,51.16578],[4.56895,51.15735],[4.57242,51.15491],[4.57008,51.15362],[4.57257,51.15121],[4.57901,51.14829],[4.58582,51.15021],[4.59288,51.15322],[4.59534,51.15314],[4.5975,51.15505],[4.60117,51.15488],[4.60384,51.15627],[4.61497,51.15945],[4.61736,51.16143],[4.62164,51.16246],[4.62253,51.16375],[4.62785,51.16544],[4.6337,51.17372],[4.63611,51.17511],[4.63182,51.17864],[4.63051,51.18212],[4.62677,51.18465],[4.63019,51.19013],[4.62242,51.19998],[4.62343,51.20283],[4.63035,51.20991],[4.6329,51.21351],[4.64258,51.21728],[4.64387,51.21892]]]}},{"type":"Feature","id":"11037","bbox":[4.359369,51.071593,4.470722,51.119077],"properties":{"nis":"11037","name":"Rumst","nameNl":"Rumst","nameFr":"Rumst","nameDe":"Rumst","province":"antwerpen","region":"flanders","areaKm2":20.15},"geometry":{"type":"Polygon","coordinates":[[[4.35958,51.10954],[4.36319,51.10621],[4.36998,51.1057],[4.37538,51.10433],[4.3793,51.1041],[4.39054,51.10051],[4.39793,51.09631],[4.40301,51.09135],[4.40235,51.08835],[4.39469,51.08983],[4.39104,51.08748],[4.38519,51.08065],[4.39515,51.07627],[4.40004,51.07492],[4.4033,51.07541],[4.40622,51.07765],[4.41081,51.07915],[4.41635,51.07759],[4.41986,51.07359],[4.42268,51.07341],[4.42881,51.07485],[4.4319,51.07734],[4.43737,51.07856],[4.44072,51.07783],[4.44626,51.07256],[4.45214,51.07165],[4.4612,51.07397],[4.46731,51.07293],[4.47067,51.07308],[4.46817,51.07779],[4.46475,51.07897],[4.46635,51.08121],[4.47069,51.0844],[4.4707,51.08551],[4.46704,51.08966],[4.46543,51.09302],[4.46178,51.09486],[4.45981,51.09391],[4.45397,51.09466],[4.45135,51.10019],[4.44363,51.0953],[4.43867,51.09477],[4.4359,51.10058],[4.4392,51.10215],[4.43705,51.10357],[4.43836,51.10668],[4.43336,51.10834],[4.43,51.10778],[4.42612,51.11094],[4.42503,51.11631],[4.42213,51.11842],[4.41748,51.11454],[4.41544,51.11592],[4.41257,51.11565],[4.4102,51.11748],[4.40575,51.11687],[4.40178,51.11908],[4.40047,51.11801],[4.39809,51.11636],[4.39329,51.11737],[4.39074,51.11515],[4.3856,51.11368],[4.38242,51.11139],[4.3774,51.11034],[4.36479,51.11015],[4.35958,51.10954]]]}},{"type":"Feature","id":"11038","bbox":[4.306567,51.112704,4.376626,51.134716],"properties":{"nis":"11038","name":"Schelle","nameNl":"Schelle","nameFr":"Schelle","nameDe":"Schelle","province":"antwerpen","region":"flanders","areaKm2":7.76},"geometry":{"type":"Polygon","coordinates":[[[4.35563,51.13432],[4.34909,51.13234],[4.34855,51.13343],[4.34047,51.1309],[4.33391,51.12968],[4.32599,51.1299],[4.32262,51.13118],[4.32042,51.1295],[4.31291,51.1265],[4.30683,51.1248],[4.30743,51.12071],[4.31102,51.11765],[4.31213,51.11525],[4.31907,51.11562],[4.32192,51.1147],[4.32675,51.11495],[4.33052,51.11608],[4.33596,51.11555],[4.3416,51.11405],[4.35375,51.11395],[4.3556,51.11445],[4.36612,51.11311],[4.37102,51.11545],[4.37663,51.11675],[4.37439,51.12039],[4.36981,51.12263],[4.36902,51.12563],[4.36504,51.13136],[4.35563,51.13432]]]}},{"type":"Feature","id":"11039","bbox":[4.529409,51.219762,4.633142,51.295651],"properties":{"nis":"11039","name":"Schilde","nameNl":"Schilde","nameFr":"Schilde","nameDe":"Schilde","province":"antwerpen","region":"flanders","areaKm2":35.97},"geometry":{"type":"Polygon","coordinates":[[[4.54785,51.27563],[4.5446,51.27469],[4.54456,51.26722],[4.54636,51.26232],[4.54358,51.25977],[4.53831,51.25247],[4.53796,51.24915],[4.53598,51.24646],[4.52941,51.2423],[4.53154,51.23886],[4.53838,51.24022],[4.53733,51.2369],[4.54075,51.23554],[4.54441,51.23253],[4.54485,51.229],[4.55309,51.23141],[4.54909,51.224],[4.54613,51.22003],[4.55526,51.22292],[4.56226,51.22135],[4.5734,51.22047],[4.57837,51.22238],[4.58331,51.22315],[4.5906,51.22658],[4.59223,51.22579],[4.60196,51.2277],[4.60262,51.22873],[4.60757,51.2289],[4.61152,51.23151],[4.61552,51.2361],[4.62006,51.24117],[4.61541,51.24573],[4.61588,51.24708],[4.61471,51.25268],[4.60768,51.25385],[4.62938,51.28606],[4.63314,51.29387],[4.62053,51.29565],[4.61894,51.29326],[4.59991,51.29211],[4.60141,51.28226],[4.5884,51.28176],[4.58704,51.29091],[4.58637,51.29207],[4.58379,51.28858],[4.58169,51.28766],[4.57689,51.28764],[4.57024,51.28514],[4.55295,51.27589],[4.54785,51.27563]]]}},{"type":"Feature","id":"11040","bbox":[4.4549,51.235556,4.552975,51.304158],"properties":{"nis":"11040","name":"Schoten","nameNl":"Schoten","nameFr":"Schoten","nameDe":"Schoten","province":"antwerpen","region":"flanders","areaKm2":29.46},"geometry":{"type":"Polygon","coordinates":[[[4.4607,51.26868],[4.46293,51.26686],[4.46405,51.2605],[4.46375,51.25389],[4.46624,51.25004],[4.45936,51.24757],[4.45604,51.24569],[4.4549,51.24225],[4.45745,51.23826],[4.4604,51.23759],[4.46704,51.23861],[4.47206,51.23707],[4.47804,51.23735],[4.47994,51.2382],[4.48544,51.23897],[4.49566,51.23724],[4.49624,51.23808],[4.50017,51.23654],[4.50685,51.23562],[4.51396,51.23792],[4.5153,51.23722],[4.52215,51.23978],[4.52847,51.24138],[4.52941,51.2423],[4.53598,51.24646],[4.53796,51.24915],[4.53831,51.25247],[4.54358,51.25977],[4.54636,51.26232],[4.54456,51.26722],[4.5446,51.27469],[4.54785,51.27563],[4.54551,51.27971],[4.54106,51.28293],[4.54881,51.28804],[4.55297,51.28982],[4.54912,51.30416],[4.53899,51.30245],[4.53054,51.29721],[4.52751,51.29621],[4.51717,51.2896],[4.50752,51.28616],[4.49803,51.28356],[4.49001,51.27937],[4.49,51.27788],[4.48609,51.27497],[4.47969,51.27184],[4.47225,51.27135],[4.46492,51.26887],[4.4607,51.26868]]]}},{"type":"Feature","id":"11044","bbox":[4.326172,51.297085,4.417152,51.35669],"properties":{"nis":"11044","name":"Stabroek","nameNl":"Stabroek","nameFr":"Stabroek","nameDe":"Stabroek","province":"antwerpen","region":"flanders","areaKm2":21.37},"geometry":{"type":"Polygon","coordinates":[[[4.41693,51.30676],[4.41286,51.3094],[4.39172,51.33051],[4.40605,51.33787],[4.40197,51.34221],[4.39868,51.34747],[4.39673,51.35329],[4.39468,51.35585],[4.38457,51.35437],[4.38414,51.35526],[4.37865,51.35495],[4.3699,51.35669],[4.36817,51.35607],[4.32872,51.33724],[4.33013,51.33502],[4.33913,51.33575],[4.34725,51.3303],[4.34953,51.32538],[4.35038,51.3255],[4.35199,51.31873],[4.35489,51.31659],[4.35574,51.31368],[4.35979,51.31023],[4.39745,51.29709],[4.40237,51.29851],[4.40458,51.30002],[4.41049,51.30213],[4.41001,51.30307],[4.41693,51.30676]]]}},{"type":"Feature","id":"11050","bbox":[4.479944,51.215857,4.553086,51.242305],"properties":{"nis":"11050","name":"Wijnegem","nameNl":"Wijnegem","nameFr":"Wijnegem","nameDe":"Wijnegem","province":"antwerpen","region":"flanders","areaKm2":7.85},"geometry":{"type":"Polygon","coordinates":[[[4.47994,51.2382],[4.48236,51.23773],[4.48742,51.23456],[4.486,51.23292],[4.48394,51.22556],[4.48893,51.22677],[4.49635,51.22763],[4.49797,51.2213],[4.49535,51.21976],[4.49557,51.21634],[4.49928,51.21605],[4.5038,51.21825],[4.50656,51.2179],[4.51466,51.22193],[4.5203,51.22299],[4.52437,51.22181],[4.52764,51.22247],[4.5288,51.22145],[4.53341,51.22258],[4.54078,51.22191],[4.54613,51.22003],[4.54909,51.224],[4.55309,51.23141],[4.54485,51.229],[4.54441,51.23253],[4.54075,51.23554],[4.53733,51.2369],[4.53838,51.24022],[4.53154,51.23886],[4.52941,51.2423],[4.52847,51.24138],[4.52215,51.23978],[4.5153,51.23722],[4.51396,51.23792],[4.50685,51.23562],[4.50017,51.23654],[4.49624,51.23808],[4.49566,51.23724],[4.48544,51.23897],[4.47994,51.2382]]]}},{"type":"Feature","id":"11052","bbox":[4.4823,51.186621,4.562283,51.222999],"properties":{"nis":"11052","name":"Wommelgem","nameNl":"Wommelgem","nameFr":"Wommelgem","nameDe":"Wommelgem","province":"antwerpen","region":"flanders","areaKm2":12.94},"geometry":{"type":"Polygon","coordinates":[[[4.50905,51.18971],[4.51237,51.18936],[4.51257,51.1869],[4.51626,51.18728],[4.51666,51.18872],[4.52279,51.18858],[4.527,51.19049],[4.53008,51.19004],[4.53971,51.19425],[4.54011,51.19757],[4.54379,51.20183],[4.54005,51.20539],[4.53944,51.20853],[4.54415,51.20965],[4.55201,51.2102],[4.55072,51.21251],[4.55011,51.21703],[4.55338,51.21696],[4.55984,51.21841],[4.56226,51.22135],[4.55526,51.22292],[4.54613,51.22003],[4.54078,51.22191],[4.53341,51.22258],[4.5288,51.22145],[4.52764,51.22247],[4.52437,51.22181],[4.5203,51.22299],[4.51466,51.22193],[4.50656,51.2179],[4.5038,51.21825],[4.49928,51.21605],[4.49557,51.21634],[4.49054,51.21567],[4.48564,51.2137],[4.48311,51.21023],[4.48501,51.2093],[4.4855,51.20671],[4.48259,51.20372],[4.49088,51.1993],[4.49988,51.19589],[4.49981,51.19173],[4.5024,51.19171],[4.50212,51.1888],[4.50905,51.18971]]]}},{"type":"Feature","id":"11053","bbox":[4.5063,51.337575,4.716978,51.432849],"properties":{"nis":"11053","name":"Wuustwezel","nameNl":"Wuustwezel","nameFr":"Wuustwezel","nameDe":"Wuustwezel","province":"antwerpen","region":"flanders","areaKm2":89.18},"geometry":{"type":"Polygon","coordinates":[[[4.66969,51.42636],[4.66447,51.42616],[4.65642,51.42499],[4.65172,51.42689],[4.64677,51.42346],[4.64159,51.42254],[4.63747,51.42302],[4.63394,51.42507],[4.63009,51.42592],[4.59375,51.43054],[4.57473,51.43285],[4.53541,51.42303],[4.52645,51.41673],[4.52896,51.41393],[4.51889,51.40951],[4.50955,51.40295],[4.51089,51.40051],[4.51353,51.39901],[4.51595,51.39105],[4.51656,51.38679],[4.51038,51.38662],[4.51281,51.3846],[4.5167,51.38313],[4.51843,51.38066],[4.5201,51.37544],[4.51875,51.37446],[4.50694,51.3732],[4.5063,51.36152],[4.50723,51.35804],[4.519,51.35088],[4.54078,51.33757],[4.56633,51.36016],[4.58368,51.36508],[4.58474,51.36508],[4.60088,51.37034],[4.61595,51.37555],[4.62386,51.37734],[4.62926,51.3769],[4.64946,51.37305],[4.6541,51.37452],[4.66216,51.37469],[4.67081,51.37564],[4.71698,51.38235],[4.71453,51.39835],[4.71154,51.41048],[4.70526,51.41261],[4.66969,51.42636]]]}},{"type":"Feature","id":"11054","bbox":[4.622378,51.175112,4.74263,51.248561],"properties":{"nis":"11054","name":"Zandhoven","nameNl":"Zandhoven","nameFr":"Zandhoven","nameDe":"Zandhoven","province":"antwerpen","region":"flanders","areaKm2":39.95},"geometry":{"type":"Polygon","coordinates":[[[4.63611,51.17511],[4.65741,51.1809],[4.6643,51.18104],[4.67024,51.17936],[4.67214,51.1774],[4.67974,51.17902],[4.68369,51.17823],[4.68636,51.17645],[4.69445,51.17855],[4.69554,51.18195],[4.69338,51.18414],[4.69233,51.19103],[4.69404,51.19438],[4.70815,51.1954],[4.71227,51.19531],[4.71723,51.19829],[4.71631,51.20021],[4.719,51.20047],[4.71968,51.20491],[4.72327,51.20673],[4.72352,51.21071],[4.72984,51.21438],[4.73061,51.21575],[4.73242,51.21964],[4.72921,51.22114],[4.72638,51.22586],[4.72635,51.22912],[4.73004,51.23219],[4.73203,51.23731],[4.73262,51.24091],[4.73707,51.23965],[4.73864,51.23767],[4.74097,51.23962],[4.73971,51.24097],[4.74173,51.24211],[4.74214,51.245],[4.74147,51.24856],[4.7144,51.2432],[4.71543,51.24133],[4.7091,51.23987],[4.70397,51.23932],[4.69586,51.24058],[4.69542,51.24268],[4.68234,51.24168],[4.67671,51.24232],[4.67627,51.24315],[4.66997,51.24267],[4.66918,51.24105],[4.66501,51.24095],[4.66502,51.23936],[4.66088,51.23922],[4.66095,51.23764],[4.65813,51.23649],[4.65876,51.23508],[4.65447,51.2341],[4.65216,51.23183],[4.65202,51.22932],[4.64679,51.22375],[4.64387,51.21892],[4.64258,51.21728],[4.6329,51.21351],[4.63035,51.20991],[4.62343,51.20283],[4.62242,51.19998],[4.63019,51.19013],[4.62677,51.18465],[4.63051,51.18212],[4.63182,51.17864],[4.63611,51.17511]]]}},{"type":"Feature","id":"11055","bbox":[4.607686,51.218922,4.743348,51.293869],"properties":{"nis":"11055","name":"Zoersel","nameNl":"Zoersel","nameFr":"Zoersel","nameDe":"Zoersel","province":"antwerpen","region":"flanders","areaKm2":38.49},"geometry":{"type":"Polygon","coordinates":[[[4.61552,51.2361],[4.6198,51.2353],[4.62285,51.2326],[4.63231,51.22714],[4.63996,51.22015],[4.64387,51.21892],[4.64679,51.22375],[4.65202,51.22932],[4.65216,51.23183],[4.65447,51.2341],[4.65876,51.23508],[4.65813,51.23649],[4.66095,51.23764],[4.66088,51.23922],[4.66502,51.23936],[4.66501,51.24095],[4.66918,51.24105],[4.66997,51.24267],[4.67627,51.24315],[4.67671,51.24232],[4.68234,51.24168],[4.69542,51.24268],[4.69586,51.24058],[4.70397,51.23932],[4.7091,51.23987],[4.71543,51.24133],[4.7144,51.2432],[4.74147,51.24856],[4.74214,51.245],[4.74267,51.24527],[4.74215,51.25023],[4.73442,51.25452],[4.73581,51.25675],[4.73202,51.26012],[4.73288,51.26253],[4.72971,51.26452],[4.72705,51.26768],[4.72772,51.26961],[4.72428,51.27375],[4.72716,51.27609],[4.72458,51.27995],[4.7213,51.28121],[4.71964,51.28317],[4.71532,51.28576],[4.70888,51.2832],[4.69521,51.28081],[4.6783,51.27706],[4.65646,51.27602],[4.64469,51.2725],[4.64167,51.27715],[4.63433,51.2937],[4.63314,51.29387],[4.62938,51.28606],[4.60768,51.25385],[4.61471,51.25268],[4.61588,51.24708],[4.61541,51.24573],[4.62006,51.24117],[4.61552,51.2361]]]}},{"type":"Feature","id":"11057","bbox":[4.633685,51.242477,4.776651,51.326841],"properties":{"nis":"11057","name":"Malle","nameNl":"Malle","nameFr":"Malle","nameDe":"Malle","province":"antwerpen","region":"flanders","areaKm2":51.79},"geometry":{"type":"Polygon","coordinates":[[[4.63433,51.2937],[4.64167,51.27715],[4.64469,51.2725],[4.65646,51.27602],[4.6783,51.27706],[4.69521,51.28081],[4.70888,51.2832],[4.71532,51.28576],[4.71964,51.28317],[4.7213,51.28121],[4.72458,51.27995],[4.72716,51.27609],[4.72428,51.27375],[4.72772,51.26961],[4.72705,51.26768],[4.72971,51.26452],[4.73288,51.26253],[4.73202,51.26012],[4.73581,51.25675],[4.73442,51.25452],[4.74215,51.25023],[4.74267,51.24527],[4.74535,51.24261],[4.7479,51.24248],[4.75437,51.24754],[4.76131,51.25122],[4.77513,51.26783],[4.77431,51.26929],[4.77635,51.27315],[4.77508,51.27549],[4.77297,51.27594],[4.77194,51.27824],[4.77337,51.28192],[4.77046,51.2842],[4.7726,51.28554],[4.76904,51.28699],[4.76804,51.29023],[4.76964,51.29531],[4.7729,51.30036],[4.77587,51.31264],[4.71813,51.32684],[4.70597,51.3254],[4.68783,51.32222],[4.66942,51.31814],[4.65025,51.31285],[4.64212,51.30782],[4.63633,51.30198],[4.63369,51.29541],[4.63433,51.2937]]]}},{"type":"Feature","id":"12002","bbox":[4.60514,51.075207,4.700556,51.13521],"properties":{"nis":"12002","name":"Berlaar","nameNl":"Berlaar","nameFr":"Berlaar","nameDe":"Berlaar","province":"antwerpen","region":"flanders","areaKm2":24.4},"geometry":{"type":"Polygon","coordinates":[[[4.61524,51.13032],[4.61585,51.12846],[4.61256,51.12561],[4.61219,51.12224],[4.61615,51.11879],[4.61565,51.11682],[4.60514,51.11122],[4.60942,51.10879],[4.61214,51.10948],[4.6174,51.10877],[4.61717,51.10784],[4.62562,51.10694],[4.63378,51.09788],[4.6343,51.08791],[4.6373,51.08816],[4.64269,51.08657],[4.63966,51.08298],[4.63613,51.07688],[4.64699,51.07714],[4.65163,51.0765],[4.65458,51.07521],[4.65904,51.07686],[4.66043,51.07546],[4.66749,51.07703],[4.66644,51.07812],[4.66941,51.08043],[4.67321,51.08083],[4.67057,51.08731],[4.67301,51.08768],[4.67174,51.09175],[4.67646,51.09288],[4.67727,51.09517],[4.68174,51.09607],[4.68817,51.09582],[4.69051,51.09475],[4.69623,51.0979],[4.70056,51.10678],[4.69659,51.1112],[4.69586,51.11515],[4.6923,51.116],[4.69188,51.11745],[4.6869,51.11895],[4.68543,51.12054],[4.68802,51.12284],[4.6858,51.12603],[4.67746,51.12747],[4.67698,51.13165],[4.67234,51.13219],[4.66731,51.13503],[4.66475,51.13498],[4.65201,51.12766],[4.64732,51.12712],[4.64669,51.12555],[4.64363,51.12589],[4.64222,51.12779],[4.63538,51.12595],[4.63313,51.12444],[4.62967,51.12501],[4.62381,51.12854],[4.6183,51.12813],[4.61665,51.13064],[4.61524,51.13032]]]}},{"type":"Feature","id":"12005","bbox":[4.502819,50.990144,4.634709,51.046903],"properties":{"nis":"12005","name":"Bonheiden","nameNl":"Bonheiden","nameFr":"Bonheiden","nameDe":"Bonheiden","province":"antwerpen","region":"flanders","areaKm2":29.08},"geometry":{"type":"Polygon","coordinates":[[[4.54837,51.00277],[4.55162,51.00346],[4.56084,51.00071],[4.56519,51.00104],[4.56637,50.9996],[4.56251,50.99849],[4.56488,50.99579],[4.56772,50.99583],[4.56975,50.99378],[4.57295,50.99576],[4.56946,50.99628],[4.57091,50.9984],[4.57293,50.99809],[4.57448,50.99523],[4.57865,50.99611],[4.58163,50.99296],[4.57862,50.99212],[4.58415,50.99026],[4.58569,50.99147],[4.58819,50.99385],[4.59218,50.99336],[4.59698,50.99402],[4.59857,50.99285],[4.60072,50.99454],[4.59898,50.9953],[4.59854,50.99832],[4.60442,51.00033],[4.60569,51.01129],[4.61009,51.00999],[4.60989,51.01172],[4.6292,51.01043],[4.63029,51.01379],[4.63471,51.01721],[4.63124,51.02328],[4.63154,51.02563],[4.62565,51.02879],[4.62511,51.03135],[4.62166,51.03286],[4.61979,51.03239],[4.61243,51.03416],[4.61048,51.03289],[4.60477,51.03356],[4.60253,51.03457],[4.59687,51.03439],[4.59581,51.03097],[4.5928,51.02956],[4.59049,51.03032],[4.58899,51.02887],[4.58698,51.03048],[4.58118,51.03158],[4.57711,51.03576],[4.56882,51.03495],[4.56351,51.03565],[4.5665,51.04087],[4.563,51.04246],[4.56019,51.04134],[4.55977,51.04315],[4.55434,51.0416],[4.55332,51.04253],[4.54496,51.04298],[4.54471,51.04403],[4.53838,51.04414],[4.53494,51.04554],[4.53428,51.04425],[4.52981,51.0469],[4.51977,51.04486],[4.51577,51.04185],[4.51445,51.03702],[4.51558,51.03484],[4.51602,51.03395],[4.5095,51.03375],[4.50728,51.03201],[4.50779,51.03032],[4.50282,51.02847],[4.50765,51.02774],[4.50541,51.02531],[4.51128,51.02545],[4.51622,51.02294],[4.52014,51.02424],[4.52654,51.0228],[4.52831,51.02065],[4.53398,51.01971],[4.53616,51.01771],[4.53566,51.01564],[4.53732,51.01209],[4.54904,51.00513],[4.54837,51.00277]]]}},{"type":"Feature","id":"12007","bbox":[4.172419,51.058181,4.327865,51.124796],"properties":{"nis":"12007","name":"Bornem","nameNl":"Bornem","nameFr":"Bornem","nameDe":"Bornem","province":"antwerpen","region":"flanders","areaKm2":45.92},"geometry":{"type":"Polygon","coordinates":[[[4.19791,51.05818],[4.20116,51.06029],[4.21622,51.06095],[4.21765,51.05988],[4.22378,51.06056],[4.22777,51.06442],[4.23436,51.06742],[4.23461,51.07201],[4.24564,51.07634],[4.24594,51.07775],[4.24991,51.07834],[4.25456,51.07663],[4.25928,51.07745],[4.2613,51.07936],[4.25909,51.08105],[4.2624,51.08234],[4.26339,51.0805],[4.26628,51.08028],[4.27288,51.08121],[4.27768,51.08252],[4.28247,51.08549],[4.28597,51.08547],[4.28849,51.08276],[4.29239,51.08385],[4.29515,51.08279],[4.299,51.08388],[4.30043,51.08662],[4.30765,51.08829],[4.31041,51.09017],[4.30714,51.09194],[4.31152,51.09154],[4.31346,51.09362],[4.31647,51.09443],[4.31671,51.09587],[4.32091,51.09724],[4.32354,51.09952],[4.32786,51.10156],[4.32251,51.10414],[4.31084,51.10517],[4.308,51.1071],[4.30792,51.10931],[4.31213,51.11525],[4.31102,51.11765],[4.30743,51.12071],[4.30683,51.1248],[4.29768,51.12377],[4.28592,51.12375],[4.27786,51.1234],[4.27113,51.12161],[4.26323,51.11749],[4.25264,51.11611],[4.24961,51.11519],[4.24372,51.11498],[4.23872,51.11595],[4.23244,51.11871],[4.22524,51.12056],[4.21751,51.1215],[4.21289,51.12149],[4.20919,51.11982],[4.19593,51.10946],[4.18648,51.10504],[4.18161,51.10395],[4.17596,51.10141],[4.17281,51.09507],[4.17246,51.09151],[4.17407,51.08894],[4.17679,51.08746],[4.18195,51.08635],[4.18616,51.08434],[4.1885,51.08077],[4.18902,51.07489],[4.18653,51.06461],[4.18632,51.06155],[4.18909,51.05929],[4.19791,51.05818]]]}},{"type":"Feature","id":"12009","bbox":[4.464752,51.072574,4.575202,51.116926],"properties":{"nis":"12009","name":"Duffel","nameNl":"Duffel","nameFr":"Duffel","nameDe":"Duffel","province":"antwerpen","region":"flanders","areaKm2":22.5},"geometry":{"type":"Polygon","coordinates":[[[4.46543,51.09302],[4.46704,51.08966],[4.4707,51.08551],[4.47069,51.0844],[4.46635,51.08121],[4.46475,51.07897],[4.46817,51.07779],[4.47067,51.07308],[4.47517,51.0737],[4.47978,51.07671],[4.4877,51.07257],[4.493,51.0732],[4.49657,51.07524],[4.4999,51.07575],[4.50256,51.07945],[4.50555,51.07909],[4.5091,51.08077],[4.51477,51.08109],[4.5155,51.08432],[4.51879,51.08433],[4.52005,51.08667],[4.52432,51.08667],[4.52547,51.0879],[4.53525,51.08888],[4.54759,51.08176],[4.54845,51.0807],[4.55374,51.08366],[4.55162,51.08828],[4.55635,51.08844],[4.5585,51.08702],[4.56004,51.08801],[4.5654,51.08633],[4.57274,51.08563],[4.57518,51.08818],[4.57441,51.09175],[4.56808,51.09612],[4.56528,51.09725],[4.56778,51.09946],[4.56626,51.10179],[4.56972,51.10405],[4.56955,51.10556],[4.5641,51.10681],[4.56004,51.10919],[4.55696,51.11],[4.55342,51.11381],[4.54781,51.1138],[4.54282,51.11246],[4.53591,51.11161],[4.53487,51.11005],[4.52908,51.10895],[4.52283,51.1061],[4.52306,51.10114],[4.52113,51.10054],[4.51875,51.10311],[4.51694,51.10175],[4.50971,51.10106],[4.50808,51.10574],[4.51138,51.10753],[4.50775,51.11211],[4.50876,51.11384],[4.50699,51.11676],[4.50278,51.11622],[4.50061,51.11693],[4.48653,51.1157],[4.47969,51.11395],[4.47576,51.10982],[4.47291,51.10277],[4.4704,51.09982],[4.4732,51.09962],[4.47418,51.09672],[4.46543,51.09302]]]}},{"type":"Feature","id":"12014","bbox":[4.659026,50.998607,4.818234,51.12737],"properties":{"nis":"12014","name":"Heist-op-den-Berg","nameNl":"Heist-op-den-Berg","nameFr":"Heist-sur-la-Montagne","nameDe":"Heist-op-den-Berg","province":"antwerpen","region":"flanders","areaKm2":86.35},"geometry":{"type":"Polygon","coordinates":[[[4.6853,51.02398],[4.69065,51.01876],[4.69216,51.0163],[4.69776,51.01617],[4.70409,51.01529],[4.70949,51.01359],[4.6982,51.00158],[4.69536,50.99918],[4.69592,50.99861],[4.70339,50.99993],[4.70741,51.00516],[4.70968,51.01232],[4.73094,51.02],[4.73093,51.02444],[4.7381,51.02683],[4.74223,51.0258],[4.75312,51.02411],[4.75829,51.02329],[4.77509,51.03522],[4.78924,51.03894],[4.79026,51.04352],[4.7923,51.04358],[4.79051,51.04747],[4.79247,51.04832],[4.7959,51.05585],[4.79565,51.05804],[4.79307,51.06216],[4.79013,51.0623],[4.78126,51.06123],[4.77583,51.06332],[4.77448,51.06806],[4.76687,51.07034],[4.77005,51.07169],[4.77707,51.07821],[4.78018,51.08052],[4.78549,51.08179],[4.78979,51.07943],[4.80611,51.08652],[4.81049,51.08571],[4.81165,51.08858],[4.81486,51.09651],[4.8177,51.09836],[4.81823,51.10138],[4.81527,51.10172],[4.81665,51.10394],[4.81094,51.10542],[4.80851,51.1072],[4.80791,51.11091],[4.80118,51.11287],[4.80048,51.11478],[4.79659,51.11615],[4.79556,51.11799],[4.79089,51.11888],[4.78617,51.12271],[4.78587,51.12434],[4.77737,51.12632],[4.77472,51.12525],[4.7681,51.12512],[4.76648,51.12415],[4.76242,51.12488],[4.76027,51.12158],[4.76421,51.11976],[4.76133,51.11799],[4.76251,51.11574],[4.76111,51.1132],[4.75631,51.11212],[4.74948,51.11365],[4.74486,51.11639],[4.73512,51.11477],[4.73477,51.11759],[4.73157,51.11638],[4.72879,51.11992],[4.7205,51.1216],[4.7202,51.1238],[4.71739,51.1265],[4.71434,51.12598],[4.71197,51.12612],[4.70053,51.12377],[4.69786,51.1224],[4.69377,51.12399],[4.6897,51.12403],[4.68802,51.12284],[4.68543,51.12054],[4.6869,51.11895],[4.69188,51.11745],[4.6923,51.116],[4.69586,51.11515],[4.69659,51.1112],[4.70056,51.10678],[4.69623,51.0979],[4.69051,51.09475],[4.68817,51.09582],[4.68174,51.09607],[4.67727,51.09517],[4.67646,51.09288],[4.67174,51.09175],[4.67301,51.08768],[4.67057,51.08731],[4.67321,51.08083],[4.67736,51.08244],[4.68131,51.08091],[4.67804,51.07799],[4.68177,51.07747],[4.68328,51.07466],[4.68925,51.07279],[4.68851,51.07107],[4.68498,51.06912],[4.68525,51.06646],[4.68753,51.06539],[4.68172,51.06282],[4.68202,51.06009],[4.678,51.05701],[4.67708,51.0546],[4.68352,51.04805],[4.68251,51.04464],[4.67302,51.0445],[4.66574,51.04381],[4.66245,51.04294],[4.65972,51.03734],[4.65903,51.03331],[4.66063,51.03202],[4.66585,51.03194],[4.67176,51.02932],[4.6744,51.02985],[4.67569,51.02701],[4.68485,51.02895],[4.6853,51.02398]]]}},{"type":"Feature","id":"12021","bbox":[4.505846,51.072673,4.643025,51.165781],"properties":{"nis":"12021","name":"Lier","nameNl":"Lier","nameFr":"Lierre","nameDe":"Lier","province":"antwerpen","region":"flanders","areaKm2":49.67},"geometry":{"type":"Polygon","coordinates":[[[4.56488,51.16578],[4.55941,51.16458],[4.55796,51.16264],[4.55258,51.16392],[4.54056,51.16284],[4.5375,51.16323],[4.53927,51.15899],[4.53849,51.15768],[4.53328,51.15851],[4.52798,51.15827],[4.52547,51.1594],[4.52377,51.15809],[4.52653,51.15408],[4.52687,51.1493],[4.5235,51.14726],[4.5217,51.14749],[4.52162,51.14288],[4.52425,51.14154],[4.53233,51.13198],[4.52727,51.12961],[4.52243,51.12792],[4.52328,51.12605],[4.52013,51.12346],[4.51877,51.1243],[4.50585,51.11822],[4.50699,51.11676],[4.50876,51.11384],[4.50775,51.11211],[4.51138,51.10753],[4.50808,51.10574],[4.50971,51.10106],[4.51694,51.10175],[4.51875,51.10311],[4.52113,51.10054],[4.52306,51.10114],[4.52283,51.1061],[4.52908,51.10895],[4.53487,51.11005],[4.53591,51.11161],[4.54282,51.11246],[4.54781,51.1138],[4.55342,51.11381],[4.55696,51.11],[4.56004,51.10919],[4.5641,51.10681],[4.56955,51.10556],[4.56972,51.10405],[4.56626,51.10179],[4.56778,51.09946],[4.56528,51.09725],[4.56808,51.09612],[4.57441,51.09175],[4.57518,51.08818],[4.57274,51.08563],[4.5654,51.08633],[4.56004,51.08801],[4.5585,51.08702],[4.55635,51.08844],[4.55162,51.08828],[4.55374,51.08366],[4.54845,51.0807],[4.56251,51.07468],[4.56553,51.07673],[4.57472,51.07558],[4.57575,51.07407],[4.58116,51.07589],[4.58802,51.07911],[4.59169,51.08163],[4.59433,51.081],[4.59994,51.07526],[4.60716,51.07799],[4.61114,51.08074],[4.61231,51.08687],[4.61799,51.0851],[4.62492,51.08197],[4.62132,51.07795],[4.6319,51.07267],[4.63613,51.07688],[4.63966,51.08298],[4.64269,51.08657],[4.6373,51.08816],[4.6343,51.08791],[4.63378,51.09788],[4.62562,51.10694],[4.61717,51.10784],[4.6174,51.10877],[4.61214,51.10948],[4.60942,51.10879],[4.60514,51.11122],[4.61565,51.11682],[4.61615,51.11879],[4.61219,51.12224],[4.61256,51.12561],[4.61585,51.12846],[4.61524,51.13032],[4.61225,51.13142],[4.61116,51.13417],[4.60705,51.13541],[4.60376,51.13899],[4.60048,51.13929],[4.60101,51.14226],[4.60344,51.14416],[4.60207,51.14797],[4.60206,51.15168],[4.59719,51.15275],[4.60119,51.15303],[4.60117,51.15488],[4.5975,51.15505],[4.59534,51.15314],[4.59288,51.15322],[4.58582,51.15021],[4.57901,51.14829],[4.57257,51.15121],[4.57008,51.15362],[4.57242,51.15491],[4.56895,51.15735],[4.56488,51.16578]]]}},{"type":"Feature","id":"12025","bbox":[4.370082,50.990969,4.549041,51.078564],"properties":{"nis":"12025","name":"Mechelen","nameNl":"Mechelen","nameFr":"Malines","nameDe":"Mecheln","province":"antwerpen","region":"flanders","areaKm2":65.55},"geometry":{"type":"Polygon","coordinates":[[[4.46731,51.07293],[4.4612,51.07397],[4.45214,51.07165],[4.44626,51.07256],[4.44072,51.07783],[4.43737,51.07856],[4.4319,51.07734],[4.42881,51.07485],[4.42268,51.07341],[4.41986,51.07359],[4.42556,51.06756],[4.42544,51.06542],[4.42143,51.06286],[4.41891,51.05947],[4.41764,51.06092],[4.41032,51.06152],[4.40926,51.05994],[4.40585,51.06188],[4.40013,51.06079],[4.39932,51.05579],[4.39353,51.0542],[4.39142,51.05202],[4.39528,51.05187],[4.39452,51.0506],[4.40221,51.04844],[4.40123,51.04705],[4.39527,51.04691],[4.39192,51.04396],[4.38654,51.04218],[4.38027,51.04664],[4.37589,51.04538],[4.3788,51.04305],[4.37874,51.04054],[4.37678,51.03831],[4.37329,51.03768],[4.37367,51.03577],[4.37944,51.03314],[4.38116,51.02939],[4.37988,51.02644],[4.37319,51.02238],[4.37178,51.01907],[4.37195,51.01556],[4.37008,51.01517],[4.37129,51.01221],[4.37486,51.01272],[4.38318,51.01192],[4.38318,51.01192],[4.38648,51.01057],[4.39029,51.01069],[4.38986,51.00575],[4.39072,51.00314],[4.39347,51.00321],[4.39451,51.00052],[4.39167,50.99937],[4.39228,50.99746],[4.39542,50.99567],[4.40304,50.99947],[4.4094,50.99806],[4.41056,50.99985],[4.41769,50.9995],[4.41822,50.99594],[4.42102,50.99522],[4.4228,50.99768],[4.42601,50.99931],[4.42703,50.99836],[4.43317,51.00105],[4.44907,51.00424],[4.45373,51.00597],[4.45589,51.00255],[4.46018,51.00025],[4.46163,50.99688],[4.46559,50.9933],[4.46919,50.99495],[4.47516,50.99164],[4.47725,50.99231],[4.48007,50.99097],[4.48153,50.99341],[4.48935,50.99619],[4.48623,51.00547],[4.49171,51.00931],[4.49404,51.00803],[4.5287,50.99227],[4.53191,50.99466],[4.53065,50.99749],[4.53351,50.997],[4.53757,50.99955],[4.53985,50.99793],[4.54425,51.00211],[4.54837,51.00277],[4.54904,51.00513],[4.53732,51.01209],[4.53566,51.01564],[4.53616,51.01771],[4.53398,51.01971],[4.52831,51.02065],[4.52654,51.0228],[4.52014,51.02424],[4.51622,51.02294],[4.51128,51.02545],[4.50541,51.02531],[4.50765,51.02774],[4.50282,51.02847],[4.50779,51.03032],[4.50728,51.03201],[4.5095,51.03375],[4.51602,51.03395],[4.51558,51.03484],[4.51108,51.03464],[4.51171,51.0357],[4.50781,51.04039],[4.50738,51.03888],[4.50393,51.03805],[4.50254,51.04019],[4.49594,51.04106],[4.49823,51.04414],[4.49279,51.04739],[4.48905,51.05175],[4.48801,51.05141],[4.48233,51.05432],[4.47544,51.05258],[4.47282,51.0529],[4.46664,51.04957],[4.46305,51.05584],[4.4672,51.06138],[4.46281,51.06467],[4.4669,51.06633],[4.46381,51.07207],[4.46731,51.07293]]]}},{"type":"Feature","id":"12026","bbox":[4.597189,51.122398,4.72026,51.18108],"properties":{"nis":"12026","name":"Nijlen","nameNl":"Nijlen","nameFr":"Nijlen","nameDe":"Nijlen","province":"antwerpen","region":"flanders","areaKm2":39.06},"geometry":{"type":"Polygon","coordinates":[[[4.69445,51.17855],[4.68636,51.17645],[4.68369,51.17823],[4.67974,51.17902],[4.67214,51.1774],[4.67024,51.17936],[4.6643,51.18104],[4.65741,51.1809],[4.63611,51.17511],[4.6337,51.17372],[4.62785,51.16544],[4.62253,51.16375],[4.62164,51.16246],[4.61736,51.16143],[4.61497,51.15945],[4.60384,51.15627],[4.60117,51.15488],[4.60119,51.15303],[4.59719,51.15275],[4.60206,51.15168],[4.60207,51.14797],[4.60344,51.14416],[4.60101,51.14226],[4.60048,51.13929],[4.60376,51.13899],[4.60705,51.13541],[4.61116,51.13417],[4.61225,51.13142],[4.61524,51.13032],[4.61665,51.13064],[4.6183,51.12813],[4.62381,51.12854],[4.62967,51.12501],[4.63313,51.12444],[4.63538,51.12595],[4.64222,51.12779],[4.64363,51.12589],[4.64669,51.12555],[4.64732,51.12712],[4.65201,51.12766],[4.66475,51.13498],[4.66731,51.13503],[4.67234,51.13219],[4.67698,51.13165],[4.67746,51.12747],[4.6858,51.12603],[4.68802,51.12284],[4.6897,51.12403],[4.69377,51.12399],[4.69786,51.1224],[4.70053,51.12377],[4.71197,51.12612],[4.71434,51.12598],[4.71411,51.13076],[4.72011,51.14683],[4.72026,51.15065],[4.7175,51.15184],[4.71481,51.15529],[4.71364,51.15996],[4.70945,51.16496],[4.70662,51.1715],[4.70232,51.17441],[4.70152,51.1776],[4.69509,51.17674],[4.69445,51.17855]]]}},{"type":"Feature","id":"12029","bbox":[4.563511,51.017211,4.689247,51.086871],"properties":{"nis":"12029","name":"Putte","nameNl":"Putte","nameFr":"Putte","nameDe":"Putte","province":"antwerpen","region":"flanders","areaKm2":35.05},"geometry":{"type":"Polygon","coordinates":[[[4.67321,51.08083],[4.66941,51.08043],[4.66644,51.07812],[4.66749,51.07703],[4.66043,51.07546],[4.65904,51.07686],[4.65458,51.07521],[4.65163,51.0765],[4.64699,51.07714],[4.63613,51.07688],[4.6319,51.07267],[4.62132,51.07795],[4.62492,51.08197],[4.61799,51.0851],[4.61231,51.08687],[4.61114,51.08074],[4.60716,51.07799],[4.59994,51.07526],[4.60407,51.07161],[4.60789,51.0702],[4.60511,51.06776],[4.60701,51.06716],[4.6044,51.06454],[4.60874,51.06275],[4.60553,51.05995],[4.60887,51.05553],[4.60429,51.05392],[4.60278,51.05433],[4.59944,51.0521],[4.59474,51.05024],[4.58764,51.0494],[4.58318,51.04666],[4.57703,51.04717],[4.57239,51.04499],[4.57293,51.04183],[4.57062,51.04045],[4.5665,51.04087],[4.56351,51.03565],[4.56882,51.03495],[4.57711,51.03576],[4.58118,51.03158],[4.58698,51.03048],[4.58899,51.02887],[4.59049,51.03032],[4.5928,51.02956],[4.59581,51.03097],[4.59687,51.03439],[4.60253,51.03457],[4.60477,51.03356],[4.61048,51.03289],[4.61243,51.03416],[4.61979,51.03239],[4.62166,51.03286],[4.62511,51.03135],[4.62565,51.02879],[4.63154,51.02563],[4.63124,51.02328],[4.63471,51.01721],[4.64827,51.01973],[4.65465,51.01974],[4.66173,51.01874],[4.67031,51.02005],[4.6853,51.02398],[4.68485,51.02895],[4.67569,51.02701],[4.6744,51.02985],[4.67176,51.02932],[4.66585,51.03194],[4.66063,51.03202],[4.65903,51.03331],[4.65972,51.03734],[4.66245,51.04294],[4.66574,51.04381],[4.67302,51.0445],[4.68251,51.04464],[4.68352,51.04805],[4.67708,51.0546],[4.678,51.05701],[4.68202,51.06009],[4.68172,51.06282],[4.68753,51.06539],[4.68525,51.06646],[4.68498,51.06912],[4.68851,51.07107],[4.68925,51.07279],[4.68328,51.07466],[4.68177,51.07747],[4.67804,51.07799],[4.68131,51.08091],[4.67736,51.08244],[4.67321,51.08083]]]}},{"type":"Feature","id":"12035","bbox":[4.462809,51.034639,4.608867,51.089787],"properties":{"nis":"12035","name":"Sint-Katelijne-Waver","nameNl":"Sint-Katelijne-Waver","nameFr":"Wavre-Sainte-Catherine","nameDe":"Sint-Katelijne-Waver","province":"antwerpen","region":"flanders","areaKm2":36.03},"geometry":{"type":"Polygon","coordinates":[[[4.59994,51.07526],[4.59433,51.081],[4.59169,51.08163],[4.58802,51.07911],[4.58116,51.07589],[4.57575,51.07407],[4.57472,51.07558],[4.56553,51.07673],[4.56251,51.07468],[4.54845,51.0807],[4.54759,51.08176],[4.53525,51.08888],[4.52547,51.0879],[4.52432,51.08667],[4.52005,51.08667],[4.51879,51.08433],[4.5155,51.08432],[4.51477,51.08109],[4.5091,51.08077],[4.50555,51.07909],[4.50256,51.07945],[4.4999,51.07575],[4.49657,51.07524],[4.493,51.0732],[4.4877,51.07257],[4.47978,51.07671],[4.47517,51.0737],[4.47067,51.07308],[4.46731,51.07293],[4.46381,51.07207],[4.4669,51.06633],[4.46281,51.06467],[4.4672,51.06138],[4.46305,51.05584],[4.46664,51.04957],[4.47282,51.0529],[4.47544,51.05258],[4.48233,51.05432],[4.48801,51.05141],[4.48905,51.05175],[4.49279,51.04739],[4.49823,51.04414],[4.49594,51.04106],[4.50254,51.04019],[4.50393,51.03805],[4.50738,51.03888],[4.50781,51.04039],[4.51171,51.0357],[4.51108,51.03464],[4.51558,51.03484],[4.51445,51.03702],[4.51577,51.04185],[4.51977,51.04486],[4.52981,51.0469],[4.53428,51.04425],[4.53494,51.04554],[4.53838,51.04414],[4.54471,51.04403],[4.54496,51.04298],[4.55332,51.04253],[4.55434,51.0416],[4.55977,51.04315],[4.56019,51.04134],[4.563,51.04246],[4.5665,51.04087],[4.57062,51.04045],[4.57293,51.04183],[4.57239,51.04499],[4.57703,51.04717],[4.58318,51.04666],[4.58764,51.0494],[4.59474,51.05024],[4.59944,51.0521],[4.60278,51.05433],[4.60429,51.05392],[4.60887,51.05553],[4.60553,51.05995],[4.60874,51.06275],[4.6044,51.06454],[4.60701,51.06716],[4.60511,51.06776],[4.60789,51.0702],[4.60407,51.07161],[4.59994,51.07526]]]}},{"type":"Feature","id":"12040","bbox":[4.322847,51.01638,4.425561,51.084413],"properties":{"nis":"12040","name":"Willebroek","nameNl":"Willebroek","nameFr":"Willebroek","nameDe":"Willebroek","province":"antwerpen","region":"flanders","areaKm2":27.25},"geometry":{"type":"Polygon","coordinates":[[[4.41986,51.07359],[4.41635,51.07759],[4.41081,51.07915],[4.40622,51.07765],[4.4033,51.07541],[4.40004,51.07492],[4.39515,51.07627],[4.38519,51.08065],[4.38158,51.08158],[4.37118,51.08215],[4.36026,51.08441],[4.35874,51.08248],[4.35011,51.07772],[4.3464,51.07399],[4.33955,51.05988],[4.32285,51.02671],[4.33194,51.02603],[4.34724,51.02684],[4.34868,51.02353],[4.34224,51.01959],[4.34392,51.01689],[4.34867,51.01883],[4.35168,51.01721],[4.3574,51.01638],[4.36222,51.018],[4.36154,51.01964],[4.36278,51.02251],[4.36916,51.02589],[4.37573,51.02772],[4.37259,51.0294],[4.37472,51.0309],[4.38116,51.02939],[4.37944,51.03314],[4.37367,51.03577],[4.37329,51.03768],[4.37678,51.03831],[4.37874,51.04054],[4.3788,51.04305],[4.37589,51.04538],[4.38027,51.04664],[4.38654,51.04218],[4.39192,51.04396],[4.39527,51.04691],[4.40123,51.04705],[4.40221,51.04844],[4.39452,51.0506],[4.39528,51.05187],[4.39142,51.05202],[4.39353,51.0542],[4.39932,51.05579],[4.40013,51.06079],[4.40585,51.06188],[4.40926,51.05994],[4.41032,51.06152],[4.41764,51.06092],[4.41891,51.05947],[4.42143,51.06286],[4.42544,51.06542],[4.42556,51.06756],[4.41986,51.07359]]]}},{"type":"Feature","id":"12041","bbox":[4.186987,51.026712,4.360264,51.101564],"properties":{"nis":"12041","name":"Puurs-Sint-Amands","nameNl":"Puurs-Sint-Amands","nameFr":"Puers-Saint-Amand","nameDe":"Puurs-Sint-Amands","province":"antwerpen","region":"flanders","areaKm2":48.98},"geometry":{"type":"Polygon","coordinates":[[[4.24112,51.03683],[4.24967,51.03437],[4.25294,51.03558],[4.26174,51.03613],[4.26529,51.0375],[4.26854,51.04231],[4.27467,51.04205],[4.28267,51.04244],[4.28327,51.03965],[4.28666,51.04052],[4.29373,51.04007],[4.2995,51.03899],[4.30512,51.03696],[4.30946,51.03645],[4.31186,51.03475],[4.31546,51.03003],[4.32285,51.02671],[4.33955,51.05988],[4.3464,51.07399],[4.35011,51.07772],[4.35874,51.08248],[4.36026,51.08441],[4.35425,51.0872],[4.34995,51.09165],[4.34023,51.0951],[4.33148,51.09912],[4.32786,51.10156],[4.32354,51.09952],[4.32091,51.09724],[4.31671,51.09587],[4.31647,51.09443],[4.31346,51.09362],[4.31152,51.09154],[4.30714,51.09194],[4.31041,51.09017],[4.30765,51.08829],[4.30043,51.08662],[4.299,51.08388],[4.29515,51.08279],[4.29239,51.08385],[4.28849,51.08276],[4.28597,51.08547],[4.28247,51.08549],[4.27768,51.08252],[4.27288,51.08121],[4.26628,51.08028],[4.26339,51.0805],[4.2624,51.08234],[4.25909,51.08105],[4.2613,51.07936],[4.25928,51.07745],[4.25456,51.07663],[4.24991,51.07834],[4.24594,51.07775],[4.24564,51.07634],[4.23461,51.07201],[4.23436,51.06742],[4.22777,51.06442],[4.22378,51.06056],[4.21765,51.05988],[4.21622,51.06095],[4.20116,51.06029],[4.19791,51.05818],[4.19912,51.05574],[4.19402,51.05092],[4.18811,51.04767],[4.18726,51.04456],[4.18998,51.03969],[4.19298,51.0403],[4.19298,51.0403],[4.19585,51.04012],[4.20663,51.03324],[4.21219,51.03351],[4.21349,51.03174],[4.21675,51.03367],[4.22423,51.03673],[4.22429,51.03855],[4.22886,51.03981],[4.23302,51.04332],[4.23502,51.04157],[4.23939,51.041],[4.24112,51.03683]]]}},{"type":"Feature","id":"13001","bbox":[5.029476,51.291238,5.140411,51.393486],"properties":{"nis":"13001","name":"Arendonk","nameNl":"Arendonk","nameFr":"Arendonk","nameDe":"Arendonk","province":"antwerpen","region":"flanders","areaKm2":54.8},"geometry":{"type":"Polygon","coordinates":[[[5.04402,51.35273],[5.02948,51.32541],[5.03984,51.30945],[5.04641,51.31091],[5.0506,51.30661],[5.0519,51.30348],[5.05462,51.30343],[5.05783,51.3012],[5.04969,51.29682],[5.06178,51.29774],[5.06865,51.29758],[5.08866,51.29554],[5.09743,51.29501],[5.11365,51.29497],[5.11911,51.29555],[5.14041,51.29124],[5.13435,51.3155],[5.13169,51.34704],[5.12455,51.35125],[5.1194,51.35564],[5.11656,51.36113],[5.07118,51.39349],[5.05382,51.37077],[5.04402,51.35273]]]}},{"type":"Feature","id":"13002","bbox":[4.835745,51.392824,4.952758,51.45563],"properties":{"nis":"13002","name":"Baarle-Hertog","nameNl":"Baarle-Hertog","nameFr":"Baerle-Duc","nameDe":"Baarle-Hertog","province":"antwerpen","region":"flanders","areaKm2":7.2},"geometry":{"type":"MultiPolygon","coordinates":[[[[4.92786,51.39544],[4.9287,51.39591],[4.9279,51.39974],[4.92443,51.39878],[4.92524,51.39665],[4.92786,51.39544]]],[[[4.84627,51.41286],[4.8509,51.41173],[4.85974,51.41132],[4.85983,51.41333],[4.85671,51.41269],[4.84982,51.4143],[4.84627,51.41286]]],[[[4.91383,51.39506],[4.91781,51.39684],[4.92464,51.39693],[4.92327,51.39855],[4.91612,51.39872],[4.91782,51.40051],[4.91016,51.40226],[4.90858,51.40461],[4.9098,51.40743],[4.9037,51.40996],[4.89991,51.41062],[4.90029,51.41252],[4.90319,51.41355],[4.89999,51.41467],[4.89744,51.41335],[4.8986,51.41193],[4.8944,51.41301],[4.88951,51.4155],[4.88588,51.41533],[4.88607,51.41663],[4.88293,51.41648],[4.87844,51.4141],[4.8778,51.41533],[4.87355,51.41475],[4.87289,51.41362],[4.86872,51.41289],[4.86625,51.41144],[4.86731,51.40912],[4.86902,51.40733],[4.87338,51.40617],[4.87499,51.40355],[4.87882,51.40373],[4.88446,51.39998],[4.8917,51.39965],[4.8931,51.40098],[4.8966,51.4011],[4.89964,51.39862],[4.89889,51.39749],[4.90488,51.39367],[4.90732,51.39282],[4.91179,51.39546],[4.91383,51.39506]]],[[[4.92727,51.40824],[4.93242,51.40606],[4.92855,51.40512],[4.9364,51.40534],[4.93579,51.4093],[4.93091,51.40799],[4.92727,51.40824]]],[[[4.94396,51.44365],[4.94988,51.44365],[4.94962,51.44532],[4.94591,51.44519],[4.94396,51.44365]]],[[[4.93327,51.44931],[4.9347,51.44748],[4.93908,51.44635],[4.94476,51.44778],[4.94808,51.44741],[4.94827,51.44903],[4.9524,51.45015],[4.95147,51.45371],[4.94943,51.45353],[4.95062,51.45165],[4.94763,51.45057],[4.93794,51.4504],[4.93327,51.44931]]],[[[4.93997,51.43612],[4.93904,51.43799],[4.93466,51.43855],[4.93427,51.44211],[4.93811,51.44188],[4.93812,51.44472],[4.93548,51.44428],[4.93555,51.44635],[4.93232,51.44325],[4.9287,51.4416],[4.9283,51.43855],[4.92579,51.44278],[4.92806,51.44362],[4.92373,51.44389],[4.92055,51.44595],[4.92237,51.44266],[4.91919,51.44067],[4.9212,51.4404],[4.9198,51.43808],[4.9212,51.4369],[4.91798,51.43522],[4.92524,51.43341],[4.92881,51.43051],[4.9336,51.43102],[4.93598,51.42947],[4.9397,51.43074],[4.93994,51.43412],[4.93625,51.43424],[4.93997,51.43612]],[[4.92267,51.44008],[4.92412,51.44186],[4.92475,51.43915],[4.92232,51.43768],[4.92267,51.44008]]]]}},{"type":"Feature","id":"13003","bbox":[5.088714,51.116115,5.262249,51.21141],"properties":{"nis":"13003","name":"Balen","nameNl":"Balen","nameFr":"Balen","nameDe":"Balen","province":"antwerpen","region":"flanders","areaKm2":72.73},"geometry":{"type":"Polygon","coordinates":[[[5.26098,51.14697],[5.26225,51.14863],[5.26134,51.15844],[5.26055,51.17595],[5.26096,51.18191],[5.26025,51.18381],[5.24792,51.19396],[5.23886,51.20098],[5.22832,51.20419],[5.22223,51.21111],[5.21718,51.21141],[5.21737,51.20674],[5.22643,51.19975],[5.22724,51.19173],[5.226,51.18602],[5.21876,51.18487],[5.20988,51.1853],[5.20108,51.18706],[5.19225,51.18733],[5.18349,51.18499],[5.1785,51.18211],[5.17941,51.18693],[5.18246,51.19057],[5.19585,51.19926],[5.19498,51.20266],[5.18855,51.20189],[5.18291,51.202],[5.18246,51.20402],[5.1791,51.20279],[5.16852,51.20163],[5.16085,51.20015],[5.16342,51.1975],[5.17144,51.19143],[5.1706,51.18854],[5.16394,51.18958],[5.15554,51.1896],[5.15633,51.1873],[5.14945,51.18712],[5.14587,51.18615],[5.14428,51.18717],[5.13503,51.18774],[5.13307,51.18881],[5.13446,51.18558],[5.12929,51.18497],[5.13313,51.18153],[5.13214,51.18127],[5.13409,51.17747],[5.12906,51.17403],[5.11767,51.16384],[5.11168,51.16293],[5.11147,51.16057],[5.10725,51.16033],[5.09962,51.15885],[5.09765,51.15636],[5.09192,51.15245],[5.08872,51.14706],[5.09275,51.14292],[5.09015,51.14043],[5.09213,51.14046],[5.09475,51.1369],[5.1011,51.13803],[5.10442,51.13785],[5.109,51.14128],[5.11573,51.14112],[5.12143,51.14227],[5.12485,51.13522],[5.12504,51.12817],[5.12346,51.12087],[5.12861,51.11885],[5.13022,51.11659],[5.13389,51.11796],[5.14207,51.11611],[5.1467,51.11725],[5.15132,51.11937],[5.15837,51.11864],[5.16005,51.11774],[5.16839,51.11939],[5.172,51.11774],[5.1807,51.1188],[5.18192,51.1182],[5.19923,51.12488],[5.20342,51.12935],[5.20583,51.13751],[5.20461,51.13961],[5.21215,51.14053],[5.22266,51.13905],[5.23035,51.13395],[5.23516,51.13264],[5.25283,51.14285],[5.2565,51.14715],[5.26098,51.14697]]]}},{"type":"Feature","id":"13004","bbox":[4.765498,51.273152,4.89596,51.344543],"properties":{"nis":"13004","name":"Beerse","nameNl":"Beerse","nameFr":"Beerse","nameDe":"Beerse","province":"antwerpen","region":"flanders","areaKm2":37.23},"geometry":{"type":"Polygon","coordinates":[[[4.83762,51.29237],[4.83721,51.29615],[4.83852,51.29854],[4.86741,51.30707],[4.87232,51.31466],[4.87091,51.31884],[4.87483,51.32114],[4.87469,51.32417],[4.87075,51.32718],[4.87688,51.32569],[4.8829,51.3267],[4.88827,51.3267],[4.88875,51.32583],[4.89596,51.33648],[4.85834,51.33944],[4.82781,51.34453],[4.80845,51.34452],[4.77587,51.31264],[4.7729,51.30036],[4.76964,51.29531],[4.76804,51.29023],[4.76904,51.28699],[4.7726,51.28554],[4.77046,51.2842],[4.77337,51.28192],[4.77194,51.27824],[4.77297,51.27594],[4.77508,51.27549],[4.77635,51.27315],[4.77762,51.27389],[4.77835,51.27807],[4.78079,51.28143],[4.78336,51.2811],[4.7853,51.28321],[4.7899,51.28249],[4.8018,51.28614],[4.81072,51.28824],[4.81481,51.2865],[4.82042,51.28534],[4.82218,51.28671],[4.83125,51.28368],[4.83245,51.2828],[4.83467,51.28451],[4.83762,51.29237]]]}},{"type":"Feature","id":"13006","bbox":[5.04985,51.21865,5.185561,51.269714],"properties":{"nis":"13006","name":"Dessel","nameNl":"Dessel","nameFr":"Dessel","nameDe":"Dessel","province":"antwerpen","region":"flanders","areaKm2":27.4},"geometry":{"type":"Polygon","coordinates":[[[5.15904,51.26971],[5.13044,51.26191],[5.12702,51.26007],[5.12376,51.25959],[5.12143,51.26086],[5.11682,51.26138],[5.11095,51.25896],[5.11033,51.25759],[5.09993,51.25455],[5.08651,51.24754],[5.07719,51.24871],[5.07188,51.24695],[5.07485,51.24523],[5.07165,51.23954],[5.06908,51.23875],[5.05621,51.22331],[5.04985,51.2192],[5.05344,51.21865],[5.06186,51.21969],[5.10597,51.22585],[5.10947,51.22942],[5.11276,51.22748],[5.1182,51.22552],[5.11975,51.22343],[5.12551,51.22164],[5.12752,51.22314],[5.13125,51.22243],[5.1368,51.2237],[5.13675,51.22446],[5.14375,51.22445],[5.14466,51.22762],[5.15325,51.22779],[5.15221,51.22537],[5.15978,51.2257],[5.16066,51.23081],[5.16424,51.23052],[5.16695,51.23459],[5.17623,51.23633],[5.17788,51.23991],[5.17747,51.24258],[5.18548,51.24492],[5.17104,51.24863],[5.15904,51.26971]]]}},{"type":"Feature","id":"13008","bbox":[4.894721,51.089258,5.077262,51.242616],"properties":{"nis":"13008","name":"Geel","nameNl":"Geel","nameFr":"Geel","nameDe":"Geel","province":"antwerpen","region":"flanders","areaKm2":109.75},"geometry":{"type":"Polygon","coordinates":[[[5.07669,51.15348],[5.07425,51.16502],[5.07726,51.16708],[5.07475,51.17147],[5.07208,51.17099],[5.06132,51.17354],[5.0625,51.17532],[5.0568,51.17415],[5.05303,51.17422],[5.05177,51.17602],[5.0469,51.17812],[5.04119,51.18566],[5.03537,51.19829],[5.04211,51.21849],[5.03595,51.22031],[5.0313,51.22072],[5.02569,51.22016],[5.02355,51.22316],[5.02928,51.24197],[5.02448,51.24128],[5.02261,51.24197],[5.02182,51.24036],[5.01462,51.23976],[5.0153,51.23853],[5.01147,51.23854],[5.01358,51.23493],[5.00754,51.23518],[5.00376,51.23179],[4.99746,51.23333],[4.98564,51.22841],[4.98365,51.22579],[4.98107,51.22486],[4.97897,51.22731],[4.9752,51.22069],[4.97194,51.21796],[4.96539,51.21579],[4.96093,51.21504],[4.95814,51.21554],[4.95289,51.21447],[4.94114,51.21044],[4.93293,51.20723],[4.92871,51.20612],[4.92194,51.20267],[4.91021,51.19898],[4.89884,51.19855],[4.89472,51.19686],[4.89854,51.19076],[4.90845,51.18505],[4.91721,51.1731],[4.92671,51.15891],[4.92516,51.15278],[4.92503,51.14911],[4.91644,51.14659],[4.90472,51.14711],[4.94744,51.13477],[4.94203,51.13364],[4.94241,51.1318],[4.94566,51.13021],[4.94624,51.12764],[4.93836,51.12733],[4.93963,51.1172],[4.94738,51.11914],[4.95027,51.11716],[4.94233,51.11329],[4.94723,51.10867],[4.94806,51.10679],[4.94444,51.1064],[4.94496,51.10497],[4.94038,51.10508],[4.93074,51.10186],[4.93775,51.09697],[4.93932,51.09516],[4.93842,51.09124],[4.94155,51.08981],[4.94257,51.08931],[4.94976,51.09078],[4.95075,51.09165],[4.95484,51.08963],[4.95506,51.09113],[4.95858,51.09214],[4.9644,51.08955],[4.97665,51.09696],[4.99081,51.10042],[4.9959,51.10644],[4.99796,51.11019],[5.00434,51.11116],[5.01169,51.11446],[5.01775,51.11508],[5.01889,51.11358],[5.02807,51.11597],[5.0223,51.13896],[5.01234,51.14317],[5.01119,51.1455],[5.01412,51.147],[5.01758,51.14709],[5.0303,51.14869],[5.03244,51.14986],[5.04084,51.14808],[5.0467,51.14844],[5.05376,51.14666],[5.05678,51.14686],[5.05736,51.14476],[5.06154,51.14293],[5.06221,51.14373],[5.07669,51.15348]]]}},{"type":"Feature","id":"13010","bbox":[4.692333,51.149524,4.793087,51.216251],"properties":{"nis":"13010","name":"Grobbendonk","nameNl":"Grobbendonk","nameFr":"Grobbendonk","nameDe":"Grobbendonk","province":"antwerpen","region":"flanders","areaKm2":28.3},"geometry":{"type":"Polygon","coordinates":[[[4.77564,51.1614],[4.78366,51.16386],[4.78593,51.16701],[4.78912,51.1684],[4.78738,51.17179],[4.79309,51.17284],[4.79245,51.17577],[4.78837,51.17643],[4.78378,51.17979],[4.78162,51.18036],[4.78467,51.18362],[4.7801,51.18628],[4.77376,51.18601],[4.76983,51.18945],[4.76672,51.19111],[4.76711,51.19232],[4.76297,51.19365],[4.7624,51.19598],[4.76698,51.19891],[4.75995,51.19907],[4.75938,51.2001],[4.75396,51.19951],[4.75357,51.20126],[4.75056,51.20172],[4.7466,51.20479],[4.74217,51.21104],[4.73906,51.21075],[4.73379,51.21625],[4.7314,51.21456],[4.73061,51.21575],[4.72984,51.21438],[4.72352,51.21071],[4.72327,51.20673],[4.71968,51.20491],[4.719,51.20047],[4.71631,51.20021],[4.71723,51.19829],[4.71227,51.19531],[4.70815,51.1954],[4.69404,51.19438],[4.69233,51.19103],[4.69338,51.18414],[4.69554,51.18195],[4.69445,51.17855],[4.69509,51.17674],[4.70152,51.1776],[4.70232,51.17441],[4.70662,51.1715],[4.70945,51.16496],[4.71364,51.15996],[4.71481,51.15529],[4.7175,51.15184],[4.72026,51.15065],[4.72328,51.15139],[4.73089,51.15119],[4.73477,51.15203],[4.7412,51.1496],[4.74539,51.15065],[4.74598,51.15507],[4.74975,51.1567],[4.74957,51.15894],[4.75358,51.15974],[4.75335,51.15627],[4.76132,51.15906],[4.76435,51.16461],[4.76839,51.16236],[4.77165,51.1623],[4.77463,51.16028],[4.77564,51.1614]]]}},{"type":"Feature","id":"13011","bbox":[4.775637,51.102983,4.882622,51.21591],"properties":{"nis":"13011","name":"Herentals","nameNl":"Herentals","nameFr":"Herentals","nameDe":"Herentals","province":"antwerpen","region":"flanders","areaKm2":47.74},"geometry":{"type":"Polygon","coordinates":[[[4.85035,51.13599],[4.85113,51.1373],[4.84831,51.13865],[4.85092,51.14233],[4.84464,51.14179],[4.84703,51.14483],[4.8407,51.14653],[4.84015,51.14837],[4.84187,51.15134],[4.84421,51.15162],[4.84318,51.15525],[4.84818,51.15736],[4.84813,51.15961],[4.85668,51.16104],[4.86072,51.16439],[4.86684,51.16608],[4.86634,51.1713],[4.86753,51.17705],[4.87224,51.17899],[4.8742,51.18119],[4.87435,51.18541],[4.87038,51.18488],[4.87127,51.18617],[4.86894,51.1904],[4.87123,51.19208],[4.88047,51.19581],[4.88232,51.19653],[4.87341,51.20097],[4.86316,51.20825],[4.86207,51.21262],[4.85833,51.21591],[4.84454,51.20932],[4.83938,51.20889],[4.83545,51.20695],[4.83258,51.20707],[4.82887,51.20728],[4.82944,51.20551],[4.82675,51.20591],[4.81894,51.20489],[4.81434,51.20522],[4.8136,51.20426],[4.79963,51.20203],[4.79599,51.20078],[4.7938,51.20113],[4.78962,51.19896],[4.79531,51.19385],[4.80021,51.18702],[4.79634,51.18453],[4.79486,51.18505],[4.78939,51.18294],[4.78748,51.18422],[4.78467,51.18362],[4.78162,51.18036],[4.78378,51.17979],[4.78837,51.17643],[4.79245,51.17577],[4.79309,51.17284],[4.78738,51.17179],[4.78912,51.1684],[4.78593,51.16701],[4.78366,51.16386],[4.77564,51.1614],[4.77644,51.15994],[4.77931,51.16056],[4.78144,51.15963],[4.79253,51.16191],[4.79431,51.16149],[4.80109,51.15582],[4.80285,51.1563],[4.80498,51.15411],[4.80545,51.15119],[4.8039,51.14861],[4.80962,51.14606],[4.81049,51.14343],[4.79996,51.13975],[4.79696,51.13272],[4.79076,51.12878],[4.78938,51.12651],[4.78587,51.12434],[4.78617,51.12271],[4.79089,51.11888],[4.79556,51.11799],[4.79659,51.11615],[4.80048,51.11478],[4.80118,51.11287],[4.80791,51.11091],[4.80851,51.1072],[4.81094,51.10542],[4.81665,51.10394],[4.82632,51.103],[4.83211,51.10705],[4.83207,51.11138],[4.83509,51.11293],[4.83536,51.1161],[4.84052,51.11671],[4.84196,51.11793],[4.84718,51.11867],[4.84788,51.11976],[4.84475,51.12068],[4.8444,51.12237],[4.84873,51.12329],[4.84615,51.1265],[4.8486,51.12773],[4.84375,51.13166],[4.84879,51.13135],[4.853,51.13327],[4.85035,51.13599]]]}},{"type":"Feature","id":"13012","bbox":[4.714113,51.111744,4.810493,51.164606],"properties":{"nis":"13012","name":"Herenthout","nameNl":"Herenthout","nameFr":"Herenthout","nameDe":"Herenthout","province":"antwerpen","region":"flanders","areaKm2":23.51},"geometry":{"type":"Polygon","coordinates":[[[4.71434,51.12598],[4.71739,51.1265],[4.7202,51.1238],[4.7205,51.1216],[4.72879,51.11992],[4.73157,51.11638],[4.73477,51.11759],[4.73512,51.11477],[4.74486,51.11639],[4.74948,51.11365],[4.75631,51.11212],[4.76111,51.1132],[4.76251,51.11574],[4.76133,51.11799],[4.76421,51.11976],[4.76027,51.12158],[4.76242,51.12488],[4.76648,51.12415],[4.7681,51.12512],[4.77472,51.12525],[4.77737,51.12632],[4.78587,51.12434],[4.78938,51.12651],[4.79076,51.12878],[4.79696,51.13272],[4.79996,51.13975],[4.81049,51.14343],[4.80962,51.14606],[4.8039,51.14861],[4.80545,51.15119],[4.80498,51.15411],[4.80285,51.1563],[4.80109,51.15582],[4.79431,51.16149],[4.79253,51.16191],[4.78144,51.15963],[4.77931,51.16056],[4.77644,51.15994],[4.77564,51.1614],[4.77463,51.16028],[4.77165,51.1623],[4.76839,51.16236],[4.76435,51.16461],[4.76132,51.15906],[4.75335,51.15627],[4.75358,51.15974],[4.74957,51.15894],[4.74975,51.1567],[4.74598,51.15507],[4.74539,51.15065],[4.7412,51.1496],[4.73477,51.15203],[4.73089,51.15119],[4.72328,51.15139],[4.72026,51.15065],[4.72011,51.14683],[4.71411,51.13076],[4.71434,51.12598]]]}},{"type":"Feature","id":"13013","bbox":[4.79901,51.01048,4.968925,51.091244],"properties":{"nis":"13013","name":"Herselt","nameNl":"Herselt","nameFr":"Herselt","nameDe":"Herselt","province":"antwerpen","region":"flanders","areaKm2":52.19},"geometry":{"type":"Polygon","coordinates":[[[4.94155,51.08981],[4.93842,51.09124],[4.93351,51.08964],[4.9305,51.0904],[4.92436,51.08923],[4.9217,51.08551],[4.91354,51.08105],[4.91298,51.07966],[4.90663,51.07978],[4.90084,51.07788],[4.89506,51.07866],[4.88954,51.07641],[4.88798,51.07752],[4.88551,51.07622],[4.88233,51.07733],[4.87869,51.07442],[4.8735,51.07239],[4.86488,51.07118],[4.8647,51.06942],[4.86665,51.06445],[4.86883,51.06228],[4.86081,51.05852],[4.85864,51.0569],[4.85153,51.05622],[4.83558,51.05265],[4.82815,51.05277],[4.82212,51.05503],[4.81846,51.05356],[4.81561,51.05475],[4.81424,51.05733],[4.81544,51.05872],[4.80466,51.05717],[4.80587,51.05362],[4.81005,51.05437],[4.81682,51.05233],[4.8139,51.04957],[4.81471,51.04798],[4.81134,51.04676],[4.81047,51.04427],[4.81213,51.04162],[4.81018,51.04072],[4.81097,51.03783],[4.8062,51.03645],[4.8065,51.03354],[4.8023,51.03283],[4.79901,51.02853],[4.80227,51.02804],[4.80582,51.02558],[4.80639,51.02154],[4.81121,51.01933],[4.8088,51.01806],[4.81102,51.01577],[4.80817,51.01369],[4.80981,51.01077],[4.81483,51.01121],[4.81712,51.01053],[4.82178,51.0126],[4.82579,51.01201],[4.83189,51.01266],[4.8434,51.01248],[4.85132,51.01698],[4.85803,51.01676],[4.86158,51.02082],[4.87256,51.02368],[4.87558,51.02327],[4.88225,51.01968],[4.88653,51.02176],[4.89307,51.02365],[4.89584,51.0225],[4.89854,51.02441],[4.90452,51.02587],[4.90322,51.02931],[4.90638,51.03214],[4.90916,51.03255],[4.91142,51.03516],[4.91829,51.03574],[4.92219,51.03717],[4.92658,51.03751],[4.92882,51.03667],[4.93229,51.03748],[4.93605,51.03636],[4.94403,51.03763],[4.94726,51.03727],[4.95382,51.03933],[4.95706,51.04242],[4.96651,51.04613],[4.96892,51.04718],[4.96812,51.05201],[4.96409,51.05322],[4.96404,51.05433],[4.95579,51.05532],[4.95266,51.05659],[4.9517,51.06373],[4.94875,51.06532],[4.94315,51.06615],[4.93909,51.06377],[4.93171,51.06287],[4.92852,51.06644],[4.93191,51.06988],[4.93582,51.07121],[4.93901,51.07472],[4.94362,51.07492],[4.94481,51.07748],[4.94849,51.07943],[4.94824,51.08594],[4.9458,51.08586],[4.93998,51.0876],[4.94155,51.08981]]]}},{"type":"Feature","id":"13014","bbox":[4.666586,51.375552,4.850905,51.505115],"properties":{"nis":"13014","name":"Hoogstraten","nameNl":"Hoogstraten","nameFr":"Hoogstraten","nameDe":"Hoogstraten","province":"antwerpen","region":"flanders","areaKm2":105.13},"geometry":{"type":"Polygon","coordinates":[[[4.84627,51.41286],[4.83933,51.41462],[4.82642,51.41364],[4.80352,51.41129],[4.7954,51.41019],[4.79221,51.41054],[4.78933,51.40899],[4.78613,51.4106],[4.78268,51.41101],[4.77805,51.41367],[4.77348,51.41347],[4.77116,51.41497],[4.76885,51.41873],[4.76936,51.42753],[4.76656,51.4305],[4.76897,51.42998],[4.77412,51.43164],[4.78657,51.43252],[4.78953,51.42957],[4.79155,51.42979],[4.79634,51.42828],[4.80029,51.42911],[4.80421,51.42785],[4.80567,51.42862],[4.80829,51.42644],[4.8129,51.42629],[4.82051,51.42379],[4.82141,51.42255],[4.82442,51.42311],[4.82645,51.42115],[4.8335,51.41977],[4.83649,51.41725],[4.84147,51.42244],[4.83759,51.42083],[4.83402,51.42048],[4.82817,51.4222],[4.82861,51.42375],[4.82495,51.43498],[4.82592,51.43604],[4.82336,51.44862],[4.82819,51.45134],[4.83525,51.45874],[4.83784,51.45611],[4.84135,51.45677],[4.84402,51.45907],[4.8384,51.46137],[4.83611,51.46124],[4.83718,51.46894],[4.83969,51.47281],[4.84033,51.47853],[4.84187,51.48073],[4.83765,51.48195],[4.82963,51.48175],[4.82114,51.48307],[4.8202,51.48601],[4.81741,51.48908],[4.81822,51.49105],[4.81657,51.49409],[4.80982,51.49596],[4.79896,51.49956],[4.79353,51.49959],[4.79257,51.49837],[4.78295,51.49959],[4.78095,51.50405],[4.77376,51.50511],[4.75994,51.50236],[4.75828,51.50014],[4.7527,51.49981],[4.74894,51.49668],[4.7496,51.49414],[4.74647,51.48944],[4.72915,51.48391],[4.72103,51.47445],[4.71599,51.47094],[4.71691,51.4689],[4.70325,51.46697],[4.70406,51.46547],[4.69935,51.46088],[4.69931,51.45997],[4.6931,51.45173],[4.68644,51.45127],[4.66659,51.4444],[4.66969,51.42636],[4.70526,51.41261],[4.71154,51.41048],[4.71453,51.39835],[4.71698,51.38235],[4.71818,51.37555],[4.72816,51.38407],[4.73673,51.38601],[4.74046,51.3856],[4.75606,51.38796],[4.76375,51.38694],[4.76914,51.38884],[4.77461,51.38598],[4.78898,51.38788],[4.78867,51.39131],[4.7904,51.39193],[4.79112,51.38845],[4.7927,51.38702],[4.80097,51.38741],[4.81095,51.38496],[4.81236,51.38566],[4.81798,51.38305],[4.82781,51.38127],[4.82956,51.38544],[4.83641,51.39422],[4.84144,51.39979],[4.8509,51.41173],[4.84627,51.41286]]]}},{"type":"Feature","id":"13016","bbox":[4.766866,51.02832,4.868825,51.088582],"properties":{"nis":"13016","name":"Hulshout","nameNl":"Hulshout","nameFr":"Hulshout","nameDe":"Hulshout","province":"antwerpen","region":"flanders","areaKm2":17.32},"geometry":{"type":"Polygon","coordinates":[[[4.86488,51.07118],[4.86252,51.07207],[4.85726,51.07011],[4.85242,51.07123],[4.84824,51.06895],[4.84087,51.0666],[4.83871,51.06655],[4.83541,51.0642],[4.83038,51.06389],[4.82988,51.0659],[4.83212,51.06882],[4.82993,51.07426],[4.82793,51.07593],[4.82446,51.07598],[4.82121,51.07461],[4.81538,51.07625],[4.81741,51.0878],[4.81165,51.08858],[4.81049,51.08571],[4.80611,51.08652],[4.78979,51.07943],[4.78549,51.08179],[4.78018,51.08052],[4.77707,51.07821],[4.77005,51.07169],[4.76687,51.07034],[4.77448,51.06806],[4.77583,51.06332],[4.78126,51.06123],[4.79013,51.0623],[4.79307,51.06216],[4.79565,51.05804],[4.7959,51.05585],[4.79247,51.04832],[4.79051,51.04747],[4.7923,51.04358],[4.79026,51.04352],[4.78924,51.03894],[4.79093,51.03753],[4.79414,51.03124],[4.79669,51.02832],[4.79901,51.02853],[4.8023,51.03283],[4.8065,51.03354],[4.8062,51.03645],[4.81097,51.03783],[4.81018,51.04072],[4.81213,51.04162],[4.81047,51.04427],[4.81134,51.04676],[4.81471,51.04798],[4.8139,51.04957],[4.81682,51.05233],[4.81005,51.05437],[4.80587,51.05362],[4.80466,51.05717],[4.81544,51.05872],[4.81424,51.05733],[4.81561,51.05475],[4.81846,51.05356],[4.82212,51.05503],[4.82815,51.05277],[4.83558,51.05265],[4.85153,51.05622],[4.85864,51.0569],[4.86081,51.05852],[4.86883,51.06228],[4.86665,51.06445],[4.8647,51.06942],[4.86488,51.07118]]]}},{"type":"Feature","id":"13017","bbox":[4.861775,51.194621,5.032247,51.286903],"properties":{"nis":"13017","name":"Kasterlee","nameNl":"Kasterlee","nameFr":"Kasterlee","nameDe":"Kasterlee","province":"antwerpen","region":"flanders","areaKm2":72.01},"geometry":{"type":"Polygon","coordinates":[[[4.86316,51.20825],[4.87341,51.20097],[4.88232,51.19653],[4.88047,51.19581],[4.884,51.19471],[4.88765,51.19646],[4.89472,51.19686],[4.89884,51.19855],[4.91021,51.19898],[4.92194,51.20267],[4.92871,51.20612],[4.93293,51.20723],[4.94114,51.21044],[4.95289,51.21447],[4.95814,51.21554],[4.96093,51.21504],[4.96539,51.21579],[4.97194,51.21796],[4.9752,51.22069],[4.97897,51.22731],[4.98107,51.22486],[4.98365,51.22579],[4.98564,51.22841],[4.99746,51.23333],[5.00376,51.23179],[5.00754,51.23518],[5.01358,51.23493],[5.01147,51.23854],[5.0153,51.23853],[5.01462,51.23976],[5.02182,51.24036],[5.02261,51.24197],[5.0268,51.24664],[5.02768,51.24905],[5.03202,51.25218],[5.03225,51.26248],[5.02655,51.26983],[5.01655,51.26993],[5.01899,51.27604],[5.01537,51.27815],[5.00724,51.28036],[5.00481,51.28258],[4.99495,51.28464],[4.99229,51.28455],[4.985,51.28279],[4.98095,51.28298],[4.97586,51.27943],[4.97397,51.27705],[4.97227,51.27794],[4.96807,51.27664],[4.96528,51.27714],[4.96254,51.27559],[4.95517,51.27482],[4.95059,51.26568],[4.95276,51.26436],[4.94899,51.2624],[4.94822,51.26347],[4.94413,51.26349],[4.94353,51.26475],[4.93718,51.26743],[4.93302,51.26365],[4.92997,51.26696],[4.93116,51.2683],[4.92975,51.27028],[4.91733,51.27773],[4.91527,51.28484],[4.91067,51.2869],[4.90701,51.28514],[4.90432,51.28117],[4.90095,51.2798],[4.89662,51.27331],[4.89411,51.27226],[4.89121,51.26881],[4.88734,51.26654],[4.88409,51.26682],[4.88125,51.26287],[4.88271,51.26073],[4.87983,51.25331],[4.87983,51.25099],[4.87558,51.24683],[4.87307,51.24682],[4.86305,51.24134],[4.86179,51.23989],[4.87032,51.23845],[4.87273,51.23873],[4.87275,51.23634],[4.86821,51.23198],[4.86807,51.22884],[4.87625,51.22085],[4.87705,51.21684],[4.87871,51.21543],[4.86316,51.20825]]]}},{"type":"Feature","id":"13019","bbox":[4.761311,51.206951,4.907292,51.298994],"properties":{"nis":"13019","name":"Lille","nameNl":"Lille","nameFr":"Lille","nameDe":"Lille","province":"antwerpen","region":"flanders","areaKm2":59.39},"geometry":{"type":"Polygon","coordinates":[[[4.90701,51.28514],[4.90525,51.28802],[4.90729,51.28968],[4.87452,51.29015],[4.87504,51.29197],[4.87138,51.29872],[4.86352,51.29585],[4.86012,51.29867],[4.83762,51.29237],[4.83467,51.28451],[4.83245,51.2828],[4.83125,51.28368],[4.82218,51.28671],[4.82042,51.28534],[4.81481,51.2865],[4.81072,51.28824],[4.8018,51.28614],[4.7899,51.28249],[4.7853,51.28321],[4.78336,51.2811],[4.78079,51.28143],[4.77835,51.27807],[4.77762,51.27389],[4.77635,51.27315],[4.77431,51.26929],[4.77513,51.26783],[4.76131,51.25122],[4.76944,51.24589],[4.77496,51.24459],[4.77673,51.24253],[4.77895,51.24358],[4.78726,51.23873],[4.79135,51.23567],[4.79355,51.2351],[4.79456,51.23142],[4.79942,51.22917],[4.79986,51.22524],[4.79841,51.22444],[4.80161,51.21737],[4.80188,51.21491],[4.80712,51.2147],[4.80852,51.21362],[4.81706,51.21637],[4.8212,51.2171],[4.83231,51.21562],[4.83421,51.21152],[4.83583,51.21055],[4.83258,51.20707],[4.83545,51.20695],[4.83938,51.20889],[4.84454,51.20932],[4.85833,51.21591],[4.86207,51.21262],[4.86316,51.20825],[4.87871,51.21543],[4.87705,51.21684],[4.87625,51.22085],[4.86807,51.22884],[4.86821,51.23198],[4.87275,51.23634],[4.87273,51.23873],[4.87032,51.23845],[4.86179,51.23989],[4.86305,51.24134],[4.87307,51.24682],[4.87558,51.24683],[4.87983,51.25099],[4.87983,51.25331],[4.88271,51.26073],[4.88125,51.26287],[4.88409,51.26682],[4.88734,51.26654],[4.89121,51.26881],[4.89411,51.27226],[4.89662,51.27331],[4.90095,51.2798],[4.90432,51.28117],[4.90701,51.28514]]]}},{"type":"Feature","id":"13021","bbox":[5.011195,51.093749,5.13022,51.159562],"properties":{"nis":"13021","name":"Meerhout","nameNl":"Meerhout","nameFr":"Meerhout","nameDe":"Meerhout","province":"antwerpen","region":"flanders","areaKm2":36.42},"geometry":{"type":"Polygon","coordinates":[[[5.13022,51.11659],[5.12861,51.11885],[5.12346,51.12087],[5.12504,51.12817],[5.12485,51.13522],[5.12143,51.14227],[5.11573,51.14112],[5.109,51.14128],[5.10442,51.13785],[5.1011,51.13803],[5.09475,51.1369],[5.09213,51.14046],[5.09015,51.14043],[5.09275,51.14292],[5.08872,51.14706],[5.09192,51.15245],[5.09765,51.15636],[5.09962,51.15885],[5.08571,51.15956],[5.08588,51.15785],[5.08014,51.15707],[5.07669,51.15348],[5.06221,51.14373],[5.06154,51.14293],[5.05736,51.14476],[5.05678,51.14686],[5.05376,51.14666],[5.0467,51.14844],[5.04084,51.14808],[5.03244,51.14986],[5.0303,51.14869],[5.01758,51.14709],[5.01412,51.147],[5.01119,51.1455],[5.01234,51.14317],[5.0223,51.13896],[5.02807,51.11597],[5.02923,51.11168],[5.02779,51.11148],[5.03028,51.10625],[5.03184,51.09887],[5.05226,51.10024],[5.05894,51.10108],[5.07194,51.10432],[5.07839,51.10326],[5.08092,51.10112],[5.09726,51.09438],[5.10038,51.09375],[5.10285,51.09654],[5.10849,51.09862],[5.11305,51.10194],[5.11845,51.10381],[5.12683,51.10834],[5.12984,51.11244],[5.13022,51.11659]]]}},{"type":"Feature","id":"13023","bbox":[4.808455,51.336483,4.933185,51.412331],"properties":{"nis":"13023","name":"Merksplas","nameNl":"Merksplas","nameFr":"Merksplas","nameDe":"Merksplas","province":"antwerpen","region":"flanders","areaKm2":44.48},"geometry":{"type":"Polygon","coordinates":[[[4.85974,51.41132],[4.8509,51.41173],[4.84144,51.39979],[4.83641,51.39422],[4.82956,51.38544],[4.82781,51.38127],[4.82691,51.38065],[4.82542,51.37319],[4.82332,51.36637],[4.82113,51.3661],[4.81595,51.36163],[4.8169,51.35042],[4.81336,51.34973],[4.81281,51.34713],[4.80845,51.34452],[4.82781,51.34453],[4.85834,51.33944],[4.89596,51.33648],[4.90104,51.34374],[4.91713,51.35544],[4.92631,51.3624],[4.93319,51.36715],[4.90511,51.39331],[4.90488,51.39367],[4.89889,51.39749],[4.89964,51.39862],[4.8966,51.4011],[4.8931,51.40098],[4.8917,51.39965],[4.88446,51.39998],[4.87882,51.40373],[4.87499,51.40355],[4.87338,51.40617],[4.86902,51.40733],[4.86731,51.40912],[4.86604,51.41002],[4.86052,51.41045],[4.85974,51.41132]]]}},{"type":"Feature","id":"13025","bbox":[5.035365,51.153481,5.242193,51.322662],"properties":{"nis":"13025","name":"Mol","nameNl":"Mol","nameFr":"Mol","nameDe":"Mol","province":"antwerpen","region":"flanders","areaKm2":114.09},"geometry":{"type":"Polygon","coordinates":[[[5.13435,51.3155],[5.14041,51.29124],[5.14753,51.29086],[5.15904,51.26971],[5.17104,51.24863],[5.18548,51.24492],[5.17747,51.24258],[5.17788,51.23991],[5.17623,51.23633],[5.16695,51.23459],[5.16424,51.23052],[5.16066,51.23081],[5.15978,51.2257],[5.15221,51.22537],[5.15325,51.22779],[5.14466,51.22762],[5.14375,51.22445],[5.13675,51.22446],[5.1368,51.2237],[5.13125,51.22243],[5.12752,51.22314],[5.12551,51.22164],[5.11975,51.22343],[5.1182,51.22552],[5.11276,51.22748],[5.10947,51.22942],[5.10597,51.22585],[5.06186,51.21969],[5.05344,51.21865],[5.04985,51.2192],[5.0489,51.21835],[5.04211,51.21849],[5.03537,51.19829],[5.04119,51.18566],[5.0469,51.17812],[5.05177,51.17602],[5.05303,51.17422],[5.0568,51.17415],[5.0625,51.17532],[5.06132,51.17354],[5.07208,51.17099],[5.07475,51.17147],[5.07726,51.16708],[5.07425,51.16502],[5.07669,51.15348],[5.08014,51.15707],[5.08588,51.15785],[5.08571,51.15956],[5.09962,51.15885],[5.10725,51.16033],[5.11147,51.16057],[5.11168,51.16293],[5.11767,51.16384],[5.12906,51.17403],[5.13409,51.17747],[5.13214,51.18127],[5.13313,51.18153],[5.12929,51.18497],[5.13446,51.18558],[5.13307,51.18881],[5.13503,51.18774],[5.14428,51.18717],[5.14587,51.18615],[5.14945,51.18712],[5.15633,51.1873],[5.15554,51.1896],[5.16394,51.18958],[5.1706,51.18854],[5.17144,51.19143],[5.16342,51.1975],[5.16085,51.20015],[5.16852,51.20163],[5.1791,51.20279],[5.18246,51.20402],[5.18291,51.202],[5.18855,51.20189],[5.19498,51.20266],[5.19585,51.19926],[5.18246,51.19057],[5.17941,51.18693],[5.1785,51.18211],[5.18349,51.18499],[5.19225,51.18733],[5.20108,51.18706],[5.20988,51.1853],[5.21876,51.18487],[5.226,51.18602],[5.22724,51.19173],[5.22643,51.19975],[5.21737,51.20674],[5.21718,51.21141],[5.21463,51.22073],[5.21606,51.24543],[5.21649,51.24729],[5.23716,51.2612],[5.23789,51.26136],[5.22597,51.26826],[5.23134,51.27968],[5.24219,51.30522],[5.20026,51.32266],[5.19657,51.32036],[5.19056,51.32007],[5.17306,51.31577],[5.16264,51.31032],[5.13435,51.3155]]]}},{"type":"Feature","id":"13029","bbox":[4.840145,51.13583,4.926734,51.196862],"properties":{"nis":"13029","name":"Olen","nameNl":"Olen","nameFr":"Olen","nameDe":"Olen","province":"antwerpen","region":"flanders","areaKm2":23.03},"geometry":{"type":"Polygon","coordinates":[[[4.85035,51.13599],[4.85995,51.13669],[4.86345,51.13639],[4.86587,51.13805],[4.86839,51.13753],[4.87737,51.14159],[4.88063,51.14107],[4.88544,51.14545],[4.89257,51.14416],[4.89406,51.14673],[4.89889,51.14532],[4.90092,51.1481],[4.90472,51.14711],[4.91644,51.14659],[4.92503,51.14911],[4.92516,51.15278],[4.92671,51.15891],[4.91721,51.1731],[4.90845,51.18505],[4.89854,51.19076],[4.89472,51.19686],[4.88765,51.19646],[4.884,51.19471],[4.88047,51.19581],[4.87123,51.19208],[4.86894,51.1904],[4.87127,51.18617],[4.87038,51.18488],[4.87435,51.18541],[4.8742,51.18119],[4.87224,51.17899],[4.86753,51.17705],[4.86634,51.1713],[4.86684,51.16608],[4.86072,51.16439],[4.85668,51.16104],[4.84813,51.15961],[4.84818,51.15736],[4.84318,51.15525],[4.84421,51.15162],[4.84187,51.15134],[4.84015,51.14837],[4.8407,51.14653],[4.84703,51.14483],[4.84464,51.14179],[4.85092,51.14233],[4.84831,51.13865],[4.85113,51.1373],[4.85035,51.13599]]]}},{"type":"Feature","id":"13031","bbox":[4.961884,51.276045,5.057831,51.363879],"properties":{"nis":"13031","name":"Oud-Turnhout","nameNl":"Oud-Turnhout","nameFr":"Vieux-Turnhout","nameDe":"Oud-Turnhout","province":"antwerpen","region":"flanders","areaKm2":39.07},"geometry":{"type":"Polygon","coordinates":[[[5.04969,51.29682],[5.05783,51.3012],[5.05462,51.30343],[5.0519,51.30348],[5.0506,51.30661],[5.04641,51.31091],[5.03984,51.30945],[5.02948,51.32541],[5.04402,51.35273],[5.02235,51.3549],[5.00263,51.35826],[4.98635,51.35425],[4.98153,51.35492],[4.97816,51.35675],[4.97539,51.35989],[4.97215,51.3607],[4.9741,51.3631],[4.96676,51.36388],[4.96531,51.36331],[4.96916,51.35289],[4.96625,51.35274],[4.96455,51.35117],[4.96522,51.34638],[4.96188,51.33858],[4.96792,51.33541],[4.97028,51.32998],[4.96662,51.32828],[4.96899,51.32365],[4.96841,51.31769],[4.96667,51.31448],[4.96842,51.31452],[4.9686,51.31109],[4.97171,51.31041],[4.97035,51.30663],[4.97322,51.30369],[4.97564,51.30353],[4.9731,51.30007],[4.97077,51.29939],[4.97505,51.2935],[4.98003,51.29377],[4.98491,51.29042],[4.98182,51.28782],[4.98095,51.28298],[4.985,51.28279],[4.99229,51.28455],[4.99495,51.28464],[5.00481,51.28258],[5.00724,51.28036],[5.01537,51.27815],[5.01899,51.27604],[5.02039,51.27918],[5.02645,51.2834],[5.0274,51.28774],[5.02871,51.28887],[5.03765,51.29265],[5.03567,51.29483],[5.04969,51.29682]]]}},{"type":"Feature","id":"13035","bbox":[4.927857,51.352726,5.104573,51.487258],"properties":{"nis":"13035","name":"Ravels","nameNl":"Ravels","nameFr":"Ravels","nameDe":"Ravels","province":"antwerpen","region":"flanders","areaKm2":94.79},"geometry":{"type":"Polygon","coordinates":[[[4.9287,51.39591],[4.92786,51.39544],[4.9738,51.38286],[4.9816,51.37867],[4.9741,51.3631],[4.97215,51.3607],[4.97539,51.35989],[4.97816,51.35675],[4.98153,51.35492],[4.98635,51.35425],[5.00263,51.35826],[5.02235,51.3549],[5.04402,51.35273],[5.05382,51.37077],[5.07118,51.39349],[5.09274,51.41946],[5.10457,51.43135],[5.08118,51.46784],[5.07897,51.47152],[5.07232,51.4711],[5.04577,51.47111],[5.04315,51.47518],[5.03789,51.47935],[5.04021,51.48653],[5.03315,51.48719],[5.03195,51.48566],[5.02228,51.48178],[5.0166,51.47518],[5.01105,51.47245],[5.00725,51.46435],[5.01079,51.45922],[5.00979,51.45712],[5.01052,51.45393],[5.00549,51.451],[5.00466,51.44507],[4.99806,51.44035],[4.97803,51.43014],[4.96322,51.42229],[4.9287,51.39591]]]}},{"type":"Feature","id":"13036","bbox":[5.016282,51.21819,5.15907,51.297739],"properties":{"nis":"13036","name":"Retie","nameNl":"Retie","nameFr":"Retie","nameDe":"Retie","province":"antwerpen","region":"flanders","areaKm2":48.46},"geometry":{"type":"Polygon","coordinates":[[[5.14041,51.29124],[5.11911,51.29555],[5.11365,51.29497],[5.09743,51.29501],[5.08866,51.29554],[5.06865,51.29758],[5.06178,51.29774],[5.04969,51.29682],[5.03567,51.29483],[5.03765,51.29265],[5.02871,51.28887],[5.0274,51.28774],[5.02645,51.2834],[5.02039,51.27918],[5.01899,51.27604],[5.01655,51.26993],[5.02655,51.26983],[5.03225,51.26248],[5.03202,51.25218],[5.02768,51.24905],[5.0268,51.24664],[5.02261,51.24197],[5.02448,51.24128],[5.02928,51.24197],[5.02355,51.22316],[5.02569,51.22016],[5.0313,51.22072],[5.03595,51.22031],[5.04211,51.21849],[5.0489,51.21835],[5.04985,51.2192],[5.05621,51.22331],[5.06908,51.23875],[5.07165,51.23954],[5.07485,51.24523],[5.07188,51.24695],[5.07719,51.24871],[5.08651,51.24754],[5.09993,51.25455],[5.11033,51.25759],[5.11095,51.25896],[5.11682,51.26138],[5.12143,51.26086],[5.12376,51.25959],[5.12702,51.26007],[5.13044,51.26191],[5.15904,51.26971],[5.14753,51.29086],[5.14041,51.29124]]]}},{"type":"Feature","id":"13037","bbox":[4.717251,51.312638,4.827814,51.392658],"properties":{"nis":"13037","name":"Rijkevorsel","nameNl":"Rijkevorsel","nameFr":"Rijkevorsel","nameDe":"Rijkevorsel","province":"antwerpen","region":"flanders","areaKm2":46.67},"geometry":{"type":"Polygon","coordinates":[[[4.71818,51.37555],[4.72193,51.36414],[4.72358,51.35743],[4.72074,51.34346],[4.71956,51.34349],[4.71725,51.32787],[4.71813,51.32684],[4.77587,51.31264],[4.80845,51.34452],[4.81281,51.34713],[4.81336,51.34973],[4.8169,51.35042],[4.81595,51.36163],[4.82113,51.3661],[4.82332,51.36637],[4.82542,51.37319],[4.82691,51.38065],[4.82781,51.38127],[4.81798,51.38305],[4.81236,51.38566],[4.81095,51.38496],[4.80097,51.38741],[4.7927,51.38702],[4.79112,51.38845],[4.7904,51.39193],[4.78867,51.39131],[4.78898,51.38788],[4.77461,51.38598],[4.76914,51.38884],[4.76375,51.38694],[4.75606,51.38796],[4.74046,51.3856],[4.73673,51.38601],[4.72816,51.38407],[4.71818,51.37555]]]}},{"type":"Feature","id":"13040","bbox":[4.888747,51.262404,4.984935,51.395459],"properties":{"nis":"13040","name":"Turnhout","nameNl":"Turnhout","nameFr":"Turnhout","nameDe":"Turnhout","province":"antwerpen","region":"flanders","areaKm2":56.44},"geometry":{"type":"Polygon","coordinates":[[[4.98095,51.28298],[4.98182,51.28782],[4.98491,51.29042],[4.98003,51.29377],[4.97505,51.2935],[4.97077,51.29939],[4.9731,51.30007],[4.97564,51.30353],[4.97322,51.30369],[4.97035,51.30663],[4.97171,51.31041],[4.9686,51.31109],[4.96842,51.31452],[4.96667,51.31448],[4.96841,51.31769],[4.96899,51.32365],[4.96662,51.32828],[4.97028,51.32998],[4.96792,51.33541],[4.96188,51.33858],[4.96522,51.34638],[4.96455,51.35117],[4.96625,51.35274],[4.96916,51.35289],[4.96531,51.36331],[4.96676,51.36388],[4.9741,51.3631],[4.9816,51.37867],[4.9738,51.38286],[4.92786,51.39544],[4.92095,51.39369],[4.91383,51.39506],[4.91179,51.39546],[4.90732,51.39282],[4.90488,51.39367],[4.90511,51.39331],[4.93319,51.36715],[4.92631,51.3624],[4.91713,51.35544],[4.90104,51.34374],[4.89596,51.33648],[4.88875,51.32583],[4.89211,51.32478],[4.89112,51.321],[4.89616,51.32127],[4.89894,51.32296],[4.90139,51.3221],[4.90195,51.31844],[4.90542,51.3183],[4.91092,51.31587],[4.90864,51.31419],[4.90745,51.30941],[4.91009,51.30805],[4.9112,51.30484],[4.91433,51.30293],[4.91146,51.2995],[4.90935,51.29503],[4.9117,51.29021],[4.91067,51.2869],[4.91527,51.28484],[4.91733,51.27773],[4.92975,51.27028],[4.93116,51.2683],[4.92997,51.26696],[4.93302,51.26365],[4.93718,51.26743],[4.94353,51.26475],[4.94413,51.26349],[4.94822,51.26347],[4.94899,51.2624],[4.95276,51.26436],[4.95059,51.26568],[4.95517,51.27482],[4.96254,51.27559],[4.96528,51.27714],[4.96807,51.27664],[4.97227,51.27794],[4.97397,51.27705],[4.97586,51.27943],[4.98095,51.28298]]]}},{"type":"Feature","id":"13044","bbox":[4.726132,51.182876,4.835834,51.251216],"properties":{"nis":"13044","name":"Vorselaar","nameNl":"Vorselaar","nameFr":"Vorselaar","nameDe":"Vorselaar","province":"antwerpen","region":"flanders","areaKm2":27.53},"geometry":{"type":"Polygon","coordinates":[[[4.76131,51.25122],[4.75437,51.24754],[4.7479,51.24248],[4.74535,51.24261],[4.74267,51.24527],[4.74214,51.245],[4.74173,51.24211],[4.73971,51.24097],[4.74097,51.23962],[4.73864,51.23767],[4.73707,51.23965],[4.73262,51.24091],[4.73203,51.23731],[4.73004,51.23219],[4.72635,51.22912],[4.72638,51.22586],[4.72921,51.22114],[4.73242,51.21964],[4.73061,51.21575],[4.7314,51.21456],[4.73379,51.21625],[4.73906,51.21075],[4.74217,51.21104],[4.7466,51.20479],[4.75056,51.20172],[4.75357,51.20126],[4.75396,51.19951],[4.75938,51.2001],[4.75995,51.19907],[4.76698,51.19891],[4.7624,51.19598],[4.76297,51.19365],[4.76711,51.19232],[4.76672,51.19111],[4.76983,51.18945],[4.77376,51.18601],[4.7801,51.18628],[4.78467,51.18362],[4.78748,51.18422],[4.78939,51.18294],[4.79486,51.18505],[4.79634,51.18453],[4.80021,51.18702],[4.79531,51.19385],[4.78962,51.19896],[4.7938,51.20113],[4.79599,51.20078],[4.79963,51.20203],[4.8136,51.20426],[4.81434,51.20522],[4.81894,51.20489],[4.82675,51.20591],[4.82944,51.20551],[4.82887,51.20728],[4.83258,51.20707],[4.83583,51.21055],[4.83421,51.21152],[4.83231,51.21562],[4.8212,51.2171],[4.81706,51.21637],[4.80852,51.21362],[4.80712,51.2147],[4.80188,51.21491],[4.80161,51.21737],[4.79841,51.22444],[4.79986,51.22524],[4.79942,51.22917],[4.79456,51.23142],[4.79355,51.2351],[4.79135,51.23567],[4.78726,51.23873],[4.77895,51.24358],[4.77673,51.24253],[4.77496,51.24459],[4.76944,51.24589],[4.76131,51.25122]]]}},{"type":"Feature","id":"13046","bbox":[4.837206,51.285021,4.914362,51.327181],"properties":{"nis":"13046","name":"Vosselaar","nameNl":"Vosselaar","nameFr":"Vosselaar","nameDe":"Vosselaar","province":"antwerpen","region":"flanders","areaKm2":11.79},"geometry":{"type":"Polygon","coordinates":[[[4.91067,51.2869],[4.9117,51.29021],[4.90935,51.29503],[4.91146,51.2995],[4.91433,51.30293],[4.9112,51.30484],[4.91009,51.30805],[4.90745,51.30941],[4.90864,51.31419],[4.91092,51.31587],[4.90542,51.3183],[4.90195,51.31844],[4.90139,51.3221],[4.89894,51.32296],[4.89616,51.32127],[4.89112,51.321],[4.89211,51.32478],[4.88875,51.32583],[4.88827,51.3267],[4.8829,51.3267],[4.87688,51.32569],[4.87075,51.32718],[4.87469,51.32417],[4.87483,51.32114],[4.87091,51.31884],[4.87232,51.31466],[4.86741,51.30707],[4.83852,51.29854],[4.83721,51.29615],[4.83762,51.29237],[4.86012,51.29867],[4.86352,51.29585],[4.87138,51.29872],[4.87504,51.29197],[4.87452,51.29015],[4.90729,51.28968],[4.90525,51.28802],[4.90701,51.28514],[4.91067,51.2869]]]}},{"type":"Feature","id":"13049","bbox":[4.811651,51.063825,4.950272,51.148101],"properties":{"nis":"13049","name":"Westerlo","nameNl":"Westerlo","nameFr":"Westerlo","nameDe":"Westerlo","province":"antwerpen","region":"flanders","areaKm2":55.28},"geometry":{"type":"Polygon","coordinates":[[[4.86488,51.07118],[4.8735,51.07239],[4.87869,51.07442],[4.88233,51.07733],[4.88551,51.07622],[4.88798,51.07752],[4.88954,51.07641],[4.89506,51.07866],[4.90084,51.07788],[4.90663,51.07978],[4.91298,51.07966],[4.91354,51.08105],[4.9217,51.08551],[4.92436,51.08923],[4.9305,51.0904],[4.93351,51.08964],[4.93842,51.09124],[4.93932,51.09516],[4.93775,51.09697],[4.93074,51.10186],[4.94038,51.10508],[4.94496,51.10497],[4.94444,51.1064],[4.94806,51.10679],[4.94723,51.10867],[4.94233,51.11329],[4.95027,51.11716],[4.94738,51.11914],[4.93963,51.1172],[4.93836,51.12733],[4.94624,51.12764],[4.94566,51.13021],[4.94241,51.1318],[4.94203,51.13364],[4.94744,51.13477],[4.90472,51.14711],[4.90092,51.1481],[4.89889,51.14532],[4.89406,51.14673],[4.89257,51.14416],[4.88544,51.14545],[4.88063,51.14107],[4.87737,51.14159],[4.86839,51.13753],[4.86587,51.13805],[4.86345,51.13639],[4.85995,51.13669],[4.85035,51.13599],[4.853,51.13327],[4.84879,51.13135],[4.84375,51.13166],[4.8486,51.12773],[4.84615,51.1265],[4.84873,51.12329],[4.8444,51.12237],[4.84475,51.12068],[4.84788,51.11976],[4.84718,51.11867],[4.84196,51.11793],[4.84052,51.11671],[4.83536,51.1161],[4.83509,51.11293],[4.83207,51.11138],[4.83211,51.10705],[4.82632,51.103],[4.81665,51.10394],[4.81527,51.10172],[4.81823,51.10138],[4.8177,51.09836],[4.81486,51.09651],[4.81165,51.08858],[4.81741,51.0878],[4.81538,51.07625],[4.82121,51.07461],[4.82446,51.07598],[4.82793,51.07593],[4.82993,51.07426],[4.83212,51.06882],[4.82988,51.0659],[4.83038,51.06389],[4.83541,51.0642],[4.83871,51.06655],[4.84087,51.0666],[4.84824,51.06895],[4.85242,51.07123],[4.85726,51.07011],[4.86252,51.07207],[4.86488,51.07118]]]}},{"type":"Feature","id":"13053","bbox":[4.928518,51.034881,5.100376,51.115972],"properties":{"nis":"13053","name":"Laakdal","nameNl":"Laakdal","nameFr":"Laakdal","nameDe":"Laakdal","province":"antwerpen","region":"flanders","areaKm2":42.29},"geometry":{"type":"Polygon","coordinates":[[[5.10038,51.09375],[5.09726,51.09438],[5.08092,51.10112],[5.07839,51.10326],[5.07194,51.10432],[5.05894,51.10108],[5.05226,51.10024],[5.03184,51.09887],[5.03028,51.10625],[5.02779,51.11148],[5.02923,51.11168],[5.02807,51.11597],[5.01889,51.11358],[5.01775,51.11508],[5.01169,51.11446],[5.00434,51.11116],[4.99796,51.11019],[4.9959,51.10644],[4.99081,51.10042],[4.97665,51.09696],[4.9644,51.08955],[4.95858,51.09214],[4.95506,51.09113],[4.95484,51.08963],[4.95075,51.09165],[4.94976,51.09078],[4.94257,51.08931],[4.94155,51.08981],[4.93998,51.0876],[4.9458,51.08586],[4.94824,51.08594],[4.94849,51.07943],[4.94481,51.07748],[4.94362,51.07492],[4.93901,51.07472],[4.93582,51.07121],[4.93191,51.06988],[4.92852,51.06644],[4.93171,51.06287],[4.93909,51.06377],[4.94315,51.06615],[4.94875,51.06532],[4.9517,51.06373],[4.95266,51.05659],[4.95579,51.05532],[4.96404,51.05433],[4.96409,51.05322],[4.96812,51.05201],[4.96892,51.04718],[4.96651,51.04613],[4.96984,51.03893],[4.97152,51.0369],[4.9811,51.0391],[4.98045,51.03579],[4.9816,51.03488],[4.99787,51.05417],[4.99729,51.05614],[5.00869,51.05737],[5.00919,51.06326],[5.01226,51.06886],[5.01072,51.07387],[5.01536,51.07422],[5.02131,51.07303],[5.02669,51.07311],[5.02834,51.07406],[5.03492,51.07374],[5.03827,51.07562],[5.04197,51.07535],[5.04586,51.07674],[5.04932,51.07633],[5.05225,51.07776],[5.05498,51.07736],[5.05671,51.07899],[5.06199,51.0796],[5.06328,51.08102],[5.08688,51.08355],[5.08841,51.08462],[5.09425,51.08546],[5.09614,51.08733],[5.09714,51.0909],[5.10038,51.09375]]]}},{"type":"Feature","id":"23002","bbox":[4.138976,50.873444,4.301142,50.944459],"properties":{"nis":"23002","name":"Asse","nameNl":"Asse","nameFr":"Asse","nameDe":"Asse","province":"vlaams-brabant","region":"flanders","areaKm2":50.03},"geometry":{"type":"Polygon","coordinates":[[[4.28862,50.87344],[4.29153,50.87528],[4.29821,50.87898],[4.29821,50.8821],[4.29705,50.88504],[4.29461,50.88613],[4.29376,50.88904],[4.30094,50.89056],[4.29576,50.89438],[4.29246,50.89912],[4.29422,50.90024],[4.29218,50.90418],[4.28868,50.9078],[4.27781,50.91289],[4.27337,50.91144],[4.269,50.90894],[4.26475,50.91101],[4.27074,50.91257],[4.26938,50.91447],[4.26363,50.91277],[4.24794,50.92105],[4.24231,50.92071],[4.23842,50.92389],[4.23909,50.92866],[4.23294,50.92783],[4.23021,50.92924],[4.22674,50.93403],[4.22757,50.93722],[4.226,50.93949],[4.22609,50.94343],[4.22385,50.94446],[4.22151,50.94259],[4.21902,50.94327],[4.21721,50.94197],[4.21474,50.9429],[4.20892,50.93864],[4.20795,50.9359],[4.20232,50.93439],[4.1981,50.93867],[4.19401,50.93645],[4.1915,50.93682],[4.18702,50.94088],[4.18405,50.94265],[4.18087,50.93995],[4.17528,50.93928],[4.17222,50.93771],[4.17379,50.93648],[4.17086,50.9328],[4.16713,50.93492],[4.16245,50.93231],[4.15676,50.92823],[4.15294,50.92895],[4.15313,50.92344],[4.14484,50.92538],[4.14274,50.92385],[4.14376,50.92064],[4.13994,50.91966],[4.13897,50.91697],[4.14112,50.91605],[4.14628,50.91613],[4.14958,50.91303],[4.14247,50.91044],[4.14132,50.90918],[4.14414,50.90674],[4.14535,50.90171],[4.14786,50.89871],[4.147,50.89679],[4.15049,50.89209],[4.14914,50.88866],[4.15298,50.88795],[4.15854,50.88497],[4.15975,50.88629],[4.16374,50.88617],[4.16662,50.88723],[4.17406,50.88837],[4.17629,50.88974],[4.1851,50.88453],[4.18783,50.88539],[4.1908,50.88756],[4.19569,50.88826],[4.20514,50.88836],[4.21255,50.88629],[4.21491,50.88669],[4.21934,50.89019],[4.22485,50.89076],[4.22494,50.88927],[4.229,50.88869],[4.22721,50.88595],[4.23347,50.8841],[4.23935,50.8831],[4.24345,50.87845],[4.24634,50.88027],[4.24682,50.88232],[4.25203,50.88272],[4.25752,50.8815],[4.26096,50.88258],[4.26833,50.8825],[4.27967,50.87832],[4.28393,50.87546],[4.28862,50.87344]]]}},{"type":"Feature","id":"23003","bbox":[4.256793,50.713417,4.355992,50.782117],"properties":{"nis":"23003","name":"Beersel","nameNl":"Beersel","nameFr":"Beersel","nameDe":"Beersel","province":"vlaams-brabant","region":"flanders","areaKm2":30.29},"geometry":{"type":"Polygon","coordinates":[[[4.35599,50.75712],[4.35217,50.75626],[4.34482,50.76022],[4.34183,50.76006],[4.33825,50.76204],[4.33812,50.7633],[4.33092,50.76657],[4.32735,50.76909],[4.32476,50.7676],[4.32198,50.76944],[4.32493,50.77052],[4.32202,50.77503],[4.32348,50.77548],[4.32239,50.77803],[4.32571,50.7797],[4.3137,50.78004],[4.3078,50.78212],[4.30883,50.78093],[4.30374,50.77426],[4.3006,50.77462],[4.29475,50.77353],[4.29192,50.77591],[4.28073,50.7788],[4.27359,50.78105],[4.26801,50.77424],[4.26492,50.77205],[4.25679,50.76784],[4.25919,50.76536],[4.26561,50.76193],[4.26476,50.76011],[4.26074,50.75741],[4.26153,50.75625],[4.25916,50.75329],[4.25988,50.75179],[4.26861,50.7459],[4.26784,50.74532],[4.2705,50.74082],[4.27806,50.73381],[4.2739,50.72859],[4.27852,50.72565],[4.2843,50.72467],[4.28362,50.7234],[4.28074,50.7241],[4.27966,50.72237],[4.27329,50.72451],[4.27174,50.72144],[4.27301,50.72052],[4.2816,50.71939],[4.28543,50.72335],[4.2867,50.72353],[4.28898,50.72052],[4.29211,50.72099],[4.29507,50.72006],[4.3007,50.71496],[4.30861,50.71344],[4.31099,50.71363],[4.31284,50.71547],[4.31372,50.72027],[4.32158,50.71978],[4.3212,50.72781],[4.32298,50.73068],[4.3258,50.73264],[4.3228,50.73504],[4.32331,50.73608],[4.32972,50.73831],[4.33186,50.74019],[4.33542,50.74088],[4.33739,50.73928],[4.34098,50.73956],[4.33951,50.74151],[4.34137,50.74236],[4.33967,50.74421],[4.3456,50.74597],[4.3476,50.74953],[4.35319,50.74966],[4.35394,50.75414],[4.35599,50.75712]]]}},{"type":"Feature","id":"23009","bbox":[3.88932,50.688971,3.974173,50.73304],"properties":{"nis":"23009","name":"Bever","nameNl":"Bever","nameFr":"Biévène","nameDe":"Bever","province":"vlaams-brabant","region":"flanders","areaKm2":19.18},"geometry":{"type":"Polygon","coordinates":[[[3.94372,50.72906],[3.93449,50.73078],[3.92534,50.72908],[3.92247,50.72967],[3.91915,50.72768],[3.91499,50.73013],[3.91324,50.73295],[3.91029,50.7306],[3.90605,50.72906],[3.90354,50.7312],[3.89567,50.73301],[3.89388,50.72989],[3.89696,50.72918],[3.89497,50.72659],[3.89466,50.72377],[3.89238,50.72031],[3.89196,50.71776],[3.88983,50.71511],[3.89019,50.70998],[3.89535,50.71074],[3.89719,50.70913],[3.90159,50.71099],[3.90158,50.708],[3.91041,50.70038],[3.91345,50.69874],[3.91097,50.69582],[3.9097,50.69245],[3.91209,50.69118],[3.91481,50.69324],[3.91719,50.69227],[3.92195,50.69398],[3.92551,50.69397],[3.92552,50.69542],[3.92924,50.69498],[3.93087,50.6932],[3.92993,50.69117],[3.93145,50.6895],[3.93563,50.6905],[3.93931,50.68934],[3.94293,50.6908],[3.95017,50.6905],[3.95622,50.68897],[3.95878,50.68959],[3.96158,50.69165],[3.97125,50.70222],[3.97417,50.71077],[3.96992,50.71494],[3.96444,50.71845],[3.96178,50.72222],[3.95823,50.72272],[3.95335,50.72055],[3.94721,50.71904],[3.9457,50.71973],[3.94372,50.72906]]]}},{"type":"Feature","id":"23016","bbox":[4.166009,50.812619,4.289841,50.890758],"properties":{"nis":"23016","name":"Dilbeek","nameNl":"Dilbeek","nameFr":"Dilbeek","nameDe":"Dilbeek","province":"vlaams-brabant","region":"flanders","areaKm2":41.31},"geometry":{"type":"Polygon","coordinates":[[[4.18783,50.88539],[4.18923,50.8857],[4.20419,50.88099],[4.20446,50.87871],[4.2068,50.87584],[4.20274,50.87566],[4.204,50.87272],[4.20664,50.87008],[4.2029,50.86742],[4.20324,50.86547],[4.19901,50.86006],[4.19994,50.85959],[4.19501,50.85499],[4.18945,50.84855],[4.18568,50.84621],[4.17998,50.8445],[4.16601,50.84181],[4.16924,50.83834],[4.17461,50.83578],[4.17775,50.83304],[4.18572,50.83208],[4.19366,50.83013],[4.19992,50.82748],[4.20018,50.82656],[4.2056,50.82609],[4.20717,50.82216],[4.21145,50.81764],[4.21168,50.81481],[4.21203,50.81763],[4.21546,50.82208],[4.21971,50.81963],[4.22207,50.81977],[4.21988,50.82335],[4.2203,50.82621],[4.22467,50.82618],[4.22782,50.82116],[4.23221,50.81565],[4.23565,50.81752],[4.23627,50.81562],[4.24035,50.81466],[4.24415,50.81262],[4.24493,50.81773],[4.24377,50.81958],[4.25084,50.82438],[4.25316,50.82515],[4.25551,50.82845],[4.25469,50.83355],[4.25877,50.83599],[4.26188,50.83518],[4.2681,50.83631],[4.2719,50.83621],[4.27323,50.83868],[4.27772,50.83785],[4.28294,50.83785],[4.28362,50.8438],[4.28461,50.8453],[4.28421,50.84819],[4.28825,50.84827],[4.28644,50.85128],[4.28332,50.85328],[4.28439,50.85438],[4.28984,50.85587],[4.28838,50.85757],[4.28401,50.85831],[4.28034,50.85991],[4.28078,50.86146],[4.27926,50.86571],[4.28402,50.86885],[4.28862,50.87344],[4.28393,50.87546],[4.27967,50.87832],[4.26833,50.8825],[4.26096,50.88258],[4.25752,50.8815],[4.25203,50.88272],[4.24682,50.88232],[4.24634,50.88027],[4.24345,50.87845],[4.23935,50.8831],[4.23347,50.8841],[4.22721,50.88595],[4.229,50.88869],[4.22494,50.88927],[4.22485,50.89076],[4.21934,50.89019],[4.21491,50.88669],[4.21255,50.88629],[4.20514,50.88836],[4.19569,50.88826],[4.1908,50.88756],[4.18783,50.88539]]]}},{"type":"Feature","id":"23025","bbox":[4.318343,50.900916,4.426395,50.990661],"properties":{"nis":"23025","name":"Grimbergen","nameNl":"Grimbergen","nameFr":"Grimbergen","nameDe":"Grimbergen","province":"vlaams-brabant","region":"flanders","areaKm2":38.53},"geometry":{"type":"Polygon","coordinates":[[[4.33896,50.92073],[4.32167,50.91257],[4.3184,50.91077],[4.32288,50.90813],[4.32399,50.90541],[4.32782,50.90227],[4.33092,50.90092],[4.34074,50.90232],[4.3481,50.90153],[4.36046,50.90118],[4.36557,50.9092],[4.36831,50.91597],[4.37374,50.9172],[4.38212,50.91814],[4.38296,50.91776],[4.39478,50.91968],[4.40308,50.925],[4.40308,50.925],[4.40563,50.927],[4.41315,50.92701],[4.41265,50.92951],[4.4147,50.93008],[4.41342,50.93268],[4.41842,50.93743],[4.42021,50.94097],[4.41956,50.94242],[4.42625,50.94501],[4.4264,50.94653],[4.42347,50.94753],[4.41994,50.95082],[4.41988,50.95308],[4.41574,50.95445],[4.41259,50.95853],[4.4128,50.96212],[4.41913,50.96867],[4.41772,50.97009],[4.40757,50.97027],[4.40515,50.97298],[4.40779,50.97497],[4.40799,50.97697],[4.40591,50.97834],[4.41074,50.9809],[4.40987,50.98485],[4.40608,50.98829],[4.39679,50.98575],[4.39214,50.98215],[4.38698,50.98369],[4.38006,50.99066],[4.37642,50.98774],[4.36989,50.98573],[4.36531,50.98315],[4.36075,50.97766],[4.36123,50.97586],[4.35743,50.97108],[4.35355,50.96864],[4.35182,50.96464],[4.34603,50.9604],[4.34434,50.95679],[4.35026,50.95219],[4.35091,50.94807],[4.35325,50.94591],[4.34724,50.94545],[4.3498,50.94222],[4.34399,50.93711],[4.34712,50.93158],[4.34627,50.92907],[4.34261,50.92794],[4.34101,50.92609],[4.34215,50.9234],[4.33896,50.92073]]]}},{"type":"Feature","id":"23027","bbox":[4.172008,50.689411,4.311943,50.77812],"properties":{"nis":"23027","name":"Halle","nameNl":"Halle","nameFr":"Hal","nameDe":"Halle","province":"vlaams-brabant","region":"flanders","areaKm2":44.78},"geometry":{"type":"Polygon","coordinates":[[[4.17201,50.72164],[4.17509,50.71692],[4.17829,50.71358],[4.18229,50.70682],[4.18911,50.70845],[4.19394,50.7079],[4.20484,50.70902],[4.21177,50.70717],[4.22484,50.69984],[4.2311,50.6989],[4.2317,50.69778],[4.23528,50.69817],[4.24067,50.69064],[4.24654,50.68945],[4.25596,50.69554],[4.26157,50.70044],[4.26888,50.69872],[4.27445,50.70012],[4.27429,50.69914],[4.28447,50.69809],[4.29035,50.69408],[4.294,50.6951],[4.30292,50.69937],[4.30797,50.70025],[4.31115,50.70292],[4.30832,50.70687],[4.31188,50.71175],[4.31099,50.71363],[4.30861,50.71344],[4.3007,50.71496],[4.29507,50.72006],[4.29211,50.72099],[4.28898,50.72052],[4.2867,50.72353],[4.28543,50.72335],[4.2816,50.71939],[4.27301,50.72052],[4.27174,50.72144],[4.27329,50.72451],[4.27966,50.72237],[4.28074,50.7241],[4.28362,50.7234],[4.2843,50.72467],[4.27852,50.72565],[4.2739,50.72859],[4.27806,50.73381],[4.2705,50.74082],[4.26784,50.74532],[4.26861,50.7459],[4.25988,50.75179],[4.25916,50.75329],[4.25761,50.75428],[4.2552,50.75213],[4.24888,50.75531],[4.24607,50.75085],[4.23928,50.753],[4.23689,50.7528],[4.23103,50.75042],[4.22374,50.7495],[4.21841,50.75567],[4.21692,50.76003],[4.21608,50.76751],[4.21146,50.77245],[4.21048,50.77541],[4.21167,50.77812],[4.20936,50.77787],[4.2022,50.77501],[4.20064,50.77372],[4.18938,50.76952],[4.19037,50.76833],[4.18735,50.76359],[4.18887,50.75987],[4.19708,50.75569],[4.19803,50.75211],[4.1953,50.75033],[4.20044,50.74606],[4.20094,50.74401],[4.19847,50.74506],[4.19569,50.74401],[4.19205,50.74643],[4.18814,50.74516],[4.1837,50.74758],[4.18234,50.74691],[4.18384,50.74359],[4.1859,50.74232],[4.19152,50.73433],[4.19781,50.72926],[4.19462,50.72583],[4.1917,50.72667],[4.18747,50.72288],[4.17744,50.72341],[4.17201,50.72164]]]}},{"type":"Feature","id":"23033","bbox":[4.405202,50.735149,4.511534,50.782695],"properties":{"nis":"23033","name":"Hoeilaart","nameNl":"Hoeilaart","nameFr":"Hoeilaart","nameDe":"Hoeilaart","province":"vlaams-brabant","region":"flanders","areaKm2":20.46},"geometry":{"type":"Polygon","coordinates":[[[4.49417,50.75707],[4.49993,50.75818],[4.50263,50.76085],[4.50832,50.76109],[4.51153,50.76674],[4.50892,50.7681],[4.50188,50.76914],[4.48686,50.7679],[4.48639,50.77202],[4.4821,50.77319],[4.48581,50.7751],[4.48585,50.7766],[4.4818,50.77789],[4.48064,50.78036],[4.47562,50.78106],[4.47541,50.77902],[4.47272,50.77822],[4.46992,50.78062],[4.46665,50.78022],[4.46661,50.7784],[4.4608,50.77868],[4.4591,50.77726],[4.45167,50.7827],[4.43459,50.77648],[4.43316,50.77813],[4.42531,50.7755],[4.4168,50.77337],[4.4239,50.7649],[4.4052,50.75892],[4.41429,50.73515],[4.42414,50.73592],[4.43814,50.74164],[4.46112,50.75412],[4.46355,50.75511],[4.46634,50.75449],[4.47108,50.75173],[4.47623,50.75262],[4.48025,50.75142],[4.48254,50.7545],[4.48538,50.75178],[4.49231,50.75448],[4.49417,50.75707]]]}},{"type":"Feature","id":"23038","bbox":[4.513086,50.909305,4.618853,50.970602],"properties":{"nis":"23038","name":"Kampenhout","nameNl":"Kampenhout","nameFr":"Kampenhout","nameDe":"Kampenhout","province":"vlaams-brabant","region":"flanders","areaKm2":33.52},"geometry":{"type":"Polygon","coordinates":[[[4.6039,50.93484],[4.6182,50.93618],[4.61871,50.93934],[4.61699,50.94476],[4.61445,50.94575],[4.61671,50.94847],[4.61885,50.95418],[4.61132,50.95558],[4.60391,50.95914],[4.59231,50.96528],[4.57526,50.95964],[4.57587,50.95859],[4.56619,50.95863],[4.56529,50.96185],[4.56689,50.96352],[4.56374,50.96414],[4.55989,50.96732],[4.54313,50.96794],[4.53983,50.96668],[4.53715,50.9683],[4.53141,50.97021],[4.52516,50.9706],[4.52328,50.96792],[4.52569,50.96865],[4.52747,50.96541],[4.52194,50.96623],[4.52125,50.95994],[4.5174,50.9557],[4.51657,50.9532],[4.51752,50.94785],[4.51886,50.947],[4.51785,50.94371],[4.51453,50.94284],[4.51315,50.93229],[4.52216,50.92696],[4.51908,50.92578],[4.52183,50.92441],[4.52182,50.92259],[4.52587,50.92066],[4.52676,50.91849],[4.53414,50.91747],[4.5324,50.91329],[4.52363,50.91476],[4.52385,50.91343],[4.53334,50.91178],[4.5326,50.90976],[4.54031,50.90988],[4.54112,50.91188],[4.55441,50.9137],[4.55844,50.91077],[4.5597,50.91305],[4.55839,50.91449],[4.56088,50.91546],[4.5629,50.91334],[4.56759,50.91465],[4.5694,50.91283],[4.56893,50.91569],[4.57698,50.91707],[4.58626,50.92074],[4.58851,50.91974],[4.59254,50.9209],[4.5924,50.92278],[4.58926,50.92662],[4.58999,50.92963],[4.59432,50.93122],[4.5938,50.93263],[4.6039,50.93484]]]}},{"type":"Feature","id":"23039","bbox":[4.319506,50.968635,4.390359,51.0309],"properties":{"nis":"23039","name":"Kapelle-op-den-Bos","nameNl":"Kapelle-op-den-Bos","nameFr":"Capelle-au-Bois","nameDe":"Kapelle-op-den-Bos","province":"vlaams-brabant","region":"flanders","areaKm2":15.37},"geometry":{"type":"Polygon","coordinates":[[[4.35355,50.96864],[4.35743,50.97108],[4.36123,50.97586],[4.36075,50.97766],[4.36531,50.98315],[4.36989,50.98573],[4.37642,50.98774],[4.38006,50.99066],[4.37801,50.99382],[4.37382,50.99774],[4.37265,50.99726],[4.3694,51.00032],[4.37633,51.00175],[4.37916,51.00407],[4.38139,51.00227],[4.38601,51.00299],[4.38986,51.00575],[4.39029,51.01069],[4.38648,51.01057],[4.38318,51.01192],[4.38318,51.01192],[4.37486,51.01272],[4.37129,51.01221],[4.37008,51.01517],[4.37195,51.01556],[4.37178,51.01907],[4.37319,51.02238],[4.37988,51.02644],[4.38116,51.02939],[4.37472,51.0309],[4.37259,51.0294],[4.37573,51.02772],[4.36916,51.02589],[4.36278,51.02251],[4.36154,51.01964],[4.36222,51.018],[4.3574,51.01638],[4.35168,51.01721],[4.34867,51.01883],[4.34392,51.01689],[4.34224,51.01959],[4.34868,51.02353],[4.34724,51.02684],[4.33194,51.02603],[4.32285,51.02671],[4.3195,51.02009],[4.32171,51.01762],[4.32881,51.01394],[4.32882,51.01045],[4.3315,51.00344],[4.33345,51.00097],[4.33567,50.99758],[4.33877,50.99536],[4.34466,50.98752],[4.34579,50.98519],[4.35035,50.98063],[4.34991,50.97846],[4.34601,50.9762],[4.34221,50.97504],[4.34761,50.97289],[4.35355,50.96864]]]}},{"type":"Feature","id":"23044","bbox":[4.058979,50.84972,4.126328,50.888811],"properties":{"nis":"23044","name":"Liedekerke","nameNl":"Liedekerke","nameFr":"Liedekerke","nameDe":"Liedekerke","province":"vlaams-brabant","region":"flanders","areaKm2":10.12},"geometry":{"type":"Polygon","coordinates":[[[4.10612,50.8845],[4.09671,50.88538],[4.09704,50.88742],[4.08928,50.88881],[4.08618,50.88556],[4.08795,50.88401],[4.08366,50.87873],[4.08506,50.8766],[4.08339,50.87407],[4.07948,50.87105],[4.07651,50.87112],[4.07379,50.86952],[4.06954,50.87021],[4.06913,50.86761],[4.06628,50.86564],[4.06412,50.86369],[4.06471,50.85968],[4.05898,50.8548],[4.06321,50.85312],[4.06864,50.85211],[4.07577,50.85421],[4.07932,50.85438],[4.08041,50.85591],[4.08998,50.8546],[4.09372,50.8557],[4.09815,50.85054],[4.10203,50.84972],[4.10577,50.85194],[4.10877,50.85607],[4.11171,50.85461],[4.11458,50.85594],[4.1175,50.85367],[4.12633,50.8569],[4.12032,50.85931],[4.11554,50.86295],[4.11771,50.86691],[4.11686,50.86972],[4.11167,50.8725],[4.1082,50.87568],[4.10881,50.87778],[4.10612,50.8845]]]}},{"type":"Feature","id":"23045","bbox":[4.221182,50.973908,4.333449,51.043194],"properties":{"nis":"23045","name":"Londerzeel","nameNl":"Londerzeel","nameFr":"Londerzeel","nameDe":"Londerzeel","province":"vlaams-brabant","region":"flanders","areaKm2":36.39},"geometry":{"type":"Polygon","coordinates":[[[4.33345,51.00097],[4.3315,51.00344],[4.32882,51.01045],[4.32881,51.01394],[4.32171,51.01762],[4.3195,51.02009],[4.32285,51.02671],[4.31546,51.03003],[4.31186,51.03475],[4.30946,51.03645],[4.30512,51.03696],[4.2995,51.03899],[4.29373,51.04007],[4.28666,51.04052],[4.28327,51.03965],[4.28267,51.04244],[4.27467,51.04205],[4.26854,51.04231],[4.26529,51.0375],[4.26174,51.03613],[4.25294,51.03558],[4.24967,51.03437],[4.24112,51.03683],[4.23817,51.03142],[4.23807,51.02647],[4.23942,51.02419],[4.23826,51.0201],[4.23557,51.02012],[4.23611,51.01797],[4.22894,51.01716],[4.22118,51.01417],[4.22634,51.01196],[4.23277,51.0079],[4.23473,51.00588],[4.23477,51.00305],[4.22904,50.99853],[4.23473,50.99366],[4.23747,50.99231],[4.24155,50.98837],[4.24045,50.98694],[4.2427,50.98488],[4.24724,50.98265],[4.25346,50.97633],[4.25691,50.97554],[4.25859,50.97693],[4.26571,50.97466],[4.26754,50.97535],[4.27262,50.97408],[4.27334,50.97733],[4.27085,50.98246],[4.2769,50.98056],[4.28073,50.98298],[4.28308,50.98108],[4.28902,50.98471],[4.29069,50.98673],[4.29877,50.98984],[4.30534,50.99113],[4.30848,50.99468],[4.31294,50.99483],[4.31667,50.99823],[4.3213,51.00438],[4.32968,50.99897],[4.33345,51.00097]]]}},{"type":"Feature","id":"23047","bbox":[4.41572,50.878782,4.46973,50.924304],"properties":{"nis":"23047","name":"Machelen","nameNl":"Machelen","nameFr":"Machelen","nameDe":"Machelen","province":"vlaams-brabant","region":"flanders","areaKm2":11.45},"geometry":{"type":"Polygon","coordinates":[[[4.41572,50.90613],[4.41808,50.90396],[4.42296,50.90297],[4.42781,50.89996],[4.42591,50.89851],[4.43279,50.89473],[4.42704,50.89089],[4.43706,50.87878],[4.44964,50.87973],[4.45626,50.88662],[4.45629,50.8884],[4.46102,50.89211],[4.46821,50.89651],[4.46679,50.89829],[4.46973,50.89873],[4.46726,50.90515],[4.46429,50.90494],[4.45783,50.90778],[4.46021,50.91159],[4.46036,50.91409],[4.46332,50.91749],[4.46374,50.92089],[4.4659,50.92148],[4.46189,50.92372],[4.45879,50.92429],[4.44797,50.92256],[4.44879,50.92095],[4.43784,50.91892],[4.43002,50.92141],[4.41572,50.90613]]]}},{"type":"Feature","id":"23050","bbox":[4.270457,50.920734,4.353546,51.004383],"properties":{"nis":"23050","name":"Meise","nameNl":"Meise","nameFr":"Meise","nameDe":"Meise","province":"vlaams-brabant","region":"flanders","areaKm2":34.94},"geometry":{"type":"Polygon","coordinates":[[[4.33345,51.00097],[4.32968,50.99897],[4.3213,51.00438],[4.31667,50.99823],[4.31294,50.99483],[4.30848,50.99468],[4.30534,50.99113],[4.29877,50.98984],[4.29069,50.98673],[4.28902,50.98471],[4.28308,50.98108],[4.28073,50.98298],[4.2769,50.98056],[4.27085,50.98246],[4.27334,50.97733],[4.27262,50.97408],[4.27097,50.96907],[4.27491,50.96728],[4.27363,50.96486],[4.28388,50.95499],[4.28134,50.95407],[4.27654,50.95069],[4.28103,50.94858],[4.29065,50.94515],[4.29161,50.94526],[4.29587,50.94091],[4.28954,50.93784],[4.29077,50.93413],[4.2927,50.93231],[4.29332,50.92942],[4.2954,50.93],[4.29971,50.9227],[4.3018,50.9223],[4.31365,50.92439],[4.31737,50.92395],[4.3198,50.92546],[4.32735,50.92808],[4.33213,50.92499],[4.33698,50.92088],[4.33896,50.92073],[4.34215,50.9234],[4.34101,50.92609],[4.34261,50.92794],[4.34627,50.92907],[4.34712,50.93158],[4.34399,50.93711],[4.3498,50.94222],[4.34724,50.94545],[4.35325,50.94591],[4.35091,50.94807],[4.35026,50.95219],[4.34434,50.95679],[4.34603,50.9604],[4.35182,50.96464],[4.35355,50.96864],[4.34761,50.97289],[4.34221,50.97504],[4.34601,50.9762],[4.34991,50.97846],[4.35035,50.98063],[4.34579,50.98519],[4.34466,50.98752],[4.33877,50.99536],[4.33567,50.99758],[4.33345,51.00097]]]}},{"type":"Feature","id":"23052","bbox":[4.181608,50.908943,4.301799,50.998528],"properties":{"nis":"23052","name":"Merchtem","nameNl":"Merchtem","nameFr":"Merchtem","nameDe":"Merchtem","province":"vlaams-brabant","region":"flanders","areaKm2":36.78},"geometry":{"type":"Polygon","coordinates":[[[4.18405,50.94265],[4.18702,50.94088],[4.1915,50.93682],[4.19401,50.93645],[4.1981,50.93867],[4.20232,50.93439],[4.20795,50.9359],[4.20892,50.93864],[4.21474,50.9429],[4.21721,50.94197],[4.21902,50.94327],[4.22151,50.94259],[4.22385,50.94446],[4.22609,50.94343],[4.226,50.93949],[4.22757,50.93722],[4.22674,50.93403],[4.23021,50.92924],[4.23294,50.92783],[4.23909,50.92866],[4.23842,50.92389],[4.24231,50.92071],[4.24794,50.92105],[4.26363,50.91277],[4.26938,50.91447],[4.27074,50.91257],[4.26475,50.91101],[4.269,50.90894],[4.27337,50.91144],[4.27781,50.91289],[4.2805,50.91393],[4.2924,50.91685],[4.3018,50.9223],[4.29971,50.9227],[4.2954,50.93],[4.29332,50.92942],[4.2927,50.93231],[4.29077,50.93413],[4.28954,50.93784],[4.29587,50.94091],[4.29161,50.94526],[4.29065,50.94515],[4.28103,50.94858],[4.27654,50.95069],[4.28134,50.95407],[4.28388,50.95499],[4.27363,50.96486],[4.27491,50.96728],[4.27097,50.96907],[4.27262,50.97408],[4.26754,50.97535],[4.26571,50.97466],[4.25859,50.97693],[4.25691,50.97554],[4.25346,50.97633],[4.24724,50.98265],[4.2427,50.98488],[4.24045,50.98694],[4.24155,50.98837],[4.23747,50.99231],[4.23473,50.99366],[4.22904,50.99853],[4.22445,50.99524],[4.22432,50.9937],[4.22,50.99104],[4.2145,50.98887],[4.20867,50.9877],[4.20264,50.98415],[4.19771,50.98265],[4.19443,50.98375],[4.1907,50.98272],[4.19907,50.98003],[4.19855,50.97644],[4.2024,50.97126],[4.20951,50.97115],[4.21398,50.97266],[4.21829,50.96959],[4.2253,50.96267],[4.21808,50.95844],[4.21783,50.95576],[4.22048,50.95327],[4.21597,50.9499],[4.21305,50.95009],[4.21147,50.94881],[4.20884,50.95046],[4.204,50.94975],[4.20418,50.94787],[4.19964,50.94596],[4.19965,50.94398],[4.19555,50.94005],[4.19445,50.94304],[4.19002,50.94837],[4.18761,50.95031],[4.18547,50.94995],[4.18161,50.94712],[4.18405,50.94265]]]}},{"type":"Feature","id":"23060","bbox":[4.142952,50.932016,4.225304,50.989123],"properties":{"nis":"23060","name":"Opwijk","nameNl":"Opwijk","nameFr":"Opwijk","nameDe":"Opwijk","province":"vlaams-brabant","region":"flanders","areaKm2":19.84},"geometry":{"type":"Polygon","coordinates":[[[4.16245,50.93231],[4.16713,50.93492],[4.17086,50.9328],[4.17379,50.93648],[4.17222,50.93771],[4.17528,50.93928],[4.18087,50.93995],[4.18405,50.94265],[4.18161,50.94712],[4.18547,50.94995],[4.18761,50.95031],[4.19002,50.94837],[4.19445,50.94304],[4.19555,50.94005],[4.19965,50.94398],[4.19964,50.94596],[4.20418,50.94787],[4.204,50.94975],[4.20884,50.95046],[4.21147,50.94881],[4.21305,50.95009],[4.21597,50.9499],[4.22048,50.95327],[4.21783,50.95576],[4.21808,50.95844],[4.2253,50.96267],[4.21829,50.96959],[4.21398,50.97266],[4.20951,50.97115],[4.2024,50.97126],[4.19855,50.97644],[4.19907,50.98003],[4.1907,50.98272],[4.18594,50.98242],[4.18281,50.98459],[4.17556,50.9862],[4.17524,50.98736],[4.17036,50.98871],[4.1653,50.98799],[4.16383,50.98897],[4.16006,50.98912],[4.15606,50.98595],[4.15548,50.98275],[4.15716,50.97805],[4.15198,50.97388],[4.14968,50.97495],[4.1475,50.96951],[4.14295,50.96544],[4.14788,50.96261],[4.15667,50.95384],[4.15481,50.95269],[4.15825,50.94872],[4.16076,50.94817],[4.15926,50.9453],[4.16263,50.94294],[4.15345,50.93892],[4.16245,50.93231]]]}},{"type":"Feature","id":"23062","bbox":[4.451666,50.727278,4.613405,50.808773],"properties":{"nis":"23062","name":"Overijse","nameNl":"Overijse","nameFr":"Overijse","nameDe":"Overijse","province":"vlaams-brabant","region":"flanders","areaKm2":44.84},"geometry":{"type":"Polygon","coordinates":[[[4.56763,50.80877],[4.56068,50.80728],[4.55485,50.80494],[4.55477,50.80282],[4.55271,50.80214],[4.54686,50.80322],[4.54167,50.80184],[4.5413,50.79859],[4.53483,50.79678],[4.53132,50.79963],[4.53522,50.79998],[4.53402,50.80319],[4.528,50.80204],[4.49227,50.79844],[4.48306,50.79382],[4.48061,50.79422],[4.48227,50.79299],[4.47027,50.78976],[4.46346,50.78792],[4.45167,50.7827],[4.4591,50.77726],[4.4608,50.77868],[4.46661,50.7784],[4.46665,50.78022],[4.46992,50.78062],[4.47272,50.77822],[4.47541,50.77902],[4.47562,50.78106],[4.48064,50.78036],[4.4818,50.77789],[4.48585,50.7766],[4.48581,50.7751],[4.4821,50.77319],[4.48639,50.77202],[4.48686,50.7679],[4.50188,50.76914],[4.50892,50.7681],[4.51153,50.76674],[4.50832,50.76109],[4.50263,50.76085],[4.49993,50.75818],[4.49417,50.75707],[4.50155,50.7538],[4.49189,50.74332],[4.49509,50.74034],[4.4998,50.74416],[4.50278,50.74317],[4.50056,50.74094],[4.50221,50.73991],[4.50032,50.7384],[4.50242,50.7371],[4.50694,50.7368],[4.50718,50.73538],[4.51238,50.73266],[4.50943,50.73137],[4.51825,50.72924],[4.52418,50.72732],[4.53174,50.73128],[4.53216,50.73374],[4.52496,50.73845],[4.52982,50.74088],[4.53265,50.73894],[4.54249,50.74212],[4.54564,50.74409],[4.55285,50.74665],[4.55632,50.74879],[4.5591,50.74661],[4.55928,50.74494],[4.56239,50.74483],[4.56386,50.74761],[4.56654,50.74872],[4.56935,50.74722],[4.57578,50.74728],[4.57391,50.74843],[4.58117,50.75412],[4.5786,50.75684],[4.58727,50.76091],[4.59185,50.76119],[4.59721,50.76357],[4.59963,50.76321],[4.60635,50.76704],[4.60488,50.76843],[4.61338,50.77268],[4.6082,50.77456],[4.60258,50.77393],[4.59602,50.77448],[4.59117,50.77374],[4.58812,50.77638],[4.58158,50.77366],[4.58075,50.77645],[4.58342,50.77909],[4.58274,50.78091],[4.57844,50.78478],[4.57522,50.78442],[4.57297,50.78258],[4.57002,50.78409],[4.56324,50.7853],[4.55847,50.78715],[4.55519,50.79169],[4.56158,50.79328],[4.57022,50.79847],[4.5721,50.80086],[4.57201,50.80493],[4.56689,50.80494],[4.56763,50.80877]]]}},{"type":"Feature","id":"23064","bbox":[4.071963,50.705505,4.202512,50.789807],"properties":{"nis":"23064","name":"Pepingen","nameNl":"Pepingen","nameFr":"Pepingen","nameDe":"Pepingen","province":"vlaams-brabant","region":"flanders","areaKm2":35.88},"geometry":{"type":"Polygon","coordinates":[[[4.07196,50.71176],[4.07391,50.71078],[4.08546,50.71194],[4.09074,50.70711],[4.09316,50.70816],[4.09901,50.70551],[4.10047,50.70595],[4.09735,50.70788],[4.10273,50.70978],[4.10374,50.71143],[4.11147,50.7167],[4.1113,50.71396],[4.11682,50.71282],[4.13209,50.71698],[4.13421,50.71603],[4.1353,50.7183],[4.1414,50.72321],[4.13972,50.72441],[4.14238,50.72897],[4.1486,50.72822],[4.14801,50.72644],[4.15284,50.72476],[4.1574,50.72791],[4.15335,50.72754],[4.15241,50.72865],[4.15642,50.72908],[4.16238,50.72643],[4.16293,50.72452],[4.17201,50.72164],[4.17744,50.72341],[4.18747,50.72288],[4.1917,50.72667],[4.19462,50.72583],[4.19781,50.72926],[4.19152,50.73433],[4.1859,50.74232],[4.18384,50.74359],[4.18234,50.74691],[4.1837,50.74758],[4.18814,50.74516],[4.19205,50.74643],[4.19569,50.74401],[4.19847,50.74506],[4.20094,50.74401],[4.20044,50.74606],[4.1953,50.75033],[4.19803,50.75211],[4.19708,50.75569],[4.18887,50.75987],[4.18735,50.76359],[4.19037,50.76833],[4.18938,50.76952],[4.18523,50.76843],[4.1808,50.76874],[4.17649,50.76623],[4.17394,50.7686],[4.17919,50.77038],[4.17775,50.77236],[4.18064,50.77497],[4.18309,50.77346],[4.18918,50.77643],[4.18924,50.77775],[4.18328,50.77726],[4.18316,50.77956],[4.1865,50.78099],[4.18493,50.78382],[4.19202,50.78444],[4.19048,50.78641],[4.19012,50.78809],[4.18624,50.78665],[4.18269,50.78979],[4.18161,50.78777],[4.17839,50.78895],[4.17599,50.78785],[4.17348,50.78892],[4.16562,50.78623],[4.16179,50.78613],[4.16229,50.78481],[4.15789,50.78295],[4.15578,50.77966],[4.1522,50.78194],[4.14894,50.78216],[4.14581,50.78026],[4.14537,50.77695],[4.15236,50.77356],[4.14368,50.77167],[4.13568,50.76823],[4.13357,50.76826],[4.13402,50.76547],[4.13751,50.7644],[4.13994,50.76136],[4.14395,50.75921],[4.1386,50.75782],[4.14332,50.75415],[4.13911,50.7534],[4.13622,50.75143],[4.13452,50.75312],[4.1291,50.75228],[4.12198,50.74971],[4.12341,50.74862],[4.11964,50.7454],[4.11778,50.74734],[4.11635,50.74534],[4.10968,50.74087],[4.10497,50.73705],[4.09888,50.73367],[4.10034,50.73188],[4.09412,50.7278],[4.09142,50.72761],[4.08172,50.72449],[4.07196,50.71176]]]}},{"type":"Feature","id":"23077","bbox":[4.173617,50.7495,4.313441,50.827544],"properties":{"nis":"23077","name":"Sint-Pieters-Leeuw","nameNl":"Sint-Pieters-Leeuw","nameFr":"Leeuw-Saint-Pierre","nameDe":"Sint-Pieters-Leeuw","province":"vlaams-brabant","region":"flanders","areaKm2":40.55},"geometry":{"type":"Polygon","coordinates":[[[4.19048,50.78641],[4.19202,50.78444],[4.18493,50.78382],[4.1865,50.78099],[4.18316,50.77956],[4.18328,50.77726],[4.18924,50.77775],[4.18918,50.77643],[4.18309,50.77346],[4.18064,50.77497],[4.17775,50.77236],[4.17919,50.77038],[4.17394,50.7686],[4.17649,50.76623],[4.1808,50.76874],[4.18523,50.76843],[4.18938,50.76952],[4.20064,50.77372],[4.2022,50.77501],[4.20936,50.77787],[4.21167,50.77812],[4.21048,50.77541],[4.21146,50.77245],[4.21608,50.76751],[4.21692,50.76003],[4.21841,50.75567],[4.22374,50.7495],[4.23103,50.75042],[4.23689,50.7528],[4.23928,50.753],[4.24607,50.75085],[4.24888,50.75531],[4.2552,50.75213],[4.25761,50.75428],[4.25916,50.75329],[4.26153,50.75625],[4.26074,50.75741],[4.26476,50.76011],[4.26561,50.76193],[4.25919,50.76536],[4.25679,50.76784],[4.26492,50.77205],[4.26801,50.77424],[4.27359,50.78105],[4.28073,50.7788],[4.29192,50.77591],[4.29475,50.77353],[4.3006,50.77462],[4.30374,50.77426],[4.30883,50.78093],[4.3078,50.78212],[4.30873,50.78378],[4.31096,50.78345],[4.31095,50.78571],[4.3134,50.78765],[4.30693,50.78922],[4.30618,50.79303],[4.30215,50.79506],[4.29145,50.79666],[4.28858,50.79641],[4.29542,50.8001],[4.29644,50.80143],[4.30073,50.80182],[4.29827,50.8058],[4.30105,50.80735],[4.30037,50.81287],[4.29736,50.80982],[4.29444,50.80826],[4.2915,50.8089],[4.28641,50.80826],[4.28368,50.80706],[4.27704,50.80824],[4.27491,50.81153],[4.27294,50.81216],[4.25994,50.81112],[4.25911,50.81388],[4.25632,50.81741],[4.25132,50.81722],[4.24978,50.81946],[4.24493,50.81773],[4.24415,50.81262],[4.24035,50.81466],[4.23627,50.81562],[4.23565,50.81752],[4.23221,50.81565],[4.22782,50.82116],[4.22467,50.82618],[4.2203,50.82621],[4.21988,50.82335],[4.22207,50.81977],[4.21971,50.81963],[4.21546,50.82208],[4.21203,50.81763],[4.21168,50.81481],[4.21195,50.8137],[4.2088,50.8103],[4.20948,50.80416],[4.20358,50.80494],[4.20456,50.8018],[4.20833,50.7986],[4.20548,50.79655],[4.20676,50.79548],[4.19696,50.7913],[4.19417,50.78884],[4.19492,50.78798],[4.19048,50.78641]]]}},{"type":"Feature","id":"23081","bbox":[4.457832,50.889075,4.534136,50.959419],"properties":{"nis":"23081","name":"Steenokkerzeel","nameNl":"Steenokkerzeel","nameFr":"Steenokkerzeel","nameDe":"Steenokkerzeel","province":"vlaams-brabant","region":"flanders","areaKm2":23.53},"geometry":{"type":"Polygon","coordinates":[[[4.46973,50.89873],[4.49378,50.90246],[4.49922,50.88953],[4.50121,50.89156],[4.50589,50.8933],[4.51,50.89055],[4.51047,50.88908],[4.51505,50.89011],[4.51991,50.89135],[4.53412,50.89637],[4.53123,50.89944],[4.53229,50.90132],[4.52977,50.90345],[4.53221,50.90632],[4.52987,50.90743],[4.5326,50.90976],[4.53334,50.91178],[4.52385,50.91343],[4.52363,50.91476],[4.5324,50.91329],[4.53414,50.91747],[4.52676,50.91849],[4.52587,50.92066],[4.52182,50.92259],[4.52183,50.92441],[4.51908,50.92578],[4.52216,50.92696],[4.51315,50.93229],[4.51453,50.94284],[4.51785,50.94371],[4.51886,50.947],[4.51752,50.94785],[4.51657,50.9532],[4.5174,50.9557],[4.51079,50.9589],[4.50555,50.9594],[4.50268,50.95749],[4.49644,50.95806],[4.49383,50.95602],[4.48414,50.95543],[4.48403,50.9519],[4.48611,50.95055],[4.48693,50.94559],[4.48051,50.93811],[4.47612,50.93394],[4.47592,50.93069],[4.47756,50.93063],[4.47982,50.92506],[4.4716,50.9238],[4.46804,50.92117],[4.4659,50.92148],[4.46374,50.92089],[4.46332,50.91749],[4.46036,50.91409],[4.46021,50.91159],[4.45783,50.90778],[4.46429,50.90494],[4.46726,50.90515],[4.46973,50.89873]]]}},{"type":"Feature","id":"23086","bbox":[4.10611,50.840702,4.206795,50.889738],"properties":{"nis":"23086","name":"Ternat","nameNl":"Ternat","nameFr":"Ternat","nameDe":"Ternat","province":"vlaams-brabant","region":"flanders","areaKm2":24.63},"geometry":{"type":"Polygon","coordinates":[[[4.10612,50.8845],[4.10881,50.87778],[4.1082,50.87568],[4.11167,50.8725],[4.11686,50.86972],[4.11771,50.86691],[4.11554,50.86295],[4.12032,50.85931],[4.12633,50.8569],[4.12949,50.85593],[4.13752,50.85714],[4.14118,50.85618],[4.14336,50.85862],[4.1489,50.85634],[4.14494,50.85179],[4.15058,50.84783],[4.14847,50.84321],[4.1522,50.84278],[4.15801,50.84084],[4.16074,50.8407],[4.16175,50.84222],[4.16601,50.84181],[4.17998,50.8445],[4.18568,50.84621],[4.18945,50.84855],[4.19501,50.85499],[4.19994,50.85959],[4.19901,50.86006],[4.20324,50.86547],[4.2029,50.86742],[4.20664,50.87008],[4.204,50.87272],[4.20274,50.87566],[4.2068,50.87584],[4.20446,50.87871],[4.20419,50.88099],[4.18923,50.8857],[4.18783,50.88539],[4.1851,50.88453],[4.17629,50.88974],[4.17406,50.88837],[4.16662,50.88723],[4.16374,50.88617],[4.15975,50.88629],[4.15854,50.88497],[4.15298,50.88795],[4.14914,50.88866],[4.14806,50.88676],[4.14451,50.88431],[4.14046,50.88323],[4.13353,50.88441],[4.12804,50.88404],[4.12477,50.88495],[4.11622,50.88569],[4.10883,50.88409],[4.10612,50.8845]]]}},{"type":"Feature","id":"23088","bbox":[4.360464,50.896987,4.487083,50.959286],"properties":{"nis":"23088","name":"Vilvoorde","nameNl":"Vilvoorde","nameFr":"Vilvorde","nameDe":"Vilvoorde","province":"vlaams-brabant","region":"flanders","areaKm2":21.52},"geometry":{"type":"Polygon","coordinates":[[[4.48414,50.95543],[4.47803,50.95664],[4.47577,50.95929],[4.47455,50.95778],[4.47052,50.958],[4.45215,50.95201],[4.45094,50.95275],[4.44891,50.95036],[4.44628,50.95303],[4.4444,50.95319],[4.44227,50.9511],[4.437,50.94964],[4.44118,50.94708],[4.42666,50.94796],[4.4264,50.94653],[4.42625,50.94501],[4.41956,50.94242],[4.42021,50.94097],[4.41842,50.93743],[4.41342,50.93268],[4.4147,50.93008],[4.41265,50.92951],[4.41315,50.92701],[4.40563,50.927],[4.40308,50.925],[4.40308,50.925],[4.39478,50.91968],[4.38296,50.91776],[4.38212,50.91814],[4.37374,50.9172],[4.36831,50.91597],[4.36557,50.9092],[4.36046,50.90118],[4.36399,50.90115],[4.37087,50.89884],[4.37822,50.89728],[4.37922,50.9008],[4.38295,50.9018],[4.38618,50.90576],[4.38776,50.90994],[4.39489,50.91019],[4.39907,50.91323],[4.40347,50.9139],[4.41423,50.91153],[4.41248,50.90702],[4.41572,50.90613],[4.43002,50.92141],[4.43784,50.91892],[4.44879,50.92095],[4.44797,50.92256],[4.45879,50.92429],[4.46189,50.92372],[4.4659,50.92148],[4.46804,50.92117],[4.4716,50.9238],[4.47982,50.92506],[4.47756,50.93063],[4.47592,50.93069],[4.47612,50.93394],[4.48051,50.93811],[4.48693,50.94559],[4.48611,50.95055],[4.48403,50.9519],[4.48414,50.95543]]]}},{"type":"Feature","id":"23094","bbox":[4.420871,50.834298,4.536389,50.902464],"properties":{"nis":"23094","name":"Zaventem","nameNl":"Zaventem","nameFr":"Zaventem","nameDe":"Zaventem","province":"vlaams-brabant","region":"flanders","areaKm2":27.65},"geometry":{"type":"Polygon","coordinates":[[[4.43706,50.87878],[4.42735,50.87747],[4.42881,50.87629],[4.42572,50.87213],[4.42087,50.86771],[4.42663,50.86287],[4.43102,50.86249],[4.42976,50.86121],[4.43737,50.85851],[4.43912,50.86045],[4.44501,50.85814],[4.44596,50.85547],[4.45025,50.85358],[4.45786,50.85277],[4.45851,50.8536],[4.45254,50.85848],[4.45151,50.86184],[4.45232,50.86355],[4.4493,50.86422],[4.44975,50.86701],[4.45282,50.86706],[4.45717,50.86502],[4.46217,50.86676],[4.46299,50.86573],[4.46755,50.8657],[4.46751,50.86419],[4.47467,50.86551],[4.47669,50.86152],[4.4807,50.86086],[4.48766,50.862],[4.48664,50.85973],[4.4934,50.85644],[4.49751,50.85734],[4.50728,50.84781],[4.50961,50.83843],[4.51369,50.83727],[4.51709,50.83444],[4.52161,50.83479],[4.53356,50.84114],[4.53639,50.84444],[4.53402,50.84781],[4.52989,50.85039],[4.52808,50.85288],[4.53064,50.85349],[4.52703,50.85895],[4.52856,50.85926],[4.52653,50.86316],[4.52922,50.86298],[4.52838,50.86483],[4.53203,50.86384],[4.53325,50.8653],[4.5304,50.86671],[4.53424,50.86784],[4.52669,50.87051],[4.51505,50.89011],[4.51047,50.88908],[4.51,50.89055],[4.50589,50.8933],[4.50121,50.89156],[4.49922,50.88953],[4.49378,50.90246],[4.46973,50.89873],[4.46679,50.89829],[4.46821,50.89651],[4.46102,50.89211],[4.45629,50.8884],[4.45626,50.88662],[4.44964,50.87973],[4.43706,50.87878]]]}},{"type":"Feature","id":"23096","bbox":[4.369404,50.946527,4.528703,51.009315],"properties":{"nis":"23096","name":"Zemst","nameNl":"Zemst","nameFr":"Zemst","nameDe":"Zemst","province":"vlaams-brabant","region":"flanders","areaKm2":43.02},"geometry":{"type":"Polygon","coordinates":[[[4.38986,51.00575],[4.38601,51.00299],[4.38139,51.00227],[4.37916,51.00407],[4.37633,51.00175],[4.3694,51.00032],[4.37265,50.99726],[4.37382,50.99774],[4.37801,50.99382],[4.38006,50.99066],[4.38698,50.98369],[4.39214,50.98215],[4.39679,50.98575],[4.40608,50.98829],[4.40987,50.98485],[4.41074,50.9809],[4.40591,50.97834],[4.40799,50.97697],[4.40779,50.97497],[4.40515,50.97298],[4.40757,50.97027],[4.41772,50.97009],[4.41913,50.96867],[4.4128,50.96212],[4.41259,50.95853],[4.41574,50.95445],[4.41988,50.95308],[4.41994,50.95082],[4.42347,50.94753],[4.4264,50.94653],[4.42666,50.94796],[4.44118,50.94708],[4.437,50.94964],[4.44227,50.9511],[4.4444,50.95319],[4.44628,50.95303],[4.44891,50.95036],[4.45094,50.95275],[4.45215,50.95201],[4.47052,50.958],[4.47455,50.95778],[4.47577,50.95929],[4.47803,50.95664],[4.48414,50.95543],[4.49383,50.95602],[4.49644,50.95806],[4.50268,50.95749],[4.50555,50.9594],[4.51079,50.9589],[4.5174,50.9557],[4.52125,50.95994],[4.52194,50.96623],[4.52747,50.96541],[4.52569,50.96865],[4.52328,50.96792],[4.52516,50.9706],[4.52235,50.97395],[4.52211,50.97662],[4.51901,50.97857],[4.51236,50.98026],[4.5287,50.99227],[4.49404,51.00803],[4.49171,51.00931],[4.48623,51.00547],[4.48935,50.99619],[4.48153,50.99341],[4.48007,50.99097],[4.47725,50.99231],[4.47516,50.99164],[4.46919,50.99495],[4.46559,50.9933],[4.46163,50.99688],[4.46018,51.00025],[4.45589,51.00255],[4.45373,51.00597],[4.44907,51.00424],[4.43317,51.00105],[4.42703,50.99836],[4.42601,50.99931],[4.4228,50.99768],[4.42102,50.99522],[4.41822,50.99594],[4.41769,50.9995],[4.41056,50.99985],[4.4094,50.99806],[4.40304,50.99947],[4.39542,50.99567],[4.39228,50.99746],[4.39167,50.99937],[4.39451,51.00052],[4.39347,51.00321],[4.39072,51.00314],[4.38986,51.00575]]]}},{"type":"Feature","id":"23097","bbox":[4.040669,50.811508,4.150581,50.858619],"properties":{"nis":"23097","name":"Roosdaal","nameNl":"Roosdaal","nameFr":"Roosdaal","nameDe":"Roosdaal","province":"vlaams-brabant","region":"flanders","areaKm2":21.83},"geometry":{"type":"Polygon","coordinates":[[[4.05898,50.8548],[4.05762,50.85317],[4.05994,50.85036],[4.0584,50.8482],[4.05425,50.84652],[4.05141,50.84175],[4.04382,50.83974],[4.04067,50.83774],[4.04412,50.83598],[4.04831,50.83252],[4.05113,50.83282],[4.05742,50.83521],[4.0614,50.83372],[4.06689,50.8349],[4.06951,50.83346],[4.07013,50.82899],[4.06889,50.82527],[4.07134,50.82364],[4.07467,50.81885],[4.07466,50.81351],[4.08193,50.81446],[4.08765,50.81642],[4.09356,50.81212],[4.10144,50.81151],[4.11272,50.81539],[4.11997,50.81287],[4.12519,50.81527],[4.12179,50.81803],[4.12457,50.82017],[4.11947,50.82183],[4.12034,50.82354],[4.11465,50.82446],[4.11235,50.82701],[4.10964,50.82739],[4.10893,50.83039],[4.11169,50.83293],[4.1253,50.83376],[4.12879,50.83762],[4.13271,50.83851],[4.13729,50.84307],[4.14063,50.84171],[4.14177,50.83736],[4.14415,50.84151],[4.14734,50.84085],[4.14847,50.84321],[4.15058,50.84783],[4.14494,50.85179],[4.1489,50.85634],[4.14336,50.85862],[4.14118,50.85618],[4.13752,50.85714],[4.12949,50.85593],[4.12633,50.8569],[4.1175,50.85367],[4.11458,50.85594],[4.11171,50.85461],[4.10877,50.85607],[4.10577,50.85194],[4.10203,50.84972],[4.09815,50.85054],[4.09372,50.8557],[4.08998,50.8546],[4.08041,50.85591],[4.07932,50.85438],[4.07577,50.85421],[4.06864,50.85211],[4.06321,50.85312],[4.05898,50.8548]]]}},{"type":"Feature","id":"23098","bbox":[4.288581,50.779702,4.325764,50.813051],"properties":{"nis":"23098","name":"Drogenbos","nameNl":"Drogenbos","nameFr":"Drogenbos","nameDe":"Drogenbos","province":"vlaams-brabant","region":"flanders","areaKm2":2.49},"geometry":{"type":"Polygon","coordinates":[[[4.3078,50.78212],[4.3137,50.78004],[4.32571,50.7797],[4.32576,50.7799],[4.32187,50.78317],[4.31936,50.78685],[4.31877,50.79215],[4.3164,50.79635],[4.3118,50.79751],[4.30495,50.79875],[4.30205,50.80422],[4.30645,50.81244],[4.30037,50.81287],[4.30105,50.80735],[4.29827,50.8058],[4.30073,50.80182],[4.29644,50.80143],[4.29542,50.8001],[4.28858,50.79641],[4.29145,50.79666],[4.30215,50.79506],[4.30618,50.79303],[4.30693,50.78922],[4.3134,50.78765],[4.31095,50.78571],[4.31096,50.78345],[4.30873,50.78378],[4.3078,50.78212]]]}},{"type":"Feature","id":"23099","bbox":[4.449221,50.818283,4.49293,50.867177],"properties":{"nis":"23099","name":"Kraainem","nameNl":"Kraainem","nameFr":"Kraainem","nameDe":"Kraainem","province":"vlaams-brabant","region":"flanders","areaKm2":5.82},"geometry":{"type":"Polygon","coordinates":[[[4.45786,50.85277],[4.46117,50.8519],[4.46178,50.84879],[4.4652,50.84427],[4.46707,50.84463],[4.46681,50.84015],[4.46817,50.83739],[4.46574,50.83553],[4.47673,50.82041],[4.4781,50.81833],[4.49293,50.82145],[4.48748,50.82766],[4.48458,50.83348],[4.48291,50.83329],[4.48003,50.83622],[4.47035,50.84096],[4.47557,50.84925],[4.48099,50.85499],[4.47979,50.85732],[4.4807,50.86086],[4.47669,50.86152],[4.47467,50.86551],[4.46751,50.86419],[4.46755,50.8657],[4.46299,50.86573],[4.46217,50.86676],[4.45717,50.86502],[4.45282,50.86706],[4.44975,50.86701],[4.4493,50.86422],[4.45232,50.86355],[4.45151,50.86184],[4.45254,50.85848],[4.45851,50.8536],[4.45786,50.85277]]]}},{"type":"Feature","id":"23100","bbox":[4.321675,50.756258,4.367492,50.779903],"properties":{"nis":"23100","name":"Linkebeek","nameNl":"Linkebeek","nameFr":"Linkebeek","nameDe":"Linkebeek","province":"vlaams-brabant","region":"flanders","areaKm2":4.18},"geometry":{"type":"Polygon","coordinates":[[[4.35599,50.75712],[4.3586,50.76072],[4.36194,50.76239],[4.36635,50.76242],[4.36625,50.76598],[4.36749,50.76748],[4.36302,50.76956],[4.36373,50.77137],[4.3629,50.77234],[4.353,50.77351],[4.3468,50.77551],[4.34404,50.77539],[4.34077,50.7736],[4.33125,50.7755],[4.3305,50.77691],[4.32576,50.7799],[4.32571,50.7797],[4.32239,50.77803],[4.32348,50.77548],[4.32202,50.77503],[4.32493,50.77052],[4.32198,50.76944],[4.32476,50.7676],[4.32735,50.76909],[4.33092,50.76657],[4.33812,50.7633],[4.33825,50.76204],[4.34183,50.76006],[4.34482,50.76022],[4.35217,50.75626],[4.35599,50.75712]]]}},{"type":"Feature","id":"23101","bbox":[4.321199,50.715104,4.423898,50.77337],"properties":{"nis":"23101","name":"Sint-Genesius-Rode","nameNl":"Sint-Genesius-Rode","nameFr":"Rhode-Saint-Genèse","nameDe":"Sint-Genesius-Rode","province":"vlaams-brabant","region":"flanders","areaKm2":22.67},"geometry":{"type":"Polygon","coordinates":[[[4.36373,50.77137],[4.36302,50.76956],[4.36749,50.76748],[4.36625,50.76598],[4.36635,50.76242],[4.36194,50.76239],[4.3586,50.76072],[4.35599,50.75712],[4.35394,50.75414],[4.35319,50.74966],[4.3476,50.74953],[4.3456,50.74597],[4.33967,50.74421],[4.34137,50.74236],[4.33951,50.74151],[4.34098,50.73956],[4.33739,50.73928],[4.33542,50.74088],[4.33186,50.74019],[4.32972,50.73831],[4.32331,50.73608],[4.3228,50.73504],[4.3258,50.73264],[4.32298,50.73068],[4.3212,50.72781],[4.32158,50.71978],[4.32299,50.71991],[4.32647,50.71541],[4.32842,50.71841],[4.3316,50.71668],[4.33533,50.71663],[4.33081,50.72076],[4.33374,50.72788],[4.33158,50.72578],[4.32532,50.72327],[4.32383,50.72891],[4.32863,50.72878],[4.33441,50.73428],[4.33807,50.73404],[4.34001,50.73199],[4.35151,50.7151],[4.35853,50.71613],[4.36492,50.71686],[4.37273,50.71622],[4.37181,50.72946],[4.38319,50.73138],[4.3913,50.73212],[4.39342,50.73435],[4.39631,50.73387],[4.41429,50.73515],[4.4052,50.75892],[4.4239,50.7649],[4.4168,50.77337],[4.41262,50.77232],[4.38293,50.76368],[4.38265,50.76874],[4.38105,50.76933],[4.3631,50.7733],[4.36373,50.77137]]]}},{"type":"Feature","id":"23102","bbox":[4.277809,50.89039,4.338964,50.92808],"properties":{"nis":"23102","name":"Wemmel","nameNl":"Wemmel","nameFr":"Wemmel","nameDe":"Wemmel","province":"vlaams-brabant","region":"flanders","areaKm2":8.74},"geometry":{"type":"Polygon","coordinates":[[[4.33896,50.92073],[4.33698,50.92088],[4.33213,50.92499],[4.32735,50.92808],[4.3198,50.92546],[4.31737,50.92395],[4.31365,50.92439],[4.3018,50.9223],[4.2924,50.91685],[4.2805,50.91393],[4.27781,50.91289],[4.28868,50.9078],[4.29218,50.90418],[4.29422,50.90024],[4.29246,50.89912],[4.29576,50.89438],[4.30094,50.89056],[4.30743,50.89099],[4.31377,50.89331],[4.32036,50.89556],[4.32458,50.89858],[4.33092,50.90092],[4.32782,50.90227],[4.32399,50.90541],[4.32288,50.90813],[4.3184,50.91077],[4.32167,50.91257],[4.33896,50.92073]]]}},{"type":"Feature","id":"23103","bbox":[4.470354,50.82598,4.517372,50.861998],"properties":{"nis":"23103","name":"Wezembeek-Oppem","nameNl":"Wezembeek-Oppem","nameFr":"Wezembeek-Oppem","nameDe":"Wezembeek-Oppem","province":"vlaams-brabant","region":"flanders","areaKm2":6.83},"geometry":{"type":"Polygon","coordinates":[[[4.50961,50.83843],[4.50728,50.84781],[4.49751,50.85734],[4.4934,50.85644],[4.48664,50.85973],[4.48766,50.862],[4.4807,50.86086],[4.47979,50.85732],[4.48099,50.85499],[4.47557,50.84925],[4.47035,50.84096],[4.48003,50.83622],[4.48291,50.83329],[4.48458,50.83348],[4.48748,50.82766],[4.49232,50.82879],[4.49082,50.83038],[4.49381,50.83175],[4.5016,50.82598],[4.50599,50.83017],[4.50708,50.83263],[4.51004,50.83385],[4.51293,50.82921],[4.51737,50.83183],[4.50961,50.83843]]]}},{"type":"Feature","id":"23104","bbox":[4.108899,50.779663,4.211951,50.843209],"properties":{"nis":"23104","name":"Lennik","nameNl":"Lennik","nameFr":"Lennik","nameDe":"Lennik","province":"vlaams-brabant","region":"flanders","areaKm2":31.03},"geometry":{"type":"Polygon","coordinates":[[[4.12519,50.81527],[4.1285,50.81414],[4.12722,50.81267],[4.1323,50.80793],[4.13049,50.80287],[4.13696,50.80131],[4.13539,50.79993],[4.13815,50.79794],[4.13982,50.79825],[4.14162,50.79572],[4.1453,50.79523],[4.14288,50.79396],[4.14012,50.79455],[4.14037,50.79269],[4.13639,50.79149],[4.1402,50.78963],[4.1369,50.78498],[4.13842,50.78332],[4.14581,50.78026],[4.14894,50.78216],[4.1522,50.78194],[4.15578,50.77966],[4.15789,50.78295],[4.16229,50.78481],[4.16179,50.78613],[4.16562,50.78623],[4.17348,50.78892],[4.17599,50.78785],[4.17839,50.78895],[4.18161,50.78777],[4.18269,50.78979],[4.18624,50.78665],[4.19012,50.78809],[4.19048,50.78641],[4.19492,50.78798],[4.19417,50.78884],[4.19696,50.7913],[4.20676,50.79548],[4.20548,50.79655],[4.20833,50.7986],[4.20456,50.8018],[4.20358,50.80494],[4.20948,50.80416],[4.2088,50.8103],[4.21195,50.8137],[4.21168,50.81481],[4.21145,50.81764],[4.20717,50.82216],[4.2056,50.82609],[4.20018,50.82656],[4.19992,50.82748],[4.19366,50.83013],[4.18572,50.83208],[4.17775,50.83304],[4.17461,50.83578],[4.16924,50.83834],[4.16601,50.84181],[4.16175,50.84222],[4.16074,50.8407],[4.15801,50.84084],[4.1522,50.84278],[4.14847,50.84321],[4.14734,50.84085],[4.14415,50.84151],[4.14177,50.83736],[4.14063,50.84171],[4.13729,50.84307],[4.13271,50.83851],[4.12879,50.83762],[4.1253,50.83376],[4.11169,50.83293],[4.10893,50.83039],[4.10964,50.82739],[4.11235,50.82701],[4.11465,50.82446],[4.12034,50.82354],[4.11947,50.82183],[4.12457,50.82017],[4.12179,50.81803],[4.12519,50.81527]]]}},{"type":"Feature","id":"23105","bbox":[4.074245,50.883234,4.150486,50.932466],"properties":{"nis":"23105","name":"Affligem","nameNl":"Affligem","nameFr":"Affligem","nameDe":"Affligem","province":"vlaams-brabant","region":"flanders","areaKm2":17.85},"geometry":{"type":"Polygon","coordinates":[[[4.07424,50.8994],[4.07784,50.89679],[4.08241,50.89119],[4.08739,50.89097],[4.08928,50.88881],[4.09704,50.88742],[4.09671,50.88538],[4.10612,50.8845],[4.10883,50.88409],[4.11622,50.88569],[4.12477,50.88495],[4.12804,50.88404],[4.13353,50.88441],[4.14046,50.88323],[4.14451,50.88431],[4.14806,50.88676],[4.14914,50.88866],[4.15049,50.89209],[4.147,50.89679],[4.14786,50.89871],[4.14535,50.90171],[4.14414,50.90674],[4.14132,50.90918],[4.14247,50.91044],[4.14958,50.91303],[4.14628,50.91613],[4.14112,50.91605],[4.13897,50.91697],[4.13666,50.92076],[4.12995,50.92101],[4.12071,50.92345],[4.11965,50.92621],[4.1127,50.92618],[4.09599,50.93247],[4.0952,50.93035],[4.08917,50.9265],[4.09058,50.92418],[4.09091,50.9193],[4.0922,50.91596],[4.09499,50.91548],[4.09472,50.91367],[4.09739,50.91375],[4.10113,50.90999],[4.08515,50.90199],[4.07904,50.90155],[4.07424,50.8994]]]}},{"type":"Feature","id":"23106","bbox":[3.931036,50.687381,4.152356,50.816425],"properties":{"nis":"23106","name":"Pajottegem","nameNl":"Pajottegem","nameFr":"Pajottegem","nameDe":"Pajottegem","province":"vlaams-brabant","region":"flanders","areaKm2":119.7},"geometry":{"type":"Polygon","coordinates":[[[3.94372,50.72906],[3.9457,50.71973],[3.94721,50.71904],[3.95335,50.72055],[3.95823,50.72272],[3.96178,50.72222],[3.96444,50.71845],[3.96992,50.71494],[3.97417,50.71077],[3.97125,50.70222],[3.96158,50.69165],[3.95878,50.68959],[3.96588,50.68983],[3.97125,50.69054],[3.97464,50.68852],[3.98075,50.68853],[3.98722,50.68738],[3.99063,50.68786],[3.99471,50.6916],[4.00339,50.69684],[4.00861,50.69814],[4.00999,50.69941],[4.01255,50.69839],[4.01406,50.69575],[4.01705,50.69391],[4.01912,50.69517],[4.02828,50.69376],[4.03254,50.69464],[4.04758,50.70161],[4.05133,50.70187],[4.05435,50.70084],[4.05867,50.69439],[4.07196,50.71176],[4.08172,50.72449],[4.09142,50.72761],[4.09412,50.7278],[4.10034,50.73188],[4.09888,50.73367],[4.10497,50.73705],[4.10968,50.74087],[4.11635,50.74534],[4.11778,50.74734],[4.11964,50.7454],[4.12341,50.74862],[4.12198,50.74971],[4.1291,50.75228],[4.13452,50.75312],[4.13622,50.75143],[4.13911,50.7534],[4.14332,50.75415],[4.1386,50.75782],[4.14395,50.75921],[4.13994,50.76136],[4.13751,50.7644],[4.13402,50.76547],[4.13357,50.76826],[4.13568,50.76823],[4.14368,50.77167],[4.15236,50.77356],[4.14537,50.77695],[4.14581,50.78026],[4.13842,50.78332],[4.1369,50.78498],[4.1402,50.78963],[4.13639,50.79149],[4.14037,50.79269],[4.14012,50.79455],[4.14288,50.79396],[4.1453,50.79523],[4.14162,50.79572],[4.13982,50.79825],[4.13815,50.79794],[4.13539,50.79993],[4.13696,50.80131],[4.13049,50.80287],[4.1323,50.80793],[4.12722,50.81267],[4.1285,50.81414],[4.12519,50.81527],[4.11997,50.81287],[4.11272,50.81539],[4.10144,50.81151],[4.09356,50.81212],[4.08765,50.81642],[4.08193,50.81446],[4.07466,50.81351],[4.07193,50.81229],[4.07285,50.81034],[4.07117,50.80602],[4.06799,50.80229],[4.06782,50.80033],[4.06254,50.79474],[4.05964,50.79305],[4.06162,50.79095],[4.05647,50.78846],[4.0531,50.78411],[4.04929,50.78614],[4.0404,50.78245],[4.04103,50.77979],[4.03863,50.77937],[4.03678,50.77737],[4.03183,50.7798],[4.02854,50.78028],[4.02694,50.78202],[4.02294,50.77999],[4.01893,50.77668],[4.015,50.77128],[4.00708,50.7741],[4.00181,50.77903],[3.99758,50.77837],[3.99266,50.77438],[3.99162,50.7702],[3.98531,50.76601],[3.9735,50.7672],[3.96853,50.76686],[3.97182,50.77249],[3.97208,50.77558],[3.96542,50.77651],[3.96345,50.77574],[3.96011,50.77972],[3.95655,50.77905],[3.95216,50.77702],[3.94992,50.77702],[3.94565,50.77415],[3.9416,50.77265],[3.93921,50.76839],[3.93104,50.75841],[3.93325,50.75533],[3.93234,50.75249],[3.93295,50.74678],[3.93513,50.74647],[3.94529,50.74975],[3.94716,50.7464],[3.94548,50.74546],[3.94762,50.74411],[3.94787,50.73998],[3.95423,50.73745],[3.9511,50.73184],[3.94671,50.73192],[3.94372,50.72906]]]}},{"type":"Feature","id":"24001","bbox":[4.773965,50.953313,4.936451,51.037519],"properties":{"nis":"24001","name":"Aarschot","nameNl":"Aarschot","nameFr":"Aarschot","nameDe":"Aarschot","province":"vlaams-brabant","region":"flanders","areaKm2":62.82},"geometry":{"type":"Polygon","coordinates":[[[4.77397,50.97823],[4.77523,50.97464],[4.78006,50.97172],[4.77937,50.96954],[4.78227,50.96344],[4.77741,50.9622],[4.77905,50.9589],[4.78391,50.96014],[4.7845,50.95709],[4.78386,50.95341],[4.79845,50.95418],[4.79804,50.95537],[4.80233,50.95698],[4.81246,50.95725],[4.81906,50.9591],[4.82398,50.96155],[4.83321,50.96324],[4.84475,50.96202],[4.86018,50.95835],[4.86583,50.95809],[4.8656,50.95586],[4.86869,50.95621],[4.87635,50.95694],[4.87719,50.95536],[4.8794,50.9566],[4.88665,50.95638],[4.88839,50.95559],[4.89143,50.95707],[4.89695,50.95607],[4.90163,50.95698],[4.9042,50.95537],[4.90921,50.95641],[4.90729,50.95815],[4.91041,50.95951],[4.91173,50.96204],[4.91641,50.9631],[4.9181,50.96062],[4.91783,50.95789],[4.9226,50.9591],[4.93346,50.96031],[4.932,50.96664],[4.92909,50.9712],[4.92647,50.97937],[4.92435,50.98346],[4.92113,50.98212],[4.91699,50.9826],[4.9153,50.98158],[4.91295,50.98297],[4.9115,50.98604],[4.90973,50.98558],[4.90899,50.98776],[4.91074,50.98952],[4.90749,50.99573],[4.90496,50.99497],[4.90245,50.99603],[4.90627,50.99834],[4.90732,50.99737],[4.91151,50.999],[4.91686,50.99823],[4.91959,50.99992],[4.92304,51.00056],[4.92495,51.00249],[4.92579,51.00093],[4.92995,51.00369],[4.92568,51.01143],[4.93197,51.01106],[4.93139,51.01718],[4.93048,51.0189],[4.93382,51.02001],[4.93158,51.02256],[4.93333,51.02313],[4.93232,51.02906],[4.9349,51.02994],[4.93359,51.03247],[4.93645,51.03383],[4.93605,51.03636],[4.93229,51.03748],[4.92882,51.03667],[4.92658,51.03751],[4.92219,51.03717],[4.91829,51.03574],[4.91142,51.03516],[4.90916,51.03255],[4.90638,51.03214],[4.90322,51.02931],[4.90452,51.02587],[4.89854,51.02441],[4.89584,51.0225],[4.89307,51.02365],[4.88653,51.02176],[4.88225,51.01968],[4.87558,51.02327],[4.87256,51.02368],[4.86158,51.02082],[4.85803,51.01676],[4.85132,51.01698],[4.8434,51.01248],[4.83189,51.01266],[4.82579,51.01201],[4.82178,51.0126],[4.81712,51.01053],[4.81483,51.01121],[4.80981,51.01077],[4.80324,51.01078],[4.80179,51.00617],[4.80348,51.00417],[4.80418,50.99876],[4.80814,50.99994],[4.80905,50.99678],[4.81033,50.9971],[4.80865,50.99145],[4.81132,50.99147],[4.81188,50.98978],[4.8056,50.98759],[4.80231,50.98357],[4.8002,50.983],[4.80057,50.98043],[4.79777,50.97916],[4.79112,50.98033],[4.7814,50.9798],[4.78011,50.97822],[4.77693,50.97953],[4.77397,50.97823]]]}},{"type":"Feature","id":"24007","bbox":[4.753125,50.978014,4.811876,51.038944],"properties":{"nis":"24007","name":"Begijnendijk","nameNl":"Begijnendijk","nameFr":"Begijnendijk","nameDe":"Begijnendijk","province":"vlaams-brabant","region":"flanders","areaKm2":17.59},"geometry":{"type":"Polygon","coordinates":[[[4.79901,51.02853],[4.79669,51.02832],[4.79414,51.03124],[4.79093,51.03753],[4.78924,51.03894],[4.77509,51.03522],[4.75829,51.02329],[4.75312,51.02411],[4.75806,51.02047],[4.7616,51.01595],[4.75689,51.01471],[4.76226,51.0105],[4.76939,51.00832],[4.76894,51.00626],[4.77071,51.00128],[4.77435,50.99692],[4.77139,50.99593],[4.77315,50.99331],[4.766,50.99066],[4.75672,50.9888],[4.75691,50.98237],[4.75998,50.98289],[4.76614,50.98151],[4.76598,50.9797],[4.76913,50.98018],[4.77397,50.97823],[4.77693,50.97953],[4.78011,50.97822],[4.7814,50.9798],[4.79112,50.98033],[4.79777,50.97916],[4.80057,50.98043],[4.8002,50.983],[4.80231,50.98357],[4.8056,50.98759],[4.81188,50.98978],[4.81132,50.99147],[4.80865,50.99145],[4.81033,50.9971],[4.80905,50.99678],[4.80814,50.99994],[4.80418,50.99876],[4.80348,51.00417],[4.80179,51.00617],[4.80324,51.01078],[4.80981,51.01077],[4.80817,51.01369],[4.81102,51.01577],[4.8088,51.01806],[4.81121,51.01933],[4.80639,51.02154],[4.80582,51.02558],[4.80227,51.02804],[4.79901,51.02853]]]}},{"type":"Feature","id":"24008","bbox":[4.919405,50.892857,5.045304,50.96931],"properties":{"nis":"24008","name":"Bekkevoort","nameNl":"Bekkevoort","nameFr":"Bekkevoort","nameDe":"Bekkevoort","province":"vlaams-brabant","region":"flanders","areaKm2":37.15},"geometry":{"type":"Polygon","coordinates":[[[4.93346,50.96031],[4.93833,50.95355],[4.94379,50.94895],[4.94609,50.946],[4.94953,50.93274],[4.95188,50.92982],[4.9449,50.92836],[4.93768,50.92583],[4.93459,50.92634],[4.92642,50.92392],[4.92474,50.92042],[4.91944,50.9202],[4.91969,50.91371],[4.92197,50.91345],[4.92337,50.90937],[4.92503,50.90992],[4.92734,50.90365],[4.92996,50.90426],[4.93494,50.9001],[4.93864,50.89558],[4.93961,50.89286],[4.94421,50.89411],[4.94549,50.89546],[4.95032,50.89666],[4.95758,50.90119],[4.95878,50.89945],[4.96767,50.89949],[4.97207,50.9],[4.9773,50.90186],[4.97421,50.90613],[4.9776,50.9086],[4.97673,50.91091],[4.97881,50.9125],[4.97692,50.9141],[4.97769,50.91589],[4.98231,50.91964],[4.98455,50.92035],[4.98631,50.92362],[4.98838,50.9246],[4.9947,50.9245],[4.9958,50.92653],[4.99927,50.92786],[5.00669,50.92772],[5.01213,50.93031],[5.01297,50.92894],[5.00996,50.92456],[5.02135,50.92635],[5.02372,50.92483],[5.0263,50.92657],[5.0453,50.93244],[5.04269,50.93868],[5.0421,50.94277],[5.04133,50.94433],[5.03862,50.94357],[5.0332,50.9524],[5.03055,50.95434],[5.02706,50.95929],[5.02631,50.96319],[5.0338,50.9692],[5.02182,50.96423],[5.01629,50.96191],[5.01023,50.96078],[5.00787,50.96307],[4.99831,50.95813],[4.98813,50.95427],[4.98473,50.95564],[4.97604,50.96238],[4.97513,50.96836],[4.97281,50.96814],[4.96426,50.96421],[4.96437,50.96282],[4.95344,50.96304],[4.93957,50.96215],[4.93346,50.96031]]]}},{"type":"Feature","id":"24009","bbox":[4.546179,50.818388,4.659969,50.890961],"properties":{"nis":"24009","name":"Bertem","nameNl":"Bertem","nameFr":"Bertem","nameDe":"Bertem","province":"vlaams-brabant","region":"flanders","areaKm2":29.89},"geometry":{"type":"Polygon","coordinates":[[[4.64939,50.87847],[4.64889,50.8826],[4.64489,50.88392],[4.64158,50.88394],[4.63588,50.88557],[4.63613,50.88886],[4.63258,50.88805],[4.62944,50.88969],[4.62259,50.88997],[4.62104,50.89096],[4.61733,50.88969],[4.61557,50.89087],[4.60873,50.88918],[4.6076,50.88669],[4.61374,50.88295],[4.61468,50.87962],[4.61107,50.87847],[4.609,50.87485],[4.61185,50.87322],[4.605,50.86821],[4.59762,50.86854],[4.59233,50.86578],[4.58578,50.8638],[4.57931,50.86249],[4.5784,50.8616],[4.57039,50.85963],[4.56598,50.8601],[4.56409,50.85827],[4.55921,50.85778],[4.55221,50.8559],[4.54618,50.85337],[4.55229,50.85175],[4.55591,50.84635],[4.56083,50.84287],[4.57325,50.83573],[4.5804,50.82983],[4.58084,50.82768],[4.58439,50.82076],[4.58224,50.82009],[4.58657,50.81839],[4.58853,50.82002],[4.5942,50.82182],[4.59418,50.82461],[4.59156,50.82743],[4.59676,50.83189],[4.60308,50.83521],[4.60729,50.82987],[4.61551,50.83204],[4.62074,50.82836],[4.62316,50.82851],[4.63048,50.83248],[4.63416,50.83268],[4.64522,50.83087],[4.64449,50.83495],[4.64816,50.83658],[4.64625,50.83902],[4.64844,50.83883],[4.65299,50.84148],[4.65156,50.84275],[4.65643,50.84362],[4.65694,50.84605],[4.65997,50.84736],[4.65464,50.85163],[4.65451,50.85258],[4.64953,50.84949],[4.64941,50.84792],[4.64594,50.849],[4.6457,50.85057],[4.64102,50.85291],[4.64031,50.85586],[4.64161,50.85911],[4.64637,50.8611],[4.64674,50.86714],[4.64469,50.87688],[4.64939,50.87847]]]}},{"type":"Feature","id":"24011","bbox":[4.691231,50.788142,4.81945,50.875649],"properties":{"nis":"24011","name":"Bierbeek","nameNl":"Bierbeek","nameFr":"Bierbeek","nameDe":"Bierbeek","province":"vlaams-brabant","region":"flanders","areaKm2":38.83},"geometry":{"type":"Polygon","coordinates":[[[4.79646,50.79547],[4.80063,50.79585],[4.80272,50.79899],[4.80851,50.80063],[4.81423,50.80146],[4.81945,50.80354],[4.81584,50.80849],[4.80464,50.81568],[4.80586,50.81728],[4.80319,50.81923],[4.79826,50.8194],[4.8046,50.82506],[4.80245,50.82942],[4.80691,50.82991],[4.80821,50.83163],[4.80681,50.83452],[4.81568,50.83539],[4.81302,50.83767],[4.80524,50.83993],[4.80427,50.84216],[4.79603,50.84699],[4.80035,50.84784],[4.8046,50.84578],[4.81108,50.84614],[4.81264,50.85234],[4.8099,50.85285],[4.81009,50.85851],[4.80799,50.85919],[4.80912,50.85639],[4.80801,50.85308],[4.80412,50.85879],[4.79901,50.85795],[4.79153,50.85777],[4.78685,50.86453],[4.77718,50.86802],[4.77467,50.8696],[4.77405,50.87176],[4.7695,50.87485],[4.76626,50.87565],[4.76553,50.87269],[4.76004,50.87296],[4.7541,50.87186],[4.74981,50.86735],[4.74823,50.86747],[4.74615,50.86468],[4.73946,50.85984],[4.73444,50.85702],[4.73929,50.84611],[4.742,50.84267],[4.74388,50.83724],[4.7466,50.83379],[4.74286,50.83413],[4.74239,50.82891],[4.74318,50.82708],[4.73941,50.82648],[4.73909,50.82285],[4.73622,50.82226],[4.73086,50.82328],[4.73808,50.81067],[4.7363,50.81],[4.70671,50.80813],[4.70875,50.80103],[4.69141,50.79716],[4.6927,50.7926],[4.69123,50.7918],[4.69164,50.78814],[4.69556,50.78878],[4.69483,50.79046],[4.69885,50.78938],[4.70314,50.79033],[4.70948,50.79347],[4.7105,50.79619],[4.71332,50.79403],[4.71192,50.7932],[4.71549,50.78892],[4.7209,50.79207],[4.7194,50.79309],[4.72776,50.79775],[4.72381,50.80109],[4.72634,50.80311],[4.736,50.80026],[4.7365,50.80224],[4.73914,50.8043],[4.74204,50.80385],[4.74765,50.80709],[4.75386,50.8064],[4.76008,50.80668],[4.76201,50.80249],[4.76673,50.80407],[4.78434,50.79942],[4.7855,50.79993],[4.79066,50.79874],[4.79646,50.79547]]]}},{"type":"Feature","id":"24014","bbox":[4.51236,50.958219,4.612874,51.003463],"properties":{"nis":"24014","name":"Boortmeerbeek","nameNl":"Boortmeerbeek","nameFr":"Boortmeerbeek","nameDe":"Boortmeerbeek","province":"vlaams-brabant","region":"flanders","areaKm2":18.69},"geometry":{"type":"Polygon","coordinates":[[[4.54837,51.00277],[4.54425,51.00211],[4.53985,50.99793],[4.53757,50.99955],[4.53351,50.997],[4.53065,50.99749],[4.53191,50.99466],[4.5287,50.99227],[4.51236,50.98026],[4.51901,50.97857],[4.52211,50.97662],[4.52235,50.97395],[4.52516,50.9706],[4.53141,50.97021],[4.53715,50.9683],[4.53983,50.96668],[4.54313,50.96794],[4.55989,50.96732],[4.56374,50.96414],[4.56689,50.96352],[4.56529,50.96185],[4.56619,50.95863],[4.57587,50.95859],[4.57526,50.95964],[4.59231,50.96528],[4.60391,50.95914],[4.60608,50.96298],[4.61258,50.96656],[4.61287,50.96832],[4.60682,50.96868],[4.60273,50.97033],[4.60303,50.97484],[4.59944,50.97429],[4.5981,50.976],[4.59415,50.97792],[4.58932,50.98257],[4.59147,50.98395],[4.58848,50.98468],[4.58943,50.98833],[4.58569,50.99147],[4.58415,50.99026],[4.57862,50.99212],[4.58163,50.99296],[4.57865,50.99611],[4.57448,50.99523],[4.57293,50.99809],[4.57091,50.9984],[4.56946,50.99628],[4.57295,50.99576],[4.56975,50.99378],[4.56772,50.99583],[4.56488,50.99579],[4.56251,50.99849],[4.56637,50.9996],[4.56519,51.00104],[4.56084,51.00071],[4.55162,51.00346],[4.54837,51.00277]]]}},{"type":"Feature","id":"24016","bbox":[4.79603,50.790379,4.899437,50.872293],"properties":{"nis":"24016","name":"Boutersem","nameNl":"Boutersem","nameFr":"Boutersem","nameDe":"Boutersem","province":"vlaams-brabant","region":"flanders","areaKm2":31.03},"geometry":{"type":"Polygon","coordinates":[[[4.89587,50.85204],[4.89302,50.85172],[4.88588,50.85808],[4.88066,50.86199],[4.88014,50.86393],[4.87725,50.86685],[4.8743,50.87229],[4.86662,50.87075],[4.86371,50.87107],[4.85286,50.86785],[4.85039,50.86368],[4.85059,50.86168],[4.83955,50.86005],[4.83554,50.85833],[4.83572,50.8567],[4.82477,50.85525],[4.82114,50.85242],[4.81408,50.85269],[4.81494,50.85745],[4.81009,50.85851],[4.8099,50.85285],[4.81264,50.85234],[4.81108,50.84614],[4.8046,50.84578],[4.80035,50.84784],[4.79603,50.84699],[4.80427,50.84216],[4.80524,50.83993],[4.81302,50.83767],[4.81568,50.83539],[4.80681,50.83452],[4.80821,50.83163],[4.80691,50.82991],[4.80245,50.82942],[4.8046,50.82506],[4.79826,50.8194],[4.80319,50.81923],[4.80586,50.81728],[4.80464,50.81568],[4.81584,50.80849],[4.81945,50.80354],[4.81423,50.80146],[4.80851,50.80063],[4.80272,50.79899],[4.80063,50.79585],[4.79646,50.79547],[4.80004,50.79277],[4.80053,50.79038],[4.80374,50.79301],[4.80558,50.79149],[4.81224,50.79369],[4.81307,50.79549],[4.81475,50.79416],[4.81773,50.79506],[4.82042,50.79411],[4.82604,50.8009],[4.8297,50.80219],[4.8363,50.803],[4.84407,50.80458],[4.85179,50.80269],[4.85683,50.80199],[4.85823,50.80307],[4.85729,50.80591],[4.8557,50.80605],[4.85598,50.80961],[4.85437,50.81019],[4.85747,50.81351],[4.85172,50.81979],[4.85175,50.82176],[4.86296,50.82344],[4.86242,50.8247],[4.86678,50.82588],[4.86676,50.82729],[4.87316,50.82636],[4.87719,50.83167],[4.87916,50.83155],[4.87743,50.83396],[4.87345,50.83621],[4.87322,50.84128],[4.87635,50.84173],[4.88249,50.84464],[4.88502,50.84475],[4.89293,50.8474],[4.89944,50.84859],[4.89587,50.85204]]]}},{"type":"Feature","id":"24020","bbox":[4.994753,50.942771,5.159719,51.049824],"properties":{"nis":"24020","name":"Diest","nameNl":"Diest","nameFr":"Diest","nameDe":"Diest","province":"vlaams-brabant","region":"flanders","areaKm2":58.51},"geometry":{"type":"Polygon","coordinates":[[[5.02182,50.96423],[5.0338,50.9692],[5.02631,50.96319],[5.02706,50.95929],[5.03055,50.95434],[5.0332,50.9524],[5.03862,50.94357],[5.04133,50.94433],[5.0421,50.94277],[5.04748,50.94463],[5.05244,50.94552],[5.05626,50.94983],[5.05543,50.95059],[5.05787,50.95381],[5.06624,50.95697],[5.07571,50.95902],[5.0797,50.96442],[5.08429,50.96829],[5.08516,50.97005],[5.08131,50.9741],[5.08099,50.978],[5.07884,50.98274],[5.08394,50.984],[5.08214,50.98535],[5.08353,50.98654],[5.09457,50.98886],[5.09868,50.99162],[5.10804,50.9964],[5.11692,50.9988],[5.11815,50.99788],[5.12444,50.99774],[5.12087,51.00588],[5.12248,51.00791],[5.12079,51.01148],[5.11736,51.01517],[5.11527,51.0192],[5.12049,51.02132],[5.12318,51.02337],[5.12737,51.02453],[5.12873,51.02197],[5.12391,51.01968],[5.12657,51.01624],[5.12986,51.01505],[5.14064,51.01754],[5.15225,51.02234],[5.15972,51.02418],[5.15402,51.02642],[5.14649,51.03057],[5.14561,51.03191],[5.13955,51.03602],[5.12485,51.04509],[5.12162,51.04764],[5.11664,51.04956],[5.11267,51.0483],[5.10273,51.04797],[5.08666,51.04967],[5.07937,51.04746],[5.07796,51.0428],[5.07872,51.03767],[5.08044,51.03345],[5.08044,51.02914],[5.08243,51.02827],[5.08345,51.02391],[5.07949,51.02197],[5.07155,51.02076],[5.06655,51.01747],[5.06182,51.01687],[5.05821,51.01545],[5.05581,51.02186],[5.04366,51.02443],[5.04037,51.02241],[5.02223,51.01991],[5.0067,51.014],[4.99946,51.00789],[4.99755,51.00847],[4.99475,51.00295],[4.99624,51.00136],[4.99894,51.00172],[5.00172,51.00024],[5.00065,50.99731],[5.002,50.99352],[5.00488,50.9923],[5.00977,50.9926],[5.01126,50.99087],[5.01457,50.98993],[5.01881,50.99016],[5.01898,50.98636],[5.01181,50.98405],[5.01422,50.98182],[5.01694,50.97341],[5.02137,50.96705],[5.02182,50.96423]]]}},{"type":"Feature","id":"24028","bbox":[5.065459,50.857885,5.188036,50.92154],"properties":{"nis":"24028","name":"Geetbets","nameNl":"Geetbets","nameFr":"Geetbets","nameDe":"Geetbets","province":"vlaams-brabant","region":"flanders","areaKm2":35.39},"geometry":{"type":"Polygon","coordinates":[[[5.14844,50.85806],[5.15048,50.85797],[5.14843,50.86051],[5.1522,50.86139],[5.15436,50.86419],[5.15527,50.87093],[5.15444,50.87595],[5.15508,50.87951],[5.16209,50.87658],[5.16176,50.87601],[5.1695,50.87238],[5.17325,50.87405],[5.17917,50.87914],[5.17984,50.88154],[5.1784,50.8835],[5.17922,50.88614],[5.1856,50.88896],[5.18668,50.89375],[5.1866,50.89843],[5.18799,50.90222],[5.18705,50.90529],[5.18435,50.9077],[5.17643,50.91164],[5.16954,50.91361],[5.16542,50.9123],[5.1569,50.91174],[5.14853,50.91306],[5.14438,50.91244],[5.14019,50.91362],[5.13537,50.91403],[5.13465,50.9207],[5.13257,50.92153],[5.12537,50.91863],[5.10979,50.91659],[5.10148,50.91433],[5.09617,50.91201],[5.09203,50.90898],[5.09124,50.90536],[5.0887,50.89993],[5.08329,50.90176],[5.07903,50.89922],[5.07942,50.89815],[5.07437,50.89699],[5.07293,50.89467],[5.07581,50.89243],[5.07372,50.89017],[5.06903,50.88806],[5.07143,50.88651],[5.06546,50.88467],[5.07573,50.88147],[5.08265,50.87711],[5.08324,50.87578],[5.09073,50.86899],[5.09803,50.87099],[5.10493,50.87569],[5.10789,50.87708],[5.11181,50.87693],[5.11371,50.87932],[5.11737,50.87811],[5.11727,50.87551],[5.11565,50.8751],[5.11447,50.8696],[5.12009,50.86732],[5.12376,50.86501],[5.14842,50.85911],[5.14844,50.85806]]]}},{"type":"Feature","id":"24033","bbox":[4.585688,50.924521,4.689465,50.994545],"properties":{"nis":"24033","name":"Haacht","nameNl":"Haacht","nameFr":"Haacht","nameDe":"Haacht","province":"vlaams-brabant","region":"flanders","areaKm2":30.62},"geometry":{"type":"Polygon","coordinates":[[[4.61699,50.94476],[4.62825,50.94651],[4.63784,50.94554],[4.63761,50.93841],[4.63954,50.93651],[4.64288,50.92874],[4.64521,50.92452],[4.64989,50.92671],[4.66306,50.9287],[4.66234,50.92932],[4.67094,50.93207],[4.66998,50.93515],[4.67118,50.93596],[4.67463,50.93747],[4.6764,50.93945],[4.68947,50.94407],[4.68419,50.94778],[4.68325,50.94993],[4.68666,50.95079],[4.68304,50.95284],[4.68619,50.95366],[4.68155,50.95559],[4.67344,50.96346],[4.67019,50.96494],[4.676,50.96624],[4.67481,50.97102],[4.67777,50.97465],[4.67683,50.97697],[4.67255,50.97575],[4.67108,50.97948],[4.67173,50.98317],[4.66995,50.98599],[4.66554,50.98731],[4.66223,50.98971],[4.65923,50.98928],[4.65667,50.98754],[4.65349,50.98728],[4.6503,50.98557],[4.64385,50.98555],[4.64024,50.98767],[4.63928,50.99097],[4.63417,50.9924],[4.63045,50.99176],[4.61896,50.99332],[4.61521,50.99221],[4.61126,50.99368],[4.60872,50.9921],[4.60477,50.99159],[4.60085,50.99243],[4.60072,50.99454],[4.59857,50.99285],[4.59698,50.99402],[4.59218,50.99336],[4.58819,50.99385],[4.58569,50.99147],[4.58943,50.98833],[4.58848,50.98468],[4.59147,50.98395],[4.58932,50.98257],[4.59415,50.97792],[4.5981,50.976],[4.59944,50.97429],[4.60303,50.97484],[4.60273,50.97033],[4.60682,50.96868],[4.61287,50.96832],[4.61258,50.96656],[4.60608,50.96298],[4.60391,50.95914],[4.61132,50.95558],[4.61885,50.95418],[4.61671,50.94847],[4.61445,50.94575],[4.61699,50.94476]]]}},{"type":"Feature","id":"24038","bbox":[4.598304,50.878453,4.7026,50.946513],"properties":{"nis":"24038","name":"Herent","nameNl":"Herent","nameFr":"Herent","nameDe":"Herent","province":"vlaams-brabant","region":"flanders","areaKm2":32.62},"geometry":{"type":"Polygon","coordinates":[[[4.61699,50.94476],[4.61871,50.93934],[4.6182,50.93618],[4.6039,50.93484],[4.60336,50.93326],[4.60507,50.93026],[4.60307,50.92799],[4.60375,50.92589],[4.60224,50.91968],[4.60533,50.91753],[4.60433,50.91552],[4.60833,50.91359],[4.61039,50.91029],[4.61119,50.90622],[4.60618,50.9037],[4.60128,50.89967],[4.60153,50.89802],[4.59858,50.89285],[4.60468,50.89105],[4.60873,50.88918],[4.61557,50.89087],[4.61733,50.88969],[4.62104,50.89096],[4.62259,50.88997],[4.62944,50.88969],[4.63258,50.88805],[4.63613,50.88886],[4.63588,50.88557],[4.64158,50.88394],[4.64489,50.88392],[4.64889,50.8826],[4.64939,50.87847],[4.65546,50.87845],[4.6681,50.87988],[4.6711,50.88162],[4.67089,50.88302],[4.67816,50.89022],[4.68838,50.89452],[4.68867,50.89689],[4.69317,50.89936],[4.69159,50.90371],[4.69255,50.9095],[4.69522,50.91077],[4.69408,50.91598],[4.69595,50.91654],[4.69379,50.91882],[4.6974,50.92002],[4.7026,50.92002],[4.68522,50.92665],[4.67118,50.93596],[4.66998,50.93515],[4.67094,50.93207],[4.66234,50.92932],[4.66306,50.9287],[4.64989,50.92671],[4.64521,50.92452],[4.64288,50.92874],[4.63954,50.93651],[4.63761,50.93841],[4.63784,50.94554],[4.62825,50.94651],[4.61699,50.94476]]]}},{"type":"Feature","id":"24041","bbox":[4.800527,50.742693,4.953819,50.813512],"properties":{"nis":"24041","name":"Hoegaarden","nameNl":"Hoegaarden","nameFr":"Hoegaarden","nameDe":"Hoegaarden","province":"vlaams-brabant","region":"flanders","areaKm2":34.01},"geometry":{"type":"Polygon","coordinates":[[[4.92565,50.7428],[4.9296,50.74497],[4.92869,50.74719],[4.93126,50.74765],[4.93896,50.74736],[4.94267,50.74906],[4.95382,50.75095],[4.95326,50.75209],[4.93063,50.77381],[4.92699,50.77702],[4.91823,50.7832],[4.90895,50.78819],[4.85747,50.81351],[4.85437,50.81019],[4.85598,50.80961],[4.8557,50.80605],[4.85729,50.80591],[4.85823,50.80307],[4.85683,50.80199],[4.85179,50.80269],[4.84407,50.80458],[4.8363,50.803],[4.8297,50.80219],[4.82604,50.8009],[4.82042,50.79411],[4.81773,50.79506],[4.81475,50.79416],[4.81307,50.79549],[4.81224,50.79369],[4.80558,50.79149],[4.80374,50.79301],[4.80053,50.79038],[4.80414,50.78778],[4.8074,50.78691],[4.80943,50.78107],[4.81243,50.77749],[4.8122,50.77621],[4.82078,50.77596],[4.82833,50.77721],[4.8306,50.77433],[4.83523,50.7762],[4.83854,50.77289],[4.83122,50.77052],[4.83304,50.76515],[4.83516,50.76276],[4.83862,50.76318],[4.84552,50.76678],[4.84659,50.768],[4.85172,50.76526],[4.85401,50.76695],[4.86096,50.76386],[4.86916,50.76627],[4.87403,50.76464],[4.87679,50.76682],[4.88229,50.7633],[4.88553,50.76277],[4.89279,50.76663],[4.89294,50.76903],[4.89975,50.77261],[4.89958,50.76912],[4.90227,50.76807],[4.90856,50.76916],[4.9054,50.76588],[4.90738,50.76486],[4.90259,50.76052],[4.90914,50.75639],[4.91121,50.75575],[4.90935,50.75439],[4.90619,50.74975],[4.91372,50.74984],[4.91969,50.74778],[4.92565,50.7428]]]}},{"type":"Feature","id":"24043","bbox":[4.715675,50.896883,4.872047,50.963245],"properties":{"nis":"24043","name":"Holsbeek","nameNl":"Holsbeek","nameFr":"Holsbeek","nameDe":"Holsbeek","province":"vlaams-brabant","region":"flanders","areaKm2":38.64},"geometry":{"type":"Polygon","coordinates":[[[4.84866,50.91111],[4.8449,50.91348],[4.84425,50.91642],[4.84644,50.92036],[4.84501,50.92423],[4.84613,50.92691],[4.84298,50.93089],[4.84537,50.93229],[4.85091,50.93345],[4.85066,50.93595],[4.85498,50.93745],[4.85221,50.94254],[4.85774,50.9428],[4.86642,50.94632],[4.86612,50.94856],[4.86955,50.94862],[4.87205,50.9506],[4.86869,50.95621],[4.8656,50.95586],[4.86583,50.95809],[4.86018,50.95835],[4.84475,50.96202],[4.83321,50.96324],[4.82398,50.96155],[4.81906,50.9591],[4.81246,50.95725],[4.80233,50.95698],[4.79804,50.95537],[4.79845,50.95418],[4.80331,50.94356],[4.79932,50.94201],[4.79752,50.94688],[4.79095,50.94493],[4.78325,50.94452],[4.78501,50.9363],[4.78028,50.93678],[4.7718,50.93549],[4.75781,50.93576],[4.75159,50.9354],[4.75062,50.93695],[4.74727,50.93602],[4.74515,50.93746],[4.74348,50.93608],[4.74753,50.9282],[4.74491,50.92539],[4.73615,50.92291],[4.72814,50.92264],[4.72987,50.91955],[4.72016,50.91717],[4.71568,50.91429],[4.71572,50.90916],[4.71798,50.90718],[4.72041,50.90866],[4.72895,50.90631],[4.74797,50.90883],[4.76061,50.90782],[4.76484,50.90802],[4.77012,50.90637],[4.77746,50.9088],[4.77855,50.90788],[4.78587,50.90835],[4.78986,50.90973],[4.79409,50.90632],[4.7956,50.90283],[4.7981,50.90009],[4.79783,50.89688],[4.80808,50.90153],[4.81065,50.90457],[4.81558,50.90668],[4.82661,50.90799],[4.8318,50.90804],[4.83833,50.91132],[4.84202,50.91174],[4.84866,50.91111]]]}},{"type":"Feature","id":"24045","bbox":[4.555145,50.741031,4.655426,50.835207],"properties":{"nis":"24045","name":"Huldenberg","nameNl":"Huldenberg","nameFr":"Huldenberg","nameDe":"Huldenberg","province":"vlaams-brabant","region":"flanders","areaKm2":39.81},"geometry":{"type":"Polygon","coordinates":[[[4.64192,50.79877],[4.63613,50.80069],[4.63231,50.79834],[4.63295,50.80295],[4.63216,50.80516],[4.63426,50.80916],[4.64001,50.81132],[4.64333,50.81562],[4.64623,50.8172],[4.64218,50.8211],[4.64128,50.82509],[4.64423,50.82594],[4.64317,50.8277],[4.64522,50.83087],[4.63416,50.83268],[4.63048,50.83248],[4.62316,50.82851],[4.62074,50.82836],[4.61551,50.83204],[4.60729,50.82987],[4.60308,50.83521],[4.59676,50.83189],[4.59156,50.82743],[4.59418,50.82461],[4.5942,50.82182],[4.58853,50.82002],[4.58657,50.81839],[4.57447,50.81334],[4.56897,50.81233],[4.56763,50.80877],[4.56689,50.80494],[4.57201,50.80493],[4.5721,50.80086],[4.57022,50.79847],[4.56158,50.79328],[4.55519,50.79169],[4.55847,50.78715],[4.56324,50.7853],[4.57002,50.78409],[4.57297,50.78258],[4.57522,50.78442],[4.57844,50.78478],[4.58274,50.78091],[4.58342,50.77909],[4.58075,50.77645],[4.58158,50.77366],[4.58812,50.77638],[4.59117,50.77374],[4.59602,50.77448],[4.60258,50.77393],[4.6082,50.77456],[4.61338,50.77268],[4.60488,50.76843],[4.60635,50.76704],[4.59963,50.76321],[4.59721,50.76357],[4.59849,50.76262],[4.59786,50.75898],[4.60112,50.7555],[4.60117,50.75189],[4.59927,50.74992],[4.59978,50.74773],[4.5983,50.74563],[4.60379,50.7426],[4.60508,50.74103],[4.60985,50.74238],[4.62029,50.74344],[4.62569,50.74417],[4.62802,50.74256],[4.6349,50.74321],[4.63868,50.74463],[4.63907,50.74629],[4.64143,50.74522],[4.6468,50.74851],[4.64483,50.74954],[4.64731,50.75218],[4.65242,50.75248],[4.65033,50.75476],[4.65498,50.7547],[4.65543,50.75746],[4.65266,50.75968],[4.64724,50.75911],[4.64426,50.7656],[4.64046,50.76812],[4.64175,50.76905],[4.63628,50.77234],[4.63942,50.77464],[4.63712,50.77492],[4.63971,50.7787],[4.64322,50.77889],[4.64429,50.78366],[4.64641,50.78665],[4.64697,50.79046],[4.64416,50.79361],[4.64192,50.79877]]]}},{"type":"Feature","id":"24048","bbox":[4.598542,50.98538,4.70949,51.024032],"properties":{"nis":"24048","name":"Keerbergen","nameNl":"Keerbergen","nameFr":"Keerbergen","nameDe":"Keerbergen","province":"vlaams-brabant","region":"flanders","areaKm2":18.5},"geometry":{"type":"Polygon","coordinates":[[[4.6853,51.02398],[4.67031,51.02005],[4.66173,51.01874],[4.65465,51.01974],[4.64827,51.01973],[4.63471,51.01721],[4.63029,51.01379],[4.6292,51.01043],[4.60989,51.01172],[4.61009,51.00999],[4.60569,51.01129],[4.60442,51.00033],[4.59854,50.99832],[4.59898,50.9953],[4.60072,50.99454],[4.60085,50.99243],[4.60477,50.99159],[4.60872,50.9921],[4.61126,50.99368],[4.61521,50.99221],[4.61896,50.99332],[4.63045,50.99176],[4.63417,50.9924],[4.63928,50.99097],[4.64024,50.98767],[4.64385,50.98555],[4.6503,50.98557],[4.65349,50.98728],[4.65545,50.98936],[4.65288,50.99051],[4.65295,50.9921],[4.6557,50.99385],[4.6699,50.99603],[4.68875,50.9943],[4.69218,50.99474],[4.69536,50.99918],[4.6982,51.00158],[4.70949,51.01359],[4.70409,51.01529],[4.69776,51.01617],[4.69216,51.0163],[4.69065,51.01876],[4.6853,51.02398]]]}},{"type":"Feature","id":"24054","bbox":[4.969199,50.845527,5.092033,50.932586],"properties":{"nis":"24054","name":"Kortenaken","nameNl":"Kortenaken","nameFr":"Kortenaken","nameDe":"Kortenaken","province":"vlaams-brabant","region":"flanders","areaKm2":49.26},"geometry":{"type":"Polygon","coordinates":[[[5.05957,50.86068],[5.05328,50.86759],[5.04339,50.87481],[5.04471,50.8769],[5.04967,50.87972],[5.05802,50.88116],[5.0601,50.88058],[5.06546,50.88467],[5.07143,50.88651],[5.06903,50.88806],[5.07372,50.89017],[5.07581,50.89243],[5.07293,50.89467],[5.07437,50.89699],[5.07942,50.89815],[5.07903,50.89922],[5.08329,50.90176],[5.0887,50.89993],[5.09124,50.90536],[5.09203,50.90898],[5.08726,50.91205],[5.07943,50.91946],[5.07636,50.92136],[5.07302,50.91943],[5.06644,50.91691],[5.06058,50.91756],[5.05129,50.92317],[5.0453,50.93244],[5.0263,50.92657],[5.02372,50.92483],[5.02135,50.92635],[5.00996,50.92456],[5.01297,50.92894],[5.01213,50.93031],[5.00669,50.92772],[4.99927,50.92786],[4.9958,50.92653],[4.9947,50.9245],[4.98838,50.9246],[4.98631,50.92362],[4.98455,50.92035],[4.98231,50.91964],[4.97769,50.91589],[4.97692,50.9141],[4.97881,50.9125],[4.97673,50.91091],[4.9776,50.9086],[4.97421,50.90613],[4.9773,50.90186],[4.97207,50.9],[4.97309,50.89676],[4.97525,50.89546],[4.9747,50.89164],[4.97771,50.887],[4.9692,50.88475],[4.97255,50.88177],[4.97374,50.88263],[4.98176,50.87552],[4.98675,50.87396],[4.98415,50.87121],[4.97554,50.86699],[4.97859,50.86511],[4.97831,50.86231],[4.97967,50.85993],[4.98564,50.85717],[4.98758,50.85507],[4.99341,50.85193],[4.99245,50.84913],[4.98798,50.84793],[4.98913,50.84553],[4.99583,50.84676],[4.99842,50.84617],[5.00415,50.84793],[5.01233,50.85285],[5.01623,50.85729],[5.02089,50.85802],[5.02703,50.86373],[5.02459,50.865],[5.03094,50.86829],[5.03059,50.8622],[5.03417,50.85602],[5.03982,50.85778],[5.05581,50.861],[5.05957,50.86068]]]}},{"type":"Feature","id":"24055","bbox":[4.515053,50.85573,4.614674,50.934837],"properties":{"nis":"24055","name":"Kortenberg","nameNl":"Kortenberg","nameFr":"Kortenberg","nameDe":"Kortenberg","province":"vlaams-brabant","region":"flanders","areaKm2":34.59},"geometry":{"type":"Polygon","coordinates":[[[4.55221,50.8559],[4.55921,50.85778],[4.56409,50.85827],[4.56598,50.8601],[4.57039,50.85963],[4.5784,50.8616],[4.57931,50.86249],[4.58578,50.8638],[4.59233,50.86578],[4.59762,50.86854],[4.605,50.86821],[4.61185,50.87322],[4.609,50.87485],[4.61107,50.87847],[4.61468,50.87962],[4.61374,50.88295],[4.6076,50.88669],[4.60873,50.88918],[4.60468,50.89105],[4.59858,50.89285],[4.60153,50.89802],[4.60128,50.89967],[4.60618,50.9037],[4.61119,50.90622],[4.61039,50.91029],[4.60833,50.91359],[4.60433,50.91552],[4.60533,50.91753],[4.60224,50.91968],[4.60375,50.92589],[4.60307,50.92799],[4.60507,50.93026],[4.60336,50.93326],[4.6039,50.93484],[4.5938,50.93263],[4.59432,50.93122],[4.58999,50.92963],[4.58926,50.92662],[4.5924,50.92278],[4.59254,50.9209],[4.58851,50.91974],[4.58626,50.92074],[4.57698,50.91707],[4.56893,50.91569],[4.5694,50.91283],[4.56759,50.91465],[4.5629,50.91334],[4.56088,50.91546],[4.55839,50.91449],[4.5597,50.91305],[4.55844,50.91077],[4.55441,50.9137],[4.54112,50.91188],[4.54031,50.90988],[4.5326,50.90976],[4.52987,50.90743],[4.53221,50.90632],[4.52977,50.90345],[4.53229,50.90132],[4.53123,50.89944],[4.53412,50.89637],[4.51991,50.89135],[4.51505,50.89011],[4.52669,50.87051],[4.53424,50.86784],[4.54273,50.86343],[4.54361,50.86117],[4.55221,50.8559]]]}},{"type":"Feature","id":"24059","bbox":[4.983937,50.703346,5.121447,50.794787],"properties":{"nis":"24059","name":"Landen","nameNl":"Landen","nameFr":"Landen","nameDe":"Landen","province":"vlaams-brabant","region":"flanders","areaKm2":53.12},"geometry":{"type":"Polygon","coordinates":[[[5.10659,50.77906],[5.10306,50.77981],[5.10484,50.78131],[5.10308,50.78208],[5.09672,50.7811],[5.09213,50.7823],[5.08654,50.7865],[5.09187,50.79063],[5.08878,50.79101],[5.0823,50.79362],[5.07797,50.79384],[5.07519,50.79139],[5.06797,50.78296],[5.0621,50.77949],[5.05819,50.77813],[5.05703,50.77885],[5.05511,50.77603],[5.04831,50.77947],[5.04036,50.78193],[5.04298,50.78528],[5.04365,50.78965],[5.0397,50.79089],[5.03783,50.79258],[5.03268,50.78985],[5.02841,50.79229],[5.02779,50.79361],[5.02498,50.79215],[5.02408,50.79354],[5.01894,50.79256],[5.01269,50.79479],[5.01153,50.79396],[4.99789,50.79105],[4.98394,50.78011],[4.98802,50.77709],[4.98708,50.77635],[4.99037,50.77425],[4.98811,50.77263],[4.98647,50.76922],[5.002,50.76516],[5.00335,50.76597],[5.0102,50.76115],[5.01629,50.75582],[5.01953,50.75077],[5.03008,50.7469],[5.03325,50.74441],[5.04813,50.73905],[5.0451,50.73673],[5.04565,50.7357],[5.04245,50.73408],[5.047,50.73128],[5.04534,50.72899],[5.04643,50.72531],[5.04401,50.72347],[5.04782,50.72195],[5.05645,50.7157],[5.05953,50.71499],[5.06217,50.71586],[5.06544,50.71461],[5.06307,50.71352],[5.06558,50.71047],[5.0697,50.70867],[5.07038,50.70647],[5.07537,50.70906],[5.08137,50.70808],[5.08315,50.70532],[5.08644,50.70665],[5.0919,50.70394],[5.09586,50.70335],[5.10021,50.70559],[5.10349,50.70916],[5.10677,50.71255],[5.10474,50.71344],[5.10705,50.71571],[5.10559,50.71681],[5.10847,50.71907],[5.11028,50.72246],[5.11413,50.72742],[5.11294,50.7277],[5.11478,50.73067],[5.11922,50.73161],[5.12145,50.73547],[5.11461,50.73762],[5.10906,50.74085],[5.1017,50.74114],[5.10153,50.74416],[5.10415,50.75098],[5.10938,50.75618],[5.10803,50.75679],[5.11356,50.76082],[5.11693,50.76421],[5.11328,50.76742],[5.11441,50.76869],[5.11129,50.77076],[5.11125,50.77296],[5.10857,50.77748],[5.10659,50.77906]]]}},{"type":"Feature","id":"24062","bbox":[4.640307,50.824208,4.770425,50.944074],"properties":{"nis":"24062","name":"Leuven","nameNl":"Leuven","nameFr":"Louvain","nameDe":"Löwen","province":"vlaams-brabant","region":"flanders","areaKm2":57.31},"geometry":{"type":"Polygon","coordinates":[[[4.68947,50.94407],[4.6764,50.93945],[4.67463,50.93747],[4.67118,50.93596],[4.68522,50.92665],[4.7026,50.92002],[4.6974,50.92002],[4.69379,50.91882],[4.69595,50.91654],[4.69408,50.91598],[4.69522,50.91077],[4.69255,50.9095],[4.69159,50.90371],[4.69317,50.89936],[4.68867,50.89689],[4.68838,50.89452],[4.67816,50.89022],[4.67089,50.88302],[4.6711,50.88162],[4.6681,50.87988],[4.65546,50.87845],[4.64939,50.87847],[4.64469,50.87688],[4.64674,50.86714],[4.64637,50.8611],[4.64161,50.85911],[4.64031,50.85586],[4.64102,50.85291],[4.6457,50.85057],[4.64594,50.849],[4.64941,50.84792],[4.64953,50.84949],[4.65451,50.85258],[4.65464,50.85163],[4.65997,50.84736],[4.66072,50.84887],[4.6651,50.84877],[4.66803,50.85225],[4.6742,50.85089],[4.67347,50.84914],[4.67663,50.84717],[4.67395,50.84168],[4.67579,50.84137],[4.67525,50.83821],[4.6717,50.83814],[4.67149,50.83364],[4.67032,50.83317],[4.67393,50.83107],[4.67486,50.82903],[4.66624,50.82624],[4.66349,50.82593],[4.66653,50.82421],[4.67018,50.82497],[4.68565,50.826],[4.68449,50.82783],[4.68788,50.83247],[4.69046,50.83254],[4.69143,50.83475],[4.69706,50.83334],[4.7,50.83804],[4.70307,50.84054],[4.70889,50.84092],[4.70503,50.84209],[4.70791,50.84441],[4.71268,50.84407],[4.71295,50.84509],[4.73025,50.84407],[4.742,50.84267],[4.73929,50.84611],[4.73444,50.85702],[4.73946,50.85984],[4.74615,50.86468],[4.74823,50.86747],[4.74981,50.86735],[4.7541,50.87186],[4.76004,50.87296],[4.77042,50.88511],[4.76976,50.88965],[4.75373,50.88837],[4.75112,50.8879],[4.7513,50.89334],[4.74799,50.89324],[4.75476,50.89819],[4.75367,50.89992],[4.75584,50.90111],[4.75925,50.90505],[4.76061,50.90782],[4.74797,50.90883],[4.72895,50.90631],[4.72041,50.90866],[4.71798,50.90718],[4.71572,50.90916],[4.71568,50.91429],[4.72016,50.91717],[4.72987,50.91955],[4.72814,50.92264],[4.73615,50.92291],[4.74491,50.92539],[4.74753,50.9282],[4.74348,50.93608],[4.73512,50.93587],[4.73367,50.93938],[4.73125,50.939],[4.72201,50.93241],[4.71921,50.9327],[4.71151,50.92851],[4.711,50.9296],[4.71339,50.93254],[4.71179,50.93279],[4.71255,50.93551],[4.71069,50.93904],[4.70373,50.94369],[4.69969,50.94157],[4.6933,50.94094],[4.68947,50.94407]]]}},{"type":"Feature","id":"24066","bbox":[4.747994,50.851721,4.911134,50.911743],"properties":{"nis":"24066","name":"Lubbeek","nameNl":"Lubbeek","nameFr":"Lubbeek","nameDe":"Lubbeek","province":"vlaams-brabant","region":"flanders","areaKm2":45.12},"geometry":{"type":"Polygon","coordinates":[[[4.76061,50.90782],[4.75925,50.90505],[4.75584,50.90111],[4.75367,50.89992],[4.75476,50.89819],[4.74799,50.89324],[4.7513,50.89334],[4.75112,50.8879],[4.75373,50.88837],[4.76976,50.88965],[4.77042,50.88511],[4.76004,50.87296],[4.76553,50.87269],[4.76626,50.87565],[4.7695,50.87485],[4.77405,50.87176],[4.77467,50.8696],[4.77718,50.86802],[4.78685,50.86453],[4.79153,50.85777],[4.79901,50.85795],[4.80412,50.85879],[4.80801,50.85308],[4.80912,50.85639],[4.80799,50.85919],[4.81009,50.85851],[4.81494,50.85745],[4.81408,50.85269],[4.82114,50.85242],[4.82477,50.85525],[4.83572,50.8567],[4.83554,50.85833],[4.83955,50.86005],[4.85059,50.86168],[4.85039,50.86368],[4.85286,50.86785],[4.86371,50.87107],[4.86662,50.87075],[4.8743,50.87229],[4.87725,50.86685],[4.88014,50.86393],[4.88066,50.86199],[4.88588,50.85808],[4.89302,50.85172],[4.89587,50.85204],[4.903,50.85533],[4.91023,50.86422],[4.90559,50.86931],[4.90753,50.87103],[4.90665,50.87432],[4.9082,50.87829],[4.91109,50.88027],[4.90926,50.88116],[4.90603,50.88722],[4.89836,50.88711],[4.8966,50.88885],[4.89165,50.88838],[4.89141,50.89269],[4.88901,50.8921],[4.88394,50.8881],[4.88284,50.8864],[4.87929,50.88518],[4.87693,50.89071],[4.87234,50.89327],[4.86551,50.89215],[4.8648,50.89552],[4.86135,50.89679],[4.85999,50.89922],[4.85543,50.89663],[4.85446,50.89958],[4.85084,50.8997],[4.85206,50.90286],[4.84959,50.90513],[4.85212,50.90757],[4.85162,50.90974],[4.84866,50.91111],[4.84202,50.91174],[4.83833,50.91132],[4.8318,50.90804],[4.82661,50.90799],[4.81558,50.90668],[4.81065,50.90457],[4.80808,50.90153],[4.79783,50.89688],[4.7981,50.90009],[4.7956,50.90283],[4.79409,50.90632],[4.78986,50.90973],[4.78587,50.90835],[4.77855,50.90788],[4.77746,50.9088],[4.77012,50.90637],[4.76484,50.90802],[4.76061,50.90782]]]}},{"type":"Feature","id":"24086","bbox":[4.632066,50.790863,4.746602,50.852261],"properties":{"nis":"24086","name":"Oud-Heverlee","nameNl":"Oud-Heverlee","nameFr":"Vieux-Héverlé","nameDe":"Oud-Heverlee","province":"vlaams-brabant","region":"flanders","areaKm2":31.07},"geometry":{"type":"Polygon","coordinates":[[[4.65997,50.84736],[4.65694,50.84605],[4.65643,50.84362],[4.65156,50.84275],[4.65299,50.84148],[4.64844,50.83883],[4.64625,50.83902],[4.64816,50.83658],[4.64449,50.83495],[4.64522,50.83087],[4.64317,50.8277],[4.64423,50.82594],[4.64128,50.82509],[4.64218,50.8211],[4.64623,50.8172],[4.64333,50.81562],[4.64001,50.81132],[4.63426,50.80916],[4.63216,50.80516],[4.63295,50.80295],[4.63231,50.79834],[4.63613,50.80069],[4.64192,50.79877],[4.6494,50.79775],[4.65938,50.79328],[4.67356,50.79209],[4.67438,50.79545],[4.67787,50.79311],[4.67954,50.79373],[4.68456,50.79287],[4.68575,50.79487],[4.68772,50.79277],[4.68751,50.79086],[4.69123,50.7918],[4.6927,50.7926],[4.69141,50.79716],[4.70875,50.80103],[4.70671,50.80813],[4.7363,50.81],[4.73808,50.81067],[4.73086,50.82328],[4.73622,50.82226],[4.73909,50.82285],[4.73941,50.82648],[4.74318,50.82708],[4.74239,50.82891],[4.74286,50.83413],[4.7466,50.83379],[4.74388,50.83724],[4.742,50.84267],[4.73025,50.84407],[4.71295,50.84509],[4.71268,50.84407],[4.70791,50.84441],[4.70503,50.84209],[4.70889,50.84092],[4.70307,50.84054],[4.7,50.83804],[4.69706,50.83334],[4.69143,50.83475],[4.69046,50.83254],[4.68788,50.83247],[4.68449,50.82783],[4.68565,50.826],[4.67018,50.82497],[4.66653,50.82421],[4.66349,50.82593],[4.66624,50.82624],[4.67486,50.82903],[4.67393,50.83107],[4.67032,50.83317],[4.67149,50.83364],[4.6717,50.83814],[4.67525,50.83821],[4.67579,50.84137],[4.67395,50.84168],[4.67663,50.84717],[4.67347,50.84914],[4.6742,50.85089],[4.66803,50.85225],[4.6651,50.84877],[4.66072,50.84887],[4.65997,50.84736]]]}},{"type":"Feature","id":"24094","bbox":[4.669939,50.928417,4.803372,50.986292],"properties":{"nis":"24094","name":"Rotselaar","nameNl":"Rotselaar","nameFr":"Rotselaar","nameDe":"Rotselaar","province":"vlaams-brabant","region":"flanders","areaKm2":37.09},"geometry":{"type":"Polygon","coordinates":[[[4.74348,50.93608],[4.74515,50.93746],[4.74727,50.93602],[4.75062,50.93695],[4.75159,50.9354],[4.75781,50.93576],[4.7718,50.93549],[4.78028,50.93678],[4.78501,50.9363],[4.78325,50.94452],[4.79095,50.94493],[4.79752,50.94688],[4.79932,50.94201],[4.80331,50.94356],[4.79845,50.95418],[4.78386,50.95341],[4.7845,50.95709],[4.78391,50.96014],[4.77905,50.9589],[4.77741,50.9622],[4.78227,50.96344],[4.77937,50.96954],[4.78006,50.97172],[4.77523,50.97464],[4.77397,50.97823],[4.76913,50.98018],[4.76598,50.9797],[4.76614,50.98151],[4.75998,50.98289],[4.75691,50.98237],[4.74877,50.98062],[4.74128,50.98194],[4.7397,50.98348],[4.73426,50.98409],[4.72477,50.98404],[4.7245,50.98284],[4.71951,50.98168],[4.71566,50.98288],[4.70692,50.98045],[4.70329,50.98122],[4.70101,50.97935],[4.69628,50.97941],[4.69484,50.98285],[4.68969,50.98429],[4.68773,50.98343],[4.68269,50.98421],[4.67861,50.98605],[4.66995,50.98599],[4.67173,50.98317],[4.67108,50.97948],[4.67255,50.97575],[4.67683,50.97697],[4.67777,50.97465],[4.67481,50.97102],[4.676,50.96624],[4.67019,50.96494],[4.67344,50.96346],[4.68155,50.95559],[4.68619,50.95366],[4.68304,50.95284],[4.68666,50.95079],[4.68325,50.94993],[4.68419,50.94778],[4.68947,50.94407],[4.6933,50.94094],[4.69969,50.94157],[4.70373,50.94369],[4.71069,50.93904],[4.71255,50.93551],[4.71179,50.93279],[4.71339,50.93254],[4.711,50.9296],[4.71151,50.92851],[4.71921,50.9327],[4.72201,50.93241],[4.73125,50.939],[4.73367,50.93938],[4.73512,50.93587],[4.74348,50.93608]]]}},{"type":"Feature","id":"24104","bbox":[4.447176,50.793815,4.586567,50.867836],"properties":{"nis":"24104","name":"Tervuren","nameNl":"Tervuren","nameFr":"Tervuren","nameDe":"Tervuren","province":"vlaams-brabant","region":"flanders","areaKm2":33.48},"geometry":{"type":"Polygon","coordinates":[[[4.58657,50.81839],[4.58224,50.82009],[4.58439,50.82076],[4.58084,50.82768],[4.5804,50.82983],[4.57325,50.83573],[4.56083,50.84287],[4.55591,50.84635],[4.55229,50.85175],[4.54618,50.85337],[4.55221,50.8559],[4.54361,50.86117],[4.54273,50.86343],[4.53424,50.86784],[4.5304,50.86671],[4.53325,50.8653],[4.53203,50.86384],[4.52838,50.86483],[4.52922,50.86298],[4.52653,50.86316],[4.52856,50.85926],[4.52703,50.85895],[4.53064,50.85349],[4.52808,50.85288],[4.52989,50.85039],[4.53402,50.84781],[4.53639,50.84444],[4.53356,50.84114],[4.52161,50.83479],[4.51709,50.83444],[4.51369,50.83727],[4.50961,50.83843],[4.51737,50.83183],[4.51293,50.82921],[4.51004,50.83385],[4.50708,50.83263],[4.50599,50.83017],[4.5016,50.82598],[4.49381,50.83175],[4.49082,50.83038],[4.49232,50.82879],[4.48748,50.82766],[4.49293,50.82145],[4.4781,50.81833],[4.47673,50.82041],[4.45465,50.81842],[4.45755,50.81632],[4.45419,50.81505],[4.44781,50.81134],[4.45283,50.8085],[4.44718,50.8083],[4.48061,50.79422],[4.48306,50.79382],[4.49227,50.79844],[4.528,50.80204],[4.53402,50.80319],[4.53522,50.79998],[4.53132,50.79963],[4.53483,50.79678],[4.5413,50.79859],[4.54167,50.80184],[4.54686,50.80322],[4.55271,50.80214],[4.55477,50.80282],[4.55485,50.80494],[4.56068,50.80728],[4.56763,50.80877],[4.56897,50.81233],[4.57447,50.81334],[4.58657,50.81839]]]}},{"type":"Feature","id":"24107","bbox":[4.851721,50.752095,5.019871,50.864326],"properties":{"nis":"24107","name":"Tienen","nameNl":"Tienen","nameFr":"Tirlemont","nameDe":"Tienen","province":"vlaams-brabant","region":"flanders","areaKm2":72.52},"geometry":{"type":"Polygon","coordinates":[[[4.85747,50.81351],[4.90895,50.78819],[4.91823,50.7832],[4.92699,50.77702],[4.93063,50.77381],[4.95326,50.75209],[4.95341,50.75479],[4.95697,50.75556],[4.96337,50.75972],[4.96595,50.76203],[4.96937,50.76231],[4.96853,50.76724],[4.9719,50.76789],[4.97593,50.76594],[4.9787,50.76597],[4.9784,50.76828],[4.98172,50.76853],[4.98173,50.76978],[4.98647,50.76922],[4.98811,50.77263],[4.99037,50.77425],[4.98708,50.77635],[4.98802,50.77709],[4.98394,50.78011],[4.99789,50.79105],[5.01153,50.79396],[5.01269,50.79479],[5.0124,50.79613],[5.00896,50.79624],[5.00798,50.79937],[5.00515,50.80137],[5.00354,50.80045],[5.00171,50.80266],[4.99879,50.80316],[4.99885,50.80499],[4.99621,50.8086],[4.9974,50.80896],[4.99541,50.81277],[4.99218,50.8147],[4.99735,50.8161],[4.9978,50.81811],[5.00426,50.81935],[5.00584,50.81839],[5.01085,50.81844],[5.01538,50.82078],[5.01952,50.82163],[5.01918,50.82878],[5.01781,50.83323],[5.01354,50.84136],[5.00143,50.84358],[4.99842,50.84617],[4.99583,50.84676],[4.98913,50.84553],[4.98798,50.84793],[4.98756,50.84956],[4.98164,50.84903],[4.9772,50.84615],[4.97152,50.84511],[4.96262,50.84036],[4.96306,50.83985],[4.95735,50.83671],[4.9579,50.83603],[4.94798,50.83384],[4.94086,50.83273],[4.93923,50.83383],[4.93529,50.83121],[4.93408,50.83246],[4.93707,50.83397],[4.93408,50.83637],[4.93217,50.83996],[4.93038,50.83946],[4.92945,50.8442],[4.93118,50.84671],[4.92752,50.84871],[4.92963,50.84922],[4.92689,50.85175],[4.92788,50.85285],[4.93655,50.85405],[4.93415,50.85727],[4.93206,50.85787],[4.92375,50.85502],[4.91649,50.85471],[4.91798,50.86005],[4.91374,50.86343],[4.91023,50.86422],[4.903,50.85533],[4.89587,50.85204],[4.89944,50.84859],[4.89293,50.8474],[4.88502,50.84475],[4.88249,50.84464],[4.87635,50.84173],[4.87322,50.84128],[4.87345,50.83621],[4.87743,50.83396],[4.87916,50.83155],[4.87719,50.83167],[4.87316,50.82636],[4.86676,50.82729],[4.86678,50.82588],[4.86242,50.8247],[4.86296,50.82344],[4.85175,50.82176],[4.85172,50.81979],[4.85747,50.81351]]]}},{"type":"Feature","id":"24109","bbox":[4.652881,50.979169,4.774353,51.026831],"properties":{"nis":"24109","name":"Tremelo","nameNl":"Tremelo","nameFr":"Tremelo","nameDe":"Tremelo","province":"vlaams-brabant","region":"flanders","areaKm2":21.81},"geometry":{"type":"Polygon","coordinates":[[[4.66995,50.98599],[4.67861,50.98605],[4.68269,50.98421],[4.68773,50.98343],[4.68969,50.98429],[4.69484,50.98285],[4.69628,50.97941],[4.70101,50.97935],[4.70329,50.98122],[4.70692,50.98045],[4.71566,50.98288],[4.71951,50.98168],[4.7245,50.98284],[4.72477,50.98404],[4.73426,50.98409],[4.7397,50.98348],[4.74128,50.98194],[4.74877,50.98062],[4.75691,50.98237],[4.75672,50.9888],[4.766,50.99066],[4.77315,50.99331],[4.77139,50.99593],[4.77435,50.99692],[4.77071,51.00128],[4.76894,51.00626],[4.76939,51.00832],[4.76226,51.0105],[4.75689,51.01471],[4.7616,51.01595],[4.75806,51.02047],[4.75312,51.02411],[4.74223,51.0258],[4.7381,51.02683],[4.73093,51.02444],[4.73094,51.02],[4.70968,51.01232],[4.70741,51.00516],[4.70339,50.99993],[4.69592,50.99861],[4.69536,50.99918],[4.69218,50.99474],[4.68875,50.9943],[4.6699,50.99603],[4.6557,50.99385],[4.65295,50.9921],[4.65288,50.99051],[4.65545,50.98936],[4.65349,50.98728],[4.65667,50.98754],[4.65923,50.98928],[4.66223,50.98971],[4.66554,50.98731],[4.66995,50.98599]]]}},{"type":"Feature","id":"24130","bbox":[5.043392,50.779055,5.152348,50.884673],"properties":{"nis":"24130","name":"Zoutleeuw","nameNl":"Zoutleeuw","nameFr":"Léau","nameDe":"Zoutleeuw","province":"vlaams-brabant","region":"flanders","areaKm2":46.68},"geometry":{"type":"Polygon","coordinates":[[[5.14844,50.85806],[5.14842,50.85911],[5.12376,50.86501],[5.12009,50.86732],[5.11447,50.8696],[5.11565,50.8751],[5.11727,50.87551],[5.11737,50.87811],[5.11371,50.87932],[5.11181,50.87693],[5.10789,50.87708],[5.10493,50.87569],[5.09803,50.87099],[5.09073,50.86899],[5.08324,50.87578],[5.08265,50.87711],[5.07573,50.88147],[5.06546,50.88467],[5.0601,50.88058],[5.05802,50.88116],[5.04967,50.87972],[5.04471,50.8769],[5.04339,50.87481],[5.05328,50.86759],[5.05957,50.86068],[5.05949,50.85786],[5.06088,50.85585],[5.06671,50.8529],[5.06969,50.84759],[5.07184,50.84819],[5.07365,50.84636],[5.07664,50.84611],[5.0738,50.84427],[5.07178,50.84476],[5.06534,50.84274],[5.06756,50.83966],[5.06577,50.83891],[5.06527,50.83539],[5.07051,50.83206],[5.07415,50.82858],[5.07313,50.82692],[5.07662,50.82331],[5.07054,50.81937],[5.0723,50.81828],[5.07908,50.81748],[5.08452,50.81541],[5.08646,50.81771],[5.09099,50.82087],[5.09379,50.81908],[5.09054,50.81761],[5.08941,50.81577],[5.08665,50.81553],[5.08489,50.81027],[5.07903,50.80562],[5.07312,50.80409],[5.07531,50.79937],[5.07242,50.79399],[5.07797,50.79384],[5.0823,50.79362],[5.08878,50.79101],[5.09187,50.79063],[5.08654,50.7865],[5.09213,50.7823],[5.09672,50.7811],[5.10308,50.78208],[5.10484,50.78131],[5.10306,50.77981],[5.10659,50.77906],[5.11075,50.78615],[5.11363,50.78775],[5.11743,50.79256],[5.13266,50.79208],[5.14208,50.80313],[5.14697,50.80698],[5.15235,50.8095],[5.14971,50.81195],[5.14516,50.8094],[5.14274,50.80905],[5.13618,50.81147],[5.13048,50.81457],[5.13221,50.82044],[5.13823,50.82504],[5.13541,50.82721],[5.13455,50.83034],[5.13585,50.83524],[5.13902,50.83914],[5.14148,50.84058],[5.14453,50.84517],[5.1389,50.84635],[5.13706,50.84809],[5.13879,50.84957],[5.14561,50.85277],[5.14802,50.85241],[5.14844,50.85806]]]}},{"type":"Feature","id":"24133","bbox":[4.992182,50.776028,5.093788,50.868292],"properties":{"nis":"24133","name":"Linter","nameNl":"Linter","nameFr":"Linter","nameDe":"Linter","province":"vlaams-brabant","region":"flanders","areaKm2":36.74},"geometry":{"type":"Polygon","coordinates":[[[5.01269,50.79479],[5.01894,50.79256],[5.02408,50.79354],[5.02498,50.79215],[5.02779,50.79361],[5.02841,50.79229],[5.03268,50.78985],[5.03783,50.79258],[5.0397,50.79089],[5.04365,50.78965],[5.04298,50.78528],[5.04036,50.78193],[5.04831,50.77947],[5.05511,50.77603],[5.05703,50.77885],[5.05819,50.77813],[5.0621,50.77949],[5.06797,50.78296],[5.07519,50.79139],[5.07797,50.79384],[5.07242,50.79399],[5.07531,50.79937],[5.07312,50.80409],[5.07903,50.80562],[5.08489,50.81027],[5.08665,50.81553],[5.08941,50.81577],[5.09054,50.81761],[5.09379,50.81908],[5.09099,50.82087],[5.08646,50.81771],[5.08452,50.81541],[5.07908,50.81748],[5.0723,50.81828],[5.07054,50.81937],[5.07662,50.82331],[5.07313,50.82692],[5.07415,50.82858],[5.07051,50.83206],[5.06527,50.83539],[5.06577,50.83891],[5.06756,50.83966],[5.06534,50.84274],[5.07178,50.84476],[5.0738,50.84427],[5.07664,50.84611],[5.07365,50.84636],[5.07184,50.84819],[5.06969,50.84759],[5.06671,50.8529],[5.06088,50.85585],[5.05949,50.85786],[5.05957,50.86068],[5.05581,50.861],[5.03982,50.85778],[5.03417,50.85602],[5.03059,50.8622],[5.03094,50.86829],[5.02459,50.865],[5.02703,50.86373],[5.02089,50.85802],[5.01623,50.85729],[5.01233,50.85285],[5.00415,50.84793],[4.99842,50.84617],[5.00143,50.84358],[5.01354,50.84136],[5.01781,50.83323],[5.01918,50.82878],[5.01952,50.82163],[5.01538,50.82078],[5.01085,50.81844],[5.00584,50.81839],[5.00426,50.81935],[4.9978,50.81811],[4.99735,50.8161],[4.99218,50.8147],[4.99541,50.81277],[4.9974,50.80896],[4.99621,50.8086],[4.99885,50.80499],[4.99879,50.80316],[5.00171,50.80266],[5.00354,50.80045],[5.00515,50.80137],[5.00798,50.79937],[5.00896,50.79624],[5.0124,50.79613],[5.01269,50.79479]]]}},{"type":"Feature","id":"24134","bbox":[4.902316,50.952942,5.022225,51.046128],"properties":{"nis":"24134","name":"Scherpenheuvel-Zichem","nameNl":"Scherpenheuvel-Zichem","nameFr":"Montaigu-Zichem","nameDe":"Scherpenheuvel-Zichem","province":"vlaams-brabant","region":"flanders","areaKm2":50.97},"geometry":{"type":"Polygon","coordinates":[[[4.93605,51.03636],[4.93645,51.03383],[4.93359,51.03247],[4.9349,51.02994],[4.93232,51.02906],[4.93333,51.02313],[4.93158,51.02256],[4.93382,51.02001],[4.93048,51.0189],[4.93139,51.01718],[4.93197,51.01106],[4.92568,51.01143],[4.92995,51.00369],[4.92579,51.00093],[4.92495,51.00249],[4.92304,51.00056],[4.91959,50.99992],[4.91686,50.99823],[4.91151,50.999],[4.90732,50.99737],[4.90627,50.99834],[4.90245,50.99603],[4.90496,50.99497],[4.90749,50.99573],[4.91074,50.98952],[4.90899,50.98776],[4.90973,50.98558],[4.9115,50.98604],[4.91295,50.98297],[4.9153,50.98158],[4.91699,50.9826],[4.92113,50.98212],[4.92435,50.98346],[4.92647,50.97937],[4.92909,50.9712],[4.932,50.96664],[4.93346,50.96031],[4.93957,50.96215],[4.95344,50.96304],[4.96437,50.96282],[4.96426,50.96421],[4.97281,50.96814],[4.97513,50.96836],[4.97604,50.96238],[4.98473,50.95564],[4.98813,50.95427],[4.99831,50.95813],[5.00787,50.96307],[5.01023,50.96078],[5.01629,50.96191],[5.02182,50.96423],[5.02137,50.96705],[5.01694,50.97341],[5.01422,50.98182],[5.01181,50.98405],[5.01898,50.98636],[5.01881,50.99016],[5.01457,50.98993],[5.01126,50.99087],[5.00977,50.9926],[5.00488,50.9923],[5.002,50.99352],[5.00065,50.99731],[5.00172,51.00024],[4.99894,51.00172],[4.99624,51.00136],[4.99475,51.00295],[4.99755,51.00847],[4.99946,51.00789],[5.0067,51.014],[5.02223,51.01991],[5.01882,51.02402],[5.01791,51.02761],[5.01055,51.03463],[5.00947,51.0389],[5.00301,51.03496],[4.98437,51.03068],[4.98012,51.03234],[4.9816,51.03488],[4.98045,51.03579],[4.9811,51.0391],[4.97152,51.0369],[4.96984,51.03893],[4.96651,51.04613],[4.95706,51.04242],[4.95382,51.03933],[4.94726,51.03727],[4.94403,51.03763],[4.93605,51.03636]]]}},{"type":"Feature","id":"24135","bbox":[4.842758,50.88027,4.95188,50.963099],"properties":{"nis":"24135","name":"Tielt-Winge","nameNl":"Tielt-Winge","nameFr":"Tielt-Winge","nameDe":"Tielt-Winge","province":"vlaams-brabant","region":"flanders","areaKm2":44.37},"geometry":{"type":"Polygon","coordinates":[[[4.91109,50.88027],[4.91323,50.88388],[4.91765,50.88432],[4.92645,50.8838],[4.92908,50.88873],[4.93961,50.89286],[4.93864,50.89558],[4.93494,50.9001],[4.92996,50.90426],[4.92734,50.90365],[4.92503,50.90992],[4.92337,50.90937],[4.92197,50.91345],[4.91969,50.91371],[4.91944,50.9202],[4.92474,50.92042],[4.92642,50.92392],[4.93459,50.92634],[4.93768,50.92583],[4.9449,50.92836],[4.95188,50.92982],[4.94953,50.93274],[4.94609,50.946],[4.94379,50.94895],[4.93833,50.95355],[4.93346,50.96031],[4.9226,50.9591],[4.91783,50.95789],[4.9181,50.96062],[4.91641,50.9631],[4.91173,50.96204],[4.91041,50.95951],[4.90729,50.95815],[4.90921,50.95641],[4.9042,50.95537],[4.90163,50.95698],[4.89695,50.95607],[4.89143,50.95707],[4.88839,50.95559],[4.88665,50.95638],[4.8794,50.9566],[4.87719,50.95536],[4.87635,50.95694],[4.86869,50.95621],[4.87205,50.9506],[4.86955,50.94862],[4.86612,50.94856],[4.86642,50.94632],[4.85774,50.9428],[4.85221,50.94254],[4.85498,50.93745],[4.85066,50.93595],[4.85091,50.93345],[4.84537,50.93229],[4.84298,50.93089],[4.84613,50.92691],[4.84501,50.92423],[4.84644,50.92036],[4.84425,50.91642],[4.8449,50.91348],[4.84866,50.91111],[4.85162,50.90974],[4.85212,50.90757],[4.84959,50.90513],[4.85206,50.90286],[4.85084,50.8997],[4.85446,50.89958],[4.85543,50.89663],[4.85999,50.89922],[4.86135,50.89679],[4.8648,50.89552],[4.86551,50.89215],[4.87234,50.89327],[4.87693,50.89071],[4.87929,50.88518],[4.88284,50.8864],[4.88394,50.8881],[4.88901,50.8921],[4.89141,50.89269],[4.89165,50.88838],[4.8966,50.88885],[4.89836,50.88711],[4.90603,50.88722],[4.90926,50.88116],[4.91109,50.88027]]]}},{"type":"Feature","id":"24137","bbox":[4.90556,50.83121,4.993409,50.901227],"properties":{"nis":"24137","name":"Glabbeek","nameNl":"Glabbeek","nameFr":"Glabbeek","nameDe":"Glabbeek","province":"vlaams-brabant","region":"flanders","areaKm2":26.9},"geometry":{"type":"Polygon","coordinates":[[[4.91109,50.88027],[4.9082,50.87829],[4.90665,50.87432],[4.90753,50.87103],[4.90559,50.86931],[4.91023,50.86422],[4.91374,50.86343],[4.91798,50.86005],[4.91649,50.85471],[4.92375,50.85502],[4.93206,50.85787],[4.93415,50.85727],[4.93655,50.85405],[4.92788,50.85285],[4.92689,50.85175],[4.92963,50.84922],[4.92752,50.84871],[4.93118,50.84671],[4.92945,50.8442],[4.93038,50.83946],[4.93217,50.83996],[4.93408,50.83637],[4.93707,50.83397],[4.93408,50.83246],[4.93529,50.83121],[4.93923,50.83383],[4.94086,50.83273],[4.94798,50.83384],[4.9579,50.83603],[4.95735,50.83671],[4.96306,50.83985],[4.96262,50.84036],[4.97152,50.84511],[4.9772,50.84615],[4.98164,50.84903],[4.98756,50.84956],[4.98798,50.84793],[4.99245,50.84913],[4.99341,50.85193],[4.98758,50.85507],[4.98564,50.85717],[4.97967,50.85993],[4.97831,50.86231],[4.97859,50.86511],[4.97554,50.86699],[4.98415,50.87121],[4.98675,50.87396],[4.98176,50.87552],[4.97374,50.88263],[4.97255,50.88177],[4.9692,50.88475],[4.97771,50.887],[4.9747,50.89164],[4.97525,50.89546],[4.97309,50.89676],[4.97207,50.9],[4.96767,50.89949],[4.95878,50.89945],[4.95758,50.90119],[4.95032,50.89666],[4.94549,50.89546],[4.94421,50.89411],[4.93961,50.89286],[4.92908,50.88873],[4.92645,50.8838],[4.91765,50.88432],[4.91323,50.88388],[4.91109,50.88027]]]}},{"type":"Feature","id":"31003","bbox":[3.272861,51.09883,3.410964,51.200671],"properties":{"nis":"31003","name":"Beernem","nameNl":"Beernem","nameFr":"Beernem","nameDe":"Beernem","province":"west-vlaanderen","region":"flanders","areaKm2":72.13},"geometry":{"type":"Polygon","coordinates":[[[3.30212,51.09935],[3.31041,51.10172],[3.32117,51.10403],[3.33131,51.09888],[3.34139,51.10506],[3.34703,51.10538],[3.35022,51.10653],[3.34936,51.10781],[3.35346,51.10859],[3.35493,51.1122],[3.37261,51.11566],[3.37616,51.118],[3.37452,51.11952],[3.37914,51.12159],[3.38164,51.1244],[3.37952,51.12771],[3.38975,51.13085],[3.39249,51.13424],[3.39597,51.14077],[3.40004,51.1433],[3.40202,51.14712],[3.40538,51.14684],[3.40147,51.15011],[3.40121,51.15184],[3.40731,51.1565],[3.4064,51.15698],[3.41096,51.1599],[3.40865,51.16108],[3.40667,51.15969],[3.40053,51.16673],[3.39598,51.17283],[3.38759,51.1812],[3.38654,51.18736],[3.38323,51.18767],[3.37441,51.19054],[3.36532,51.18684],[3.36022,51.19186],[3.35937,51.19366],[3.34836,51.1941],[3.34566,51.19343],[3.32674,51.19451],[3.31913,51.19402],[3.3142,51.19682],[3.30977,51.19769],[3.30415,51.19728],[3.29863,51.1955],[3.2992,51.19467],[3.294,51.19286],[3.29348,51.19563],[3.28964,51.20067],[3.2805,51.19761],[3.28595,51.19436],[3.28458,51.19399],[3.28826,51.18914],[3.28495,51.18687],[3.28951,51.18497],[3.28973,51.18161],[3.28616,51.18143],[3.28283,51.17853],[3.27286,51.17946],[3.27407,51.17902],[3.28825,51.16701],[3.28498,51.16485],[3.29038,51.16234],[3.28448,51.15801],[3.29551,51.15968],[3.29728,51.15745],[3.29553,51.1549],[3.29165,51.15458],[3.2914,51.15165],[3.28684,51.14927],[3.28857,51.14824],[3.28604,51.14515],[3.287,51.14105],[3.29008,51.13952],[3.28341,51.13768],[3.28,51.13614],[3.28197,51.13165],[3.27423,51.12676],[3.27799,51.12642],[3.27944,51.12473],[3.28373,51.12296],[3.28383,51.11862],[3.28682,51.11802],[3.28426,51.11375],[3.2796,51.11456],[3.27892,51.11257],[3.28607,51.10861],[3.29289,51.10698],[3.29822,51.10244],[3.29718,51.10093],[3.30223,51.10071],[3.30212,51.09935]]]}},{"type":"Feature","id":"31004","bbox":[3.104342,51.276432,3.177032,51.327728],"properties":{"nis":"31004","name":"Blankenberge","nameNl":"Blankenberge","nameFr":"Blankenberge","nameDe":"Blankenberge","province":"west-vlaanderen","region":"flanders","areaKm2":18.82},"geometry":{"type":"Polygon","coordinates":[[[3.10766,51.3146],[3.11008,51.3134],[3.11517,51.30694],[3.11423,51.30166],[3.10786,51.29947],[3.10744,51.29516],[3.10434,51.29233],[3.10518,51.29085],[3.10641,51.28536],[3.11161,51.28436],[3.10847,51.28278],[3.11377,51.27952],[3.11449,51.27682],[3.12238,51.27697],[3.1254,51.27643],[3.1289,51.27823],[3.13247,51.27806],[3.13491,51.27981],[3.13349,51.28097],[3.1394,51.28201],[3.14641,51.28211],[3.14694,51.28129],[3.15345,51.28309],[3.15325,51.28063],[3.15616,51.28121],[3.15606,51.28505],[3.15802,51.28631],[3.15877,51.2889],[3.1693,51.29057],[3.16582,51.29606],[3.17415,51.30032],[3.17307,51.30371],[3.17351,51.30668],[3.17158,51.31059],[3.1735,51.31584],[3.17703,51.31886],[3.17207,51.32292],[3.15598,51.31908],[3.15425,51.32773],[3.15419,51.32654],[3.14514,51.32401],[3.13394,51.32215],[3.12507,51.31908],[3.11711,51.31761],[3.10766,51.3146]]]}},{"type":"Feature","id":"31005","bbox":[3.134175,51.158219,3.309898,51.363347],"properties":{"nis":"31005","name":"Brugge","nameNl":"Brugge","nameFr":"Bruges","nameDe":"Brügge","province":"west-vlaanderen","region":"flanders","areaKm2":140.34},"geometry":{"type":"Polygon","coordinates":[[[3.1425,51.16019],[3.1567,51.15835],[3.16239,51.15823],[3.16585,51.16046],[3.16614,51.16207],[3.17012,51.16737],[3.19909,51.16145],[3.21386,51.1652],[3.21672,51.16713],[3.22288,51.1729],[3.22969,51.17525],[3.22864,51.17663],[3.24343,51.18239],[3.24601,51.18532],[3.25077,51.18362],[3.26766,51.18646],[3.27286,51.17946],[3.28283,51.17853],[3.28616,51.18143],[3.28973,51.18161],[3.28951,51.18497],[3.28495,51.18687],[3.28826,51.18914],[3.28458,51.19399],[3.28595,51.19436],[3.2805,51.19761],[3.28964,51.20067],[3.28968,51.20163],[3.30063,51.20478],[3.30513,51.20894],[3.30975,51.21817],[3.30976,51.22189],[3.30464,51.22368],[3.29165,51.22674],[3.28432,51.22441],[3.28499,51.2276],[3.27874,51.22624],[3.27348,51.23046],[3.27474,51.23159],[3.27235,51.23444],[3.26572,51.24046],[3.25444,51.24708],[3.2554,51.24866],[3.2488,51.24814],[3.24613,51.25113],[3.26519,51.27439],[3.27337,51.2857],[3.26189,51.29608],[3.22849,51.32642],[3.23016,51.33029],[3.22508,51.33858],[3.22785,51.33898],[3.22541,51.34751],[3.2272,51.35069],[3.22418,51.3581],[3.2202,51.36065],[3.19758,51.36334],[3.1865,51.36271],[3.18302,51.3612],[3.17092,51.35335],[3.16939,51.35145],[3.16959,51.34875],[3.17236,51.3441],[3.16961,51.33779],[3.16535,51.33351],[3.15975,51.33004],[3.15425,51.32773],[3.15598,51.31908],[3.17207,51.32292],[3.17703,51.31886],[3.1735,51.31584],[3.17158,51.31059],[3.17351,51.30668],[3.17307,51.30371],[3.17415,51.30032],[3.16582,51.29606],[3.1693,51.29057],[3.17299,51.28978],[3.17813,51.28398],[3.17952,51.278],[3.18249,51.27087],[3.18671,51.27168],[3.18605,51.27338],[3.19171,51.27419],[3.19289,51.27562],[3.19354,51.27136],[3.1849,51.26223],[3.19105,51.25422],[3.19245,51.25094],[3.18781,51.25032],[3.17924,51.24381],[3.17187,51.241],[3.16623,51.23954],[3.16006,51.23696],[3.1646,51.2322],[3.16962,51.23232],[3.17336,51.22586],[3.17158,51.22531],[3.17335,51.22299],[3.16887,51.22235],[3.16521,51.22396],[3.16209,51.22365],[3.1634,51.22114],[3.1564,51.21929],[3.14592,51.21753],[3.14087,51.21589],[3.14347,51.21107],[3.1457,51.21141],[3.1495,51.20521],[3.16122,51.1899],[3.16257,51.1854],[3.15776,51.18513],[3.15047,51.18329],[3.14235,51.1787],[3.13598,51.17737],[3.13738,51.17384],[3.13945,51.17358],[3.13729,51.1688],[3.13587,51.1627],[3.13417,51.16067],[3.1425,51.16019]]]}},{"type":"Feature","id":"31006","bbox":[3.246134,51.19186,3.39929,51.308093],"properties":{"nis":"31006","name":"Damme","nameNl":"Damme","nameFr":"Damme","nameDe":"Damme","province":"west-vlaanderen","region":"flanders","areaKm2":90.04},"geometry":{"type":"Polygon","coordinates":[[[3.28964,51.20067],[3.29348,51.19563],[3.294,51.19286],[3.2992,51.19467],[3.29863,51.1955],[3.30415,51.19728],[3.30977,51.19769],[3.3142,51.19682],[3.31913,51.19402],[3.32674,51.19451],[3.34566,51.19343],[3.34836,51.1941],[3.35937,51.19366],[3.36022,51.19186],[3.36623,51.19342],[3.36479,51.1966],[3.3743,51.19751],[3.37766,51.19694],[3.38233,51.19979],[3.38552,51.20332],[3.38306,51.20378],[3.38301,51.20818],[3.37867,51.21427],[3.38037,51.21441],[3.37928,51.21736],[3.37756,51.21749],[3.37686,51.2213],[3.37055,51.22081],[3.37026,51.22385],[3.36686,51.22723],[3.36849,51.22812],[3.38126,51.23187],[3.38516,51.23269],[3.39929,51.23727],[3.39833,51.24323],[3.39509,51.25209],[3.39352,51.25296],[3.3877,51.263],[3.38655,51.26263],[3.3834,51.26685],[3.38448,51.27032],[3.38235,51.27043],[3.37997,51.27268],[3.38118,51.27446],[3.37839,51.27503],[3.37572,51.27721],[3.37557,51.27912],[3.38073,51.28068],[3.38059,51.28731],[3.37893,51.28852],[3.37189,51.29096],[3.36693,51.29548],[3.36604,51.29813],[3.36776,51.29972],[3.37116,51.29995],[3.37684,51.30245],[3.37213,51.30563],[3.36273,51.30349],[3.3581,51.30485],[3.34985,51.30254],[3.34948,51.3013],[3.3433,51.29947],[3.33852,51.30021],[3.33589,51.30176],[3.33603,51.30451],[3.333,51.30391],[3.33196,51.30538],[3.33426,51.30712],[3.33087,51.30805],[3.32376,51.30359],[3.31658,51.3034],[3.30998,51.30186],[3.2959,51.30213],[3.29135,51.30562],[3.2835,51.30205],[3.27534,51.30109],[3.26586,51.29855],[3.26189,51.29608],[3.27337,51.2857],[3.26519,51.27439],[3.24613,51.25113],[3.2488,51.24814],[3.2554,51.24866],[3.25444,51.24708],[3.26572,51.24046],[3.27235,51.23444],[3.27474,51.23159],[3.27348,51.23046],[3.27874,51.22624],[3.28499,51.2276],[3.28432,51.22441],[3.29165,51.22674],[3.30464,51.22368],[3.30976,51.22189],[3.30975,51.21817],[3.30513,51.20894],[3.30063,51.20478],[3.28968,51.20163],[3.28964,51.20067]]]}},{"type":"Feature","id":"31012","bbox":[3.040068,51.14425,3.162568,51.238193],"properties":{"nis":"31012","name":"Jabbeke","nameNl":"Jabbeke","nameFr":"Jabbeke","nameDe":"Jabbeke","province":"west-vlaanderen","region":"flanders","areaKm2":53.67},"geometry":{"type":"Polygon","coordinates":[[[3.05005,51.16372],[3.05391,51.16221],[3.05677,51.15973],[3.05963,51.15519],[3.06361,51.15229],[3.06769,51.15034],[3.06762,51.14904],[3.07359,51.14906],[3.07448,51.14717],[3.07801,51.14699],[3.07848,51.14558],[3.08037,51.14612],[3.08611,51.14425],[3.08792,51.14607],[3.09323,51.14533],[3.11217,51.15038],[3.12394,51.15483],[3.1279,51.15511],[3.13034,51.15648],[3.1425,51.16019],[3.13417,51.16067],[3.13587,51.1627],[3.13729,51.1688],[3.13945,51.17358],[3.13738,51.17384],[3.13598,51.17737],[3.14235,51.1787],[3.15047,51.18329],[3.15776,51.18513],[3.16257,51.1854],[3.16122,51.1899],[3.1495,51.20521],[3.1457,51.21141],[3.14347,51.21107],[3.14087,51.21589],[3.13418,51.22216],[3.1253,51.21913],[3.1156,51.21705],[3.1055,51.21259],[3.10288,51.214],[3.09671,51.21901],[3.09177,51.22477],[3.0908,51.22408],[3.08712,51.23442],[3.08508,51.23819],[3.08143,51.23754],[3.07819,51.23597],[3.07119,51.2345],[3.06606,51.23405],[3.06079,51.23242],[3.06357,51.22921],[3.0605,51.22698],[3.0578,51.22671],[3.05542,51.22472],[3.05583,51.22282],[3.05123,51.22138],[3.05178,51.22032],[3.04655,51.21967],[3.04578,51.21812],[3.05214,51.21189],[3.05495,51.20822],[3.05808,51.20186],[3.05193,51.20169],[3.05479,51.19795],[3.04725,51.19407],[3.04101,51.19323],[3.04316,51.18926],[3.04026,51.18675],[3.04536,51.18618],[3.05037,51.18229],[3.05242,51.17741],[3.05256,51.17089],[3.05053,51.16909],[3.05005,51.16372]]]}},{"type":"Feature","id":"31022","bbox":[3.15046,51.056301,3.302227,51.186458],"properties":{"nis":"31022","name":"Oostkamp","nameNl":"Oostkamp","nameFr":"Oostkamp","nameDe":"Oostkamp","province":"west-vlaanderen","region":"flanders","areaKm2":79.83},"geometry":{"type":"Polygon","coordinates":[[[3.21386,51.1652],[3.21523,51.16281],[3.21113,51.15931],[3.21002,51.15288],[3.20122,51.14185],[3.19319,51.13376],[3.19139,51.1285],[3.18907,51.12816],[3.18798,51.12306],[3.18484,51.12302],[3.18201,51.11844],[3.18355,51.11751],[3.18188,51.11479],[3.17826,51.11265],[3.18139,51.1112],[3.17863,51.10786],[3.17276,51.10472],[3.17772,51.1043],[3.17831,51.10037],[3.17279,51.10005],[3.17401,51.09852],[3.16549,51.09162],[3.1625,51.09447],[3.15726,51.08787],[3.1557,51.08409],[3.15733,51.08281],[3.15156,51.08183],[3.15046,51.08011],[3.15482,51.07535],[3.15718,51.07449],[3.1579,51.06849],[3.15872,51.06919],[3.16296,51.06526],[3.16472,51.06393],[3.16864,51.06413],[3.17106,51.06242],[3.17239,51.06318],[3.18044,51.05929],[3.18358,51.05907],[3.18695,51.0563],[3.18829,51.05948],[3.19408,51.05976],[3.1927,51.0624],[3.1968,51.06399],[3.19494,51.06647],[3.19735,51.0677],[3.19865,51.06624],[3.20141,51.067],[3.20414,51.06533],[3.20427,51.06353],[3.20921,51.06372],[3.20919,51.06802],[3.21508,51.06821],[3.21479,51.06594],[3.22349,51.06589],[3.22414,51.06439],[3.23187,51.06476],[3.23543,51.06957],[3.23445,51.07861],[3.24136,51.0801],[3.24086,51.08159],[3.24665,51.08283],[3.24421,51.08659],[3.25208,51.08718],[3.25441,51.08985],[3.26122,51.09124],[3.25968,51.09427],[3.26311,51.09521],[3.26631,51.09789],[3.27079,51.0943],[3.27565,51.09241],[3.27895,51.09327],[3.28329,51.09745],[3.2913,51.09694],[3.2913,51.09768],[3.29961,51.09797],[3.30189,51.097],[3.30212,51.09935],[3.30223,51.10071],[3.29718,51.10093],[3.29822,51.10244],[3.29289,51.10698],[3.28607,51.10861],[3.27892,51.11257],[3.2796,51.11456],[3.28426,51.11375],[3.28682,51.11802],[3.28383,51.11862],[3.28373,51.12296],[3.27944,51.12473],[3.27799,51.12642],[3.27423,51.12676],[3.28197,51.13165],[3.28,51.13614],[3.28341,51.13768],[3.29008,51.13952],[3.287,51.14105],[3.28604,51.14515],[3.28857,51.14824],[3.28684,51.14927],[3.2914,51.15165],[3.29165,51.15458],[3.29553,51.1549],[3.29728,51.15745],[3.29551,51.15968],[3.28448,51.15801],[3.29038,51.16234],[3.28498,51.16485],[3.28825,51.16701],[3.27407,51.17902],[3.27286,51.17946],[3.26766,51.18646],[3.25077,51.18362],[3.24601,51.18532],[3.24343,51.18239],[3.22864,51.17663],[3.22969,51.17525],[3.22288,51.1729],[3.21672,51.16713],[3.21386,51.1652]]]}},{"type":"Feature","id":"31033","bbox":[3.043551,51.013532,3.157904,51.103847],"properties":{"nis":"31033","name":"Torhout","nameNl":"Torhout","nameFr":"Thourout","nameDe":"Torhout","province":"west-vlaanderen","region":"flanders","areaKm2":45.19},"geometry":{"type":"Polygon","coordinates":[[[3.09815,51.0188],[3.10036,51.0221],[3.09915,51.02523],[3.10473,51.02743],[3.10314,51.0298],[3.10955,51.03134],[3.10951,51.0323],[3.11806,51.03335],[3.11616,51.03855],[3.11834,51.04122],[3.12405,51.04536],[3.12916,51.05017],[3.1281,51.05038],[3.13652,51.05615],[3.13498,51.05836],[3.13508,51.06117],[3.13794,51.06193],[3.14713,51.06611],[3.1579,51.06849],[3.15718,51.07449],[3.15482,51.07535],[3.15046,51.08011],[3.15156,51.08183],[3.15733,51.08281],[3.1557,51.08409],[3.15388,51.08389],[3.14888,51.08869],[3.14223,51.09176],[3.14265,51.09229],[3.13642,51.09389],[3.13548,51.09238],[3.12659,51.09421],[3.12189,51.09141],[3.11566,51.09208],[3.10678,51.08905],[3.10198,51.09119],[3.10124,51.09244],[3.09468,51.08944],[3.08994,51.09261],[3.08674,51.09627],[3.08242,51.10249],[3.08221,51.10385],[3.07897,51.10329],[3.06641,51.10243],[3.06508,51.10116],[3.06736,51.09855],[3.06428,51.09699],[3.06183,51.09794],[3.0586,51.09591],[3.05493,51.09164],[3.05868,51.08858],[3.05991,51.08931],[3.06335,51.08501],[3.06081,51.08393],[3.04355,51.06063],[3.04739,51.06],[3.04772,51.05721],[3.05231,51.05663],[3.05177,51.05142],[3.05241,51.04967],[3.05542,51.04967],[3.05929,51.04742],[3.0574,51.04446],[3.05494,51.04282],[3.05665,51.04029],[3.05988,51.03803],[3.05947,51.03701],[3.06521,51.03377],[3.06724,51.02887],[3.06612,51.02266],[3.06936,51.02074],[3.07039,51.01806],[3.06977,51.01546],[3.07317,51.01544],[3.08278,51.01353],[3.09045,51.01575],[3.09524,51.01552],[3.09482,51.01904],[3.09815,51.0188]]]}},{"type":"Feature","id":"31040","bbox":[3.057762,51.083893,3.215233,51.167373],"properties":{"nis":"31040","name":"Zedelgem","nameNl":"Zedelgem","nameFr":"Zedelgem","nameDe":"Zedelgem","province":"west-vlaanderen","region":"flanders","areaKm2":60.41},"geometry":{"type":"Polygon","coordinates":[[[3.1425,51.16019],[3.13034,51.15648],[3.1279,51.15511],[3.12394,51.15483],[3.11217,51.15038],[3.09323,51.14533],[3.08792,51.14607],[3.08611,51.14425],[3.08037,51.14612],[3.07848,51.14558],[3.06868,51.14195],[3.06812,51.14044],[3.0649,51.13926],[3.06781,51.13432],[3.06361,51.1333],[3.06421,51.13173],[3.06087,51.12996],[3.06449,51.12734],[3.05899,51.12651],[3.06082,51.12328],[3.05776,51.12009],[3.05833,51.11801],[3.06051,51.11786],[3.06488,51.11114],[3.06322,51.10675],[3.06499,51.10579],[3.06641,51.10243],[3.07897,51.10329],[3.08221,51.10385],[3.08242,51.10249],[3.08674,51.09627],[3.08994,51.09261],[3.09468,51.08944],[3.10124,51.09244],[3.10198,51.09119],[3.10678,51.08905],[3.11566,51.09208],[3.12189,51.09141],[3.12659,51.09421],[3.13548,51.09238],[3.13642,51.09389],[3.14265,51.09229],[3.14223,51.09176],[3.14888,51.08869],[3.15388,51.08389],[3.1557,51.08409],[3.15726,51.08787],[3.1625,51.09447],[3.16549,51.09162],[3.17401,51.09852],[3.17279,51.10005],[3.17831,51.10037],[3.17772,51.1043],[3.17276,51.10472],[3.17863,51.10786],[3.18139,51.1112],[3.17826,51.11265],[3.18188,51.11479],[3.18355,51.11751],[3.18201,51.11844],[3.18484,51.12302],[3.18798,51.12306],[3.18907,51.12816],[3.19139,51.1285],[3.19319,51.13376],[3.20122,51.14185],[3.21002,51.15288],[3.21113,51.15931],[3.21523,51.16281],[3.21386,51.1652],[3.19909,51.16145],[3.17012,51.16737],[3.16614,51.16207],[3.16585,51.16046],[3.16239,51.15823],[3.1567,51.15835],[3.1425,51.16019]]]}},{"type":"Feature","id":"31042","bbox":[3.061666,51.212587,3.193541,51.290847],"properties":{"nis":"31042","name":"Zuienkerke","nameNl":"Zuienkerke","nameFr":"Zuienkerke","nameDe":"Zuienkerke","province":"west-vlaanderen","region":"flanders","areaKm2":48.7},"geometry":{"type":"Polygon","coordinates":[[[3.14087,51.21589],[3.14592,51.21753],[3.1564,51.21929],[3.1634,51.22114],[3.16209,51.22365],[3.16521,51.22396],[3.16887,51.22235],[3.17335,51.22299],[3.17158,51.22531],[3.17336,51.22586],[3.16962,51.23232],[3.1646,51.2322],[3.16006,51.23696],[3.16623,51.23954],[3.17187,51.241],[3.17924,51.24381],[3.18781,51.25032],[3.19245,51.25094],[3.19105,51.25422],[3.1849,51.26223],[3.19354,51.27136],[3.19289,51.27562],[3.19171,51.27419],[3.18605,51.27338],[3.18671,51.27168],[3.18249,51.27087],[3.17952,51.278],[3.17813,51.28398],[3.17299,51.28978],[3.1693,51.29057],[3.15877,51.2889],[3.15802,51.28631],[3.15606,51.28505],[3.15616,51.28121],[3.15325,51.28063],[3.15345,51.28309],[3.14694,51.28129],[3.14641,51.28211],[3.1394,51.28201],[3.13349,51.28097],[3.13491,51.27981],[3.13247,51.27806],[3.1289,51.27823],[3.1254,51.27643],[3.12238,51.27697],[3.11449,51.27682],[3.11377,51.27952],[3.10847,51.28278],[3.11161,51.28436],[3.10641,51.28536],[3.10518,51.29085],[3.08901,51.29049],[3.07018,51.28904],[3.06651,51.28907],[3.06167,51.28518],[3.06315,51.28412],[3.06831,51.28583],[3.06841,51.28362],[3.07422,51.28328],[3.07287,51.28658],[3.07688,51.2866],[3.08092,51.27779],[3.08442,51.27363],[3.08359,51.27093],[3.08647,51.27024],[3.0874,51.26388],[3.08575,51.26236],[3.08696,51.2602],[3.08484,51.25617],[3.08879,51.25139],[3.08393,51.24918],[3.08483,51.24828],[3.07961,51.24529],[3.07912,51.24355],[3.08162,51.23939],[3.08143,51.23754],[3.08508,51.23819],[3.08712,51.23442],[3.0908,51.22408],[3.09177,51.22477],[3.09671,51.21901],[3.10288,51.214],[3.1055,51.21259],[3.1156,51.21705],[3.1253,51.21913],[3.13418,51.22216],[3.14087,51.21589]]]}},{"type":"Feature","id":"31043","bbox":[3.225081,51.296081,3.38534,51.372703],"properties":{"nis":"31043","name":"Knokke-Heist","nameNl":"Knokke-Heist","nameFr":"Knokke-Heist","nameDe":"Knokke-Heist","province":"west-vlaanderen","region":"flanders","areaKm2":61.25},"geometry":{"type":"Polygon","coordinates":[[[3.2272,51.35069],[3.22541,51.34751],[3.22785,51.33898],[3.22508,51.33858],[3.23016,51.33029],[3.22849,51.32642],[3.26189,51.29608],[3.26586,51.29855],[3.27534,51.30109],[3.2835,51.30205],[3.29135,51.30562],[3.2959,51.30213],[3.30998,51.30186],[3.31658,51.3034],[3.32376,51.30359],[3.33087,51.30805],[3.33426,51.30712],[3.33196,51.30538],[3.333,51.30391],[3.33603,51.30451],[3.33589,51.30176],[3.33852,51.30021],[3.3433,51.29947],[3.34948,51.3013],[3.34985,51.30254],[3.3581,51.30485],[3.36273,51.30349],[3.37213,51.30563],[3.35838,51.31498],[3.38534,51.33413],[3.38351,51.3412],[3.37407,51.34851],[3.37371,51.35423],[3.37499,51.35889],[3.36321,51.3727],[3.35609,51.36933],[3.35065,51.36824],[3.34398,51.36771],[3.33287,51.36509],[3.30877,51.36062],[3.28483,51.35513],[3.26969,51.35057],[3.2544,51.3481],[3.25034,51.34837],[3.24593,51.34979],[3.23204,51.35606],[3.2275,51.35434],[3.2272,51.35069]]]}},{"type":"Feature","id":"32003","bbox":[2.743107,50.974679,2.951342,51.116183],"properties":{"nis":"32003","name":"Diksmuide","nameNl":"Diksmuide","nameFr":"Dixmude","nameDe":"Diksmuide","province":"west-vlaanderen","region":"flanders","areaKm2":150.21},"geometry":{"type":"Polygon","coordinates":[[[2.93219,51.00501],[2.93446,51.00741],[2.94358,51.01264],[2.94857,51.01641],[2.94717,51.01718],[2.95046,51.02069],[2.94481,51.02414],[2.94323,51.02828],[2.93996,51.03017],[2.93912,51.02937],[2.93498,51.03235],[2.93392,51.03441],[2.93622,51.03434],[2.93782,51.03655],[2.94153,51.03746],[2.94745,51.04261],[2.94919,51.04777],[2.94612,51.0509],[2.94168,51.05301],[2.94329,51.05445],[2.94376,51.05793],[2.9462,51.05846],[2.94315,51.06031],[2.94059,51.06354],[2.94358,51.06447],[2.94325,51.06742],[2.95134,51.06979],[2.94629,51.07448],[2.93888,51.07626],[2.93295,51.08133],[2.93248,51.0865],[2.93825,51.08918],[2.93975,51.09087],[2.93704,51.09427],[2.93059,51.09979],[2.92979,51.10118],[2.915,51.10921],[2.90437,51.11401],[2.89934,51.11516],[2.89125,51.11613],[2.88595,51.11465],[2.87907,51.11194],[2.8704,51.11021],[2.86853,51.10727],[2.85983,51.10596],[2.85474,51.1043],[2.8534,51.10615],[2.84653,51.10396],[2.8443,51.10029],[2.83852,51.0985],[2.83794,51.09704],[2.84067,51.09558],[2.83141,51.09482],[2.82452,51.0968],[2.82116,51.10062],[2.82081,51.10243],[2.81661,51.10331],[2.8118,51.10134],[2.80725,51.10099],[2.80465,51.09908],[2.79822,51.09861],[2.79355,51.09763],[2.79146,51.09535],[2.78461,51.09256],[2.7782,51.09141],[2.77421,51.09135],[2.77003,51.08966],[2.76629,51.08672],[2.76647,51.08223],[2.77113,51.07853],[2.76946,51.07482],[2.7719,51.06986],[2.77612,51.06803],[2.77677,51.06633],[2.7718,51.0629],[2.77533,51.06227],[2.77492,51.0589],[2.7727,51.05867],[2.77111,51.05547],[2.76803,51.05325],[2.76291,51.05119],[2.75942,51.04873],[2.74831,51.04314],[2.74542,51.04111],[2.74705,51.03971],[2.74329,51.0372],[2.74628,51.0356],[2.75811,51.03482],[2.76245,51.03356],[2.76257,51.03124],[2.76054,51.02978],[2.76482,51.02693],[2.7691,51.02087],[2.76775,51.01945],[2.77057,51.01713],[2.77176,51.01221],[2.77412,51.01012],[2.77376,51.00754],[2.77559,51.00842],[2.77719,51.00567],[2.77894,51.00579],[2.7828,51.00275],[2.78546,50.99858],[2.78398,50.99771],[2.78814,50.99451],[2.78669,50.99246],[2.79173,50.98856],[2.79246,50.98671],[2.79917,50.97892],[2.80241,50.98109],[2.80619,50.98169],[2.81737,50.99118],[2.82405,50.9894],[2.82971,50.98613],[2.83193,50.98308],[2.83485,50.98097],[2.84186,50.98237],[2.84302,50.98049],[2.84519,50.98092],[2.84825,50.9794],[2.84903,50.97581],[2.85213,50.97575],[2.85781,50.97734],[2.85822,50.97468],[2.85988,50.97707],[2.85867,50.97884],[2.8639,50.98219],[2.87182,50.97974],[2.87412,50.98618],[2.88335,50.99576],[2.90587,51.00674],[2.91276,51.00841],[2.91776,51.0042],[2.9196,51.0052],[2.92438,51.00543],[2.92847,51.00781],[2.93219,51.00501]]]}},{"type":"Feature","id":"32006","bbox":[2.805738,50.93119,2.973731,51.00841],"properties":{"nis":"32006","name":"Houthulst","nameNl":"Houthulst","nameFr":"Houthulst","nameDe":"Houthulst","province":"west-vlaanderen","region":"flanders","areaKm2":55.82},"geometry":{"type":"Polygon","coordinates":[[[2.93219,51.00501],[2.92847,51.00781],[2.92438,51.00543],[2.9196,51.0052],[2.91776,51.0042],[2.91276,51.00841],[2.90587,51.00674],[2.88335,50.99576],[2.87412,50.98618],[2.87182,50.97974],[2.8639,50.98219],[2.85867,50.97884],[2.85988,50.97707],[2.85822,50.97468],[2.85781,50.97734],[2.85213,50.97575],[2.84903,50.97581],[2.84825,50.9794],[2.84519,50.98092],[2.84302,50.98049],[2.84186,50.98237],[2.83485,50.98097],[2.83193,50.98308],[2.82971,50.98613],[2.82405,50.9894],[2.81737,50.99118],[2.80619,50.98169],[2.80574,50.98106],[2.80914,50.9757],[2.81186,50.97295],[2.82055,50.96202],[2.82563,50.95749],[2.8391,50.95309],[2.84429,50.95064],[2.84943,50.9467],[2.85189,50.94624],[2.85644,50.94324],[2.86541,50.93707],[2.86824,50.93781],[2.8746,50.93583],[2.87967,50.93643],[2.88736,50.93119],[2.8996,50.93686],[2.91089,50.93968],[2.92588,50.94878],[2.93221,50.94965],[2.94205,50.95229],[2.94337,50.95116],[2.9551,50.95731],[2.95902,50.9531],[2.96559,50.95426],[2.97074,50.95644],[2.96949,50.95981],[2.97263,50.96032],[2.96348,50.96942],[2.97057,50.97131],[2.96004,50.97618],[2.96058,50.97728],[2.96791,50.98177],[2.97373,50.98403],[2.97113,50.98686],[2.96168,50.99077],[2.96395,50.99253],[2.95884,50.99397],[2.95983,50.99515],[2.95415,50.99653],[2.95203,50.99459],[2.94615,50.99925],[2.94044,50.99612],[2.93885,50.9979],[2.93639,50.99727],[2.93299,50.99899],[2.93019,50.99807],[2.92856,50.99926],[2.92996,51.0027],[2.93219,51.00501]]]}},{"type":"Feature","id":"32010","bbox":[2.899342,51.041858,3.014533,51.133746],"properties":{"nis":"32010","name":"Koekelare","nameNl":"Koekelare","nameFr":"Koekelare","nameDe":"Koekelare","province":"west-vlaanderen","region":"flanders","areaKm2":39.3},"geometry":{"type":"Polygon","coordinates":[[[2.94919,51.04777],[2.95284,51.0476],[2.95967,51.04447],[2.96076,51.04518],[2.96289,51.04285],[2.96592,51.04186],[2.97663,51.04776],[2.98206,51.05294],[2.98594,51.05544],[2.99049,51.05357],[2.99382,51.05417],[2.9983,51.05739],[3.00149,51.06104],[3.00897,51.06778],[3.01453,51.06997],[3.01206,51.07389],[3.00759,51.07678],[3.00626,51.07928],[3.00117,51.08285],[2.99937,51.08319],[2.99537,51.0911],[2.99817,51.09131],[2.99574,51.09506],[2.99517,51.10014],[3.00037,51.10363],[2.99911,51.10616],[2.99961,51.10965],[2.99703,51.11476],[2.99376,51.11737],[2.98702,51.12517],[2.98205,51.12882],[2.96942,51.1223],[2.95714,51.11828],[2.94839,51.11449],[2.94212,51.11039],[2.93745,51.11655],[2.92784,51.13375],[2.92517,51.13104],[2.92606,51.12967],[2.92358,51.12809],[2.91664,51.12676],[2.91418,51.1283],[2.90931,51.1277],[2.90692,51.12552],[2.90802,51.1229],[2.90678,51.12093],[2.90038,51.11808],[2.89934,51.11516],[2.90437,51.11401],[2.915,51.10921],[2.92979,51.10118],[2.93059,51.09979],[2.93704,51.09427],[2.93975,51.09087],[2.93825,51.08918],[2.93248,51.0865],[2.93295,51.08133],[2.93888,51.07626],[2.94629,51.07448],[2.95134,51.06979],[2.94325,51.06742],[2.94358,51.06447],[2.94059,51.06354],[2.94315,51.06031],[2.9462,51.05846],[2.94376,51.05793],[2.94329,51.05445],[2.94168,51.05301],[2.94612,51.0509],[2.94919,51.04777]]]}},{"type":"Feature","id":"32011","bbox":[2.928548,50.984026,3.070398,51.070354],"properties":{"nis":"32011","name":"Kortemark","nameNl":"Kortemark","nameFr":"Kortemark","nameDe":"Kortemark","province":"west-vlaanderen","region":"flanders","areaKm2":55.23},"geometry":{"type":"Polygon","coordinates":[[[3.01453,51.06997],[3.00897,51.06778],[3.00149,51.06104],[2.9983,51.05739],[2.99382,51.05417],[2.99049,51.05357],[2.98594,51.05544],[2.98206,51.05294],[2.97663,51.04776],[2.96592,51.04186],[2.96289,51.04285],[2.96076,51.04518],[2.95967,51.04447],[2.95284,51.0476],[2.94919,51.04777],[2.94745,51.04261],[2.94153,51.03746],[2.93782,51.03655],[2.93622,51.03434],[2.93392,51.03441],[2.93498,51.03235],[2.93912,51.02937],[2.93996,51.03017],[2.94323,51.02828],[2.94481,51.02414],[2.95046,51.02069],[2.94717,51.01718],[2.94857,51.01641],[2.94358,51.01264],[2.93446,51.00741],[2.93219,51.00501],[2.92996,51.0027],[2.92856,50.99926],[2.93019,50.99807],[2.93299,50.99899],[2.93639,50.99727],[2.93885,50.9979],[2.94044,50.99612],[2.94615,50.99925],[2.95203,50.99459],[2.95415,50.99653],[2.95983,50.99515],[2.95884,50.99397],[2.96395,50.99253],[2.96168,50.99077],[2.97113,50.98686],[2.97373,50.98403],[2.97659,50.98516],[2.98462,50.98598],[2.99187,50.99064],[2.99769,50.99108],[3.00771,50.99519],[3.01109,50.99394],[3.0124,50.99532],[3.01559,50.99532],[3.01946,50.99936],[3.01844,51.00213],[3.03734,51.00509],[3.04239,51.00414],[3.05477,51.00588],[3.05782,51.00559],[3.06503,51.00717],[3.06929,51.01236],[3.06977,51.01546],[3.07039,51.01806],[3.06936,51.02074],[3.06612,51.02266],[3.06724,51.02887],[3.06521,51.03377],[3.05947,51.03701],[3.05988,51.03803],[3.05665,51.04029],[3.05494,51.04282],[3.0574,51.04446],[3.05929,51.04742],[3.05542,51.04967],[3.05241,51.04967],[3.05177,51.05142],[3.05231,51.05663],[3.04772,51.05721],[3.04739,51.06],[3.04355,51.06063],[3.03536,51.05865],[3.02656,51.05749],[3.02168,51.05498],[3.0205,51.05603],[3.01982,51.06543],[3.01732,51.06889],[3.01453,51.06997]]]}},{"type":"Feature","id":"32030","bbox":[2.696441,50.903542,2.856438,51.017128],"properties":{"nis":"32030","name":"Lo-Reninge","nameNl":"Lo-Reninge","nameFr":"Lo-Reninge","nameDe":"Lo-Reninge","province":"west-vlaanderen","region":"flanders","areaKm2":63.18},"geometry":{"type":"Polygon","coordinates":[[[2.8098,50.90503],[2.81262,50.90354],[2.81779,50.90626],[2.82256,50.90772],[2.82478,50.91325],[2.82589,50.91348],[2.8239,50.91749],[2.8263,50.92107],[2.8233,50.92516],[2.8201,50.92607],[2.81292,50.93004],[2.81936,50.93202],[2.81883,50.93297],[2.82656,50.93642],[2.82611,50.93704],[2.83143,50.93871],[2.83244,50.93573],[2.83809,50.92678],[2.84905,50.93103],[2.84675,50.93386],[2.85255,50.9363],[2.853,50.9405],[2.85644,50.94324],[2.85189,50.94624],[2.84943,50.9467],[2.84429,50.95064],[2.8391,50.95309],[2.82563,50.95749],[2.82055,50.96202],[2.81186,50.97295],[2.80914,50.9757],[2.80574,50.98106],[2.80619,50.98169],[2.80241,50.98109],[2.79917,50.97892],[2.79246,50.98671],[2.79173,50.98856],[2.78669,50.99246],[2.78814,50.99451],[2.78398,50.99771],[2.78546,50.99858],[2.7828,51.00275],[2.77894,51.00579],[2.77719,51.00567],[2.77559,51.00842],[2.77376,51.00754],[2.77412,51.01012],[2.77176,51.01221],[2.77057,51.01713],[2.75302,51.01201],[2.75077,51.00987],[2.74179,51.00828],[2.74159,51.00943],[2.73544,51.00787],[2.73385,51.00833],[2.72849,51.00717],[2.73042,51.00603],[2.73004,51.00376],[2.73175,51.00056],[2.73008,50.99533],[2.72717,50.99348],[2.72509,50.99414],[2.71881,50.99173],[2.70639,50.98981],[2.70961,50.98306],[2.70765,50.98258],[2.71101,50.97981],[2.70858,50.97859],[2.70682,50.9753],[2.70323,50.97481],[2.6974,50.97255],[2.69707,50.96907],[2.70325,50.9696],[2.70664,50.96707],[2.70536,50.96633],[2.71351,50.95848],[2.71727,50.95346],[2.72112,50.95041],[2.72284,50.95318],[2.73297,50.95602],[2.74316,50.95669],[2.75246,50.95674],[2.75334,50.95272],[2.75544,50.94878],[2.75059,50.94753],[2.75449,50.94344],[2.75336,50.94318],[2.75542,50.93809],[2.75788,50.93714],[2.75478,50.93579],[2.76112,50.93149],[2.76323,50.92495],[2.7668,50.9222],[2.76998,50.91774],[2.76604,50.91629],[2.76415,50.91732],[2.76259,50.91497],[2.75886,50.91222],[2.76315,50.90745],[2.77062,50.91234],[2.77835,50.90775],[2.7832,50.91136],[2.79,50.91869],[2.80254,50.91641],[2.80563,50.91107],[2.80741,50.91156],[2.81028,50.90727],[2.8098,50.90503]]]}},{"type":"Feature","id":"33011","bbox":[2.769058,50.793608,2.976499,50.938707],"properties":{"nis":"33011","name":"Ieper","nameNl":"Ieper","nameFr":"Ypres","nameDe":"Ypern","province":"west-vlaanderen","region":"flanders","areaKm2":131},"geometry":{"type":"Polygon","coordinates":[[[2.93718,50.79361],[2.94203,50.79458],[2.94883,50.79493],[2.9529,50.79734],[2.95992,50.79767],[2.96343,50.80011],[2.96142,50.80178],[2.95896,50.80773],[2.95847,50.81142],[2.95288,50.81661],[2.95337,50.81842],[2.95726,50.81869],[2.95727,50.82155],[2.95562,50.824],[2.95744,50.82816],[2.9592,50.82696],[2.96833,50.82524],[2.96956,50.82256],[2.97256,50.82151],[2.9734,50.82754],[2.97466,50.82787],[2.97645,50.83296],[2.97549,50.83935],[2.95681,50.84496],[2.95339,50.84542],[2.95206,50.85129],[2.94735,50.8601],[2.94233,50.86118],[2.94203,50.86356],[2.93825,50.86665],[2.93981,50.86994],[2.93429,50.8683],[2.93165,50.87305],[2.92537,50.87698],[2.9182,50.88573],[2.91462,50.88892],[2.90758,50.89381],[2.89646,50.89986],[2.89362,50.90073],[2.88875,50.90419],[2.88313,50.90619],[2.88207,50.90813],[2.87912,50.9068],[2.86708,50.91601],[2.86452,50.91733],[2.85555,50.91259],[2.8504,50.91286],[2.8495,50.91526],[2.84472,50.91958],[2.84357,50.91966],[2.85124,50.92582],[2.85542,50.93192],[2.85164,50.9344],[2.85255,50.9363],[2.84675,50.93386],[2.84905,50.93103],[2.83809,50.92678],[2.83244,50.93573],[2.83143,50.93871],[2.82611,50.93704],[2.82656,50.93642],[2.81883,50.93297],[2.81936,50.93202],[2.81292,50.93004],[2.8201,50.92607],[2.8233,50.92516],[2.8263,50.92107],[2.8239,50.91749],[2.82589,50.91348],[2.82478,50.91325],[2.82256,50.90772],[2.81779,50.90626],[2.81262,50.90354],[2.8098,50.90503],[2.80704,50.9011],[2.80457,50.89998],[2.80118,50.89593],[2.79521,50.89019],[2.78798,50.88923],[2.78435,50.88794],[2.77833,50.89019],[2.7758,50.89301],[2.76906,50.88948],[2.7709,50.88824],[2.77571,50.89008],[2.78185,50.88617],[2.78049,50.87941],[2.78179,50.8754],[2.78157,50.86996],[2.78263,50.86909],[2.77624,50.86109],[2.77382,50.86002],[2.77278,50.85778],[2.77304,50.85412],[2.77117,50.85127],[2.76967,50.84595],[2.77086,50.84152],[2.77579,50.83856],[2.78355,50.84266],[2.78691,50.84035],[2.80068,50.83924],[2.80139,50.83729],[2.79875,50.83503],[2.79966,50.83409],[2.79947,50.82814],[2.80213,50.82714],[2.79635,50.82176],[2.78976,50.81831],[2.80147,50.81076],[2.80456,50.80787],[2.80736,50.8075],[2.81156,50.80524],[2.81571,50.80127],[2.81882,50.79701],[2.82658,50.79992],[2.8342,50.80442],[2.83352,50.80742],[2.83908,50.81193],[2.84177,50.81496],[2.84585,50.8144],[2.84825,50.81266],[2.84699,50.80942],[2.85032,50.80722],[2.84847,50.80562],[2.85156,50.80226],[2.85503,50.8003],[2.86141,50.79826],[2.86451,50.79991],[2.86856,50.80349],[2.87605,50.80655],[2.87801,50.80895],[2.88342,50.80647],[2.88705,50.80117],[2.89249,50.80259],[2.8967,50.8052],[2.90384,50.80024],[2.91191,50.803],[2.91927,50.80678],[2.92205,50.80441],[2.92882,50.80496],[2.9329,50.80459],[2.93525,50.80157],[2.93718,50.79361]]]}},{"type":"Feature","id":"33016","bbox":[2.86963,50.75273,2.922544,50.767039],"properties":{"nis":"33016","name":"Mesen","nameNl":"Mesen","nameFr":"Messines","nameDe":"Mesen","province":"west-vlaanderen","region":"flanders","areaKm2":3.59},"geometry":{"type":"MultiPolygon","coordinates":[[[[2.86963,50.76003],[2.87051,50.75457],[2.87902,50.75477],[2.87779,50.75869],[2.87582,50.76117],[2.86963,50.76003]]],[[[2.9188,50.76396],[2.91135,50.7657],[2.90182,50.76701],[2.88845,50.76498],[2.87822,50.76154],[2.88323,50.75769],[2.88523,50.75707],[2.88779,50.7536],[2.89723,50.75289],[2.90315,50.75458],[2.91326,50.75544],[2.92254,50.75721],[2.91855,50.76072],[2.9188,50.76396]]]]}},{"type":"Feature","id":"33021","bbox":[2.598638,50.794812,2.803408,50.937253],"properties":{"nis":"33021","name":"Poperinge","nameNl":"Poperinge","nameFr":"Poperinge","nameDe":"Poperinge","province":"west-vlaanderen","region":"flanders","areaKm2":119.94},"geometry":{"type":"Polygon","coordinates":[[[2.60753,50.91277],[2.60805,50.91009],[2.60391,50.90468],[2.60672,50.90178],[2.6055,50.90056],[2.60939,50.89822],[2.60948,50.89558],[2.60602,50.89079],[2.60696,50.89055],[2.60449,50.88603],[2.60704,50.88606],[2.60655,50.8827],[2.60951,50.88155],[2.60982,50.87871],[2.60632,50.87567],[2.60608,50.87395],[2.61177,50.8669],[2.61226,50.86354],[2.6096,50.86099],[2.60431,50.85848],[2.6038,50.85644],[2.59874,50.85237],[2.60014,50.8485],[2.6035,50.84778],[2.61127,50.85032],[2.61564,50.84837],[2.6156,50.84376],[2.61692,50.84261],[2.61634,50.84006],[2.61915,50.83807],[2.62039,50.8389],[2.6255,50.83668],[2.62732,50.82785],[2.63154,50.81777],[2.63507,50.81291],[2.65618,50.8136],[2.66217,50.81631],[2.66781,50.81972],[2.66925,50.82266],[2.67507,50.81923],[2.67894,50.81343],[2.68821,50.8135],[2.69369,50.81399],[2.70425,50.81345],[2.71077,50.81356],[2.71302,50.81534],[2.72389,50.81994],[2.73152,50.82219],[2.73009,50.82402],[2.73593,50.82732],[2.7393,50.82472],[2.74799,50.81663],[2.75047,50.81252],[2.75073,50.80938],[2.75637,50.80489],[2.76149,50.80256],[2.75738,50.79793],[2.76371,50.79481],[2.76484,50.79607],[2.77092,50.79873],[2.77223,50.79611],[2.77522,50.79829],[2.77473,50.80561],[2.78336,50.81259],[2.78675,50.81466],[2.78976,50.81831],[2.79635,50.82176],[2.80213,50.82714],[2.79947,50.82814],[2.79966,50.83409],[2.79875,50.83503],[2.80139,50.83729],[2.80068,50.83924],[2.78691,50.84035],[2.78355,50.84266],[2.77579,50.83856],[2.77086,50.84152],[2.76967,50.84595],[2.77117,50.85127],[2.77304,50.85412],[2.77278,50.85778],[2.77382,50.86002],[2.77624,50.86109],[2.78263,50.86909],[2.78157,50.86996],[2.78179,50.8754],[2.78049,50.87941],[2.78185,50.88617],[2.77571,50.89008],[2.7709,50.88824],[2.76906,50.88948],[2.76535,50.89177],[2.75936,50.89076],[2.76088,50.88898],[2.75736,50.88908],[2.75228,50.88677],[2.74475,50.88583],[2.74338,50.88697],[2.74017,50.88643],[2.73798,50.88335],[2.73447,50.88491],[2.73504,50.88722],[2.73027,50.88466],[2.72868,50.88601],[2.72303,50.88483],[2.71464,50.88473],[2.71327,50.8854],[2.70782,50.88426],[2.70146,50.88215],[2.70118,50.88433],[2.69894,50.88653],[2.70055,50.88733],[2.69736,50.89157],[2.69808,50.89342],[2.69521,50.89418],[2.69417,50.89789],[2.69502,50.90223],[2.69004,50.90615],[2.69395,50.91015],[2.69526,50.91315],[2.69432,50.9178],[2.69597,50.91877],[2.69749,50.92292],[2.69706,50.9259],[2.6988,50.92713],[2.69518,50.92723],[2.69137,50.92574],[2.6924,50.92366],[2.68198,50.92253],[2.67836,50.92113],[2.6764,50.91856],[2.67336,50.91729],[2.66838,50.91336],[2.66769,50.91131],[2.66418,50.90927],[2.66201,50.90683],[2.65718,50.90674],[2.65449,50.90768],[2.65249,50.91566],[2.6543,50.9175],[2.65354,50.91978],[2.65463,50.92238],[2.65157,50.92743],[2.65281,50.93009],[2.64992,50.93725],[2.64621,50.93582],[2.64424,50.93295],[2.64,50.93158],[2.63947,50.93022],[2.62958,50.92676],[2.62578,50.92471],[2.62646,50.92362],[2.6208,50.92125],[2.62195,50.91925],[2.61517,50.91494],[2.61256,50.9155],[2.60753,50.91277]]]}},{"type":"Feature","id":"33029","bbox":[2.998528,50.769729,3.106855,50.854028],"properties":{"nis":"33029","name":"Wervik","nameNl":"Wervik","nameFr":"Wervicq","nameDe":"Wervik","province":"west-vlaanderen","region":"flanders","areaKm2":43.62},"geometry":{"type":"Polygon","coordinates":[[[3.09864,50.77908],[3.09308,50.78438],[3.08792,50.78812],[3.08667,50.79171],[3.08529,50.79171],[3.08367,50.7967],[3.08059,50.80052],[3.08624,50.80311],[3.09128,50.80265],[3.10082,50.80581],[3.10401,50.80926],[3.10686,50.81418],[3.10607,50.81809],[3.10636,50.82841],[3.10485,50.83219],[3.10526,50.83403],[3.10244,50.83809],[3.08829,50.84029],[3.0867,50.8432],[3.08064,50.84311],[3.06956,50.85403],[3.06175,50.85073],[3.06136,50.84988],[3.0512,50.84564],[3.04369,50.84206],[3.04583,50.83996],[3.04548,50.83822],[3.04252,50.836],[3.04427,50.83453],[3.03989,50.83274],[3.03514,50.83434],[3.03256,50.83422],[3.0283,50.83055],[3.02101,50.82822],[3.01982,50.82553],[3.01439,50.82354],[3.0107,50.82366],[3.00384,50.82144],[3.00284,50.81951],[2.99887,50.81871],[3.00016,50.81175],[2.99904,50.81053],[3.00262,50.80838],[3.00612,50.8088],[3.01123,50.80752],[3.01503,50.80267],[3.00904,50.7981],[3.00858,50.79525],[3.01447,50.79027],[3.01303,50.78836],[3.01351,50.7835],[3.01541,50.78391],[3.01874,50.78223],[3.02181,50.78281],[3.02984,50.77901],[3.02162,50.77662],[3.0189,50.77368],[3.02469,50.77071],[3.02681,50.77165],[3.03229,50.76982],[3.03703,50.77127],[3.03975,50.77538],[3.04523,50.77751],[3.05038,50.77839],[3.05168,50.77965],[3.05695,50.78072],[3.06089,50.78066],[3.07642,50.775],[3.08187,50.77264],[3.08694,50.77284],[3.09021,50.7742],[3.08965,50.77561],[3.09461,50.77801],[3.09864,50.77908]]]}},{"type":"Feature","id":"33037","bbox":[2.938249,50.800108,3.069557,50.928858],"properties":{"nis":"33037","name":"Zonnebeke","nameNl":"Zonnebeke","nameFr":"Zonnebeke","nameDe":"Zonnebeke","province":"west-vlaanderen","region":"flanders","areaKm2":67.85},"geometry":{"type":"Polygon","coordinates":[[[2.93981,50.86994],[2.93825,50.86665],[2.94203,50.86356],[2.94233,50.86118],[2.94735,50.8601],[2.95206,50.85129],[2.95339,50.84542],[2.95681,50.84496],[2.97549,50.83935],[2.97645,50.83296],[2.97466,50.82787],[2.9734,50.82754],[2.97256,50.82151],[2.96956,50.82256],[2.96833,50.82524],[2.9592,50.82696],[2.95744,50.82816],[2.95562,50.824],[2.95727,50.82155],[2.95726,50.81869],[2.95337,50.81842],[2.95288,50.81661],[2.95847,50.81142],[2.95896,50.80773],[2.96142,50.80178],[2.96343,50.80011],[2.96862,50.80245],[2.97908,50.80342],[2.98947,50.80656],[2.99904,50.81053],[3.00016,50.81175],[2.99887,50.81871],[3.00284,50.81951],[3.00384,50.82144],[3.0107,50.82366],[3.01439,50.82354],[3.01982,50.82553],[3.02101,50.82822],[3.0283,50.83055],[3.03256,50.83422],[3.03514,50.83434],[3.03989,50.83274],[3.04427,50.83453],[3.04252,50.836],[3.04548,50.83822],[3.04583,50.83996],[3.04369,50.84206],[3.0512,50.84564],[3.06136,50.84988],[3.06175,50.85073],[3.06956,50.85403],[3.06568,50.85818],[3.06355,50.85789],[3.05918,50.8607],[3.05872,50.86348],[3.05387,50.86605],[3.0497,50.86628],[3.04358,50.87282],[3.03945,50.8716],[3.03676,50.87611],[3.02748,50.88459],[3.02954,50.88509],[3.028,50.88868],[3.03107,50.89057],[3.03047,50.89469],[3.0337,50.89487],[3.04027,50.89701],[3.04164,50.8989],[3.04719,50.90139],[3.05081,50.9053],[3.05455,50.90728],[3.05362,50.90882],[3.06386,50.91387],[3.06569,50.91716],[3.06217,50.92142],[3.06192,50.9237],[3.05918,50.92278],[3.05468,50.92299],[3.05176,50.92205],[3.04653,50.92413],[3.0423,50.92886],[3.03835,50.92682],[3.03342,50.92629],[3.02844,50.92388],[3.02413,50.92371],[3.01558,50.9221],[3.00663,50.9212],[3.00297,50.91927],[2.99561,50.91812],[2.98986,50.91609],[2.98698,50.91161],[2.9854,50.90649],[2.98097,50.90479],[2.97342,50.90501],[2.96815,50.90031],[2.97033,50.89504],[2.97221,50.88748],[2.97592,50.88634],[2.97239,50.88395],[2.97473,50.88108],[2.97143,50.87733],[2.96502,50.87588],[2.95636,50.87484],[2.94775,50.87661],[2.9448,50.87321],[2.93981,50.86994]]]}},{"type":"Feature","id":"33039","bbox":[2.71302,50.708283,2.960471,50.82732],"properties":{"nis":"33039","name":"Heuvelland","nameNl":"Heuvelland","nameFr":"Heuvelland","nameDe":"Heuvelland","province":"west-vlaanderen","region":"flanders","areaKm2":94.46},"geometry":{"type":"Polygon","coordinates":[[[2.78976,50.81831],[2.78675,50.81466],[2.78336,50.81259],[2.77473,50.80561],[2.77522,50.79829],[2.77223,50.79611],[2.77092,50.79873],[2.76484,50.79607],[2.76371,50.79481],[2.75738,50.79793],[2.76149,50.80256],[2.75637,50.80489],[2.75073,50.80938],[2.75047,50.81252],[2.74799,50.81663],[2.7393,50.82472],[2.73593,50.82732],[2.73009,50.82402],[2.73152,50.82219],[2.72389,50.81994],[2.71302,50.81534],[2.71811,50.81347],[2.72246,50.81039],[2.72592,50.809],[2.72347,50.80708],[2.72444,50.80597],[2.72133,50.80231],[2.72274,50.80117],[2.72623,50.7924],[2.72983,50.7919],[2.73043,50.78806],[2.73723,50.78294],[2.7383,50.78053],[2.74199,50.78091],[2.74867,50.77913],[2.75354,50.77701],[2.7543,50.77473],[2.76117,50.77197],[2.76199,50.77068],[2.7565,50.76269],[2.76207,50.76338],[2.76391,50.76108],[2.76158,50.75919],[2.76587,50.75472],[2.77267,50.75511],[2.77798,50.75056],[2.78304,50.75152],[2.7836,50.74427],[2.78163,50.74342],[2.78724,50.73258],[2.79037,50.73166],[2.78939,50.72886],[2.79132,50.72815],[2.78961,50.72619],[2.79353,50.72633],[2.79455,50.72488],[2.80298,50.72221],[2.80839,50.7194],[2.8106,50.71746],[2.81574,50.71718],[2.81923,50.71551],[2.82344,50.71805],[2.82967,50.71975],[2.8399,50.72055],[2.84809,50.72302],[2.85143,50.71934],[2.85386,50.71538],[2.85843,50.71213],[2.85858,50.71108],[2.8631,50.70828],[2.8696,50.71295],[2.86443,50.71589],[2.86006,50.72169],[2.85653,50.72199],[2.8528,50.72444],[2.85018,50.72766],[2.84652,50.73042],[2.84221,50.7357],[2.84864,50.73949],[2.85268,50.74042],[2.84688,50.74717],[2.84203,50.75153],[2.84635,50.75323],[2.85158,50.7541],[2.85484,50.75759],[2.85946,50.75758],[2.86963,50.76003],[2.87582,50.76117],[2.87822,50.76154],[2.88845,50.76498],[2.90182,50.76701],[2.91135,50.7657],[2.9188,50.76396],[2.93509,50.76849],[2.94378,50.77175],[2.94929,50.7728],[2.96,50.7735],[2.95875,50.77568],[2.96034,50.77956],[2.95788,50.7821],[2.95332,50.78455],[2.94704,50.79101],[2.93745,50.7931],[2.93718,50.79361],[2.93525,50.80157],[2.9329,50.80459],[2.92882,50.80496],[2.92205,50.80441],[2.91927,50.80678],[2.91191,50.803],[2.90384,50.80024],[2.8967,50.8052],[2.89249,50.80259],[2.88705,50.80117],[2.88342,50.80647],[2.87801,50.80895],[2.87605,50.80655],[2.86856,50.80349],[2.86451,50.79991],[2.86141,50.79826],[2.85503,50.8003],[2.85156,50.80226],[2.84847,50.80562],[2.85032,50.80722],[2.84699,50.80942],[2.84825,50.81266],[2.84585,50.8144],[2.84177,50.81496],[2.83908,50.81193],[2.83352,50.80742],[2.8342,50.80442],[2.82658,50.79992],[2.81882,50.79701],[2.81571,50.80127],[2.81156,50.80524],[2.80736,50.8075],[2.80456,50.80787],[2.80147,50.81076],[2.78976,50.81831]]]}},{"type":"Feature","id":"33040","bbox":[2.843565,50.868299,2.989862,50.957314],"properties":{"nis":"33040","name":"Langemark-Poelkapelle","nameNl":"Langemark-Poelkapelle","nameFr":"Langemark-Poelkapelle","nameDe":"Langemark-Poelkapelle","province":"west-vlaanderen","region":"flanders","areaKm2":52.88},"geometry":{"type":"Polygon","coordinates":[[[2.85644,50.94324],[2.853,50.9405],[2.85255,50.9363],[2.85164,50.9344],[2.85542,50.93192],[2.85124,50.92582],[2.84357,50.91966],[2.84472,50.91958],[2.8495,50.91526],[2.8504,50.91286],[2.85555,50.91259],[2.86452,50.91733],[2.86708,50.91601],[2.87912,50.9068],[2.88207,50.90813],[2.88313,50.90619],[2.88875,50.90419],[2.89362,50.90073],[2.89646,50.89986],[2.90758,50.89381],[2.91462,50.88892],[2.9182,50.88573],[2.92537,50.87698],[2.93165,50.87305],[2.93429,50.8683],[2.93981,50.86994],[2.9448,50.87321],[2.94775,50.87661],[2.95636,50.87484],[2.96502,50.87588],[2.97143,50.87733],[2.97473,50.88108],[2.97239,50.88395],[2.97592,50.88634],[2.97221,50.88748],[2.97033,50.89504],[2.96815,50.90031],[2.97342,50.90501],[2.98097,50.90479],[2.9854,50.90649],[2.98698,50.91161],[2.98986,50.91609],[2.98714,50.91927],[2.98654,50.92395],[2.97976,50.93587],[2.97536,50.94483],[2.97515,50.94733],[2.9729,50.95025],[2.96829,50.95044],[2.9626,50.9496],[2.9622,50.95175],[2.95902,50.9531],[2.9551,50.95731],[2.94337,50.95116],[2.94205,50.95229],[2.93221,50.94965],[2.92588,50.94878],[2.91089,50.93968],[2.8996,50.93686],[2.88736,50.93119],[2.87967,50.93643],[2.8746,50.93583],[2.86824,50.93781],[2.86541,50.93707],[2.85644,50.94324]]]}},{"type":"Feature","id":"33041","bbox":[2.690036,50.882121,2.810397,50.956737],"properties":{"nis":"33041","name":"Vleteren","nameNl":"Vleteren","nameFr":"Vleteren","nameDe":"Vleteren","province":"west-vlaanderen","region":"flanders","areaKm2":38.44},"geometry":{"type":"Polygon","coordinates":[[[2.72112,50.95041],[2.71777,50.94919],[2.71644,50.94676],[2.71973,50.94596],[2.71738,50.94363],[2.71584,50.94039],[2.71789,50.93861],[2.71283,50.93736],[2.71484,50.93428],[2.70978,50.93309],[2.70898,50.93056],[2.70255,50.92775],[2.6988,50.92713],[2.69706,50.9259],[2.69749,50.92292],[2.69597,50.91877],[2.69432,50.9178],[2.69526,50.91315],[2.69395,50.91015],[2.69004,50.90615],[2.69502,50.90223],[2.69417,50.89789],[2.69521,50.89418],[2.69808,50.89342],[2.69736,50.89157],[2.70055,50.88733],[2.69894,50.88653],[2.70118,50.88433],[2.70146,50.88215],[2.70782,50.88426],[2.71327,50.8854],[2.71464,50.88473],[2.72303,50.88483],[2.72868,50.88601],[2.73027,50.88466],[2.73504,50.88722],[2.73447,50.88491],[2.73798,50.88335],[2.74017,50.88643],[2.74338,50.88697],[2.74475,50.88583],[2.75228,50.88677],[2.75736,50.88908],[2.76088,50.88898],[2.75936,50.89076],[2.76535,50.89177],[2.76906,50.88948],[2.7758,50.89301],[2.77833,50.89019],[2.78435,50.88794],[2.78798,50.88923],[2.79521,50.89019],[2.80118,50.89593],[2.80457,50.89998],[2.80704,50.9011],[2.8098,50.90503],[2.81028,50.90727],[2.80741,50.91156],[2.80563,50.91107],[2.80254,50.91641],[2.79,50.91869],[2.7832,50.91136],[2.77835,50.90775],[2.77062,50.91234],[2.76315,50.90745],[2.75886,50.91222],[2.76259,50.91497],[2.76415,50.91732],[2.76604,50.91629],[2.76998,50.91774],[2.7668,50.9222],[2.76323,50.92495],[2.76112,50.93149],[2.75478,50.93579],[2.75788,50.93714],[2.75542,50.93809],[2.75336,50.94318],[2.75449,50.94344],[2.75059,50.94753],[2.75544,50.94878],[2.75334,50.95272],[2.75246,50.95674],[2.74316,50.95669],[2.73297,50.95602],[2.72284,50.95318],[2.72112,50.95041]]]}},{"type":"Feature","id":"34002","bbox":[3.383828,50.792523,3.514646,50.866138],"properties":{"nis":"34002","name":"Anzegem","nameNl":"Anzegem","nameFr":"Anzegem","nameDe":"Anzegem","province":"west-vlaanderen","region":"flanders","areaKm2":42.2},"geometry":{"type":"Polygon","coordinates":[[[3.39194,50.85058],[3.39128,50.84717],[3.39246,50.84502],[3.38581,50.8421],[3.38383,50.83985],[3.38407,50.83591],[3.38602,50.83349],[3.38412,50.83149],[3.38995,50.82793],[3.39608,50.82408],[3.39885,50.82542],[3.4081,50.82715],[3.41031,50.82571],[3.41195,50.81746],[3.41381,50.81706],[3.41723,50.81416],[3.4186,50.81471],[3.42167,50.81239],[3.42607,50.81395],[3.43213,50.81412],[3.43447,50.81175],[3.43948,50.80875],[3.44235,50.80856],[3.44941,50.80481],[3.45136,50.80114],[3.45417,50.79893],[3.45484,50.79596],[3.45781,50.79485],[3.46158,50.79252],[3.46833,50.79599],[3.4712,50.79985],[3.47395,50.80143],[3.47524,50.80026],[3.47915,50.79998],[3.47987,50.79886],[3.48527,50.80123],[3.48771,50.80015],[3.491,50.80063],[3.49524,50.80349],[3.50039,50.80455],[3.4999,50.80553],[3.50496,50.80581],[3.51095,50.80753],[3.50803,50.81112],[3.5095,50.8136],[3.50659,50.81844],[3.50551,50.82177],[3.50705,50.82421],[3.49869,50.82444],[3.49984,50.82802],[3.50251,50.82669],[3.50915,50.82816],[3.51459,50.83221],[3.51183,50.83483],[3.50174,50.83656],[3.49961,50.84062],[3.50346,50.84107],[3.49431,50.8451],[3.49035,50.8487],[3.4882,50.85405],[3.48519,50.85619],[3.48027,50.85776],[3.46881,50.85354],[3.46489,50.86031],[3.46511,50.86196],[3.46239,50.86082],[3.45763,50.86427],[3.456,50.86357],[3.45309,50.86614],[3.45052,50.86552],[3.44691,50.86297],[3.44581,50.86371],[3.43818,50.86097],[3.43572,50.86176],[3.42737,50.85737],[3.42629,50.85471],[3.42223,50.85423],[3.41186,50.84817],[3.40755,50.84673],[3.40601,50.84498],[3.39723,50.84919],[3.39194,50.85058]]]}},{"type":"Feature","id":"34003","bbox":[3.390291,50.740351,3.523348,50.814646],"properties":{"nis":"34003","name":"Avelgem","nameNl":"Avelgem","nameFr":"Avelgem","nameDe":"Avelgem","province":"west-vlaanderen","region":"flanders","areaKm2":22.05},"geometry":{"type":"Polygon","coordinates":[[[3.45781,50.79485],[3.45356,50.79197],[3.44842,50.7939],[3.43995,50.79388],[3.43517,50.79129],[3.43317,50.79151],[3.42775,50.78923],[3.42602,50.78575],[3.42285,50.78309],[3.42592,50.77984],[3.42133,50.77882],[3.4199,50.77745],[3.41985,50.7725],[3.42105,50.77092],[3.41823,50.76954],[3.42087,50.76713],[3.42107,50.76461],[3.41754,50.76089],[3.4127,50.75884],[3.40664,50.75415],[3.40487,50.75552],[3.40159,50.75509],[3.39399,50.7521],[3.39034,50.75204],[3.39124,50.74814],[3.39518,50.74581],[3.39367,50.74363],[3.39586,50.74159],[3.39926,50.74035],[3.40308,50.74162],[3.40326,50.74458],[3.405,50.74606],[3.40959,50.747],[3.41776,50.74601],[3.42659,50.74674],[3.42631,50.74771],[3.43043,50.74918],[3.43348,50.74865],[3.43498,50.75013],[3.43118,50.75445],[3.43141,50.75653],[3.43691,50.75433],[3.43921,50.75537],[3.43575,50.75622],[3.43864,50.75862],[3.44274,50.75856],[3.44385,50.75702],[3.45344,50.75813],[3.45316,50.76031],[3.45742,50.7636],[3.45412,50.76483],[3.45402,50.77002],[3.45673,50.7707],[3.45617,50.76747],[3.45927,50.76618],[3.45908,50.76464],[3.46307,50.76812],[3.47472,50.77581],[3.48032,50.77777],[3.48442,50.78064],[3.48854,50.78583],[3.4949,50.79031],[3.50059,50.79307],[3.5046,50.79392],[3.51299,50.79464],[3.51889,50.79812],[3.52058,50.80181],[3.52335,50.80534],[3.51905,50.80893],[3.51624,50.80897],[3.51167,50.81465],[3.5095,50.8136],[3.50803,50.81112],[3.51095,50.80753],[3.50496,50.80581],[3.4999,50.80553],[3.50039,50.80455],[3.49524,50.80349],[3.491,50.80063],[3.48771,50.80015],[3.48527,50.80123],[3.47987,50.79886],[3.47915,50.79998],[3.47524,50.80026],[3.47395,50.80143],[3.4712,50.79985],[3.46833,50.79599],[3.46158,50.79252],[3.45781,50.79485]]]}},{"type":"Feature","id":"34009","bbox":[3.324863,50.811362,3.393817,50.867339],"properties":{"nis":"34009","name":"Deerlijk","nameNl":"Deerlijk","nameFr":"Deerlijk","nameDe":"Deerlijk","province":"west-vlaanderen","region":"flanders","areaKm2":16.91},"geometry":{"type":"Polygon","coordinates":[[[3.34139,50.85676],[3.3309,50.85294],[3.32486,50.84711],[3.32579,50.84514],[3.33067,50.84578],[3.33316,50.84312],[3.3346,50.84364],[3.33718,50.84155],[3.34767,50.83642],[3.34926,50.83208],[3.34791,50.83066],[3.34799,50.82693],[3.35212,50.82569],[3.35476,50.8236],[3.35865,50.82267],[3.36125,50.82087],[3.3657,50.82048],[3.37762,50.81136],[3.38619,50.81591],[3.39238,50.82175],[3.38757,50.82592],[3.38995,50.82793],[3.38412,50.83149],[3.38602,50.83349],[3.38407,50.83591],[3.38383,50.83985],[3.38581,50.8421],[3.39246,50.84502],[3.39128,50.84717],[3.39194,50.85058],[3.39084,50.85319],[3.39355,50.85851],[3.39135,50.86465],[3.38674,50.86397],[3.38315,50.86581],[3.37825,50.86588],[3.37271,50.86499],[3.37049,50.86734],[3.36909,50.86539],[3.35811,50.86367],[3.3512,50.86015],[3.35118,50.85923],[3.34139,50.85676]]]}},{"type":"Feature","id":"34013","bbox":[3.267292,50.817983,3.349261,50.907342],"properties":{"nis":"34013","name":"Harelbeke","nameNl":"Harelbeke","nameFr":"Harelbeke","nameDe":"Harelbeke","province":"west-vlaanderen","region":"flanders","areaKm2":29.3},"geometry":{"type":"Polygon","coordinates":[[[3.28687,50.90428],[3.28169,50.9031],[3.27727,50.90015],[3.27216,50.89801],[3.26729,50.897],[3.2685,50.89355],[3.27211,50.88806],[3.27274,50.88594],[3.27037,50.88479],[3.27164,50.88232],[3.27115,50.87918],[3.27301,50.87968],[3.27713,50.8759],[3.27254,50.87356],[3.27741,50.86929],[3.28097,50.86935],[3.28352,50.86671],[3.28401,50.86207],[3.29354,50.86504],[3.29501,50.86412],[3.29691,50.85893],[3.29881,50.85997],[3.30152,50.85593],[3.30024,50.85064],[3.2974,50.848],[3.2905,50.84728],[3.28735,50.84544],[3.28731,50.84178],[3.28529,50.83956],[3.28917,50.8357],[3.29324,50.83325],[3.29393,50.82948],[3.30201,50.82997],[3.30563,50.8247],[3.3101,50.82168],[3.31366,50.81798],[3.32365,50.82337],[3.32805,50.82162],[3.33453,50.82211],[3.33621,50.82562],[3.33843,50.82703],[3.34441,50.82813],[3.34799,50.82693],[3.34791,50.83066],[3.34926,50.83208],[3.34767,50.83642],[3.33718,50.84155],[3.3346,50.84364],[3.33316,50.84312],[3.33067,50.84578],[3.32579,50.84514],[3.32486,50.84711],[3.3309,50.85294],[3.34139,50.85676],[3.33829,50.86004],[3.33905,50.86399],[3.33547,50.86668],[3.32983,50.86688],[3.32383,50.86887],[3.32508,50.86952],[3.32016,50.87142],[3.3234,50.8734],[3.3236,50.8779],[3.3248,50.88016],[3.32992,50.88172],[3.32136,50.88916],[3.31379,50.8976],[3.31017,50.89941],[3.31404,50.90514],[3.30977,50.90665],[3.29697,50.90595],[3.28687,50.90428]]]}},{"type":"Feature","id":"34022","bbox":[3.20077,50.731031,3.359076,50.874638],"properties":{"nis":"34022","name":"Kortrijk","nameNl":"Kortrijk","nameFr":"Courtrai","nameDe":"Kortrijk","province":"west-vlaanderen","region":"flanders","areaKm2":80.42},"geometry":{"type":"Polygon","coordinates":[[[3.20866,50.80707],[3.21546,50.79986],[3.21965,50.79627],[3.21901,50.79327],[3.2145,50.79109],[3.21573,50.79017],[3.21314,50.7883],[3.20942,50.78731],[3.21159,50.78509],[3.20472,50.78245],[3.20439,50.77977],[3.20146,50.7779],[3.20093,50.77409],[3.20363,50.77403],[3.21028,50.77116],[3.21108,50.76993],[3.20991,50.76446],[3.21266,50.76179],[3.2199,50.7658],[3.22147,50.76495],[3.22766,50.76505],[3.22855,50.76382],[3.23995,50.75801],[3.2406,50.75644],[3.24807,50.75745],[3.25213,50.75441],[3.25868,50.75183],[3.26503,50.75061],[3.27791,50.75084],[3.28231,50.75193],[3.28897,50.75171],[3.2887,50.74984],[3.29195,50.74937],[3.29704,50.75292],[3.30108,50.75324],[3.30558,50.75469],[3.31205,50.74915],[3.31646,50.74443],[3.32339,50.73876],[3.32279,50.73578],[3.32494,50.73325],[3.32904,50.73103],[3.3325,50.73238],[3.34117,50.7319],[3.3427,50.73316],[3.34038,50.73401],[3.33843,50.73689],[3.33835,50.7396],[3.33989,50.74142],[3.34338,50.73928],[3.3476,50.73814],[3.34999,50.73848],[3.35296,50.73717],[3.35908,50.73978],[3.35645,50.74213],[3.34813,50.74472],[3.34052,50.7453],[3.33924,50.74476],[3.33409,50.74747],[3.32755,50.7534],[3.32683,50.75638],[3.32305,50.75906],[3.32134,50.76163],[3.32343,50.76398],[3.32006,50.76783],[3.31813,50.76801],[3.31631,50.77085],[3.31788,50.77344],[3.32183,50.77675],[3.32644,50.77924],[3.33014,50.77952],[3.32562,50.78557],[3.31621,50.78898],[3.3147,50.78775],[3.30505,50.79374],[3.30707,50.79684],[3.31323,50.80317],[3.31656,50.8033],[3.32091,50.80702],[3.31721,50.80846],[3.3147,50.8109],[3.30777,50.8155],[3.30966,50.81547],[3.31366,50.81798],[3.3101,50.82168],[3.30563,50.8247],[3.30201,50.82997],[3.29393,50.82948],[3.29324,50.83325],[3.28917,50.8357],[3.28529,50.83956],[3.28291,50.84063],[3.26954,50.84466],[3.25666,50.85024],[3.25556,50.85353],[3.257,50.8554],[3.25304,50.85748],[3.24987,50.86023],[3.24635,50.86776],[3.24055,50.87167],[3.23256,50.87206],[3.22392,50.87162],[3.22048,50.87243],[3.22034,50.87376],[3.21499,50.87368],[3.2097,50.87464],[3.20626,50.87371],[3.20692,50.86988],[3.20882,50.86572],[3.21115,50.86047],[3.21485,50.85695],[3.21983,50.85041],[3.22292,50.84449],[3.22115,50.84105],[3.21891,50.84002],[3.21912,50.83496],[3.21599,50.83246],[3.21002,50.83384],[3.20411,50.83062],[3.20351,50.82853],[3.21365,50.82808],[3.21342,50.82638],[3.21831,50.82457],[3.21921,50.82107],[3.22109,50.81972],[3.22098,50.8095],[3.2176,50.80824],[3.20866,50.80707]]]}},{"type":"Feature","id":"34023","bbox":[3.240438,50.83956,3.301515,50.879912],"properties":{"nis":"34023","name":"Kuurne","nameNl":"Kuurne","nameFr":"Kuurne","nameDe":"Kuurne","province":"west-vlaanderen","region":"flanders","areaKm2":10.07},"geometry":{"type":"Polygon","coordinates":[[[3.27115,50.87918],[3.26958,50.87991],[3.26368,50.87774],[3.26064,50.87819],[3.2574,50.87685],[3.25603,50.87792],[3.25336,50.87656],[3.24457,50.87461],[3.24055,50.87167],[3.24635,50.86776],[3.24987,50.86023],[3.25304,50.85748],[3.257,50.8554],[3.25556,50.85353],[3.25666,50.85024],[3.26954,50.84466],[3.28291,50.84063],[3.28529,50.83956],[3.28731,50.84178],[3.28735,50.84544],[3.2905,50.84728],[3.2974,50.848],[3.30024,50.85064],[3.30152,50.85593],[3.29881,50.85997],[3.29691,50.85893],[3.29501,50.86412],[3.29354,50.86504],[3.28401,50.86207],[3.28352,50.86671],[3.28097,50.86935],[3.27741,50.86929],[3.27254,50.87356],[3.27713,50.8759],[3.27301,50.87968],[3.27115,50.87918]]]}},{"type":"Feature","id":"34025","bbox":[3.188206,50.87136,3.272742,50.899377],"properties":{"nis":"34025","name":"Lendelede","nameNl":"Lendelede","nameFr":"Lendelede","nameDe":"Lendelede","province":"west-vlaanderen","region":"flanders","areaKm2":13.22},"geometry":{"type":"Polygon","coordinates":[[[3.24045,50.89938],[3.23526,50.89816],[3.22221,50.89681],[3.22228,50.89585],[3.21136,50.89598],[3.207,50.89726],[3.19525,50.89377],[3.1909,50.89324],[3.1882,50.8915],[3.18907,50.88549],[3.19554,50.88487],[3.19745,50.88147],[3.20626,50.87371],[3.2097,50.87464],[3.21499,50.87368],[3.22034,50.87376],[3.22048,50.87243],[3.22392,50.87162],[3.23256,50.87206],[3.24055,50.87167],[3.24457,50.87461],[3.25336,50.87656],[3.25603,50.87792],[3.2574,50.87685],[3.26064,50.87819],[3.26368,50.87774],[3.26958,50.87991],[3.27115,50.87918],[3.27164,50.88232],[3.27037,50.88479],[3.27274,50.88594],[3.27211,50.88806],[3.2685,50.89355],[3.26729,50.897],[3.258,50.89807],[3.24924,50.89759],[3.24762,50.89633],[3.24045,50.89938]]]}},{"type":"Feature","id":"34027","bbox":[3.080589,50.75532,3.219652,50.832192],"properties":{"nis":"34027","name":"Menen","nameNl":"Menen","nameFr":"Menin","nameDe":"Menen","province":"west-vlaanderen","region":"flanders","areaKm2":33.05},"geometry":{"type":"Polygon","coordinates":[[[3.10485,50.83219],[3.10636,50.82841],[3.10607,50.81809],[3.10686,50.81418],[3.10401,50.80926],[3.10082,50.80581],[3.09128,50.80265],[3.08624,50.80311],[3.08059,50.80052],[3.08367,50.7967],[3.08529,50.79171],[3.08667,50.79171],[3.08792,50.78812],[3.09308,50.78438],[3.09864,50.77908],[3.10551,50.78239],[3.10861,50.78665],[3.10712,50.78836],[3.11034,50.79362],[3.11464,50.79442],[3.11524,50.79313],[3.12095,50.79098],[3.12409,50.78877],[3.125,50.78663],[3.12819,50.78633],[3.14839,50.79021],[3.15086,50.78992],[3.15337,50.78566],[3.15105,50.78378],[3.15488,50.77822],[3.1627,50.77132],[3.16516,50.76736],[3.17137,50.76227],[3.17142,50.75849],[3.17863,50.75602],[3.18119,50.75532],[3.18522,50.7587],[3.19102,50.75556],[3.2054,50.76062],[3.21266,50.76179],[3.20991,50.76446],[3.21108,50.76993],[3.21028,50.77116],[3.20363,50.77403],[3.20093,50.77409],[3.20146,50.7779],[3.20439,50.77977],[3.20472,50.78245],[3.21159,50.78509],[3.20942,50.78731],[3.21314,50.7883],[3.21573,50.79017],[3.2145,50.79109],[3.21901,50.79327],[3.21965,50.79627],[3.21546,50.79986],[3.20866,50.80707],[3.2024,50.80605],[3.19019,50.80161],[3.17986,50.79922],[3.1714,50.79677],[3.16096,50.7958],[3.15202,50.79398],[3.14729,50.7941],[3.14581,50.79778],[3.14373,50.79843],[3.14392,50.80263],[3.14987,50.80671],[3.15363,50.8076],[3.15163,50.80958],[3.15251,50.81705],[3.15181,50.81981],[3.14985,50.82106],[3.14473,50.82001],[3.13883,50.8197],[3.13291,50.82278],[3.13064,50.82652],[3.12747,50.82853],[3.11322,50.82812],[3.10485,50.83219]]]}},{"type":"Feature","id":"34040","bbox":[3.32016,50.844984,3.476477,50.91139],"properties":{"nis":"34040","name":"Waregem","nameNl":"Waregem","nameFr":"Waregem","nameDe":"Waregem","province":"west-vlaanderen","region":"flanders","areaKm2":44.35},"geometry":{"type":"Polygon","coordinates":[[[3.32992,50.88172],[3.3248,50.88016],[3.3236,50.8779],[3.3234,50.8734],[3.32016,50.87142],[3.32508,50.86952],[3.32383,50.86887],[3.32983,50.86688],[3.33547,50.86668],[3.33905,50.86399],[3.33829,50.86004],[3.34139,50.85676],[3.35118,50.85923],[3.3512,50.86015],[3.35811,50.86367],[3.36909,50.86539],[3.37049,50.86734],[3.37271,50.86499],[3.37825,50.86588],[3.38315,50.86581],[3.38674,50.86397],[3.39135,50.86465],[3.39355,50.85851],[3.39084,50.85319],[3.39194,50.85058],[3.39723,50.84919],[3.40601,50.84498],[3.40755,50.84673],[3.41186,50.84817],[3.42223,50.85423],[3.42629,50.85471],[3.42737,50.85737],[3.43572,50.86176],[3.43818,50.86097],[3.44581,50.86371],[3.44691,50.86297],[3.45052,50.86552],[3.45309,50.86614],[3.45129,50.86756],[3.45291,50.86868],[3.45649,50.8682],[3.45566,50.87228],[3.45719,50.87619],[3.46464,50.87445],[3.46971,50.87669],[3.47094,50.87828],[3.4747,50.88284],[3.47402,50.88553],[3.47053,50.88939],[3.47648,50.89569],[3.47109,50.8979],[3.47081,50.89978],[3.46673,50.90207],[3.46011,50.9076],[3.45681,50.90625],[3.45321,50.90763],[3.44921,50.90531],[3.4451,50.90063],[3.43461,50.89819],[3.43141,50.89682],[3.42363,50.89854],[3.41609,50.90487],[3.41963,50.91094],[3.41236,50.91139],[3.40701,50.91052],[3.39414,50.90506],[3.38639,50.90267],[3.38009,50.90143],[3.35616,50.89812],[3.35087,50.89658],[3.34739,50.89457],[3.34565,50.89585],[3.34207,50.89395],[3.34099,50.89124],[3.34402,50.89033],[3.34277,50.88766],[3.33903,50.88379],[3.33148,50.88039],[3.32992,50.88172]]]}},{"type":"Feature","id":"34041","bbox":[3.102442,50.79392,3.222919,50.865718],"properties":{"nis":"34041","name":"Wevelgem","nameNl":"Wevelgem","nameFr":"Wevelgem","nameDe":"Wevelgem","province":"west-vlaanderen","region":"flanders","areaKm2":39},"geometry":{"type":"Polygon","coordinates":[[[3.20882,50.86572],[3.20313,50.86514],[3.1925,50.85975],[3.18755,50.85916],[3.1867,50.86001],[3.18244,50.85855],[3.17347,50.85699],[3.16899,50.8597],[3.1692,50.86375],[3.16616,50.86347],[3.16277,50.86566],[3.16183,50.86353],[3.15579,50.86153],[3.14871,50.85839],[3.14376,50.85302],[3.1447,50.85225],[3.13824,50.85115],[3.13559,50.85205],[3.13254,50.84762],[3.1347,50.84593],[3.13018,50.84274],[3.12638,50.84125],[3.11836,50.83967],[3.11528,50.83807],[3.10841,50.83705],[3.10244,50.83809],[3.10526,50.83403],[3.10485,50.83219],[3.11322,50.82812],[3.12747,50.82853],[3.13064,50.82652],[3.13291,50.82278],[3.13883,50.8197],[3.14473,50.82001],[3.14985,50.82106],[3.15181,50.81981],[3.15251,50.81705],[3.15163,50.80958],[3.15363,50.8076],[3.14987,50.80671],[3.14392,50.80263],[3.14373,50.79843],[3.14581,50.79778],[3.14729,50.7941],[3.15202,50.79398],[3.16096,50.7958],[3.1714,50.79677],[3.17986,50.79922],[3.19019,50.80161],[3.2024,50.80605],[3.20866,50.80707],[3.2176,50.80824],[3.22098,50.8095],[3.22109,50.81972],[3.21921,50.82107],[3.21831,50.82457],[3.21342,50.82638],[3.21365,50.82808],[3.20351,50.82853],[3.20411,50.83062],[3.21002,50.83384],[3.21599,50.83246],[3.21912,50.83496],[3.21891,50.84002],[3.22115,50.84105],[3.22292,50.84449],[3.21983,50.85041],[3.21485,50.85695],[3.21115,50.86047],[3.20882,50.86572]]]}},{"type":"Feature","id":"34042","bbox":[3.304907,50.737429,3.457804,50.828174],"properties":{"nis":"34042","name":"Zwevegem","nameNl":"Zwevegem","nameFr":"Zwevegem","nameDe":"Zwevegem","province":"west-vlaanderen","region":"flanders","areaKm2":63.39},"geometry":{"type":"Polygon","coordinates":[[[3.39124,50.74814],[3.39034,50.75204],[3.39399,50.7521],[3.40159,50.75509],[3.40487,50.75552],[3.40664,50.75415],[3.4127,50.75884],[3.41754,50.76089],[3.42107,50.76461],[3.42087,50.76713],[3.41823,50.76954],[3.42105,50.77092],[3.41985,50.7725],[3.4199,50.77745],[3.42133,50.77882],[3.42592,50.77984],[3.42285,50.78309],[3.42602,50.78575],[3.42775,50.78923],[3.43317,50.79151],[3.43517,50.79129],[3.43995,50.79388],[3.44842,50.7939],[3.45356,50.79197],[3.45781,50.79485],[3.45484,50.79596],[3.45417,50.79893],[3.45136,50.80114],[3.44941,50.80481],[3.44235,50.80856],[3.43948,50.80875],[3.43447,50.81175],[3.43213,50.81412],[3.42607,50.81395],[3.42167,50.81239],[3.4186,50.81471],[3.41723,50.81416],[3.41381,50.81706],[3.41195,50.81746],[3.41031,50.82571],[3.4081,50.82715],[3.39885,50.82542],[3.39608,50.82408],[3.38995,50.82793],[3.38757,50.82592],[3.39238,50.82175],[3.38619,50.81591],[3.37762,50.81136],[3.3657,50.82048],[3.36125,50.82087],[3.35865,50.82267],[3.35476,50.8236],[3.35212,50.82569],[3.34799,50.82693],[3.34441,50.82813],[3.33843,50.82703],[3.33621,50.82562],[3.33453,50.82211],[3.32805,50.82162],[3.32365,50.82337],[3.31366,50.81798],[3.30966,50.81547],[3.30777,50.8155],[3.3147,50.8109],[3.31721,50.80846],[3.32091,50.80702],[3.31656,50.8033],[3.31323,50.80317],[3.30707,50.79684],[3.30505,50.79374],[3.3147,50.78775],[3.31621,50.78898],[3.32562,50.78557],[3.33014,50.77952],[3.32644,50.77924],[3.32183,50.77675],[3.31788,50.77344],[3.31631,50.77085],[3.31813,50.76801],[3.32006,50.76783],[3.32343,50.76398],[3.32134,50.76163],[3.32305,50.75906],[3.32683,50.75638],[3.32755,50.7534],[3.33409,50.74747],[3.33924,50.74476],[3.34052,50.7453],[3.34813,50.74472],[3.35645,50.74213],[3.35908,50.73978],[3.35983,50.73743],[3.36892,50.74177],[3.376,50.74443],[3.37921,50.74658],[3.38395,50.74813],[3.38825,50.7473],[3.39124,50.74814]]]}},{"type":"Feature","id":"34043","bbox":[3.32376,50.709574,3.404297,50.748143],"properties":{"nis":"34043","name":"Spiere-Helkijn","nameNl":"Spiere-Helkijn","nameFr":"Espierres-Helchin","nameDe":"Spiere-Helkijn","province":"west-vlaanderen","region":"flanders","areaKm2":10.78},"geometry":{"type":"Polygon","coordinates":[[[3.32394,50.7224],[3.32757,50.72241],[3.33627,50.717],[3.34184,50.71752],[3.34304,50.71605],[3.34878,50.7157],[3.34911,50.71374],[3.3606,50.70957],[3.36072,50.7134],[3.36602,50.71847],[3.36363,50.71917],[3.36546,50.72144],[3.36848,50.72362],[3.36894,50.72586],[3.37386,50.72778],[3.38745,50.72845],[3.39523,50.72991],[3.39327,50.73187],[3.39859,50.73188],[3.39912,50.73629],[3.40396,50.73904],[3.40308,50.74162],[3.39926,50.74035],[3.39586,50.74159],[3.39367,50.74363],[3.39518,50.74581],[3.39124,50.74814],[3.38825,50.7473],[3.38395,50.74813],[3.37921,50.74658],[3.376,50.74443],[3.36892,50.74177],[3.35983,50.73743],[3.35908,50.73978],[3.35296,50.73717],[3.34999,50.73848],[3.3476,50.73814],[3.34338,50.73928],[3.33989,50.74142],[3.33835,50.7396],[3.33843,50.73689],[3.34038,50.73401],[3.3427,50.73316],[3.34117,50.7319],[3.3325,50.73238],[3.32904,50.73103],[3.32394,50.7224]]]}},{"type":"Feature","id":"35002","bbox":[2.941545,51.214372,3.012571,51.263353],"properties":{"nis":"35002","name":"Bredene","nameNl":"Bredene","nameFr":"Bredene","nameDe":"Bredene","province":"west-vlaanderen","region":"flanders","areaKm2":14.12},"geometry":{"type":"Polygon","coordinates":[[[2.99861,51.21445],[3.00858,51.21656],[3.01248,51.21908],[3.01125,51.2208],[3.00987,51.22231],[3.00646,51.22263],[3.00515,51.22489],[3.00172,51.22542],[3.00183,51.22699],[2.99892,51.22854],[2.99822,51.23215],[2.99962,51.23347],[2.99767,51.23667],[2.99972,51.23773],[2.99754,51.24044],[2.99846,51.24625],[2.99728,51.25053],[2.99395,51.25341],[2.98433,51.26335],[2.95274,51.25027],[2.94155,51.24607],[2.94207,51.2439],[2.94909,51.23638],[2.95156,51.23199],[2.95575,51.23219],[2.96002,51.23088],[2.96185,51.22906],[2.96165,51.22696],[2.95826,51.22491],[2.9483,51.22459],[2.94408,51.22326],[2.96438,51.21896],[2.98914,51.22303],[2.99034,51.22341],[2.99546,51.22002],[2.99861,51.21445]]]}},{"type":"Feature","id":"35005","bbox":[2.873721,51.110394,3.000547,51.197146],"properties":{"nis":"35005","name":"Gistel","nameNl":"Gistel","nameFr":"Gistel","nameDe":"Gistel","province":"west-vlaanderen","region":"flanders","areaKm2":42.67},"geometry":{"type":"Polygon","coordinates":[[[2.98205,51.12882],[2.98202,51.13058],[2.99041,51.13629],[2.99575,51.13891],[2.99916,51.14266],[2.99949,51.14455],[3.0004,51.15068],[3.00023,51.15416],[2.99848,51.15531],[2.99758,51.1593],[2.99523,51.16032],[2.99139,51.16452],[2.98785,51.1663],[2.98597,51.16996],[2.98221,51.17207],[2.97468,51.17249],[2.97275,51.17542],[2.97158,51.18066],[2.96923,51.18047],[2.96408,51.18195],[2.95913,51.18068],[2.95649,51.17874],[2.95231,51.18004],[2.94695,51.17949],[2.94452,51.17832],[2.94068,51.17904],[2.94085,51.18166],[2.93926,51.18789],[2.93774,51.19021],[2.93289,51.192],[2.93039,51.19427],[2.93048,51.19641],[2.92841,51.19715],[2.9018,51.18468],[2.91275,51.175],[2.91143,51.17436],[2.91379,51.17186],[2.91657,51.17146],[2.91856,51.16705],[2.92328,51.16463],[2.92321,51.1629],[2.92013,51.16163],[2.91936,51.15847],[2.92213,51.15544],[2.91603,51.15531],[2.91121,51.15393],[2.90457,51.15288],[2.89935,51.1506],[2.89272,51.14546],[2.88516,51.14388],[2.88269,51.14646],[2.87865,51.14565],[2.87565,51.14265],[2.8754,51.13974],[2.87374,51.13819],[2.87601,51.13501],[2.88177,51.13503],[2.88842,51.13247],[2.88734,51.13136],[2.89214,51.12975],[2.88752,51.12653],[2.89278,51.12483],[2.89924,51.12533],[2.90678,51.12093],[2.90802,51.1229],[2.90692,51.12552],[2.90931,51.1277],[2.91418,51.1283],[2.91664,51.12676],[2.92358,51.12809],[2.92606,51.12967],[2.92517,51.13104],[2.92784,51.13375],[2.93745,51.11655],[2.94212,51.11039],[2.94839,51.11449],[2.95714,51.11828],[2.96942,51.1223],[2.98205,51.12882]]]}},{"type":"Feature","id":"35006","bbox":[2.981994,51.054872,3.078569,51.164753],"properties":{"nis":"35006","name":"Ichtegem","nameNl":"Ichtegem","nameFr":"Ichtegem","nameDe":"Ichtegem","province":"west-vlaanderen","region":"flanders","areaKm2":45.62},"geometry":{"type":"Polygon","coordinates":[[[3.07848,51.14558],[3.07801,51.14699],[3.07448,51.14717],[3.07359,51.14906],[3.06762,51.14904],[3.06769,51.15034],[3.06361,51.15229],[3.05963,51.15519],[3.05677,51.15973],[3.05391,51.16221],[3.05005,51.16372],[3.04646,51.16448],[3.04061,51.16441],[3.03282,51.16212],[3.03341,51.15939],[3.03663,51.1573],[3.03711,51.15299],[3.03572,51.15183],[3.02743,51.15071],[3.0193,51.1515],[3.01145,51.14937],[3.00913,51.147],[2.99949,51.14455],[2.99916,51.14266],[2.99575,51.13891],[2.99041,51.13629],[2.98202,51.13058],[2.98205,51.12882],[2.98702,51.12517],[2.99376,51.11737],[2.99703,51.11476],[2.99961,51.10965],[2.99911,51.10616],[3.00037,51.10363],[2.99517,51.10014],[2.99574,51.09506],[2.99817,51.09131],[2.99537,51.0911],[2.99937,51.08319],[3.00117,51.08285],[3.00626,51.07928],[3.00759,51.07678],[3.01206,51.07389],[3.01453,51.06997],[3.01732,51.06889],[3.01982,51.06543],[3.0205,51.05603],[3.02168,51.05498],[3.02656,51.05749],[3.03536,51.05865],[3.04355,51.06063],[3.06081,51.08393],[3.06335,51.08501],[3.05991,51.08931],[3.05868,51.08858],[3.05493,51.09164],[3.0586,51.09591],[3.06183,51.09794],[3.06428,51.09699],[3.06736,51.09855],[3.06508,51.10116],[3.06641,51.10243],[3.06499,51.10579],[3.06322,51.10675],[3.06488,51.11114],[3.06051,51.11786],[3.05833,51.11801],[3.05776,51.12009],[3.06082,51.12328],[3.05899,51.12651],[3.06449,51.12734],[3.06087,51.12996],[3.06421,51.13173],[3.06361,51.1333],[3.06781,51.13432],[3.0649,51.13926],[3.06812,51.14044],[3.06868,51.14195],[3.07848,51.14558]]]}},{"type":"Feature","id":"35011","bbox":[2.746116,51.094789,2.923749,51.202198],"properties":{"nis":"35011","name":"Middelkerke","nameNl":"Middelkerke","nameFr":"Middelkerke","nameDe":"Middelkerke","province":"west-vlaanderen","region":"flanders","areaKm2":78.74},"geometry":{"type":"Polygon","coordinates":[[[2.74612,51.16497],[2.75191,51.15907],[2.74959,51.15803],[2.74852,51.15579],[2.75335,51.13976],[2.76103,51.13937],[2.76547,51.13846],[2.77477,51.13922],[2.7897,51.1473],[2.79746,51.1504],[2.79306,51.14668],[2.79762,51.14759],[2.79875,51.14545],[2.79431,51.14477],[2.79578,51.14239],[2.80179,51.14034],[2.80424,51.13618],[2.80317,51.13128],[2.80096,51.13065],[2.80088,51.12857],[2.80472,51.12444],[2.80607,51.12162],[2.80977,51.11885],[2.81624,51.1161],[2.82233,51.11471],[2.82489,51.1106],[2.82319,51.10431],[2.82081,51.10243],[2.82116,51.10062],[2.82452,51.0968],[2.83141,51.09482],[2.84067,51.09558],[2.83794,51.09704],[2.83852,51.0985],[2.8443,51.10029],[2.84653,51.10396],[2.8534,51.10615],[2.85474,51.1043],[2.85983,51.10596],[2.86853,51.10727],[2.8704,51.11021],[2.87907,51.11194],[2.88595,51.11465],[2.89125,51.11613],[2.89934,51.11516],[2.90038,51.11808],[2.90678,51.12093],[2.89924,51.12533],[2.89278,51.12483],[2.88752,51.12653],[2.89214,51.12975],[2.88734,51.13136],[2.88842,51.13247],[2.88177,51.13503],[2.87601,51.13501],[2.87374,51.13819],[2.8754,51.13974],[2.87565,51.14265],[2.87865,51.14565],[2.88269,51.14646],[2.88516,51.14388],[2.89272,51.14546],[2.89935,51.1506],[2.90457,51.15288],[2.91121,51.15393],[2.91603,51.15531],[2.92213,51.15544],[2.91936,51.15847],[2.92013,51.16163],[2.92321,51.1629],[2.92328,51.16463],[2.91856,51.16705],[2.91657,51.17146],[2.91379,51.17186],[2.91143,51.17436],[2.91275,51.175],[2.9018,51.18468],[2.90139,51.18759],[2.89381,51.18459],[2.88576,51.18705],[2.88213,51.19033],[2.87963,51.18908],[2.87092,51.19471],[2.86931,51.19412],[2.86589,51.19553],[2.86046,51.19463],[2.85567,51.19238],[2.84445,51.19537],[2.83845,51.2022],[2.80143,51.1871],[2.78772,51.18127],[2.76308,51.17144],[2.75121,51.16731],[2.74612,51.16497]]]}},{"type":"Feature","id":"35013","bbox":[2.838456,51.184588,3.004308,51.246074],"properties":{"nis":"35013","name":"Oostende","nameNl":"Oostende","nameFr":"Ostende","nameDe":"Ostende","province":"west-vlaanderen","region":"flanders","areaKm2":40.44},"geometry":{"type":"Polygon","coordinates":[[[2.94155,51.24607],[2.93104,51.24157],[2.92592,51.24008],[2.92337,51.24215],[2.92048,51.24234],[2.91514,51.24035],[2.91392,51.23781],[2.90171,51.23046],[2.88363,51.22253],[2.86727,51.21439],[2.85716,51.2103],[2.84783,51.20576],[2.83845,51.2022],[2.84445,51.19537],[2.85567,51.19238],[2.86046,51.19463],[2.86589,51.19553],[2.86931,51.19412],[2.87092,51.19471],[2.87963,51.18908],[2.88213,51.19033],[2.88576,51.18705],[2.89381,51.18459],[2.90139,51.18759],[2.9018,51.18468],[2.92841,51.19715],[2.93048,51.19641],[2.93039,51.19427],[2.93289,51.192],[2.93774,51.19021],[2.93634,51.19182],[2.93899,51.19194],[2.94099,51.19042],[2.94367,51.19053],[2.94702,51.19233],[2.95502,51.1907],[2.95617,51.18865],[2.95911,51.18692],[2.96603,51.18585],[2.96558,51.18754],[2.96822,51.18797],[2.97212,51.19264],[2.97138,51.19428],[2.97606,51.19676],[2.98102,51.19398],[2.98317,51.19503],[2.98565,51.19912],[2.98979,51.20341],[2.99179,51.20349],[2.99312,51.20677],[3.00118,51.20879],[3.00431,51.21023],[2.99861,51.21445],[2.99546,51.22002],[2.99034,51.22341],[2.98914,51.22303],[2.96438,51.21896],[2.94408,51.22326],[2.9483,51.22459],[2.95826,51.22491],[2.96165,51.22696],[2.96185,51.22906],[2.96002,51.23088],[2.95575,51.23219],[2.95156,51.23199],[2.94909,51.23638],[2.94207,51.2439],[2.94155,51.24607]]]}},{"type":"Feature","id":"35014","bbox":[2.936315,51.144462,3.058077,51.224461],"properties":{"nis":"35014","name":"Oudenburg","nameNl":"Oudenburg","nameFr":"Oudenburg","nameDe":"Oudenburg","province":"west-vlaanderen","region":"flanders","areaKm2":35.48},"geometry":{"type":"Polygon","coordinates":[[[3.04655,51.21967],[3.04072,51.22117],[3.03641,51.22084],[3.03452,51.22354],[3.02817,51.22446],[3.02697,51.22272],[3.02129,51.22196],[3.02003,51.22375],[3.01868,51.22219],[3.01125,51.2208],[3.01248,51.21908],[3.00858,51.21656],[2.99861,51.21445],[3.00431,51.21023],[3.00118,51.20879],[2.99312,51.20677],[2.99179,51.20349],[2.98979,51.20341],[2.98565,51.19912],[2.98317,51.19503],[2.98102,51.19398],[2.97606,51.19676],[2.97138,51.19428],[2.97212,51.19264],[2.96822,51.18797],[2.96558,51.18754],[2.96603,51.18585],[2.95911,51.18692],[2.95617,51.18865],[2.95502,51.1907],[2.94702,51.19233],[2.94367,51.19053],[2.94099,51.19042],[2.93899,51.19194],[2.93634,51.19182],[2.93774,51.19021],[2.93926,51.18789],[2.94085,51.18166],[2.94068,51.17904],[2.94452,51.17832],[2.94695,51.17949],[2.95231,51.18004],[2.95649,51.17874],[2.95913,51.18068],[2.96408,51.18195],[2.96923,51.18047],[2.97158,51.18066],[2.97275,51.17542],[2.97468,51.17249],[2.98221,51.17207],[2.98597,51.16996],[2.98785,51.1663],[2.99139,51.16452],[2.99523,51.16032],[2.99758,51.1593],[2.99848,51.15531],[3.00023,51.15416],[3.0004,51.15068],[2.99949,51.14455],[3.00913,51.147],[3.01145,51.14937],[3.0193,51.1515],[3.02743,51.15071],[3.03572,51.15183],[3.03711,51.15299],[3.03663,51.1573],[3.03341,51.15939],[3.03282,51.16212],[3.04061,51.16441],[3.04646,51.16448],[3.05005,51.16372],[3.05053,51.16909],[3.05256,51.17089],[3.05242,51.17741],[3.05037,51.18229],[3.04536,51.18618],[3.04026,51.18675],[3.04316,51.18926],[3.04101,51.19323],[3.04725,51.19407],[3.05479,51.19795],[3.05193,51.20169],[3.05808,51.20186],[3.05495,51.20822],[3.05214,51.21189],[3.04578,51.21812],[3.04655,51.21967]]]}},{"type":"Feature","id":"35029","bbox":[2.984326,51.219665,3.115302,51.314605],"properties":{"nis":"35029","name":"De Haan","nameNl":"De Haan","nameFr":"Le Coq","nameDe":"De Haan","province":"west-vlaanderen","region":"flanders","areaKm2":45.65},"geometry":{"type":"Polygon","coordinates":[[[3.10518,51.29085],[3.10434,51.29233],[3.10744,51.29516],[3.10786,51.29947],[3.11423,51.30166],[3.11517,51.30694],[3.11008,51.3134],[3.10766,51.3146],[3.09816,51.31141],[3.08656,51.30797],[3.07485,51.30393],[3.06805,51.29981],[3.05654,51.29498],[3.04294,51.28891],[3.02928,51.28243],[2.98841,51.26477],[2.98433,51.26335],[2.99395,51.25341],[2.99728,51.25053],[2.99846,51.24625],[2.99754,51.24044],[2.99972,51.23773],[2.99767,51.23667],[2.99962,51.23347],[2.99822,51.23215],[2.99892,51.22854],[3.00183,51.22699],[3.00172,51.22542],[3.00515,51.22489],[3.00646,51.22263],[3.00987,51.22231],[3.01125,51.2208],[3.01868,51.22219],[3.02003,51.22375],[3.02129,51.22196],[3.02697,51.22272],[3.02817,51.22446],[3.03452,51.22354],[3.03641,51.22084],[3.04072,51.22117],[3.04655,51.21967],[3.05178,51.22032],[3.05123,51.22138],[3.05583,51.22282],[3.05542,51.22472],[3.0578,51.22671],[3.0605,51.22698],[3.06357,51.22921],[3.06079,51.23242],[3.06606,51.23405],[3.07119,51.2345],[3.07819,51.23597],[3.08143,51.23754],[3.08162,51.23939],[3.07912,51.24355],[3.07961,51.24529],[3.08483,51.24828],[3.08393,51.24918],[3.08879,51.25139],[3.08484,51.25617],[3.08696,51.2602],[3.08575,51.26236],[3.0874,51.26388],[3.08647,51.27024],[3.08359,51.27093],[3.08442,51.27363],[3.08092,51.27779],[3.07688,51.2866],[3.07287,51.28658],[3.07422,51.28328],[3.06841,51.28362],[3.06831,51.28583],[3.06315,51.28412],[3.06167,51.28518],[3.06651,51.28907],[3.07018,51.28904],[3.08901,51.29049],[3.10518,51.29085]]]}},{"type":"Feature","id":"36006","bbox":[3.018434,50.957269,3.150584,51.019038],"properties":{"nis":"36006","name":"Hooglede","nameNl":"Hooglede","nameFr":"Hooglede","nameDe":"Hooglede","province":"west-vlaanderen","region":"flanders","areaKm2":37.97},"geometry":{"type":"Polygon","coordinates":[[[3.08202,50.95727],[3.08151,50.96201],[3.08655,50.96415],[3.09467,50.9635],[3.10022,50.96603],[3.1027,50.9686],[3.11228,50.97137],[3.11113,50.97297],[3.11335,50.97372],[3.11337,50.97594],[3.119,50.97693],[3.12013,50.97872],[3.12328,50.97971],[3.12405,50.98337],[3.13098,50.98535],[3.13869,50.98943],[3.14101,50.98974],[3.14994,50.99365],[3.14445,50.99671],[3.14481,51.00043],[3.14095,51.00305],[3.14187,51.00397],[3.13769,51.00772],[3.13117,51.01202],[3.12421,51.01514],[3.12405,51.01646],[3.10324,51.01469],[3.09787,51.01591],[3.09815,51.0188],[3.09482,51.01904],[3.09524,51.01552],[3.09045,51.01575],[3.08278,51.01353],[3.07317,51.01544],[3.06977,51.01546],[3.06929,51.01236],[3.06503,51.00717],[3.05782,51.00559],[3.05477,51.00588],[3.04239,51.00414],[3.03734,51.00509],[3.01844,51.00213],[3.01946,50.99936],[3.02027,50.99764],[3.02452,50.99572],[3.02783,50.99114],[3.02726,50.98849],[3.02889,50.9837],[3.03109,50.98285],[3.03386,50.97876],[3.03398,50.97508],[3.03533,50.96893],[3.03899,50.9651],[3.04408,50.96315],[3.04871,50.9573],[3.05213,50.95845],[3.05526,50.96128],[3.06289,50.96112],[3.08202,50.95727]]]}},{"type":"Feature","id":"36007","bbox":[3.22987,50.896333,3.297489,50.947246],"properties":{"nis":"36007","name":"Ingelmunster","nameNl":"Ingelmunster","nameFr":"Ingelmunster","nameDe":"Ingelmunster","province":"west-vlaanderen","region":"flanders","areaKm2":16.36},"geometry":{"type":"Polygon","coordinates":[[[3.24045,50.89938],[3.24762,50.89633],[3.24924,50.89759],[3.258,50.89807],[3.26729,50.897],[3.27216,50.89801],[3.27727,50.90015],[3.28169,50.9031],[3.28687,50.90428],[3.28613,50.90745],[3.28841,50.91049],[3.28765,50.91525],[3.28972,50.91648],[3.29672,50.91826],[3.29749,50.91912],[3.29491,50.9209],[3.28717,50.92202],[3.28156,50.92537],[3.28301,50.92785],[3.28056,50.93123],[3.28055,50.93342],[3.27807,50.93353],[3.27911,50.93747],[3.27726,50.94066],[3.27405,50.94273],[3.27223,50.94127],[3.26715,50.94187],[3.26669,50.94469],[3.26255,50.94466],[3.25862,50.94179],[3.25515,50.94153],[3.25237,50.94294],[3.24748,50.94725],[3.23056,50.94515],[3.2299,50.94095],[3.23447,50.93468],[3.2373,50.93466],[3.23845,50.93306],[3.23736,50.93056],[3.23863,50.92568],[3.23592,50.92126],[3.23681,50.91946],[3.2434,50.91867],[3.24024,50.91395],[3.24096,50.91203],[3.24347,50.91249],[3.24402,50.90956],[3.24041,50.90464],[3.24045,50.89938]]]}},{"type":"Feature","id":"36008","bbox":[3.172472,50.890805,3.244045,50.954388],"properties":{"nis":"36008","name":"Izegem","nameNl":"Izegem","nameFr":"Izegem","nameDe":"Izegem","province":"west-vlaanderen","region":"flanders","areaKm2":25.54},"geometry":{"type":"Polygon","coordinates":[[[3.17597,50.95339],[3.17247,50.93597],[3.17358,50.92839],[3.17751,50.91575],[3.17837,50.90808],[3.17483,50.89213],[3.18086,50.89267],[3.18438,50.8908],[3.1882,50.8915],[3.1909,50.89324],[3.19525,50.89377],[3.207,50.89726],[3.21136,50.89598],[3.22228,50.89585],[3.22221,50.89681],[3.23526,50.89816],[3.24045,50.89938],[3.24041,50.90464],[3.24402,50.90956],[3.24347,50.91249],[3.24096,50.91203],[3.24024,50.91395],[3.2434,50.91867],[3.23681,50.91946],[3.23592,50.92126],[3.23863,50.92568],[3.23736,50.93056],[3.23845,50.93306],[3.2373,50.93466],[3.23447,50.93468],[3.2299,50.94095],[3.23056,50.94515],[3.22946,50.94737],[3.22677,50.94658],[3.22092,50.94762],[3.21398,50.9474],[3.21101,50.94591],[3.21272,50.94475],[3.20478,50.94435],[3.20261,50.94583],[3.19607,50.94514],[3.18847,50.95018],[3.18548,50.94923],[3.18077,50.95408],[3.17597,50.95339]]]}},{"type":"Feature","id":"36010","bbox":[3.094523,50.847624,3.208816,50.892672],"properties":{"nis":"36010","name":"Ledegem","nameNl":"Ledegem","nameFr":"Ledegem","nameDe":"Ledegem","province":"west-vlaanderen","region":"flanders","areaKm2":24.74},"geometry":{"type":"Polygon","coordinates":[[[3.11765,50.89035],[3.11592,50.88679],[3.1126,50.88517],[3.10781,50.88109],[3.10552,50.8804],[3.10297,50.87765],[3.09988,50.87719],[3.09469,50.87291],[3.09473,50.86799],[3.09841,50.86714],[3.102,50.861],[3.10087,50.85851],[3.10181,50.85534],[3.10728,50.85262],[3.11219,50.85431],[3.11964,50.85475],[3.1249,50.85233],[3.12455,50.85016],[3.12643,50.84807],[3.12826,50.84923],[3.13254,50.84762],[3.13559,50.85205],[3.13824,50.85115],[3.1447,50.85225],[3.14376,50.85302],[3.14871,50.85839],[3.15579,50.86153],[3.16183,50.86353],[3.16277,50.86566],[3.16616,50.86347],[3.1692,50.86375],[3.16899,50.8597],[3.17347,50.85699],[3.18244,50.85855],[3.1867,50.86001],[3.18755,50.85916],[3.1925,50.85975],[3.20313,50.86514],[3.20882,50.86572],[3.20692,50.86988],[3.20626,50.87371],[3.19745,50.88147],[3.19554,50.88487],[3.18907,50.88549],[3.1882,50.8915],[3.18438,50.8908],[3.18086,50.89267],[3.17483,50.89213],[3.1722,50.88996],[3.16132,50.8878],[3.15031,50.88702],[3.13692,50.88709],[3.1312,50.88763],[3.12812,50.88957],[3.11765,50.89035]]]}},{"type":"Feature","id":"36011","bbox":[3.097741,50.991591,3.183622,51.069195],"properties":{"nis":"36011","name":"Lichtervelde","nameNl":"Lichtervelde","nameFr":"Lichtervelde","nameDe":"Lichtervelde","province":"west-vlaanderen","region":"flanders","areaKm2":26.06},"geometry":{"type":"Polygon","coordinates":[[[3.09815,51.0188],[3.09787,51.01591],[3.10324,51.01469],[3.12405,51.01646],[3.12421,51.01514],[3.13117,51.01202],[3.13769,51.00772],[3.14187,51.00397],[3.14095,51.00305],[3.14481,51.00043],[3.14445,50.99671],[3.14994,50.99365],[3.15533,50.99265],[3.15951,50.99394],[3.16284,50.99174],[3.16573,50.9933],[3.1685,50.99474],[3.16794,50.99856],[3.17416,51.00286],[3.17598,51.00613],[3.18333,51.01382],[3.18324,51.01608],[3.18162,51.02242],[3.17977,51.02267],[3.18158,51.02667],[3.17676,51.03085],[3.17447,51.03399],[3.16995,51.03475],[3.16525,51.03866],[3.1665,51.04166],[3.16304,51.04472],[3.16367,51.04686],[3.16118,51.0494],[3.16016,51.05446],[3.15761,51.05661],[3.15917,51.0606],[3.16296,51.06526],[3.15872,51.06919],[3.1579,51.06849],[3.14713,51.06611],[3.13794,51.06193],[3.13508,51.06117],[3.13498,51.05836],[3.13652,51.05615],[3.1281,51.05038],[3.12916,51.05017],[3.12405,51.04536],[3.11834,51.04122],[3.11616,51.03855],[3.11806,51.03335],[3.10951,51.0323],[3.10955,51.03134],[3.10314,51.0298],[3.10473,51.02743],[3.09915,51.02523],[3.10036,51.0221],[3.09815,51.0188]]]}},{"type":"Feature","id":"36012","bbox":[3.027478,50.837047,3.13517,50.927956],"properties":{"nis":"36012","name":"Moorslede","nameNl":"Moorslede","nameFr":"Moorslede","nameDe":"Moorslede","province":"west-vlaanderen","region":"flanders","areaKm2":35.32},"geometry":{"type":"Polygon","coordinates":[[[3.06569,50.91716],[3.06386,50.91387],[3.05362,50.90882],[3.05455,50.90728],[3.05081,50.9053],[3.04719,50.90139],[3.04164,50.8989],[3.04027,50.89701],[3.0337,50.89487],[3.03047,50.89469],[3.03107,50.89057],[3.028,50.88868],[3.02954,50.88509],[3.02748,50.88459],[3.03676,50.87611],[3.03945,50.8716],[3.04358,50.87282],[3.0497,50.86628],[3.05387,50.86605],[3.05872,50.86348],[3.05918,50.8607],[3.06355,50.85789],[3.06568,50.85818],[3.06956,50.85403],[3.08064,50.84311],[3.0867,50.8432],[3.08829,50.84029],[3.10244,50.83809],[3.10841,50.83705],[3.11528,50.83807],[3.11836,50.83967],[3.12638,50.84125],[3.13018,50.84274],[3.1347,50.84593],[3.13254,50.84762],[3.12826,50.84923],[3.12643,50.84807],[3.12455,50.85016],[3.1249,50.85233],[3.11964,50.85475],[3.11219,50.85431],[3.10728,50.85262],[3.10181,50.85534],[3.10087,50.85851],[3.102,50.861],[3.09841,50.86714],[3.09473,50.86799],[3.09469,50.87291],[3.09988,50.87719],[3.10297,50.87765],[3.10552,50.8804],[3.10781,50.88109],[3.1126,50.88517],[3.11592,50.88679],[3.11765,50.89035],[3.11121,50.89131],[3.11281,50.89509],[3.11159,50.89532],[3.10399,50.9005],[3.10445,50.90214],[3.10014,50.90383],[3.09803,50.9072],[3.09917,50.91185],[3.09362,50.92366],[3.08957,50.92796],[3.06899,50.91781],[3.06569,50.91716]]]}},{"type":"Feature","id":"36015","bbox":[3.061922,50.887014,3.178486,50.993956],"properties":{"nis":"36015","name":"Roeselare","nameNl":"Roeselare","nameFr":"Roulers","nameDe":"Roeselare","province":"west-vlaanderen","region":"flanders","areaKm2":60.18},"geometry":{"type":"Polygon","coordinates":[[[3.17597,50.95339],[3.17185,50.95247],[3.16546,50.95964],[3.16433,50.96497],[3.17036,50.9742],[3.17276,50.98497],[3.17137,50.99014],[3.16869,50.98897],[3.1663,50.99043],[3.16573,50.9933],[3.16284,50.99174],[3.15951,50.99394],[3.15533,50.99265],[3.14994,50.99365],[3.14101,50.98974],[3.13869,50.98943],[3.13098,50.98535],[3.12405,50.98337],[3.12328,50.97971],[3.12013,50.97872],[3.119,50.97693],[3.11337,50.97594],[3.11335,50.97372],[3.11113,50.97297],[3.11228,50.97137],[3.1027,50.9686],[3.10022,50.96603],[3.09467,50.9635],[3.08655,50.96415],[3.08151,50.96201],[3.08202,50.95727],[3.08831,50.94674],[3.08696,50.94354],[3.08798,50.94195],[3.087,50.93943],[3.0795,50.93472],[3.07664,50.93171],[3.07353,50.93022],[3.06833,50.92621],[3.06874,50.92552],[3.06192,50.9237],[3.06217,50.92142],[3.06569,50.91716],[3.06899,50.91781],[3.08957,50.92796],[3.09362,50.92366],[3.09917,50.91185],[3.09803,50.9072],[3.10014,50.90383],[3.10445,50.90214],[3.10399,50.9005],[3.11159,50.89532],[3.11281,50.89509],[3.11121,50.89131],[3.11765,50.89035],[3.12812,50.88957],[3.1312,50.88763],[3.13692,50.88709],[3.15031,50.88702],[3.16132,50.8878],[3.1722,50.88996],[3.17483,50.89213],[3.17837,50.90808],[3.17751,50.91575],[3.17358,50.92839],[3.17247,50.93597],[3.17597,50.95339]]]}},{"type":"Feature","id":"36019","bbox":[2.959022,50.916092,3.088311,50.999364],"properties":{"nis":"36019","name":"Staden","nameNl":"Staden","nameFr":"Staden","nameDe":"Staden","province":"west-vlaanderen","region":"flanders","areaKm2":46.65},"geometry":{"type":"Polygon","coordinates":[[[3.01946,50.99936],[3.01559,50.99532],[3.0124,50.99532],[3.01109,50.99394],[3.00771,50.99519],[2.99769,50.99108],[2.99187,50.99064],[2.98462,50.98598],[2.97659,50.98516],[2.97373,50.98403],[2.96791,50.98177],[2.96058,50.97728],[2.96004,50.97618],[2.97057,50.97131],[2.96348,50.96942],[2.97263,50.96032],[2.96949,50.95981],[2.97074,50.95644],[2.96559,50.95426],[2.95902,50.9531],[2.9622,50.95175],[2.9626,50.9496],[2.96829,50.95044],[2.9729,50.95025],[2.97515,50.94733],[2.97536,50.94483],[2.97976,50.93587],[2.98654,50.92395],[2.98714,50.91927],[2.98986,50.91609],[2.99561,50.91812],[3.00297,50.91927],[3.00663,50.9212],[3.01558,50.9221],[3.02413,50.92371],[3.02844,50.92388],[3.03342,50.92629],[3.03835,50.92682],[3.0423,50.92886],[3.04653,50.92413],[3.05176,50.92205],[3.05468,50.92299],[3.05918,50.92278],[3.06192,50.9237],[3.06874,50.92552],[3.06833,50.92621],[3.07353,50.93022],[3.07664,50.93171],[3.0795,50.93472],[3.087,50.93943],[3.08798,50.94195],[3.08696,50.94354],[3.08831,50.94674],[3.08202,50.95727],[3.06289,50.96112],[3.05526,50.96128],[3.05213,50.95845],[3.04871,50.9573],[3.04408,50.96315],[3.03899,50.9651],[3.03533,50.96893],[3.03398,50.97508],[3.03386,50.97876],[3.03109,50.98285],[3.02889,50.9837],[3.02726,50.98849],[3.02783,50.99114],[3.02452,50.99572],[3.02027,50.99764],[3.01946,50.99936]]]}},{"type":"Feature","id":"37002","bbox":[3.360808,50.919116,3.461458,50.981668],"properties":{"nis":"37002","name":"Dentergem","nameNl":"Dentergem","nameFr":"Dentergem","nameDe":"Dentergem","province":"west-vlaanderen","region":"flanders","areaKm2":26.02},"geometry":{"type":"Polygon","coordinates":[[[3.4243,50.92639],[3.42424,50.92951],[3.4317,50.93319],[3.43869,50.9329],[3.43872,50.93132],[3.44183,50.9295],[3.45059,50.9286],[3.45354,50.92903],[3.45312,50.93067],[3.45569,50.93274],[3.45616,50.93673],[3.45479,50.93776],[3.44748,50.93773],[3.44505,50.93665],[3.44106,50.93756],[3.43766,50.94111],[3.44382,50.94359],[3.45018,50.94342],[3.45468,50.94092],[3.46124,50.94238],[3.46143,50.94351],[3.45645,50.94614],[3.45429,50.94938],[3.45265,50.94777],[3.45077,50.94948],[3.44419,50.95199],[3.43339,50.94867],[3.43176,50.94714],[3.42557,50.95052],[3.42171,50.94883],[3.41789,50.95254],[3.41424,50.95439],[3.41338,50.95828],[3.42304,50.96072],[3.427,50.9605],[3.43179,50.96288],[3.44085,50.96472],[3.44418,50.96654],[3.44183,50.96957],[3.43962,50.96858],[3.43723,50.97061],[3.43414,50.96977],[3.42672,50.97584],[3.4258,50.97801],[3.42639,50.98146],[3.42253,50.98151],[3.41782,50.97956],[3.41042,50.98167],[3.40478,50.97925],[3.40196,50.97939],[3.39635,50.97785],[3.38596,50.9779],[3.38257,50.98109],[3.3771,50.98123],[3.37404,50.97986],[3.36912,50.9794],[3.36681,50.97795],[3.36875,50.97444],[3.36245,50.96934],[3.36081,50.96405],[3.36476,50.96374],[3.37478,50.96039],[3.37363,50.95773],[3.37092,50.95702],[3.37104,50.95272],[3.36618,50.94782],[3.36803,50.94592],[3.37309,50.94322],[3.37366,50.94385],[3.37875,50.94566],[3.38568,50.94565],[3.3874,50.94474],[3.38515,50.94249],[3.3829,50.93804],[3.38429,50.9353],[3.38962,50.92991],[3.3939,50.92846],[3.40163,50.92699],[3.41146,50.92177],[3.41763,50.91911],[3.41805,50.92108],[3.4206,50.92054],[3.4243,50.92639]]]}},{"type":"Feature","id":"37010","bbox":[3.286122,50.904282,3.376247,50.964394],"properties":{"nis":"37010","name":"Oostrozebeke","nameNl":"Oostrozebeke","nameFr":"Oostrozebeke","nameDe":"Oostrozebeke","province":"west-vlaanderen","region":"flanders","areaKm2":16.67},"geometry":{"type":"Polygon","coordinates":[[[3.31404,50.90514],[3.3187,50.90704],[3.32127,50.90955],[3.32439,50.90806],[3.32745,50.91021],[3.33107,50.90988],[3.34429,50.91412],[3.34386,50.91677],[3.34732,50.92081],[3.35303,50.92192],[3.35393,50.92402],[3.36275,50.92939],[3.36196,50.93014],[3.37233,50.93509],[3.37618,50.94008],[3.3752,50.94366],[3.37366,50.94385],[3.37309,50.94322],[3.36803,50.94592],[3.36618,50.94782],[3.37104,50.95272],[3.37092,50.95702],[3.37363,50.95773],[3.37478,50.96039],[3.36476,50.96374],[3.36081,50.96405],[3.35759,50.96407],[3.3471,50.96107],[3.35269,50.95484],[3.35033,50.95171],[3.34371,50.94867],[3.33583,50.94022],[3.33127,50.93735],[3.32016,50.93354],[3.31298,50.92743],[3.31187,50.92561],[3.31428,50.92318],[3.30391,50.9204],[3.29749,50.91912],[3.29672,50.91826],[3.28972,50.91648],[3.28765,50.91525],[3.28841,50.91049],[3.28613,50.90745],[3.28687,50.90428],[3.29697,50.90595],[3.30977,50.90665],[3.31404,50.90514]]]}},{"type":"Feature","id":"37011","bbox":[3.221926,50.964438,3.312103,51.036819],"properties":{"nis":"37011","name":"Pittem","nameNl":"Pittem","nameFr":"Pittem","nameDe":"Pittem","province":"west-vlaanderen","region":"flanders","areaKm2":34.32},"geometry":{"type":"Polygon","coordinates":[[[3.22361,51.01923],[3.2254,51.01703],[3.22283,51.01673],[3.22736,51.01083],[3.22576,51.0102],[3.22632,51.00338],[3.22193,50.99855],[3.22276,50.99594],[3.22541,50.99309],[3.22891,50.99208],[3.24023,50.98296],[3.24118,50.9783],[3.24032,50.97209],[3.24238,50.96541],[3.2438,50.96515],[3.24787,50.96444],[3.25726,50.96539],[3.26281,50.96699],[3.26268,50.96806],[3.26898,50.96937],[3.27201,50.97098],[3.27156,50.97272],[3.27775,50.97524],[3.2804,50.97324],[3.28019,50.97079],[3.28217,50.96991],[3.29115,50.97045],[3.29711,50.97368],[3.29997,50.974],[3.30271,50.97623],[3.31184,50.97864],[3.30988,50.98269],[3.31165,50.98511],[3.30996,50.99166],[3.30626,50.99623],[3.30675,50.99726],[3.30263,50.99994],[3.29794,51.00134],[3.29487,51.00485],[3.28836,51.00986],[3.28644,51.01202],[3.29046,51.01511],[3.29571,51.01695],[3.29824,51.01926],[3.29314,51.02296],[3.2906,51.02931],[3.29114,51.03218],[3.28903,51.03515],[3.28359,51.03279],[3.2789,51.03565],[3.27374,51.03416],[3.26997,51.03651],[3.26337,51.03677],[3.24957,51.03608],[3.23126,51.02145],[3.22361,51.01923]]]}},{"type":"Feature","id":"37017","bbox":[3.310169,50.880388,3.433959,50.945701],"properties":{"nis":"37017","name":"Wielsbeke","nameNl":"Wielsbeke","nameFr":"Wielsbeke","nameDe":"Wielsbeke","province":"west-vlaanderen","region":"flanders","areaKm2":21.84},"geometry":{"type":"Polygon","coordinates":[[[3.41963,50.91094],[3.42705,50.9119],[3.42619,50.91359],[3.42904,50.91416],[3.42721,50.91524],[3.42998,50.91717],[3.43396,50.91837],[3.43102,50.9201],[3.42717,50.92433],[3.4243,50.92639],[3.4206,50.92054],[3.41805,50.92108],[3.41763,50.91911],[3.41146,50.92177],[3.40163,50.92699],[3.3939,50.92846],[3.38962,50.92991],[3.38429,50.9353],[3.3829,50.93804],[3.38515,50.94249],[3.3874,50.94474],[3.38568,50.94565],[3.37875,50.94566],[3.37366,50.94385],[3.3752,50.94366],[3.37618,50.94008],[3.37233,50.93509],[3.36196,50.93014],[3.36275,50.92939],[3.35393,50.92402],[3.35303,50.92192],[3.34732,50.92081],[3.34386,50.91677],[3.34429,50.91412],[3.33107,50.90988],[3.32745,50.91021],[3.32439,50.90806],[3.32127,50.90955],[3.3187,50.90704],[3.31404,50.90514],[3.31017,50.89941],[3.31379,50.8976],[3.32136,50.88916],[3.32992,50.88172],[3.33148,50.88039],[3.33903,50.88379],[3.34277,50.88766],[3.34402,50.89033],[3.34099,50.89124],[3.34207,50.89395],[3.34565,50.89585],[3.34739,50.89457],[3.35087,50.89658],[3.35616,50.89812],[3.38009,50.90143],[3.38639,50.90267],[3.39414,50.90506],[3.40701,50.91052],[3.41236,50.91139],[3.41963,50.91094]]]}},{"type":"Feature","id":"37020","bbox":[3.164276,50.944347,3.244251,51.026261],"properties":{"nis":"37020","name":"Ardooie","nameNl":"Ardooie","nameFr":"Ardooie","nameDe":"Ardooie","province":"west-vlaanderen","region":"flanders","areaKm2":34.8},"geometry":{"type":"Polygon","coordinates":[[[3.16573,50.9933],[3.1663,50.99043],[3.16869,50.98897],[3.17137,50.99014],[3.17276,50.98497],[3.17036,50.9742],[3.16433,50.96497],[3.16546,50.95964],[3.17185,50.95247],[3.17597,50.95339],[3.18077,50.95408],[3.18548,50.94923],[3.18847,50.95018],[3.19607,50.94514],[3.20261,50.94583],[3.20478,50.94435],[3.21272,50.94475],[3.21101,50.94591],[3.21398,50.9474],[3.22092,50.94762],[3.22677,50.94658],[3.22946,50.94737],[3.23102,50.95201],[3.23797,50.9564],[3.24242,50.9631],[3.24425,50.96291],[3.2438,50.96515],[3.24238,50.96541],[3.24032,50.97209],[3.24118,50.9783],[3.24023,50.98296],[3.22891,50.99208],[3.22541,50.99309],[3.22276,50.99594],[3.22193,50.99855],[3.22632,51.00338],[3.22576,51.0102],[3.22736,51.01083],[3.22283,51.01673],[3.2254,51.01703],[3.22361,51.01923],[3.21206,51.02038],[3.21289,51.02231],[3.21197,51.02505],[3.20856,51.02626],[3.20145,51.02546],[3.19452,51.02136],[3.18937,51.01979],[3.18324,51.01608],[3.18333,51.01382],[3.17598,51.00613],[3.17416,51.00286],[3.16794,50.99856],[3.1685,50.99474],[3.16573,50.9933]]]}},{"type":"Feature","id":"37021","bbox":[3.157615,51.016076,3.446005,51.104268],"properties":{"nis":"37021","name":"Wingene","nameNl":"Wingene","nameFr":"Wingene","nameDe":"Wingene","province":"west-vlaanderen","region":"flanders","areaKm2":99.05},"geometry":{"type":"Polygon","coordinates":[[[3.30212,51.09935],[3.30189,51.097],[3.29961,51.09797],[3.2913,51.09768],[3.2913,51.09694],[3.28329,51.09745],[3.27895,51.09327],[3.27565,51.09241],[3.27079,51.0943],[3.26631,51.09789],[3.26311,51.09521],[3.25968,51.09427],[3.26122,51.09124],[3.25441,51.08985],[3.25208,51.08718],[3.24421,51.08659],[3.24665,51.08283],[3.24086,51.08159],[3.24136,51.0801],[3.23445,51.07861],[3.23543,51.06957],[3.23187,51.06476],[3.22414,51.06439],[3.22349,51.06589],[3.21479,51.06594],[3.21508,51.06821],[3.20919,51.06802],[3.20921,51.06372],[3.20427,51.06353],[3.20414,51.06533],[3.20141,51.067],[3.19865,51.06624],[3.19735,51.0677],[3.19494,51.06647],[3.1968,51.06399],[3.1927,51.0624],[3.19408,51.05976],[3.18829,51.05948],[3.18695,51.0563],[3.18358,51.05907],[3.18044,51.05929],[3.17239,51.06318],[3.17106,51.06242],[3.16864,51.06413],[3.16472,51.06393],[3.16296,51.06526],[3.15917,51.0606],[3.15761,51.05661],[3.16016,51.05446],[3.16118,51.0494],[3.16367,51.04686],[3.16304,51.04472],[3.1665,51.04166],[3.16525,51.03866],[3.16995,51.03475],[3.17447,51.03399],[3.17676,51.03085],[3.18158,51.02667],[3.17977,51.02267],[3.18162,51.02242],[3.18324,51.01608],[3.18937,51.01979],[3.19452,51.02136],[3.20145,51.02546],[3.20856,51.02626],[3.21197,51.02505],[3.21289,51.02231],[3.21206,51.02038],[3.22361,51.01923],[3.23126,51.02145],[3.24957,51.03608],[3.26337,51.03677],[3.26997,51.03651],[3.27374,51.03416],[3.2789,51.03565],[3.28359,51.03279],[3.28903,51.03515],[3.29522,51.03769],[3.30427,51.03751],[3.30753,51.03897],[3.314,51.03867],[3.32071,51.03988],[3.31967,51.04547],[3.32225,51.05036],[3.32938,51.05119],[3.33049,51.05261],[3.33551,51.05358],[3.3426,51.05301],[3.34517,51.04925],[3.35086,51.04393],[3.35037,51.04157],[3.34707,51.04021],[3.35012,51.0351],[3.35474,51.03562],[3.35768,51.03684],[3.3603,51.03405],[3.36204,51.03489],[3.36719,51.03075],[3.36885,51.03455],[3.37246,51.03661],[3.37459,51.03072],[3.38004,51.02415],[3.38133,51.02481],[3.38909,51.02443],[3.39613,51.02828],[3.4003,51.02937],[3.40547,51.0319],[3.41251,51.02885],[3.41577,51.03072],[3.42042,51.03117],[3.42594,51.03495],[3.42292,51.03821],[3.42682,51.04044],[3.43677,51.03886],[3.43874,51.04154],[3.44427,51.04344],[3.446,51.04736],[3.44312,51.04769],[3.44338,51.04927],[3.43787,51.0506],[3.43486,51.05427],[3.43044,51.05515],[3.42852,51.0539],[3.41965,51.05555],[3.41896,51.05964],[3.42115,51.06184],[3.41647,51.06192],[3.4167,51.0636],[3.40825,51.06499],[3.40482,51.06724],[3.39965,51.06703],[3.39707,51.06829],[3.39382,51.06797],[3.39386,51.06948],[3.39078,51.07023],[3.39067,51.07267],[3.37275,51.08451],[3.36549,51.08534],[3.35968,51.0869],[3.35068,51.09039],[3.34641,51.09271],[3.33559,51.09665],[3.33131,51.09888],[3.32117,51.10403],[3.31041,51.10172],[3.30212,51.09935]]]}},{"type":"Feature","id":"37022","bbox":[3.229091,50.919124,3.452557,51.053584],"properties":{"nis":"37022","name":"Tielt","nameNl":"Tielt","nameFr":"Tielt","nameDe":"Tielt","province":"west-vlaanderen","region":"flanders","areaKm2":98},"geometry":{"type":"Polygon","coordinates":[[[3.28903,51.03515],[3.29114,51.03218],[3.2906,51.02931],[3.29314,51.02296],[3.29824,51.01926],[3.29571,51.01695],[3.29046,51.01511],[3.28644,51.01202],[3.28836,51.00986],[3.29487,51.00485],[3.29794,51.00134],[3.30263,50.99994],[3.30675,50.99726],[3.30626,50.99623],[3.30996,50.99166],[3.31165,50.98511],[3.30988,50.98269],[3.31184,50.97864],[3.30271,50.97623],[3.29997,50.974],[3.29711,50.97368],[3.29115,50.97045],[3.28217,50.96991],[3.28019,50.97079],[3.2804,50.97324],[3.27775,50.97524],[3.27156,50.97272],[3.27201,50.97098],[3.26898,50.96937],[3.26268,50.96806],[3.26281,50.96699],[3.25726,50.96539],[3.24787,50.96444],[3.2438,50.96515],[3.24425,50.96291],[3.24242,50.9631],[3.23797,50.9564],[3.23102,50.95201],[3.22946,50.94737],[3.23056,50.94515],[3.24748,50.94725],[3.25237,50.94294],[3.25515,50.94153],[3.25862,50.94179],[3.26255,50.94466],[3.26669,50.94469],[3.26715,50.94187],[3.27223,50.94127],[3.27405,50.94273],[3.27726,50.94066],[3.27911,50.93747],[3.27807,50.93353],[3.28055,50.93342],[3.28056,50.93123],[3.28301,50.92785],[3.28156,50.92537],[3.28717,50.92202],[3.29491,50.9209],[3.29749,50.91912],[3.30391,50.9204],[3.31428,50.92318],[3.31187,50.92561],[3.31298,50.92743],[3.32016,50.93354],[3.33127,50.93735],[3.33583,50.94022],[3.34371,50.94867],[3.35033,50.95171],[3.35269,50.95484],[3.3471,50.96107],[3.35759,50.96407],[3.36081,50.96405],[3.36245,50.96934],[3.36875,50.97444],[3.36681,50.97795],[3.36912,50.9794],[3.37404,50.97986],[3.3771,50.98123],[3.38257,50.98109],[3.38596,50.9779],[3.39635,50.97785],[3.40196,50.97939],[3.40478,50.97925],[3.41042,50.98167],[3.41782,50.97956],[3.42253,50.98151],[3.42639,50.98146],[3.4295,50.98172],[3.43332,50.9842],[3.43349,50.98893],[3.45079,50.99478],[3.44478,50.99883],[3.45231,51.00387],[3.45228,51.0068],[3.44989,51.00994],[3.44754,51.00983],[3.44722,51.01563],[3.4448,51.01647],[3.43808,51.02216],[3.43674,51.02548],[3.43539,51.0252],[3.43088,51.02809],[3.43263,51.02987],[3.42961,51.03413],[3.42594,51.03495],[3.42042,51.03117],[3.41577,51.03072],[3.41251,51.02885],[3.40547,51.0319],[3.4003,51.02937],[3.39613,51.02828],[3.38909,51.02443],[3.38133,51.02481],[3.38004,51.02415],[3.37459,51.03072],[3.37246,51.03661],[3.36885,51.03455],[3.36719,51.03075],[3.36204,51.03489],[3.3603,51.03405],[3.35768,51.03684],[3.35474,51.03562],[3.35012,51.0351],[3.34707,51.04021],[3.35037,51.04157],[3.35086,51.04393],[3.34517,51.04925],[3.3426,51.05301],[3.33551,51.05358],[3.33049,51.05261],[3.32938,51.05119],[3.32225,51.05036],[3.31967,51.04547],[3.32071,51.03988],[3.314,51.03867],[3.30753,51.03897],[3.30427,51.03751],[3.29522,51.03769],[3.28903,51.03515]]]}},{"type":"Feature","id":"38002","bbox":[2.590169,50.906682,2.770565,51.044293],"properties":{"nis":"38002","name":"Alveringem","nameNl":"Alveringem","nameFr":"Alveringem","nameDe":"Alveringem","province":"west-vlaanderen","region":"flanders","areaKm2":80.42},"geometry":{"type":"Polygon","coordinates":[[[2.61012,50.98533],[2.60671,50.98202],[2.60925,50.9814],[2.60854,50.97923],[2.61252,50.97471],[2.61089,50.9736],[2.61646,50.97009],[2.6212,50.96478],[2.62265,50.9603],[2.62638,50.95661],[2.62873,50.95057],[2.63045,50.94975],[2.63293,50.94619],[2.63025,50.94328],[2.61715,50.94048],[2.61929,50.93695],[2.61781,50.93473],[2.61417,50.93244],[2.60878,50.93091],[2.60319,50.92763],[2.59584,50.92126],[2.59039,50.91925],[2.59229,50.91539],[2.59445,50.91438],[2.60381,50.91663],[2.6048,50.91419],[2.60753,50.91277],[2.61256,50.9155],[2.61517,50.91494],[2.62195,50.91925],[2.6208,50.92125],[2.62646,50.92362],[2.62578,50.92471],[2.62958,50.92676],[2.63947,50.93022],[2.64,50.93158],[2.64424,50.93295],[2.64621,50.93582],[2.64992,50.93725],[2.65281,50.93009],[2.65157,50.92743],[2.65463,50.92238],[2.65354,50.91978],[2.6543,50.9175],[2.65249,50.91566],[2.65449,50.90768],[2.65718,50.90674],[2.66201,50.90683],[2.66418,50.90927],[2.66769,50.91131],[2.66838,50.91336],[2.67336,50.91729],[2.6764,50.91856],[2.67836,50.92113],[2.68198,50.92253],[2.6924,50.92366],[2.69137,50.92574],[2.69518,50.92723],[2.6988,50.92713],[2.70255,50.92775],[2.70898,50.93056],[2.70978,50.93309],[2.71484,50.93428],[2.71283,50.93736],[2.71789,50.93861],[2.71584,50.94039],[2.71738,50.94363],[2.71973,50.94596],[2.71644,50.94676],[2.71777,50.94919],[2.72112,50.95041],[2.71727,50.95346],[2.71351,50.95848],[2.70536,50.96633],[2.70664,50.96707],[2.70325,50.9696],[2.69707,50.96907],[2.6974,50.97255],[2.70323,50.97481],[2.70682,50.9753],[2.70858,50.97859],[2.71101,50.97981],[2.70765,50.98258],[2.70961,50.98306],[2.70639,50.98981],[2.71881,50.99173],[2.72509,50.99414],[2.72717,50.99348],[2.73008,50.99533],[2.73175,51.00056],[2.73004,51.00376],[2.73042,51.00603],[2.72849,51.00717],[2.73385,51.00833],[2.73544,51.00787],[2.74159,51.00943],[2.74179,51.00828],[2.75077,51.00987],[2.75302,51.01201],[2.77057,51.01713],[2.76775,51.01945],[2.7691,51.02087],[2.76482,51.02693],[2.76054,51.02978],[2.76257,51.03124],[2.76245,51.03356],[2.75811,51.03482],[2.74628,51.0356],[2.74329,51.0372],[2.74705,51.03971],[2.74542,51.04111],[2.74831,51.04314],[2.74402,51.04427],[2.74178,51.04307],[2.73821,51.04397],[2.73386,51.04138],[2.73555,51.04003],[2.73252,51.03831],[2.73272,51.03697],[2.72766,51.03826],[2.72638,51.03633],[2.72294,51.03646],[2.72114,51.03957],[2.70953,51.03355],[2.70514,51.03319],[2.70131,51.03385],[2.69738,51.03248],[2.68928,51.02665],[2.68978,51.02261],[2.68156,51.01629],[2.68224,51.01539],[2.67696,51.01274],[2.67784,51.01075],[2.6719,51.0069],[2.67305,51.00503],[2.66861,51.00334],[2.66423,51.00497],[2.65997,51.00386],[2.65418,51.00086],[2.64843,51.0008],[2.6468,51.00323],[2.64207,51.00618],[2.63823,51.00507],[2.62646,51.00043],[2.62264,50.99791],[2.61446,50.99616],[2.6158,50.99272],[2.61177,50.98863],[2.61267,50.98759],[2.61012,50.98533]]]}},{"type":"Feature","id":"38008","bbox":[2.541361,51.046166,2.634554,51.113782],"properties":{"nis":"38008","name":"De Panne","nameNl":"De Panne","nameFr":"La Panne","nameDe":"De Panne","province":"west-vlaanderen","region":"flanders","areaKm2":26.5},"geometry":{"type":"Polygon","coordinates":[[[2.56588,51.04617],[2.57349,51.04995],[2.57313,51.05102],[2.60175,51.05864],[2.60447,51.06017],[2.60524,51.05878],[2.62318,51.06251],[2.62337,51.06349],[2.63363,51.06683],[2.6192,51.0693],[2.62271,51.07204],[2.62892,51.07143],[2.63433,51.07253],[2.63291,51.0756],[2.63416,51.07933],[2.62628,51.08157],[2.62499,51.0847],[2.62056,51.08968],[2.61754,51.09217],[2.60178,51.11378],[2.58271,51.10672],[2.56918,51.1023],[2.56175,51.09956],[2.54136,51.09379],[2.5458,51.08863],[2.55943,51.0707],[2.55932,51.06954],[2.56285,51.06493],[2.56199,51.05844],[2.56588,51.04617]]]}},{"type":"Feature","id":"38014","bbox":[2.601783,51.081284,2.757206,51.149158],"properties":{"nis":"38014","name":"Koksijde","nameNl":"Koksijde","nameFr":"Coxyde","nameDe":"Koksijde","province":"west-vlaanderen","region":"flanders","areaKm2":49.84},"geometry":{"type":"Polygon","coordinates":[[[2.69986,51.14916],[2.68301,51.14424],[2.67503,51.14163],[2.66983,51.14108],[2.65108,51.135],[2.64792,51.13335],[2.63781,51.12951],[2.63067,51.12624],[2.62373,51.12569],[2.6182,51.12399],[2.61174,51.1246],[2.6115,51.12363],[2.61575,51.12226],[2.61996,51.12216],[2.62018,51.12101],[2.61084,51.11661],[2.60178,51.11378],[2.61754,51.09217],[2.62056,51.08968],[2.62499,51.0847],[2.62835,51.08623],[2.64126,51.08494],[2.64425,51.08544],[2.65133,51.08469],[2.65589,51.08351],[2.6587,51.08563],[2.66142,51.08591],[2.66682,51.08424],[2.67216,51.08754],[2.67723,51.08891],[2.6801,51.08863],[2.68174,51.09022],[2.68539,51.09018],[2.68974,51.08893],[2.69558,51.08828],[2.69523,51.08398],[2.69682,51.08174],[2.70305,51.08147],[2.70559,51.08332],[2.71224,51.08371],[2.71642,51.08501],[2.7182,51.08422],[2.7224,51.0848],[2.725,51.08372],[2.72921,51.08522],[2.72435,51.08869],[2.72437,51.09069],[2.72196,51.09269],[2.72353,51.09471],[2.73743,51.09587],[2.7426,51.09777],[2.74667,51.09619],[2.75145,51.09653],[2.75018,51.09759],[2.75155,51.10015],[2.74908,51.10209],[2.74524,51.10311],[2.74194,51.10256],[2.74076,51.1049],[2.73747,51.10733],[2.73611,51.10966],[2.73855,51.11104],[2.73598,51.1133],[2.73685,51.11418],[2.74092,51.11281],[2.74811,51.11192],[2.7501,51.11477],[2.75556,51.1155],[2.75718,51.11712],[2.75397,51.11976],[2.75673,51.12147],[2.75672,51.12299],[2.75372,51.12456],[2.75175,51.12347],[2.75013,51.12495],[2.74723,51.12438],[2.74115,51.12887],[2.71852,51.12937],[2.69986,51.14916]]]}},{"type":"Feature","id":"38016","bbox":[2.699859,51.086721,2.824893,51.164973],"properties":{"nis":"38016","name":"Nieuwpoort","nameNl":"Nieuwpoort","nameFr":"Nieuport","nameDe":"Nieuwpoort","province":"west-vlaanderen","region":"flanders","areaKm2":32.97},"geometry":{"type":"Polygon","coordinates":[[[2.74612,51.16497],[2.73403,51.16062],[2.72279,51.15808],[2.71754,51.15556],[2.70631,51.15101],[2.69986,51.14916],[2.71852,51.12937],[2.74115,51.12887],[2.74723,51.12438],[2.75013,51.12495],[2.75175,51.12347],[2.75372,51.12456],[2.75672,51.12299],[2.75673,51.12147],[2.75397,51.11976],[2.75718,51.11712],[2.75556,51.1155],[2.7501,51.11477],[2.74811,51.11192],[2.74092,51.11281],[2.73685,51.11418],[2.73598,51.1133],[2.73855,51.11104],[2.73611,51.10966],[2.73747,51.10733],[2.74076,51.1049],[2.74194,51.10256],[2.74524,51.10311],[2.74908,51.10209],[2.75155,51.10015],[2.75018,51.09759],[2.75145,51.09653],[2.75678,51.0963],[2.75861,51.09449],[2.75819,51.09141],[2.76629,51.08672],[2.77003,51.08966],[2.77421,51.09135],[2.7782,51.09141],[2.78461,51.09256],[2.79146,51.09535],[2.79355,51.09763],[2.79822,51.09861],[2.80465,51.09908],[2.80725,51.10099],[2.8118,51.10134],[2.81661,51.10331],[2.82081,51.10243],[2.82319,51.10431],[2.82489,51.1106],[2.82233,51.11471],[2.81624,51.1161],[2.80977,51.11885],[2.80607,51.12162],[2.80472,51.12444],[2.80088,51.12857],[2.80096,51.13065],[2.80317,51.13128],[2.80424,51.13618],[2.80179,51.14034],[2.79578,51.14239],[2.79431,51.14477],[2.79875,51.14545],[2.79762,51.14759],[2.79306,51.14668],[2.79746,51.1504],[2.7897,51.1473],[2.77477,51.13922],[2.76547,51.13846],[2.76103,51.13937],[2.75335,51.13976],[2.74852,51.15579],[2.74959,51.15803],[2.75191,51.15907],[2.74612,51.16497]]]}},{"type":"Feature","id":"38025","bbox":[2.565878,50.985329,2.776873,51.097772],"properties":{"nis":"38025","name":"Veurne","nameNl":"Veurne","nameFr":"Furnes","nameDe":"Veurne","province":"west-vlaanderen","region":"flanders","areaKm2":96.89},"geometry":{"type":"Polygon","coordinates":[[[2.74831,51.04314],[2.75942,51.04873],[2.76291,51.05119],[2.76803,51.05325],[2.77111,51.05547],[2.7727,51.05867],[2.77492,51.0589],[2.77533,51.06227],[2.7718,51.0629],[2.77677,51.06633],[2.77612,51.06803],[2.7719,51.06986],[2.76946,51.07482],[2.77113,51.07853],[2.76647,51.08223],[2.76629,51.08672],[2.75819,51.09141],[2.75861,51.09449],[2.75678,51.0963],[2.75145,51.09653],[2.74667,51.09619],[2.7426,51.09777],[2.73743,51.09587],[2.72353,51.09471],[2.72196,51.09269],[2.72437,51.09069],[2.72435,51.08869],[2.72921,51.08522],[2.725,51.08372],[2.7224,51.0848],[2.7182,51.08422],[2.71642,51.08501],[2.71224,51.08371],[2.70559,51.08332],[2.70305,51.08147],[2.69682,51.08174],[2.69523,51.08398],[2.69558,51.08828],[2.68974,51.08893],[2.68539,51.09018],[2.68174,51.09022],[2.6801,51.08863],[2.67723,51.08891],[2.67216,51.08754],[2.66682,51.08424],[2.66142,51.08591],[2.6587,51.08563],[2.65589,51.08351],[2.65133,51.08469],[2.64425,51.08544],[2.64126,51.08494],[2.62835,51.08623],[2.62499,51.0847],[2.62628,51.08157],[2.63416,51.07933],[2.63291,51.0756],[2.63433,51.07253],[2.62892,51.07143],[2.62271,51.07204],[2.6192,51.0693],[2.63363,51.06683],[2.62337,51.06349],[2.62318,51.06251],[2.60524,51.05878],[2.60447,51.06017],[2.60175,51.05864],[2.57313,51.05102],[2.57349,51.04995],[2.56588,51.04617],[2.57594,51.01387],[2.57226,51.01293],[2.57099,51.01051],[2.57182,51.00839],[2.57524,51.00619],[2.57397,51.00329],[2.57923,50.99923],[2.58432,50.99659],[2.59544,50.99204],[2.60701,50.99119],[2.60793,50.98747],[2.61012,50.98533],[2.61267,50.98759],[2.61177,50.98863],[2.6158,50.99272],[2.61446,50.99616],[2.62264,50.99791],[2.62646,51.00043],[2.63823,51.00507],[2.64207,51.00618],[2.6468,51.00323],[2.64843,51.0008],[2.65418,51.00086],[2.65997,51.00386],[2.66423,51.00497],[2.66861,51.00334],[2.67305,51.00503],[2.6719,51.0069],[2.67784,51.01075],[2.67696,51.01274],[2.68224,51.01539],[2.68156,51.01629],[2.68978,51.02261],[2.68928,51.02665],[2.69738,51.03248],[2.70131,51.03385],[2.70514,51.03319],[2.70953,51.03355],[2.72114,51.03957],[2.72294,51.03646],[2.72638,51.03633],[2.72766,51.03826],[2.73272,51.03697],[2.73252,51.03831],[2.73555,51.04003],[2.73386,51.04138],[2.73821,51.04397],[2.74178,51.04307],[2.74402,51.04427],[2.74831,51.04314]]]}},{"type":"Feature","id":"41002","bbox":[3.982447,50.899397,4.163432,50.994831],"properties":{"nis":"41002","name":"Aalst","nameNl":"Aalst","nameFr":"Alost","nameDe":"Aalst","province":"oost-vlaanderen","region":"flanders","areaKm2":78.38},"geometry":{"type":"Polygon","coordinates":[[[4.13897,50.91697],[4.13994,50.91966],[4.14376,50.92064],[4.14274,50.92385],[4.14484,50.92538],[4.15313,50.92344],[4.15294,50.92895],[4.15676,50.92823],[4.16245,50.93231],[4.15345,50.93892],[4.16263,50.94294],[4.15926,50.9453],[4.16076,50.94817],[4.15825,50.94872],[4.15481,50.95269],[4.15667,50.95384],[4.14788,50.96261],[4.14295,50.96544],[4.1475,50.96951],[4.14067,50.97126],[4.13795,50.9704],[4.13681,50.9718],[4.13418,50.97115],[4.13214,50.97269],[4.12841,50.97045],[4.12498,50.9727],[4.1244,50.97048],[4.12153,50.96703],[4.11598,50.97131],[4.11306,50.97074],[4.10517,50.97409],[4.0938,50.97085],[4.0882,50.97049],[4.08461,50.96789],[4.08117,50.97137],[4.08278,50.97158],[4.07917,50.97522],[4.07819,50.97489],[4.07581,50.97923],[4.07394,50.98079],[4.07438,50.98484],[4.07282,50.98542],[4.07385,50.98928],[4.0722,50.98961],[4.0668,50.98971],[4.06785,50.9877],[4.06272,50.9876],[4.06137,50.98908],[4.0573,50.99054],[4.05363,50.99483],[4.05031,50.99271],[4.0439,50.99413],[4.0387,50.99261],[4.0312,50.98795],[4.02743,50.98738],[4.02009,50.98812],[4.01537,50.98717],[4.01375,50.98449],[4.01588,50.98271],[4.01975,50.98218],[4.02404,50.9796],[4.02265,50.9778],[4.01833,50.97979],[4.01294,50.97498],[4.01312,50.97244],[4.01513,50.96991],[4.01351,50.96774],[4.00939,50.96499],[4.01506,50.96113],[4.00998,50.95778],[4.01279,50.95626],[4.00844,50.95535],[4.00648,50.95598],[4.01108,50.95013],[4.01049,50.94879],[4.00611,50.94807],[3.99679,50.94267],[3.99548,50.94124],[4.00057,50.93935],[3.99665,50.93745],[3.99584,50.93823],[3.99205,50.93512],[3.98703,50.93313],[3.99157,50.92958],[3.98588,50.92768],[3.9849,50.92504],[3.98549,50.92173],[3.98245,50.91942],[3.98604,50.91635],[3.9894,50.91145],[3.99263,50.91149],[3.99815,50.91416],[4.00035,50.91448],[4.0019,50.91201],[4.00842,50.91223],[4.01331,50.90712],[4.01743,50.9095],[4.02031,50.90683],[4.02291,50.90832],[4.02425,50.90683],[4.04148,50.90467],[4.04398,50.90637],[4.0469,50.90495],[4.05101,50.90625],[4.05615,50.9102],[4.06118,50.91117],[4.06518,50.91005],[4.06704,50.90579],[4.07308,50.90132],[4.07424,50.8994],[4.07904,50.90155],[4.08515,50.90199],[4.10113,50.90999],[4.09739,50.91375],[4.09472,50.91367],[4.09499,50.91548],[4.0922,50.91596],[4.09091,50.9193],[4.09058,50.92418],[4.08917,50.9265],[4.0952,50.93035],[4.09599,50.93247],[4.1127,50.92618],[4.11965,50.92621],[4.12071,50.92345],[4.12995,50.92101],[4.13666,50.92076],[4.13897,50.91697]]]}},{"type":"Feature","id":"41011","bbox":[4.028659,50.864534,4.089654,50.911168],"properties":{"nis":"41011","name":"Denderleeuw","nameNl":"Denderleeuw","nameFr":"Denderleeuw","nameDe":"Denderleeuw","province":"oost-vlaanderen","region":"flanders","areaKm2":13.85},"geometry":{"type":"Polygon","coordinates":[[[4.06628,50.86564],[4.06913,50.86761],[4.06954,50.87021],[4.07379,50.86952],[4.07651,50.87112],[4.07948,50.87105],[4.08339,50.87407],[4.08506,50.8766],[4.08366,50.87873],[4.08795,50.88401],[4.08618,50.88556],[4.08928,50.88881],[4.08739,50.89097],[4.08241,50.89119],[4.07784,50.89679],[4.07424,50.8994],[4.07308,50.90132],[4.06704,50.90579],[4.06518,50.91005],[4.06118,50.91117],[4.05615,50.9102],[4.05101,50.90625],[4.0469,50.90495],[4.04398,50.90637],[4.04148,50.90467],[4.03822,50.90067],[4.03173,50.89635],[4.03993,50.89256],[4.03815,50.88911],[4.03432,50.88764],[4.03676,50.88378],[4.03584,50.87965],[4.02921,50.87709],[4.0313,50.876],[4.03333,50.8718],[4.02866,50.87144],[4.02918,50.86948],[4.0354,50.86985],[4.03605,50.86753],[4.03882,50.86531],[4.04648,50.86933],[4.047,50.86453],[4.0528,50.86751],[4.05776,50.8691],[4.06288,50.87181],[4.06207,50.86863],[4.05958,50.86808],[4.06628,50.86564]]]}},{"type":"Feature","id":"41018","bbox":[3.803676,50.727569,4.003831,50.836933],"properties":{"nis":"41018","name":"Geraardsbergen","nameNl":"Geraardsbergen","nameFr":"Grammont","nameDe":"Geraardsbergen","province":"oost-vlaanderen","region":"flanders","areaKm2":79.76},"geometry":{"type":"Polygon","coordinates":[[[3.86556,50.83114],[3.86565,50.82952],[3.8628,50.82474],[3.86504,50.8228],[3.8634,50.82053],[3.85948,50.81871],[3.86085,50.81565],[3.86464,50.81475],[3.87255,50.81469],[3.87118,50.81234],[3.87788,50.812],[3.87784,50.81369],[3.88181,50.81431],[3.8789,50.81022],[3.88095,50.80978],[3.88084,50.80627],[3.87746,50.80507],[3.8721,50.80519],[3.87296,50.79986],[3.86979,50.79545],[3.86493,50.79267],[3.8666,50.78779],[3.87024,50.78683],[3.86825,50.78496],[3.8643,50.78372],[3.85781,50.78367],[3.85782,50.782],[3.8485,50.77775],[3.84484,50.77473],[3.84091,50.77601],[3.83604,50.77539],[3.83106,50.777],[3.83034,50.77814],[3.82631,50.77775],[3.82194,50.78153],[3.81798,50.78393],[3.81433,50.78747],[3.81326,50.78714],[3.81531,50.78357],[3.81817,50.78332],[3.81979,50.78113],[3.81693,50.7814],[3.81438,50.78021],[3.81071,50.78325],[3.80802,50.78313],[3.80414,50.77954],[3.80633,50.7758],[3.80877,50.77641],[3.81432,50.77131],[3.81032,50.77054],[3.81361,50.76913],[3.81679,50.76624],[3.81621,50.76452],[3.81991,50.76165],[3.81612,50.76068],[3.81083,50.75816],[3.81559,50.75314],[3.81547,50.75071],[3.81694,50.74655],[3.8188,50.74467],[3.82436,50.74433],[3.82897,50.74223],[3.83495,50.74336],[3.83836,50.74138],[3.8441,50.74567],[3.84829,50.74633],[3.85173,50.74882],[3.85715,50.74737],[3.86144,50.75091],[3.86633,50.74794],[3.86728,50.74918],[3.87053,50.748],[3.87293,50.74938],[3.87677,50.74971],[3.8798,50.75146],[3.88559,50.74968],[3.89028,50.7453],[3.88947,50.74408],[3.89295,50.74251],[3.89908,50.73713],[3.89254,50.73506],[3.89567,50.73301],[3.90354,50.7312],[3.90605,50.72906],[3.91029,50.7306],[3.91324,50.73295],[3.91499,50.73013],[3.91915,50.72768],[3.92247,50.72967],[3.92534,50.72908],[3.93449,50.73078],[3.94372,50.72906],[3.94671,50.73192],[3.9511,50.73184],[3.95423,50.73745],[3.94787,50.73998],[3.94762,50.74411],[3.94548,50.74546],[3.94716,50.7464],[3.94529,50.74975],[3.93513,50.74647],[3.93295,50.74678],[3.93234,50.75249],[3.93325,50.75533],[3.93104,50.75841],[3.93921,50.76839],[3.9416,50.77265],[3.94565,50.77415],[3.94992,50.77702],[3.95216,50.77702],[3.95655,50.77905],[3.96011,50.77972],[3.96345,50.77574],[3.96542,50.77651],[3.97208,50.77558],[3.97182,50.77249],[3.96853,50.76686],[3.9735,50.7672],[3.98531,50.76601],[3.99162,50.7702],[3.99266,50.77438],[3.99758,50.77837],[4.00181,50.77903],[4.00383,50.77987],[3.99266,50.78875],[3.98756,50.79236],[3.98547,50.79499],[3.97969,50.79857],[3.97849,50.8011],[3.96841,50.80517],[3.96684,50.80753],[3.96264,50.80664],[3.95701,50.80943],[3.95619,50.81066],[3.95373,50.80879],[3.95232,50.81443],[3.94848,50.81794],[3.94712,50.81812],[3.94435,50.81517],[3.94594,50.81196],[3.94251,50.81266],[3.93803,50.81914],[3.93636,50.81895],[3.9341,50.82237],[3.93119,50.82214],[3.93046,50.82359],[3.92744,50.82388],[3.92442,50.82856],[3.92116,50.82808],[3.923,50.82547],[3.91396,50.82374],[3.90913,50.82163],[3.90521,50.82374],[3.90544,50.82759],[3.90256,50.82957],[3.9049,50.83022],[3.89953,50.83475],[3.89564,50.83693],[3.89227,50.8332],[3.88839,50.83167],[3.88029,50.83222],[3.87703,50.83127],[3.86556,50.83114]]]}},{"type":"Feature","id":"41024","bbox":[3.937102,50.858534,4.04148,50.916351],"properties":{"nis":"41024","name":"Haaltert","nameNl":"Haaltert","nameFr":"Haaltert","nameDe":"Haaltert","province":"oost-vlaanderen","region":"flanders","areaKm2":30.41},"geometry":{"type":"Polygon","coordinates":[[[3.93764,50.87502],[3.94289,50.87377],[3.94443,50.87185],[3.94074,50.86984],[3.94487,50.86549],[3.94074,50.86413],[3.94143,50.86288],[3.94866,50.86303],[3.95842,50.86009],[3.95928,50.86673],[3.96851,50.86823],[3.97291,50.86789],[3.97922,50.86575],[3.9805,50.86467],[3.98358,50.86575],[3.99265,50.86637],[3.99009,50.86474],[3.99221,50.86102],[4.0023,50.86125],[4.00324,50.85886],[4.00636,50.86048],[4.01207,50.86184],[4.0183,50.86066],[4.01954,50.8592],[4.02288,50.85854],[4.03083,50.86119],[4.03882,50.86531],[4.03605,50.86753],[4.0354,50.86985],[4.02918,50.86948],[4.02866,50.87144],[4.03333,50.8718],[4.0313,50.876],[4.02921,50.87709],[4.03584,50.87965],[4.03676,50.88378],[4.03432,50.88764],[4.03815,50.88911],[4.03993,50.89256],[4.03173,50.89635],[4.03822,50.90067],[4.04148,50.90467],[4.02425,50.90683],[4.02291,50.90832],[4.02031,50.90683],[4.01743,50.9095],[4.01331,50.90712],[4.00842,50.91223],[4.0019,50.91201],[4.00035,50.91448],[3.99815,50.91416],[3.99263,50.91149],[3.9894,50.91145],[3.98604,50.91635],[3.98037,50.91542],[3.98215,50.91237],[3.98189,50.90984],[3.9786,50.90925],[3.9817,50.90691],[3.98251,50.9041],[3.98055,50.90226],[3.97079,50.90459],[3.96695,50.90262],[3.96248,50.90235],[3.96421,50.89845],[3.95924,50.89362],[3.95408,50.88945],[3.94836,50.88834],[3.94211,50.88564],[3.9378,50.88675],[3.94052,50.88262],[3.9371,50.87921],[3.9391,50.87666],[3.93764,50.87502]]]}},{"type":"Feature","id":"41027","bbox":[3.837713,50.821633,3.949081,50.918147],"properties":{"nis":"41027","name":"Herzele","nameNl":"Herzele","nameFr":"Herzele","nameDe":"Herzele","province":"oost-vlaanderen","region":"flanders","areaKm2":47.73},"geometry":{"type":"Polygon","coordinates":[[[3.92116,50.82808],[3.91806,50.83097],[3.92017,50.83438],[3.92737,50.83905],[3.92698,50.84387],[3.92567,50.84902],[3.92861,50.84895],[3.92966,50.85093],[3.93108,50.8493],[3.93843,50.84945],[3.94189,50.85018],[3.94204,50.85141],[3.94692,50.85381],[3.94473,50.85658],[3.94908,50.8591],[3.94689,50.86176],[3.94866,50.86303],[3.94143,50.86288],[3.94074,50.86413],[3.94487,50.86549],[3.94074,50.86984],[3.94443,50.87185],[3.94289,50.87377],[3.93764,50.87502],[3.93478,50.87545],[3.93351,50.87412],[3.9266,50.87651],[3.92585,50.8784],[3.92104,50.87759],[3.91985,50.87863],[3.91643,50.87721],[3.91601,50.8815],[3.92347,50.88419],[3.92497,50.88596],[3.92174,50.89111],[3.92454,50.89192],[3.92372,50.89463],[3.92566,50.89929],[3.92052,50.89904],[3.91793,50.90018],[3.91022,50.90571],[3.9102,50.90841],[3.90523,50.91485],[3.89944,50.91342],[3.89797,50.9162],[3.89665,50.91591],[3.89273,50.91815],[3.88365,50.91605],[3.88246,50.91411],[3.8787,50.91624],[3.87508,50.91292],[3.86846,50.91057],[3.86484,50.9085],[3.86928,50.90546],[3.86235,50.90412],[3.85943,50.9055],[3.85583,50.90326],[3.8507,50.90539],[3.84726,50.90425],[3.84793,50.90253],[3.84504,50.8994],[3.84208,50.8989],[3.84371,50.89539],[3.83771,50.89469],[3.83961,50.88857],[3.84176,50.88862],[3.84517,50.88643],[3.84658,50.88747],[3.85104,50.88452],[3.86002,50.88206],[3.86147,50.88011],[3.85996,50.87605],[3.86356,50.87587],[3.86705,50.8726],[3.86007,50.87208],[3.857,50.87097],[3.85802,50.86834],[3.85392,50.86559],[3.85597,50.86403],[3.85907,50.86466],[3.86352,50.86319],[3.85494,50.8588],[3.85173,50.85308],[3.85143,50.84973],[3.85382,50.8495],[3.8565,50.84691],[3.85823,50.84796],[3.86394,50.84614],[3.86529,50.84453],[3.86002,50.84363],[3.85331,50.84046],[3.84946,50.83775],[3.85313,50.83509],[3.85782,50.83427],[3.85884,50.83313],[3.86556,50.83114],[3.87703,50.83127],[3.88029,50.83222],[3.88839,50.83167],[3.89227,50.8332],[3.89564,50.83693],[3.89953,50.83475],[3.9049,50.83022],[3.90256,50.82957],[3.90544,50.82759],[3.90521,50.82374],[3.90913,50.82163],[3.91396,50.82374],[3.923,50.82547],[3.92116,50.82808]]]}},{"type":"Feature","id":"41034","bbox":[3.867538,50.94755,4.024039,50.98717],"properties":{"nis":"41034","name":"Lede","nameNl":"Lede","nameFr":"Lede","nameDe":"Lede","province":"oost-vlaanderen","region":"flanders","areaKm2":29.76},"geometry":{"type":"Polygon","coordinates":[[[3.9125,50.98354],[3.9108,50.9794],[3.90848,50.97899],[3.90667,50.98072],[3.90224,50.98063],[3.89799,50.97764],[3.89551,50.97823],[3.89213,50.97338],[3.8825,50.97072],[3.87931,50.97108],[3.87891,50.96806],[3.87493,50.96493],[3.86861,50.96396],[3.87065,50.96183],[3.87048,50.95947],[3.86754,50.95604],[3.86802,50.95426],[3.86996,50.95392],[3.87194,50.95142],[3.8747,50.95064],[3.8799,50.95419],[3.88626,50.94925],[3.88926,50.95041],[3.89378,50.94755],[3.89726,50.94771],[3.90141,50.94995],[3.90458,50.94796],[3.90556,50.94885],[3.91668,50.9519],[3.91929,50.95336],[3.93778,50.94986],[3.94462,50.95219],[3.94958,50.9529],[3.95282,50.95127],[3.95488,50.95463],[3.9592,50.95333],[3.96318,50.95428],[3.97294,50.95256],[3.98315,50.9556],[3.98669,50.95301],[3.99091,50.95455],[3.9929,50.95355],[3.99704,50.95382],[4.00152,50.95579],[4.00648,50.95598],[4.00844,50.95535],[4.01279,50.95626],[4.00998,50.95778],[4.01506,50.96113],[4.00939,50.96499],[4.01351,50.96774],[4.01513,50.96991],[4.01312,50.97244],[4.01294,50.97498],[4.01833,50.97979],[4.02265,50.9778],[4.02404,50.9796],[4.01975,50.98218],[4.01588,50.98271],[4.01375,50.98449],[4.01537,50.98717],[4.00634,50.98512],[4.00084,50.98393],[3.99266,50.98113],[3.99096,50.98179],[3.98494,50.98027],[3.98052,50.9812],[3.96261,50.98231],[3.95763,50.98116],[3.95828,50.98368],[3.95369,50.98399],[3.9539,50.98259],[3.95059,50.98263],[3.95165,50.97858],[3.95017,50.97708],[3.95301,50.9746],[3.94841,50.97133],[3.94817,50.97313],[3.94325,50.9769],[3.94091,50.97771],[3.93602,50.97661],[3.93001,50.97752],[3.928,50.97939],[3.92341,50.97855],[3.91823,50.97988],[3.9125,50.98354]]]}},{"type":"Feature","id":"41048","bbox":[3.91806,50.771169,4.075477,50.871812],"properties":{"nis":"41048","name":"Ninove","nameNl":"Ninove","nameFr":"Ninove","nameDe":"Ninove","province":"oost-vlaanderen","region":"flanders","areaKm2":72.92},"geometry":{"type":"Polygon","coordinates":[[[4.07466,50.81351],[4.07467,50.81885],[4.07134,50.82364],[4.06889,50.82527],[4.07013,50.82899],[4.06951,50.83346],[4.06689,50.8349],[4.0614,50.83372],[4.05742,50.83521],[4.05113,50.83282],[4.04831,50.83252],[4.04412,50.83598],[4.04067,50.83774],[4.04382,50.83974],[4.05141,50.84175],[4.05425,50.84652],[4.0584,50.8482],[4.05994,50.85036],[4.05762,50.85317],[4.05898,50.8548],[4.06471,50.85968],[4.06412,50.86369],[4.06628,50.86564],[4.05958,50.86808],[4.06207,50.86863],[4.06288,50.87181],[4.05776,50.8691],[4.0528,50.86751],[4.047,50.86453],[4.04648,50.86933],[4.03882,50.86531],[4.03083,50.86119],[4.02288,50.85854],[4.01954,50.8592],[4.0183,50.86066],[4.01207,50.86184],[4.00636,50.86048],[4.00324,50.85886],[4.0023,50.86125],[3.99221,50.86102],[3.99009,50.86474],[3.99265,50.86637],[3.98358,50.86575],[3.9805,50.86467],[3.97922,50.86575],[3.97291,50.86789],[3.96851,50.86823],[3.95928,50.86673],[3.95842,50.86009],[3.94866,50.86303],[3.94689,50.86176],[3.94908,50.8591],[3.94473,50.85658],[3.94692,50.85381],[3.94204,50.85141],[3.94189,50.85018],[3.93843,50.84945],[3.93108,50.8493],[3.92966,50.85093],[3.92861,50.84895],[3.92567,50.84902],[3.92698,50.84387],[3.92737,50.83905],[3.92017,50.83438],[3.91806,50.83097],[3.92116,50.82808],[3.92442,50.82856],[3.92744,50.82388],[3.93046,50.82359],[3.93119,50.82214],[3.9341,50.82237],[3.93636,50.81895],[3.93803,50.81914],[3.94251,50.81266],[3.94594,50.81196],[3.94435,50.81517],[3.94712,50.81812],[3.94848,50.81794],[3.95232,50.81443],[3.95373,50.80879],[3.95619,50.81066],[3.95701,50.80943],[3.96264,50.80664],[3.96684,50.80753],[3.96841,50.80517],[3.97849,50.8011],[3.97969,50.79857],[3.98547,50.79499],[3.98756,50.79236],[3.99266,50.78875],[4.00383,50.77987],[4.00181,50.77903],[4.00708,50.7741],[4.015,50.77128],[4.01893,50.77668],[4.02294,50.77999],[4.02694,50.78202],[4.02854,50.78028],[4.03183,50.7798],[4.03678,50.77737],[4.03863,50.77937],[4.04103,50.77979],[4.0404,50.78245],[4.04929,50.78614],[4.0531,50.78411],[4.05647,50.78846],[4.06162,50.79095],[4.05964,50.79305],[4.06254,50.79474],[4.06782,50.80033],[4.06799,50.80229],[4.07117,50.80602],[4.07285,50.81034],[4.07193,50.81229],[4.07466,50.81351]]]}},{"type":"Feature","id":"41063","bbox":[3.823479,50.902532,3.937775,50.95483],"properties":{"nis":"41063","name":"Sint-Lievens-Houtem","nameNl":"Sint-Lievens-Houtem","nameFr":"Hautem-Saint-Liévin","nameDe":"Sint-Lievens-Houtem","province":"oost-vlaanderen","region":"flanders","areaKm2":26.94},"geometry":{"type":"Polygon","coordinates":[[[3.82893,50.91286],[3.83469,50.90759],[3.8367,50.90825],[3.84009,50.90684],[3.84452,50.90621],[3.84793,50.90253],[3.84726,50.90425],[3.8507,50.90539],[3.85583,50.90326],[3.85943,50.9055],[3.86235,50.90412],[3.86928,50.90546],[3.86484,50.9085],[3.86846,50.91057],[3.87508,50.91292],[3.8787,50.91624],[3.88246,50.91411],[3.88365,50.91605],[3.89273,50.91815],[3.89977,50.92061],[3.9021,50.91864],[3.91534,50.92297],[3.91978,50.92342],[3.93057,50.92678],[3.927,50.93152],[3.92335,50.93377],[3.91959,50.93775],[3.92614,50.93998],[3.93124,50.94088],[3.92947,50.9432],[3.93213,50.94498],[3.93093,50.94891],[3.93778,50.94986],[3.91929,50.95336],[3.91668,50.9519],[3.90556,50.94885],[3.90458,50.94796],[3.90141,50.94995],[3.89726,50.94771],[3.89378,50.94755],[3.88926,50.95041],[3.88626,50.94925],[3.8799,50.95419],[3.8747,50.95064],[3.87194,50.95142],[3.86996,50.95392],[3.86802,50.95426],[3.86695,50.95295],[3.86291,50.95294],[3.85907,50.95121],[3.85886,50.95332],[3.85592,50.95252],[3.85252,50.95483],[3.85194,50.95273],[3.84769,50.9528],[3.84471,50.94983],[3.84556,50.94791],[3.84951,50.94584],[3.84858,50.94508],[3.85041,50.93959],[3.8447,50.93735],[3.83283,50.9351],[3.82742,50.9323],[3.82963,50.92704],[3.83207,50.92551],[3.82607,50.92146],[3.82348,50.91673],[3.82893,50.91286]]]}},{"type":"Feature","id":"41081","bbox":[3.746829,50.809933,3.867302,50.91848],"properties":{"nis":"41081","name":"Zottegem","nameNl":"Zottegem","nameFr":"Zottegem","nameDe":"Zottegem","province":"oost-vlaanderen","region":"flanders","areaKm2":57.32},"geometry":{"type":"Polygon","coordinates":[[[3.75568,50.91382],[3.75331,50.91045],[3.74699,50.90793],[3.75106,50.90465],[3.75229,50.90093],[3.74837,50.89917],[3.74968,50.89747],[3.75408,50.89492],[3.75323,50.89396],[3.75877,50.89164],[3.75995,50.8894],[3.75779,50.88617],[3.75887,50.88495],[3.75348,50.87989],[3.75165,50.87579],[3.7594,50.87014],[3.7627,50.86852],[3.76605,50.8625],[3.76736,50.85818],[3.76588,50.85356],[3.7623,50.85057],[3.76183,50.84772],[3.7633,50.84524],[3.76538,50.84082],[3.77499,50.84227],[3.77831,50.84024],[3.77683,50.83956],[3.78072,50.83674],[3.77893,50.83565],[3.78466,50.83301],[3.78569,50.83071],[3.78487,50.82377],[3.78689,50.82397],[3.78925,50.82101],[3.78916,50.81689],[3.78737,50.8167],[3.78768,50.81439],[3.79332,50.80993],[3.79504,50.81026],[3.79893,50.81468],[3.80601,50.81867],[3.81707,50.82599],[3.8271,50.82427],[3.82859,50.82466],[3.82744,50.82773],[3.83272,50.8263],[3.83163,50.82832],[3.83485,50.83255],[3.83958,50.83516],[3.84029,50.83762],[3.84791,50.83823],[3.84946,50.83775],[3.85331,50.84046],[3.86002,50.84363],[3.86529,50.84453],[3.86394,50.84614],[3.85823,50.84796],[3.8565,50.84691],[3.85382,50.8495],[3.85143,50.84973],[3.85173,50.85308],[3.85494,50.8588],[3.86352,50.86319],[3.85907,50.86466],[3.85597,50.86403],[3.85392,50.86559],[3.85802,50.86834],[3.857,50.87097],[3.86007,50.87208],[3.86705,50.8726],[3.86356,50.87587],[3.85996,50.87605],[3.86147,50.88011],[3.86002,50.88206],[3.85104,50.88452],[3.84658,50.88747],[3.84517,50.88643],[3.84176,50.88862],[3.83961,50.88857],[3.83771,50.89469],[3.84371,50.89539],[3.84208,50.8989],[3.84504,50.8994],[3.84793,50.90253],[3.84452,50.90621],[3.84009,50.90684],[3.8367,50.90825],[3.83469,50.90759],[3.82893,50.91286],[3.82226,50.91088],[3.81875,50.90782],[3.81967,50.90697],[3.81675,50.90483],[3.81851,50.9034],[3.81564,50.90196],[3.81742,50.89941],[3.80653,50.89475],[3.80531,50.89799],[3.79988,50.89771],[3.7963,50.90113],[3.78466,50.90217],[3.7812,50.9086],[3.77531,50.91083],[3.77124,50.91572],[3.76614,50.91848],[3.75568,50.91382]]]}},{"type":"Feature","id":"41082","bbox":[3.892733,50.874124,4.011236,50.95598],"properties":{"nis":"41082","name":"Erpe-Mere","nameNl":"Erpe-Mere","nameFr":"Erpe-Mere","nameDe":"Erpe-Mere","province":"oost-vlaanderen","region":"flanders","areaKm2":34.28},"geometry":{"type":"Polygon","coordinates":[[[3.89273,50.91815],[3.89665,50.91591],[3.89797,50.9162],[3.89944,50.91342],[3.90523,50.91485],[3.9102,50.90841],[3.91022,50.90571],[3.91793,50.90018],[3.92052,50.89904],[3.92566,50.89929],[3.92372,50.89463],[3.92454,50.89192],[3.92174,50.89111],[3.92497,50.88596],[3.92347,50.88419],[3.91601,50.8815],[3.91643,50.87721],[3.91985,50.87863],[3.92104,50.87759],[3.92585,50.8784],[3.9266,50.87651],[3.93351,50.87412],[3.93478,50.87545],[3.93764,50.87502],[3.9391,50.87666],[3.9371,50.87921],[3.94052,50.88262],[3.9378,50.88675],[3.94211,50.88564],[3.94836,50.88834],[3.95408,50.88945],[3.95924,50.89362],[3.96421,50.89845],[3.96248,50.90235],[3.96695,50.90262],[3.97079,50.90459],[3.98055,50.90226],[3.98251,50.9041],[3.9817,50.90691],[3.9786,50.90925],[3.98189,50.90984],[3.98215,50.91237],[3.98037,50.91542],[3.98604,50.91635],[3.98245,50.91942],[3.98549,50.92173],[3.9849,50.92504],[3.98588,50.92768],[3.99157,50.92958],[3.98703,50.93313],[3.99205,50.93512],[3.99584,50.93823],[3.99665,50.93745],[4.00057,50.93935],[3.99548,50.94124],[3.99679,50.94267],[4.00611,50.94807],[4.01049,50.94879],[4.01108,50.95013],[4.00648,50.95598],[4.00152,50.95579],[3.99704,50.95382],[3.9929,50.95355],[3.99091,50.95455],[3.98669,50.95301],[3.98315,50.9556],[3.97294,50.95256],[3.96318,50.95428],[3.9592,50.95333],[3.95488,50.95463],[3.95282,50.95127],[3.94958,50.9529],[3.94462,50.95219],[3.93778,50.94986],[3.93093,50.94891],[3.93213,50.94498],[3.92947,50.9432],[3.93124,50.94088],[3.92614,50.93998],[3.91959,50.93775],[3.92335,50.93377],[3.927,50.93152],[3.93057,50.92678],[3.91978,50.92342],[3.91534,50.92297],[3.9021,50.91864],[3.89977,50.92061],[3.89273,50.91815]]]}},{"type":"Feature","id":"42003","bbox":[3.928218,51.004029,4.04205,51.073943],"properties":{"nis":"42003","name":"Berlare","nameNl":"Berlare","nameFr":"Berlare","nameDe":"Berlare","province":"oost-vlaanderen","region":"flanders","areaKm2":38.06},"geometry":{"type":"Polygon","coordinates":[[[3.97182,51.07394],[3.92822,51.07129],[3.92979,51.06808],[3.93071,51.05817],[3.9345,51.04661],[3.93623,51.03477],[3.93809,51.03426],[3.94148,51.03338],[3.94343,51.02979],[3.94103,51.0277],[3.94218,51.02513],[3.94076,51.02321],[3.93535,51.01984],[3.93304,51.01514],[3.93095,51.01332],[3.93364,51.01184],[3.93591,51.01298],[3.94133,51.00931],[3.94974,51.0062],[3.95622,51.00898],[3.95709,51.01118],[3.96082,51.01469],[3.96168,51.01992],[3.96545,51.02134],[3.96938,51.01995],[3.97481,51.02308],[3.98072,51.02355],[3.97962,51.02075],[3.98128,51.01846],[3.97729,51.01355],[3.97854,51.00856],[3.98114,51.00699],[3.98847,51.00584],[3.99266,51.00459],[3.99483,51.00567],[3.99899,51.00403],[4.01298,51.00556],[4.01977,51.00774],[4.02275,51.01052],[4.03806,51.0174],[4.04142,51.01971],[4.04205,51.02222],[4.04041,51.02785],[4.04083,51.03275],[4.03939,51.03211],[4.03413,51.03433],[4.0318,51.04075],[4.02717,51.04069],[4.02655,51.04167],[4.01257,51.0399],[4.00802,51.03897],[4.00824,51.04339],[4.01023,51.04382],[4.01319,51.05067],[4.00969,51.05606],[3.99936,51.05384],[3.99805,51.05196],[3.98981,51.05364],[3.98447,51.0532],[3.9805,51.05148],[3.97847,51.05523],[3.98056,51.05626],[3.97885,51.05757],[3.98001,51.06001],[3.97586,51.06547],[3.97388,51.06587],[3.97182,51.07394]]]}},{"type":"Feature","id":"42004","bbox":[4.154077,50.982222,4.241122,51.043322],"properties":{"nis":"42004","name":"Buggenhout","nameNl":"Buggenhout","nameFr":"Buggenhout","nameDe":"Buggenhout","province":"oost-vlaanderen","region":"flanders","areaKm2":25.54},"geometry":{"type":"Polygon","coordinates":[[[4.18998,51.03969],[4.18953,51.03459],[4.19401,51.03128],[4.16899,51.02642],[4.15909,51.02385],[4.15408,51.02165],[4.15555,51.0155],[4.15927,51.01059],[4.1585,51.01018],[4.16767,51.00298],[4.16874,51.00076],[4.16896,50.99403],[4.16293,50.98954],[4.16383,50.98897],[4.1653,50.98799],[4.17036,50.98871],[4.17524,50.98736],[4.17556,50.9862],[4.18281,50.98459],[4.18594,50.98242],[4.1907,50.98272],[4.19443,50.98375],[4.19771,50.98265],[4.20264,50.98415],[4.20867,50.9877],[4.2145,50.98887],[4.22,50.99104],[4.22432,50.9937],[4.22445,50.99524],[4.22904,50.99853],[4.23477,51.00305],[4.23473,51.00588],[4.23277,51.0079],[4.22634,51.01196],[4.22118,51.01417],[4.22894,51.01716],[4.23611,51.01797],[4.23557,51.02012],[4.23826,51.0201],[4.23942,51.02419],[4.23807,51.02647],[4.23817,51.03142],[4.24112,51.03683],[4.23939,51.041],[4.23502,51.04157],[4.23302,51.04332],[4.22886,51.03981],[4.22429,51.03855],[4.22423,51.03673],[4.21675,51.03367],[4.21349,51.03174],[4.21219,51.03351],[4.20663,51.03324],[4.19585,51.04012],[4.19298,51.0403],[4.19298,51.0403],[4.18998,51.03969]]]}},{"type":"Feature","id":"42006","bbox":[3.996659,50.985118,4.194008,51.072431],"properties":{"nis":"42006","name":"Dendermonde","nameNl":"Dendermonde","nameFr":"Termonde","nameDe":"Dendermonde","province":"oost-vlaanderen","region":"flanders","areaKm2":56.27},"geometry":{"type":"Polygon","coordinates":[[[4.15408,51.02165],[4.15909,51.02385],[4.16899,51.02642],[4.19401,51.03128],[4.18953,51.03459],[4.18634,51.03224],[4.17776,51.03232],[4.17411,51.03321],[4.16495,51.03995],[4.15727,51.05017],[4.15244,51.0501],[4.15066,51.05219],[4.15602,51.05349],[4.1572,51.05531],[4.1533,51.05775],[4.14407,51.05644],[4.1304,51.05938],[4.13063,51.06277],[4.12517,51.06568],[4.11839,51.06487],[4.11364,51.06768],[4.10857,51.06508],[4.10634,51.07243],[4.0995,51.06955],[4.09804,51.07056],[4.0943,51.06691],[4.09252,51.06639],[4.0898,51.06538],[4.0899,51.06222],[4.08426,51.06007],[4.0828,51.06167],[4.07763,51.05979],[4.08026,51.05724],[4.07276,51.05426],[4.0786,51.05069],[4.0785,51.04941],[4.07347,51.05043],[4.06842,51.04871],[4.06454,51.04976],[4.05599,51.04789],[4.04961,51.04408],[4.04636,51.04129],[4.04441,51.0375],[4.04096,51.03562],[4.04083,51.03275],[4.04041,51.02785],[4.04205,51.02222],[4.04142,51.01971],[4.03806,51.0174],[4.02275,51.01052],[4.01977,51.00774],[4.01298,51.00556],[3.99899,51.00403],[3.99704,51.00215],[3.99666,50.99605],[3.99879,50.9913],[4.00381,50.98803],[4.00634,50.98512],[4.01537,50.98717],[4.02009,50.98812],[4.02743,50.98738],[4.0312,50.98795],[4.0387,50.99261],[4.0439,50.99413],[4.05031,50.99271],[4.05363,50.99483],[4.0573,50.99054],[4.06137,50.98908],[4.06272,50.9876],[4.06785,50.9877],[4.0668,50.98971],[4.0722,50.98961],[4.07986,51.00091],[4.07663,51.00526],[4.07191,51.00852],[4.07131,51.01164],[4.07248,51.01458],[4.07819,51.01628],[4.08388,51.01639],[4.08584,51.01544],[4.08909,51.01106],[4.09254,51.00946],[4.09883,51.01054],[4.09779,51.00908],[4.09973,51.00766],[4.10493,51.00603],[4.10582,51.00686],[4.11035,51.00654],[4.11282,51.00837],[4.11933,51.0094],[4.12344,51.01083],[4.13109,51.0103],[4.13354,51.00879],[4.14223,51.01379],[4.14743,51.01884],[4.15072,51.02097],[4.15408,51.02165]]]}},{"type":"Feature","id":"42008","bbox":[4.059619,51.032241,4.19918,51.111478],"properties":{"nis":"42008","name":"Hamme","nameNl":"Hamme","nameFr":"Hamme","nameDe":"Hamme","province":"oost-vlaanderen","region":"flanders","areaKm2":40.55},"geometry":{"type":"Polygon","coordinates":[[[4.18998,51.03969],[4.18726,51.04456],[4.18811,51.04767],[4.19402,51.05092],[4.19912,51.05574],[4.19791,51.05818],[4.18909,51.05929],[4.18632,51.06155],[4.18653,51.06461],[4.18902,51.07489],[4.1885,51.08077],[4.18616,51.08434],[4.18195,51.08635],[4.17679,51.08746],[4.17407,51.08894],[4.17246,51.09151],[4.17281,51.09507],[4.17596,51.10141],[4.17347,51.10363],[4.17469,51.10702],[4.17331,51.10959],[4.16898,51.10973],[4.16475,51.11117],[4.16104,51.1111],[4.15796,51.10824],[4.15372,51.10895],[4.14694,51.10787],[4.14168,51.10525],[4.13836,51.10403],[4.13271,51.10563],[4.1316,51.10424],[4.13252,51.10106],[4.13071,51.09977],[4.12607,51.10057],[4.12145,51.10553],[4.11896,51.10504],[4.11986,51.10143],[4.11256,51.1],[4.11565,51.10248],[4.11278,51.10358],[4.10839,51.10106],[4.1073,51.10155],[4.09955,51.09898],[4.09513,51.10272],[4.09344,51.0996],[4.09376,51.09745],[4.0902,51.09521],[4.08795,51.09531],[4.08603,51.09154],[4.08358,51.09093],[4.07981,51.09546],[4.08214,51.10268],[4.07631,51.10443],[4.07537,51.10099],[4.07144,51.10303],[4.07201,51.10485],[4.06777,51.10766],[4.06292,51.10561],[4.06417,51.10378],[4.05962,51.10236],[4.06146,51.09938],[4.061,51.09716],[4.06311,51.08965],[4.06506,51.08559],[4.07427,51.08828],[4.07755,51.08612],[4.07974,51.0817],[4.08361,51.08023],[4.08481,51.07646],[4.08141,51.07658],[4.0823,51.07381],[4.08719,51.07308],[4.0875,51.07105],[4.09252,51.06639],[4.0943,51.06691],[4.09804,51.07056],[4.0995,51.06955],[4.10634,51.07243],[4.10857,51.06508],[4.11364,51.06768],[4.11839,51.06487],[4.12517,51.06568],[4.13063,51.06277],[4.1304,51.05938],[4.14407,51.05644],[4.1533,51.05775],[4.1572,51.05531],[4.15602,51.05349],[4.15066,51.05219],[4.15244,51.0501],[4.15727,51.05017],[4.16495,51.03995],[4.17411,51.03321],[4.17776,51.03232],[4.18634,51.03224],[4.18953,51.03459],[4.18998,51.03969]]]}},{"type":"Feature","id":"42010","bbox":[3.823079,51.017287,3.93826,51.07601],"properties":{"nis":"42010","name":"Laarne","nameNl":"Laarne","nameFr":"Laarne","nameDe":"Laarne","province":"oost-vlaanderen","region":"flanders","areaKm2":32.49},"geometry":{"type":"Polygon","coordinates":[[[3.92328,51.07601],[3.91824,51.07341],[3.91148,51.07197],[3.90307,51.06842],[3.90221,51.06419],[3.89767,51.06495],[3.89724,51.06301],[3.89299,51.06375],[3.8892,51.06293],[3.88981,51.06145],[3.88597,51.05967],[3.88167,51.06405],[3.87601,51.06303],[3.8712,51.06078],[3.86649,51.05968],[3.85846,51.05044],[3.85492,51.0516],[3.84698,51.05668],[3.84296,51.05761],[3.83561,51.05313],[3.83246,51.05234],[3.83245,51.05091],[3.82873,51.0478],[3.82426,51.04611],[3.82358,51.04408],[3.83222,51.04452],[3.83717,51.04169],[3.83404,51.03766],[3.82955,51.03711],[3.82733,51.03315],[3.82471,51.01939],[3.82775,51.01911],[3.82821,51.01729],[3.84613,51.01822],[3.84677,51.01998],[3.85071,51.02054],[3.86094,51.02024],[3.86671,51.02086],[3.86851,51.02246],[3.87621,51.02317],[3.87928,51.02109],[3.87966,51.0248],[3.88129,51.02834],[3.8882,51.0252],[3.8918,51.02471],[3.89529,51.02167],[3.8985,51.02145],[3.90571,51.02294],[3.90968,51.02303],[3.91447,51.02147],[3.91775,51.02253],[3.92391,51.02521],[3.92317,51.02713],[3.93007,51.02883],[3.93389,51.02893],[3.93517,51.03175],[3.93809,51.03426],[3.93623,51.03477],[3.9345,51.04661],[3.93071,51.05817],[3.92979,51.06808],[3.92822,51.07129],[3.92328,51.07601]]]}},{"type":"Feature","id":"42011","bbox":[4.071119,50.967026,4.168959,51.021653],"properties":{"nis":"42011","name":"Lebbeke","nameNl":"Lebbeke","nameFr":"Lebbeke","nameDe":"Lebbeke","province":"oost-vlaanderen","region":"flanders","areaKm2":27.21},"geometry":{"type":"Polygon","coordinates":[[[4.0722,50.98961],[4.07385,50.98928],[4.07282,50.98542],[4.07438,50.98484],[4.07394,50.98079],[4.07581,50.97923],[4.07819,50.97489],[4.07917,50.97522],[4.08278,50.97158],[4.08117,50.97137],[4.08461,50.96789],[4.0882,50.97049],[4.0938,50.97085],[4.10517,50.97409],[4.11306,50.97074],[4.11598,50.97131],[4.12153,50.96703],[4.1244,50.97048],[4.12498,50.9727],[4.12841,50.97045],[4.13214,50.97269],[4.13418,50.97115],[4.13681,50.9718],[4.13795,50.9704],[4.14067,50.97126],[4.1475,50.96951],[4.14968,50.97495],[4.15198,50.97388],[4.15716,50.97805],[4.15548,50.98275],[4.15606,50.98595],[4.16006,50.98912],[4.16383,50.98897],[4.16293,50.98954],[4.16896,50.99403],[4.16874,51.00076],[4.16767,51.00298],[4.1585,51.01018],[4.15927,51.01059],[4.15555,51.0155],[4.15408,51.02165],[4.15072,51.02097],[4.14743,51.01884],[4.14223,51.01379],[4.13354,51.00879],[4.13109,51.0103],[4.12344,51.01083],[4.11933,51.0094],[4.11282,51.00837],[4.11035,51.00654],[4.10582,51.00686],[4.10493,51.00603],[4.09973,51.00766],[4.09779,51.00908],[4.09883,51.01054],[4.09254,51.00946],[4.08909,51.01106],[4.08584,51.01544],[4.08388,51.01639],[4.07819,51.01628],[4.07248,51.01458],[4.07131,51.01164],[4.07191,51.00852],[4.07663,51.00526],[4.07986,51.00091],[4.0722,50.98961]]]}},{"type":"Feature","id":"42023","bbox":[4.01227,51.090936,4.141677,51.146286],"properties":{"nis":"42023","name":"Waasmunster","nameNl":"Waasmunster","nameFr":"Waasmunster","nameDe":"Waasmunster","province":"oost-vlaanderen","region":"flanders","areaKm2":32.13},"geometry":{"type":"Polygon","coordinates":[[[4.03405,51.09489],[4.04482,51.09498],[4.04474,51.09696],[4.05014,51.09875],[4.05026,51.10048],[4.05322,51.10174],[4.05779,51.10154],[4.05962,51.10236],[4.06417,51.10378],[4.06292,51.10561],[4.06777,51.10766],[4.07201,51.10485],[4.07144,51.10303],[4.07537,51.10099],[4.07631,51.10443],[4.08214,51.10268],[4.07981,51.09546],[4.08358,51.09093],[4.08603,51.09154],[4.08795,51.09531],[4.0902,51.09521],[4.09376,51.09745],[4.09344,51.0996],[4.09513,51.10272],[4.09955,51.09898],[4.1073,51.10155],[4.10839,51.10106],[4.11278,51.10358],[4.11565,51.10248],[4.11256,51.1],[4.11986,51.10143],[4.11896,51.10504],[4.12145,51.10553],[4.12607,51.10057],[4.13071,51.09977],[4.13252,51.10106],[4.1316,51.10424],[4.13271,51.10563],[4.13836,51.10403],[4.14168,51.10525],[4.14139,51.10729],[4.13607,51.10802],[4.13018,51.10782],[4.13146,51.11378],[4.13516,51.11887],[4.13246,51.12094],[4.12822,51.12787],[4.1317,51.12959],[4.13074,51.13284],[4.12817,51.13665],[4.1204,51.14154],[4.11893,51.14629],[4.11678,51.14175],[4.11454,51.14055],[4.10836,51.14003],[4.10853,51.13706],[4.10502,51.13724],[4.10205,51.13157],[4.09653,51.13052],[4.08636,51.12996],[4.0797,51.13024],[4.07762,51.13352],[4.06978,51.13853],[4.06749,51.14312],[4.06227,51.14307],[4.05444,51.13975],[4.04857,51.13581],[4.04159,51.13726],[4.03923,51.13693],[4.03809,51.13858],[4.0226,51.13853],[4.01227,51.13416],[4.01727,51.12631],[4.0211,51.12144],[4.02577,51.11187],[4.02598,51.1047],[4.02223,51.1025],[4.01949,51.09969],[4.02204,51.09736],[4.02583,51.09656],[4.02902,51.09859],[4.03405,51.09489]]]}},{"type":"Feature","id":"42025","bbox":[3.820681,50.951214,3.923201,51.028343],"properties":{"nis":"42025","name":"Wetteren","nameNl":"Wetteren","nameFr":"Wetteren","nameDe":"Wetteren","province":"oost-vlaanderen","region":"flanders","areaKm2":36.89},"geometry":{"type":"Polygon","coordinates":[[[3.82471,51.01939],[3.82329,51.01526],[3.82068,51.01263],[3.82322,51.01175],[3.82284,51.00899],[3.82363,51.00337],[3.83346,51.00406],[3.83296,51.00168],[3.82934,51.00029],[3.82991,50.99738],[3.8331,50.99609],[3.83389,50.99311],[3.82967,50.9937],[3.82879,50.99054],[3.83623,50.98493],[3.8334,50.98321],[3.8246,50.98056],[3.82703,50.97839],[3.82739,50.97485],[3.82977,50.97344],[3.82822,50.97104],[3.83021,50.969],[3.83416,50.97213],[3.83893,50.96818],[3.84147,50.96909],[3.84362,50.96751],[3.84259,50.96538],[3.84687,50.96328],[3.85022,50.96405],[3.85113,50.96186],[3.84681,50.95664],[3.84769,50.9528],[3.85194,50.95273],[3.85252,50.95483],[3.85592,50.95252],[3.85886,50.95332],[3.85907,50.95121],[3.86291,50.95294],[3.86695,50.95295],[3.86802,50.95426],[3.86754,50.95604],[3.87048,50.95947],[3.87065,50.96183],[3.86861,50.96396],[3.87493,50.96493],[3.87891,50.96806],[3.87931,50.97108],[3.8825,50.97072],[3.89213,50.97338],[3.89551,50.97823],[3.89799,50.97764],[3.90224,50.98063],[3.90667,50.98072],[3.90848,50.97899],[3.9108,50.9794],[3.9125,50.98354],[3.91301,50.98569],[3.91632,50.99044],[3.91502,50.99464],[3.91139,50.99564],[3.91731,50.99878],[3.91826,51.00155],[3.91686,51.0051],[3.9176,51.00795],[3.91591,51.00835],[3.91751,51.01159],[3.92131,51.01233],[3.9232,51.01666],[3.9177,51.01739],[3.91611,51.01906],[3.91933,51.02064],[3.91775,51.02253],[3.91447,51.02147],[3.90968,51.02303],[3.90571,51.02294],[3.8985,51.02145],[3.89529,51.02167],[3.8918,51.02471],[3.8882,51.0252],[3.88129,51.02834],[3.87966,51.0248],[3.87928,51.02109],[3.87621,51.02317],[3.86851,51.02246],[3.86671,51.02086],[3.86094,51.02024],[3.85071,51.02054],[3.84677,51.01998],[3.84613,51.01822],[3.82821,51.01729],[3.82775,51.01911],[3.82471,51.01939]]]}},{"type":"Feature","id":"42026","bbox":[3.911386,50.971312,4.006342,51.034259],"properties":{"nis":"42026","name":"Wichelen","nameNl":"Wichelen","nameFr":"Wichelen","nameDe":"Wichelen","province":"oost-vlaanderen","region":"flanders","areaKm2":23.14},"geometry":{"type":"Polygon","coordinates":[[[3.91775,51.02253],[3.91933,51.02064],[3.91611,51.01906],[3.9177,51.01739],[3.9232,51.01666],[3.92131,51.01233],[3.91751,51.01159],[3.91591,51.00835],[3.9176,51.00795],[3.91686,51.0051],[3.91826,51.00155],[3.91731,50.99878],[3.91139,50.99564],[3.91502,50.99464],[3.91632,50.99044],[3.91301,50.98569],[3.9125,50.98354],[3.91823,50.97988],[3.92341,50.97855],[3.928,50.97939],[3.93001,50.97752],[3.93602,50.97661],[3.94091,50.97771],[3.94325,50.9769],[3.94817,50.97313],[3.94841,50.97133],[3.95301,50.9746],[3.95017,50.97708],[3.95165,50.97858],[3.95059,50.98263],[3.9539,50.98259],[3.95369,50.98399],[3.95828,50.98368],[3.95763,50.98116],[3.96261,50.98231],[3.98052,50.9812],[3.98494,50.98027],[3.99096,50.98179],[3.99266,50.98113],[4.00084,50.98393],[4.00634,50.98512],[4.00381,50.98803],[3.99879,50.9913],[3.99666,50.99605],[3.99704,51.00215],[3.99899,51.00403],[3.99483,51.00567],[3.99266,51.00459],[3.98847,51.00584],[3.98114,51.00699],[3.97854,51.00856],[3.97729,51.01355],[3.98128,51.01846],[3.97962,51.02075],[3.98072,51.02355],[3.97481,51.02308],[3.96938,51.01995],[3.96545,51.02134],[3.96168,51.01992],[3.96082,51.01469],[3.95709,51.01118],[3.95622,51.00898],[3.94974,51.0062],[3.94133,51.00931],[3.93591,51.01298],[3.93364,51.01184],[3.93095,51.01332],[3.93304,51.01514],[3.93535,51.01984],[3.94076,51.02321],[3.94218,51.02513],[3.94103,51.0277],[3.94343,51.02979],[3.94148,51.03338],[3.93809,51.03426],[3.93517,51.03175],[3.93389,51.02893],[3.93007,51.02883],[3.92317,51.02713],[3.92391,51.02521],[3.91775,51.02253]]]}},{"type":"Feature","id":"42028","bbox":[3.97182,51.032115,4.092524,51.102362],"properties":{"nis":"42028","name":"Zele","nameNl":"Zele","nameFr":"Zele","nameDe":"Zele","province":"oost-vlaanderen","region":"flanders","areaKm2":33.09},"geometry":{"type":"Polygon","coordinates":[[[4.03405,51.09489],[4.01528,51.08382],[4.00424,51.07885],[3.99507,51.07631],[3.98823,51.07515],[3.97182,51.07394],[3.97388,51.06587],[3.97586,51.06547],[3.98001,51.06001],[3.97885,51.05757],[3.98056,51.05626],[3.97847,51.05523],[3.9805,51.05148],[3.98447,51.0532],[3.98981,51.05364],[3.99805,51.05196],[3.99936,51.05384],[4.00969,51.05606],[4.01319,51.05067],[4.01023,51.04382],[4.00824,51.04339],[4.00802,51.03897],[4.01257,51.0399],[4.02655,51.04167],[4.02717,51.04069],[4.0318,51.04075],[4.03413,51.03433],[4.03939,51.03211],[4.04083,51.03275],[4.04096,51.03562],[4.04441,51.0375],[4.04636,51.04129],[4.04961,51.04408],[4.05599,51.04789],[4.06454,51.04976],[4.06842,51.04871],[4.07347,51.05043],[4.0785,51.04941],[4.0786,51.05069],[4.07276,51.05426],[4.08026,51.05724],[4.07763,51.05979],[4.0828,51.06167],[4.08426,51.06007],[4.0899,51.06222],[4.0898,51.06538],[4.09252,51.06639],[4.0875,51.07105],[4.08719,51.07308],[4.0823,51.07381],[4.08141,51.07658],[4.08481,51.07646],[4.08361,51.08023],[4.07974,51.0817],[4.07755,51.08612],[4.07427,51.08828],[4.06506,51.08559],[4.06311,51.08965],[4.061,51.09716],[4.06146,51.09938],[4.05962,51.10236],[4.05779,51.10154],[4.05322,51.10174],[4.05026,51.10048],[4.05014,51.09875],[4.04474,51.09696],[4.04482,51.09498],[4.03405,51.09489]]]}},{"type":"Feature","id":"43002","bbox":[3.612527,51.167763,3.795473,51.280831],"properties":{"nis":"43002","name":"Assenede","nameNl":"Assenede","nameFr":"Assenede","nameDe":"Assenede","province":"oost-vlaanderen","region":"flanders","areaKm2":87.2},"geometry":{"type":"Polygon","coordinates":[[[3.68699,51.28083],[3.68266,51.26879],[3.68495,51.26222],[3.68187,51.25862],[3.66256,51.25457],[3.65473,51.25476],[3.65465,51.25555],[3.6491,51.25566],[3.63595,51.254],[3.62968,51.25259],[3.62996,51.25167],[3.62009,51.24947],[3.61256,51.24902],[3.61377,51.24453],[3.61702,51.24657],[3.62627,51.24679],[3.62895,51.24735],[3.63231,51.24113],[3.63438,51.23093],[3.64185,51.23365],[3.64446,51.23546],[3.64441,51.23046],[3.6558,51.23162],[3.65693,51.22816],[3.65342,51.22757],[3.65379,51.22599],[3.65811,51.22038],[3.66134,51.20715],[3.66417,51.20523],[3.66243,51.20288],[3.66422,51.20212],[3.66415,51.19318],[3.6621,51.19213],[3.6602,51.1873],[3.66215,51.1814],[3.66336,51.17413],[3.66508,51.1681],[3.67195,51.16776],[3.68249,51.16871],[3.69245,51.16781],[3.68942,51.18093],[3.69225,51.18564],[3.70719,51.1813],[3.72225,51.17643],[3.72404,51.17545],[3.72995,51.17873],[3.72905,51.18559],[3.73075,51.19262],[3.73032,51.19524],[3.72825,51.19767],[3.73123,51.19871],[3.73279,51.19552],[3.73539,51.19571],[3.74093,51.19254],[3.74765,51.19284],[3.74829,51.19152],[3.75508,51.19019],[3.76465,51.19134],[3.76954,51.19235],[3.76588,51.19619],[3.77016,51.19893],[3.77507,51.19911],[3.7773,51.20161],[3.78052,51.2096],[3.78338,51.2131],[3.78529,51.2116],[3.79089,51.21426],[3.78958,51.21597],[3.78965,51.22013],[3.78846,51.22651],[3.78946,51.2458],[3.79547,51.25605],[3.78543,51.2585],[3.77808,51.2625],[3.77373,51.26397],[3.77306,51.262],[3.76921,51.25989],[3.76249,51.26179],[3.75574,51.26934],[3.75244,51.27026],[3.75174,51.26916],[3.73084,51.27238],[3.72313,51.27334],[3.71891,51.27154],[3.70961,51.2726],[3.69372,51.27608],[3.68993,51.28061],[3.68699,51.28083]]]}},{"type":"Feature","id":"43005","bbox":[3.508273,51.162312,3.609127,51.218833],"properties":{"nis":"43005","name":"Eeklo","nameNl":"Eeklo","nameFr":"Eeklo","nameDe":"Eeklo","province":"oost-vlaanderen","region":"flanders","areaKm2":30.3},"geometry":{"type":"Polygon","coordinates":[[[3.57542,51.21831],[3.56949,51.21821],[3.52765,51.21851],[3.51653,51.21883],[3.50827,51.21552],[3.51484,51.20974],[3.51588,51.20283],[3.51758,51.20081],[3.5248,51.19552],[3.52662,51.19274],[3.52688,51.18629],[3.53891,51.17204],[3.545,51.16231],[3.5615,51.16657],[3.56282,51.16985],[3.56996,51.17013],[3.5738,51.16669],[3.57533,51.16679],[3.58476,51.17017],[3.5839,51.17245],[3.59318,51.1727],[3.59383,51.17538],[3.60855,51.17266],[3.60913,51.18604],[3.60469,51.19562],[3.60597,51.19621],[3.59594,51.20193],[3.59614,51.20366],[3.6061,51.20351],[3.60252,51.20692],[3.60233,51.20963],[3.59955,51.21335],[3.59467,51.21384],[3.59375,51.21604],[3.59069,51.21566],[3.58893,51.21799],[3.57649,51.21465],[3.57542,51.21831]]]}},{"type":"Feature","id":"43007","bbox":[3.574743,51.1681,3.66508,51.249401],"properties":{"nis":"43007","name":"Kaprijke","nameNl":"Kaprijke","nameFr":"Kaprijke","nameDe":"Kaprijke","province":"oost-vlaanderen","region":"flanders","areaKm2":33.51},"geometry":{"type":"Polygon","coordinates":[[[3.61256,51.24902],[3.60449,51.24715],[3.59788,51.24228],[3.59187,51.23631],[3.59018,51.23191],[3.57542,51.21831],[3.57649,51.21465],[3.58893,51.21799],[3.59069,51.21566],[3.59375,51.21604],[3.59467,51.21384],[3.59955,51.21335],[3.60233,51.20963],[3.60252,51.20692],[3.6061,51.20351],[3.59614,51.20366],[3.59594,51.20193],[3.60597,51.19621],[3.60469,51.19562],[3.60913,51.18604],[3.60855,51.17266],[3.61401,51.17219],[3.62723,51.17296],[3.63771,51.17268],[3.64578,51.1699],[3.65371,51.16874],[3.66508,51.1681],[3.66336,51.17413],[3.66215,51.1814],[3.6602,51.1873],[3.6621,51.19213],[3.66415,51.19318],[3.66422,51.20212],[3.66243,51.20288],[3.66417,51.20523],[3.66134,51.20715],[3.65811,51.22038],[3.65379,51.22599],[3.65342,51.22757],[3.65693,51.22816],[3.6558,51.23162],[3.64441,51.23046],[3.64446,51.23546],[3.64185,51.23365],[3.63438,51.23093],[3.63231,51.24113],[3.62895,51.24735],[3.62627,51.24679],[3.61702,51.24657],[3.61377,51.24453],[3.61256,51.24902]]]}},{"type":"Feature","id":"43010","bbox":[3.360226,51.146854,3.545003,51.274455],"properties":{"nis":"43010","name":"Maldegem","nameNl":"Maldegem","nameFr":"Maldegem","nameDe":"Maldegem","province":"oost-vlaanderen","region":"flanders","areaKm2":95.3},"geometry":{"type":"Polygon","coordinates":[[[3.47575,51.24274],[3.46028,51.2419],[3.44848,51.24156],[3.43232,51.24561],[3.42748,51.24466],[3.42548,51.2495],[3.42477,51.2541],[3.42156,51.25664],[3.41777,51.25804],[3.41684,51.26001],[3.41118,51.25683],[3.40772,51.25685],[3.40253,51.26284],[3.39673,51.2641],[3.39463,51.26534],[3.38704,51.2737],[3.38118,51.27446],[3.37997,51.27268],[3.38235,51.27043],[3.38448,51.27032],[3.3834,51.26685],[3.38655,51.26263],[3.3877,51.263],[3.39352,51.25296],[3.39509,51.25209],[3.39833,51.24323],[3.39929,51.23727],[3.38516,51.23269],[3.38126,51.23187],[3.36849,51.22812],[3.36686,51.22723],[3.37026,51.22385],[3.37055,51.22081],[3.37686,51.2213],[3.37756,51.21749],[3.37928,51.21736],[3.38037,51.21441],[3.37867,51.21427],[3.38301,51.20818],[3.38306,51.20378],[3.38552,51.20332],[3.38233,51.19979],[3.37766,51.19694],[3.3743,51.19751],[3.36479,51.1966],[3.36623,51.19342],[3.36022,51.19186],[3.36532,51.18684],[3.37441,51.19054],[3.38323,51.18767],[3.38654,51.18736],[3.38759,51.1812],[3.39598,51.17283],[3.40053,51.16673],[3.40667,51.15969],[3.40865,51.16108],[3.41096,51.1599],[3.41485,51.15978],[3.42954,51.1549],[3.4406,51.1517],[3.44922,51.14983],[3.45094,51.15395],[3.46568,51.15153],[3.47806,51.15143],[3.48935,51.15179],[3.49056,51.1528],[3.49401,51.15079],[3.50655,51.14784],[3.51583,51.1469],[3.51747,51.14915],[3.52103,51.15047],[3.53011,51.1599],[3.53444,51.16214],[3.545,51.16231],[3.53891,51.17204],[3.52688,51.18629],[3.52662,51.19274],[3.5248,51.19552],[3.51758,51.20081],[3.51588,51.20283],[3.51484,51.20974],[3.50827,51.21552],[3.50575,51.21712],[3.48549,51.2273],[3.48224,51.22824],[3.48456,51.23098],[3.48302,51.23118],[3.48505,51.234],[3.47958,51.23409],[3.48423,51.24065],[3.47582,51.2408],[3.47575,51.24274]]]}},{"type":"Feature","id":"43014","bbox":[3.475735,51.215518,3.686996,51.305947],"properties":{"nis":"43014","name":"Sint-Laureins","nameNl":"Sint-Laureins","nameFr":"Saint-Laurent","nameDe":"Sint-Laureins","province":"oost-vlaanderen","region":"flanders","areaKm2":74.25},"geometry":{"type":"Polygon","coordinates":[[[3.47575,51.24274],[3.47582,51.2408],[3.48423,51.24065],[3.47958,51.23409],[3.48505,51.234],[3.48302,51.23118],[3.48456,51.23098],[3.48224,51.22824],[3.48549,51.2273],[3.50575,51.21712],[3.50827,51.21552],[3.51653,51.21883],[3.52765,51.21851],[3.56949,51.21821],[3.57542,51.21831],[3.59018,51.23191],[3.59187,51.23631],[3.59788,51.24228],[3.60449,51.24715],[3.61256,51.24902],[3.62009,51.24947],[3.62996,51.25167],[3.62968,51.25259],[3.63595,51.254],[3.6491,51.25566],[3.65465,51.25555],[3.65473,51.25476],[3.66256,51.25457],[3.68187,51.25862],[3.68495,51.26222],[3.68266,51.26879],[3.68699,51.28083],[3.67791,51.28053],[3.67676,51.28307],[3.6581,51.29019],[3.64438,51.29011],[3.64317,51.28866],[3.64009,51.28833],[3.62571,51.29334],[3.62147,51.29275],[3.61857,51.29591],[3.61266,51.29794],[3.59082,51.30442],[3.59001,51.30595],[3.58583,51.30167],[3.5811,51.29834],[3.58793,51.29296],[3.58344,51.29228],[3.58387,51.28891],[3.58181,51.28691],[3.57975,51.28886],[3.57617,51.2882],[3.57153,51.29103],[3.57191,51.29198],[3.56654,51.29377],[3.56271,51.29586],[3.55976,51.29546],[3.5581,51.29127],[3.55359,51.28958],[3.54978,51.29111],[3.54343,51.2912],[3.54232,51.28801],[3.53797,51.28365],[3.53376,51.28347],[3.52924,51.28868],[3.51542,51.28716],[3.52315,51.26292],[3.52804,51.24635],[3.5276,51.24604],[3.47575,51.24274]]]}},{"type":"Feature","id":"43018","bbox":[3.764647,51.181991,3.856279,51.214261],"properties":{"nis":"43018","name":"Zelzate","nameNl":"Zelzate","nameFr":"Zelzate","nameDe":"Zelzate","province":"oost-vlaanderen","region":"flanders","areaKm2":13.72},"geometry":{"type":"Polygon","coordinates":[[[3.79089,51.21426],[3.78529,51.2116],[3.78338,51.2131],[3.78052,51.2096],[3.7773,51.20161],[3.77507,51.19911],[3.77016,51.19893],[3.76588,51.19619],[3.76954,51.19235],[3.76465,51.19134],[3.76805,51.19136],[3.76858,51.18978],[3.77201,51.18979],[3.77208,51.18813],[3.77812,51.18709],[3.77805,51.18603],[3.78257,51.18738],[3.78501,51.18572],[3.79106,51.18694],[3.79284,51.18637],[3.79932,51.19117],[3.7987,51.18889],[3.80367,51.18582],[3.80361,51.1825],[3.82795,51.18632],[3.83566,51.18262],[3.83679,51.18381],[3.8323,51.19163],[3.84006,51.19965],[3.847,51.20468],[3.85203,51.20766],[3.85611,51.21106],[3.85241,51.21322],[3.84965,51.21173],[3.84582,51.21297],[3.84223,51.21213],[3.83632,51.21377],[3.83426,51.21203],[3.82693,51.20936],[3.82116,51.20921],[3.81058,51.21277],[3.80405,51.2132],[3.80499,51.21012],[3.79929,51.21086],[3.79746,51.21276],[3.79089,51.21426]]]}},{"type":"Feature","id":"44013","bbox":[3.756091,50.993083,3.844487,51.082463],"properties":{"nis":"44013","name":"Destelbergen","nameNl":"Destelbergen","nameFr":"Destelbergen","nameDe":"Destelbergen","province":"oost-vlaanderen","region":"flanders","areaKm2":26.62},"geometry":{"type":"Polygon","coordinates":[[[3.82471,51.01939],[3.82733,51.03315],[3.82955,51.03711],[3.83404,51.03766],[3.83717,51.04169],[3.83222,51.04452],[3.82358,51.04408],[3.82426,51.04611],[3.82873,51.0478],[3.83245,51.05091],[3.83246,51.05234],[3.83561,51.05313],[3.84296,51.05761],[3.83995,51.05775],[3.83454,51.05962],[3.83557,51.06052],[3.84449,51.06353],[3.84208,51.06775],[3.84052,51.06722],[3.83851,51.06954],[3.84036,51.07032],[3.84383,51.0753],[3.8418,51.08246],[3.8294,51.0811],[3.81796,51.07812],[3.81088,51.07427],[3.80355,51.07091],[3.79342,51.06788],[3.78253,51.06586],[3.77994,51.06304],[3.77761,51.06317],[3.77009,51.06135],[3.7658,51.06253],[3.75929,51.05731],[3.76155,51.05466],[3.75609,51.05185],[3.7625,51.05085],[3.7662,51.05145],[3.7668,51.04978],[3.7771,51.04983],[3.7874,51.04751],[3.79186,51.04444],[3.79313,51.03901],[3.78973,51.03479],[3.78887,51.0309],[3.78715,51.02711],[3.78875,51.02441],[3.7879,51.02138],[3.79108,51.01812],[3.7942,51.01247],[3.79769,51.009],[3.80438,51.00531],[3.80781,51.0027],[3.81815,50.99928],[3.82234,50.99688],[3.82967,50.9937],[3.83389,50.99311],[3.8331,50.99609],[3.82991,50.99738],[3.82934,51.00029],[3.83296,51.00168],[3.83346,51.00406],[3.82363,51.00337],[3.82284,51.00899],[3.82322,51.01175],[3.82068,51.01263],[3.82329,51.01526],[3.82471,51.01939]]]}},{"type":"Feature","id":"44019","bbox":[3.632369,51.087145,3.79932,51.198705],"properties":{"nis":"44019","name":"Evergem","nameNl":"Evergem","nameFr":"Evergem","nameDe":"Evergem","province":"oost-vlaanderen","region":"flanders","areaKm2":75.07},"geometry":{"type":"Polygon","coordinates":[[[3.66508,51.1681],[3.65371,51.16874],[3.64578,51.1699],[3.64113,51.16653],[3.64605,51.16295],[3.63993,51.16174],[3.63272,51.15899],[3.63237,51.15734],[3.64137,51.15564],[3.64603,51.1483],[3.64778,51.13964],[3.64644,51.13074],[3.6471,51.12635],[3.64616,51.12058],[3.64858,51.11624],[3.64719,51.11283],[3.64808,51.10818],[3.64759,51.10121],[3.649,51.09457],[3.65269,51.08978],[3.6592,51.0872],[3.68214,51.09241],[3.69271,51.09558],[3.70751,51.10292],[3.71292,51.1047],[3.72032,51.10486],[3.7259,51.1094],[3.73378,51.11069],[3.74281,51.11478],[3.75326,51.12134],[3.76815,51.13368],[3.77699,51.14744],[3.7639,51.14554],[3.76223,51.146],[3.75724,51.14445],[3.75652,51.14646],[3.76045,51.15193],[3.75916,51.15369],[3.761,51.15446],[3.76255,51.16043],[3.76407,51.16023],[3.76361,51.16486],[3.77298,51.16824],[3.7795,51.16814],[3.7906,51.17199],[3.7908,51.1753],[3.79268,51.17676],[3.79007,51.18036],[3.79242,51.18186],[3.7987,51.18889],[3.79932,51.19117],[3.79284,51.18637],[3.79106,51.18694],[3.78501,51.18572],[3.78257,51.18738],[3.77805,51.18603],[3.77812,51.18709],[3.77208,51.18813],[3.77201,51.18979],[3.76858,51.18978],[3.76805,51.19136],[3.76465,51.19134],[3.75508,51.19019],[3.74829,51.19152],[3.74765,51.19284],[3.74093,51.19254],[3.73539,51.19571],[3.73279,51.19552],[3.73123,51.19871],[3.72825,51.19767],[3.73032,51.19524],[3.73075,51.19262],[3.72905,51.18559],[3.72995,51.17873],[3.72404,51.17545],[3.72225,51.17643],[3.70719,51.1813],[3.69225,51.18564],[3.68942,51.18093],[3.69245,51.16781],[3.68249,51.16871],[3.67195,51.16776],[3.66508,51.1681]]]}},{"type":"Feature","id":"44020","bbox":[3.623981,50.902372,3.755676,50.956277],"properties":{"nis":"44020","name":"Gavere","nameNl":"Gavere","nameFr":"Gavere","nameDe":"Gavere","province":"oost-vlaanderen","region":"flanders","areaKm2":31.45},"geometry":{"type":"Polygon","coordinates":[[[3.68366,50.9561],[3.67547,50.95374],[3.66983,50.95402],[3.66393,50.95591],[3.65929,50.95627],[3.65369,50.95516],[3.65041,50.95353],[3.64822,50.95105],[3.64781,50.94783],[3.64939,50.94337],[3.64992,50.93897],[3.65132,50.93624],[3.64857,50.93584],[3.64735,50.93859],[3.63708,50.9373],[3.63227,50.93907],[3.62925,50.93431],[3.62656,50.9284],[3.63231,50.92488],[3.6315,50.92357],[3.62629,50.92424],[3.62398,50.92012],[3.64182,50.91618],[3.64151,50.91184],[3.64512,50.90912],[3.65003,50.90801],[3.6517,50.90891],[3.66125,50.90934],[3.66202,50.91046],[3.67309,50.9145],[3.67966,50.91283],[3.6829,50.91098],[3.68557,50.90784],[3.68838,50.90717],[3.68901,50.90499],[3.69438,50.90719],[3.69136,50.9104],[3.69479,50.90943],[3.70184,50.91172],[3.70677,50.90905],[3.71278,50.91114],[3.71733,50.91033],[3.72141,50.91201],[3.72263,50.91098],[3.72555,50.91193],[3.72845,50.90807],[3.72617,50.90759],[3.72794,50.90237],[3.73997,50.90736],[3.7429,50.90821],[3.74699,50.90793],[3.75331,50.91045],[3.75568,50.91382],[3.75139,50.91713],[3.74677,50.91626],[3.74599,50.91712],[3.73673,50.91538],[3.73318,50.91426],[3.72905,50.91987],[3.72816,50.92338],[3.734,50.92378],[3.73874,50.92668],[3.74483,50.9289],[3.74725,50.93059],[3.74939,50.93453],[3.74631,50.93572],[3.74355,50.93375],[3.74239,50.93489],[3.73763,50.93482],[3.73157,50.93569],[3.72891,50.93911],[3.72582,50.93911],[3.72493,50.94145],[3.72067,50.9402],[3.71362,50.93638],[3.70879,50.93729],[3.70643,50.93961],[3.71057,50.94263],[3.712,50.94507],[3.70857,50.94698],[3.70746,50.94978],[3.70339,50.95206],[3.69638,50.9504],[3.68766,50.95218],[3.68287,50.95486],[3.68366,50.9561]]]}},{"type":"Feature","id":"44021","bbox":[3.579762,50.979542,3.849341,51.188891],"properties":{"nis":"44021","name":"Gent","nameNl":"Gent","nameFr":"Gand","nameDe":"Gent","province":"oost-vlaanderen","region":"flanders","areaKm2":157.18},"geometry":{"type":"Polygon","coordinates":[[[3.78887,51.0309],[3.78973,51.03479],[3.79313,51.03901],[3.79186,51.04444],[3.7874,51.04751],[3.7771,51.04983],[3.7668,51.04978],[3.7662,51.05145],[3.7625,51.05085],[3.75609,51.05185],[3.76155,51.05466],[3.75929,51.05731],[3.7658,51.06253],[3.77009,51.06135],[3.77761,51.06317],[3.77994,51.06304],[3.78253,51.06586],[3.79342,51.06788],[3.80355,51.07091],[3.81088,51.07427],[3.80881,51.07703],[3.80469,51.07946],[3.79956,51.08548],[3.79793,51.08873],[3.79456,51.09275],[3.79867,51.09428],[3.79534,51.09912],[3.78962,51.09783],[3.78723,51.10156],[3.78919,51.1083],[3.79527,51.10888],[3.80058,51.1102],[3.80539,51.11343],[3.80884,51.11427],[3.8068,51.11593],[3.81362,51.12028],[3.81793,51.12102],[3.81945,51.12256],[3.81771,51.12398],[3.82131,51.12512],[3.81662,51.12833],[3.82367,51.1324],[3.82007,51.13607],[3.82223,51.13681],[3.81991,51.14158],[3.82377,51.14232],[3.82919,51.14543],[3.83828,51.14767],[3.84363,51.14652],[3.84934,51.14761],[3.84646,51.15107],[3.84606,51.15429],[3.84306,51.15559],[3.84458,51.15636],[3.83866,51.16144],[3.83376,51.16341],[3.82902,51.16879],[3.83175,51.17282],[3.83264,51.17673],[3.83405,51.1771],[3.83566,51.18262],[3.82795,51.18632],[3.80361,51.1825],[3.80367,51.18582],[3.7987,51.18889],[3.79242,51.18186],[3.79007,51.18036],[3.79268,51.17676],[3.7908,51.1753],[3.7906,51.17199],[3.7795,51.16814],[3.77298,51.16824],[3.76361,51.16486],[3.76407,51.16023],[3.76255,51.16043],[3.761,51.15446],[3.75916,51.15369],[3.76045,51.15193],[3.75652,51.14646],[3.75724,51.14445],[3.76223,51.146],[3.7639,51.14554],[3.77699,51.14744],[3.76815,51.13368],[3.75326,51.12134],[3.74281,51.11478],[3.73378,51.11069],[3.7259,51.1094],[3.72032,51.10486],[3.71292,51.1047],[3.70751,51.10292],[3.69271,51.09558],[3.68214,51.09241],[3.6592,51.0872],[3.66701,51.08326],[3.65889,51.07815],[3.65426,51.08244],[3.64688,51.07877],[3.64095,51.07878],[3.64086,51.08331],[3.6368,51.08425],[3.63012,51.08168],[3.62657,51.07818],[3.62796,51.07749],[3.62314,51.07414],[3.61815,51.07809],[3.61315,51.07661],[3.60858,51.07275],[3.60518,51.06877],[3.60241,51.06759],[3.60132,51.06561],[3.60347,51.06446],[3.60615,51.06605],[3.61176,51.06358],[3.61266,51.06049],[3.61093,51.05765],[3.60732,51.05648],[3.60988,51.05546],[3.60625,51.05307],[3.60178,51.0482],[3.59779,51.04972],[3.59541,51.04743],[3.5902,51.04416],[3.5917,51.04083],[3.58685,51.039],[3.57976,51.03028],[3.58705,51.02732],[3.59137,51.02443],[3.59422,51.02474],[3.59875,51.02218],[3.60261,51.02538],[3.60354,51.02861],[3.60626,51.02842],[3.60873,51.03195],[3.61521,51.03495],[3.62017,51.03502],[3.62123,51.03372],[3.62726,51.03212],[3.63047,51.02992],[3.63276,51.03036],[3.63841,51.02605],[3.64108,51.02187],[3.64353,51.02243],[3.64496,51.02536],[3.65278,51.01917],[3.65509,51.01855],[3.65076,51.01551],[3.64972,51.01256],[3.65295,51.0066],[3.65788,51.00819],[3.66292,51.01435],[3.66865,51.00959],[3.67452,51.00657],[3.67599,51.00365],[3.68119,50.99835],[3.69257,50.99515],[3.69391,50.99524],[3.69941,50.99095],[3.70487,50.9855],[3.70221,50.98292],[3.70757,50.98093],[3.71028,50.98115],[3.7111,50.97954],[3.71737,50.98517],[3.7242,50.99269],[3.72378,50.99847],[3.72513,51.00054],[3.72892,51.00271],[3.73233,51.00307],[3.73725,51.00198],[3.74392,51.00167],[3.74611,51.00362],[3.74575,51.00662],[3.74943,51.00819],[3.73801,51.01161],[3.74184,51.01387],[3.74592,51.02431],[3.74534,51.02686],[3.74735,51.02725],[3.75257,51.02203],[3.75573,51.0245],[3.76113,51.01927],[3.76289,51.01853],[3.76742,51.02186],[3.76715,51.02523],[3.77151,51.02586],[3.77279,51.02714],[3.77861,51.02964],[3.7867,51.02975],[3.78887,51.0309]]]}},{"type":"Feature","id":"44052","bbox":[3.728157,50.894749,3.851135,50.977659],"properties":{"nis":"44052","name":"Oosterzele","nameNl":"Oosterzele","nameFr":"Oosterzele","nameDe":"Oosterzele","province":"oost-vlaanderen","region":"flanders","areaKm2":43.42},"geometry":{"type":"Polygon","coordinates":[[[3.74939,50.93453],[3.74725,50.93059],[3.74483,50.9289],[3.73874,50.92668],[3.734,50.92378],[3.72816,50.92338],[3.72905,50.91987],[3.73318,50.91426],[3.73673,50.91538],[3.74599,50.91712],[3.74677,50.91626],[3.75139,50.91713],[3.75568,50.91382],[3.76614,50.91848],[3.77124,50.91572],[3.77531,50.91083],[3.7812,50.9086],[3.78466,50.90217],[3.7963,50.90113],[3.79988,50.89771],[3.80531,50.89799],[3.80653,50.89475],[3.81742,50.89941],[3.81564,50.90196],[3.81851,50.9034],[3.81675,50.90483],[3.81967,50.90697],[3.81875,50.90782],[3.82226,50.91088],[3.82893,50.91286],[3.82348,50.91673],[3.82607,50.92146],[3.83207,50.92551],[3.82963,50.92704],[3.82742,50.9323],[3.83283,50.9351],[3.8447,50.93735],[3.85041,50.93959],[3.84858,50.94508],[3.84951,50.94584],[3.84556,50.94791],[3.84471,50.94983],[3.84769,50.9528],[3.84681,50.95664],[3.85113,50.96186],[3.85022,50.96405],[3.84687,50.96328],[3.84259,50.96538],[3.84362,50.96751],[3.84147,50.96909],[3.83893,50.96818],[3.83416,50.97213],[3.83021,50.969],[3.82822,50.97104],[3.82977,50.97344],[3.82739,50.97485],[3.82344,50.97435],[3.82158,50.97568],[3.81887,50.97446],[3.81162,50.97408],[3.81054,50.9722],[3.80789,50.97135],[3.8055,50.9739],[3.79855,50.97766],[3.79709,50.97609],[3.78869,50.97481],[3.78919,50.97188],[3.78549,50.97087],[3.78356,50.97267],[3.77228,50.96444],[3.76305,50.95933],[3.7594,50.95621],[3.75625,50.95493],[3.75758,50.95207],[3.76082,50.95033],[3.7645,50.9465],[3.75784,50.94388],[3.75316,50.94102],[3.75183,50.93728],[3.74939,50.93453]]]}},{"type":"Feature","id":"44064","bbox":[3.591129,50.981746,3.655096,51.035387],"properties":{"nis":"44064","name":"Sint-Martens-Latem","nameNl":"Sint-Martens-Latem","nameFr":"Laethem-Saint-Martin","nameDe":"Sint-Martens-Latem","province":"oost-vlaanderen","region":"flanders","areaKm2":14.42},"geometry":{"type":"Polygon","coordinates":[[[3.65295,51.0066],[3.64972,51.01256],[3.65076,51.01551],[3.65509,51.01855],[3.65278,51.01917],[3.64496,51.02536],[3.64353,51.02243],[3.64108,51.02187],[3.63841,51.02605],[3.63276,51.03036],[3.63047,51.02992],[3.62726,51.03212],[3.62123,51.03372],[3.62017,51.03502],[3.61521,51.03495],[3.60873,51.03195],[3.60626,51.02842],[3.6077,51.02597],[3.61015,51.02512],[3.61102,51.0213],[3.60645,51.01654],[3.60025,51.01516],[3.59144,51.00941],[3.59297,51.00839],[3.59117,51.00657],[3.59323,51.00512],[3.59611,51.00597],[3.59553,51.00852],[3.59909,51.00758],[3.60166,51.00566],[3.59806,50.99915],[3.60068,50.99912],[3.59742,50.99669],[3.59451,50.99324],[3.5978,50.99347],[3.60845,50.98663],[3.60655,50.9849],[3.60751,50.98309],[3.61046,50.98175],[3.61903,50.98472],[3.61866,50.98522],[3.62922,50.99158],[3.63593,50.99874],[3.65295,51.0066]]]}},{"type":"Feature","id":"44081","bbox":[3.415355,50.896773,3.527927,50.983615],"properties":{"nis":"44081","name":"Zulte","nameNl":"Zulte","nameFr":"Zulte","nameDe":"Zulte","province":"oost-vlaanderen","region":"flanders","areaKm2":32.64},"geometry":{"type":"Polygon","coordinates":[[[3.46673,50.90207],[3.46884,50.90507],[3.47324,50.90531],[3.47772,50.90975],[3.48425,50.91345],[3.48952,50.91863],[3.49277,50.9232],[3.497,50.92698],[3.50113,50.92907],[3.50457,50.93382],[3.50912,50.93557],[3.51142,50.93887],[3.51766,50.94502],[3.51969,50.94632],[3.52664,50.94772],[3.5251,50.94982],[3.52793,50.95072],[3.52214,50.95562],[3.52101,50.95395],[3.51682,50.95307],[3.51329,50.95542],[3.51313,50.95759],[3.50407,50.96527],[3.5039,50.96795],[3.50719,50.97039],[3.50769,50.97223],[3.50293,50.97477],[3.50377,50.98361],[3.49578,50.98312],[3.48909,50.98147],[3.47899,50.9806],[3.47547,50.97747],[3.47394,50.97104],[3.47419,50.96702],[3.4782,50.96435],[3.4836,50.95875],[3.47655,50.95738],[3.47012,50.95909],[3.45984,50.95986],[3.45644,50.95807],[3.45426,50.9528],[3.45429,50.94938],[3.45645,50.94614],[3.46143,50.94351],[3.46124,50.94238],[3.45468,50.94092],[3.45018,50.94342],[3.44382,50.94359],[3.43766,50.94111],[3.44106,50.93756],[3.44505,50.93665],[3.44748,50.93773],[3.45479,50.93776],[3.45616,50.93673],[3.45569,50.93274],[3.45312,50.93067],[3.45354,50.92903],[3.45059,50.9286],[3.44183,50.9295],[3.43872,50.93132],[3.43869,50.9329],[3.4317,50.93319],[3.42424,50.92951],[3.4243,50.92639],[3.42717,50.92433],[3.43102,50.9201],[3.43396,50.91837],[3.42998,50.91717],[3.42721,50.91524],[3.42904,50.91416],[3.42619,50.91359],[3.42705,50.9119],[3.41963,50.91094],[3.41609,50.90487],[3.42363,50.89854],[3.43141,50.89682],[3.43461,50.89819],[3.4451,50.90063],[3.44921,50.90531],[3.45321,50.90763],[3.45681,50.90625],[3.46011,50.9076],[3.46673,50.90207]]]}},{"type":"Feature","id":"44083","bbox":[3.413384,50.947139,3.613147,51.101133],"properties":{"nis":"44083","name":"Deinze","nameNl":"Deinze","nameFr":"Deinze","nameDe":"Deinze","province":"oost-vlaanderen","region":"flanders","areaKm2":127.67},"geometry":{"type":"Polygon","coordinates":[[[3.52537,51.09091],[3.52063,51.09006],[3.51334,51.08499],[3.51483,51.08427],[3.51187,51.08091],[3.50882,51.07972],[3.50686,51.07758],[3.50258,51.07595],[3.50549,51.07287],[3.50381,51.07122],[3.50757,51.06658],[3.51155,51.06515],[3.51387,51.06226],[3.50599,51.05961],[3.5038,51.05771],[3.50578,51.05719],[3.50392,51.05163],[3.50515,51.05123],[3.50433,51.04814],[3.50628,51.04783],[3.50502,51.04503],[3.50799,51.04259],[3.50553,51.03875],[3.4994,51.03648],[3.50034,51.02871],[3.50126,51.02774],[3.4953,51.02526],[3.49024,51.02597],[3.48731,51.02739],[3.48684,51.02617],[3.48274,51.02462],[3.47923,51.02519],[3.47265,51.02403],[3.46182,51.02082],[3.45864,51.02226],[3.45555,51.02201],[3.45377,51.01956],[3.44989,51.01919],[3.4448,51.01647],[3.44722,51.01563],[3.44754,51.00983],[3.44989,51.00994],[3.45228,51.0068],[3.45231,51.00387],[3.44478,50.99883],[3.45079,50.99478],[3.43349,50.98893],[3.43332,50.9842],[3.4295,50.98172],[3.42639,50.98146],[3.4258,50.97801],[3.42672,50.97584],[3.43414,50.96977],[3.43723,50.97061],[3.43962,50.96858],[3.44183,50.96957],[3.44418,50.96654],[3.44085,50.96472],[3.43179,50.96288],[3.427,50.9605],[3.42304,50.96072],[3.41338,50.95828],[3.41424,50.95439],[3.41789,50.95254],[3.42171,50.94883],[3.42557,50.95052],[3.43176,50.94714],[3.43339,50.94867],[3.44419,50.95199],[3.45077,50.94948],[3.45265,50.94777],[3.45429,50.94938],[3.45426,50.9528],[3.45644,50.95807],[3.45984,50.95986],[3.47012,50.95909],[3.47655,50.95738],[3.4836,50.95875],[3.4782,50.96435],[3.47419,50.96702],[3.47394,50.97104],[3.47547,50.97747],[3.47899,50.9806],[3.48909,50.98147],[3.49578,50.98312],[3.50377,50.98361],[3.50293,50.97477],[3.50769,50.97223],[3.50719,50.97039],[3.5039,50.96795],[3.50407,50.96527],[3.51313,50.95759],[3.51329,50.95542],[3.51682,50.95307],[3.52101,50.95395],[3.52214,50.95562],[3.52793,50.95072],[3.5251,50.94982],[3.52664,50.94772],[3.53682,50.94829],[3.53952,50.95165],[3.54183,50.9528],[3.54739,50.95784],[3.55887,50.9626],[3.56327,50.96481],[3.59064,50.96928],[3.59039,50.96988],[3.59769,50.97102],[3.59826,50.97271],[3.59393,50.97901],[3.59083,50.98069],[3.59643,50.98352],[3.59871,50.98066],[3.60751,50.98309],[3.60655,50.9849],[3.60845,50.98663],[3.5978,50.99347],[3.59451,50.99324],[3.59742,50.99669],[3.60068,50.99912],[3.59806,50.99915],[3.60166,51.00566],[3.59909,51.00758],[3.59553,51.00852],[3.59611,51.00597],[3.59323,51.00512],[3.59117,51.00657],[3.59297,51.00839],[3.59144,51.00941],[3.60025,51.01516],[3.60645,51.01654],[3.61102,51.0213],[3.61015,51.02512],[3.6077,51.02597],[3.60626,51.02842],[3.60354,51.02861],[3.60261,51.02538],[3.59875,51.02218],[3.59422,51.02474],[3.59137,51.02443],[3.58705,51.02732],[3.57976,51.03028],[3.58685,51.039],[3.5917,51.04083],[3.5902,51.04416],[3.59541,51.04743],[3.59779,51.04972],[3.60178,51.0482],[3.60625,51.05307],[3.60988,51.05546],[3.60732,51.05648],[3.61093,51.05765],[3.61266,51.06049],[3.61176,51.06358],[3.60615,51.06605],[3.60347,51.06446],[3.60132,51.06561],[3.60241,51.06759],[3.60518,51.06877],[3.60858,51.07275],[3.61315,51.07661],[3.61101,51.0765],[3.6034,51.07966],[3.59949,51.08036],[3.59446,51.07977],[3.59227,51.08242],[3.59449,51.0837],[3.5978,51.08802],[3.59792,51.09161],[3.59458,51.09296],[3.58774,51.09874],[3.58385,51.10113],[3.58128,51.09982],[3.57823,51.10004],[3.57217,51.09796],[3.57162,51.09534],[3.56394,51.09601],[3.55524,51.09475],[3.55487,51.0941],[3.5459,51.09315],[3.52998,51.09087],[3.52537,51.09091]]]}},{"type":"Feature","id":"44084","bbox":[3.331312,51.016466,3.525369,51.159896],"properties":{"nis":"44084","name":"Aalter","nameNl":"Aalter","nameFr":"Aalter","nameDe":"Aalter","province":"oost-vlaanderen","region":"flanders","areaKm2":119.28},"geometry":{"type":"Polygon","coordinates":[[[3.52537,51.09091],[3.52246,51.0962],[3.52153,51.1006],[3.52295,51.10236],[3.51306,51.10421],[3.50965,51.10856],[3.51192,51.10933],[3.51017,51.1143],[3.51238,51.11423],[3.51566,51.11797],[3.51844,51.11896],[3.51937,51.12146],[3.52265,51.12323],[3.52459,51.12652],[3.51245,51.13293],[3.51215,51.13634],[3.51583,51.1469],[3.50655,51.14784],[3.49401,51.15079],[3.49056,51.1528],[3.48935,51.15179],[3.47806,51.15143],[3.46568,51.15153],[3.45094,51.15395],[3.44922,51.14983],[3.4406,51.1517],[3.42954,51.1549],[3.41485,51.15978],[3.41096,51.1599],[3.4064,51.15698],[3.40731,51.1565],[3.40121,51.15184],[3.40147,51.15011],[3.40538,51.14684],[3.40202,51.14712],[3.40004,51.1433],[3.39597,51.14077],[3.39249,51.13424],[3.38975,51.13085],[3.37952,51.12771],[3.38164,51.1244],[3.37914,51.12159],[3.37452,51.11952],[3.37616,51.118],[3.37261,51.11566],[3.35493,51.1122],[3.35346,51.10859],[3.34936,51.10781],[3.35022,51.10653],[3.34703,51.10538],[3.34139,51.10506],[3.33131,51.09888],[3.33559,51.09665],[3.34641,51.09271],[3.35068,51.09039],[3.35968,51.0869],[3.36549,51.08534],[3.37275,51.08451],[3.39067,51.07267],[3.39078,51.07023],[3.39386,51.06948],[3.39382,51.06797],[3.39707,51.06829],[3.39965,51.06703],[3.40482,51.06724],[3.40825,51.06499],[3.4167,51.0636],[3.41647,51.06192],[3.42115,51.06184],[3.41896,51.05964],[3.41965,51.05555],[3.42852,51.0539],[3.43044,51.05515],[3.43486,51.05427],[3.43787,51.0506],[3.44338,51.04927],[3.44312,51.04769],[3.446,51.04736],[3.44427,51.04344],[3.43874,51.04154],[3.43677,51.03886],[3.42682,51.04044],[3.42292,51.03821],[3.42594,51.03495],[3.42961,51.03413],[3.43263,51.02987],[3.43088,51.02809],[3.43539,51.0252],[3.43674,51.02548],[3.43808,51.02216],[3.4448,51.01647],[3.44989,51.01919],[3.45377,51.01956],[3.45555,51.02201],[3.45864,51.02226],[3.46182,51.02082],[3.47265,51.02403],[3.47923,51.02519],[3.48274,51.02462],[3.48684,51.02617],[3.48731,51.02739],[3.49024,51.02597],[3.4953,51.02526],[3.50126,51.02774],[3.50034,51.02871],[3.4994,51.03648],[3.50553,51.03875],[3.50799,51.04259],[3.50502,51.04503],[3.50628,51.04783],[3.50433,51.04814],[3.50515,51.05123],[3.50392,51.05163],[3.50578,51.05719],[3.5038,51.05771],[3.50599,51.05961],[3.51387,51.06226],[3.51155,51.06515],[3.50757,51.06658],[3.50381,51.07122],[3.50549,51.07287],[3.50258,51.07595],[3.50686,51.07758],[3.50882,51.07972],[3.51187,51.08091],[3.51483,51.08427],[3.51334,51.08499],[3.52063,51.09006],[3.52537,51.09091]]]}},{"type":"Feature","id":"44085","bbox":[3.509651,51.074142,3.667012,51.17538],"properties":{"nis":"44085","name":"Lievegem","nameNl":"Lievegem","nameFr":"Lievegem","nameDe":"Lievegem","province":"oost-vlaanderen","region":"flanders","areaKm2":80.55},"geometry":{"type":"Polygon","coordinates":[[[3.60855,51.17266],[3.59383,51.17538],[3.59318,51.1727],[3.5839,51.17245],[3.58476,51.17017],[3.57533,51.16679],[3.5738,51.16669],[3.56996,51.17013],[3.56282,51.16985],[3.5615,51.16657],[3.545,51.16231],[3.53444,51.16214],[3.53011,51.1599],[3.52103,51.15047],[3.51747,51.14915],[3.51583,51.1469],[3.51215,51.13634],[3.51245,51.13293],[3.52459,51.12652],[3.52265,51.12323],[3.51937,51.12146],[3.51844,51.11896],[3.51566,51.11797],[3.51238,51.11423],[3.51017,51.1143],[3.51192,51.10933],[3.50965,51.10856],[3.51306,51.10421],[3.52295,51.10236],[3.52153,51.1006],[3.52246,51.0962],[3.52537,51.09091],[3.52998,51.09087],[3.5459,51.09315],[3.55487,51.0941],[3.55524,51.09475],[3.56394,51.09601],[3.57162,51.09534],[3.57217,51.09796],[3.57823,51.10004],[3.58128,51.09982],[3.58385,51.10113],[3.58774,51.09874],[3.59458,51.09296],[3.59792,51.09161],[3.5978,51.08802],[3.59449,51.0837],[3.59227,51.08242],[3.59446,51.07977],[3.59949,51.08036],[3.6034,51.07966],[3.61101,51.0765],[3.61315,51.07661],[3.61815,51.07809],[3.62314,51.07414],[3.62796,51.07749],[3.62657,51.07818],[3.63012,51.08168],[3.6368,51.08425],[3.64086,51.08331],[3.64095,51.07878],[3.64688,51.07877],[3.65426,51.08244],[3.65889,51.07815],[3.66701,51.08326],[3.6592,51.0872],[3.65269,51.08978],[3.649,51.09457],[3.64759,51.10121],[3.64808,51.10818],[3.64719,51.11283],[3.64858,51.11624],[3.64616,51.12058],[3.6471,51.12635],[3.64644,51.13074],[3.64778,51.13964],[3.64603,51.1483],[3.64137,51.15564],[3.63237,51.15734],[3.63272,51.15899],[3.63993,51.16174],[3.64605,51.16295],[3.64113,51.16653],[3.64578,51.1699],[3.63771,51.17268],[3.62723,51.17296],[3.61401,51.17219],[3.60855,51.17266]]]}},{"type":"Feature","id":"44086","bbox":[3.538549,50.928396,3.711096,51.014351],"properties":{"nis":"44086","name":"Nazareth-De Pinte","nameNl":"Nazareth-De Pinte","nameFr":"Nazareth-La Pinte","nameDe":"Nazareth-De Pinte","province":"oost-vlaanderen","region":"flanders","areaKm2":53.06},"geometry":{"type":"Polygon","coordinates":[[[3.65295,51.0066],[3.63593,50.99874],[3.62922,50.99158],[3.61866,50.98522],[3.61903,50.98472],[3.61046,50.98175],[3.60751,50.98309],[3.59871,50.98066],[3.59643,50.98352],[3.59083,50.98069],[3.59393,50.97901],[3.59826,50.97271],[3.59769,50.97102],[3.59039,50.96988],[3.59064,50.96928],[3.56327,50.96481],[3.55887,50.9626],[3.54739,50.95784],[3.54183,50.9528],[3.5414,50.95046],[3.53855,50.94583],[3.54268,50.94519],[3.54693,50.94053],[3.54922,50.94088],[3.55228,50.93808],[3.55372,50.93844],[3.56314,50.93566],[3.56772,50.93517],[3.57032,50.93587],[3.57348,50.93364],[3.57895,50.93364],[3.58293,50.93485],[3.58463,50.93185],[3.58814,50.93177],[3.58997,50.93454],[3.59452,50.93872],[3.59782,50.94018],[3.60652,50.93652],[3.61367,50.93419],[3.62656,50.9284],[3.62925,50.93431],[3.63227,50.93907],[3.63708,50.9373],[3.64735,50.93859],[3.64857,50.93584],[3.65132,50.93624],[3.64992,50.93897],[3.64939,50.94337],[3.64781,50.94783],[3.64822,50.95105],[3.65041,50.95353],[3.65369,50.95516],[3.65929,50.95627],[3.66393,50.95591],[3.66983,50.95402],[3.67547,50.95374],[3.68366,50.9561],[3.68709,50.95937],[3.68945,50.96402],[3.69666,50.96757],[3.69971,50.96964],[3.70202,50.97299],[3.7111,50.97954],[3.71028,50.98115],[3.70757,50.98093],[3.70221,50.98292],[3.70487,50.9855],[3.69941,50.99095],[3.69391,50.99524],[3.69257,50.99515],[3.68119,50.99835],[3.67599,51.00365],[3.67452,51.00657],[3.66865,51.00959],[3.66292,51.01435],[3.65788,51.00819],[3.65295,51.0066]]]}},{"type":"Feature","id":"44087","bbox":[3.786605,51.050212,3.923277,51.223019],"properties":{"nis":"44087","name":"Lochristi","nameNl":"Lochristi","nameFr":"Lochristi","nameDe":"Lochristi","province":"oost-vlaanderen","region":"flanders","areaKm2":94.94},"geometry":{"type":"Polygon","coordinates":[[[3.81088,51.07427],[3.81796,51.07812],[3.8294,51.0811],[3.8418,51.08246],[3.84383,51.0753],[3.84036,51.07032],[3.83851,51.06954],[3.84052,51.06722],[3.84208,51.06775],[3.84449,51.06353],[3.83557,51.06052],[3.83454,51.05962],[3.83995,51.05775],[3.84296,51.05761],[3.84698,51.05668],[3.85492,51.0516],[3.85846,51.05044],[3.86649,51.05968],[3.8712,51.06078],[3.87601,51.06303],[3.88167,51.06405],[3.88597,51.05967],[3.88981,51.06145],[3.8892,51.06293],[3.89299,51.06375],[3.89724,51.06301],[3.89767,51.06495],[3.90221,51.06419],[3.90307,51.06842],[3.91148,51.07197],[3.91824,51.07341],[3.92328,51.07601],[3.91703,51.08071],[3.90808,51.08205],[3.90586,51.0876],[3.90197,51.09237],[3.90414,51.09701],[3.90373,51.09989],[3.90063,51.10693],[3.90285,51.1164],[3.90103,51.12506],[3.89707,51.12936],[3.89662,51.13329],[3.89907,51.14265],[3.8975,51.14733],[3.90268,51.14825],[3.90294,51.15555],[3.91006,51.15634],[3.90571,51.16165],[3.90224,51.16462],[3.90173,51.16724],[3.9044,51.17255],[3.91057,51.18791],[3.91193,51.18854],[3.91293,51.19247],[3.91246,51.19508],[3.91941,51.19547],[3.91804,51.19788],[3.92217,51.19895],[3.91863,51.20777],[3.91454,51.20782],[3.91155,51.20545],[3.90498,51.20389],[3.89881,51.20172],[3.89467,51.2035],[3.8863,51.20018],[3.88453,51.20332],[3.87762,51.20801],[3.88285,51.21017],[3.89025,51.214],[3.89335,51.21866],[3.8886,51.223],[3.87015,51.21626],[3.85957,51.21083],[3.85611,51.21106],[3.85203,51.20766],[3.847,51.20468],[3.84006,51.19965],[3.8323,51.19163],[3.83679,51.18381],[3.83566,51.18262],[3.83405,51.1771],[3.83264,51.17673],[3.83175,51.17282],[3.82902,51.16879],[3.83376,51.16341],[3.83866,51.16144],[3.84458,51.15636],[3.84306,51.15559],[3.84606,51.15429],[3.84646,51.15107],[3.84934,51.14761],[3.84363,51.14652],[3.83828,51.14767],[3.82919,51.14543],[3.82377,51.14232],[3.81991,51.14158],[3.82223,51.13681],[3.82007,51.13607],[3.82367,51.1324],[3.81662,51.12833],[3.82131,51.12512],[3.81771,51.12398],[3.81945,51.12256],[3.81793,51.12102],[3.81362,51.12028],[3.8068,51.11593],[3.80884,51.11427],[3.80539,51.11343],[3.80058,51.1102],[3.79527,51.10888],[3.78919,51.1083],[3.78723,51.10156],[3.78962,51.09783],[3.79534,51.09912],[3.79867,51.09428],[3.79456,51.09275],[3.79793,51.08873],[3.79956,51.08548],[3.80469,51.07946],[3.80881,51.07703],[3.81088,51.07427]]]}},{"type":"Feature","id":"44088","bbox":[3.682864,50.933753,3.836232,51.030942],"properties":{"nis":"44088","name":"Merelbeke-Melle","nameNl":"Merelbeke-Melle","nameFr":"Merelbeke-Melle","nameDe":"Merelbeke-Melle","province":"oost-vlaanderen","region":"flanders","areaKm2":52.18},"geometry":{"type":"Polygon","coordinates":[[[3.78887,51.0309],[3.7867,51.02975],[3.77861,51.02964],[3.77279,51.02714],[3.77151,51.02586],[3.76715,51.02523],[3.76742,51.02186],[3.76289,51.01853],[3.76113,51.01927],[3.75573,51.0245],[3.75257,51.02203],[3.74735,51.02725],[3.74534,51.02686],[3.74592,51.02431],[3.74184,51.01387],[3.73801,51.01161],[3.74943,51.00819],[3.74575,51.00662],[3.74611,51.00362],[3.74392,51.00167],[3.73725,51.00198],[3.73233,51.00307],[3.72892,51.00271],[3.72513,51.00054],[3.72378,50.99847],[3.7242,50.99269],[3.71737,50.98517],[3.7111,50.97954],[3.70202,50.97299],[3.69971,50.96964],[3.69666,50.96757],[3.68945,50.96402],[3.68709,50.95937],[3.68366,50.9561],[3.68287,50.95486],[3.68766,50.95218],[3.69638,50.9504],[3.70339,50.95206],[3.70746,50.94978],[3.70857,50.94698],[3.712,50.94507],[3.71057,50.94263],[3.70643,50.93961],[3.70879,50.93729],[3.71362,50.93638],[3.72067,50.9402],[3.72493,50.94145],[3.72582,50.93911],[3.72891,50.93911],[3.73157,50.93569],[3.73763,50.93482],[3.74239,50.93489],[3.74355,50.93375],[3.74631,50.93572],[3.74939,50.93453],[3.75183,50.93728],[3.75316,50.94102],[3.75784,50.94388],[3.7645,50.9465],[3.76082,50.95033],[3.75758,50.95207],[3.75625,50.95493],[3.7594,50.95621],[3.76305,50.95933],[3.77228,50.96444],[3.78356,50.97267],[3.78549,50.97087],[3.78919,50.97188],[3.78869,50.97481],[3.79709,50.97609],[3.79855,50.97766],[3.8055,50.9739],[3.80789,50.97135],[3.81054,50.9722],[3.81162,50.97408],[3.81887,50.97446],[3.82158,50.97568],[3.82344,50.97435],[3.82739,50.97485],[3.82703,50.97839],[3.8246,50.98056],[3.8334,50.98321],[3.83623,50.98493],[3.82879,50.99054],[3.82967,50.9937],[3.82234,50.99688],[3.81815,50.99928],[3.80781,51.0027],[3.80438,51.00531],[3.79769,51.009],[3.7942,51.01247],[3.79108,51.01812],[3.7879,51.02138],[3.78875,51.02441],[3.78715,51.02711],[3.78887,51.0309]]]}},{"type":"Feature","id":"45035","bbox":[3.540882,50.790008,3.697686,50.903892],"properties":{"nis":"45035","name":"Oudenaarde","nameNl":"Oudenaarde","nameFr":"Audenarde","nameDe":"Oudenaarde","province":"oost-vlaanderen","region":"flanders","areaKm2":68.73},"geometry":{"type":"Polygon","coordinates":[[[3.54864,50.87995],[3.55427,50.87668],[3.5627,50.86899],[3.57005,50.86338],[3.57096,50.86068],[3.57419,50.85884],[3.57162,50.85644],[3.57137,50.85311],[3.57429,50.85278],[3.57751,50.85019],[3.57697,50.84665],[3.57315,50.84589],[3.56832,50.84116],[3.56585,50.84008],[3.56781,50.8381],[3.57402,50.838],[3.57505,50.83579],[3.57959,50.83426],[3.58276,50.8366],[3.58467,50.83485],[3.58641,50.83578],[3.58937,50.83352],[3.58697,50.83168],[3.58161,50.82506],[3.57605,50.82117],[3.57084,50.81961],[3.56165,50.82043],[3.55453,50.81951],[3.55092,50.81761],[3.54534,50.81256],[3.54088,50.81126],[3.54341,50.80883],[3.54505,50.80887],[3.55191,50.80236],[3.55308,50.80048],[3.55628,50.80002],[3.56169,50.79192],[3.56176,50.7905],[3.56474,50.79001],[3.56893,50.79097],[3.5725,50.79853],[3.57827,50.80129],[3.5817,50.79932],[3.58351,50.80047],[3.58009,50.80226],[3.5856,50.80451],[3.5907,50.80546],[3.5909,50.80661],[3.5969,50.80548],[3.60042,50.80961],[3.60265,50.80954],[3.59642,50.81284],[3.59899,50.81801],[3.60347,50.82029],[3.61123,50.8255],[3.61575,50.82251],[3.61964,50.82258],[3.6223,50.81957],[3.6248,50.82197],[3.62848,50.81905],[3.63037,50.82214],[3.63017,50.82679],[3.63345,50.82728],[3.6344,50.82869],[3.64273,50.82687],[3.64751,50.82694],[3.64774,50.83006],[3.65534,50.83004],[3.65996,50.82945],[3.66391,50.82602],[3.66893,50.82449],[3.67085,50.82133],[3.67249,50.82152],[3.68176,50.82515],[3.68093,50.82676],[3.68285,50.82815],[3.67946,50.83],[3.67755,50.835],[3.68083,50.83641],[3.68294,50.83963],[3.68259,50.84203],[3.68653,50.84921],[3.68283,50.85241],[3.6861,50.85472],[3.68505,50.8555],[3.68849,50.85772],[3.69747,50.86226],[3.69557,50.86412],[3.69295,50.87232],[3.68941,50.87435],[3.69056,50.87789],[3.68861,50.88093],[3.684,50.87935],[3.68158,50.88259],[3.68339,50.884],[3.68034,50.88891],[3.66775,50.88937],[3.66631,50.88807],[3.65995,50.88642],[3.651,50.88627],[3.64866,50.88787],[3.64271,50.88873],[3.64224,50.89184],[3.64569,50.89519],[3.63963,50.8969],[3.635,50.89948],[3.63026,50.90036],[3.63111,50.90389],[3.6272,50.90078],[3.62129,50.90089],[3.61697,50.89854],[3.61177,50.8971],[3.60691,50.89653],[3.60384,50.89736],[3.59507,50.89559],[3.59485,50.89386],[3.59796,50.88987],[3.59331,50.88837],[3.59217,50.8863],[3.58592,50.88434],[3.57769,50.88074],[3.56961,50.87831],[3.56627,50.88279],[3.56093,50.88399],[3.5549,50.88111],[3.54864,50.87995]]]}},{"type":"Feature","id":"45041","bbox":[3.537888,50.721012,3.677598,50.784193],"properties":{"nis":"45041","name":"Ronse","nameNl":"Ronse","nameFr":"Renaix","nameDe":"Ronse","province":"oost-vlaanderen","region":"flanders","areaKm2":34.59},"geometry":{"type":"Polygon","coordinates":[[[3.54124,50.73339],[3.54416,50.73247],[3.54856,50.73273],[3.55136,50.73409],[3.55933,50.7341],[3.56338,50.72979],[3.56829,50.72813],[3.57777,50.73029],[3.5844,50.72988],[3.58803,50.72891],[3.59126,50.7295],[3.59858,50.73244],[3.6036,50.73178],[3.61027,50.73227],[3.61421,50.73062],[3.61502,50.72762],[3.62361,50.72252],[3.63076,50.72101],[3.6333,50.72219],[3.64038,50.7223],[3.64124,50.72357],[3.64169,50.73229],[3.64294,50.73585],[3.64227,50.73783],[3.64707,50.74069],[3.65896,50.74687],[3.66026,50.75034],[3.65987,50.75437],[3.66474,50.7541],[3.66779,50.75497],[3.67255,50.75842],[3.67354,50.76046],[3.66951,50.76396],[3.67737,50.76702],[3.67504,50.76869],[3.67751,50.7707],[3.67217,50.77061],[3.6703,50.7717],[3.6686,50.77044],[3.66213,50.77426],[3.66343,50.77625],[3.65857,50.77858],[3.65721,50.78145],[3.65324,50.78394],[3.65174,50.78112],[3.65388,50.78103],[3.65456,50.77578],[3.6488,50.77148],[3.64699,50.76924],[3.64146,50.77179],[3.63474,50.77097],[3.6306,50.76753],[3.62544,50.76737],[3.62258,50.76864],[3.61768,50.7667],[3.60543,50.7663],[3.60115,50.76745],[3.59607,50.76712],[3.58709,50.76481],[3.58477,50.76463],[3.57783,50.76151],[3.57621,50.75967],[3.5733,50.75938],[3.56483,50.76266],[3.55698,50.76362],[3.55184,50.76349],[3.54633,50.76438],[3.54067,50.7629],[3.53803,50.75964],[3.53858,50.7574],[3.54779,50.74719],[3.54582,50.74677],[3.54637,50.74326],[3.54482,50.739],[3.54048,50.73434],[3.54124,50.73339]]]}},{"type":"Feature","id":"45059","bbox":[3.699172,50.747437,3.819915,50.847271],"properties":{"nis":"45059","name":"Brakel","nameNl":"Brakel","nameFr":"Brakel","nameDe":"Brakel","province":"oost-vlaanderen","region":"flanders","areaKm2":56.81},"geometry":{"type":"Polygon","coordinates":[[[3.71349,50.83676],[3.70735,50.83453],[3.70899,50.83349],[3.70782,50.83167],[3.71175,50.82818],[3.71113,50.82656],[3.70608,50.82301],[3.70816,50.82124],[3.70519,50.81947],[3.70652,50.81623],[3.69917,50.81144],[3.70125,50.81061],[3.70255,50.80671],[3.70511,50.80504],[3.70433,50.79721],[3.70539,50.79575],[3.71035,50.79495],[3.71028,50.79062],[3.70617,50.78959],[3.70268,50.78702],[3.70385,50.7857],[3.70945,50.78657],[3.71206,50.78249],[3.71018,50.78187],[3.7133,50.78036],[3.71051,50.77809],[3.70904,50.7747],[3.71459,50.7731],[3.71153,50.77056],[3.71436,50.76791],[3.73126,50.77141],[3.73248,50.77052],[3.73817,50.77024],[3.73793,50.77147],[3.74203,50.77475],[3.74846,50.77436],[3.75328,50.77829],[3.75858,50.78045],[3.75929,50.77803],[3.75745,50.77532],[3.75564,50.77494],[3.75314,50.77155],[3.75852,50.76811],[3.76011,50.76258],[3.76576,50.75878],[3.76868,50.75785],[3.77084,50.7547],[3.77316,50.75407],[3.77221,50.75223],[3.77568,50.74789],[3.77802,50.74744],[3.78254,50.74901],[3.78608,50.74791],[3.79653,50.74958],[3.80268,50.75016],[3.81547,50.75071],[3.81559,50.75314],[3.81083,50.75816],[3.81612,50.76068],[3.81991,50.76165],[3.81621,50.76452],[3.81679,50.76624],[3.81361,50.76913],[3.81032,50.77054],[3.81432,50.77131],[3.80877,50.77641],[3.80633,50.7758],[3.80414,50.77954],[3.80802,50.78313],[3.81071,50.78325],[3.81438,50.78021],[3.81693,50.7814],[3.81979,50.78113],[3.81817,50.78332],[3.81531,50.78357],[3.81326,50.78714],[3.81433,50.78747],[3.81322,50.7889],[3.81614,50.79285],[3.81898,50.79505],[3.80971,50.79445],[3.805,50.7926],[3.80001,50.79303],[3.79082,50.79839],[3.78601,50.79817],[3.78349,50.80177],[3.79056,50.80526],[3.79504,50.81026],[3.79332,50.80993],[3.78768,50.81439],[3.78737,50.8167],[3.78916,50.81689],[3.78925,50.82101],[3.78689,50.82397],[3.78487,50.82377],[3.78569,50.83071],[3.78466,50.83301],[3.77893,50.83565],[3.78072,50.83674],[3.77683,50.83956],[3.77831,50.84024],[3.77499,50.84227],[3.76538,50.84082],[3.7633,50.84524],[3.7608,50.8448],[3.7602,50.84676],[3.75701,50.84727],[3.747,50.84615],[3.74476,50.84353],[3.73727,50.84643],[3.73328,50.84192],[3.73077,50.84221],[3.72065,50.83986],[3.71853,50.8387],[3.72116,50.83651],[3.72068,50.83471],[3.71836,50.83507],[3.71702,50.83313],[3.71415,50.83382],[3.71349,50.83676]]]}},{"type":"Feature","id":"45060","bbox":[3.459079,50.75757,3.587796,50.811261],"properties":{"nis":"45060","name":"Kluisbergen","nameNl":"Kluisbergen","nameFr":"Kluisbergen","nameDe":"Kluisbergen","province":"oost-vlaanderen","region":"flanders","areaKm2":30.49},"geometry":{"type":"Polygon","coordinates":[[[3.54088,50.81126],[3.52981,50.80882],[3.52335,50.80534],[3.52058,50.80181],[3.51889,50.79812],[3.51299,50.79464],[3.5046,50.79392],[3.50059,50.79307],[3.4949,50.79031],[3.48854,50.78583],[3.48442,50.78064],[3.48032,50.77777],[3.47472,50.77581],[3.46307,50.76812],[3.45908,50.76464],[3.45931,50.76212],[3.46666,50.76474],[3.46936,50.76283],[3.47517,50.76098],[3.47837,50.76287],[3.48123,50.76139],[3.47792,50.75941],[3.48874,50.75871],[3.49691,50.75757],[3.50235,50.75908],[3.50975,50.75893],[3.51984,50.76115],[3.52305,50.76287],[3.53357,50.76482],[3.53763,50.76454],[3.54067,50.7629],[3.54633,50.76438],[3.55184,50.76349],[3.55698,50.76362],[3.56483,50.76266],[3.5733,50.75938],[3.57621,50.75967],[3.57783,50.76151],[3.58477,50.76463],[3.58709,50.76481],[3.58721,50.76677],[3.58448,50.76921],[3.58379,50.77354],[3.57799,50.78157],[3.58049,50.7835],[3.57823,50.78585],[3.57925,50.78764],[3.5818,50.78716],[3.58426,50.78977],[3.5805,50.7905],[3.58373,50.79402],[3.5792,50.79413],[3.57906,50.79548],[3.58306,50.79692],[3.5817,50.79932],[3.57827,50.80129],[3.5725,50.79853],[3.56893,50.79097],[3.56474,50.79001],[3.56176,50.7905],[3.56169,50.79192],[3.55628,50.80002],[3.55308,50.80048],[3.55191,50.80236],[3.54505,50.80887],[3.54341,50.80883],[3.54088,50.81126]]]}},{"type":"Feature","id":"45061","bbox":[3.451289,50.805341,3.58937,50.886716],"properties":{"nis":"45061","name":"Wortegem-Petegem","nameNl":"Wortegem-Petegem","nameFr":"Wortegem-Petegem","nameDe":"Wortegem-Petegem","province":"oost-vlaanderen","region":"flanders","areaKm2":42.29},"geometry":{"type":"Polygon","coordinates":[[[3.47094,50.87828],[3.46971,50.87669],[3.46464,50.87445],[3.45719,50.87619],[3.45566,50.87228],[3.45649,50.8682],[3.45291,50.86868],[3.45129,50.86756],[3.45309,50.86614],[3.456,50.86357],[3.45763,50.86427],[3.46239,50.86082],[3.46511,50.86196],[3.46489,50.86031],[3.46881,50.85354],[3.48027,50.85776],[3.48519,50.85619],[3.4882,50.85405],[3.49035,50.8487],[3.49431,50.8451],[3.50346,50.84107],[3.49961,50.84062],[3.50174,50.83656],[3.51183,50.83483],[3.51459,50.83221],[3.50915,50.82816],[3.50251,50.82669],[3.49984,50.82802],[3.49869,50.82444],[3.50705,50.82421],[3.50551,50.82177],[3.50659,50.81844],[3.5095,50.8136],[3.51167,50.81465],[3.51624,50.80897],[3.51905,50.80893],[3.52335,50.80534],[3.52981,50.80882],[3.54088,50.81126],[3.54534,50.81256],[3.55092,50.81761],[3.55453,50.81951],[3.56165,50.82043],[3.57084,50.81961],[3.57605,50.82117],[3.58161,50.82506],[3.58697,50.83168],[3.58937,50.83352],[3.58641,50.83578],[3.58467,50.83485],[3.58276,50.8366],[3.57959,50.83426],[3.57505,50.83579],[3.57402,50.838],[3.56781,50.8381],[3.56585,50.84008],[3.56832,50.84116],[3.57315,50.84589],[3.57697,50.84665],[3.57751,50.85019],[3.57429,50.85278],[3.57137,50.85311],[3.57162,50.85644],[3.57419,50.85884],[3.57096,50.86068],[3.57005,50.86338],[3.5627,50.86899],[3.55427,50.87668],[3.54864,50.87995],[3.54323,50.87948],[3.54234,50.88136],[3.53252,50.88672],[3.52951,50.88531],[3.52837,50.88146],[3.53238,50.87747],[3.53074,50.8753],[3.52767,50.87639],[3.52214,50.87386],[3.50838,50.87367],[3.50551,50.87256],[3.50473,50.87047],[3.50154,50.86982],[3.50012,50.87274],[3.49757,50.87291],[3.49452,50.8755],[3.49275,50.8752],[3.49181,50.87814],[3.48873,50.88009],[3.4863,50.87945],[3.48495,50.87742],[3.47778,50.8778],[3.47292,50.87737],[3.47094,50.87828]]]}},{"type":"Feature","id":"45062","bbox":[3.672245,50.7984,3.716053,50.862265],"properties":{"nis":"45062","name":"Horebeke","nameNl":"Horebeke","nameFr":"Horebeke","nameDe":"Horebeke","province":"oost-vlaanderen","region":"flanders","areaKm2":11.21},"geometry":{"type":"Polygon","coordinates":[[[3.69747,50.86226],[3.68849,50.85772],[3.68505,50.8555],[3.6861,50.85472],[3.68283,50.85241],[3.68653,50.84921],[3.68259,50.84203],[3.68294,50.83963],[3.68083,50.83641],[3.67755,50.835],[3.67946,50.83],[3.68285,50.82815],[3.68093,50.82676],[3.68176,50.82515],[3.67249,50.82152],[3.67493,50.81833],[3.67347,50.81612],[3.68361,50.81146],[3.685,50.80944],[3.68263,50.8068],[3.68032,50.80654],[3.68018,50.8044],[3.68309,50.80361],[3.68385,50.80566],[3.68733,50.80504],[3.68561,50.80267],[3.68252,50.80129],[3.68769,50.7984],[3.69181,50.80154],[3.69441,50.80073],[3.69381,50.80481],[3.68831,50.80909],[3.68972,50.8113],[3.6945,50.80994],[3.69917,50.81144],[3.70652,50.81623],[3.70519,50.81947],[3.70816,50.82124],[3.70608,50.82301],[3.71113,50.82656],[3.71175,50.82818],[3.70782,50.83167],[3.70899,50.83349],[3.70735,50.83453],[3.71349,50.83676],[3.71601,50.83942],[3.71441,50.84165],[3.71543,50.8474],[3.7098,50.84999],[3.71092,50.851],[3.7081,50.85364],[3.70417,50.8548],[3.69913,50.85851],[3.69747,50.86226]]]}},{"type":"Feature","id":"45063","bbox":[3.783486,50.774733,3.881813,50.838233],"properties":{"nis":"45063","name":"Lierde","nameNl":"Lierde","nameFr":"Lierde","nameDe":"Lierde","province":"oost-vlaanderen","region":"flanders","areaKm2":26.23},"geometry":{"type":"Polygon","coordinates":[[[3.86556,50.83114],[3.85884,50.83313],[3.85782,50.83427],[3.85313,50.83509],[3.84946,50.83775],[3.84791,50.83823],[3.84029,50.83762],[3.83958,50.83516],[3.83485,50.83255],[3.83163,50.82832],[3.83272,50.8263],[3.82744,50.82773],[3.82859,50.82466],[3.8271,50.82427],[3.81707,50.82599],[3.80601,50.81867],[3.79893,50.81468],[3.79504,50.81026],[3.79056,50.80526],[3.78349,50.80177],[3.78601,50.79817],[3.79082,50.79839],[3.80001,50.79303],[3.805,50.7926],[3.80971,50.79445],[3.81898,50.79505],[3.81614,50.79285],[3.81322,50.7889],[3.81433,50.78747],[3.81798,50.78393],[3.82194,50.78153],[3.82631,50.77775],[3.83034,50.77814],[3.83106,50.777],[3.83604,50.77539],[3.84091,50.77601],[3.84484,50.77473],[3.8485,50.77775],[3.85782,50.782],[3.85781,50.78367],[3.8643,50.78372],[3.86825,50.78496],[3.87024,50.78683],[3.8666,50.78779],[3.86493,50.79267],[3.86979,50.79545],[3.87296,50.79986],[3.8721,50.80519],[3.87746,50.80507],[3.88084,50.80627],[3.88095,50.80978],[3.8789,50.81022],[3.88181,50.81431],[3.87784,50.81369],[3.87788,50.812],[3.87118,50.81234],[3.87255,50.81469],[3.86464,50.81475],[3.86085,50.81565],[3.85948,50.81871],[3.8634,50.82053],[3.86504,50.8228],[3.8628,50.82474],[3.86565,50.82952],[3.86556,50.83114]]]}},{"type":"Feature","id":"45064","bbox":[3.577988,50.764814,3.712061,50.830062],"properties":{"nis":"45064","name":"Maarkedal","nameNl":"Maarkedal","nameFr":"Maarkedal","nameDe":"Maarkedal","province":"oost-vlaanderen","region":"flanders","areaKm2":46},"geometry":{"type":"Polygon","coordinates":[[[3.5817,50.79932],[3.58306,50.79692],[3.57906,50.79548],[3.5792,50.79413],[3.58373,50.79402],[3.5805,50.7905],[3.58426,50.78977],[3.5818,50.78716],[3.57925,50.78764],[3.57823,50.78585],[3.58049,50.7835],[3.57799,50.78157],[3.58379,50.77354],[3.58448,50.76921],[3.58721,50.76677],[3.58709,50.76481],[3.59607,50.76712],[3.60115,50.76745],[3.60543,50.7663],[3.61768,50.7667],[3.62258,50.76864],[3.62544,50.76737],[3.6306,50.76753],[3.63474,50.77097],[3.64146,50.77179],[3.64699,50.76924],[3.6488,50.77148],[3.65456,50.77578],[3.65388,50.78103],[3.65174,50.78112],[3.65324,50.78394],[3.65721,50.78145],[3.65857,50.77858],[3.66343,50.77625],[3.66213,50.77426],[3.6686,50.77044],[3.6703,50.7717],[3.67217,50.77061],[3.67751,50.7707],[3.68243,50.77275],[3.68478,50.77098],[3.68853,50.77348],[3.68874,50.77468],[3.69768,50.7743],[3.71018,50.78187],[3.71206,50.78249],[3.70945,50.78657],[3.70385,50.7857],[3.70268,50.78702],[3.70617,50.78959],[3.71028,50.79062],[3.71035,50.79495],[3.70539,50.79575],[3.70433,50.79721],[3.70511,50.80504],[3.70255,50.80671],[3.70125,50.81061],[3.69917,50.81144],[3.6945,50.80994],[3.68972,50.8113],[3.68831,50.80909],[3.69381,50.80481],[3.69441,50.80073],[3.69181,50.80154],[3.68769,50.7984],[3.68252,50.80129],[3.68561,50.80267],[3.68733,50.80504],[3.68385,50.80566],[3.68309,50.80361],[3.68018,50.8044],[3.68032,50.80654],[3.68263,50.8068],[3.685,50.80944],[3.68361,50.81146],[3.67347,50.81612],[3.67493,50.81833],[3.67249,50.82152],[3.67085,50.82133],[3.66893,50.82449],[3.66391,50.82602],[3.65996,50.82945],[3.65534,50.83004],[3.64774,50.83006],[3.64751,50.82694],[3.64273,50.82687],[3.6344,50.82869],[3.63345,50.82728],[3.63017,50.82679],[3.63037,50.82214],[3.62848,50.81905],[3.6248,50.82197],[3.6223,50.81957],[3.61964,50.82258],[3.61575,50.82251],[3.61123,50.8255],[3.60347,50.82029],[3.59899,50.81801],[3.59642,50.81284],[3.60265,50.80954],[3.60042,50.80961],[3.5969,50.80548],[3.5909,50.80661],[3.5907,50.80546],[3.5856,50.80451],[3.58009,50.80226],[3.58351,50.80047],[3.5817,50.79932]]]}},{"type":"Feature","id":"45065","bbox":[3.66775,50.833126,3.767365,50.912007],"properties":{"nis":"45065","name":"Zwalm","nameNl":"Zwalm","nameFr":"Zwalm","nameDe":"Zwalm","province":"oost-vlaanderen","region":"flanders","areaKm2":33.71},"geometry":{"type":"Polygon","coordinates":[[[3.7633,50.84524],[3.76183,50.84772],[3.7623,50.85057],[3.76588,50.85356],[3.76736,50.85818],[3.76605,50.8625],[3.7627,50.86852],[3.7594,50.87014],[3.75165,50.87579],[3.75348,50.87989],[3.75887,50.88495],[3.75779,50.88617],[3.75995,50.8894],[3.75877,50.89164],[3.75323,50.89396],[3.75408,50.89492],[3.74968,50.89747],[3.74837,50.89917],[3.75229,50.90093],[3.75106,50.90465],[3.74699,50.90793],[3.7429,50.90821],[3.73997,50.90736],[3.72794,50.90237],[3.72617,50.90759],[3.72845,50.90807],[3.72555,50.91193],[3.72263,50.91098],[3.72141,50.91201],[3.71733,50.91033],[3.71278,50.91114],[3.70677,50.90905],[3.70184,50.91172],[3.69479,50.90943],[3.69136,50.9104],[3.69438,50.90719],[3.68901,50.90499],[3.68838,50.90717],[3.68557,50.90784],[3.6866,50.90517],[3.68627,50.90132],[3.68155,50.8946],[3.67911,50.89259],[3.67447,50.89086],[3.66775,50.88937],[3.68034,50.88891],[3.68339,50.884],[3.68158,50.88259],[3.684,50.87935],[3.68861,50.88093],[3.69056,50.87789],[3.68941,50.87435],[3.69295,50.87232],[3.69557,50.86412],[3.69747,50.86226],[3.69913,50.85851],[3.70417,50.8548],[3.7081,50.85364],[3.71092,50.851],[3.7098,50.84999],[3.71543,50.8474],[3.71441,50.84165],[3.71601,50.83942],[3.71349,50.83676],[3.71415,50.83382],[3.71702,50.83313],[3.71836,50.83507],[3.72068,50.83471],[3.72116,50.83651],[3.71853,50.8387],[3.72065,50.83986],[3.73077,50.84221],[3.73328,50.84192],[3.73727,50.84643],[3.74476,50.84353],[3.747,50.84615],[3.75701,50.84727],[3.7602,50.84676],[3.7608,50.8448],[3.7633,50.84524]]]}},{"type":"Feature","id":"45068","bbox":[3.46673,50.869815,3.686662,50.953074],"properties":{"nis":"45068","name":"Kruisem","nameNl":"Kruisem","nameFr":"Kruisem","nameDe":"Kruisem","province":"oost-vlaanderen","region":"flanders","areaKm2":71.34},"geometry":{"type":"Polygon","coordinates":[[[3.54183,50.9528],[3.53952,50.95165],[3.53682,50.94829],[3.52664,50.94772],[3.51969,50.94632],[3.51766,50.94502],[3.51142,50.93887],[3.50912,50.93557],[3.50457,50.93382],[3.50113,50.92907],[3.497,50.92698],[3.49277,50.9232],[3.48952,50.91863],[3.48425,50.91345],[3.47772,50.90975],[3.47324,50.90531],[3.46884,50.90507],[3.46673,50.90207],[3.47081,50.89978],[3.47109,50.8979],[3.47648,50.89569],[3.47053,50.88939],[3.47402,50.88553],[3.4747,50.88284],[3.47094,50.87828],[3.47292,50.87737],[3.47778,50.8778],[3.48495,50.87742],[3.4863,50.87945],[3.48873,50.88009],[3.49181,50.87814],[3.49275,50.8752],[3.49452,50.8755],[3.49757,50.87291],[3.50012,50.87274],[3.50154,50.86982],[3.50473,50.87047],[3.50551,50.87256],[3.50838,50.87367],[3.52214,50.87386],[3.52767,50.87639],[3.53074,50.8753],[3.53238,50.87747],[3.52837,50.88146],[3.52951,50.88531],[3.53252,50.88672],[3.54234,50.88136],[3.54323,50.87948],[3.54864,50.87995],[3.5549,50.88111],[3.56093,50.88399],[3.56627,50.88279],[3.56961,50.87831],[3.57769,50.88074],[3.58592,50.88434],[3.59217,50.8863],[3.59331,50.88837],[3.59796,50.88987],[3.59485,50.89386],[3.59507,50.89559],[3.60384,50.89736],[3.60691,50.89653],[3.61177,50.8971],[3.61697,50.89854],[3.62129,50.90089],[3.6272,50.90078],[3.63111,50.90389],[3.63026,50.90036],[3.635,50.89948],[3.63963,50.8969],[3.64569,50.89519],[3.64224,50.89184],[3.64271,50.88873],[3.64866,50.88787],[3.651,50.88627],[3.65995,50.88642],[3.66631,50.88807],[3.66775,50.88937],[3.67447,50.89086],[3.67911,50.89259],[3.68155,50.8946],[3.68627,50.90132],[3.6866,50.90517],[3.68557,50.90784],[3.6829,50.91098],[3.67966,50.91283],[3.67309,50.9145],[3.66202,50.91046],[3.66125,50.90934],[3.6517,50.90891],[3.65003,50.90801],[3.64512,50.90912],[3.64151,50.91184],[3.64182,50.91618],[3.62398,50.92012],[3.62629,50.92424],[3.6315,50.92357],[3.63231,50.92488],[3.62656,50.9284],[3.61367,50.93419],[3.60652,50.93652],[3.59782,50.94018],[3.59452,50.93872],[3.58997,50.93454],[3.58814,50.93177],[3.58463,50.93185],[3.58293,50.93485],[3.57895,50.93364],[3.57348,50.93364],[3.57032,50.93587],[3.56772,50.93517],[3.56314,50.93566],[3.55372,50.93844],[3.55228,50.93808],[3.54922,50.94088],[3.54693,50.94053],[3.54268,50.94519],[3.53855,50.94583],[3.5414,50.95046],[3.54183,50.9528]]]}},{"type":"Feature","id":"46020","bbox":[4.059117,51.17543,4.166633,51.29282],"properties":{"nis":"46020","name":"Sint-Gillis-Waas","nameNl":"Sint-Gillis-Waas","nameFr":"Saint-Gilles-Waes","nameDe":"Sint-Gillis-Waas","province":"oost-vlaanderen","region":"flanders","areaKm2":55.26},"geometry":{"type":"Polygon","coordinates":[[[4.07072,51.24994],[4.07254,51.2457],[4.07914,51.2408],[4.07815,51.24029],[4.08494,51.232],[4.07807,51.23155],[4.07267,51.22831],[4.07413,51.22456],[4.07763,51.21966],[4.08286,51.22126],[4.08685,51.2134],[4.09351,51.21193],[4.09065,51.20793],[4.09281,51.20592],[4.08861,51.20467],[4.087,51.20555],[4.07621,51.20505],[4.07146,51.20153],[4.06919,51.19781],[4.06963,51.19297],[4.06382,51.18898],[4.06123,51.18498],[4.05912,51.18396],[4.06101,51.1829],[4.07547,51.17805],[4.08586,51.17543],[4.08837,51.18077],[4.09861,51.18063],[4.10173,51.17981],[4.11193,51.17978],[4.11298,51.18176],[4.11221,51.1852],[4.11375,51.18537],[4.11566,51.19109],[4.12843,51.19003],[4.1338,51.19119],[4.1378,51.19129],[4.14528,51.19479],[4.15182,51.19856],[4.16064,51.20271],[4.1601,51.20545],[4.15673,51.21151],[4.15249,51.21369],[4.15456,51.21874],[4.15833,51.22193],[4.15976,51.22628],[4.16185,51.2293],[4.16662,51.22988],[4.16074,51.24243],[4.16024,51.24612],[4.15684,51.25098],[4.16209,51.26531],[4.16342,51.28702],[4.16596,51.29282],[4.15977,51.29022],[4.07072,51.24994]]]}},{"type":"Feature","id":"46021","bbox":[3.985326,51.129591,4.221696,51.207806],"properties":{"nis":"46021","name":"Sint-Niklaas","nameNl":"Sint-Niklaas","nameFr":"Saint-Nicolas-Waes","nameDe":"Sint-Niklaas","province":"oost-vlaanderen","region":"flanders","areaKm2":83.99},"geometry":{"type":"Polygon","coordinates":[[[4.16064,51.20271],[4.15182,51.19856],[4.14528,51.19479],[4.1378,51.19129],[4.1338,51.19119],[4.12843,51.19003],[4.11566,51.19109],[4.11375,51.18537],[4.11221,51.1852],[4.11298,51.18176],[4.11193,51.17978],[4.10173,51.17981],[4.09861,51.18063],[4.08837,51.18077],[4.08586,51.17543],[4.07547,51.17805],[4.06101,51.1829],[4.05912,51.18396],[4.05377,51.18615],[4.04265,51.18775],[4.03849,51.18949],[4.0363,51.1916],[4.02994,51.18629],[4.00223,51.17396],[3.99198,51.16888],[3.99392,51.16436],[4.00103,51.15842],[3.99858,51.15453],[3.99178,51.15215],[3.98781,51.15217],[3.98759,51.15009],[3.98533,51.14773],[3.98649,51.14587],[4.00196,51.13885],[4.01101,51.13543],[4.01227,51.13416],[4.0226,51.13853],[4.03809,51.13858],[4.03923,51.13693],[4.04159,51.13726],[4.04857,51.13581],[4.05444,51.13975],[4.06227,51.14307],[4.06749,51.14312],[4.06978,51.13853],[4.07762,51.13352],[4.0797,51.13024],[4.08636,51.12996],[4.09653,51.13052],[4.10205,51.13157],[4.10502,51.13724],[4.10853,51.13706],[4.10836,51.14003],[4.11454,51.14055],[4.11678,51.14175],[4.11893,51.14629],[4.1204,51.14154],[4.12817,51.13665],[4.13074,51.13284],[4.1317,51.12959],[4.13851,51.13067],[4.14836,51.13301],[4.15845,51.13678],[4.16163,51.13858],[4.16597,51.13935],[4.1742,51.13768],[4.1747,51.14073],[4.19035,51.14527],[4.19051,51.14974],[4.19174,51.1573],[4.19085,51.15992],[4.19961,51.16128],[4.20388,51.16466],[4.21096,51.16517],[4.21265,51.16645],[4.21131,51.17017],[4.2217,51.17545],[4.21074,51.17541],[4.205,51.17481],[4.20643,51.17894],[4.20553,51.18191],[4.211,51.18378],[4.21023,51.18755],[4.21614,51.18916],[4.212,51.18906],[4.21156,51.19052],[4.20793,51.18971],[4.20532,51.19071],[4.20638,51.19345],[4.20836,51.1941],[4.20736,51.19723],[4.20515,51.19902],[4.20204,51.20437],[4.20069,51.20377],[4.19226,51.20672],[4.18077,51.2078],[4.17698,51.20729],[4.16847,51.20737],[4.16827,51.20479],[4.16064,51.20271]]]}},{"type":"Feature","id":"46024","bbox":[3.971123,51.168883,4.093509,51.249939],"properties":{"nis":"46024","name":"Stekene","nameNl":"Stekene","nameFr":"Stekene","nameDe":"Stekene","province":"oost-vlaanderen","region":"flanders","areaKm2":45.09},"geometry":{"type":"Polygon","coordinates":[[[4.05912,51.18396],[4.06123,51.18498],[4.06382,51.18898],[4.06963,51.19297],[4.06919,51.19781],[4.07146,51.20153],[4.07621,51.20505],[4.087,51.20555],[4.08861,51.20467],[4.09281,51.20592],[4.09065,51.20793],[4.09351,51.21193],[4.08685,51.2134],[4.08286,51.22126],[4.07763,51.21966],[4.07413,51.22456],[4.07267,51.22831],[4.07807,51.23155],[4.08494,51.232],[4.07815,51.24029],[4.07914,51.2408],[4.07254,51.2457],[4.07072,51.24994],[4.06412,51.24752],[4.06178,51.24463],[4.05484,51.2429],[4.04055,51.24132],[4.03654,51.24568],[4.0324,51.2433],[4.02449,51.2415],[4.02093,51.24537],[4.01141,51.24414],[4.00001,51.23938],[3.99965,51.23781],[3.99265,51.23644],[3.98799,51.23326],[3.98621,51.23416],[3.98009,51.22648],[3.97775,51.22503],[3.98277,51.22256],[3.98652,51.22289],[3.99421,51.21605],[3.99308,51.21545],[3.98233,51.2134],[3.97112,51.20795],[3.98039,51.19106],[3.98209,51.18727],[3.97958,51.18676],[3.98579,51.17641],[3.98784,51.17636],[3.99063,51.17403],[3.99198,51.16888],[4.00223,51.17396],[4.02994,51.18629],[4.0363,51.1916],[4.03849,51.18949],[4.04265,51.18775],[4.05377,51.18615],[4.05912,51.18396]]]}},{"type":"Feature","id":"46025","bbox":[4.12822,51.101409,4.285919,51.17561],"properties":{"nis":"46025","name":"Temse","nameNl":"Temse","nameFr":"Tamise","nameDe":"Temse","province":"oost-vlaanderen","region":"flanders","areaKm2":39.93},"geometry":{"type":"Polygon","coordinates":[[[4.17596,51.10141],[4.18161,51.10395],[4.18648,51.10504],[4.19593,51.10946],[4.20919,51.11982],[4.21289,51.12149],[4.21751,51.1215],[4.22524,51.12056],[4.23244,51.11871],[4.23872,51.11595],[4.24372,51.11498],[4.24961,51.11519],[4.25264,51.11611],[4.26323,51.11749],[4.27113,51.12161],[4.27786,51.1234],[4.28592,51.12375],[4.28325,51.12981],[4.28009,51.12935],[4.27954,51.13236],[4.27675,51.13282],[4.27482,51.13545],[4.27401,51.13913],[4.26757,51.14418],[4.26421,51.14229],[4.26042,51.13852],[4.25863,51.13825],[4.25589,51.14145],[4.25351,51.14203],[4.24831,51.14049],[4.24658,51.14545],[4.2377,51.15904],[4.2358,51.16445],[4.22606,51.1705],[4.22261,51.17561],[4.2217,51.17545],[4.21131,51.17017],[4.21265,51.16645],[4.21096,51.16517],[4.20388,51.16466],[4.19961,51.16128],[4.19085,51.15992],[4.19174,51.1573],[4.19051,51.14974],[4.19035,51.14527],[4.1747,51.14073],[4.1742,51.13768],[4.16597,51.13935],[4.16163,51.13858],[4.15845,51.13678],[4.14836,51.13301],[4.13851,51.13067],[4.1317,51.12959],[4.12822,51.12787],[4.13246,51.12094],[4.13516,51.11887],[4.13146,51.11378],[4.13018,51.10782],[4.13607,51.10802],[4.14139,51.10729],[4.14168,51.10525],[4.14694,51.10787],[4.15372,51.10895],[4.15796,51.10824],[4.16104,51.1111],[4.16475,51.11117],[4.16898,51.10973],[4.17331,51.10959],[4.17469,51.10702],[4.17347,51.10363],[4.17596,51.10141]]]}},{"type":"Feature","id":"46029","bbox":[3.896622,51.071289,4.034052,51.225362],"properties":{"nis":"46029","name":"Lokeren","nameNl":"Lokeren","nameFr":"Lokeren","nameDe":"Lokeren","province":"oost-vlaanderen","region":"flanders","areaKm2":105.8},"geometry":{"type":"Polygon","coordinates":[[[3.92328,51.07601],[3.92822,51.07129],[3.97182,51.07394],[3.98823,51.07515],[3.99507,51.07631],[4.00424,51.07885],[4.01528,51.08382],[4.03405,51.09489],[4.02902,51.09859],[4.02583,51.09656],[4.02204,51.09736],[4.01949,51.09969],[4.02223,51.1025],[4.02598,51.1047],[4.02577,51.11187],[4.0211,51.12144],[4.01727,51.12631],[4.01227,51.13416],[4.01101,51.13543],[4.00196,51.13885],[3.98649,51.14587],[3.98533,51.14773],[3.98759,51.15009],[3.98781,51.15217],[3.99178,51.15215],[3.99858,51.15453],[4.00103,51.15842],[3.99392,51.16436],[3.99198,51.16888],[3.99063,51.17403],[3.98784,51.17636],[3.98579,51.17641],[3.97958,51.18676],[3.98209,51.18727],[3.98039,51.19106],[3.97112,51.20795],[3.98233,51.2134],[3.99308,51.21545],[3.99421,51.21605],[3.98652,51.22289],[3.98277,51.22256],[3.97775,51.22503],[3.97649,51.22536],[3.96472,51.22411],[3.96375,51.22102],[3.96156,51.22022],[3.95907,51.21621],[3.95398,51.21645],[3.94262,51.21471],[3.94314,51.21362],[3.93598,51.21189],[3.93333,51.2145],[3.92942,51.22026],[3.92545,51.21711],[3.91945,51.217],[3.91867,51.21497],[3.91601,51.21464],[3.91863,51.20777],[3.92217,51.19895],[3.91804,51.19788],[3.91941,51.19547],[3.91246,51.19508],[3.91293,51.19247],[3.91193,51.18854],[3.91057,51.18791],[3.9044,51.17255],[3.90173,51.16724],[3.90224,51.16462],[3.90571,51.16165],[3.91006,51.15634],[3.90294,51.15555],[3.90268,51.14825],[3.8975,51.14733],[3.89907,51.14265],[3.89662,51.13329],[3.89707,51.12936],[3.90103,51.12506],[3.90285,51.1164],[3.90063,51.10693],[3.90373,51.09989],[3.90414,51.09701],[3.90197,51.09237],[3.90586,51.0876],[3.90808,51.08205],[3.91703,51.08071],[3.92328,51.07601]]]}},{"type":"Feature","id":"46030","bbox":[4.152493,51.123517,4.356916,51.353967],"properties":{"nis":"46030","name":"Beveren-Kruibeke-Zwijndrecht","nameNl":"Beveren-Kruibeke-Zwijndrecht","nameFr":"Beveren-Kruibeke-Zwijndrecht","nameDe":"Beveren-Kruibeke-Zwijndrecht","province":"oost-vlaanderen","region":"flanders","areaKm2":205.73},"geometry":{"type":"Polygon","coordinates":[[[4.24205,51.35397],[4.16613,51.29289],[4.16596,51.29282],[4.16342,51.28702],[4.16209,51.26531],[4.15684,51.25098],[4.16024,51.24612],[4.16074,51.24243],[4.16662,51.22988],[4.16185,51.2293],[4.15976,51.22628],[4.15833,51.22193],[4.15456,51.21874],[4.15249,51.21369],[4.15673,51.21151],[4.1601,51.20545],[4.16064,51.20271],[4.16827,51.20479],[4.16847,51.20737],[4.17698,51.20729],[4.18077,51.2078],[4.19226,51.20672],[4.20069,51.20377],[4.20204,51.20437],[4.20515,51.19902],[4.20736,51.19723],[4.20836,51.1941],[4.20638,51.19345],[4.20532,51.19071],[4.20793,51.18971],[4.21156,51.19052],[4.212,51.18906],[4.21614,51.18916],[4.21023,51.18755],[4.211,51.18378],[4.20553,51.18191],[4.20643,51.17894],[4.205,51.17481],[4.21074,51.17541],[4.2217,51.17545],[4.22261,51.17561],[4.22606,51.1705],[4.2358,51.16445],[4.2377,51.15904],[4.24658,51.14545],[4.24831,51.14049],[4.25351,51.14203],[4.25589,51.14145],[4.25863,51.13825],[4.26042,51.13852],[4.26421,51.14229],[4.26757,51.14418],[4.27401,51.13913],[4.27482,51.13545],[4.27675,51.13282],[4.27954,51.13236],[4.28009,51.12935],[4.28325,51.12981],[4.28592,51.12375],[4.29768,51.12377],[4.30683,51.1248],[4.31291,51.1265],[4.32042,51.1295],[4.32262,51.13118],[4.32547,51.13397],[4.32838,51.1425],[4.33033,51.15446],[4.32977,51.16167],[4.32806,51.17367],[4.32799,51.17818],[4.32988,51.18561],[4.33265,51.19047],[4.33699,51.19472],[4.34417,51.19857],[4.35692,51.20191],[4.35254,51.20934],[4.35005,51.21243],[4.3448,51.21579],[4.34729,51.21661],[4.34733,51.21913],[4.34135,51.22754],[4.34131,51.23004],[4.33812,51.22983],[4.34088,51.233],[4.34518,51.23639],[4.35201,51.24009],[4.34538,51.24267],[4.33088,51.25012],[4.32343,51.25208],[4.30645,51.25494],[4.30153,51.25769],[4.30081,51.26239],[4.3019,51.26403],[4.31703,51.27757],[4.3195,51.28229],[4.3195,51.28563],[4.3173,51.28826],[4.30767,51.29305],[4.28144,51.30174],[4.27567,51.30987],[4.27091,51.33159],[4.26192,51.34136],[4.24205,51.35397]]]}},{"type":"Feature","id":"71002","bbox":[5.528897,50.977302,5.643033,51.037465],"properties":{"nis":"71002","name":"As","nameNl":"As","nameFr":"As","nameDe":"As","province":"limburg","region":"flanders","areaKm2":22.05},"geometry":{"type":"Polygon","coordinates":[[[5.59516,50.97734],[5.59532,50.9773],[5.59736,51.00257],[5.60352,51.00572],[5.6097,51.00245],[5.62248,50.99922],[5.62546,51.01683],[5.62623,51.01765],[5.64215,51.01807],[5.64303,51.01878],[5.60732,51.03706],[5.60734,51.03746],[5.60438,51.03502],[5.60446,51.032],[5.60264,51.0284],[5.59584,51.02294],[5.59424,51.0208],[5.58996,51.01877],[5.5868,51.02008],[5.57154,51.02359],[5.56684,51.02259],[5.5289,51.01888],[5.54185,51.00573],[5.54243,51.00482],[5.56028,50.99097],[5.57655,50.98212],[5.59516,50.97734]]]}},{"type":"Feature","id":"71004","bbox":[5.12153,51.016366,5.344194,51.105762],"properties":{"nis":"71004","name":"Beringen","nameNl":"Beringen","nameFr":"Beringen","nameDe":"Beringen","province":"limburg","region":"flanders","areaKm2":78.28},"geometry":{"type":"Polygon","coordinates":[[[5.12162,51.04764],[5.12485,51.04509],[5.13955,51.03602],[5.14561,51.03191],[5.14649,51.03057],[5.15402,51.02642],[5.15972,51.02418],[5.1669,51.02152],[5.17712,51.01636],[5.18273,51.02005],[5.18258,51.02171],[5.18484,51.02406],[5.19299,51.02697],[5.19533,51.02678],[5.20032,51.02907],[5.20403,51.03369],[5.20326,51.03656],[5.20106,51.03927],[5.2038,51.04144],[5.20364,51.03932],[5.20551,51.0369],[5.2111,51.03624],[5.21239,51.03485],[5.22334,51.03459],[5.22509,51.03085],[5.23018,51.03146],[5.23711,51.03416],[5.24215,51.03407],[5.252,51.03717],[5.25099,51.04001],[5.24733,51.04453],[5.24939,51.04642],[5.24861,51.04768],[5.25538,51.05049],[5.26447,51.04988],[5.26743,51.04738],[5.26793,51.04911],[5.27226,51.04887],[5.27275,51.04763],[5.28146,51.04859],[5.29297,51.05295],[5.30037,51.05466],[5.30177,51.0569],[5.31104,51.05806],[5.32611,51.0646],[5.32739,51.0659],[5.33937,51.07267],[5.34419,51.084],[5.34111,51.09367],[5.34184,51.09516],[5.33876,51.09552],[5.33261,51.09313],[5.31393,51.0983],[5.30087,51.10576],[5.28743,51.10344],[5.27231,51.10234],[5.26229,51.09937],[5.2522,51.09916],[5.24308,51.0969],[5.2399,51.09717],[5.23204,51.09587],[5.23043,51.09849],[5.22723,51.10021],[5.22107,51.09988],[5.2134,51.09732],[5.21071,51.09884],[5.20942,51.10208],[5.20534,51.10066],[5.20652,51.09737],[5.2029,51.09595],[5.20367,51.09323],[5.19776,51.08805],[5.19174,51.08036],[5.1938,51.0787],[5.19272,51.07752],[5.18969,51.07875],[5.18389,51.07702],[5.17709,51.07306],[5.17364,51.07179],[5.16618,51.06515],[5.1679,51.06331],[5.16689,51.06206],[5.16083,51.06036],[5.15644,51.06049],[5.14767,51.05729],[5.13466,51.05593],[5.12877,51.05413],[5.13126,51.05414],[5.12625,51.05125],[5.12162,51.04764]]]}},{"type":"Feature","id":"71011","bbox":[5.365131,50.874189,5.479089,50.950702],"properties":{"nis":"71011","name":"Diepenbeek","nameNl":"Diepenbeek","nameFr":"Diepenbeek","nameDe":"Diepenbeek","province":"limburg","region":"flanders","areaKm2":41.26},"geometry":{"type":"Polygon","coordinates":[[[5.44927,50.87651],[5.4518,50.87799],[5.44955,50.88138],[5.44634,50.88423],[5.44048,50.88744],[5.44486,50.89421],[5.44896,50.89775],[5.45204,50.90153],[5.4523,50.90486],[5.45381,50.90686],[5.45218,50.90948],[5.45683,50.90993],[5.46361,50.91304],[5.47908,50.92264],[5.47041,50.93099],[5.45329,50.93963],[5.44594,50.94365],[5.44107,50.94323],[5.43108,50.94901],[5.43119,50.9507],[5.42144,50.94764],[5.41494,50.9437],[5.40819,50.94008],[5.40346,50.9388],[5.39784,50.93633],[5.39302,50.9358],[5.37606,50.93153],[5.37326,50.9288],[5.37683,50.92686],[5.37505,50.9243],[5.37523,50.9215],[5.37829,50.91986],[5.38086,50.91675],[5.37247,50.91018],[5.36621,50.90757],[5.36518,50.90548],[5.3682,50.89846],[5.37362,50.89453],[5.36913,50.89093],[5.36774,50.88688],[5.36957,50.88601],[5.36678,50.88341],[5.36936,50.88336],[5.37622,50.88079],[5.37704,50.87983],[5.38205,50.87927],[5.3876,50.88034],[5.39336,50.87985],[5.39709,50.8803],[5.40056,50.87872],[5.40713,50.87419],[5.40957,50.87614],[5.42154,50.87759],[5.42651,50.88051],[5.43586,50.88214],[5.44402,50.87917],[5.44927,50.87651]]]}},{"type":"Feature","id":"71016","bbox":[5.384316,50.913036,5.595162,51.020771],"properties":{"nis":"71016","name":"Genk","nameNl":"Genk","nameFr":"Genk","nameDe":"Genk","province":"limburg","region":"flanders","areaKm2":87.4},"geometry":{"type":"Polygon","coordinates":[[[5.59516,50.97734],[5.57655,50.98212],[5.56028,50.99097],[5.54243,51.00482],[5.54185,51.00573],[5.5289,51.01888],[5.51828,51.01881],[5.50667,51.01875],[5.49508,51.02077],[5.48662,51.01465],[5.46824,51.00339],[5.46597,51.00123],[5.45012,50.99269],[5.43564,50.98622],[5.43035,50.98319],[5.42352,50.97487],[5.40133,50.96754],[5.39352,50.96491],[5.38432,50.95949],[5.3873,50.95716],[5.39474,50.95377],[5.40085,50.95417],[5.41494,50.9437],[5.42144,50.94764],[5.43119,50.9507],[5.43108,50.94901],[5.44107,50.94323],[5.44594,50.94365],[5.45329,50.93963],[5.47041,50.93099],[5.47908,50.92264],[5.48143,50.92237],[5.49169,50.91484],[5.50149,50.91347],[5.50855,50.91306],[5.5191,50.91528],[5.52694,50.91548],[5.52823,50.91396],[5.54363,50.92534],[5.54352,50.93043],[5.54586,50.9365],[5.5455,50.94117],[5.54631,50.94559],[5.54582,50.94997],[5.5467,50.95177],[5.54694,50.95872],[5.54983,50.9625],[5.55372,50.96432],[5.5598,50.96026],[5.56251,50.96466],[5.59516,50.97734]]]}},{"type":"Feature","id":"71017","bbox":[5.101532,50.695434,5.243956,50.77024],"properties":{"nis":"71017","name":"Gingelom","nameNl":"Gingelom","nameFr":"Gingelom","nameDe":"Gingelom","province":"limburg","region":"flanders","areaKm2":56.15},"geometry":{"type":"Polygon","coordinates":[[[5.24152,50.74889],[5.23525,50.75606],[5.23371,50.7615],[5.23261,50.76845],[5.21091,50.77002],[5.20753,50.76922],[5.20576,50.77008],[5.20374,50.76723],[5.20124,50.7685],[5.19515,50.76391],[5.19135,50.7655],[5.18585,50.76637],[5.17902,50.7688],[5.17748,50.76673],[5.17207,50.7673],[5.17014,50.7661],[5.16361,50.76704],[5.15846,50.76276],[5.151,50.76504],[5.14526,50.7646],[5.13892,50.76686],[5.13132,50.76734],[5.12644,50.76393],[5.12231,50.76527],[5.12075,50.76397],[5.11693,50.76421],[5.11356,50.76082],[5.10803,50.75679],[5.10938,50.75618],[5.10415,50.75098],[5.10153,50.74416],[5.1017,50.74114],[5.10906,50.74085],[5.11461,50.73762],[5.12145,50.73547],[5.11922,50.73161],[5.11478,50.73067],[5.11294,50.7277],[5.11413,50.72742],[5.11028,50.72246],[5.10847,50.71907],[5.10559,50.71681],[5.10705,50.71571],[5.10474,50.71344],[5.10677,50.71255],[5.10349,50.70916],[5.10852,50.70974],[5.11712,50.70714],[5.11934,50.70828],[5.12728,50.7061],[5.12828,50.7045],[5.13293,50.70368],[5.13172,50.70175],[5.13454,50.70138],[5.13901,50.69887],[5.14864,50.69543],[5.15055,50.69548],[5.15632,50.69832],[5.16222,50.69565],[5.1651,50.69565],[5.17436,50.70041],[5.18055,50.70467],[5.17942,50.70715],[5.17515,50.71271],[5.17526,50.71453],[5.16884,50.71422],[5.1677,50.71648],[5.17054,50.71969],[5.16984,50.7225],[5.1747,50.72106],[5.1754,50.72365],[5.17994,50.72094],[5.18417,50.7208],[5.18882,50.7191],[5.19109,50.71688],[5.19413,50.7165],[5.19745,50.71885],[5.20561,50.72091],[5.21208,50.71996],[5.21383,50.72088],[5.22432,50.72079],[5.22898,50.7178],[5.23219,50.71897],[5.23691,50.72722],[5.23436,50.73507],[5.23698,50.73613],[5.24197,50.74284],[5.24396,50.74694],[5.24152,50.74889]]]}},{"type":"Feature","id":"71020","bbox":[5.041507,50.90898,5.139384,50.9988],"properties":{"nis":"71020","name":"Halen","nameNl":"Halen","nameFr":"Halen","nameDe":"Halen","province":"limburg","region":"flanders","areaKm2":36.48},"geometry":{"type":"Polygon","coordinates":[[[5.12444,50.99774],[5.11815,50.99788],[5.11692,50.9988],[5.10804,50.9964],[5.09868,50.99162],[5.09457,50.98886],[5.08353,50.98654],[5.08214,50.98535],[5.08394,50.984],[5.07884,50.98274],[5.08099,50.978],[5.08131,50.9741],[5.08516,50.97005],[5.08429,50.96829],[5.0797,50.96442],[5.07571,50.95902],[5.06624,50.95697],[5.05787,50.95381],[5.05543,50.95059],[5.05626,50.94983],[5.05244,50.94552],[5.04748,50.94463],[5.0421,50.94277],[5.04269,50.93868],[5.0453,50.93244],[5.05129,50.92317],[5.06058,50.91756],[5.06644,50.91691],[5.07302,50.91943],[5.07636,50.92136],[5.07943,50.91946],[5.08726,50.91205],[5.09203,50.90898],[5.09617,50.91201],[5.10148,50.91433],[5.10979,50.91659],[5.12537,50.91863],[5.13257,50.92153],[5.13278,50.92448],[5.13422,50.92523],[5.12768,50.93029],[5.12739,50.93688],[5.12094,50.9439],[5.1202,50.94725],[5.11775,50.95195],[5.1176,50.95738],[5.11803,50.95876],[5.10852,50.95981],[5.11148,50.96215],[5.11299,50.9615],[5.11581,50.96336],[5.11648,50.96945],[5.12054,50.97058],[5.13938,50.97694],[5.13826,50.98079],[5.13034,50.9873],[5.13164,50.98913],[5.12521,50.99463],[5.12444,50.99774]]]}},{"type":"Feature","id":"71024","bbox":[5.116679,50.892483,5.229968,50.971258],"properties":{"nis":"71024","name":"Herk-de-Stad","nameNl":"Herk-de-Stad","nameFr":"Herck-la-Ville","nameDe":"Herk-de-Stad","province":"limburg","region":"flanders","areaKm2":42.87},"geometry":{"type":"Polygon","coordinates":[[[5.1176,50.95738],[5.11775,50.95195],[5.1202,50.94725],[5.12094,50.9439],[5.12739,50.93688],[5.12768,50.93029],[5.13422,50.92523],[5.13278,50.92448],[5.13257,50.92153],[5.13465,50.9207],[5.13537,50.91403],[5.14019,50.91362],[5.14438,50.91244],[5.14853,50.91306],[5.1569,50.91174],[5.16542,50.9123],[5.16954,50.91361],[5.17643,50.91164],[5.18435,50.9077],[5.18705,50.90529],[5.18799,50.90222],[5.1866,50.89843],[5.18668,50.89375],[5.19466,50.89423],[5.19439,50.89351],[5.2011,50.89252],[5.20313,50.8967],[5.20164,50.89896],[5.19588,50.89894],[5.19572,50.90169],[5.19966,50.90353],[5.20377,50.90127],[5.20463,50.90416],[5.20934,50.90698],[5.21153,50.90916],[5.21555,50.90722],[5.21755,50.9089],[5.22137,50.90906],[5.22352,50.90768],[5.22803,50.91033],[5.22997,50.9143],[5.22938,50.91623],[5.22604,50.91833],[5.22588,50.92189],[5.22774,50.92446],[5.21362,50.92984],[5.21215,50.92928],[5.21598,50.93884],[5.21867,50.94799],[5.22295,50.9509],[5.22754,50.95773],[5.22218,50.96126],[5.22254,50.9661],[5.21915,50.96714],[5.21636,50.96594],[5.21209,50.96783],[5.20827,50.96802],[5.1999,50.97076],[5.19473,50.97123],[5.18874,50.96998],[5.18623,50.97113],[5.17539,50.96885],[5.16665,50.96837],[5.15841,50.9661],[5.14925,50.96211],[5.13761,50.95807],[5.13321,50.95872],[5.12763,50.95836],[5.12647,50.95617],[5.12241,50.95612],[5.1176,50.95738]]]}},{"type":"Feature","id":"71034","bbox":[5.201486,51.095868,5.30087,51.147151],"properties":{"nis":"71034","name":"Leopoldsburg","nameNl":"Leopoldsburg","nameFr":"Bourg-Léopold","nameDe":"Leopoldsburg","province":"limburg","region":"flanders","areaKm2":22.51},"geometry":{"type":"Polygon","coordinates":[[[5.20534,51.10066],[5.20942,51.10208],[5.21071,51.09884],[5.2134,51.09732],[5.22107,51.09988],[5.22723,51.10021],[5.23043,51.09849],[5.23204,51.09587],[5.2399,51.09717],[5.24308,51.0969],[5.2522,51.09916],[5.26229,51.09937],[5.27231,51.10234],[5.28743,51.10344],[5.30087,51.10576],[5.29137,51.11638],[5.2802,51.131],[5.26098,51.14697],[5.2565,51.14715],[5.25283,51.14285],[5.23516,51.13264],[5.23035,51.13395],[5.22908,51.13231],[5.21782,51.12899],[5.20897,51.11043],[5.206,51.1089],[5.20148,51.10796],[5.20217,51.10518],[5.20534,51.10066]]]}},{"type":"Feature","id":"71037","bbox":[5.108458,50.956123,5.252957,51.041445],"properties":{"nis":"71037","name":"Lummen","nameNl":"Lummen","nameFr":"Lummen","nameDe":"Lummen","province":"limburg","region":"flanders","areaKm2":53.51},"geometry":{"type":"Polygon","coordinates":[[[5.1176,50.95738],[5.12241,50.95612],[5.12647,50.95617],[5.12763,50.95836],[5.13321,50.95872],[5.13761,50.95807],[5.14925,50.96211],[5.15841,50.9661],[5.16665,50.96837],[5.17539,50.96885],[5.18623,50.97113],[5.18874,50.96998],[5.19473,50.97123],[5.1999,50.97076],[5.20827,50.96802],[5.21209,50.96783],[5.21636,50.96594],[5.21915,50.96714],[5.22254,50.9661],[5.22429,50.96693],[5.22721,50.96493],[5.23872,50.9653],[5.23859,50.96851],[5.24459,50.97332],[5.24953,50.97257],[5.24467,50.98026],[5.23817,50.98906],[5.24019,50.99083],[5.2341,50.99675],[5.23095,50.99771],[5.22931,51.00163],[5.23212,51.00293],[5.23914,51.00289],[5.2434,51.0041],[5.24466,51.00554],[5.24932,51.00738],[5.25291,51.01053],[5.24915,51.01338],[5.24564,51.01239],[5.24046,51.01495],[5.23533,51.02021],[5.23277,51.02156],[5.22625,51.02871],[5.22509,51.03085],[5.22334,51.03459],[5.21239,51.03485],[5.2111,51.03624],[5.20551,51.0369],[5.20364,51.03932],[5.2038,51.04144],[5.20106,51.03927],[5.20326,51.03656],[5.20403,51.03369],[5.20032,51.02907],[5.19533,51.02678],[5.19299,51.02697],[5.18484,51.02406],[5.18258,51.02171],[5.18273,51.02005],[5.17712,51.01636],[5.1669,51.02152],[5.15972,51.02418],[5.15225,51.02234],[5.14064,51.01754],[5.12986,51.01505],[5.12657,51.01624],[5.12391,51.01968],[5.12873,51.02197],[5.12737,51.02453],[5.12318,51.02337],[5.12049,51.02132],[5.11527,51.0192],[5.11736,51.01517],[5.12079,51.01148],[5.12248,51.00791],[5.12087,51.00588],[5.12444,50.99774],[5.12521,50.99463],[5.13164,50.98913],[5.13034,50.9873],[5.13826,50.98079],[5.13938,50.97694],[5.12054,50.97058],[5.11648,50.96945],[5.11581,50.96336],[5.11299,50.9615],[5.11148,50.96215],[5.10852,50.95981],[5.11803,50.95876],[5.1176,50.95738]]]}},{"type":"Feature","id":"71045","bbox":[5.148433,50.851762,5.263589,50.910326],"properties":{"nis":"71045","name":"Nieuwerkerken","nameNl":"Nieuwerkerken","nameFr":"Nieuwerkerken","nameDe":"Nieuwerkerken","province":"limburg","region":"flanders","areaKm2":22.43},"geometry":{"type":"Polygon","coordinates":[[[5.18668,50.89375],[5.1856,50.88896],[5.17922,50.88614],[5.1784,50.8835],[5.17984,50.88154],[5.17917,50.87914],[5.17325,50.87405],[5.1695,50.87238],[5.16176,50.87601],[5.16209,50.87658],[5.15508,50.87951],[5.15444,50.87595],[5.15527,50.87093],[5.15436,50.86419],[5.1522,50.86139],[5.14843,50.86051],[5.15048,50.85797],[5.15909,50.85664],[5.16028,50.85528],[5.15785,50.85176],[5.1624,50.85244],[5.16552,50.85576],[5.17326,50.85768],[5.18046,50.85842],[5.18587,50.86047],[5.18755,50.85441],[5.19637,50.85465],[5.19611,50.85537],[5.20273,50.85542],[5.2023,50.85936],[5.20826,50.86226],[5.20958,50.86621],[5.2083,50.87407],[5.2072,50.87498],[5.21179,50.87549],[5.21791,50.87429],[5.22424,50.87382],[5.22446,50.87665],[5.23006,50.87732],[5.22973,50.87641],[5.23468,50.86705],[5.23645,50.86552],[5.24273,50.86703],[5.24506,50.8735],[5.24877,50.87494],[5.24875,50.88018],[5.24997,50.88153],[5.26059,50.88639],[5.2629,50.89211],[5.25783,50.89296],[5.25307,50.89269],[5.2492,50.89425],[5.23233,50.89382],[5.23008,50.89623],[5.22595,50.89681],[5.22514,50.89979],[5.22907,50.90475],[5.22772,50.90617],[5.22905,50.90879],[5.22803,50.91033],[5.22352,50.90768],[5.22137,50.90906],[5.21755,50.9089],[5.21555,50.90722],[5.21153,50.90916],[5.20934,50.90698],[5.20463,50.90416],[5.20377,50.90127],[5.19966,50.90353],[5.19572,50.90169],[5.19588,50.89894],[5.20164,50.89896],[5.20313,50.8967],[5.2011,50.89252],[5.19439,50.89351],[5.19466,50.89423],[5.18668,50.89375]]]}},{"type":"Feature","id":"71053","bbox":[5.106587,50.748893,5.286871,50.877323],"properties":{"nis":"71053","name":"Sint-Truiden","nameNl":"Sint-Truiden","nameFr":"Saint-Trond","nameDe":"Sint-Truiden","province":"limburg","region":"flanders","areaKm2":106.74},"geometry":{"type":"Polygon","coordinates":[[[5.15048,50.85797],[5.14844,50.85806],[5.14802,50.85241],[5.14561,50.85277],[5.13879,50.84957],[5.13706,50.84809],[5.1389,50.84635],[5.14453,50.84517],[5.14148,50.84058],[5.13902,50.83914],[5.13585,50.83524],[5.13455,50.83034],[5.13541,50.82721],[5.13823,50.82504],[5.13221,50.82044],[5.13048,50.81457],[5.13618,50.81147],[5.14274,50.80905],[5.14516,50.8094],[5.14971,50.81195],[5.15235,50.8095],[5.14697,50.80698],[5.14208,50.80313],[5.13266,50.79208],[5.11743,50.79256],[5.11363,50.78775],[5.11075,50.78615],[5.10659,50.77906],[5.10857,50.77748],[5.11125,50.77296],[5.11129,50.77076],[5.11441,50.76869],[5.11328,50.76742],[5.11693,50.76421],[5.12075,50.76397],[5.12231,50.76527],[5.12644,50.76393],[5.13132,50.76734],[5.13892,50.76686],[5.14526,50.7646],[5.151,50.76504],[5.15846,50.76276],[5.16361,50.76704],[5.17014,50.7661],[5.17207,50.7673],[5.17748,50.76673],[5.17902,50.7688],[5.18585,50.76637],[5.19135,50.7655],[5.19515,50.76391],[5.20124,50.7685],[5.20374,50.76723],[5.20576,50.77008],[5.20753,50.76922],[5.21091,50.77002],[5.23261,50.76845],[5.23371,50.7615],[5.23525,50.75606],[5.24152,50.74889],[5.24465,50.74997],[5.25157,50.75058],[5.25326,50.74983],[5.25562,50.75119],[5.25802,50.74973],[5.26059,50.75208],[5.26572,50.75299],[5.26838,50.75201],[5.26858,50.74996],[5.27246,50.75052],[5.27335,50.74911],[5.27605,50.75042],[5.26778,50.7535],[5.2668,50.75545],[5.26774,50.76011],[5.27108,50.76681],[5.27172,50.76956],[5.26884,50.77081],[5.27239,50.77393],[5.26594,50.77509],[5.28229,50.77917],[5.2857,50.77916],[5.28661,50.78333],[5.28242,50.78631],[5.2821,50.78851],[5.27963,50.79187],[5.27131,50.79136],[5.26511,50.79219],[5.25194,50.79183],[5.25053,50.79488],[5.25301,50.79777],[5.25113,50.801],[5.25201,50.80349],[5.25038,50.80723],[5.2553,50.809],[5.255,50.81173],[5.2532,50.81364],[5.26142,50.8165],[5.27743,50.82385],[5.28042,50.82617],[5.2841,50.82725],[5.2867,50.83082],[5.28229,50.83673],[5.27591,50.84091],[5.27672,50.84136],[5.2692,50.84565],[5.26733,50.84829],[5.26478,50.85435],[5.2601,50.85735],[5.25406,50.85974],[5.25146,50.8624],[5.24273,50.86703],[5.23645,50.86552],[5.23468,50.86705],[5.22973,50.87641],[5.23006,50.87732],[5.22446,50.87665],[5.22424,50.87382],[5.21791,50.87429],[5.21179,50.87549],[5.2072,50.87498],[5.2083,50.87407],[5.20958,50.86621],[5.20826,50.86226],[5.2023,50.85936],[5.20273,50.85542],[5.19611,50.85537],[5.19637,50.85465],[5.18755,50.85441],[5.18587,50.86047],[5.18046,50.85842],[5.17326,50.85768],[5.16552,50.85576],[5.1624,50.85244],[5.15785,50.85176],[5.16028,50.85528],[5.15909,50.85664],[5.15048,50.85797]]]}},{"type":"Feature","id":"71066","bbox":[5.301042,50.962832,5.465966,51.012492],"properties":{"nis":"71066","name":"Zonhoven","nameNl":"Zonhoven","nameFr":"Zonhoven","nameDe":"Zonhoven","province":"limburg","region":"flanders","areaKm2":39.56},"geometry":{"type":"Polygon","coordinates":[[[5.40133,50.96754],[5.42352,50.97487],[5.43035,50.98319],[5.43564,50.98622],[5.45012,50.99269],[5.46597,51.00123],[5.45673,51.0029],[5.40916,51.01207],[5.39602,51.01249],[5.37194,51.01225],[5.34798,51.01219],[5.32642,51.01207],[5.3248,51.01069],[5.32943,51.00534],[5.30633,50.99729],[5.30104,50.99622],[5.30297,50.9887],[5.30454,50.98575],[5.30987,50.98666],[5.31065,50.98159],[5.31227,50.97645],[5.31387,50.97763],[5.32127,50.97882],[5.32434,50.97793],[5.33553,50.96461],[5.33977,50.96283],[5.34505,50.96635],[5.35078,50.9682],[5.35425,50.96802],[5.36068,50.97097],[5.36377,50.97112],[5.37101,50.97322],[5.37076,50.97412],[5.3886,50.97784],[5.39729,50.97141],[5.40133,50.96754]]]}},{"type":"Feature","id":"71067","bbox":[5.528231,50.895066,5.613705,50.977342],"properties":{"nis":"71067","name":"Zutendaal","nameNl":"Zutendaal","nameFr":"Zutendaal","nameDe":"Zutendaal","province":"limburg","region":"flanders","areaKm2":31.96},"geometry":{"type":"Polygon","coordinates":[[[5.59516,50.97734],[5.56251,50.96466],[5.5598,50.96026],[5.55372,50.96432],[5.54983,50.9625],[5.54694,50.95872],[5.5467,50.95177],[5.54582,50.94997],[5.54631,50.94559],[5.5455,50.94117],[5.54586,50.9365],[5.54352,50.93043],[5.54363,50.92534],[5.52823,50.91396],[5.52989,50.91267],[5.53288,50.90565],[5.53905,50.90494],[5.54619,50.90523],[5.55142,50.90432],[5.55482,50.90686],[5.55981,50.90913],[5.56763,50.90905],[5.5778,50.90552],[5.58841,50.90073],[5.59805,50.89524],[5.60312,50.89535],[5.61371,50.89792],[5.61171,50.90275],[5.61146,50.91032],[5.60932,50.91786],[5.60569,50.92458],[5.60426,50.93445],[5.60359,50.94162],[5.60186,50.94857],[5.59532,50.9773],[5.59516,50.97734]]]}},{"type":"Feature","id":"71070","bbox":[5.224276,50.975178,5.351954,51.072668],"properties":{"nis":"71070","name":"Heusden-Zolder","nameNl":"Heusden-Zolder","nameFr":"Heusden-Zolder","nameDe":"Heusden-Zolder","province":"limburg","region":"flanders","areaKm2":53.2},"geometry":{"type":"Polygon","coordinates":[[[5.22509,51.03085],[5.22625,51.02871],[5.23277,51.02156],[5.23533,51.02021],[5.24046,51.01495],[5.24564,51.01239],[5.24915,51.01338],[5.25291,51.01053],[5.24932,51.00738],[5.24466,51.00554],[5.2434,51.0041],[5.23914,51.00289],[5.23212,51.00293],[5.22931,51.00163],[5.23095,50.99771],[5.2341,50.99675],[5.24019,50.99083],[5.23817,50.98906],[5.24467,50.98026],[5.25391,50.98124],[5.26011,50.97771],[5.26149,50.97934],[5.26513,50.98001],[5.26923,50.97641],[5.274,50.97829],[5.27337,50.97522],[5.27644,50.97581],[5.28057,50.9784],[5.28535,50.97976],[5.28854,50.97829],[5.29228,50.97928],[5.29306,50.97627],[5.29947,50.9799],[5.3017,50.97715],[5.31065,50.98159],[5.30987,50.98666],[5.30454,50.98575],[5.30297,50.9887],[5.30104,50.99622],[5.30633,50.99729],[5.32943,51.00534],[5.3248,51.01069],[5.32642,51.01207],[5.34798,51.01219],[5.35015,51.02091],[5.35195,51.02567],[5.34701,51.03303],[5.34412,51.03571],[5.33892,51.03888],[5.33725,51.04186],[5.3371,51.04559],[5.33553,51.05228],[5.33937,51.07267],[5.32739,51.0659],[5.32611,51.0646],[5.31104,51.05806],[5.30177,51.0569],[5.30037,51.05466],[5.29297,51.05295],[5.28146,51.04859],[5.27275,51.04763],[5.27226,51.04887],[5.26793,51.04911],[5.26743,51.04738],[5.26447,51.04988],[5.25538,51.05049],[5.24861,51.04768],[5.24939,51.04642],[5.24733,51.04453],[5.25099,51.04001],[5.252,51.03717],[5.24215,51.03407],[5.23711,51.03416],[5.23018,51.03146],[5.22509,51.03085]]]}},{"type":"Feature","id":"71071","bbox":[4.98008,51.015452,5.23035,51.140592],"properties":{"nis":"71071","name":"Tessenderlo-Ham","nameNl":"Tessenderlo-Ham","nameFr":"Tessenderlo-Ham","nameDe":"Tessenderlo-Ham","province":"limburg","region":"flanders","areaKm2":84.11},"geometry":{"type":"Polygon","coordinates":[[[5.20534,51.10066],[5.20217,51.10518],[5.20148,51.10796],[5.206,51.1089],[5.20897,51.11043],[5.21782,51.12899],[5.22908,51.13231],[5.23035,51.13395],[5.22266,51.13905],[5.21215,51.14053],[5.20461,51.13961],[5.20583,51.13751],[5.20342,51.12935],[5.19923,51.12488],[5.18192,51.1182],[5.1807,51.1188],[5.172,51.11774],[5.16839,51.11939],[5.16005,51.11774],[5.15837,51.11864],[5.15132,51.11937],[5.1467,51.11725],[5.14207,51.11611],[5.13389,51.11796],[5.13022,51.11659],[5.12984,51.11244],[5.12683,51.10834],[5.11845,51.10381],[5.11305,51.10194],[5.10849,51.09862],[5.10285,51.09654],[5.10038,51.09375],[5.09714,51.0909],[5.09614,51.08733],[5.09425,51.08546],[5.08841,51.08462],[5.08688,51.08355],[5.06328,51.08102],[5.06199,51.0796],[5.05671,51.07899],[5.05498,51.07736],[5.05225,51.07776],[5.04932,51.07633],[5.04586,51.07674],[5.04197,51.07535],[5.03827,51.07562],[5.03492,51.07374],[5.02834,51.07406],[5.02669,51.07311],[5.02131,51.07303],[5.01536,51.07422],[5.01072,51.07387],[5.01226,51.06886],[5.00919,51.06326],[5.00869,51.05737],[4.99729,51.05614],[4.99787,51.05417],[4.9816,51.03488],[4.98012,51.03234],[4.98437,51.03068],[5.00301,51.03496],[5.00947,51.0389],[5.01055,51.03463],[5.01791,51.02761],[5.01882,51.02402],[5.02223,51.01991],[5.04037,51.02241],[5.04366,51.02443],[5.05581,51.02186],[5.05821,51.01545],[5.06182,51.01687],[5.06655,51.01747],[5.07155,51.02076],[5.07949,51.02197],[5.08345,51.02391],[5.08243,51.02827],[5.08044,51.02914],[5.08044,51.03345],[5.07872,51.03767],[5.07796,51.0428],[5.07937,51.04746],[5.08666,51.04967],[5.10273,51.04797],[5.11267,51.0483],[5.11664,51.04956],[5.12162,51.04764],[5.12625,51.05125],[5.13126,51.05414],[5.12877,51.05413],[5.13466,51.05593],[5.14767,51.05729],[5.15644,51.06049],[5.16083,51.06036],[5.16689,51.06206],[5.1679,51.06331],[5.16618,51.06515],[5.17364,51.07179],[5.17709,51.07306],[5.18389,51.07702],[5.18969,51.07875],[5.19272,51.07752],[5.1938,51.0787],[5.19174,51.08036],[5.19776,51.08805],[5.20367,51.09323],[5.2029,51.09595],[5.20652,51.09737],[5.20534,51.10066]]]}},{"type":"Feature","id":"71072","bbox":[5.212126,50.807774,5.450137,50.981595],"properties":{"nis":"71072","name":"Hasselt","nameNl":"Hasselt","nameFr":"Hasselt","nameDe":"Hasselt","province":"limburg","region":"flanders","areaKm2":136.07},"geometry":{"type":"Polygon","coordinates":[[[5.2492,50.89425],[5.24918,50.8996],[5.25464,50.90308],[5.26417,50.90525],[5.26754,50.90785],[5.26966,50.90784],[5.27316,50.91029],[5.27733,50.90986],[5.28388,50.90478],[5.28263,50.90149],[5.28712,50.89887],[5.29838,50.89753],[5.30097,50.89802],[5.30637,50.89673],[5.30958,50.89522],[5.31352,50.89139],[5.31809,50.88901],[5.32615,50.88775],[5.32831,50.88658],[5.33359,50.88632],[5.33624,50.88716],[5.33951,50.88573],[5.34643,50.88581],[5.34719,50.88389],[5.34712,50.8776],[5.34946,50.87483],[5.35201,50.86756],[5.35497,50.86413],[5.35477,50.86187],[5.35903,50.86072],[5.35973,50.8589],[5.36378,50.85527],[5.36247,50.8537],[5.36419,50.85006],[5.36789,50.84716],[5.37143,50.84568],[5.37226,50.8427],[5.37557,50.84044],[5.38094,50.84515],[5.38591,50.84531],[5.38683,50.84377],[5.3844,50.84061],[5.38962,50.83912],[5.38959,50.83708],[5.39956,50.83319],[5.4014,50.83008],[5.40317,50.83161],[5.40596,50.83057],[5.4032,50.82769],[5.40363,50.82527],[5.40019,50.8213],[5.40219,50.81637],[5.40221,50.81118],[5.40754,50.80805],[5.41209,50.80891],[5.41586,50.80816],[5.4235,50.81437],[5.43316,50.81915],[5.42916,50.82134],[5.43432,50.82162],[5.43749,50.82772],[5.44249,50.8302],[5.44479,50.83218],[5.44146,50.83478],[5.43564,50.84391],[5.43653,50.84647],[5.4392,50.84641],[5.44417,50.84792],[5.45014,50.85074],[5.44577,50.85532],[5.44516,50.85841],[5.44615,50.86992],[5.44927,50.87651],[5.44402,50.87917],[5.43586,50.88214],[5.42651,50.88051],[5.42154,50.87759],[5.40957,50.87614],[5.40713,50.87419],[5.40056,50.87872],[5.39709,50.8803],[5.39336,50.87985],[5.3876,50.88034],[5.38205,50.87927],[5.37704,50.87983],[5.37622,50.88079],[5.36936,50.88336],[5.36678,50.88341],[5.36957,50.88601],[5.36774,50.88688],[5.36913,50.89093],[5.37362,50.89453],[5.3682,50.89846],[5.36518,50.90548],[5.36621,50.90757],[5.37247,50.91018],[5.38086,50.91675],[5.37829,50.91986],[5.37523,50.9215],[5.37505,50.9243],[5.37683,50.92686],[5.37326,50.9288],[5.37606,50.93153],[5.39302,50.9358],[5.39784,50.93633],[5.40346,50.9388],[5.40819,50.94008],[5.41494,50.9437],[5.40085,50.95417],[5.39474,50.95377],[5.3873,50.95716],[5.38432,50.95949],[5.39352,50.96491],[5.40133,50.96754],[5.39729,50.97141],[5.3886,50.97784],[5.37076,50.97412],[5.37101,50.97322],[5.36377,50.97112],[5.36068,50.97097],[5.35425,50.96802],[5.35078,50.9682],[5.34505,50.96635],[5.33977,50.96283],[5.33553,50.96461],[5.32434,50.97793],[5.32127,50.97882],[5.31387,50.97763],[5.31227,50.97645],[5.31065,50.98159],[5.3017,50.97715],[5.29947,50.9799],[5.29306,50.97627],[5.29228,50.97928],[5.28854,50.97829],[5.28535,50.97976],[5.28057,50.9784],[5.27644,50.97581],[5.27337,50.97522],[5.274,50.97829],[5.26923,50.97641],[5.26513,50.98001],[5.26149,50.97934],[5.26011,50.97771],[5.25391,50.98124],[5.24467,50.98026],[5.24953,50.97257],[5.24459,50.97332],[5.23859,50.96851],[5.23872,50.9653],[5.22721,50.96493],[5.22429,50.96693],[5.22254,50.9661],[5.22218,50.96126],[5.22754,50.95773],[5.22295,50.9509],[5.21867,50.94799],[5.21598,50.93884],[5.21215,50.92928],[5.21362,50.92984],[5.22774,50.92446],[5.22588,50.92189],[5.22604,50.91833],[5.22938,50.91623],[5.22997,50.9143],[5.22803,50.91033],[5.22905,50.90879],[5.22772,50.90617],[5.22907,50.90475],[5.22514,50.89979],[5.22595,50.89681],[5.23008,50.89623],[5.23233,50.89382],[5.2492,50.89425]]]}},{"type":"Feature","id":"72003","bbox":[5.477444,51.130542,5.65946,51.222902],"properties":{"nis":"72003","name":"Bocholt","nameNl":"Bocholt","nameFr":"Bocholt","nameDe":"Bocholt","province":"limburg","region":"flanders","areaKm2":59.07},"geometry":{"type":"Polygon","coordinates":[[[5.65819,51.18447],[5.65804,51.18474],[5.64974,51.19362],[5.65408,51.19424],[5.65273,51.19766],[5.64647,51.19994],[5.63638,51.20286],[5.56045,51.22232],[5.56031,51.2229],[5.55079,51.21976],[5.53962,51.21713],[5.53611,51.21382],[5.53064,51.20993],[5.52462,51.2147],[5.52069,51.21104],[5.51143,51.21335],[5.49797,51.21341],[5.49921,51.20787],[5.4965,51.20672],[5.49041,51.20623],[5.48913,51.204],[5.48917,51.20077],[5.48625,51.19617],[5.48613,51.19428],[5.48339,51.19124],[5.47744,51.18822],[5.48289,51.1822],[5.4886,51.1774],[5.49897,51.17797],[5.50452,51.17734],[5.51423,51.17495],[5.52931,51.17321],[5.5336,51.1741],[5.54057,51.16201],[5.54318,51.15381],[5.54762,51.14998],[5.5424,51.14804],[5.53353,51.14717],[5.53233,51.14634],[5.54645,51.13054],[5.55726,51.13772],[5.5576,51.1388],[5.56418,51.14342],[5.56582,51.14347],[5.57885,51.15218],[5.5748,51.15605],[5.57678,51.15685],[5.57406,51.15893],[5.57913,51.16301],[5.58308,51.16238],[5.58722,51.16414],[5.59332,51.16536],[5.60244,51.16925],[5.60624,51.17292],[5.60797,51.17269],[5.61043,51.17538],[5.6149,51.1769],[5.62716,51.17915],[5.63165,51.17959],[5.63899,51.17914],[5.65946,51.18264],[5.65819,51.18447]]]}},{"type":"Feature","id":"72004","bbox":[5.546453,51.102516,5.718485,51.184465],"properties":{"nis":"72004","name":"Bree","nameNl":"Bree","nameFr":"Brée","nameDe":"Bree","province":"limburg","region":"flanders","areaKm2":64.75},"geometry":{"type":"Polygon","coordinates":[[[5.65819,51.18447],[5.65946,51.18264],[5.63899,51.17914],[5.63165,51.17959],[5.62716,51.17915],[5.6149,51.1769],[5.61043,51.17538],[5.60797,51.17269],[5.60624,51.17292],[5.60244,51.16925],[5.59332,51.16536],[5.58722,51.16414],[5.58308,51.16238],[5.57913,51.16301],[5.57406,51.15893],[5.57678,51.15685],[5.5748,51.15605],[5.57885,51.15218],[5.56582,51.14347],[5.56418,51.14342],[5.5576,51.1388],[5.55726,51.13772],[5.54645,51.13054],[5.55265,51.12296],[5.55768,51.12086],[5.56662,51.11067],[5.57007,51.10749],[5.57799,51.10953],[5.58735,51.11034],[5.60141,51.11304],[5.61523,51.11455],[5.61841,51.1138],[5.63187,51.11439],[5.62999,51.11094],[5.6343,51.10706],[5.63548,51.10381],[5.64312,51.10318],[5.64371,51.10486],[5.64703,51.10691],[5.65209,51.10432],[5.65606,51.10587],[5.6587,51.10336],[5.6603,51.10522],[5.66286,51.10254],[5.66632,51.1046],[5.66624,51.1083],[5.66856,51.11352],[5.66622,51.11482],[5.67066,51.11559],[5.67805,51.11869],[5.6739,51.12248],[5.67662,51.12308],[5.67398,51.12755],[5.67798,51.1284],[5.67999,51.12781],[5.68548,51.12928],[5.69046,51.12876],[5.69664,51.12939],[5.70183,51.12854],[5.70585,51.12961],[5.71398,51.12688],[5.71848,51.12692],[5.71227,51.13598],[5.70601,51.13851],[5.71251,51.14439],[5.71251,51.14581],[5.70365,51.15488],[5.69855,51.15671],[5.68335,51.16693],[5.68154,51.17093],[5.67555,51.17633],[5.65819,51.18447]]]}},{"type":"Feature","id":"72018","bbox":[5.658042,51.119846,5.855783,51.189499],"properties":{"nis":"72018","name":"Kinrooi","nameNl":"Kinrooi","nameFr":"Kinrooi","nameDe":"Kinrooi","province":"limburg","region":"flanders","areaKm2":54.6},"geometry":{"type":"Polygon","coordinates":[[[5.81418,51.12085],[5.8207,51.12675],[5.8249,51.12934],[5.82877,51.13033],[5.84012,51.13084],[5.84233,51.13221],[5.84399,51.13551],[5.84429,51.13921],[5.84679,51.14138],[5.85578,51.14463],[5.846,51.14872],[5.84029,51.15233],[5.83635,51.15368],[5.83861,51.15709],[5.83301,51.15895],[5.83331,51.1613],[5.82756,51.16613],[5.82431,51.16784],[5.81572,51.16278],[5.81386,51.15875],[5.80626,51.16284],[5.80211,51.16093],[5.80258,51.15948],[5.79649,51.15716],[5.79198,51.15713],[5.78651,51.15474],[5.78509,51.15311],[5.77764,51.1513],[5.77667,51.1544],[5.77481,51.15471],[5.77948,51.15938],[5.7794,51.16332],[5.77679,51.1632],[5.77636,51.16533],[5.77446,51.16394],[5.77019,51.16422],[5.76957,51.16908],[5.77704,51.17055],[5.77937,51.17216],[5.77362,51.17276],[5.77673,51.17849],[5.76716,51.18369],[5.75596,51.18446],[5.75687,51.1854],[5.75337,51.18634],[5.74909,51.18868],[5.74564,51.1895],[5.7401,51.18655],[5.73383,51.1862],[5.71968,51.1847],[5.71448,51.18351],[5.70934,51.18042],[5.708,51.18205],[5.70129,51.18248],[5.70161,51.18379],[5.69644,51.18394],[5.69533,51.18258],[5.69154,51.18374],[5.6897,51.18538],[5.67659,51.18273],[5.67623,51.18465],[5.67247,51.1856],[5.66397,51.18625],[5.65804,51.18474],[5.65819,51.18447],[5.67555,51.17633],[5.68154,51.17093],[5.68335,51.16693],[5.69855,51.15671],[5.70365,51.15488],[5.71251,51.14581],[5.71251,51.14439],[5.70601,51.13851],[5.71227,51.13598],[5.71848,51.12692],[5.72173,51.12639],[5.72609,51.12834],[5.73371,51.12891],[5.73777,51.12986],[5.74285,51.12833],[5.75117,51.12704],[5.76043,51.12635],[5.77062,51.12183],[5.7872,51.11993],[5.80534,51.11985],[5.81418,51.12085]]]}},{"type":"Feature","id":"72020","bbox":[5.214631,51.157627,5.41741,51.275764],"properties":{"nis":"72020","name":"Lommel","nameNl":"Lommel","nameFr":"Lommel","nameDe":"Lommel","province":"limburg","region":"flanders","areaKm2":101.87},"geometry":{"type":"Polygon","coordinates":[[[5.32014,51.18123],[5.34728,51.20238],[5.36146,51.21471],[5.38886,51.23801],[5.39345,51.24173],[5.41741,51.26228],[5.39612,51.26694],[5.34614,51.27576],[5.34634,51.27305],[5.34343,51.26935],[5.34265,51.26593],[5.33648,51.26307],[5.31598,51.26353],[5.29615,51.26148],[5.26312,51.2668],[5.23789,51.26136],[5.23716,51.2612],[5.21649,51.24729],[5.21606,51.24543],[5.21463,51.22073],[5.21718,51.21141],[5.22223,51.21111],[5.22832,51.20419],[5.23886,51.20098],[5.24792,51.19396],[5.26025,51.18381],[5.26096,51.18191],[5.26055,51.17595],[5.26134,51.15844],[5.27816,51.15911],[5.2808,51.1596],[5.28892,51.15792],[5.2892,51.15925],[5.29412,51.16131],[5.32014,51.18123]]]}},{"type":"Feature","id":"72021","bbox":[5.60732,51.018778,5.833827,51.129861],"properties":{"nis":"72021","name":"Maaseik","nameNl":"Maaseik","nameFr":"Maaseik","nameDe":"Maaseik","province":"limburg","region":"flanders","areaKm2":76.91},"geometry":{"type":"Polygon","coordinates":[[[5.79755,51.07356],[5.8005,51.07568],[5.80419,51.07693],[5.80487,51.07963],[5.80339,51.08221],[5.79885,51.08578],[5.79713,51.08618],[5.79511,51.08962],[5.79875,51.09352],[5.80259,51.09515],[5.80826,51.09634],[5.81399,51.09559],[5.82266,51.09232],[5.82556,51.09269],[5.831,51.09572],[5.83383,51.10097],[5.83278,51.1046],[5.82889,51.10704],[5.82357,51.10815],[5.81297,51.10789],[5.81,51.10965],[5.80794,51.11304],[5.80985,51.11842],[5.81418,51.12085],[5.80534,51.11985],[5.7872,51.11993],[5.77062,51.12183],[5.76043,51.12635],[5.75117,51.12704],[5.74285,51.12833],[5.73777,51.12986],[5.73371,51.12891],[5.72609,51.12834],[5.72173,51.12639],[5.71848,51.12692],[5.71398,51.12688],[5.70585,51.12961],[5.70183,51.12854],[5.69664,51.12939],[5.69046,51.12876],[5.68548,51.12928],[5.67999,51.12781],[5.67798,51.1284],[5.67398,51.12755],[5.67662,51.12308],[5.6739,51.12248],[5.67805,51.11869],[5.67066,51.11559],[5.66622,51.11482],[5.66856,51.11352],[5.66624,51.1083],[5.66632,51.1046],[5.66286,51.10254],[5.66167,51.09503],[5.65961,51.09183],[5.66073,51.09036],[5.66607,51.08916],[5.66513,51.08633],[5.66134,51.08537],[5.66039,51.08327],[5.65479,51.08261],[5.65347,51.07822],[5.64577,51.07477],[5.63683,51.07143],[5.63488,51.06977],[5.63523,51.06714],[5.62693,51.06745],[5.62694,51.06503],[5.63231,51.06377],[5.62541,51.05768],[5.62935,51.05707],[5.62968,51.05417],[5.62231,51.04994],[5.62508,51.04901],[5.62209,51.04781],[5.62077,51.04592],[5.6148,51.04217],[5.61383,51.03959],[5.60734,51.03746],[5.60732,51.03706],[5.64303,51.01878],[5.66486,51.03631],[5.67106,51.0617],[5.67547,51.06964],[5.69478,51.05923],[5.70794,51.07341],[5.74116,51.08108],[5.74571,51.08119],[5.74629,51.07958],[5.75103,51.07919],[5.76165,51.08235],[5.76202,51.08096],[5.76921,51.07922],[5.77066,51.07751],[5.7772,51.07562],[5.7846,51.07615],[5.78301,51.07115],[5.77734,51.07006],[5.77696,51.06828],[5.7803,51.06697],[5.7817,51.0648],[5.78654,51.06117],[5.79137,51.06244],[5.79354,51.06604],[5.79433,51.07071],[5.79755,51.07356]]]}},{"type":"Feature","id":"72030","bbox":[5.389209,51.054994,5.547618,51.189498],"properties":{"nis":"72030","name":"Peer","nameNl":"Peer","nameFr":"Peer","nameDe":"Peer","province":"limburg","region":"flanders","areaKm2":86.92},"geometry":{"type":"Polygon","coordinates":[[[5.47744,51.18822],[5.46165,51.1895],[5.44685,51.18655],[5.4376,51.18204],[5.43706,51.17787],[5.4381,51.17454],[5.43622,51.17028],[5.43713,51.16407],[5.43045,51.15821],[5.4275,51.15784],[5.41767,51.15162],[5.41833,51.1487],[5.41401,51.14491],[5.40691,51.14249],[5.39943,51.13886],[5.39638,51.13586],[5.39607,51.13253],[5.39824,51.12913],[5.39304,51.12246],[5.39398,51.12177],[5.39183,51.11897],[5.3916,51.11567],[5.38959,51.11326],[5.38982,51.1111],[5.39281,51.11008],[5.39284,51.10636],[5.39623,51.10402],[5.40373,51.09899],[5.41105,51.08924],[5.4232,51.0768],[5.42655,51.07614],[5.4544,51.05499],[5.48236,51.06212],[5.48486,51.08292],[5.48159,51.08675],[5.48378,51.09087],[5.48283,51.09281],[5.47947,51.09384],[5.4763,51.09928],[5.4742,51.10031],[5.47573,51.10597],[5.47959,51.10737],[5.49128,51.11448],[5.5019,51.11865],[5.50834,51.11963],[5.51027,51.12208],[5.51552,51.1246],[5.51283,51.12664],[5.51732,51.12781],[5.51821,51.12936],[5.5122,51.13001],[5.51004,51.13103],[5.51159,51.13264],[5.52136,51.13549],[5.52184,51.13784],[5.52682,51.14247],[5.53233,51.14634],[5.53353,51.14717],[5.5424,51.14804],[5.54762,51.14998],[5.54318,51.15381],[5.54057,51.16201],[5.5336,51.1741],[5.52931,51.17321],[5.51423,51.17495],[5.50452,51.17734],[5.49897,51.17797],[5.4886,51.1774],[5.48289,51.1822],[5.47744,51.18822]]]}},{"type":"Feature","id":"72037","bbox":[5.43839,51.209932,5.56031,51.300165],"properties":{"nis":"72037","name":"Hamont-Achel","nameNl":"Hamont-Achel","nameFr":"Hamont-Achel","nameDe":"Hamont-Achel","province":"limburg","region":"flanders","areaKm2":43.57},"geometry":{"type":"Polygon","coordinates":[[[5.43839,51.27606],[5.44082,51.27452],[5.45507,51.26157],[5.46776,51.25487],[5.46829,51.24921],[5.46644,51.24227],[5.46774,51.23882],[5.50094,51.24522],[5.50449,51.23948],[5.51528,51.23049],[5.51881,51.23036],[5.52002,51.22864],[5.52646,51.22381],[5.52906,51.2227],[5.52524,51.22135],[5.52706,51.21991],[5.52345,51.21572],[5.52462,51.2147],[5.53064,51.20993],[5.53611,51.21382],[5.53962,51.21713],[5.55079,51.21976],[5.56031,51.2229],[5.55521,51.2444],[5.55659,51.25024],[5.55599,51.25439],[5.55787,51.26278],[5.55619,51.26666],[5.54446,51.27129],[5.52868,51.28176],[5.51901,51.28948],[5.51577,51.2952],[5.48757,51.29974],[5.48302,51.30016],[5.4832,51.29865],[5.47761,51.29497],[5.47689,51.29139],[5.47023,51.28815],[5.46484,51.28457],[5.44178,51.28211],[5.4412,51.27971],[5.43839,51.27606]]]}},{"type":"Feature","id":"72038","bbox":[5.26094,51.087747,5.437584,51.181885],"properties":{"nis":"72038","name":"Hechtel-Eksel","nameNl":"Hechtel-Eksel","nameFr":"Hechtel-Eksel","nameDe":"Hechtel-Eksel","province":"limburg","region":"flanders","areaKm2":76.4},"geometry":{"type":"Polygon","coordinates":[[[5.30087,51.10576],[5.31393,51.0983],[5.33261,51.09313],[5.33876,51.09552],[5.34184,51.09516],[5.35071,51.09596],[5.36131,51.09375],[5.36239,51.09016],[5.37591,51.09267],[5.3771,51.08775],[5.39037,51.08879],[5.39385,51.0955],[5.39623,51.10402],[5.39284,51.10636],[5.39281,51.11008],[5.38982,51.1111],[5.38959,51.11326],[5.3916,51.11567],[5.39183,51.11897],[5.39398,51.12177],[5.39304,51.12246],[5.39824,51.12913],[5.39607,51.13253],[5.39638,51.13586],[5.39943,51.13886],[5.40691,51.14249],[5.41401,51.14491],[5.41833,51.1487],[5.41767,51.15162],[5.4275,51.15784],[5.43045,51.15821],[5.43713,51.16407],[5.43622,51.17028],[5.43376,51.1718],[5.42574,51.17325],[5.42039,51.17299],[5.41479,51.16879],[5.40989,51.16426],[5.40822,51.16496],[5.40788,51.16767],[5.4047,51.16737],[5.40292,51.16991],[5.40007,51.17071],[5.39892,51.16773],[5.39474,51.16445],[5.39297,51.16696],[5.38634,51.16991],[5.38529,51.17372],[5.38338,51.17678],[5.35883,51.18189],[5.33231,51.17601],[5.32014,51.18123],[5.29412,51.16131],[5.2892,51.15925],[5.28892,51.15792],[5.2808,51.1596],[5.27816,51.15911],[5.26134,51.15844],[5.26225,51.14863],[5.26098,51.14697],[5.2802,51.131],[5.29137,51.11638],[5.30087,51.10576]]]}},{"type":"Feature","id":"72039","bbox":[5.335519,51.001227,5.522174,51.104018],"properties":{"nis":"72039","name":"Houthalen-Helchteren","nameNl":"Houthalen-Helchteren","nameFr":"Houthalen-Helchteren","nameDe":"Houthalen-Helchteren","province":"limburg","region":"flanders","areaKm2":77.96},"geometry":{"type":"Polygon","coordinates":[[[5.33937,51.07267],[5.33553,51.05228],[5.3371,51.04559],[5.33725,51.04186],[5.33892,51.03888],[5.34412,51.03571],[5.34701,51.03303],[5.35195,51.02567],[5.35015,51.02091],[5.34798,51.01219],[5.37194,51.01225],[5.39602,51.01249],[5.40916,51.01207],[5.45673,51.0029],[5.46597,51.00123],[5.46824,51.00339],[5.48662,51.01465],[5.49508,51.02077],[5.50667,51.01875],[5.51828,51.01881],[5.52217,51.02952],[5.51789,51.03005],[5.50875,51.03014],[5.50937,51.03331],[5.47528,51.03742],[5.4544,51.05499],[5.42655,51.07614],[5.4232,51.0768],[5.41105,51.08924],[5.40373,51.09899],[5.39623,51.10402],[5.39385,51.0955],[5.39037,51.08879],[5.3771,51.08775],[5.37591,51.09267],[5.36239,51.09016],[5.36131,51.09375],[5.35071,51.09596],[5.34184,51.09516],[5.34111,51.09367],[5.34419,51.084],[5.33937,51.07267]]]}},{"type":"Feature","id":"72041","bbox":[5.622476,50.995851,5.801168,51.082352],"properties":{"nis":"72041","name":"Dilsen-Stokkem","nameNl":"Dilsen-Stokkem","nameFr":"Dilsen-Stokkem","nameDe":"Dilsen-Stockheim","province":"limburg","region":"flanders","areaKm2":65.64},"geometry":{"type":"Polygon","coordinates":[[[5.64303,51.01878],[5.64215,51.01807],[5.62623,51.01765],[5.62546,51.01683],[5.62248,50.99922],[5.63573,50.99585],[5.66013,50.99661],[5.66494,50.99845],[5.67612,51.00171],[5.68756,51.00228],[5.71254,51.00403],[5.71087,51.00023],[5.71577,50.99802],[5.7182,51.00086],[5.72336,50.99991],[5.72456,51.00138],[5.72774,51.00052],[5.7283,51.00245],[5.73455,51.00376],[5.73182,51.00514],[5.7346,51.00669],[5.7377,51.00572],[5.74087,51.00732],[5.74425,51.01227],[5.74938,51.01026],[5.74921,51.0076],[5.7631,51.00777],[5.76601,51.00879],[5.76697,51.01237],[5.77203,51.01788],[5.77564,51.02068],[5.77641,51.02331],[5.77285,51.02743],[5.76797,51.02906],[5.76082,51.03001],[5.758,51.03366],[5.75961,51.03674],[5.76641,51.04253],[5.77076,51.04919],[5.77256,51.0563],[5.77167,51.05989],[5.77466,51.06298],[5.78324,51.06186],[5.78784,51.0597],[5.79318,51.05853],[5.79877,51.05967],[5.80106,51.06402],[5.79661,51.07182],[5.79755,51.07356],[5.79433,51.07071],[5.79354,51.06604],[5.79137,51.06244],[5.78654,51.06117],[5.7817,51.0648],[5.7803,51.06697],[5.77696,51.06828],[5.77734,51.07006],[5.78301,51.07115],[5.7846,51.07615],[5.7772,51.07562],[5.77066,51.07751],[5.76921,51.07922],[5.76202,51.08096],[5.76165,51.08235],[5.75103,51.07919],[5.74629,51.07958],[5.74571,51.08119],[5.74116,51.08108],[5.70794,51.07341],[5.69478,51.05923],[5.67547,51.06964],[5.67106,51.0617],[5.66486,51.03631],[5.64303,51.01878]]]}},{"type":"Feature","id":"72042","bbox":[5.454384,51.018767,5.666067,51.146348],"properties":{"nis":"72042","name":"Oudsbergen","nameNl":"Oudsbergen","nameFr":"Oudsbergen","nameDe":"Oudsbergen","province":"limburg","region":"flanders","areaKm2":115.95},"geometry":{"type":"Polygon","coordinates":[[[5.60734,51.03746],[5.61383,51.03959],[5.6148,51.04217],[5.62077,51.04592],[5.62209,51.04781],[5.62508,51.04901],[5.62231,51.04994],[5.62968,51.05417],[5.62935,51.05707],[5.62541,51.05768],[5.63231,51.06377],[5.62694,51.06503],[5.62693,51.06745],[5.63523,51.06714],[5.63488,51.06977],[5.63683,51.07143],[5.64577,51.07477],[5.65347,51.07822],[5.65479,51.08261],[5.66039,51.08327],[5.66134,51.08537],[5.66513,51.08633],[5.66607,51.08916],[5.66073,51.09036],[5.65961,51.09183],[5.66167,51.09503],[5.66286,51.10254],[5.6603,51.10522],[5.6587,51.10336],[5.65606,51.10587],[5.65209,51.10432],[5.64703,51.10691],[5.64371,51.10486],[5.64312,51.10318],[5.63548,51.10381],[5.6343,51.10706],[5.62999,51.11094],[5.63187,51.11439],[5.61841,51.1138],[5.61523,51.11455],[5.60141,51.11304],[5.58735,51.11034],[5.57799,51.10953],[5.57007,51.10749],[5.56662,51.11067],[5.55768,51.12086],[5.55265,51.12296],[5.54645,51.13054],[5.53233,51.14634],[5.52682,51.14247],[5.52184,51.13784],[5.52136,51.13549],[5.51159,51.13264],[5.51004,51.13103],[5.5122,51.13001],[5.51821,51.12936],[5.51732,51.12781],[5.51283,51.12664],[5.51552,51.1246],[5.51027,51.12208],[5.50834,51.11963],[5.5019,51.11865],[5.49128,51.11448],[5.47959,51.10737],[5.47573,51.10597],[5.4742,51.10031],[5.4763,51.09928],[5.47947,51.09384],[5.48283,51.09281],[5.48378,51.09087],[5.48159,51.08675],[5.48486,51.08292],[5.48236,51.06212],[5.4544,51.05499],[5.47528,51.03742],[5.50937,51.03331],[5.50875,51.03014],[5.51789,51.03005],[5.52217,51.02952],[5.51828,51.01881],[5.5289,51.01888],[5.56684,51.02259],[5.57154,51.02359],[5.5868,51.02008],[5.58996,51.01877],[5.59424,51.0208],[5.59584,51.02294],[5.60264,51.0284],[5.60446,51.032],[5.60438,51.03502],[5.60734,51.03746]]]}},{"type":"Feature","id":"72043","bbox":[5.320141,51.164261,5.529057,51.276399],"properties":{"nis":"72043","name":"Pelt","nameNl":"Pelt","nameFr":"Pelt","nameDe":"Pelt","province":"limburg","region":"flanders","areaKm2":83.48},"geometry":{"type":"Polygon","coordinates":[[[5.43839,51.27606],[5.4333,51.27633],[5.42564,51.26925],[5.41741,51.26228],[5.39345,51.24173],[5.38886,51.23801],[5.36146,51.21471],[5.34728,51.20238],[5.32014,51.18123],[5.33231,51.17601],[5.35883,51.18189],[5.38338,51.17678],[5.38529,51.17372],[5.38634,51.16991],[5.39297,51.16696],[5.39474,51.16445],[5.39892,51.16773],[5.40007,51.17071],[5.40292,51.16991],[5.4047,51.16737],[5.40788,51.16767],[5.40822,51.16496],[5.40989,51.16426],[5.41479,51.16879],[5.42039,51.17299],[5.42574,51.17325],[5.43376,51.1718],[5.43622,51.17028],[5.4381,51.17454],[5.43706,51.17787],[5.4376,51.18204],[5.44685,51.18655],[5.46165,51.1895],[5.47744,51.18822],[5.48339,51.19124],[5.48613,51.19428],[5.48625,51.19617],[5.48917,51.20077],[5.48913,51.204],[5.49041,51.20623],[5.4965,51.20672],[5.49921,51.20787],[5.49797,51.21341],[5.51143,51.21335],[5.52069,51.21104],[5.52462,51.2147],[5.52345,51.21572],[5.52706,51.21991],[5.52524,51.22135],[5.52906,51.2227],[5.52646,51.22381],[5.52002,51.22864],[5.51881,51.23036],[5.51528,51.23049],[5.50449,51.23948],[5.50094,51.24522],[5.46774,51.23882],[5.46644,51.24227],[5.46829,51.24921],[5.46776,51.25487],[5.45507,51.26157],[5.44082,51.27452],[5.43839,51.27606]]]}},{"type":"Feature","id":"73001","bbox":[5.242123,50.853666,5.352005,50.910384],"properties":{"nis":"73001","name":"Alken","nameNl":"Alken","nameFr":"Alken","nameDe":"Alken","province":"limburg","region":"flanders","areaKm2":28.13},"geometry":{"type":"Polygon","coordinates":[[[5.2492,50.89425],[5.25307,50.89269],[5.25783,50.89296],[5.2629,50.89211],[5.26059,50.88639],[5.24997,50.88153],[5.24875,50.88018],[5.24877,50.87494],[5.24506,50.8735],[5.24273,50.86703],[5.25146,50.8624],[5.25406,50.85974],[5.2601,50.85735],[5.26478,50.85435],[5.27026,50.85392],[5.283,50.85367],[5.29062,50.85504],[5.30065,50.85602],[5.3067,50.85808],[5.30978,50.85982],[5.31249,50.86385],[5.31541,50.86531],[5.3224,50.86606],[5.33032,50.86628],[5.33711,50.86707],[5.34631,50.86662],[5.35201,50.86756],[5.34946,50.87483],[5.34712,50.8776],[5.34719,50.88389],[5.34643,50.88581],[5.33951,50.88573],[5.33624,50.88716],[5.33359,50.88632],[5.32831,50.88658],[5.32615,50.88775],[5.31809,50.88901],[5.31352,50.89139],[5.30958,50.89522],[5.30637,50.89673],[5.30097,50.89802],[5.29838,50.89753],[5.28712,50.89887],[5.28263,50.90149],[5.28388,50.90478],[5.27733,50.90986],[5.27316,50.91029],[5.26966,50.90784],[5.26754,50.90785],[5.26417,50.90525],[5.25464,50.90308],[5.24918,50.8996],[5.2492,50.89425]]]}},{"type":"Feature","id":"73022","bbox":[5.234356,50.7151,5.402205,50.791873],"properties":{"nis":"73022","name":"Heers","nameNl":"Heers","nameFr":"Heers","nameDe":"Heers","province":"limburg","region":"flanders","areaKm2":52.88},"geometry":{"type":"Polygon","coordinates":[[[5.27963,50.79187],[5.2821,50.78851],[5.28242,50.78631],[5.28661,50.78333],[5.2857,50.77916],[5.28229,50.77917],[5.26594,50.77509],[5.27239,50.77393],[5.26884,50.77081],[5.27172,50.76956],[5.27108,50.76681],[5.26774,50.76011],[5.2668,50.75545],[5.26778,50.7535],[5.27605,50.75042],[5.27335,50.74911],[5.27246,50.75052],[5.26858,50.74996],[5.26838,50.75201],[5.26572,50.75299],[5.26059,50.75208],[5.25802,50.74973],[5.25562,50.75119],[5.25326,50.74983],[5.25157,50.75058],[5.24465,50.74997],[5.24152,50.74889],[5.24396,50.74694],[5.24197,50.74284],[5.23698,50.73613],[5.23436,50.73507],[5.23691,50.72722],[5.23883,50.72284],[5.23806,50.72143],[5.24113,50.71672],[5.24857,50.71619],[5.2557,50.71512],[5.26508,50.7177],[5.26444,50.71963],[5.27031,50.72277],[5.26998,50.7257],[5.27399,50.72623],[5.27631,50.72903],[5.2817,50.72752],[5.2865,50.72409],[5.29122,50.72519],[5.29197,50.72383],[5.29651,50.72358],[5.30066,50.72061],[5.29962,50.72008],[5.3039,50.71594],[5.30611,50.71798],[5.3091,50.71802],[5.31005,50.7211],[5.30809,50.72381],[5.31385,50.72925],[5.31625,50.72825],[5.325,50.73224],[5.33369,50.73548],[5.35029,50.74639],[5.36803,50.74697],[5.37186,50.74616],[5.37605,50.74204],[5.38959,50.74797],[5.38898,50.74876],[5.40153,50.75611],[5.39811,50.75771],[5.39988,50.75958],[5.40031,50.76231],[5.4022,50.76377],[5.39877,50.76348],[5.3918,50.76654],[5.39263,50.76713],[5.38905,50.77001],[5.38085,50.76946],[5.37879,50.77418],[5.37381,50.77828],[5.36631,50.78312],[5.36108,50.78523],[5.36147,50.78327],[5.35954,50.78269],[5.36003,50.77979],[5.35476,50.7791],[5.34815,50.77944],[5.34086,50.77539],[5.33727,50.77422],[5.3329,50.77965],[5.32944,50.78118],[5.32804,50.78296],[5.32474,50.78309],[5.31846,50.78699],[5.316,50.78496],[5.31103,50.78631],[5.31246,50.78458],[5.30799,50.78285],[5.30428,50.78626],[5.29818,50.78906],[5.29565,50.79131],[5.27963,50.79187]]]}},{"type":"Feature","id":"73028","bbox":[5.415437,50.718107,5.436275,50.735432],"properties":{"nis":"73028","name":"Herstappe","nameNl":"Herstappe","nameFr":"Herstappe","nameDe":"Herstappe","province":"limburg","region":"flanders","areaKm2":1.34},"geometry":{"type":"Polygon","coordinates":[[[5.43582,50.72209],[5.43276,50.72464],[5.4306,50.72864],[5.43106,50.73199],[5.4266,50.73331],[5.42439,50.73543],[5.41628,50.72282],[5.41544,50.72148],[5.42057,50.71902],[5.42809,50.72318],[5.43174,50.71972],[5.43235,50.71811],[5.43582,50.72209]]]}},{"type":"Feature","id":"73042","bbox":[5.570531,50.83325,5.724546,50.944525],"properties":{"nis":"73042","name":"Lanaken","nameNl":"Lanaken","nameFr":"Lanaken","nameDe":"Lanaken","province":"limburg","region":"flanders","areaKm2":58.72},"geometry":{"type":"Polygon","coordinates":[[[5.58841,50.90073],[5.57748,50.89701],[5.57431,50.89357],[5.58109,50.88888],[5.58864,50.88842],[5.58967,50.88377],[5.58939,50.88074],[5.59226,50.87832],[5.59428,50.87255],[5.59244,50.86499],[5.59656,50.86117],[5.59884,50.86137],[5.60963,50.8566],[5.6138,50.85718],[5.62018,50.85365],[5.62369,50.84996],[5.62503,50.847],[5.62304,50.84602],[5.62284,50.84359],[5.61481,50.8387],[5.62104,50.83488],[5.63026,50.83641],[5.63388,50.83325],[5.6454,50.83711],[5.64534,50.8394],[5.64185,50.84079],[5.64229,50.84309],[5.63922,50.84633],[5.64029,50.84946],[5.64271,50.85008],[5.64034,50.85374],[5.64351,50.85678],[5.64169,50.85756],[5.64379,50.85888],[5.64228,50.86141],[5.64401,50.86292],[5.64167,50.86416],[5.64947,50.86834],[5.64416,50.87135],[5.65132,50.87509],[5.65334,50.87398],[5.65644,50.87657],[5.6586,50.87618],[5.66168,50.87866],[5.66762,50.88043],[5.66964,50.88182],[5.67935,50.88049],[5.6791,50.88347],[5.68251,50.88852],[5.68528,50.8906],[5.69234,50.89371],[5.69574,50.89774],[5.69718,50.90226],[5.69578,50.9058],[5.69654,50.90861],[5.69947,50.91076],[5.70643,50.912],[5.71056,50.91105],[5.71468,50.90849],[5.71892,50.90781],[5.7243,50.91041],[5.72122,50.91136],[5.72353,50.91431],[5.72168,50.9146],[5.7236,50.9167],[5.72455,50.91997],[5.71782,50.9205],[5.71198,50.91669],[5.69653,50.91332],[5.71157,50.92738],[5.71254,50.93],[5.71186,50.93619],[5.70563,50.93409],[5.7032,50.93508],[5.70041,50.93876],[5.68696,50.93506],[5.68841,50.93345],[5.68197,50.93318],[5.68168,50.93443],[5.67729,50.93543],[5.66153,50.93754],[5.66171,50.9402],[5.64633,50.94127],[5.63883,50.9425],[5.63778,50.9439],[5.63196,50.94453],[5.61621,50.93863],[5.60426,50.93445],[5.60569,50.92458],[5.60932,50.91786],[5.61146,50.91032],[5.61171,50.90275],[5.61371,50.89792],[5.60312,50.89535],[5.59805,50.89524],[5.58841,50.90073]]]}},{"type":"Feature","id":"73066","bbox":[5.513576,50.763557,5.68816,50.843387],"properties":{"nis":"73066","name":"Riemst","nameNl":"Riemst","nameFr":"Riemst","nameDe":"Riemst","province":"limburg","region":"flanders","areaKm2":57.86},"geometry":{"type":"Polygon","coordinates":[[[5.55296,50.76401],[5.55652,50.76481],[5.56131,50.76399],[5.56992,50.76415],[5.57009,50.76649],[5.5725,50.76735],[5.57341,50.77093],[5.57848,50.77198],[5.58031,50.77315],[5.5848,50.77102],[5.58731,50.77232],[5.59155,50.77002],[5.59291,50.77064],[5.59064,50.77261],[5.59439,50.77344],[5.60266,50.77672],[5.60378,50.77571],[5.60699,50.77718],[5.61022,50.77514],[5.60636,50.77906],[5.61572,50.78423],[5.62043,50.78369],[5.62379,50.78222],[5.62681,50.7823],[5.63177,50.78568],[5.63622,50.78619],[5.64624,50.79304],[5.65129,50.79935],[5.64952,50.80032],[5.6532,50.80544],[5.65632,50.80585],[5.66834,50.80474],[5.67301,50.80776],[5.67381,50.80522],[5.68028,50.80639],[5.68366,50.80448],[5.68719,50.8041],[5.68813,50.80786],[5.68788,50.81192],[5.68292,50.81313],[5.68053,50.81206],[5.67828,50.81647],[5.67317,50.816],[5.67275,50.81694],[5.66808,50.81774],[5.66427,50.81719],[5.65399,50.82008],[5.65618,50.82429],[5.65186,50.82751],[5.64928,50.82636],[5.65138,50.83199],[5.65003,50.83389],[5.64833,50.83322],[5.64742,50.83593],[5.6454,50.83711],[5.63388,50.83325],[5.63026,50.83641],[5.62104,50.83488],[5.61481,50.8387],[5.61021,50.83775],[5.60474,50.84029],[5.60005,50.84339],[5.59416,50.84074],[5.58534,50.83822],[5.5833,50.83919],[5.57586,50.83699],[5.56502,50.83876],[5.5672,50.83567],[5.56542,50.83555],[5.56523,50.83204],[5.56109,50.82985],[5.56988,50.8245],[5.54733,50.8164],[5.54274,50.81793],[5.53888,50.82168],[5.53688,50.81949],[5.5344,50.82125],[5.52793,50.82081],[5.52307,50.82264],[5.52284,50.82448],[5.51595,50.82093],[5.51358,50.82111],[5.51713,50.80947],[5.52061,50.80222],[5.52484,50.79749],[5.5283,50.79484],[5.54242,50.78569],[5.53296,50.77614],[5.54082,50.77276],[5.54547,50.77144],[5.5508,50.76766],[5.55296,50.76401]]]}},{"type":"Feature","id":"73098","bbox":[5.264773,50.811755,5.372255,50.867595],"properties":{"nis":"73098","name":"Wellen","nameNl":"Wellen","nameFr":"Wellen","nameDe":"Wellen","province":"limburg","region":"flanders","areaKm2":26.71},"geometry":{"type":"Polygon","coordinates":[[[5.37226,50.8427],[5.37143,50.84568],[5.36789,50.84716],[5.36419,50.85006],[5.36247,50.8537],[5.36378,50.85527],[5.35973,50.8589],[5.35903,50.86072],[5.35477,50.86187],[5.35497,50.86413],[5.35201,50.86756],[5.34631,50.86662],[5.33711,50.86707],[5.33032,50.86628],[5.3224,50.86606],[5.31541,50.86531],[5.31249,50.86385],[5.30978,50.85982],[5.3067,50.85808],[5.30065,50.85602],[5.29062,50.85504],[5.283,50.85367],[5.27026,50.85392],[5.26478,50.85435],[5.26733,50.84829],[5.2692,50.84565],[5.27672,50.84136],[5.27591,50.84091],[5.28229,50.83673],[5.2867,50.83082],[5.28862,50.83183],[5.29034,50.8306],[5.29442,50.83032],[5.29884,50.82363],[5.30289,50.82263],[5.29878,50.82066],[5.29813,50.81871],[5.30187,50.81607],[5.30042,50.81574],[5.30618,50.81175],[5.31238,50.81742],[5.31879,50.81952],[5.32403,50.82477],[5.33328,50.81978],[5.33667,50.81858],[5.34049,50.82158],[5.34307,50.82202],[5.34542,50.81929],[5.35469,50.82588],[5.35469,50.82694],[5.36091,50.83127],[5.36919,50.83849],[5.37226,50.8427]]]}},{"type":"Feature","id":"73107","bbox":[5.595319,50.910406,5.767673,51.012275],"properties":{"nis":"73107","name":"Maasmechelen","nameNl":"Maasmechelen","nameFr":"Maasmechelen","nameDe":"Maasmechelen","province":"limburg","region":"flanders","areaKm2":76.62},"geometry":{"type":"Polygon","coordinates":[[[5.59532,50.9773],[5.60186,50.94857],[5.60359,50.94162],[5.60426,50.93445],[5.61621,50.93863],[5.63196,50.94453],[5.63778,50.9439],[5.63883,50.9425],[5.64633,50.94127],[5.66171,50.9402],[5.66153,50.93754],[5.67729,50.93543],[5.68168,50.93443],[5.68197,50.93318],[5.68841,50.93345],[5.68696,50.93506],[5.70041,50.93876],[5.7032,50.93508],[5.70563,50.93409],[5.71186,50.93619],[5.71254,50.93],[5.71157,50.92738],[5.69653,50.91332],[5.71198,50.91669],[5.71782,50.9205],[5.72455,50.91997],[5.7236,50.9167],[5.72168,50.9146],[5.72353,50.91431],[5.72122,50.91136],[5.7243,50.91041],[5.72665,50.91307],[5.72726,50.9158],[5.72591,50.9212],[5.72693,50.92384],[5.73254,50.93022],[5.74088,50.93522],[5.74402,50.93925],[5.74616,50.94357],[5.74659,50.9473],[5.75158,50.94924],[5.7581,50.95075],[5.75918,50.95254],[5.75605,50.95772],[5.75052,50.96074],[5.74623,50.96165],[5.74204,50.96056],[5.73902,50.95743],[5.73416,50.95545],[5.7281,50.95496],[5.72201,50.95713],[5.7199,50.95959],[5.72013,50.96242],[5.72854,50.96987],[5.73336,50.97186],[5.73539,50.97437],[5.73638,50.97791],[5.73978,50.9798],[5.74528,50.98027],[5.74985,50.9825],[5.75265,50.98672],[5.75747,50.99233],[5.76494,50.99652],[5.76763,50.99974],[5.76744,51.00435],[5.76601,51.00879],[5.7631,51.00777],[5.74921,51.0076],[5.74938,51.01026],[5.74425,51.01227],[5.74087,51.00732],[5.7377,51.00572],[5.7346,51.00669],[5.73182,51.00514],[5.73455,51.00376],[5.7283,51.00245],[5.72774,51.00052],[5.72456,51.00138],[5.72336,50.99991],[5.7182,51.00086],[5.71577,50.99802],[5.71087,51.00023],[5.71254,51.00403],[5.68756,51.00228],[5.67612,51.00171],[5.66494,50.99845],[5.66013,50.99661],[5.63573,50.99585],[5.62248,50.99922],[5.6097,51.00245],[5.60352,51.00572],[5.59736,51.00257],[5.59532,50.9773]]]}},{"type":"Feature","id":"73109","bbox":[5.682172,50.709865,5.91111,50.783245],"properties":{"nis":"73109","name":"Voeren","nameNl":"Voeren","nameFr":"Fourons","nameDe":"Vuren","province":"limburg","region":"flanders","areaKm2":50.43},"geometry":{"type":"Polygon","coordinates":[[[5.89211,50.75522],[5.88974,50.75633],[5.89022,50.76013],[5.88935,50.7655],[5.88648,50.77016],[5.87623,50.76562],[5.86896,50.76494],[5.86346,50.76351],[5.8523,50.75722],[5.84892,50.75341],[5.84789,50.75767],[5.84504,50.76537],[5.83938,50.76386],[5.83321,50.76055],[5.83068,50.75854],[5.82158,50.75864],[5.81442,50.75616],[5.80748,50.75609],[5.79322,50.7702],[5.7845,50.76717],[5.77968,50.77434],[5.77665,50.78225],[5.77358,50.78324],[5.76581,50.78255],[5.75578,50.77502],[5.75456,50.77519],[5.74709,50.77048],[5.74326,50.767],[5.74052,50.76301],[5.74157,50.76116],[5.73918,50.75707],[5.73039,50.75742],[5.7264,50.75942],[5.72027,50.76472],[5.71563,50.75988],[5.71063,50.76079],[5.70705,50.75829],[5.70255,50.75891],[5.69941,50.75541],[5.69479,50.75478],[5.68847,50.75571],[5.68776,50.75769],[5.68217,50.75753],[5.68323,50.75482],[5.68532,50.7551],[5.68816,50.75229],[5.69243,50.75174],[5.69642,50.7502],[5.70319,50.7506],[5.71114,50.74827],[5.72228,50.74571],[5.72576,50.74671],[5.7268,50.74906],[5.72603,50.75168],[5.7283,50.75305],[5.73127,50.75196],[5.73095,50.75433],[5.73715,50.75479],[5.73729,50.75546],[5.74366,50.75445],[5.74351,50.75318],[5.747,50.75224],[5.74477,50.74911],[5.74609,50.74664],[5.7489,50.74524],[5.75299,50.74605],[5.76816,50.75093],[5.77062,50.75135],[5.77261,50.7497],[5.77764,50.74848],[5.78549,50.74575],[5.78945,50.74376],[5.79344,50.73901],[5.79888,50.7359],[5.80163,50.73657],[5.80325,50.73488],[5.80015,50.73212],[5.80934,50.72375],[5.81111,50.72343],[5.81278,50.71869],[5.8142,50.7176],[5.81295,50.71533],[5.81876,50.7144],[5.82268,50.71368],[5.83643,50.71466],[5.84172,50.71617],[5.85262,50.71667],[5.85842,50.71751],[5.86678,50.71648],[5.86977,50.71481],[5.87578,50.71323],[5.88336,50.70987],[5.8866,50.71559],[5.89949,50.72627],[5.90233,50.72768],[5.90493,50.73058],[5.91111,50.73515],[5.90885,50.73935],[5.90594,50.74074],[5.90677,50.7422],[5.90147,50.74353],[5.90105,50.74489],[5.89718,50.74443],[5.89107,50.75061],[5.8899,50.75354],[5.89211,50.75522]]]}},{"type":"Feature","id":"73110","bbox":[5.429118,50.813737,5.62503,50.922642],"properties":{"nis":"73110","name":"Bilzen-Hoeselt","nameNl":"Bilzen-Hoeselt","nameFr":"Bilzen-Hoeselt","nameDe":"Bilzen-Hoeselt","province":"limburg","region":"flanders","areaKm2":105.71},"geometry":{"type":"Polygon","coordinates":[[[5.51358,50.82111],[5.51595,50.82093],[5.52284,50.82448],[5.52307,50.82264],[5.52793,50.82081],[5.5344,50.82125],[5.53688,50.81949],[5.53888,50.82168],[5.54274,50.81793],[5.54733,50.8164],[5.56988,50.8245],[5.56109,50.82985],[5.56523,50.83204],[5.56542,50.83555],[5.5672,50.83567],[5.56502,50.83876],[5.57586,50.83699],[5.5833,50.83919],[5.58534,50.83822],[5.59416,50.84074],[5.60005,50.84339],[5.60474,50.84029],[5.61021,50.83775],[5.61481,50.8387],[5.62284,50.84359],[5.62304,50.84602],[5.62503,50.847],[5.62369,50.84996],[5.62018,50.85365],[5.6138,50.85718],[5.60963,50.8566],[5.59884,50.86137],[5.59656,50.86117],[5.59244,50.86499],[5.59428,50.87255],[5.59226,50.87832],[5.58939,50.88074],[5.58967,50.88377],[5.58864,50.88842],[5.58109,50.88888],[5.57431,50.89357],[5.57748,50.89701],[5.58841,50.90073],[5.5778,50.90552],[5.56763,50.90905],[5.55981,50.90913],[5.55482,50.90686],[5.55142,50.90432],[5.54619,50.90523],[5.53905,50.90494],[5.53288,50.90565],[5.52989,50.91267],[5.52823,50.91396],[5.52694,50.91548],[5.5191,50.91528],[5.50855,50.91306],[5.50149,50.91347],[5.49169,50.91484],[5.48143,50.92237],[5.47908,50.92264],[5.46361,50.91304],[5.45683,50.90993],[5.45218,50.90948],[5.45381,50.90686],[5.4523,50.90486],[5.45204,50.90153],[5.44896,50.89775],[5.44486,50.89421],[5.44048,50.88744],[5.44634,50.88423],[5.44955,50.88138],[5.4518,50.87799],[5.44927,50.87651],[5.44615,50.86992],[5.44516,50.85841],[5.44577,50.85532],[5.45014,50.85074],[5.44417,50.84792],[5.4392,50.84641],[5.43653,50.84647],[5.43564,50.84391],[5.44146,50.83478],[5.44479,50.83218],[5.44249,50.8302],[5.43749,50.82772],[5.43432,50.82162],[5.42916,50.82134],[5.43316,50.81915],[5.43661,50.81653],[5.44105,50.81997],[5.44739,50.81968],[5.4489,50.8174],[5.45367,50.8177],[5.4527,50.81633],[5.45829,50.81522],[5.46134,50.81374],[5.46665,50.81422],[5.46704,50.81844],[5.47317,50.81733],[5.47739,50.81553],[5.48427,50.8144],[5.48849,50.81522],[5.49849,50.81556],[5.50679,50.81858],[5.50919,50.82235],[5.51358,50.82111]]]}},{"type":"Feature","id":"73111","bbox":[5.250376,50.720158,5.552954,50.845427],"properties":{"nis":"73111","name":"Tongeren-Borgloon","nameNl":"Tongeren-Borgloon","nameFr":"Tongres-Looz","nameDe":"Tongern-Borgloon","province":"limburg","region":"flanders","areaKm2":138.66},"geometry":{"type":"Polygon","coordinates":[[[5.38959,50.74797],[5.39277,50.74324],[5.39289,50.7385],[5.39447,50.73485],[5.40175,50.73521],[5.40275,50.73161],[5.40229,50.72805],[5.40802,50.72672],[5.40982,50.72417],[5.41628,50.72282],[5.42439,50.73543],[5.4266,50.73331],[5.43106,50.73199],[5.4306,50.72864],[5.43276,50.72464],[5.43582,50.72209],[5.44778,50.72188],[5.44935,50.72016],[5.45483,50.72172],[5.45245,50.72315],[5.45474,50.72491],[5.45451,50.72715],[5.46317,50.73058],[5.4601,50.73641],[5.46259,50.73677],[5.46209,50.7388],[5.46706,50.7391],[5.46756,50.73655],[5.47566,50.73355],[5.47574,50.73003],[5.47409,50.72592],[5.47885,50.7237],[5.48363,50.72642],[5.49107,50.72747],[5.49375,50.73033],[5.50894,50.73627],[5.5187,50.74179],[5.5204,50.74076],[5.52436,50.74234],[5.52455,50.74361],[5.51928,50.74722],[5.52155,50.75067],[5.51939,50.75207],[5.52277,50.75526],[5.52235,50.75847],[5.52637,50.75923],[5.53264,50.75694],[5.53264,50.75903],[5.541,50.75829],[5.54769,50.75882],[5.55124,50.76032],[5.55296,50.76401],[5.5508,50.76766],[5.54547,50.77144],[5.54082,50.77276],[5.53296,50.77614],[5.54242,50.78569],[5.5283,50.79484],[5.52484,50.79749],[5.52061,50.80222],[5.51713,50.80947],[5.51358,50.82111],[5.50919,50.82235],[5.50679,50.81858],[5.49849,50.81556],[5.48849,50.81522],[5.48427,50.8144],[5.47739,50.81553],[5.47317,50.81733],[5.46704,50.81844],[5.46665,50.81422],[5.46134,50.81374],[5.45829,50.81522],[5.4527,50.81633],[5.45367,50.8177],[5.4489,50.8174],[5.44739,50.81968],[5.44105,50.81997],[5.43661,50.81653],[5.43316,50.81915],[5.4235,50.81437],[5.41586,50.80816],[5.41209,50.80891],[5.40754,50.80805],[5.40221,50.81118],[5.40219,50.81637],[5.40019,50.8213],[5.40363,50.82527],[5.4032,50.82769],[5.40596,50.83057],[5.40317,50.83161],[5.4014,50.83008],[5.39956,50.83319],[5.38959,50.83708],[5.38962,50.83912],[5.3844,50.84061],[5.38683,50.84377],[5.38591,50.84531],[5.38094,50.84515],[5.37557,50.84044],[5.37226,50.8427],[5.36919,50.83849],[5.36091,50.83127],[5.35469,50.82694],[5.35469,50.82588],[5.34542,50.81929],[5.34307,50.82202],[5.34049,50.82158],[5.33667,50.81858],[5.33328,50.81978],[5.32403,50.82477],[5.31879,50.81952],[5.31238,50.81742],[5.30618,50.81175],[5.30042,50.81574],[5.30187,50.81607],[5.29813,50.81871],[5.29878,50.82066],[5.30289,50.82263],[5.29884,50.82363],[5.29442,50.83032],[5.29034,50.8306],[5.28862,50.83183],[5.2867,50.83082],[5.2841,50.82725],[5.28042,50.82617],[5.27743,50.82385],[5.26142,50.8165],[5.2532,50.81364],[5.255,50.81173],[5.2553,50.809],[5.25038,50.80723],[5.25201,50.80349],[5.25113,50.801],[5.25301,50.79777],[5.25053,50.79488],[5.25194,50.79183],[5.26511,50.79219],[5.27131,50.79136],[5.27963,50.79187],[5.29565,50.79131],[5.29818,50.78906],[5.30428,50.78626],[5.30799,50.78285],[5.31246,50.78458],[5.31103,50.78631],[5.316,50.78496],[5.31846,50.78699],[5.32474,50.78309],[5.32804,50.78296],[5.32944,50.78118],[5.3329,50.77965],[5.33727,50.77422],[5.34086,50.77539],[5.34815,50.77944],[5.35476,50.7791],[5.36003,50.77979],[5.35954,50.78269],[5.36147,50.78327],[5.36108,50.78523],[5.36631,50.78312],[5.37381,50.77828],[5.37879,50.77418],[5.38085,50.76946],[5.38905,50.77001],[5.39263,50.76713],[5.3918,50.76654],[5.39877,50.76348],[5.4022,50.76377],[5.40031,50.76231],[5.39988,50.75958],[5.39811,50.75771],[5.40153,50.75611],[5.38898,50.74876],[5.38959,50.74797]]]}}]}