{"type":"FeatureCollection","bbox":[2.842035,49.496982,6.408097,50.812122],"license":"Open Database License (ODbL) v1.0","attribution":"© OpenStreetMap contributors","generatedAt":"2026-09-20T12:46:12.453Z","features":[{"type":"Feature","id":"25005","bbox":[4.69799,50.739866,4.838546,50.80722],"properties":{"nis":"25005","name":"Beauvechain","nameNl":"Bevekom","nameFr":"Beauvechain","nameDe":"Beauvechain","province":"brabant-wallon","region":"wallonia","areaKm2":38.42},"geometry":{"type":"Polygon","coordinates":[[[4.77447,50.73987],[4.77986,50.74172],[4.78098,50.74576],[4.77988,50.74998],[4.78215,50.75104],[4.78902,50.75793],[4.79793,50.75357],[4.80299,50.75201],[4.80812,50.75136],[4.81319,50.7575],[4.81258,50.75812],[4.82069,50.76321],[4.82507,50.76697],[4.82643,50.76686],[4.82927,50.76995],[4.83122,50.77052],[4.83854,50.77289],[4.83523,50.7762],[4.8306,50.77433],[4.82833,50.77721],[4.82078,50.77596],[4.8122,50.77621],[4.81243,50.77749],[4.80943,50.78107],[4.8074,50.78691],[4.80414,50.78778],[4.80053,50.79038],[4.80004,50.79277],[4.79646,50.79547],[4.79066,50.79874],[4.7855,50.79993],[4.78434,50.79942],[4.76673,50.80407],[4.76201,50.80249],[4.76008,50.80668],[4.75386,50.8064],[4.74765,50.80709],[4.74204,50.80385],[4.73914,50.8043],[4.7365,50.80224],[4.736,50.80026],[4.72634,50.80311],[4.72381,50.80109],[4.72776,50.79775],[4.7194,50.79309],[4.7209,50.79207],[4.71549,50.78892],[4.71192,50.7932],[4.71332,50.79403],[4.7105,50.79619],[4.70948,50.79347],[4.70314,50.79033],[4.69885,50.78938],[4.69799,50.78526],[4.70283,50.78337],[4.70239,50.7819],[4.70472,50.77693],[4.71528,50.77347],[4.72003,50.77329],[4.71807,50.77199],[4.72179,50.77068],[4.72083,50.76672],[4.73507,50.75805],[4.74304,50.7548],[4.7434,50.7475],[4.75196,50.74875],[4.75403,50.74971],[4.759,50.74597],[4.76457,50.74852],[4.77447,50.73987]]]}},{"type":"Feature","id":"25014","bbox":[4.300421,50.625939,4.411996,50.734284],"properties":{"nis":"25014","name":"Braine-l'Alleud","nameNl":"Eigenbrakel","nameFr":"Braine-l'Alleud","nameDe":"Braine-l'Alleud","province":"brabant-wallon","region":"wallonia","areaKm2":52.19},"geometry":{"type":"Polygon","coordinates":[[[4.41193,50.68014],[4.40543,50.67957],[4.3995,50.68135],[4.4089,50.68638],[4.40734,50.6894],[4.40136,50.68679],[4.39108,50.6864],[4.39313,50.69098],[4.39421,50.69682],[4.39697,50.70077],[4.38544,50.70524],[4.377,50.70452],[4.37311,50.70265],[4.3664,50.70084],[4.36471,50.70279],[4.35957,50.70583],[4.35498,50.71145],[4.36059,50.71246],[4.35853,50.71613],[4.35151,50.7151],[4.34001,50.73199],[4.33807,50.73404],[4.33441,50.73428],[4.32863,50.72878],[4.32383,50.72891],[4.32532,50.72327],[4.33158,50.72578],[4.33374,50.72788],[4.33081,50.72076],[4.33533,50.71663],[4.3316,50.71668],[4.32842,50.71841],[4.32647,50.71541],[4.32299,50.71991],[4.32158,50.71978],[4.31372,50.72027],[4.31284,50.71547],[4.31099,50.71363],[4.31188,50.71175],[4.30832,50.70687],[4.31115,50.70292],[4.30797,50.70025],[4.30895,50.6984],[4.31402,50.69458],[4.31532,50.69533],[4.31725,50.69264],[4.3223,50.69013],[4.3246,50.68997],[4.32926,50.68788],[4.33308,50.68917],[4.33337,50.68149],[4.33171,50.68018],[4.32915,50.6724],[4.32639,50.66777],[4.32735,50.6672],[4.32025,50.66287],[4.31583,50.66129],[4.31416,50.66623],[4.31229,50.66084],[4.3119,50.65664],[4.30755,50.65544],[4.30201,50.65263],[4.30077,50.65037],[4.303,50.64951],[4.30916,50.64512],[4.31041,50.64193],[4.31639,50.64084],[4.32254,50.63712],[4.32446,50.63498],[4.31888,50.63199],[4.32025,50.63051],[4.32351,50.63338],[4.33019,50.63524],[4.33626,50.63097],[4.34141,50.63005],[4.34506,50.63083],[4.35223,50.62909],[4.3612,50.62623],[4.36747,50.62646],[4.37247,50.62837],[4.37569,50.62878],[4.37959,50.63114],[4.38883,50.63884],[4.38394,50.642],[4.38907,50.64662],[4.3938,50.64094],[4.40092,50.64394],[4.39915,50.6453],[4.40077,50.6477],[4.40386,50.64834],[4.40184,50.65223],[4.40423,50.65624],[4.39584,50.66084],[4.3979,50.66227],[4.39607,50.66336],[4.39486,50.67013],[4.39747,50.67159],[4.40605,50.67361],[4.40811,50.67618],[4.412,50.67873],[4.41193,50.68014]]]}},{"type":"Feature","id":"25015","bbox":[4.237601,50.658805,4.333606,50.700439],"properties":{"nis":"25015","name":"Braine-le-Château","nameNl":"Kasteelbrakel","nameFr":"Braine-le-Château","nameDe":"Braine-le-Château","province":"brabant-wallon","region":"wallonia","areaKm2":22.7},"geometry":{"type":"Polygon","coordinates":[[[4.24654,50.68945],[4.2376,50.67886],[4.23783,50.67755],[4.23827,50.67211],[4.24352,50.66504],[4.24395,50.6627],[4.25169,50.6617],[4.25515,50.65925],[4.25792,50.65881],[4.26332,50.66074],[4.27007,50.6621],[4.27317,50.66189],[4.27915,50.66013],[4.28437,50.66591],[4.28798,50.66549],[4.28897,50.66657],[4.30335,50.6675],[4.30794,50.66294],[4.31229,50.66084],[4.31416,50.66623],[4.31583,50.66129],[4.32025,50.66287],[4.32735,50.6672],[4.32639,50.66777],[4.32915,50.6724],[4.33171,50.68018],[4.33337,50.68149],[4.33308,50.68917],[4.32926,50.68788],[4.3246,50.68997],[4.3223,50.69013],[4.31725,50.69264],[4.31532,50.69533],[4.31402,50.69458],[4.30895,50.6984],[4.30797,50.70025],[4.30292,50.69937],[4.294,50.6951],[4.29035,50.69408],[4.28447,50.69809],[4.27429,50.69914],[4.27445,50.70012],[4.26888,50.69872],[4.26157,50.70044],[4.25596,50.69554],[4.24654,50.68945]]]}},{"type":"Feature","id":"25018","bbox":[4.625108,50.652298,4.770108,50.723486],"properties":{"nis":"25018","name":"Chaumont-Gistoux","nameNl":"Chaumont-Gistoux","nameFr":"Chaumont-Gistoux","nameDe":"Chaumont-Gistoux","province":"brabant-wallon","region":"wallonia","areaKm2":48.1},"geometry":{"type":"Polygon","coordinates":[[[4.64154,50.71997],[4.64012,50.71357],[4.64184,50.71247],[4.64188,50.70553],[4.6469,50.70446],[4.63754,50.69617],[4.63884,50.69384],[4.63577,50.69188],[4.63438,50.68924],[4.62511,50.68419],[4.63048,50.67429],[4.63521,50.66905],[4.6391,50.66625],[4.64809,50.66225],[4.65114,50.66293],[4.65407,50.6604],[4.66427,50.65435],[4.66629,50.65249],[4.67491,50.65353],[4.6773,50.65478],[4.68441,50.6523],[4.68689,50.6542],[4.6927,50.65704],[4.69365,50.65639],[4.69855,50.65967],[4.70124,50.65965],[4.70291,50.66168],[4.70633,50.66325],[4.71327,50.665],[4.71846,50.66061],[4.72586,50.66397],[4.72959,50.66106],[4.73632,50.66374],[4.74236,50.66159],[4.74454,50.66419],[4.74333,50.66479],[4.75398,50.67187],[4.75232,50.67317],[4.7433,50.67502],[4.74319,50.67656],[4.74039,50.67914],[4.732,50.68219],[4.73158,50.68506],[4.7371,50.68754],[4.73584,50.69022],[4.73356,50.69054],[4.73663,50.69274],[4.74182,50.69334],[4.74391,50.69447],[4.74655,50.69346],[4.75359,50.6939],[4.76831,50.69222],[4.76668,50.69474],[4.77006,50.6958],[4.7682,50.69925],[4.77011,50.69959],[4.76878,50.70176],[4.76075,50.70682],[4.75901,50.71019],[4.75273,50.71153],[4.74954,50.71311],[4.7424,50.71168],[4.73956,50.70702],[4.7348,50.70553],[4.71887,50.7077],[4.71641,50.71183],[4.71167,50.71402],[4.71204,50.71472],[4.70512,50.71738],[4.70441,50.71877],[4.70183,50.71631],[4.69961,50.71645],[4.70008,50.71385],[4.69636,50.71656],[4.6895,50.71472],[4.68583,50.71254],[4.68025,50.71138],[4.67905,50.70951],[4.67662,50.70234],[4.67203,50.70057],[4.67272,50.70281],[4.66977,50.7082],[4.67396,50.70951],[4.66938,50.71487],[4.66634,50.71669],[4.66632,50.71864],[4.66364,50.7199],[4.66228,50.72332],[4.65886,50.72335],[4.65204,50.72205],[4.64947,50.72056],[4.64154,50.71997]]]}},{"type":"Feature","id":"25023","bbox":[4.512192,50.595999,4.612549,50.658182],"properties":{"nis":"25023","name":"Court-Saint-Étienne","nameNl":"Court-Saint-Étienne","nameFr":"Court-Saint-Étienne","nameDe":"Court-Saint-Etienne","province":"brabant-wallon","region":"wallonia","areaKm2":26.83},"geometry":{"type":"Polygon","coordinates":[[[4.58921,50.6113],[4.58937,50.61591],[4.59394,50.61854],[4.59343,50.62315],[4.59206,50.62633],[4.59326,50.6297],[4.59787,50.63728],[4.60235,50.64058],[4.60025,50.64123],[4.60643,50.64445],[4.60244,50.64569],[4.60461,50.64703],[4.60574,50.65099],[4.60778,50.65346],[4.61255,50.65471],[4.61129,50.65547],[4.60117,50.65372],[4.59789,50.65426],[4.5962,50.65313],[4.59119,50.65436],[4.58997,50.65447],[4.58565,50.64927],[4.57956,50.65147],[4.57505,50.65505],[4.57277,50.6556],[4.57062,50.65382],[4.5699,50.65797],[4.56737,50.65766],[4.5659,50.65435],[4.55596,50.65313],[4.55039,50.6511],[4.54432,50.65002],[4.53968,50.65038],[4.53477,50.65411],[4.53301,50.65212],[4.52724,50.65261],[4.52468,50.65163],[4.52775,50.64871],[4.52923,50.64975],[4.53137,50.64816],[4.53311,50.64914],[4.53759,50.64707],[4.53777,50.64511],[4.54001,50.64396],[4.53781,50.64313],[4.54007,50.64094],[4.53741,50.63784],[4.54157,50.63681],[4.53895,50.6336],[4.53295,50.62829],[4.53043,50.62685],[4.52985,50.62411],[4.52743,50.62177],[4.53102,50.62066],[4.53386,50.61643],[4.53625,50.61545],[4.52633,50.61066],[4.51835,50.60808],[4.51382,50.60806],[4.51247,50.60452],[4.51314,50.60262],[4.51738,50.6032],[4.51779,50.60206],[4.52406,50.60356],[4.53137,50.596],[4.53489,50.59894],[4.53511,50.60149],[4.53783,50.6004],[4.55433,50.59621],[4.56002,50.59967],[4.56465,50.59852],[4.56534,50.59963],[4.57399,50.59807],[4.584,50.60495],[4.58703,50.60757],[4.58921,50.6113]]]}},{"type":"Feature","id":"25031","bbox":[4.375603,50.554053,4.541568,50.658648],"properties":{"nis":"25031","name":"Genappe","nameNl":"Genepiën","nameFr":"Genappe","nameDe":"Genappe","province":"brabant-wallon","region":"wallonia","areaKm2":90},"geometry":{"type":"Polygon","coordinates":[[[4.52468,50.65163],[4.51767,50.65372],[4.51558,50.65586],[4.50387,50.65286],[4.49879,50.65532],[4.49215,50.65488],[4.48053,50.65231],[4.46855,50.64549],[4.46359,50.64432],[4.4531,50.64853],[4.44915,50.64804],[4.44065,50.65092],[4.43844,50.65556],[4.43979,50.65828],[4.43483,50.6574],[4.42473,50.65241],[4.41478,50.6509],[4.40916,50.6495],[4.40796,50.64768],[4.40092,50.64394],[4.3938,50.64094],[4.38907,50.64662],[4.38394,50.642],[4.38883,50.63884],[4.37959,50.63114],[4.37569,50.62878],[4.3771,50.62697],[4.38431,50.62867],[4.38713,50.62629],[4.39127,50.62613],[4.39271,50.62451],[4.39122,50.62277],[4.38717,50.62232],[4.38504,50.61747],[4.38534,50.61507],[4.38736,50.61261],[4.38052,50.60342],[4.38361,50.6044],[4.38833,50.6034],[4.39142,50.6041],[4.39781,50.60328],[4.39809,50.60099],[4.40086,50.59872],[4.40571,50.5965],[4.40472,50.59482],[4.40665,50.59391],[4.40234,50.593],[4.40305,50.59023],[4.39818,50.58818],[4.39957,50.58711],[4.38952,50.5834],[4.38898,50.58094],[4.38452,50.58025],[4.38448,50.57399],[4.38094,50.57006],[4.3781,50.56844],[4.38224,50.56394],[4.38329,50.5633],[4.3954,50.56302],[4.39848,50.5636],[4.39962,50.56208],[4.41106,50.56466],[4.41705,50.56458],[4.42185,50.55845],[4.43079,50.55912],[4.43087,50.55998],[4.44358,50.5601],[4.44735,50.55744],[4.4499,50.55416],[4.46445,50.55831],[4.4694,50.55876],[4.47462,50.56107],[4.46537,50.56316],[4.46151,50.56236],[4.45778,50.56287],[4.45353,50.57123],[4.45773,50.57316],[4.46181,50.57345],[4.4614,50.5745],[4.46803,50.57473],[4.48129,50.57684],[4.48546,50.58044],[4.49258,50.57225],[4.50044,50.57463],[4.50859,50.57862],[4.50665,50.58021],[4.51374,50.58651],[4.52666,50.59048],[4.53137,50.596],[4.52406,50.60356],[4.51779,50.60206],[4.51738,50.6032],[4.51314,50.60262],[4.51247,50.60452],[4.51382,50.60806],[4.51835,50.60808],[4.52633,50.61066],[4.53625,50.61545],[4.53386,50.61643],[4.53102,50.62066],[4.52743,50.62177],[4.52985,50.62411],[4.53043,50.62685],[4.53295,50.62829],[4.53895,50.6336],[4.54157,50.63681],[4.53741,50.63784],[4.54007,50.64094],[4.53781,50.64313],[4.54001,50.64396],[4.53777,50.64511],[4.53759,50.64707],[4.53311,50.64914],[4.53137,50.64816],[4.52923,50.64975],[4.52775,50.64871],[4.52468,50.65163]]]}},{"type":"Feature","id":"25037","bbox":[4.620285,50.700573,4.750324,50.799362],"properties":{"nis":"25037","name":"Grez-Doiceau","nameNl":"Graven","nameFr":"Grez-Doiceau","nameDe":"Grez-Doiceau","province":"brabant-wallon","region":"wallonia","areaKm2":55.36},"geometry":{"type":"Polygon","coordinates":[[[4.69885,50.78938],[4.69483,50.79046],[4.69556,50.78878],[4.69164,50.78814],[4.69123,50.7918],[4.68751,50.79086],[4.68772,50.79277],[4.68575,50.79487],[4.68456,50.79287],[4.67954,50.79373],[4.67787,50.79311],[4.67438,50.79545],[4.67356,50.79209],[4.65938,50.79328],[4.6494,50.79775],[4.64192,50.79877],[4.64416,50.79361],[4.64697,50.79046],[4.64641,50.78665],[4.64429,50.78366],[4.64322,50.77889],[4.63971,50.7787],[4.63712,50.77492],[4.63942,50.77464],[4.63628,50.77234],[4.64175,50.76905],[4.64046,50.76812],[4.64426,50.7656],[4.64724,50.75911],[4.65266,50.75968],[4.65543,50.75746],[4.65498,50.7547],[4.65033,50.75476],[4.65242,50.75248],[4.64731,50.75218],[4.64483,50.74954],[4.6468,50.74851],[4.64143,50.74522],[4.63907,50.74629],[4.63868,50.74463],[4.6349,50.74321],[4.62802,50.74256],[4.62569,50.74417],[4.62029,50.74344],[4.62617,50.73983],[4.62508,50.73682],[4.62713,50.73281],[4.62806,50.7288],[4.63476,50.73083],[4.63553,50.73027],[4.64165,50.73334],[4.64561,50.73013],[4.64185,50.72611],[4.63849,50.7245],[4.64243,50.72078],[4.64154,50.71997],[4.64947,50.72056],[4.65204,50.72205],[4.65886,50.72335],[4.66228,50.72332],[4.66364,50.7199],[4.66632,50.71864],[4.66634,50.71669],[4.66938,50.71487],[4.67396,50.70951],[4.66977,50.7082],[4.67272,50.70281],[4.67203,50.70057],[4.67662,50.70234],[4.67905,50.70951],[4.68025,50.71138],[4.68583,50.71254],[4.6895,50.71472],[4.69636,50.71656],[4.70008,50.71385],[4.69961,50.71645],[4.70183,50.71631],[4.70441,50.71877],[4.70512,50.71738],[4.71204,50.71472],[4.71167,50.71402],[4.71641,50.71183],[4.71887,50.7077],[4.7348,50.70553],[4.73956,50.70702],[4.7424,50.71168],[4.74157,50.71499],[4.7444,50.71903],[4.75025,50.72297],[4.74379,50.72572],[4.74441,50.72738],[4.74251,50.73237],[4.73932,50.7335],[4.74092,50.73467],[4.74466,50.7408],[4.7434,50.7475],[4.74304,50.7548],[4.73507,50.75805],[4.72083,50.76672],[4.72179,50.77068],[4.71807,50.77199],[4.72003,50.77329],[4.71528,50.77347],[4.70472,50.77693],[4.70239,50.7819],[4.70283,50.78337],[4.69799,50.78526],[4.69885,50.78938]]]}},{"type":"Feature","id":"25043","bbox":[4.731574,50.653718,4.851673,50.749706],"properties":{"nis":"25043","name":"Incourt","nameNl":"Incourt","nameFr":"Incourt","nameDe":"Incourt","province":"brabant-wallon","region":"wallonia","areaKm2":38.77},"geometry":{"type":"Polygon","coordinates":[[[4.77447,50.73987],[4.76457,50.74852],[4.759,50.74597],[4.75403,50.74971],[4.75196,50.74875],[4.7434,50.7475],[4.74466,50.7408],[4.74092,50.73467],[4.73932,50.7335],[4.74251,50.73237],[4.74441,50.72738],[4.74379,50.72572],[4.75025,50.72297],[4.7444,50.71903],[4.74157,50.71499],[4.7424,50.71168],[4.74954,50.71311],[4.75273,50.71153],[4.75901,50.71019],[4.76075,50.70682],[4.76878,50.70176],[4.77011,50.69959],[4.7682,50.69925],[4.77006,50.6958],[4.76668,50.69474],[4.76831,50.69222],[4.75359,50.6939],[4.74655,50.69346],[4.74391,50.69447],[4.74182,50.69334],[4.73663,50.69274],[4.73356,50.69054],[4.73584,50.69022],[4.7371,50.68754],[4.73158,50.68506],[4.732,50.68219],[4.74039,50.67914],[4.74319,50.67656],[4.7433,50.67502],[4.75232,50.67317],[4.75398,50.67187],[4.74333,50.66479],[4.74454,50.66419],[4.74236,50.66159],[4.7406,50.65908],[4.7464,50.65873],[4.74328,50.65484],[4.745,50.65407],[4.75009,50.6543],[4.74879,50.65882],[4.75652,50.66191],[4.75605,50.66237],[4.76916,50.66704],[4.76721,50.6689],[4.7712,50.66949],[4.77406,50.66829],[4.78023,50.67114],[4.78416,50.67064],[4.78651,50.67261],[4.78932,50.67287],[4.79209,50.67166],[4.79773,50.67602],[4.8015,50.67393],[4.80678,50.67916],[4.8076,50.67803],[4.80472,50.67206],[4.81188,50.66839],[4.81637,50.66824],[4.82142,50.67141],[4.82675,50.67009],[4.82942,50.6672],[4.83054,50.66787],[4.8371,50.66352],[4.84008,50.66082],[4.84548,50.6628],[4.84564,50.66494],[4.84845,50.66617],[4.85167,50.66952],[4.84822,50.67304],[4.85132,50.67555],[4.84882,50.6763],[4.8496,50.6778],[4.84508,50.67842],[4.84252,50.68072],[4.8419,50.68373],[4.83471,50.68447],[4.82869,50.68757],[4.82412,50.68861],[4.82598,50.69158],[4.82053,50.6934],[4.81811,50.69149],[4.81193,50.69094],[4.81259,50.6927],[4.81567,50.69468],[4.81426,50.69674],[4.80472,50.69689],[4.80478,50.70228],[4.80134,50.70248],[4.80046,50.70464],[4.79585,50.70865],[4.79659,50.71318],[4.78889,50.71785],[4.79404,50.72041],[4.79165,50.72091],[4.79582,50.72188],[4.80254,50.72511],[4.80696,50.72947],[4.80333,50.73106],[4.80559,50.73324],[4.81137,50.73682],[4.80712,50.73531],[4.79676,50.73579],[4.79216,50.73551],[4.79142,50.73452],[4.78693,50.73591],[4.7853,50.7353],[4.77782,50.737],[4.77292,50.73888],[4.77447,50.73987]]]}},{"type":"Feature","id":"25044","bbox":[4.196979,50.613202,4.324456,50.679393],"properties":{"nis":"25044","name":"Ittre","nameNl":"Itter","nameFr":"Ittre","nameDe":"Ittre","province":"brabant-wallon","region":"wallonia","areaKm2":34.89},"geometry":{"type":"Polygon","coordinates":[[[4.31888,50.63199],[4.32446,50.63498],[4.32254,50.63712],[4.31639,50.64084],[4.31041,50.64193],[4.30916,50.64512],[4.303,50.64951],[4.30077,50.65037],[4.30201,50.65263],[4.30755,50.65544],[4.3119,50.65664],[4.31229,50.66084],[4.30794,50.66294],[4.30335,50.6675],[4.28897,50.66657],[4.28798,50.66549],[4.28437,50.66591],[4.27915,50.66013],[4.27317,50.66189],[4.27007,50.6621],[4.26332,50.66074],[4.25792,50.65881],[4.25515,50.65925],[4.25169,50.6617],[4.24395,50.6627],[4.24352,50.66504],[4.23827,50.67211],[4.23783,50.67755],[4.2322,50.67851],[4.22591,50.67864],[4.22266,50.67939],[4.22167,50.67761],[4.22507,50.67264],[4.22835,50.67375],[4.2331,50.67252],[4.2336,50.66984],[4.23683,50.66299],[4.23415,50.6615],[4.23111,50.65816],[4.22801,50.65643],[4.22368,50.65645],[4.22025,50.65885],[4.2118,50.65665],[4.20854,50.65646],[4.19935,50.65213],[4.20443,50.64694],[4.20064,50.63837],[4.19704,50.63492],[4.20015,50.63199],[4.19925,50.62456],[4.20708,50.62595],[4.20957,50.62461],[4.21722,50.62417],[4.22856,50.62424],[4.23867,50.62273],[4.24462,50.62078],[4.2497,50.61742],[4.25365,50.61592],[4.26152,50.61504],[4.2694,50.6132],[4.26837,50.61567],[4.27083,50.61802],[4.27737,50.61911],[4.28206,50.6213],[4.28465,50.62356],[4.29398,50.62579],[4.29943,50.62814],[4.30304,50.63086],[4.30834,50.63027],[4.31497,50.63199],[4.31888,50.63199]]]}},{"type":"Feature","id":"25048","bbox":[4.772917,50.677704,4.948866,50.773469],"properties":{"nis":"25048","name":"Jodoigne","nameNl":"Geldenaken","nameFr":"Jodoigne","nameDe":"Jodoigne","province":"brabant-wallon","region":"wallonia","areaKm2":73.48},"geometry":{"type":"Polygon","coordinates":[[[4.8496,50.6778],[4.85168,50.67776],[4.85586,50.67971],[4.85434,50.68164],[4.86095,50.68327],[4.86652,50.6857],[4.86187,50.68982],[4.86393,50.69091],[4.86692,50.69472],[4.86678,50.70037],[4.86989,50.70148],[4.87151,50.70002],[4.88187,50.69792],[4.88508,50.70038],[4.88676,50.69897],[4.89439,50.70086],[4.89962,50.70288],[4.90496,50.70116],[4.90711,50.70382],[4.91165,50.70187],[4.91276,50.70305],[4.91645,50.70081],[4.92112,50.70352],[4.92135,50.70897],[4.92311,50.71033],[4.92573,50.70921],[4.92738,50.71076],[4.92976,50.70975],[4.93347,50.71225],[4.93808,50.71398],[4.94086,50.71737],[4.94424,50.72005],[4.94154,50.7217],[4.94119,50.72415],[4.94564,50.7298],[4.94887,50.73077],[4.94324,50.735],[4.94611,50.73801],[4.94352,50.7373],[4.93856,50.74029],[4.93248,50.73842],[4.92565,50.7428],[4.91969,50.74778],[4.91372,50.74984],[4.90619,50.74975],[4.90935,50.75439],[4.91121,50.75575],[4.90914,50.75639],[4.90259,50.76052],[4.90738,50.76486],[4.9054,50.76588],[4.90856,50.76916],[4.90227,50.76807],[4.89958,50.76912],[4.89975,50.77261],[4.89294,50.76903],[4.89279,50.76663],[4.88553,50.76277],[4.88229,50.7633],[4.87679,50.76682],[4.87403,50.76464],[4.86916,50.76627],[4.86096,50.76386],[4.85401,50.76695],[4.85172,50.76526],[4.84659,50.768],[4.84552,50.76678],[4.83862,50.76318],[4.83516,50.76276],[4.83304,50.76515],[4.83122,50.77052],[4.82927,50.76995],[4.82643,50.76686],[4.82507,50.76697],[4.82069,50.76321],[4.81258,50.75812],[4.81319,50.7575],[4.80812,50.75136],[4.80299,50.75201],[4.79793,50.75357],[4.78902,50.75793],[4.78215,50.75104],[4.77988,50.74998],[4.78098,50.74576],[4.77986,50.74172],[4.77447,50.73987],[4.77292,50.73888],[4.77782,50.737],[4.7853,50.7353],[4.78693,50.73591],[4.79142,50.73452],[4.79216,50.73551],[4.79676,50.73579],[4.80712,50.73531],[4.81137,50.73682],[4.80559,50.73324],[4.80333,50.73106],[4.80696,50.72947],[4.80254,50.72511],[4.79582,50.72188],[4.79165,50.72091],[4.79404,50.72041],[4.78889,50.71785],[4.79659,50.71318],[4.79585,50.70865],[4.80046,50.70464],[4.80134,50.70248],[4.80478,50.70228],[4.80472,50.69689],[4.81426,50.69674],[4.81567,50.69468],[4.81259,50.6927],[4.81193,50.69094],[4.81811,50.69149],[4.82053,50.6934],[4.82598,50.69158],[4.82412,50.68861],[4.82869,50.68757],[4.83471,50.68447],[4.8419,50.68373],[4.84252,50.68072],[4.84508,50.67842],[4.8496,50.6778]]]}},{"type":"Feature","id":"25050","bbox":[4.423885,50.715677,4.512551,50.757074],"properties":{"nis":"25050","name":"La Hulpe","nameNl":"Terhulpen","nameFr":"La Hulpe","nameDe":"La Hulpe","province":"brabant-wallon","region":"wallonia","areaKm2":15.44},"geometry":{"type":"Polygon","coordinates":[[[4.44114,50.71574],[4.44508,50.71771],[4.44933,50.71878],[4.4548,50.72248],[4.46418,50.72155],[4.4665,50.71965],[4.46903,50.7199],[4.47251,50.7224],[4.47727,50.72418],[4.4883,50.72766],[4.49896,50.73264],[4.50943,50.73137],[4.51238,50.73266],[4.50718,50.73538],[4.50694,50.7368],[4.50242,50.7371],[4.50032,50.7384],[4.50221,50.73991],[4.50056,50.74094],[4.50278,50.74317],[4.4998,50.74416],[4.49509,50.74034],[4.49189,50.74332],[4.50155,50.7538],[4.49417,50.75707],[4.49231,50.75448],[4.48538,50.75178],[4.48254,50.7545],[4.48025,50.75142],[4.47623,50.75262],[4.47108,50.75173],[4.46634,50.75449],[4.46355,50.75511],[4.46112,50.75412],[4.43814,50.74164],[4.42414,50.73592],[4.42397,50.72491],[4.42852,50.72534],[4.43723,50.72293],[4.43644,50.72008],[4.44083,50.72244],[4.43657,50.71831],[4.43586,50.71568],[4.44114,50.71574]]]}},{"type":"Feature","id":"25068","bbox":[4.588972,50.606757,4.666286,50.663011],"properties":{"nis":"25068","name":"Mont-Saint-Guibert","nameNl":"Mont-Saint-Guibert","nameFr":"Mont-Saint-Guibert","nameDe":"Mont-Saint-Guibert","province":"brabant-wallon","region":"wallonia","areaKm2":18.71},"geometry":{"type":"Polygon","coordinates":[[[4.59119,50.65436],[4.5962,50.65313],[4.59789,50.65426],[4.60117,50.65372],[4.61129,50.65547],[4.61255,50.65471],[4.60778,50.65346],[4.60574,50.65099],[4.60461,50.64703],[4.60244,50.64569],[4.60643,50.64445],[4.60025,50.64123],[4.60235,50.64058],[4.59787,50.63728],[4.59326,50.6297],[4.59206,50.62633],[4.59343,50.62315],[4.59394,50.61854],[4.58937,50.61591],[4.58921,50.6113],[4.59248,50.61019],[4.59325,50.61126],[4.59823,50.61121],[4.60489,50.60921],[4.61115,50.60914],[4.6193,50.60691],[4.62171,50.60676],[4.62652,50.61096],[4.6268,50.61232],[4.63409,50.61708],[4.63152,50.62023],[4.63635,50.62081],[4.63727,50.62315],[4.63157,50.62526],[4.63049,50.62708],[4.6335,50.62938],[4.63122,50.63226],[4.62836,50.63179],[4.62892,50.63455],[4.627,50.63653],[4.63022,50.64028],[4.63863,50.63735],[4.63901,50.63855],[4.64192,50.63657],[4.65219,50.64028],[4.65307,50.63946],[4.66419,50.64297],[4.66197,50.64491],[4.66448,50.64716],[4.66279,50.64827],[4.66629,50.65249],[4.66427,50.65435],[4.65407,50.6604],[4.65114,50.66293],[4.64809,50.66225],[4.64315,50.66206],[4.63917,50.66297],[4.63394,50.65926],[4.63171,50.65914],[4.63024,50.66223],[4.6266,50.66072],[4.61304,50.65875],[4.60656,50.65847],[4.60048,50.65712],[4.59783,50.65562],[4.59361,50.65564],[4.59119,50.65436]]]}},{"type":"Feature","id":"25072","bbox":[4.245572,50.543224,4.406653,50.635237],"properties":{"nis":"25072","name":"Nivelles","nameNl":"Nijvel","nameFr":"Nivelles","nameDe":"Nivelles","province":"brabant-wallon","region":"wallonia","areaKm2":60.64},"geometry":{"type":"Polygon","coordinates":[[[4.32546,50.54919],[4.32822,50.54572],[4.33008,50.54639],[4.3318,50.54322],[4.33845,50.54382],[4.3415,50.54723],[4.34467,50.54853],[4.34521,50.55011],[4.3424,50.55278],[4.34716,50.55405],[4.35218,50.55691],[4.35728,50.55615],[4.35881,50.55922],[4.35641,50.56156],[4.35886,50.56288],[4.36476,50.56044],[4.36851,50.56196],[4.37064,50.55956],[4.37334,50.56107],[4.37719,50.55949],[4.38224,50.56394],[4.3781,50.56844],[4.38094,50.57006],[4.38448,50.57399],[4.38452,50.58025],[4.38898,50.58094],[4.38952,50.5834],[4.39957,50.58711],[4.39818,50.58818],[4.40305,50.59023],[4.40234,50.593],[4.40665,50.59391],[4.40472,50.59482],[4.40571,50.5965],[4.40086,50.59872],[4.39809,50.60099],[4.39781,50.60328],[4.39142,50.6041],[4.38833,50.6034],[4.38361,50.6044],[4.38052,50.60342],[4.38736,50.61261],[4.38534,50.61507],[4.38504,50.61747],[4.38717,50.62232],[4.39122,50.62277],[4.39271,50.62451],[4.39127,50.62613],[4.38713,50.62629],[4.38431,50.62867],[4.3771,50.62697],[4.37569,50.62878],[4.37247,50.62837],[4.36747,50.62646],[4.3612,50.62623],[4.35223,50.62909],[4.34506,50.63083],[4.34141,50.63005],[4.33626,50.63097],[4.33019,50.63524],[4.32351,50.63338],[4.32025,50.63051],[4.31888,50.63199],[4.31497,50.63199],[4.30834,50.63027],[4.30304,50.63086],[4.29943,50.62814],[4.29398,50.62579],[4.28465,50.62356],[4.28206,50.6213],[4.27737,50.61911],[4.27083,50.61802],[4.26837,50.61567],[4.2694,50.6132],[4.26152,50.61504],[4.25365,50.61592],[4.24996,50.61444],[4.25059,50.61345],[4.24557,50.61226],[4.24854,50.60615],[4.25167,50.60122],[4.25123,50.59985],[4.24713,50.59829],[4.24695,50.5964],[4.25044,50.59646],[4.25095,50.59459],[4.25406,50.59357],[4.25826,50.59388],[4.26071,50.59287],[4.26576,50.59404],[4.27404,50.59461],[4.27533,50.59221],[4.28013,50.59193],[4.28454,50.58766],[4.2841,50.58634],[4.29088,50.58268],[4.29894,50.57702],[4.2969,50.57621],[4.30128,50.57277],[4.30234,50.56763],[4.30727,50.56693],[4.31374,50.567],[4.32868,50.5697],[4.33438,50.56892],[4.33646,50.56682],[4.33081,50.5603],[4.33181,50.558],[4.3349,50.55513],[4.33318,50.55518],[4.33071,50.55051],[4.32546,50.54919]]]}},{"type":"Feature","id":"25084","bbox":[4.733511,50.588845,4.852426,50.679822],"properties":{"nis":"25084","name":"Perwez","nameNl":"Perwijs","nameFr":"Perwez","nameDe":"Perwez","province":"brabant-wallon","region":"wallonia","areaKm2":51},"geometry":{"type":"Polygon","coordinates":[[[4.84008,50.66082],[4.8371,50.66352],[4.83054,50.66787],[4.82942,50.6672],[4.82675,50.67009],[4.82142,50.67141],[4.81637,50.66824],[4.81188,50.66839],[4.80472,50.67206],[4.8076,50.67803],[4.80678,50.67916],[4.8015,50.67393],[4.79773,50.67602],[4.79209,50.67166],[4.78932,50.67287],[4.78651,50.67261],[4.78416,50.67064],[4.78023,50.67114],[4.77406,50.66829],[4.7712,50.66949],[4.76721,50.6689],[4.76916,50.66704],[4.75605,50.66237],[4.75652,50.66191],[4.74879,50.65882],[4.75009,50.6543],[4.745,50.65407],[4.74328,50.65484],[4.74249,50.6545],[4.74454,50.65025],[4.73799,50.64774],[4.74229,50.64329],[4.74446,50.64341],[4.74455,50.64044],[4.74029,50.63563],[4.73351,50.63474],[4.73438,50.63352],[4.73911,50.63293],[4.73947,50.6305],[4.74397,50.62538],[4.74332,50.62075],[4.74471,50.61613],[4.74307,50.61474],[4.73451,50.61065],[4.73901,50.60874],[4.73731,50.60531],[4.74128,50.60301],[4.74384,50.60373],[4.74537,50.60102],[4.74098,50.59798],[4.74403,50.59339],[4.74681,50.59256],[4.74337,50.5894],[4.74905,50.58947],[4.75299,50.59298],[4.76131,50.59772],[4.76607,50.5997],[4.77191,50.6006],[4.77595,50.59935],[4.77882,50.60096],[4.78276,50.60057],[4.78695,50.59814],[4.78719,50.59631],[4.7912,50.58955],[4.79701,50.59201],[4.79265,50.59557],[4.78776,50.59842],[4.78668,50.60151],[4.7883,50.60211],[4.79964,50.60455],[4.80036,50.60244],[4.80721,50.60678],[4.81701,50.60935],[4.83131,50.60852],[4.84164,50.61052],[4.84605,50.61292],[4.85243,50.61539],[4.84536,50.62015],[4.84617,50.6212],[4.8417,50.62284],[4.84373,50.62802],[4.83945,50.63],[4.83905,50.63208],[4.84133,50.63324],[4.83994,50.63478],[4.84202,50.63565],[4.83841,50.63813],[4.83923,50.63997],[4.83545,50.64379],[4.83104,50.6468],[4.83406,50.64814],[4.83665,50.6477],[4.83998,50.64984],[4.834,50.65423],[4.83486,50.65537],[4.84116,50.65901],[4.84008,50.66082]]]}},{"type":"Feature","id":"25091","bbox":[4.477272,50.694982,4.566697,50.748794],"properties":{"nis":"25091","name":"Rixensart","nameNl":"Rixensart","nameFr":"Rixensart","nameDe":"Rixensart","province":"brabant-wallon","region":"wallonia","areaKm2":17.43},"geometry":{"type":"Polygon","coordinates":[[[4.50943,50.73137],[4.49896,50.73264],[4.4883,50.72766],[4.47727,50.72418],[4.47864,50.72216],[4.48395,50.71811],[4.49285,50.71293],[4.49399,50.71068],[4.49882,50.71167],[4.50249,50.70954],[4.49983,50.70825],[4.50064,50.70549],[4.50299,50.70307],[4.50543,50.70352],[4.51004,50.70169],[4.52068,50.69875],[4.52637,50.69644],[4.52969,50.69508],[4.53695,50.70125],[4.54011,50.70244],[4.54837,50.70425],[4.54579,50.7062],[4.5492,50.70738],[4.5489,50.71301],[4.55068,50.7147],[4.55083,50.7193],[4.55369,50.7229],[4.55586,50.72381],[4.55376,50.72854],[4.55685,50.73194],[4.55434,50.73372],[4.55806,50.73501],[4.56101,50.73496],[4.56288,50.73308],[4.5667,50.73471],[4.56652,50.73827],[4.56316,50.74075],[4.56509,50.74279],[4.56239,50.74483],[4.55928,50.74494],[4.5591,50.74661],[4.55632,50.74879],[4.55285,50.74665],[4.54564,50.74409],[4.54249,50.74212],[4.53265,50.73894],[4.52982,50.74088],[4.52496,50.73845],[4.53216,50.73374],[4.53174,50.73128],[4.52418,50.72732],[4.51825,50.72924],[4.50943,50.73137]]]}},{"type":"Feature","id":"25105","bbox":[4.130963,50.652128,4.246544,50.729078],"properties":{"nis":"25105","name":"Tubize","nameNl":"Tubeke","nameFr":"Tubize","nameDe":"Tubize","province":"brabant-wallon","region":"wallonia","areaKm2":32.71},"geometry":{"type":"Polygon","coordinates":[[[4.17735,50.66338],[4.18236,50.66206],[4.1903,50.65755],[4.19465,50.6542],[4.19935,50.65213],[4.20854,50.65646],[4.2118,50.65665],[4.22025,50.65885],[4.22368,50.65645],[4.22801,50.65643],[4.23111,50.65816],[4.23415,50.6615],[4.23683,50.66299],[4.2336,50.66984],[4.2331,50.67252],[4.22835,50.67375],[4.22507,50.67264],[4.22167,50.67761],[4.22266,50.67939],[4.22591,50.67864],[4.2322,50.67851],[4.23783,50.67755],[4.2376,50.67886],[4.24654,50.68945],[4.24067,50.69064],[4.23528,50.69817],[4.2317,50.69778],[4.2311,50.6989],[4.22484,50.69984],[4.21177,50.70717],[4.20484,50.70902],[4.19394,50.7079],[4.18911,50.70845],[4.18229,50.70682],[4.17829,50.71358],[4.17509,50.71692],[4.17201,50.72164],[4.16293,50.72452],[4.16238,50.72643],[4.15642,50.72908],[4.15241,50.72865],[4.15335,50.72754],[4.1574,50.72791],[4.15284,50.72476],[4.14801,50.72644],[4.1486,50.72822],[4.14238,50.72897],[4.13972,50.72441],[4.1414,50.72321],[4.1353,50.7183],[4.13421,50.71603],[4.13096,50.71343],[4.13504,50.7106],[4.13952,50.70648],[4.14789,50.70312],[4.14317,50.69834],[4.15099,50.69779],[4.14905,50.6922],[4.16064,50.69005],[4.16431,50.68674],[4.16631,50.68824],[4.17081,50.68668],[4.16836,50.67916],[4.17312,50.67491],[4.17459,50.67456],[4.17704,50.67005],[4.18099,50.66843],[4.17735,50.66338]]]}},{"type":"Feature","id":"25107","bbox":[4.453527,50.525408,4.588778,50.601488],"properties":{"nis":"25107","name":"Villers-la-Ville","nameNl":"Villers-la-Ville","nameFr":"Villers-la-Ville","nameDe":"Villers-la-Ville","province":"brabant-wallon","region":"wallonia","areaKm2":47.78},"geometry":{"type":"Polygon","coordinates":[[[4.57399,50.59807],[4.56534,50.59963],[4.56465,50.59852],[4.56002,50.59967],[4.55433,50.59621],[4.53783,50.6004],[4.53511,50.60149],[4.53489,50.59894],[4.53137,50.596],[4.52666,50.59048],[4.51374,50.58651],[4.50665,50.58021],[4.50859,50.57862],[4.50044,50.57463],[4.49258,50.57225],[4.48546,50.58044],[4.48129,50.57684],[4.46803,50.57473],[4.4614,50.5745],[4.46181,50.57345],[4.45773,50.57316],[4.45353,50.57123],[4.45778,50.56287],[4.46151,50.56236],[4.46537,50.56316],[4.47462,50.56107],[4.4694,50.55876],[4.47248,50.55394],[4.47502,50.555],[4.47835,50.55107],[4.47382,50.55003],[4.46547,50.54621],[4.46685,50.5442],[4.4661,50.54161],[4.46809,50.53775],[4.46335,50.5331],[4.4674,50.52794],[4.4694,50.52924],[4.46858,50.53097],[4.47272,50.53157],[4.47228,50.53507],[4.47593,50.53637],[4.48409,50.53362],[4.48477,50.53532],[4.48743,50.53473],[4.48918,50.53779],[4.49459,50.53705],[4.50353,50.53964],[4.50302,50.53506],[4.50404,50.53261],[4.50264,50.52856],[4.50564,50.5297],[4.50768,50.52712],[4.51078,50.52768],[4.51272,50.52541],[4.52624,50.52881],[4.53071,50.53191],[4.53508,50.53128],[4.55252,50.53571],[4.57744,50.54231],[4.57598,50.55216],[4.57428,50.55549],[4.57503,50.56081],[4.57463,50.56606],[4.5733,50.56857],[4.58026,50.57032],[4.58211,50.57179],[4.57923,50.57551],[4.57903,50.58122],[4.58167,50.58382],[4.57933,50.58812],[4.58167,50.58972],[4.58449,50.59405],[4.58878,50.59655],[4.58502,50.59846],[4.5791,50.59766],[4.57399,50.59807]]]}},{"type":"Feature","id":"25110","bbox":[4.354983,50.670628,4.441322,50.735917],"properties":{"nis":"25110","name":"Waterloo","nameNl":"Waterloo","nameFr":"Waterloo","nameDe":"Waterloo","province":"brabant-wallon","region":"wallonia","areaKm2":21.27},"geometry":{"type":"Polygon","coordinates":[[[4.41193,50.68014],[4.41884,50.68124],[4.41908,50.67923],[4.42471,50.67312],[4.42134,50.67147],[4.4221,50.67063],[4.43154,50.67502],[4.43447,50.67798],[4.43567,50.68148],[4.42557,50.68896],[4.41624,50.69293],[4.42019,50.69616],[4.42433,50.69608],[4.42364,50.69896],[4.4257,50.70087],[4.43117,50.69778],[4.4301,50.69988],[4.43234,50.69948],[4.43076,50.70179],[4.42609,50.70299],[4.42632,50.70651],[4.4328,50.70917],[4.43424,50.71114],[4.43773,50.71087],[4.44032,50.71299],[4.44114,50.71574],[4.43586,50.71568],[4.43657,50.71831],[4.44083,50.72244],[4.43644,50.72008],[4.43723,50.72293],[4.42852,50.72534],[4.42397,50.72491],[4.42414,50.73592],[4.41429,50.73515],[4.39631,50.73387],[4.39342,50.73435],[4.3913,50.73212],[4.38319,50.73138],[4.37181,50.72946],[4.37273,50.71622],[4.36492,50.71686],[4.35853,50.71613],[4.36059,50.71246],[4.35498,50.71145],[4.35957,50.70583],[4.36471,50.70279],[4.3664,50.70084],[4.37311,50.70265],[4.377,50.70452],[4.38544,50.70524],[4.39697,50.70077],[4.39421,50.69682],[4.39313,50.69098],[4.39108,50.6864],[4.40136,50.68679],[4.40734,50.6894],[4.4089,50.68638],[4.3995,50.68135],[4.40543,50.67957],[4.41193,50.68014]]]}},{"type":"Feature","id":"25112","bbox":[4.52969,50.68262,4.646896,50.763758],"properties":{"nis":"25112","name":"Wavre","nameNl":"Waver","nameFr":"Wavre","nameDe":"Wavre","province":"brabant-wallon","region":"wallonia","areaKm2":42.02},"geometry":{"type":"Polygon","coordinates":[[[4.64154,50.71997],[4.64243,50.72078],[4.63849,50.7245],[4.64185,50.72611],[4.64561,50.73013],[4.64165,50.73334],[4.63553,50.73027],[4.63476,50.73083],[4.62806,50.7288],[4.62713,50.73281],[4.62508,50.73682],[4.62617,50.73983],[4.62029,50.74344],[4.60985,50.74238],[4.60508,50.74103],[4.60379,50.7426],[4.5983,50.74563],[4.59978,50.74773],[4.59927,50.74992],[4.60117,50.75189],[4.60112,50.7555],[4.59786,50.75898],[4.59849,50.76262],[4.59721,50.76357],[4.59185,50.76119],[4.58727,50.76091],[4.5786,50.75684],[4.58117,50.75412],[4.57391,50.74843],[4.57578,50.74728],[4.56935,50.74722],[4.56654,50.74872],[4.56386,50.74761],[4.56239,50.74483],[4.56509,50.74279],[4.56316,50.74075],[4.56652,50.73827],[4.5667,50.73471],[4.56288,50.73308],[4.56101,50.73496],[4.55806,50.73501],[4.55434,50.73372],[4.55685,50.73194],[4.55376,50.72854],[4.55586,50.72381],[4.55369,50.7229],[4.55083,50.7193],[4.55068,50.7147],[4.5489,50.71301],[4.5492,50.70738],[4.54579,50.7062],[4.54837,50.70425],[4.54011,50.70244],[4.53695,50.70125],[4.52969,50.69508],[4.55744,50.68804],[4.5599,50.68894],[4.57435,50.68699],[4.57897,50.68799],[4.5858,50.68484],[4.59269,50.68273],[4.59703,50.6829],[4.59598,50.68512],[4.59804,50.68742],[4.60044,50.6857],[4.60493,50.68657],[4.61036,50.68868],[4.6142,50.68943],[4.61554,50.68851],[4.61591,50.68527],[4.61773,50.68262],[4.62486,50.68469],[4.62511,50.68419],[4.63438,50.68924],[4.63577,50.69188],[4.63884,50.69384],[4.63754,50.69617],[4.6469,50.70446],[4.64188,50.70553],[4.64184,50.71247],[4.64012,50.71357],[4.64154,50.71997]]]}},{"type":"Feature","id":"25117","bbox":[4.573298,50.560229,4.673043,50.631259],"properties":{"nis":"25117","name":"Chastre","nameNl":"Chastre","nameFr":"Chastre","nameDe":"Chastre","province":"brabant-wallon","region":"wallonia","areaKm2":31.46},"geometry":{"type":"Polygon","coordinates":[[[4.65686,50.60146],[4.65342,50.60555],[4.65084,50.6053],[4.65195,50.60784],[4.64911,50.6104],[4.65842,50.61381],[4.66317,50.61671],[4.65774,50.62324],[4.65263,50.62399],[4.65083,50.62885],[4.64254,50.62591],[4.64346,50.62874],[4.63921,50.62735],[4.6335,50.62938],[4.63049,50.62708],[4.63157,50.62526],[4.63727,50.62315],[4.63635,50.62081],[4.63152,50.62023],[4.63409,50.61708],[4.6268,50.61232],[4.62652,50.61096],[4.62171,50.60676],[4.6193,50.60691],[4.61115,50.60914],[4.60489,50.60921],[4.59823,50.61121],[4.59325,50.61126],[4.59248,50.61019],[4.58921,50.6113],[4.58703,50.60757],[4.584,50.60495],[4.57399,50.59807],[4.5791,50.59766],[4.58502,50.59846],[4.58878,50.59655],[4.58449,50.59405],[4.58167,50.58972],[4.57933,50.58812],[4.58167,50.58382],[4.57903,50.58122],[4.57923,50.57551],[4.58211,50.57179],[4.58026,50.57032],[4.5733,50.56857],[4.57463,50.56606],[4.57503,50.56081],[4.58465,50.56241],[4.58912,50.56252],[4.59737,50.5673],[4.60193,50.56769],[4.60209,50.56931],[4.60971,50.56947],[4.61111,50.56733],[4.61787,50.56957],[4.62056,50.56714],[4.61935,50.56369],[4.62135,50.56156],[4.62803,50.56433],[4.62928,50.56388],[4.63366,50.56622],[4.63761,50.56264],[4.64188,50.56504],[4.64357,50.56435],[4.64441,50.56023],[4.66245,50.56477],[4.6646,50.5659],[4.6687,50.5658],[4.66857,50.56688],[4.67304,50.57088],[4.66205,50.57648],[4.66135,50.57866],[4.65682,50.58588],[4.65828,50.5869],[4.65613,50.59203],[4.65624,50.59987],[4.65686,50.60146]]]}},{"type":"Feature","id":"25118","bbox":[4.925648,50.723479,5.020487,50.769781],"properties":{"nis":"25118","name":"Hélécine","nameNl":"Heilissem","nameFr":"Hélécine","nameDe":"Hélécine","province":"brabant-wallon","region":"wallonia","areaKm2":16.93},"geometry":{"type":"Polygon","coordinates":[[[4.99253,50.72363],[4.99403,50.72626],[4.99769,50.72815],[5.00764,50.72903],[5.00856,50.73314],[5.01271,50.73058],[5.01727,50.733],[5.01565,50.73457],[5.0171,50.73709],[5.01594,50.73961],[5.01648,50.74377],[5.02049,50.74845],[5.01953,50.75077],[5.01629,50.75582],[5.0102,50.76115],[5.00335,50.76597],[5.002,50.76516],[4.98647,50.76922],[4.98173,50.76978],[4.98172,50.76853],[4.9784,50.76828],[4.9787,50.76597],[4.97593,50.76594],[4.9719,50.76789],[4.96853,50.76724],[4.96937,50.76231],[4.96595,50.76203],[4.96337,50.75972],[4.95697,50.75556],[4.95341,50.75479],[4.95326,50.75209],[4.95382,50.75095],[4.94267,50.74906],[4.93896,50.74736],[4.93126,50.74765],[4.92869,50.74719],[4.9296,50.74497],[4.92565,50.7428],[4.93248,50.73842],[4.93856,50.74029],[4.94352,50.7373],[4.94611,50.73801],[4.94829,50.73981],[4.94982,50.73882],[4.9548,50.74173],[4.95603,50.73859],[4.96059,50.73653],[4.96607,50.73761],[4.97153,50.73528],[4.98122,50.73849],[4.98244,50.73641],[4.98913,50.73664],[4.9935,50.733],[4.98995,50.72775],[4.98969,50.72402],[4.99253,50.72363]]]}},{"type":"Feature","id":"25119","bbox":[4.394855,50.643936,4.526368,50.724182],"properties":{"nis":"25119","name":"Lasne","nameNl":"Lasne","nameFr":"Lasne","nameDe":"Lasne","province":"brabant-wallon","region":"wallonia","areaKm2":47.39},"geometry":{"type":"Polygon","coordinates":[[[4.47727,50.72418],[4.47251,50.7224],[4.46903,50.7199],[4.4665,50.71965],[4.46418,50.72155],[4.4548,50.72248],[4.44933,50.71878],[4.44508,50.71771],[4.44114,50.71574],[4.44032,50.71299],[4.43773,50.71087],[4.43424,50.71114],[4.4328,50.70917],[4.42632,50.70651],[4.42609,50.70299],[4.43076,50.70179],[4.43234,50.69948],[4.4301,50.69988],[4.43117,50.69778],[4.4257,50.70087],[4.42364,50.69896],[4.42433,50.69608],[4.42019,50.69616],[4.41624,50.69293],[4.42557,50.68896],[4.43567,50.68148],[4.43447,50.67798],[4.43154,50.67502],[4.4221,50.67063],[4.42134,50.67147],[4.42471,50.67312],[4.41908,50.67923],[4.41884,50.68124],[4.41193,50.68014],[4.412,50.67873],[4.40811,50.67618],[4.40605,50.67361],[4.39747,50.67159],[4.39486,50.67013],[4.39607,50.66336],[4.3979,50.66227],[4.39584,50.66084],[4.40423,50.65624],[4.40184,50.65223],[4.40386,50.64834],[4.40077,50.6477],[4.39915,50.6453],[4.40092,50.64394],[4.40796,50.64768],[4.40916,50.6495],[4.41478,50.6509],[4.42473,50.65241],[4.43483,50.6574],[4.43979,50.65828],[4.43844,50.65556],[4.44065,50.65092],[4.44915,50.64804],[4.4531,50.64853],[4.46359,50.64432],[4.46855,50.64549],[4.48053,50.65231],[4.49215,50.65488],[4.49423,50.65655],[4.49205,50.66257],[4.49604,50.66344],[4.50195,50.66851],[4.5036,50.66803],[4.50882,50.6714],[4.50713,50.67358],[4.51153,50.6741],[4.51526,50.6757],[4.51545,50.67693],[4.51167,50.67784],[4.51763,50.68633],[4.52179,50.68488],[4.52596,50.68551],[4.52157,50.68708],[4.5227,50.68995],[4.52492,50.69142],[4.52515,50.69536],[4.52637,50.69644],[4.52068,50.69875],[4.51004,50.70169],[4.50543,50.70352],[4.50299,50.70307],[4.50064,50.70549],[4.49983,50.70825],[4.50249,50.70954],[4.49882,50.71167],[4.49399,50.71068],[4.49285,50.71293],[4.48395,50.71811],[4.47864,50.72216],[4.47727,50.72418]]]}},{"type":"Feature","id":"25120","bbox":[4.911259,50.639561,5.017328,50.741735],"properties":{"nis":"25120","name":"Orp-Jauche","nameNl":"Orp-Jauche","nameFr":"Orp-Jauche","nameDe":"Orp-Jauche","province":"brabant-wallon","region":"wallonia","areaKm2":50.62},"geometry":{"type":"Polygon","coordinates":[[[4.94111,50.6434],[4.9426,50.6423],[4.9506,50.64692],[4.95367,50.64772],[4.95681,50.64487],[4.96522,50.64844],[4.96676,50.64791],[4.97889,50.63956],[4.98333,50.6423],[4.98811,50.64542],[4.98714,50.64722],[4.98922,50.6477],[4.98776,50.65109],[4.99059,50.65668],[4.99374,50.6594],[5.00265,50.66499],[4.99652,50.67164],[4.99929,50.67534],[4.99761,50.67966],[4.99738,50.68371],[5.0005,50.68633],[5.00004,50.69083],[5.00258,50.69596],[5.00839,50.69785],[5.01493,50.69901],[5.01733,50.70254],[5.01275,50.70606],[5.00944,50.70742],[5.00998,50.71193],[4.99792,50.71516],[4.99622,50.71722],[4.99714,50.7213],[4.99253,50.72363],[4.98969,50.72402],[4.98995,50.72775],[4.9935,50.733],[4.98913,50.73664],[4.98244,50.73641],[4.98122,50.73849],[4.97153,50.73528],[4.96607,50.73761],[4.96059,50.73653],[4.95603,50.73859],[4.9548,50.74173],[4.94982,50.73882],[4.94829,50.73981],[4.94611,50.73801],[4.94324,50.735],[4.94887,50.73077],[4.94564,50.7298],[4.94119,50.72415],[4.94154,50.7217],[4.94424,50.72005],[4.94086,50.71737],[4.93808,50.71398],[4.93347,50.71225],[4.92976,50.70975],[4.92738,50.71076],[4.92573,50.70921],[4.92311,50.71033],[4.92135,50.70897],[4.92112,50.70352],[4.91645,50.70081],[4.91276,50.70305],[4.91165,50.70187],[4.91482,50.70016],[4.91845,50.6962],[4.91622,50.69588],[4.91605,50.6934],[4.91399,50.69326],[4.91338,50.6883],[4.91126,50.68634],[4.91509,50.68458],[4.91827,50.68472],[4.92238,50.678],[4.9284,50.67376],[4.9353,50.66781],[4.92942,50.66566],[4.93211,50.66231],[4.9294,50.6594],[4.92442,50.65648],[4.91942,50.65144],[4.92348,50.64989],[4.92627,50.65272],[4.93087,50.6514],[4.9349,50.64799],[4.93298,50.64594],[4.94111,50.6434]]]}},{"type":"Feature","id":"25121","bbox":[4.491853,50.649266,4.648091,50.696441],"properties":{"nis":"25121","name":"Ottignies-Louvain-la-Neuve","nameNl":"Ottignies-Louvain-la-Neuve","nameFr":"Ottignies-Louvain-la-Neuve","nameDe":"Ottignies-Louvain-la-Neuve","province":"brabant-wallon","region":"wallonia","areaKm2":33.29},"geometry":{"type":"Polygon","coordinates":[[[4.49215,50.65488],[4.49879,50.65532],[4.50387,50.65286],[4.51558,50.65586],[4.51767,50.65372],[4.52468,50.65163],[4.52724,50.65261],[4.53301,50.65212],[4.53477,50.65411],[4.53968,50.65038],[4.54432,50.65002],[4.55039,50.6511],[4.55596,50.65313],[4.5659,50.65435],[4.56737,50.65766],[4.5699,50.65797],[4.57062,50.65382],[4.57277,50.6556],[4.57505,50.65505],[4.57956,50.65147],[4.58565,50.64927],[4.58997,50.65447],[4.59119,50.65436],[4.59361,50.65564],[4.59783,50.65562],[4.60048,50.65712],[4.60656,50.65847],[4.61304,50.65875],[4.6266,50.66072],[4.63024,50.66223],[4.63171,50.65914],[4.63394,50.65926],[4.63917,50.66297],[4.64315,50.66206],[4.64809,50.66225],[4.6391,50.66625],[4.63521,50.66905],[4.63048,50.67429],[4.62511,50.68419],[4.62486,50.68469],[4.61773,50.68262],[4.61591,50.68527],[4.61554,50.68851],[4.6142,50.68943],[4.61036,50.68868],[4.60493,50.68657],[4.60044,50.6857],[4.59804,50.68742],[4.59598,50.68512],[4.59703,50.6829],[4.59269,50.68273],[4.5858,50.68484],[4.57897,50.68799],[4.57435,50.68699],[4.5599,50.68894],[4.55744,50.68804],[4.52969,50.69508],[4.52637,50.69644],[4.52515,50.69536],[4.52492,50.69142],[4.5227,50.68995],[4.52157,50.68708],[4.52596,50.68551],[4.52179,50.68488],[4.51763,50.68633],[4.51167,50.67784],[4.51545,50.67693],[4.51526,50.6757],[4.51153,50.6741],[4.50713,50.67358],[4.50882,50.6714],[4.5036,50.66803],[4.50195,50.66851],[4.49604,50.66344],[4.49205,50.66257],[4.49423,50.65655],[4.49215,50.65488]]]}},{"type":"Feature","id":"25122","bbox":[4.831044,50.615388,4.941114,50.703823],"properties":{"nis":"25122","name":"Ramillies","nameNl":"Ramillies","nameFr":"Ramillies","nameDe":"Ramillies","province":"brabant-wallon","region":"wallonia","areaKm2":48.91},"geometry":{"type":"Polygon","coordinates":[[[4.91165,50.70187],[4.90711,50.70382],[4.90496,50.70116],[4.89962,50.70288],[4.89439,50.70086],[4.88676,50.69897],[4.88508,50.70038],[4.88187,50.69792],[4.87151,50.70002],[4.86989,50.70148],[4.86678,50.70037],[4.86692,50.69472],[4.86393,50.69091],[4.86187,50.68982],[4.86652,50.6857],[4.86095,50.68327],[4.85434,50.68164],[4.85586,50.67971],[4.85168,50.67776],[4.8496,50.6778],[4.84882,50.6763],[4.85132,50.67555],[4.84822,50.67304],[4.85167,50.66952],[4.84845,50.66617],[4.84564,50.66494],[4.84548,50.6628],[4.84008,50.66082],[4.84116,50.65901],[4.83486,50.65537],[4.834,50.65423],[4.83998,50.64984],[4.83665,50.6477],[4.83406,50.64814],[4.83104,50.6468],[4.83545,50.64379],[4.83923,50.63997],[4.83841,50.63813],[4.84202,50.63565],[4.83994,50.63478],[4.84133,50.63324],[4.83905,50.63208],[4.83945,50.63],[4.84373,50.62802],[4.8417,50.62284],[4.84617,50.6212],[4.84536,50.62015],[4.85243,50.61539],[4.86282,50.61783],[4.87118,50.61837],[4.88863,50.62199],[4.90065,50.6225],[4.89765,50.62798],[4.90014,50.62881],[4.91472,50.62586],[4.92065,50.6257],[4.92929,50.6274],[4.92958,50.62924],[4.93632,50.63428],[4.94102,50.63605],[4.9405,50.63872],[4.94111,50.6434],[4.93298,50.64594],[4.9349,50.64799],[4.93087,50.6514],[4.92627,50.65272],[4.92348,50.64989],[4.91942,50.65144],[4.92442,50.65648],[4.9294,50.6594],[4.93211,50.66231],[4.92942,50.66566],[4.9353,50.66781],[4.9284,50.67376],[4.92238,50.678],[4.91827,50.68472],[4.91509,50.68458],[4.91126,50.68634],[4.91338,50.6883],[4.91399,50.69326],[4.91605,50.6934],[4.91622,50.69588],[4.91845,50.6962],[4.91482,50.70016],[4.91165,50.70187]]]}},{"type":"Feature","id":"25123","bbox":[4.091443,50.62932,4.180991,50.716978],"properties":{"nis":"25123","name":"Rebecq","nameNl":"Rebecq","nameFr":"Rebecq","nameDe":"Rebecq","province":"brabant-wallon","region":"wallonia","areaKm2":39.01},"geometry":{"type":"Polygon","coordinates":[[[4.13421,50.71603],[4.13209,50.71698],[4.11682,50.71282],[4.1113,50.71396],[4.11147,50.7167],[4.10374,50.71143],[4.10273,50.70978],[4.09735,50.70788],[4.10047,50.70595],[4.105,50.70731],[4.1086,50.7096],[4.11084,50.70938],[4.1141,50.70547],[4.10757,50.7059],[4.10345,50.7047],[4.10139,50.70188],[4.09934,50.70351],[4.0959,50.70318],[4.09195,50.70112],[4.09436,50.69949],[4.09556,50.69546],[4.09934,50.69481],[4.09951,50.69144],[4.0971,50.68937],[4.09951,50.68698],[4.09494,50.68034],[4.0975,50.67676],[4.09659,50.67458],[4.0935,50.67262],[4.09453,50.67164],[4.09185,50.66905],[4.0951,50.66591],[4.09749,50.66761],[4.1003,50.66294],[4.09856,50.65755],[4.09911,50.65598],[4.09629,50.65179],[4.09277,50.65352],[4.09803,50.6473],[4.09965,50.64322],[4.09913,50.64132],[4.10113,50.63825],[4.10592,50.63619],[4.10732,50.63379],[4.10649,50.63222],[4.11691,50.63485],[4.12273,50.63211],[4.1327,50.62932],[4.14102,50.63176],[4.14528,50.63369],[4.14711,50.63926],[4.15891,50.64589],[4.16394,50.65029],[4.16368,50.65111],[4.16758,50.6562],[4.17417,50.66015],[4.17735,50.66338],[4.18099,50.66843],[4.17704,50.67005],[4.17459,50.67456],[4.17312,50.67491],[4.16836,50.67916],[4.17081,50.68668],[4.16631,50.68824],[4.16431,50.68674],[4.16064,50.69005],[4.14905,50.6922],[4.15099,50.69779],[4.14317,50.69834],[4.14789,50.70312],[4.13952,50.70648],[4.13504,50.7106],[4.13096,50.71343],[4.13421,50.71603]]]}},{"type":"Feature","id":"25124","bbox":[4.627003,50.594226,4.7464,50.665025],"properties":{"nis":"25124","name":"Walhain","nameNl":"Walhain","nameFr":"Walhain","nameDe":"Walhain","province":"brabant-wallon","region":"wallonia","areaKm2":37.95},"geometry":{"type":"Polygon","coordinates":[[[4.65686,50.60146],[4.65926,50.60205],[4.66041,50.6045],[4.67261,50.60813],[4.67871,50.60303],[4.68036,50.60434],[4.69046,50.59945],[4.69097,50.60017],[4.69513,50.59804],[4.69703,50.5991],[4.70476,50.59423],[4.70386,50.5957],[4.71087,50.59573],[4.71156,50.59809],[4.70959,50.59984],[4.71141,50.60124],[4.70826,50.60226],[4.70742,50.60399],[4.71005,50.60511],[4.71415,50.60843],[4.71744,50.60785],[4.7194,50.60987],[4.72323,50.60848],[4.7251,50.61141],[4.72724,50.61134],[4.73073,50.60859],[4.73184,50.6103],[4.73451,50.61065],[4.74307,50.61474],[4.74471,50.61613],[4.74332,50.62075],[4.74397,50.62538],[4.73947,50.6305],[4.73911,50.63293],[4.73438,50.63352],[4.73351,50.63474],[4.74029,50.63563],[4.74455,50.64044],[4.74446,50.64341],[4.74229,50.64329],[4.73799,50.64774],[4.74454,50.65025],[4.74249,50.6545],[4.74328,50.65484],[4.7464,50.65873],[4.7406,50.65908],[4.74236,50.66159],[4.73632,50.66374],[4.72959,50.66106],[4.72586,50.66397],[4.71846,50.66061],[4.71327,50.665],[4.70633,50.66325],[4.70291,50.66168],[4.70124,50.65965],[4.69855,50.65967],[4.69365,50.65639],[4.6927,50.65704],[4.68689,50.6542],[4.68441,50.6523],[4.6773,50.65478],[4.67491,50.65353],[4.66629,50.65249],[4.66279,50.64827],[4.66448,50.64716],[4.66197,50.64491],[4.66419,50.64297],[4.65307,50.63946],[4.65219,50.64028],[4.64192,50.63657],[4.63901,50.63855],[4.63863,50.63735],[4.63022,50.64028],[4.627,50.63653],[4.62892,50.63455],[4.62836,50.63179],[4.63122,50.63226],[4.6335,50.62938],[4.63921,50.62735],[4.64346,50.62874],[4.64254,50.62591],[4.65083,50.62885],[4.65263,50.62399],[4.65774,50.62324],[4.66317,50.61671],[4.65842,50.61381],[4.64911,50.6104],[4.65195,50.60784],[4.65084,50.6053],[4.65342,50.60555],[4.65686,50.60146]]]}},{"type":"Feature","id":"51004","bbox":[3.655107,50.562478,3.9134,50.697446],"properties":{"nis":"51004","name":"Ath","nameNl":"Aat","nameFr":"Ath","nameDe":"Ath","province":"hainaut","region":"wallonia","areaKm2":127.44},"geometry":{"type":"Polygon","coordinates":[[[3.65511,50.64557],[3.66355,50.6443],[3.66765,50.64133],[3.66744,50.63855],[3.67098,50.63476],[3.67443,50.635],[3.67831,50.63401],[3.67761,50.6297],[3.67937,50.62494],[3.68333,50.62422],[3.68467,50.62206],[3.6882,50.62296],[3.69653,50.6213],[3.69576,50.61693],[3.69809,50.61622],[3.69745,50.61137],[3.69625,50.60868],[3.69357,50.60868],[3.69018,50.60199],[3.68996,50.59857],[3.6966,50.59673],[3.69554,50.59498],[3.70183,50.59112],[3.70126,50.59031],[3.7067,50.5895],[3.70712,50.59067],[3.71376,50.58963],[3.70805,50.58294],[3.70949,50.58236],[3.70734,50.57962],[3.70227,50.5803],[3.7012,50.57778],[3.69687,50.57879],[3.69471,50.57403],[3.69723,50.57321],[3.69528,50.57135],[3.70278,50.56837],[3.70488,50.56811],[3.70789,50.56535],[3.70871,50.56714],[3.71123,50.56625],[3.70992,50.56469],[3.71411,50.56248],[3.7144,50.56453],[3.72951,50.56484],[3.73043,50.56668],[3.72711,50.56713],[3.72739,50.56978],[3.72492,50.57068],[3.72711,50.57297],[3.71955,50.57445],[3.72867,50.58088],[3.73474,50.57737],[3.73799,50.58007],[3.73884,50.57926],[3.74279,50.58034],[3.7497,50.58326],[3.75448,50.58403],[3.75148,50.58562],[3.75691,50.59085],[3.7596,50.58977],[3.75805,50.59388],[3.76062,50.59505],[3.75668,50.59761],[3.75564,50.60019],[3.7603,50.60325],[3.77767,50.60543],[3.7869,50.61323],[3.78895,50.6124],[3.79113,50.61359],[3.8021,50.60624],[3.80618,50.60503],[3.80517,50.60341],[3.81159,50.60718],[3.82048,50.60404],[3.82237,50.60441],[3.82118,50.6068],[3.82474,50.61177],[3.82286,50.6124],[3.82356,50.61447],[3.82781,50.6168],[3.82919,50.61617],[3.83196,50.62101],[3.8367,50.62347],[3.83967,50.62649],[3.84471,50.62598],[3.85163,50.6285],[3.85282,50.62743],[3.85579,50.62831],[3.85737,50.63202],[3.86043,50.63089],[3.86103,50.63378],[3.86626,50.63397],[3.86725,50.63183],[3.86735,50.62724],[3.86982,50.62554],[3.87249,50.62667],[3.87744,50.62265],[3.88465,50.62152],[3.88732,50.62252],[3.8893,50.62095],[3.89375,50.61988],[3.89487,50.62304],[3.89914,50.62468],[3.89677,50.62598],[3.90257,50.63284],[3.90874,50.63616],[3.91107,50.63673],[3.91323,50.639],[3.91209,50.64091],[3.91314,50.64401],[3.9002,50.6483],[3.89662,50.65325],[3.89285,50.65244],[3.89111,50.65398],[3.88819,50.65972],[3.88188,50.66171],[3.88302,50.66296],[3.87984,50.66657],[3.87764,50.66616],[3.87654,50.66969],[3.87921,50.67069],[3.87764,50.67231],[3.88186,50.67563],[3.87613,50.67522],[3.87302,50.67592],[3.86884,50.67235],[3.86308,50.67163],[3.85814,50.6694],[3.85548,50.67082],[3.84915,50.67188],[3.84512,50.67366],[3.8427,50.67365],[3.84322,50.67535],[3.83785,50.67811],[3.83888,50.68009],[3.83264,50.68381],[3.83074,50.68128],[3.82661,50.68232],[3.82232,50.67964],[3.8202,50.67673],[3.81444,50.67484],[3.81083,50.67675],[3.80769,50.67626],[3.80343,50.67847],[3.80145,50.68056],[3.79896,50.67792],[3.79402,50.68106],[3.79509,50.68257],[3.7923,50.68383],[3.78679,50.68857],[3.78343,50.68896],[3.77902,50.6924],[3.77427,50.69184],[3.77128,50.69466],[3.76767,50.69274],[3.76851,50.69035],[3.76244,50.68886],[3.75795,50.69576],[3.75677,50.69745],[3.75091,50.69629],[3.75211,50.69472],[3.74894,50.69369],[3.74957,50.68929],[3.75416,50.68527],[3.75061,50.68412],[3.74627,50.68393],[3.73972,50.68588],[3.73512,50.68545],[3.73157,50.68625],[3.72892,50.68563],[3.72441,50.68687],[3.73114,50.68296],[3.72801,50.6746],[3.7314,50.67222],[3.7307,50.67083],[3.72081,50.67141],[3.71693,50.67276],[3.71502,50.67029],[3.71205,50.66863],[3.70866,50.67033],[3.70371,50.6703],[3.70083,50.66863],[3.69638,50.66979],[3.68748,50.67393],[3.68268,50.67253],[3.67802,50.67244],[3.67321,50.67056],[3.67484,50.66912],[3.67131,50.66759],[3.67131,50.66449],[3.67745,50.66607],[3.67929,50.66337],[3.67625,50.6605],[3.67336,50.65919],[3.67152,50.65542],[3.66836,50.65481],[3.66667,50.65303],[3.66001,50.64939],[3.65511,50.64557]]]}},{"type":"Feature","id":"51008","bbox":[3.608521,50.48092,3.760604,50.581722],"properties":{"nis":"51008","name":"Belœil","nameNl":"Belle","nameFr":"Belœil","nameDe":"Belœil","province":"hainaut","region":"wallonia","areaKm2":62.05},"geometry":{"type":"Polygon","coordinates":[[[3.70227,50.5803],[3.69557,50.58053],[3.68914,50.57972],[3.68104,50.58172],[3.67498,50.5756],[3.67157,50.57416],[3.67058,50.56976],[3.66439,50.56618],[3.66202,50.5632],[3.66207,50.5612],[3.66625,50.55904],[3.65755,50.55576],[3.66243,50.55279],[3.65237,50.54774],[3.65023,50.54908],[3.64335,50.55086],[3.63699,50.55187],[3.62923,50.54978],[3.63244,50.55318],[3.63034,50.55736],[3.62556,50.56114],[3.61963,50.56326],[3.61684,50.56135],[3.61449,50.55943],[3.61565,50.55165],[3.61291,50.54723],[3.61342,50.53962],[3.61944,50.53262],[3.62143,50.53181],[3.61932,50.52866],[3.61556,50.52629],[3.61064,50.52519],[3.60852,50.52102],[3.61816,50.52085],[3.61667,50.51979],[3.61945,50.51888],[3.61635,50.51655],[3.62205,50.51616],[3.6261,50.51913],[3.62888,50.51523],[3.62525,50.51504],[3.62239,50.51271],[3.62365,50.51173],[3.62757,50.51216],[3.63506,50.51439],[3.63818,50.51303],[3.63918,50.51445],[3.64776,50.51287],[3.65391,50.51362],[3.65884,50.5133],[3.66427,50.51461],[3.66456,50.51257],[3.66887,50.51202],[3.66923,50.51291],[3.67489,50.51179],[3.6752,50.51302],[3.68061,50.50948],[3.68496,50.50756],[3.68981,50.50724],[3.69158,50.5031],[3.68801,50.50183],[3.68762,50.5001],[3.68514,50.50091],[3.68278,50.49997],[3.68417,50.49702],[3.68969,50.49311],[3.68663,50.49262],[3.68757,50.4909],[3.69191,50.48752],[3.70194,50.4854],[3.71287,50.48092],[3.71526,50.48388],[3.71865,50.48604],[3.71886,50.49233],[3.73627,50.49609],[3.73998,50.49792],[3.7457,50.50257],[3.74468,50.50888],[3.74512,50.51113],[3.73989,50.51181],[3.73774,50.5142],[3.73868,50.51581],[3.74425,50.51758],[3.74341,50.5201],[3.74082,50.5214],[3.74181,50.52582],[3.74464,50.52489],[3.74804,50.52787],[3.75327,50.52932],[3.75529,50.53117],[3.75651,50.5339],[3.75554,50.53564],[3.7588,50.53779],[3.76061,50.54213],[3.75454,50.54461],[3.75268,50.5504],[3.73772,50.55578],[3.73307,50.55384],[3.73002,50.557],[3.72604,50.55783],[3.72318,50.55698],[3.71535,50.55658],[3.71426,50.55841],[3.71411,50.56248],[3.70992,50.56469],[3.71123,50.56625],[3.70871,50.56714],[3.70789,50.56535],[3.70488,50.56811],[3.70278,50.56837],[3.69528,50.57135],[3.69723,50.57321],[3.69471,50.57403],[3.69687,50.57879],[3.7012,50.57778],[3.70227,50.5803]]]}},{"type":"Feature","id":"51009","bbox":[3.615221,50.442265,3.753815,50.514614],"properties":{"nis":"51009","name":"Bernissart","nameNl":"Bernissart","nameFr":"Bernissart","nameDe":"Bernissart","province":"hainaut","region":"wallonia","areaKm2":43.63},"geometry":{"type":"Polygon","coordinates":[[[3.62365,50.51173],[3.62394,50.5071],[3.62002,50.50547],[3.62287,50.50287],[3.62927,50.5007],[3.62302,50.49784],[3.62563,50.49596],[3.62439,50.49217],[3.61522,50.4901],[3.61906,50.48678],[3.63256,50.47993],[3.63023,50.47926],[3.63515,50.47113],[3.64443,50.46254],[3.64524,50.46375],[3.65338,50.46357],[3.65518,50.46196],[3.66004,50.46417],[3.66756,50.46216],[3.67407,50.46249],[3.67872,50.45987],[3.68087,50.45986],[3.68386,50.45778],[3.6944,50.45578],[3.69786,50.45435],[3.69694,50.45309],[3.70174,50.45237],[3.70375,50.4507],[3.70732,50.45044],[3.70789,50.44896],[3.71565,50.44649],[3.71897,50.4477],[3.72392,50.44371],[3.72653,50.44316],[3.73557,50.44451],[3.73599,50.44272],[3.73966,50.44227],[3.74496,50.44487],[3.75193,50.44594],[3.74747,50.45014],[3.74641,50.453],[3.74321,50.45429],[3.7472,50.45671],[3.74624,50.45783],[3.74721,50.4623],[3.74935,50.46347],[3.7489,50.46634],[3.75339,50.47067],[3.75113,50.47205],[3.75382,50.4764],[3.74834,50.48341],[3.74802,50.48628],[3.73627,50.49609],[3.71886,50.49233],[3.71865,50.48604],[3.71526,50.48388],[3.71287,50.48092],[3.70194,50.4854],[3.69191,50.48752],[3.68757,50.4909],[3.68663,50.49262],[3.68969,50.49311],[3.68417,50.49702],[3.68278,50.49997],[3.68514,50.50091],[3.68762,50.5001],[3.68801,50.50183],[3.69158,50.5031],[3.68981,50.50724],[3.68496,50.50756],[3.68061,50.50948],[3.6752,50.51302],[3.67489,50.51179],[3.66923,50.51291],[3.66887,50.51202],[3.66456,50.51257],[3.66427,50.51461],[3.65884,50.5133],[3.65391,50.51362],[3.64776,50.51287],[3.63918,50.51445],[3.63818,50.51303],[3.63506,50.51439],[3.62757,50.51216],[3.62365,50.51173]]]}},{"type":"Feature","id":"51012","bbox":[3.819117,50.569443,3.911754,50.634031],"properties":{"nis":"51012","name":"Brugelette","nameNl":"Brugelette","nameFr":"Brugelette","nameDe":"Brugelette","province":"hainaut","region":"wallonia","areaKm2":28.43},"geometry":{"type":"Polygon","coordinates":[[[3.9037,50.61546],[3.90086,50.62008],[3.89487,50.62304],[3.89375,50.61988],[3.8893,50.62095],[3.88732,50.62252],[3.88465,50.62152],[3.87744,50.62265],[3.87249,50.62667],[3.86982,50.62554],[3.86735,50.62724],[3.86725,50.63183],[3.86626,50.63397],[3.86103,50.63378],[3.86043,50.63089],[3.85737,50.63202],[3.85579,50.62831],[3.85282,50.62743],[3.85163,50.6285],[3.84471,50.62598],[3.83967,50.62649],[3.8367,50.62347],[3.83196,50.62101],[3.82919,50.61617],[3.82781,50.6168],[3.82356,50.61447],[3.82286,50.6124],[3.82474,50.61177],[3.82118,50.6068],[3.82237,50.60441],[3.82048,50.60404],[3.81912,50.60093],[3.83221,50.59412],[3.83073,50.59321],[3.83404,50.59021],[3.83603,50.58995],[3.83717,50.58615],[3.83446,50.58456],[3.83578,50.58201],[3.84384,50.58158],[3.85599,50.58221],[3.86321,50.58208],[3.86354,50.58085],[3.86743,50.57994],[3.86689,50.57795],[3.87254,50.57686],[3.86993,50.57416],[3.87899,50.56944],[3.88407,50.57303],[3.88832,50.5724],[3.89426,50.57661],[3.89525,50.57812],[3.89861,50.57919],[3.90701,50.57881],[3.91027,50.58202],[3.89791,50.58787],[3.89636,50.58809],[3.90591,50.59404],[3.90721,50.59799],[3.91175,50.60302],[3.91027,50.60686],[3.90523,50.61214],[3.9037,50.61546]]]}},{"type":"Feature","id":"51014","bbox":[3.713879,50.526547,3.83734,50.613783],"properties":{"nis":"51014","name":"Chièvres","nameNl":"Chièvres","nameFr":"Chièvres","nameDe":"Chièvres","province":"hainaut","region":"wallonia","areaKm2":47.2},"geometry":{"type":"Polygon","coordinates":[[[3.71411,50.56248],[3.71426,50.55841],[3.71535,50.55658],[3.72318,50.55698],[3.72604,50.55783],[3.73002,50.557],[3.73307,50.55384],[3.73772,50.55578],[3.75268,50.5504],[3.75454,50.54461],[3.76061,50.54213],[3.7588,50.53779],[3.75554,50.53564],[3.75651,50.5339],[3.75529,50.53117],[3.76396,50.52789],[3.77258,50.52655],[3.77458,50.53407],[3.78277,50.53801],[3.78644,50.53736],[3.79359,50.53984],[3.7978,50.5398],[3.80223,50.54153],[3.80251,50.54014],[3.80734,50.53981],[3.81341,50.54439],[3.81762,50.54684],[3.82032,50.55186],[3.82691,50.55036],[3.83166,50.55108],[3.83175,50.55521],[3.83598,50.55814],[3.83509,50.55922],[3.83734,50.5613],[3.83302,50.56361],[3.83039,50.56739],[3.82865,50.56822],[3.83327,50.57122],[3.83234,50.57456],[3.83475,50.57908],[3.83679,50.58019],[3.83578,50.58201],[3.83446,50.58456],[3.83717,50.58615],[3.83603,50.58995],[3.83404,50.59021],[3.83073,50.59321],[3.83221,50.59412],[3.81912,50.60093],[3.82048,50.60404],[3.81159,50.60718],[3.80517,50.60341],[3.80618,50.60503],[3.8021,50.60624],[3.79113,50.61359],[3.78895,50.6124],[3.7869,50.61323],[3.77767,50.60543],[3.7603,50.60325],[3.75564,50.60019],[3.75668,50.59761],[3.76062,50.59505],[3.75805,50.59388],[3.7596,50.58977],[3.75691,50.59085],[3.75148,50.58562],[3.75448,50.58403],[3.7497,50.58326],[3.74279,50.58034],[3.73884,50.57926],[3.73799,50.58007],[3.73474,50.57737],[3.72867,50.58088],[3.71955,50.57445],[3.72711,50.57297],[3.72492,50.57068],[3.72739,50.56978],[3.72711,50.56713],[3.73043,50.56668],[3.72951,50.56484],[3.7144,50.56453],[3.71411,50.56248]]]}},{"type":"Feature","id":"51017","bbox":[3.637746,50.683931,3.766733,50.77348],"properties":{"nis":"51017","name":"Ellezelles","nameNl":"Elzele","nameFr":"Ellezelles","nameDe":"Ellezelles","province":"hainaut","region":"wallonia","areaKm2":44.94},"geometry":{"type":"Polygon","coordinates":[[[3.64038,50.7223],[3.63774,50.71732],[3.64745,50.71587],[3.64056,50.71218],[3.64767,50.7079],[3.65728,50.70519],[3.67551,50.70385],[3.67873,50.70427],[3.67947,50.70274],[3.67655,50.70148],[3.67321,50.69765],[3.66896,50.69511],[3.66907,50.6918],[3.67407,50.69262],[3.67696,50.69466],[3.68127,50.69181],[3.68619,50.69161],[3.68439,50.69289],[3.69036,50.69497],[3.69055,50.69398],[3.69532,50.69342],[3.70422,50.69516],[3.70595,50.69606],[3.71618,50.69322],[3.72441,50.68687],[3.72892,50.68563],[3.73157,50.68625],[3.73512,50.68545],[3.73972,50.68588],[3.74627,50.68393],[3.75061,50.68412],[3.75416,50.68527],[3.74957,50.68929],[3.74894,50.69369],[3.75211,50.69472],[3.75091,50.69629],[3.75677,50.69745],[3.75795,50.69576],[3.76301,50.70045],[3.76227,50.70208],[3.76515,50.70517],[3.76673,50.70546],[3.76241,50.70905],[3.76363,50.7132],[3.76093,50.7171],[3.76235,50.71985],[3.75487,50.7206],[3.75566,50.72419],[3.75238,50.72519],[3.74851,50.72795],[3.74512,50.72931],[3.7338,50.73218],[3.7262,50.73489],[3.72045,50.73423],[3.71347,50.73623],[3.70924,50.73556],[3.70142,50.74003],[3.69861,50.74341],[3.69523,50.74484],[3.69437,50.7469],[3.69528,50.75013],[3.6917,50.75194],[3.69212,50.75535],[3.69013,50.75766],[3.69051,50.76197],[3.68582,50.76351],[3.68961,50.76607],[3.69095,50.76971],[3.68853,50.77348],[3.68478,50.77098],[3.68243,50.77275],[3.67751,50.7707],[3.67504,50.76869],[3.67737,50.76702],[3.66951,50.76396],[3.67354,50.76046],[3.67255,50.75842],[3.66779,50.75497],[3.66474,50.7541],[3.65987,50.75437],[3.66026,50.75034],[3.65896,50.74687],[3.64707,50.74069],[3.64227,50.73783],[3.64294,50.73585],[3.64169,50.73229],[3.64124,50.72357],[3.64038,50.7223]]]}},{"type":"Feature","id":"51019","bbox":[3.685814,50.72931,3.777139,50.78187],"properties":{"nis":"51019","name":"Flobecq","nameNl":"Vloesberg","nameFr":"Flobecq","nameDe":"Flobecq","province":"hainaut","region":"wallonia","areaKm2":23.17},"geometry":{"type":"Polygon","coordinates":[[[3.77568,50.74789],[3.77221,50.75223],[3.77316,50.75407],[3.77084,50.7547],[3.76868,50.75785],[3.76576,50.75878],[3.76011,50.76258],[3.75852,50.76811],[3.75314,50.77155],[3.75564,50.77494],[3.75745,50.77532],[3.75929,50.77803],[3.75858,50.78045],[3.75328,50.77829],[3.74846,50.77436],[3.74203,50.77475],[3.73793,50.77147],[3.73817,50.77024],[3.73248,50.77052],[3.73126,50.77141],[3.71436,50.76791],[3.71153,50.77056],[3.71459,50.7731],[3.70904,50.7747],[3.71051,50.77809],[3.7133,50.78036],[3.71018,50.78187],[3.69768,50.7743],[3.68874,50.77468],[3.68853,50.77348],[3.69095,50.76971],[3.68961,50.76607],[3.68582,50.76351],[3.69051,50.76197],[3.69013,50.75766],[3.69212,50.75535],[3.6917,50.75194],[3.69528,50.75013],[3.69437,50.7469],[3.69523,50.74484],[3.69861,50.74341],[3.70142,50.74003],[3.70924,50.73556],[3.71347,50.73623],[3.72045,50.73423],[3.7262,50.73489],[3.7338,50.73218],[3.74512,50.72931],[3.74942,50.73348],[3.75243,50.73397],[3.75664,50.73636],[3.75912,50.73384],[3.76412,50.73434],[3.76917,50.7321],[3.77269,50.73139],[3.77126,50.73527],[3.77453,50.73661],[3.77714,50.73955],[3.77618,50.74332],[3.77333,50.74626],[3.77568,50.74789]]]}},{"type":"Feature","id":"51065","bbox":[3.487026,50.625911,3.731402,50.734733],"properties":{"nis":"51065","name":"Frasnes-lez-Anvaing","nameNl":"Frasnes-lez-Anvaing","nameFr":"Frasnes-lez-Anvaing","nameDe":"Frasnes-lez-Anvaing","province":"hainaut","region":"wallonia","areaKm2":112.54},"geometry":{"type":"Polygon","coordinates":[[[3.72441,50.68687],[3.71618,50.69322],[3.70595,50.69606],[3.70422,50.69516],[3.69532,50.69342],[3.69055,50.69398],[3.69036,50.69497],[3.68439,50.69289],[3.68619,50.69161],[3.68127,50.69181],[3.67696,50.69466],[3.67407,50.69262],[3.66907,50.6918],[3.66896,50.69511],[3.67321,50.69765],[3.67655,50.70148],[3.67947,50.70274],[3.67873,50.70427],[3.67551,50.70385],[3.65728,50.70519],[3.64767,50.7079],[3.64056,50.71218],[3.64745,50.71587],[3.63774,50.71732],[3.64038,50.7223],[3.6333,50.72219],[3.63076,50.72101],[3.62361,50.72252],[3.61502,50.72762],[3.61421,50.73062],[3.61027,50.73227],[3.6036,50.73178],[3.59858,50.73244],[3.59126,50.7295],[3.58803,50.72891],[3.5844,50.72988],[3.57777,50.73029],[3.56829,50.72813],[3.56338,50.72979],[3.55933,50.7341],[3.55136,50.73409],[3.54856,50.73273],[3.54416,50.73247],[3.54124,50.73339],[3.53934,50.73378],[3.53886,50.7315],[3.54485,50.73166],[3.53676,50.72552],[3.53871,50.72385],[3.54256,50.72275],[3.53434,50.72047],[3.53036,50.72325],[3.52886,50.72255],[3.53299,50.71923],[3.52934,50.71612],[3.52245,50.71419],[3.52091,50.71503],[3.51842,50.71296],[3.51027,50.71031],[3.50162,50.71051],[3.49779,50.70861],[3.49416,50.71015],[3.49099,50.70592],[3.48755,50.70358],[3.48719,50.7026],[3.49094,50.70054],[3.49176,50.69779],[3.49599,50.69834],[3.50404,50.69396],[3.50677,50.69085],[3.50834,50.69135],[3.51114,50.68681],[3.51719,50.68135],[3.51536,50.68012],[3.51771,50.67864],[3.51764,50.67676],[3.52063,50.67678],[3.52223,50.67248],[3.53051,50.66938],[3.53331,50.66556],[3.52977,50.6642],[3.5325,50.66164],[3.52927,50.66053],[3.5336,50.65769],[3.5316,50.65614],[3.54331,50.64949],[3.5457,50.64617],[3.55029,50.6484],[3.55475,50.64276],[3.55334,50.64236],[3.55794,50.63963],[3.56272,50.63948],[3.56534,50.63754],[3.55688,50.63426],[3.55476,50.63162],[3.54968,50.62998],[3.56037,50.62787],[3.56008,50.62739],[3.5651,50.62784],[3.56405,50.63118],[3.56699,50.63142],[3.5678,50.62859],[3.57394,50.62935],[3.5747,50.62753],[3.57951,50.62829],[3.58043,50.62591],[3.58931,50.62797],[3.5919,50.62957],[3.59168,50.63241],[3.58769,50.63159],[3.58666,50.63391],[3.59342,50.63616],[3.5946,50.63476],[3.59656,50.63591],[3.59978,50.63302],[3.60711,50.63367],[3.61025,50.63309],[3.62469,50.63667],[3.62539,50.63815],[3.63027,50.64147],[3.63395,50.6395],[3.63738,50.6396],[3.63787,50.63702],[3.6402,50.63524],[3.64061,50.63289],[3.64382,50.63307],[3.64868,50.63099],[3.65504,50.63199],[3.65551,50.63474],[3.65319,50.63822],[3.65011,50.63873],[3.64963,50.64226],[3.64539,50.6425],[3.64451,50.64417],[3.65059,50.64578],[3.65511,50.64557],[3.66001,50.64939],[3.66667,50.65303],[3.66836,50.65481],[3.67152,50.65542],[3.67336,50.65919],[3.67625,50.6605],[3.67929,50.66337],[3.67745,50.66607],[3.67131,50.66449],[3.67131,50.66759],[3.67484,50.66912],[3.67321,50.67056],[3.67802,50.67244],[3.68268,50.67253],[3.68748,50.67393],[3.69638,50.66979],[3.70083,50.66863],[3.70371,50.6703],[3.70866,50.67033],[3.71205,50.66863],[3.71502,50.67029],[3.71693,50.67276],[3.72081,50.67141],[3.7307,50.67083],[3.7314,50.67222],[3.72801,50.6746],[3.73114,50.68296],[3.72441,50.68687]]]}},{"type":"Feature","id":"51067","bbox":[3.961272,50.630723,4.114097,50.713508],"properties":{"nis":"51067","name":"Enghien","nameNl":"Edingen","nameFr":"Enghien","nameDe":"Enghien","province":"hainaut","region":"wallonia","areaKm2":39.26},"geometry":{"type":"Polygon","coordinates":[[[3.96588,50.68983],[3.96127,50.68311],[3.964,50.67863],[3.96241,50.67825],[3.96413,50.67531],[3.96334,50.6725],[3.96941,50.66505],[3.96645,50.66391],[3.96785,50.66235],[3.96235,50.65825],[3.97008,50.65727],[3.97649,50.65484],[3.97609,50.65309],[3.97787,50.65015],[3.97809,50.64691],[3.97504,50.64556],[3.97023,50.64007],[3.96873,50.63304],[3.97192,50.63271],[3.97662,50.63072],[3.98038,50.63568],[3.98881,50.63928],[3.99452,50.64227],[3.99862,50.64572],[4.00252,50.65054],[4.00725,50.65369],[4.0118,50.65997],[4.01988,50.6699],[4.02185,50.6711],[4.02673,50.67694],[4.02913,50.68121],[4.03243,50.67925],[4.03178,50.6823],[4.03845,50.68507],[4.04359,50.67957],[4.04758,50.67113],[4.05331,50.66746],[4.06155,50.66637],[4.06462,50.66396],[4.05876,50.65997],[4.06664,50.65416],[4.06775,50.6535],[4.07283,50.65715],[4.07448,50.66078],[4.08428,50.66487],[4.08791,50.66555],[4.09185,50.66905],[4.09453,50.67164],[4.0935,50.67262],[4.09659,50.67458],[4.0975,50.67676],[4.09494,50.68034],[4.09951,50.68698],[4.0971,50.68937],[4.09951,50.69144],[4.09934,50.69481],[4.09556,50.69546],[4.09436,50.69949],[4.09195,50.70112],[4.0959,50.70318],[4.09934,50.70351],[4.10139,50.70188],[4.10345,50.7047],[4.10757,50.7059],[4.1141,50.70547],[4.11084,50.70938],[4.1086,50.7096],[4.105,50.70731],[4.10047,50.70595],[4.09901,50.70551],[4.09316,50.70816],[4.09074,50.70711],[4.08546,50.71194],[4.07391,50.71078],[4.07196,50.71176],[4.05867,50.69439],[4.05435,50.70084],[4.05133,50.70187],[4.04758,50.70161],[4.03254,50.69464],[4.02828,50.69376],[4.01912,50.69517],[4.01705,50.69391],[4.01406,50.69575],[4.01255,50.69839],[4.00999,50.69941],[4.00861,50.69814],[4.00339,50.69684],[3.99471,50.6916],[3.99063,50.68786],[3.98722,50.68738],[3.98075,50.68853],[3.97464,50.68852],[3.97125,50.69054],[3.96588,50.68983]]]}},{"type":"Feature","id":"51068","bbox":[3.876539,50.590169,4.066642,50.695499],"properties":{"nis":"51068","name":"Silly","nameNl":"Opzullik","nameFr":"Silly","nameDe":"Silly","province":"hainaut","region":"wallonia","areaKm2":68.39},"geometry":{"type":"Polygon","coordinates":[[[3.96588,50.68983],[3.95878,50.68959],[3.95622,50.68897],[3.95017,50.6905],[3.94293,50.6908],[3.93931,50.68934],[3.93563,50.6905],[3.93145,50.6895],[3.92993,50.69117],[3.93087,50.6932],[3.92924,50.69498],[3.92552,50.69542],[3.92551,50.69397],[3.92195,50.69398],[3.91719,50.69227],[3.91481,50.69324],[3.91209,50.69118],[3.9097,50.69245],[3.90571,50.68776],[3.89957,50.68695],[3.90067,50.68596],[3.8935,50.68436],[3.89339,50.68264],[3.89082,50.68083],[3.8874,50.68133],[3.88746,50.67804],[3.88186,50.67563],[3.87764,50.67231],[3.87921,50.67069],[3.87654,50.66969],[3.87764,50.66616],[3.87984,50.66657],[3.88302,50.66296],[3.88188,50.66171],[3.88819,50.65972],[3.89111,50.65398],[3.89285,50.65244],[3.89662,50.65325],[3.9002,50.6483],[3.91314,50.64401],[3.91209,50.64091],[3.91323,50.639],[3.91107,50.63673],[3.90874,50.63616],[3.90257,50.63284],[3.89677,50.62598],[3.89914,50.62468],[3.89487,50.62304],[3.90086,50.62008],[3.9037,50.61546],[3.90857,50.61722],[3.9124,50.61655],[3.91398,50.61451],[3.91622,50.61634],[3.91952,50.61429],[3.91802,50.61339],[3.92895,50.60842],[3.93322,50.61142],[3.93426,50.61426],[3.94155,50.61485],[3.94564,50.61458],[3.94782,50.61307],[3.9446,50.60941],[3.94237,50.60999],[3.93641,50.60747],[3.93997,50.60505],[3.94325,50.60404],[3.9539,50.60657],[3.95435,50.60456],[3.95271,50.60165],[3.95115,50.59443],[3.95884,50.59301],[3.96219,50.59017],[3.9689,50.5922],[3.97311,50.59555],[3.97117,50.59884],[3.97168,50.60112],[3.97771,50.6021],[3.98189,50.608],[3.98321,50.61164],[3.98062,50.61941],[3.97826,50.62194],[3.98074,50.62361],[3.98307,50.62317],[3.98742,50.62476],[3.99485,50.62618],[4.00025,50.62803],[4.00387,50.62495],[4.01165,50.63155],[4.01501,50.63289],[4.02007,50.63274],[4.02655,50.63375],[4.03088,50.63704],[4.03745,50.63802],[4.04368,50.64283],[4.05089,50.64644],[4.05389,50.64985],[4.05805,50.65038],[4.06664,50.65416],[4.05876,50.65997],[4.06462,50.66396],[4.06155,50.66637],[4.05331,50.66746],[4.04758,50.67113],[4.04359,50.67957],[4.03845,50.68507],[4.03178,50.6823],[4.03243,50.67925],[4.02913,50.68121],[4.02673,50.67694],[4.02185,50.6711],[4.01988,50.6699],[4.0118,50.65997],[4.00725,50.65369],[4.00252,50.65054],[3.99862,50.64572],[3.99452,50.64227],[3.98881,50.63928],[3.98038,50.63568],[3.97662,50.63072],[3.97192,50.63271],[3.96873,50.63304],[3.97023,50.64007],[3.97504,50.64556],[3.97809,50.64691],[3.97787,50.65015],[3.97609,50.65309],[3.97649,50.65484],[3.97008,50.65727],[3.96235,50.65825],[3.96785,50.66235],[3.96645,50.66391],[3.96941,50.66505],[3.96334,50.6725],[3.96413,50.67531],[3.96241,50.67825],[3.964,50.67863],[3.96127,50.68311],[3.96588,50.68983]]]}},{"type":"Feature","id":"51069","bbox":[3.745121,50.669399,3.913456,50.751609],"properties":{"nis":"51069","name":"Lessines","nameNl":"Lessen","nameFr":"Lessines","nameDe":"Lessines","province":"hainaut","region":"wallonia","areaKm2":72.4},"geometry":{"type":"Polygon","coordinates":[[[3.88186,50.67563],[3.88746,50.67804],[3.8874,50.68133],[3.89082,50.68083],[3.89339,50.68264],[3.8935,50.68436],[3.90067,50.68596],[3.89957,50.68695],[3.90571,50.68776],[3.9097,50.69245],[3.91097,50.69582],[3.91345,50.69874],[3.91041,50.70038],[3.90158,50.708],[3.90159,50.71099],[3.89719,50.70913],[3.89535,50.71074],[3.89019,50.70998],[3.88983,50.71511],[3.89196,50.71776],[3.89238,50.72031],[3.89466,50.72377],[3.89497,50.72659],[3.89696,50.72918],[3.89388,50.72989],[3.89567,50.73301],[3.89254,50.73506],[3.89908,50.73713],[3.89295,50.74251],[3.88947,50.74408],[3.89028,50.7453],[3.88559,50.74968],[3.8798,50.75146],[3.87677,50.74971],[3.87293,50.74938],[3.87053,50.748],[3.86728,50.74918],[3.86633,50.74794],[3.86144,50.75091],[3.85715,50.74737],[3.85173,50.74882],[3.84829,50.74633],[3.8441,50.74567],[3.83836,50.74138],[3.83495,50.74336],[3.82897,50.74223],[3.82436,50.74433],[3.8188,50.74467],[3.81694,50.74655],[3.81547,50.75071],[3.80268,50.75016],[3.79653,50.74958],[3.78608,50.74791],[3.78254,50.74901],[3.77802,50.74744],[3.77568,50.74789],[3.77333,50.74626],[3.77618,50.74332],[3.77714,50.73955],[3.77453,50.73661],[3.77126,50.73527],[3.77269,50.73139],[3.76917,50.7321],[3.76412,50.73434],[3.75912,50.73384],[3.75664,50.73636],[3.75243,50.73397],[3.74942,50.73348],[3.74512,50.72931],[3.74851,50.72795],[3.75238,50.72519],[3.75566,50.72419],[3.75487,50.7206],[3.76235,50.71985],[3.76093,50.7171],[3.76363,50.7132],[3.76241,50.70905],[3.76673,50.70546],[3.76515,50.70517],[3.76227,50.70208],[3.76301,50.70045],[3.75795,50.69576],[3.76244,50.68886],[3.76851,50.69035],[3.76767,50.69274],[3.77128,50.69466],[3.77427,50.69184],[3.77902,50.6924],[3.78343,50.68896],[3.78679,50.68857],[3.7923,50.68383],[3.79509,50.68257],[3.79402,50.68106],[3.79896,50.67792],[3.80145,50.68056],[3.80343,50.67847],[3.80769,50.67626],[3.81083,50.67675],[3.81444,50.67484],[3.8202,50.67673],[3.82232,50.67964],[3.82661,50.68232],[3.83074,50.68128],[3.83264,50.68381],[3.83888,50.68009],[3.83785,50.67811],[3.84322,50.67535],[3.8427,50.67365],[3.84512,50.67366],[3.84915,50.67188],[3.85548,50.67082],[3.85814,50.6694],[3.86308,50.67163],[3.86884,50.67235],[3.87302,50.67592],[3.87613,50.67522],[3.88186,50.67563]]]}},{"type":"Feature","id":"52010","bbox":[4.261989,50.424566,4.3268,50.507044],"properties":{"nis":"52010","name":"Chapelle-lez-Herlaimont","nameNl":"Chapelle-lez-Herlaimont","nameFr":"Chapelle-lez-Herlaimont","nameDe":"Chapelle-lez-Herlaimont","province":"hainaut","region":"wallonia","areaKm2":18.15},"geometry":{"type":"Polygon","coordinates":[[[4.26769,50.47156],[4.26723,50.46805],[4.26969,50.45936],[4.27935,50.45327],[4.28312,50.45134],[4.27759,50.45032],[4.2785,50.44384],[4.27139,50.44281],[4.27111,50.43831],[4.26884,50.43877],[4.26829,50.43611],[4.2662,50.43416],[4.26819,50.43251],[4.26866,50.42863],[4.26199,50.42663],[4.26315,50.42538],[4.2685,50.42457],[4.27465,50.42542],[4.27626,50.42676],[4.28459,50.42802],[4.29369,50.428],[4.29379,50.42483],[4.29822,50.42819],[4.29799,50.43207],[4.3035,50.43483],[4.3032,50.43829],[4.31674,50.44143],[4.32261,50.44493],[4.32281,50.44841],[4.3268,50.45413],[4.31931,50.45263],[4.31048,50.44937],[4.29881,50.44702],[4.29521,50.44686],[4.29341,50.44994],[4.2964,50.45508],[4.29776,50.46253],[4.29733,50.46759],[4.29782,50.47134],[4.29989,50.47759],[4.2985,50.48218],[4.30128,50.48644],[4.30928,50.49164],[4.3017,50.49403],[4.29879,50.49625],[4.29415,50.50338],[4.2921,50.50523],[4.28697,50.50704],[4.28666,50.50506],[4.28306,50.50186],[4.28316,50.49694],[4.28172,50.49631],[4.27931,50.49373],[4.28013,50.49237],[4.27616,50.4921],[4.27031,50.48885],[4.2647,50.48676],[4.26596,50.48441],[4.26561,50.48088],[4.26852,50.47363],[4.26769,50.47156]]]}},{"type":"Feature","id":"52011","bbox":[4.348064,50.352745,4.507552,50.492427],"properties":{"nis":"52011","name":"Charleroi","nameNl":"Charleroi","nameFr":"Charleroi","nameDe":"Charleroi","province":"hainaut","region":"wallonia","areaKm2":102.51},"geometry":{"type":"Polygon","coordinates":[[[4.41618,50.35912],[4.42141,50.35925],[4.42843,50.36075],[4.42982,50.35884],[4.43247,50.36039],[4.43375,50.35274],[4.43949,50.35297],[4.44331,50.35384],[4.45167,50.35901],[4.45409,50.36146],[4.45894,50.36198],[4.45761,50.36828],[4.45906,50.37137],[4.46206,50.3733],[4.46382,50.37848],[4.46629,50.37739],[4.47026,50.37778],[4.47131,50.37923],[4.47589,50.37846],[4.47931,50.3761],[4.48295,50.37837],[4.48579,50.37802],[4.49396,50.38095],[4.48715,50.38677],[4.48541,50.39029],[4.48273,50.39308],[4.49468,50.39593],[4.49434,50.39709],[4.50102,50.40001],[4.5014,50.40135],[4.49855,50.40363],[4.496,50.4078],[4.49156,50.41066],[4.48882,50.41575],[4.495,50.41926],[4.49815,50.41632],[4.50136,50.41749],[4.49866,50.42073],[4.50243,50.4262],[4.50541,50.42639],[4.50755,50.42884],[4.5052,50.43361],[4.50203,50.43823],[4.49724,50.44084],[4.49587,50.44672],[4.49708,50.44875],[4.50094,50.45111],[4.49927,50.45478],[4.50029,50.45907],[4.49766,50.46156],[4.49363,50.46143],[4.49015,50.46597],[4.48794,50.46539],[4.48369,50.47048],[4.47902,50.47352],[4.48489,50.47603],[4.47814,50.47758],[4.47793,50.47702],[4.45782,50.48144],[4.45722,50.48557],[4.45552,50.48703],[4.46033,50.49012],[4.45812,50.49234],[4.45636,50.49178],[4.45015,50.4883],[4.44858,50.48664],[4.43567,50.47941],[4.42804,50.47883],[4.42663,50.47619],[4.42163,50.47524],[4.41912,50.47342],[4.41488,50.46869],[4.41402,50.46943],[4.40996,50.46796],[4.40346,50.46949],[4.40525,50.47095],[4.39998,50.47029],[4.40287,50.4662],[4.40308,50.4608],[4.39655,50.4567],[4.39464,50.44943],[4.38857,50.45102],[4.38379,50.45026],[4.37805,50.44696],[4.37894,50.44486],[4.37674,50.44139],[4.36874,50.43837],[4.36303,50.43688],[4.35318,50.42743],[4.35031,50.42985],[4.34809,50.42958],[4.35001,50.42664],[4.3545,50.41557],[4.3561,50.40931],[4.35633,50.40447],[4.36178,50.4032],[4.36605,50.40414],[4.36299,50.396],[4.36806,50.39542],[4.37153,50.39632],[4.37042,50.3947],[4.37922,50.39021],[4.38047,50.39395],[4.38313,50.39435],[4.38159,50.3921],[4.38938,50.39069],[4.39016,50.38857],[4.38665,50.38682],[4.38984,50.38093],[4.39039,50.37752],[4.39394,50.37428],[4.39132,50.3712],[4.39393,50.36895],[4.39841,50.37003],[4.4093,50.36462],[4.41093,50.36541],[4.41738,50.36242],[4.41618,50.35912]]]}},{"type":"Feature","id":"52012","bbox":[4.482726,50.368048,4.563201,50.443772],"properties":{"nis":"52012","name":"Châtelet","nameNl":"Châtelet","nameFr":"Châtelet","nameDe":"Châtelet","province":"hainaut","region":"wallonia","areaKm2":27.27},"geometry":{"type":"Polygon","coordinates":[[[4.53414,50.42186],[4.52777,50.42203],[4.52455,50.42398],[4.52324,50.42763],[4.52036,50.43159],[4.52597,50.43529],[4.52735,50.43709],[4.52295,50.44104],[4.51892,50.44189],[4.51751,50.44325],[4.51172,50.44168],[4.50393,50.43805],[4.50203,50.43823],[4.5052,50.43361],[4.50755,50.42884],[4.50541,50.42639],[4.50243,50.4262],[4.49866,50.42073],[4.50136,50.41749],[4.49815,50.41632],[4.495,50.41926],[4.48882,50.41575],[4.49156,50.41066],[4.496,50.4078],[4.49855,50.40363],[4.5014,50.40135],[4.50102,50.40001],[4.49434,50.39709],[4.49468,50.39593],[4.48273,50.39308],[4.48541,50.39029],[4.48715,50.38677],[4.49396,50.38095],[4.48579,50.37802],[4.49353,50.37451],[4.49698,50.37179],[4.49937,50.37227],[4.50119,50.36914],[4.50312,50.36805],[4.5084,50.36882],[4.51039,50.37004],[4.51556,50.37087],[4.52183,50.36969],[4.52454,50.37119],[4.52708,50.37095],[4.52946,50.36866],[4.5345,50.36947],[4.54263,50.36904],[4.55095,50.37006],[4.55485,50.36978],[4.55755,50.3712],[4.56302,50.37679],[4.56096,50.3793],[4.56053,50.38258],[4.56279,50.39103],[4.56148,50.39546],[4.55949,50.39846],[4.55334,50.4044],[4.54908,50.40386],[4.54659,50.40506],[4.53835,50.40614],[4.53537,50.40812],[4.53811,50.4123],[4.53074,50.4146],[4.53156,50.41922],[4.53414,50.42186]]]}},{"type":"Feature","id":"52015","bbox":[4.286956,50.427427,4.405196,50.523826],"properties":{"nis":"52015","name":"Courcelles","nameNl":"Courcelles","nameFr":"Courcelles","nameDe":"Courcelles","province":"hainaut","region":"wallonia","areaKm2":44.38},"geometry":{"type":"Polygon","coordinates":[[[4.31026,50.52383],[4.30214,50.51877],[4.30149,50.5167],[4.29684,50.51244],[4.29314,50.51183],[4.29144,50.5097],[4.28696,50.50804],[4.28697,50.50704],[4.2921,50.50523],[4.29415,50.50338],[4.29879,50.49625],[4.3017,50.49403],[4.30928,50.49164],[4.30128,50.48644],[4.2985,50.48218],[4.29989,50.47759],[4.29782,50.47134],[4.29733,50.46759],[4.29776,50.46253],[4.2964,50.45508],[4.29341,50.44994],[4.29521,50.44686],[4.29881,50.44702],[4.31048,50.44937],[4.31931,50.45263],[4.3268,50.45413],[4.32281,50.44841],[4.32261,50.44493],[4.32747,50.44727],[4.33192,50.4423],[4.33083,50.44163],[4.34138,50.43903],[4.34358,50.43451],[4.34394,50.43175],[4.34605,50.43253],[4.34809,50.42958],[4.35031,50.42985],[4.35318,50.42743],[4.36303,50.43688],[4.36874,50.43837],[4.37674,50.44139],[4.37894,50.44486],[4.37805,50.44696],[4.38379,50.45026],[4.38857,50.45102],[4.39464,50.44943],[4.39655,50.4567],[4.40308,50.4608],[4.40287,50.4662],[4.39998,50.47029],[4.39922,50.47373],[4.39703,50.47702],[4.38965,50.47817],[4.3869,50.48253],[4.38831,50.48653],[4.38584,50.4881],[4.38281,50.48482],[4.37686,50.48202],[4.37309,50.48374],[4.36335,50.48366],[4.35922,50.49003],[4.34813,50.49762],[4.33656,50.50491],[4.32907,50.50741],[4.32413,50.51119],[4.32236,50.51572],[4.31756,50.51514],[4.3196,50.51882],[4.31099,50.52278],[4.31026,50.52383]]]}},{"type":"Feature","id":"52018","bbox":[4.517511,50.413695,4.58044,50.450967],"properties":{"nis":"52018","name":"Farciennes","nameNl":"Farciennes","nameFr":"Farciennes","nameDe":"Farciennes","province":"hainaut","region":"wallonia","areaKm2":10.29},"geometry":{"type":"Polygon","coordinates":[[[4.57826,50.43837],[4.57621,50.43866],[4.57269,50.44188],[4.56183,50.4442],[4.55986,50.44638],[4.56273,50.4463],[4.55709,50.44966],[4.55488,50.44817],[4.5489,50.44605],[4.54293,50.44862],[4.53971,50.45068],[4.52771,50.45019],[4.52295,50.44567],[4.51751,50.44325],[4.51892,50.44189],[4.52295,50.44104],[4.52735,50.43709],[4.52597,50.43529],[4.52036,50.43159],[4.52324,50.42763],[4.52455,50.42398],[4.52777,50.42203],[4.53414,50.42186],[4.53836,50.42331],[4.54399,50.4206],[4.5445,50.41885],[4.54755,50.41936],[4.5521,50.41819],[4.55666,50.41836],[4.56138,50.41432],[4.5663,50.41431],[4.56765,50.41744],[4.56572,50.42483],[4.56338,50.42563],[4.56034,50.42423],[4.55776,50.42607],[4.55887,50.42839],[4.56476,50.4316],[4.57143,50.43177],[4.58044,50.43512],[4.57741,50.43692],[4.57826,50.43837]]]}},{"type":"Feature","id":"52021","bbox":[4.478211,50.438051,4.600717,50.542306],"properties":{"nis":"52021","name":"Fleurus","nameNl":"Fleurus","nameFr":"Fleurus","nameDe":"Fleurus","province":"hainaut","region":"wallonia","areaKm2":59.39},"geometry":{"type":"Polygon","coordinates":[[[4.59213,50.48422],[4.59095,50.487],[4.58745,50.48983],[4.59052,50.49087],[4.58635,50.49373],[4.59487,50.49798],[4.59139,50.49899],[4.58545,50.49574],[4.58175,50.49851],[4.57888,50.49955],[4.56199,50.48937],[4.55963,50.49323],[4.56375,50.49761],[4.5599,50.49942],[4.55928,50.50372],[4.55738,50.50558],[4.56256,50.50824],[4.56192,50.51179],[4.56559,50.51367],[4.56616,50.51556],[4.56423,50.51745],[4.56572,50.51951],[4.57374,50.52112],[4.57675,50.52505],[4.57561,50.52632],[4.58048,50.53023],[4.58044,50.53474],[4.57744,50.54231],[4.55252,50.53571],[4.53508,50.53128],[4.53071,50.53191],[4.52624,50.52881],[4.51272,50.52541],[4.51078,50.52768],[4.50768,50.52712],[4.50564,50.5297],[4.50264,50.52856],[4.50235,50.52632],[4.49717,50.52536],[4.49622,50.52106],[4.48652,50.51852],[4.48982,50.51514],[4.49379,50.51773],[4.50234,50.50996],[4.50824,50.50398],[4.50951,50.50172],[4.51192,50.50234],[4.5132,50.49949],[4.50463,50.4918],[4.50054,50.49371],[4.49658,50.49093],[4.49324,50.49204],[4.49029,50.49126],[4.48894,50.49593],[4.48581,50.49509],[4.48217,50.49004],[4.4826,50.48878],[4.47821,50.48305],[4.48171,50.48076],[4.48159,50.47907],[4.48552,50.47763],[4.48489,50.47603],[4.47902,50.47352],[4.48369,50.47048],[4.48794,50.46539],[4.49015,50.46597],[4.49363,50.46143],[4.49766,50.46156],[4.50029,50.45907],[4.49927,50.45478],[4.50094,50.45111],[4.49708,50.44875],[4.49587,50.44672],[4.49724,50.44084],[4.50203,50.43823],[4.50393,50.43805],[4.51172,50.44168],[4.51751,50.44325],[4.52295,50.44567],[4.52771,50.45019],[4.53971,50.45068],[4.54293,50.44862],[4.5489,50.44605],[4.55488,50.44817],[4.55709,50.44966],[4.56273,50.4463],[4.55986,50.44638],[4.56183,50.4442],[4.57269,50.44188],[4.57292,50.44262],[4.57868,50.44123],[4.58149,50.44204],[4.58146,50.44477],[4.58402,50.44576],[4.58238,50.44792],[4.57701,50.45202],[4.573,50.45359],[4.58551,50.4547],[4.58897,50.45744],[4.58784,50.45955],[4.58869,50.46154],[4.58719,50.46301],[4.59011,50.46412],[4.5948,50.4675],[4.60072,50.47667],[4.59492,50.48246],[4.59213,50.48422]]]}},{"type":"Feature","id":"52022","bbox":[4.290223,50.366267,4.356473,50.447269],"properties":{"nis":"52022","name":"Fontaine-l'Évêque","nameNl":"Fontaine-l'Évêque","nameFr":"Fontaine-l'Évêque","nameDe":"Fontaine-l’Évêque","province":"hainaut","region":"wallonia","areaKm2":28.56},"geometry":{"type":"Polygon","coordinates":[[[4.35633,50.40447],[4.3561,50.40931],[4.3545,50.41557],[4.35001,50.42664],[4.34809,50.42958],[4.34605,50.43253],[4.34394,50.43175],[4.34358,50.43451],[4.34138,50.43903],[4.33083,50.44163],[4.33192,50.4423],[4.32747,50.44727],[4.32261,50.44493],[4.31674,50.44143],[4.3032,50.43829],[4.3035,50.43483],[4.29799,50.43207],[4.29822,50.42819],[4.29379,50.42483],[4.29386,50.42234],[4.29238,50.41716],[4.293,50.41056],[4.29067,50.40159],[4.29218,50.3997],[4.29109,50.39565],[4.29128,50.39225],[4.29303,50.38888],[4.29393,50.38477],[4.29973,50.38029],[4.30167,50.37587],[4.30199,50.36999],[4.30413,50.36946],[4.30817,50.37179],[4.31592,50.37051],[4.32427,50.37399],[4.32763,50.374],[4.32908,50.37161],[4.33404,50.36627],[4.33727,50.3673],[4.33851,50.37051],[4.33631,50.3739],[4.33526,50.37501],[4.3353,50.38168],[4.33746,50.38619],[4.34059,50.38892],[4.34673,50.39244],[4.35267,50.39671],[4.3554,50.4013],[4.35633,50.40447]]]}},{"type":"Feature","id":"52025","bbox":[4.457603,50.314977,4.594345,50.379228],"properties":{"nis":"52025","name":"Gerpinnes","nameNl":"Gerpinnes","nameFr":"Gerpinnes","nameDe":"Gerpinnes","province":"hainaut","region":"wallonia","areaKm2":47.56},"geometry":{"type":"Polygon","coordinates":[[[4.45894,50.36198],[4.46194,50.35911],[4.46507,50.34925],[4.46985,50.34755],[4.47084,50.34434],[4.4732,50.34325],[4.47682,50.33682],[4.47557,50.33372],[4.476,50.32922],[4.47495,50.3275],[4.47615,50.32663],[4.48417,50.32892],[4.48786,50.32804],[4.49054,50.32867],[4.50445,50.32893],[4.50786,50.32516],[4.5052,50.32164],[4.51236,50.32075],[4.51786,50.31852],[4.51809,50.31516],[4.5282,50.31514],[4.53943,50.31764],[4.54193,50.3177],[4.55134,50.31978],[4.5574,50.31996],[4.56358,50.32268],[4.56884,50.32309],[4.57168,50.32201],[4.5749,50.32236],[4.58867,50.32123],[4.591,50.32306],[4.58896,50.32333],[4.59409,50.3263],[4.59434,50.33252],[4.59384,50.33716],[4.59231,50.33745],[4.59388,50.33988],[4.58659,50.34141],[4.58236,50.34164],[4.58257,50.34381],[4.58502,50.34678],[4.58905,50.34977],[4.58264,50.35469],[4.58236,50.35729],[4.58443,50.36401],[4.58786,50.36789],[4.59224,50.37041],[4.59427,50.37271],[4.59375,50.37433],[4.58492,50.37365],[4.56904,50.36897],[4.56648,50.36661],[4.56047,50.36862],[4.55728,50.36901],[4.55755,50.3712],[4.55485,50.36978],[4.55095,50.37006],[4.54263,50.36904],[4.5345,50.36947],[4.52946,50.36866],[4.52708,50.37095],[4.52454,50.37119],[4.52183,50.36969],[4.51556,50.37087],[4.51039,50.37004],[4.5084,50.36882],[4.50312,50.36805],[4.50119,50.36914],[4.49937,50.37227],[4.49698,50.37179],[4.49353,50.37451],[4.48579,50.37802],[4.48295,50.37837],[4.47931,50.3761],[4.47589,50.37846],[4.47131,50.37923],[4.47026,50.37778],[4.46629,50.37739],[4.46382,50.37848],[4.46206,50.3733],[4.45906,50.37137],[4.45761,50.36828],[4.45894,50.36198]]]}},{"type":"Feature","id":"52048","bbox":[4.334966,50.355088,4.417381,50.404471],"properties":{"nis":"52048","name":"Montigny-le-Tilleul","nameNl":"Montigny-le-Tilleul","nameFr":"Montigny-le-Tilleul","nameDe":"Montigny-le-Tilleul","province":"hainaut","region":"wallonia","areaKm2":15.16},"geometry":{"type":"Polygon","coordinates":[[[4.39443,50.35538],[4.40008,50.35694],[4.40374,50.35982],[4.40584,50.35978],[4.4097,50.35734],[4.41618,50.35912],[4.41738,50.36242],[4.41093,50.36541],[4.4093,50.36462],[4.39841,50.37003],[4.39393,50.36895],[4.39132,50.3712],[4.39394,50.37428],[4.39039,50.37752],[4.38984,50.38093],[4.38665,50.38682],[4.39016,50.38857],[4.38938,50.39069],[4.38159,50.3921],[4.38313,50.39435],[4.38047,50.39395],[4.37922,50.39021],[4.37042,50.3947],[4.37153,50.39632],[4.36806,50.39542],[4.36299,50.396],[4.36605,50.40414],[4.36178,50.4032],[4.35633,50.40447],[4.3554,50.4013],[4.35267,50.39671],[4.34673,50.39244],[4.34059,50.38892],[4.33746,50.38619],[4.3353,50.38168],[4.33526,50.37501],[4.33631,50.3739],[4.34164,50.37555],[4.34781,50.37534],[4.35052,50.36785],[4.35521,50.368],[4.35806,50.36568],[4.36079,50.36203],[4.36515,50.35909],[4.37178,50.357],[4.37833,50.35665],[4.39059,50.35513],[4.39443,50.35538]]]}},{"type":"Feature","id":"52055","bbox":[4.307373,50.467931,4.456359,50.562884],"properties":{"nis":"52055","name":"Pont-à-Celles","nameNl":"Pont-à-Celles","nameFr":"Pont-à-Celles","nameDe":"Pont-à-Celles","province":"hainaut","region":"wallonia","areaKm2":55.81},"geometry":{"type":"Polygon","coordinates":[[[4.32546,50.54919],[4.323,50.54782],[4.31911,50.55035],[4.3159,50.54876],[4.30916,50.54774],[4.3099,50.54393],[4.30787,50.54117],[4.30737,50.53835],[4.30923,50.53784],[4.31321,50.53381],[4.32281,50.52976],[4.31992,50.52741],[4.31026,50.52383],[4.31099,50.52278],[4.3196,50.51882],[4.31756,50.51514],[4.32236,50.51572],[4.32413,50.51119],[4.32907,50.50741],[4.33656,50.50491],[4.34813,50.49762],[4.35922,50.49003],[4.36335,50.48366],[4.37309,50.48374],[4.37686,50.48202],[4.38281,50.48482],[4.38584,50.4881],[4.38831,50.48653],[4.3869,50.48253],[4.38965,50.47817],[4.39703,50.47702],[4.39922,50.47373],[4.39998,50.47029],[4.40525,50.47095],[4.40346,50.46949],[4.40996,50.46796],[4.41402,50.46943],[4.41488,50.46869],[4.41912,50.47342],[4.42163,50.47524],[4.42663,50.47619],[4.42804,50.47883],[4.43567,50.47941],[4.44858,50.48664],[4.45015,50.4883],[4.45636,50.49178],[4.45556,50.49367],[4.45235,50.49575],[4.44882,50.49986],[4.44489,50.50011],[4.44468,50.50439],[4.44749,50.5037],[4.45195,50.50608],[4.45164,50.50951],[4.45339,50.50996],[4.45011,50.51293],[4.44367,50.51518],[4.43771,50.51811],[4.43316,50.51965],[4.4229,50.52556],[4.41977,50.52939],[4.41519,50.53289],[4.4121,50.53312],[4.40651,50.53086],[4.40745,50.53018],[4.40391,50.52775],[4.40521,50.52492],[4.4008,50.5232],[4.39681,50.5262],[4.39469,50.52496],[4.38816,50.53004],[4.38298,50.53805],[4.38764,50.53923],[4.38584,50.54127],[4.38709,50.54213],[4.38375,50.54624],[4.38087,50.55225],[4.37297,50.55528],[4.37558,50.55621],[4.37421,50.55735],[4.37719,50.55949],[4.37334,50.56107],[4.37064,50.55956],[4.36851,50.56196],[4.36476,50.56044],[4.35886,50.56288],[4.35641,50.56156],[4.35881,50.55922],[4.35728,50.55615],[4.35218,50.55691],[4.34716,50.55405],[4.3424,50.55278],[4.34521,50.55011],[4.34467,50.54853],[4.3415,50.54723],[4.33845,50.54382],[4.3318,50.54322],[4.33008,50.54639],[4.32822,50.54572],[4.32546,50.54919]]]}},{"type":"Feature","id":"52074","bbox":[4.530744,50.366611,4.617268,50.438695],"properties":{"nis":"52074","name":"Aiseau-Presles","nameNl":"Aiseau-Presles","nameFr":"Aiseau-Presles","nameDe":"Aiseau-Presles","province":"hainaut","region":"wallonia","areaKm2":22.35},"geometry":{"type":"Polygon","coordinates":[[[4.59375,50.37433],[4.59522,50.37714],[4.59168,50.37957],[4.60004,50.38209],[4.60623,50.38346],[4.60547,50.38682],[4.60194,50.38857],[4.59776,50.38906],[4.59233,50.3915],[4.58947,50.3944],[4.5846,50.39674],[4.5838,50.39805],[4.58597,50.39973],[4.59343,50.39848],[4.59371,50.40185],[4.5995,50.40366],[4.60366,50.40284],[4.60328,50.40693],[4.60459,50.40862],[4.6079,50.40864],[4.60962,50.41447],[4.61063,50.42189],[4.61727,50.42517],[4.61343,50.43033],[4.6104,50.42956],[4.60554,50.42634],[4.59464,50.42889],[4.59266,50.43184],[4.59013,50.433],[4.58653,50.43077],[4.58144,50.43296],[4.58431,50.43426],[4.58402,50.43844],[4.57826,50.43837],[4.57741,50.43692],[4.58044,50.43512],[4.57143,50.43177],[4.56476,50.4316],[4.55887,50.42839],[4.55776,50.42607],[4.56034,50.42423],[4.56338,50.42563],[4.56572,50.42483],[4.56765,50.41744],[4.5663,50.41431],[4.56138,50.41432],[4.55666,50.41836],[4.5521,50.41819],[4.54755,50.41936],[4.5445,50.41885],[4.54399,50.4206],[4.53836,50.42331],[4.53414,50.42186],[4.53156,50.41922],[4.53074,50.4146],[4.53811,50.4123],[4.53537,50.40812],[4.53835,50.40614],[4.54659,50.40506],[4.54908,50.40386],[4.55334,50.4044],[4.55949,50.39846],[4.56148,50.39546],[4.56279,50.39103],[4.56053,50.38258],[4.56096,50.3793],[4.56302,50.37679],[4.55755,50.3712],[4.55728,50.36901],[4.56047,50.36862],[4.56648,50.36661],[4.56904,50.36897],[4.58492,50.37365],[4.59375,50.37433]]]}},{"type":"Feature","id":"52075","bbox":[4.372967,50.476029,4.513197,50.56466],"properties":{"nis":"52075","name":"Les Bons Villers","nameNl":"Les Bons Villers","nameFr":"Les Bons Villers","nameDe":"Les Bons Villers","province":"hainaut","region":"wallonia","areaKm2":43.04},"geometry":{"type":"Polygon","coordinates":[[[4.4694,50.55876],[4.46445,50.55831],[4.4499,50.55416],[4.44735,50.55744],[4.44358,50.5601],[4.43087,50.55998],[4.43079,50.55912],[4.42185,50.55845],[4.41705,50.56458],[4.41106,50.56466],[4.39962,50.56208],[4.39848,50.5636],[4.3954,50.56302],[4.38329,50.5633],[4.38224,50.56394],[4.37719,50.55949],[4.37421,50.55735],[4.37558,50.55621],[4.37297,50.55528],[4.38087,50.55225],[4.38375,50.54624],[4.38709,50.54213],[4.38584,50.54127],[4.38764,50.53923],[4.38298,50.53805],[4.38816,50.53004],[4.39469,50.52496],[4.39681,50.5262],[4.4008,50.5232],[4.40521,50.52492],[4.40391,50.52775],[4.40745,50.53018],[4.40651,50.53086],[4.4121,50.53312],[4.41519,50.53289],[4.41977,50.52939],[4.4229,50.52556],[4.43316,50.51965],[4.43771,50.51811],[4.44367,50.51518],[4.45011,50.51293],[4.45339,50.50996],[4.45164,50.50951],[4.45195,50.50608],[4.44749,50.5037],[4.44468,50.50439],[4.44489,50.50011],[4.44882,50.49986],[4.45235,50.49575],[4.45556,50.49367],[4.45636,50.49178],[4.45812,50.49234],[4.46033,50.49012],[4.45552,50.48703],[4.45722,50.48557],[4.45782,50.48144],[4.47793,50.47702],[4.47814,50.47758],[4.48489,50.47603],[4.48552,50.47763],[4.48159,50.47907],[4.48171,50.48076],[4.47821,50.48305],[4.4826,50.48878],[4.48217,50.49004],[4.48581,50.49509],[4.48894,50.49593],[4.49029,50.49126],[4.49324,50.49204],[4.49658,50.49093],[4.50054,50.49371],[4.50463,50.4918],[4.5132,50.49949],[4.51192,50.50234],[4.50951,50.50172],[4.50824,50.50398],[4.50234,50.50996],[4.49379,50.51773],[4.48982,50.51514],[4.48652,50.51852],[4.49622,50.52106],[4.49717,50.52536],[4.50235,50.52632],[4.50264,50.52856],[4.50404,50.53261],[4.50302,50.53506],[4.50353,50.53964],[4.49459,50.53705],[4.48918,50.53779],[4.48743,50.53473],[4.48477,50.53532],[4.48409,50.53362],[4.47593,50.53637],[4.47228,50.53507],[4.47272,50.53157],[4.46858,50.53097],[4.4694,50.52924],[4.4674,50.52794],[4.46335,50.5331],[4.46809,50.53775],[4.4661,50.54161],[4.46685,50.5442],[4.46547,50.54621],[4.47382,50.55003],[4.47835,50.55107],[4.47502,50.555],[4.47248,50.55394],[4.4694,50.55876]]]}},{"type":"Feature","id":"53014","bbox":[3.758663,50.394988,3.843548,50.45224],"properties":{"nis":"53014","name":"Boussu","nameNl":"Boussu","nameFr":"Boussu","nameDe":"Boussu","province":"hainaut","region":"wallonia","areaKm2":19.99},"geometry":{"type":"Polygon","coordinates":[[[3.83182,50.44343],[3.82946,50.44196],[3.82342,50.442],[3.82079,50.44005],[3.81297,50.43816],[3.80802,50.4445],[3.79975,50.44361],[3.79369,50.44426],[3.80343,50.45224],[3.7712,50.45192],[3.76522,50.44434],[3.76747,50.44417],[3.76755,50.4414],[3.77023,50.44041],[3.77469,50.44031],[3.77427,50.4333],[3.77731,50.4258],[3.78115,50.42468],[3.7748,50.42412],[3.77475,50.42323],[3.76713,50.42248],[3.7587,50.41977],[3.75899,50.41871],[3.76768,50.41124],[3.77675,50.40752],[3.78347,50.40811],[3.78451,50.40738],[3.79113,50.40848],[3.79531,50.40265],[3.79876,50.40374],[3.80577,50.40278],[3.80582,50.40171],[3.80968,50.4009],[3.81296,50.39499],[3.81953,50.39864],[3.81406,50.40048],[3.81575,50.4058],[3.81411,50.40662],[3.8154,50.4108],[3.81897,50.41461],[3.82164,50.41364],[3.82325,50.41555],[3.82581,50.4152],[3.82588,50.41704],[3.83035,50.41717],[3.83088,50.42402],[3.83456,50.42981],[3.83937,50.42957],[3.83812,50.43183],[3.84275,50.43425],[3.84253,50.43873],[3.83793,50.44411],[3.83182,50.44343]]]}},{"type":"Feature","id":"53020","bbox":[3.724961,50.353193,3.852536,50.420458],"properties":{"nis":"53020","name":"Dour","nameNl":"Dour","nameFr":"Dour","nameDe":"Dour","province":"hainaut","region":"wallonia","areaKm2":33.54},"geometry":{"type":"Polygon","coordinates":[[[3.842,50.38312],[3.84051,50.38474],[3.83503,50.38492],[3.83522,50.38786],[3.83344,50.39034],[3.83124,50.39104],[3.83024,50.39469],[3.81953,50.39864],[3.81296,50.39499],[3.80968,50.4009],[3.80582,50.40171],[3.80577,50.40278],[3.79876,50.40374],[3.79531,50.40265],[3.79113,50.40848],[3.78451,50.40738],[3.78347,50.40811],[3.77675,50.40752],[3.76768,50.41124],[3.75899,50.41871],[3.7587,50.41977],[3.75812,50.42046],[3.75313,50.41896],[3.74112,50.41689],[3.73695,50.41746],[3.73251,50.41505],[3.73165,50.41338],[3.72784,50.41326],[3.72838,50.40227],[3.72535,50.40199],[3.72643,50.39656],[3.72894,50.39665],[3.7315,50.39492],[3.73184,50.39157],[3.73582,50.38905],[3.73592,50.38721],[3.73955,50.38672],[3.74044,50.38195],[3.73849,50.3816],[3.74082,50.37921],[3.74406,50.37792],[3.75017,50.37622],[3.75881,50.37579],[3.77016,50.37279],[3.77243,50.37352],[3.78176,50.37426],[3.78663,50.37223],[3.79115,50.37225],[3.79157,50.37009],[3.79429,50.37072],[3.79776,50.36567],[3.80186,50.364],[3.8103,50.35954],[3.81211,50.36019],[3.81615,50.35859],[3.82282,50.35827],[3.82782,50.35687],[3.83338,50.35703],[3.83955,50.35608],[3.83811,50.35427],[3.84362,50.35333],[3.8462,50.35915],[3.85022,50.36168],[3.85254,50.36689],[3.8459,50.37154],[3.84236,50.3729],[3.83886,50.37591],[3.84205,50.37786],[3.84408,50.38068],[3.838,50.38226],[3.842,50.38312]]]}},{"type":"Feature","id":"53028","bbox":[3.838003,50.342205,3.949181,50.424302],"properties":{"nis":"53028","name":"Frameries","nameNl":"Frameries","nameFr":"Frameries","nameDe":"Frameries","province":"hainaut","region":"wallonia","areaKm2":25.97},"geometry":{"type":"Polygon","coordinates":[[[3.842,50.38312],[3.838,50.38226],[3.84408,50.38068],[3.84205,50.37786],[3.83886,50.37591],[3.84236,50.3729],[3.8459,50.37154],[3.85254,50.36689],[3.85022,50.36168],[3.8462,50.35915],[3.84362,50.35333],[3.85316,50.35119],[3.85779,50.34705],[3.85857,50.34403],[3.85724,50.34221],[3.8623,50.34378],[3.86084,50.35047],[3.86475,50.35351],[3.87416,50.35777],[3.87591,50.3596],[3.88248,50.36276],[3.87925,50.36413],[3.88621,50.36991],[3.89302,50.3681],[3.89555,50.37205],[3.89241,50.37447],[3.89897,50.37947],[3.89642,50.38167],[3.90195,50.3852],[3.90016,50.38707],[3.90354,50.38735],[3.8965,50.39307],[3.90306,50.39587],[3.90656,50.39365],[3.90883,50.39454],[3.91104,50.39357],[3.91425,50.39571],[3.91736,50.4018],[3.92467,50.39975],[3.92137,50.39718],[3.92297,50.3959],[3.9352,50.39364],[3.93736,50.39275],[3.9446,50.40066],[3.94918,50.40499],[3.93984,50.40821],[3.92919,50.41041],[3.9306,50.41302],[3.91717,50.41709],[3.90806,50.42115],[3.89927,50.4243],[3.89565,50.41962],[3.89441,50.42002],[3.88875,50.41536],[3.88423,50.41856],[3.88357,50.42054],[3.88054,50.42134],[3.8797,50.41996],[3.87541,50.42084],[3.87292,50.41353],[3.86938,50.41138],[3.8694,50.40936],[3.87188,50.40422],[3.87034,50.40402],[3.86858,50.39879],[3.8694,50.39716],[3.86718,50.39514],[3.86253,50.39517],[3.86132,50.38515],[3.86357,50.38405],[3.85593,50.37921],[3.85388,50.38317],[3.84685,50.38563],[3.842,50.38312]]]}},{"type":"Feature","id":"53039","bbox":[3.65518,50.412038,3.781165,50.46417],"properties":{"nis":"53039","name":"Hensies","nameNl":"Hensies","nameFr":"Hensies","nameDe":"Hensies","province":"hainaut","region":"wallonia","areaKm2":26.34},"geometry":{"type":"Polygon","coordinates":[[[3.65518,50.46196],[3.65785,50.4591],[3.66029,50.45842],[3.66283,50.45578],[3.66415,50.45239],[3.66066,50.44989],[3.6594,50.44511],[3.66346,50.44128],[3.66678,50.44052],[3.66916,50.43851],[3.66876,50.43684],[3.66894,50.42292],[3.67225,50.42226],[3.68534,50.42116],[3.69561,50.41865],[3.69397,50.42143],[3.69943,50.42224],[3.70398,50.42017],[3.71397,50.41997],[3.71436,50.419],[3.72396,50.41446],[3.72347,50.41213],[3.72784,50.41326],[3.73165,50.41338],[3.73251,50.41505],[3.73695,50.41746],[3.74112,50.41689],[3.75313,50.41896],[3.75812,50.42046],[3.7587,50.41977],[3.76713,50.42248],[3.77475,50.42323],[3.7748,50.42412],[3.78115,50.42468],[3.77731,50.4258],[3.77427,50.4333],[3.77469,50.44031],[3.77023,50.44041],[3.76755,50.4414],[3.76747,50.44417],[3.76522,50.44434],[3.76022,50.44533],[3.75781,50.44458],[3.75193,50.44594],[3.74496,50.44487],[3.73966,50.44227],[3.73599,50.44272],[3.73557,50.44451],[3.72653,50.44316],[3.72392,50.44371],[3.71897,50.4477],[3.71565,50.44649],[3.70789,50.44896],[3.70732,50.45044],[3.70375,50.4507],[3.70174,50.45237],[3.69694,50.45309],[3.69786,50.45435],[3.6944,50.45578],[3.68386,50.45778],[3.68087,50.45986],[3.67872,50.45987],[3.67407,50.46249],[3.66756,50.46216],[3.66004,50.46417],[3.65518,50.46196]]]}},{"type":"Feature","id":"53044","bbox":[3.799641,50.48874,3.99661,50.555193],"properties":{"nis":"53044","name":"Jurbise","nameNl":"Jurbeke","nameFr":"Jurbise","nameDe":"Jurbise","province":"hainaut","region":"wallonia","areaKm2":57.98},"geometry":{"type":"Polygon","coordinates":[[[3.87933,50.50376],[3.89209,50.50122],[3.90115,50.49907],[3.90749,50.49936],[3.91405,50.50051],[3.93089,50.50012],[3.93334,50.50088],[3.9404,50.49186],[3.94519,50.48874],[3.95015,50.4893],[3.95428,50.49416],[3.95517,50.49746],[3.95336,50.50014],[3.95725,50.50859],[3.96739,50.50831],[3.97442,50.51151],[3.97527,50.51382],[3.97617,50.51685],[3.98015,50.51649],[3.98196,50.51789],[3.98611,50.51734],[3.98598,50.51977],[3.98893,50.52121],[3.99574,50.52163],[3.9944,50.5228],[3.99561,50.52514],[3.98946,50.52713],[3.98833,50.52913],[3.9921,50.53239],[3.99055,50.53736],[3.98625,50.53981],[3.98301,50.54264],[3.98708,50.54464],[3.98595,50.54699],[3.98044,50.54975],[3.97543,50.54729],[3.97399,50.54775],[3.95822,50.54973],[3.95523,50.54968],[3.95413,50.54768],[3.95774,50.54264],[3.95654,50.54071],[3.95294,50.54003],[3.94435,50.5442],[3.94162,50.54224],[3.92726,50.55183],[3.91982,50.54741],[3.91913,50.54612],[3.91407,50.54365],[3.90885,50.54225],[3.90332,50.54257],[3.90142,50.5414],[3.89593,50.54127],[3.8927,50.53864],[3.89072,50.53899],[3.89041,50.54118],[3.88155,50.5411],[3.87402,50.54394],[3.8711,50.54376],[3.87078,50.54535],[3.8647,50.54385],[3.86215,50.54698],[3.85896,50.54532],[3.85398,50.55147],[3.8463,50.55519],[3.84313,50.54992],[3.84054,50.55019],[3.83507,50.5474],[3.82691,50.55036],[3.82032,50.55186],[3.81762,50.54684],[3.81341,50.54439],[3.80734,50.53981],[3.80587,50.53774],[3.80121,50.5365],[3.80068,50.53394],[3.8018,50.53031],[3.81411,50.52643],[3.81889,50.5231],[3.8202,50.52131],[3.82453,50.51949],[3.82341,50.51667],[3.82562,50.51174],[3.83029,50.51],[3.84539,50.5083],[3.85305,50.50575],[3.85416,50.50455],[3.8628,50.50187],[3.86601,50.50214],[3.86891,50.50568],[3.87461,50.50535],[3.87933,50.50376]]]}},{"type":"Feature","id":"53046","bbox":[3.826911,50.538636,3.979385,50.617222],"properties":{"nis":"53046","name":"Lens","nameNl":"Lens","nameFr":"Lens","nameDe":"Lens","province":"hainaut","region":"wallonia","areaKm2":49.74},"geometry":{"type":"Polygon","coordinates":[[[3.97543,50.54729],[3.97939,50.55515],[3.97402,50.55686],[3.97578,50.56039],[3.97229,50.56287],[3.97418,50.56535],[3.97072,50.56854],[3.97796,50.56993],[3.97746,50.57444],[3.97559,50.57406],[3.97092,50.57658],[3.97087,50.57969],[3.96826,50.58226],[3.9683,50.58398],[3.9715,50.58592],[3.96931,50.58795],[3.96571,50.58481],[3.96173,50.58597],[3.95898,50.58525],[3.95225,50.58706],[3.95443,50.58932],[3.96219,50.59017],[3.95884,50.59301],[3.95115,50.59443],[3.95271,50.60165],[3.95435,50.60456],[3.9539,50.60657],[3.94325,50.60404],[3.93997,50.60505],[3.93641,50.60747],[3.94237,50.60999],[3.9446,50.60941],[3.94782,50.61307],[3.94564,50.61458],[3.94155,50.61485],[3.93426,50.61426],[3.93322,50.61142],[3.92895,50.60842],[3.91802,50.61339],[3.91952,50.61429],[3.91622,50.61634],[3.91398,50.61451],[3.9124,50.61655],[3.90857,50.61722],[3.9037,50.61546],[3.90523,50.61214],[3.91027,50.60686],[3.91175,50.60302],[3.90721,50.59799],[3.90591,50.59404],[3.89636,50.58809],[3.89791,50.58787],[3.91027,50.58202],[3.90701,50.57881],[3.89861,50.57919],[3.89525,50.57812],[3.89426,50.57661],[3.88832,50.5724],[3.88407,50.57303],[3.87899,50.56944],[3.86993,50.57416],[3.87254,50.57686],[3.86689,50.57795],[3.86743,50.57994],[3.86354,50.58085],[3.86321,50.58208],[3.85599,50.58221],[3.84384,50.58158],[3.83578,50.58201],[3.83679,50.58019],[3.83475,50.57908],[3.83234,50.57456],[3.83327,50.57122],[3.82865,50.56822],[3.83039,50.56739],[3.83302,50.56361],[3.83734,50.5613],[3.83509,50.55922],[3.83598,50.55814],[3.83175,50.55521],[3.83166,50.55108],[3.82691,50.55036],[3.83507,50.5474],[3.84054,50.55019],[3.84313,50.54992],[3.8463,50.55519],[3.85398,50.55147],[3.85896,50.54532],[3.86215,50.54698],[3.8647,50.54385],[3.87078,50.54535],[3.8711,50.54376],[3.87402,50.54394],[3.88155,50.5411],[3.89041,50.54118],[3.89072,50.53899],[3.8927,50.53864],[3.89593,50.54127],[3.90142,50.5414],[3.90332,50.54257],[3.90885,50.54225],[3.91407,50.54365],[3.91913,50.54612],[3.91982,50.54741],[3.92726,50.55183],[3.94162,50.54224],[3.94435,50.5442],[3.95294,50.54003],[3.95654,50.54071],[3.95774,50.54264],[3.95413,50.54768],[3.95523,50.54968],[3.95822,50.54973],[3.97399,50.54775],[3.97543,50.54729]]]}},{"type":"Feature","id":"53053","bbox":[3.854493,50.377708,4.085172,50.513818],"properties":{"nis":"53053","name":"Mons","nameNl":"Bergen","nameFr":"Mons","nameDe":"Mons","province":"hainaut","region":"wallonia","areaKm2":147.06},"geometry":{"type":"Polygon","coordinates":[[[3.88357,50.42054],[3.88423,50.41856],[3.88875,50.41536],[3.89441,50.42002],[3.89565,50.41962],[3.89927,50.4243],[3.90806,50.42115],[3.91717,50.41709],[3.9306,50.41302],[3.92919,50.41041],[3.93984,50.40821],[3.94918,50.40499],[3.95311,50.40322],[3.95403,50.40596],[3.95779,50.40556],[3.95931,50.40703],[3.96336,50.40532],[3.96269,50.40327],[3.96642,50.40081],[3.9649,50.39953],[3.97085,50.39755],[3.97087,50.39568],[3.96787,50.39621],[3.96542,50.39226],[3.97161,50.39076],[3.96796,50.38579],[3.97234,50.38073],[3.97452,50.38244],[3.97863,50.38047],[3.97574,50.37831],[3.97698,50.37771],[3.98102,50.38006],[3.98357,50.37902],[3.98699,50.3795],[3.98889,50.38156],[3.99432,50.38351],[3.99435,50.38599],[4.00014,50.38577],[4.00079,50.384],[4.0045,50.3847],[4.00374,50.38568],[4.00334,50.39174],[4.00402,50.39252],[4.00998,50.39183],[4.01449,50.39061],[4.01723,50.3923],[4.02387,50.39405],[4.02635,50.39278],[4.0282,50.39425],[4.03233,50.39242],[4.03632,50.39652],[4.03359,50.39872],[4.03919,50.40144],[4.04091,50.40097],[4.04124,50.40314],[4.03961,50.40496],[4.04752,50.40732],[4.04745,50.40909],[4.05037,50.41071],[4.04869,50.41178],[4.04934,50.41417],[4.04849,50.41878],[4.05224,50.41778],[4.05654,50.42182],[4.05911,50.42121],[4.06104,50.42451],[4.05865,50.42666],[4.05857,50.43049],[4.05601,50.43076],[4.05738,50.43266],[4.05585,50.43405],[4.05807,50.4356],[4.05661,50.43644],[4.05758,50.43967],[4.06075,50.44164],[4.06258,50.44085],[4.06485,50.44241],[4.07554,50.44054],[4.07715,50.44222],[4.07981,50.44185],[4.08328,50.4433],[4.08178,50.44548],[4.08505,50.44617],[4.07529,50.45325],[4.07896,50.45456],[4.07582,50.45735],[4.06994,50.45848],[4.07559,50.46528],[4.07667,50.46675],[4.08151,50.46548],[4.08194,50.46717],[4.07612,50.46778],[4.05701,50.47103],[4.06101,50.47376],[4.0579,50.47579],[4.05652,50.4799],[4.05104,50.48475],[4.04799,50.4861],[4.04348,50.49502],[4.03988,50.49775],[4.03926,50.50046],[4.03663,50.50272],[4.03504,50.50579],[4.02993,50.50762],[4.02496,50.50832],[4.0219,50.50713],[4.01864,50.50359],[4.01641,50.5043],[4.0124,50.50286],[3.99832,50.50494],[3.9937,50.50423],[3.98671,50.50727],[3.97527,50.51382],[3.97442,50.51151],[3.96739,50.50831],[3.95725,50.50859],[3.95336,50.50014],[3.95517,50.49746],[3.95428,50.49416],[3.95015,50.4893],[3.94519,50.48874],[3.9404,50.49186],[3.93334,50.50088],[3.93089,50.50012],[3.91405,50.50051],[3.90749,50.49936],[3.90115,50.49907],[3.89209,50.50122],[3.87933,50.50376],[3.86652,50.49693],[3.85637,50.47918],[3.85449,50.47902],[3.85482,50.47501],[3.87494,50.47717],[3.87625,50.47033],[3.87464,50.46722],[3.87524,50.46267],[3.87056,50.45619],[3.86971,50.45327],[3.87274,50.44603],[3.87271,50.4429],[3.87516,50.44239],[3.87628,50.43893],[3.88051,50.43738],[3.88162,50.43327],[3.88128,50.42875],[3.88335,50.42797],[3.88452,50.42437],[3.88357,50.42054]]]}},{"type":"Feature","id":"53065","bbox":[3.828811,50.411376,3.884515,50.459322],"properties":{"nis":"53065","name":"Quaregnon","nameNl":"Quaregnon","nameFr":"Quaregnon","nameDe":"Quaregnon","province":"hainaut","region":"wallonia","areaKm2":11.16},"geometry":{"type":"Polygon","coordinates":[[[3.84275,50.43425],[3.84571,50.4334],[3.84731,50.43465],[3.84982,50.43369],[3.84705,50.4267],[3.85177,50.42609],[3.85307,50.42442],[3.84944,50.41774],[3.85007,50.41588],[3.85584,50.41661],[3.85696,50.41939],[3.8619,50.41938],[3.8638,50.41599],[3.86584,50.41639],[3.86545,50.41402],[3.86998,50.41319],[3.86938,50.41138],[3.87292,50.41353],[3.87541,50.42084],[3.8797,50.41996],[3.88054,50.42134],[3.88357,50.42054],[3.88452,50.42437],[3.88335,50.42797],[3.88128,50.42875],[3.88162,50.43327],[3.88051,50.43738],[3.87628,50.43893],[3.87516,50.44239],[3.87271,50.4429],[3.87274,50.44603],[3.86971,50.45327],[3.87056,50.45619],[3.8653,50.45507],[3.85924,50.45676],[3.8528,50.45444],[3.85331,50.45549],[3.84661,50.4583],[3.83685,50.45747],[3.83759,50.4552],[3.82881,50.45376],[3.83021,50.44602],[3.82926,50.44482],[3.83182,50.44343],[3.83793,50.44411],[3.84253,50.43873],[3.84275,50.43425]]]}},{"type":"Feature","id":"53068","bbox":[3.668652,50.369877,3.744058,50.42244],"properties":{"nis":"53068","name":"Quiévrain","nameNl":"Quiévrain","nameFr":"Quiévrain","nameDe":"Quiévrain","province":"hainaut","region":"wallonia","areaKm2":21.38},"geometry":{"type":"Polygon","coordinates":[[[3.74406,50.37792],[3.74082,50.37921],[3.73849,50.3816],[3.74044,50.38195],[3.73955,50.38672],[3.73592,50.38721],[3.73582,50.38905],[3.73184,50.39157],[3.7315,50.39492],[3.72894,50.39665],[3.72643,50.39656],[3.72535,50.40199],[3.72838,50.40227],[3.72784,50.41326],[3.72347,50.41213],[3.72396,50.41446],[3.71436,50.419],[3.71397,50.41997],[3.70398,50.42017],[3.69943,50.42224],[3.69397,50.42143],[3.69561,50.41865],[3.68534,50.42116],[3.67225,50.42226],[3.67256,50.42017],[3.67022,50.41978],[3.6702,50.41699],[3.67331,50.41089],[3.67396,50.40771],[3.67284,50.40573],[3.67496,50.40236],[3.67299,50.39978],[3.67348,50.39779],[3.67235,50.39398],[3.67407,50.38963],[3.67326,50.38804],[3.66993,50.38692],[3.66865,50.38458],[3.67325,50.38321],[3.67173,50.37811],[3.6691,50.37678],[3.6729,50.37483],[3.68548,50.37467],[3.6876,50.37568],[3.69543,50.37672],[3.69576,50.37511],[3.70527,50.37795],[3.71472,50.3711],[3.71562,50.36988],[3.71823,50.37115],[3.72497,50.37216],[3.72774,50.37485],[3.73003,50.37315],[3.73773,50.37312],[3.74406,50.37792]]]}},{"type":"Feature","id":"53070","bbox":[3.73627,50.438157,3.879449,50.541529],"properties":{"nis":"53070","name":"Saint-Ghislain","nameNl":"Saint-Ghislain","nameFr":"Saint-Ghislain","nameDe":"Saint-Ghislain","province":"hainaut","region":"wallonia","areaKm2":70.35},"geometry":{"type":"Polygon","coordinates":[[[3.73627,50.49609],[3.74802,50.48628],[3.74834,50.48341],[3.75382,50.4764],[3.75113,50.47205],[3.75339,50.47067],[3.7489,50.46634],[3.74935,50.46347],[3.74721,50.4623],[3.74624,50.45783],[3.7472,50.45671],[3.74321,50.45429],[3.74641,50.453],[3.74747,50.45014],[3.75193,50.44594],[3.75781,50.44458],[3.76022,50.44533],[3.76522,50.44434],[3.7712,50.45192],[3.80343,50.45224],[3.79369,50.44426],[3.79975,50.44361],[3.80802,50.4445],[3.81297,50.43816],[3.82079,50.44005],[3.82342,50.442],[3.82946,50.44196],[3.83182,50.44343],[3.82926,50.44482],[3.83021,50.44602],[3.82881,50.45376],[3.83759,50.4552],[3.83685,50.45747],[3.84661,50.4583],[3.85331,50.45549],[3.8528,50.45444],[3.85924,50.45676],[3.8653,50.45507],[3.87056,50.45619],[3.87524,50.46267],[3.87464,50.46722],[3.87625,50.47033],[3.87494,50.47717],[3.85482,50.47501],[3.85449,50.47902],[3.85637,50.47918],[3.86652,50.49693],[3.87933,50.50376],[3.87461,50.50535],[3.86891,50.50568],[3.86601,50.50214],[3.8628,50.50187],[3.85416,50.50455],[3.85305,50.50575],[3.84539,50.5083],[3.83029,50.51],[3.82562,50.51174],[3.82341,50.51667],[3.82453,50.51949],[3.8202,50.52131],[3.81889,50.5231],[3.81411,50.52643],[3.8018,50.53031],[3.80068,50.53394],[3.80121,50.5365],[3.80587,50.53774],[3.80734,50.53981],[3.80251,50.54014],[3.80223,50.54153],[3.7978,50.5398],[3.79359,50.53984],[3.78644,50.53736],[3.78277,50.53801],[3.77458,50.53407],[3.77258,50.52655],[3.76396,50.52789],[3.75529,50.53117],[3.75327,50.52932],[3.74804,50.52787],[3.74464,50.52489],[3.74181,50.52582],[3.74082,50.5214],[3.74341,50.5201],[3.74425,50.51758],[3.73868,50.51581],[3.73774,50.5142],[3.73989,50.51181],[3.74512,50.51113],[3.74468,50.50888],[3.7457,50.50257],[3.73998,50.49792],[3.73627,50.49609]]]}},{"type":"Feature","id":"53082","bbox":[3.814056,50.37921,3.871873,50.434648],"properties":{"nis":"53082","name":"Colfontaine","nameNl":"Colfontaine","nameFr":"Colfontaine","nameDe":"Colfontaine","province":"hainaut","region":"wallonia","areaKm2":13.72},"geometry":{"type":"Polygon","coordinates":[[[3.84275,50.43425],[3.83812,50.43183],[3.83937,50.42957],[3.83456,50.42981],[3.83088,50.42402],[3.83035,50.41717],[3.82588,50.41704],[3.82581,50.4152],[3.82325,50.41555],[3.82164,50.41364],[3.81897,50.41461],[3.8154,50.4108],[3.81411,50.40662],[3.81575,50.4058],[3.81406,50.40048],[3.81953,50.39864],[3.83024,50.39469],[3.83124,50.39104],[3.83344,50.39034],[3.83522,50.38786],[3.83503,50.38492],[3.84051,50.38474],[3.842,50.38312],[3.84685,50.38563],[3.85388,50.38317],[3.85593,50.37921],[3.86357,50.38405],[3.86132,50.38515],[3.86253,50.39517],[3.86718,50.39514],[3.8694,50.39716],[3.86858,50.39879],[3.87034,50.40402],[3.87188,50.40422],[3.8694,50.40936],[3.86938,50.41138],[3.86998,50.41319],[3.86545,50.41402],[3.86584,50.41639],[3.8638,50.41599],[3.8619,50.41938],[3.85696,50.41939],[3.85584,50.41661],[3.85007,50.41588],[3.84944,50.41774],[3.85307,50.42442],[3.85177,50.42609],[3.84705,50.4267],[3.84982,50.43369],[3.84731,50.43465],[3.84571,50.4334],[3.84275,50.43425]]]}},{"type":"Feature","id":"53083","bbox":[3.657158,50.303165,3.839546,50.384583],"properties":{"nis":"53083","name":"Honnelles","nameNl":"Honnelles","nameFr":"Honnelles","nameDe":"Honnelles","province":"hainaut","region":"wallonia","areaKm2":44.18},"geometry":{"type":"Polygon","coordinates":[[[3.66865,50.38458],[3.66835,50.38218],[3.6664,50.38186],[3.66548,50.37856],[3.66217,50.37538],[3.65816,50.37347],[3.65843,50.37019],[3.65716,50.36933],[3.65896,50.36694],[3.66446,50.36554],[3.66713,50.36091],[3.66724,50.35105],[3.66549,50.34705],[3.6692,50.34672],[3.66915,50.34495],[3.67354,50.34346],[3.67735,50.34025],[3.67329,50.33511],[3.6747,50.33291],[3.67781,50.33297],[3.67952,50.3292],[3.68563,50.32661],[3.6849,50.32502],[3.68864,50.32278],[3.69383,50.32184],[3.69267,50.31877],[3.69051,50.3204],[3.68972,50.31903],[3.68395,50.32048],[3.69578,50.31629],[3.69434,50.3132],[3.6965,50.3131],[3.70221,50.31095],[3.70745,50.30652],[3.70994,50.30316],[3.7202,50.30501],[3.71553,50.30655],[3.71733,50.30891],[3.71528,50.31267],[3.71018,50.31396],[3.71074,50.31773],[3.70893,50.31885],[3.71226,50.31963],[3.71798,50.31753],[3.72115,50.31132],[3.7286,50.30945],[3.73188,50.3115],[3.72731,50.31531],[3.73129,50.31838],[3.73232,50.32155],[3.7298,50.32332],[3.7291,50.32564],[3.72981,50.33043],[3.73382,50.32999],[3.73395,50.33498],[3.73569,50.33476],[3.73305,50.33821],[3.73819,50.34138],[3.73401,50.3424],[3.73909,50.34519],[3.73932,50.34767],[3.7422,50.34892],[3.74691,50.3483],[3.74539,50.35],[3.75015,50.35098],[3.754,50.34914],[3.76126,50.34922],[3.76332,50.34797],[3.76544,50.35202],[3.76702,50.35304],[3.77004,50.35147],[3.77268,50.35144],[3.77564,50.35311],[3.78536,50.3535],[3.7896,50.35219],[3.79353,50.3523],[3.79899,50.35094],[3.80285,50.35239],[3.80534,50.35527],[3.81401,50.35319],[3.81535,50.34959],[3.81159,50.34502],[3.82191,50.34574],[3.82445,50.34845],[3.82434,50.35345],[3.82619,50.35372],[3.83285,50.3524],[3.83704,50.35287],[3.83811,50.35427],[3.83955,50.35608],[3.83338,50.35703],[3.82782,50.35687],[3.82282,50.35827],[3.81615,50.35859],[3.81211,50.36019],[3.8103,50.35954],[3.80186,50.364],[3.79776,50.36567],[3.79429,50.37072],[3.79157,50.37009],[3.79115,50.37225],[3.78663,50.37223],[3.78176,50.37426],[3.77243,50.37352],[3.77016,50.37279],[3.75881,50.37579],[3.75017,50.37622],[3.74406,50.37792],[3.73773,50.37312],[3.73003,50.37315],[3.72774,50.37485],[3.72497,50.37216],[3.71823,50.37115],[3.71562,50.36988],[3.71472,50.3711],[3.70527,50.37795],[3.69576,50.37511],[3.69543,50.37672],[3.6876,50.37568],[3.68548,50.37467],[3.6729,50.37483],[3.6691,50.37678],[3.67173,50.37811],[3.67325,50.38321],[3.66865,50.38458]]]}},{"type":"Feature","id":"53084","bbox":[3.860842,50.326956,4.055041,50.40873],"properties":{"nis":"53084","name":"Quévy","nameNl":"Quévy","nameFr":"Quévy","nameDe":"Quévy","province":"hainaut","region":"wallonia","areaKm2":65.17},"geometry":{"type":"Polygon","coordinates":[[[4.04091,50.40097],[4.03919,50.40144],[4.03359,50.39872],[4.03632,50.39652],[4.03233,50.39242],[4.0282,50.39425],[4.02635,50.39278],[4.02387,50.39405],[4.01723,50.3923],[4.01449,50.39061],[4.00998,50.39183],[4.00402,50.39252],[4.00334,50.39174],[4.00374,50.38568],[4.0045,50.3847],[4.00079,50.384],[4.00014,50.38577],[3.99435,50.38599],[3.99432,50.38351],[3.98889,50.38156],[3.98699,50.3795],[3.98357,50.37902],[3.98102,50.38006],[3.97698,50.37771],[3.97574,50.37831],[3.97863,50.38047],[3.97452,50.38244],[3.97234,50.38073],[3.96796,50.38579],[3.97161,50.39076],[3.96542,50.39226],[3.96787,50.39621],[3.97087,50.39568],[3.97085,50.39755],[3.9649,50.39953],[3.96642,50.40081],[3.96269,50.40327],[3.96336,50.40532],[3.95931,50.40703],[3.95779,50.40556],[3.95403,50.40596],[3.95311,50.40322],[3.94918,50.40499],[3.9446,50.40066],[3.93736,50.39275],[3.9352,50.39364],[3.92297,50.3959],[3.92137,50.39718],[3.92467,50.39975],[3.91736,50.4018],[3.91425,50.39571],[3.91104,50.39357],[3.90883,50.39454],[3.90656,50.39365],[3.90306,50.39587],[3.8965,50.39307],[3.90354,50.38735],[3.90016,50.38707],[3.90195,50.3852],[3.89642,50.38167],[3.89897,50.37947],[3.89241,50.37447],[3.89555,50.37205],[3.89302,50.3681],[3.88621,50.36991],[3.87925,50.36413],[3.88248,50.36276],[3.87591,50.3596],[3.87416,50.35777],[3.86475,50.35351],[3.86084,50.35047],[3.8623,50.34378],[3.86212,50.34184],[3.87259,50.33806],[3.87566,50.33759],[3.87925,50.3387],[3.88401,50.33902],[3.88719,50.34096],[3.88826,50.3376],[3.88611,50.33745],[3.88718,50.33559],[3.88952,50.33655],[3.89051,50.32984],[3.88523,50.32871],[3.88574,50.32701],[3.8966,50.32894],[3.90031,50.32698],[3.90818,50.3294],[3.91009,50.32884],[3.96842,50.35006],[3.96881,50.34696],[3.96568,50.34151],[3.96749,50.34068],[3.97134,50.34365],[3.97318,50.34797],[3.98488,50.34212],[3.98869,50.34355],[3.9885,50.34621],[3.99348,50.34869],[3.99901,50.34784],[4.00134,50.3504],[4.00274,50.34977],[4.00828,50.35062],[4.01158,50.3501],[4.01781,50.35234],[4.01543,50.35369],[4.01823,50.35725],[4.02254,50.35681],[4.02418,50.35917],[4.02805,50.35837],[4.02892,50.3591],[4.04122,50.35795],[4.03938,50.35912],[4.04034,50.36138],[4.04604,50.35882],[4.05132,50.36168],[4.04607,50.36525],[4.05063,50.36684],[4.05196,50.36952],[4.05504,50.36999],[4.05241,50.37586],[4.0491,50.37944],[4.05363,50.38106],[4.0493,50.38488],[4.04749,50.38459],[4.04549,50.38873],[4.04495,50.39194],[4.04045,50.39502],[4.04122,50.39906],[4.04358,50.40061],[4.04091,50.40097]]]}},{"type":"Feature","id":"55004","bbox":[4.026552,50.564548,4.253652,50.669047],"properties":{"nis":"55004","name":"Braine-le-Comte","nameNl":"'s-Gravenbrakel","nameFr":"Braine-le-Comte","nameDe":"Braine-le-Comte","province":"hainaut","region":"wallonia","areaKm2":84.58},"geometry":{"type":"Polygon","coordinates":[[[4.2261,50.58294],[4.2287,50.58627],[4.23498,50.59057],[4.23417,50.59331],[4.2289,50.59641],[4.22883,50.60082],[4.23753,50.59989],[4.24067,50.60158],[4.24072,50.59792],[4.24262,50.5952],[4.24695,50.5964],[4.24713,50.59829],[4.25123,50.59985],[4.25167,50.60122],[4.24854,50.60615],[4.24557,50.61226],[4.25059,50.61345],[4.24996,50.61444],[4.25365,50.61592],[4.2497,50.61742],[4.24462,50.62078],[4.23867,50.62273],[4.22856,50.62424],[4.21722,50.62417],[4.20957,50.62461],[4.20708,50.62595],[4.19925,50.62456],[4.20015,50.63199],[4.19704,50.63492],[4.20064,50.63837],[4.20443,50.64694],[4.19935,50.65213],[4.19465,50.6542],[4.1903,50.65755],[4.18236,50.66206],[4.17735,50.66338],[4.17417,50.66015],[4.16758,50.6562],[4.16368,50.65111],[4.16394,50.65029],[4.15891,50.64589],[4.14711,50.63926],[4.14528,50.63369],[4.14102,50.63176],[4.1327,50.62932],[4.12273,50.63211],[4.11691,50.63485],[4.10649,50.63222],[4.10732,50.63379],[4.10592,50.63619],[4.10113,50.63825],[4.09913,50.64132],[4.09965,50.64322],[4.09803,50.6473],[4.09277,50.65352],[4.09629,50.65179],[4.09911,50.65598],[4.09856,50.65755],[4.1003,50.66294],[4.09749,50.66761],[4.0951,50.66591],[4.09185,50.66905],[4.08791,50.66555],[4.08428,50.66487],[4.07448,50.66078],[4.07283,50.65715],[4.06775,50.6535],[4.06664,50.65416],[4.05805,50.65038],[4.05389,50.64985],[4.05089,50.64644],[4.04368,50.64283],[4.03745,50.63802],[4.03088,50.63704],[4.02655,50.63375],[4.03094,50.63193],[4.03574,50.63093],[4.03662,50.6298],[4.04078,50.63153],[4.04388,50.63098],[4.04788,50.63193],[4.05132,50.63024],[4.05689,50.62923],[4.0573,50.62789],[4.06427,50.62372],[4.06771,50.62402],[4.07238,50.62123],[4.07286,50.6197],[4.06933,50.61748],[4.0696,50.61422],[4.06331,50.61197],[4.06656,50.60972],[4.06599,50.60618],[4.06908,50.60387],[4.06803,50.60335],[4.07406,50.59919],[4.07909,50.5971],[4.08347,50.59392],[4.08704,50.59283],[4.09248,50.58978],[4.0976,50.58435],[4.09774,50.58068],[4.10064,50.57594],[4.10331,50.57382],[4.10495,50.56959],[4.11478,50.56811],[4.12341,50.56476],[4.12449,50.56455],[4.12961,50.56885],[4.13635,50.57233],[4.13773,50.57579],[4.14427,50.57696],[4.14471,50.57887],[4.15005,50.58004],[4.15867,50.58314],[4.16456,50.58796],[4.17095,50.59529],[4.17384,50.59486],[4.17567,50.59287],[4.17344,50.59129],[4.17618,50.59044],[4.18362,50.59167],[4.18662,50.59063],[4.19046,50.59324],[4.19328,50.59665],[4.19679,50.59627],[4.2024,50.59378],[4.20365,50.59153],[4.2072,50.5904],[4.20567,50.58876],[4.20934,50.58696],[4.20758,50.5857],[4.21663,50.58221],[4.22295,50.58322],[4.2261,50.58294]]]}},{"type":"Feature","id":"55035","bbox":[4.039027,50.462865,4.186405,50.5468],"properties":{"nis":"55035","name":"Le Rœulx","nameNl":"Le Rœulx","nameFr":"Le Rœulx","nameDe":"Le Rœulx","province":"hainaut","region":"wallonia","areaKm2":43.27},"geometry":{"type":"Polygon","coordinates":[[[4.13069,50.545],[4.12938,50.54129],[4.12708,50.53891],[4.12228,50.53727],[4.11693,50.53192],[4.10524,50.53037],[4.09848,50.53188],[4.09828,50.53075],[4.09206,50.52985],[4.09141,50.53076],[4.08423,50.53184],[4.07977,50.53131],[4.07479,50.52877],[4.07113,50.52545],[4.07352,50.51631],[4.07331,50.51053],[4.07078,50.50668],[4.06739,50.50727],[4.05091,50.50676],[4.04672,50.50421],[4.04501,50.50494],[4.04116,50.50342],[4.03926,50.50046],[4.03988,50.49775],[4.04348,50.49502],[4.04799,50.4861],[4.05104,50.48475],[4.05652,50.4799],[4.0579,50.47579],[4.06101,50.47376],[4.05701,50.47103],[4.07612,50.46778],[4.08194,50.46717],[4.08151,50.46548],[4.07667,50.46675],[4.07559,50.46528],[4.07564,50.4641],[4.08011,50.46293],[4.08803,50.46701],[4.09008,50.46424],[4.09302,50.46369],[4.09677,50.46621],[4.10211,50.46801],[4.10594,50.47212],[4.10958,50.47424],[4.10787,50.48007],[4.1098,50.48307],[4.11043,50.49246],[4.13297,50.49711],[4.13132,50.50057],[4.13482,50.50371],[4.13718,50.5076],[4.14064,50.51013],[4.14285,50.51014],[4.14738,50.51218],[4.15058,50.51131],[4.14926,50.51598],[4.15262,50.51728],[4.15621,50.51583],[4.1624,50.51554],[4.16188,50.51442],[4.16688,50.51737],[4.17789,50.51382],[4.1805,50.51565],[4.18618,50.52495],[4.18256,50.52688],[4.17664,50.52859],[4.17145,50.53469],[4.16729,50.53739],[4.16395,50.5382],[4.16017,50.54096],[4.15833,50.54059],[4.15463,50.54254],[4.1492,50.54379],[4.14885,50.54514],[4.14088,50.5468],[4.13069,50.545]]]}},{"type":"Feature","id":"55040","bbox":[3.952252,50.500461,4.130692,50.633746],"properties":{"nis":"55040","name":"Soignies","nameNl":"Zinnik","nameFr":"Soignies","nameDe":"Soignies","province":"hainaut","region":"wallonia","areaKm2":110.89},"geometry":{"type":"Polygon","coordinates":[[[4.03926,50.50046],[4.04116,50.50342],[4.04501,50.50494],[4.04672,50.50421],[4.05091,50.50676],[4.06739,50.50727],[4.07078,50.50668],[4.07331,50.51053],[4.07352,50.51631],[4.07113,50.52545],[4.07479,50.52877],[4.07977,50.53131],[4.08423,50.53184],[4.09141,50.53076],[4.09206,50.52985],[4.09828,50.53075],[4.09848,50.53188],[4.10524,50.53037],[4.11693,50.53192],[4.12228,50.53727],[4.12708,50.53891],[4.12938,50.54129],[4.13069,50.545],[4.12922,50.54799],[4.12994,50.55107],[4.12812,50.55516],[4.12782,50.55808],[4.12409,50.56073],[4.12341,50.56476],[4.11478,50.56811],[4.10495,50.56959],[4.10331,50.57382],[4.10064,50.57594],[4.09774,50.58068],[4.0976,50.58435],[4.09248,50.58978],[4.08704,50.59283],[4.08347,50.59392],[4.07909,50.5971],[4.07406,50.59919],[4.06803,50.60335],[4.06908,50.60387],[4.06599,50.60618],[4.06656,50.60972],[4.06331,50.61197],[4.0696,50.61422],[4.06933,50.61748],[4.07286,50.6197],[4.07238,50.62123],[4.06771,50.62402],[4.06427,50.62372],[4.0573,50.62789],[4.05689,50.62923],[4.05132,50.63024],[4.04788,50.63193],[4.04388,50.63098],[4.04078,50.63153],[4.03662,50.6298],[4.03574,50.63093],[4.03094,50.63193],[4.02655,50.63375],[4.02007,50.63274],[4.01501,50.63289],[4.01165,50.63155],[4.00387,50.62495],[4.00025,50.62803],[3.99485,50.62618],[3.98742,50.62476],[3.98307,50.62317],[3.98074,50.62361],[3.97826,50.62194],[3.98062,50.61941],[3.98321,50.61164],[3.98189,50.608],[3.97771,50.6021],[3.97168,50.60112],[3.97117,50.59884],[3.97311,50.59555],[3.9689,50.5922],[3.96219,50.59017],[3.95443,50.58932],[3.95225,50.58706],[3.95898,50.58525],[3.96173,50.58597],[3.96571,50.58481],[3.96931,50.58795],[3.9715,50.58592],[3.9683,50.58398],[3.96826,50.58226],[3.97087,50.57969],[3.97092,50.57658],[3.97559,50.57406],[3.97746,50.57444],[3.97796,50.56993],[3.97072,50.56854],[3.97418,50.56535],[3.97229,50.56287],[3.97578,50.56039],[3.97402,50.55686],[3.97939,50.55515],[3.97543,50.54729],[3.98044,50.54975],[3.98595,50.54699],[3.98708,50.54464],[3.98301,50.54264],[3.98625,50.53981],[3.99055,50.53736],[3.9921,50.53239],[3.98833,50.52913],[3.98946,50.52713],[3.99561,50.52514],[3.9944,50.5228],[3.99574,50.52163],[3.98893,50.52121],[3.98598,50.51977],[3.98611,50.51734],[3.98196,50.51789],[3.98015,50.51649],[3.97617,50.51685],[3.97527,50.51382],[3.98671,50.50727],[3.9937,50.50423],[3.99832,50.50494],[4.0124,50.50286],[4.01641,50.5043],[4.01864,50.50359],[4.0219,50.50713],[4.02496,50.50832],[4.02993,50.50762],[4.03504,50.50579],[4.03663,50.50272],[4.03926,50.50046]]]}},{"type":"Feature","id":"55050","bbox":[4.123353,50.524952,4.229454,50.596651],"properties":{"nis":"55050","name":"Écaussinnes","nameNl":"Écaussinnes","nameFr":"Écaussinnes","nameDe":"Écaussinnes","province":"hainaut","region":"wallonia","areaKm2":34.74},"geometry":{"type":"Polygon","coordinates":[[[4.2261,50.58294],[4.22295,50.58322],[4.21663,50.58221],[4.20758,50.5857],[4.20934,50.58696],[4.20567,50.58876],[4.2072,50.5904],[4.20365,50.59153],[4.2024,50.59378],[4.19679,50.59627],[4.19328,50.59665],[4.19046,50.59324],[4.18662,50.59063],[4.18362,50.59167],[4.17618,50.59044],[4.17344,50.59129],[4.17567,50.59287],[4.17384,50.59486],[4.17095,50.59529],[4.16456,50.58796],[4.15867,50.58314],[4.15005,50.58004],[4.14471,50.57887],[4.14427,50.57696],[4.13773,50.57579],[4.13635,50.57233],[4.12961,50.56885],[4.12449,50.56455],[4.12341,50.56476],[4.12409,50.56073],[4.12782,50.55808],[4.12812,50.55516],[4.12994,50.55107],[4.12922,50.54799],[4.13069,50.545],[4.14088,50.5468],[4.14885,50.54514],[4.1492,50.54379],[4.15463,50.54254],[4.15833,50.54059],[4.16017,50.54096],[4.16395,50.5382],[4.16729,50.53739],[4.17145,50.53469],[4.17664,50.52859],[4.18256,50.52688],[4.18618,50.52495],[4.19248,50.53804],[4.19326,50.54051],[4.19516,50.53964],[4.19848,50.54054],[4.20365,50.54035],[4.20497,50.53915],[4.21477,50.54031],[4.22306,50.54417],[4.2233,50.54692],[4.22529,50.54748],[4.22377,50.55203],[4.22555,50.55281],[4.22262,50.55559],[4.22226,50.55881],[4.21829,50.55962],[4.21685,50.56096],[4.21756,50.56532],[4.22331,50.56682],[4.22853,50.57302],[4.22222,50.57624],[4.2261,50.58294]]]}},{"type":"Feature","id":"55085","bbox":[4.186179,50.496307,4.336463,50.601579],"properties":{"nis":"55085","name":"Seneffe","nameNl":"Seneffe","nameFr":"Seneffe","nameDe":"Seneffe","province":"hainaut","region":"wallonia","areaKm2":63.55},"geometry":{"type":"MultiPolygon","coordinates":[[[[4.24695,50.5964],[4.24262,50.5952],[4.24072,50.59792],[4.24067,50.60158],[4.23753,50.59989],[4.22883,50.60082],[4.2289,50.59641],[4.23417,50.59331],[4.23498,50.59057],[4.2287,50.58627],[4.2261,50.58294],[4.22222,50.57624],[4.22853,50.57302],[4.22331,50.56682],[4.21756,50.56532],[4.21685,50.56096],[4.21829,50.55962],[4.22226,50.55881],[4.22262,50.55559],[4.22555,50.55281],[4.22377,50.55203],[4.22529,50.54748],[4.2233,50.54692],[4.22306,50.54417],[4.21477,50.54031],[4.20497,50.53915],[4.20365,50.54035],[4.19848,50.54054],[4.19516,50.53964],[4.19326,50.54051],[4.19248,50.53804],[4.18618,50.52495],[4.19346,50.52196],[4.19926,50.51808],[4.20826,50.51361],[4.21171,50.51095],[4.21932,50.51505],[4.22506,50.51666],[4.2318,50.51666],[4.23606,50.51771],[4.24196,50.52084],[4.24611,50.52171],[4.24809,50.52036],[4.24696,50.51882],[4.24476,50.51973],[4.24515,50.51646],[4.2558,50.5115],[4.25369,50.5072],[4.25899,50.50694],[4.25763,50.50401],[4.2662,50.49905],[4.26974,50.50111],[4.27257,50.49946],[4.27507,50.50088],[4.28172,50.49631],[4.28316,50.49694],[4.28306,50.50186],[4.28666,50.50506],[4.28697,50.50704],[4.28696,50.50804],[4.29144,50.5097],[4.29314,50.51183],[4.29684,50.51244],[4.30149,50.5167],[4.30214,50.51877],[4.31026,50.52383],[4.31992,50.52741],[4.32281,50.52976],[4.31321,50.53381],[4.30923,50.53784],[4.30737,50.53835],[4.30787,50.54117],[4.3099,50.54393],[4.30916,50.54774],[4.3159,50.54876],[4.31911,50.55035],[4.323,50.54782],[4.32546,50.54919],[4.33071,50.55051],[4.33318,50.55518],[4.3349,50.55513],[4.33181,50.558],[4.33081,50.5603],[4.33646,50.56682],[4.33438,50.56892],[4.32868,50.5697],[4.31374,50.567],[4.30727,50.56693],[4.30234,50.56763],[4.30128,50.57277],[4.2969,50.57621],[4.29894,50.57702],[4.29088,50.58268],[4.2841,50.58634],[4.28454,50.58766],[4.28013,50.59193],[4.27533,50.59221],[4.27404,50.59461],[4.26576,50.59404],[4.26071,50.59287],[4.25826,50.59388],[4.25406,50.59357],[4.25095,50.59459],[4.25044,50.59646],[4.24695,50.5964]]]]}},{"type":"Feature","id":"55086","bbox":[4.204165,50.464958,4.281718,50.521777],"properties":{"nis":"55086","name":"Manage","nameNl":"Manage","nameFr":"Manage","nameDe":"Manage","province":"hainaut","region":"wallonia","areaKm2":19.37},"geometry":{"type":"Polygon","coordinates":[[[4.26769,50.47156],[4.26852,50.47363],[4.26561,50.48088],[4.26596,50.48441],[4.2647,50.48676],[4.27031,50.48885],[4.27616,50.4921],[4.28013,50.49237],[4.27931,50.49373],[4.28172,50.49631],[4.27507,50.50088],[4.27257,50.49946],[4.26974,50.50111],[4.2662,50.49905],[4.25763,50.50401],[4.25899,50.50694],[4.25369,50.5072],[4.2558,50.5115],[4.24515,50.51646],[4.24476,50.51973],[4.24696,50.51882],[4.24809,50.52036],[4.24611,50.52171],[4.24196,50.52084],[4.23606,50.51771],[4.2318,50.51666],[4.22506,50.51666],[4.21932,50.51505],[4.21171,50.51095],[4.20829,50.50887],[4.20529,50.50503],[4.2076,50.50167],[4.21061,50.50084],[4.20886,50.49838],[4.21053,50.4967],[4.20416,50.49093],[4.20945,50.48797],[4.21258,50.48455],[4.21191,50.48103],[4.21518,50.47864],[4.21707,50.4785],[4.21698,50.48211],[4.22309,50.47751],[4.22997,50.47694],[4.22536,50.47449],[4.22513,50.47205],[4.22202,50.47171],[4.21637,50.46719],[4.21797,50.46541],[4.22233,50.46509],[4.22878,50.46585],[4.23124,50.46901],[4.24101,50.47408],[4.2454,50.47276],[4.24894,50.47303],[4.2516,50.47447],[4.2538,50.47286],[4.25365,50.47114],[4.25676,50.46923],[4.26178,50.46873],[4.26769,50.47156]]]}},{"type":"Feature","id":"56001","bbox":[4.227816,50.379843,4.293981,50.428048],"properties":{"nis":"56001","name":"Anderlues","nameNl":"Anderlues","nameFr":"Anderlues","nameDe":"Anderlues","province":"hainaut","region":"wallonia","areaKm2":17.14},"geometry":{"type":"Polygon","coordinates":[[[4.29303,50.38888],[4.29128,50.39225],[4.29109,50.39565],[4.29218,50.3997],[4.29067,50.40159],[4.293,50.41056],[4.29238,50.41716],[4.29386,50.42234],[4.29379,50.42483],[4.29369,50.428],[4.28459,50.42802],[4.27626,50.42676],[4.27465,50.42542],[4.2685,50.42457],[4.26315,50.42538],[4.25647,50.42469],[4.25231,50.42352],[4.25223,50.42174],[4.24852,50.41773],[4.2475,50.41315],[4.24585,50.41152],[4.24026,50.41073],[4.23538,50.40911],[4.22786,50.40802],[4.2331,50.40625],[4.23907,50.40281],[4.23799,50.4013],[4.24022,50.40035],[4.23785,50.39461],[4.23215,50.38845],[4.23784,50.38595],[4.2399,50.38384],[4.23863,50.38231],[4.24275,50.3809],[4.24704,50.38113],[4.25124,50.37991],[4.25445,50.38156],[4.2652,50.38332],[4.26759,50.38513],[4.27058,50.38257],[4.27535,50.38308],[4.27823,50.38654],[4.28704,50.38719],[4.29303,50.38888]]]}},{"type":"Feature","id":"56005","bbox":[4.16515,50.158894,4.345858,50.294916],"properties":{"nis":"56005","name":"Beaumont","nameNl":"Beaumont","nameFr":"Beaumont","nameDe":"Beaumont","province":"hainaut","region":"wallonia","areaKm2":93.19},"geometry":{"type":"Polygon","coordinates":[[[4.21999,50.2812],[4.21698,50.28002],[4.2126,50.2805],[4.21314,50.27862],[4.20598,50.27741],[4.20418,50.27414],[4.20853,50.27186],[4.21218,50.2684],[4.21582,50.26155],[4.22124,50.25864],[4.22167,50.25669],[4.22013,50.25167],[4.21209,50.24603],[4.20729,50.24438],[4.2027,50.24033],[4.1982,50.23955],[4.19353,50.24043],[4.18904,50.23662],[4.18141,50.23218],[4.18135,50.23075],[4.17478,50.21996],[4.17276,50.22023],[4.17272,50.21713],[4.16929,50.21745],[4.16515,50.21603],[4.1655,50.21467],[4.17213,50.2156],[4.18408,50.21416],[4.18618,50.21294],[4.19771,50.21037],[4.20295,50.20877],[4.212,50.20875],[4.21039,50.2072],[4.21031,50.20415],[4.20807,50.19974],[4.20304,50.19808],[4.21404,50.19503],[4.21442,50.18584],[4.21852,50.18684],[4.22047,50.18458],[4.22932,50.18817],[4.23857,50.18827],[4.2356,50.18724],[4.23294,50.18182],[4.23308,50.17934],[4.23966,50.1787],[4.24474,50.17537],[4.25141,50.17396],[4.25938,50.16805],[4.26718,50.1681],[4.2729,50.16584],[4.27455,50.16419],[4.2798,50.16236],[4.2796,50.16035],[4.28472,50.15889],[4.28504,50.16176],[4.28959,50.16445],[4.28646,50.16593],[4.28907,50.1677],[4.29623,50.16863],[4.29867,50.17011],[4.30352,50.16934],[4.30314,50.17334],[4.30145,50.17787],[4.29101,50.17829],[4.29142,50.18132],[4.29716,50.18886],[4.2885,50.18988],[4.28914,50.19442],[4.29194,50.19659],[4.29067,50.20413],[4.29964,50.20649],[4.31206,50.20815],[4.32005,50.20589],[4.32448,50.20553],[4.3288,50.20622],[4.33348,50.20881],[4.33287,50.20981],[4.33844,50.21198],[4.33974,50.2164],[4.33857,50.21694],[4.34231,50.22074],[4.34466,50.22202],[4.34586,50.22496],[4.345,50.22737],[4.3351,50.23022],[4.32882,50.23353],[4.32043,50.23456],[4.3186,50.23722],[4.30919,50.23802],[4.30831,50.24172],[4.30319,50.24228],[4.2987,50.24355],[4.29586,50.24561],[4.29542,50.24856],[4.29299,50.25014],[4.28743,50.24916],[4.28575,50.24972],[4.28726,50.25237],[4.29001,50.25339],[4.28675,50.25583],[4.2905,50.25879],[4.29429,50.26063],[4.29605,50.26304],[4.29888,50.26299],[4.30319,50.265],[4.30424,50.26367],[4.30875,50.2673],[4.30818,50.27065],[4.31022,50.27244],[4.31309,50.27694],[4.31124,50.2777],[4.31274,50.2798],[4.29915,50.28035],[4.2998,50.28315],[4.30488,50.28491],[4.29055,50.29109],[4.28533,50.29136],[4.28128,50.29276],[4.27679,50.29303],[4.27589,50.29442],[4.27193,50.29492],[4.26747,50.29201],[4.26305,50.28847],[4.26145,50.28426],[4.25392,50.28198],[4.2258,50.28286],[4.21999,50.2812]]]}},{"type":"Feature","id":"56016","bbox":[4.196669,49.941743,4.446085,50.129935],"properties":{"nis":"56016","name":"Chimay","nameNl":"Chimay","nameFr":"Chimay","nameDe":"Chimay","province":"hainaut","region":"wallonia","areaKm2":197.96},"geometry":{"type":"Polygon","coordinates":[[[4.20206,50.12362],[4.20351,50.12112],[4.20217,50.11687],[4.20403,50.11552],[4.19732,50.10931],[4.19667,50.10642],[4.20646,50.10612],[4.20735,50.10521],[4.20099,50.1013],[4.20684,50.09593],[4.21043,50.09682],[4.21427,50.09424],[4.21682,50.09092],[4.2173,50.08816],[4.22086,50.08624],[4.22519,50.08562],[4.22562,50.08152],[4.22825,50.07842],[4.23083,50.07355],[4.23058,50.06933],[4.22835,50.06643],[4.22192,50.06271],[4.22572,50.05626],[4.2264,50.05272],[4.22928,50.04651],[4.23488,50.04716],[4.23727,50.04154],[4.24073,50.04136],[4.23617,50.03723],[4.23238,50.03486],[4.2297,50.03102],[4.23183,50.02624],[4.23508,50.02617],[4.23788,50.01834],[4.23339,50.0172],[4.2327,50.01595],[4.23949,50.01772],[4.2421,50.02019],[4.24692,50.02235],[4.24988,50.02453],[4.25293,50.02317],[4.25793,50.02233],[4.25948,50.01827],[4.25891,50.01561],[4.26811,50.01571],[4.27075,50.01508],[4.27295,50.01663],[4.2839,50.01128],[4.28977,49.99427],[4.29512,49.99423],[4.30163,49.99333],[4.3061,49.99471],[4.31444,49.99562],[4.31455,49.99355],[4.31019,49.98849],[4.30876,49.98344],[4.30889,49.97984],[4.30458,49.97438],[4.30434,49.97232],[4.30589,49.96829],[4.30985,49.96943],[4.31365,49.96666],[4.32025,49.96416],[4.3274,49.96289],[4.3345,49.96383],[4.33817,49.96208],[4.34115,49.95899],[4.34542,49.95666],[4.34789,49.95395],[4.35098,49.95223],[4.36461,49.95269],[4.37185,49.95141],[4.37684,49.95238],[4.38198,49.95427],[4.38349,49.95152],[4.39273,49.94758],[4.39601,49.94881],[4.4009,49.94915],[4.41851,49.94708],[4.41982,49.94551],[4.42497,49.94476],[4.4327,49.94174],[4.43909,49.94672],[4.44609,49.9536],[4.44079,49.9633],[4.43507,49.973],[4.42448,49.98162],[4.4196,49.98819],[4.41743,49.99476],[4.41488,49.99658],[4.41312,50.00087],[4.41537,50.00817],[4.41473,50.01302],[4.40984,50.02785],[4.41018,50.03104],[4.40864,50.03726],[4.40651,50.03689],[4.40774,50.04196],[4.40957,50.04525],[4.40634,50.04961],[4.40143,50.04801],[4.40094,50.05101],[4.39353,50.04759],[4.38959,50.05125],[4.39559,50.05749],[4.39369,50.05974],[4.39482,50.06194],[4.39192,50.06208],[4.39016,50.06729],[4.39171,50.07083],[4.39242,50.07771],[4.39411,50.08109],[4.3915,50.08535],[4.3915,50.08907],[4.38981,50.09217],[4.3903,50.09537],[4.38926,50.09975],[4.38659,50.10689],[4.38247,50.10756],[4.37916,50.1067],[4.37986,50.10243],[4.37845,50.09938],[4.37654,50.09902],[4.37718,50.0895],[4.36016,50.08263],[4.34971,50.08389],[4.343,50.08555],[4.34816,50.08689],[4.34702,50.08999],[4.34236,50.09152],[4.34187,50.10738],[4.34109,50.11793],[4.34003,50.1204],[4.33022,50.12009],[4.32493,50.12104],[4.31558,50.12136],[4.30856,50.11853],[4.3022,50.12005],[4.29791,50.12028],[4.29391,50.11912],[4.28484,50.11901],[4.28199,50.12045],[4.2779,50.12245],[4.27438,50.12108],[4.27121,50.12167],[4.26401,50.12585],[4.26252,50.12819],[4.26006,50.12719],[4.25613,50.12862],[4.25042,50.12745],[4.24603,50.12741],[4.24398,50.12622],[4.23807,50.12625],[4.23487,50.12994],[4.23114,50.1287],[4.2291,50.12509],[4.22607,50.12352],[4.22049,50.1228],[4.21482,50.12396],[4.20206,50.12362]]]}},{"type":"Feature","id":"56022","bbox":[4.042766,50.256425,4.219992,50.349693],"properties":{"nis":"56022","name":"Erquelinnes","nameNl":"Erquelinnes","nameFr":"Erquelinnes","nameDe":"Erquelinnes","province":"hainaut","region":"wallonia","areaKm2":44.4},"geometry":{"type":"Polygon","coordinates":[[[4.13256,50.33055],[4.12708,50.33129],[4.11381,50.33059],[4.10754,50.33241],[4.10508,50.33185],[4.09937,50.33614],[4.0945,50.33297],[4.09188,50.33209],[4.08605,50.3369],[4.07676,50.34576],[4.07104,50.34969],[4.0697,50.34832],[4.06658,50.34963],[4.06393,50.34712],[4.0629,50.34841],[4.06075,50.34692],[4.05941,50.3481],[4.05474,50.3465],[4.05065,50.34627],[4.04574,50.34117],[4.04277,50.34009],[4.04414,50.33947],[4.05401,50.33933],[4.05325,50.33531],[4.05514,50.3349],[4.05506,50.33253],[4.06293,50.33125],[4.06544,50.33031],[4.06708,50.32732],[4.07155,50.32375],[4.07827,50.32067],[4.07841,50.31523],[4.07962,50.31118],[4.07891,50.30966],[4.08338,50.3097],[4.08759,50.31192],[4.09325,50.31303],[4.09557,50.31196],[4.09718,50.31351],[4.10387,50.30919],[4.10709,50.30602],[4.10971,50.30185],[4.11184,50.30297],[4.11429,50.3022],[4.11707,50.30409],[4.11896,50.30211],[4.11825,50.30049],[4.12273,50.29799],[4.12568,50.28839],[4.1253,50.28053],[4.12186,50.27764],[4.12438,50.27363],[4.13166,50.27466],[4.13631,50.2746],[4.13431,50.26567],[4.13713,50.26508],[4.1388,50.26329],[4.13788,50.25986],[4.13508,50.25962],[4.13706,50.25682],[4.14572,50.2585],[4.1503,50.25664],[4.15467,50.25642],[4.16357,50.25741],[4.16502,50.25944],[4.16767,50.25949],[4.16872,50.26654],[4.1636,50.26917],[4.16342,50.27187],[4.15796,50.27215],[4.14963,50.27456],[4.1493,50.27691],[4.15552,50.28037],[4.15549,50.28377],[4.15337,50.28484],[4.16107,50.28494],[4.16262,50.28895],[4.16993,50.28811],[4.16902,50.28467],[4.17636,50.28444],[4.17614,50.2811],[4.17463,50.27846],[4.17742,50.27504],[4.18228,50.27412],[4.18365,50.27504],[4.19061,50.27458],[4.19361,50.27332],[4.19719,50.27343],[4.201,50.27482],[4.20418,50.27414],[4.20598,50.27741],[4.21314,50.27862],[4.2126,50.2805],[4.21698,50.28002],[4.21999,50.2812],[4.211,50.28606],[4.20887,50.28772],[4.21026,50.28959],[4.20359,50.29391],[4.20589,50.29685],[4.20243,50.29792],[4.19949,50.30054],[4.19809,50.30499],[4.1994,50.30733],[4.19865,50.31083],[4.19683,50.31135],[4.18577,50.30977],[4.17979,50.31222],[4.17899,50.31348],[4.17197,50.31705],[4.16903,50.31725],[4.16983,50.31883],[4.1638,50.31924],[4.16417,50.32195],[4.16048,50.32282],[4.15582,50.32183],[4.1541,50.32032],[4.15115,50.32075],[4.1444,50.32504],[4.13998,50.32699],[4.13783,50.33008],[4.13256,50.33055]]]}},{"type":"Feature","id":"56029","bbox":[4.281995,50.082628,4.401141,50.243423],"properties":{"nis":"56029","name":"Froidchapelle","nameNl":"Froidchapelle","nameFr":"Froidchapelle","nameDe":"Froidchapelle","province":"hainaut","region":"wallonia","areaKm2":86.33},"geometry":{"type":"Polygon","coordinates":[[[4.38659,50.10689],[4.38562,50.10901],[4.38812,50.11299],[4.39205,50.11626],[4.39639,50.11793],[4.39773,50.12206],[4.40068,50.12285],[4.39801,50.12449],[4.39681,50.12732],[4.39441,50.12961],[4.38996,50.12983],[4.38812,50.13415],[4.38431,50.13585],[4.38848,50.14192],[4.38749,50.14668],[4.38473,50.15059],[4.38128,50.15324],[4.37591,50.15328],[4.37548,50.15669],[4.36623,50.15764],[4.36531,50.1571],[4.36334,50.16155],[4.36524,50.16213],[4.36369,50.16438],[4.36171,50.17066],[4.368,50.17313],[4.37654,50.17439],[4.38643,50.17947],[4.3937,50.18131],[4.39752,50.18597],[4.39533,50.1871],[4.39589,50.19299],[4.39059,50.19474],[4.39257,50.19797],[4.38925,50.20044],[4.39271,50.20421],[4.3913,50.20893],[4.39151,50.21172],[4.39871,50.21347],[4.39518,50.21738],[4.39752,50.21805],[4.39483,50.21989],[4.39445,50.22309],[4.39733,50.22361],[4.39571,50.22561],[4.39984,50.22588],[4.40051,50.22946],[4.39878,50.22938],[4.40097,50.23306],[4.39386,50.23316],[4.38886,50.2339],[4.38846,50.23729],[4.38704,50.23934],[4.37927,50.23855],[4.37571,50.24075],[4.37254,50.24031],[4.37122,50.24264],[4.36698,50.24342],[4.36053,50.23914],[4.3576,50.2358],[4.3534,50.23442],[4.34938,50.23114],[4.34612,50.2296],[4.345,50.22737],[4.34586,50.22496],[4.34466,50.22202],[4.34231,50.22074],[4.33857,50.21694],[4.33974,50.2164],[4.33844,50.21198],[4.33287,50.20981],[4.33348,50.20881],[4.3288,50.20622],[4.32448,50.20553],[4.32005,50.20589],[4.31206,50.20815],[4.29964,50.20649],[4.29067,50.20413],[4.29194,50.19659],[4.28914,50.19442],[4.2885,50.18988],[4.29716,50.18886],[4.29142,50.18132],[4.29101,50.17829],[4.30145,50.17787],[4.30314,50.17334],[4.30352,50.16934],[4.29867,50.17011],[4.29623,50.16863],[4.28907,50.1677],[4.28646,50.16593],[4.28959,50.16445],[4.28504,50.16176],[4.28472,50.15889],[4.28696,50.15791],[4.28628,50.15413],[4.28993,50.15395],[4.29366,50.15157],[4.29992,50.14998],[4.29836,50.14406],[4.29908,50.13969],[4.30082,50.13697],[4.30429,50.13454],[4.30319,50.13212],[4.30056,50.1319],[4.29992,50.1297],[4.29597,50.1284],[4.29548,50.12436],[4.2918,50.12341],[4.28905,50.12045],[4.28199,50.12045],[4.28484,50.11901],[4.29391,50.11912],[4.29791,50.12028],[4.3022,50.12005],[4.30856,50.11853],[4.31558,50.12136],[4.32493,50.12104],[4.33022,50.12009],[4.34003,50.1204],[4.34109,50.11793],[4.34187,50.10738],[4.34236,50.09152],[4.34702,50.08999],[4.34816,50.08689],[4.343,50.08555],[4.34971,50.08389],[4.36016,50.08263],[4.37718,50.0895],[4.37654,50.09902],[4.37845,50.09938],[4.37986,50.10243],[4.37916,50.1067],[4.38247,50.10756],[4.38659,50.10689]]]}},{"type":"Feature","id":"56044","bbox":[4.183193,50.318966,4.304127,50.38888],"properties":{"nis":"56044","name":"Lobbes","nameNl":"Lobbes","nameFr":"Lobbes","nameDe":"Lobbes","province":"hainaut","region":"wallonia","areaKm2":32.12},"geometry":{"type":"Polygon","coordinates":[[[4.22675,50.32006],[4.231,50.322],[4.2304,50.32676],[4.23091,50.33229],[4.23499,50.33383],[4.23762,50.33359],[4.24285,50.33857],[4.24979,50.34257],[4.24762,50.33971],[4.24937,50.33846],[4.24811,50.33673],[4.25338,50.33715],[4.25725,50.3348],[4.25839,50.33736],[4.26171,50.33874],[4.26681,50.3391],[4.27192,50.34142],[4.27517,50.348],[4.2789,50.34748],[4.28107,50.35121],[4.28114,50.3559],[4.28553,50.3648],[4.28878,50.37356],[4.29046,50.37662],[4.29337,50.37308],[4.29201,50.37061],[4.29361,50.36797],[4.29797,50.36703],[4.29933,50.36841],[4.30413,50.36946],[4.30199,50.36999],[4.30167,50.37587],[4.29973,50.38029],[4.29393,50.38477],[4.29303,50.38888],[4.28704,50.38719],[4.27823,50.38654],[4.27535,50.38308],[4.27058,50.38257],[4.26759,50.38513],[4.2652,50.38332],[4.25445,50.38156],[4.25124,50.37991],[4.24704,50.38113],[4.24275,50.3809],[4.23862,50.3773],[4.23668,50.37871],[4.23117,50.38062],[4.22748,50.37985],[4.2252,50.3814],[4.21984,50.37584],[4.22137,50.37426],[4.22458,50.37623],[4.2265,50.37593],[4.22632,50.37333],[4.22301,50.37064],[4.22068,50.3675],[4.23217,50.36303],[4.23087,50.3623],[4.23358,50.36057],[4.23424,50.35706],[4.22922,50.35709],[4.22654,50.3597],[4.21922,50.36148],[4.2177,50.36326],[4.21413,50.36476],[4.20752,50.36101],[4.20411,50.36049],[4.20334,50.36325],[4.198,50.362],[4.19456,50.36005],[4.19621,50.35597],[4.19643,50.35241],[4.19142,50.34933],[4.18579,50.35103],[4.18319,50.34864],[4.18766,50.33927],[4.19035,50.32953],[4.19742,50.33023],[4.19868,50.32921],[4.20207,50.33006],[4.20301,50.32875],[4.20603,50.32907],[4.21061,50.32537],[4.21618,50.32699],[4.21909,50.32526],[4.21584,50.32178],[4.2168,50.32011],[4.22264,50.31901],[4.22675,50.32006]]]}},{"type":"Feature","id":"56049","bbox":[4.132564,50.281204,4.267464,50.366751],"properties":{"nis":"56049","name":"Merbes-le-Château","nameNl":"Merbes-le-Château","nameFr":"Merbes-le-Château","nameDe":"Merbes-le-Château","province":"hainaut","region":"wallonia","areaKm2":30.43},"geometry":{"type":"Polygon","coordinates":[[[4.1801,50.3625],[4.17847,50.36474],[4.17568,50.36475],[4.17237,50.36623],[4.16926,50.36612],[4.16649,50.36451],[4.16208,50.36524],[4.15931,50.36675],[4.15711,50.36491],[4.15547,50.36548],[4.15371,50.36271],[4.14979,50.36067],[4.15012,50.35835],[4.15293,50.35326],[4.15288,50.34507],[4.14712,50.34428],[4.14708,50.34246],[4.14119,50.33721],[4.13577,50.33469],[4.13512,50.3323],[4.13256,50.33055],[4.13783,50.33008],[4.13998,50.32699],[4.1444,50.32504],[4.15115,50.32075],[4.1541,50.32032],[4.15582,50.32183],[4.16048,50.32282],[4.16417,50.32195],[4.1638,50.31924],[4.16983,50.31883],[4.16903,50.31725],[4.17197,50.31705],[4.17899,50.31348],[4.17979,50.31222],[4.18577,50.30977],[4.19683,50.31135],[4.19865,50.31083],[4.1994,50.30733],[4.19809,50.30499],[4.19949,50.30054],[4.20243,50.29792],[4.20589,50.29685],[4.20359,50.29391],[4.21026,50.28959],[4.20887,50.28772],[4.211,50.28606],[4.21999,50.2812],[4.2258,50.28286],[4.25392,50.28198],[4.26145,50.28426],[4.26305,50.28847],[4.26747,50.29201],[4.26343,50.29355],[4.25776,50.29442],[4.25517,50.29748],[4.25198,50.2936],[4.24903,50.29279],[4.2494,50.289],[4.24717,50.28918],[4.24776,50.29128],[4.24602,50.29195],[4.24541,50.29594],[4.24323,50.29904],[4.23801,50.30123],[4.23712,50.30478],[4.24093,50.30565],[4.2384,50.30784],[4.23818,50.30963],[4.24237,50.31081],[4.24043,50.31376],[4.23725,50.31483],[4.23026,50.31572],[4.22992,50.31801],[4.22675,50.31802],[4.22675,50.32006],[4.22264,50.31901],[4.2168,50.32011],[4.21584,50.32178],[4.21909,50.32526],[4.21618,50.32699],[4.21061,50.32537],[4.20603,50.32907],[4.20301,50.32875],[4.20207,50.33006],[4.19868,50.32921],[4.19742,50.33023],[4.19035,50.32953],[4.18766,50.33927],[4.18319,50.34864],[4.18579,50.35103],[4.18677,50.3534],[4.18193,50.3562],[4.18429,50.35777],[4.18122,50.35873],[4.18261,50.36032],[4.1801,50.3625]]]}},{"type":"Feature","id":"56051","bbox":[4.135266,49.954604,4.314552,50.062709],"properties":{"nis":"56051","name":"Momignies","nameNl":"Momignies","nameFr":"Momignies","nameDe":"Momignies","province":"hainaut","region":"wallonia","areaKm2":85.81},"geometry":{"type":"Polygon","coordinates":[[[4.22192,50.06271],[4.21838,50.0609],[4.20752,50.05797],[4.1988,50.05658],[4.1946,50.05153],[4.19422,50.04943],[4.19004,50.05039],[4.18601,50.04934],[4.18429,50.04779],[4.174,50.04547],[4.17321,50.04666],[4.16599,50.04799],[4.16353,50.04918],[4.16104,50.04839],[4.15908,50.04511],[4.15216,50.03898],[4.15223,50.0368],[4.14861,50.03229],[4.14418,50.03071],[4.14435,50.02892],[4.13606,50.02077],[4.13527,50.01514],[4.13712,50.01426],[4.13948,50.00935],[4.14487,50.00849],[4.14201,50.00661],[4.1476,50.00585],[4.14518,50.00388],[4.15487,49.99986],[4.15888,50.00205],[4.16186,50.00056],[4.1631,49.99499],[4.15954,49.99248],[4.15734,49.98788],[4.15446,49.98474],[4.14764,49.9837],[4.14465,49.97988],[4.14054,49.979],[4.146,49.97571],[4.15011,49.97697],[4.15197,49.97475],[4.15511,49.97551],[4.16151,49.97559],[4.16663,49.97717],[4.17493,49.97608],[4.17782,49.97207],[4.1849,49.9713],[4.19082,49.9696],[4.19327,49.96807],[4.19745,49.96745],[4.19845,49.96583],[4.19615,49.96348],[4.19622,49.95915],[4.1951,49.95617],[4.1975,49.9546],[4.19828,49.95601],[4.20569,49.95769],[4.21115,49.95795],[4.21665,49.95714],[4.22484,49.95937],[4.22825,49.95774],[4.23368,49.95751],[4.23965,49.95917],[4.24125,49.96132],[4.24824,49.96205],[4.25468,49.96359],[4.26173,49.9638],[4.2689,49.96547],[4.27602,49.96417],[4.27966,49.96499],[4.28109,49.9641],[4.28562,49.96475],[4.28957,49.96369],[4.29691,49.96473],[4.30589,49.96829],[4.30434,49.97232],[4.30458,49.97438],[4.30889,49.97984],[4.30876,49.98344],[4.31019,49.98849],[4.31455,49.99355],[4.31444,49.99562],[4.3061,49.99471],[4.30163,49.99333],[4.29512,49.99423],[4.28977,49.99427],[4.2839,50.01128],[4.27295,50.01663],[4.27075,50.01508],[4.26811,50.01571],[4.25891,50.01561],[4.25948,50.01827],[4.25793,50.02233],[4.25293,50.02317],[4.24988,50.02453],[4.24692,50.02235],[4.2421,50.02019],[4.23949,50.01772],[4.2327,50.01595],[4.23339,50.0172],[4.23788,50.01834],[4.23508,50.02617],[4.23183,50.02624],[4.2297,50.03102],[4.23238,50.03486],[4.23617,50.03723],[4.24073,50.04136],[4.23727,50.04154],[4.23488,50.04716],[4.22928,50.04651],[4.2264,50.05272],[4.22572,50.05626],[4.22192,50.06271]]]}},{"type":"Feature","id":"56078","bbox":[4.226751,50.267302,4.394427,50.376618],"properties":{"nis":"56078","name":"Thuin","nameNl":"Thuin","nameFr":"Thuin","nameDe":"Thuin","province":"hainaut","region":"wallonia","areaKm2":76.41},"geometry":{"type":"Polygon","coordinates":[[[4.33631,50.3739],[4.33851,50.37051],[4.33727,50.3673],[4.33404,50.36627],[4.32908,50.37161],[4.32763,50.374],[4.32427,50.37399],[4.31592,50.37051],[4.30817,50.37179],[4.30413,50.36946],[4.29933,50.36841],[4.29797,50.36703],[4.29361,50.36797],[4.29201,50.37061],[4.29337,50.37308],[4.29046,50.37662],[4.28878,50.37356],[4.28553,50.3648],[4.28114,50.3559],[4.28107,50.35121],[4.2789,50.34748],[4.27517,50.348],[4.27192,50.34142],[4.26681,50.3391],[4.26171,50.33874],[4.25839,50.33736],[4.25725,50.3348],[4.25338,50.33715],[4.24811,50.33673],[4.24937,50.33846],[4.24762,50.33971],[4.24979,50.34257],[4.24285,50.33857],[4.23762,50.33359],[4.23499,50.33383],[4.23091,50.33229],[4.2304,50.32676],[4.231,50.322],[4.22675,50.32006],[4.22675,50.31802],[4.22992,50.31801],[4.23026,50.31572],[4.23725,50.31483],[4.24043,50.31376],[4.24237,50.31081],[4.23818,50.30963],[4.2384,50.30784],[4.24093,50.30565],[4.23712,50.30478],[4.23801,50.30123],[4.24323,50.29904],[4.24541,50.29594],[4.24602,50.29195],[4.24776,50.29128],[4.24717,50.28918],[4.2494,50.289],[4.24903,50.29279],[4.25198,50.2936],[4.25517,50.29748],[4.25776,50.29442],[4.26343,50.29355],[4.26747,50.29201],[4.27193,50.29492],[4.27589,50.29442],[4.27679,50.29303],[4.28128,50.29276],[4.28533,50.29136],[4.29055,50.29109],[4.30488,50.28491],[4.2998,50.28315],[4.29915,50.28035],[4.31274,50.2798],[4.31124,50.2777],[4.31309,50.27694],[4.31022,50.27244],[4.30818,50.27065],[4.30875,50.2673],[4.30954,50.27001],[4.31475,50.26732],[4.31705,50.269],[4.31986,50.26913],[4.31616,50.27185],[4.31815,50.27163],[4.32127,50.27354],[4.32713,50.27263],[4.32612,50.27451],[4.32824,50.27757],[4.3305,50.27761],[4.33306,50.27569],[4.33603,50.27725],[4.33882,50.27676],[4.34144,50.27874],[4.3511,50.27834],[4.35414,50.27749],[4.3539,50.27585],[4.35806,50.27498],[4.35988,50.27695],[4.35824,50.27743],[4.36074,50.27922],[4.3621,50.28319],[4.36355,50.28258],[4.36825,50.28435],[4.36925,50.28738],[4.36787,50.2888],[4.36937,50.29186],[4.36806,50.29254],[4.36902,50.29511],[4.36763,50.29663],[4.36469,50.29627],[4.36411,50.29918],[4.35685,50.29728],[4.35468,50.30205],[4.35322,50.30723],[4.34875,50.30628],[4.34949,50.30741],[4.34637,50.31126],[4.35468,50.31676],[4.35307,50.31813],[4.35551,50.32012],[4.36178,50.32131],[4.3558,50.32583],[4.36169,50.3271],[4.36534,50.33254],[4.3686,50.33176],[4.37114,50.33263],[4.36915,50.3357],[4.36898,50.33847],[4.37343,50.3444],[4.37828,50.34993],[4.3823,50.34407],[4.39443,50.35538],[4.39059,50.35513],[4.37833,50.35665],[4.37178,50.357],[4.36515,50.35909],[4.36079,50.36203],[4.35806,50.36568],[4.35521,50.368],[4.35052,50.36785],[4.34781,50.37534],[4.34164,50.37555],[4.33631,50.3739]]]}},{"type":"Feature","id":"56086","bbox":[4.346375,50.289585,4.476824,50.361984],"properties":{"nis":"56086","name":"Ham-sur-Heure-Nalinnes","nameNl":"Ham-sur-Heure-Nalinnes","nameFr":"Ham-sur-Heure-Nalinnes","nameDe":"Ham-sur-Heure-Nalinnes","province":"hainaut","region":"wallonia","areaKm2":45.61},"geometry":{"type":"Polygon","coordinates":[[[4.36937,50.29186],[4.37216,50.29195],[4.37711,50.28958],[4.37814,50.2911],[4.38665,50.28997],[4.39416,50.29356],[4.39901,50.29694],[4.39743,50.29751],[4.40453,50.30459],[4.40114,50.3076],[4.40235,50.31115],[4.41188,50.30805],[4.41958,50.30715],[4.4195,50.30554],[4.42459,50.30648],[4.42607,50.308],[4.42995,50.30827],[4.43193,50.31043],[4.43492,50.30787],[4.43786,50.30749],[4.44457,50.30805],[4.45192,50.30625],[4.45382,50.30486],[4.45665,50.3049],[4.46004,50.30836],[4.46317,50.30819],[4.46618,50.31018],[4.46329,50.31366],[4.47098,50.3186],[4.47162,50.32341],[4.47296,50.32633],[4.47495,50.3275],[4.476,50.32922],[4.47557,50.33372],[4.47682,50.33682],[4.4732,50.34325],[4.47084,50.34434],[4.46985,50.34755],[4.46507,50.34925],[4.46194,50.35911],[4.45894,50.36198],[4.45409,50.36146],[4.45167,50.35901],[4.44331,50.35384],[4.43949,50.35297],[4.43375,50.35274],[4.43247,50.36039],[4.42982,50.35884],[4.42843,50.36075],[4.42141,50.35925],[4.41618,50.35912],[4.4097,50.35734],[4.40584,50.35978],[4.40374,50.35982],[4.40008,50.35694],[4.39443,50.35538],[4.3823,50.34407],[4.37828,50.34993],[4.37343,50.3444],[4.36898,50.33847],[4.36915,50.3357],[4.37114,50.33263],[4.3686,50.33176],[4.36534,50.33254],[4.36169,50.3271],[4.3558,50.32583],[4.36178,50.32131],[4.35551,50.32012],[4.35307,50.31813],[4.35468,50.31676],[4.34637,50.31126],[4.34949,50.30741],[4.34875,50.30628],[4.35322,50.30723],[4.35468,50.30205],[4.35685,50.29728],[4.36411,50.29918],[4.36469,50.29627],[4.36763,50.29663],[4.36902,50.29511],[4.36806,50.29254],[4.36937,50.29186]]]}},{"type":"Feature","id":"56088","bbox":[4.127122,50.120447,4.304289,50.215597],"properties":{"nis":"56088","name":"Sivry-Rance","nameNl":"Sivry-Rance","nameFr":"Sivry-Rance","nameDe":"Sivry-Rance","province":"hainaut","region":"wallonia","areaKm2":73.21},"geometry":{"type":"Polygon","coordinates":[[[4.1655,50.21467],[4.15559,50.21392],[4.15355,50.21256],[4.15042,50.21357],[4.15338,50.20712],[4.15595,50.20375],[4.16046,50.20234],[4.16032,50.19358],[4.15941,50.19216],[4.15675,50.19297],[4.15612,50.18338],[4.15104,50.17954],[4.14809,50.17336],[4.15578,50.17207],[4.15508,50.17028],[4.15527,50.163],[4.15372,50.16087],[4.14986,50.15819],[4.14523,50.15719],[4.13722,50.15141],[4.13665,50.14782],[4.13513,50.14564],[4.13564,50.14271],[4.13085,50.14072],[4.12714,50.1355],[4.13056,50.13397],[4.13185,50.13218],[4.13758,50.13043],[4.14534,50.12886],[4.15215,50.1289],[4.15439,50.12785],[4.15697,50.13528],[4.16581,50.13457],[4.17481,50.13319],[4.1816,50.13317],[4.19682,50.1352],[4.20087,50.13296],[4.19759,50.12881],[4.19829,50.12666],[4.20206,50.12362],[4.21482,50.12396],[4.22049,50.1228],[4.22607,50.12352],[4.2291,50.12509],[4.23114,50.1287],[4.23487,50.12994],[4.23807,50.12625],[4.24398,50.12622],[4.24603,50.12741],[4.25042,50.12745],[4.25613,50.12862],[4.26006,50.12719],[4.26252,50.12819],[4.26401,50.12585],[4.27121,50.12167],[4.27438,50.12108],[4.2779,50.12245],[4.28199,50.12045],[4.28905,50.12045],[4.2918,50.12341],[4.29548,50.12436],[4.29597,50.1284],[4.29992,50.1297],[4.30056,50.1319],[4.30319,50.13212],[4.30429,50.13454],[4.30082,50.13697],[4.29908,50.13969],[4.29836,50.14406],[4.29992,50.14998],[4.29366,50.15157],[4.28993,50.15395],[4.28628,50.15413],[4.28696,50.15791],[4.28472,50.15889],[4.2796,50.16035],[4.2798,50.16236],[4.27455,50.16419],[4.2729,50.16584],[4.26718,50.1681],[4.25938,50.16805],[4.25141,50.17396],[4.24474,50.17537],[4.23966,50.1787],[4.23308,50.17934],[4.23294,50.18182],[4.2356,50.18724],[4.23857,50.18827],[4.22932,50.18817],[4.22047,50.18458],[4.21852,50.18684],[4.21442,50.18584],[4.21404,50.19503],[4.20304,50.19808],[4.20807,50.19974],[4.21031,50.20415],[4.21039,50.2072],[4.212,50.20875],[4.20295,50.20877],[4.19771,50.21037],[4.18618,50.21294],[4.18408,50.21416],[4.17213,50.2156],[4.1655,50.21467]]]}},{"type":"Feature","id":"57003","bbox":[3.407922,50.527653,3.528683,50.587606],"properties":{"nis":"57003","name":"Antoing","nameNl":"Antoing","nameFr":"Antoing","nameDe":"Antoing","province":"hainaut","region":"wallonia","areaKm2":31.23},"geometry":{"type":"Polygon","coordinates":[[[3.52017,50.5603],[3.51598,50.56244],[3.5127,50.56031],[3.50444,50.56025],[3.49884,50.5608],[3.48989,50.55898],[3.49082,50.56326],[3.49368,50.56403],[3.4908,50.56485],[3.487,50.56373],[3.48352,50.5663],[3.485,50.56738],[3.4823,50.57012],[3.48444,50.57502],[3.48176,50.57689],[3.47403,50.57786],[3.47545,50.58101],[3.46871,50.5825],[3.46485,50.58454],[3.46158,50.58761],[3.45585,50.58454],[3.44855,50.58318],[3.44453,50.58125],[3.44126,50.58074],[3.44058,50.58204],[3.43465,50.58415],[3.43055,50.58639],[3.42166,50.57846],[3.42343,50.57825],[3.42058,50.57467],[3.42367,50.57089],[3.42073,50.56905],[3.41768,50.57055],[3.41008,50.56786],[3.40833,50.56663],[3.40818,50.56352],[3.41144,50.56435],[3.41633,50.55959],[3.41779,50.55618],[3.42596,50.54866],[3.4378,50.54683],[3.43836,50.54498],[3.43659,50.54357],[3.43865,50.54177],[3.43678,50.54078],[3.4366,50.53835],[3.43868,50.53796],[3.43979,50.53417],[3.44409,50.53221],[3.44844,50.53446],[3.45133,50.53477],[3.44738,50.53723],[3.44989,50.5383],[3.4494,50.53979],[3.45431,50.5397],[3.4577,50.53393],[3.46043,50.5309],[3.46969,50.53202],[3.47439,50.53368],[3.48198,50.53052],[3.48374,50.53081],[3.49116,50.52765],[3.49337,50.52895],[3.49922,50.53005],[3.50605,50.53196],[3.51195,50.53493],[3.51539,50.53567],[3.51291,50.5375],[3.51884,50.54134],[3.5202,50.54062],[3.52428,50.54323],[3.52443,50.54506],[3.52868,50.54688],[3.52391,50.54977],[3.51658,50.55146],[3.51697,50.55489],[3.51234,50.55627],[3.52017,50.5603]]]}},{"type":"Feature","id":"57018","bbox":[3.365454,50.651976,3.533306,50.758778],"properties":{"nis":"57018","name":"Celles","nameNl":"Celles","nameFr":"Celles","nameDe":"Celles","province":"hainaut","region":"wallonia","areaKm2":67.23},"geometry":{"type":"Polygon","coordinates":[[[3.40308,50.74162],[3.40396,50.73904],[3.39912,50.73629],[3.39859,50.73188],[3.39327,50.73187],[3.39523,50.72991],[3.38745,50.72845],[3.37386,50.72778],[3.36894,50.72586],[3.36848,50.72362],[3.36546,50.72144],[3.37794,50.71735],[3.37539,50.71535],[3.38552,50.70974],[3.38827,50.70866],[3.38734,50.70707],[3.39213,50.70632],[3.39526,50.70389],[3.39403,50.70273],[3.39912,50.70077],[3.39408,50.69756],[3.39069,50.69815],[3.38661,50.69445],[3.38738,50.68926],[3.38692,50.68193],[3.38391,50.67883],[3.38425,50.67557],[3.39378,50.6758],[3.39909,50.67773],[3.40832,50.68406],[3.4189,50.68878],[3.4221,50.68775],[3.42465,50.68568],[3.43075,50.68405],[3.43559,50.68208],[3.43376,50.67881],[3.43434,50.67619],[3.43788,50.67575],[3.44474,50.67375],[3.44705,50.67131],[3.45337,50.66996],[3.45667,50.66747],[3.46241,50.66627],[3.46034,50.66163],[3.46856,50.65936],[3.47004,50.658],[3.47691,50.65529],[3.48125,50.6572],[3.48539,50.65372],[3.49333,50.65653],[3.49715,50.6555],[3.50252,50.65198],[3.50949,50.65482],[3.51888,50.65751],[3.52593,50.65884],[3.52927,50.66053],[3.5325,50.66164],[3.52977,50.6642],[3.53331,50.66556],[3.53051,50.66938],[3.52223,50.67248],[3.52063,50.67678],[3.51764,50.67676],[3.51771,50.67864],[3.51536,50.68012],[3.51719,50.68135],[3.51114,50.68681],[3.50834,50.69135],[3.50677,50.69085],[3.50404,50.69396],[3.49599,50.69834],[3.49176,50.69779],[3.49094,50.70054],[3.48719,50.7026],[3.48755,50.70358],[3.48581,50.70491],[3.48319,50.71151],[3.47766,50.71521],[3.47557,50.71457],[3.47107,50.71672],[3.46837,50.71575],[3.46427,50.72012],[3.46745,50.7229],[3.47988,50.72806],[3.48545,50.73269],[3.48551,50.73537],[3.48881,50.73873],[3.48471,50.73958],[3.48038,50.73936],[3.47351,50.74241],[3.47232,50.74433],[3.46863,50.7452],[3.46856,50.74712],[3.464,50.75162],[3.46051,50.75373],[3.45816,50.75304],[3.45344,50.75813],[3.44385,50.75702],[3.44274,50.75856],[3.43864,50.75862],[3.43575,50.75622],[3.43921,50.75537],[3.43691,50.75433],[3.43141,50.75653],[3.43118,50.75445],[3.43498,50.75013],[3.43348,50.74865],[3.43043,50.74918],[3.42631,50.74771],[3.42659,50.74674],[3.41776,50.74601],[3.40959,50.747],[3.405,50.74606],[3.40326,50.74458],[3.40308,50.74162]]]}},{"type":"Feature","id":"57027","bbox":[3.24007,50.652642,3.33989,50.7224],"properties":{"nis":"57027","name":"Estaimpuis","nameNl":"Steenput","nameFr":"Estaimpuis","nameDe":"Estaimpuis","province":"hainaut","region":"wallonia","areaKm2":31.92},"geometry":{"type":"Polygon","coordinates":[[[3.33632,50.65862],[3.33586,50.66576],[3.33705,50.66573],[3.33989,50.67107],[3.33379,50.67088],[3.33269,50.67419],[3.32849,50.67285],[3.32485,50.67382],[3.32197,50.67735],[3.31962,50.68475],[3.31684,50.6871],[3.3143,50.68522],[3.31201,50.68794],[3.30307,50.68982],[3.3065,50.69246],[3.30625,50.69419],[3.31571,50.69834],[3.31786,50.7009],[3.32083,50.70085],[3.3218,50.70308],[3.32637,50.70527],[3.32731,50.70952],[3.32612,50.7102],[3.32931,50.71246],[3.32557,50.71809],[3.32659,50.72076],[3.32394,50.7224],[3.31983,50.72047],[3.3161,50.72132],[3.31106,50.71854],[3.30892,50.71949],[3.30263,50.71767],[3.30602,50.71476],[3.30373,50.71441],[3.30191,50.71636],[3.30026,50.7153],[3.2974,50.71753],[3.29422,50.71859],[3.29098,50.72101],[3.28905,50.72092],[3.28543,50.71741],[3.2807,50.71651],[3.27681,50.71855],[3.26806,50.71683],[3.25351,50.7147],[3.24515,50.71303],[3.24945,50.7097],[3.25217,50.70661],[3.25079,50.70537],[3.25444,50.7035],[3.2604,50.70221],[3.26104,50.70131],[3.25851,50.69608],[3.26147,50.69143],[3.25371,50.69114],[3.25279,50.68975],[3.25518,50.68652],[3.25859,50.68527],[3.25757,50.68356],[3.26103,50.67901],[3.26523,50.67704],[3.25491,50.67405],[3.25281,50.67426],[3.2477,50.67112],[3.24121,50.66884],[3.24271,50.66579],[3.24236,50.66236],[3.24007,50.65863],[3.24639,50.65264],[3.24958,50.65488],[3.25196,50.65501],[3.25631,50.65792],[3.26947,50.65797],[3.27392,50.65942],[3.27668,50.66242],[3.28587,50.66382],[3.29536,50.66855],[3.29858,50.66471],[3.30333,50.66409],[3.30557,50.66107],[3.31074,50.66355],[3.31557,50.66231],[3.31896,50.66045],[3.31896,50.65781],[3.32277,50.65841],[3.32363,50.65692],[3.32915,50.65759],[3.32984,50.65629],[3.33583,50.65626],[3.33632,50.65862]]]}},{"type":"Feature","id":"57062","bbox":[3.303072,50.647402,3.399244,50.722751],"properties":{"nis":"57062","name":"Pecq","nameNl":"Pecq","nameFr":"Pecq","nameDe":"Pecq","province":"hainaut","region":"wallonia","areaKm2":33.07},"geometry":{"type":"Polygon","coordinates":[[[3.39909,50.67773],[3.39378,50.6758],[3.38425,50.67557],[3.38391,50.67883],[3.38692,50.68193],[3.38738,50.68926],[3.38661,50.69445],[3.39069,50.69815],[3.39408,50.69756],[3.39912,50.70077],[3.39403,50.70273],[3.39526,50.70389],[3.39213,50.70632],[3.38734,50.70707],[3.38827,50.70866],[3.38552,50.70974],[3.37539,50.71535],[3.37794,50.71735],[3.36546,50.72144],[3.36363,50.71917],[3.36602,50.71847],[3.36072,50.7134],[3.3606,50.70957],[3.34911,50.71374],[3.34878,50.7157],[3.34304,50.71605],[3.34184,50.71752],[3.33627,50.717],[3.32757,50.72241],[3.32394,50.7224],[3.32659,50.72076],[3.32557,50.71809],[3.32931,50.71246],[3.32612,50.7102],[3.32731,50.70952],[3.32637,50.70527],[3.3218,50.70308],[3.32083,50.70085],[3.31786,50.7009],[3.31571,50.69834],[3.30625,50.69419],[3.3065,50.69246],[3.30307,50.68982],[3.31201,50.68794],[3.3143,50.68522],[3.31684,50.6871],[3.31962,50.68475],[3.32197,50.67735],[3.32485,50.67382],[3.32849,50.67285],[3.33269,50.67419],[3.33379,50.67088],[3.33989,50.67107],[3.33705,50.66573],[3.33586,50.66576],[3.33632,50.65862],[3.33975,50.65944],[3.33941,50.65704],[3.34274,50.65196],[3.34536,50.65111],[3.35535,50.65514],[3.35597,50.65434],[3.35261,50.65081],[3.34889,50.65099],[3.34746,50.64748],[3.36201,50.64775],[3.36546,50.64914],[3.37697,50.65192],[3.38301,50.65582],[3.38668,50.65751],[3.39352,50.65698],[3.39513,50.6605],[3.39483,50.66461],[3.39377,50.66466],[3.39694,50.67032],[3.3959,50.67048],[3.39924,50.67417],[3.39909,50.67773]]]}},{"type":"Feature","id":"57064","bbox":[3.496252,50.486721,3.629269,50.579945],"properties":{"nis":"57064","name":"Péruwelz","nameNl":"Péruwelz","nameFr":"Péruwelz","nameDe":"Péruwelz","province":"hainaut","region":"wallonia","areaKm2":60.86},"geometry":{"type":"Polygon","coordinates":[[[3.61522,50.4901],[3.62439,50.49217],[3.62563,50.49596],[3.62302,50.49784],[3.62927,50.5007],[3.62287,50.50287],[3.62002,50.50547],[3.62394,50.5071],[3.62365,50.51173],[3.62239,50.51271],[3.62525,50.51504],[3.62888,50.51523],[3.6261,50.51913],[3.62205,50.51616],[3.61635,50.51655],[3.61945,50.51888],[3.61667,50.51979],[3.61816,50.52085],[3.60852,50.52102],[3.61064,50.52519],[3.61556,50.52629],[3.61932,50.52866],[3.62143,50.53181],[3.61944,50.53262],[3.61342,50.53962],[3.61291,50.54723],[3.61565,50.55165],[3.61449,50.55943],[3.61684,50.56135],[3.61116,50.56004],[3.61031,50.55874],[3.60686,50.55881],[3.60478,50.55652],[3.60115,50.55826],[3.59976,50.55735],[3.59732,50.55923],[3.59257,50.55837],[3.58653,50.561],[3.59188,50.56396],[3.58901,50.56659],[3.5842,50.56655],[3.58419,50.5684],[3.57878,50.57155],[3.58071,50.57357],[3.57557,50.57616],[3.57085,50.57746],[3.56777,50.5759],[3.56932,50.57269],[3.5617,50.56953],[3.55805,50.56893],[3.54824,50.57254],[3.5488,50.57519],[3.55113,50.5773],[3.54918,50.57862],[3.54643,50.57994],[3.5437,50.57937],[3.54275,50.57681],[3.53661,50.57622],[3.53204,50.57041],[3.53182,50.56846],[3.52959,50.56867],[3.52683,50.5651],[3.5247,50.56554],[3.52306,50.56227],[3.52017,50.5603],[3.51234,50.55627],[3.51697,50.55489],[3.51658,50.55146],[3.52391,50.54977],[3.52868,50.54688],[3.52443,50.54506],[3.52428,50.54323],[3.5202,50.54062],[3.51884,50.54134],[3.51291,50.5375],[3.51539,50.53567],[3.51195,50.53493],[3.50605,50.53196],[3.49922,50.53005],[3.50389,50.52971],[3.50486,50.5282],[3.50831,50.52811],[3.51163,50.52573],[3.51833,50.52466],[3.51992,50.52362],[3.5177,50.52167],[3.51826,50.52011],[3.51547,50.51527],[3.5162,50.5129],[3.50942,50.50851],[3.50478,50.50738],[3.49625,50.49885],[3.49945,50.49463],[3.49757,50.49304],[3.49937,50.48808],[3.50068,50.48672],[3.51076,50.49093],[3.51514,50.49113],[3.5199,50.49447],[3.52342,50.49546],[3.52901,50.49505],[3.53218,50.496],[3.53888,50.49434],[3.54684,50.49765],[3.56351,50.49815],[3.56836,50.50089],[3.57381,50.49873],[3.57183,50.4977],[3.57916,50.49455],[3.57875,50.49294],[3.58083,50.4913],[3.58574,50.49054],[3.59633,50.49211],[3.60752,50.49722],[3.61522,50.4901]]]}},{"type":"Feature","id":"57072","bbox":[3.278209,50.512514,3.364865,50.572589],"properties":{"nis":"57072","name":"Rumes","nameNl":"Rumes","nameFr":"Rumes","nameDe":"Rumes","province":"hainaut","region":"wallonia","areaKm2":23.94},"geometry":{"type":"Polygon","coordinates":[[[3.28087,50.55599],[3.28252,50.55203],[3.27821,50.55169],[3.28066,50.54441],[3.27876,50.5389],[3.28453,50.53518],[3.28519,50.5323],[3.28689,50.53183],[3.28634,50.52793],[3.2886,50.52578],[3.29046,50.52595],[3.29453,50.52396],[3.30447,50.52039],[3.31168,50.51933],[3.32066,50.51874],[3.32061,50.51703],[3.32813,50.51251],[3.32909,50.51454],[3.32777,50.51916],[3.32126,50.52392],[3.32449,50.52677],[3.34232,50.5212],[3.34983,50.53108],[3.34595,50.53046],[3.34669,50.5336],[3.35202,50.53774],[3.35237,50.5415],[3.35437,50.5415],[3.3562,50.54545],[3.35423,50.54649],[3.35839,50.54896],[3.35662,50.55117],[3.36008,50.55269],[3.36111,50.5554],[3.3627,50.55723],[3.36282,50.56056],[3.36486,50.56334],[3.36126,50.56415],[3.36199,50.56575],[3.35909,50.56674],[3.35778,50.56393],[3.35191,50.56351],[3.35073,50.56472],[3.34707,50.56229],[3.34496,50.56397],[3.34093,50.56369],[3.34489,50.56587],[3.34359,50.56649],[3.33844,50.56384],[3.33642,50.56469],[3.33337,50.5631],[3.33147,50.56565],[3.32825,50.56592],[3.32594,50.56428],[3.32303,50.56908],[3.32579,50.56948],[3.32603,50.57194],[3.32205,50.57149],[3.32137,50.57259],[3.31206,50.57069],[3.31172,50.56714],[3.31008,50.56727],[3.30751,50.56376],[3.30411,50.56441],[3.29736,50.56349],[3.29723,50.56147],[3.29485,50.55716],[3.28884,50.55481],[3.28495,50.55822],[3.28087,50.55599]]]}},{"type":"Feature","id":"57081","bbox":[3.244022,50.552472,3.576885,50.688779],"properties":{"nis":"57081","name":"Tournai","nameNl":"Doornik","nameFr":"Tournai","nameDe":"Tournai","province":"hainaut","region":"wallonia","areaKm2":214.64},"geometry":{"type":"Polygon","coordinates":[[[3.24639,50.65264],[3.24524,50.65145],[3.24891,50.64976],[3.24942,50.64713],[3.24402,50.64069],[3.25205,50.63584],[3.2527,50.63285],[3.2561,50.63143],[3.25565,50.63032],[3.25917,50.62968],[3.25815,50.62605],[3.25663,50.62576],[3.25528,50.62272],[3.25889,50.62153],[3.25782,50.62054],[3.26361,50.6179],[3.26311,50.61674],[3.27005,50.61185],[3.27103,50.60621],[3.27464,50.60475],[3.27374,50.60066],[3.27612,50.6004],[3.27451,50.59689],[3.27956,50.59591],[3.27683,50.59145],[3.27571,50.58163],[3.27911,50.58023],[3.28177,50.57757],[3.28146,50.57289],[3.2785,50.57285],[3.2777,50.57034],[3.27768,50.56429],[3.28518,50.56165],[3.27589,50.55853],[3.27884,50.55548],[3.28087,50.55599],[3.28495,50.55822],[3.28884,50.55481],[3.29485,50.55716],[3.29723,50.56147],[3.29736,50.56349],[3.30411,50.56441],[3.30751,50.56376],[3.31008,50.56727],[3.31172,50.56714],[3.31206,50.57069],[3.32137,50.57259],[3.32205,50.57149],[3.32603,50.57194],[3.32579,50.56948],[3.32303,50.56908],[3.32594,50.56428],[3.32825,50.56592],[3.33147,50.56565],[3.33337,50.5631],[3.33642,50.56469],[3.33844,50.56384],[3.34359,50.56649],[3.34489,50.56587],[3.34093,50.56369],[3.34496,50.56397],[3.34707,50.56229],[3.35073,50.56472],[3.35191,50.56351],[3.35778,50.56393],[3.35909,50.56674],[3.36199,50.56575],[3.36126,50.56415],[3.36486,50.56334],[3.36282,50.56056],[3.3627,50.55723],[3.36111,50.5554],[3.36545,50.55526],[3.36704,50.55337],[3.37058,50.55247],[3.37413,50.55447],[3.37209,50.55664],[3.37857,50.55872],[3.38347,50.55623],[3.3867,50.5581],[3.38793,50.56072],[3.38564,50.56222],[3.38696,50.56355],[3.39156,50.56204],[3.39289,50.56589],[3.39735,50.56461],[3.39874,50.56745],[3.4045,50.56744],[3.40574,50.56305],[3.40818,50.56352],[3.40833,50.56663],[3.41008,50.56786],[3.41768,50.57055],[3.42073,50.56905],[3.42367,50.57089],[3.42058,50.57467],[3.42343,50.57825],[3.42166,50.57846],[3.43055,50.58639],[3.43465,50.58415],[3.44058,50.58204],[3.44126,50.58074],[3.44453,50.58125],[3.44855,50.58318],[3.45585,50.58454],[3.46158,50.58761],[3.46485,50.58454],[3.46871,50.5825],[3.47545,50.58101],[3.47403,50.57786],[3.48176,50.57689],[3.48444,50.57502],[3.4823,50.57012],[3.485,50.56738],[3.48352,50.5663],[3.487,50.56373],[3.4908,50.56485],[3.49368,50.56403],[3.49082,50.56326],[3.48989,50.55898],[3.49884,50.5608],[3.50444,50.56025],[3.5127,50.56031],[3.51598,50.56244],[3.52017,50.5603],[3.52306,50.56227],[3.5247,50.56554],[3.52683,50.5651],[3.52959,50.56867],[3.53182,50.56846],[3.53204,50.57041],[3.53661,50.57622],[3.54275,50.57681],[3.5437,50.57937],[3.54643,50.57994],[3.54918,50.57862],[3.55232,50.58221],[3.55085,50.58877],[3.55733,50.59168],[3.56166,50.60158],[3.56457,50.60287],[3.56484,50.60614],[3.56911,50.60809],[3.57411,50.6093],[3.57555,50.61119],[3.57679,50.61684],[3.5732,50.62036],[3.57566,50.6231],[3.57422,50.62487],[3.56603,50.62244],[3.56096,50.62337],[3.55567,50.62563],[3.55758,50.62762],[3.56008,50.62739],[3.56037,50.62787],[3.54968,50.62998],[3.55476,50.63162],[3.55688,50.63426],[3.56534,50.63754],[3.56272,50.63948],[3.55794,50.63963],[3.55334,50.64236],[3.55475,50.64276],[3.55029,50.6484],[3.5457,50.64617],[3.54331,50.64949],[3.5316,50.65614],[3.5336,50.65769],[3.52927,50.66053],[3.52593,50.65884],[3.51888,50.65751],[3.50949,50.65482],[3.50252,50.65198],[3.49715,50.6555],[3.49333,50.65653],[3.48539,50.65372],[3.48125,50.6572],[3.47691,50.65529],[3.47004,50.658],[3.46856,50.65936],[3.46034,50.66163],[3.46241,50.66627],[3.45667,50.66747],[3.45337,50.66996],[3.44705,50.67131],[3.44474,50.67375],[3.43788,50.67575],[3.43434,50.67619],[3.43376,50.67881],[3.43559,50.68208],[3.43075,50.68405],[3.42465,50.68568],[3.4221,50.68775],[3.4189,50.68878],[3.40832,50.68406],[3.39909,50.67773],[3.39924,50.67417],[3.3959,50.67048],[3.39694,50.67032],[3.39377,50.66466],[3.39483,50.66461],[3.39513,50.6605],[3.39352,50.65698],[3.38668,50.65751],[3.38301,50.65582],[3.37697,50.65192],[3.36546,50.64914],[3.36201,50.64775],[3.34746,50.64748],[3.34889,50.65099],[3.35261,50.65081],[3.35597,50.65434],[3.35535,50.65514],[3.34536,50.65111],[3.34274,50.65196],[3.33941,50.65704],[3.33975,50.65944],[3.33632,50.65862],[3.33583,50.65626],[3.32984,50.65629],[3.32915,50.65759],[3.32363,50.65692],[3.32277,50.65841],[3.31896,50.65781],[3.31896,50.66045],[3.31557,50.66231],[3.31074,50.66355],[3.30557,50.66107],[3.30333,50.66409],[3.29858,50.66471],[3.29536,50.66855],[3.28587,50.66382],[3.27668,50.66242],[3.27392,50.65942],[3.26947,50.65797],[3.25631,50.65792],[3.25196,50.65501],[3.24958,50.65488],[3.24639,50.65264]]]}},{"type":"Feature","id":"57093","bbox":[3.321264,50.491089,3.470607,50.567455],"properties":{"nis":"57093","name":"Brunehaut","nameNl":"Brunehaut","nameFr":"Brunehaut","nameDe":"Brunehaut","province":"hainaut","region":"wallonia","areaKm2":46.39},"geometry":{"type":"Polygon","coordinates":[[[3.46969,50.53202],[3.46043,50.5309],[3.4577,50.53393],[3.45431,50.5397],[3.4494,50.53979],[3.44989,50.5383],[3.44738,50.53723],[3.45133,50.53477],[3.44844,50.53446],[3.44409,50.53221],[3.43979,50.53417],[3.43868,50.53796],[3.4366,50.53835],[3.43678,50.54078],[3.43865,50.54177],[3.43659,50.54357],[3.43836,50.54498],[3.4378,50.54683],[3.42596,50.54866],[3.41779,50.55618],[3.41633,50.55959],[3.41144,50.56435],[3.40818,50.56352],[3.40574,50.56305],[3.4045,50.56744],[3.39874,50.56745],[3.39735,50.56461],[3.39289,50.56589],[3.39156,50.56204],[3.38696,50.56355],[3.38564,50.56222],[3.38793,50.56072],[3.3867,50.5581],[3.38347,50.55623],[3.37857,50.55872],[3.37209,50.55664],[3.37413,50.55447],[3.37058,50.55247],[3.36704,50.55337],[3.36545,50.55526],[3.36111,50.5554],[3.36008,50.55269],[3.35662,50.55117],[3.35839,50.54896],[3.35423,50.54649],[3.3562,50.54545],[3.35437,50.5415],[3.35237,50.5415],[3.35202,50.53774],[3.34669,50.5336],[3.34595,50.53046],[3.34983,50.53108],[3.34232,50.5212],[3.32449,50.52677],[3.32126,50.52392],[3.32777,50.51916],[3.32909,50.51454],[3.32813,50.51251],[3.32661,50.51056],[3.32976,50.50795],[3.33421,50.50787],[3.33724,50.50885],[3.35026,50.50537],[3.35521,50.50522],[3.36186,50.50392],[3.3652,50.49988],[3.36925,50.49767],[3.37072,50.49385],[3.37697,50.49109],[3.37708,50.49214],[3.38502,50.49364],[3.38888,50.49543],[3.39207,50.49854],[3.39603,50.49611],[3.39738,50.49841],[3.40864,50.49929],[3.40871,50.50027],[3.41722,50.50302],[3.42037,50.50309],[3.42895,50.50471],[3.4355,50.50987],[3.43844,50.51065],[3.43936,50.50724],[3.44187,50.50802],[3.44315,50.50631],[3.44501,50.5073],[3.4469,50.50598],[3.45018,50.50758],[3.45203,50.5109],[3.45051,50.51171],[3.45438,50.51574],[3.45385,50.51922],[3.4641,50.5253],[3.47061,50.53085],[3.46969,50.53202]]]}},{"type":"Feature","id":"57094","bbox":[3.548237,50.54774,3.713763,50.645782],"properties":{"nis":"57094","name":"Leuze-en-Hainaut","nameNl":"Leuze-en-Hainaut","nameFr":"Leuze-en-Hainaut","nameDe":"Leuze-en-Hainaut","province":"hainaut","region":"wallonia","areaKm2":74.23},"geometry":{"type":"Polygon","coordinates":[[[3.65511,50.64557],[3.65059,50.64578],[3.64451,50.64417],[3.64539,50.6425],[3.64963,50.64226],[3.65011,50.63873],[3.65319,50.63822],[3.65551,50.63474],[3.65504,50.63199],[3.64868,50.63099],[3.64382,50.63307],[3.64061,50.63289],[3.6402,50.63524],[3.63787,50.63702],[3.63738,50.6396],[3.63395,50.6395],[3.63027,50.64147],[3.62539,50.63815],[3.62469,50.63667],[3.61025,50.63309],[3.60711,50.63367],[3.59978,50.63302],[3.59656,50.63591],[3.5946,50.63476],[3.59342,50.63616],[3.58666,50.63391],[3.58769,50.63159],[3.59168,50.63241],[3.5919,50.62957],[3.58931,50.62797],[3.58043,50.62591],[3.57951,50.62829],[3.5747,50.62753],[3.57394,50.62935],[3.5678,50.62859],[3.56699,50.63142],[3.56405,50.63118],[3.5651,50.62784],[3.56008,50.62739],[3.55758,50.62762],[3.55567,50.62563],[3.56096,50.62337],[3.56603,50.62244],[3.57422,50.62487],[3.57566,50.6231],[3.5732,50.62036],[3.57679,50.61684],[3.57555,50.61119],[3.57411,50.6093],[3.56911,50.60809],[3.56484,50.60614],[3.56457,50.60287],[3.56166,50.60158],[3.55733,50.59168],[3.55085,50.58877],[3.55232,50.58221],[3.54918,50.57862],[3.55113,50.5773],[3.5488,50.57519],[3.54824,50.57254],[3.55805,50.56893],[3.5617,50.56953],[3.56932,50.57269],[3.56777,50.5759],[3.57085,50.57746],[3.57557,50.57616],[3.58071,50.57357],[3.57878,50.57155],[3.58419,50.5684],[3.5842,50.56655],[3.58901,50.56659],[3.59188,50.56396],[3.58653,50.561],[3.59257,50.55837],[3.59732,50.55923],[3.59976,50.55735],[3.60115,50.55826],[3.60478,50.55652],[3.60686,50.55881],[3.61031,50.55874],[3.61116,50.56004],[3.61684,50.56135],[3.61963,50.56326],[3.62556,50.56114],[3.63034,50.55736],[3.63244,50.55318],[3.62923,50.54978],[3.63699,50.55187],[3.64335,50.55086],[3.65023,50.54908],[3.65237,50.54774],[3.66243,50.55279],[3.65755,50.55576],[3.66625,50.55904],[3.66207,50.5612],[3.66202,50.5632],[3.66439,50.56618],[3.67058,50.56976],[3.67157,50.57416],[3.67498,50.5756],[3.68104,50.58172],[3.68914,50.57972],[3.69557,50.58053],[3.70227,50.5803],[3.70734,50.57962],[3.70949,50.58236],[3.70805,50.58294],[3.71376,50.58963],[3.70712,50.59067],[3.7067,50.5895],[3.70126,50.59031],[3.70183,50.59112],[3.69554,50.59498],[3.6966,50.59673],[3.68996,50.59857],[3.69018,50.60199],[3.69357,50.60868],[3.69625,50.60868],[3.69745,50.61137],[3.69809,50.61622],[3.69576,50.61693],[3.69653,50.6213],[3.6882,50.62296],[3.68467,50.62206],[3.68333,50.62422],[3.67937,50.62494],[3.67761,50.6297],[3.67831,50.63401],[3.67443,50.635],[3.67098,50.63476],[3.66744,50.63855],[3.66765,50.64133],[3.66355,50.6443],[3.65511,50.64557]]]}},{"type":"Feature","id":"57095","bbox":[3.453094,50.703466,3.547788,50.771319],"properties":{"nis":"57095","name":"Mont-de-l'Enclus","nameNl":"Mont-de-l'Enclus","nameFr":"Mont-de-l'Enclus","nameDe":"Mont-de-l’Enclus","province":"hainaut","region":"wallonia","areaKm2":27.08},"geometry":{"type":"Polygon","coordinates":[[[3.54124,50.73339],[3.54048,50.73434],[3.54482,50.739],[3.54637,50.74326],[3.54582,50.74677],[3.54779,50.74719],[3.53858,50.7574],[3.53803,50.75964],[3.54067,50.7629],[3.53763,50.76454],[3.53357,50.76482],[3.52305,50.76287],[3.51984,50.76115],[3.50975,50.75893],[3.50235,50.75908],[3.49691,50.75757],[3.48874,50.75871],[3.47792,50.75941],[3.48123,50.76139],[3.47837,50.76287],[3.47517,50.76098],[3.46936,50.76283],[3.46666,50.76474],[3.45931,50.76212],[3.45908,50.76464],[3.45927,50.76618],[3.45617,50.76747],[3.45673,50.7707],[3.45402,50.77002],[3.45412,50.76483],[3.45742,50.7636],[3.45316,50.76031],[3.45344,50.75813],[3.45816,50.75304],[3.46051,50.75373],[3.464,50.75162],[3.46856,50.74712],[3.46863,50.7452],[3.47232,50.74433],[3.47351,50.74241],[3.48038,50.73936],[3.48471,50.73958],[3.48881,50.73873],[3.48551,50.73537],[3.48545,50.73269],[3.47988,50.72806],[3.46745,50.7229],[3.46427,50.72012],[3.46837,50.71575],[3.47107,50.71672],[3.47557,50.71457],[3.47766,50.71521],[3.48319,50.71151],[3.48581,50.70491],[3.48755,50.70358],[3.49099,50.70592],[3.49416,50.71015],[3.49779,50.70861],[3.50162,50.71051],[3.51027,50.71031],[3.51842,50.71296],[3.52091,50.71503],[3.52245,50.71419],[3.52934,50.71612],[3.53299,50.71923],[3.52886,50.72255],[3.53036,50.72325],[3.53434,50.72047],[3.54256,50.72275],[3.53871,50.72385],[3.53676,50.72552],[3.54485,50.73166],[3.53886,50.7315],[3.53934,50.73378],[3.54124,50.73339]]]}},{"type":"Feature","id":"57096","bbox":[3.178583,50.709909,3.329056,50.76591],"properties":{"nis":"57096","name":"Mouscron","nameNl":"Moeskroen","nameFr":"Mouscron","nameDe":"Mouscron","province":"hainaut","region":"wallonia","areaKm2":40.52},"geometry":{"type":"Polygon","coordinates":[[[3.24515,50.71303],[3.25351,50.7147],[3.26806,50.71683],[3.27681,50.71855],[3.2807,50.71651],[3.28543,50.71741],[3.28905,50.72092],[3.29098,50.72101],[3.29422,50.71859],[3.2974,50.71753],[3.30026,50.7153],[3.30191,50.71636],[3.30373,50.71441],[3.30602,50.71476],[3.30263,50.71767],[3.30892,50.71949],[3.31106,50.71854],[3.3161,50.72132],[3.31983,50.72047],[3.32394,50.7224],[3.32904,50.73103],[3.32494,50.73325],[3.32279,50.73578],[3.32339,50.73876],[3.31646,50.74443],[3.31205,50.74915],[3.30558,50.75469],[3.30108,50.75324],[3.29704,50.75292],[3.29195,50.74937],[3.2887,50.74984],[3.28897,50.75171],[3.28231,50.75193],[3.27791,50.75084],[3.26503,50.75061],[3.25868,50.75183],[3.25213,50.75441],[3.24807,50.75745],[3.2406,50.75644],[3.23995,50.75801],[3.22855,50.76382],[3.22766,50.76505],[3.22147,50.76495],[3.2199,50.7658],[3.21266,50.76179],[3.2054,50.76062],[3.19102,50.75556],[3.18522,50.7587],[3.18119,50.75532],[3.17863,50.75602],[3.18626,50.74683],[3.18558,50.74443],[3.18744,50.74074],[3.18973,50.73943],[3.19723,50.737],[3.20001,50.73456],[3.19853,50.7314],[3.19171,50.72769],[3.19151,50.72463],[3.19846,50.72051],[3.20824,50.7188],[3.21015,50.71666],[3.20848,50.71579],[3.20898,50.71323],[3.20494,50.71202],[3.20902,50.71107],[3.21069,50.71328],[3.21857,50.71216],[3.22029,50.70991],[3.22734,50.71303],[3.23079,50.7121],[3.2356,50.71304],[3.23791,50.71126],[3.24515,50.71303]]]}},{"type":"Feature","id":"57097","bbox":[2.842035,50.692354,3.029839,50.810795],"properties":{"nis":"57097","name":"Comines-Warneton","nameNl":"Komen-Waasten","nameFr":"Comines-Warneton","nameDe":"Comines-Warneton","province":"hainaut","region":"wallonia","areaKm2":61.15},"geometry":{"type":"Polygon","coordinates":[[[2.8631,50.70828],[2.867,50.70619],[2.86979,50.70318],[2.87387,50.7041],[2.87945,50.70274],[2.8853,50.70649],[2.89011,50.703],[2.89876,50.69389],[2.90571,50.69237],[2.91045,50.69391],[2.90956,50.70081],[2.90862,50.70207],[2.91105,50.70383],[2.91461,50.70399],[2.92192,50.70274],[2.92368,50.70351],[2.92634,50.70811],[2.93006,50.71114],[2.93106,50.71803],[2.92914,50.72401],[2.93183,50.72838],[2.93403,50.72951],[2.94064,50.73022],[2.94397,50.73137],[2.94462,50.73281],[2.94179,50.7367],[2.93822,50.73845],[2.9372,50.74225],[2.93861,50.7451],[2.94725,50.74871],[2.95016,50.75142],[2.95618,50.75368],[2.96229,50.75267],[2.96278,50.74986],[2.96976,50.74979],[2.9737,50.75073],[2.97802,50.75325],[2.98079,50.75662],[2.98682,50.75779],[2.99344,50.76024],[3.0125,50.76937],[3.01494,50.77141],[3.01446,50.77371],[3.0189,50.77368],[3.02162,50.77662],[3.02984,50.77901],[3.02181,50.78281],[3.01874,50.78223],[3.01541,50.78391],[3.01351,50.7835],[3.01303,50.78836],[3.01447,50.79027],[3.00858,50.79525],[3.00904,50.7981],[3.01503,50.80267],[3.01123,50.80752],[3.00612,50.8088],[3.00262,50.80838],[2.99904,50.81053],[2.98947,50.80656],[2.97908,50.80342],[2.96862,50.80245],[2.96343,50.80011],[2.95992,50.79767],[2.9529,50.79734],[2.94883,50.79493],[2.94203,50.79458],[2.93718,50.79361],[2.93745,50.7931],[2.94704,50.79101],[2.95332,50.78455],[2.95788,50.7821],[2.96034,50.77956],[2.95875,50.77568],[2.96,50.7735],[2.94929,50.7728],[2.94378,50.77175],[2.93509,50.76849],[2.9188,50.76396],[2.91855,50.76072],[2.92254,50.75721],[2.91326,50.75544],[2.90315,50.75458],[2.89723,50.75289],[2.88779,50.7536],[2.88523,50.75707],[2.88323,50.75769],[2.87822,50.76154],[2.87582,50.76117],[2.87779,50.75869],[2.87902,50.75477],[2.87051,50.75457],[2.86963,50.76003],[2.85946,50.75758],[2.85484,50.75759],[2.85158,50.7541],[2.84635,50.75323],[2.84203,50.75153],[2.84688,50.74717],[2.85268,50.74042],[2.84864,50.73949],[2.84221,50.7357],[2.84652,50.73042],[2.85018,50.72766],[2.8528,50.72444],[2.85653,50.72199],[2.86006,50.72169],[2.86443,50.71589],[2.8696,50.71295],[2.8631,50.70828]]]}},{"type":"Feature","id":"58001","bbox":[4.069941,50.433295,4.229974,50.524952],"properties":{"nis":"58001","name":"La Louvière","nameNl":"La Louvière","nameFr":"La Louvière","nameDe":"La Louvière","province":"hainaut","region":"wallonia","areaKm2":64.34},"geometry":{"type":"Polygon","coordinates":[[[4.07559,50.46528],[4.06994,50.45848],[4.07582,50.45735],[4.07896,50.45456],[4.07529,50.45325],[4.08505,50.44617],[4.08178,50.44548],[4.08328,50.4433],[4.07981,50.44185],[4.07715,50.44222],[4.07554,50.44054],[4.07758,50.43979],[4.08137,50.44082],[4.09018,50.43951],[4.09635,50.43795],[4.0998,50.43497],[4.10346,50.43627],[4.10228,50.43774],[4.10588,50.43784],[4.10688,50.43946],[4.11274,50.43762],[4.12081,50.43329],[4.12677,50.43547],[4.13482,50.43978],[4.14033,50.4392],[4.13953,50.44122],[4.1419,50.44363],[4.14446,50.44197],[4.15026,50.44426],[4.15357,50.44292],[4.15453,50.44451],[4.15622,50.44227],[4.15918,50.4431],[4.16162,50.4406],[4.1753,50.44679],[4.18049,50.44503],[4.18257,50.44064],[4.19262,50.4428],[4.19697,50.43898],[4.1986,50.44044],[4.20744,50.44228],[4.20704,50.44372],[4.21063,50.44481],[4.21026,50.44652],[4.21247,50.44754],[4.21317,50.45052],[4.21594,50.45208],[4.21553,50.45461],[4.21713,50.45521],[4.21856,50.45898],[4.21425,50.46075],[4.21776,50.4611],[4.21965,50.46247],[4.21797,50.46541],[4.21637,50.46719],[4.22202,50.47171],[4.22513,50.47205],[4.22536,50.47449],[4.22997,50.47694],[4.22309,50.47751],[4.21698,50.48211],[4.21707,50.4785],[4.21518,50.47864],[4.21191,50.48103],[4.21258,50.48455],[4.20945,50.48797],[4.20416,50.49093],[4.21053,50.4967],[4.20886,50.49838],[4.21061,50.50084],[4.2076,50.50167],[4.20529,50.50503],[4.20829,50.50887],[4.21171,50.51095],[4.20826,50.51361],[4.19926,50.51808],[4.19346,50.52196],[4.18618,50.52495],[4.1805,50.51565],[4.17789,50.51382],[4.16688,50.51737],[4.16188,50.51442],[4.1624,50.51554],[4.15621,50.51583],[4.15262,50.51728],[4.14926,50.51598],[4.15058,50.51131],[4.14738,50.51218],[4.14285,50.51014],[4.14064,50.51013],[4.13718,50.5076],[4.13482,50.50371],[4.13132,50.50057],[4.13297,50.49711],[4.11043,50.49246],[4.1098,50.48307],[4.10787,50.48007],[4.10958,50.47424],[4.10594,50.47212],[4.10211,50.46801],[4.09677,50.46621],[4.09302,50.46369],[4.09008,50.46424],[4.08803,50.46701],[4.08011,50.46293],[4.07564,50.4641],[4.07559,50.46528]]]}},{"type":"Feature","id":"58002","bbox":[4.055851,50.349326,4.252469,50.446875],"properties":{"nis":"58002","name":"Binche","nameNl":"Bing","nameFr":"Binche","nameDe":"Binche","province":"hainaut","region":"wallonia","areaKm2":61.02},"geometry":{"type":"Polygon","coordinates":[[[4.05857,50.43049],[4.0774,50.42854],[4.10854,50.42642],[4.11385,50.4247],[4.13363,50.41957],[4.12861,50.41901],[4.1313,50.41718],[4.13233,50.41483],[4.13005,50.41479],[4.1316,50.41228],[4.12897,50.41097],[4.13244,50.40817],[4.12892,50.4056],[4.12555,50.4007],[4.12839,50.39888],[4.12696,50.39707],[4.13195,50.39557],[4.13445,50.39706],[4.13552,50.39344],[4.13757,50.39283],[4.13873,50.39498],[4.14094,50.3935],[4.14307,50.39476],[4.14685,50.39229],[4.151,50.39118],[4.15163,50.39222],[4.15945,50.38916],[4.16394,50.38827],[4.16851,50.38584],[4.166,50.38535],[4.1634,50.38297],[4.16552,50.38182],[4.17341,50.38199],[4.18309,50.37885],[4.18569,50.37754],[4.1801,50.3625],[4.18261,50.36032],[4.18122,50.35873],[4.18429,50.35777],[4.18193,50.3562],[4.18677,50.3534],[4.18579,50.35103],[4.19142,50.34933],[4.19643,50.35241],[4.19621,50.35597],[4.19456,50.36005],[4.198,50.362],[4.20334,50.36325],[4.20411,50.36049],[4.20752,50.36101],[4.21413,50.36476],[4.2177,50.36326],[4.21922,50.36148],[4.22654,50.3597],[4.22922,50.35709],[4.23424,50.35706],[4.23358,50.36057],[4.23087,50.3623],[4.23217,50.36303],[4.22068,50.3675],[4.22301,50.37064],[4.22632,50.37333],[4.2265,50.37593],[4.22458,50.37623],[4.22137,50.37426],[4.21984,50.37584],[4.2252,50.3814],[4.22748,50.37985],[4.23117,50.38062],[4.23668,50.37871],[4.23862,50.3773],[4.24275,50.3809],[4.23863,50.38231],[4.2399,50.38384],[4.23784,50.38595],[4.23215,50.38845],[4.23785,50.39461],[4.24022,50.40035],[4.23799,50.4013],[4.23907,50.40281],[4.2331,50.40625],[4.22786,50.40802],[4.23538,50.40911],[4.24026,50.41073],[4.24585,50.41152],[4.2475,50.41315],[4.24852,50.41773],[4.25223,50.42174],[4.25231,50.42352],[4.24126,50.42208],[4.23295,50.42215],[4.23355,50.42466],[4.23033,50.42538],[4.2269,50.42848],[4.22339,50.43003],[4.22117,50.42971],[4.21904,50.43377],[4.21352,50.43903],[4.2025,50.43509],[4.19697,50.43898],[4.19262,50.4428],[4.18257,50.44064],[4.18049,50.44503],[4.1753,50.44679],[4.16162,50.4406],[4.15918,50.4431],[4.15622,50.44227],[4.15453,50.44451],[4.15357,50.44292],[4.15026,50.44426],[4.14446,50.44197],[4.1419,50.44363],[4.13953,50.44122],[4.14033,50.4392],[4.13482,50.43978],[4.12677,50.43547],[4.12081,50.43329],[4.11274,50.43762],[4.10688,50.43946],[4.10588,50.43784],[4.10228,50.43774],[4.10346,50.43627],[4.0998,50.43497],[4.09635,50.43795],[4.09018,50.43951],[4.08137,50.44082],[4.07758,50.43979],[4.07554,50.44054],[4.06485,50.44241],[4.06258,50.44085],[4.06075,50.44164],[4.05758,50.43967],[4.05661,50.43644],[4.05807,50.4356],[4.05585,50.43405],[4.05738,50.43266],[4.05601,50.43076],[4.05857,50.43049]]]}},{"type":"Feature","id":"58003","bbox":[4.02738,50.329785,4.185689,50.43049],"properties":{"nis":"58003","name":"Estinnes","nameNl":"Estinnes","nameFr":"Estinnes","nameDe":"Estinnes","province":"hainaut","region":"wallonia","areaKm2":73.05},"geometry":{"type":"Polygon","coordinates":[[[4.05857,50.43049],[4.05865,50.42666],[4.06104,50.42451],[4.05911,50.42121],[4.05654,50.42182],[4.05224,50.41778],[4.04849,50.41878],[4.04934,50.41417],[4.04869,50.41178],[4.05037,50.41071],[4.04745,50.40909],[4.04752,50.40732],[4.03961,50.40496],[4.04124,50.40314],[4.04091,50.40097],[4.04358,50.40061],[4.04122,50.39906],[4.04045,50.39502],[4.04495,50.39194],[4.04549,50.38873],[4.04749,50.38459],[4.0493,50.38488],[4.05363,50.38106],[4.0491,50.37944],[4.05241,50.37586],[4.05504,50.36999],[4.05196,50.36952],[4.05063,50.36684],[4.04607,50.36525],[4.05132,50.36168],[4.04604,50.35882],[4.04034,50.36138],[4.03938,50.35912],[4.04122,50.35795],[4.02892,50.3591],[4.02805,50.35837],[4.02772,50.35719],[4.03062,50.35505],[4.03497,50.34832],[4.03343,50.34709],[4.03653,50.34492],[4.03606,50.34366],[4.04277,50.34009],[4.04574,50.34117],[4.05065,50.34627],[4.05474,50.3465],[4.05941,50.3481],[4.06075,50.34692],[4.0629,50.34841],[4.06393,50.34712],[4.06658,50.34963],[4.0697,50.34832],[4.07104,50.34969],[4.07676,50.34576],[4.08605,50.3369],[4.09188,50.33209],[4.0945,50.33297],[4.09937,50.33614],[4.10508,50.33185],[4.10754,50.33241],[4.11381,50.33059],[4.12708,50.33129],[4.13256,50.33055],[4.13512,50.3323],[4.13577,50.33469],[4.14119,50.33721],[4.14708,50.34246],[4.14712,50.34428],[4.15288,50.34507],[4.15293,50.35326],[4.15012,50.35835],[4.14979,50.36067],[4.15371,50.36271],[4.15547,50.36548],[4.15711,50.36491],[4.15931,50.36675],[4.16208,50.36524],[4.16649,50.36451],[4.16926,50.36612],[4.17237,50.36623],[4.17568,50.36475],[4.17847,50.36474],[4.1801,50.3625],[4.18569,50.37754],[4.18309,50.37885],[4.17341,50.38199],[4.16552,50.38182],[4.1634,50.38297],[4.166,50.38535],[4.16851,50.38584],[4.16394,50.38827],[4.15945,50.38916],[4.15163,50.39222],[4.151,50.39118],[4.14685,50.39229],[4.14307,50.39476],[4.14094,50.3935],[4.13873,50.39498],[4.13757,50.39283],[4.13552,50.39344],[4.13445,50.39706],[4.13195,50.39557],[4.12696,50.39707],[4.12839,50.39888],[4.12555,50.4007],[4.12892,50.4056],[4.13244,50.40817],[4.12897,50.41097],[4.1316,50.41228],[4.13005,50.41479],[4.13233,50.41483],[4.1313,50.41718],[4.12861,50.41901],[4.13363,50.41957],[4.11385,50.4247],[4.10854,50.42642],[4.0774,50.42854],[4.05857,50.43049]]]}},{"type":"Feature","id":"58004","bbox":[4.19697,50.42193,4.283124,50.474767],"properties":{"nis":"58004","name":"Morlanwelz","nameNl":"Morlanwelz","nameFr":"Morlanwelz","nameDe":"Morlanwelz","province":"hainaut","region":"wallonia","areaKm2":20.31},"geometry":{"type":"Polygon","coordinates":[[[4.26315,50.42538],[4.26199,50.42663],[4.26866,50.42863],[4.26819,50.43251],[4.2662,50.43416],[4.26829,50.43611],[4.26884,50.43877],[4.27111,50.43831],[4.27139,50.44281],[4.2785,50.44384],[4.27759,50.45032],[4.28312,50.45134],[4.27935,50.45327],[4.26969,50.45936],[4.26723,50.46805],[4.26769,50.47156],[4.26178,50.46873],[4.25676,50.46923],[4.25365,50.47114],[4.2538,50.47286],[4.2516,50.47447],[4.24894,50.47303],[4.2454,50.47276],[4.24101,50.47408],[4.23124,50.46901],[4.22878,50.46585],[4.22233,50.46509],[4.21797,50.46541],[4.21965,50.46247],[4.21776,50.4611],[4.21425,50.46075],[4.21856,50.45898],[4.21713,50.45521],[4.21553,50.45461],[4.21594,50.45208],[4.21317,50.45052],[4.21247,50.44754],[4.21026,50.44652],[4.21063,50.44481],[4.20704,50.44372],[4.20744,50.44228],[4.1986,50.44044],[4.19697,50.43898],[4.2025,50.43509],[4.21352,50.43903],[4.21904,50.43377],[4.22117,50.42971],[4.22339,50.43003],[4.2269,50.42848],[4.23033,50.42538],[4.23355,50.42466],[4.23295,50.42215],[4.24126,50.42208],[4.25231,50.42352],[4.25647,50.42469],[4.26315,50.42538]]]}},{"type":"Feature","id":"61003","bbox":[5.261891,50.516307,5.350226,50.591873],"properties":{"nis":"61003","name":"Amay","nameNl":"Amay","nameFr":"Amay","nameDe":"Amay","province":"liege","region":"wallonia","areaKm2":27.57},"geometry":{"type":"Polygon","coordinates":[[[5.34617,50.56077],[5.34402,50.56406],[5.34522,50.56601],[5.35023,50.56639],[5.34823,50.57066],[5.3434,50.57581],[5.34416,50.57877],[5.34213,50.58002],[5.34039,50.58324],[5.32996,50.59027],[5.3262,50.59187],[5.3262,50.58931],[5.32336,50.58928],[5.32085,50.58369],[5.31693,50.58183],[5.30819,50.57876],[5.30439,50.57871],[5.30066,50.57626],[5.29574,50.57414],[5.29267,50.57708],[5.28655,50.57408],[5.28543,50.57136],[5.28852,50.57001],[5.2852,50.56876],[5.28816,50.56722],[5.28643,50.56331],[5.28075,50.55889],[5.2808,50.55595],[5.27501,50.55282],[5.26858,50.55133],[5.26561,50.55187],[5.26365,50.55102],[5.26375,50.54748],[5.26189,50.54436],[5.26338,50.54143],[5.26246,50.5383],[5.2651,50.53672],[5.2744,50.537],[5.28289,50.53578],[5.30096,50.5325],[5.30113,50.5294],[5.30705,50.52428],[5.31114,50.52426],[5.31458,50.52142],[5.31422,50.51981],[5.31637,50.51765],[5.31322,50.51631],[5.32375,50.51694],[5.32601,50.51855],[5.3352,50.52266],[5.33745,50.52311],[5.33943,50.52552],[5.33569,50.52744],[5.33827,50.52981],[5.33931,50.53308],[5.34328,50.5357],[5.34152,50.53643],[5.33908,50.54103],[5.33932,50.54225],[5.33509,50.547],[5.33372,50.55142],[5.33419,50.55517],[5.34078,50.5588],[5.34617,50.56077]]]}},{"type":"Feature","id":"61010","bbox":[5.027458,50.555345,5.166915,50.6082],"properties":{"nis":"61010","name":"Burdinne","nameNl":"Burdinne","nameFr":"Burdinne","nameDe":"Burdinne","province":"liege","region":"wallonia","areaKm2":32.51},"geometry":{"type":"Polygon","coordinates":[[[5.05115,50.55535],[5.05427,50.56002],[5.05342,50.5635],[5.05681,50.56779],[5.06543,50.56554],[5.06966,50.5633],[5.07348,50.56303],[5.07842,50.56083],[5.08114,50.55829],[5.08519,50.56054],[5.08638,50.56479],[5.09079,50.56863],[5.09012,50.57406],[5.09475,50.57642],[5.09718,50.57921],[5.10137,50.57803],[5.11182,50.57246],[5.11528,50.5694],[5.11666,50.56568],[5.12027,50.56671],[5.12423,50.56292],[5.13309,50.56279],[5.13549,50.56579],[5.14155,50.56557],[5.14664,50.56631],[5.14665,50.56746],[5.15118,50.56779],[5.15104,50.56945],[5.15421,50.57028],[5.16153,50.57061],[5.16013,50.57167],[5.16187,50.57613],[5.16019,50.57769],[5.16423,50.57733],[5.16692,50.57905],[5.16293,50.58337],[5.16564,50.58549],[5.16307,50.5953],[5.15784,50.59825],[5.1552,50.59868],[5.15174,50.60098],[5.14053,50.60643],[5.13515,50.6082],[5.13106,50.60437],[5.12277,50.60132],[5.11756,50.59832],[5.11286,50.59715],[5.10932,50.59339],[5.1068,50.59475],[5.1044,50.59357],[5.09801,50.59868],[5.09561,50.59907],[5.08296,50.59814],[5.08325,50.59969],[5.07573,50.59848],[5.0727,50.59912],[5.07036,50.60272],[5.0678,50.60277],[5.06734,50.60001],[5.0618,50.60253],[5.05928,50.59904],[5.06072,50.59712],[5.05702,50.59551],[5.05206,50.58966],[5.05359,50.58803],[5.04989,50.58928],[5.04516,50.58888],[5.04358,50.59091],[5.03608,50.59123],[5.0301,50.59244],[5.02865,50.5887],[5.02757,50.58451],[5.03281,50.58346],[5.0344,50.58231],[5.03021,50.57955],[5.0311,50.57436],[5.03354,50.57062],[5.03975,50.56796],[5.04856,50.56111],[5.0442,50.55768],[5.05115,50.55535]]]}},{"type":"Feature","id":"61012","bbox":[5.221103,50.364948,5.429414,50.461457],"properties":{"nis":"61012","name":"Clavier","nameNl":"Clavier","nameFr":"Clavier","nameDe":"Clavier","province":"liege","region":"wallonia","areaKm2":79.23},"geometry":{"type":"Polygon","coordinates":[[[5.42191,50.43061],[5.42027,50.43297],[5.42146,50.43485],[5.41983,50.43809],[5.42136,50.43863],[5.41637,50.44306],[5.41489,50.44536],[5.40667,50.44362],[5.38428,50.44663],[5.38121,50.4486],[5.37822,50.44772],[5.3699,50.45689],[5.36798,50.45579],[5.36521,50.45664],[5.36125,50.46146],[5.35054,50.45743],[5.34768,50.45871],[5.3439,50.45872],[5.33329,50.45487],[5.33178,50.45441],[5.33457,50.45022],[5.33263,50.4455],[5.32788,50.44311],[5.32944,50.43992],[5.33179,50.43899],[5.32854,50.43671],[5.3309,50.43367],[5.32504,50.43121],[5.31767,50.42999],[5.30579,50.42614],[5.30069,50.42536],[5.30129,50.42383],[5.29874,50.42077],[5.28825,50.41797],[5.2906,50.4196],[5.27922,50.42853],[5.2794,50.43232],[5.27202,50.43755],[5.2706,50.43693],[5.26391,50.43424],[5.26149,50.43569],[5.25267,50.43479],[5.25367,50.43355],[5.25117,50.43162],[5.24785,50.43209],[5.2372,50.42703],[5.23502,50.4246],[5.23094,50.42276],[5.2211,50.41728],[5.22955,50.40849],[5.23323,50.40688],[5.23368,50.40418],[5.23693,50.40298],[5.24833,50.4025],[5.25387,50.40029],[5.26002,50.40342],[5.26389,50.40042],[5.26895,50.40076],[5.27043,50.39862],[5.27446,50.39897],[5.27577,50.39438],[5.28017,50.39649],[5.28684,50.39476],[5.27925,50.38913],[5.28089,50.38646],[5.28105,50.37824],[5.2834,50.37615],[5.2848,50.3769],[5.28805,50.37434],[5.29631,50.3665],[5.29717,50.36495],[5.30874,50.37118],[5.31905,50.37302],[5.33738,50.38053],[5.34536,50.38627],[5.34645,50.38651],[5.35139,50.38837],[5.35859,50.38725],[5.36261,50.38486],[5.36146,50.3811],[5.36606,50.38111],[5.36837,50.37986],[5.37105,50.38036],[5.37792,50.38321],[5.37855,50.38562],[5.38256,50.38682],[5.391,50.38241],[5.39294,50.37944],[5.39722,50.38155],[5.39555,50.38366],[5.40453,50.38891],[5.40786,50.39135],[5.41072,50.39199],[5.41588,50.39553],[5.41964,50.39622],[5.42724,50.4001],[5.42864,50.40351],[5.42789,50.40642],[5.42577,50.40789],[5.42483,50.41096],[5.42102,50.41295],[5.41045,50.41125],[5.40668,50.41224],[5.4059,50.41379],[5.40875,50.41498],[5.40709,50.41675],[5.4074,50.41947],[5.40652,50.42566],[5.41047,50.42742],[5.42191,50.43061]]]}},{"type":"Feature","id":"61019","bbox":[5.518648,50.365342,5.709338,50.460171],"properties":{"nis":"61019","name":"Ferrières","nameNl":"Ferrières","nameFr":"Ferrières","nameDe":"Ferrières","province":"liege","region":"wallonia","areaKm2":56.89},"geometry":{"type":"Polygon","coordinates":[[[5.52004,50.40777],[5.52091,50.40616],[5.51871,50.40482],[5.51942,50.40287],[5.52735,50.4017],[5.53245,50.40417],[5.53692,50.40068],[5.53437,50.39911],[5.52997,50.3985],[5.52891,50.39739],[5.53118,50.39419],[5.53525,50.39317],[5.53932,50.39113],[5.54769,50.38994],[5.55127,50.39047],[5.55385,50.38853],[5.56242,50.39187],[5.56776,50.39557],[5.57181,50.39719],[5.58025,50.39762],[5.5868,50.39947],[5.59363,50.39819],[5.59734,50.39501],[5.59672,50.39403],[5.60245,50.39211],[5.60782,50.38684],[5.61393,50.38249],[5.62926,50.37717],[5.6362,50.37604],[5.6373,50.37508],[5.6321,50.37342],[5.63061,50.37204],[5.63386,50.37169],[5.64742,50.36553],[5.66119,50.36573],[5.67558,50.36845],[5.67859,50.37277],[5.69082,50.37463],[5.69537,50.37428],[5.70851,50.37531],[5.70894,50.37924],[5.70496,50.37839],[5.69911,50.38202],[5.69894,50.38392],[5.70084,50.38785],[5.70265,50.3885],[5.70524,50.39245],[5.70561,50.39644],[5.70934,50.40043],[5.70651,50.40257],[5.70258,50.40391],[5.69925,50.39999],[5.69451,50.39915],[5.68786,50.40079],[5.68259,50.39999],[5.67532,50.40338],[5.67185,50.40297],[5.66586,50.40094],[5.66583,50.3976],[5.66019,50.39576],[5.65037,50.40244],[5.65042,50.40459],[5.65248,50.40536],[5.65904,50.40553],[5.66158,50.4065],[5.65857,50.40763],[5.66097,50.4107],[5.65595,50.41595],[5.64626,50.41378],[5.64441,50.41518],[5.64656,50.41835],[5.64447,50.4206],[5.63795,50.42285],[5.63746,50.42589],[5.6465,50.42561],[5.65321,50.42646],[5.64947,50.42907],[5.63605,50.44082],[5.63088,50.44663],[5.62768,50.45313],[5.62878,50.45759],[5.6244,50.45895],[5.62396,50.46017],[5.62176,50.45967],[5.61088,50.46005],[5.61048,50.45365],[5.60779,50.4522],[5.6048,50.45272],[5.59572,50.45269],[5.58472,50.45567],[5.58133,50.45591],[5.58394,50.45246],[5.58612,50.44754],[5.58106,50.44676],[5.57354,50.44467],[5.57026,50.44536],[5.56767,50.44769],[5.56613,50.44615],[5.56271,50.44555],[5.56674,50.43957],[5.59017,50.43335],[5.59416,50.43202],[5.59769,50.43227],[5.60677,50.4311],[5.61647,50.42818],[5.6201,50.42452],[5.62301,50.42335],[5.61884,50.42229],[5.60851,50.4258],[5.60601,50.42754],[5.59767,50.42412],[5.58702,50.41849],[5.58359,50.42253],[5.57961,50.42208],[5.57261,50.41958],[5.56097,50.41377],[5.55893,50.41522],[5.55346,50.41285],[5.55061,50.41514],[5.54172,50.41298],[5.53097,50.40907],[5.52274,50.4073],[5.52004,50.40777]]]}},{"type":"Feature","id":"61024","bbox":[5.504724,50.4073,5.623082,50.464968],"properties":{"nis":"61024","name":"Hamoir","nameNl":"Hamoir","nameFr":"Hamoir","nameDe":"Hamoir","province":"liege","region":"wallonia","areaKm2":27.65},"geometry":{"type":"Polygon","coordinates":[[[5.54196,50.46135],[5.53248,50.45758],[5.52772,50.45812],[5.52597,50.46076],[5.52118,50.45994],[5.51626,50.46041],[5.51716,50.463],[5.51159,50.46231],[5.50472,50.46052],[5.50627,50.45516],[5.51173,50.45083],[5.51464,50.45267],[5.52275,50.455],[5.52446,50.4533],[5.52794,50.45393],[5.534,50.4512],[5.53688,50.4465],[5.53338,50.4436],[5.53314,50.43945],[5.52773,50.43779],[5.5242,50.43823],[5.52017,50.43724],[5.51762,50.43805],[5.51307,50.43535],[5.50783,50.43351],[5.51122,50.42853],[5.51049,50.42624],[5.51287,50.42501],[5.51117,50.42216],[5.51493,50.42052],[5.51065,50.41939],[5.51331,50.41802],[5.50933,50.41452],[5.51109,50.41269],[5.51917,50.4102],[5.52004,50.40777],[5.52274,50.4073],[5.53097,50.40907],[5.54172,50.41298],[5.55061,50.41514],[5.55346,50.41285],[5.55893,50.41522],[5.56097,50.41377],[5.57261,50.41958],[5.57961,50.42208],[5.58359,50.42253],[5.58702,50.41849],[5.59767,50.42412],[5.60601,50.42754],[5.60851,50.4258],[5.61884,50.42229],[5.62301,50.42335],[5.6201,50.42452],[5.61647,50.42818],[5.60677,50.4311],[5.59769,50.43227],[5.59416,50.43202],[5.59017,50.43335],[5.56674,50.43957],[5.56271,50.44555],[5.56613,50.44615],[5.56767,50.44769],[5.57026,50.44536],[5.57354,50.44467],[5.58106,50.44676],[5.58612,50.44754],[5.58394,50.45246],[5.58133,50.45591],[5.58472,50.45567],[5.59572,50.45269],[5.6048,50.45272],[5.60779,50.4522],[5.61048,50.45365],[5.61088,50.46005],[5.61132,50.464],[5.60303,50.46497],[5.58429,50.46335],[5.5803,50.46341],[5.56935,50.46117],[5.56147,50.46084],[5.55319,50.45917],[5.54301,50.46157],[5.54196,50.46135]]]}},{"type":"Feature","id":"61028","bbox":[5.034246,50.503512,5.172475,50.579208],"properties":{"nis":"61028","name":"Héron","nameNl":"Héron","nameFr":"Héron","nameDe":"Héron","province":"liege","region":"wallonia","areaKm2":38.2},"geometry":{"type":"Polygon","coordinates":[[[5.05115,50.55535],[5.04664,50.55132],[5.05116,50.54705],[5.05434,50.54099],[5.05201,50.53982],[5.04536,50.53904],[5.04601,50.53747],[5.04064,50.53659],[5.03831,50.53721],[5.03834,50.53474],[5.03425,50.53178],[5.07441,50.52989],[5.09236,50.5293],[5.09498,50.52651],[5.09004,50.52577],[5.09373,50.52407],[5.09805,50.52006],[5.096,50.51853],[5.09798,50.51664],[5.0948,50.5152],[5.09784,50.5122],[5.09967,50.51228],[5.10194,50.50847],[5.10445,50.50735],[5.10844,50.50803],[5.10893,50.507],[5.11302,50.50685],[5.11514,50.50402],[5.11813,50.50365],[5.12698,50.50691],[5.14235,50.51211],[5.13955,50.5137],[5.13926,50.5154],[5.14319,50.51614],[5.15469,50.52079],[5.15417,50.52235],[5.16143,50.52732],[5.16176,50.52825],[5.16811,50.53097],[5.16824,50.53418],[5.17248,50.53564],[5.17153,50.53675],[5.16421,50.54057],[5.15972,50.54035],[5.15207,50.54117],[5.15099,50.54021],[5.14656,50.54167],[5.14698,50.5431],[5.13514,50.54611],[5.13956,50.54868],[5.1393,50.55016],[5.14248,50.55202],[5.13217,50.55897],[5.13309,50.56279],[5.12423,50.56292],[5.12027,50.56671],[5.11666,50.56568],[5.11528,50.5694],[5.11182,50.57246],[5.10137,50.57803],[5.09718,50.57921],[5.09475,50.57642],[5.09012,50.57406],[5.09079,50.56863],[5.08638,50.56479],[5.08519,50.56054],[5.08114,50.55829],[5.07842,50.56083],[5.07348,50.56303],[5.06966,50.5633],[5.06543,50.56554],[5.05681,50.56779],[5.05342,50.5635],[5.05427,50.56002],[5.05115,50.55535]]]}},{"type":"Feature","id":"61031","bbox":[5.128978,50.467667,5.323753,50.538871],"properties":{"nis":"61031","name":"Huy","nameNl":"Hoei","nameFr":"Huy","nameDe":"Huy","province":"liege","region":"wallonia","areaKm2":47.48},"geometry":{"type":"Polygon","coordinates":[[[5.24279,50.49655],[5.25219,50.499],[5.26369,50.50254],[5.26526,50.50047],[5.27073,50.50194],[5.27916,50.50026],[5.28282,50.49867],[5.28556,50.50089],[5.28386,50.50333],[5.2878,50.50434],[5.2991,50.50181],[5.3131,50.50585],[5.31081,50.50655],[5.31,50.50965],[5.31284,50.51366],[5.31522,50.51221],[5.32375,50.51694],[5.31322,50.51631],[5.31637,50.51765],[5.31422,50.51981],[5.31458,50.52142],[5.31114,50.52426],[5.30705,50.52428],[5.30113,50.5294],[5.30096,50.5325],[5.28289,50.53578],[5.2744,50.537],[5.2651,50.53672],[5.26246,50.5383],[5.25608,50.53741],[5.25061,50.53548],[5.24918,50.53887],[5.24341,50.53805],[5.22821,50.53481],[5.21838,50.53184],[5.2205,50.52861],[5.21725,50.52768],[5.21257,50.52806],[5.20307,50.5268],[5.19527,50.52291],[5.19243,50.51938],[5.18824,50.51771],[5.1787,50.51637],[5.16616,50.51319],[5.15027,50.5106],[5.14494,50.50858],[5.13909,50.50505],[5.12918,50.50292],[5.13261,50.49976],[5.13435,50.49613],[5.13257,50.49238],[5.13371,50.48917],[5.13952,50.48669],[5.14269,50.48729],[5.14723,50.48653],[5.15125,50.4882],[5.15744,50.48958],[5.1596,50.48721],[5.14969,50.48249],[5.15278,50.47923],[5.15574,50.4788],[5.15701,50.47591],[5.15604,50.47441],[5.15799,50.47249],[5.16375,50.47025],[5.16409,50.46767],[5.17252,50.46928],[5.18006,50.47599],[5.18995,50.47601],[5.19205,50.47818],[5.19684,50.47893],[5.20114,50.48689],[5.20865,50.49374],[5.21257,50.49345],[5.21432,50.49465],[5.21228,50.49763],[5.21647,50.50379],[5.22942,50.50778],[5.23475,50.50657],[5.23616,50.50411],[5.23779,50.50448],[5.23917,50.50107],[5.24226,50.49899],[5.24279,50.49655]]]}},{"type":"Feature","id":"61039","bbox":[5.196836,50.427025,5.284564,50.507783],"properties":{"nis":"61039","name":"Marchin","nameNl":"Marchin","nameFr":"Marchin","nameDe":"Marchin","province":"liege","region":"wallonia","areaKm2":30.02},"geometry":{"type":"Polygon","coordinates":[[[5.24279,50.49655],[5.24226,50.49899],[5.23917,50.50107],[5.23779,50.50448],[5.23616,50.50411],[5.23475,50.50657],[5.22942,50.50778],[5.21647,50.50379],[5.21228,50.49763],[5.21432,50.49465],[5.21257,50.49345],[5.20865,50.49374],[5.20114,50.48689],[5.19684,50.47893],[5.19893,50.47881],[5.19885,50.47653],[5.20386,50.47372],[5.20629,50.46724],[5.20976,50.46133],[5.20959,50.46004],[5.21701,50.45241],[5.22137,50.44597],[5.2248,50.44247],[5.23006,50.44414],[5.2368,50.43821],[5.2329,50.4311],[5.2372,50.42703],[5.24785,50.43209],[5.25117,50.43162],[5.25367,50.43355],[5.25267,50.43479],[5.26149,50.43569],[5.26391,50.43424],[5.2706,50.43693],[5.26899,50.43911],[5.27112,50.43992],[5.2714,50.44305],[5.27568,50.44553],[5.28076,50.44975],[5.27839,50.45343],[5.28235,50.45525],[5.28448,50.45851],[5.27918,50.46199],[5.2768,50.46169],[5.27638,50.46336],[5.27016,50.46781],[5.2702,50.46874],[5.26561,50.47211],[5.26827,50.47618],[5.26649,50.47821],[5.26699,50.48069],[5.25964,50.48496],[5.25713,50.48888],[5.25735,50.49062],[5.25343,50.49305],[5.2483,50.49144],[5.24286,50.49184],[5.23951,50.4912],[5.23682,50.49214],[5.23557,50.4953],[5.24036,50.49535],[5.24279,50.49655]]]}},{"type":"Feature","id":"61041","bbox":[5.235469,50.417969,5.354778,50.525517],"properties":{"nis":"61041","name":"Modave","nameNl":"Modave","nameFr":"Modave","nameDe":"Modave","province":"liege","region":"wallonia","areaKm2":40.28},"geometry":{"type":"Polygon","coordinates":[[[5.2706,50.43693],[5.27202,50.43755],[5.2794,50.43232],[5.27922,50.42853],[5.2906,50.4196],[5.28825,50.41797],[5.29874,50.42077],[5.30129,50.42383],[5.30069,50.42536],[5.30579,50.42614],[5.31767,50.42999],[5.32504,50.43121],[5.3309,50.43367],[5.32854,50.43671],[5.33179,50.43899],[5.32944,50.43992],[5.32788,50.44311],[5.33263,50.4455],[5.33457,50.45022],[5.33178,50.45441],[5.33329,50.45487],[5.32981,50.45441],[5.3257,50.45597],[5.32224,50.45508],[5.32065,50.45285],[5.31761,50.45139],[5.31243,50.45458],[5.31169,50.45706],[5.30961,50.45804],[5.31229,50.46042],[5.309,50.46],[5.31011,50.46222],[5.3081,50.46544],[5.31161,50.46663],[5.30965,50.46952],[5.32239,50.47498],[5.33885,50.48057],[5.34372,50.48846],[5.3421,50.49156],[5.33426,50.4944],[5.33827,50.49683],[5.34245,50.50095],[5.35081,50.50485],[5.35407,50.50526],[5.35438,50.50917],[5.35038,50.51035],[5.34869,50.51309],[5.34517,50.51563],[5.3439,50.51389],[5.3385,50.51335],[5.3387,50.51458],[5.33491,50.51656],[5.33713,50.51903],[5.34101,50.52083],[5.34172,50.52231],[5.33943,50.52552],[5.33745,50.52311],[5.3352,50.52266],[5.32601,50.51855],[5.32375,50.51694],[5.31522,50.51221],[5.31284,50.51366],[5.31,50.50965],[5.31081,50.50655],[5.3131,50.50585],[5.2991,50.50181],[5.2878,50.50434],[5.28386,50.50333],[5.28556,50.50089],[5.28282,50.49867],[5.27916,50.50026],[5.27073,50.50194],[5.26526,50.50047],[5.26369,50.50254],[5.25219,50.499],[5.24279,50.49655],[5.24036,50.49535],[5.23557,50.4953],[5.23682,50.49214],[5.23951,50.4912],[5.24286,50.49184],[5.2483,50.49144],[5.25343,50.49305],[5.25735,50.49062],[5.25713,50.48888],[5.25964,50.48496],[5.26699,50.48069],[5.26649,50.47821],[5.26827,50.47618],[5.26561,50.47211],[5.2702,50.46874],[5.27016,50.46781],[5.27638,50.46336],[5.2768,50.46169],[5.27918,50.46199],[5.28448,50.45851],[5.28235,50.45525],[5.27839,50.45343],[5.28076,50.44975],[5.27568,50.44553],[5.2714,50.44305],[5.27112,50.43992],[5.26899,50.43911],[5.2706,50.43693]]]}},{"type":"Feature","id":"61043","bbox":[5.334265,50.488459,5.476938,50.54389],"properties":{"nis":"61043","name":"Nandrin","nameNl":"Nandrin","nameFr":"Nandrin","nameDe":"Nandrin","province":"liege","region":"wallonia","areaKm2":36},"geometry":{"type":"Polygon","coordinates":[[[5.47693,50.5214],[5.47464,50.52285],[5.46851,50.52485],[5.46483,50.52449],[5.46349,50.52864],[5.45836,50.5274],[5.4487,50.52178],[5.44573,50.52569],[5.44552,50.53071],[5.4421,50.53242],[5.43918,50.53653],[5.4421,50.53818],[5.44054,50.54166],[5.43671,50.5351],[5.42915,50.53191],[5.42762,50.53508],[5.42842,50.53765],[5.42571,50.53649],[5.42463,50.53916],[5.42333,50.53735],[5.41856,50.5404],[5.42087,50.54226],[5.41918,50.54389],[5.40756,50.53768],[5.40383,50.53761],[5.40173,50.53995],[5.39657,50.53842],[5.39171,50.53872],[5.38951,50.5374],[5.38236,50.5356],[5.37335,50.53975],[5.37154,50.538],[5.36157,50.53423],[5.35355,50.53656],[5.34328,50.5357],[5.33931,50.53308],[5.33827,50.52981],[5.33569,50.52744],[5.33943,50.52552],[5.34172,50.52231],[5.34101,50.52083],[5.33713,50.51903],[5.33491,50.51656],[5.3387,50.51458],[5.3385,50.51335],[5.3439,50.51389],[5.34517,50.51563],[5.34869,50.51309],[5.35038,50.51035],[5.35438,50.50917],[5.35407,50.50526],[5.35081,50.50485],[5.34245,50.50095],[5.33827,50.49683],[5.33426,50.4944],[5.3421,50.49156],[5.34372,50.48846],[5.35751,50.49533],[5.3583,50.49939],[5.366,50.50132],[5.38796,50.5059],[5.3919,50.50524],[5.39392,50.50193],[5.39539,50.50342],[5.39747,50.50056],[5.39715,50.49841],[5.40477,50.49309],[5.40702,50.48968],[5.40948,50.48967],[5.41815,50.4978],[5.42054,50.49724],[5.42008,50.49433],[5.42715,50.49605],[5.4318,50.4979],[5.43912,50.49544],[5.4439,50.4956],[5.44551,50.49433],[5.45014,50.49689],[5.44945,50.50098],[5.45208,50.50393],[5.45669,50.50642],[5.4596,50.50613],[5.46323,50.50753],[5.4636,50.51216],[5.46208,50.5152],[5.4635,50.51633],[5.46977,50.51636],[5.47614,50.52024],[5.47693,50.5214]]]}},{"type":"Feature","id":"61048","bbox":[5.384279,50.407621,5.536882,50.482752],"properties":{"nis":"61048","name":"Ouffet","nameNl":"Ouffet","nameFr":"Ouffet","nameDe":"Ouffet","province":"liege","region":"wallonia","areaKm2":40.1},"geometry":{"type":"Polygon","coordinates":[[[5.38428,50.44663],[5.40667,50.44362],[5.41489,50.44536],[5.41637,50.44306],[5.42136,50.43863],[5.41983,50.43809],[5.42146,50.43485],[5.42027,50.43297],[5.42191,50.43061],[5.42952,50.43028],[5.43541,50.42602],[5.43354,50.4242],[5.44126,50.42072],[5.44884,50.42026],[5.45204,50.42144],[5.45134,50.41714],[5.45476,50.41612],[5.45904,50.41286],[5.45524,50.41134],[5.45603,50.40988],[5.46094,50.41042],[5.46402,50.40991],[5.46772,50.40763],[5.46936,50.40999],[5.472,50.4106],[5.47798,50.41411],[5.48243,50.41602],[5.48762,50.4164],[5.49217,50.41959],[5.49866,50.42057],[5.50079,50.42335],[5.50894,50.42491],[5.51287,50.42501],[5.51049,50.42624],[5.51122,50.42853],[5.50783,50.43351],[5.51307,50.43535],[5.51762,50.43805],[5.52017,50.43724],[5.5242,50.43823],[5.52773,50.43779],[5.53314,50.43945],[5.53338,50.4436],[5.53688,50.4465],[5.534,50.4512],[5.52794,50.45393],[5.52446,50.4533],[5.52275,50.455],[5.51464,50.45267],[5.51173,50.45083],[5.50627,50.45516],[5.50472,50.46052],[5.50073,50.46188],[5.49262,50.46151],[5.48969,50.4623],[5.48644,50.46458],[5.48548,50.46792],[5.47784,50.46549],[5.47647,50.46672],[5.47388,50.46545],[5.46381,50.46821],[5.46411,50.47148],[5.46251,50.47764],[5.45922,50.48139],[5.45948,50.48267],[5.4516,50.48124],[5.4406,50.48128],[5.44236,50.47793],[5.42854,50.47122],[5.42968,50.46997],[5.42375,50.46612],[5.42729,50.46107],[5.4166,50.45672],[5.41287,50.45196],[5.41345,50.44982],[5.40644,50.44838],[5.40204,50.4492],[5.40034,50.45056],[5.39642,50.4507],[5.38428,50.44663]]]}},{"type":"Feature","id":"61063","bbox":[5.250693,50.574141,5.349458,50.637164],"properties":{"nis":"61063","name":"Verlaine","nameNl":"Verlaine","nameFr":"Verlaine","nameDe":"Verlaine","province":"liege","region":"wallonia","areaKm2":24.32},"geometry":{"type":"Polygon","coordinates":[[[5.29267,50.57708],[5.29574,50.57414],[5.30066,50.57626],[5.30439,50.57871],[5.30819,50.57876],[5.31693,50.58183],[5.32085,50.58369],[5.32336,50.58928],[5.3262,50.58931],[5.3262,50.59187],[5.32891,50.59334],[5.33249,50.59226],[5.33416,50.59702],[5.33979,50.59988],[5.33701,50.60282],[5.33928,50.60541],[5.33745,50.60634],[5.33971,50.60901],[5.33483,50.61196],[5.34199,50.61592],[5.33805,50.62122],[5.33983,50.62486],[5.34214,50.62444],[5.34772,50.62831],[5.34946,50.63336],[5.34157,50.63282],[5.33015,50.63032],[5.32334,50.62753],[5.31844,50.62617],[5.31257,50.62649],[5.30473,50.62521],[5.30057,50.62597],[5.29724,50.62761],[5.29929,50.62906],[5.29209,50.63329],[5.28139,50.63716],[5.27815,50.63642],[5.2694,50.63173],[5.27356,50.63063],[5.27747,50.62807],[5.27271,50.62555],[5.2766,50.62201],[5.2721,50.61829],[5.27112,50.62024],[5.26945,50.61841],[5.26514,50.61939],[5.26521,50.61729],[5.25948,50.61594],[5.26064,50.61354],[5.25824,50.61164],[5.25927,50.60976],[5.25631,50.60492],[5.25069,50.60168],[5.25242,50.5999],[5.25392,50.59473],[5.26066,50.5971],[5.26324,50.59601],[5.26732,50.59835],[5.26895,50.59689],[5.27602,50.5996],[5.27746,50.59868],[5.28128,50.60165],[5.28235,50.60094],[5.28779,50.60403],[5.29335,50.60171],[5.28979,50.59559],[5.29482,50.59269],[5.2973,50.59021],[5.28868,50.58621],[5.29398,50.58004],[5.29267,50.57708]]]}},{"type":"Feature","id":"61068","bbox":[5.189612,50.551331,5.297298,50.629753],"properties":{"nis":"61068","name":"Villers-le-Bouillet","nameNl":"Villers-le-Bouillet","nameFr":"Villers-le-Bouillet","nameDe":"Villers-le-Bouillet","province":"liege","region":"wallonia","areaKm2":32.76},"geometry":{"type":"Polygon","coordinates":[[[5.19677,50.62682],[5.19152,50.62312],[5.19016,50.61994],[5.19304,50.61694],[5.18961,50.61572],[5.19121,50.61403],[5.1951,50.61473],[5.20083,50.60964],[5.19663,50.60651],[5.19511,50.60406],[5.19007,50.60303],[5.19486,50.60018],[5.19125,50.59651],[5.19355,50.59567],[5.1918,50.59149],[5.19287,50.58993],[5.19823,50.59129],[5.19996,50.59011],[5.20537,50.59215],[5.20741,50.58685],[5.20977,50.58355],[5.20861,50.58149],[5.20347,50.5788],[5.2081,50.57695],[5.20817,50.57512],[5.21431,50.57819],[5.21846,50.57735],[5.22558,50.57819],[5.23333,50.58183],[5.23977,50.58253],[5.24426,50.57721],[5.24894,50.57401],[5.25366,50.56739],[5.25612,50.56586],[5.25593,50.563],[5.25847,50.56034],[5.25642,50.55922],[5.25862,50.5566],[5.25937,50.55328],[5.26513,50.5547],[5.26561,50.55187],[5.26858,50.55133],[5.27501,50.55282],[5.2808,50.55595],[5.28075,50.55889],[5.28643,50.56331],[5.28816,50.56722],[5.2852,50.56876],[5.28852,50.57001],[5.28543,50.57136],[5.28655,50.57408],[5.29267,50.57708],[5.29398,50.58004],[5.28868,50.58621],[5.2973,50.59021],[5.29482,50.59269],[5.28979,50.59559],[5.29335,50.60171],[5.28779,50.60403],[5.28235,50.60094],[5.28128,50.60165],[5.27746,50.59868],[5.27602,50.5996],[5.26895,50.59689],[5.26732,50.59835],[5.26324,50.59601],[5.26066,50.5971],[5.25392,50.59473],[5.25242,50.5999],[5.25069,50.60168],[5.25631,50.60492],[5.25927,50.60976],[5.25824,50.61164],[5.26064,50.61354],[5.25948,50.61594],[5.25495,50.61748],[5.25198,50.61625],[5.24876,50.61814],[5.24733,50.62184],[5.24036,50.62422],[5.23905,50.62315],[5.23503,50.62483],[5.22459,50.62171],[5.21954,50.62193],[5.21736,50.62395],[5.2147,50.62346],[5.21073,50.62423],[5.20808,50.62807],[5.20587,50.62665],[5.20238,50.62975],[5.19677,50.62682]]]}},{"type":"Feature","id":"61072","bbox":[5.132168,50.508575,5.265871,50.582618],"properties":{"nis":"61072","name":"Wanze","nameNl":"Wanze","nameFr":"Wanze","nameDe":"Wanze","province":"liege","region":"wallonia","areaKm2":43.95},"geometry":{"type":"Polygon","coordinates":[[[5.14235,50.51211],[5.14494,50.50858],[5.15027,50.5106],[5.16616,50.51319],[5.1787,50.51637],[5.18824,50.51771],[5.19243,50.51938],[5.19527,50.52291],[5.20307,50.5268],[5.21257,50.52806],[5.21725,50.52768],[5.2205,50.52861],[5.21838,50.53184],[5.22821,50.53481],[5.24341,50.53805],[5.24918,50.53887],[5.25061,50.53548],[5.25608,50.53741],[5.26246,50.5383],[5.26338,50.54143],[5.26189,50.54436],[5.26375,50.54748],[5.26365,50.55102],[5.26561,50.55187],[5.26513,50.5547],[5.25937,50.55328],[5.25862,50.5566],[5.25642,50.55922],[5.25847,50.56034],[5.25593,50.563],[5.25612,50.56586],[5.25366,50.56739],[5.24894,50.57401],[5.24426,50.57721],[5.23977,50.58253],[5.23333,50.58183],[5.22558,50.57819],[5.21846,50.57735],[5.21431,50.57819],[5.20817,50.57512],[5.19529,50.57078],[5.19076,50.57374],[5.18844,50.57258],[5.18398,50.57592],[5.1779,50.57542],[5.17756,50.57698],[5.17291,50.5775],[5.1699,50.57968],[5.16692,50.57905],[5.16423,50.57733],[5.16019,50.57769],[5.16187,50.57613],[5.16013,50.57167],[5.16153,50.57061],[5.15421,50.57028],[5.15104,50.56945],[5.15118,50.56779],[5.14665,50.56746],[5.14664,50.56631],[5.14155,50.56557],[5.13549,50.56579],[5.13309,50.56279],[5.13217,50.55897],[5.14248,50.55202],[5.1393,50.55016],[5.13956,50.54868],[5.13514,50.54611],[5.14698,50.5431],[5.14656,50.54167],[5.15099,50.54021],[5.15207,50.54117],[5.15972,50.54035],[5.16421,50.54057],[5.17153,50.53675],[5.17248,50.53564],[5.16824,50.53418],[5.16811,50.53097],[5.16176,50.52825],[5.16143,50.52732],[5.15417,50.52235],[5.15469,50.52079],[5.14319,50.51614],[5.13926,50.5154],[5.13955,50.5137],[5.14235,50.51211]]]}},{"type":"Feature","id":"61079","bbox":[5.4379,50.45758,5.553786,50.522965],"properties":{"nis":"61079","name":"Anthisnes","nameNl":"Anthisnes","nameFr":"Anthisnes","nameDe":"Anthisnes","province":"liege","region":"wallonia","areaKm2":37.16},"geometry":{"type":"Polygon","coordinates":[[[5.4406,50.48128],[5.4516,50.48124],[5.45948,50.48267],[5.45922,50.48139],[5.46251,50.47764],[5.46411,50.47148],[5.46381,50.46821],[5.47388,50.46545],[5.47647,50.46672],[5.47784,50.46549],[5.48548,50.46792],[5.48644,50.46458],[5.48969,50.4623],[5.49262,50.46151],[5.50073,50.46188],[5.50472,50.46052],[5.51159,50.46231],[5.51716,50.463],[5.51626,50.46041],[5.52118,50.45994],[5.52597,50.46076],[5.52772,50.45812],[5.53248,50.45758],[5.54196,50.46135],[5.53532,50.46727],[5.54138,50.47198],[5.54517,50.4729],[5.54661,50.48042],[5.54895,50.4805],[5.54874,50.48383],[5.55274,50.48855],[5.55379,50.49125],[5.55115,50.49367],[5.55093,50.49887],[5.54702,50.50196],[5.54564,50.50562],[5.53808,50.50513],[5.52911,50.50346],[5.5205,50.50538],[5.521,50.50772],[5.52484,50.50926],[5.52326,50.50989],[5.51649,50.50841],[5.51403,50.51002],[5.51821,50.51209],[5.51419,50.51526],[5.51482,50.51673],[5.50778,50.5151],[5.50865,50.51346],[5.50499,50.51222],[5.50294,50.51374],[5.5001,50.51808],[5.49743,50.51796],[5.49834,50.52022],[5.50148,50.52252],[5.49437,50.52284],[5.49132,50.52176],[5.48742,50.52236],[5.48156,50.52013],[5.47693,50.5214],[5.47614,50.52024],[5.46977,50.51636],[5.4635,50.51633],[5.46208,50.5152],[5.4636,50.51216],[5.46323,50.50753],[5.4596,50.50613],[5.45669,50.50642],[5.45208,50.50393],[5.44945,50.50098],[5.45014,50.49689],[5.44551,50.49433],[5.4379,50.48993],[5.43926,50.48392],[5.4406,50.48128]]]}},{"type":"Feature","id":"61080","bbox":[5.333513,50.531915,5.440695,50.593051],"properties":{"nis":"61080","name":"Engis","nameNl":"Engis","nameFr":"Engis","nameDe":"Engis","province":"liege","region":"wallonia","areaKm2":27.71},"geometry":{"type":"Polygon","coordinates":[[[5.34328,50.5357],[5.35355,50.53656],[5.36157,50.53423],[5.37154,50.538],[5.37335,50.53975],[5.38236,50.5356],[5.38951,50.5374],[5.39171,50.53872],[5.39657,50.53842],[5.40173,50.53995],[5.40383,50.53761],[5.40756,50.53768],[5.41918,50.54389],[5.42087,50.54226],[5.41856,50.5404],[5.42333,50.53735],[5.42463,50.53916],[5.42571,50.53649],[5.42842,50.53765],[5.42762,50.53508],[5.42915,50.53191],[5.43671,50.5351],[5.44054,50.54166],[5.4343,50.54716],[5.4321,50.54993],[5.42443,50.55266],[5.42291,50.55753],[5.42497,50.5606],[5.42535,50.56396],[5.42899,50.5646],[5.42504,50.57115],[5.41834,50.57721],[5.41153,50.57743],[5.41563,50.57953],[5.41365,50.58298],[5.41616,50.58352],[5.41286,50.58884],[5.41072,50.58866],[5.40759,50.59212],[5.40483,50.59305],[5.39579,50.59201],[5.39443,50.5898],[5.38733,50.58439],[5.38361,50.58324],[5.38025,50.58065],[5.37683,50.57946],[5.37506,50.5762],[5.37747,50.57323],[5.38068,50.57256],[5.38234,50.5707],[5.37331,50.5686],[5.35198,50.56287],[5.34617,50.56077],[5.34078,50.5588],[5.33419,50.55517],[5.33372,50.55142],[5.33509,50.547],[5.33932,50.54225],[5.33908,50.54103],[5.34152,50.53643],[5.34328,50.5357]]]}},{"type":"Feature","id":"61081","bbox":[5.308104,50.446635,5.445508,50.5062],"properties":{"nis":"61081","name":"Tinlot","nameNl":"Tinlot","nameFr":"Tinlot","nameDe":"Tinlot","province":"liege","region":"wallonia","areaKm2":37.1},"geometry":{"type":"Polygon","coordinates":[[[5.33329,50.45487],[5.3439,50.45872],[5.34768,50.45871],[5.35054,50.45743],[5.36125,50.46146],[5.36521,50.45664],[5.36798,50.45579],[5.3699,50.45689],[5.37822,50.44772],[5.38121,50.4486],[5.38428,50.44663],[5.39642,50.4507],[5.40034,50.45056],[5.40204,50.4492],[5.40644,50.44838],[5.41345,50.44982],[5.41287,50.45196],[5.4166,50.45672],[5.42729,50.46107],[5.42375,50.46612],[5.42968,50.46997],[5.42854,50.47122],[5.44236,50.47793],[5.4406,50.48128],[5.43926,50.48392],[5.4379,50.48993],[5.44551,50.49433],[5.4439,50.4956],[5.43912,50.49544],[5.4318,50.4979],[5.42715,50.49605],[5.42008,50.49433],[5.42054,50.49724],[5.41815,50.4978],[5.40948,50.48967],[5.40702,50.48968],[5.40477,50.49309],[5.39715,50.49841],[5.39747,50.50056],[5.39539,50.50342],[5.39392,50.50193],[5.3919,50.50524],[5.38796,50.5059],[5.366,50.50132],[5.3583,50.49939],[5.35751,50.49533],[5.34372,50.48846],[5.33885,50.48057],[5.32239,50.47498],[5.30965,50.46952],[5.31161,50.46663],[5.3081,50.46544],[5.31011,50.46222],[5.309,50.46],[5.31229,50.46042],[5.30961,50.45804],[5.31169,50.45706],[5.31243,50.45458],[5.31761,50.45139],[5.32065,50.45285],[5.32224,50.45508],[5.3257,50.45597],[5.32981,50.45441],[5.33329,50.45487]]]}},{"type":"Feature","id":"62003","bbox":[5.460488,50.649097,5.552551,50.722909],"properties":{"nis":"62003","name":"Ans","nameNl":"Ans","nameFr":"Ans","nameDe":"Ans","province":"liege","region":"wallonia","areaKm2":23.29},"geometry":{"type":"Polygon","coordinates":[[[5.48479,50.71325],[5.48414,50.71267],[5.46875,50.70569],[5.46738,50.70629],[5.46049,50.70143],[5.46962,50.69651],[5.47615,50.69465],[5.48162,50.6909],[5.48074,50.69053],[5.47661,50.68219],[5.48318,50.68223],[5.48298,50.68065],[5.49127,50.67722],[5.48967,50.67439],[5.49154,50.67344],[5.48898,50.6717],[5.48586,50.66633],[5.48538,50.66222],[5.48766,50.6603],[5.48786,50.65874],[5.49068,50.65931],[5.5002,50.65917],[5.50691,50.6553],[5.50506,50.65414],[5.51168,50.64921],[5.5206,50.65136],[5.52344,50.64932],[5.52691,50.65303],[5.53407,50.65094],[5.53674,50.64955],[5.53941,50.6508],[5.5424,50.64948],[5.54666,50.6491],[5.54787,50.65383],[5.55045,50.65454],[5.55255,50.65845],[5.5519,50.65974],[5.54664,50.65907],[5.54184,50.66377],[5.53708,50.66462],[5.54085,50.66941],[5.53449,50.67129],[5.53836,50.67394],[5.53656,50.67853],[5.52858,50.68305],[5.52261,50.68544],[5.5202,50.68357],[5.51639,50.68587],[5.51574,50.68768],[5.51045,50.6881],[5.5051,50.69189],[5.50782,50.69337],[5.5081,50.69513],[5.50504,50.69712],[5.50757,50.69695],[5.51099,50.69848],[5.51749,50.70275],[5.51041,50.70612],[5.51097,50.70832],[5.51898,50.70877],[5.51726,50.71023],[5.51915,50.71106],[5.51763,50.7129],[5.51669,50.71808],[5.51304,50.72014],[5.50833,50.71774],[5.50295,50.71914],[5.49291,50.72291],[5.49011,50.7187],[5.49011,50.71682],[5.48479,50.71325]]]}},{"type":"Feature","id":"62006","bbox":[5.420713,50.658432,5.491545,50.739104],"properties":{"nis":"62006","name":"Awans","nameNl":"Awans","nameFr":"Awans","nameDe":"Awans","province":"liege","region":"wallonia","areaKm2":27.12},"geometry":{"type":"Polygon","coordinates":[[[5.48479,50.71325],[5.47849,50.71582],[5.48008,50.71697],[5.47864,50.72015],[5.48069,50.72212],[5.47885,50.7237],[5.47409,50.72592],[5.47574,50.73003],[5.47566,50.73355],[5.46756,50.73655],[5.46706,50.7391],[5.46209,50.7388],[5.46259,50.73677],[5.4601,50.73641],[5.46317,50.73058],[5.45451,50.72715],[5.45474,50.72491],[5.45245,50.72315],[5.45483,50.72172],[5.44935,50.72016],[5.44778,50.72188],[5.43582,50.72209],[5.43235,50.71811],[5.43174,50.71972],[5.42809,50.71825],[5.42928,50.71548],[5.42438,50.71225],[5.42325,50.70868],[5.42491,50.70488],[5.4227,50.70267],[5.42486,50.70185],[5.42315,50.69996],[5.42474,50.69913],[5.42112,50.69481],[5.42932,50.69178],[5.42726,50.68822],[5.42925,50.68682],[5.42732,50.68508],[5.42071,50.67875],[5.42288,50.67843],[5.42274,50.67633],[5.43235,50.67218],[5.42996,50.66965],[5.4314,50.66869],[5.43407,50.67049],[5.43641,50.66964],[5.43978,50.66451],[5.43832,50.66204],[5.44036,50.66078],[5.45238,50.65878],[5.45723,50.65843],[5.46442,50.6591],[5.48766,50.6603],[5.48538,50.66222],[5.48586,50.66633],[5.48898,50.6717],[5.49154,50.67344],[5.48967,50.67439],[5.49127,50.67722],[5.48298,50.68065],[5.48318,50.68223],[5.47661,50.68219],[5.48074,50.69053],[5.48162,50.6909],[5.47615,50.69465],[5.46962,50.69651],[5.46049,50.70143],[5.46738,50.70629],[5.46875,50.70569],[5.48414,50.71267],[5.48479,50.71325]]]}},{"type":"Feature","id":"62009","bbox":[5.623782,50.395499,5.793222,50.521289],"properties":{"nis":"62009","name":"Aywaille","nameNl":"Aywaille","nameFr":"Aywaille","nameDe":"Aywaille","province":"liege","region":"wallonia","areaKm2":79.65},"geometry":{"type":"Polygon","coordinates":[[[5.63097,50.48696],[5.63567,50.48022],[5.63284,50.47872],[5.63038,50.47474],[5.62639,50.47204],[5.62589,50.46681],[5.62734,50.4632],[5.62498,50.46291],[5.62396,50.46017],[5.6244,50.45895],[5.62878,50.45759],[5.62768,50.45313],[5.63088,50.44663],[5.63605,50.44082],[5.64947,50.42907],[5.65321,50.42646],[5.6465,50.42561],[5.63746,50.42589],[5.63795,50.42285],[5.64447,50.4206],[5.64656,50.41835],[5.64441,50.41518],[5.64626,50.41378],[5.65595,50.41595],[5.66097,50.4107],[5.65857,50.40763],[5.66158,50.4065],[5.65904,50.40553],[5.65248,50.40536],[5.65042,50.40459],[5.65037,50.40244],[5.66019,50.39576],[5.66583,50.3976],[5.66586,50.40094],[5.67185,50.40297],[5.67532,50.40338],[5.68259,50.39999],[5.68786,50.40079],[5.69451,50.39915],[5.69925,50.39999],[5.70258,50.40391],[5.70534,50.4095],[5.70759,50.42045],[5.7071,50.43048],[5.70771,50.43258],[5.71259,50.43489],[5.71592,50.43472],[5.72025,50.4368],[5.72501,50.43616],[5.72958,50.43775],[5.73409,50.43758],[5.73448,50.44036],[5.73678,50.4434],[5.73959,50.44467],[5.74368,50.44502],[5.74671,50.4436],[5.75282,50.44274],[5.75456,50.43947],[5.76061,50.43784],[5.76514,50.43552],[5.76959,50.4347],[5.77532,50.43624],[5.78611,50.43454],[5.79322,50.43527],[5.77672,50.45345],[5.76615,50.46541],[5.73872,50.49565],[5.74182,50.49492],[5.74565,50.49549],[5.75064,50.4917],[5.75875,50.49052],[5.76587,50.51691],[5.76322,50.52129],[5.75583,50.51927],[5.74737,50.51803],[5.74128,50.51606],[5.73681,50.51557],[5.7312,50.51915],[5.72718,50.51809],[5.72425,50.51626],[5.72157,50.51156],[5.72046,50.50741],[5.71743,50.50314],[5.71332,50.49881],[5.70968,50.49882],[5.70946,50.49714],[5.70537,50.49702],[5.69616,50.49063],[5.69268,50.48653],[5.69101,50.48584],[5.68287,50.48653],[5.67901,50.48288],[5.67463,50.48023],[5.67035,50.48004],[5.67038,50.47649],[5.66561,50.47651],[5.6611,50.47746],[5.65794,50.48004],[5.64918,50.48042],[5.6524,50.48485],[5.64646,50.48356],[5.64466,50.48199],[5.63625,50.4817],[5.63294,50.4862],[5.63097,50.48696]]]}},{"type":"Feature","id":"62011","bbox":[5.519281,50.730507,5.687193,50.807757],"properties":{"nis":"62011","name":"Bassenge","nameNl":"Bitsingen","nameFr":"Bassenge","nameDe":"Bassenge","province":"liege","region":"wallonia","areaKm2":38.08},"geometry":{"type":"Polygon","coordinates":[[[5.59316,50.73403],[5.59411,50.735],[5.59371,50.74146],[5.59778,50.74691],[5.5982,50.75102],[5.60395,50.74548],[5.61052,50.75206],[5.61178,50.75076],[5.6167,50.74906],[5.61835,50.75016],[5.628,50.7443],[5.62815,50.74291],[5.63292,50.74466],[5.63908,50.74781],[5.64044,50.74728],[5.64693,50.74902],[5.64569,50.7502],[5.64977,50.75233],[5.64826,50.75396],[5.6508,50.75656],[5.65313,50.75728],[5.65454,50.76047],[5.65256,50.76204],[5.65673,50.76352],[5.65878,50.76811],[5.65673,50.77117],[5.65955,50.77264],[5.65928,50.77511],[5.66443,50.77099],[5.66697,50.77023],[5.67259,50.77651],[5.67759,50.7841],[5.67779,50.78743],[5.68177,50.79046],[5.68394,50.7946],[5.68488,50.80036],[5.68719,50.8041],[5.68366,50.80448],[5.68028,50.80639],[5.67381,50.80522],[5.67301,50.80776],[5.66834,50.80474],[5.65632,50.80585],[5.6532,50.80544],[5.64952,50.80032],[5.65129,50.79935],[5.64624,50.79304],[5.63622,50.78619],[5.63177,50.78568],[5.62681,50.7823],[5.62379,50.78222],[5.62043,50.78369],[5.61572,50.78423],[5.60636,50.77906],[5.61022,50.77514],[5.60699,50.77718],[5.60378,50.77571],[5.60266,50.77672],[5.59439,50.77344],[5.59064,50.77261],[5.59291,50.77064],[5.59155,50.77002],[5.58731,50.77232],[5.5848,50.77102],[5.58031,50.77315],[5.57848,50.77198],[5.57341,50.77093],[5.5725,50.76735],[5.57009,50.76649],[5.56992,50.76415],[5.56131,50.76399],[5.55652,50.76481],[5.55296,50.76401],[5.55124,50.76032],[5.54769,50.75882],[5.541,50.75829],[5.53264,50.75903],[5.53264,50.75694],[5.52637,50.75923],[5.52235,50.75847],[5.52277,50.75526],[5.51939,50.75207],[5.52155,50.75067],[5.51928,50.74722],[5.52455,50.74361],[5.52436,50.74234],[5.52812,50.73878],[5.52961,50.73911],[5.53294,50.73635],[5.53583,50.73126],[5.53732,50.73051],[5.54021,50.73455],[5.54305,50.73309],[5.54599,50.73373],[5.54967,50.73703],[5.55089,50.74246],[5.55285,50.74456],[5.55726,50.74487],[5.55702,50.74587],[5.56747,50.74893],[5.5715,50.74938],[5.57277,50.74354],[5.57609,50.74039],[5.57746,50.73672],[5.58013,50.73521],[5.5888,50.73304],[5.59316,50.73403]]]}},{"type":"Feature","id":"62015","bbox":[5.635921,50.611115,5.69361,50.650857],"properties":{"nis":"62015","name":"Beyne-Heusay","nameNl":"Beyne-Heusay","nameFr":"Beyne-Heusay","nameDe":"Beyne-Heusay","province":"liege","region":"wallonia","areaKm2":7.26},"geometry":{"type":"Polygon","coordinates":[[[5.68186,50.63793],[5.67431,50.64027],[5.66816,50.64654],[5.66566,50.64588],[5.66202,50.64724],[5.65904,50.65034],[5.65642,50.65067],[5.65394,50.64854],[5.65535,50.6476],[5.65126,50.64483],[5.65145,50.64302],[5.65407,50.64348],[5.6583,50.64064],[5.6573,50.63926],[5.66337,50.63578],[5.66038,50.63517],[5.65865,50.63268],[5.65676,50.63247],[5.65662,50.62966],[5.65263,50.62925],[5.64959,50.63182],[5.64399,50.63042],[5.64541,50.62938],[5.64435,50.62602],[5.63592,50.62661],[5.639,50.62526],[5.64165,50.62221],[5.64145,50.62092],[5.63815,50.62051],[5.6386,50.6181],[5.6364,50.61675],[5.64109,50.61474],[5.64457,50.61436],[5.64166,50.6113],[5.64604,50.61157],[5.6492,50.61161],[5.6594,50.61539],[5.66268,50.61589],[5.66834,50.61292],[5.67331,50.61546],[5.66882,50.61619],[5.6732,50.61887],[5.66951,50.62246],[5.67307,50.62392],[5.67174,50.62678],[5.67305,50.6298],[5.67457,50.62995],[5.68311,50.62731],[5.69086,50.62361],[5.69361,50.62408],[5.68302,50.63238],[5.68186,50.63793]]]}},{"type":"Feature","id":"62022","bbox":[5.588888,50.549591,5.680293,50.614899],"properties":{"nis":"62022","name":"Chaudfontaine","nameNl":"Chaudfontaine","nameFr":"Chaudfontaine","nameDe":"Chaudfontaine","province":"liege","region":"wallonia","areaKm2":25.4},"geometry":{"type":"Polygon","coordinates":[[[5.64604,50.61157],[5.64166,50.6113],[5.64457,50.61436],[5.64109,50.61474],[5.63398,50.61389],[5.63273,50.61224],[5.62667,50.60868],[5.62826,50.60319],[5.62722,50.60232],[5.61564,50.60678],[5.61485,50.60466],[5.61492,50.59955],[5.60892,50.60326],[5.60643,50.60356],[5.6051,50.60067],[5.6031,50.59959],[5.59875,50.60026],[5.59352,50.59853],[5.58988,50.59381],[5.59182,50.59063],[5.58909,50.58827],[5.59471,50.58407],[5.59519,50.58259],[5.60013,50.58106],[5.60496,50.57857],[5.6078,50.57364],[5.61334,50.57149],[5.6166,50.56836],[5.61665,50.56387],[5.61545,50.56044],[5.61652,50.55884],[5.60666,50.55729],[5.61505,50.55093],[5.62008,50.55244],[5.63023,50.55119],[5.63718,50.55185],[5.64561,50.55153],[5.65358,50.55234],[5.6589,50.54959],[5.66152,50.55091],[5.67469,50.55071],[5.67595,50.55364],[5.67348,50.55372],[5.67138,50.55569],[5.66025,50.55793],[5.6601,50.55882],[5.65412,50.55838],[5.64694,50.55885],[5.65152,50.55928],[5.65329,50.56272],[5.65995,50.56533],[5.66592,50.56678],[5.66343,50.57083],[5.66368,50.57286],[5.65155,50.56867],[5.64394,50.56777],[5.64176,50.56661],[5.64124,50.56918],[5.64489,50.57007],[5.64764,50.5724],[5.65038,50.57248],[5.65421,50.57676],[5.65831,50.57924],[5.65655,50.58081],[5.65866,50.58189],[5.66529,50.58167],[5.66508,50.58344],[5.67113,50.58563],[5.67327,50.58961],[5.68029,50.59114],[5.68023,50.59274],[5.67267,50.59662],[5.66956,50.59465],[5.66545,50.59381],[5.66409,50.59562],[5.66033,50.59575],[5.65851,50.59769],[5.65591,50.59814],[5.65156,50.604],[5.65465,50.60493],[5.65457,50.60758],[5.65049,50.60695],[5.64898,50.61032],[5.64575,50.60922],[5.64604,50.61157]]]}},{"type":"Feature","id":"62026","bbox":[5.535316,50.459175,5.635665,50.511882],"properties":{"nis":"62026","name":"Comblain-au-Pont","nameNl":"Comblain-au-Pont","nameFr":"Comblain-au-Pont","nameDe":"Comblain-au-Pont","province":"liege","region":"wallonia","areaKm2":22.47},"geometry":{"type":"Polygon","coordinates":[[[5.54196,50.46135],[5.54301,50.46157],[5.55319,50.45917],[5.56147,50.46084],[5.56935,50.46117],[5.5803,50.46341],[5.58429,50.46335],[5.60303,50.46497],[5.61132,50.464],[5.61088,50.46005],[5.62176,50.45967],[5.62396,50.46017],[5.62498,50.46291],[5.62734,50.4632],[5.62589,50.46681],[5.62639,50.47204],[5.63038,50.47474],[5.63284,50.47872],[5.63567,50.48022],[5.63097,50.48696],[5.62727,50.48857],[5.62201,50.48681],[5.62001,50.48302],[5.61811,50.47723],[5.61497,50.47678],[5.61117,50.47761],[5.6066,50.48197],[5.60259,50.48256],[5.59603,50.4811],[5.58949,50.48186],[5.58607,50.48292],[5.58333,50.48529],[5.5836,50.4877],[5.58805,50.49388],[5.59162,50.49627],[5.59553,50.50018],[5.59604,50.50423],[5.59413,50.50754],[5.59057,50.51048],[5.58692,50.51188],[5.57726,50.51099],[5.56716,50.50696],[5.55982,50.51068],[5.55309,50.50736],[5.54564,50.50562],[5.54702,50.50196],[5.55093,50.49887],[5.55115,50.49367],[5.55379,50.49125],[5.55274,50.48855],[5.54874,50.48383],[5.54895,50.4805],[5.54661,50.48042],[5.54517,50.4729],[5.54138,50.47198],[5.53532,50.46727],[5.54196,50.46135]]]}},{"type":"Feature","id":"62027","bbox":[5.701482,50.680904,5.818757,50.755471],"properties":{"nis":"62027","name":"Dalhem","nameNl":"Dalhem","nameFr":"Dalhem","nameDe":"Dalhem","province":"liege","region":"wallonia","areaKm2":35.99},"geometry":{"type":"Polygon","coordinates":[[[5.72228,50.74571],[5.72217,50.74015],[5.72524,50.73889],[5.72207,50.73433],[5.72055,50.72835],[5.72012,50.72283],[5.7223,50.7192],[5.71945,50.7192],[5.71897,50.72222],[5.71747,50.72328],[5.70925,50.72571],[5.7072,50.72075],[5.70956,50.71732],[5.71053,50.71273],[5.70459,50.70779],[5.70148,50.70409],[5.70345,50.70354],[5.70216,50.7014],[5.70847,50.69855],[5.71054,50.7001],[5.71729,50.70106],[5.72114,50.70621],[5.72319,50.70572],[5.72931,50.70733],[5.73255,50.70519],[5.73603,50.70414],[5.73637,50.70253],[5.74076,50.69975],[5.74543,50.69574],[5.74444,50.69495],[5.74947,50.68938],[5.74835,50.68555],[5.74999,50.68197],[5.75478,50.68266],[5.7618,50.6809],[5.76496,50.68213],[5.77005,50.6828],[5.7712,50.68586],[5.76685,50.69017],[5.75868,50.69396],[5.75524,50.69845],[5.75333,50.69942],[5.75315,50.70204],[5.75893,50.70281],[5.76273,50.69855],[5.76618,50.69725],[5.77089,50.69674],[5.77289,50.6956],[5.77806,50.6962],[5.78257,50.69535],[5.78636,50.69595],[5.79386,50.69943],[5.79575,50.70273],[5.79839,50.70249],[5.80628,50.71109],[5.80971,50.71282],[5.81349,50.71291],[5.81876,50.7144],[5.81295,50.71533],[5.8142,50.7176],[5.81278,50.71869],[5.81111,50.72343],[5.80934,50.72375],[5.80015,50.73212],[5.80325,50.73488],[5.80163,50.73657],[5.79888,50.7359],[5.79344,50.73901],[5.78945,50.74376],[5.78549,50.74575],[5.77764,50.74848],[5.77261,50.7497],[5.77062,50.75135],[5.76816,50.75093],[5.75299,50.74605],[5.7489,50.74524],[5.74609,50.74664],[5.74477,50.74911],[5.747,50.75224],[5.74351,50.75318],[5.74366,50.75445],[5.73729,50.75546],[5.73715,50.75479],[5.73095,50.75433],[5.73127,50.75196],[5.7283,50.75305],[5.72603,50.75168],[5.7268,50.74906],[5.72576,50.74671],[5.72228,50.74571]]]}},{"type":"Feature","id":"62032","bbox":[5.497363,50.50346,5.616681,50.581055],"properties":{"nis":"62032","name":"Esneux","nameNl":"Esneux","nameFr":"Esneux","nameDe":"Esneux","province":"liege","region":"wallonia","areaKm2":34.05},"geometry":{"type":"Polygon","coordinates":[[[5.54713,50.56133],[5.54634,50.55689],[5.54263,50.55367],[5.54438,50.55159],[5.55391,50.55317],[5.55446,50.55071],[5.54903,50.55024],[5.54644,50.5465],[5.54939,50.54353],[5.55097,50.53956],[5.55472,50.53393],[5.55256,50.53281],[5.54363,50.53028],[5.54263,50.53184],[5.53788,50.53094],[5.53724,50.52875],[5.53202,50.52727],[5.51976,50.52679],[5.51305,50.52365],[5.50977,50.52431],[5.50148,50.52252],[5.49834,50.52022],[5.49743,50.51796],[5.5001,50.51808],[5.50294,50.51374],[5.50499,50.51222],[5.50865,50.51346],[5.50778,50.5151],[5.51482,50.51673],[5.51419,50.51526],[5.51821,50.51209],[5.51403,50.51002],[5.51649,50.50841],[5.52326,50.50989],[5.52484,50.50926],[5.521,50.50772],[5.5205,50.50538],[5.52911,50.50346],[5.53808,50.50513],[5.54564,50.50562],[5.55309,50.50736],[5.55982,50.51068],[5.56716,50.50696],[5.57726,50.51099],[5.58692,50.51188],[5.59057,50.51048],[5.59273,50.51404],[5.59976,50.51833],[5.60803,50.52151],[5.61011,50.52141],[5.61204,50.52351],[5.6078,50.52299],[5.60564,50.52576],[5.60187,50.52679],[5.59865,50.53036],[5.59724,50.53353],[5.60034,50.542],[5.60106,50.54647],[5.60547,50.54811],[5.60864,50.54799],[5.61505,50.55093],[5.60666,50.55729],[5.61652,50.55884],[5.61545,50.56044],[5.61665,50.56387],[5.6166,50.56836],[5.61334,50.57149],[5.6078,50.57364],[5.60496,50.57857],[5.60013,50.58106],[5.60068,50.57788],[5.59956,50.57653],[5.59358,50.57584],[5.59051,50.57699],[5.5865,50.5763],[5.58133,50.57675],[5.57734,50.5758],[5.57429,50.57293],[5.57743,50.57061],[5.56942,50.56653],[5.56699,50.56617],[5.5676,50.56398],[5.5635,50.56218],[5.55723,50.56209],[5.55268,50.56102],[5.54713,50.56133]]]}},{"type":"Feature","id":"62038","bbox":[5.644138,50.589979,5.714924,50.644913],"properties":{"nis":"62038","name":"Fléron","nameNl":"Fléron","nameFr":"Fléron","nameDe":"Fléron","province":"liege","region":"wallonia","areaKm2":13.64},"geometry":{"type":"Polygon","coordinates":[[[5.69268,50.64491],[5.687,50.642],[5.68186,50.63793],[5.68302,50.63238],[5.69361,50.62408],[5.69086,50.62361],[5.68311,50.62731],[5.67457,50.62995],[5.67305,50.6298],[5.67174,50.62678],[5.67307,50.62392],[5.66951,50.62246],[5.6732,50.61887],[5.66882,50.61619],[5.67331,50.61546],[5.66834,50.61292],[5.66268,50.61589],[5.6594,50.61539],[5.6492,50.61161],[5.64604,50.61157],[5.64575,50.60922],[5.64898,50.61032],[5.65049,50.60695],[5.65457,50.60758],[5.65465,50.60493],[5.65156,50.604],[5.65591,50.59814],[5.65851,50.59769],[5.66033,50.59575],[5.66409,50.59562],[5.66545,50.59381],[5.66956,50.59465],[5.67267,50.59662],[5.68023,50.59274],[5.68372,50.59245],[5.68542,50.59409],[5.68626,50.59021],[5.69118,50.58998],[5.69276,50.59282],[5.69883,50.59344],[5.70027,50.59548],[5.7005,50.59701],[5.69797,50.5981],[5.69626,50.6006],[5.69433,50.60201],[5.69243,50.6058],[5.69359,50.60883],[5.69602,50.6097],[5.69865,50.61295],[5.70291,50.61158],[5.70186,50.61412],[5.70335,50.61624],[5.70683,50.61604],[5.71492,50.61812],[5.71256,50.61846],[5.71034,50.62132],[5.70998,50.62386],[5.71431,50.63062],[5.71196,50.63163],[5.70216,50.6388],[5.6979,50.64136],[5.69638,50.64344],[5.69268,50.64491]]]}},{"type":"Feature","id":"62051","bbox":[5.555549,50.654771,5.657437,50.702656],"properties":{"nis":"62051","name":"Herstal","nameNl":"Herstal","nameFr":"Herstal","nameDe":"Herstal","province":"liege","region":"wallonia","areaKm2":23.43},"geometry":{"type":"Polygon","coordinates":[[[5.5934,50.70141],[5.59173,50.70142],[5.58238,50.69838],[5.57889,50.70117],[5.57793,50.69855],[5.56152,50.69796],[5.55555,50.69383],[5.56377,50.68745],[5.56569,50.68665],[5.56473,50.68219],[5.56623,50.67866],[5.56565,50.67403],[5.56728,50.673],[5.56719,50.66932],[5.56869,50.66539],[5.57595,50.66689],[5.58261,50.66754],[5.58832,50.66629],[5.59064,50.66665],[5.59641,50.66559],[5.60209,50.66541],[5.60768,50.66449],[5.60827,50.66514],[5.61352,50.66381],[5.61455,50.66185],[5.61119,50.65812],[5.60824,50.65744],[5.60894,50.65533],[5.61663,50.65483],[5.62309,50.6558],[5.62637,50.65725],[5.62883,50.65654],[5.63467,50.6612],[5.64106,50.66825],[5.64339,50.66777],[5.64366,50.67096],[5.64732,50.67703],[5.65259,50.68136],[5.65442,50.68651],[5.65744,50.68799],[5.64171,50.69311],[5.62759,50.69885],[5.62427,50.70127],[5.6224,50.69992],[5.61841,50.70086],[5.61054,50.69986],[5.609,50.69814],[5.60324,50.7008],[5.59883,50.70004],[5.6003,50.70266],[5.5934,50.70141]]]}},{"type":"Feature","id":"62060","bbox":[5.478491,50.678534,5.599559,50.749378],"properties":{"nis":"62060","name":"Juprelle","nameNl":"Juprelle","nameFr":"Juprelle","nameDe":"Juprelle","province":"liege","region":"wallonia","areaKm2":35.32},"geometry":{"type":"Polygon","coordinates":[[[5.52436,50.74234],[5.5204,50.74076],[5.5187,50.74179],[5.50894,50.73627],[5.49375,50.73033],[5.49107,50.72747],[5.48363,50.72642],[5.47885,50.7237],[5.48069,50.72212],[5.47864,50.72015],[5.48008,50.71697],[5.47849,50.71582],[5.48479,50.71325],[5.49011,50.71682],[5.49011,50.7187],[5.49291,50.72291],[5.50295,50.71914],[5.50833,50.71774],[5.51304,50.72014],[5.51669,50.71808],[5.51763,50.7129],[5.51915,50.71106],[5.51726,50.71023],[5.51898,50.70877],[5.51097,50.70832],[5.51041,50.70612],[5.51749,50.70275],[5.51099,50.69848],[5.50757,50.69695],[5.50504,50.69712],[5.5081,50.69513],[5.50782,50.69337],[5.5051,50.69189],[5.51045,50.6881],[5.51574,50.68768],[5.51639,50.68587],[5.5202,50.68357],[5.52261,50.68544],[5.52858,50.68305],[5.53656,50.67853],[5.53922,50.68155],[5.53986,50.68455],[5.54293,50.68636],[5.54794,50.68589],[5.54888,50.68787],[5.55422,50.6869],[5.55092,50.68529],[5.55948,50.68353],[5.56111,50.68227],[5.56473,50.68219],[5.56569,50.68665],[5.56377,50.68745],[5.55555,50.69383],[5.56152,50.69796],[5.57793,50.69855],[5.57889,50.70117],[5.58238,50.69838],[5.59173,50.70142],[5.5934,50.70141],[5.59892,50.70608],[5.59956,50.70874],[5.59743,50.71092],[5.59902,50.71299],[5.59471,50.71511],[5.5971,50.7157],[5.59672,50.7201],[5.59499,50.72102],[5.59859,50.72322],[5.59905,50.72622],[5.59745,50.72765],[5.59435,50.73408],[5.59316,50.73403],[5.5888,50.73304],[5.58013,50.73521],[5.57746,50.73672],[5.57609,50.74039],[5.57277,50.74354],[5.5715,50.74938],[5.56747,50.74893],[5.55702,50.74587],[5.55726,50.74487],[5.55285,50.74456],[5.55089,50.74246],[5.54967,50.73703],[5.54599,50.73373],[5.54305,50.73309],[5.54021,50.73455],[5.53732,50.73051],[5.53583,50.73126],[5.53294,50.73635],[5.52961,50.73911],[5.52812,50.73878],[5.52436,50.74234]]]}},{"type":"Feature","id":"62063","bbox":[5.523388,50.561018,5.675257,50.688198],"properties":{"nis":"62063","name":"Liège","nameNl":"Luik","nameFr":"Liège","nameDe":"Lüttich","province":"liege","region":"wallonia","areaKm2":68.24},"geometry":{"type":"Polygon","coordinates":[[[5.60013,50.58106],[5.59519,50.58259],[5.59471,50.58407],[5.58909,50.58827],[5.59182,50.59063],[5.58988,50.59381],[5.59352,50.59853],[5.59875,50.60026],[5.6031,50.59959],[5.6051,50.60067],[5.60643,50.60356],[5.60892,50.60326],[5.61492,50.59955],[5.61485,50.60466],[5.61564,50.60678],[5.62722,50.60232],[5.62826,50.60319],[5.62667,50.60868],[5.63273,50.61224],[5.63398,50.61389],[5.64109,50.61474],[5.6364,50.61675],[5.6386,50.6181],[5.63815,50.62051],[5.64145,50.62092],[5.64165,50.62221],[5.639,50.62526],[5.63592,50.62661],[5.64435,50.62602],[5.64541,50.62938],[5.64399,50.63042],[5.64959,50.63182],[5.65263,50.62925],[5.65662,50.62966],[5.65676,50.63247],[5.65865,50.63268],[5.66038,50.63517],[5.66337,50.63578],[5.6573,50.63926],[5.6583,50.64064],[5.65407,50.64348],[5.65145,50.64302],[5.65126,50.64483],[5.65535,50.6476],[5.65394,50.64854],[5.65244,50.64956],[5.64527,50.65033],[5.64236,50.65194],[5.65161,50.65669],[5.65693,50.65739],[5.66284,50.65923],[5.66395,50.66133],[5.67276,50.66564],[5.67526,50.66867],[5.67284,50.66935],[5.67393,50.67117],[5.66851,50.67538],[5.6634,50.67672],[5.66347,50.67817],[5.66045,50.67916],[5.65848,50.68167],[5.65906,50.68402],[5.65259,50.68136],[5.64732,50.67703],[5.64366,50.67096],[5.64339,50.66777],[5.64106,50.66825],[5.63467,50.6612],[5.62883,50.65654],[5.62637,50.65725],[5.62309,50.6558],[5.61663,50.65483],[5.60894,50.65533],[5.60824,50.65744],[5.61119,50.65812],[5.61455,50.66185],[5.61352,50.66381],[5.60827,50.66514],[5.60768,50.66449],[5.60209,50.66541],[5.59641,50.66559],[5.59064,50.66665],[5.58832,50.66629],[5.58261,50.66754],[5.57595,50.66689],[5.56869,50.66539],[5.56719,50.66932],[5.56728,50.673],[5.56565,50.67403],[5.56623,50.67866],[5.56473,50.68219],[5.56111,50.68227],[5.55948,50.68353],[5.55092,50.68529],[5.55422,50.6869],[5.54888,50.68787],[5.54794,50.68589],[5.54293,50.68636],[5.53986,50.68455],[5.53922,50.68155],[5.53656,50.67853],[5.53836,50.67394],[5.53449,50.67129],[5.54085,50.66941],[5.53708,50.66462],[5.54184,50.66377],[5.54664,50.65907],[5.5519,50.65974],[5.55255,50.65845],[5.55045,50.65454],[5.54787,50.65383],[5.54666,50.6491],[5.5424,50.64948],[5.53941,50.6508],[5.53674,50.64955],[5.53407,50.65094],[5.52691,50.65303],[5.52344,50.64932],[5.52818,50.64536],[5.53202,50.64483],[5.53571,50.64001],[5.53818,50.63922],[5.53751,50.63744],[5.53935,50.63427],[5.54513,50.63144],[5.54424,50.62871],[5.54508,50.62629],[5.54782,50.62446],[5.54934,50.62116],[5.54795,50.61934],[5.54393,50.61905],[5.53956,50.62049],[5.53653,50.6194],[5.5298,50.61292],[5.53254,50.61021],[5.53643,50.60863],[5.54355,50.60742],[5.5588,50.60717],[5.56009,50.60517],[5.55902,50.60232],[5.56177,50.59608],[5.56555,50.59054],[5.55576,50.58875],[5.55673,50.58659],[5.55287,50.58386],[5.55216,50.58098],[5.55321,50.57819],[5.55085,50.5804],[5.54679,50.57894],[5.54476,50.57677],[5.54689,50.57407],[5.55167,50.57166],[5.55357,50.56824],[5.55144,50.56695],[5.55107,50.56427],[5.55268,50.56102],[5.55723,50.56209],[5.5635,50.56218],[5.5676,50.56398],[5.56699,50.56617],[5.56942,50.56653],[5.57743,50.57061],[5.57429,50.57293],[5.57734,50.5758],[5.58133,50.57675],[5.5865,50.5763],[5.59051,50.57699],[5.59358,50.57584],[5.59956,50.57653],[5.60068,50.57788],[5.60013,50.58106]]]}},{"type":"Feature","id":"62079","bbox":[5.593159,50.681362,5.691972,50.753153],"properties":{"nis":"62079","name":"Oupeye","nameNl":"Oupeye","nameFr":"Oupeye","nameDe":"Oupeye","province":"liege","region":"wallonia","areaKm2":35.97},"geometry":{"type":"Polygon","coordinates":[[[5.64977,50.75233],[5.64569,50.7502],[5.64693,50.74902],[5.64044,50.74728],[5.63908,50.74781],[5.63292,50.74466],[5.62815,50.74291],[5.628,50.7443],[5.61835,50.75016],[5.6167,50.74906],[5.61178,50.75076],[5.61052,50.75206],[5.60395,50.74548],[5.5982,50.75102],[5.59778,50.74691],[5.59371,50.74146],[5.59411,50.735],[5.59316,50.73403],[5.59435,50.73408],[5.59745,50.72765],[5.59905,50.72622],[5.59859,50.72322],[5.59499,50.72102],[5.59672,50.7201],[5.5971,50.7157],[5.59471,50.71511],[5.59902,50.71299],[5.59743,50.71092],[5.59956,50.70874],[5.59892,50.70608],[5.5934,50.70141],[5.6003,50.70266],[5.59883,50.70004],[5.60324,50.7008],[5.609,50.69814],[5.61054,50.69986],[5.61841,50.70086],[5.6224,50.69992],[5.62427,50.70127],[5.62759,50.69885],[5.64171,50.69311],[5.65744,50.68799],[5.65442,50.68651],[5.65259,50.68136],[5.65906,50.68402],[5.66678,50.68665],[5.67133,50.68961],[5.67543,50.69705],[5.67824,50.70488],[5.68114,50.70807],[5.6861,50.71549],[5.69039,50.72074],[5.6913,50.72428],[5.69174,50.73239],[5.68519,50.73227],[5.67666,50.73303],[5.67661,50.74522],[5.66999,50.74606],[5.67022,50.74686],[5.66092,50.74764],[5.6593,50.74945],[5.65528,50.74976],[5.65514,50.75197],[5.65078,50.75315],[5.64977,50.75233]]]}},{"type":"Feature","id":"62093","bbox":[5.506611,50.612922,5.549343,50.651359],"properties":{"nis":"62093","name":"Saint-Nicolas","nameNl":"Saint-Nicolas","nameFr":"Saint-Nicolas","nameDe":"Saint-Nicolas","province":"liege","region":"wallonia","areaKm2":6.87},"geometry":{"type":"Polygon","coordinates":[[[5.52344,50.64932],[5.5206,50.65136],[5.51168,50.64921],[5.51267,50.64764],[5.51036,50.64124],[5.50884,50.63902],[5.50661,50.6319],[5.50787,50.62861],[5.50905,50.6268],[5.51324,50.62752],[5.51401,50.62637],[5.51802,50.62641],[5.52186,50.62812],[5.52348,50.62507],[5.51949,50.62371],[5.52193,50.62163],[5.51982,50.618],[5.5257,50.61598],[5.5298,50.61292],[5.53653,50.6194],[5.53956,50.62049],[5.54393,50.61905],[5.54795,50.61934],[5.54934,50.62116],[5.54782,50.62446],[5.54508,50.62629],[5.54424,50.62871],[5.54513,50.63144],[5.53935,50.63427],[5.53751,50.63744],[5.53818,50.63922],[5.53571,50.64001],[5.53202,50.64483],[5.52818,50.64536],[5.52344,50.64932]]]}},{"type":"Feature","id":"62096","bbox":[5.469893,50.54723,5.565546,50.628614],"properties":{"nis":"62096","name":"Seraing","nameNl":"Seraing","nameFr":"Seraing","nameDe":"Seraing","province":"liege","region":"wallonia","areaKm2":35.11},"geometry":{"type":"Polygon","coordinates":[[[5.5298,50.61292],[5.5257,50.61598],[5.51982,50.618],[5.52193,50.62163],[5.51949,50.62371],[5.52348,50.62507],[5.52186,50.62812],[5.51802,50.62641],[5.51401,50.62637],[5.51324,50.62752],[5.50905,50.6268],[5.50787,50.62861],[5.50275,50.62429],[5.49669,50.62176],[5.49468,50.62339],[5.48702,50.62575],[5.48431,50.62714],[5.48013,50.62307],[5.47629,50.62115],[5.47628,50.61966],[5.48082,50.61841],[5.48241,50.61628],[5.48197,50.61277],[5.48622,50.60891],[5.48495,50.60791],[5.48904,50.60397],[5.48025,50.59799],[5.47868,50.59542],[5.48119,50.59385],[5.47867,50.58874],[5.4733,50.58598],[5.46992,50.58212],[5.47184,50.57865],[5.47712,50.57927],[5.48224,50.57739],[5.48184,50.57395],[5.48356,50.5717],[5.49253,50.56854],[5.4981,50.56399],[5.49874,50.55845],[5.49655,50.55292],[5.49746,50.54972],[5.49647,50.54723],[5.50863,50.55144],[5.54713,50.56133],[5.55268,50.56102],[5.55107,50.56427],[5.55144,50.56695],[5.55357,50.56824],[5.55167,50.57166],[5.54689,50.57407],[5.54476,50.57677],[5.54679,50.57894],[5.55085,50.5804],[5.55321,50.57819],[5.55216,50.58098],[5.55287,50.58386],[5.55673,50.58659],[5.55576,50.58875],[5.56555,50.59054],[5.56177,50.59608],[5.55902,50.60232],[5.56009,50.60517],[5.5588,50.60717],[5.54355,50.60742],[5.53643,50.60863],[5.53254,50.61021],[5.5298,50.61292]]]}},{"type":"Feature","id":"62099","bbox":[5.689273,50.599284,5.768902,50.666524],"properties":{"nis":"62099","name":"Soumagne","nameNl":"Soumagne","nameFr":"Soumagne","nameDe":"Soumagne","province":"liege","region":"wallonia","areaKm2":27.11},"geometry":{"type":"Polygon","coordinates":[[[5.69626,50.6006],[5.69855,50.60429],[5.70171,50.60623],[5.70405,50.60979],[5.70969,50.6104],[5.71773,50.60575],[5.72829,50.60279],[5.73663,50.60268],[5.74521,50.59928],[5.7529,50.59983],[5.75401,50.60054],[5.76376,50.60224],[5.76018,50.60722],[5.76181,50.60898],[5.76865,50.60962],[5.76827,50.61283],[5.76471,50.61584],[5.76469,50.61723],[5.76001,50.62173],[5.75756,50.6227],[5.76023,50.62719],[5.76138,50.63065],[5.76418,50.63347],[5.76216,50.63678],[5.76433,50.64078],[5.76664,50.64253],[5.76476,50.64486],[5.75546,50.64865],[5.7548,50.65187],[5.75001,50.65558],[5.74773,50.65866],[5.74661,50.66241],[5.73688,50.66324],[5.7324,50.66247],[5.72571,50.66273],[5.71711,50.6645],[5.71336,50.66652],[5.71056,50.66445],[5.70866,50.65875],[5.70381,50.66],[5.70543,50.65708],[5.70292,50.65495],[5.69828,50.65692],[5.69646,50.65988],[5.69208,50.66061],[5.68927,50.65963],[5.68987,50.65607],[5.69179,50.65402],[5.69252,50.64781],[5.69058,50.64573],[5.69268,50.64491],[5.69638,50.64344],[5.6979,50.64136],[5.70216,50.6388],[5.71196,50.63163],[5.71431,50.63062],[5.70998,50.62386],[5.71034,50.62132],[5.71256,50.61846],[5.71492,50.61812],[5.70683,50.61604],[5.70335,50.61624],[5.70186,50.61412],[5.70291,50.61158],[5.69865,50.61295],[5.69602,50.6097],[5.69359,50.60883],[5.69243,50.6058],[5.69433,50.60201],[5.69626,50.6006]]]}},{"type":"Feature","id":"62100","bbox":[5.583332,50.476398,5.763221,50.555809],"properties":{"nis":"62100","name":"Sprimont","nameNl":"Sprimont","nameFr":"Sprimont","nameDe":"Sprimont","province":"liege","region":"wallonia","areaKm2":74.29},"geometry":{"type":"Polygon","coordinates":[[[5.59057,50.51048],[5.59413,50.50754],[5.59604,50.50423],[5.59553,50.50018],[5.59162,50.49627],[5.58805,50.49388],[5.5836,50.4877],[5.58333,50.48529],[5.58607,50.48292],[5.58949,50.48186],[5.59603,50.4811],[5.60259,50.48256],[5.6066,50.48197],[5.61117,50.47761],[5.61497,50.47678],[5.61811,50.47723],[5.62001,50.48302],[5.62201,50.48681],[5.62727,50.48857],[5.63097,50.48696],[5.63294,50.4862],[5.63625,50.4817],[5.64466,50.48199],[5.64646,50.48356],[5.6524,50.48485],[5.64918,50.48042],[5.65794,50.48004],[5.6611,50.47746],[5.66561,50.47651],[5.67038,50.47649],[5.67035,50.48004],[5.67463,50.48023],[5.67901,50.48288],[5.68287,50.48653],[5.69101,50.48584],[5.69268,50.48653],[5.69616,50.49063],[5.70537,50.49702],[5.70946,50.49714],[5.70968,50.49882],[5.71332,50.49881],[5.71743,50.50314],[5.72046,50.50741],[5.72157,50.51156],[5.72425,50.51626],[5.72718,50.51809],[5.7312,50.51915],[5.73681,50.51557],[5.74128,50.51606],[5.74737,50.51803],[5.75583,50.51927],[5.76322,50.52129],[5.75236,50.53893],[5.7524,50.54061],[5.7554,50.54686],[5.75011,50.54745],[5.74743,50.54892],[5.74,50.55029],[5.73773,50.55156],[5.73324,50.55106],[5.73137,50.55192],[5.72518,50.55219],[5.71759,50.55476],[5.71264,50.55235],[5.70832,50.55296],[5.70467,50.55581],[5.68929,50.55033],[5.68144,50.55089],[5.67469,50.55071],[5.66152,50.55091],[5.6589,50.54959],[5.65358,50.55234],[5.64561,50.55153],[5.63718,50.55185],[5.63023,50.55119],[5.62008,50.55244],[5.61505,50.55093],[5.60864,50.54799],[5.60547,50.54811],[5.60106,50.54647],[5.60034,50.542],[5.59724,50.53353],[5.59865,50.53036],[5.60187,50.52679],[5.60564,50.52576],[5.6078,50.52299],[5.61204,50.52351],[5.61011,50.52141],[5.60803,50.52151],[5.59976,50.51833],[5.59273,50.51404],[5.59057,50.51048]]]}},{"type":"Feature","id":"62108","bbox":[5.648255,50.671171,5.725238,50.812122],"properties":{"nis":"62108","name":"Visé","nameNl":"Wezet","nameFr":"Visé","nameDe":"Weset","province":"liege","region":"wallonia","areaKm2":27.63},"geometry":{"type":"Polygon","coordinates":[[[5.70148,50.70409],[5.70459,50.70779],[5.71053,50.71273],[5.70956,50.71732],[5.7072,50.72075],[5.70925,50.72571],[5.71747,50.72328],[5.71897,50.72222],[5.71945,50.7192],[5.7223,50.7192],[5.72012,50.72283],[5.72055,50.72835],[5.72207,50.73433],[5.72524,50.73889],[5.72217,50.74015],[5.72228,50.74571],[5.71114,50.74827],[5.70319,50.7506],[5.69642,50.7502],[5.69243,50.75174],[5.68816,50.75229],[5.68532,50.7551],[5.68323,50.75482],[5.68217,50.75753],[5.68283,50.76126],[5.69375,50.77094],[5.69737,50.77531],[5.69874,50.77962],[5.69768,50.78705],[5.69459,50.79414],[5.69354,50.80011],[5.69386,50.81152],[5.68788,50.81192],[5.68813,50.80786],[5.68719,50.8041],[5.68488,50.80036],[5.68394,50.7946],[5.68177,50.79046],[5.67779,50.78743],[5.67759,50.7841],[5.67259,50.77651],[5.66697,50.77023],[5.66443,50.77099],[5.65928,50.77511],[5.65955,50.77264],[5.65673,50.77117],[5.65878,50.76811],[5.65673,50.76352],[5.65256,50.76204],[5.65454,50.76047],[5.65313,50.75728],[5.6508,50.75656],[5.64826,50.75396],[5.64977,50.75233],[5.65078,50.75315],[5.65514,50.75197],[5.65528,50.74976],[5.6593,50.74945],[5.66092,50.74764],[5.67022,50.74686],[5.66999,50.74606],[5.67661,50.74522],[5.67666,50.73303],[5.68519,50.73227],[5.69174,50.73239],[5.6913,50.72428],[5.69039,50.72074],[5.6861,50.71549],[5.68114,50.70807],[5.67824,50.70488],[5.67543,50.69705],[5.67133,50.68961],[5.66678,50.68665],[5.65906,50.68402],[5.65848,50.68167],[5.66045,50.67916],[5.66347,50.67817],[5.6634,50.67672],[5.66851,50.67538],[5.67393,50.67117],[5.67799,50.67702],[5.68208,50.67771],[5.68626,50.68131],[5.68968,50.6869],[5.69313,50.6893],[5.69638,50.68895],[5.69787,50.69696],[5.7006,50.70425],[5.70148,50.70409]]]}},{"type":"Feature","id":"62118","bbox":[5.34946,50.613908,5.512669,50.660777],"properties":{"nis":"62118","name":"Grâce-Hollogne","nameNl":"Grâce-Hollogne","nameFr":"Grâce-Hollogne","nameDe":"Grâce-Hollogne","province":"liege","region":"wallonia","areaKm2":34.11},"geometry":{"type":"Polygon","coordinates":[[[5.47629,50.62115],[5.48013,50.62307],[5.48431,50.62714],[5.48702,50.62575],[5.49468,50.62339],[5.49669,50.62176],[5.50275,50.62429],[5.50787,50.62861],[5.50661,50.6319],[5.50884,50.63902],[5.51036,50.64124],[5.51267,50.64764],[5.51168,50.64921],[5.50506,50.65414],[5.50691,50.6553],[5.5002,50.65917],[5.49068,50.65931],[5.48786,50.65874],[5.48766,50.6603],[5.46442,50.6591],[5.45723,50.65843],[5.45238,50.65878],[5.44036,50.66078],[5.43909,50.65899],[5.44077,50.65783],[5.43561,50.65159],[5.43241,50.65147],[5.43025,50.64879],[5.42806,50.65008],[5.42559,50.64805],[5.42365,50.64934],[5.41878,50.64691],[5.41722,50.64508],[5.41446,50.64465],[5.41115,50.64629],[5.40936,50.64406],[5.41024,50.64241],[5.39421,50.6405],[5.39239,50.64143],[5.38923,50.63918],[5.38134,50.64335],[5.37366,50.64642],[5.37008,50.64528],[5.35023,50.63459],[5.34946,50.63337],[5.35056,50.63116],[5.36074,50.62797],[5.36367,50.62573],[5.37256,50.62171],[5.37566,50.61655],[5.38045,50.61391],[5.40791,50.61703],[5.41465,50.61912],[5.43531,50.628],[5.43588,50.62693],[5.44094,50.6285],[5.44201,50.62776],[5.44823,50.62917],[5.45026,50.62726],[5.45433,50.629],[5.46219,50.62937],[5.46264,50.62712],[5.46445,50.62753],[5.46582,50.62509],[5.46948,50.62354],[5.4748,50.62444],[5.47629,50.62115]]]}},{"type":"Feature","id":"62119","bbox":[5.642364,50.637925,5.775044,50.707333],"properties":{"nis":"62119","name":"Blegny","nameNl":"Blegny","nameFr":"Blegny","nameDe":"Blegny","province":"liege","region":"wallonia","areaKm2":25.96},"geometry":{"type":"Polygon","coordinates":[[[5.68186,50.63793],[5.687,50.642],[5.69268,50.64491],[5.69058,50.64573],[5.69252,50.64781],[5.69179,50.65402],[5.68987,50.65607],[5.68927,50.65963],[5.69208,50.66061],[5.69646,50.65988],[5.69828,50.65692],[5.70292,50.65495],[5.70543,50.65708],[5.70381,50.66],[5.70866,50.65875],[5.71056,50.66445],[5.71336,50.66652],[5.71711,50.6645],[5.72571,50.66273],[5.7324,50.66247],[5.73002,50.66544],[5.73161,50.66837],[5.73698,50.66893],[5.74124,50.67038],[5.73983,50.67327],[5.74168,50.67891],[5.74523,50.6783],[5.74559,50.67624],[5.75203,50.67195],[5.75597,50.67447],[5.7628,50.66935],[5.76707,50.66972],[5.77254,50.67378],[5.77415,50.67696],[5.77482,50.68149],[5.7712,50.68586],[5.77005,50.6828],[5.76496,50.68213],[5.7618,50.6809],[5.75478,50.68266],[5.74999,50.68197],[5.74835,50.68555],[5.74947,50.68938],[5.74444,50.69495],[5.74543,50.69574],[5.74076,50.69975],[5.73637,50.70253],[5.73603,50.70414],[5.73255,50.70519],[5.72931,50.70733],[5.72319,50.70572],[5.72114,50.70621],[5.71729,50.70106],[5.71054,50.7001],[5.70847,50.69855],[5.70216,50.7014],[5.70345,50.70354],[5.70148,50.70409],[5.7006,50.70425],[5.69787,50.69696],[5.69638,50.68895],[5.69313,50.6893],[5.68968,50.6869],[5.68626,50.68131],[5.68208,50.67771],[5.67799,50.67702],[5.67393,50.67117],[5.67284,50.66935],[5.67526,50.66867],[5.67276,50.66564],[5.66395,50.66133],[5.66284,50.65923],[5.65693,50.65739],[5.65161,50.65669],[5.64236,50.65194],[5.64527,50.65033],[5.65244,50.64956],[5.65394,50.64854],[5.65642,50.65067],[5.65904,50.65034],[5.66202,50.64724],[5.66566,50.64588],[5.66816,50.64654],[5.67431,50.64027],[5.68186,50.63793]]]}},{"type":"Feature","id":"62120","bbox":[5.380452,50.557083,5.489041,50.629369],"properties":{"nis":"62120","name":"Flémalle","nameNl":"Flémalle","nameFr":"Flémalle","nameDe":"Flémalle","province":"liege","region":"wallonia","areaKm2":36.42},"geometry":{"type":"Polygon","coordinates":[[[5.38045,50.61391],[5.38345,50.61146],[5.3868,50.61129],[5.38558,50.60982],[5.3865,50.60533],[5.38819,50.60348],[5.38586,50.60313],[5.39064,50.59922],[5.38774,50.59665],[5.38812,50.59199],[5.39095,50.59231],[5.39117,50.59001],[5.39443,50.5898],[5.39579,50.59201],[5.40483,50.59305],[5.40759,50.59212],[5.41072,50.58866],[5.41286,50.58884],[5.41616,50.58352],[5.41365,50.58298],[5.41563,50.57953],[5.41153,50.57743],[5.41834,50.57721],[5.42504,50.57115],[5.42899,50.5646],[5.43193,50.56507],[5.43901,50.56341],[5.44416,50.56093],[5.44777,50.56141],[5.45304,50.55764],[5.45991,50.55708],[5.46285,50.56631],[5.46503,50.5675],[5.47792,50.56874],[5.48356,50.5717],[5.48184,50.57395],[5.48224,50.57739],[5.47712,50.57927],[5.47184,50.57865],[5.46992,50.58212],[5.4733,50.58598],[5.47867,50.58874],[5.48119,50.59385],[5.47868,50.59542],[5.48025,50.59799],[5.48904,50.60397],[5.48495,50.60791],[5.48622,50.60891],[5.48197,50.61277],[5.48241,50.61628],[5.48082,50.61841],[5.47628,50.61966],[5.47629,50.62115],[5.4748,50.62444],[5.46948,50.62354],[5.46582,50.62509],[5.46445,50.62753],[5.46264,50.62712],[5.46219,50.62937],[5.45433,50.629],[5.45026,50.62726],[5.44823,50.62917],[5.44201,50.62776],[5.44094,50.6285],[5.43588,50.62693],[5.43531,50.628],[5.41465,50.61912],[5.40791,50.61703],[5.38045,50.61391]]]}},{"type":"Feature","id":"62121","bbox":[5.422682,50.520127,5.554715,50.57174],"properties":{"nis":"62121","name":"Neupré","nameNl":"Neupré","nameFr":"Neupré","nameDe":"Neupré","province":"liege","region":"wallonia","areaKm2":31.72},"geometry":{"type":"Polygon","coordinates":[[[5.48356,50.5717],[5.47792,50.56874],[5.46503,50.5675],[5.46285,50.56631],[5.45991,50.55708],[5.45304,50.55764],[5.44777,50.56141],[5.44416,50.56093],[5.43901,50.56341],[5.43193,50.56507],[5.42899,50.5646],[5.42535,50.56396],[5.42497,50.5606],[5.42291,50.55753],[5.42443,50.55266],[5.4321,50.54993],[5.4343,50.54716],[5.44054,50.54166],[5.4421,50.53818],[5.43918,50.53653],[5.4421,50.53242],[5.44552,50.53071],[5.44573,50.52569],[5.4487,50.52178],[5.45836,50.5274],[5.46349,50.52864],[5.46483,50.52449],[5.46851,50.52485],[5.47464,50.52285],[5.47693,50.5214],[5.48156,50.52013],[5.48742,50.52236],[5.49132,50.52176],[5.49437,50.52284],[5.50148,50.52252],[5.50977,50.52431],[5.51305,50.52365],[5.51976,50.52679],[5.53202,50.52727],[5.53724,50.52875],[5.53788,50.53094],[5.54263,50.53184],[5.54363,50.53028],[5.55256,50.53281],[5.55472,50.53393],[5.55097,50.53956],[5.54939,50.54353],[5.54644,50.5465],[5.54903,50.55024],[5.55446,50.55071],[5.55391,50.55317],[5.54438,50.55159],[5.54263,50.55367],[5.54634,50.55689],[5.54713,50.56133],[5.50863,50.55144],[5.49647,50.54723],[5.49746,50.54972],[5.49655,50.55292],[5.49874,50.55845],[5.4981,50.56399],[5.49253,50.56854],[5.48356,50.5717]]]}},{"type":"Feature","id":"62122","bbox":[5.640852,50.546658,5.773588,50.595559],"properties":{"nis":"62122","name":"Trooz","nameNl":"Trooz","nameFr":"Trooz","nameDe":"Trooz","province":"liege","region":"wallonia","areaKm2":24.19},"geometry":{"type":"Polygon","coordinates":[[[5.76593,50.57319],[5.76336,50.57473],[5.75892,50.5757],[5.75302,50.57233],[5.75098,50.57251],[5.75137,50.57783],[5.74806,50.57829],[5.74482,50.58089],[5.74115,50.58019],[5.74007,50.58325],[5.73404,50.58675],[5.73033,50.58646],[5.73066,50.58379],[5.72903,50.58279],[5.73455,50.58254],[5.73914,50.57922],[5.73883,50.57726],[5.73387,50.5739],[5.73464,50.57129],[5.73734,50.56814],[5.73523,50.56446],[5.73248,50.5636],[5.73053,50.56496],[5.72337,50.56651],[5.71993,50.56863],[5.71709,50.5686],[5.71049,50.56506],[5.70378,50.56571],[5.69922,50.57051],[5.69305,50.5716],[5.6949,50.57253],[5.70457,50.57356],[5.70861,50.57548],[5.71169,50.57805],[5.70864,50.58151],[5.70673,50.58712],[5.7092,50.59243],[5.70532,50.59317],[5.70027,50.59548],[5.69883,50.59344],[5.69276,50.59282],[5.69118,50.58998],[5.68626,50.59021],[5.68542,50.59409],[5.68372,50.59245],[5.68023,50.59274],[5.68029,50.59114],[5.67327,50.58961],[5.67113,50.58563],[5.66508,50.58344],[5.66529,50.58167],[5.65866,50.58189],[5.65655,50.58081],[5.65831,50.57924],[5.65421,50.57676],[5.65038,50.57248],[5.64764,50.5724],[5.64489,50.57007],[5.64124,50.56918],[5.64176,50.56661],[5.64394,50.56777],[5.65155,50.56867],[5.66368,50.57286],[5.66343,50.57083],[5.66592,50.56678],[5.65995,50.56533],[5.65329,50.56272],[5.65152,50.55928],[5.64694,50.55885],[5.65412,50.55838],[5.6601,50.55882],[5.66025,50.55793],[5.67138,50.55569],[5.67348,50.55372],[5.67595,50.55364],[5.67469,50.55071],[5.68144,50.55089],[5.68929,50.55033],[5.70467,50.55581],[5.70832,50.55296],[5.71264,50.55235],[5.71759,50.55476],[5.72518,50.55219],[5.73137,50.55192],[5.73324,50.55106],[5.73773,50.55156],[5.74,50.55029],[5.74743,50.54892],[5.75011,50.54745],[5.7554,50.54686],[5.7583,50.54932],[5.76214,50.55083],[5.77219,50.55943],[5.77359,50.56278],[5.7714,50.56544],[5.76765,50.56678],[5.76705,50.56361],[5.7612,50.56332],[5.76289,50.56678],[5.76256,50.56908],[5.76593,50.57319]]]}},{"type":"Feature","id":"63001","bbox":[6.069725,50.284522,6.286047,50.405059],"properties":{"nis":"63001","name":"Amel","nameNl":"Amel","nameFr":"Amblève","nameDe":"Amel","province":"liege","region":"wallonia","areaKm2":125.34},"geometry":{"type":"Polygon","coordinates":[[[6.28508,50.30913],[6.28605,50.31026],[6.28389,50.31288],[6.27908,50.31577],[6.2753,50.32116],[6.27072,50.32345],[6.26857,50.32838],[6.27076,50.33128],[6.26881,50.33311],[6.26703,50.337],[6.26809,50.341],[6.27437,50.34457],[6.27242,50.34784],[6.27503,50.35032],[6.27694,50.35439],[6.27312,50.3593],[6.27358,50.36169],[6.26911,50.36303],[6.26313,50.37207],[6.25673,50.3798],[6.24985,50.38358],[6.24581,50.38478],[6.23885,50.38364],[6.23817,50.38513],[6.23384,50.38678],[6.23077,50.38923],[6.22606,50.3879],[6.22208,50.38867],[6.21536,50.39233],[6.21947,50.39435],[6.21622,50.39643],[6.20849,50.39549],[6.20274,50.39382],[6.20237,50.39643],[6.19651,50.39861],[6.19562,50.40087],[6.1886,50.40024],[6.18173,50.40471],[6.17675,50.40306],[6.17725,50.4009],[6.17541,50.4005],[6.17451,50.40434],[6.17157,50.40455],[6.17047,50.40222],[6.16725,50.40126],[6.1682,50.39924],[6.16061,50.39891],[6.15783,50.39597],[6.15292,50.39252],[6.14528,50.39225],[6.13823,50.38895],[6.1316,50.38782],[6.12912,50.38578],[6.1231,50.38455],[6.12506,50.38181],[6.12415,50.37867],[6.11774,50.3764],[6.11666,50.37907],[6.11364,50.38004],[6.10842,50.37888],[6.0989,50.37272],[6.09669,50.37227],[6.09162,50.36802],[6.08618,50.36572],[6.08867,50.362],[6.0864,50.36084],[6.08442,50.35783],[6.07926,50.35632],[6.07839,50.35382],[6.0718,50.35031],[6.06973,50.35066],[6.0778,50.34417],[6.08022,50.34099],[6.08082,50.33611],[6.09285,50.31834],[6.09238,50.31633],[6.10173,50.31558],[6.10627,50.31421],[6.11306,50.31338],[6.11824,50.31048],[6.11908,50.3045],[6.12199,50.30356],[6.12295,50.30001],[6.13139,50.29951],[6.13389,50.29798],[6.13947,50.29866],[6.14369,50.29771],[6.14921,50.30278],[6.14835,50.30512],[6.15053,50.311],[6.15259,50.30966],[6.16251,50.30741],[6.16948,50.3077],[6.17237,50.30096],[6.17914,50.29697],[6.18356,50.29768],[6.18815,50.29583],[6.18601,50.29055],[6.18946,50.28593],[6.19331,50.28743],[6.19791,50.28592],[6.20499,50.28452],[6.20627,50.28642],[6.20474,50.29119],[6.20636,50.29264],[6.20449,50.29472],[6.21084,50.29691],[6.21322,50.30157],[6.21814,50.30228],[6.21987,50.3013],[6.22498,50.30123],[6.22588,50.30258],[6.2237,50.30427],[6.21837,50.30309],[6.21693,50.30574],[6.22128,50.30726],[6.22216,50.30896],[6.22671,50.30938],[6.22723,50.31426],[6.22946,50.31471],[6.23029,50.31694],[6.2353,50.31161],[6.2381,50.31073],[6.2414,50.30678],[6.2409,50.30365],[6.2445,50.30233],[6.24939,50.29702],[6.25196,50.2923],[6.25483,50.2915],[6.25713,50.29443],[6.25747,50.297],[6.26068,50.3018],[6.26068,50.30668],[6.26524,50.30899],[6.26843,50.30727],[6.26971,50.3083],[6.2775,50.30572],[6.27941,50.30729],[6.28508,50.30913]]]}},{"type":"Feature","id":"63003","bbox":[5.79839,50.67625,5.922339,50.717506],"properties":{"nis":"63003","name":"Aubel","nameNl":"Aubel","nameFr":"Aubel","nameDe":"Aubel","province":"liege","region":"wallonia","areaKm2":18.76},"geometry":{"type":"Polygon","coordinates":[[[5.92234,50.67851],[5.91488,50.68287],[5.90848,50.68892],[5.89915,50.69599],[5.89525,50.70295],[5.89096,50.70732],[5.88761,50.70915],[5.88336,50.70987],[5.87578,50.71323],[5.86977,50.71481],[5.86678,50.71648],[5.85842,50.71751],[5.85262,50.71667],[5.84172,50.71617],[5.83643,50.71466],[5.82268,50.71368],[5.81876,50.7144],[5.81349,50.71291],[5.80971,50.71282],[5.80628,50.71109],[5.79839,50.70249],[5.80434,50.6972],[5.81129,50.69276],[5.81213,50.69063],[5.82222,50.68997],[5.82336,50.68683],[5.82625,50.68674],[5.82756,50.68509],[5.83151,50.68386],[5.83623,50.68475],[5.83843,50.68593],[5.84201,50.68486],[5.85013,50.68612],[5.859,50.68831],[5.86432,50.68858],[5.86926,50.69238],[5.87378,50.69468],[5.87463,50.69782],[5.87868,50.69821],[5.88445,50.69414],[5.88411,50.69105],[5.89335,50.69045],[5.90208,50.68559],[5.90627,50.68097],[5.91479,50.6793],[5.91881,50.67625],[5.92234,50.67851]]]}},{"type":"Feature","id":"63004","bbox":[5.934079,50.519656,6.139691,50.649945],"properties":{"nis":"63004","name":"Baelen","nameNl":"Baelen","nameFr":"Baelen","nameDe":"Baelen","province":"liege","region":"wallonia","areaKm2":85.28},"geometry":{"type":"Polygon","coordinates":[[[5.97442,50.59388],[5.97338,50.59164],[5.97415,50.58871],[5.97987,50.58659],[5.98722,50.58492],[5.98898,50.58539],[5.99694,50.5848],[6.0028,50.58],[6.00052,50.57749],[6.00032,50.57431],[6.00248,50.57268],[6.00794,50.573],[6.01084,50.57106],[6.01122,50.5682],[6.0149,50.56598],[6.02153,50.56412],[6.02863,50.56033],[6.03077,50.55268],[6.04317,50.5491],[6.04945,50.54659],[6.05363,50.54264],[6.05526,50.53972],[6.06183,50.53404],[6.07278,50.52595],[6.07318,50.51966],[6.07821,50.5218],[6.08555,50.52241],[6.0876,50.52166],[6.09062,50.52293],[6.0938,50.52265],[6.10041,50.52064],[6.10374,50.52089],[6.11192,50.52412],[6.12422,50.52813],[6.12677,50.52952],[6.13034,50.53654],[6.13885,50.54055],[6.13791,50.54365],[6.13964,50.54633],[6.13754,50.54802],[6.13625,50.55056],[6.13361,50.55134],[6.13252,50.55375],[6.13496,50.55803],[6.13103,50.56091],[6.12905,50.56348],[6.11927,50.56991],[6.1181,50.57204],[6.1195,50.57422],[6.11673,50.5845],[6.11245,50.58604],[6.11062,50.58911],[6.10613,50.59055],[6.10276,50.59277],[6.10068,50.59724],[6.09576,50.59809],[6.08833,50.5961],[6.08284,50.59876],[6.07742,50.60024],[6.07325,50.59884],[6.06735,50.60097],[6.0651,50.60061],[6.05816,50.59771],[6.05543,50.59936],[6.0531,50.60586],[6.05047,50.60673],[6.04856,50.61041],[6.04742,50.60995],[6.04223,50.61523],[6.03564,50.61448],[6.03453,50.6137],[6.02956,50.61613],[6.02696,50.61466],[6.02583,50.61596],[6.0172,50.61277],[6.01411,50.61391],[6.01449,50.61693],[6.01041,50.61981],[6.00605,50.62173],[6.00138,50.62695],[6.00307,50.62919],[6.00674,50.63043],[6.00978,50.633],[6.00469,50.63733],[6.00084,50.63963],[6.00813,50.6447],[6.00034,50.64985],[5.99221,50.6478],[5.98235,50.64648],[5.94241,50.64966],[5.93714,50.64994],[5.93883,50.64757],[5.9372,50.64358],[5.9347,50.64325],[5.93451,50.64095],[5.93621,50.639],[5.93409,50.63681],[5.93885,50.63157],[5.94219,50.63039],[5.93811,50.62776],[5.94469,50.62616],[5.94889,50.62314],[5.95579,50.61982],[5.96024,50.61858],[5.95875,50.61775],[5.97008,50.61422],[5.97587,50.61041],[5.98322,50.60414],[5.98117,50.60403],[5.98159,50.60117],[5.97852,50.60206],[5.97297,50.60227],[5.97228,50.60089],[5.97411,50.59824],[5.97442,50.59388]]]}},{"type":"Feature","id":"63012","bbox":[6.215354,50.305187,6.408097,50.501464],"properties":{"nis":"63012","name":"Büllingen","nameNl":"Büllingen","nameFr":"Bullange","nameDe":"Büllingen","province":"liege","region":"wallonia","areaKm2":150.21},"geometry":{"type":"Polygon","coordinates":[[[6.309,50.31152],[6.30691,50.31379],[6.30791,50.31596],[6.30579,50.31771],[6.30647,50.32019],[6.31294,50.32181],[6.3179,50.32118],[6.31765,50.31916],[6.32246,50.32107],[6.32756,50.32451],[6.3307,50.32284],[6.33306,50.32358],[6.33463,50.31649],[6.34148,50.31852],[6.34282,50.317],[6.34055,50.31557],[6.34831,50.31492],[6.35116,50.31073],[6.35749,50.30853],[6.35873,50.30714],[6.36337,50.30519],[6.35919,50.31018],[6.3588,50.31249],[6.36151,50.31488],[6.37021,50.31245],[6.37487,50.31361],[6.3748,50.31592],[6.37901,50.3192],[6.38138,50.31924],[6.38253,50.32206],[6.38898,50.32107],[6.40553,50.32333],[6.4081,50.33541],[6.40636,50.33691],[6.40124,50.33772],[6.40024,50.33869],[6.40029,50.34369],[6.39702,50.34655],[6.38727,50.35197],[6.3847,50.35173],[6.38308,50.35429],[6.37946,50.3537],[6.3734,50.35815],[6.36703,50.35877],[6.36977,50.36106],[6.36721,50.36299],[6.36453,50.36751],[6.36088,50.37128],[6.35707,50.37306],[6.35339,50.3736],[6.34788,50.37824],[6.34336,50.37957],[6.34304,50.38061],[6.34702,50.38528],[6.35622,50.39014],[6.3575,50.39167],[6.35799,50.39572],[6.36563,50.40133],[6.36957,50.40814],[6.36991,50.41018],[6.36677,50.41973],[6.37206,50.42543],[6.37426,50.43001],[6.37596,50.43148],[6.37746,50.43881],[6.37741,50.44135],[6.37438,50.45231],[6.37182,50.45551],[6.36295,50.45379],[6.3568,50.45648],[6.3504,50.45663],[6.34041,50.46226],[6.34382,50.46868],[6.34139,50.47179],[6.33857,50.47212],[6.33746,50.47468],[6.34143,50.47841],[6.34102,50.48274],[6.34626,50.4862],[6.35129,50.48829],[6.34151,50.48954],[6.33476,50.48914],[6.33287,50.492],[6.32681,50.49367],[6.32306,50.4938],[6.31432,50.49768],[6.31395,50.49915],[6.309,50.50146],[6.29769,50.49749],[6.28498,50.49896],[6.29037,50.49503],[6.2977,50.48798],[6.30102,50.48422],[6.30189,50.4809],[6.3005,50.47916],[6.29979,50.46823],[6.28752,50.46097],[6.2804,50.45864],[6.27752,50.46058],[6.27825,50.46228],[6.26871,50.46229],[6.26085,50.45605],[6.25536,50.45033],[6.25181,50.44477],[6.24122,50.43512],[6.24289,50.4319],[6.23837,50.4269],[6.24155,50.42694],[6.24121,50.42559],[6.24447,50.42645],[6.23907,50.42065],[6.23162,50.41415],[6.22959,50.40865],[6.22975,50.40066],[6.22675,50.39704],[6.21947,50.39435],[6.21536,50.39233],[6.22208,50.38867],[6.22606,50.3879],[6.23077,50.38923],[6.23384,50.38678],[6.23817,50.38513],[6.23885,50.38364],[6.24581,50.38478],[6.24985,50.38358],[6.25673,50.3798],[6.26313,50.37207],[6.26911,50.36303],[6.27358,50.36169],[6.27312,50.3593],[6.27694,50.35439],[6.27503,50.35032],[6.27242,50.34784],[6.27437,50.34457],[6.26809,50.341],[6.26703,50.337],[6.26881,50.33311],[6.27076,50.33128],[6.26857,50.32838],[6.27072,50.32345],[6.2753,50.32116],[6.27908,50.31577],[6.28389,50.31288],[6.28605,50.31026],[6.28508,50.30913],[6.28824,50.30908],[6.29099,50.31044],[6.29616,50.31122],[6.29974,50.31035],[6.30283,50.31174],[6.309,50.31152]]]}},{"type":"Feature","id":"63013","bbox":[6.130725,50.393825,6.301888,50.531119],"properties":{"nis":"63013","name":"Bütgenbach","nameNl":"Bütgenbach","nameFr":"Butgenbach","nameDe":"Bütgenbach","province":"liege","region":"wallonia","areaKm2":96.81},"geometry":{"type":"Polygon","coordinates":[[[6.28498,50.49896],[6.28173,50.5032],[6.27485,50.50242],[6.26966,50.50455],[6.26243,50.49899],[6.25453,50.49945],[6.25476,50.50142],[6.2517,50.50353],[6.24922,50.50294],[6.2418,50.4994],[6.23029,50.49756],[6.22662,50.49435],[6.2245,50.49506],[6.22012,50.4987],[6.22246,50.50162],[6.21989,50.50525],[6.21746,50.50632],[6.21285,50.51312],[6.21014,50.51309],[6.20913,50.51466],[6.21252,50.51556],[6.20826,50.51731],[6.2065,50.52037],[6.20758,50.52255],[6.20311,50.52644],[6.1993,50.52747],[6.19691,50.53112],[6.19639,50.53106],[6.19893,50.52741],[6.20314,50.52611],[6.20679,50.52248],[6.20583,50.521],[6.19226,50.5211],[6.18495,50.5197],[6.17226,50.51622],[6.15348,50.5142],[6.14978,50.51122],[6.14463,50.50912],[6.13975,50.5082],[6.13341,50.5028],[6.13318,50.50004],[6.13072,50.49984],[6.13072,50.49814],[6.13427,50.49482],[6.13962,50.49264],[6.14447,50.4925],[6.14641,50.48837],[6.14638,50.479],[6.14829,50.47148],[6.15234,50.46514],[6.15329,50.46224],[6.15291,50.4584],[6.15321,50.44878],[6.15387,50.44447],[6.15272,50.44318],[6.15723,50.44192],[6.15437,50.43763],[6.14846,50.43495],[6.15064,50.43313],[6.15225,50.42784],[6.14915,50.42482],[6.1576,50.42266],[6.16249,50.42218],[6.16558,50.4196],[6.17089,50.41705],[6.175,50.41836],[6.1788,50.41765],[6.17825,50.41339],[6.18241,50.40847],[6.18173,50.40471],[6.1886,50.40024],[6.19562,50.40087],[6.19651,50.39861],[6.20237,50.39643],[6.20274,50.39382],[6.20849,50.39549],[6.21622,50.39643],[6.21947,50.39435],[6.22675,50.39704],[6.22975,50.40066],[6.22959,50.40865],[6.23162,50.41415],[6.23907,50.42065],[6.24447,50.42645],[6.24121,50.42559],[6.24155,50.42694],[6.23837,50.4269],[6.24289,50.4319],[6.24122,50.43512],[6.25181,50.44477],[6.25536,50.45033],[6.26085,50.45605],[6.26871,50.46229],[6.27825,50.46228],[6.27752,50.46058],[6.2804,50.45864],[6.28752,50.46097],[6.29979,50.46823],[6.3005,50.47916],[6.30189,50.4809],[6.30102,50.48422],[6.2977,50.48798],[6.29037,50.49503],[6.28498,50.49896]]]}},{"type":"Feature","id":"63020","bbox":[5.838187,50.596709,5.914244,50.633863],"properties":{"nis":"63020","name":"Dison","nameNl":"Dison","nameFr":"Dison","nameDe":"Dison","province":"liege","region":"wallonia","areaKm2":13.93},"geometry":{"type":"Polygon","coordinates":[[[5.90073,50.62645],[5.89592,50.62653],[5.88747,50.63262],[5.88442,50.63385],[5.87913,50.63274],[5.87412,50.62967],[5.86903,50.62915],[5.86055,50.62647],[5.84959,50.6247],[5.84808,50.62281],[5.84319,50.62237],[5.84814,50.61904],[5.84135,50.61613],[5.84327,50.61311],[5.84268,50.61092],[5.83858,50.60937],[5.84071,50.60726],[5.83819,50.60535],[5.84185,50.60181],[5.84873,50.59749],[5.85187,50.59715],[5.86019,50.59802],[5.86162,50.59671],[5.86636,50.59894],[5.86799,50.59698],[5.87069,50.59785],[5.87299,50.60206],[5.87705,50.59985],[5.88369,50.60374],[5.88634,50.60277],[5.89184,50.60371],[5.8984,50.60252],[5.90493,50.60473],[5.9062,50.60764],[5.91019,50.60843],[5.91265,50.60663],[5.91402,50.60906],[5.9102,50.61142],[5.9127,50.61589],[5.91144,50.61803],[5.90567,50.62031],[5.9053,50.62212],[5.90179,50.62179],[5.89833,50.62436],[5.90073,50.62645]]]}},{"type":"Feature","id":"63023","bbox":[6.00034,50.548021,6.274109,50.672872],"properties":{"nis":"63023","name":"Eupen","nameNl":"Eupen","nameFr":"Eupen","nameDe":"Eupen","province":"liege","region":"wallonia","areaKm2":95.8},"geometry":{"type":"Polygon","coordinates":[[[6.23657,50.62609],[6.23559,50.62599],[6.23116,50.62073],[6.22423,50.61647],[6.22642,50.61438],[6.2281,50.60982],[6.22674,50.60395],[6.20983,50.60837],[6.20213,50.60979],[6.18874,50.62185],[6.186,50.62238],[6.18163,50.62175],[6.17636,50.61967],[6.16986,50.62179],[6.16532,50.62182],[6.15925,50.62601],[6.15809,50.62748],[6.15433,50.62202],[6.15374,50.61801],[6.14887,50.61147],[6.14894,50.60859],[6.1451,50.60063],[6.12376,50.61719],[6.12726,50.62141],[6.12668,50.62298],[6.12854,50.62575],[6.12744,50.62802],[6.12779,50.63161],[6.12477,50.63813],[6.11757,50.638],[6.11296,50.63964],[6.103,50.63898],[6.09611,50.64142],[6.08872,50.64181],[6.08315,50.64082],[6.0802,50.63811],[6.07534,50.64136],[6.07597,50.6446],[6.07329,50.65226],[6.07641,50.65198],[6.07458,50.65368],[6.07729,50.65606],[6.07281,50.65967],[6.07067,50.6632],[6.06708,50.66704],[6.06808,50.66798],[6.07572,50.67065],[6.06986,50.67247],[6.0642,50.67123],[6.05922,50.67157],[6.05466,50.66884],[6.04958,50.66698],[6.04714,50.66287],[6.04439,50.66091],[6.04217,50.66209],[6.03494,50.66062],[6.03413,50.66156],[6.02525,50.65785],[6.02614,50.65651],[6.0194,50.65265],[6.02049,50.65177],[6.0149,50.65126],[6.01054,50.65463],[6.00034,50.64985],[6.00813,50.6447],[6.00084,50.63963],[6.00469,50.63733],[6.00978,50.633],[6.00674,50.63043],[6.00307,50.62919],[6.00138,50.62695],[6.00605,50.62173],[6.01041,50.61981],[6.01449,50.61693],[6.01411,50.61391],[6.0172,50.61277],[6.02583,50.61596],[6.02696,50.61466],[6.02956,50.61613],[6.03453,50.6137],[6.03564,50.61448],[6.04223,50.61523],[6.04742,50.60995],[6.04856,50.61041],[6.05047,50.60673],[6.0531,50.60586],[6.05543,50.59936],[6.05816,50.59771],[6.0651,50.60061],[6.06735,50.60097],[6.07325,50.59884],[6.07742,50.60024],[6.08284,50.59876],[6.08833,50.5961],[6.09576,50.59809],[6.10068,50.59724],[6.10276,50.59277],[6.10613,50.59055],[6.11062,50.58911],[6.11245,50.58604],[6.11673,50.5845],[6.1195,50.57422],[6.1181,50.57204],[6.11927,50.56991],[6.12905,50.56348],[6.13103,50.56091],[6.13496,50.55803],[6.13252,50.55375],[6.13361,50.55134],[6.13625,50.55056],[6.13754,50.54802],[6.13924,50.54893],[6.14348,50.54845],[6.15827,50.55298],[6.16492,50.55746],[6.16509,50.55961],[6.16881,50.56056],[6.16517,50.56118],[6.16572,50.57042],[6.18934,50.56603],[6.19253,50.56546],[6.2031,50.56929],[6.2037,50.57228],[6.20762,50.57615],[6.21609,50.5796],[6.21965,50.58166],[6.22225,50.58452],[6.22259,50.58693],[6.22526,50.59046],[6.22901,50.59025],[6.24057,50.58706],[6.23887,50.5807],[6.23911,50.57721],[6.23596,50.57137],[6.23602,50.56748],[6.23438,50.56511],[6.23446,50.56481],[6.23622,50.56651],[6.23627,50.57193],[6.23946,50.57763],[6.23972,50.58475],[6.2426,50.59009],[6.24638,50.59392],[6.2496,50.59825],[6.24741,50.603],[6.24887,50.60484],[6.25442,50.60697],[6.26056,50.61039],[6.26904,50.61928],[6.26941,50.62504],[6.27411,50.62987],[6.26679,50.64159],[6.2628,50.64335],[6.26212,50.64303],[6.26666,50.64094],[6.27365,50.62993],[6.26928,50.62524],[6.26681,50.62716],[6.26106,50.62844],[6.25538,50.62696],[6.23657,50.62609]]]}},{"type":"Feature","id":"63035","bbox":[5.730018,50.595024,5.86074,50.703399],"properties":{"nis":"63035","name":"Herve","nameNl":"Herve","nameFr":"Herve","nameDe":"Herve","province":"liege","region":"wallonia","areaKm2":56.67},"geometry":{"type":"Polygon","coordinates":[[[5.79839,50.70249],[5.79575,50.70273],[5.79386,50.69943],[5.78636,50.69595],[5.78257,50.69535],[5.77806,50.6962],[5.77289,50.6956],[5.77089,50.69674],[5.76618,50.69725],[5.76273,50.69855],[5.75893,50.70281],[5.75315,50.70204],[5.75333,50.69942],[5.75524,50.69845],[5.75868,50.69396],[5.76685,50.69017],[5.7712,50.68586],[5.77482,50.68149],[5.77415,50.67696],[5.77254,50.67378],[5.76707,50.66972],[5.7628,50.66935],[5.75597,50.67447],[5.75203,50.67195],[5.74559,50.67624],[5.74523,50.6783],[5.74168,50.67891],[5.73983,50.67327],[5.74124,50.67038],[5.73698,50.66893],[5.73161,50.66837],[5.73002,50.66544],[5.7324,50.66247],[5.73688,50.66324],[5.74661,50.66241],[5.74773,50.65866],[5.75001,50.65558],[5.7548,50.65187],[5.75546,50.64865],[5.76476,50.64486],[5.76664,50.64253],[5.76433,50.64078],[5.76216,50.63678],[5.76418,50.63347],[5.76138,50.63065],[5.76023,50.62719],[5.75756,50.6227],[5.76001,50.62173],[5.76469,50.61723],[5.76471,50.61584],[5.76827,50.61283],[5.76865,50.60962],[5.76181,50.60898],[5.76018,50.60722],[5.76376,50.60224],[5.76558,50.59997],[5.76776,50.59503],[5.77523,50.59742],[5.78116,50.60047],[5.78993,50.60333],[5.79199,50.60076],[5.79767,50.59938],[5.80328,50.59699],[5.81038,50.59929],[5.8203,50.60043],[5.82419,50.60408],[5.82693,50.60562],[5.82371,50.60879],[5.82016,50.61065],[5.81693,50.61523],[5.81302,50.61704],[5.8213,50.62181],[5.82226,50.62315],[5.82985,50.62451],[5.83829,50.62467],[5.84095,50.62596],[5.84319,50.62237],[5.84808,50.62281],[5.84959,50.6247],[5.86055,50.62647],[5.8597,50.63067],[5.85748,50.63205],[5.85632,50.63466],[5.85398,50.63425],[5.85048,50.63574],[5.84906,50.64041],[5.84446,50.64125],[5.83976,50.64432],[5.8395,50.64604],[5.83646,50.6477],[5.83225,50.65337],[5.83257,50.65614],[5.83112,50.65994],[5.82504,50.66832],[5.82835,50.67106],[5.83323,50.66971],[5.84,50.6734],[5.84628,50.67519],[5.84578,50.67824],[5.83853,50.68151],[5.83623,50.68475],[5.83151,50.68386],[5.82756,50.68509],[5.82625,50.68674],[5.82336,50.68683],[5.82222,50.68997],[5.81213,50.69063],[5.81129,50.69276],[5.80434,50.6972],[5.79839,50.70249]]]}},{"type":"Feature","id":"63038","bbox":[5.878022,50.466551,6.073175,50.593875],"properties":{"nis":"63038","name":"Jalhay","nameNl":"Jalhay","nameFr":"Jalhay","nameDe":"Jalhay","province":"liege","region":"wallonia","areaKm2":106.65},"geometry":{"type":"Polygon","coordinates":[[[5.87915,50.51026],[5.88582,50.51212],[5.89021,50.50827],[5.89548,50.50507],[5.89132,50.50322],[5.89034,50.50141],[5.89413,50.49835],[5.89847,50.49833],[5.90328,50.49519],[5.90578,50.49034],[5.91201,50.48326],[5.91841,50.48552],[5.91842,50.48701],[5.92175,50.48699],[5.92083,50.48351],[5.92542,50.47491],[5.92296,50.47381],[5.93172,50.4674],[5.93175,50.46655],[5.94102,50.47218],[5.96621,50.48014],[5.96597,50.48375],[5.97146,50.48631],[5.97702,50.48676],[5.98015,50.48614],[5.98727,50.4871],[5.9919,50.48678],[5.9976,50.49103],[6.00084,50.49515],[6.00531,50.49632],[6.02186,50.50376],[6.04961,50.51368],[6.06302,50.51904],[6.07318,50.51966],[6.07278,50.52595],[6.06183,50.53404],[6.05526,50.53972],[6.05363,50.54264],[6.04945,50.54659],[6.04317,50.5491],[6.03077,50.55268],[6.02863,50.56033],[6.02153,50.56412],[6.0149,50.56598],[6.01122,50.5682],[6.01084,50.57106],[6.00794,50.573],[6.00248,50.57268],[6.00032,50.57431],[6.00052,50.57749],[6.0028,50.58],[5.99694,50.5848],[5.98898,50.58539],[5.98722,50.58492],[5.97987,50.58659],[5.97415,50.58871],[5.97338,50.59164],[5.97442,50.59388],[5.96989,50.59294],[5.96834,50.59127],[5.96452,50.59018],[5.96205,50.588],[5.95911,50.58705],[5.95958,50.58365],[5.9551,50.58106],[5.94513,50.57905],[5.94012,50.57649],[5.93299,50.57629],[5.92698,50.57861],[5.92553,50.58191],[5.92179,50.58138],[5.9139,50.58309],[5.91132,50.58591],[5.90882,50.58632],[5.90122,50.58283],[5.89976,50.58088],[5.91013,50.577],[5.90825,50.56862],[5.90936,50.56763],[5.91488,50.5625],[5.91903,50.55593],[5.9209,50.55515],[5.91992,50.552],[5.91154,50.54773],[5.91134,50.54135],[5.90338,50.5419],[5.90113,50.54076],[5.8969,50.54257],[5.89332,50.5414],[5.88704,50.541],[5.88183,50.53833],[5.87807,50.53511],[5.88224,50.5301],[5.88129,50.52916],[5.882,50.51625],[5.87915,50.51026]]]}},{"type":"Feature","id":"63040","bbox":[5.981736,50.691509,6.061568,50.754287],"properties":{"nis":"63040","name":"Kelmis","nameNl":"Kelmis","nameFr":"La Calamine","nameDe":"Kelmis","province":"liege","region":"wallonia","areaKm2":17.92},"geometry":{"type":"Polygon","coordinates":[[[6.02101,50.75429],[6.01403,50.74015],[5.9963,50.70796],[5.98173,50.70258],[5.98498,50.70067],[5.98399,50.69956],[5.98802,50.69539],[5.99202,50.6957],[5.99479,50.69434],[6.00303,50.69351],[6.00551,50.69516],[6.00884,50.69326],[6.01543,50.69385],[6.01747,50.69155],[6.02204,50.6927],[6.02873,50.6989],[6.03024,50.70355],[6.03747,50.70357],[6.04115,50.70282],[6.04501,50.70332],[6.05066,50.70532],[6.05245,50.7047],[6.0612,50.71176],[6.05564,50.71612],[6.06156,50.71927],[6.06077,50.72372],[6.04949,50.72615],[6.04446,50.72843],[6.0414,50.71853],[6.03675,50.72],[6.03719,50.72402],[6.03331,50.72623],[6.03438,50.72945],[6.03322,50.73101],[6.03419,50.73345],[6.03967,50.73747],[6.04072,50.74041],[6.03942,50.74237],[6.04044,50.7455],[6.02176,50.75316],[6.02101,50.75429]]]}},{"type":"Feature","id":"63045","bbox":[5.702822,50.254195,5.881378,50.364703],"properties":{"nis":"63045","name":"Lierneux","nameNl":"Lierneux","nameFr":"Lierneux","nameDe":"Lierneux","province":"liege","region":"wallonia","areaKm2":92.02},"geometry":{"type":"Polygon","coordinates":[[[5.72025,50.35818],[5.72148,50.35527],[5.71954,50.35241],[5.71512,50.34949],[5.71077,50.34763],[5.71442,50.34671],[5.71323,50.34422],[5.70985,50.34264],[5.71358,50.3386],[5.71454,50.33445],[5.70889,50.3293],[5.70282,50.32934],[5.70506,50.32438],[5.70648,50.31939],[5.70991,50.31363],[5.71323,50.30981],[5.71619,50.30844],[5.72459,50.30144],[5.7271,50.30374],[5.74788,50.30238],[5.74768,50.29552],[5.73953,50.2923],[5.73536,50.28864],[5.73567,50.28641],[5.7331,50.27866],[5.73143,50.27525],[5.72439,50.27007],[5.71747,50.26668],[5.72108,50.2622],[5.72369,50.26088],[5.72866,50.26155],[5.73361,50.26021],[5.74457,50.26059],[5.74768,50.26133],[5.751,50.26601],[5.75616,50.26628],[5.76355,50.2681],[5.7685,50.26769],[5.77506,50.26527],[5.77902,50.26302],[5.78871,50.26461],[5.79987,50.26502],[5.80301,50.26284],[5.80215,50.26121],[5.80598,50.26095],[5.80593,50.25494],[5.80768,50.2542],[5.80934,50.25997],[5.80987,50.26432],[5.82154,50.26428],[5.82748,50.26659],[5.83119,50.26584],[5.83943,50.26135],[5.84387,50.26328],[5.84833,50.26352],[5.85654,50.26687],[5.86196,50.26848],[5.87043,50.26838],[5.87112,50.27252],[5.87367,50.27666],[5.87686,50.27599],[5.87796,50.27892],[5.88119,50.27851],[5.88125,50.28014],[5.86516,50.28255],[5.85386,50.2819],[5.84903,50.28066],[5.84503,50.28063],[5.84713,50.28359],[5.84512,50.28487],[5.84743,50.28605],[5.84623,50.28842],[5.85066,50.28887],[5.85231,50.29154],[5.85075,50.292],[5.85542,50.29456],[5.85906,50.29554],[5.85486,50.30001],[5.8602,50.3018],[5.8603,50.30362],[5.86327,50.30419],[5.86929,50.31931],[5.8667,50.31897],[5.8624,50.32522],[5.85404,50.32782],[5.85042,50.32681],[5.85032,50.31975],[5.84405,50.32156],[5.8439,50.32327],[5.83783,50.32863],[5.83848,50.33219],[5.83718,50.33594],[5.83385,50.33921],[5.83538,50.34638],[5.83435,50.34814],[5.82842,50.3472],[5.82308,50.34482],[5.80453,50.34222],[5.79894,50.3403],[5.79212,50.34035],[5.78922,50.34157],[5.78042,50.34669],[5.77187,50.35049],[5.76949,50.35381],[5.76909,50.35607],[5.76558,50.3557],[5.76029,50.3647],[5.74552,50.36342],[5.73828,50.36054],[5.72663,50.36184],[5.72402,50.3605],[5.7241,50.35867],[5.72025,50.35818]]]}},{"type":"Feature","id":"63046","bbox":[5.898333,50.576287,5.983917,50.653142],"properties":{"nis":"63046","name":"Limbourg","nameNl":"Limburg","nameFr":"Limbourg","nameDe":"Limburg","province":"liege","region":"wallonia","areaKm2":24.56},"geometry":{"type":"Polygon","coordinates":[[[5.93714,50.64994],[5.93596,50.6521],[5.93157,50.65314],[5.92632,50.65051],[5.92047,50.64911],[5.91726,50.64333],[5.91343,50.64142],[5.9051,50.63937],[5.90049,50.63752],[5.89967,50.63566],[5.90577,50.63248],[5.90279,50.62996],[5.90073,50.62645],[5.89833,50.62436],[5.90179,50.62179],[5.9053,50.62212],[5.90567,50.62031],[5.91144,50.61803],[5.9127,50.61589],[5.9102,50.61142],[5.91402,50.60906],[5.91265,50.60663],[5.91606,50.60285],[5.91978,50.60087],[5.91865,50.59819],[5.91993,50.59307],[5.92424,50.58834],[5.92553,50.58191],[5.92698,50.57861],[5.93299,50.57629],[5.94012,50.57649],[5.94513,50.57905],[5.9551,50.58106],[5.95958,50.58365],[5.95911,50.58705],[5.96205,50.588],[5.96452,50.59018],[5.96834,50.59127],[5.96989,50.59294],[5.97442,50.59388],[5.97411,50.59824],[5.97228,50.60089],[5.97297,50.60227],[5.97852,50.60206],[5.98159,50.60117],[5.98117,50.60403],[5.98322,50.60414],[5.97587,50.61041],[5.97008,50.61422],[5.95875,50.61775],[5.96024,50.61858],[5.95579,50.61982],[5.94889,50.62314],[5.94469,50.62616],[5.93811,50.62776],[5.94219,50.63039],[5.93885,50.63157],[5.93409,50.63681],[5.93621,50.639],[5.93451,50.64095],[5.9347,50.64325],[5.9372,50.64358],[5.93883,50.64757],[5.93714,50.64994]]]}},{"type":"Feature","id":"63048","bbox":[5.954643,50.649852,6.072771,50.703623],"properties":{"nis":"63048","name":"Lontzen","nameNl":"Lontzen","nameFr":"Lontzen","nameDe":"Lontzen","province":"liege","region":"wallonia","areaKm2":28.62},"geometry":{"type":"Polygon","coordinates":[[[6.06986,50.67247],[6.07277,50.67718],[6.07034,50.67878],[6.06952,50.68287],[6.06675,50.6844],[6.06379,50.68759],[6.06008,50.68929],[6.05736,50.68927],[6.05196,50.69288],[6.04679,50.69279],[6.04069,50.69694],[6.0408,50.70132],[6.04342,50.70175],[6.03747,50.70357],[6.03024,50.70355],[6.02873,50.6989],[6.02204,50.6927],[6.01747,50.69155],[6.01543,50.69385],[6.00884,50.69326],[6.00551,50.69516],[6.00303,50.69351],[5.99479,50.69434],[5.99202,50.6957],[5.98802,50.69539],[5.98399,50.69956],[5.98498,50.70067],[5.98173,50.70258],[5.96717,50.69507],[5.96319,50.69227],[5.95464,50.6843],[5.96461,50.6777],[5.96789,50.67504],[5.97576,50.66563],[5.98129,50.66017],[5.99223,50.65486],[6.00034,50.64985],[6.01054,50.65463],[6.0149,50.65126],[6.02049,50.65177],[6.0194,50.65265],[6.02614,50.65651],[6.02525,50.65785],[6.03413,50.66156],[6.03494,50.66062],[6.04217,50.66209],[6.04439,50.66091],[6.04714,50.66287],[6.04958,50.66698],[6.05466,50.66884],[6.05922,50.67157],[6.0642,50.67123],[6.06986,50.67247]]]}},{"type":"Feature","id":"63049","bbox":[5.96965,50.350315,6.113636,50.519042],"properties":{"nis":"63049","name":"Malmedy","nameNl":"Malmedy","nameFr":"Malmedy","nameDe":"Malmedy","province":"liege","region":"wallonia","areaKm2":100.04},"geometry":{"type":"Polygon","coordinates":[[[6.02192,50.35065],[6.03511,50.35284],[6.0583,50.35261],[6.06973,50.35066],[6.0718,50.35031],[6.07839,50.35382],[6.07926,50.35632],[6.08442,50.35783],[6.0864,50.36084],[6.08867,50.362],[6.08618,50.36572],[6.09162,50.36802],[6.09669,50.37227],[6.0989,50.37272],[6.10842,50.37888],[6.11364,50.38004],[6.10791,50.38078],[6.1051,50.37923],[6.10345,50.37978],[6.09756,50.37856],[6.09317,50.37495],[6.08462,50.37428],[6.0844,50.37606],[6.07937,50.37726],[6.07453,50.38224],[6.07348,50.38154],[6.07046,50.3838],[6.07371,50.38681],[6.0727,50.38757],[6.07665,50.39121],[6.07218,50.39247],[6.06895,50.39504],[6.07077,50.39695],[6.07477,50.39881],[6.0719,50.39994],[6.07439,50.40283],[6.07494,50.40531],[6.07348,50.40617],[6.07657,50.4074],[6.07465,50.40968],[6.07701,50.41207],[6.07864,50.41727],[6.0807,50.42003],[6.07935,50.42272],[6.075,50.42475],[6.07166,50.42478],[6.06848,50.4261],[6.07453,50.4275],[6.07739,50.42967],[6.08728,50.43287],[6.09306,50.43683],[6.08753,50.43888],[6.0862,50.43794],[6.07578,50.43952],[6.07373,50.44134],[6.0677,50.44295],[6.0693,50.44461],[6.0729,50.44542],[6.07529,50.44906],[6.07932,50.44987],[6.08267,50.44862],[6.08691,50.4487],[6.08991,50.45038],[6.09061,50.45353],[6.08828,50.45758],[6.09133,50.46028],[6.08791,50.46174],[6.08811,50.46378],[6.09126,50.46624],[6.09228,50.46891],[6.09543,50.46934],[6.09836,50.47591],[6.09609,50.47694],[6.09024,50.48761],[6.08794,50.4945],[6.08227,50.49963],[6.06676,50.51272],[6.06302,50.51904],[6.04961,50.51368],[6.02186,50.50376],[6.00531,50.49632],[6.01519,50.48218],[6.0138,50.4793],[6.01292,50.4679],[6.01475,50.46318],[6.01763,50.45948],[6.02123,50.45851],[6.02301,50.45631],[6.01729,50.45173],[6.01977,50.44833],[6.01393,50.44677],[6.00878,50.44445],[6.00541,50.44443],[5.99837,50.44647],[5.99236,50.44645],[5.9896,50.44561],[5.97834,50.44371],[5.97322,50.44442],[5.96966,50.44058],[5.97164,50.43725],[5.97601,50.43293],[5.97696,50.42936],[5.98168,50.42342],[5.98167,50.41899],[5.98387,50.41793],[5.98594,50.41413],[5.98785,50.41501],[5.9905,50.41324],[5.98842,50.40923],[5.98373,50.40419],[5.98131,50.40311],[5.98441,50.40067],[5.98114,50.39907],[5.9833,50.39658],[5.98354,50.39351],[5.97912,50.3939],[5.9752,50.39147],[5.97697,50.39095],[5.97874,50.38807],[5.98428,50.38707],[5.98633,50.38527],[5.99085,50.38464],[5.99168,50.38602],[5.99538,50.38617],[5.99779,50.38784],[6.00246,50.38744],[6.00045,50.38456],[6.00266,50.38386],[6.00272,50.3804],[6.00652,50.38147],[6.01331,50.37796],[6.01461,50.37591],[6.01901,50.37518],[6.02012,50.37397],[6.02865,50.37085],[6.03048,50.36867],[6.02638,50.36446],[6.02599,50.35876],[6.02251,50.35448],[6.02192,50.35065]]]}},{"type":"Feature","id":"63057","bbox":[5.693048,50.563598,5.771953,50.6104],"properties":{"nis":"63057","name":"Olne","nameNl":"Olne","nameFr":"Olne","nameDe":"Olne","province":"liege","region":"wallonia","areaKm2":15.97},"geometry":{"type":"Polygon","coordinates":[[[5.76776,50.59503],[5.76558,50.59997],[5.76376,50.60224],[5.75401,50.60054],[5.7529,50.59983],[5.74521,50.59928],[5.73663,50.60268],[5.72829,50.60279],[5.71773,50.60575],[5.70969,50.6104],[5.70405,50.60979],[5.70171,50.60623],[5.69855,50.60429],[5.69626,50.6006],[5.69797,50.5981],[5.7005,50.59701],[5.70027,50.59548],[5.70532,50.59317],[5.7092,50.59243],[5.70673,50.58712],[5.70864,50.58151],[5.71169,50.57805],[5.70861,50.57548],[5.70457,50.57356],[5.6949,50.57253],[5.69305,50.5716],[5.69922,50.57051],[5.70378,50.56571],[5.71049,50.56506],[5.71709,50.5686],[5.71993,50.56863],[5.72337,50.56651],[5.73053,50.56496],[5.73248,50.5636],[5.73523,50.56446],[5.73734,50.56814],[5.73464,50.57129],[5.73387,50.5739],[5.73883,50.57726],[5.73914,50.57922],[5.73455,50.58254],[5.72903,50.58279],[5.73066,50.58379],[5.73033,50.58646],[5.73404,50.58675],[5.74007,50.58325],[5.74115,50.58019],[5.74482,50.58089],[5.74806,50.57829],[5.75137,50.57783],[5.75098,50.57251],[5.75302,50.57233],[5.75892,50.5757],[5.76336,50.57473],[5.76593,50.57319],[5.76676,50.57785],[5.76938,50.57945],[5.77195,50.58272],[5.77102,50.58829],[5.76776,50.59503]]]}},{"type":"Feature","id":"63058","bbox":[5.751311,50.538927,5.855033,50.603334],"properties":{"nis":"63058","name":"Pepinster","nameNl":"Pepinster","nameFr":"Pepinster","nameDe":"Pepinster","province":"liege","region":"wallonia","areaKm2":24.81},"geometry":{"type":"Polygon","coordinates":[[[5.76593,50.57319],[5.76256,50.56908],[5.76289,50.56678],[5.7612,50.56332],[5.76705,50.56361],[5.76765,50.56678],[5.7714,50.56544],[5.77359,50.56278],[5.77219,50.55943],[5.76214,50.55083],[5.7583,50.54932],[5.7554,50.54686],[5.7524,50.54061],[5.75236,50.53893],[5.76017,50.53963],[5.77263,50.54439],[5.78063,50.5479],[5.78068,50.54958],[5.78313,50.55138],[5.79023,50.55402],[5.79269,50.55003],[5.79603,50.54901],[5.80105,50.54894],[5.80467,50.55422],[5.80728,50.55237],[5.81222,50.55094],[5.81563,50.55155],[5.82338,50.55172],[5.82185,50.55449],[5.83029,50.55426],[5.83738,50.55495],[5.84428,50.55845],[5.85215,50.55882],[5.85503,50.56098],[5.84088,50.55933],[5.8286,50.56663],[5.82737,50.57021],[5.83231,50.5712],[5.83082,50.57537],[5.83596,50.57657],[5.83501,50.57961],[5.82706,50.58068],[5.82299,50.58632],[5.82347,50.5889],[5.82152,50.59001],[5.82379,50.59776],[5.8203,50.60043],[5.81038,50.59929],[5.80328,50.59699],[5.79767,50.59938],[5.79199,50.60076],[5.78993,50.60333],[5.78116,50.60047],[5.77523,50.59742],[5.76776,50.59503],[5.77102,50.58829],[5.77195,50.58272],[5.76938,50.57945],[5.76676,50.57785],[5.76593,50.57319]]]}},{"type":"Feature","id":"63061","bbox":[6.037475,50.60063,6.262797,50.723716],"properties":{"nis":"63061","name":"Raeren","nameNl":"Raeren","nameFr":"Raeren","nameDe":"Raeren","province":"liege","region":"wallonia","areaKm2":72.45},"geometry":{"type":"Polygon","coordinates":[[[6.06077,50.72372],[6.06156,50.71927],[6.05564,50.71612],[6.0612,50.71176],[6.05245,50.7047],[6.05066,50.70532],[6.04501,50.70332],[6.04115,50.70282],[6.03747,50.70357],[6.04342,50.70175],[6.0408,50.70132],[6.04069,50.69694],[6.04679,50.69279],[6.05196,50.69288],[6.05736,50.68927],[6.06008,50.68929],[6.06379,50.68759],[6.06675,50.6844],[6.06952,50.68287],[6.07034,50.67878],[6.07277,50.67718],[6.06986,50.67247],[6.07572,50.67065],[6.06808,50.66798],[6.06708,50.66704],[6.07067,50.6632],[6.07281,50.65967],[6.07729,50.65606],[6.07458,50.65368],[6.07641,50.65198],[6.07329,50.65226],[6.07597,50.6446],[6.07534,50.64136],[6.0802,50.63811],[6.08315,50.64082],[6.08872,50.64181],[6.09611,50.64142],[6.103,50.63898],[6.11296,50.63964],[6.11757,50.638],[6.12477,50.63813],[6.12779,50.63161],[6.12744,50.62802],[6.12854,50.62575],[6.12668,50.62298],[6.12726,50.62141],[6.12376,50.61719],[6.1451,50.60063],[6.14894,50.60859],[6.14887,50.61147],[6.15374,50.61801],[6.15433,50.62202],[6.15809,50.62748],[6.15925,50.62601],[6.16532,50.62182],[6.16986,50.62179],[6.17636,50.61967],[6.18163,50.62175],[6.186,50.62238],[6.18874,50.62185],[6.20213,50.60979],[6.20983,50.60837],[6.22674,50.60395],[6.2281,50.60982],[6.22642,50.61438],[6.22423,50.61647],[6.23116,50.62073],[6.23559,50.62599],[6.23657,50.62609],[6.23487,50.62612],[6.21706,50.63225],[6.21514,50.63117],[6.21083,50.63103],[6.20291,50.63244],[6.19959,50.63143],[6.1942,50.6339],[6.19184,50.63303],[6.18937,50.63011],[6.18704,50.63012],[6.18844,50.62744],[6.18606,50.62687],[6.1818,50.6238],[6.17638,50.62576],[6.17572,50.62739],[6.18001,50.62855],[6.18333,50.63215],[6.18084,50.63309],[6.16669,50.64362],[6.17,50.64471],[6.17852,50.64434],[6.18353,50.64697],[6.18533,50.64107],[6.18903,50.63969],[6.19827,50.64075],[6.20234,50.63939],[6.22177,50.64043],[6.22605,50.64334],[6.22622,50.64674],[6.23108,50.64897],[6.23467,50.64771],[6.23648,50.64513],[6.24446,50.64072],[6.24955,50.64049],[6.26212,50.64303],[6.2628,50.64335],[6.2562,50.6419],[6.24731,50.64062],[6.24455,50.64104],[6.23663,50.64558],[6.23375,50.64872],[6.22766,50.64863],[6.22573,50.64682],[6.22536,50.64309],[6.22104,50.64062],[6.20411,50.63955],[6.19713,50.64095],[6.19139,50.63978],[6.18821,50.64005],[6.18513,50.64195],[6.18363,50.64598],[6.18653,50.65128],[6.19623,50.65763],[6.19504,50.66268],[6.19242,50.66427],[6.18802,50.66467],[6.18221,50.66338],[6.16583,50.66214],[6.16152,50.6697],[6.16294,50.67118],[6.15801,50.67256],[6.15676,50.67479],[6.14886,50.67774],[6.1482,50.67942],[6.14447,50.68279],[6.14222,50.68693],[6.14365,50.68877],[6.13919,50.69223],[6.13944,50.69356],[6.13335,50.69629],[6.13321,50.69871],[6.12362,50.7068],[6.12483,50.71112],[6.12183,50.71433],[6.11893,50.71983],[6.1147,50.72228],[6.11067,50.72289],[6.09811,50.72322],[6.09485,50.72026],[6.09165,50.72287],[6.08812,50.72143],[6.07314,50.72101],[6.06077,50.72372]],[[6.18377,50.64798],[6.18119,50.64958],[6.18354,50.65206],[6.1794,50.65416],[6.17322,50.65627],[6.16604,50.66186],[6.18229,50.66308],[6.1868,50.66421],[6.19282,50.66382],[6.19478,50.66224],[6.19616,50.65879],[6.19555,50.65719],[6.1863,50.65154],[6.18377,50.64798]]]}},{"type":"Feature","id":"63067","bbox":[5.978663,50.230107,6.309028,50.352838],"properties":{"nis":"63067","name":"Sankt Vith","nameNl":"Sankt Vith","nameFr":"Saint-Vith","nameDe":"Sankt Vith","province":"liege","region":"wallonia","areaKm2":146.74},"geometry":{"type":"Polygon","coordinates":[[[6.17377,50.23165],[6.17392,50.23351],[6.17643,50.23577],[6.18568,50.23755],[6.19166,50.23655],[6.19565,50.23711],[6.20059,50.24],[6.20167,50.24258],[6.20688,50.24936],[6.20524,50.25098],[6.20892,50.25365],[6.21182,50.25298],[6.2158,50.25695],[6.21889,50.25633],[6.21854,50.25449],[6.22276,50.25713],[6.22361,50.25866],[6.22742,50.2587],[6.23211,50.26008],[6.23609,50.26249],[6.2375,50.2616],[6.24565,50.26195],[6.24589,50.26263],[6.25301,50.26472],[6.25904,50.26779],[6.26038,50.26561],[6.26675,50.26489],[6.27225,50.26769],[6.27851,50.26645],[6.28228,50.27132],[6.2865,50.27443],[6.28891,50.27482],[6.2922,50.27875],[6.28906,50.28225],[6.28679,50.28241],[6.28498,50.28456],[6.28564,50.28781],[6.28837,50.29057],[6.28585,50.29417],[6.29262,50.29679],[6.29114,50.29772],[6.2948,50.29858],[6.29448,50.30121],[6.29848,50.30431],[6.29576,50.30518],[6.29709,50.30727],[6.29612,50.30896],[6.30068,50.31037],[6.30707,50.30964],[6.309,50.31152],[6.30283,50.31174],[6.29974,50.31035],[6.29616,50.31122],[6.29099,50.31044],[6.28824,50.30908],[6.28508,50.30913],[6.27941,50.30729],[6.2775,50.30572],[6.26971,50.3083],[6.26843,50.30727],[6.26524,50.30899],[6.26068,50.30668],[6.26068,50.3018],[6.25747,50.297],[6.25713,50.29443],[6.25483,50.2915],[6.25196,50.2923],[6.24939,50.29702],[6.2445,50.30233],[6.2409,50.30365],[6.2414,50.30678],[6.2381,50.31073],[6.2353,50.31161],[6.23029,50.31694],[6.22946,50.31471],[6.22723,50.31426],[6.22671,50.30938],[6.22216,50.30896],[6.22128,50.30726],[6.21693,50.30574],[6.21837,50.30309],[6.2237,50.30427],[6.22588,50.30258],[6.22498,50.30123],[6.21987,50.3013],[6.21814,50.30228],[6.21322,50.30157],[6.21084,50.29691],[6.20449,50.29472],[6.20636,50.29264],[6.20474,50.29119],[6.20627,50.28642],[6.20499,50.28452],[6.19791,50.28592],[6.19331,50.28743],[6.18946,50.28593],[6.18601,50.29055],[6.18815,50.29583],[6.18356,50.29768],[6.17914,50.29697],[6.17237,50.30096],[6.16948,50.3077],[6.16251,50.30741],[6.15259,50.30966],[6.15053,50.311],[6.14835,50.30512],[6.14921,50.30278],[6.14369,50.29771],[6.13947,50.29866],[6.13389,50.29798],[6.13139,50.29951],[6.12295,50.30001],[6.12199,50.30356],[6.11908,50.3045],[6.11824,50.31048],[6.11306,50.31338],[6.10627,50.31421],[6.10173,50.31558],[6.09238,50.31633],[6.09285,50.31834],[6.08082,50.33611],[6.08022,50.34099],[6.0778,50.34417],[6.06973,50.35066],[6.0583,50.35261],[6.03511,50.35284],[6.02192,50.35065],[6.02184,50.34575],[6.0209,50.34337],[6.01222,50.34206],[6.00867,50.3423],[6.00432,50.34117],[5.99573,50.3355],[6.00052,50.33599],[6.00204,50.33326],[5.99818,50.3298],[5.98777,50.33014],[5.98017,50.32983],[5.97866,50.327],[5.98337,50.32038],[5.99678,50.31724],[6.00132,50.31577],[6.00935,50.31418],[6.01372,50.31063],[6.01291,50.30847],[6.01404,50.30209],[6.01729,50.30019],[6.01548,50.29543],[6.01473,50.28974],[6.01521,50.28663],[6.01379,50.28468],[6.01205,50.27674],[6.01245,50.26461],[6.03223,50.26371],[6.05066,50.26169],[6.05175,50.26261],[6.05597,50.26063],[6.0602,50.25663],[6.06592,50.25508],[6.06782,50.25214],[6.07098,50.25042],[6.07521,50.24975],[6.07799,50.24832],[6.07872,50.24587],[6.07742,50.24433],[6.08154,50.24312],[6.08701,50.24519],[6.08822,50.24256],[6.09156,50.24491],[6.09428,50.24332],[6.09805,50.24378],[6.10288,50.24188],[6.1083,50.24298],[6.11549,50.24021],[6.11944,50.24248],[6.12576,50.24254],[6.12654,50.24035],[6.13133,50.24019],[6.13112,50.23704],[6.13393,50.23386],[6.13424,50.23183],[6.14107,50.23091],[6.14709,50.23279],[6.14679,50.23573],[6.15042,50.23617],[6.15349,50.23467],[6.16096,50.23266],[6.16592,50.23271],[6.16788,50.23011],[6.17072,50.2317],[6.17377,50.23165]]]}},{"type":"Feature","id":"63072","bbox":[5.815359,50.433565,5.931751,50.512124],"properties":{"nis":"63072","name":"Spa","nameNl":"Spa","nameFr":"Spa","nameDe":"Spa","province":"liege","region":"wallonia","areaKm2":39.69},"geometry":{"type":"Polygon","coordinates":[[[5.87915,50.51026],[5.87171,50.51126],[5.86426,50.5092],[5.86562,50.50749],[5.86351,50.50528],[5.86752,50.50324],[5.86675,50.4985],[5.85803,50.49784],[5.849,50.49432],[5.84592,50.49386],[5.84072,50.49114],[5.83099,50.49051],[5.82857,50.48777],[5.82944,50.48393],[5.82702,50.48175],[5.82044,50.47878],[5.81872,50.47544],[5.81795,50.46745],[5.82207,50.46557],[5.82257,50.4641],[5.82076,50.46116],[5.81952,50.45478],[5.81536,50.44632],[5.81596,50.44169],[5.81853,50.43356],[5.82405,50.4344],[5.83258,50.43786],[5.83346,50.43764],[5.84978,50.44191],[5.85978,50.44379],[5.87241,50.44927],[5.89421,50.45417],[5.9008,50.45538],[5.91143,50.46049],[5.91845,50.46258],[5.92569,50.46411],[5.93175,50.46655],[5.93172,50.4674],[5.92296,50.47381],[5.92542,50.47491],[5.92083,50.48351],[5.92175,50.48699],[5.91842,50.48701],[5.91841,50.48552],[5.91201,50.48326],[5.90578,50.49034],[5.90328,50.49519],[5.89847,50.49833],[5.89413,50.49835],[5.89034,50.50141],[5.89132,50.50322],[5.89548,50.50507],[5.89021,50.50827],[5.88582,50.51212],[5.87915,50.51026]]]}},{"type":"Feature","id":"63073","bbox":[5.85104,50.335501,6.030483,50.496324],"properties":{"nis":"63073","name":"Stavelot","nameNl":"Stavelot","nameFr":"Stavelot","nameDe":"Stablo","province":"liege","region":"wallonia","areaKm2":84.88},"geometry":{"type":"Polygon","coordinates":[[[6.00531,50.49632],[6.00084,50.49515],[5.9976,50.49103],[5.9919,50.48678],[5.98727,50.4871],[5.98015,50.48614],[5.97702,50.48676],[5.97146,50.48631],[5.96597,50.48375],[5.96621,50.48014],[5.94102,50.47218],[5.93175,50.46655],[5.92569,50.46411],[5.93091,50.45746],[5.92292,50.45416],[5.92046,50.45373],[5.92508,50.44696],[5.92102,50.44617],[5.92081,50.44468],[5.91697,50.44315],[5.91612,50.44145],[5.9282,50.43332],[5.92619,50.43146],[5.92658,50.42855],[5.921,50.42582],[5.91871,50.4212],[5.91281,50.41632],[5.908,50.41519],[5.90252,50.40836],[5.89737,50.4062],[5.8981,50.40243],[5.89565,50.40025],[5.88882,50.40029],[5.88917,50.40198],[5.87723,50.39693],[5.87295,50.39632],[5.86207,50.39886],[5.85492,50.39552],[5.85199,50.39349],[5.85104,50.39105],[5.85511,50.38845],[5.85957,50.38775],[5.86162,50.38847],[5.8625,50.38379],[5.87031,50.38286],[5.87656,50.38409],[5.87398,50.37901],[5.8753,50.37846],[5.87813,50.38157],[5.87926,50.38112],[5.87577,50.37711],[5.87855,50.37625],[5.88555,50.37795],[5.89122,50.3778],[5.89505,50.37682],[5.89884,50.37708],[5.8994,50.38071],[5.902,50.3829],[5.90476,50.38292],[5.90578,50.37938],[5.90753,50.37794],[5.91194,50.37721],[5.91599,50.37349],[5.91905,50.3743],[5.92598,50.37295],[5.92898,50.37112],[5.93719,50.37107],[5.94341,50.37309],[5.95551,50.37395],[5.96127,50.37138],[5.9661,50.37128],[5.96682,50.37222],[5.96855,50.36701],[5.97146,50.36368],[5.97583,50.36211],[5.98423,50.3618],[5.9888,50.36083],[5.99481,50.3581],[5.9967,50.35037],[5.99962,50.34836],[5.99751,50.34484],[5.99893,50.34327],[5.99573,50.3355],[6.00432,50.34117],[6.00867,50.3423],[6.01222,50.34206],[6.0209,50.34337],[6.02184,50.34575],[6.02192,50.35065],[6.02251,50.35448],[6.02599,50.35876],[6.02638,50.36446],[6.03048,50.36867],[6.02865,50.37085],[6.02012,50.37397],[6.01901,50.37518],[6.01461,50.37591],[6.01331,50.37796],[6.00652,50.38147],[6.00272,50.3804],[6.00266,50.38386],[6.00045,50.38456],[6.00246,50.38744],[5.99779,50.38784],[5.99538,50.38617],[5.99168,50.38602],[5.99085,50.38464],[5.98633,50.38527],[5.98428,50.38707],[5.97874,50.38807],[5.97697,50.39095],[5.9752,50.39147],[5.97912,50.3939],[5.98354,50.39351],[5.9833,50.39658],[5.98114,50.39907],[5.98441,50.40067],[5.98131,50.40311],[5.98373,50.40419],[5.98842,50.40923],[5.9905,50.41324],[5.98785,50.41501],[5.98594,50.41413],[5.98387,50.41793],[5.98167,50.41899],[5.98168,50.42342],[5.97696,50.42936],[5.97601,50.43293],[5.97164,50.43725],[5.96966,50.44058],[5.97322,50.44442],[5.97834,50.44371],[5.9896,50.44561],[5.99236,50.44645],[5.99837,50.44647],[6.00541,50.44443],[6.00878,50.44445],[6.01393,50.44677],[6.01977,50.44833],[6.01729,50.45173],[6.02301,50.45631],[6.02123,50.45851],[6.01763,50.45948],[6.01475,50.46318],[6.01292,50.4679],[6.0138,50.4793],[6.01519,50.48218],[6.00531,50.49632]]]}},{"type":"Feature","id":"63075","bbox":[5.670161,50.356246,5.93091,50.464107],"properties":{"nis":"63075","name":"Stoumont","nameNl":"Stoumont","nameFr":"Stoumont","nameDe":"Stoumont","province":"liege","region":"wallonia","areaKm2":108.14},"geometry":{"type":"Polygon","coordinates":[[[5.81853,50.43356],[5.80918,50.43543],[5.79322,50.43527],[5.78611,50.43454],[5.77532,50.43624],[5.76959,50.4347],[5.76514,50.43552],[5.76061,50.43784],[5.75456,50.43947],[5.75282,50.44274],[5.74671,50.4436],[5.74368,50.44502],[5.73959,50.44467],[5.73678,50.4434],[5.73448,50.44036],[5.73409,50.43758],[5.72958,50.43775],[5.72501,50.43616],[5.72025,50.4368],[5.71592,50.43472],[5.71259,50.43489],[5.70771,50.43258],[5.7071,50.43048],[5.70759,50.42045],[5.70534,50.4095],[5.70258,50.40391],[5.70651,50.40257],[5.70934,50.40043],[5.70561,50.39644],[5.70524,50.39245],[5.70265,50.3885],[5.70084,50.38785],[5.69894,50.38392],[5.69911,50.38202],[5.70496,50.37839],[5.70894,50.37924],[5.70851,50.37531],[5.69537,50.37428],[5.69082,50.37463],[5.67859,50.37277],[5.67558,50.36845],[5.67115,50.36381],[5.67016,50.35725],[5.67311,50.35625],[5.67714,50.3579],[5.68249,50.35785],[5.68971,50.35664],[5.69283,50.35784],[5.69596,50.35724],[5.70667,50.3611],[5.7114,50.35789],[5.72025,50.35818],[5.7241,50.35867],[5.72402,50.3605],[5.72663,50.36184],[5.73828,50.36054],[5.74552,50.36342],[5.76029,50.3647],[5.76023,50.36575],[5.76895,50.36744],[5.7894,50.37269],[5.79451,50.37452],[5.80618,50.37469],[5.81487,50.37604],[5.81608,50.37779],[5.82253,50.37896],[5.83452,50.38502],[5.83882,50.38387],[5.84338,50.38849],[5.85104,50.39105],[5.85199,50.39349],[5.85492,50.39552],[5.86207,50.39886],[5.87295,50.39632],[5.87723,50.39693],[5.88917,50.40198],[5.88882,50.40029],[5.89565,50.40025],[5.8981,50.40243],[5.89737,50.4062],[5.90252,50.40836],[5.908,50.41519],[5.91281,50.41632],[5.91871,50.4212],[5.921,50.42582],[5.92658,50.42855],[5.92619,50.43146],[5.9282,50.43332],[5.91612,50.44145],[5.91697,50.44315],[5.92081,50.44468],[5.92102,50.44617],[5.92508,50.44696],[5.92046,50.45373],[5.92292,50.45416],[5.93091,50.45746],[5.92569,50.46411],[5.91845,50.46258],[5.91143,50.46049],[5.9008,50.45538],[5.89421,50.45417],[5.87241,50.44927],[5.85978,50.44379],[5.84978,50.44191],[5.83346,50.43764],[5.83258,50.43786],[5.82405,50.4344],[5.81853,50.43356]]]}},{"type":"Feature","id":"63076","bbox":[5.738719,50.433565,5.921139,50.567632],"properties":{"nis":"63076","name":"Theux","nameNl":"Theux","nameFr":"Theux","nameDe":"Theux","province":"liege","region":"wallonia","areaKm2":83.26},"geometry":{"type":"Polygon","coordinates":[[[5.79322,50.43527],[5.80918,50.43543],[5.81853,50.43356],[5.81596,50.44169],[5.81536,50.44632],[5.81952,50.45478],[5.82076,50.46116],[5.82257,50.4641],[5.82207,50.46557],[5.81795,50.46745],[5.81872,50.47544],[5.82044,50.47878],[5.82702,50.48175],[5.82944,50.48393],[5.82857,50.48777],[5.83099,50.49051],[5.84072,50.49114],[5.84592,50.49386],[5.849,50.49432],[5.85803,50.49784],[5.86675,50.4985],[5.86752,50.50324],[5.86351,50.50528],[5.86562,50.50749],[5.86426,50.5092],[5.87171,50.51126],[5.87915,50.51026],[5.882,50.51625],[5.88129,50.52916],[5.88224,50.5301],[5.87807,50.53511],[5.88183,50.53833],[5.88704,50.541],[5.89332,50.5414],[5.8969,50.54257],[5.90113,50.54076],[5.90338,50.5419],[5.91134,50.54135],[5.91154,50.54773],[5.91992,50.552],[5.9209,50.55515],[5.91903,50.55593],[5.91488,50.5625],[5.90936,50.56763],[5.90665,50.56656],[5.90226,50.56715],[5.89556,50.55972],[5.89495,50.55779],[5.89054,50.5559],[5.88385,50.55535],[5.878,50.55569],[5.86862,50.55393],[5.86087,50.55098],[5.84669,50.54926],[5.86078,50.55735],[5.86442,50.56215],[5.85503,50.56098],[5.85215,50.55882],[5.84428,50.55845],[5.83738,50.55495],[5.83029,50.55426],[5.82185,50.55449],[5.82338,50.55172],[5.81563,50.55155],[5.81222,50.55094],[5.80728,50.55237],[5.80467,50.55422],[5.80105,50.54894],[5.79603,50.54901],[5.79269,50.55003],[5.79023,50.55402],[5.78313,50.55138],[5.78068,50.54958],[5.78063,50.5479],[5.77263,50.54439],[5.76017,50.53963],[5.75236,50.53893],[5.76322,50.52129],[5.76587,50.51691],[5.75875,50.49052],[5.75064,50.4917],[5.74565,50.49549],[5.74182,50.49492],[5.73872,50.49565],[5.76615,50.46541],[5.77672,50.45345],[5.79322,50.43527]]]}},{"type":"Feature","id":"63079","bbox":[5.813017,50.549256,5.925531,50.62596],"properties":{"nis":"63079","name":"Verviers","nameNl":"Verviers","nameFr":"Verviers","nameDe":"Verviers","province":"liege","region":"wallonia","areaKm2":32.88},"geometry":{"type":"Polygon","coordinates":[[[5.92553,50.58191],[5.92424,50.58834],[5.91993,50.59307],[5.91865,50.59819],[5.91978,50.60087],[5.91606,50.60285],[5.91265,50.60663],[5.91019,50.60843],[5.9062,50.60764],[5.90493,50.60473],[5.8984,50.60252],[5.89184,50.60371],[5.88634,50.60277],[5.88369,50.60374],[5.87705,50.59985],[5.87299,50.60206],[5.87069,50.59785],[5.86799,50.59698],[5.86636,50.59894],[5.86162,50.59671],[5.86019,50.59802],[5.85187,50.59715],[5.84873,50.59749],[5.84185,50.60181],[5.83819,50.60535],[5.84071,50.60726],[5.83858,50.60937],[5.84268,50.61092],[5.84327,50.61311],[5.84135,50.61613],[5.84814,50.61904],[5.84319,50.62237],[5.84095,50.62596],[5.83829,50.62467],[5.82985,50.62451],[5.82226,50.62315],[5.8213,50.62181],[5.81302,50.61704],[5.81693,50.61523],[5.82016,50.61065],[5.82371,50.60879],[5.82693,50.60562],[5.82419,50.60408],[5.8203,50.60043],[5.82379,50.59776],[5.82152,50.59001],[5.82347,50.5889],[5.82299,50.58632],[5.82706,50.58068],[5.83501,50.57961],[5.83596,50.57657],[5.83082,50.57537],[5.83231,50.5712],[5.82737,50.57021],[5.8286,50.56663],[5.84088,50.55933],[5.85503,50.56098],[5.86442,50.56215],[5.86078,50.55735],[5.84669,50.54926],[5.86087,50.55098],[5.86862,50.55393],[5.878,50.55569],[5.88385,50.55535],[5.89054,50.5559],[5.89495,50.55779],[5.89556,50.55972],[5.90226,50.56715],[5.90665,50.56656],[5.90936,50.56763],[5.90825,50.56862],[5.91013,50.577],[5.89976,50.58088],[5.90122,50.58283],[5.90882,50.58632],[5.91132,50.58591],[5.9139,50.58309],[5.92179,50.58138],[5.92553,50.58191]]]}},{"type":"Feature","id":"63080","bbox":[6.063019,50.374184,6.234464,50.570421],"properties":{"nis":"63080","name":"Waimes","nameNl":"Weismes","nameFr":"Waimes","nameDe":"Weismes","province":"liege","region":"wallonia","areaKm2":97.08},"geometry":{"type":"Polygon","coordinates":[[[6.19226,50.5211],[6.18732,50.5272],[6.19202,50.5308],[6.19639,50.53106],[6.19691,50.53112],[6.19883,50.53534],[6.19825,50.5391],[6.20155,50.54359],[6.2077,50.54671],[6.20999,50.55117],[6.21033,50.55393],[6.21256,50.55537],[6.21682,50.55633],[6.221,50.55465],[6.22481,50.55495],[6.22672,50.55651],[6.22703,50.56096],[6.23446,50.56481],[6.23438,50.56511],[6.22724,50.56211],[6.22656,50.55711],[6.22236,50.55494],[6.21802,50.55639],[6.21368,50.55622],[6.20962,50.55376],[6.20937,50.55132],[6.20593,50.54561],[6.20204,50.54431],[6.19778,50.54],[6.1979,50.53721],[6.19567,50.5361],[6.18799,50.54045],[6.18471,50.54152],[6.1781,50.54152],[6.17852,50.55394],[6.17407,50.55635],[6.17466,50.55793],[6.17782,50.55888],[6.18374,50.56199],[6.18639,50.56418],[6.18884,50.56425],[6.18934,50.56603],[6.16572,50.57042],[6.16517,50.56118],[6.16881,50.56056],[6.16509,50.55961],[6.16492,50.55746],[6.15827,50.55298],[6.14348,50.54845],[6.13924,50.54893],[6.13754,50.54802],[6.13964,50.54633],[6.13791,50.54365],[6.13885,50.54055],[6.13034,50.53654],[6.12677,50.52952],[6.12422,50.52813],[6.11192,50.52412],[6.10374,50.52089],[6.10041,50.52064],[6.0938,50.52265],[6.09062,50.52293],[6.0876,50.52166],[6.08555,50.52241],[6.07821,50.5218],[6.07318,50.51966],[6.06302,50.51904],[6.06676,50.51272],[6.08227,50.49963],[6.08794,50.4945],[6.09024,50.48761],[6.09609,50.47694],[6.09836,50.47591],[6.09543,50.46934],[6.09228,50.46891],[6.09126,50.46624],[6.08811,50.46378],[6.08791,50.46174],[6.09133,50.46028],[6.08828,50.45758],[6.09061,50.45353],[6.08991,50.45038],[6.08691,50.4487],[6.08267,50.44862],[6.07932,50.44987],[6.07529,50.44906],[6.0729,50.44542],[6.0693,50.44461],[6.0677,50.44295],[6.07373,50.44134],[6.07578,50.43952],[6.0862,50.43794],[6.08753,50.43888],[6.09306,50.43683],[6.08728,50.43287],[6.07739,50.42967],[6.07453,50.4275],[6.06848,50.4261],[6.07166,50.42478],[6.075,50.42475],[6.07935,50.42272],[6.0807,50.42003],[6.07864,50.41727],[6.07701,50.41207],[6.07465,50.40968],[6.07657,50.4074],[6.07348,50.40617],[6.07494,50.40531],[6.07439,50.40283],[6.0719,50.39994],[6.07477,50.39881],[6.07077,50.39695],[6.06895,50.39504],[6.07218,50.39247],[6.07665,50.39121],[6.0727,50.38757],[6.07371,50.38681],[6.07046,50.3838],[6.07348,50.38154],[6.07453,50.38224],[6.07937,50.37726],[6.0844,50.37606],[6.08462,50.37428],[6.09317,50.37495],[6.09756,50.37856],[6.10345,50.37978],[6.1051,50.37923],[6.10791,50.38078],[6.11364,50.38004],[6.11666,50.37907],[6.11774,50.3764],[6.12415,50.37867],[6.12506,50.38181],[6.1231,50.38455],[6.12912,50.38578],[6.1316,50.38782],[6.13823,50.38895],[6.14528,50.39225],[6.15292,50.39252],[6.15783,50.39597],[6.16061,50.39891],[6.1682,50.39924],[6.16725,50.40126],[6.17047,50.40222],[6.17157,50.40455],[6.17451,50.40434],[6.17541,50.4005],[6.17725,50.4009],[6.17675,50.40306],[6.18173,50.40471],[6.18241,50.40847],[6.17825,50.41339],[6.1788,50.41765],[6.175,50.41836],[6.17089,50.41705],[6.16558,50.4196],[6.16249,50.42218],[6.1576,50.42266],[6.14915,50.42482],[6.15225,50.42784],[6.15064,50.43313],[6.14846,50.43495],[6.15437,50.43763],[6.15723,50.44192],[6.15272,50.44318],[6.15387,50.44447],[6.15321,50.44878],[6.15291,50.4584],[6.15329,50.46224],[6.15234,50.46514],[6.14829,50.47148],[6.14638,50.479],[6.14641,50.48837],[6.14447,50.4925],[6.13962,50.49264],[6.13427,50.49482],[6.13072,50.49814],[6.13072,50.49984],[6.13318,50.50004],[6.13341,50.5028],[6.13975,50.5082],[6.14463,50.50912],[6.14978,50.51122],[6.15348,50.5142],[6.17226,50.51622],[6.18495,50.5197],[6.19226,50.5211]]]}},{"type":"Feature","id":"63084","bbox":[5.884418,50.626417,6.00034,50.699476],"properties":{"nis":"63084","name":"Welkenraedt","nameNl":"Welkenraat","nameFr":"Welkenraedt","nameDe":"Welkenrath","province":"liege","region":"wallonia","areaKm2":24.65},"geometry":{"type":"Polygon","coordinates":[[[6.00034,50.64985],[5.99223,50.65486],[5.98129,50.66017],[5.97576,50.66563],[5.96789,50.67504],[5.96461,50.6777],[5.95464,50.6843],[5.96319,50.69227],[5.96717,50.69507],[5.9588,50.69948],[5.93986,50.69318],[5.93466,50.68961],[5.93289,50.68929],[5.93112,50.68658],[5.92681,50.68261],[5.92619,50.68088],[5.92234,50.67851],[5.91881,50.67625],[5.91623,50.67506],[5.90519,50.6723],[5.90165,50.66886],[5.89662,50.66612],[5.89867,50.66038],[5.9002,50.65832],[5.89816,50.65369],[5.89909,50.64899],[5.90338,50.64524],[5.89606,50.64262],[5.89333,50.63952],[5.88612,50.63554],[5.88442,50.63385],[5.88747,50.63262],[5.89592,50.62653],[5.90073,50.62645],[5.90279,50.62996],[5.90577,50.63248],[5.89967,50.63566],[5.90049,50.63752],[5.9051,50.63937],[5.91343,50.64142],[5.91726,50.64333],[5.92047,50.64911],[5.92632,50.65051],[5.93157,50.65314],[5.93596,50.6521],[5.93714,50.64994],[5.94241,50.64966],[5.98235,50.64648],[5.99221,50.6478],[6.00034,50.64985]]]}},{"type":"Feature","id":"63086","bbox":[5.760231,50.319747,6.00204,50.391071],"properties":{"nis":"63086","name":"Trois-Ponts","nameNl":"Trois-Ponts","nameFr":"Trois-Ponts","nameDe":"Dreibrücken","province":"liege","region":"wallonia","areaKm2":68.63},"geometry":{"type":"Polygon","coordinates":[[[5.85042,50.32681],[5.85124,50.33536],[5.86105,50.34529],[5.86201,50.34829],[5.86568,50.3459],[5.87145,50.34369],[5.88038,50.34154],[5.88957,50.33866],[5.89625,50.33973],[5.90204,50.33862],[5.90866,50.3365],[5.91076,50.33515],[5.9173,50.33431],[5.92185,50.33281],[5.92854,50.33243],[5.93362,50.33463],[5.93716,50.3383],[5.9442,50.33635],[5.94846,50.33653],[5.95536,50.33356],[5.96089,50.32742],[5.98017,50.32983],[5.98777,50.33014],[5.99818,50.3298],[6.00204,50.33326],[6.00052,50.33599],[5.99573,50.3355],[5.99893,50.34327],[5.99751,50.34484],[5.99962,50.34836],[5.9967,50.35037],[5.99481,50.3581],[5.9888,50.36083],[5.98423,50.3618],[5.97583,50.36211],[5.97146,50.36368],[5.96855,50.36701],[5.96682,50.37222],[5.9661,50.37128],[5.96127,50.37138],[5.95551,50.37395],[5.94341,50.37309],[5.93719,50.37107],[5.92898,50.37112],[5.92598,50.37295],[5.91905,50.3743],[5.91599,50.37349],[5.91194,50.37721],[5.90753,50.37794],[5.90578,50.37938],[5.90476,50.38292],[5.902,50.3829],[5.8994,50.38071],[5.89884,50.37708],[5.89505,50.37682],[5.89122,50.3778],[5.88555,50.37795],[5.87855,50.37625],[5.87577,50.37711],[5.87926,50.38112],[5.87813,50.38157],[5.8753,50.37846],[5.87398,50.37901],[5.87656,50.38409],[5.87031,50.38286],[5.8625,50.38379],[5.86162,50.38847],[5.85957,50.38775],[5.85511,50.38845],[5.85104,50.39105],[5.84338,50.38849],[5.83882,50.38387],[5.83452,50.38502],[5.82253,50.37896],[5.81608,50.37779],[5.81487,50.37604],[5.80618,50.37469],[5.79451,50.37452],[5.7894,50.37269],[5.76895,50.36744],[5.76023,50.36575],[5.76029,50.3647],[5.76558,50.3557],[5.76909,50.35607],[5.76949,50.35381],[5.77187,50.35049],[5.78042,50.34669],[5.78922,50.34157],[5.79212,50.34035],[5.79894,50.3403],[5.80453,50.34222],[5.82308,50.34482],[5.82842,50.3472],[5.83435,50.34814],[5.83538,50.34638],[5.83385,50.33921],[5.83718,50.33594],[5.83848,50.33219],[5.83783,50.32863],[5.8439,50.32327],[5.84405,50.32156],[5.85032,50.31975],[5.85042,50.32681]]]}},{"type":"Feature","id":"63087","bbox":[6.008692,50.129485,6.192496,50.264605],"properties":{"nis":"63087","name":"Burg-Reuland","nameNl":"Burg-Reuland","nameFr":"Burg-Reuland","nameDe":"Burg-Reuland","province":"liege","region":"wallonia","areaKm2":109.44},"geometry":{"type":"Polygon","coordinates":[[[6.02478,50.1828],[6.02645,50.17749],[6.029,50.17331],[6.02925,50.16637],[6.03329,50.16247],[6.04517,50.1577],[6.05029,50.15682],[6.05702,50.15434],[6.06342,50.15336],[6.06892,50.15535],[6.07171,50.15727],[6.07879,50.1565],[6.0786,50.15854],[6.08051,50.16265],[6.07899,50.16837],[6.0792,50.17079],[6.08507,50.17201],[6.09256,50.16938],[6.10245,50.17055],[6.11978,50.16335],[6.1204,50.16183],[6.11567,50.15686],[6.11523,50.15506],[6.11762,50.15476],[6.11929,50.15267],[6.12568,50.15011],[6.12278,50.1495],[6.11735,50.14685],[6.117,50.14453],[6.11507,50.14419],[6.11206,50.13616],[6.12075,50.13628],[6.12656,50.13397],[6.13083,50.12981],[6.13779,50.12985],[6.13849,50.13454],[6.14718,50.13567],[6.15075,50.13754],[6.15081,50.13896],[6.1545,50.14164],[6.15239,50.14728],[6.15298,50.15015],[6.14846,50.15178],[6.1407,50.14801],[6.13918,50.15031],[6.13454,50.15158],[6.13202,50.15351],[6.13261,50.15551],[6.13897,50.15508],[6.14403,50.15638],[6.14766,50.16055],[6.14581,50.16314],[6.14167,50.16533],[6.13961,50.16783],[6.14046,50.16963],[6.14776,50.17046],[6.14437,50.17376],[6.147,50.17775],[6.15242,50.17631],[6.15588,50.17188],[6.16022,50.17181],[6.16207,50.17772],[6.16766,50.17971],[6.1706,50.17867],[6.17847,50.17958],[6.18052,50.17815],[6.1842,50.17831],[6.1925,50.18207],[6.18606,50.18401],[6.19006,50.18611],[6.19016,50.18766],[6.18413,50.19221],[6.18652,50.1953],[6.18506,50.19873],[6.18649,50.20139],[6.18527,50.20271],[6.18885,50.20533],[6.18542,50.20607],[6.1827,50.20815],[6.18155,50.21201],[6.17859,50.2145],[6.17788,50.21659],[6.17127,50.21914],[6.16676,50.21934],[6.16647,50.22211],[6.16801,50.22441],[6.17266,50.22469],[6.17653,50.22583],[6.17751,50.22843],[6.17377,50.23165],[6.17072,50.2317],[6.16788,50.23011],[6.16592,50.23271],[6.16096,50.23266],[6.15349,50.23467],[6.15042,50.23617],[6.14679,50.23573],[6.14709,50.23279],[6.14107,50.23091],[6.13424,50.23183],[6.13393,50.23386],[6.13112,50.23704],[6.13133,50.24019],[6.12654,50.24035],[6.12576,50.24254],[6.11944,50.24248],[6.11549,50.24021],[6.1083,50.24298],[6.10288,50.24188],[6.09805,50.24378],[6.09428,50.24332],[6.09156,50.24491],[6.08822,50.24256],[6.08701,50.24519],[6.08154,50.24312],[6.07742,50.24433],[6.07872,50.24587],[6.07799,50.24832],[6.07521,50.24975],[6.07098,50.25042],[6.06782,50.25214],[6.06592,50.25508],[6.0602,50.25663],[6.05597,50.26063],[6.05175,50.26261],[6.05066,50.26169],[6.03223,50.26371],[6.01245,50.26461],[6.01651,50.2527],[6.01239,50.24417],[6.00895,50.23936],[6.01007,50.23449],[6.00986,50.229],[6.01281,50.22567],[6.01188,50.22226],[6.0122,50.21817],[6.0148,50.21542],[6.01479,50.21345],[6.01202,50.20777],[6.01236,50.20601],[6.0207,50.20713],[6.02711,50.20992],[6.02862,50.20763],[6.03439,50.20595],[6.03246,50.20315],[6.0331,50.2012],[6.02933,50.19814],[6.0237,50.19467],[6.02077,50.19363],[6.02036,50.19173],[6.02619,50.18329],[6.02478,50.1828]]]}},{"type":"Feature","id":"63088","bbox":[5.883366,50.678508,6.021007,50.762475],"properties":{"nis":"63088","name":"Plombières","nameNl":"Blieberg","nameFr":"Plombières","nameDe":"Bleiberg","province":"liege","region":"wallonia","areaKm2":53.02},"geometry":{"type":"Polygon","coordinates":[[[5.89211,50.75522],[5.8899,50.75354],[5.89107,50.75061],[5.89718,50.74443],[5.90105,50.74489],[5.90147,50.74353],[5.90677,50.7422],[5.90594,50.74074],[5.90885,50.73935],[5.91111,50.73515],[5.90493,50.73058],[5.90233,50.72768],[5.89949,50.72627],[5.8866,50.71559],[5.88336,50.70987],[5.88761,50.70915],[5.89096,50.70732],[5.89525,50.70295],[5.89915,50.69599],[5.90848,50.68892],[5.91488,50.68287],[5.92234,50.67851],[5.92619,50.68088],[5.92681,50.68261],[5.93112,50.68658],[5.93289,50.68929],[5.93466,50.68961],[5.93986,50.69318],[5.9588,50.69948],[5.96717,50.69507],[5.98173,50.70258],[5.9963,50.70796],[6.01403,50.74015],[6.02101,50.75429],[6.0143,50.75506],[5.99928,50.75303],[5.99721,50.75387],[5.99337,50.75276],[5.98452,50.7534],[5.98319,50.75282],[5.97933,50.75463],[5.97414,50.75521],[5.97512,50.75789],[5.97282,50.75965],[5.96921,50.7606],[5.95797,50.76211],[5.95327,50.76007],[5.94649,50.75982],[5.94425,50.75847],[5.93897,50.75794],[5.93631,50.75686],[5.93107,50.75694],[5.92145,50.75136],[5.91508,50.75037],[5.91538,50.75472],[5.9137,50.75575],[5.90901,50.75422],[5.90821,50.75569],[5.90485,50.75522],[5.90163,50.7514],[5.89211,50.75522]]]}},{"type":"Feature","id":"63089","bbox":[5.825039,50.62647,5.918809,50.698259],"properties":{"nis":"63089","name":"Thimister-Clermont","nameNl":"Thimister-Clermont","nameFr":"Thimister-Clermont","nameDe":"Thimister-Clermont","province":"liege","region":"wallonia","areaKm2":28.56},"geometry":{"type":"Polygon","coordinates":[[[5.91881,50.67625],[5.91479,50.6793],[5.90627,50.68097],[5.90208,50.68559],[5.89335,50.69045],[5.88411,50.69105],[5.88445,50.69414],[5.87868,50.69821],[5.87463,50.69782],[5.87378,50.69468],[5.86926,50.69238],[5.86432,50.68858],[5.859,50.68831],[5.85013,50.68612],[5.84201,50.68486],[5.83843,50.68593],[5.83623,50.68475],[5.83853,50.68151],[5.84578,50.67824],[5.84628,50.67519],[5.84,50.6734],[5.83323,50.66971],[5.82835,50.67106],[5.82504,50.66832],[5.83112,50.65994],[5.83257,50.65614],[5.83225,50.65337],[5.83646,50.6477],[5.8395,50.64604],[5.83976,50.64432],[5.84446,50.64125],[5.84906,50.64041],[5.85048,50.63574],[5.85398,50.63425],[5.85632,50.63466],[5.85748,50.63205],[5.8597,50.63067],[5.86055,50.62647],[5.86903,50.62915],[5.87412,50.62967],[5.87913,50.63274],[5.88442,50.63385],[5.88612,50.63554],[5.89333,50.63952],[5.89606,50.64262],[5.90338,50.64524],[5.89909,50.64899],[5.89816,50.65369],[5.9002,50.65832],[5.89867,50.66038],[5.89662,50.66612],[5.90165,50.66886],[5.90519,50.6723],[5.91623,50.67506],[5.91881,50.67625]]]}},{"type":"Feature","id":"64008","bbox":[5.165097,50.683593,5.235377,50.723654],"properties":{"nis":"64008","name":"Berloz","nameNl":"Berloz","nameFr":"Berloz","nameDe":"Berloz","province":"liege","region":"wallonia","areaKm2":14.46},"geometry":{"type":"Polygon","coordinates":[[[5.22898,50.7178],[5.22432,50.72079],[5.21383,50.72088],[5.21208,50.71996],[5.20561,50.72091],[5.19745,50.71885],[5.19413,50.7165],[5.19109,50.71688],[5.18882,50.7191],[5.18417,50.7208],[5.17994,50.72094],[5.1754,50.72365],[5.1747,50.72106],[5.16984,50.7225],[5.17054,50.71969],[5.1677,50.71648],[5.16884,50.71422],[5.17526,50.71453],[5.17515,50.71271],[5.17942,50.70715],[5.18055,50.70467],[5.17436,50.70041],[5.1651,50.69565],[5.16729,50.69066],[5.17445,50.69112],[5.17926,50.69315],[5.18209,50.69009],[5.18548,50.69103],[5.18712,50.69399],[5.18819,50.69337],[5.19355,50.69428],[5.19555,50.6906],[5.19993,50.68621],[5.20589,50.68885],[5.21257,50.68502],[5.21376,50.68359],[5.22198,50.68603],[5.22585,50.68367],[5.23081,50.68819],[5.22976,50.68908],[5.23229,50.69125],[5.23538,50.69576],[5.23126,50.70077],[5.23404,50.70336],[5.23205,50.70692],[5.23028,50.70676],[5.22782,50.7138],[5.22733,50.71692],[5.22898,50.7178]]]}},{"type":"Feature","id":"64015","bbox":[5.08056,50.570777,5.20985,50.649273],"properties":{"nis":"64015","name":"Braives","nameNl":"Braives","nameFr":"Braives","nameDe":"Braives","province":"liege","region":"wallonia","areaKm2":43.89},"geometry":{"type":"Polygon","coordinates":[[[5.20817,50.57512],[5.2081,50.57695],[5.20347,50.5788],[5.20861,50.58149],[5.20977,50.58355],[5.20741,50.58685],[5.20537,50.59215],[5.19996,50.59011],[5.19823,50.59129],[5.19287,50.58993],[5.1918,50.59149],[5.19355,50.59567],[5.19125,50.59651],[5.19486,50.60018],[5.19007,50.60303],[5.19511,50.60406],[5.19663,50.60651],[5.20083,50.60964],[5.1951,50.61473],[5.19121,50.61403],[5.18961,50.61572],[5.19304,50.61694],[5.19016,50.61994],[5.19152,50.62312],[5.19677,50.62682],[5.19383,50.62899],[5.19595,50.63264],[5.19334,50.63367],[5.19671,50.63604],[5.19223,50.63961],[5.19589,50.64119],[5.19402,50.64268],[5.19554,50.64382],[5.19577,50.64537],[5.19049,50.64927],[5.17696,50.64559],[5.16781,50.64508],[5.16514,50.64715],[5.1613,50.64568],[5.15869,50.64694],[5.1518,50.64867],[5.14031,50.64412],[5.13428,50.63977],[5.13084,50.6416],[5.12718,50.63727],[5.11666,50.63805],[5.10993,50.63985],[5.101,50.64074],[5.09609,50.63972],[5.09843,50.63568],[5.09898,50.63138],[5.09515,50.63153],[5.09089,50.63034],[5.09205,50.62808],[5.08648,50.62717],[5.08408,50.62811],[5.0841,50.62629],[5.08056,50.62112],[5.08206,50.61809],[5.08418,50.60989],[5.08291,50.6064],[5.08367,50.60326],[5.08325,50.59969],[5.08296,50.59814],[5.09561,50.59907],[5.09801,50.59868],[5.1044,50.59357],[5.1068,50.59475],[5.10932,50.59339],[5.11286,50.59715],[5.11756,50.59832],[5.12277,50.60132],[5.13106,50.60437],[5.13515,50.6082],[5.14053,50.60643],[5.15174,50.60098],[5.1552,50.59868],[5.15784,50.59825],[5.16307,50.5953],[5.16564,50.58549],[5.16293,50.58337],[5.16692,50.57905],[5.1699,50.57968],[5.17291,50.5775],[5.17756,50.57698],[5.1779,50.57542],[5.18398,50.57592],[5.18844,50.57258],[5.19076,50.57374],[5.19529,50.57078],[5.20817,50.57512]]]}},{"type":"Feature","id":"64021","bbox":[5.36306,50.685083,5.431737,50.73546],"properties":{"nis":"64021","name":"Crisnée","nameNl":"Crisnée","nameFr":"Crisnée","nameDe":"Crisnée","province":"liege","region":"wallonia","areaKm2":16.92},"geometry":{"type":"Polygon","coordinates":[[[5.39654,50.6918],[5.40011,50.69144],[5.42732,50.68508],[5.42925,50.68682],[5.42726,50.68822],[5.42932,50.69178],[5.42112,50.69481],[5.42474,50.69913],[5.42315,50.69996],[5.42486,50.70185],[5.4227,50.70267],[5.42491,50.70488],[5.42325,50.70868],[5.42438,50.71225],[5.42928,50.71548],[5.42809,50.71825],[5.43174,50.71972],[5.42809,50.72318],[5.42057,50.71902],[5.41544,50.72148],[5.41628,50.72282],[5.40982,50.72417],[5.40802,50.72672],[5.40229,50.72805],[5.40275,50.73161],[5.40175,50.73521],[5.39447,50.73485],[5.38708,50.73475],[5.38263,50.73032],[5.37766,50.73008],[5.37656,50.73277],[5.37474,50.73322],[5.37031,50.73094],[5.36855,50.73116],[5.36953,50.72545],[5.36852,50.72115],[5.36912,50.71825],[5.37233,50.7155],[5.36306,50.70623],[5.36589,50.70233],[5.36342,50.69941],[5.39257,50.69299],[5.39654,50.6918]]]}},{"type":"Feature","id":"64023","bbox":[5.281389,50.625214,5.376565,50.675409],"properties":{"nis":"64023","name":"Donceel","nameNl":"Donceel","nameFr":"Donceel","nameDe":"Donceel","province":"liege","region":"wallonia","areaKm2":23.36},"geometry":{"type":"Polygon","coordinates":[[[5.28139,50.63716],[5.29209,50.63329],[5.29929,50.62906],[5.29724,50.62761],[5.30057,50.62597],[5.30473,50.62521],[5.31257,50.62649],[5.31844,50.62617],[5.32334,50.62753],[5.33015,50.63032],[5.34157,50.63282],[5.34946,50.63336],[5.34946,50.63337],[5.35023,50.63459],[5.37008,50.64528],[5.37366,50.64642],[5.37497,50.64938],[5.37301,50.65044],[5.37582,50.6554],[5.36859,50.65784],[5.36845,50.66003],[5.36157,50.66252],[5.36212,50.66353],[5.35316,50.66683],[5.3551,50.6687],[5.35427,50.67059],[5.34842,50.67163],[5.34834,50.6706],[5.34145,50.66823],[5.33727,50.66585],[5.32849,50.66778],[5.31775,50.67063],[5.31826,50.67135],[5.31265,50.6731],[5.31195,50.67227],[5.30591,50.67541],[5.30545,50.67491],[5.30116,50.67016],[5.30292,50.66924],[5.30006,50.66677],[5.29769,50.66079],[5.29486,50.66031],[5.29353,50.65609],[5.28445,50.65655],[5.28554,50.65364],[5.28465,50.65006],[5.28629,50.64792],[5.28642,50.64376],[5.28546,50.64032],[5.28139,50.63716]]]}},{"type":"Feature","id":"64025","bbox":[5.348394,50.639185,5.440767,50.691802],"properties":{"nis":"64025","name":"Fexhe-le-Haut-Clocher","nameNl":"Fexhe-le-Haut-Clocher","nameFr":"Fexhe-le-Haut-Clocher","nameDe":"Fexhe-le-Haut-Clocher","province":"liege","region":"wallonia","areaKm2":19.35},"geometry":{"type":"Polygon","coordinates":[[[5.42732,50.68508],[5.40011,50.69144],[5.39654,50.6918],[5.39099,50.68183],[5.38196,50.66646],[5.37833,50.6678],[5.34984,50.67333],[5.34842,50.67163],[5.35427,50.67059],[5.3551,50.6687],[5.35316,50.66683],[5.36212,50.66353],[5.36157,50.66252],[5.36845,50.66003],[5.36859,50.65784],[5.37582,50.6554],[5.37301,50.65044],[5.37497,50.64938],[5.37366,50.64642],[5.38134,50.64335],[5.38923,50.63918],[5.39239,50.64143],[5.39421,50.6405],[5.41024,50.64241],[5.40936,50.64406],[5.41115,50.64629],[5.41446,50.64465],[5.41722,50.64508],[5.41878,50.64691],[5.42365,50.64934],[5.42559,50.64805],[5.42806,50.65008],[5.43025,50.64879],[5.43241,50.65147],[5.43561,50.65159],[5.44077,50.65783],[5.43909,50.65899],[5.44036,50.66078],[5.43832,50.66204],[5.43978,50.66451],[5.43641,50.66964],[5.43407,50.67049],[5.4314,50.66869],[5.42996,50.66965],[5.43235,50.67218],[5.42274,50.67633],[5.42288,50.67843],[5.42071,50.67875],[5.42732,50.68508]]]}},{"type":"Feature","id":"64029","bbox":[5.139953,50.643349,5.226911,50.698323],"properties":{"nis":"64029","name":"Geer","nameNl":"Geer","nameFr":"Geer","nameDe":"Geer","province":"liege","region":"wallonia","areaKm2":23.5},"geometry":{"type":"Polygon","coordinates":[[[5.1651,50.69565],[5.16222,50.69565],[5.15632,50.69832],[5.15055,50.69548],[5.14864,50.69543],[5.14605,50.69282],[5.15041,50.68975],[5.14652,50.68803],[5.14417,50.68283],[5.14694,50.6799],[5.15007,50.67905],[5.14821,50.67824],[5.15179,50.67753],[5.15998,50.67246],[5.16215,50.66723],[5.14989,50.66473],[5.14351,50.66294],[5.14476,50.66181],[5.13995,50.65935],[5.14017,50.65797],[5.14547,50.65386],[5.15192,50.64974],[5.1518,50.64867],[5.15869,50.64694],[5.1613,50.64568],[5.16514,50.64715],[5.16781,50.64508],[5.17696,50.64559],[5.19049,50.64927],[5.19577,50.64537],[5.19554,50.64382],[5.19645,50.64335],[5.20274,50.64724],[5.20623,50.64691],[5.21129,50.6492],[5.21452,50.65203],[5.20948,50.65392],[5.21167,50.65627],[5.209,50.65742],[5.21433,50.6619],[5.21929,50.66365],[5.22522,50.66751],[5.22691,50.6702],[5.2226,50.67287],[5.21933,50.67376],[5.21671,50.67856],[5.21849,50.67942],[5.21376,50.68359],[5.21257,50.68502],[5.20589,50.68885],[5.19993,50.68621],[5.19555,50.6906],[5.19355,50.69428],[5.18819,50.69337],[5.18712,50.69399],[5.18548,50.69103],[5.18209,50.69009],[5.17926,50.69315],[5.17445,50.69112],[5.16729,50.69066],[5.1651,50.69565]]]}},{"type":"Feature","id":"64034","bbox":[4.98714,50.598483,5.162324,50.716148],"properties":{"nis":"64034","name":"Hannut","nameNl":"Hannuit","nameFr":"Hannut","nameDe":"Hannut","province":"liege","region":"wallonia","areaKm2":86.24},"geometry":{"type":"Polygon","coordinates":[[[5.14864,50.69543],[5.13901,50.69887],[5.13454,50.70138],[5.13172,50.70175],[5.13293,50.70368],[5.12828,50.7045],[5.12728,50.7061],[5.11934,50.70828],[5.11712,50.70714],[5.10852,50.70974],[5.10349,50.70916],[5.10021,50.70559],[5.09586,50.70335],[5.0919,50.70394],[5.08644,50.70665],[5.08315,50.70532],[5.08137,50.70808],[5.07537,50.70906],[5.07038,50.70647],[5.0697,50.70867],[5.06558,50.71047],[5.06307,50.71352],[5.06544,50.71461],[5.06217,50.71586],[5.05953,50.71499],[5.05645,50.7157],[5.05756,50.71375],[5.05721,50.7107],[5.06086,50.70919],[5.05304,50.70548],[5.04832,50.70472],[5.04058,50.70196],[5.03747,50.7025],[5.03888,50.70014],[5.03128,50.69882],[5.02344,50.69847],[5.01733,50.70254],[5.01493,50.69901],[5.00839,50.69785],[5.00258,50.69596],[5.00004,50.69083],[5.0005,50.68633],[4.99738,50.68371],[4.99761,50.67966],[4.99929,50.67534],[4.99652,50.67164],[5.00265,50.66499],[4.99374,50.6594],[4.99059,50.65668],[4.98776,50.65109],[4.98922,50.6477],[4.98714,50.64722],[4.98811,50.64542],[4.99016,50.64142],[4.99424,50.6369],[4.99701,50.63673],[5.00393,50.63831],[5.00961,50.63709],[5.01555,50.63365],[5.01941,50.63766],[5.02139,50.64092],[5.02269,50.64522],[5.02607,50.64648],[5.03976,50.64335],[5.04582,50.64569],[5.04683,50.64436],[5.05671,50.64201],[5.05506,50.63604],[5.05732,50.63086],[5.05661,50.62908],[5.04717,50.62147],[5.049,50.61666],[5.05462,50.60769],[5.05973,50.60481],[5.0618,50.60253],[5.06734,50.60001],[5.0678,50.60277],[5.07036,50.60272],[5.0727,50.59912],[5.07573,50.59848],[5.08325,50.59969],[5.08367,50.60326],[5.08291,50.6064],[5.08418,50.60989],[5.08206,50.61809],[5.08056,50.62112],[5.0841,50.62629],[5.08408,50.62811],[5.08648,50.62717],[5.09205,50.62808],[5.09089,50.63034],[5.09515,50.63153],[5.09898,50.63138],[5.09843,50.63568],[5.09609,50.63972],[5.101,50.64074],[5.10993,50.63985],[5.11666,50.63805],[5.12718,50.63727],[5.13084,50.6416],[5.13428,50.63977],[5.14031,50.64412],[5.1518,50.64867],[5.15192,50.64974],[5.14547,50.65386],[5.14017,50.65797],[5.13995,50.65935],[5.14476,50.66181],[5.14351,50.66294],[5.14989,50.66473],[5.16215,50.66723],[5.15998,50.67246],[5.15179,50.67753],[5.14821,50.67824],[5.15007,50.67905],[5.14694,50.6799],[5.14417,50.68283],[5.14652,50.68803],[5.15041,50.68975],[5.14605,50.69282],[5.14864,50.69543]]]}},{"type":"Feature","id":"64047","bbox":[4.992525,50.698473,5.060858,50.750773],"properties":{"nis":"64047","name":"Lincent","nameNl":"Lijsem","nameFr":"Lincent","nameDe":"Lincent","province":"liege","region":"wallonia","areaKm2":14.67},"geometry":{"type":"Polygon","coordinates":[[[5.05645,50.7157],[5.04782,50.72195],[5.04401,50.72347],[5.04643,50.72531],[5.04534,50.72899],[5.047,50.73128],[5.04245,50.73408],[5.04565,50.7357],[5.0451,50.73673],[5.04813,50.73905],[5.03325,50.74441],[5.03008,50.7469],[5.01953,50.75077],[5.02049,50.74845],[5.01648,50.74377],[5.01594,50.73961],[5.0171,50.73709],[5.01565,50.73457],[5.01727,50.733],[5.01271,50.73058],[5.00856,50.73314],[5.00764,50.72903],[4.99769,50.72815],[4.99403,50.72626],[4.99253,50.72363],[4.99714,50.7213],[4.99622,50.71722],[4.99792,50.71516],[5.00998,50.71193],[5.00944,50.70742],[5.01275,50.70606],[5.01733,50.70254],[5.02344,50.69847],[5.03128,50.69882],[5.03888,50.70014],[5.03747,50.7025],[5.04058,50.70196],[5.04832,50.70472],[5.05304,50.70548],[5.06086,50.70919],[5.05721,50.7107],[5.05756,50.71375],[5.05645,50.7157]]]}},{"type":"Feature","id":"64056","bbox":[5.30393,50.699412,5.394469,50.74797],"properties":{"nis":"64056","name":"Oreye","nameNl":"Oerle","nameFr":"Oreye","nameDe":"Oreye","province":"liege","region":"wallonia","areaKm2":19.58},"geometry":{"type":"Polygon","coordinates":[[[5.39447,50.73485],[5.39289,50.7385],[5.39277,50.74324],[5.38959,50.74797],[5.37605,50.74204],[5.37186,50.74616],[5.36803,50.74697],[5.35029,50.74639],[5.33369,50.73548],[5.325,50.73224],[5.31625,50.72825],[5.31385,50.72925],[5.30809,50.72381],[5.31005,50.7211],[5.3091,50.71802],[5.31251,50.71615],[5.31328,50.71384],[5.30831,50.71098],[5.30919,50.70792],[5.30672,50.70809],[5.304,50.70636],[5.30393,50.7038],[5.34701,50.70119],[5.34708,50.70079],[5.36342,50.69941],[5.36589,50.70233],[5.36306,50.70623],[5.37233,50.7155],[5.36912,50.71825],[5.36852,50.72115],[5.36953,50.72545],[5.36855,50.73116],[5.37031,50.73094],[5.37474,50.73322],[5.37656,50.73277],[5.37766,50.73008],[5.38263,50.73032],[5.38708,50.73475],[5.39447,50.73485]]]}},{"type":"Feature","id":"64063","bbox":[5.288422,50.665427,5.396543,50.70392],"properties":{"nis":"64063","name":"Remicourt","nameNl":"Remicourt","nameFr":"Remicourt","nameDe":"Remicourt","province":"liege","region":"wallonia","areaKm2":22.62},"geometry":{"type":"Polygon","coordinates":[[[5.36342,50.69941],[5.34708,50.70079],[5.34701,50.70119],[5.30393,50.7038],[5.29611,50.70377],[5.29657,50.69968],[5.2976,50.69964],[5.29671,50.69217],[5.29276,50.6918],[5.29512,50.68587],[5.29102,50.68199],[5.2921,50.67933],[5.28842,50.67696],[5.29305,50.67549],[5.29359,50.67636],[5.30163,50.67417],[5.30207,50.67599],[5.30545,50.67491],[5.30591,50.67541],[5.31195,50.67227],[5.31265,50.6731],[5.31826,50.67135],[5.31775,50.67063],[5.32849,50.66778],[5.33727,50.66585],[5.34145,50.66823],[5.34834,50.6706],[5.34842,50.67163],[5.34984,50.67333],[5.37833,50.6678],[5.38196,50.66646],[5.39099,50.68183],[5.39654,50.6918],[5.39257,50.69299],[5.36342,50.69941]]]}},{"type":"Feature","id":"64065","bbox":[5.326127,50.560767,5.394426,50.633368],"properties":{"nis":"64065","name":"Saint-Georges-sur-Meuse","nameNl":"Saint-Georges-sur-Meuse","nameFr":"Saint-Georges-sur-Meuse","nameDe":"Saint-Georges-sur-Meuse","province":"liege","region":"wallonia","areaKm2":20.81},"geometry":{"type":"Polygon","coordinates":[[[5.34946,50.63336],[5.34772,50.62831],[5.34214,50.62444],[5.33983,50.62486],[5.33805,50.62122],[5.34199,50.61592],[5.33483,50.61196],[5.33971,50.60901],[5.33745,50.60634],[5.33928,50.60541],[5.33701,50.60282],[5.33979,50.59988],[5.33416,50.59702],[5.33249,50.59226],[5.32891,50.59334],[5.3262,50.59187],[5.32996,50.59027],[5.34039,50.58324],[5.34213,50.58002],[5.34416,50.57877],[5.3434,50.57581],[5.34823,50.57066],[5.35023,50.56639],[5.34522,50.56601],[5.34402,50.56406],[5.34617,50.56077],[5.35198,50.56287],[5.37331,50.5686],[5.38234,50.5707],[5.38068,50.57256],[5.37747,50.57323],[5.37506,50.5762],[5.37683,50.57946],[5.38025,50.58065],[5.38361,50.58324],[5.38733,50.58439],[5.39443,50.5898],[5.39117,50.59001],[5.39095,50.59231],[5.38812,50.59199],[5.38774,50.59665],[5.39064,50.59922],[5.38586,50.60313],[5.38819,50.60348],[5.3865,50.60533],[5.38558,50.60982],[5.3868,50.61129],[5.38345,50.61146],[5.38045,50.61391],[5.37566,50.61655],[5.37256,50.62171],[5.36367,50.62573],[5.36074,50.62797],[5.35056,50.63116],[5.34946,50.63337],[5.34946,50.63336]]]}},{"type":"Feature","id":"64074","bbox":[5.213762,50.655492,5.313278,50.729035],"properties":{"nis":"64074","name":"Waremme","nameNl":"Borgworm","nameFr":"Waremme","nameDe":"Waremme","province":"liege","region":"wallonia","areaKm2":30.8},"geometry":{"type":"Polygon","coordinates":[[[5.30393,50.7038],[5.304,50.70636],[5.30672,50.70809],[5.30919,50.70792],[5.30831,50.71098],[5.31328,50.71384],[5.31251,50.71615],[5.3091,50.71802],[5.30611,50.71798],[5.3039,50.71594],[5.29962,50.72008],[5.30066,50.72061],[5.29651,50.72358],[5.29197,50.72383],[5.29122,50.72519],[5.2865,50.72409],[5.2817,50.72752],[5.27631,50.72903],[5.27399,50.72623],[5.26998,50.7257],[5.27031,50.72277],[5.26444,50.71963],[5.26508,50.7177],[5.2557,50.71512],[5.24857,50.71619],[5.24113,50.71672],[5.23806,50.72143],[5.23883,50.72284],[5.23691,50.72722],[5.23219,50.71897],[5.22898,50.7178],[5.22733,50.71692],[5.22782,50.7138],[5.23028,50.70676],[5.23205,50.70692],[5.23404,50.70336],[5.23126,50.70077],[5.23538,50.69576],[5.23229,50.69125],[5.22976,50.68908],[5.23081,50.68819],[5.22585,50.68367],[5.22198,50.68603],[5.21376,50.68359],[5.21849,50.67942],[5.21671,50.67856],[5.21933,50.67376],[5.2226,50.67287],[5.22691,50.6702],[5.23402,50.67466],[5.24025,50.67797],[5.24283,50.67668],[5.25091,50.67052],[5.26207,50.6682],[5.26505,50.66677],[5.26838,50.66747],[5.28046,50.66396],[5.27749,50.65965],[5.27591,50.65556],[5.28445,50.65655],[5.29353,50.65609],[5.29486,50.66031],[5.29769,50.66079],[5.30006,50.66677],[5.30292,50.66924],[5.30116,50.67016],[5.30545,50.67491],[5.30207,50.67599],[5.30163,50.67417],[5.29359,50.67636],[5.29305,50.67549],[5.28842,50.67696],[5.2921,50.67933],[5.29102,50.68199],[5.29512,50.68587],[5.29276,50.6918],[5.29671,50.69217],[5.2976,50.69964],[5.29657,50.69968],[5.29611,50.70377],[5.30393,50.7038]]]}},{"type":"Feature","id":"64075","bbox":[4.979307,50.588026,5.061802,50.646478],"properties":{"nis":"64075","name":"Wasseiges","nameNl":"Wasseiges","nameFr":"Wasseiges","nameDe":"Wasseiges","province":"liege","region":"wallonia","areaKm2":24.39},"geometry":{"type":"Polygon","coordinates":[[[4.98811,50.64542],[4.98333,50.6423],[4.98978,50.63677],[4.9819,50.63451],[4.98793,50.62584],[4.98388,50.62102],[4.97931,50.6186],[4.98198,50.61667],[4.99311,50.61363],[5.00033,50.61042],[5.00299,50.60685],[4.99995,50.60568],[4.99906,50.60011],[5.00505,50.59685],[5.01387,50.59341],[5.01858,50.5908],[5.02865,50.5887],[5.0301,50.59244],[5.03608,50.59123],[5.04358,50.59091],[5.04516,50.58888],[5.04989,50.58928],[5.05359,50.58803],[5.05206,50.58966],[5.05702,50.59551],[5.06072,50.59712],[5.05928,50.59904],[5.0618,50.60253],[5.05973,50.60481],[5.05462,50.60769],[5.049,50.61666],[5.04717,50.62147],[5.05661,50.62908],[5.05732,50.63086],[5.05506,50.63604],[5.05671,50.64201],[5.04683,50.64436],[5.04582,50.64569],[5.03976,50.64335],[5.02607,50.64648],[5.02269,50.64522],[5.02139,50.64092],[5.01941,50.63766],[5.01555,50.63365],[5.00961,50.63709],[5.00393,50.63831],[4.99701,50.63673],[4.99424,50.6369],[4.99016,50.64142],[4.98811,50.64542]]]}},{"type":"Feature","id":"64076","bbox":[5.192229,50.615749,5.286764,50.677965],"properties":{"nis":"64076","name":"Faimes","nameNl":"Faimes","nameFr":"Faimes","nameDe":"Faimes","province":"liege","region":"wallonia","areaKm2":28.4},"geometry":{"type":"Polygon","coordinates":[[[5.19677,50.62682],[5.20238,50.62975],[5.20587,50.62665],[5.20808,50.62807],[5.21073,50.62423],[5.2147,50.62346],[5.21736,50.62395],[5.21954,50.62193],[5.22459,50.62171],[5.23503,50.62483],[5.23905,50.62315],[5.24036,50.62422],[5.24733,50.62184],[5.24876,50.61814],[5.25198,50.61625],[5.25495,50.61748],[5.25948,50.61594],[5.26521,50.61729],[5.26514,50.61939],[5.26945,50.61841],[5.27112,50.62024],[5.2721,50.61829],[5.2766,50.62201],[5.27271,50.62555],[5.27747,50.62807],[5.27356,50.63063],[5.2694,50.63173],[5.27815,50.63642],[5.28139,50.63716],[5.28546,50.64032],[5.28642,50.64376],[5.28629,50.64792],[5.28465,50.65006],[5.28554,50.65364],[5.28445,50.65655],[5.27591,50.65556],[5.27749,50.65965],[5.28046,50.66396],[5.26838,50.66747],[5.26505,50.66677],[5.26207,50.6682],[5.25091,50.67052],[5.24283,50.67668],[5.24025,50.67797],[5.23402,50.67466],[5.22691,50.6702],[5.22522,50.66751],[5.21929,50.66365],[5.21433,50.6619],[5.209,50.65742],[5.21167,50.65627],[5.20948,50.65392],[5.21452,50.65203],[5.21129,50.6492],[5.20623,50.64691],[5.20274,50.64724],[5.19645,50.64335],[5.19554,50.64382],[5.19402,50.64268],[5.19589,50.64119],[5.19223,50.63961],[5.19671,50.63604],[5.19334,50.63367],[5.19595,50.63264],[5.19383,50.62899],[5.19677,50.62682]]]}},{"type":"Feature","id":"81001","bbox":[5.678462,49.621875,5.910675,49.727215],"properties":{"nis":"81001","name":"Arlon","nameNl":"Aarlen","nameFr":"Arlon","nameDe":"Arel","province":"luxembourg","region":"wallonia","areaKm2":118.71},"geometry":{"type":"Polygon","coordinates":[[[5.70928,49.70752],[5.7055,49.70748],[5.70136,49.70897],[5.69942,49.7131],[5.69768,49.71131],[5.69504,49.71104],[5.69633,49.70892],[5.69404,49.70811],[5.69484,49.70643],[5.69243,49.70466],[5.69321,49.6954],[5.68712,49.69362],[5.68747,49.69116],[5.68432,49.69085],[5.68497,49.68928],[5.68237,49.68921],[5.6813,49.68757],[5.67846,49.68733],[5.68207,49.68311],[5.68388,49.6824],[5.68432,49.67954],[5.68747,49.67797],[5.68852,49.67217],[5.68984,49.66966],[5.69411,49.66626],[5.69586,49.66055],[5.69532,49.65724],[5.69931,49.65686],[5.69818,49.65502],[5.69814,49.65064],[5.69363,49.64579],[5.70015,49.64621],[5.70588,49.64579],[5.70921,49.64458],[5.71298,49.64144],[5.71591,49.64117],[5.71899,49.64282],[5.72825,49.64157],[5.73068,49.63696],[5.73533,49.64095],[5.73787,49.63938],[5.73651,49.63661],[5.73912,49.6355],[5.73795,49.63105],[5.7396,49.62669],[5.74314,49.62552],[5.7379,49.62373],[5.73883,49.62253],[5.74521,49.62419],[5.7473,49.62187],[5.75014,49.62296],[5.75181,49.62214],[5.75729,49.62555],[5.7612,49.62582],[5.76241,49.62432],[5.77598,49.62363],[5.77824,49.6265],[5.77763,49.63082],[5.78,49.63379],[5.78399,49.63384],[5.78454,49.63224],[5.78841,49.63211],[5.78923,49.63509],[5.78653,49.63838],[5.78258,49.64163],[5.78674,49.64278],[5.7861,49.64886],[5.78667,49.65328],[5.79234,49.65537],[5.79353,49.65237],[5.79265,49.65087],[5.79429,49.64723],[5.79944,49.64634],[5.79873,49.64864],[5.80292,49.64728],[5.80481,49.65393],[5.80856,49.65386],[5.80973,49.66003],[5.81742,49.65107],[5.81883,49.65021],[5.81681,49.64394],[5.81163,49.64151],[5.8124,49.64015],[5.81808,49.64026],[5.81826,49.64189],[5.82272,49.64288],[5.82273,49.64428],[5.8286,49.64684],[5.83293,49.64532],[5.83583,49.6455],[5.84075,49.64205],[5.84395,49.64554],[5.84797,49.64348],[5.84797,49.64226],[5.85348,49.64213],[5.85341,49.64087],[5.85882,49.64066],[5.86344,49.64141],[5.86743,49.63515],[5.86861,49.63467],[5.86633,49.62979],[5.87643,49.6269],[5.88009,49.6233],[5.88678,49.62732],[5.88271,49.63095],[5.88691,49.63495],[5.89229,49.63624],[5.89762,49.63582],[5.89896,49.63438],[5.90278,49.63592],[5.90771,49.63907],[5.90415,49.64186],[5.90412,49.64561],[5.90222,49.64595],[5.90296,49.65383],[5.90541,49.65476],[5.90297,49.65759],[5.90506,49.66072],[5.91068,49.66247],[5.90865,49.6655],[5.90167,49.66441],[5.90146,49.66632],[5.89809,49.66635],[5.89581,49.66875],[5.89374,49.66629],[5.88969,49.6705],[5.8871,49.6679],[5.88506,49.67048],[5.87694,49.67343],[5.87391,49.67326],[5.87019,49.67535],[5.86538,49.67609],[5.86182,49.68107],[5.86265,49.68456],[5.86455,49.68736],[5.8634,49.6885],[5.86698,49.69215],[5.8667,49.69436],[5.86903,49.69477],[5.87181,49.69846],[5.87794,49.70121],[5.88317,49.70649],[5.88698,49.70931],[5.88185,49.71293],[5.87473,49.71599],[5.8766,49.71812],[5.87517,49.72188],[5.87069,49.72162],[5.87048,49.72338],[5.86479,49.72695],[5.86163,49.72627],[5.86002,49.72721],[5.85447,49.72466],[5.85002,49.72395],[5.84459,49.72134],[5.84086,49.72149],[5.83761,49.72402],[5.83159,49.72451],[5.82629,49.72356],[5.82634,49.71895],[5.82123,49.71809],[5.81538,49.71625],[5.81211,49.71838],[5.8047,49.71812],[5.80211,49.71902],[5.79905,49.71852],[5.8015,49.71552],[5.79666,49.71454],[5.79423,49.71319],[5.79564,49.71048],[5.79229,49.70911],[5.79135,49.71047],[5.78702,49.71132],[5.78462,49.71496],[5.78717,49.7166],[5.78575,49.71801],[5.78679,49.72023],[5.78489,49.72201],[5.7783,49.72236],[5.77207,49.72021],[5.76978,49.72038],[5.7682,49.71828],[5.76308,49.71914],[5.76107,49.71417],[5.75789,49.71022],[5.75555,49.71116],[5.74946,49.7091],[5.74854,49.70993],[5.73889,49.70693],[5.73563,49.70186],[5.72916,49.69922],[5.72832,49.69663],[5.7253,49.69683],[5.71315,49.70018],[5.70971,49.70538],[5.70928,49.70752]]]}},{"type":"Feature","id":"81003","bbox":[5.676425,49.696635,5.832646,49.79665],"properties":{"nis":"81003","name":"Attert","nameNl":"Attert","nameFr":"Attert","nameDe":"Attert","province":"luxembourg","region":"wallonia","areaKm2":70.86},"geometry":{"type":"Polygon","coordinates":[[[5.82629,49.72356],[5.82433,49.72607],[5.82691,49.7269],[5.82715,49.7289],[5.82537,49.73204],[5.82808,49.73296],[5.82849,49.73718],[5.82744,49.73913],[5.83264,49.74147],[5.83039,49.74337],[5.83236,49.74694],[5.83046,49.74962],[5.82798,49.75026],[5.82403,49.74932],[5.82046,49.75127],[5.82086,49.75326],[5.81785,49.75398],[5.81597,49.76221],[5.81111,49.76536],[5.80944,49.76533],[5.80724,49.77247],[5.80343,49.7766],[5.79943,49.77807],[5.79847,49.78184],[5.79193,49.78713],[5.7933,49.79057],[5.79036,49.79576],[5.78519,49.79617],[5.78134,49.79227],[5.7769,49.7946],[5.7717,49.79319],[5.77026,49.79424],[5.76136,49.79305],[5.75516,49.79145],[5.75076,49.78966],[5.74981,49.7878],[5.75057,49.78337],[5.74517,49.77994],[5.74256,49.77997],[5.73985,49.77795],[5.73525,49.77635],[5.73351,49.77418],[5.72957,49.77478],[5.72834,49.7727],[5.7258,49.77206],[5.72208,49.77393],[5.72053,49.77251],[5.71801,49.77311],[5.71746,49.77589],[5.71193,49.77535],[5.71305,49.77002],[5.71124,49.76748],[5.70698,49.76429],[5.70877,49.76221],[5.70404,49.75616],[5.69342,49.75414],[5.69053,49.75208],[5.69004,49.74995],[5.68632,49.74487],[5.68084,49.7434],[5.67642,49.74144],[5.67946,49.74097],[5.67736,49.73996],[5.68211,49.7356],[5.68596,49.72843],[5.68888,49.72892],[5.69097,49.72751],[5.69116,49.72467],[5.69683,49.72361],[5.69852,49.72227],[5.69886,49.71771],[5.70573,49.71522],[5.70553,49.71174],[5.70867,49.70995],[5.70928,49.70752],[5.70971,49.70538],[5.71315,49.70018],[5.7253,49.69683],[5.72832,49.69663],[5.72916,49.69922],[5.73563,49.70186],[5.73889,49.70693],[5.74854,49.70993],[5.74946,49.7091],[5.75555,49.71116],[5.75789,49.71022],[5.76107,49.71417],[5.76308,49.71914],[5.7682,49.71828],[5.76978,49.72038],[5.77207,49.72021],[5.7783,49.72236],[5.78489,49.72201],[5.78679,49.72023],[5.78575,49.71801],[5.78717,49.7166],[5.78462,49.71496],[5.78702,49.71132],[5.79135,49.71047],[5.79229,49.70911],[5.79564,49.71048],[5.79423,49.71319],[5.79666,49.71454],[5.8015,49.71552],[5.79905,49.71852],[5.80211,49.71902],[5.8047,49.71812],[5.81211,49.71838],[5.81538,49.71625],[5.82123,49.71809],[5.82634,49.71895],[5.82629,49.72356]]]}},{"type":"Feature","id":"81004","bbox":[5.703645,49.5388,5.873276,49.611762],"properties":{"nis":"81004","name":"Aubange","nameNl":"Aubange","nameFr":"Aubange","nameDe":"Ibingen","province":"luxembourg","region":"wallonia","areaKm2":45.95},"geometry":{"type":"Polygon","coordinates":[[[5.8486,49.59725],[5.84315,49.59237],[5.83849,49.58674],[5.84186,49.58134],[5.84018,49.57815],[5.84226,49.57534],[5.84181,49.57306],[5.83482,49.57201],[5.83245,49.57301],[5.82998,49.57627],[5.82691,49.57325],[5.8249,49.57274],[5.81971,49.57694],[5.81221,49.58047],[5.80749,49.58199],[5.8039,49.58453],[5.79692,49.58817],[5.79113,49.58836],[5.78236,49.59385],[5.77844,49.59439],[5.77485,49.59139],[5.76976,49.59485],[5.76742,49.59417],[5.76619,49.59769],[5.76258,49.5965],[5.75248,49.599],[5.74964,49.59776],[5.74712,49.59484],[5.74423,49.59405],[5.74539,49.5993],[5.73985,49.59641],[5.73806,49.5977],[5.74021,49.59893],[5.73832,49.60108],[5.74231,49.6039],[5.74041,49.60615],[5.74172,49.6071],[5.73689,49.61022],[5.73347,49.61023],[5.72861,49.61176],[5.71932,49.61011],[5.7177,49.60795],[5.71397,49.6091],[5.71135,49.60877],[5.7098,49.61043],[5.70444,49.61045],[5.7051,49.60658],[5.70364,49.59945],[5.70687,49.59788],[5.70452,49.596],[5.70731,49.58783],[5.70522,49.5855],[5.70437,49.58175],[5.71355,49.57811],[5.72123,49.57683],[5.7233,49.57919],[5.72799,49.5795],[5.7324,49.58146],[5.73355,49.5803],[5.73185,49.5774],[5.73229,49.57158],[5.72786,49.56894],[5.72725,49.56304],[5.729,49.54976],[5.73158,49.54875],[5.73402,49.54546],[5.73216,49.54408],[5.73514,49.5434],[5.73774,49.54081],[5.73813,49.53884],[5.74762,49.53953],[5.75217,49.54167],[5.75766,49.543],[5.75571,49.54579],[5.7577,49.54867],[5.75717,49.55322],[5.75587,49.55643],[5.75985,49.5583],[5.75832,49.5614],[5.76229,49.56109],[5.77126,49.56331],[5.77446,49.5632],[5.77908,49.55867],[5.78523,49.5574],[5.79252,49.55162],[5.80117,49.54952],[5.80786,49.55083],[5.81235,49.54741],[5.81586,49.54848],[5.81857,49.54638],[5.82007,49.54908],[5.82265,49.54968],[5.82605,49.55221],[5.828,49.54999],[5.83559,49.55245],[5.84196,49.5531],[5.84199,49.55451],[5.8461,49.55626],[5.84585,49.55877],[5.84376,49.56004],[5.84651,49.5621],[5.84996,49.56316],[5.85208,49.56527],[5.86109,49.56704],[5.86043,49.56969],[5.86753,49.57304],[5.87275,49.57434],[5.86974,49.57674],[5.8719,49.57961],[5.86597,49.58053],[5.86975,49.58278],[5.87272,49.58317],[5.87156,49.58763],[5.86776,49.58964],[5.86429,49.58646],[5.85957,49.58602],[5.85009,49.58693],[5.84883,49.59061],[5.8486,49.59725]]]}},{"type":"Feature","id":"81013","bbox":[5.684563,49.772057,5.758543,49.85778],"properties":{"nis":"81013","name":"Martelange","nameNl":"Martelange","nameFr":"Martelange","nameDe":"Martelingen","province":"luxembourg","region":"wallonia","areaKm2":29.91},"geometry":{"type":"Polygon","coordinates":[[[5.74627,49.85418],[5.74789,49.85513],[5.74223,49.85778],[5.72973,49.85463],[5.72933,49.8556],[5.71923,49.85471],[5.71464,49.85071],[5.71603,49.84748],[5.71587,49.84341],[5.70954,49.84019],[5.70827,49.83515],[5.70369,49.83298],[5.70203,49.82983],[5.70449,49.82723],[5.70317,49.82295],[5.70054,49.82048],[5.70152,49.82018],[5.70534,49.81087],[5.68607,49.78356],[5.68456,49.78243],[5.69812,49.7758],[5.71193,49.77535],[5.71746,49.77589],[5.71801,49.77311],[5.72053,49.77251],[5.72208,49.77393],[5.7258,49.77206],[5.72834,49.7727],[5.72957,49.77478],[5.73351,49.77418],[5.73525,49.77635],[5.73985,49.77795],[5.74256,49.77997],[5.74517,49.77994],[5.75057,49.78337],[5.74981,49.7878],[5.75076,49.78966],[5.75516,49.79145],[5.75309,49.7934],[5.7529,49.79695],[5.75003,49.80907],[5.75117,49.81489],[5.74624,49.81577],[5.74339,49.82098],[5.7481,49.82342],[5.74414,49.83115],[5.73931,49.83367],[5.74079,49.83875],[5.74296,49.83956],[5.74777,49.8385],[5.75064,49.84067],[5.74858,49.84234],[5.7482,49.84597],[5.7516,49.84718],[5.75412,49.84484],[5.75836,49.84666],[5.75821,49.84934],[5.75492,49.85172],[5.74955,49.85146],[5.74584,49.85256],[5.74627,49.85418]]]}},{"type":"Feature","id":"81015","bbox":[5.728616,49.571946,5.880085,49.660059],"properties":{"nis":"81015","name":"Messancy","nameNl":"Messancy","nameFr":"Messancy","nameDe":"Messancy","province":"luxembourg","region":"wallonia","areaKm2":52.39},"geometry":{"type":"Polygon","coordinates":[[[5.7379,49.62373],[5.73289,49.62048],[5.73654,49.61987],[5.73196,49.61667],[5.72861,49.61176],[5.73347,49.61023],[5.73689,49.61022],[5.74172,49.6071],[5.74041,49.60615],[5.74231,49.6039],[5.73832,49.60108],[5.74021,49.59893],[5.73806,49.5977],[5.73985,49.59641],[5.74539,49.5993],[5.74423,49.59405],[5.74712,49.59484],[5.74964,49.59776],[5.75248,49.599],[5.76258,49.5965],[5.76619,49.59769],[5.76742,49.59417],[5.76976,49.59485],[5.77485,49.59139],[5.77844,49.59439],[5.78236,49.59385],[5.79113,49.58836],[5.79692,49.58817],[5.8039,49.58453],[5.80749,49.58199],[5.81221,49.58047],[5.81971,49.57694],[5.8249,49.57274],[5.82691,49.57325],[5.82998,49.57627],[5.83245,49.57301],[5.83482,49.57201],[5.84181,49.57306],[5.84226,49.57534],[5.84018,49.57815],[5.84186,49.58134],[5.83849,49.58674],[5.84315,49.59237],[5.8486,49.59725],[5.85568,49.59984],[5.86441,49.60394],[5.86584,49.60515],[5.87248,49.60649],[5.87652,49.60848],[5.87575,49.61136],[5.87718,49.61231],[5.87544,49.61457],[5.87563,49.61889],[5.88009,49.6233],[5.87643,49.6269],[5.86633,49.62979],[5.86861,49.63467],[5.86743,49.63515],[5.86344,49.64141],[5.85882,49.64066],[5.85341,49.64087],[5.85348,49.64213],[5.84797,49.64226],[5.84797,49.64348],[5.84395,49.64554],[5.84075,49.64205],[5.83583,49.6455],[5.83293,49.64532],[5.8286,49.64684],[5.82273,49.64428],[5.82272,49.64288],[5.81826,49.64189],[5.81808,49.64026],[5.8124,49.64015],[5.81163,49.64151],[5.81681,49.64394],[5.81883,49.65021],[5.81742,49.65107],[5.80973,49.66003],[5.80856,49.65386],[5.80481,49.65393],[5.80292,49.64728],[5.79873,49.64864],[5.79944,49.64634],[5.79429,49.64723],[5.79265,49.65087],[5.79353,49.65237],[5.79234,49.65537],[5.78667,49.65328],[5.7861,49.64886],[5.78674,49.64278],[5.78258,49.64163],[5.78653,49.63838],[5.78923,49.63509],[5.78841,49.63211],[5.78454,49.63224],[5.78399,49.63384],[5.78,49.63379],[5.77763,49.63082],[5.77824,49.6265],[5.77598,49.62363],[5.76241,49.62432],[5.7612,49.62582],[5.75729,49.62555],[5.75181,49.62214],[5.75014,49.62296],[5.7473,49.62187],[5.74521,49.62419],[5.73883,49.62253],[5.7379,49.62373]]]}},{"type":"Feature","id":"82009","bbox":[5.614329,49.819614,5.78403,49.942021],"properties":{"nis":"82009","name":"Fauvillers","nameNl":"Fauvillers","nameFr":"Fauvillers","nameDe":"Feitweiler","province":"luxembourg","region":"wallonia","areaKm2":74.54},"geometry":{"type":"Polygon","coordinates":[[[5.7481,49.90944],[5.74373,49.90953],[5.73909,49.91322],[5.73207,49.91332],[5.72434,49.91637],[5.72257,49.91959],[5.72432,49.92003],[5.72328,49.92526],[5.72758,49.92585],[5.72071,49.92951],[5.72055,49.9337],[5.72385,49.93559],[5.72827,49.93627],[5.72634,49.93696],[5.72428,49.94038],[5.71659,49.93965],[5.71486,49.94126],[5.70922,49.94202],[5.70809,49.9409],[5.70089,49.94005],[5.69666,49.9386],[5.69285,49.93155],[5.69596,49.92968],[5.69205,49.9271],[5.69263,49.9219],[5.68702,49.92263],[5.68599,49.91769],[5.68057,49.91429],[5.668,49.90791],[5.66542,49.90774],[5.66451,49.90575],[5.66062,49.90535],[5.65974,49.90253],[5.65659,49.90039],[5.65615,49.89836],[5.65414,49.89842],[5.65238,49.89577],[5.65249,49.89327],[5.64922,49.89041],[5.65045,49.88701],[5.64656,49.88548],[5.64535,49.88615],[5.64045,49.88531],[5.63619,49.88283],[5.64002,49.88122],[5.63774,49.87748],[5.6354,49.87642],[5.63549,49.87252],[5.634,49.86989],[5.63732,49.86617],[5.63271,49.86157],[5.6337,49.85833],[5.63702,49.8589],[5.63597,49.85708],[5.63711,49.8538],[5.63577,49.84808],[5.63773,49.84699],[5.63616,49.84489],[5.62904,49.84557],[5.6297,49.84179],[5.63348,49.83827],[5.62511,49.83611],[5.6181,49.83591],[5.61784,49.83363],[5.61433,49.83033],[5.61953,49.82962],[5.6219,49.83349],[5.62614,49.83611],[5.63275,49.83732],[5.63398,49.83178],[5.63647,49.8313],[5.63952,49.83273],[5.64253,49.83083],[5.64583,49.83189],[5.64844,49.83116],[5.65043,49.83245],[5.65189,49.83134],[5.65628,49.83189],[5.66319,49.83162],[5.6665,49.83288],[5.67339,49.8335],[5.67483,49.83074],[5.67224,49.82943],[5.6825,49.82815],[5.68553,49.82558],[5.68124,49.82263],[5.68194,49.82051],[5.68797,49.82671],[5.69193,49.82682],[5.69329,49.82548],[5.69597,49.82712],[5.69653,49.82365],[5.70054,49.82048],[5.70317,49.82295],[5.70449,49.82723],[5.70203,49.82983],[5.70369,49.83298],[5.70827,49.83515],[5.70954,49.84019],[5.71587,49.84341],[5.71603,49.84748],[5.71464,49.85071],[5.71923,49.85471],[5.72933,49.8556],[5.72973,49.85463],[5.74223,49.85778],[5.74789,49.85513],[5.74627,49.85418],[5.74983,49.85433],[5.75455,49.85655],[5.76066,49.8563],[5.75449,49.86221],[5.75697,49.86511],[5.7527,49.86884],[5.75393,49.87192],[5.75615,49.87317],[5.75873,49.8728],[5.76293,49.86946],[5.76716,49.86986],[5.76948,49.87257],[5.77206,49.8714],[5.77377,49.8676],[5.77507,49.86778],[5.77747,49.87204],[5.7829,49.87187],[5.78339,49.8734],[5.77895,49.8749],[5.77991,49.87714],[5.78257,49.87572],[5.78297,49.87911],[5.77884,49.88114],[5.77793,49.88388],[5.77271,49.88463],[5.7705,49.88697],[5.76578,49.88824],[5.75742,49.88945],[5.75409,49.89134],[5.74782,49.89242],[5.74638,49.89418],[5.73976,49.895],[5.73598,49.89675],[5.73783,49.90116],[5.74046,49.90218],[5.73989,49.9042],[5.74667,49.90631],[5.74606,49.90779],[5.7481,49.90944]]]}},{"type":"Feature","id":"82014","bbox":[5.65189,50.061609,5.895514,50.236133],"properties":{"nis":"82014","name":"Houffalize","nameNl":"Houffalize","nameFr":"Houffalize","nameDe":"Hohenfels","province":"luxembourg","region":"wallonia","areaKm2":166.83},"geometry":{"type":"Polygon","coordinates":[[[5.85667,50.06161],[5.85677,50.06408],[5.86066,50.06921],[5.86575,50.07056],[5.86772,50.07335],[5.87852,50.07641],[5.88298,50.07669],[5.88645,50.07839],[5.88755,50.08192],[5.88658,50.09078],[5.89208,50.09942],[5.89461,50.10133],[5.8953,50.10528],[5.89531,50.11216],[5.89184,50.11023],[5.88833,50.11322],[5.88635,50.11273],[5.88603,50.11477],[5.88067,50.11821],[5.87765,50.1187],[5.8778,50.12068],[5.86848,50.13086],[5.86579,50.13612],[5.85843,50.13701],[5.85496,50.13661],[5.8532,50.13779],[5.85107,50.1418],[5.84866,50.14373],[5.84503,50.14325],[5.84461,50.14011],[5.84239,50.14273],[5.83978,50.14338],[5.83662,50.14188],[5.8341,50.14228],[5.82859,50.14036],[5.83292,50.14397],[5.83168,50.14558],[5.83673,50.14872],[5.83528,50.15087],[5.83891,50.15164],[5.83686,50.15485],[5.83808,50.15716],[5.83563,50.16235],[5.82937,50.16866],[5.82778,50.16742],[5.82197,50.17168],[5.82039,50.1772],[5.81603,50.1814],[5.813,50.18552],[5.8065,50.19097],[5.80874,50.19331],[5.80165,50.19628],[5.7994,50.19927],[5.79235,50.20223],[5.7881,50.20632],[5.79156,50.20814],[5.7933,50.20649],[5.79696,50.20589],[5.79749,50.20791],[5.78944,50.2097],[5.78987,50.21435],[5.7926,50.21459],[5.80037,50.21346],[5.8006,50.21697],[5.79533,50.21778],[5.79554,50.21965],[5.78319,50.21889],[5.77654,50.22207],[5.77478,50.22519],[5.7707,50.22687],[5.76998,50.22851],[5.74847,50.23268],[5.7434,50.23503],[5.73529,50.23598],[5.72962,50.23286],[5.72496,50.23337],[5.71728,50.2331],[5.70967,50.23062],[5.71365,50.22578],[5.7114,50.22405],[5.71952,50.22169],[5.72854,50.21817],[5.72787,50.21494],[5.73007,50.21197],[5.73012,50.20965],[5.72846,50.2056],[5.73457,50.20225],[5.73865,50.20185],[5.74364,50.19957],[5.74263,50.19297],[5.735,50.19142],[5.72696,50.18924],[5.72432,50.1891],[5.72028,50.18729],[5.71652,50.18668],[5.71503,50.19551],[5.71564,50.19892],[5.71287,50.20218],[5.70978,50.19996],[5.70051,50.19953],[5.69745,50.19832],[5.69326,50.19141],[5.6882,50.18594],[5.685,50.18393],[5.68514,50.18201],[5.68079,50.17962],[5.67434,50.17854],[5.67093,50.17707],[5.66789,50.17719],[5.6704,50.1739],[5.66542,50.17441],[5.66082,50.17216],[5.65564,50.16646],[5.66071,50.16194],[5.6608,50.16074],[5.65655,50.15975],[5.65865,50.15631],[5.65753,50.15479],[5.65216,50.15147],[5.65229,50.1499],[5.65644,50.14685],[5.65864,50.14772],[5.65532,50.15077],[5.65791,50.15361],[5.66071,50.1539],[5.6633,50.14972],[5.66868,50.15271],[5.67262,50.1527],[5.67465,50.15075],[5.67604,50.14291],[5.675,50.14056],[5.67271,50.13959],[5.6692,50.14439],[5.66526,50.14364],[5.66551,50.1411],[5.66929,50.139],[5.66997,50.13622],[5.67603,50.13743],[5.67875,50.13676],[5.67728,50.13442],[5.67807,50.13182],[5.67711,50.12855],[5.67794,50.1261],[5.67564,50.12479],[5.67194,50.12473],[5.67119,50.12329],[5.67262,50.11842],[5.67798,50.11461],[5.68147,50.11529],[5.68248,50.11389],[5.68915,50.1112],[5.69595,50.11078],[5.69749,50.10867],[5.69653,50.10592],[5.69831,50.10502],[5.70046,50.10155],[5.70407,50.1],[5.70723,50.09651],[5.71406,50.09086],[5.71714,50.09131],[5.71718,50.08938],[5.72279,50.09032],[5.72206,50.08785],[5.72362,50.08498],[5.72552,50.08445],[5.73019,50.08555],[5.73865,50.09005],[5.74393,50.08476],[5.74444,50.08276],[5.74772,50.08574],[5.74587,50.08706],[5.753,50.09111],[5.75935,50.08906],[5.76186,50.0898],[5.76124,50.09548],[5.76526,50.09899],[5.76728,50.10298],[5.76943,50.10424],[5.76929,50.10734],[5.77449,50.10875],[5.7774,50.11122],[5.77559,50.11472],[5.78068,50.11605],[5.78935,50.11592],[5.79585,50.10282],[5.80003,50.09873],[5.80386,50.09813],[5.80832,50.10031],[5.80968,50.09872],[5.81426,50.09629],[5.82459,50.08567],[5.81765,50.08298],[5.81654,50.07895],[5.81934,50.07841],[5.82448,50.07557],[5.82487,50.07018],[5.82719,50.0694],[5.82432,50.06831],[5.82722,50.06409],[5.84092,50.06642],[5.84339,50.06583],[5.84428,50.06343],[5.84938,50.06422],[5.85043,50.06321],[5.85667,50.06161]]]}},{"type":"Feature","id":"82032","bbox":[5.709667,50.218895,6.017284,50.348295],"properties":{"nis":"82032","name":"Vielsalm","nameNl":"Vielsalm","nameFr":"Vielsalm","nameDe":"Vielsalm","province":"luxembourg","region":"wallonia","areaKm2":140.25},"geometry":{"type":"Polygon","coordinates":[[[6.01239,50.24417],[6.01651,50.2527],[6.01245,50.26461],[6.01205,50.27674],[6.01379,50.28468],[6.01521,50.28663],[6.01473,50.28974],[6.01548,50.29543],[6.01729,50.30019],[6.01404,50.30209],[6.01291,50.30847],[6.01372,50.31063],[6.00935,50.31418],[6.00132,50.31577],[5.99678,50.31724],[5.98337,50.32038],[5.97866,50.327],[5.98017,50.32983],[5.96089,50.32742],[5.95536,50.33356],[5.94846,50.33653],[5.9442,50.33635],[5.93716,50.3383],[5.93362,50.33463],[5.92854,50.33243],[5.92185,50.33281],[5.9173,50.33431],[5.91076,50.33515],[5.90866,50.3365],[5.90204,50.33862],[5.89625,50.33973],[5.88957,50.33866],[5.88038,50.34154],[5.87145,50.34369],[5.86568,50.3459],[5.86201,50.34829],[5.86105,50.34529],[5.85124,50.33536],[5.85042,50.32681],[5.85404,50.32782],[5.8624,50.32522],[5.8667,50.31897],[5.86929,50.31931],[5.86327,50.30419],[5.8603,50.30362],[5.8602,50.3018],[5.85486,50.30001],[5.85906,50.29554],[5.85542,50.29456],[5.85075,50.292],[5.85231,50.29154],[5.85066,50.28887],[5.84623,50.28842],[5.84743,50.28605],[5.84512,50.28487],[5.84713,50.28359],[5.84503,50.28063],[5.84903,50.28066],[5.85386,50.2819],[5.86516,50.28255],[5.88125,50.28014],[5.88119,50.27851],[5.87796,50.27892],[5.87686,50.27599],[5.87367,50.27666],[5.87112,50.27252],[5.87043,50.26838],[5.86196,50.26848],[5.85654,50.26687],[5.84833,50.26352],[5.84387,50.26328],[5.83943,50.26135],[5.83119,50.26584],[5.82748,50.26659],[5.82154,50.26428],[5.80987,50.26432],[5.80934,50.25997],[5.80768,50.2542],[5.80593,50.25494],[5.80598,50.26095],[5.80215,50.26121],[5.80301,50.26284],[5.79987,50.26502],[5.78871,50.26461],[5.77902,50.26302],[5.77506,50.26527],[5.7685,50.26769],[5.76355,50.2681],[5.75616,50.26628],[5.751,50.26601],[5.74768,50.26133],[5.74457,50.26059],[5.73361,50.26021],[5.72866,50.26155],[5.72369,50.26088],[5.72108,50.2622],[5.72617,50.25168],[5.715,50.2369],[5.70967,50.23062],[5.71728,50.2331],[5.72496,50.23337],[5.72962,50.23286],[5.73529,50.23598],[5.7434,50.23503],[5.74847,50.23268],[5.76998,50.22851],[5.7707,50.22687],[5.77478,50.22519],[5.77654,50.22207],[5.78319,50.21889],[5.79554,50.21965],[5.79992,50.21974],[5.80721,50.22169],[5.81082,50.2242],[5.81239,50.2225],[5.81911,50.22523],[5.82119,50.22696],[5.82582,50.22781],[5.82626,50.23101],[5.83245,50.2331],[5.83444,50.23605],[5.84495,50.23656],[5.84486,50.23818],[5.85326,50.23914],[5.8574,50.23837],[5.86309,50.23982],[5.8636,50.23617],[5.86786,50.23622],[5.87493,50.2387],[5.88183,50.23802],[5.88435,50.2392],[5.89286,50.24134],[5.89536,50.24256],[5.90232,50.24227],[5.91051,50.2456],[5.91023,50.24792],[5.91488,50.2511],[5.91467,50.25398],[5.91049,50.25462],[5.91634,50.25621],[5.92418,50.25554],[5.92777,50.25332],[5.94654,50.26009],[5.9514,50.26378],[5.9787,50.27034],[5.98063,50.26735],[5.96901,50.26285],[5.96911,50.26106],[5.97465,50.25425],[5.9784,50.25102],[5.97999,50.24779],[5.97246,50.24365],[5.96691,50.24156],[5.96709,50.23949],[5.97292,50.23783],[5.97696,50.2385],[5.98062,50.23733],[5.98277,50.23443],[5.99451,50.23716],[5.99853,50.23486],[5.99874,50.236],[6.007,50.24043],[6.00997,50.24518],[6.01239,50.24417]]]}},{"type":"Feature","id":"82036","bbox":[5.495154,49.866953,5.713467,50.011823],"properties":{"nis":"82036","name":"Vaux-sur-Sûre","nameNl":"Vaux-sur-Sûre","nameFr":"Vaux-sur-Sûre","nameDe":"Vaux-sur-Sûre","province":"luxembourg","region":"wallonia","areaKm2":135.3},"geometry":{"type":"Polygon","coordinates":[[[5.62256,50.01182],[5.61495,50.00949],[5.60945,50.00697],[5.61224,50.00264],[5.61085,50.0012],[5.60446,49.99776],[5.6015,49.99841],[5.60347,49.9962],[5.60255,49.99446],[5.59759,49.99234],[5.59418,49.98901],[5.58645,49.98654],[5.58674,49.98424],[5.58877,49.98346],[5.58542,49.98109],[5.58658,49.97619],[5.58506,49.97275],[5.58133,49.96963],[5.57856,49.96608],[5.57915,49.96462],[5.57605,49.9592],[5.57027,49.95883],[5.56862,49.96025],[5.56728,49.95752],[5.56209,49.95541],[5.56008,49.96066],[5.56441,49.96385],[5.56229,49.96574],[5.5537,49.96516],[5.54925,49.96631],[5.54211,49.96209],[5.55321,49.95258],[5.54963,49.95211],[5.54884,49.94884],[5.53507,49.94577],[5.5307,49.94592],[5.52723,49.9435],[5.52433,49.94009],[5.52513,49.9378],[5.52316,49.93415],[5.52485,49.93225],[5.52798,49.93118],[5.52507,49.92822],[5.51737,49.92412],[5.51602,49.91974],[5.50645,49.91205],[5.50555,49.91057],[5.49716,49.90325],[5.49516,49.90303],[5.49894,49.89995],[5.50168,49.89935],[5.50521,49.89537],[5.50416,49.89283],[5.50794,49.89097],[5.5115,49.88712],[5.51401,49.88795],[5.51644,49.8868],[5.5201,49.88273],[5.52843,49.88051],[5.5283,49.87727],[5.52525,49.87689],[5.5259,49.8747],[5.52936,49.87012],[5.532,49.87022],[5.5364,49.86817],[5.54445,49.86695],[5.55443,49.87078],[5.55887,49.86765],[5.56062,49.869],[5.56787,49.8697],[5.57058,49.86791],[5.57529,49.86818],[5.58257,49.87272],[5.58425,49.87595],[5.58893,49.87816],[5.59445,49.87919],[5.60586,49.88418],[5.61173,49.88612],[5.61893,49.88967],[5.62676,49.89268],[5.63461,49.8948],[5.63932,49.89541],[5.64281,49.89726],[5.65568,49.90091],[5.65659,49.90039],[5.65974,49.90253],[5.66062,49.90535],[5.66451,49.90575],[5.66542,49.90774],[5.668,49.90791],[5.68057,49.91429],[5.68599,49.91769],[5.68702,49.92263],[5.69263,49.9219],[5.69205,49.9271],[5.69596,49.92968],[5.69285,49.93155],[5.69666,49.9386],[5.70089,49.94005],[5.70809,49.9409],[5.70922,49.94202],[5.71347,49.95781],[5.70785,49.95948],[5.70555,49.95923],[5.70254,49.96203],[5.70355,49.96545],[5.70987,49.96912],[5.7107,49.97053],[5.70681,49.96936],[5.7021,49.96626],[5.69943,49.96864],[5.70002,49.97131],[5.69392,49.97037],[5.69582,49.9678],[5.69151,49.96618],[5.68906,49.96728],[5.68975,49.97109],[5.69268,49.97296],[5.69095,49.97545],[5.68962,49.97439],[5.68819,49.97709],[5.68412,49.97966],[5.68043,49.98664],[5.67896,49.98538],[5.6743,49.98501],[5.66953,49.9883],[5.66753,49.99249],[5.65778,49.99113],[5.6528,49.98999],[5.64942,49.99325],[5.64568,50.00064],[5.64415,50.00251],[5.64002,50.00336],[5.64026,50.00585],[5.63835,50.00848],[5.63661,50.00712],[5.62744,50.00914],[5.62493,50.00906],[5.62256,50.01182]]]}},{"type":"Feature","id":"82037","bbox":[5.788094,50.110228,6.034388,50.270339],"properties":{"nis":"82037","name":"Gouvy","nameNl":"Gouvy","nameFr":"Gouvy","nameDe":"Geilich","province":"luxembourg","region":"wallonia","areaKm2":164.81},"geometry":{"type":"Polygon","coordinates":[[[5.89531,50.11216],[5.90101,50.1162],[5.90952,50.11909],[5.91409,50.1219],[5.91741,50.12154],[5.9259,50.12441],[5.92966,50.12619],[5.93717,50.12694],[5.94426,50.12922],[5.95022,50.12921],[5.95467,50.13109],[5.96133,50.13136],[5.95854,50.13886],[5.96135,50.14256],[5.9602,50.14709],[5.96121,50.14981],[5.95814,50.15139],[5.96571,50.15385],[5.96707,50.15543],[5.96431,50.15824],[5.96319,50.16094],[5.96177,50.16076],[5.96394,50.16405],[5.96433,50.16761],[5.96368,50.17263],[5.96836,50.17285],[5.97107,50.17502],[5.99095,50.17522],[5.99974,50.17585],[6.01321,50.17898],[6.01757,50.18117],[6.02478,50.1828],[6.02619,50.18329],[6.02036,50.19173],[6.02077,50.19363],[6.0237,50.19467],[6.02933,50.19814],[6.0331,50.2012],[6.03246,50.20315],[6.03439,50.20595],[6.02862,50.20763],[6.02711,50.20992],[6.0207,50.20713],[6.01236,50.20601],[6.01202,50.20777],[6.01479,50.21345],[6.0148,50.21542],[6.0122,50.21817],[6.01188,50.22226],[6.01281,50.22567],[6.00986,50.229],[6.01007,50.23449],[6.00895,50.23936],[6.01239,50.24417],[6.00997,50.24518],[6.007,50.24043],[5.99874,50.236],[5.99853,50.23486],[5.99451,50.23716],[5.98277,50.23443],[5.98062,50.23733],[5.97696,50.2385],[5.97292,50.23783],[5.96709,50.23949],[5.96691,50.24156],[5.97246,50.24365],[5.97999,50.24779],[5.9784,50.25102],[5.97465,50.25425],[5.96911,50.26106],[5.96901,50.26285],[5.98063,50.26735],[5.9787,50.27034],[5.9514,50.26378],[5.94654,50.26009],[5.92777,50.25332],[5.92418,50.25554],[5.91634,50.25621],[5.91049,50.25462],[5.91467,50.25398],[5.91488,50.2511],[5.91023,50.24792],[5.91051,50.2456],[5.90232,50.24227],[5.89536,50.24256],[5.89286,50.24134],[5.88435,50.2392],[5.88183,50.23802],[5.87493,50.2387],[5.86786,50.23622],[5.8636,50.23617],[5.86309,50.23982],[5.8574,50.23837],[5.85326,50.23914],[5.84486,50.23818],[5.84495,50.23656],[5.83444,50.23605],[5.83245,50.2331],[5.82626,50.23101],[5.82582,50.22781],[5.82119,50.22696],[5.81911,50.22523],[5.81239,50.2225],[5.81082,50.2242],[5.80721,50.22169],[5.79992,50.21974],[5.79554,50.21965],[5.79533,50.21778],[5.8006,50.21697],[5.80037,50.21346],[5.7926,50.21459],[5.78987,50.21435],[5.78944,50.2097],[5.79749,50.20791],[5.79696,50.20589],[5.7933,50.20649],[5.79156,50.20814],[5.7881,50.20632],[5.79235,50.20223],[5.7994,50.19927],[5.80165,50.19628],[5.80874,50.19331],[5.8065,50.19097],[5.813,50.18552],[5.81603,50.1814],[5.82039,50.1772],[5.82197,50.17168],[5.82778,50.16742],[5.82937,50.16866],[5.83563,50.16235],[5.83808,50.15716],[5.83686,50.15485],[5.83891,50.15164],[5.83528,50.15087],[5.83673,50.14872],[5.83168,50.14558],[5.83292,50.14397],[5.82859,50.14036],[5.8341,50.14228],[5.83662,50.14188],[5.83978,50.14338],[5.84239,50.14273],[5.84461,50.14011],[5.84503,50.14325],[5.84866,50.14373],[5.85107,50.1418],[5.8532,50.13779],[5.85496,50.13661],[5.85843,50.13701],[5.86579,50.13612],[5.86848,50.13086],[5.8778,50.12068],[5.87765,50.1187],[5.88067,50.11821],[5.88603,50.11477],[5.88635,50.11273],[5.88833,50.11322],[5.89184,50.11023],[5.89531,50.11216]]]}},{"type":"Feature","id":"82038","bbox":[5.414797,49.955406,5.62971,50.077719],"properties":{"nis":"82038","name":"Sainte-Ode","nameNl":"Sainte-Ode","nameFr":"Sainte-Ode","nameDe":"Sainte-Ode","province":"luxembourg","region":"wallonia","areaKm2":97.56},"geometry":{"type":"Polygon","coordinates":[[[5.62256,50.01182],[5.62364,50.01354],[5.62971,50.01697],[5.62614,50.02001],[5.62195,50.01821],[5.61979,50.01927],[5.62302,50.02183],[5.61485,50.02025],[5.61269,50.02196],[5.61514,50.02277],[5.61251,50.02521],[5.61086,50.02452],[5.6091,50.02644],[5.60366,50.02543],[5.59663,50.02975],[5.59726,50.03034],[5.59369,50.03367],[5.59186,50.03373],[5.58368,50.03764],[5.58551,50.041],[5.58215,50.0466],[5.57648,50.05],[5.57328,50.05777],[5.56507,50.06337],[5.56163,50.05969],[5.55956,50.06154],[5.55272,50.06169],[5.55165,50.06259],[5.54732,50.05854],[5.54226,50.05902],[5.53875,50.061],[5.53857,50.06357],[5.54219,50.06779],[5.54026,50.06833],[5.53499,50.06737],[5.53392,50.06854],[5.53037,50.06766],[5.52695,50.06899],[5.52368,50.0691],[5.52067,50.07436],[5.51031,50.07749],[5.5053,50.07652],[5.503,50.07707],[5.49904,50.07627],[5.49162,50.07772],[5.49156,50.07557],[5.48434,50.07248],[5.48067,50.07217],[5.47823,50.07311],[5.47527,50.07215],[5.47015,50.07295],[5.46587,50.07266],[5.46075,50.07097],[5.45606,50.06719],[5.45432,50.06456],[5.44837,50.06017],[5.44002,50.05581],[5.43667,50.05207],[5.43114,50.05081],[5.42742,50.05097],[5.41791,50.04886],[5.4148,50.04664],[5.42172,50.04231],[5.42365,50.03932],[5.42865,50.03503],[5.42697,50.03261],[5.4275,50.03065],[5.43076,50.03058],[5.43921,50.02512],[5.44461,50.02297],[5.45066,50.02326],[5.45443,50.02477],[5.46034,50.02519],[5.4644,50.0251],[5.47654,50.02331],[5.48336,50.02409],[5.48698,50.0239],[5.49519,50.02186],[5.49091,50.01857],[5.48971,50.01536],[5.48706,50.01315],[5.48912,50.00921],[5.48939,50.00403],[5.4906,50.00206],[5.50013,49.99807],[5.50603,49.99423],[5.52114,49.98737],[5.52627,49.98327],[5.5299,49.97759],[5.53201,49.97592],[5.53029,49.97434],[5.52979,49.96879],[5.53447,49.9662],[5.5446,49.96768],[5.54925,49.96631],[5.5537,49.96516],[5.56229,49.96574],[5.56441,49.96385],[5.56008,49.96066],[5.56209,49.95541],[5.56728,49.95752],[5.56862,49.96025],[5.57027,49.95883],[5.57605,49.9592],[5.57915,49.96462],[5.57856,49.96608],[5.58133,49.96963],[5.58506,49.97275],[5.58658,49.97619],[5.58542,49.98109],[5.58877,49.98346],[5.58674,49.98424],[5.58645,49.98654],[5.59418,49.98901],[5.59759,49.99234],[5.60255,49.99446],[5.60347,49.9962],[5.6015,49.99841],[5.60446,49.99776],[5.61085,50.0012],[5.61224,50.00264],[5.60945,50.00697],[5.61495,50.00949],[5.62256,50.01182]]]}},{"type":"Feature","id":"82039","bbox":[5.538363,49.909358,5.869925,50.117224],"properties":{"nis":"82039","name":"Bastogne","nameNl":"Bastenaken","nameFr":"Bastogne","nameDe":"Bastnach","province":"luxembourg","region":"wallonia","areaKm2":263.84},"geometry":{"type":"Polygon","coordinates":[[[5.85667,50.06161],[5.85043,50.06321],[5.84938,50.06422],[5.84428,50.06343],[5.84339,50.06583],[5.84092,50.06642],[5.82722,50.06409],[5.82432,50.06831],[5.82719,50.0694],[5.82487,50.07018],[5.82448,50.07557],[5.81934,50.07841],[5.81654,50.07895],[5.81765,50.08298],[5.82459,50.08567],[5.81426,50.09629],[5.80968,50.09872],[5.80832,50.10031],[5.80386,50.09813],[5.80003,50.09873],[5.79585,50.10282],[5.78935,50.11592],[5.78068,50.11605],[5.77559,50.11472],[5.7774,50.11122],[5.77449,50.10875],[5.76929,50.10734],[5.76943,50.10424],[5.76728,50.10298],[5.76526,50.09899],[5.76124,50.09548],[5.76186,50.0898],[5.75935,50.08906],[5.753,50.09111],[5.74587,50.08706],[5.74772,50.08574],[5.74444,50.08276],[5.74393,50.08476],[5.73865,50.09005],[5.73019,50.08555],[5.72552,50.08445],[5.72362,50.08498],[5.72206,50.08785],[5.72279,50.09032],[5.71718,50.08938],[5.71714,50.09131],[5.71406,50.09086],[5.70723,50.09651],[5.70407,50.1],[5.70046,50.10155],[5.69831,50.10502],[5.69653,50.10592],[5.69749,50.10867],[5.69595,50.11078],[5.68915,50.1112],[5.68248,50.11389],[5.68147,50.11529],[5.67798,50.11461],[5.67685,50.11294],[5.67284,50.1159],[5.66905,50.11544],[5.66762,50.11162],[5.66217,50.11098],[5.65846,50.11475],[5.65665,50.11013],[5.65852,50.106],[5.6557,50.10316],[5.65317,50.10384],[5.65331,50.10814],[5.64829,50.10857],[5.6464,50.10722],[5.64566,50.102],[5.64408,50.10064],[5.6399,50.10103],[5.63694,50.10231],[5.63121,50.10201],[5.62976,50.09647],[5.62694,50.09587],[5.62221,50.09769],[5.61869,50.09768],[5.61719,50.09466],[5.61411,50.09306],[5.60784,50.09232],[5.60455,50.09025],[5.60156,50.08986],[5.60073,50.09345],[5.59731,50.09617],[5.59402,50.09404],[5.59536,50.0908],[5.59383,50.08946],[5.58566,50.08653],[5.58356,50.08372],[5.58041,50.08334],[5.57582,50.0857],[5.56858,50.08454],[5.56862,50.08222],[5.56342,50.07859],[5.5596,50.07824],[5.55569,50.07423],[5.55092,50.07418],[5.54615,50.07523],[5.54204,50.07385],[5.54219,50.06779],[5.53857,50.06357],[5.53875,50.061],[5.54226,50.05902],[5.54732,50.05854],[5.55165,50.06259],[5.55272,50.06169],[5.55956,50.06154],[5.56163,50.05969],[5.56507,50.06337],[5.57328,50.05777],[5.57648,50.05],[5.58215,50.0466],[5.58551,50.041],[5.58368,50.03764],[5.59186,50.03373],[5.59369,50.03367],[5.59726,50.03034],[5.59663,50.02975],[5.60366,50.02543],[5.6091,50.02644],[5.61086,50.02452],[5.61251,50.02521],[5.61514,50.02277],[5.61269,50.02196],[5.61485,50.02025],[5.62302,50.02183],[5.61979,50.01927],[5.62195,50.01821],[5.62614,50.02001],[5.62971,50.01697],[5.62364,50.01354],[5.62256,50.01182],[5.62493,50.00906],[5.62744,50.00914],[5.63661,50.00712],[5.63835,50.00848],[5.64026,50.00585],[5.64002,50.00336],[5.64415,50.00251],[5.64568,50.00064],[5.64942,49.99325],[5.6528,49.98999],[5.65778,49.99113],[5.66753,49.99249],[5.66953,49.9883],[5.6743,49.98501],[5.67896,49.98538],[5.68043,49.98664],[5.68412,49.97966],[5.68819,49.97709],[5.68962,49.97439],[5.69095,49.97545],[5.69268,49.97296],[5.68975,49.97109],[5.68906,49.96728],[5.69151,49.96618],[5.69582,49.9678],[5.69392,49.97037],[5.70002,49.97131],[5.69943,49.96864],[5.7021,49.96626],[5.70681,49.96936],[5.7107,49.97053],[5.70987,49.96912],[5.70355,49.96545],[5.70254,49.96203],[5.70555,49.95923],[5.70785,49.95948],[5.71347,49.95781],[5.70922,49.94202],[5.71486,49.94126],[5.71659,49.93965],[5.72428,49.94038],[5.72634,49.93696],[5.72827,49.93627],[5.72385,49.93559],[5.72055,49.9337],[5.72071,49.92951],[5.72758,49.92585],[5.72328,49.92526],[5.72432,49.92003],[5.72257,49.91959],[5.72434,49.91637],[5.73207,49.91332],[5.73909,49.91322],[5.74373,49.90953],[5.7481,49.90944],[5.75308,49.91198],[5.76368,49.9154],[5.76069,49.91743],[5.76203,49.91969],[5.76168,49.92325],[5.76479,49.92643],[5.76395,49.93146],[5.77097,49.93164],[5.77043,49.93668],[5.77516,49.93771],[5.77389,49.94144],[5.77178,49.94447],[5.77037,49.94959],[5.77503,49.95314],[5.77367,49.9565],[5.77723,49.95773],[5.77503,49.96079],[5.78061,49.96269],[5.78563,49.96099],[5.79119,49.9618],[5.79094,49.96388],[5.79578,49.96569],[5.80022,49.96295],[5.80654,49.9623],[5.81054,49.96409],[5.80962,49.96765],[5.81044,49.97068],[5.81315,49.97258],[5.81948,49.97205],[5.82027,49.9738],[5.82353,49.97517],[5.82631,49.97467],[5.82792,49.97597],[5.83183,49.97651],[5.83577,49.97888],[5.83858,49.9823],[5.83922,49.98886],[5.83664,49.99116],[5.83242,49.99051],[5.82964,49.99414],[5.82359,49.99699],[5.82068,50.00081],[5.8217,50.00181],[5.82043,50.00517],[5.82224,50.00589],[5.82078,50.00776],[5.81899,50.01281],[5.82229,50.0144],[5.83014,50.01484],[5.8293,50.01577],[5.83375,50.01842],[5.8402,50.01941],[5.84113,50.01833],[5.85066,50.02256],[5.85246,50.0229],[5.85152,50.0261],[5.85324,50.02757],[5.85987,50.02887],[5.85807,50.03469],[5.85611,50.03631],[5.8633,50.0394],[5.86325,50.04221],[5.8685,50.04395],[5.86992,50.04593],[5.86734,50.05016],[5.86132,50.05452],[5.85751,50.05502],[5.85647,50.05768],[5.85424,50.05888],[5.85667,50.06161]]]}},{"type":"Feature","id":"83012","bbox":[5.341702,50.298985,5.6373,50.430613],"properties":{"nis":"83012","name":"Durbuy","nameNl":"Durbuy","nameFr":"Durbuy","nameDe":"Durbuy","province":"luxembourg","region":"wallonia","areaKm2":156.51},"geometry":{"type":"Polygon","coordinates":[[[5.63061,50.37204],[5.6321,50.37342],[5.6373,50.37508],[5.6362,50.37604],[5.62926,50.37717],[5.61393,50.38249],[5.60782,50.38684],[5.60245,50.39211],[5.59672,50.39403],[5.59734,50.39501],[5.59363,50.39819],[5.5868,50.39947],[5.58025,50.39762],[5.57181,50.39719],[5.56776,50.39557],[5.56242,50.39187],[5.55385,50.38853],[5.55127,50.39047],[5.54769,50.38994],[5.53932,50.39113],[5.53525,50.39317],[5.53118,50.39419],[5.52891,50.39739],[5.52997,50.3985],[5.53437,50.39911],[5.53692,50.40068],[5.53245,50.40417],[5.52735,50.4017],[5.51942,50.40287],[5.51871,50.40482],[5.52091,50.40616],[5.52004,50.40777],[5.51917,50.4102],[5.51109,50.41269],[5.50933,50.41452],[5.51331,50.41802],[5.51065,50.41939],[5.51493,50.42052],[5.51117,50.42216],[5.51287,50.42501],[5.50894,50.42491],[5.50079,50.42335],[5.49866,50.42057],[5.49217,50.41959],[5.48762,50.4164],[5.48243,50.41602],[5.47798,50.41411],[5.472,50.4106],[5.46936,50.40999],[5.46772,50.40763],[5.46402,50.40991],[5.46094,50.41042],[5.45603,50.40988],[5.45524,50.41134],[5.45904,50.41286],[5.45476,50.41612],[5.45134,50.41714],[5.45204,50.42144],[5.44884,50.42026],[5.44126,50.42072],[5.43354,50.4242],[5.43541,50.42602],[5.42952,50.43028],[5.42191,50.43061],[5.41047,50.42742],[5.40652,50.42566],[5.4074,50.41947],[5.40709,50.41675],[5.40875,50.41498],[5.4059,50.41379],[5.40668,50.41224],[5.41045,50.41125],[5.42102,50.41295],[5.42483,50.41096],[5.42577,50.40789],[5.42789,50.40642],[5.42864,50.40351],[5.42724,50.4001],[5.41964,50.39622],[5.41588,50.39553],[5.41072,50.39199],[5.40786,50.39135],[5.40453,50.38891],[5.39555,50.38366],[5.39722,50.38155],[5.39294,50.37944],[5.39538,50.37663],[5.39716,50.37709],[5.40165,50.37359],[5.39932,50.37235],[5.4003,50.37092],[5.39767,50.36925],[5.40148,50.36761],[5.39939,50.36306],[5.39204,50.36017],[5.3892,50.35629],[5.38276,50.35313],[5.3814,50.34996],[5.38343,50.34888],[5.38513,50.34465],[5.38856,50.3428],[5.39365,50.34268],[5.39653,50.34072],[5.39476,50.34026],[5.39577,50.33566],[5.39127,50.33554],[5.38562,50.33251],[5.38758,50.33233],[5.37661,50.32858],[5.37695,50.32689],[5.37208,50.32527],[5.36297,50.32376],[5.35114,50.32136],[5.34234,50.31587],[5.34221,50.3101],[5.34611,50.30775],[5.34738,50.305],[5.34967,50.30805],[5.35467,50.3101],[5.3553,50.31228],[5.35945,50.31673],[5.36598,50.31832],[5.37564,50.31546],[5.37903,50.31532],[5.38072,50.3139],[5.38658,50.31662],[5.38843,50.3183],[5.39293,50.31637],[5.3928,50.3143],[5.39817,50.31402],[5.40056,50.31518],[5.40419,50.31479],[5.40685,50.31604],[5.40841,50.31903],[5.41514,50.31339],[5.41315,50.31313],[5.40812,50.30994],[5.40648,50.30802],[5.41014,50.3054],[5.41315,50.30525],[5.41593,50.30699],[5.42076,50.30838],[5.42555,50.30484],[5.42864,50.30557],[5.43594,50.304],[5.44186,50.30361],[5.4536,50.30808],[5.45865,50.3088],[5.46612,50.31285],[5.46148,50.31844],[5.46462,50.32136],[5.4678,50.32249],[5.46897,50.32456],[5.46733,50.32544],[5.47054,50.32871],[5.47559,50.32413],[5.47813,50.32457],[5.48053,50.32276],[5.48298,50.32521],[5.48649,50.32347],[5.48885,50.32059],[5.49199,50.32166],[5.48803,50.31634],[5.49239,50.31452],[5.49155,50.31215],[5.49388,50.3116],[5.49243,50.30726],[5.49512,50.30425],[5.50004,50.30334],[5.50014,50.30227],[5.50605,50.30183],[5.51382,50.29898],[5.51321,50.30043],[5.51632,50.3006],[5.5228,50.30311],[5.52179,50.30441],[5.52512,50.30757],[5.52926,50.30927],[5.5375,50.30859],[5.5391,50.30918],[5.54392,50.30756],[5.54603,50.3111],[5.54578,50.31281],[5.54956,50.31489],[5.55221,50.31779],[5.55579,50.31867],[5.5459,50.32421],[5.55032,50.32713],[5.55079,50.33123],[5.55342,50.33458],[5.567,50.32652],[5.56853,50.32924],[5.56794,50.33239],[5.5715,50.33478],[5.57304,50.33256],[5.57937,50.33244],[5.58333,50.33383],[5.58346,50.33693],[5.58793,50.33965],[5.58648,50.3422],[5.58948,50.34147],[5.59141,50.33943],[5.59224,50.34057],[5.59126,50.34409],[5.58764,50.34969],[5.59154,50.3505],[5.60837,50.35749],[5.61801,50.36284],[5.62511,50.36612],[5.62149,50.36806],[5.628,50.36978],[5.63061,50.37204]]]}},{"type":"Feature","id":"83013","bbox":[5.44102,50.24693,5.654901,50.342195],"properties":{"nis":"83013","name":"Érezée","nameNl":"Érezée","nameFr":"Érezée","nameDe":"Érezée","province":"luxembourg","region":"wallonia","areaKm2":78.64},"geometry":{"type":"Polygon","coordinates":[[[5.50049,50.26036],[5.50631,50.26444],[5.51638,50.26506],[5.52525,50.26052],[5.52958,50.25776],[5.53339,50.25686],[5.54096,50.26203],[5.54345,50.25554],[5.55052,50.25191],[5.56039,50.24774],[5.56422,50.24697],[5.56495,50.24795],[5.56997,50.24797],[5.57559,50.24693],[5.57393,50.25072],[5.57477,50.25378],[5.57805,50.25701],[5.57845,50.26072],[5.58189,50.25904],[5.59566,50.25681],[5.5957,50.25965],[5.6026,50.26597],[5.60324,50.26772],[5.60803,50.2718],[5.61131,50.27305],[5.61004,50.27562],[5.61353,50.2776],[5.6109,50.28421],[5.61255,50.28736],[5.6162,50.28849],[5.61813,50.29665],[5.62649,50.3061],[5.63412,50.3118],[5.65121,50.31649],[5.6549,50.33895],[5.65102,50.33742],[5.64128,50.33541],[5.63601,50.33569],[5.62836,50.33435],[5.6232,50.335],[5.61989,50.3383],[5.61771,50.33802],[5.61149,50.33998],[5.60862,50.34153],[5.60641,50.3406],[5.59694,50.33902],[5.59419,50.34029],[5.59141,50.33943],[5.58948,50.34147],[5.58648,50.3422],[5.58793,50.33965],[5.58346,50.33693],[5.58333,50.33383],[5.57937,50.33244],[5.57304,50.33256],[5.5715,50.33478],[5.56794,50.33239],[5.56853,50.32924],[5.567,50.32652],[5.55342,50.33458],[5.55079,50.33123],[5.55032,50.32713],[5.5459,50.32421],[5.55579,50.31867],[5.55221,50.31779],[5.54956,50.31489],[5.54578,50.31281],[5.54603,50.3111],[5.54392,50.30756],[5.5391,50.30918],[5.5375,50.30859],[5.52926,50.30927],[5.52512,50.30757],[5.52179,50.30441],[5.5228,50.30311],[5.51632,50.3006],[5.51321,50.30043],[5.51382,50.29898],[5.50605,50.30183],[5.50014,50.30227],[5.50004,50.30334],[5.49512,50.30425],[5.49243,50.30726],[5.49388,50.3116],[5.49155,50.31215],[5.49239,50.31452],[5.48803,50.31634],[5.49199,50.32166],[5.48885,50.32059],[5.48649,50.32347],[5.48298,50.32521],[5.48053,50.32276],[5.47813,50.32457],[5.47559,50.32413],[5.47054,50.32871],[5.46733,50.32544],[5.46897,50.32456],[5.4678,50.32249],[5.46462,50.32136],[5.46148,50.31844],[5.46612,50.31285],[5.45865,50.3088],[5.4536,50.30808],[5.44186,50.30361],[5.44102,50.30305],[5.44766,50.30171],[5.45463,50.29678],[5.45763,50.29062],[5.46129,50.2881],[5.46445,50.29294],[5.46501,50.29613],[5.4683,50.29423],[5.47732,50.29077],[5.48158,50.28686],[5.48228,50.28843],[5.48578,50.28847],[5.48368,50.28511],[5.48137,50.27854],[5.48727,50.27917],[5.48161,50.27613],[5.48364,50.27457],[5.48797,50.27506],[5.48945,50.27282],[5.4937,50.27045],[5.49676,50.26394],[5.50049,50.26036]]]}},{"type":"Feature","id":"83028","bbox":[5.369511,50.216312,5.503406,50.319035],"properties":{"nis":"83028","name":"Hotton","nameNl":"Hotton","nameFr":"Hotton","nameDe":"Hotton","province":"luxembourg","region":"wallonia","areaKm2":56.83},"geometry":{"type":"Polygon","coordinates":[[[5.44208,50.21631],[5.4431,50.2222],[5.44243,50.22609],[5.44584,50.22838],[5.44786,50.22678],[5.45136,50.22714],[5.4545,50.23144],[5.45297,50.23585],[5.45998,50.24276],[5.46389,50.23911],[5.4667,50.2381],[5.46998,50.24027],[5.47308,50.24051],[5.47429,50.2423],[5.47938,50.24405],[5.48149,50.24383],[5.48443,50.25114],[5.48774,50.25026],[5.48936,50.25141],[5.49286,50.24923],[5.50321,50.25293],[5.5013,50.25464],[5.50341,50.25895],[5.50049,50.26036],[5.49676,50.26394],[5.4937,50.27045],[5.48945,50.27282],[5.48797,50.27506],[5.48364,50.27457],[5.48161,50.27613],[5.48727,50.27917],[5.48137,50.27854],[5.48368,50.28511],[5.48578,50.28847],[5.48228,50.28843],[5.48158,50.28686],[5.47732,50.29077],[5.4683,50.29423],[5.46501,50.29613],[5.46445,50.29294],[5.46129,50.2881],[5.45763,50.29062],[5.45463,50.29678],[5.44766,50.30171],[5.44102,50.30305],[5.44186,50.30361],[5.43594,50.304],[5.42864,50.30557],[5.42555,50.30484],[5.42076,50.30838],[5.41593,50.30699],[5.41315,50.30525],[5.41014,50.3054],[5.40648,50.30802],[5.40812,50.30994],[5.41315,50.31313],[5.41514,50.31339],[5.40841,50.31903],[5.40685,50.31604],[5.40419,50.31479],[5.40056,50.31518],[5.39817,50.31402],[5.3928,50.3143],[5.39293,50.31637],[5.38843,50.3183],[5.38658,50.31662],[5.38843,50.31598],[5.38937,50.31249],[5.3931,50.3098],[5.39016,50.3066],[5.3935,50.29887],[5.3886,50.2982],[5.3908,50.29655],[5.39288,50.29719],[5.39536,50.29407],[5.39599,50.2899],[5.39471,50.28716],[5.39019,50.28501],[5.3855,50.28418],[5.38429,50.28237],[5.37911,50.27922],[5.37542,50.27847],[5.37625,50.27688],[5.37261,50.27593],[5.36951,50.27303],[5.3742,50.268],[5.37354,50.26748],[5.38287,50.2615],[5.38737,50.25764],[5.39272,50.25995],[5.39205,50.26053],[5.39959,50.26282],[5.40138,50.26391],[5.40341,50.26255],[5.39652,50.25942],[5.39288,50.25657],[5.39012,50.25156],[5.38499,50.24819],[5.37323,50.24398],[5.3718,50.24214],[5.37499,50.23802],[5.38143,50.23546],[5.3903,50.23899],[5.39928,50.24413],[5.40703,50.23811],[5.40532,50.23715],[5.41031,50.2311],[5.41779,50.23178],[5.42491,50.22487],[5.43081,50.2275],[5.4362,50.22337],[5.42919,50.21873],[5.43308,50.21891],[5.43384,50.21786],[5.44208,50.21631]]]}},{"type":"Feature","id":"83031","bbox":[5.45963,50.089857,5.744326,50.23062],"properties":{"nis":"83031","name":"La Roche-en-Ardenne","nameNl":"La Roche-en-Ardenne","nameFr":"La Roche-en-Ardenne","nameDe":"La Roche-en-Ardenne","province":"luxembourg","region":"wallonia","areaKm2":148.05},"geometry":{"type":"Polygon","coordinates":[[[5.47315,50.16364],[5.46951,50.16201],[5.46605,50.15851],[5.4618,50.15817],[5.46657,50.15413],[5.4652,50.15288],[5.45963,50.15129],[5.46936,50.14829],[5.46858,50.14593],[5.4745,50.14235],[5.47786,50.13889],[5.48053,50.13745],[5.49063,50.13445],[5.49654,50.13973],[5.50869,50.14024],[5.51371,50.13969],[5.51654,50.14025],[5.52076,50.13917],[5.521,50.13803],[5.52568,50.13803],[5.52798,50.13569],[5.52414,50.13318],[5.53041,50.13217],[5.53005,50.1273],[5.53571,50.12379],[5.54279,50.12761],[5.54649,50.1283],[5.55173,50.13445],[5.54939,50.13572],[5.55864,50.1403],[5.55914,50.13309],[5.56842,50.13562],[5.56716,50.13294],[5.5701,50.13032],[5.57312,50.12536],[5.57957,50.12691],[5.58367,50.12064],[5.58582,50.12097],[5.58834,50.11603],[5.58777,50.1138],[5.59035,50.11246],[5.58693,50.10856],[5.58732,50.10659],[5.59155,50.10443],[5.59245,50.10151],[5.59605,50.09863],[5.59731,50.09617],[5.60073,50.09345],[5.60156,50.08986],[5.60455,50.09025],[5.60784,50.09232],[5.61411,50.09306],[5.61719,50.09466],[5.61869,50.09768],[5.62221,50.09769],[5.62694,50.09587],[5.62976,50.09647],[5.63121,50.10201],[5.63694,50.10231],[5.6399,50.10103],[5.64408,50.10064],[5.64566,50.102],[5.6464,50.10722],[5.64829,50.10857],[5.65331,50.10814],[5.65317,50.10384],[5.6557,50.10316],[5.65852,50.106],[5.65665,50.11013],[5.65846,50.11475],[5.66217,50.11098],[5.66762,50.11162],[5.66905,50.11544],[5.67284,50.1159],[5.67685,50.11294],[5.67798,50.11461],[5.67262,50.11842],[5.67119,50.12329],[5.67194,50.12473],[5.67564,50.12479],[5.67794,50.1261],[5.67711,50.12855],[5.67807,50.13182],[5.67728,50.13442],[5.67875,50.13676],[5.67603,50.13743],[5.66997,50.13622],[5.66929,50.139],[5.66551,50.1411],[5.66526,50.14364],[5.6692,50.14439],[5.67271,50.13959],[5.675,50.14056],[5.67604,50.14291],[5.67465,50.15075],[5.67262,50.1527],[5.66868,50.15271],[5.6633,50.14972],[5.66071,50.1539],[5.65791,50.15361],[5.65532,50.15077],[5.65864,50.14772],[5.65644,50.14685],[5.65229,50.1499],[5.65216,50.15147],[5.65753,50.15479],[5.65865,50.15631],[5.65655,50.15975],[5.6608,50.16074],[5.66071,50.16194],[5.65564,50.16646],[5.66082,50.17216],[5.66542,50.17441],[5.6704,50.1739],[5.66789,50.17719],[5.67093,50.17707],[5.67434,50.17854],[5.68079,50.17962],[5.68514,50.18201],[5.685,50.18393],[5.6882,50.18594],[5.69326,50.19141],[5.69745,50.19832],[5.70051,50.19953],[5.70978,50.19996],[5.71287,50.20218],[5.71564,50.19892],[5.71503,50.19551],[5.71652,50.18668],[5.72028,50.18729],[5.72432,50.1891],[5.72696,50.18924],[5.735,50.19142],[5.74263,50.19297],[5.74364,50.19957],[5.73865,50.20185],[5.73457,50.20225],[5.72846,50.2056],[5.73012,50.20965],[5.73007,50.21197],[5.72787,50.21494],[5.72854,50.21817],[5.71952,50.22169],[5.7114,50.22405],[5.71365,50.22578],[5.70967,50.23062],[5.70203,50.22865],[5.69378,50.2254],[5.6823,50.2255],[5.67441,50.22612],[5.66353,50.22511],[5.65551,50.22208],[5.65233,50.22235],[5.64731,50.22483],[5.64169,50.22642],[5.63593,50.226],[5.63406,50.22506],[5.63142,50.22714],[5.62998,50.2245],[5.63098,50.22243],[5.62918,50.22194],[5.62356,50.22272],[5.62256,50.22661],[5.6188,50.22572],[5.61215,50.22001],[5.61051,50.21687],[5.60681,50.21784],[5.60015,50.21498],[5.5995,50.2123],[5.58821,50.20611],[5.58735,50.20376],[5.58461,50.20198],[5.57894,50.2008],[5.57799,50.20815],[5.57273,50.21136],[5.56307,50.20856],[5.55811,50.20909],[5.55545,50.20793],[5.55058,50.20771],[5.55036,50.20401],[5.54424,50.20127],[5.54395,50.19934],[5.53865,50.19951],[5.54167,50.19635],[5.54046,50.19533],[5.54034,50.19176],[5.53912,50.18978],[5.53481,50.18735],[5.52885,50.1871],[5.52481,50.18571],[5.51685,50.18569],[5.51176,50.184],[5.50372,50.18351],[5.49112,50.17897],[5.48668,50.17382],[5.48456,50.16921],[5.48479,50.16694],[5.4811,50.16661],[5.47768,50.16447],[5.47315,50.16364]]]}},{"type":"Feature","id":"83034","bbox":[5.206552,50.157327,5.47315,50.278946],"properties":{"nis":"83034","name":"Marche-en-Famenne","nameNl":"Marche-en-Famenne","nameFr":"Marche-en-Famenne","nameDe":"Marche-en-Famenne","province":"luxembourg","region":"wallonia","areaKm2":121.71},"geometry":{"type":"Polygon","coordinates":[[[5.4618,50.15817],[5.46605,50.15851],[5.46951,50.16201],[5.47315,50.16364],[5.47231,50.16551],[5.46672,50.16928],[5.46888,50.17089],[5.46774,50.1751],[5.46935,50.17775],[5.46305,50.18361],[5.46227,50.18713],[5.46027,50.18741],[5.4614,50.19021],[5.46012,50.19122],[5.46045,50.19633],[5.45909,50.19781],[5.45283,50.20051],[5.45189,50.20202],[5.44405,50.21007],[5.4467,50.21121],[5.44297,50.21273],[5.44486,50.21444],[5.44208,50.21631],[5.43384,50.21786],[5.43308,50.21891],[5.42919,50.21873],[5.4362,50.22337],[5.43081,50.2275],[5.42491,50.22487],[5.41779,50.23178],[5.41031,50.2311],[5.40532,50.23715],[5.40703,50.23811],[5.39928,50.24413],[5.3903,50.23899],[5.38143,50.23546],[5.37499,50.23802],[5.3718,50.24214],[5.37323,50.24398],[5.38499,50.24819],[5.39012,50.25156],[5.39288,50.25657],[5.39652,50.25942],[5.40341,50.26255],[5.40138,50.26391],[5.39959,50.26282],[5.39205,50.26053],[5.39272,50.25995],[5.38737,50.25764],[5.38287,50.2615],[5.37354,50.26748],[5.3742,50.268],[5.36951,50.27303],[5.37261,50.27593],[5.37625,50.27688],[5.37542,50.27847],[5.37205,50.27751],[5.3672,50.27792],[5.35878,50.27522],[5.3526,50.26902],[5.34838,50.26653],[5.34371,50.26558],[5.33994,50.26284],[5.33455,50.25699],[5.33121,50.25439],[5.32485,50.25189],[5.31869,50.24846],[5.31137,50.2451],[5.30444,50.24371],[5.29683,50.24108],[5.29393,50.239],[5.28505,50.2463],[5.28312,50.249],[5.27588,50.24384],[5.27129,50.24177],[5.25495,50.23981],[5.25202,50.23819],[5.25732,50.23575],[5.26153,50.23016],[5.25765,50.22839],[5.25773,50.22701],[5.2346,50.22161],[5.22859,50.22779],[5.22136,50.22427],[5.21869,50.22372],[5.21353,50.22219],[5.21293,50.22059],[5.20877,50.21864],[5.20655,50.21576],[5.21508,50.21603],[5.22179,50.21428],[5.23174,50.21497],[5.23323,50.21127],[5.23527,50.20934],[5.24184,50.20557],[5.24612,50.20401],[5.23852,50.19933],[5.23463,50.19587],[5.24259,50.19308],[5.2472,50.19566],[5.24956,50.1935],[5.24902,50.19106],[5.24292,50.1873],[5.25426,50.17911],[5.2605,50.17057],[5.26668,50.16828],[5.26721,50.16329],[5.27237,50.15922],[5.2811,50.1587],[5.2896,50.15765],[5.29523,50.15893],[5.30292,50.15812],[5.30364,50.15741],[5.31057,50.16017],[5.31889,50.16138],[5.32035,50.16441],[5.31446,50.16462],[5.31244,50.16704],[5.31504,50.16844],[5.31874,50.16879],[5.32181,50.17272],[5.32518,50.17409],[5.3276,50.17842],[5.32891,50.17769],[5.33763,50.17778],[5.33769,50.18275],[5.33955,50.18785],[5.34298,50.18823],[5.34435,50.18964],[5.34795,50.18992],[5.35322,50.19155],[5.36564,50.1986],[5.36962,50.19948],[5.36907,50.19743],[5.37443,50.19787],[5.375,50.19635],[5.37827,50.19681],[5.37906,50.19451],[5.38142,50.19358],[5.38649,50.19407],[5.38416,50.19233],[5.38714,50.18778],[5.39244,50.186],[5.3931,50.18384],[5.38949,50.18224],[5.39076,50.17941],[5.38947,50.17704],[5.39208,50.17529],[5.38872,50.16797],[5.3858,50.1659],[5.39534,50.16476],[5.39587,50.16706],[5.39916,50.1671],[5.40571,50.17087],[5.40504,50.17193],[5.41248,50.17497],[5.41826,50.176],[5.4217,50.17872],[5.4249,50.17915],[5.43116,50.17592],[5.4353,50.17113],[5.43714,50.17225],[5.44272,50.16818],[5.4415,50.16731],[5.44817,50.1575],[5.45477,50.15733],[5.4618,50.15817]]]}},{"type":"Feature","id":"83040","bbox":[5.242235,50.078515,5.466564,50.199837],"properties":{"nis":"83040","name":"Nassogne","nameNl":"Nassogne","nameFr":"Nassogne","nameDe":"Nassogne","province":"luxembourg","region":"wallonia","areaKm2":112.67},"geometry":{"type":"Polygon","coordinates":[[[5.45963,50.15129],[5.4652,50.15288],[5.46657,50.15413],[5.4618,50.15817],[5.45477,50.15733],[5.44817,50.1575],[5.4415,50.16731],[5.44272,50.16818],[5.43714,50.17225],[5.4353,50.17113],[5.43116,50.17592],[5.4249,50.17915],[5.4217,50.17872],[5.41826,50.176],[5.41248,50.17497],[5.40504,50.17193],[5.40571,50.17087],[5.39916,50.1671],[5.39587,50.16706],[5.39534,50.16476],[5.3858,50.1659],[5.38872,50.16797],[5.39208,50.17529],[5.38947,50.17704],[5.39076,50.17941],[5.38949,50.18224],[5.3931,50.18384],[5.39244,50.186],[5.38714,50.18778],[5.38416,50.19233],[5.38649,50.19407],[5.38142,50.19358],[5.37906,50.19451],[5.37827,50.19681],[5.375,50.19635],[5.37443,50.19787],[5.36907,50.19743],[5.36962,50.19948],[5.36564,50.1986],[5.35322,50.19155],[5.34795,50.18992],[5.34435,50.18964],[5.34298,50.18823],[5.33955,50.18785],[5.33769,50.18275],[5.33763,50.17778],[5.32891,50.17769],[5.3276,50.17842],[5.32518,50.17409],[5.32181,50.17272],[5.31874,50.16879],[5.31504,50.16844],[5.31244,50.16704],[5.31446,50.16462],[5.32035,50.16441],[5.31889,50.16138],[5.31057,50.16017],[5.30364,50.15741],[5.30292,50.15812],[5.29523,50.15893],[5.2896,50.15765],[5.2811,50.1587],[5.27849,50.15841],[5.27418,50.15607],[5.27771,50.15544],[5.28117,50.15612],[5.28299,50.15377],[5.28172,50.15142],[5.284,50.14994],[5.28162,50.14799],[5.27379,50.1455],[5.2737,50.14259],[5.26911,50.13988],[5.26619,50.14275],[5.24231,50.1342],[5.24297,50.1322],[5.2473,50.12716],[5.25372,50.1282],[5.25567,50.12725],[5.25827,50.12375],[5.26251,50.12052],[5.26466,50.12198],[5.2701,50.11762],[5.26926,50.11174],[5.26257,50.10853],[5.2634,50.10854],[5.2782,50.10362],[5.28418,50.10264],[5.29153,50.09988],[5.28971,50.09855],[5.29426,50.09429],[5.29598,50.0948],[5.3016,50.09025],[5.30376,50.09066],[5.30818,50.08846],[5.31115,50.08831],[5.3122,50.09053],[5.31611,50.08841],[5.31662,50.08557],[5.32353,50.08537],[5.3221,50.08897],[5.32767,50.08956],[5.33087,50.09163],[5.33132,50.09467],[5.3332,50.09332],[5.34283,50.09177],[5.34926,50.0925],[5.3538,50.09425],[5.36141,50.09592],[5.36719,50.09408],[5.37418,50.09054],[5.37843,50.08936],[5.388,50.07983],[5.39024,50.07852],[5.39562,50.08249],[5.39783,50.08492],[5.39675,50.08693],[5.39542,50.09381],[5.39879,50.09727],[5.40485,50.10746],[5.40851,50.11284],[5.41695,50.11636],[5.42584,50.11414],[5.43052,50.11396],[5.43668,50.11159],[5.44032,50.11702],[5.44339,50.11783],[5.44647,50.11612],[5.45297,50.11721],[5.45918,50.12176],[5.46027,50.12439],[5.45906,50.12651],[5.45426,50.12858],[5.45222,50.13464],[5.45319,50.13858],[5.4502,50.14484],[5.44627,50.14838],[5.45062,50.1505],[5.45963,50.15129]]]}},{"type":"Feature","id":"83044","bbox":[5.441983,50.163639,5.612152,50.265075],"properties":{"nis":"83044","name":"Rendeux","nameNl":"Rendeux","nameFr":"Rendeux","nameDe":"Rendeux","province":"luxembourg","region":"wallonia","areaKm2":69},"geometry":{"type":"Polygon","coordinates":[[[5.44208,50.21631],[5.44486,50.21444],[5.44297,50.21273],[5.4467,50.21121],[5.44405,50.21007],[5.45189,50.20202],[5.45283,50.20051],[5.45909,50.19781],[5.46045,50.19633],[5.46012,50.19122],[5.4614,50.19021],[5.46027,50.18741],[5.46227,50.18713],[5.46305,50.18361],[5.46935,50.17775],[5.46774,50.1751],[5.46888,50.17089],[5.46672,50.16928],[5.47231,50.16551],[5.47315,50.16364],[5.47768,50.16447],[5.4811,50.16661],[5.48479,50.16694],[5.48456,50.16921],[5.48668,50.17382],[5.49112,50.17897],[5.50372,50.18351],[5.51176,50.184],[5.51685,50.18569],[5.52481,50.18571],[5.52885,50.1871],[5.53481,50.18735],[5.53912,50.18978],[5.54034,50.19176],[5.54046,50.19533],[5.54167,50.19635],[5.53865,50.19951],[5.54395,50.19934],[5.54424,50.20127],[5.55036,50.20401],[5.55058,50.20771],[5.55545,50.20793],[5.55811,50.20909],[5.56307,50.20856],[5.57273,50.21136],[5.57799,50.20815],[5.57894,50.2008],[5.58461,50.20198],[5.58735,50.20376],[5.58821,50.20611],[5.5995,50.2123],[5.60015,50.21498],[5.60681,50.21784],[5.61051,50.21687],[5.61215,50.22001],[5.60437,50.22083],[5.60661,50.22369],[5.60427,50.2239],[5.606,50.22597],[5.59928,50.22781],[5.59498,50.22997],[5.59278,50.23383],[5.5843,50.23898],[5.57859,50.2406],[5.58097,50.24483],[5.57559,50.24693],[5.56997,50.24797],[5.56495,50.24795],[5.56422,50.24697],[5.56039,50.24774],[5.55052,50.25191],[5.54345,50.25554],[5.54096,50.26203],[5.53339,50.25686],[5.52958,50.25776],[5.52525,50.26052],[5.51638,50.26506],[5.50631,50.26444],[5.50049,50.26036],[5.50341,50.25895],[5.5013,50.25464],[5.50321,50.25293],[5.49286,50.24923],[5.48936,50.25141],[5.48774,50.25026],[5.48443,50.25114],[5.48149,50.24383],[5.47938,50.24405],[5.47429,50.2423],[5.47308,50.24051],[5.46998,50.24027],[5.4667,50.2381],[5.46389,50.23911],[5.45998,50.24276],[5.45297,50.23585],[5.4545,50.23144],[5.45136,50.22714],[5.44786,50.22678],[5.44584,50.22838],[5.44243,50.22609],[5.4431,50.2222],[5.44208,50.21631]]]}},{"type":"Feature","id":"83049","bbox":[5.39024,50.047801,5.597345,50.151462],"properties":{"nis":"83049","name":"Tenneville","nameNl":"Tenneville","nameFr":"Tenneville","nameDe":"Tenneville","province":"luxembourg","region":"wallonia","areaKm2":91.69},"geometry":{"type":"Polygon","coordinates":[[[5.45963,50.15129],[5.45062,50.1505],[5.44627,50.14838],[5.4502,50.14484],[5.45319,50.13858],[5.45222,50.13464],[5.45426,50.12858],[5.45906,50.12651],[5.46027,50.12439],[5.45918,50.12176],[5.45297,50.11721],[5.44647,50.11612],[5.44339,50.11783],[5.44032,50.11702],[5.43668,50.11159],[5.43052,50.11396],[5.42584,50.11414],[5.41695,50.11636],[5.40851,50.11284],[5.40485,50.10746],[5.39879,50.09727],[5.39542,50.09381],[5.39675,50.08693],[5.39783,50.08492],[5.39562,50.08249],[5.39024,50.07852],[5.39193,50.07359],[5.39695,50.06986],[5.40059,50.06868],[5.40186,50.0665],[5.40571,50.06498],[5.40544,50.06045],[5.41187,50.05183],[5.41364,50.0478],[5.41791,50.04886],[5.42742,50.05097],[5.43114,50.05081],[5.43667,50.05207],[5.44002,50.05581],[5.44837,50.06017],[5.45432,50.06456],[5.45606,50.06719],[5.46075,50.07097],[5.46587,50.07266],[5.47015,50.07295],[5.47527,50.07215],[5.47823,50.07311],[5.48067,50.07217],[5.48434,50.07248],[5.49156,50.07557],[5.49162,50.07772],[5.49904,50.07627],[5.503,50.07707],[5.5053,50.07652],[5.51031,50.07749],[5.52067,50.07436],[5.52368,50.0691],[5.52695,50.06899],[5.53037,50.06766],[5.53392,50.06854],[5.53499,50.06737],[5.54026,50.06833],[5.54219,50.06779],[5.54204,50.07385],[5.54615,50.07523],[5.55092,50.07418],[5.55569,50.07423],[5.5596,50.07824],[5.56342,50.07859],[5.56862,50.08222],[5.56858,50.08454],[5.57582,50.0857],[5.58041,50.08334],[5.58356,50.08372],[5.58566,50.08653],[5.59383,50.08946],[5.59536,50.0908],[5.59402,50.09404],[5.59731,50.09617],[5.59605,50.09863],[5.59245,50.10151],[5.59155,50.10443],[5.58732,50.10659],[5.58693,50.10856],[5.59035,50.11246],[5.58777,50.1138],[5.58834,50.11603],[5.58582,50.12097],[5.58367,50.12064],[5.57957,50.12691],[5.57312,50.12536],[5.5701,50.13032],[5.56716,50.13294],[5.56842,50.13562],[5.55914,50.13309],[5.55864,50.1403],[5.54939,50.13572],[5.55173,50.13445],[5.54649,50.1283],[5.54279,50.12761],[5.53571,50.12379],[5.53005,50.1273],[5.53041,50.13217],[5.52414,50.13318],[5.52798,50.13569],[5.52568,50.13803],[5.521,50.13803],[5.52076,50.13917],[5.51654,50.14025],[5.51371,50.13969],[5.50869,50.14024],[5.49654,50.13973],[5.49063,50.13445],[5.48053,50.13745],[5.47786,50.13889],[5.4745,50.14235],[5.46858,50.14593],[5.46936,50.14829],[5.45963,50.15129]]]}},{"type":"Feature","id":"83055","bbox":[5.573915,50.22001,5.748819,50.37204],"properties":{"nis":"83055","name":"Manhay","nameNl":"Manhay","nameFr":"Manhay","nameDe":"Manhay","province":"luxembourg","region":"wallonia","areaKm2":119.75},"geometry":{"type":"Polygon","coordinates":[[[5.57559,50.24693],[5.58097,50.24483],[5.57859,50.2406],[5.5843,50.23898],[5.59278,50.23383],[5.59498,50.22997],[5.59928,50.22781],[5.606,50.22597],[5.60427,50.2239],[5.60661,50.22369],[5.60437,50.22083],[5.61215,50.22001],[5.6188,50.22572],[5.62256,50.22661],[5.62356,50.22272],[5.62918,50.22194],[5.63098,50.22243],[5.62998,50.2245],[5.63142,50.22714],[5.63406,50.22506],[5.63593,50.226],[5.64169,50.22642],[5.64731,50.22483],[5.65233,50.22235],[5.65551,50.22208],[5.66353,50.22511],[5.67441,50.22612],[5.6823,50.2255],[5.69378,50.2254],[5.70203,50.22865],[5.70967,50.23062],[5.715,50.2369],[5.72617,50.25168],[5.72108,50.2622],[5.71747,50.26668],[5.72439,50.27007],[5.73143,50.27525],[5.7331,50.27866],[5.73567,50.28641],[5.73536,50.28864],[5.73953,50.2923],[5.74768,50.29552],[5.74788,50.30238],[5.7271,50.30374],[5.72459,50.30144],[5.71619,50.30844],[5.71323,50.30981],[5.70991,50.31363],[5.70648,50.31939],[5.70506,50.32438],[5.70282,50.32934],[5.70889,50.3293],[5.71454,50.33445],[5.71358,50.3386],[5.70985,50.34264],[5.71323,50.34422],[5.71442,50.34671],[5.71077,50.34763],[5.71512,50.34949],[5.71954,50.35241],[5.72148,50.35527],[5.72025,50.35818],[5.7114,50.35789],[5.70667,50.3611],[5.69596,50.35724],[5.69283,50.35784],[5.68971,50.35664],[5.68249,50.35785],[5.67714,50.3579],[5.67311,50.35625],[5.67016,50.35725],[5.67115,50.36381],[5.67558,50.36845],[5.66119,50.36573],[5.64742,50.36553],[5.63386,50.37169],[5.63061,50.37204],[5.628,50.36978],[5.62149,50.36806],[5.62511,50.36612],[5.61801,50.36284],[5.60837,50.35749],[5.59154,50.3505],[5.58764,50.34969],[5.59126,50.34409],[5.59224,50.34057],[5.59141,50.33943],[5.59419,50.34029],[5.59694,50.33902],[5.60641,50.3406],[5.60862,50.34153],[5.61149,50.33998],[5.61771,50.33802],[5.61989,50.3383],[5.6232,50.335],[5.62836,50.33435],[5.63601,50.33569],[5.64128,50.33541],[5.65102,50.33742],[5.6549,50.33895],[5.65121,50.31649],[5.63412,50.3118],[5.62649,50.3061],[5.61813,50.29665],[5.6162,50.28849],[5.61255,50.28736],[5.6109,50.28421],[5.61353,50.2776],[5.61004,50.27562],[5.61131,50.27305],[5.60803,50.2718],[5.60324,50.26772],[5.6026,50.26597],[5.5957,50.25965],[5.59566,50.25681],[5.58189,50.25904],[5.57845,50.26072],[5.57805,50.25701],[5.57477,50.25378],[5.57393,50.25072],[5.57559,50.24693]]]}},{"type":"Feature","id":"84009","bbox":[5.158179,49.771533,5.366417,49.931892],"properties":{"nis":"84009","name":"Bertrix","nameNl":"Bertrix","nameFr":"Bertrix","nameDe":"Bertrix","province":"luxembourg","region":"wallonia","areaKm2":137.53},"geometry":{"type":"Polygon","coordinates":[[[5.18543,49.77547],[5.19824,49.77551],[5.20409,49.77473],[5.20607,49.7731],[5.21118,49.77238],[5.21678,49.77458],[5.22224,49.77165],[5.22252,49.77542],[5.22497,49.77689],[5.23119,49.7778],[5.23307,49.78042],[5.23059,49.78531],[5.22743,49.78887],[5.22691,49.7916],[5.22808,49.79579],[5.22445,49.79633],[5.22302,49.79283],[5.22063,49.79385],[5.21896,49.79916],[5.21563,49.80225],[5.21537,49.80428],[5.22185,49.80028],[5.22446,49.80031],[5.23043,49.80272],[5.23399,49.80583],[5.23766,49.8058],[5.24466,49.80976],[5.2526,49.81016],[5.25464,49.81132],[5.26139,49.81208],[5.26317,49.81145],[5.26913,49.81245],[5.27186,49.80901],[5.27758,49.80787],[5.28054,49.80932],[5.28148,49.81293],[5.29178,49.81524],[5.29714,49.81565],[5.30121,49.81971],[5.30351,49.82318],[5.31624,49.82786],[5.31753,49.82635],[5.31956,49.82985],[5.32633,49.83207],[5.32891,49.83064],[5.33716,49.82866],[5.34196,49.82485],[5.34503,49.82556],[5.34836,49.82366],[5.35259,49.81779],[5.35195,49.81507],[5.35576,49.8165],[5.36045,49.8205],[5.35833,49.82159],[5.36017,49.82374],[5.36501,49.82545],[5.36642,49.82755],[5.36071,49.82921],[5.36095,49.83258],[5.36369,49.83315],[5.3615,49.83508],[5.36261,49.83666],[5.35247,49.83947],[5.35039,49.84149],[5.3526,49.84439],[5.35082,49.8472],[5.35352,49.85147],[5.35125,49.85456],[5.34189,49.86028],[5.33936,49.86062],[5.33586,49.86271],[5.33251,49.86655],[5.32763,49.86797],[5.32553,49.87277],[5.3211,49.87486],[5.31496,49.88194],[5.31816,49.88347],[5.31958,49.88662],[5.30559,49.88662],[5.30301,49.88743],[5.30082,49.89087],[5.3,49.89619],[5.29464,49.90116],[5.29425,49.90606],[5.29146,49.90775],[5.29784,49.91111],[5.29836,49.91323],[5.29156,49.91187],[5.28727,49.91196],[5.27097,49.90782],[5.26611,49.90811],[5.25571,49.91033],[5.25279,49.91001],[5.24309,49.91353],[5.23702,49.91677],[5.23329,49.91755],[5.22884,49.92084],[5.22893,49.92483],[5.22569,49.9264],[5.20621,49.93051],[5.19511,49.93189],[5.18906,49.93152],[5.18782,49.92848],[5.18166,49.92553],[5.18096,49.92004],[5.17632,49.91932],[5.17234,49.91522],[5.16873,49.90958],[5.17204,49.90699],[5.16997,49.90614],[5.16863,49.90757],[5.16469,49.90701],[5.16611,49.90018],[5.16235,49.9],[5.1662,49.89722],[5.17069,49.90057],[5.17134,49.90443],[5.17325,49.9025],[5.17817,49.90094],[5.17905,49.89953],[5.1884,49.89506],[5.19552,49.89255],[5.1999,49.8889],[5.20152,49.88531],[5.19594,49.88428],[5.19522,49.88275],[5.19787,49.87977],[5.19304,49.8782],[5.19465,49.87609],[5.1926,49.87365],[5.19149,49.86776],[5.19344,49.86139],[5.1927,49.85868],[5.18326,49.85406],[5.18413,49.84743],[5.187,49.84307],[5.18925,49.8424],[5.18541,49.84158],[5.18398,49.83946],[5.18138,49.83989],[5.18211,49.83514],[5.17816,49.83597],[5.17457,49.83363],[5.172,49.83333],[5.16921,49.83072],[5.16435,49.83069],[5.16435,49.82535],[5.16149,49.82294],[5.16113,49.82112],[5.15847,49.81979],[5.16011,49.8185],[5.16344,49.82098],[5.16525,49.82067],[5.16508,49.81796],[5.16313,49.81372],[5.15875,49.81228],[5.16025,49.81124],[5.16567,49.81185],[5.16745,49.81045],[5.16488,49.80955],[5.1689,49.80222],[5.17022,49.79805],[5.16886,49.79676],[5.17008,49.79417],[5.17437,49.78925],[5.17669,49.789],[5.18282,49.79106],[5.18866,49.79538],[5.189,49.79049],[5.18502,49.78786],[5.18163,49.784],[5.18138,49.78023],[5.18384,49.77931],[5.18543,49.77547]]]}},{"type":"Feature","id":"84010","bbox":[4.968553,49.709198,5.18961,49.883683],"properties":{"nis":"84010","name":"Bouillon","nameNl":"Bouillon","nameFr":"Bouillon","nameDe":"Bouillon","province":"luxembourg","region":"wallonia","areaKm2":148.24},"geometry":{"type":"Polygon","coordinates":[[[5.15309,49.71859],[5.15099,49.72221],[5.1485,49.72405],[5.14711,49.72786],[5.15104,49.73104],[5.15909,49.72827],[5.15689,49.73231],[5.15822,49.73533],[5.15553,49.7377],[5.1557,49.74158],[5.15268,49.74388],[5.15257,49.74719],[5.15539,49.75055],[5.15367,49.75249],[5.15548,49.75653],[5.15483,49.7584],[5.16375,49.76072],[5.16983,49.76144],[5.17321,49.76442],[5.18042,49.76605],[5.18497,49.76772],[5.18644,49.76916],[5.18543,49.77547],[5.18384,49.77931],[5.18138,49.78023],[5.18163,49.784],[5.18502,49.78786],[5.189,49.79049],[5.18866,49.79538],[5.18282,49.79106],[5.17669,49.789],[5.17437,49.78925],[5.17008,49.79417],[5.16886,49.79676],[5.17022,49.79805],[5.1689,49.80222],[5.16488,49.80955],[5.16745,49.81045],[5.16567,49.81185],[5.16025,49.81124],[5.15875,49.81228],[5.16313,49.81372],[5.16508,49.81796],[5.16525,49.82067],[5.16344,49.82098],[5.16011,49.8185],[5.15847,49.81979],[5.16113,49.82112],[5.16149,49.82294],[5.16435,49.82535],[5.16081,49.8293],[5.15319,49.82993],[5.15027,49.83285],[5.15049,49.83701],[5.1471,49.83827],[5.14692,49.84121],[5.14174,49.84252],[5.14477,49.8438],[5.14443,49.84528],[5.13998,49.84802],[5.14139,49.85196],[5.13773,49.8496],[5.13773,49.84639],[5.14036,49.84641],[5.14229,49.84466],[5.13773,49.84318],[5.13454,49.84416],[5.13489,49.84275],[5.1307,49.84331],[5.12987,49.84708],[5.12384,49.8487],[5.12248,49.85005],[5.11828,49.85005],[5.11239,49.84908],[5.09829,49.85002],[5.09422,49.85153],[5.09634,49.85318],[5.09261,49.85894],[5.08778,49.86245],[5.09082,49.86252],[5.0875,49.86775],[5.08354,49.86811],[5.0804,49.87119],[5.07861,49.87108],[5.07264,49.87345],[5.06384,49.87506],[5.0674,49.87921],[5.06498,49.8832],[5.06265,49.88366],[5.05944,49.8812],[5.05003,49.87635],[5.04741,49.8786],[5.04289,49.87553],[5.0377,49.87398],[5.03737,49.87299],[5.02823,49.87325],[5.02054,49.8729],[5.0224,49.87072],[5.02634,49.87079],[5.02566,49.86546],[5.021,49.86279],[5.01792,49.86196],[5.0128,49.85815],[5.00916,49.85747],[5.00488,49.85779],[5.00021,49.85687],[4.99621,49.85481],[4.99573,49.85311],[4.98947,49.85285],[4.98852,49.84737],[4.98344,49.84299],[4.9812,49.84288],[4.98525,49.8388],[4.98306,49.83317],[4.98443,49.82633],[4.98793,49.82449],[4.9905,49.82437],[4.98762,49.82257],[4.98801,49.82041],[4.98276,49.82099],[4.97707,49.81996],[4.97705,49.8184],[4.97988,49.81814],[4.9812,49.81646],[4.97112,49.81254],[4.96919,49.81064],[4.97019,49.80399],[4.96864,49.80159],[4.9727,49.80173],[4.98099,49.8007],[4.98467,49.79967],[4.99424,49.8009],[4.99843,49.79961],[4.99848,49.79615],[4.99712,49.79546],[5.00104,49.79392],[5.00434,49.78908],[5.00713,49.78738],[5.00647,49.78473],[5.00855,49.78206],[5.0262,49.77586],[5.02973,49.77511],[5.037,49.77192],[5.04385,49.77016],[5.04917,49.77018],[5.05289,49.76867],[5.05939,49.7672],[5.06161,49.76736],[5.06308,49.7623],[5.07183,49.7609],[5.07493,49.7619],[5.08541,49.76328],[5.08801,49.76631],[5.09439,49.76346],[5.09789,49.75918],[5.10406,49.7529],[5.10792,49.75008],[5.11619,49.74065],[5.11888,49.73849],[5.11903,49.7355],[5.12265,49.72944],[5.12509,49.72683],[5.12334,49.7215],[5.12281,49.71705],[5.12579,49.71623],[5.12582,49.7125],[5.12905,49.71363],[5.13386,49.71304],[5.14115,49.71351],[5.14372,49.7092],[5.14752,49.71176],[5.15309,49.71859]]]}},{"type":"Feature","id":"84016","bbox":[4.973024,49.961287,5.15206,50.045425],"properties":{"nis":"84016","name":"Daverdisse","nameNl":"Daverdisse","nameFr":"Daverdisse","nameDe":"Daverdisse","province":"luxembourg","region":"wallonia","areaKm2":56.69},"geometry":{"type":"Polygon","coordinates":[[[5.01097,50.03798],[5.00662,50.0397],[5.00099,50.04443],[4.99743,50.04512],[4.99516,50.04343],[4.99331,50.03634],[4.9942,50.03257],[4.98818,50.02722],[4.98414,50.02794],[4.98229,50.03032],[4.97884,50.03082],[4.97564,50.02898],[4.97303,50.02889],[4.9796,50.02514],[4.98269,50.02414],[4.98622,50.02005],[4.99089,50.01601],[4.99693,50.01463],[4.9978,50.01323],[4.99653,50.00943],[4.99433,50.00713],[4.99946,50.00554],[5.00403,50.00088],[5.00975,49.99716],[5.01242,49.9973],[5.01255,49.99239],[5.00645,49.98881],[5.00755,49.98781],[5.00712,49.98299],[5.01123,49.98032],[5.01722,49.97909],[5.0192,49.97752],[5.02345,49.97827],[5.02651,49.97771],[5.03116,49.9784],[5.03571,49.98054],[5.04441,49.98179],[5.0451,49.98356],[5.04862,49.98654],[5.05085,49.98661],[5.05285,49.98337],[5.06051,49.98442],[5.06381,49.98235],[5.06694,49.98186],[5.06506,49.97959],[5.06605,49.97556],[5.06772,49.97342],[5.07279,49.97046],[5.07655,49.96919],[5.07899,49.96689],[5.08351,49.96654],[5.09375,49.96129],[5.09961,49.96183],[5.10094,49.96518],[5.1008,49.96859],[5.10284,49.96994],[5.10567,49.96976],[5.11076,49.97147],[5.11202,49.97376],[5.11096,49.97677],[5.10814,49.97811],[5.11357,49.97948],[5.12168,49.9826],[5.12586,49.97972],[5.12886,49.9807],[5.13227,49.97878],[5.13402,49.98299],[5.13841,49.98624],[5.13526,49.98831],[5.13506,49.98991],[5.12942,49.98818],[5.12749,49.9907],[5.12936,49.99742],[5.13503,49.9982],[5.13522,49.9998],[5.13143,50.00336],[5.12858,50.00407],[5.1284,50.00669],[5.12435,50.00865],[5.12539,50.01105],[5.12983,50.01277],[5.12818,50.0172],[5.13009,50.01679],[5.13758,50.01841],[5.14026,50.02142],[5.14701,50.02031],[5.15169,50.02252],[5.15064,50.02488],[5.15206,50.02856],[5.14708,50.02945],[5.14615,50.03219],[5.14324,50.03515],[5.13681,50.03734],[5.13786,50.03879],[5.13342,50.0389],[5.12937,50.04027],[5.12518,50.03868],[5.12669,50.03373],[5.12616,50.03166],[5.11748,50.02755],[5.11252,50.02741],[5.11017,50.02471],[5.10446,50.02427],[5.10165,50.02332],[5.09646,50.02424],[5.09022,50.02306],[5.08739,50.02161],[5.0859,50.01927],[5.08636,50.01636],[5.08373,50.01599],[5.08062,50.01756],[5.07246,50.01825],[5.06996,50.01953],[5.05524,50.0213],[5.05545,50.02291],[5.05178,50.02516],[5.04867,50.02597],[5.0361,50.02714],[5.0337,50.03001],[5.02664,50.03082],[5.01873,50.03396],[5.01746,50.03549],[5.01097,50.03798]]]}},{"type":"Feature","id":"84029","bbox":[5.215368,49.759379,5.396509,49.832232],"properties":{"nis":"84029","name":"Herbeumont","nameNl":"Herbeumont","nameFr":"Herbeumont","nameDe":"Herbeumont","province":"luxembourg","region":"wallonia","areaKm2":58.52},"geometry":{"type":"Polygon","coordinates":[[[5.22224,49.77165],[5.22505,49.76637],[5.22493,49.76147],[5.22812,49.75938],[5.22961,49.7598],[5.22921,49.76339],[5.22991,49.7692],[5.22891,49.7746],[5.23128,49.7748],[5.23286,49.77002],[5.23583,49.76838],[5.23949,49.77077],[5.24473,49.77215],[5.24789,49.77102],[5.2467,49.7692],[5.24858,49.7675],[5.25303,49.76731],[5.256,49.76379],[5.26025,49.76341],[5.26321,49.76511],[5.26845,49.76505],[5.26817,49.75998],[5.2762,49.75993],[5.27931,49.76391],[5.28355,49.76486],[5.28565,49.76739],[5.28568,49.76968],[5.29032,49.77248],[5.29145,49.7762],[5.29484,49.77754],[5.29727,49.78047],[5.30736,49.77785],[5.30988,49.77882],[5.31897,49.77939],[5.32569,49.78127],[5.33557,49.77922],[5.34022,49.77631],[5.34969,49.77582],[5.35761,49.77794],[5.36345,49.77743],[5.36278,49.77518],[5.39302,49.77722],[5.39099,49.78055],[5.39116,49.78435],[5.39536,49.78852],[5.39415,49.79177],[5.39586,49.79265],[5.39611,49.79756],[5.39411,49.80016],[5.39012,49.8004],[5.39142,49.805],[5.3935,49.80615],[5.39375,49.80987],[5.38917,49.80817],[5.3884,49.81158],[5.3806,49.81309],[5.37695,49.81634],[5.37472,49.81595],[5.36501,49.82545],[5.36017,49.82374],[5.35833,49.82159],[5.36045,49.8205],[5.35576,49.8165],[5.35195,49.81507],[5.35259,49.81779],[5.34836,49.82366],[5.34503,49.82556],[5.34196,49.82485],[5.33716,49.82866],[5.32891,49.83064],[5.32633,49.83207],[5.31956,49.82985],[5.31753,49.82635],[5.31624,49.82786],[5.30351,49.82318],[5.30121,49.81971],[5.29714,49.81565],[5.29178,49.81524],[5.28148,49.81293],[5.28054,49.80932],[5.27758,49.80787],[5.27186,49.80901],[5.26913,49.81245],[5.26317,49.81145],[5.26139,49.81208],[5.25464,49.81132],[5.2526,49.81016],[5.24466,49.80976],[5.23766,49.8058],[5.23399,49.80583],[5.23043,49.80272],[5.22446,49.80031],[5.22185,49.80028],[5.21537,49.80428],[5.21563,49.80225],[5.21896,49.79916],[5.22063,49.79385],[5.22302,49.79283],[5.22445,49.79633],[5.22808,49.79579],[5.22691,49.7916],[5.22743,49.78887],[5.23059,49.78531],[5.23307,49.78042],[5.23119,49.7778],[5.22497,49.77689],[5.22252,49.77542],[5.22224,49.77165]]]}},{"type":"Feature","id":"84033","bbox":[5.411652,49.734325,5.705341,49.900915],"properties":{"nis":"84033","name":"Léglise","nameNl":"Léglise","nameFr":"Léglise","nameDe":"Léglise","province":"luxembourg","region":"wallonia","areaKm2":173.16},"geometry":{"type":"Polygon","coordinates":[[[5.41165,49.79047],[5.41367,49.78544],[5.41694,49.78545],[5.42743,49.78225],[5.43102,49.78297],[5.43979,49.78327],[5.44804,49.7814],[5.4475,49.77878],[5.4494,49.77395],[5.45271,49.77081],[5.45688,49.76892],[5.45793,49.76719],[5.4663,49.75936],[5.46814,49.75664],[5.47822,49.75191],[5.47863,49.74782],[5.48298,49.7435],[5.49232,49.73961],[5.50094,49.73439],[5.50677,49.73661],[5.51018,49.74335],[5.51717,49.74367],[5.52085,49.74274],[5.52666,49.74353],[5.52839,49.74105],[5.52896,49.74334],[5.53776,49.7455],[5.54586,49.74308],[5.54702,49.74695],[5.5495,49.74759],[5.54934,49.74972],[5.5524,49.75063],[5.55341,49.75519],[5.55255,49.75948],[5.55509,49.7598],[5.55806,49.75708],[5.56219,49.75896],[5.56418,49.76252],[5.56652,49.76449],[5.5644,49.76764],[5.56591,49.76985],[5.56479,49.77538],[5.56804,49.77479],[5.57229,49.77563],[5.5813,49.77477],[5.58358,49.77534],[5.58873,49.77455],[5.59373,49.77127],[5.6088,49.77427],[5.61198,49.77834],[5.62244,49.78],[5.62523,49.77677],[5.6315,49.77572],[5.63183,49.7728],[5.63846,49.77403],[5.64105,49.77286],[5.6445,49.76885],[5.64824,49.76752],[5.65186,49.76992],[5.65136,49.77262],[5.65383,49.77371],[5.65445,49.7778],[5.66006,49.77941],[5.66685,49.78211],[5.66894,49.7836],[5.67728,49.78257],[5.68018,49.78399],[5.68456,49.78243],[5.68607,49.78356],[5.70534,49.81087],[5.70152,49.82018],[5.70054,49.82048],[5.69653,49.82365],[5.69597,49.82712],[5.69329,49.82548],[5.69193,49.82682],[5.68797,49.82671],[5.68194,49.82051],[5.68124,49.82263],[5.68553,49.82558],[5.6825,49.82815],[5.67224,49.82943],[5.67483,49.83074],[5.67339,49.8335],[5.6665,49.83288],[5.66319,49.83162],[5.65628,49.83189],[5.65189,49.83134],[5.65043,49.83245],[5.64844,49.83116],[5.64583,49.83189],[5.64253,49.83083],[5.63952,49.83273],[5.63647,49.8313],[5.63398,49.83178],[5.63275,49.83732],[5.62614,49.83611],[5.6219,49.83349],[5.61953,49.82962],[5.61433,49.83033],[5.61784,49.83363],[5.6181,49.83591],[5.62511,49.83611],[5.63348,49.83827],[5.6297,49.84179],[5.62904,49.84557],[5.63616,49.84489],[5.63773,49.84699],[5.63577,49.84808],[5.63711,49.8538],[5.63597,49.85708],[5.63702,49.8589],[5.6337,49.85833],[5.63271,49.86157],[5.63732,49.86617],[5.634,49.86989],[5.63549,49.87252],[5.6354,49.87642],[5.63774,49.87748],[5.64002,49.88122],[5.63619,49.88283],[5.64045,49.88531],[5.64535,49.88615],[5.64656,49.88548],[5.65045,49.88701],[5.64922,49.89041],[5.65249,49.89327],[5.65238,49.89577],[5.65414,49.89842],[5.65615,49.89836],[5.65659,49.90039],[5.65568,49.90091],[5.64281,49.89726],[5.63932,49.89541],[5.63461,49.8948],[5.62676,49.89268],[5.61893,49.88967],[5.61173,49.88612],[5.60586,49.88418],[5.59445,49.87919],[5.58893,49.87816],[5.58425,49.87595],[5.58257,49.87272],[5.57529,49.86818],[5.57058,49.86791],[5.56787,49.8697],[5.56062,49.869],[5.55887,49.86765],[5.55443,49.87078],[5.54445,49.86695],[5.5364,49.86817],[5.532,49.87022],[5.52936,49.87012],[5.5259,49.86876],[5.52133,49.86397],[5.51679,49.86396],[5.51081,49.86026],[5.50425,49.85848],[5.50754,49.85062],[5.507,49.84633],[5.51098,49.84547],[5.51347,49.84369],[5.51749,49.84299],[5.51946,49.84063],[5.51921,49.83542],[5.52071,49.83325],[5.52514,49.83184],[5.5241,49.83024],[5.51722,49.82836],[5.51128,49.81995],[5.50725,49.81901],[5.50877,49.81426],[5.50162,49.81522],[5.49698,49.81881],[5.49434,49.81809],[5.49083,49.81923],[5.48322,49.81905],[5.4796,49.81378],[5.47516,49.81295],[5.47211,49.81411],[5.46353,49.81359],[5.4637,49.81516],[5.45882,49.81551],[5.45645,49.81471],[5.45653,49.81235],[5.44902,49.80912],[5.44765,49.80704],[5.44481,49.8062],[5.44038,49.80049],[5.4411,49.7988],[5.43019,49.79487],[5.42984,49.7937],[5.42498,49.79454],[5.41872,49.79298],[5.41165,49.79047]]]}},{"type":"Feature","id":"84035","bbox":[5.123878,49.907817,5.330341,50.045755],"properties":{"nis":"84035","name":"Libin","nameNl":"Libin","nameFr":"Libin","nameDe":"Libin","province":"luxembourg","region":"wallonia","areaKm2":140.06},"geometry":{"type":"Polygon","coordinates":[[[5.17821,50.04507],[5.16775,50.0427],[5.1632,50.04402],[5.16128,50.04552],[5.15798,50.0447],[5.14944,50.04409],[5.14581,50.04576],[5.14132,50.04555],[5.13773,50.04374],[5.14013,50.04203],[5.13786,50.03879],[5.13681,50.03734],[5.14324,50.03515],[5.14615,50.03219],[5.14708,50.02945],[5.15206,50.02856],[5.15064,50.02488],[5.15169,50.02252],[5.14701,50.02031],[5.14026,50.02142],[5.13758,50.01841],[5.13009,50.01679],[5.12818,50.0172],[5.12983,50.01277],[5.12539,50.01105],[5.12435,50.00865],[5.1284,50.00669],[5.12858,50.00407],[5.13143,50.00336],[5.13522,49.9998],[5.13503,49.9982],[5.12936,49.99742],[5.12749,49.9907],[5.12942,49.98818],[5.13506,49.98991],[5.13732,49.99187],[5.14065,49.99237],[5.14087,49.99061],[5.13786,49.98891],[5.14367,49.98876],[5.14276,49.98458],[5.14624,49.98314],[5.15214,49.97751],[5.16083,49.97963],[5.15623,49.98404],[5.16081,49.98535],[5.16228,49.98385],[5.1663,49.98267],[5.1676,49.9835],[5.16501,49.98844],[5.17077,49.99025],[5.17368,49.98614],[5.17962,49.98388],[5.18232,49.98087],[5.18243,49.97906],[5.18807,49.97367],[5.19189,49.97475],[5.19353,49.97273],[5.19033,49.96932],[5.19245,49.96837],[5.19583,49.96466],[5.19184,49.96298],[5.18641,49.96174],[5.18452,49.95818],[5.18777,49.95708],[5.1914,49.95395],[5.19132,49.95071],[5.19353,49.94952],[5.19378,49.94578],[5.18726,49.94264],[5.1797,49.9381],[5.17589,49.93494],[5.18215,49.93384],[5.18622,49.93428],[5.18906,49.93152],[5.19511,49.93189],[5.20621,49.93051],[5.22569,49.9264],[5.22893,49.92483],[5.22884,49.92084],[5.23329,49.91755],[5.23702,49.91677],[5.24309,49.91353],[5.25279,49.91001],[5.25571,49.91033],[5.26611,49.90811],[5.27097,49.90782],[5.28727,49.91196],[5.29156,49.91187],[5.29836,49.91323],[5.31751,49.91264],[5.32264,49.91431],[5.32585,49.91627],[5.3276,49.9204],[5.32982,49.92232],[5.3295,49.9262],[5.32646,49.93014],[5.32526,49.93347],[5.32667,49.94695],[5.32368,49.95111],[5.32288,49.95399],[5.32394,49.9572],[5.32689,49.95887],[5.32633,49.96034],[5.33034,49.96561],[5.3274,49.96774],[5.32703,49.97117],[5.32905,49.97267],[5.32582,49.97442],[5.3234,49.97976],[5.32057,49.98608],[5.32114,49.98779],[5.31795,49.98975],[5.31722,49.992],[5.31482,49.99302],[5.31501,49.99487],[5.31004,49.99963],[5.31137,50.00074],[5.3105,50.0031],[5.30697,50.00274],[5.3041,50.00372],[5.30498,50.00628],[5.30365,50.00791],[5.29706,50.00651],[5.28832,50.00319],[5.2897,50.0043],[5.28884,50.00762],[5.28424,50.00605],[5.28022,50.00651],[5.28042,50.01112],[5.27887,50.01252],[5.28211,50.01487],[5.28062,50.01801],[5.28103,50.02231],[5.27612,50.02268],[5.2744,50.02521],[5.2756,50.02812],[5.27489,50.03036],[5.2703,50.03251],[5.27145,50.03556],[5.27019,50.03595],[5.25158,50.03756],[5.24705,50.03735],[5.2375,50.0378],[5.23543,50.03593],[5.23856,50.03312],[5.2307,50.031],[5.2283,50.0258],[5.21845,50.03151],[5.21202,50.03289],[5.20977,50.03596],[5.20125,50.03638],[5.19731,50.03821],[5.17905,50.03628],[5.17821,50.04507]]]}},{"type":"Feature","id":"84043","bbox":[5.314958,49.778866,5.529419,49.903032],"properties":{"nis":"84043","name":"Neufchâteau","nameNl":"Neufchâteau","nameFr":"Neufchâteau","nameDe":"Neufchâteau","province":"luxembourg","region":"wallonia","areaKm2":114.3},"geometry":{"type":"Polygon","coordinates":[[[5.52936,49.87012],[5.5259,49.8747],[5.52525,49.87689],[5.5283,49.87727],[5.52843,49.88051],[5.5201,49.88273],[5.51644,49.8868],[5.51401,49.88795],[5.5115,49.88712],[5.50794,49.89097],[5.50416,49.89283],[5.50521,49.89537],[5.50168,49.89935],[5.49894,49.89995],[5.49516,49.90303],[5.49072,49.90235],[5.48544,49.90272],[5.47862,49.90236],[5.47356,49.90038],[5.4676,49.89914],[5.46578,49.89737],[5.4543,49.89791],[5.45207,49.8971],[5.44871,49.89909],[5.44392,49.90057],[5.43879,49.90089],[5.43685,49.89902],[5.43014,49.89501],[5.4311,49.89372],[5.42027,49.89168],[5.41888,49.89282],[5.41271,49.89173],[5.40946,49.88977],[5.40656,49.88991],[5.39747,49.88739],[5.39833,49.8866],[5.39342,49.88413],[5.39022,49.88343],[5.38635,49.88124],[5.37591,49.87658],[5.36731,49.87594],[5.36331,49.87515],[5.34823,49.8827],[5.34499,49.88688],[5.34144,49.88772],[5.33375,49.88567],[5.32961,49.88711],[5.32486,49.8874],[5.32097,49.88429],[5.31816,49.88347],[5.31496,49.88194],[5.3211,49.87486],[5.32553,49.87277],[5.32763,49.86797],[5.33251,49.86655],[5.33586,49.86271],[5.33936,49.86062],[5.34189,49.86028],[5.35125,49.85456],[5.35352,49.85147],[5.35082,49.8472],[5.3526,49.84439],[5.35039,49.84149],[5.35247,49.83947],[5.36261,49.83666],[5.3615,49.83508],[5.36369,49.83315],[5.36095,49.83258],[5.36071,49.82921],[5.36642,49.82755],[5.36501,49.82545],[5.37472,49.81595],[5.37695,49.81634],[5.3806,49.81309],[5.3884,49.81158],[5.38917,49.80817],[5.39375,49.80987],[5.3935,49.80615],[5.39142,49.805],[5.39012,49.8004],[5.39411,49.80016],[5.39611,49.79756],[5.39586,49.79265],[5.39415,49.79177],[5.39536,49.78852],[5.39116,49.78435],[5.39099,49.78055],[5.39507,49.78061],[5.39448,49.77894],[5.39918,49.77946],[5.40413,49.78136],[5.40938,49.78454],[5.41321,49.7845],[5.41165,49.79047],[5.41872,49.79298],[5.42498,49.79454],[5.42984,49.7937],[5.43019,49.79487],[5.4411,49.7988],[5.44038,49.80049],[5.44481,49.8062],[5.44765,49.80704],[5.44902,49.80912],[5.45653,49.81235],[5.45645,49.81471],[5.45882,49.81551],[5.4637,49.81516],[5.46353,49.81359],[5.47211,49.81411],[5.47516,49.81295],[5.4796,49.81378],[5.48322,49.81905],[5.49083,49.81923],[5.49434,49.81809],[5.49698,49.81881],[5.50162,49.81522],[5.50877,49.81426],[5.50725,49.81901],[5.51128,49.81995],[5.51722,49.82836],[5.5241,49.83024],[5.52514,49.83184],[5.52071,49.83325],[5.51921,49.83542],[5.51946,49.84063],[5.51749,49.84299],[5.51347,49.84369],[5.51098,49.84547],[5.507,49.84633],[5.50754,49.85062],[5.50425,49.85848],[5.51081,49.86026],[5.51679,49.86396],[5.52133,49.86397],[5.5259,49.86876],[5.52936,49.87012]]]}},{"type":"Feature","id":"84050","bbox":[5.042324,49.825354,5.20152,49.993198],"properties":{"nis":"84050","name":"Paliseul","nameNl":"Paliseul","nameFr":"Paliseul","nameDe":"Paliseul","province":"luxembourg","region":"wallonia","areaKm2":110.96},"geometry":{"type":"Polygon","coordinates":[[[5.18906,49.93152],[5.18622,49.93428],[5.18215,49.93384],[5.17589,49.93494],[5.1797,49.9381],[5.18726,49.94264],[5.19378,49.94578],[5.19353,49.94952],[5.19132,49.95071],[5.1914,49.95395],[5.18777,49.95708],[5.18452,49.95818],[5.18641,49.96174],[5.19184,49.96298],[5.19583,49.96466],[5.19245,49.96837],[5.19033,49.96932],[5.19353,49.97273],[5.19189,49.97475],[5.18807,49.97367],[5.18243,49.97906],[5.18232,49.98087],[5.17962,49.98388],[5.17368,49.98614],[5.17077,49.99025],[5.16501,49.98844],[5.1676,49.9835],[5.1663,49.98267],[5.16228,49.98385],[5.16081,49.98535],[5.15623,49.98404],[5.16083,49.97963],[5.15214,49.97751],[5.14624,49.98314],[5.14276,49.98458],[5.14367,49.98876],[5.13786,49.98891],[5.14087,49.99061],[5.14065,49.99237],[5.13732,49.99187],[5.13506,49.98991],[5.13526,49.98831],[5.13841,49.98624],[5.13402,49.98299],[5.13227,49.97878],[5.12886,49.9807],[5.12586,49.97972],[5.12168,49.9826],[5.11357,49.97948],[5.10814,49.97811],[5.11096,49.97677],[5.11202,49.97376],[5.11076,49.97147],[5.10567,49.96976],[5.10284,49.96994],[5.1008,49.96859],[5.10094,49.96518],[5.09961,49.96183],[5.10236,49.96057],[5.10024,49.95617],[5.10248,49.95127],[5.10261,49.94661],[5.09922,49.94299],[5.09837,49.93677],[5.1032,49.931],[5.11019,49.92739],[5.11159,49.9244],[5.1196,49.92243],[5.11367,49.92003],[5.11108,49.92068],[5.10265,49.92001],[5.09837,49.92047],[5.09117,49.91877],[5.0874,49.91696],[5.08663,49.9151],[5.08124,49.91286],[5.07415,49.91306],[5.072,49.91252],[5.07042,49.91008],[5.06559,49.9066],[5.06472,49.90474],[5.06565,49.90203],[5.0572,49.89738],[5.05226,49.89811],[5.04731,49.89773],[5.04232,49.89229],[5.04879,49.89],[5.04818,49.88819],[5.06263,49.88633],[5.05551,49.88142],[5.052,49.88079],[5.04741,49.8786],[5.05003,49.87635],[5.05944,49.8812],[5.06265,49.88366],[5.06498,49.8832],[5.0674,49.87921],[5.06384,49.87506],[5.07264,49.87345],[5.07861,49.87108],[5.0804,49.87119],[5.08354,49.86811],[5.0875,49.86775],[5.09082,49.86252],[5.08778,49.86245],[5.09261,49.85894],[5.09634,49.85318],[5.09422,49.85153],[5.09829,49.85002],[5.11239,49.84908],[5.11828,49.85005],[5.12248,49.85005],[5.12384,49.8487],[5.12987,49.84708],[5.1307,49.84331],[5.13489,49.84275],[5.13454,49.84416],[5.13773,49.84318],[5.14229,49.84466],[5.14036,49.84641],[5.13773,49.84639],[5.13773,49.8496],[5.14139,49.85196],[5.13998,49.84802],[5.14443,49.84528],[5.14477,49.8438],[5.14174,49.84252],[5.14692,49.84121],[5.1471,49.83827],[5.15049,49.83701],[5.15027,49.83285],[5.15319,49.82993],[5.16081,49.8293],[5.16435,49.82535],[5.16435,49.83069],[5.16921,49.83072],[5.172,49.83333],[5.17457,49.83363],[5.17816,49.83597],[5.18211,49.83514],[5.18138,49.83989],[5.18398,49.83946],[5.18541,49.84158],[5.18925,49.8424],[5.187,49.84307],[5.18413,49.84743],[5.18326,49.85406],[5.1927,49.85868],[5.19344,49.86139],[5.19149,49.86776],[5.1926,49.87365],[5.19465,49.87609],[5.19304,49.8782],[5.19787,49.87977],[5.19522,49.88275],[5.19594,49.88428],[5.20152,49.88531],[5.1999,49.8889],[5.19552,49.89255],[5.1884,49.89506],[5.17905,49.89953],[5.17817,49.90094],[5.17325,49.9025],[5.17134,49.90443],[5.17069,49.90057],[5.1662,49.89722],[5.16235,49.9],[5.16611,49.90018],[5.16469,49.90701],[5.16863,49.90757],[5.16997,49.90614],[5.17204,49.90699],[5.16873,49.90958],[5.17234,49.91522],[5.17632,49.91932],[5.18096,49.92004],[5.18166,49.92553],[5.18782,49.92848],[5.18906,49.93152]]]}},{"type":"Feature","id":"84059","bbox":[5.229158,49.979747,5.460338,50.09592],"properties":{"nis":"84059","name":"Saint-Hubert","nameNl":"Saint-Hubert","nameFr":"Saint-Hubert","nameDe":"Saint-Hubert","province":"luxembourg","region":"wallonia","areaKm2":111.63},"geometry":{"type":"Polygon","coordinates":[[[5.46034,50.02519],[5.45443,50.02477],[5.45066,50.02326],[5.44461,50.02297],[5.43921,50.02512],[5.43076,50.03058],[5.4275,50.03065],[5.42697,50.03261],[5.42865,50.03503],[5.42365,50.03932],[5.42172,50.04231],[5.4148,50.04664],[5.41791,50.04886],[5.41364,50.0478],[5.41187,50.05183],[5.40544,50.06045],[5.40571,50.06498],[5.40186,50.0665],[5.40059,50.06868],[5.39695,50.06986],[5.39193,50.07359],[5.39024,50.07852],[5.388,50.07983],[5.37843,50.08936],[5.37418,50.09054],[5.36719,50.09408],[5.36141,50.09592],[5.3538,50.09425],[5.34926,50.0925],[5.34283,50.09177],[5.3332,50.09332],[5.33132,50.09467],[5.33087,50.09163],[5.32767,50.08956],[5.3221,50.08897],[5.32353,50.08537],[5.31662,50.08557],[5.31514,50.08209],[5.30966,50.08182],[5.30096,50.07871],[5.2974,50.07926],[5.29456,50.0746],[5.28723,50.07476],[5.27849,50.07333],[5.27155,50.07029],[5.27032,50.07097],[5.26663,50.06716],[5.26688,50.0651],[5.2651,50.06277],[5.25937,50.06184],[5.25534,50.05919],[5.25239,50.06018],[5.25021,50.05928],[5.24838,50.0555],[5.24931,50.05475],[5.24483,50.05275],[5.24333,50.04966],[5.23241,50.04293],[5.2318,50.04109],[5.23446,50.03826],[5.22916,50.03745],[5.23143,50.03255],[5.2307,50.031],[5.23856,50.03312],[5.23543,50.03593],[5.2375,50.0378],[5.24705,50.03735],[5.25158,50.03756],[5.27019,50.03595],[5.27145,50.03556],[5.2703,50.03251],[5.27489,50.03036],[5.2756,50.02812],[5.2744,50.02521],[5.27612,50.02268],[5.28103,50.02231],[5.28062,50.01801],[5.28211,50.01487],[5.27887,50.01252],[5.28042,50.01112],[5.28022,50.00651],[5.28424,50.00605],[5.28884,50.00762],[5.2897,50.0043],[5.28832,50.00319],[5.29706,50.00651],[5.30365,50.00791],[5.30498,50.00628],[5.3041,50.00372],[5.30697,50.00274],[5.3105,50.0031],[5.31137,50.00074],[5.31004,49.99963],[5.31501,49.99487],[5.31482,49.99302],[5.31722,49.992],[5.31795,49.98975],[5.32114,49.98779],[5.32057,49.98608],[5.3234,49.97976],[5.32693,49.98154],[5.33929,49.98355],[5.34442,49.98286],[5.34926,49.98513],[5.35335,49.98826],[5.35542,49.99165],[5.36103,49.99217],[5.36695,49.9983],[5.3689,49.99917],[5.37681,49.99458],[5.38031,49.99338],[5.39355,49.99399],[5.39926,49.9924],[5.39904,49.9914],[5.40923,49.99034],[5.41374,49.99171],[5.41724,49.99516],[5.43016,49.99949],[5.43501,50.00395],[5.4382,50.0125],[5.43655,50.01501],[5.44328,50.01978],[5.44651,50.02067],[5.46012,50.02189],[5.46034,50.02519]]]}},{"type":"Feature","id":"84068","bbox":[5.152411,50.025804,5.31662,50.110189],"properties":{"nis":"84068","name":"Tellin","nameNl":"Tellin","nameFr":"Tellin","nameDe":"Tellin","province":"luxembourg","region":"wallonia","areaKm2":56.82},"geometry":{"type":"Polygon","coordinates":[[[5.31662,50.08557],[5.31611,50.08841],[5.3122,50.09053],[5.31115,50.08831],[5.30818,50.08846],[5.30376,50.09066],[5.3016,50.09025],[5.29598,50.0948],[5.29426,50.09429],[5.28971,50.09855],[5.29153,50.09988],[5.28418,50.10264],[5.2782,50.10362],[5.2634,50.10854],[5.26257,50.10853],[5.25886,50.11014],[5.24932,50.10931],[5.23647,50.11017],[5.22666,50.10767],[5.22687,50.10218],[5.20732,50.09913],[5.20018,50.09679],[5.19919,50.10005],[5.19706,50.09812],[5.19175,50.09849],[5.18827,50.09777],[5.18863,50.1008],[5.18096,50.10072],[5.17745,50.10008],[5.15837,50.10034],[5.15861,50.09789],[5.15593,50.09627],[5.15241,50.09666],[5.15271,50.09441],[5.16049,50.0922],[5.16042,50.08483],[5.15852,50.08362],[5.16261,50.07729],[5.16664,50.07617],[5.16763,50.07347],[5.16946,50.07262],[5.16953,50.06956],[5.17101,50.06615],[5.17088,50.06224],[5.17335,50.05528],[5.17511,50.05488],[5.17476,50.05119],[5.17821,50.04507],[5.17905,50.03628],[5.19731,50.03821],[5.20125,50.03638],[5.20977,50.03596],[5.21202,50.03289],[5.21845,50.03151],[5.2283,50.0258],[5.2307,50.031],[5.23143,50.03255],[5.22916,50.03745],[5.23446,50.03826],[5.2318,50.04109],[5.23241,50.04293],[5.24333,50.04966],[5.24483,50.05275],[5.24931,50.05475],[5.24838,50.0555],[5.25021,50.05928],[5.25239,50.06018],[5.25534,50.05919],[5.25937,50.06184],[5.2651,50.06277],[5.26688,50.0651],[5.26663,50.06716],[5.27032,50.07097],[5.27155,50.07029],[5.27849,50.07333],[5.28723,50.07476],[5.29456,50.0746],[5.2974,50.07926],[5.30096,50.07871],[5.30966,50.08182],[5.31514,50.08209],[5.31662,50.08557]]]}},{"type":"Feature","id":"84075","bbox":[5.010974,50.01599,5.178206,50.122784],"properties":{"nis":"84075","name":"Wellin","nameNl":"Wellin","nameFr":"Wellin","nameDe":"Wellin","province":"luxembourg","region":"wallonia","areaKm2":67.58},"geometry":{"type":"Polygon","coordinates":[[[5.0657,50.12278],[5.05925,50.10814],[5.0594,50.10386],[5.05474,50.09971],[5.05683,50.09437],[5.05536,50.09306],[5.05259,50.08774],[5.05389,50.08602],[5.0527,50.08366],[5.05457,50.0816],[5.06087,50.08012],[5.06058,50.07764],[5.05841,50.07509],[5.05381,50.07736],[5.04917,50.07787],[5.04858,50.07613],[5.05217,50.07504],[5.05448,50.07321],[5.05265,50.07025],[5.05388,50.06767],[5.05184,50.06703],[5.05082,50.0643],[5.0463,50.06101],[5.04208,50.06154],[5.04351,50.05753],[5.04146,50.05312],[5.03569,50.05214],[5.03282,50.05057],[5.02864,50.04997],[5.02904,50.04807],[5.02536,50.04381],[5.01644,50.042],[5.01097,50.03798],[5.01746,50.03549],[5.01873,50.03396],[5.02664,50.03082],[5.0337,50.03001],[5.0361,50.02714],[5.04867,50.02597],[5.05178,50.02516],[5.05545,50.02291],[5.05524,50.0213],[5.06996,50.01953],[5.07246,50.01825],[5.08062,50.01756],[5.08373,50.01599],[5.08636,50.01636],[5.0859,50.01927],[5.08739,50.02161],[5.09022,50.02306],[5.09646,50.02424],[5.10165,50.02332],[5.10446,50.02427],[5.11017,50.02471],[5.11252,50.02741],[5.11748,50.02755],[5.12616,50.03166],[5.12669,50.03373],[5.12518,50.03868],[5.12937,50.04027],[5.13342,50.0389],[5.13786,50.03879],[5.14013,50.04203],[5.13773,50.04374],[5.14132,50.04555],[5.14581,50.04576],[5.14944,50.04409],[5.15798,50.0447],[5.16128,50.04552],[5.1632,50.04402],[5.16775,50.0427],[5.17821,50.04507],[5.17476,50.05119],[5.17511,50.05488],[5.17335,50.05528],[5.17088,50.06224],[5.17101,50.06615],[5.16953,50.06956],[5.16946,50.07262],[5.16763,50.07347],[5.16664,50.07617],[5.16261,50.07729],[5.15852,50.08362],[5.16042,50.08483],[5.16049,50.0922],[5.15271,50.09441],[5.14713,50.09488],[5.13647,50.0944],[5.13386,50.09564],[5.13235,50.09883],[5.12531,50.09791],[5.12323,50.09972],[5.11577,50.0988],[5.09687,50.09499],[5.08239,50.09421],[5.08209,50.0951],[5.07169,50.09345],[5.06951,50.09895],[5.06497,50.10335],[5.06146,50.10531],[5.06032,50.10764],[5.06655,50.11471],[5.06815,50.11736],[5.06583,50.1188],[5.06841,50.1224],[5.0657,50.12278]]]}},{"type":"Feature","id":"84077","bbox":[5.291465,49.875154,5.553212,50.025186],"properties":{"nis":"84077","name":"Libramont-Chevigny","nameNl":"Libramont-Chevigny","nameFr":"Libramont-Chevigny","nameDe":"Libramont-Chevigny","province":"luxembourg","region":"wallonia","areaKm2":178.53},"geometry":{"type":"Polygon","coordinates":[[[5.54925,49.96631],[5.5446,49.96768],[5.53447,49.9662],[5.52979,49.96879],[5.53029,49.97434],[5.53201,49.97592],[5.5299,49.97759],[5.52627,49.98327],[5.52114,49.98737],[5.50603,49.99423],[5.50013,49.99807],[5.4906,50.00206],[5.48939,50.00403],[5.48912,50.00921],[5.48706,50.01315],[5.48971,50.01536],[5.49091,50.01857],[5.49519,50.02186],[5.48698,50.0239],[5.48336,50.02409],[5.47654,50.02331],[5.4644,50.0251],[5.46034,50.02519],[5.46012,50.02189],[5.44651,50.02067],[5.44328,50.01978],[5.43655,50.01501],[5.4382,50.0125],[5.43501,50.00395],[5.43016,49.99949],[5.41724,49.99516],[5.41374,49.99171],[5.40923,49.99034],[5.39904,49.9914],[5.39926,49.9924],[5.39355,49.99399],[5.38031,49.99338],[5.37681,49.99458],[5.3689,49.99917],[5.36695,49.9983],[5.36103,49.99217],[5.35542,49.99165],[5.35335,49.98826],[5.34926,49.98513],[5.34442,49.98286],[5.33929,49.98355],[5.32693,49.98154],[5.3234,49.97976],[5.32582,49.97442],[5.32905,49.97267],[5.32703,49.97117],[5.3274,49.96774],[5.33034,49.96561],[5.32633,49.96034],[5.32689,49.95887],[5.32394,49.9572],[5.32288,49.95399],[5.32368,49.95111],[5.32667,49.94695],[5.32526,49.93347],[5.32646,49.93014],[5.3295,49.9262],[5.32982,49.92232],[5.3276,49.9204],[5.32585,49.91627],[5.32264,49.91431],[5.31751,49.91264],[5.29836,49.91323],[5.29784,49.91111],[5.29146,49.90775],[5.29425,49.90606],[5.29464,49.90116],[5.3,49.89619],[5.30082,49.89087],[5.30301,49.88743],[5.30559,49.88662],[5.31958,49.88662],[5.31816,49.88347],[5.32097,49.88429],[5.32486,49.8874],[5.32961,49.88711],[5.33375,49.88567],[5.34144,49.88772],[5.34499,49.88688],[5.34823,49.8827],[5.36331,49.87515],[5.36731,49.87594],[5.37591,49.87658],[5.38635,49.88124],[5.39022,49.88343],[5.39342,49.88413],[5.39833,49.8866],[5.39747,49.88739],[5.40656,49.88991],[5.40946,49.88977],[5.41271,49.89173],[5.41888,49.89282],[5.42027,49.89168],[5.4311,49.89372],[5.43014,49.89501],[5.43685,49.89902],[5.43879,49.90089],[5.44392,49.90057],[5.44871,49.89909],[5.45207,49.8971],[5.4543,49.89791],[5.46578,49.89737],[5.4676,49.89914],[5.47356,49.90038],[5.47862,49.90236],[5.48544,49.90272],[5.49072,49.90235],[5.49516,49.90303],[5.49716,49.90325],[5.50555,49.91057],[5.50645,49.91205],[5.51602,49.91974],[5.51737,49.92412],[5.52507,49.92822],[5.52798,49.93118],[5.52485,49.93225],[5.52316,49.93415],[5.52513,49.9378],[5.52433,49.94009],[5.52723,49.9435],[5.5307,49.94592],[5.53507,49.94577],[5.54884,49.94884],[5.54963,49.95211],[5.55321,49.95258],[5.54211,49.96209],[5.54925,49.96631]]]}},{"type":"Feature","id":"85007","bbox":[5.308887,49.652236,5.482044,49.790468],"properties":{"nis":"85007","name":"Chiny","nameNl":"Chiny","nameFr":"Chiny","nameDe":"Chiny","province":"luxembourg","region":"wallonia","areaKm2":113.59},"geometry":{"type":"Polygon","coordinates":[[[5.43979,49.78327],[5.43102,49.78297],[5.42743,49.78225],[5.41694,49.78545],[5.41367,49.78544],[5.41165,49.79047],[5.41321,49.7845],[5.40938,49.78454],[5.40413,49.78136],[5.39918,49.77946],[5.39448,49.77894],[5.39507,49.78061],[5.39099,49.78055],[5.39302,49.77722],[5.36278,49.77518],[5.36345,49.77743],[5.35761,49.77794],[5.34969,49.77582],[5.34022,49.77631],[5.33557,49.77922],[5.3265,49.77484],[5.30889,49.74354],[5.3162,49.74518],[5.31917,49.74266],[5.31838,49.73939],[5.3165,49.73725],[5.32154,49.73575],[5.32016,49.73254],[5.31551,49.72946],[5.31432,49.72682],[5.32095,49.72285],[5.32233,49.72116],[5.32174,49.71487],[5.32777,49.71518],[5.33242,49.7177],[5.33617,49.71732],[5.33696,49.71355],[5.34266,49.71183],[5.34161,49.71029],[5.34434,49.70991],[5.34399,49.70822],[5.35426,49.70242],[5.35596,49.70036],[5.36054,49.69821],[5.35859,49.69745],[5.35706,49.69418],[5.35303,49.69206],[5.351,49.68803],[5.34824,49.68726],[5.34705,49.68424],[5.34141,49.68154],[5.34121,49.67852],[5.33934,49.67808],[5.34052,49.6745],[5.33815,49.66928],[5.3338,49.66789],[5.33489,49.66387],[5.33825,49.65959],[5.3428,49.65733],[5.35377,49.65752],[5.36366,49.66029],[5.36395,49.66343],[5.36939,49.66896],[5.36989,49.66324],[5.37335,49.66211],[5.38264,49.66142],[5.38541,49.65878],[5.39144,49.6579],[5.39272,49.65224],[5.40142,49.65507],[5.40795,49.65783],[5.41348,49.65903],[5.41655,49.66098],[5.43424,49.66087],[5.43444,49.66322],[5.43818,49.66314],[5.43909,49.66718],[5.44516,49.66715],[5.44943,49.66823],[5.44787,49.67216],[5.44914,49.67525],[5.4477,49.67758],[5.4492,49.68009],[5.44627,49.68253],[5.44642,49.68659],[5.44926,49.69058],[5.4574,49.69129],[5.46005,49.69063],[5.46051,49.69263],[5.45883,49.69424],[5.46098,49.69637],[5.46543,49.69644],[5.46802,49.69784],[5.46589,49.6999],[5.46864,49.70061],[5.46884,49.70408],[5.47095,49.70512],[5.47203,49.70333],[5.47433,49.70519],[5.47762,49.70284],[5.48056,49.70543],[5.48047,49.71146],[5.47518,49.71418],[5.47532,49.71603],[5.47104,49.71735],[5.46967,49.71662],[5.46776,49.72224],[5.46423,49.72281],[5.46151,49.72479],[5.46228,49.72587],[5.44729,49.72822],[5.44835,49.73228],[5.45759,49.74431],[5.43026,49.75932],[5.42667,49.7593],[5.4283,49.7613],[5.42088,49.76096],[5.41732,49.76363],[5.42789,49.76802],[5.43012,49.7711],[5.42436,49.77284],[5.42505,49.77603],[5.43241,49.78201],[5.43979,49.78327]]]}},{"type":"Feature","id":"85009","bbox":[5.527507,49.621347,5.699307,49.711431],"properties":{"nis":"85009","name":"Étalle","nameNl":"Étalle","nameFr":"Étalle","nameDe":"Étalle","province":"luxembourg","region":"wallonia","areaKm2":79.15},"geometry":{"type":"Polygon","coordinates":[[[5.69363,49.64579],[5.69814,49.65064],[5.69818,49.65502],[5.69931,49.65686],[5.69532,49.65724],[5.69586,49.66055],[5.69411,49.66626],[5.68984,49.66966],[5.68852,49.67217],[5.68747,49.67797],[5.68432,49.67954],[5.68388,49.6824],[5.68207,49.68311],[5.67846,49.68733],[5.67472,49.68968],[5.66907,49.68919],[5.66136,49.69056],[5.6527,49.69033],[5.65087,49.69113],[5.64752,49.68926],[5.64597,49.69095],[5.63886,49.69005],[5.6261,49.69266],[5.62266,49.69442],[5.61711,49.69353],[5.61327,49.69392],[5.60881,49.69547],[5.60416,49.69552],[5.60281,49.69704],[5.59912,49.69662],[5.59733,49.70254],[5.59729,49.70727],[5.59905,49.70971],[5.59564,49.71097],[5.59296,49.70991],[5.58978,49.71143],[5.58781,49.71008],[5.58433,49.71129],[5.58196,49.70985],[5.57476,49.70991],[5.5716,49.70828],[5.56603,49.70856],[5.56246,49.70706],[5.55494,49.70641],[5.54433,49.70361],[5.52851,49.70099],[5.52991,49.69885],[5.53116,49.69982],[5.53513,49.69727],[5.53678,49.69779],[5.53829,49.69565],[5.54405,49.69359],[5.54728,49.69044],[5.54757,49.68802],[5.5518,49.68845],[5.5558,49.68628],[5.55662,49.68352],[5.54968,49.68078],[5.54574,49.67564],[5.55015,49.66985],[5.54868,49.66834],[5.54905,49.66164],[5.55,49.66015],[5.54772,49.6575],[5.5386,49.65663],[5.53276,49.6572],[5.53131,49.65464],[5.5317,49.65072],[5.53325,49.64876],[5.53318,49.64466],[5.53588,49.64149],[5.53631,49.63839],[5.53936,49.63337],[5.53864,49.63123],[5.54221,49.62795],[5.54921,49.62513],[5.55391,49.62405],[5.56707,49.62299],[5.57465,49.62135],[5.57621,49.62639],[5.57278,49.63029],[5.57211,49.6332],[5.57266,49.6377],[5.57558,49.63937],[5.57821,49.63843],[5.58583,49.63846],[5.58727,49.63671],[5.59182,49.63478],[5.5908,49.6301],[5.59346,49.62716],[5.5985,49.62738],[5.60219,49.62561],[5.60689,49.62582],[5.60888,49.62406],[5.61265,49.62337],[5.61953,49.62457],[5.62231,49.62415],[5.62704,49.62684],[5.62908,49.62696],[5.63366,49.62756],[5.63675,49.62702],[5.63977,49.62956],[5.645,49.63162],[5.64123,49.63596],[5.64146,49.63982],[5.64891,49.64224],[5.65047,49.64516],[5.65297,49.64341],[5.65824,49.6415],[5.6636,49.63662],[5.66698,49.63749],[5.66832,49.63565],[5.67211,49.63428],[5.6729,49.63106],[5.67868,49.63488],[5.68662,49.64227],[5.69121,49.64368],[5.69363,49.64579]]]}},{"type":"Feature","id":"85011","bbox":[5.147088,49.610778,5.42495,49.781272],"properties":{"nis":"85011","name":"Florenville","nameNl":"Florenville","nameFr":"Florenville","nameDe":"Florenville","province":"luxembourg","region":"wallonia","areaKm2":147.69},"geometry":{"type":"Polygon","coordinates":[[[5.33557,49.77922],[5.32569,49.78127],[5.31897,49.77939],[5.30988,49.77882],[5.30736,49.77785],[5.29727,49.78047],[5.29484,49.77754],[5.29145,49.7762],[5.29032,49.77248],[5.28568,49.76968],[5.28565,49.76739],[5.28355,49.76486],[5.27931,49.76391],[5.2762,49.75993],[5.26817,49.75998],[5.26845,49.76505],[5.26321,49.76511],[5.26025,49.76341],[5.256,49.76379],[5.25303,49.76731],[5.24858,49.7675],[5.2467,49.7692],[5.24789,49.77102],[5.24473,49.77215],[5.23949,49.77077],[5.23583,49.76838],[5.23286,49.77002],[5.23128,49.7748],[5.22891,49.7746],[5.22991,49.7692],[5.22921,49.76339],[5.22961,49.7598],[5.22812,49.75938],[5.22493,49.76147],[5.22505,49.76637],[5.22224,49.77165],[5.21678,49.77458],[5.21118,49.77238],[5.20607,49.7731],[5.20409,49.77473],[5.19824,49.77551],[5.18543,49.77547],[5.18644,49.76916],[5.18497,49.76772],[5.18042,49.76605],[5.17321,49.76442],[5.16983,49.76144],[5.16375,49.76072],[5.15483,49.7584],[5.15548,49.75653],[5.15367,49.75249],[5.15539,49.75055],[5.15257,49.74719],[5.15268,49.74388],[5.1557,49.74158],[5.15553,49.7377],[5.15822,49.73533],[5.15689,49.73231],[5.15909,49.72827],[5.15104,49.73104],[5.14711,49.72786],[5.1485,49.72405],[5.15099,49.72221],[5.15309,49.71859],[5.15895,49.7169],[5.1633,49.71299],[5.16603,49.71175],[5.16657,49.70752],[5.16381,49.70032],[5.16489,49.69613],[5.16417,49.69345],[5.17371,49.69322],[5.1806,49.69453],[5.18708,49.69351],[5.19158,49.69474],[5.19641,49.69367],[5.19594,49.69195],[5.20063,49.69253],[5.20574,49.69631],[5.20829,49.69543],[5.21165,49.69207],[5.21812,49.68765],[5.22829,49.69126],[5.23211,49.6916],[5.23496,49.69026],[5.24303,49.68917],[5.24275,49.68537],[5.24697,49.68655],[5.25063,49.68863],[5.25603,49.69407],[5.26419,49.69505],[5.26851,49.69657],[5.28119,49.68906],[5.28126,49.68588],[5.28387,49.68573],[5.28425,49.68393],[5.29008,49.68111],[5.29356,49.67718],[5.30912,49.67201],[5.31114,49.66947],[5.31615,49.66667],[5.32558,49.65943],[5.32872,49.65831],[5.33237,49.65402],[5.33243,49.65263],[5.32701,49.64982],[5.31814,49.6464],[5.31729,49.64387],[5.31252,49.63878],[5.30882,49.63672],[5.30885,49.63519],[5.30501,49.63029],[5.30565,49.6255],[5.30468,49.62459],[5.30773,49.62063],[5.31061,49.61885],[5.31176,49.6162],[5.31211,49.61165],[5.31351,49.61078],[5.32019,49.61488],[5.3222,49.61401],[5.32594,49.61623],[5.33037,49.61682],[5.33682,49.61554],[5.34044,49.61668],[5.34003,49.61843],[5.34354,49.62198],[5.34337,49.62593],[5.34753,49.63124],[5.35214,49.63098],[5.3547,49.62862],[5.36322,49.62498],[5.36381,49.62321],[5.37008,49.62266],[5.37522,49.62333],[5.38213,49.62018],[5.38901,49.61867],[5.39338,49.61835],[5.39455,49.62001],[5.40327,49.62538],[5.4058,49.62923],[5.40745,49.62944],[5.41318,49.62746],[5.41654,49.62959],[5.41734,49.63325],[5.41922,49.63589],[5.4205,49.64186],[5.42495,49.64727],[5.41961,49.65331],[5.41655,49.66098],[5.41348,49.65903],[5.40795,49.65783],[5.40142,49.65507],[5.39272,49.65224],[5.39144,49.6579],[5.38541,49.65878],[5.38264,49.66142],[5.37335,49.66211],[5.36989,49.66324],[5.36939,49.66896],[5.36395,49.66343],[5.36366,49.66029],[5.35377,49.65752],[5.3428,49.65733],[5.33825,49.65959],[5.33489,49.66387],[5.3338,49.66789],[5.33815,49.66928],[5.34052,49.6745],[5.33934,49.67808],[5.34121,49.67852],[5.34141,49.68154],[5.34705,49.68424],[5.34824,49.68726],[5.351,49.68803],[5.35303,49.69206],[5.35706,49.69418],[5.35859,49.69745],[5.36054,49.69821],[5.35596,49.70036],[5.35426,49.70242],[5.34399,49.70822],[5.34434,49.70991],[5.34161,49.71029],[5.34266,49.71183],[5.33696,49.71355],[5.33617,49.71732],[5.33242,49.7177],[5.32777,49.71518],[5.32174,49.71487],[5.32233,49.72116],[5.32095,49.72285],[5.31432,49.72682],[5.31551,49.72946],[5.32016,49.73254],[5.32154,49.73575],[5.3165,49.73725],[5.31838,49.73939],[5.31917,49.74266],[5.3162,49.74518],[5.30889,49.74354],[5.3265,49.77484],[5.33557,49.77922]]]}},{"type":"Feature","id":"85024","bbox":[5.375221,49.563701,5.533126,49.639917],"properties":{"nis":"85024","name":"Meix-devant-Virton","nameNl":"Meix-devant-Virton","nameFr":"Meix-devant-Virton","nameDe":"Meix-devant-Virton","province":"luxembourg","region":"wallonia","areaKm2":54.82},"geometry":{"type":"Polygon","coordinates":[[[5.41654,49.62959],[5.41318,49.62746],[5.40745,49.62944],[5.4058,49.62923],[5.40327,49.62538],[5.39455,49.62001],[5.39338,49.61835],[5.38901,49.61867],[5.38213,49.62018],[5.37522,49.62333],[5.38191,49.61963],[5.38651,49.61927],[5.39334,49.61767],[5.39809,49.61585],[5.40076,49.61094],[5.40228,49.60989],[5.40837,49.6093],[5.41121,49.60828],[5.41821,49.59984],[5.4234,49.59895],[5.42706,49.59716],[5.43114,49.59251],[5.42879,49.59017],[5.42934,49.58783],[5.43299,49.58188],[5.43767,49.56994],[5.4437,49.56761],[5.44826,49.56706],[5.45707,49.567],[5.46379,49.56371],[5.4691,49.56454],[5.47066,49.56723],[5.47763,49.56481],[5.48273,49.56584],[5.48531,49.56806],[5.48327,49.56961],[5.48347,49.5727],[5.48614,49.57446],[5.49271,49.57492],[5.49414,49.57365],[5.49575,49.56888],[5.49719,49.56778],[5.50244,49.56795],[5.50368,49.57022],[5.50772,49.56907],[5.50874,49.57001],[5.51179,49.56877],[5.51381,49.57063],[5.51549,49.57527],[5.5134,49.57822],[5.51456,49.58048],[5.51795,49.58344],[5.52288,49.58517],[5.52449,49.58805],[5.52386,49.58961],[5.52826,49.59302],[5.52414,49.59588],[5.52757,49.59717],[5.52863,49.60308],[5.53313,49.60472],[5.53274,49.60843],[5.5282,49.61029],[5.52245,49.60997],[5.52172,49.61278],[5.52255,49.61605],[5.53054,49.61936],[5.52832,49.61952],[5.53019,49.62249],[5.52863,49.62714],[5.52509,49.63112],[5.52362,49.63081],[5.52108,49.63364],[5.51761,49.63479],[5.51114,49.63473],[5.50046,49.63255],[5.49597,49.63381],[5.49233,49.63209],[5.49224,49.63082],[5.48652,49.62734],[5.48411,49.62826],[5.48418,49.63158],[5.48245,49.63389],[5.47686,49.63195],[5.47156,49.63103],[5.46816,49.63123],[5.46073,49.63355],[5.45776,49.63149],[5.45201,49.63261],[5.45008,49.63437],[5.44886,49.63915],[5.44681,49.63989],[5.44167,49.63779],[5.43811,49.63549],[5.4338,49.635],[5.4286,49.633],[5.42714,49.63137],[5.42185,49.63154],[5.41654,49.62959]]]}},{"type":"Feature","id":"85026","bbox":[5.616556,49.538826,5.734722,49.60779],"properties":{"nis":"85026","name":"Musson","nameNl":"Musson","nameFr":"Musson","nameDe":"Musson","province":"luxembourg","region":"wallonia","areaKm2":35.16},"geometry":{"type":"Polygon","coordinates":[[[5.63556,49.54485],[5.64342,49.54692],[5.64264,49.55044],[5.64841,49.54998],[5.65086,49.55126],[5.65235,49.55026],[5.65901,49.55193],[5.66084,49.55361],[5.66435,49.55312],[5.6693,49.54826],[5.67306,49.54905],[5.67933,49.54886],[5.68207,49.54798],[5.68112,49.54541],[5.69063,49.54623],[5.69489,49.54327],[5.69963,49.5425],[5.69913,49.54058],[5.70497,49.53883],[5.71375,49.54076],[5.715,49.53918],[5.71887,49.53946],[5.72344,49.54145],[5.72406,49.54418],[5.72618,49.54375],[5.73402,49.54546],[5.73158,49.54875],[5.729,49.54976],[5.72725,49.56304],[5.72786,49.56894],[5.73229,49.57158],[5.73185,49.5774],[5.73355,49.5803],[5.7324,49.58146],[5.72799,49.5795],[5.7233,49.57919],[5.72123,49.57683],[5.71355,49.57811],[5.70437,49.58175],[5.70522,49.5855],[5.70731,49.58783],[5.70452,49.596],[5.70687,49.59788],[5.70364,49.59945],[5.7051,49.60658],[5.69972,49.60533],[5.69748,49.60211],[5.69512,49.60263],[5.69655,49.60655],[5.69282,49.60748],[5.68665,49.60205],[5.68269,49.60279],[5.67767,49.59885],[5.67746,49.59734],[5.6812,49.59436],[5.68234,49.59207],[5.67926,49.58914],[5.67452,49.58692],[5.66958,49.58649],[5.66124,49.58815],[5.65807,49.59033],[5.65396,49.5907],[5.64902,49.58819],[5.64758,49.58968],[5.64553,49.58828],[5.63956,49.59244],[5.63669,49.59063],[5.6346,49.59352],[5.63607,49.59466],[5.63419,49.59638],[5.63174,49.59489],[5.62822,49.5973],[5.62271,49.598],[5.62209,49.60009],[5.62458,49.60276],[5.61939,49.60063],[5.6178,49.59886],[5.61656,49.59413],[5.62062,49.59429],[5.6208,49.5913],[5.62384,49.59188],[5.62587,49.58817],[5.6296,49.58451],[5.6363,49.58399],[5.63592,49.58138],[5.6377,49.57788],[5.64418,49.57321],[5.6438,49.57109],[5.63964,49.56494],[5.63176,49.56009],[5.62947,49.56033],[5.62698,49.5585],[5.62617,49.55449],[5.6285,49.55133],[5.63048,49.54693],[5.63295,49.54704],[5.63556,49.54485]]]}},{"type":"Feature","id":"85034","bbox":[5.615437,49.586491,5.743138,49.646211],"properties":{"nis":"85034","name":"Saint-Léger","nameNl":"Saint-Léger","nameFr":"Saint-Léger","nameDe":"Zillig","province":"luxembourg","region":"wallonia","areaKm2":36.11},"geometry":{"type":"Polygon","coordinates":[[[5.7051,49.60658],[5.70444,49.61045],[5.7098,49.61043],[5.71135,49.60877],[5.71397,49.6091],[5.7177,49.60795],[5.71932,49.61011],[5.72861,49.61176],[5.73196,49.61667],[5.73654,49.61987],[5.73289,49.62048],[5.7379,49.62373],[5.74314,49.62552],[5.7396,49.62669],[5.73795,49.63105],[5.73912,49.6355],[5.73651,49.63661],[5.73787,49.63938],[5.73533,49.64095],[5.73068,49.63696],[5.72825,49.64157],[5.71899,49.64282],[5.71591,49.64117],[5.71298,49.64144],[5.70921,49.64458],[5.70588,49.64579],[5.70015,49.64621],[5.69363,49.64579],[5.69121,49.64368],[5.68662,49.64227],[5.67868,49.63488],[5.6729,49.63106],[5.67211,49.63428],[5.66832,49.63565],[5.66698,49.63749],[5.6636,49.63662],[5.65824,49.6415],[5.65297,49.64341],[5.65047,49.64516],[5.64891,49.64224],[5.64146,49.63982],[5.64123,49.63596],[5.645,49.63162],[5.63977,49.62956],[5.63675,49.62702],[5.63366,49.62756],[5.62908,49.62696],[5.62674,49.62426],[5.6302,49.62114],[5.63083,49.61922],[5.62125,49.61765],[5.61843,49.61793],[5.61544,49.6157],[5.61672,49.61466],[5.61613,49.61021],[5.6182,49.60735],[5.62458,49.60276],[5.62209,49.60009],[5.62271,49.598],[5.62822,49.5973],[5.63174,49.59489],[5.63419,49.59638],[5.63607,49.59466],[5.6346,49.59352],[5.63669,49.59063],[5.63956,49.59244],[5.64553,49.58828],[5.64758,49.58968],[5.64902,49.58819],[5.65396,49.5907],[5.65807,49.59033],[5.66124,49.58815],[5.66958,49.58649],[5.67452,49.58692],[5.67926,49.58914],[5.68234,49.59207],[5.6812,49.59436],[5.67746,49.59734],[5.67767,49.59885],[5.68269,49.60279],[5.68665,49.60205],[5.69282,49.60748],[5.69655,49.60655],[5.69512,49.60263],[5.69748,49.60211],[5.69972,49.60533],[5.7051,49.60658]]]}},{"type":"Feature","id":"85039","bbox":[5.416538,49.619357,5.556657,49.783365],"properties":{"nis":"85039","name":"Tintigny","nameNl":"Tintigny","nameFr":"Tintigny","nameDe":"Tintigny","province":"luxembourg","region":"wallonia","areaKm2":81.57},"geometry":{"type":"Polygon","coordinates":[[[5.50094,49.73439],[5.49232,49.73961],[5.48298,49.7435],[5.47863,49.74782],[5.47822,49.75191],[5.46814,49.75664],[5.4663,49.75936],[5.45793,49.76719],[5.45688,49.76892],[5.45271,49.77081],[5.4494,49.77395],[5.4475,49.77878],[5.44804,49.7814],[5.43979,49.78327],[5.43241,49.78201],[5.42505,49.77603],[5.42436,49.77284],[5.43012,49.7711],[5.42789,49.76802],[5.41732,49.76363],[5.42088,49.76096],[5.4283,49.7613],[5.42667,49.7593],[5.43026,49.75932],[5.45759,49.74431],[5.44835,49.73228],[5.44729,49.72822],[5.46228,49.72587],[5.46151,49.72479],[5.46423,49.72281],[5.46776,49.72224],[5.46967,49.71662],[5.47104,49.71735],[5.47532,49.71603],[5.47518,49.71418],[5.48047,49.71146],[5.48056,49.70543],[5.47762,49.70284],[5.47433,49.70519],[5.47203,49.70333],[5.47095,49.70512],[5.46884,49.70408],[5.46864,49.70061],[5.46589,49.6999],[5.46802,49.69784],[5.46543,49.69644],[5.46098,49.69637],[5.45883,49.69424],[5.46051,49.69263],[5.46005,49.69063],[5.4574,49.69129],[5.44926,49.69058],[5.44642,49.68659],[5.44627,49.68253],[5.4492,49.68009],[5.4477,49.67758],[5.44914,49.67525],[5.44787,49.67216],[5.44943,49.66823],[5.44516,49.66715],[5.43909,49.66718],[5.43818,49.66314],[5.43444,49.66322],[5.43424,49.66087],[5.41655,49.66098],[5.41961,49.65331],[5.42495,49.64727],[5.4205,49.64186],[5.41922,49.63589],[5.41734,49.63325],[5.41654,49.62959],[5.42185,49.63154],[5.42714,49.63137],[5.4286,49.633],[5.4338,49.635],[5.43811,49.63549],[5.44167,49.63779],[5.44681,49.63989],[5.44886,49.63915],[5.45008,49.63437],[5.45201,49.63261],[5.45776,49.63149],[5.46073,49.63355],[5.46816,49.63123],[5.47156,49.63103],[5.47686,49.63195],[5.48245,49.63389],[5.48418,49.63158],[5.48411,49.62826],[5.48652,49.62734],[5.49224,49.63082],[5.49233,49.63209],[5.49597,49.63381],[5.50046,49.63255],[5.51114,49.63473],[5.51761,49.63479],[5.52108,49.63364],[5.52362,49.63081],[5.52509,49.63112],[5.52863,49.62714],[5.53019,49.62249],[5.52832,49.61952],[5.53054,49.61936],[5.53313,49.62003],[5.53143,49.62264],[5.53139,49.62509],[5.53609,49.62814],[5.53864,49.63123],[5.53936,49.63337],[5.53631,49.63839],[5.53588,49.64149],[5.53318,49.64466],[5.53325,49.64876],[5.5317,49.65072],[5.53131,49.65464],[5.53276,49.6572],[5.5386,49.65663],[5.54772,49.6575],[5.55,49.66015],[5.54905,49.66164],[5.54868,49.66834],[5.55015,49.66985],[5.54574,49.67564],[5.54968,49.68078],[5.55662,49.68352],[5.5558,49.68628],[5.5518,49.68845],[5.54757,49.68802],[5.54728,49.69044],[5.54405,49.69359],[5.53829,49.69565],[5.53678,49.69779],[5.53513,49.69727],[5.53116,49.69982],[5.52991,49.69885],[5.52851,49.70099],[5.52571,49.70091],[5.51882,49.70306],[5.5212,49.70671],[5.52031,49.70862],[5.5178,49.7086],[5.51509,49.71127],[5.50989,49.7128],[5.51225,49.71619],[5.51123,49.72295],[5.5083,49.72668],[5.50346,49.72871],[5.50082,49.73094],[5.50094,49.73439]]]}},{"type":"Feature","id":"85045","bbox":[5.500803,49.505968,5.644178,49.63943],"properties":{"nis":"85045","name":"Virton","nameNl":"Virton","nameFr":"Virton","nameDe":"Wirten","province":"luxembourg","region":"wallonia","areaKm2":95.39},"geometry":{"type":"Polygon","coordinates":[[[5.53354,49.51324],[5.53552,49.51463],[5.54111,49.51522],[5.54357,49.51738],[5.54526,49.52328],[5.55055,49.52719],[5.55655,49.52923],[5.56076,49.52746],[5.56084,49.52625],[5.56435,49.52551],[5.56621,49.52755],[5.57123,49.52795],[5.57419,49.52612],[5.58446,49.52359],[5.58857,49.52162],[5.59121,49.52292],[5.59884,49.51856],[5.60214,49.51548],[5.60088,49.51349],[5.60403,49.51207],[5.60356,49.50913],[5.61105,49.50597],[5.61299,49.50945],[5.61711,49.51421],[5.61812,49.51436],[5.62132,49.51901],[5.61913,49.52494],[5.61555,49.52723],[5.61992,49.53262],[5.6267,49.53752],[5.63314,49.53973],[5.63081,49.54203],[5.63439,49.5429],[5.63556,49.54485],[5.63295,49.54704],[5.63048,49.54693],[5.6285,49.55133],[5.62617,49.55449],[5.62698,49.5585],[5.62947,49.56033],[5.63176,49.56009],[5.63964,49.56494],[5.6438,49.57109],[5.64418,49.57321],[5.6377,49.57788],[5.63592,49.58138],[5.6363,49.58399],[5.6296,49.58451],[5.62587,49.58817],[5.62384,49.59188],[5.6208,49.5913],[5.62062,49.59429],[5.61656,49.59413],[5.6178,49.59886],[5.61939,49.60063],[5.62458,49.60276],[5.6182,49.60735],[5.61613,49.61021],[5.61672,49.61466],[5.61544,49.6157],[5.61843,49.61793],[5.62125,49.61765],[5.63083,49.61922],[5.6302,49.62114],[5.62674,49.62426],[5.62908,49.62696],[5.62704,49.62684],[5.62231,49.62415],[5.61953,49.62457],[5.61265,49.62337],[5.60888,49.62406],[5.60689,49.62582],[5.60219,49.62561],[5.5985,49.62738],[5.59346,49.62716],[5.5908,49.6301],[5.59182,49.63478],[5.58727,49.63671],[5.58583,49.63846],[5.57821,49.63843],[5.57558,49.63937],[5.57266,49.6377],[5.57211,49.6332],[5.57278,49.63029],[5.57621,49.62639],[5.57465,49.62135],[5.56707,49.62299],[5.55391,49.62405],[5.54921,49.62513],[5.54221,49.62795],[5.53864,49.63123],[5.53609,49.62814],[5.53139,49.62509],[5.53143,49.62264],[5.53313,49.62003],[5.53054,49.61936],[5.52255,49.61605],[5.52172,49.61278],[5.52245,49.60997],[5.5282,49.61029],[5.53274,49.60843],[5.53313,49.60472],[5.52863,49.60308],[5.52757,49.59717],[5.52414,49.59588],[5.52826,49.59302],[5.52386,49.58961],[5.52449,49.58805],[5.52288,49.58517],[5.51795,49.58344],[5.51456,49.58048],[5.5134,49.57822],[5.51549,49.57527],[5.51381,49.57063],[5.51179,49.56877],[5.50874,49.57001],[5.50772,49.56907],[5.50368,49.57022],[5.50244,49.56795],[5.5008,49.56536],[5.50388,49.56301],[5.50277,49.56126],[5.50974,49.56317],[5.50962,49.56123],[5.50647,49.55991],[5.50505,49.55679],[5.50263,49.55542],[5.50374,49.55385],[5.50104,49.55238],[5.50819,49.54852],[5.50587,49.54686],[5.5087,49.54255],[5.50833,49.54008],[5.51133,49.54012],[5.51249,49.53695],[5.51503,49.53437],[5.51539,49.52991],[5.51251,49.52933],[5.5174,49.52346],[5.51648,49.51897],[5.51992,49.51639],[5.5214,49.51326],[5.53354,49.51324]]]}},{"type":"Feature","id":"85046","bbox":[5.500648,49.687245,5.713182,49.783989],"properties":{"nis":"85046","name":"Habay","nameNl":"Habay","nameFr":"Habay","nameDe":"Habich","province":"luxembourg","region":"wallonia","areaKm2":103.11},"geometry":{"type":"Polygon","coordinates":[[[5.67846,49.68733],[5.6813,49.68757],[5.68237,49.68921],[5.68497,49.68928],[5.68432,49.69085],[5.68747,49.69116],[5.68712,49.69362],[5.69321,49.6954],[5.69243,49.70466],[5.69484,49.70643],[5.69404,49.70811],[5.69633,49.70892],[5.69504,49.71104],[5.69768,49.71131],[5.69942,49.7131],[5.70136,49.70897],[5.7055,49.70748],[5.70928,49.70752],[5.70867,49.70995],[5.70553,49.71174],[5.70573,49.71522],[5.69886,49.71771],[5.69852,49.72227],[5.69683,49.72361],[5.69116,49.72467],[5.69097,49.72751],[5.68888,49.72892],[5.68596,49.72843],[5.68211,49.7356],[5.67736,49.73996],[5.67946,49.74097],[5.67642,49.74144],[5.68084,49.7434],[5.68632,49.74487],[5.69004,49.74995],[5.69053,49.75208],[5.69342,49.75414],[5.70404,49.75616],[5.70877,49.76221],[5.70698,49.76429],[5.71124,49.76748],[5.71305,49.77002],[5.71193,49.77535],[5.69812,49.7758],[5.68456,49.78243],[5.68018,49.78399],[5.67728,49.78257],[5.66894,49.7836],[5.66685,49.78211],[5.66006,49.77941],[5.65445,49.7778],[5.65383,49.77371],[5.65136,49.77262],[5.65186,49.76992],[5.64824,49.76752],[5.6445,49.76885],[5.64105,49.77286],[5.63846,49.77403],[5.63183,49.7728],[5.6315,49.77572],[5.62523,49.77677],[5.62244,49.78],[5.61198,49.77834],[5.6088,49.77427],[5.59373,49.77127],[5.58873,49.77455],[5.58358,49.77534],[5.5813,49.77477],[5.57229,49.77563],[5.56804,49.77479],[5.56479,49.77538],[5.56591,49.76985],[5.5644,49.76764],[5.56652,49.76449],[5.56418,49.76252],[5.56219,49.75896],[5.55806,49.75708],[5.55509,49.7598],[5.55255,49.75948],[5.55341,49.75519],[5.5524,49.75063],[5.54934,49.74972],[5.5495,49.74759],[5.54702,49.74695],[5.54586,49.74308],[5.53776,49.7455],[5.52896,49.74334],[5.52839,49.74105],[5.52666,49.74353],[5.52085,49.74274],[5.51717,49.74367],[5.51018,49.74335],[5.50677,49.73661],[5.50094,49.73439],[5.50082,49.73094],[5.50346,49.72871],[5.5083,49.72668],[5.51123,49.72295],[5.51225,49.71619],[5.50989,49.7128],[5.51509,49.71127],[5.5178,49.7086],[5.52031,49.70862],[5.5212,49.70671],[5.51882,49.70306],[5.52571,49.70091],[5.52851,49.70099],[5.54433,49.70361],[5.55494,49.70641],[5.56246,49.70706],[5.56603,49.70856],[5.5716,49.70828],[5.57476,49.70991],[5.58196,49.70985],[5.58433,49.71129],[5.58781,49.71008],[5.58978,49.71143],[5.59296,49.70991],[5.59564,49.71097],[5.59905,49.70971],[5.59729,49.70727],[5.59733,49.70254],[5.59912,49.69662],[5.60281,49.69704],[5.60416,49.69552],[5.60881,49.69547],[5.61327,49.69392],[5.61711,49.69353],[5.62266,49.69442],[5.6261,49.69266],[5.63886,49.69005],[5.64597,49.69095],[5.64752,49.68926],[5.65087,49.69113],[5.6527,49.69033],[5.66136,49.69056],[5.66907,49.68919],[5.67472,49.68968],[5.67846,49.68733]]]}},{"type":"Feature","id":"85047","bbox":[5.441427,49.496982,5.533547,49.574926],"properties":{"nis":"85047","name":"Rouvroy","nameNl":"Rouvroy","nameFr":"Rouvroy","nameDe":"Rouvroy","province":"luxembourg","region":"wallonia","areaKm2":27.99},"geometry":{"type":"Polygon","coordinates":[[[5.50244,49.56795],[5.49719,49.56778],[5.49575,49.56888],[5.49414,49.57365],[5.49271,49.57492],[5.48614,49.57446],[5.48347,49.5727],[5.48327,49.56961],[5.48531,49.56806],[5.48273,49.56584],[5.47763,49.56481],[5.47066,49.56723],[5.4691,49.56454],[5.46379,49.56371],[5.45707,49.567],[5.45118,49.55959],[5.44819,49.55684],[5.4477,49.5543],[5.44143,49.55238],[5.44212,49.5507],[5.44907,49.54818],[5.45915,49.54155],[5.46537,49.53891],[5.46626,49.53626],[5.46529,49.5323],[5.46704,49.52594],[5.46096,49.52577],[5.4588,49.52275],[5.45515,49.52013],[5.4475,49.51792],[5.44952,49.51593],[5.45428,49.51443],[5.46155,49.51021],[5.46594,49.50872],[5.46455,49.50514],[5.46451,49.50155],[5.46632,49.50033],[5.46512,49.4988],[5.47137,49.49706],[5.47435,49.49729],[5.47932,49.50035],[5.48004,49.50368],[5.48386,49.50742],[5.48994,49.50777],[5.49959,49.5066],[5.5171,49.50909],[5.53354,49.51324],[5.5214,49.51326],[5.51992,49.51639],[5.51648,49.51897],[5.5174,49.52346],[5.51251,49.52933],[5.51539,49.52991],[5.51503,49.53437],[5.51249,49.53695],[5.51133,49.54012],[5.50833,49.54008],[5.5087,49.54255],[5.50587,49.54686],[5.50819,49.54852],[5.50104,49.55238],[5.50374,49.55385],[5.50263,49.55542],[5.50505,49.55679],[5.50647,49.55991],[5.50962,49.56123],[5.50974,49.56317],[5.50277,49.56126],[5.50388,49.56301],[5.5008,49.56536],[5.50244,49.56795]]]}},{"type":"Feature","id":"91005","bbox":[4.726419,50.280099,4.896865,50.361749],"properties":{"nis":"91005","name":"Anhée","nameNl":"Anhée","nameFr":"Anhée","nameDe":"Anhée","province":"namur","region":"wallonia","areaKm2":65.81},"geometry":{"type":"Polygon","coordinates":[[[4.8616,50.351],[4.86105,50.35385],[4.85542,50.35374],[4.84991,50.35156],[4.84607,50.35354],[4.84796,50.35463],[4.84599,50.35562],[4.84681,50.35811],[4.84334,50.35946],[4.83105,50.36175],[4.82626,50.35954],[4.82296,50.36005],[4.81953,50.35862],[4.82271,50.35668],[4.81804,50.35512],[4.81614,50.35321],[4.80953,50.35544],[4.80673,50.35342],[4.80241,50.3549],[4.79062,50.35646],[4.7885,50.35417],[4.79152,50.34445],[4.79296,50.34348],[4.78864,50.34286],[4.77957,50.34353],[4.77182,50.3428],[4.75668,50.34351],[4.75295,50.33955],[4.74816,50.33587],[4.73692,50.3309],[4.73782,50.32775],[4.73248,50.31909],[4.72927,50.31553],[4.72642,50.315],[4.7285,50.30992],[4.72823,50.30684],[4.73223,50.30579],[4.73777,50.30658],[4.73825,50.3011],[4.73438,50.29717],[4.73523,50.2944],[4.73226,50.29365],[4.73465,50.28848],[4.73921,50.28703],[4.74333,50.2801],[4.75742,50.28251],[4.76286,50.2832],[4.76305,50.28433],[4.76009,50.29175],[4.76167,50.29294],[4.7678,50.29357],[4.77709,50.29219],[4.77996,50.29131],[4.77828,50.28961],[4.77868,50.2871],[4.78461,50.28823],[4.78915,50.29188],[4.79084,50.29533],[4.79574,50.29867],[4.79055,50.30043],[4.79416,50.30174],[4.79325,50.30269],[4.79687,50.30407],[4.79673,50.31019],[4.80298,50.31106],[4.80196,50.30823],[4.80388,50.30332],[4.81305,50.30211],[4.82125,50.30168],[4.81944,50.299],[4.81486,50.29795],[4.81536,50.29404],[4.8192,50.29196],[4.82092,50.28877],[4.82512,50.28509],[4.83215,50.28491],[4.83406,50.28569],[4.83546,50.29124],[4.82923,50.29294],[4.83249,50.29296],[4.83732,50.29482],[4.83897,50.29989],[4.84215,50.29512],[4.84736,50.2979],[4.85122,50.29652],[4.85308,50.29771],[4.85884,50.2973],[4.85736,50.29436],[4.86062,50.29307],[4.85876,50.29035],[4.86253,50.28757],[4.86011,50.28483],[4.86629,50.28166],[4.87617,50.28334],[4.88384,50.2859],[4.88455,50.28748],[4.8813,50.28824],[4.88518,50.29048],[4.88257,50.29206],[4.8933,50.29309],[4.89563,50.29403],[4.89687,50.30088],[4.89462,50.30452],[4.88094,50.31225],[4.87743,50.31574],[4.87523,50.32314],[4.8728,50.32559],[4.87189,50.32842],[4.87286,50.33468],[4.8714,50.33689],[4.86247,50.33904],[4.85502,50.34572],[4.85421,50.35008],[4.85751,50.35105],[4.8616,50.351]]]}},{"type":"Feature","id":"91013","bbox":[4.819088,50.017697,5.08081,50.165272],"properties":{"nis":"91013","name":"Beauraing","nameNl":"Beauraing","nameFr":"Beauraing","nameDe":"Beauraing","province":"namur","region":"wallonia","areaKm2":174.02},"geometry":{"type":"Polygon","coordinates":[[[4.87759,50.15371],[4.87916,50.15211],[4.87855,50.1499],[4.88058,50.14552],[4.88249,50.14376],[4.88139,50.14125],[4.89513,50.14017],[4.89711,50.13792],[4.895,50.1349],[4.89076,50.13405],[4.88682,50.13079],[4.88513,50.13048],[4.87841,50.13178],[4.87848,50.12722],[4.87109,50.12488],[4.87095,50.12316],[4.86706,50.11881],[4.87337,50.10964],[4.87372,50.10747],[4.87073,50.10365],[4.86871,50.09782],[4.86697,50.09704],[4.87278,50.09589],[4.87577,50.09424],[4.87285,50.09045],[4.87242,50.08778],[4.8687,50.08831],[4.86498,50.09105],[4.86014,50.09332],[4.86147,50.09721],[4.85792,50.10011],[4.84968,50.10116],[4.84993,50.09884],[4.8431,50.09563],[4.8401,50.0951],[4.83741,50.09321],[4.84204,50.09179],[4.8438,50.08778],[4.84696,50.08356],[4.84059,50.083],[4.84249,50.08099],[4.84127,50.07965],[4.84295,50.07779],[4.83813,50.06724],[4.83047,50.06764],[4.82426,50.06712],[4.81938,50.06593],[4.82221,50.06444],[4.81909,50.06142],[4.82123,50.05984],[4.82759,50.0594],[4.8293,50.0573],[4.82673,50.05201],[4.82707,50.05003],[4.83205,50.04683],[4.83943,50.04683],[4.84144,50.04262],[4.84315,50.0422],[4.84595,50.04436],[4.84852,50.04394],[4.85015,50.04031],[4.85577,50.03815],[4.85694,50.03574],[4.86085,50.03561],[4.86289,50.03868],[4.87121,50.03799],[4.87673,50.04083],[4.88257,50.03755],[4.88585,50.03665],[4.88905,50.03835],[4.89102,50.03713],[4.89396,50.03773],[4.90053,50.04447],[4.90071,50.04642],[4.90597,50.04758],[4.91893,50.05164],[4.9232,50.04973],[4.92716,50.04453],[4.93355,50.04238],[4.93532,50.0455],[4.94607,50.04582],[4.96175,50.04795],[4.96555,50.04775],[4.96281,50.04245],[4.96232,50.03946],[4.95447,50.03776],[4.9492,50.03321],[4.94431,50.02989],[4.94036,50.02898],[4.93775,50.02434],[4.9342,50.0235],[4.93467,50.02094],[4.93687,50.0177],[4.94163,50.01914],[4.94207,50.02205],[4.94713,50.02466],[4.95259,50.0248],[4.95547,50.02616],[4.96093,50.02726],[4.96288,50.02848],[4.97029,50.02975],[4.97303,50.02889],[4.97564,50.02898],[4.97884,50.03082],[4.98229,50.03032],[4.98414,50.02794],[4.98818,50.02722],[4.9942,50.03257],[4.99331,50.03634],[4.99516,50.04343],[4.99743,50.04512],[5.00099,50.04443],[5.00662,50.0397],[5.01097,50.03798],[5.01644,50.042],[5.02536,50.04381],[5.02904,50.04807],[5.02864,50.04997],[5.03282,50.05057],[5.03569,50.05214],[5.04146,50.05312],[5.04351,50.05753],[5.04208,50.06154],[5.0463,50.06101],[5.05082,50.0643],[5.05184,50.06703],[5.05388,50.06767],[5.05265,50.07025],[5.05448,50.07321],[5.05217,50.07504],[5.04858,50.07613],[5.04917,50.07787],[5.05381,50.07736],[5.05841,50.07509],[5.06058,50.07764],[5.06087,50.08012],[5.05457,50.0816],[5.0527,50.08366],[5.05389,50.08602],[5.05259,50.08774],[5.05536,50.09306],[5.05683,50.09437],[5.05474,50.09971],[5.0594,50.10386],[5.05925,50.10814],[5.0657,50.12278],[5.06461,50.12802],[5.0662,50.12998],[5.07377,50.12497],[5.07763,50.12375],[5.08081,50.12679],[5.07358,50.13549],[5.06834,50.13474],[5.06685,50.13794],[5.05919,50.14379],[5.05376,50.14402],[5.05208,50.14534],[5.04252,50.13908],[5.03905,50.13622],[5.03508,50.13419],[5.03351,50.13222],[5.03005,50.13322],[5.02418,50.13634],[5.01895,50.13786],[5.01626,50.14135],[5.01496,50.14145],[5.00978,50.1456],[5.00809,50.14501],[5.00512,50.14663],[5.00275,50.15133],[4.99959,50.15397],[5.00063,50.15745],[4.99119,50.15619],[4.9804,50.15609],[4.97747,50.15443],[4.97656,50.15573],[4.96363,50.1542],[4.9539,50.15088],[4.95486,50.14344],[4.95659,50.14107],[4.95808,50.13622],[4.95634,50.13509],[4.94291,50.14218],[4.93297,50.14395],[4.93497,50.14935],[4.92781,50.15007],[4.92781,50.15447],[4.92641,50.15994],[4.92323,50.15996],[4.92336,50.16196],[4.92565,50.16371],[4.92361,50.16471],[4.92056,50.16306],[4.91484,50.16527],[4.91078,50.16134],[4.90624,50.16198],[4.89696,50.16099],[4.89416,50.15932],[4.89442,50.15762],[4.88832,50.15527],[4.88536,50.15584],[4.8811,50.15311],[4.87759,50.15371]]]}},{"type":"Feature","id":"91015","bbox":[4.930648,49.842875,5.119599,50.016012],"properties":{"nis":"91015","name":"Bièvre","nameNl":"Bièvre","nameFr":"Bièvre","nameDe":"Bièvre","province":"namur","region":"wallonia","areaKm2":109.11},"geometry":{"type":"Polygon","coordinates":[[[5.09961,49.96183],[5.09375,49.96129],[5.08351,49.96654],[5.07899,49.96689],[5.07655,49.96919],[5.07279,49.97046],[5.06772,49.97342],[5.06605,49.97556],[5.06506,49.97959],[5.06694,49.98186],[5.06381,49.98235],[5.06051,49.98442],[5.05285,49.98337],[5.05085,49.98661],[5.04862,49.98654],[5.0451,49.98356],[5.04441,49.98179],[5.03571,49.98054],[5.03116,49.9784],[5.02651,49.97771],[5.02345,49.97827],[5.0192,49.97752],[5.01722,49.97909],[5.01123,49.98032],[5.00712,49.98299],[5.00755,49.98781],[5.00645,49.98881],[5.01255,49.99239],[5.01242,49.9973],[5.00975,49.99716],[5.00403,50.00088],[4.99946,50.00554],[4.99433,50.00713],[4.99653,50.00943],[4.9978,50.01323],[4.99693,50.01463],[4.99089,50.01601],[4.98727,50.01505],[4.98579,50.01198],[4.99032,50.00484],[4.99676,49.99924],[4.99473,49.99657],[4.99693,49.99309],[4.9918,49.98692],[4.99549,49.98269],[4.99599,49.97698],[5.00354,49.9762],[5.00667,49.97342],[5.00943,49.97285],[5.00684,49.97053],[4.99388,49.96628],[4.99498,49.96073],[4.99803,49.95787],[4.9943,49.95601],[4.99587,49.95418],[4.99515,49.95162],[4.98905,49.95016],[4.98456,49.94712],[4.97634,49.94483],[4.97579,49.94308],[4.97731,49.93847],[4.97384,49.93343],[4.96717,49.93456],[4.96617,49.93249],[4.96109,49.93054],[4.95604,49.92685],[4.94956,49.92491],[4.94977,49.92292],[4.94583,49.92001],[4.94306,49.9169],[4.94726,49.91669],[4.95052,49.91391],[4.95246,49.90945],[4.94959,49.90901],[4.94755,49.90396],[4.94332,49.90084],[4.94522,49.89747],[4.94175,49.89553],[4.93904,49.89623],[4.93323,49.89526],[4.93065,49.89316],[4.93387,49.88998],[4.93476,49.88774],[4.93421,49.88359],[4.93535,49.88192],[4.93891,49.88058],[4.94141,49.88163],[4.9445,49.88106],[4.94464,49.87818],[4.95391,49.87624],[4.96776,49.86611],[4.97478,49.85866],[4.9786,49.85642],[4.97376,49.85188],[4.97613,49.84752],[4.97886,49.84702],[4.9812,49.84288],[4.98344,49.84299],[4.98852,49.84737],[4.98947,49.85285],[4.99573,49.85311],[4.99621,49.85481],[5.00021,49.85687],[5.00488,49.85779],[5.00916,49.85747],[5.0128,49.85815],[5.01792,49.86196],[5.021,49.86279],[5.02566,49.86546],[5.02634,49.87079],[5.0224,49.87072],[5.02054,49.8729],[5.02823,49.87325],[5.03737,49.87299],[5.0377,49.87398],[5.04289,49.87553],[5.04741,49.8786],[5.052,49.88079],[5.05551,49.88142],[5.06263,49.88633],[5.04818,49.88819],[5.04879,49.89],[5.04232,49.89229],[5.04731,49.89773],[5.05226,49.89811],[5.0572,49.89738],[5.06565,49.90203],[5.06472,49.90474],[5.06559,49.9066],[5.07042,49.91008],[5.072,49.91252],[5.07415,49.91306],[5.08124,49.91286],[5.08663,49.9151],[5.0874,49.91696],[5.09117,49.91877],[5.09837,49.92047],[5.10265,49.92001],[5.11108,49.92068],[5.11367,49.92003],[5.1196,49.92243],[5.11159,49.9244],[5.11019,49.92739],[5.1032,49.931],[5.09837,49.93677],[5.09922,49.94299],[5.10261,49.94661],[5.10248,49.95127],[5.10024,49.95617],[5.10236,49.96057],[5.09961,49.96183]]]}},{"type":"Feature","id":"91030","bbox":[5.002476,50.208465,5.261531,50.340432],"properties":{"nis":"91030","name":"Ciney","nameNl":"Ciney","nameFr":"Ciney","nameDe":"Ciney","province":"namur","region":"wallonia","areaKm2":147.59},"geometry":{"type":"Polygon","coordinates":[[[5.21427,50.2905],[5.20774,50.29489],[5.20418,50.29265],[5.19654,50.29557],[5.19353,50.29793],[5.18853,50.30004],[5.18151,50.29816],[5.17875,50.29969],[5.1643,50.31033],[5.16045,50.30934],[5.15133,50.30951],[5.13881,50.31363],[5.13568,50.31229],[5.12997,50.31199],[5.1206,50.31333],[5.11573,50.31602],[5.11421,50.31531],[5.1041,50.32123],[5.10198,50.32053],[5.10373,50.31916],[5.10364,50.3169],[5.10016,50.31633],[5.09491,50.32423],[5.09425,50.32659],[5.08995,50.32418],[5.08164,50.33211],[5.0826,50.33305],[5.08002,50.33531],[5.07486,50.33083],[5.06933,50.32994],[5.06845,50.32878],[5.0638,50.32848],[5.05963,50.32709],[5.05935,50.3256],[5.05607,50.32521],[5.05355,50.32354],[5.05493,50.32126],[5.0579,50.3198],[5.05504,50.3197],[5.04726,50.31687],[5.04386,50.31926],[5.04083,50.32307],[5.04343,50.32389],[5.03933,50.32623],[5.03763,50.32613],[5.03453,50.3317],[5.03954,50.33273],[5.03671,50.33776],[5.03407,50.34043],[5.02497,50.33743],[5.02567,50.33358],[5.02311,50.33296],[5.02222,50.32824],[5.02474,50.3231],[5.02049,50.3212],[5.01795,50.3211],[5.01754,50.31825],[5.01445,50.31671],[5.01579,50.31379],[5.02003,50.31255],[5.02388,50.31265],[5.02102,50.31049],[5.00256,50.3],[5.00889,50.29502],[5.01344,50.29021],[5.01681,50.28947],[5.01852,50.28583],[5.0223,50.28082],[5.03803,50.26497],[5.04792,50.25471],[5.04515,50.25102],[5.04234,50.24968],[5.04115,50.2451],[5.03761,50.23991],[5.0374,50.23604],[5.04179,50.23526],[5.04511,50.23076],[5.05015,50.229],[5.05419,50.22566],[5.06281,50.22844],[5.06933,50.22907],[5.07457,50.22475],[5.07609,50.22523],[5.0806,50.22253],[5.08446,50.21605],[5.08896,50.21383],[5.09218,50.21386],[5.0987,50.20898],[5.1018,50.20865],[5.09904,50.21051],[5.1073,50.21194],[5.13816,50.21295],[5.14687,50.21642],[5.15357,50.22081],[5.15594,50.22135],[5.15527,50.22771],[5.15721,50.22779],[5.16136,50.23005],[5.16373,50.23019],[5.17259,50.2362],[5.17721,50.23827],[5.18374,50.23423],[5.20721,50.23493],[5.20717,50.23407],[5.21433,50.23372],[5.21711,50.22621],[5.21869,50.22372],[5.22136,50.22427],[5.22859,50.22779],[5.2346,50.22161],[5.25773,50.22701],[5.25765,50.22839],[5.26153,50.23016],[5.25732,50.23575],[5.25202,50.23819],[5.25495,50.23981],[5.2594,50.24231],[5.25575,50.2464],[5.25525,50.2491],[5.25644,50.25352],[5.24942,50.25369],[5.24853,50.25482],[5.2425,50.25721],[5.23805,50.26042],[5.23419,50.26532],[5.22806,50.26337],[5.22718,50.26444],[5.22016,50.26161],[5.21707,50.26513],[5.22006,50.2674],[5.21858,50.2701],[5.22184,50.27092],[5.22124,50.27256],[5.22579,50.27759],[5.22945,50.27922],[5.22984,50.28293],[5.22342,50.28218],[5.21828,50.28337],[5.21759,50.28633],[5.21427,50.2905]]]}},{"type":"Feature","id":"91034","bbox":[4.854427,50.180238,5.047919,50.304678],"properties":{"nis":"91034","name":"Dinant","nameNl":"Dinant","nameFr":"Dinant","nameDe":"Dinant","province":"namur","region":"wallonia","areaKm2":99.55},"geometry":{"type":"Polygon","coordinates":[[[5.00256,50.3],[4.99819,50.30177],[4.99346,50.3008],[4.99241,50.3018],[4.98579,50.30009],[4.97591,50.2987],[4.97591,50.29789],[4.96869,50.2982],[4.96859,50.29996],[4.96503,50.29908],[4.96009,50.30323],[4.95376,50.30468],[4.95149,50.30304],[4.94595,50.30311],[4.94239,50.30179],[4.94032,50.30355],[4.93518,50.30053],[4.93241,50.30065],[4.92498,50.29768],[4.92461,50.29444],[4.91779,50.29258],[4.91821,50.2909],[4.90336,50.28891],[4.90051,50.28808],[4.89689,50.28888],[4.89636,50.28723],[4.89685,50.28113],[4.89419,50.28091],[4.89302,50.28797],[4.89563,50.29403],[4.8933,50.29309],[4.88257,50.29206],[4.88518,50.29048],[4.8813,50.28824],[4.88455,50.28748],[4.88384,50.2859],[4.88609,50.28658],[4.88998,50.28256],[4.89189,50.27682],[4.89367,50.27423],[4.89299,50.27122],[4.88939,50.27313],[4.88384,50.27372],[4.86913,50.26756],[4.86871,50.26391],[4.87806,50.26096],[4.88087,50.26087],[4.87744,50.25771],[4.87494,50.25728],[4.87223,50.25513],[4.87799,50.253],[4.87871,50.25187],[4.88507,50.25108],[4.88225,50.24707],[4.88484,50.24742],[4.88742,50.24607],[4.90035,50.24475],[4.89421,50.24317],[4.89317,50.24113],[4.88865,50.23896],[4.88797,50.23127],[4.88887,50.22863],[4.89242,50.22343],[4.8909,50.22066],[4.88641,50.21802],[4.87721,50.21715],[4.8742,50.21643],[4.87132,50.2143],[4.86959,50.20963],[4.87196,50.20627],[4.87183,50.20395],[4.86848,50.2019],[4.86861,50.19837],[4.86497,50.19799],[4.8577,50.19259],[4.85878,50.19048],[4.85514,50.18759],[4.85443,50.18567],[4.86135,50.18465],[4.85997,50.18115],[4.86316,50.18086],[4.87193,50.18229],[4.87837,50.18118],[4.88074,50.18266],[4.88375,50.18167],[4.88981,50.18242],[4.89544,50.18161],[4.9029,50.18148],[4.90777,50.18247],[4.91044,50.18024],[4.92828,50.1991],[4.93035,50.19899],[4.92824,50.20112],[4.93277,50.20204],[4.93726,50.20576],[4.93476,50.20802],[4.93451,50.21174],[4.93158,50.21665],[4.93625,50.21716],[4.94082,50.21877],[4.94277,50.22066],[4.94828,50.22182],[4.95099,50.22096],[4.95141,50.21643],[4.94891,50.21411],[4.94866,50.21088],[4.95095,50.20964],[4.9551,50.20937],[4.95785,50.21519],[4.96069,50.21592],[4.96217,50.21061],[4.9623,50.20419],[4.95624,50.20064],[4.95726,50.19953],[4.96527,50.20428],[4.96327,50.21185],[4.96692,50.21134],[4.97008,50.21423],[4.96859,50.21598],[4.97047,50.22718],[4.98243,50.23001],[4.98292,50.23277],[4.98985,50.22938],[4.99064,50.22661],[4.9939,50.22712],[4.99489,50.2246],[4.99904,50.22567],[5.00151,50.22793],[4.99736,50.23146],[4.99956,50.23201],[5.00151,50.24019],[5.00003,50.24466],[4.99795,50.24623],[5.00873,50.24787],[5.00843,50.24869],[5.01545,50.25051],[5.02307,50.24699],[5.02969,50.24787],[5.03493,50.24956],[5.03542,50.24894],[5.04076,50.25139],[5.04234,50.24968],[5.04515,50.25102],[5.04792,50.25471],[5.03803,50.26497],[5.0223,50.28082],[5.01852,50.28583],[5.01681,50.28947],[5.01344,50.29021],[5.00889,50.29502],[5.00256,50.3]]]}},{"type":"Feature","id":"91054","bbox":[4.790163,49.916903,5.009427,50.051645],"properties":{"nis":"91054","name":"Gedinne","nameNl":"Gedinne","nameFr":"Gedinne","nameDe":"Gedinne","province":"namur","region":"wallonia","areaKm2":151.18},"geometry":{"type":"Polygon","coordinates":[[[4.84144,50.04262],[4.84063,50.03779],[4.83496,50.0346],[4.82999,50.03426],[4.82621,50.02875],[4.82346,50.0282],[4.82003,50.02588],[4.82244,50.02202],[4.81849,50.02026],[4.81797,50.01651],[4.82106,50.01176],[4.81643,50.00283],[4.81591,49.99863],[4.81917,49.99522],[4.81488,49.99157],[4.81385,49.98926],[4.81059,49.98815],[4.80424,49.98296],[4.79463,49.98263],[4.79325,49.98186],[4.79497,49.97579],[4.79222,49.97314],[4.79033,49.96983],[4.79016,49.9674],[4.79117,49.958],[4.79633,49.95811],[4.80654,49.9545],[4.81299,49.95455],[4.82057,49.95205],[4.82717,49.95139],[4.82963,49.94954],[4.84068,49.95111],[4.8464,49.94972],[4.849,49.94819],[4.8532,49.9413],[4.85406,49.93855],[4.85855,49.93241],[4.87101,49.92734],[4.8757,49.92474],[4.87693,49.92545],[4.88213,49.92359],[4.88582,49.92396],[4.8909,49.92329],[4.89188,49.92477],[4.8965,49.92607],[4.90158,49.92391],[4.90243,49.92547],[4.90806,49.92774],[4.91065,49.9269],[4.91252,49.93032],[4.91497,49.93092],[4.9201,49.92995],[4.92098,49.92853],[4.92054,49.92392],[4.92832,49.92555],[4.93514,49.92254],[4.93734,49.92369],[4.94306,49.9169],[4.94583,49.92001],[4.94977,49.92292],[4.94956,49.92491],[4.95604,49.92685],[4.96109,49.93054],[4.96617,49.93249],[4.96717,49.93456],[4.97384,49.93343],[4.97731,49.93847],[4.97579,49.94308],[4.97634,49.94483],[4.98456,49.94712],[4.98905,49.95016],[4.99515,49.95162],[4.99587,49.95418],[4.9943,49.95601],[4.99803,49.95787],[4.99498,49.96073],[4.99388,49.96628],[5.00684,49.97053],[5.00943,49.97285],[5.00667,49.97342],[5.00354,49.9762],[4.99599,49.97698],[4.99549,49.98269],[4.9918,49.98692],[4.99693,49.99309],[4.99473,49.99657],[4.99676,49.99924],[4.99032,50.00484],[4.98579,50.01198],[4.98727,50.01505],[4.99089,50.01601],[4.98622,50.02005],[4.98269,50.02414],[4.9796,50.02514],[4.97303,50.02889],[4.97029,50.02975],[4.96288,50.02848],[4.96093,50.02726],[4.95547,50.02616],[4.95259,50.0248],[4.94713,50.02466],[4.94207,50.02205],[4.94163,50.01914],[4.93687,50.0177],[4.93467,50.02094],[4.9342,50.0235],[4.93775,50.02434],[4.94036,50.02898],[4.94431,50.02989],[4.9492,50.03321],[4.95447,50.03776],[4.96232,50.03946],[4.96281,50.04245],[4.96555,50.04775],[4.96175,50.04795],[4.94607,50.04582],[4.93532,50.0455],[4.93355,50.04238],[4.92716,50.04453],[4.9232,50.04973],[4.91893,50.05164],[4.90597,50.04758],[4.90071,50.04642],[4.90053,50.04447],[4.89396,50.03773],[4.89102,50.03713],[4.88905,50.03835],[4.88585,50.03665],[4.88257,50.03755],[4.87673,50.04083],[4.87121,50.03799],[4.86289,50.03868],[4.86085,50.03561],[4.85694,50.03574],[4.85577,50.03815],[4.85015,50.04031],[4.84852,50.04394],[4.84595,50.04436],[4.84315,50.0422],[4.84144,50.04262]]]}},{"type":"Feature","id":"91059","bbox":[5.024183,50.290501,5.238149,50.383513],"properties":{"nis":"91059","name":"Hamois","nameNl":"Hamois","nameFr":"Hamois","nameDe":"Hamois","province":"namur","region":"wallonia","areaKm2":76.16},"geometry":{"type":"Polygon","coordinates":[[[5.12997,50.38351],[5.12761,50.38206],[5.12942,50.38072],[5.12681,50.38044],[5.11973,50.378],[5.11621,50.3812],[5.10064,50.37501],[5.09724,50.37313],[5.0921,50.37036],[5.09997,50.36457],[5.0977,50.36261],[5.08291,50.35678],[5.07668,50.35339],[5.07312,50.3537],[5.06857,50.35068],[5.06669,50.35401],[5.06373,50.35571],[5.06096,50.35515],[5.05295,50.36244],[5.04999,50.36363],[5.03595,50.3564],[5.02893,50.35382],[5.02418,50.35282],[5.02527,50.3498],[5.02952,50.34597],[5.0352,50.34688],[5.03931,50.34376],[5.03239,50.34181],[5.03407,50.34043],[5.03671,50.33776],[5.03954,50.33273],[5.03453,50.3317],[5.03763,50.32613],[5.03933,50.32623],[5.04343,50.32389],[5.04083,50.32307],[5.04386,50.31926],[5.04726,50.31687],[5.05504,50.3197],[5.0579,50.3198],[5.05493,50.32126],[5.05355,50.32354],[5.05607,50.32521],[5.05935,50.3256],[5.05963,50.32709],[5.0638,50.32848],[5.06845,50.32878],[5.06933,50.32994],[5.07486,50.33083],[5.08002,50.33531],[5.0826,50.33305],[5.08164,50.33211],[5.08995,50.32418],[5.09425,50.32659],[5.09491,50.32423],[5.10016,50.31633],[5.10364,50.3169],[5.10373,50.31916],[5.10198,50.32053],[5.1041,50.32123],[5.11421,50.31531],[5.11573,50.31602],[5.1206,50.31333],[5.12997,50.31199],[5.13568,50.31229],[5.13881,50.31363],[5.15133,50.30951],[5.16045,50.30934],[5.1643,50.31033],[5.17875,50.29969],[5.18151,50.29816],[5.18853,50.30004],[5.19353,50.29793],[5.19654,50.29557],[5.20418,50.29265],[5.20774,50.29489],[5.21427,50.2905],[5.22297,50.29396],[5.22762,50.29484],[5.23279,50.29458],[5.23259,50.29786],[5.23815,50.30379],[5.23197,50.31042],[5.23659,50.31305],[5.23099,50.31649],[5.22683,50.32286],[5.21989,50.32071],[5.22072,50.31979],[5.21444,50.31739],[5.21066,50.32086],[5.22001,50.3269],[5.21439,50.33105],[5.21182,50.33665],[5.20892,50.33998],[5.21411,50.34265],[5.21003,50.347],[5.2072,50.34886],[5.20728,50.35025],[5.2122,50.35372],[5.20659,50.35467],[5.20213,50.35275],[5.19139,50.35805],[5.1871,50.35883],[5.18234,50.35702],[5.17754,50.36376],[5.17457,50.36614],[5.17298,50.36551],[5.16839,50.36892],[5.16455,50.36706],[5.15737,50.36937],[5.15623,50.36849],[5.14919,50.37266],[5.14727,50.37143],[5.14447,50.37369],[5.14491,50.37145],[5.14117,50.37112],[5.13852,50.37447],[5.13598,50.37322],[5.13237,50.37646],[5.13686,50.37889],[5.12997,50.38351]]]}},{"type":"Feature","id":"91064","bbox":[5.129974,50.294079,5.363184,50.417279],"properties":{"nis":"91064","name":"Havelange","nameNl":"Havelange","nameFr":"Havelange","nameDe":"Havelange","province":"namur","region":"wallonia","areaKm2":104.49},"geometry":{"type":"Polygon","coordinates":[[[5.34645,50.38651],[5.34536,50.38627],[5.33738,50.38053],[5.31905,50.37302],[5.30874,50.37118],[5.29717,50.36495],[5.29631,50.3665],[5.28805,50.37434],[5.2848,50.3769],[5.2834,50.37615],[5.28105,50.37824],[5.28089,50.38646],[5.27925,50.38913],[5.28684,50.39476],[5.28017,50.39649],[5.27577,50.39438],[5.27446,50.39897],[5.27043,50.39862],[5.26895,50.40076],[5.26389,50.40042],[5.26002,50.40342],[5.25387,50.40029],[5.24833,50.4025],[5.23693,50.40298],[5.23368,50.40418],[5.23323,50.40688],[5.22955,50.40849],[5.2211,50.41728],[5.21538,50.41239],[5.21149,50.41059],[5.20542,50.41391],[5.19963,50.41153],[5.20246,50.40708],[5.20521,50.4048],[5.20111,50.40255],[5.20337,50.39922],[5.20224,50.39765],[5.1961,50.399],[5.19278,50.40159],[5.1908,50.39996],[5.18882,50.40093],[5.186,50.39967],[5.18445,50.4012],[5.18699,50.40224],[5.1841,50.40511],[5.18162,50.40529],[5.17658,50.40361],[5.17121,50.40027],[5.1684,50.4017],[5.16581,50.40161],[5.16157,50.40336],[5.15994,50.4052],[5.15129,50.40789],[5.1436,50.40472],[5.13658,50.40189],[5.13796,50.39988],[5.13253,50.39774],[5.13154,50.39636],[5.13391,50.39384],[5.13213,50.39283],[5.1347,50.39051],[5.13638,50.3912],[5.13806,50.38912],[5.1344,50.38774],[5.1344,50.38529],[5.12997,50.38351],[5.13686,50.37889],[5.13237,50.37646],[5.13598,50.37322],[5.13852,50.37447],[5.14117,50.37112],[5.14491,50.37145],[5.14447,50.37369],[5.14727,50.37143],[5.14919,50.37266],[5.15623,50.36849],[5.15737,50.36937],[5.16455,50.36706],[5.16839,50.36892],[5.17298,50.36551],[5.17457,50.36614],[5.17754,50.36376],[5.18234,50.35702],[5.1871,50.35883],[5.19139,50.35805],[5.20213,50.35275],[5.20659,50.35467],[5.2122,50.35372],[5.20728,50.35025],[5.2072,50.34886],[5.21003,50.347],[5.21411,50.34265],[5.20892,50.33998],[5.21182,50.33665],[5.21439,50.33105],[5.22001,50.3269],[5.21066,50.32086],[5.21444,50.31739],[5.22072,50.31979],[5.21989,50.32071],[5.22683,50.32286],[5.23099,50.31649],[5.23659,50.31305],[5.23197,50.31042],[5.23815,50.30379],[5.23259,50.29786],[5.23279,50.29458],[5.23424,50.29408],[5.23929,50.29697],[5.24908,50.29991],[5.25369,50.30058],[5.25666,50.30314],[5.26501,50.30729],[5.2645,50.30939],[5.26641,50.31309],[5.26891,50.3136],[5.27191,50.31109],[5.2756,50.3123],[5.28494,50.30877],[5.28359,50.30757],[5.29294,50.309],[5.30077,50.30939],[5.29929,50.31091],[5.30077,50.31484],[5.30797,50.31805],[5.31253,50.31944],[5.31567,50.3213],[5.30983,50.32616],[5.31246,50.33044],[5.30995,50.33681],[5.31657,50.34049],[5.32026,50.34152],[5.3275,50.33737],[5.32627,50.33632],[5.32793,50.332],[5.33108,50.33212],[5.33356,50.33438],[5.33652,50.33469],[5.3384,50.33639],[5.34163,50.33567],[5.34548,50.3391],[5.35281,50.33887],[5.35161,50.34128],[5.35326,50.34351],[5.3575,50.34672],[5.36216,50.34731],[5.36318,50.35015],[5.3617,50.35009],[5.35271,50.36275],[5.35097,50.36663],[5.35056,50.37349],[5.34645,50.38651]]]}},{"type":"Feature","id":"91072","bbox":[4.852562,50.132139,5.119894,50.251388],"properties":{"nis":"91072","name":"Houyet","nameNl":"Houyet","nameFr":"Houyet","nameDe":"Houyet","province":"namur","region":"wallonia","areaKm2":122.39},"geometry":{"type":"Polygon","coordinates":[[[5.08896,50.21383],[5.08446,50.21605],[5.0806,50.22253],[5.07609,50.22523],[5.07457,50.22475],[5.06933,50.22907],[5.06281,50.22844],[5.05419,50.22566],[5.05015,50.229],[5.04511,50.23076],[5.04179,50.23526],[5.0374,50.23604],[5.03761,50.23991],[5.04115,50.2451],[5.04234,50.24968],[5.04076,50.25139],[5.03542,50.24894],[5.03493,50.24956],[5.02969,50.24787],[5.02307,50.24699],[5.01545,50.25051],[5.00843,50.24869],[5.00873,50.24787],[4.99795,50.24623],[5.00003,50.24466],[5.00151,50.24019],[4.99956,50.23201],[4.99736,50.23146],[5.00151,50.22793],[4.99904,50.22567],[4.99489,50.2246],[4.9939,50.22712],[4.99064,50.22661],[4.98985,50.22938],[4.98292,50.23277],[4.98243,50.23001],[4.97047,50.22718],[4.96859,50.21598],[4.97008,50.21423],[4.96692,50.21134],[4.96327,50.21185],[4.96527,50.20428],[4.95726,50.19953],[4.95624,50.20064],[4.9623,50.20419],[4.96217,50.21061],[4.96069,50.21592],[4.95785,50.21519],[4.9551,50.20937],[4.95095,50.20964],[4.94866,50.21088],[4.94891,50.21411],[4.95141,50.21643],[4.95099,50.22096],[4.94828,50.22182],[4.94277,50.22066],[4.94082,50.21877],[4.93625,50.21716],[4.93158,50.21665],[4.93451,50.21174],[4.93476,50.20802],[4.93726,50.20576],[4.93277,50.20204],[4.92824,50.20112],[4.93035,50.19899],[4.92828,50.1991],[4.91044,50.18024],[4.90777,50.18247],[4.9029,50.18148],[4.89544,50.18161],[4.88981,50.18242],[4.88375,50.18167],[4.88074,50.18266],[4.87837,50.18118],[4.87193,50.18229],[4.86316,50.18086],[4.85997,50.18115],[4.85395,50.18136],[4.85256,50.17833],[4.85972,50.17722],[4.85811,50.17401],[4.85928,50.17095],[4.85601,50.17052],[4.86001,50.1678],[4.8585,50.16568],[4.86124,50.16532],[4.86755,50.16083],[4.87183,50.1569],[4.87198,50.15373],[4.87759,50.15371],[4.8811,50.15311],[4.88536,50.15584],[4.88832,50.15527],[4.89442,50.15762],[4.89416,50.15932],[4.89696,50.16099],[4.90624,50.16198],[4.91078,50.16134],[4.91484,50.16527],[4.92056,50.16306],[4.92361,50.16471],[4.92565,50.16371],[4.92336,50.16196],[4.92323,50.15996],[4.92641,50.15994],[4.92781,50.15447],[4.92781,50.15007],[4.93497,50.14935],[4.93297,50.14395],[4.94291,50.14218],[4.95634,50.13509],[4.95808,50.13622],[4.95659,50.14107],[4.95486,50.14344],[4.9539,50.15088],[4.96363,50.1542],[4.97656,50.15573],[4.97747,50.15443],[4.9804,50.15609],[4.99119,50.15619],[5.00063,50.15745],[4.99959,50.15397],[5.00275,50.15133],[5.00512,50.14663],[5.00809,50.14501],[5.00978,50.1456],[5.01496,50.14145],[5.01626,50.14135],[5.01895,50.13786],[5.02418,50.13634],[5.03005,50.13322],[5.03351,50.13222],[5.03508,50.13419],[5.03905,50.13622],[5.04252,50.13908],[5.05208,50.14534],[5.05376,50.14402],[5.05919,50.14379],[5.06685,50.13794],[5.06834,50.13474],[5.07358,50.13549],[5.0796,50.13559],[5.08484,50.13723],[5.08267,50.14622],[5.07733,50.14962],[5.07763,50.15131],[5.07552,50.15334],[5.0711,50.15527],[5.06932,50.1588],[5.0712,50.16037],[5.06918,50.16292],[5.06066,50.16686],[5.0579,50.16655],[5.05531,50.17132],[5.05971,50.17224],[5.07007,50.17648],[5.0744,50.17628],[5.07289,50.17533],[5.07625,50.17084],[5.07948,50.16426],[5.08186,50.16491],[5.08833,50.16259],[5.09378,50.16266],[5.09705,50.16443],[5.10217,50.16564],[5.10871,50.16505],[5.11164,50.16335],[5.11268,50.16425],[5.10995,50.16917],[5.10994,50.17117],[5.11315,50.17328],[5.11048,50.17552],[5.11989,50.17963],[5.1181,50.18556],[5.11559,50.18892],[5.11714,50.19033],[5.11105,50.19406],[5.10649,50.19228],[5.10386,50.19293],[5.10279,50.19739],[5.09489,50.20168],[5.08463,50.19818],[5.07655,50.19697],[5.07708,50.19904],[5.0814,50.20082],[5.08385,50.20351],[5.08079,50.20759],[5.08187,50.21111],[5.08896,50.21383]]]}},{"type":"Feature","id":"91103","bbox":[4.736492,50.214696,4.893754,50.311063],"properties":{"nis":"91103","name":"Onhaye","nameNl":"Onhaye","nameFr":"Onhaye","nameDe":"Onhaye","province":"namur","region":"wallonia","areaKm2":65.36},"geometry":{"type":"Polygon","coordinates":[[[4.75742,50.28251],[4.75327,50.27517],[4.76569,50.27496],[4.76166,50.26778],[4.75936,50.26603],[4.74437,50.25644],[4.73649,50.24958],[4.74654,50.24409],[4.74961,50.23931],[4.7493,50.23353],[4.75145,50.22965],[4.7491,50.22833],[4.74811,50.22302],[4.75075,50.22214],[4.75823,50.22282],[4.76899,50.22453],[4.76708,50.22214],[4.76683,50.21896],[4.76341,50.21752],[4.76276,50.21578],[4.7652,50.2147],[4.77059,50.21551],[4.77201,50.2183],[4.77528,50.21829],[4.78252,50.22077],[4.7854,50.22277],[4.78537,50.22807],[4.79423,50.23346],[4.79245,50.23626],[4.79448,50.23675],[4.79392,50.23966],[4.79753,50.2392],[4.80485,50.23944],[4.81003,50.23235],[4.8116,50.2288],[4.81084,50.22473],[4.81749,50.22491],[4.82169,50.22322],[4.82637,50.22435],[4.83333,50.22139],[4.83713,50.22252],[4.8495,50.22726],[4.8584,50.23812],[4.85726,50.24073],[4.86497,50.23966],[4.87128,50.23995],[4.8731,50.2427],[4.87899,50.24402],[4.88225,50.24707],[4.88507,50.25108],[4.87871,50.25187],[4.87799,50.253],[4.87223,50.25513],[4.87494,50.25728],[4.87744,50.25771],[4.88087,50.26087],[4.87806,50.26096],[4.86871,50.26391],[4.86913,50.26756],[4.88384,50.27372],[4.88939,50.27313],[4.89299,50.27122],[4.89367,50.27423],[4.89189,50.27682],[4.88998,50.28256],[4.88609,50.28658],[4.88384,50.2859],[4.87617,50.28334],[4.86629,50.28166],[4.86011,50.28483],[4.86253,50.28757],[4.85876,50.29035],[4.86062,50.29307],[4.85736,50.29436],[4.85884,50.2973],[4.85308,50.29771],[4.85122,50.29652],[4.84736,50.2979],[4.84215,50.29512],[4.83897,50.29989],[4.83732,50.29482],[4.83249,50.29296],[4.82923,50.29294],[4.83546,50.29124],[4.83406,50.28569],[4.83215,50.28491],[4.82512,50.28509],[4.82092,50.28877],[4.8192,50.29196],[4.81536,50.29404],[4.81486,50.29795],[4.81944,50.299],[4.82125,50.30168],[4.81305,50.30211],[4.80388,50.30332],[4.80196,50.30823],[4.80298,50.31106],[4.79673,50.31019],[4.79687,50.30407],[4.79325,50.30269],[4.79416,50.30174],[4.79055,50.30043],[4.79574,50.29867],[4.79084,50.29533],[4.78915,50.29188],[4.78461,50.28823],[4.77868,50.2871],[4.77828,50.28961],[4.77996,50.29131],[4.77709,50.29219],[4.7678,50.29357],[4.76167,50.29294],[4.76009,50.29175],[4.76305,50.28433],[4.76286,50.2832],[4.75742,50.28251]]]}},{"type":"Feature","id":"91114","bbox":[5.05531,50.093455,5.284004,50.238272],"properties":{"nis":"91114","name":"Rochefort","nameNl":"Rochefort","nameFr":"Rochefort","nameDe":"Rochefort","province":"namur","region":"wallonia","areaKm2":165.85},"geometry":{"type":"Polygon","coordinates":[[[5.0657,50.12278],[5.06841,50.1224],[5.06583,50.1188],[5.06815,50.11736],[5.06655,50.11471],[5.06032,50.10764],[5.06146,50.10531],[5.06497,50.10335],[5.06951,50.09895],[5.07169,50.09345],[5.08209,50.0951],[5.08239,50.09421],[5.09687,50.09499],[5.11577,50.0988],[5.12323,50.09972],[5.12531,50.09791],[5.13235,50.09883],[5.13386,50.09564],[5.13647,50.0944],[5.14713,50.09488],[5.15271,50.09441],[5.15241,50.09666],[5.15593,50.09627],[5.15861,50.09789],[5.15837,50.10034],[5.17745,50.10008],[5.18096,50.10072],[5.18863,50.1008],[5.18827,50.09777],[5.19175,50.09849],[5.19706,50.09812],[5.19919,50.10005],[5.20018,50.09679],[5.20732,50.09913],[5.22687,50.10218],[5.22666,50.10767],[5.23647,50.11017],[5.24932,50.10931],[5.25886,50.11014],[5.26257,50.10853],[5.26926,50.11174],[5.2701,50.11762],[5.26466,50.12198],[5.26251,50.12052],[5.25827,50.12375],[5.25567,50.12725],[5.25372,50.1282],[5.2473,50.12716],[5.24297,50.1322],[5.24231,50.1342],[5.26619,50.14275],[5.26911,50.13988],[5.2737,50.14259],[5.27379,50.1455],[5.28162,50.14799],[5.284,50.14994],[5.28172,50.15142],[5.28299,50.15377],[5.28117,50.15612],[5.27771,50.15544],[5.27418,50.15607],[5.27849,50.15841],[5.2811,50.1587],[5.27237,50.15922],[5.26721,50.16329],[5.26668,50.16828],[5.2605,50.17057],[5.25426,50.17911],[5.24292,50.1873],[5.24902,50.19106],[5.24956,50.1935],[5.2472,50.19566],[5.24259,50.19308],[5.23463,50.19587],[5.23852,50.19933],[5.24612,50.20401],[5.24184,50.20557],[5.23527,50.20934],[5.23323,50.21127],[5.23174,50.21497],[5.22179,50.21428],[5.21508,50.21603],[5.20655,50.21576],[5.20877,50.21864],[5.21293,50.22059],[5.21353,50.22219],[5.21869,50.22372],[5.21711,50.22621],[5.21433,50.23372],[5.20717,50.23407],[5.20721,50.23493],[5.18374,50.23423],[5.17721,50.23827],[5.17259,50.2362],[5.16373,50.23019],[5.16136,50.23005],[5.15721,50.22779],[5.15527,50.22771],[5.15594,50.22135],[5.15357,50.22081],[5.14687,50.21642],[5.13816,50.21295],[5.1073,50.21194],[5.09904,50.21051],[5.1018,50.20865],[5.0987,50.20898],[5.09218,50.21386],[5.08896,50.21383],[5.08187,50.21111],[5.08079,50.20759],[5.08385,50.20351],[5.0814,50.20082],[5.07708,50.19904],[5.07655,50.19697],[5.08463,50.19818],[5.09489,50.20168],[5.10279,50.19739],[5.10386,50.19293],[5.10649,50.19228],[5.11105,50.19406],[5.11714,50.19033],[5.11559,50.18892],[5.1181,50.18556],[5.11989,50.17963],[5.11048,50.17552],[5.11315,50.17328],[5.10994,50.17117],[5.10995,50.16917],[5.11268,50.16425],[5.11164,50.16335],[5.10871,50.16505],[5.10217,50.16564],[5.09705,50.16443],[5.09378,50.16266],[5.08833,50.16259],[5.08186,50.16491],[5.07948,50.16426],[5.07625,50.17084],[5.07289,50.17533],[5.0744,50.17628],[5.07007,50.17648],[5.05971,50.17224],[5.05531,50.17132],[5.0579,50.16655],[5.06066,50.16686],[5.06918,50.16292],[5.0712,50.16037],[5.06932,50.1588],[5.0711,50.15527],[5.07552,50.15334],[5.07763,50.15131],[5.07733,50.14962],[5.08267,50.14622],[5.08484,50.13723],[5.0796,50.13559],[5.07358,50.13549],[5.08081,50.12679],[5.07763,50.12375],[5.07377,50.12497],[5.0662,50.12998],[5.06461,50.12802],[5.0657,50.12278]]]}},{"type":"Feature","id":"91120","bbox":[5.21427,50.238999,5.402671,50.388368],"properties":{"nis":"91120","name":"Somme-Leuze","nameNl":"Somme-Leuze","nameFr":"Somme-Leuze","nameDe":"Somme-Leuze","province":"namur","region":"wallonia","areaKm2":94.83},"geometry":{"type":"Polygon","coordinates":[[[5.25495,50.23981],[5.27129,50.24177],[5.27588,50.24384],[5.28312,50.249],[5.28505,50.2463],[5.29393,50.239],[5.29683,50.24108],[5.30444,50.24371],[5.31137,50.2451],[5.31869,50.24846],[5.32485,50.25189],[5.33121,50.25439],[5.33455,50.25699],[5.33994,50.26284],[5.34371,50.26558],[5.34838,50.26653],[5.3526,50.26902],[5.35878,50.27522],[5.3672,50.27792],[5.37205,50.27751],[5.37542,50.27847],[5.37911,50.27922],[5.38429,50.28237],[5.3855,50.28418],[5.39019,50.28501],[5.39471,50.28716],[5.39599,50.2899],[5.39536,50.29407],[5.39288,50.29719],[5.3908,50.29655],[5.3886,50.2982],[5.3935,50.29887],[5.39016,50.3066],[5.3931,50.3098],[5.38937,50.31249],[5.38843,50.31598],[5.38658,50.31662],[5.38072,50.3139],[5.37903,50.31532],[5.37564,50.31546],[5.36598,50.31832],[5.35945,50.31673],[5.3553,50.31228],[5.35467,50.3101],[5.34967,50.30805],[5.34738,50.305],[5.34611,50.30775],[5.34221,50.3101],[5.34234,50.31587],[5.35114,50.32136],[5.36297,50.32376],[5.37208,50.32527],[5.37695,50.32689],[5.37661,50.32858],[5.38758,50.33233],[5.38562,50.33251],[5.39127,50.33554],[5.39577,50.33566],[5.39476,50.34026],[5.39653,50.34072],[5.39365,50.34268],[5.38856,50.3428],[5.38513,50.34465],[5.38343,50.34888],[5.3814,50.34996],[5.38276,50.35313],[5.3892,50.35629],[5.39204,50.36017],[5.39939,50.36306],[5.40148,50.36761],[5.39767,50.36925],[5.4003,50.37092],[5.39932,50.37235],[5.40165,50.37359],[5.39716,50.37709],[5.39538,50.37663],[5.39294,50.37944],[5.391,50.38241],[5.38256,50.38682],[5.37855,50.38562],[5.37792,50.38321],[5.37105,50.38036],[5.36837,50.37986],[5.36606,50.38111],[5.36146,50.3811],[5.36261,50.38486],[5.35859,50.38725],[5.35139,50.38837],[5.34645,50.38651],[5.35056,50.37349],[5.35097,50.36663],[5.35271,50.36275],[5.3617,50.35009],[5.36318,50.35015],[5.36216,50.34731],[5.3575,50.34672],[5.35326,50.34351],[5.35161,50.34128],[5.35281,50.33887],[5.34548,50.3391],[5.34163,50.33567],[5.3384,50.33639],[5.33652,50.33469],[5.33356,50.33438],[5.33108,50.33212],[5.32793,50.332],[5.32627,50.33632],[5.3275,50.33737],[5.32026,50.34152],[5.31657,50.34049],[5.30995,50.33681],[5.31246,50.33044],[5.30983,50.32616],[5.31567,50.3213],[5.31253,50.31944],[5.30797,50.31805],[5.30077,50.31484],[5.29929,50.31091],[5.30077,50.30939],[5.29294,50.309],[5.28359,50.30757],[5.28494,50.30877],[5.2756,50.3123],[5.27191,50.31109],[5.26891,50.3136],[5.26641,50.31309],[5.2645,50.30939],[5.26501,50.30729],[5.25666,50.30314],[5.25369,50.30058],[5.24908,50.29991],[5.23929,50.29697],[5.23424,50.29408],[5.23279,50.29458],[5.22762,50.29484],[5.22297,50.29396],[5.21427,50.2905],[5.21759,50.28633],[5.21828,50.28337],[5.22342,50.28218],[5.22984,50.28293],[5.22945,50.27922],[5.22579,50.27759],[5.22124,50.27256],[5.22184,50.27092],[5.21858,50.2701],[5.22006,50.2674],[5.21707,50.26513],[5.22016,50.26161],[5.22718,50.26444],[5.22806,50.26337],[5.23419,50.26532],[5.23805,50.26042],[5.2425,50.25721],[5.24853,50.25482],[5.24942,50.25369],[5.25644,50.25352],[5.25525,50.2491],[5.25575,50.2464],[5.2594,50.24231],[5.25495,50.23981]]]}},{"type":"Feature","id":"91141","bbox":[4.853746,50.280905,5.024738,50.364093],"properties":{"nis":"91141","name":"Yvoir","nameNl":"Yvoir","nameFr":"Yvoir","nameDe":"Yvoir","province":"namur","region":"wallonia","areaKm2":56.98},"geometry":{"type":"Polygon","coordinates":[[[5.00256,50.3],[5.02102,50.31049],[5.02388,50.31265],[5.02003,50.31255],[5.01579,50.31379],[5.01445,50.31671],[5.01754,50.31825],[5.01795,50.3211],[5.02049,50.3212],[5.02474,50.3231],[5.02222,50.32824],[5.02311,50.33296],[5.02044,50.34202],[5.01767,50.34164],[5.01471,50.34635],[5.01332,50.35107],[5.00897,50.34994],[5.00561,50.35057],[4.99879,50.34937],[4.99365,50.35006],[4.99226,50.34573],[4.98419,50.34435],[4.96656,50.34233],[4.95984,50.34277],[4.95806,50.34189],[4.9493,50.34121],[4.94891,50.34276],[4.93894,50.34171],[4.92534,50.3381],[4.9188,50.33723],[4.91666,50.33817],[4.90945,50.33925],[4.90602,50.33847],[4.90839,50.34039],[4.91171,50.33983],[4.91627,50.34231],[4.91703,50.34736],[4.91494,50.35042],[4.91439,50.35694],[4.91199,50.35843],[4.90052,50.35818],[4.89943,50.36126],[4.89583,50.36409],[4.88592,50.36102],[4.88067,50.36152],[4.87321,50.36037],[4.87808,50.35625],[4.87749,50.35326],[4.86668,50.35089],[4.8616,50.351],[4.85751,50.35105],[4.85421,50.35008],[4.85502,50.34572],[4.86247,50.33904],[4.8714,50.33689],[4.87286,50.33468],[4.87189,50.32842],[4.8728,50.32559],[4.87523,50.32314],[4.87743,50.31574],[4.88094,50.31225],[4.89462,50.30452],[4.89687,50.30088],[4.89563,50.29403],[4.89302,50.28797],[4.89419,50.28091],[4.89685,50.28113],[4.89636,50.28723],[4.89689,50.28888],[4.90051,50.28808],[4.90336,50.28891],[4.91821,50.2909],[4.91779,50.29258],[4.92461,50.29444],[4.92498,50.29768],[4.93241,50.30065],[4.93518,50.30053],[4.94032,50.30355],[4.94239,50.30179],[4.94595,50.30311],[4.95149,50.30304],[4.95376,50.30468],[4.96009,50.30323],[4.96503,50.29908],[4.96859,50.29996],[4.96869,50.2982],[4.97591,50.29789],[4.97591,50.2987],[4.98579,50.30009],[4.99241,50.3018],[4.99346,50.3008],[4.99819,50.30177],[5.00256,50.3]]]}},{"type":"Feature","id":"91142","bbox":[4.752365,50.148294,4.900347,50.247418],"properties":{"nis":"91142","name":"Hastière","nameNl":"Hastière","nameFr":"Hastière","nameDe":"Hastière","province":"namur","region":"wallonia","areaKm2":56.56},"geometry":{"type":"Polygon","coordinates":[[[4.79637,50.14829],[4.80655,50.1527],[4.82301,50.16824],[4.82496,50.16923],[4.82384,50.16617],[4.82411,50.16114],[4.82993,50.15705],[4.83244,50.15317],[4.83781,50.15319],[4.83987,50.15406],[4.84258,50.15305],[4.84511,50.15389],[4.85028,50.15221],[4.85836,50.15274],[4.86387,50.15244],[4.86857,50.15378],[4.87198,50.15373],[4.87183,50.1569],[4.86755,50.16083],[4.86124,50.16532],[4.8585,50.16568],[4.86001,50.1678],[4.85601,50.17052],[4.85928,50.17095],[4.85811,50.17401],[4.85972,50.17722],[4.85256,50.17833],[4.85395,50.18136],[4.85997,50.18115],[4.86135,50.18465],[4.85443,50.18567],[4.85514,50.18759],[4.85878,50.19048],[4.8577,50.19259],[4.86497,50.19799],[4.86861,50.19837],[4.86848,50.2019],[4.87183,50.20395],[4.87196,50.20627],[4.86959,50.20963],[4.87132,50.2143],[4.8742,50.21643],[4.87721,50.21715],[4.88641,50.21802],[4.8909,50.22066],[4.89242,50.22343],[4.88887,50.22863],[4.88797,50.23127],[4.88865,50.23896],[4.89317,50.24113],[4.89421,50.24317],[4.90035,50.24475],[4.88742,50.24607],[4.88484,50.24742],[4.88225,50.24707],[4.87899,50.24402],[4.8731,50.2427],[4.87128,50.23995],[4.86497,50.23966],[4.85726,50.24073],[4.8584,50.23812],[4.8495,50.22726],[4.83713,50.22252],[4.83333,50.22139],[4.82637,50.22435],[4.82169,50.22322],[4.81749,50.22491],[4.81084,50.22473],[4.8116,50.2288],[4.81003,50.23235],[4.80485,50.23944],[4.79753,50.2392],[4.79392,50.23966],[4.79448,50.23675],[4.79245,50.23626],[4.79423,50.23346],[4.78537,50.22807],[4.7854,50.22277],[4.78252,50.22077],[4.77528,50.21829],[4.77201,50.2183],[4.77059,50.21551],[4.7747,50.20974],[4.78317,50.20815],[4.78767,50.20392],[4.78113,50.20476],[4.78397,50.20311],[4.78298,50.20114],[4.78058,50.20136],[4.78184,50.19366],[4.78378,50.19056],[4.78404,50.18601],[4.78663,50.18627],[4.79434,50.18369],[4.79946,50.17841],[4.79474,50.17603],[4.78095,50.17072],[4.77646,50.16814],[4.76587,50.16593],[4.75693,50.16809],[4.75237,50.1618],[4.75743,50.15923],[4.76481,50.15693],[4.76671,50.15288],[4.76885,50.15083],[4.79459,50.14908],[4.79637,50.14829]]]}},{"type":"Feature","id":"91143","bbox":[4.847535,49.785545,4.990566,49.930916],"properties":{"nis":"91143","name":"Vresse-sur-Semois","nameNl":"Vresse-sur-Semois","nameFr":"Vresse-sur-Semois","nameDe":"Vresse-sur-Semois","province":"namur","region":"wallonia","areaKm2":100.91},"geometry":{"type":"Polygon","coordinates":[[[4.8757,49.92474],[4.88169,49.92182],[4.88064,49.91633],[4.8901,49.90897],[4.88785,49.90638],[4.8855,49.90562],[4.88073,49.90593],[4.87774,49.90465],[4.87637,49.90151],[4.88535,49.9021],[4.88762,49.89857],[4.88563,49.89692],[4.87774,49.89433],[4.87711,49.89171],[4.87274,49.888],[4.86931,49.88344],[4.87181,49.87981],[4.87114,49.87861],[4.86687,49.8786],[4.86331,49.87422],[4.86152,49.8702],[4.86308,49.86758],[4.85961,49.86527],[4.85282,49.86515],[4.8487,49.86819],[4.85086,49.86556],[4.85198,49.85955],[4.85216,49.85215],[4.85779,49.84668],[4.85677,49.84485],[4.85783,49.84182],[4.86717,49.84206],[4.86925,49.8342],[4.86637,49.83317],[4.86888,49.83096],[4.86971,49.82772],[4.86918,49.82304],[4.87613,49.8198],[4.87614,49.8174],[4.86918,49.81531],[4.86526,49.81329],[4.86478,49.80536],[4.86314,49.80451],[4.86306,49.80175],[4.85922,49.79977],[4.85922,49.79691],[4.85629,49.79494],[4.85164,49.79344],[4.85612,49.79208],[4.86083,49.78924],[4.8637,49.78875],[4.87113,49.78947],[4.86995,49.79356],[4.87669,49.79343],[4.88045,49.79271],[4.88779,49.78815],[4.88897,49.7888],[4.89485,49.78835],[4.89783,49.78922],[4.9009,49.78612],[4.90858,49.78577],[4.91744,49.78758],[4.91966,49.78864],[4.93079,49.787],[4.93192,49.78986],[4.93892,49.79309],[4.94359,49.79166],[4.94587,49.79419],[4.94716,49.7991],[4.95681,49.80185],[4.95669,49.80085],[4.9623,49.79782],[4.96754,49.79856],[4.96864,49.80159],[4.97019,49.80399],[4.96919,49.81064],[4.97112,49.81254],[4.9812,49.81646],[4.97988,49.81814],[4.97705,49.8184],[4.97707,49.81996],[4.98276,49.82099],[4.98801,49.82041],[4.98762,49.82257],[4.9905,49.82437],[4.98793,49.82449],[4.98443,49.82633],[4.98306,49.83317],[4.98525,49.8388],[4.9812,49.84288],[4.97886,49.84702],[4.97613,49.84752],[4.97376,49.85188],[4.9786,49.85642],[4.97478,49.85866],[4.96776,49.86611],[4.95391,49.87624],[4.94464,49.87818],[4.9445,49.88106],[4.94141,49.88163],[4.93891,49.88058],[4.93535,49.88192],[4.93421,49.88359],[4.93476,49.88774],[4.93387,49.88998],[4.93065,49.89316],[4.93323,49.89526],[4.93904,49.89623],[4.94175,49.89553],[4.94522,49.89747],[4.94332,49.90084],[4.94755,49.90396],[4.94959,49.90901],[4.95246,49.90945],[4.95052,49.91391],[4.94726,49.91669],[4.94306,49.9169],[4.93734,49.92369],[4.93514,49.92254],[4.92832,49.92555],[4.92054,49.92392],[4.92098,49.92853],[4.9201,49.92995],[4.91497,49.93092],[4.91252,49.93032],[4.91065,49.9269],[4.90806,49.92774],[4.90243,49.92547],[4.90158,49.92391],[4.8965,49.92607],[4.89188,49.92477],[4.8909,49.92329],[4.88582,49.92396],[4.88213,49.92359],[4.87693,49.92545],[4.8757,49.92474]]]}},{"type":"Feature","id":"92003","bbox":[4.961849,50.447375,5.16409,50.531783],"properties":{"nis":"92003","name":"Andenne","nameNl":"Andenne","nameFr":"Andenne","nameDe":"Andenne","province":"namur","region":"wallonia","areaKm2":85.84},"geometry":{"type":"Polygon","coordinates":[[[5.14494,50.50858],[5.14235,50.51211],[5.12698,50.50691],[5.11813,50.50365],[5.11514,50.50402],[5.11302,50.50685],[5.10893,50.507],[5.10844,50.50803],[5.10445,50.50735],[5.10194,50.50847],[5.09967,50.51228],[5.09784,50.5122],[5.0948,50.5152],[5.09798,50.51664],[5.096,50.51853],[5.09805,50.52006],[5.09373,50.52407],[5.09004,50.52577],[5.09498,50.52651],[5.09236,50.5293],[5.07441,50.52989],[5.03425,50.53178],[5.02963,50.52936],[5.02641,50.52353],[5.02549,50.52313],[5.02829,50.51975],[5.02807,50.51822],[5.02426,50.51683],[5.02008,50.514],[5.01282,50.51148],[5.00971,50.51108],[5.00555,50.51552],[5.00279,50.51476],[4.99954,50.51557],[4.99644,50.5144],[4.99524,50.51566],[4.98934,50.51492],[4.98655,50.51319],[4.98189,50.51207],[4.97877,50.50865],[4.97398,50.50793],[4.97209,50.51043],[4.97022,50.5088],[4.96519,50.50709],[4.97049,50.5039],[4.98209,50.50021],[4.98217,50.49812],[4.98436,50.49664],[4.98154,50.49385],[4.98404,50.48976],[4.98197,50.48482],[4.97497,50.4772],[4.97223,50.4783],[4.97168,50.47679],[4.96668,50.47248],[4.96236,50.47067],[4.96596,50.46558],[4.97011,50.46377],[4.96774,50.462],[4.96536,50.45688],[4.96185,50.45464],[4.96477,50.45092],[4.96662,50.45158],[4.97129,50.45439],[4.97541,50.45394],[4.97808,50.45237],[4.98747,50.4518],[4.98975,50.45275],[4.98757,50.45451],[4.99133,50.45438],[4.99509,50.45595],[4.99845,50.45514],[5.00172,50.45557],[5.00557,50.45254],[5.00873,50.4532],[5.01397,50.4508],[5.02346,50.45356],[5.03182,50.45724],[5.04699,50.45727],[5.06622,50.45779],[5.06992,50.45962],[5.07192,50.46242],[5.07718,50.46049],[5.08085,50.46049],[5.08354,50.45788],[5.08665,50.45896],[5.09611,50.44998],[5.09921,50.44926],[5.10049,50.44738],[5.11871,50.45272],[5.11891,50.45452],[5.12475,50.45708],[5.12758,50.45907],[5.13393,50.46059],[5.14439,50.46077],[5.15007,50.46355],[5.15078,50.463],[5.15747,50.46611],[5.16409,50.46767],[5.16375,50.47025],[5.15799,50.47249],[5.15604,50.47441],[5.15701,50.47591],[5.15574,50.4788],[5.15278,50.47923],[5.14969,50.48249],[5.1596,50.48721],[5.15744,50.48958],[5.15125,50.4882],[5.14723,50.48653],[5.14269,50.48729],[5.13952,50.48669],[5.13371,50.48917],[5.13257,50.49238],[5.13435,50.49613],[5.13261,50.49976],[5.12918,50.50292],[5.13909,50.50505],[5.14494,50.50858]]]}},{"type":"Feature","id":"92006","bbox":[4.895835,50.33296,5.100901,50.418499],"properties":{"nis":"92006","name":"Assesse","nameNl":"Assesse","nameFr":"Assesse","nameDe":"Assesse","province":"namur","region":"wallonia","areaKm2":78.28},"geometry":{"type":"Polygon","coordinates":[[[4.91919,50.38756],[4.91723,50.3828],[4.91566,50.38177],[4.91405,50.37697],[4.91647,50.37662],[4.91622,50.37476],[4.91885,50.37353],[4.91723,50.37148],[4.9141,50.37355],[4.90994,50.36946],[4.91073,50.36804],[4.90677,50.36876],[4.90397,50.36759],[4.8996,50.36789],[4.89583,50.36409],[4.89943,50.36126],[4.90052,50.35818],[4.91199,50.35843],[4.91439,50.35694],[4.91494,50.35042],[4.91703,50.34736],[4.91627,50.34231],[4.91171,50.33983],[4.90839,50.34039],[4.90602,50.33847],[4.90945,50.33925],[4.91666,50.33817],[4.9188,50.33723],[4.92534,50.3381],[4.93894,50.34171],[4.94891,50.34276],[4.9493,50.34121],[4.95806,50.34189],[4.95984,50.34277],[4.96656,50.34233],[4.98419,50.34435],[4.99226,50.34573],[4.99365,50.35006],[4.99879,50.34937],[5.00561,50.35057],[5.00897,50.34994],[5.01332,50.35107],[5.01471,50.34635],[5.01767,50.34164],[5.02044,50.34202],[5.02311,50.33296],[5.02567,50.33358],[5.02497,50.33743],[5.03407,50.34043],[5.03239,50.34181],[5.03931,50.34376],[5.0352,50.34688],[5.02952,50.34597],[5.02527,50.3498],[5.02418,50.35282],[5.02893,50.35382],[5.03595,50.3564],[5.04999,50.36363],[5.05295,50.36244],[5.06096,50.35515],[5.06373,50.35571],[5.06669,50.35401],[5.06857,50.35068],[5.07312,50.3537],[5.07668,50.35339],[5.08291,50.35678],[5.0977,50.36261],[5.09997,50.36457],[5.0921,50.37036],[5.09724,50.37313],[5.09319,50.37684],[5.09383,50.37933],[5.09673,50.38142],[5.09491,50.38459],[5.0971,50.38577],[5.09527,50.38684],[5.0907,50.39245],[5.08624,50.38951],[5.07693,50.38565],[5.07072,50.39111],[5.07015,50.39322],[5.06062,50.39102],[5.05427,50.38823],[5.04874,50.38746],[5.04601,50.38975],[5.03965,50.39726],[5.03435,50.40027],[5.0316,50.40516],[5.02888,50.4061],[5.02849,50.40826],[5.02071,50.41236],[5.01566,50.4173],[5.00787,50.41352],[5.00717,50.40921],[5.00377,50.40687],[5.00279,50.40858],[4.99474,50.40871],[4.9929,50.41249],[4.99099,50.41253],[4.99163,50.4088],[4.98718,50.40786],[4.98226,50.40953],[4.98407,50.41325],[4.97955,50.41707],[4.97659,50.41653],[4.97547,50.4185],[4.9701,50.41598],[4.96163,50.41437],[4.95536,50.40968],[4.94361,50.41706],[4.94369,50.41378],[4.94567,50.41172],[4.93953,50.40839],[4.93995,50.40664],[4.9427,50.40664],[4.94073,50.40229],[4.93522,50.39797],[4.93508,50.39676],[4.92379,50.39581],[4.9242,50.39142],[4.92279,50.38863],[4.91919,50.38756]]]}},{"type":"Feature","id":"92035","bbox":[4.787032,50.525938,4.98978,50.648445],"properties":{"nis":"92035","name":"Éghezée","nameNl":"Éghezée","nameFr":"Éghezée","nameDe":"Éghezée","province":"namur","region":"wallonia","areaKm2":102.85},"geometry":{"type":"Polygon","coordinates":[[[4.97931,50.6186],[4.98388,50.62102],[4.98793,50.62584],[4.9819,50.63451],[4.98978,50.63677],[4.98333,50.6423],[4.97889,50.63956],[4.96676,50.64791],[4.96522,50.64844],[4.95681,50.64487],[4.95367,50.64772],[4.9506,50.64692],[4.9426,50.6423],[4.94111,50.6434],[4.9405,50.63872],[4.94102,50.63605],[4.93632,50.63428],[4.92958,50.62924],[4.92929,50.6274],[4.92065,50.6257],[4.91472,50.62586],[4.90014,50.62881],[4.89765,50.62798],[4.90065,50.6225],[4.88863,50.62199],[4.87118,50.61837],[4.86282,50.61783],[4.85243,50.61539],[4.84605,50.61292],[4.84164,50.61052],[4.83131,50.60852],[4.81701,50.60935],[4.80721,50.60678],[4.80036,50.60244],[4.79964,50.60455],[4.7883,50.60211],[4.79961,50.59223],[4.80665,50.58514],[4.79949,50.58256],[4.7933,50.58336],[4.79176,50.58496],[4.78835,50.58045],[4.78979,50.579],[4.78703,50.57644],[4.79098,50.57212],[4.79721,50.57336],[4.80441,50.56913],[4.80233,50.5678],[4.80848,50.56371],[4.81799,50.55387],[4.82775,50.55922],[4.83271,50.55456],[4.83334,50.55024],[4.83288,50.54534],[4.83614,50.54661],[4.83851,50.55392],[4.85045,50.54869],[4.85758,50.54661],[4.86093,50.54397],[4.86453,50.54659],[4.86682,50.54533],[4.87204,50.54564],[4.87497,50.5445],[4.87567,50.54224],[4.873,50.5417],[4.87541,50.53912],[4.87258,50.53467],[4.88393,50.5309],[4.88821,50.53496],[4.89156,50.53346],[4.89029,50.53273],[4.89585,50.52676],[4.90307,50.5296],[4.90457,50.5311],[4.90804,50.52796],[4.91109,50.53003],[4.91905,50.52594],[4.93464,50.53375],[4.93988,50.53707],[4.93522,50.54909],[4.93058,50.55109],[4.93172,50.55677],[4.93058,50.55962],[4.93481,50.5624],[4.9371,50.56208],[4.93799,50.56536],[4.9407,50.56881],[4.95232,50.57612],[4.95655,50.5811],[4.95901,50.58108],[4.96316,50.58485],[4.97108,50.58908],[4.97468,50.58636],[4.98113,50.58307],[4.98346,50.58469],[4.98036,50.58973],[4.98617,50.59606],[4.97553,50.59778],[4.97151,50.59641],[4.96663,50.60088],[4.96354,50.60557],[4.97931,50.6186]]]}},{"type":"Feature","id":"92045","bbox":[4.695183,50.392882,4.829612,50.471913],"properties":{"nis":"92045","name":"Floreffe","nameNl":"Floreffe","nameFr":"Floreffe","nameDe":"Floreffe","province":"namur","region":"wallonia","areaKm2":38.93},"geometry":{"type":"Polygon","coordinates":[[[4.79898,50.39288],[4.80432,50.39589],[4.81084,50.40107],[4.81491,50.40279],[4.81927,50.40573],[4.82215,50.40673],[4.82432,50.40923],[4.82961,50.40858],[4.82925,50.4109],[4.82246,50.42403],[4.81775,50.42055],[4.81037,50.41675],[4.80783,50.41765],[4.80035,50.41374],[4.79843,50.41475],[4.79364,50.41428],[4.78716,50.4152],[4.78455,50.41464],[4.78552,50.41917],[4.78347,50.42793],[4.78481,50.43323],[4.7882,50.44024],[4.79126,50.44103],[4.79265,50.44284],[4.79011,50.44455],[4.79343,50.44876],[4.79081,50.44931],[4.7781,50.46112],[4.77669,50.46368],[4.77034,50.46966],[4.76249,50.46921],[4.7507,50.46458],[4.7387,50.46526],[4.73368,50.4662],[4.73432,50.4675],[4.73299,50.47191],[4.7187,50.46951],[4.71677,50.468],[4.71189,50.4673],[4.71621,50.46215],[4.71588,50.45638],[4.713,50.45447],[4.71397,50.45167],[4.70906,50.44711],[4.70952,50.4452],[4.7077,50.44283],[4.70456,50.44372],[4.70283,50.44215],[4.70172,50.43852],[4.69791,50.43471],[4.69901,50.43054],[4.69518,50.42817],[4.70234,50.42268],[4.70975,50.42061],[4.71479,50.41818],[4.71948,50.41276],[4.72369,50.41592],[4.72589,50.41578],[4.73166,50.41988],[4.75331,50.41293],[4.75782,50.41401],[4.76013,50.40794],[4.78568,50.40559],[4.79898,50.39288]]]}},{"type":"Feature","id":"92048","bbox":[4.583799,50.358355,4.798982,50.428166],"properties":{"nis":"92048","name":"Fosses-la-Ville","nameNl":"Fosses-la-Ville","nameFr":"Fosses-la-Ville","nameDe":"Fosses-la-Ville","province":"namur","region":"wallonia","areaKm2":63.08},"geometry":{"type":"Polygon","coordinates":[[[4.6079,50.40864],[4.60459,50.40862],[4.60328,50.40693],[4.60366,50.40284],[4.5995,50.40366],[4.59371,50.40185],[4.59343,50.39848],[4.58597,50.39973],[4.5838,50.39805],[4.5846,50.39674],[4.58947,50.3944],[4.59233,50.3915],[4.59776,50.38906],[4.60194,50.38857],[4.60547,50.38682],[4.60623,50.38346],[4.60004,50.38209],[4.59168,50.37957],[4.59522,50.37714],[4.59375,50.37433],[4.59427,50.37271],[4.59224,50.37041],[4.58786,50.36789],[4.58443,50.36401],[4.58839,50.36639],[4.59423,50.36499],[4.59627,50.36849],[4.60618,50.36585],[4.6061,50.36149],[4.60767,50.35919],[4.61131,50.35841],[4.61436,50.36162],[4.61724,50.35941],[4.62101,50.36079],[4.6249,50.35872],[4.62826,50.35838],[4.62783,50.36038],[4.6249,50.36271],[4.6272,50.36368],[4.62892,50.36651],[4.63592,50.36507],[4.63843,50.36747],[4.64444,50.36836],[4.65109,50.36731],[4.65389,50.36593],[4.66139,50.36588],[4.66406,50.36399],[4.67071,50.3617],[4.67694,50.36429],[4.68012,50.36669],[4.68372,50.36755],[4.68592,50.37108],[4.7046,50.37167],[4.70592,50.37391],[4.71452,50.37779],[4.71487,50.37978],[4.71863,50.37814],[4.73052,50.37823],[4.73738,50.37986],[4.74097,50.37968],[4.74234,50.38068],[4.74957,50.38244],[4.75606,50.38614],[4.7689,50.38891],[4.76957,50.39007],[4.77728,50.3912],[4.79421,50.39117],[4.79898,50.39288],[4.78568,50.40559],[4.76013,50.40794],[4.75782,50.41401],[4.75331,50.41293],[4.73166,50.41988],[4.72589,50.41578],[4.72369,50.41592],[4.71948,50.41276],[4.71479,50.41818],[4.70975,50.42061],[4.70234,50.42268],[4.69518,50.42817],[4.69143,50.42732],[4.6919,50.42587],[4.68231,50.42184],[4.67013,50.42093],[4.67027,50.41816],[4.66376,50.41676],[4.65982,50.41703],[4.65916,50.41998],[4.6523,50.42318],[4.65112,50.42555],[4.64758,50.42486],[4.65022,50.42181],[4.6474,50.421],[4.64636,50.41737],[4.64398,50.41549],[4.6283,50.407],[4.62378,50.40613],[4.62161,50.40342],[4.61326,50.4001],[4.60919,50.40372],[4.6079,50.40864]]]}},{"type":"Feature","id":"92054","bbox":[4.959519,50.373131,5.145115,50.462421],"properties":{"nis":"92054","name":"Gesves","nameNl":"Gesves","nameFr":"Gesves","nameDe":"Gesves","province":"namur","region":"wallonia","areaKm2":64.78},"geometry":{"type":"Polygon","coordinates":[[[5.09724,50.37313],[5.10064,50.37501],[5.11621,50.3812],[5.11973,50.378],[5.12681,50.38044],[5.12942,50.38072],[5.12761,50.38206],[5.12997,50.38351],[5.1344,50.38529],[5.1344,50.38774],[5.13806,50.38912],[5.13638,50.3912],[5.1347,50.39051],[5.13213,50.39283],[5.13391,50.39384],[5.13154,50.39636],[5.13253,50.39774],[5.13796,50.39988],[5.13658,50.40189],[5.1436,50.40472],[5.14512,50.40727],[5.14376,50.41041],[5.13607,50.40843],[5.12993,50.41301],[5.12739,50.41221],[5.12074,50.40692],[5.11002,50.41544],[5.10386,50.42102],[5.10112,50.42016],[5.09667,50.42056],[5.09053,50.42204],[5.07621,50.42739],[5.09288,50.43308],[5.10628,50.4385],[5.10197,50.44131],[5.10218,50.4436],[5.10049,50.44738],[5.09921,50.44926],[5.09611,50.44998],[5.08665,50.45896],[5.08354,50.45788],[5.08085,50.46049],[5.07718,50.46049],[5.07192,50.46242],[5.06992,50.45962],[5.06622,50.45779],[5.04699,50.45727],[5.03182,50.45724],[5.02346,50.45356],[5.01397,50.4508],[5.00873,50.4532],[5.00557,50.45254],[5.00172,50.45557],[4.99845,50.45514],[4.99509,50.45595],[4.99133,50.45438],[4.98757,50.45451],[4.98975,50.45275],[4.98747,50.4518],[4.97808,50.45237],[4.97541,50.45394],[4.97129,50.45439],[4.96662,50.45158],[4.97007,50.44787],[4.96706,50.44227],[4.95952,50.44211],[4.96149,50.4401],[4.96728,50.43633],[4.97143,50.43515],[4.9766,50.43094],[4.97362,50.42804],[4.96853,50.4258],[4.9742,50.42074],[4.97547,50.4185],[4.97659,50.41653],[4.97955,50.41707],[4.98407,50.41325],[4.98226,50.40953],[4.98718,50.40786],[4.99163,50.4088],[4.99099,50.41253],[4.9929,50.41249],[4.99474,50.40871],[5.00279,50.40858],[5.00377,50.40687],[5.00717,50.40921],[5.00787,50.41352],[5.01566,50.4173],[5.02071,50.41236],[5.02849,50.40826],[5.02888,50.4061],[5.0316,50.40516],[5.03435,50.40027],[5.03965,50.39726],[5.04601,50.38975],[5.04874,50.38746],[5.05427,50.38823],[5.06062,50.39102],[5.07015,50.39322],[5.07072,50.39111],[5.07693,50.38565],[5.08624,50.38951],[5.0907,50.39245],[5.09527,50.38684],[5.0971,50.38577],[5.09491,50.38459],[5.09673,50.38142],[5.09383,50.37933],[5.09319,50.37684],[5.09724,50.37313]]]}},{"type":"Feature","id":"92087","bbox":[4.582356,50.261421,4.767909,50.379857],"properties":{"nis":"92087","name":"Mettet","nameNl":"Mettet","nameFr":"Mettet","nameDe":"Mettet","province":"namur","region":"wallonia","areaKm2":116.57},"geometry":{"type":"Polygon","coordinates":[[[4.58443,50.36401],[4.58236,50.35729],[4.58264,50.35469],[4.58905,50.34977],[4.58502,50.34678],[4.58257,50.34381],[4.58236,50.34164],[4.58659,50.34141],[4.59388,50.33988],[4.59231,50.33745],[4.59384,50.33716],[4.59434,50.33252],[4.59409,50.3263],[4.58896,50.32333],[4.591,50.32306],[4.58867,50.32123],[4.59125,50.31444],[4.59108,50.31207],[4.59244,50.30576],[4.59147,50.30101],[4.58731,50.29714],[4.58528,50.29342],[4.5852,50.2884],[4.58926,50.28776],[4.59417,50.28916],[4.59627,50.29074],[4.62075,50.29612],[4.61604,50.29146],[4.61116,50.28555],[4.60413,50.28234],[4.60328,50.2808],[4.5974,50.27765],[4.59482,50.27405],[4.59778,50.27512],[4.60637,50.27627],[4.60911,50.27585],[4.61843,50.27693],[4.61821,50.27627],[4.63205,50.27514],[4.63735,50.27671],[4.6418,50.27687],[4.64303,50.27342],[4.6393,50.26994],[4.64044,50.26787],[4.64582,50.26714],[4.64938,50.26574],[4.65273,50.26566],[4.65438,50.26426],[4.65625,50.26563],[4.65917,50.26361],[4.66315,50.2641],[4.664,50.26142],[4.67111,50.26299],[4.66923,50.26517],[4.67133,50.26585],[4.68234,50.26679],[4.68434,50.27075],[4.69453,50.27301],[4.70149,50.27185],[4.70257,50.27763],[4.7051,50.27819],[4.70984,50.27708],[4.73446,50.27503],[4.74789,50.2746],[4.75327,50.27517],[4.75742,50.28251],[4.74333,50.2801],[4.73921,50.28703],[4.73465,50.28848],[4.73226,50.29365],[4.73523,50.2944],[4.73438,50.29717],[4.73825,50.3011],[4.73777,50.30658],[4.73223,50.30579],[4.72823,50.30684],[4.7285,50.30992],[4.72642,50.315],[4.72927,50.31553],[4.73248,50.31909],[4.73782,50.32775],[4.73692,50.3309],[4.74816,50.33587],[4.75295,50.33955],[4.75668,50.34351],[4.75863,50.35135],[4.75676,50.35618],[4.76785,50.35923],[4.76536,50.3617],[4.76046,50.36061],[4.76261,50.36272],[4.75359,50.36894],[4.7507,50.37027],[4.75282,50.37326],[4.75049,50.37245],[4.74952,50.37528],[4.75422,50.37706],[4.75426,50.37873],[4.74097,50.37968],[4.73738,50.37986],[4.73052,50.37823],[4.71863,50.37814],[4.71487,50.37978],[4.71452,50.37779],[4.70592,50.37391],[4.7046,50.37167],[4.68592,50.37108],[4.68372,50.36755],[4.68012,50.36669],[4.67694,50.36429],[4.67071,50.3617],[4.66406,50.36399],[4.66139,50.36588],[4.65389,50.36593],[4.65109,50.36731],[4.64444,50.36836],[4.63843,50.36747],[4.63592,50.36507],[4.62892,50.36651],[4.6272,50.36368],[4.6249,50.36271],[4.62783,50.36038],[4.62826,50.35838],[4.6249,50.35872],[4.62101,50.36079],[4.61724,50.35941],[4.61436,50.36162],[4.61131,50.35841],[4.60767,50.35919],[4.6061,50.36149],[4.60618,50.36585],[4.59627,50.36849],[4.59423,50.36499],[4.58839,50.36639],[4.58443,50.36401]]]}},{"type":"Feature","id":"92094","bbox":[4.723053,50.387283,4.984358,50.531102],"properties":{"nis":"92094","name":"Namur","nameNl":"Namen","nameFr":"Namur","nameDe":"Namur","province":"namur","region":"wallonia","areaKm2":175.54},"geometry":{"type":"Polygon","coordinates":[[[4.72431,50.49706],[4.72535,50.48863],[4.72313,50.48292],[4.72431,50.47783],[4.72643,50.47566],[4.73109,50.47374],[4.73299,50.47191],[4.73432,50.4675],[4.73368,50.4662],[4.7387,50.46526],[4.7507,50.46458],[4.76249,50.46921],[4.77034,50.46966],[4.77669,50.46368],[4.7781,50.46112],[4.79081,50.44931],[4.79343,50.44876],[4.79011,50.44455],[4.79265,50.44284],[4.79126,50.44103],[4.7882,50.44024],[4.78481,50.43323],[4.78347,50.42793],[4.78552,50.41917],[4.78455,50.41464],[4.78716,50.4152],[4.79364,50.41428],[4.79843,50.41475],[4.80035,50.41374],[4.80783,50.41765],[4.81037,50.41675],[4.81775,50.42055],[4.82246,50.42403],[4.82925,50.4109],[4.83805,50.40815],[4.83953,50.40422],[4.83925,50.40179],[4.84586,50.39583],[4.85154,50.39406],[4.85512,50.39085],[4.85952,50.39088],[4.86369,50.38971],[4.87435,50.38953],[4.88028,50.3902],[4.8812,50.39698],[4.88776,50.39662],[4.89306,50.39707],[4.90217,50.39636],[4.9057,50.39496],[4.90275,50.38991],[4.90973,50.38814],[4.91326,50.38859],[4.91919,50.38756],[4.92279,50.38863],[4.9242,50.39142],[4.92379,50.39581],[4.93508,50.39676],[4.93522,50.39797],[4.94073,50.40229],[4.9427,50.40664],[4.93995,50.40664],[4.93953,50.40839],[4.94567,50.41172],[4.94369,50.41378],[4.94361,50.41706],[4.95536,50.40968],[4.96163,50.41437],[4.9701,50.41598],[4.97547,50.4185],[4.9742,50.42074],[4.96853,50.4258],[4.97362,50.42804],[4.9766,50.43094],[4.97143,50.43515],[4.96728,50.43633],[4.96149,50.4401],[4.95952,50.44211],[4.96706,50.44227],[4.97007,50.44787],[4.96662,50.45158],[4.96477,50.45092],[4.96185,50.45464],[4.96536,50.45688],[4.96774,50.462],[4.97011,50.46377],[4.96596,50.46558],[4.96236,50.47067],[4.96668,50.47248],[4.97168,50.47679],[4.97223,50.4783],[4.97497,50.4772],[4.98197,50.48482],[4.98404,50.48976],[4.98154,50.49385],[4.98436,50.49664],[4.98217,50.49812],[4.98209,50.50021],[4.97049,50.5039],[4.96519,50.50709],[4.97022,50.5088],[4.97209,50.51043],[4.9736,50.51174],[4.9674,50.51643],[4.96316,50.51509],[4.95965,50.51689],[4.96003,50.51969],[4.95617,50.51856],[4.955,50.52151],[4.95312,50.52258],[4.94807,50.52175],[4.94287,50.51678],[4.94278,50.51096],[4.94054,50.50727],[4.93774,50.50474],[4.93507,50.50641],[4.9263,50.50665],[4.923,50.50943],[4.91961,50.51096],[4.92363,50.51317],[4.92952,50.51439],[4.93227,50.51614],[4.92605,50.51986],[4.92012,50.51891],[4.91702,50.51942],[4.9202,50.52225],[4.91905,50.52594],[4.91109,50.53003],[4.90804,50.52796],[4.90457,50.5311],[4.90307,50.5296],[4.89585,50.52676],[4.89853,50.52196],[4.89605,50.52058],[4.8916,50.52075],[4.89177,50.52465],[4.88326,50.52158],[4.87859,50.52223],[4.87949,50.52411],[4.87813,50.52702],[4.87389,50.52576],[4.87088,50.52619],[4.8672,50.52393],[4.86212,50.52339],[4.85894,50.52451],[4.85795,50.52335],[4.85202,50.52168],[4.85617,50.52008],[4.86029,50.5152],[4.85298,50.51355],[4.85515,50.5087],[4.84795,50.50706],[4.8483,50.50565],[4.83479,50.50336],[4.83451,50.50152],[4.83818,50.49738],[4.8338,50.49595],[4.83027,50.49267],[4.82964,50.49074],[4.8254,50.48917],[4.82526,50.48688],[4.81667,50.48986],[4.80485,50.49734],[4.79525,50.49474],[4.7872,50.49411],[4.78014,50.49559],[4.77604,50.4951],[4.77534,50.49855],[4.77307,50.50008],[4.77358,50.5019],[4.76807,50.50139],[4.76681,50.50484],[4.76549,50.50481],[4.76472,50.5082],[4.76257,50.50736],[4.75807,50.50781],[4.74815,50.50678],[4.7433,50.50477],[4.73767,50.50068],[4.73371,50.49986],[4.72719,50.49603],[4.72431,50.49706]]]}},{"type":"Feature","id":"92097","bbox":[5.076215,50.397653,5.237197,50.478927],"properties":{"nis":"92097","name":"Ohey","nameNl":"Ohey","nameFr":"Ohey","nameDe":"Ohey","province":"namur","region":"wallonia","areaKm2":56.52},"geometry":{"type":"Polygon","coordinates":[[[5.1436,50.40472],[5.15129,50.40789],[5.15994,50.4052],[5.16157,50.40336],[5.16581,50.40161],[5.1684,50.4017],[5.17121,50.40027],[5.17658,50.40361],[5.18162,50.40529],[5.1841,50.40511],[5.18699,50.40224],[5.18445,50.4012],[5.186,50.39967],[5.18882,50.40093],[5.1908,50.39996],[5.19278,50.40159],[5.1961,50.399],[5.20224,50.39765],[5.20337,50.39922],[5.20111,50.40255],[5.20521,50.4048],[5.20246,50.40708],[5.19963,50.41153],[5.20542,50.41391],[5.21149,50.41059],[5.21538,50.41239],[5.2211,50.41728],[5.23094,50.42276],[5.23502,50.4246],[5.2372,50.42703],[5.2329,50.4311],[5.2368,50.43821],[5.23006,50.44414],[5.2248,50.44247],[5.22137,50.44597],[5.21701,50.45241],[5.20959,50.46004],[5.20976,50.46133],[5.20629,50.46724],[5.20386,50.47372],[5.19885,50.47653],[5.19893,50.47881],[5.19684,50.47893],[5.19205,50.47818],[5.18995,50.47601],[5.18006,50.47599],[5.17252,50.46928],[5.16409,50.46767],[5.15747,50.46611],[5.15078,50.463],[5.15007,50.46355],[5.14439,50.46077],[5.13393,50.46059],[5.12758,50.45907],[5.12475,50.45708],[5.11891,50.45452],[5.11871,50.45272],[5.10049,50.44738],[5.10218,50.4436],[5.10197,50.44131],[5.10628,50.4385],[5.09288,50.43308],[5.07621,50.42739],[5.09053,50.42204],[5.09667,50.42056],[5.10112,50.42016],[5.10386,50.42102],[5.11002,50.41544],[5.12074,50.40692],[5.12739,50.41221],[5.12993,50.41301],[5.13607,50.40843],[5.14376,50.41041],[5.14512,50.40727],[5.1436,50.40472]]]}},{"type":"Feature","id":"92101","bbox":[4.740968,50.342803,4.91919,50.410901],"properties":{"nis":"92101","name":"Profondeville","nameNl":"Profondeville","nameFr":"Profondeville","nameDe":"Profondeville","province":"namur","region":"wallonia","areaKm2":50.16},"geometry":{"type":"Polygon","coordinates":[[[4.8616,50.351],[4.86668,50.35089],[4.87749,50.35326],[4.87808,50.35625],[4.87321,50.36037],[4.88067,50.36152],[4.88592,50.36102],[4.89583,50.36409],[4.8996,50.36789],[4.90397,50.36759],[4.90677,50.36876],[4.91073,50.36804],[4.90994,50.36946],[4.9141,50.37355],[4.91723,50.37148],[4.91885,50.37353],[4.91622,50.37476],[4.91647,50.37662],[4.91405,50.37697],[4.91566,50.38177],[4.91723,50.3828],[4.91919,50.38756],[4.91326,50.38859],[4.90973,50.38814],[4.90275,50.38991],[4.9057,50.39496],[4.90217,50.39636],[4.89306,50.39707],[4.88776,50.39662],[4.8812,50.39698],[4.88028,50.3902],[4.87435,50.38953],[4.86369,50.38971],[4.85952,50.39088],[4.85512,50.39085],[4.85154,50.39406],[4.84586,50.39583],[4.83925,50.40179],[4.83953,50.40422],[4.83805,50.40815],[4.82925,50.4109],[4.82961,50.40858],[4.82432,50.40923],[4.82215,50.40673],[4.81927,50.40573],[4.81491,50.40279],[4.81084,50.40107],[4.80432,50.39589],[4.79898,50.39288],[4.79421,50.39117],[4.77728,50.3912],[4.76957,50.39007],[4.7689,50.38891],[4.75606,50.38614],[4.74957,50.38244],[4.74234,50.38068],[4.74097,50.37968],[4.75426,50.37873],[4.75422,50.37706],[4.74952,50.37528],[4.75049,50.37245],[4.75282,50.37326],[4.7507,50.37027],[4.75359,50.36894],[4.76261,50.36272],[4.76046,50.36061],[4.76536,50.3617],[4.76785,50.35923],[4.75676,50.35618],[4.75863,50.35135],[4.75668,50.34351],[4.77182,50.3428],[4.77957,50.34353],[4.78864,50.34286],[4.79296,50.34348],[4.79152,50.34445],[4.7885,50.35417],[4.79062,50.35646],[4.80241,50.3549],[4.80673,50.35342],[4.80953,50.35544],[4.81614,50.35321],[4.81804,50.35512],[4.82271,50.35668],[4.81953,50.35862],[4.82296,50.36005],[4.82626,50.35954],[4.83105,50.36175],[4.84334,50.35946],[4.84681,50.35811],[4.84599,50.35562],[4.84796,50.35463],[4.84607,50.35354],[4.84991,50.35156],[4.85542,50.35374],[4.86105,50.35385],[4.8616,50.351]]]}},{"type":"Feature","id":"92114","bbox":[4.557379,50.484216,4.644939,50.569572],"properties":{"nis":"92114","name":"Sombreffe","nameNl":"Sombreffe","nameFr":"Sombreffe","nameDe":"Sombreffe","province":"namur","region":"wallonia","areaKm2":35.75},"geometry":{"type":"Polygon","coordinates":[[[4.62803,50.56433],[4.62135,50.56156],[4.61935,50.56369],[4.62056,50.56714],[4.61787,50.56957],[4.61111,50.56733],[4.60971,50.56947],[4.60209,50.56931],[4.60193,50.56769],[4.59737,50.5673],[4.58912,50.56252],[4.58465,50.56241],[4.57503,50.56081],[4.57428,50.55549],[4.57598,50.55216],[4.57744,50.54231],[4.58044,50.53474],[4.58048,50.53023],[4.57561,50.52632],[4.57675,50.52505],[4.57374,50.52112],[4.56572,50.51951],[4.56423,50.51745],[4.56616,50.51556],[4.56559,50.51367],[4.56192,50.51179],[4.56256,50.50824],[4.55738,50.50558],[4.55928,50.50372],[4.5599,50.49942],[4.56375,50.49761],[4.55963,50.49323],[4.56199,50.48937],[4.57888,50.49955],[4.58175,50.49851],[4.58545,50.49574],[4.59139,50.49899],[4.59487,50.49798],[4.58635,50.49373],[4.59052,50.49087],[4.58745,50.48983],[4.59095,50.487],[4.59213,50.48422],[4.6186,50.49135],[4.62556,50.49264],[4.62228,50.49469],[4.62061,50.49988],[4.62281,50.5001],[4.62152,50.50258],[4.62364,50.50529],[4.62916,50.5073],[4.63095,50.507],[4.63623,50.50873],[4.6443,50.51028],[4.64331,50.51255],[4.64032,50.51813],[4.63706,50.52258],[4.63401,50.52854],[4.63989,50.53504],[4.64001,50.53616],[4.64494,50.54068],[4.63858,50.54327],[4.63532,50.54547],[4.63102,50.54658],[4.62795,50.54875],[4.62528,50.55489],[4.63211,50.55674],[4.63049,50.55944],[4.62748,50.56022],[4.62803,50.56433]]]}},{"type":"Feature","id":"92137","bbox":[4.572686,50.400105,4.67027,50.492643],"properties":{"nis":"92137","name":"Sambreville","nameNl":"Sambreville","nameFr":"Sambreville","nameDe":"Sambreville","province":"namur","region":"wallonia","areaKm2":34.17},"geometry":{"type":"Polygon","coordinates":[[[4.59213,50.48422],[4.59492,50.48246],[4.60072,50.47667],[4.5948,50.4675],[4.59011,50.46412],[4.58719,50.46301],[4.58869,50.46154],[4.58784,50.45955],[4.58897,50.45744],[4.58551,50.4547],[4.573,50.45359],[4.57701,50.45202],[4.58238,50.44792],[4.58402,50.44576],[4.58146,50.44477],[4.58149,50.44204],[4.57868,50.44123],[4.57292,50.44262],[4.57269,50.44188],[4.57621,50.43866],[4.57826,50.43837],[4.58402,50.43844],[4.58431,50.43426],[4.58144,50.43296],[4.58653,50.43077],[4.59013,50.433],[4.59266,50.43184],[4.59464,50.42889],[4.60554,50.42634],[4.6104,50.42956],[4.61343,50.43033],[4.61727,50.42517],[4.61063,50.42189],[4.60962,50.41447],[4.6079,50.40864],[4.60919,50.40372],[4.61326,50.4001],[4.62161,50.40342],[4.62378,50.40613],[4.6283,50.407],[4.64398,50.41549],[4.64636,50.41737],[4.6474,50.421],[4.65022,50.42181],[4.64758,50.42486],[4.65112,50.42555],[4.6523,50.42318],[4.65916,50.41998],[4.65982,50.41703],[4.66376,50.41676],[4.67027,50.41816],[4.67013,50.42093],[4.66813,50.42456],[4.66427,50.42911],[4.66038,50.43769],[4.65842,50.4407],[4.66219,50.44248],[4.65982,50.44407],[4.65784,50.44369],[4.65213,50.44581],[4.65073,50.44708],[4.64467,50.44913],[4.64342,50.45177],[4.63794,50.45614],[4.63364,50.46288],[4.63338,50.46654],[4.63512,50.4677],[4.63838,50.47288],[4.64381,50.47695],[4.63851,50.48252],[4.63406,50.48608],[4.6294,50.48886],[4.62567,50.4895],[4.62712,50.49189],[4.62556,50.49264],[4.6186,50.49135],[4.59213,50.48422]]]}},{"type":"Feature","id":"92138","bbox":[4.917023,50.504737,5.05434,50.618604],"properties":{"nis":"92138","name":"Fernelmont","nameNl":"Fernelmont","nameFr":"Fernelmont","nameDe":"Fernelmont","province":"namur","region":"wallonia","areaKm2":65.61},"geometry":{"type":"Polygon","coordinates":[[[5.03425,50.53178],[5.03834,50.53474],[5.03831,50.53721],[5.04064,50.53659],[5.04601,50.53747],[5.04536,50.53904],[5.05201,50.53982],[5.05434,50.54099],[5.05116,50.54705],[5.04664,50.55132],[5.05115,50.55535],[5.0442,50.55768],[5.04856,50.56111],[5.03975,50.56796],[5.03354,50.57062],[5.0311,50.57436],[5.03021,50.57955],[5.0344,50.58231],[5.03281,50.58346],[5.02757,50.58451],[5.02865,50.5887],[5.01858,50.5908],[5.01387,50.59341],[5.00505,50.59685],[4.99906,50.60011],[4.99995,50.60568],[5.00299,50.60685],[5.00033,50.61042],[4.99311,50.61363],[4.98198,50.61667],[4.97931,50.6186],[4.96354,50.60557],[4.96663,50.60088],[4.97151,50.59641],[4.97553,50.59778],[4.98617,50.59606],[4.98036,50.58973],[4.98346,50.58469],[4.98113,50.58307],[4.97468,50.58636],[4.97108,50.58908],[4.96316,50.58485],[4.95901,50.58108],[4.95655,50.5811],[4.95232,50.57612],[4.9407,50.56881],[4.93799,50.56536],[4.9371,50.56208],[4.93481,50.5624],[4.93058,50.55962],[4.93172,50.55677],[4.93058,50.55109],[4.93522,50.54909],[4.93988,50.53707],[4.93464,50.53375],[4.91905,50.52594],[4.9202,50.52225],[4.91702,50.51942],[4.92012,50.51891],[4.92605,50.51986],[4.93227,50.51614],[4.92952,50.51439],[4.92363,50.51317],[4.91961,50.51096],[4.923,50.50943],[4.9263,50.50665],[4.93507,50.50641],[4.93774,50.50474],[4.94054,50.50727],[4.94278,50.51096],[4.94287,50.51678],[4.94807,50.52175],[4.95312,50.52258],[4.955,50.52151],[4.95617,50.51856],[4.96003,50.51969],[4.95965,50.51689],[4.96316,50.51509],[4.9674,50.51643],[4.9736,50.51174],[4.97209,50.51043],[4.97398,50.50793],[4.97877,50.50865],[4.98189,50.51207],[4.98655,50.51319],[4.98934,50.51492],[4.99524,50.51566],[4.99644,50.5144],[4.99954,50.51557],[5.00279,50.51476],[5.00555,50.51552],[5.00971,50.51108],[5.01282,50.51148],[5.02008,50.514],[5.02426,50.51683],[5.02807,50.51822],[5.02829,50.51975],[5.02549,50.52313],[5.02641,50.52353],[5.02963,50.52936],[5.03425,50.53178]]]}},{"type":"Feature","id":"92140","bbox":[4.62061,50.420934,4.732991,50.512994],"properties":{"nis":"92140","name":"Jemeppe-sur-Sambre","nameNl":"Jemeppe-sur-Sambre","nameFr":"Jemeppe-sur-Sambre","nameDe":"Jemeppe-sur-Sambre","province":"namur","region":"wallonia","areaKm2":46.81},"geometry":{"type":"Polygon","coordinates":[[[4.62556,50.49264],[4.62712,50.49189],[4.62567,50.4895],[4.6294,50.48886],[4.63406,50.48608],[4.63851,50.48252],[4.64381,50.47695],[4.63838,50.47288],[4.63512,50.4677],[4.63338,50.46654],[4.63364,50.46288],[4.63794,50.45614],[4.64342,50.45177],[4.64467,50.44913],[4.65073,50.44708],[4.65213,50.44581],[4.65784,50.44369],[4.65982,50.44407],[4.66219,50.44248],[4.65842,50.4407],[4.66038,50.43769],[4.66427,50.42911],[4.66813,50.42456],[4.67013,50.42093],[4.68231,50.42184],[4.6919,50.42587],[4.69143,50.42732],[4.69518,50.42817],[4.69901,50.43054],[4.69791,50.43471],[4.70172,50.43852],[4.70283,50.44215],[4.70456,50.44372],[4.7077,50.44283],[4.70952,50.4452],[4.70906,50.44711],[4.71397,50.45167],[4.713,50.45447],[4.71588,50.45638],[4.71621,50.46215],[4.71189,50.4673],[4.71677,50.468],[4.7187,50.46951],[4.73299,50.47191],[4.73109,50.47374],[4.72643,50.47566],[4.72431,50.47783],[4.72313,50.48292],[4.72535,50.48863],[4.72431,50.49706],[4.69898,50.50524],[4.68033,50.50035],[4.67317,50.50121],[4.66626,50.49952],[4.65997,50.5123],[4.64618,50.51299],[4.64331,50.51255],[4.6443,50.51028],[4.63623,50.50873],[4.63095,50.507],[4.62916,50.5073],[4.62364,50.50529],[4.62152,50.50258],[4.62281,50.5001],[4.62061,50.49988],[4.62228,50.49469],[4.62556,50.49264]]]}},{"type":"Feature","id":"92141","bbox":[4.744555,50.486875,4.898529,50.573355],"properties":{"nis":"92141","name":"La Bruyère","nameNl":"La Bruyère","nameFr":"La Bruyère","nameDe":"La Bruyère","province":"namur","region":"wallonia","areaKm2":52.88},"geometry":{"type":"Polygon","coordinates":[[[4.75807,50.50781],[4.76257,50.50736],[4.76472,50.5082],[4.76549,50.50481],[4.76681,50.50484],[4.76807,50.50139],[4.77358,50.5019],[4.77307,50.50008],[4.77534,50.49855],[4.77604,50.4951],[4.78014,50.49559],[4.7872,50.49411],[4.79525,50.49474],[4.80485,50.49734],[4.81667,50.48986],[4.82526,50.48688],[4.8254,50.48917],[4.82964,50.49074],[4.83027,50.49267],[4.8338,50.49595],[4.83818,50.49738],[4.83451,50.50152],[4.83479,50.50336],[4.8483,50.50565],[4.84795,50.50706],[4.85515,50.5087],[4.85298,50.51355],[4.86029,50.5152],[4.85617,50.52008],[4.85202,50.52168],[4.85795,50.52335],[4.85894,50.52451],[4.86212,50.52339],[4.8672,50.52393],[4.87088,50.52619],[4.87389,50.52576],[4.87813,50.52702],[4.87949,50.52411],[4.87859,50.52223],[4.88326,50.52158],[4.89177,50.52465],[4.8916,50.52075],[4.89605,50.52058],[4.89853,50.52196],[4.89585,50.52676],[4.89029,50.53273],[4.89156,50.53346],[4.88821,50.53496],[4.88393,50.5309],[4.87258,50.53467],[4.87541,50.53912],[4.873,50.5417],[4.87567,50.54224],[4.87497,50.5445],[4.87204,50.54564],[4.86682,50.54533],[4.86453,50.54659],[4.86093,50.54397],[4.85758,50.54661],[4.85045,50.54869],[4.83851,50.55392],[4.83614,50.54661],[4.83288,50.54534],[4.83334,50.55024],[4.83271,50.55456],[4.82775,50.55922],[4.81799,50.55387],[4.80848,50.56371],[4.80233,50.5678],[4.80441,50.56913],[4.79721,50.57336],[4.79098,50.57212],[4.78963,50.57182],[4.77553,50.56206],[4.76244,50.55845],[4.76527,50.55651],[4.76367,50.55414],[4.76324,50.55643],[4.75727,50.55827],[4.75527,50.56115],[4.75315,50.56008],[4.7568,50.55692],[4.75375,50.55544],[4.75663,50.55498],[4.7518,50.55094],[4.75396,50.54926],[4.74456,50.54396],[4.74985,50.54158],[4.75387,50.53719],[4.75428,50.53387],[4.75642,50.5321],[4.76155,50.53083],[4.76142,50.52851],[4.75638,50.52622],[4.76349,50.52102],[4.76769,50.51898],[4.76046,50.5141],[4.75513,50.51216],[4.75807,50.50781]]]}},{"type":"Feature","id":"92142","bbox":[4.625279,50.496029,4.806649,50.611412],"properties":{"nis":"92142","name":"Gembloux","nameNl":"Gembloers","nameFr":"Gembloux","nameDe":"Gembloux","province":"namur","region":"wallonia","areaKm2":96.09},"geometry":{"type":"Polygon","coordinates":[[[4.79098,50.57212],[4.78703,50.57644],[4.78979,50.579],[4.78835,50.58045],[4.79176,50.58496],[4.7933,50.58336],[4.79949,50.58256],[4.80665,50.58514],[4.79961,50.59223],[4.7883,50.60211],[4.78668,50.60151],[4.78776,50.59842],[4.79265,50.59557],[4.79701,50.59201],[4.7912,50.58955],[4.78719,50.59631],[4.78695,50.59814],[4.78276,50.60057],[4.77882,50.60096],[4.77595,50.59935],[4.77191,50.6006],[4.76607,50.5997],[4.76131,50.59772],[4.75299,50.59298],[4.74905,50.58947],[4.74337,50.5894],[4.74681,50.59256],[4.74403,50.59339],[4.74098,50.59798],[4.74537,50.60102],[4.74384,50.60373],[4.74128,50.60301],[4.73731,50.60531],[4.73901,50.60874],[4.73451,50.61065],[4.73184,50.6103],[4.73073,50.60859],[4.72724,50.61134],[4.7251,50.61141],[4.72323,50.60848],[4.7194,50.60987],[4.71744,50.60785],[4.71415,50.60843],[4.71005,50.60511],[4.70742,50.60399],[4.70826,50.60226],[4.71141,50.60124],[4.70959,50.59984],[4.71156,50.59809],[4.71087,50.59573],[4.70386,50.5957],[4.70476,50.59423],[4.69703,50.5991],[4.69513,50.59804],[4.69097,50.60017],[4.69046,50.59945],[4.68036,50.60434],[4.67871,50.60303],[4.67261,50.60813],[4.66041,50.6045],[4.65926,50.60205],[4.65686,50.60146],[4.65624,50.59987],[4.65613,50.59203],[4.65828,50.5869],[4.65682,50.58588],[4.66135,50.57866],[4.66205,50.57648],[4.67304,50.57088],[4.66857,50.56688],[4.6687,50.5658],[4.6646,50.5659],[4.66245,50.56477],[4.64441,50.56023],[4.64357,50.56435],[4.64188,50.56504],[4.63761,50.56264],[4.63366,50.56622],[4.62928,50.56388],[4.62803,50.56433],[4.62748,50.56022],[4.63049,50.55944],[4.63211,50.55674],[4.62528,50.55489],[4.62795,50.54875],[4.63102,50.54658],[4.63532,50.54547],[4.63858,50.54327],[4.64494,50.54068],[4.64001,50.53616],[4.63989,50.53504],[4.63401,50.52854],[4.63706,50.52258],[4.64032,50.51813],[4.64331,50.51255],[4.64618,50.51299],[4.65997,50.5123],[4.66626,50.49952],[4.67317,50.50121],[4.68033,50.50035],[4.69898,50.50524],[4.72431,50.49706],[4.72719,50.49603],[4.73371,50.49986],[4.73767,50.50068],[4.7433,50.50477],[4.74815,50.50678],[4.75807,50.50781],[4.75513,50.51216],[4.76046,50.5141],[4.76769,50.51898],[4.76349,50.52102],[4.75638,50.52622],[4.76142,50.52851],[4.76155,50.53083],[4.75642,50.5321],[4.75428,50.53387],[4.75387,50.53719],[4.74985,50.54158],[4.74456,50.54396],[4.75396,50.54926],[4.7518,50.55094],[4.75663,50.55498],[4.75375,50.55544],[4.7568,50.55692],[4.75315,50.56008],[4.75527,50.56115],[4.75727,50.55827],[4.76324,50.55643],[4.76367,50.55414],[4.76527,50.55651],[4.76244,50.55845],[4.77553,50.56206],[4.78963,50.57182],[4.79098,50.57212]]]}},{"type":"Feature","id":"93010","bbox":[4.361713,50.121726,4.518869,50.240735],"properties":{"nis":"93010","name":"Cerfontaine","nameNl":"Cerfontaine","nameFr":"Cerfontaine","nameDe":"Cerfontaine","province":"namur","region":"wallonia","areaKm2":83.17},"geometry":{"type":"Polygon","coordinates":[[[4.40068,50.12285],[4.40697,50.12173],[4.40805,50.12282],[4.41579,50.12595],[4.41862,50.12855],[4.42214,50.12974],[4.42483,50.12739],[4.43104,50.12806],[4.43486,50.12981],[4.44114,50.12963],[4.44608,50.13246],[4.44735,50.1343],[4.45025,50.13412],[4.45908,50.13592],[4.46529,50.13457],[4.47648,50.13933],[4.47622,50.14165],[4.48231,50.1464],[4.48104,50.14842],[4.48375,50.1534],[4.48761,50.1557],[4.48871,50.15858],[4.49082,50.15905],[4.48973,50.1658],[4.49771,50.1718],[4.49659,50.17729],[4.50265,50.17955],[4.50392,50.18346],[4.5071,50.18628],[4.51445,50.18766],[4.51339,50.19883],[4.51887,50.2059],[4.515,50.20593],[4.50711,50.20308],[4.50624,50.20215],[4.49902,50.2004],[4.49504,50.20116],[4.48746,50.20767],[4.48254,50.21734],[4.47687,50.21601],[4.47083,50.21675],[4.47113,50.2198],[4.4682,50.22327],[4.46807,50.22526],[4.45738,50.22665],[4.45145,50.22965],[4.44535,50.22979],[4.44272,50.22699],[4.43608,50.22924],[4.43436,50.23083],[4.43072,50.22918],[4.42919,50.23098],[4.42225,50.23382],[4.42077,50.23605],[4.42314,50.23928],[4.41747,50.24073],[4.41372,50.23974],[4.41309,50.238],[4.40707,50.23686],[4.39611,50.23932],[4.39386,50.23316],[4.40097,50.23306],[4.39878,50.22938],[4.40051,50.22946],[4.39984,50.22588],[4.39571,50.22561],[4.39733,50.22361],[4.39445,50.22309],[4.39483,50.21989],[4.39752,50.21805],[4.39518,50.21738],[4.39871,50.21347],[4.39151,50.21172],[4.3913,50.20893],[4.39271,50.20421],[4.38925,50.20044],[4.39257,50.19797],[4.39059,50.19474],[4.39589,50.19299],[4.39533,50.1871],[4.39752,50.18597],[4.3937,50.18131],[4.38643,50.17947],[4.37654,50.17439],[4.368,50.17313],[4.36171,50.17066],[4.36369,50.16438],[4.36524,50.16213],[4.36334,50.16155],[4.36531,50.1571],[4.36623,50.15764],[4.37548,50.15669],[4.37591,50.15328],[4.38128,50.15324],[4.38473,50.15059],[4.38749,50.14668],[4.38848,50.14192],[4.38431,50.13585],[4.38812,50.13415],[4.38996,50.12983],[4.39441,50.12961],[4.39681,50.12732],[4.39801,50.12449],[4.40068,50.12285]]]}},{"type":"Feature","id":"93014","bbox":[4.385621,49.937215,4.605248,50.139608],"properties":{"nis":"93014","name":"Couvin","nameNl":"Couvin","nameFr":"Couvin","nameDe":"Couvin","province":"namur","region":"wallonia","areaKm2":206.22},"geometry":{"type":"Polygon","coordinates":[[[4.40068,50.12285],[4.39773,50.12206],[4.39639,50.11793],[4.39205,50.11626],[4.38812,50.11299],[4.38562,50.10901],[4.38659,50.10689],[4.38926,50.09975],[4.3903,50.09537],[4.38981,50.09217],[4.3915,50.08907],[4.3915,50.08535],[4.39411,50.08109],[4.39242,50.07771],[4.39171,50.07083],[4.39016,50.06729],[4.39192,50.06208],[4.39482,50.06194],[4.39369,50.05974],[4.39559,50.05749],[4.38959,50.05125],[4.39353,50.04759],[4.40094,50.05101],[4.40143,50.04801],[4.40634,50.04961],[4.40957,50.04525],[4.40774,50.04196],[4.40651,50.03689],[4.40864,50.03726],[4.41018,50.03104],[4.40984,50.02785],[4.41473,50.01302],[4.41537,50.00817],[4.41312,50.00087],[4.41488,49.99658],[4.41743,49.99476],[4.4196,49.98819],[4.42448,49.98162],[4.43507,49.973],[4.44079,49.9633],[4.44609,49.9536],[4.43909,49.94672],[4.4327,49.94174],[4.43572,49.94069],[4.44114,49.94109],[4.44551,49.93722],[4.48117,49.94813],[4.48606,49.94616],[4.49524,49.94857],[4.51122,49.94652],[4.51466,49.94982],[4.51867,49.95168],[4.52358,49.95026],[4.52473,49.95371],[4.53175,49.96049],[4.53346,49.96273],[4.54136,49.96831],[4.54113,49.96954],[4.54751,49.96828],[4.55271,49.96854],[4.55935,49.97002],[4.56455,49.97049],[4.5665,49.97232],[4.57192,49.97469],[4.57372,49.9774],[4.5737,49.98009],[4.58179,49.98358],[4.58897,49.98431],[4.59281,49.98561],[4.60024,49.98634],[4.60525,49.98908],[4.60292,49.99366],[4.6032,49.99595],[4.59854,50.00053],[4.60108,50.00565],[4.60038,50.00875],[4.60306,50.01293],[4.60195,50.01811],[4.59177,50.0168],[4.57637,50.01249],[4.57194,50.00888],[4.56733,50.01671],[4.56599,50.02179],[4.55872,50.02731],[4.55699,50.03091],[4.55229,50.03481],[4.54989,50.04353],[4.54495,50.04591],[4.54262,50.04901],[4.54176,50.0528],[4.54525,50.05395],[4.54535,50.05594],[4.54347,50.06235],[4.53511,50.06597],[4.53024,50.06646],[4.52644,50.07037],[4.52899,50.0719],[4.53259,50.07978],[4.53015,50.08418],[4.54095,50.0871],[4.53893,50.09186],[4.52738,50.11369],[4.51606,50.11131],[4.51006,50.11081],[4.50519,50.11167],[4.49268,50.12314],[4.48958,50.12564],[4.4898,50.13267],[4.48752,50.13678],[4.4854,50.13792],[4.47764,50.13961],[4.47648,50.13933],[4.46529,50.13457],[4.45908,50.13592],[4.45025,50.13412],[4.44735,50.1343],[4.44608,50.13246],[4.44114,50.12963],[4.43486,50.12981],[4.43104,50.12806],[4.42483,50.12739],[4.42214,50.12974],[4.41862,50.12855],[4.41579,50.12595],[4.40805,50.12282],[4.40697,50.12173],[4.40068,50.12285]]]}},{"type":"Feature","id":"93018","bbox":[4.581971,50.092159,4.799454,50.209984],"properties":{"nis":"93018","name":"Doische","nameNl":"Doische","nameFr":"Doische","nameDe":"Doische","province":"namur","region":"wallonia","areaKm2":83.77},"geometry":{"type":"Polygon","coordinates":[[[4.79637,50.14829],[4.79459,50.14908],[4.76885,50.15083],[4.76671,50.15288],[4.76481,50.15693],[4.75743,50.15923],[4.75237,50.1618],[4.75693,50.16809],[4.76587,50.16593],[4.77646,50.16814],[4.78095,50.17072],[4.79474,50.17603],[4.79946,50.17841],[4.79434,50.18369],[4.78663,50.18627],[4.78404,50.18601],[4.78378,50.19056],[4.78184,50.19366],[4.78058,50.20136],[4.77851,50.20184],[4.77503,50.19876],[4.76974,50.19867],[4.76812,50.20021],[4.76761,50.2036],[4.76353,50.20109],[4.76162,50.20428],[4.75785,50.20078],[4.75457,50.20392],[4.75381,50.20653],[4.74838,50.20686],[4.74359,50.20958],[4.73923,50.20926],[4.734,50.2099],[4.72741,50.20158],[4.72792,50.20015],[4.71923,50.1998],[4.71433,50.19756],[4.71659,50.19471],[4.7117,50.19238],[4.71323,50.19156],[4.71007,50.18899],[4.71862,50.18765],[4.71525,50.17435],[4.72078,50.16719],[4.72122,50.16472],[4.7291,50.163],[4.72936,50.1547],[4.71581,50.15059],[4.70938,50.15096],[4.70218,50.14958],[4.69444,50.14666],[4.6932,50.14502],[4.68844,50.146],[4.68018,50.15219],[4.67361,50.15408],[4.66724,50.15797],[4.65022,50.15294],[4.64519,50.15253],[4.63972,50.15381],[4.63388,50.15262],[4.63056,50.15114],[4.62861,50.15231],[4.62306,50.15089],[4.62166,50.1515],[4.61564,50.14912],[4.60652,50.1448],[4.60815,50.14222],[4.6037,50.13575],[4.60455,50.13481],[4.6018,50.13252],[4.6025,50.13148],[4.58197,50.12471],[4.58494,50.12314],[4.59021,50.10979],[4.59186,50.10895],[4.59393,50.106],[4.59687,50.10727],[4.59896,50.10661],[4.60951,50.10761],[4.61122,50.10511],[4.61382,50.1047],[4.61858,50.10033],[4.61804,50.0992],[4.62023,50.09466],[4.6228,50.09216],[4.62647,50.09371],[4.62829,50.09574],[4.63346,50.09753],[4.6384,50.09722],[4.63847,50.10112],[4.64272,50.10227],[4.64638,50.10617],[4.65646,50.10711],[4.66714,50.10934],[4.67349,50.11149],[4.67872,50.11392],[4.68249,50.11173],[4.68561,50.11183],[4.69225,50.11058],[4.70163,50.11148],[4.70979,50.10925],[4.71459,50.11104],[4.71929,50.11143],[4.72194,50.10377],[4.7196,50.1018],[4.73111,50.10577],[4.73832,50.10764],[4.75179,50.11199],[4.75328,50.11655],[4.74826,50.12233],[4.7561,50.12159],[4.76287,50.13439],[4.76217,50.13645],[4.77271,50.14011],[4.77991,50.1415],[4.79637,50.14829]]]}},{"type":"Feature","id":"93022","bbox":[4.504586,50.197558,4.788215,50.323089],"properties":{"nis":"93022","name":"Florennes","nameNl":"Florennes","nameFr":"Florennes","nameDe":"Florennes","province":"namur","region":"wallonia","areaKm2":133.73},"geometry":{"type":"Polygon","coordinates":[[[4.71433,50.19756],[4.71923,50.1998],[4.72792,50.20015],[4.72741,50.20158],[4.734,50.2099],[4.73923,50.20926],[4.74359,50.20958],[4.74838,50.20686],[4.75381,50.20653],[4.75457,50.20392],[4.75785,50.20078],[4.76162,50.20428],[4.76353,50.20109],[4.76761,50.2036],[4.76812,50.20021],[4.76974,50.19867],[4.77503,50.19876],[4.77851,50.20184],[4.78058,50.20136],[4.78298,50.20114],[4.78397,50.20311],[4.78113,50.20476],[4.78767,50.20392],[4.78317,50.20815],[4.7747,50.20974],[4.77059,50.21551],[4.7652,50.2147],[4.76276,50.21578],[4.76341,50.21752],[4.76683,50.21896],[4.76708,50.22214],[4.76899,50.22453],[4.75823,50.22282],[4.75075,50.22214],[4.74811,50.22302],[4.7491,50.22833],[4.75145,50.22965],[4.7493,50.23353],[4.74961,50.23931],[4.74654,50.24409],[4.73649,50.24958],[4.74437,50.25644],[4.75936,50.26603],[4.76166,50.26778],[4.76569,50.27496],[4.75327,50.27517],[4.74789,50.2746],[4.73446,50.27503],[4.70984,50.27708],[4.7051,50.27819],[4.70257,50.27763],[4.70149,50.27185],[4.69453,50.27301],[4.68434,50.27075],[4.68234,50.26679],[4.67133,50.26585],[4.66923,50.26517],[4.67111,50.26299],[4.664,50.26142],[4.66315,50.2641],[4.65917,50.26361],[4.65625,50.26563],[4.65438,50.26426],[4.65273,50.26566],[4.64938,50.26574],[4.64582,50.26714],[4.64044,50.26787],[4.6393,50.26994],[4.64303,50.27342],[4.6418,50.27687],[4.63735,50.27671],[4.63205,50.27514],[4.61821,50.27627],[4.61843,50.27693],[4.60911,50.27585],[4.60637,50.27627],[4.59778,50.27512],[4.59482,50.27405],[4.5974,50.27765],[4.60328,50.2808],[4.60413,50.28234],[4.61116,50.28555],[4.61604,50.29146],[4.62075,50.29612],[4.59627,50.29074],[4.59417,50.28916],[4.58926,50.28776],[4.5852,50.2884],[4.58528,50.29342],[4.58731,50.29714],[4.59147,50.30101],[4.59244,50.30576],[4.59108,50.31207],[4.59125,50.31444],[4.58867,50.32123],[4.5749,50.32236],[4.57168,50.32201],[4.56884,50.32309],[4.56358,50.32268],[4.5574,50.31996],[4.55134,50.31978],[4.54193,50.3177],[4.53943,50.31764],[4.5282,50.31514],[4.51809,50.31516],[4.51738,50.30714],[4.51887,50.3059],[4.51158,50.3016],[4.50775,50.29715],[4.50459,50.29586],[4.50563,50.2924],[4.50829,50.28974],[4.51342,50.28872],[4.51457,50.28678],[4.51115,50.28543],[4.5123,50.28436],[4.5169,50.28664],[4.52315,50.28524],[4.52131,50.28726],[4.52822,50.28611],[4.52912,50.2839],[4.5254,50.27891],[4.52236,50.27713],[4.52401,50.27575],[4.52305,50.27037],[4.53061,50.26593],[4.53156,50.26279],[4.53307,50.26276],[4.53346,50.25942],[4.53246,50.2576],[4.53267,50.25159],[4.53555,50.24889],[4.54405,50.24292],[4.54195,50.23157],[4.54516,50.22872],[4.5409,50.22568],[4.55316,50.21704],[4.55271,50.21508],[4.55564,50.21084],[4.56255,50.21235],[4.568,50.21448],[4.57147,50.21349],[4.58141,50.21449],[4.5814,50.21666],[4.58461,50.21689],[4.58476,50.21513],[4.59003,50.21378],[4.5998,50.21368],[4.60242,50.21427],[4.60553,50.21675],[4.61364,50.217],[4.62045,50.21815],[4.62398,50.21582],[4.63581,50.21373],[4.64221,50.21421],[4.64569,50.21585],[4.64783,50.21431],[4.6518,50.21515],[4.65637,50.21755],[4.66064,50.2181],[4.66235,50.21565],[4.66874,50.2135],[4.66853,50.21512],[4.67277,50.21512],[4.67573,50.21242],[4.68336,50.21215],[4.68535,50.20922],[4.68896,50.20864],[4.69051,50.21092],[4.69411,50.21076],[4.69141,50.21318],[4.69155,50.21499],[4.69437,50.2172],[4.70328,50.21703],[4.70433,50.21553],[4.70143,50.21377],[4.7058,50.21126],[4.70855,50.20725],[4.70686,50.20559],[4.70902,50.20339],[4.71642,50.2019],[4.71368,50.19905],[4.71433,50.19756]]]}},{"type":"Feature","id":"93056","bbox":[4.476214,50.091194,4.729364,50.231429],"properties":{"nis":"93056","name":"Philippeville","nameNl":"Philippeville","nameFr":"Philippeville","nameDe":"Philippeville","province":"namur","region":"wallonia","areaKm2":156.82},"geometry":{"type":"Polygon","coordinates":[[[4.5409,50.22568],[4.53816,50.22767],[4.53788,50.23143],[4.53189,50.23026],[4.51927,50.22949],[4.51455,50.22998],[4.50875,50.22846],[4.50665,50.22665],[4.50822,50.22485],[4.50551,50.22351],[4.49964,50.22376],[4.4993,50.22261],[4.49421,50.22223],[4.49153,50.22034],[4.48254,50.21734],[4.48746,50.20767],[4.49504,50.20116],[4.49902,50.2004],[4.50624,50.20215],[4.50711,50.20308],[4.515,50.20593],[4.51887,50.2059],[4.51339,50.19883],[4.51445,50.18766],[4.5071,50.18628],[4.50392,50.18346],[4.50265,50.17955],[4.49659,50.17729],[4.49771,50.1718],[4.48973,50.1658],[4.49082,50.15905],[4.48871,50.15858],[4.48761,50.1557],[4.48375,50.1534],[4.48104,50.14842],[4.48231,50.1464],[4.47622,50.14165],[4.47648,50.13933],[4.47764,50.13961],[4.4854,50.13792],[4.48752,50.13678],[4.4898,50.13267],[4.48958,50.12564],[4.49268,50.12314],[4.50519,50.11167],[4.51006,50.11081],[4.51606,50.11131],[4.52738,50.11369],[4.53893,50.09186],[4.54282,50.0912],[4.56224,50.09443],[4.56788,50.09312],[4.57073,50.09393],[4.58841,50.10122],[4.5877,50.10336],[4.58441,50.1073],[4.59186,50.10895],[4.59021,50.10979],[4.58494,50.12314],[4.58197,50.12471],[4.6025,50.13148],[4.6018,50.13252],[4.60455,50.13481],[4.6037,50.13575],[4.60815,50.14222],[4.60652,50.1448],[4.61564,50.14912],[4.62166,50.1515],[4.62306,50.15089],[4.62861,50.15231],[4.63056,50.15114],[4.63388,50.15262],[4.63972,50.15381],[4.64519,50.15253],[4.65022,50.15294],[4.66724,50.15797],[4.67361,50.15408],[4.68018,50.15219],[4.68844,50.146],[4.6932,50.14502],[4.69444,50.14666],[4.70218,50.14958],[4.70938,50.15096],[4.71581,50.15059],[4.72936,50.1547],[4.7291,50.163],[4.72122,50.16472],[4.72078,50.16719],[4.71525,50.17435],[4.71862,50.18765],[4.71007,50.18899],[4.71323,50.19156],[4.7117,50.19238],[4.71659,50.19471],[4.71433,50.19756],[4.71368,50.19905],[4.71642,50.2019],[4.70902,50.20339],[4.70686,50.20559],[4.70855,50.20725],[4.7058,50.21126],[4.70143,50.21377],[4.70433,50.21553],[4.70328,50.21703],[4.69437,50.2172],[4.69155,50.21499],[4.69141,50.21318],[4.69411,50.21076],[4.69051,50.21092],[4.68896,50.20864],[4.68535,50.20922],[4.68336,50.21215],[4.67573,50.21242],[4.67277,50.21512],[4.66853,50.21512],[4.66874,50.2135],[4.66235,50.21565],[4.66064,50.2181],[4.65637,50.21755],[4.6518,50.21515],[4.64783,50.21431],[4.64569,50.21585],[4.64221,50.21421],[4.63581,50.21373],[4.62398,50.21582],[4.62045,50.21815],[4.61364,50.217],[4.60553,50.21675],[4.60242,50.21427],[4.5998,50.21368],[4.59003,50.21378],[4.58476,50.21513],[4.58461,50.21689],[4.5814,50.21666],[4.58141,50.21449],[4.57147,50.21349],[4.568,50.21448],[4.56255,50.21235],[4.55564,50.21084],[4.55271,50.21508],[4.55316,50.21704],[4.5409,50.22568]]]}},{"type":"Feature","id":"93088","bbox":[4.285752,50.216009,4.545161,50.328957],"properties":{"nis":"93088","name":"Walcourt","nameNl":"Walcourt","nameFr":"Walcourt","nameDe":"Walcourt","province":"namur","region":"wallonia","areaKm2":123.26},"geometry":{"type":"Polygon","coordinates":[[[4.48254,50.21734],[4.49153,50.22034],[4.49421,50.22223],[4.4993,50.22261],[4.49964,50.22376],[4.50551,50.22351],[4.50822,50.22485],[4.50665,50.22665],[4.50875,50.22846],[4.51455,50.22998],[4.51927,50.22949],[4.53189,50.23026],[4.53788,50.23143],[4.53816,50.22767],[4.5409,50.22568],[4.54516,50.22872],[4.54195,50.23157],[4.54405,50.24292],[4.53555,50.24889],[4.53267,50.25159],[4.53246,50.2576],[4.53346,50.25942],[4.53307,50.26276],[4.53156,50.26279],[4.53061,50.26593],[4.52305,50.27037],[4.52401,50.27575],[4.52236,50.27713],[4.5254,50.27891],[4.52912,50.2839],[4.52822,50.28611],[4.52131,50.28726],[4.52315,50.28524],[4.5169,50.28664],[4.5123,50.28436],[4.51115,50.28543],[4.51457,50.28678],[4.51342,50.28872],[4.50829,50.28974],[4.50563,50.2924],[4.50459,50.29586],[4.50775,50.29715],[4.51158,50.3016],[4.51887,50.3059],[4.51738,50.30714],[4.51809,50.31516],[4.51786,50.31852],[4.51236,50.32075],[4.5052,50.32164],[4.50786,50.32516],[4.50445,50.32893],[4.49054,50.32867],[4.48786,50.32804],[4.48417,50.32892],[4.47615,50.32663],[4.47495,50.3275],[4.47296,50.32633],[4.47162,50.32341],[4.47098,50.3186],[4.46329,50.31366],[4.46618,50.31018],[4.46317,50.30819],[4.46004,50.30836],[4.45665,50.3049],[4.45382,50.30486],[4.45192,50.30625],[4.44457,50.30805],[4.43786,50.30749],[4.43492,50.30787],[4.43193,50.31043],[4.42995,50.30827],[4.42607,50.308],[4.42459,50.30648],[4.4195,50.30554],[4.41958,50.30715],[4.41188,50.30805],[4.40235,50.31115],[4.40114,50.3076],[4.40453,50.30459],[4.39743,50.29751],[4.39901,50.29694],[4.39416,50.29356],[4.38665,50.28997],[4.37814,50.2911],[4.37711,50.28958],[4.37216,50.29195],[4.36937,50.29186],[4.36787,50.2888],[4.36925,50.28738],[4.36825,50.28435],[4.36355,50.28258],[4.3621,50.28319],[4.36074,50.27922],[4.35824,50.27743],[4.35988,50.27695],[4.35806,50.27498],[4.3539,50.27585],[4.35414,50.27749],[4.3511,50.27834],[4.34144,50.27874],[4.33882,50.27676],[4.33603,50.27725],[4.33306,50.27569],[4.3305,50.27761],[4.32824,50.27757],[4.32612,50.27451],[4.32713,50.27263],[4.32127,50.27354],[4.31815,50.27163],[4.31616,50.27185],[4.31986,50.26913],[4.31705,50.269],[4.31475,50.26732],[4.30954,50.27001],[4.30875,50.2673],[4.30424,50.26367],[4.30319,50.265],[4.29888,50.26299],[4.29605,50.26304],[4.29429,50.26063],[4.2905,50.25879],[4.28675,50.25583],[4.29001,50.25339],[4.28726,50.25237],[4.28575,50.24972],[4.28743,50.24916],[4.29299,50.25014],[4.29542,50.24856],[4.29586,50.24561],[4.2987,50.24355],[4.30319,50.24228],[4.30831,50.24172],[4.30919,50.23802],[4.3186,50.23722],[4.32043,50.23456],[4.32882,50.23353],[4.3351,50.23022],[4.345,50.22737],[4.34612,50.2296],[4.34938,50.23114],[4.3534,50.23442],[4.3576,50.2358],[4.36053,50.23914],[4.36698,50.24342],[4.37122,50.24264],[4.37254,50.24031],[4.37571,50.24075],[4.37927,50.23855],[4.38704,50.23934],[4.38846,50.23729],[4.38886,50.2339],[4.39386,50.23316],[4.39611,50.23932],[4.40707,50.23686],[4.41309,50.238],[4.41372,50.23974],[4.41747,50.24073],[4.42314,50.23928],[4.42077,50.23605],[4.42225,50.23382],[4.42919,50.23098],[4.43072,50.22918],[4.43436,50.23083],[4.43608,50.22924],[4.44272,50.22699],[4.44535,50.22979],[4.45145,50.22965],[4.45738,50.22665],[4.46807,50.22526],[4.4682,50.22327],[4.47113,50.2198],[4.47083,50.21675],[4.47687,50.21601],[4.48254,50.21734]]]}},{"type":"Feature","id":"93090","bbox":[4.526444,49.985364,4.72194,50.11392],"properties":{"nis":"93090","name":"Viroinval","nameNl":"Viroinval","nameFr":"Viroinval","nameDe":"Viroinval","province":"namur","region":"wallonia","areaKm2":120.75},"geometry":{"type":"Polygon","coordinates":[[[4.7196,50.1018],[4.72194,50.10377],[4.71929,50.11143],[4.71459,50.11104],[4.70979,50.10925],[4.70163,50.11148],[4.69225,50.11058],[4.68561,50.11183],[4.68249,50.11173],[4.67872,50.11392],[4.67349,50.11149],[4.66714,50.10934],[4.65646,50.10711],[4.64638,50.10617],[4.64272,50.10227],[4.63847,50.10112],[4.6384,50.09722],[4.63346,50.09753],[4.62829,50.09574],[4.62647,50.09371],[4.6228,50.09216],[4.62023,50.09466],[4.61804,50.0992],[4.61858,50.10033],[4.61382,50.1047],[4.61122,50.10511],[4.60951,50.10761],[4.59896,50.10661],[4.59687,50.10727],[4.59393,50.106],[4.59186,50.10895],[4.58441,50.1073],[4.5877,50.10336],[4.58841,50.10122],[4.57073,50.09393],[4.56788,50.09312],[4.56224,50.09443],[4.54282,50.0912],[4.53893,50.09186],[4.54095,50.0871],[4.53015,50.08418],[4.53259,50.07978],[4.52899,50.0719],[4.52644,50.07037],[4.53024,50.06646],[4.53511,50.06597],[4.54347,50.06235],[4.54535,50.05594],[4.54525,50.05395],[4.54176,50.0528],[4.54262,50.04901],[4.54495,50.04591],[4.54989,50.04353],[4.55229,50.03481],[4.55699,50.03091],[4.55872,50.02731],[4.56599,50.02179],[4.56733,50.01671],[4.57194,50.00888],[4.57637,50.01249],[4.59177,50.0168],[4.60195,50.01811],[4.60306,50.01293],[4.60038,50.00875],[4.60108,50.00565],[4.59854,50.00053],[4.6032,49.99595],[4.60292,49.99366],[4.60525,49.98908],[4.60024,49.98634],[4.60784,49.98537],[4.61326,49.98621],[4.62363,49.98627],[4.62923,49.98789],[4.63385,49.98738],[4.6372,49.9894],[4.64201,49.98968],[4.65885,49.99408],[4.66456,49.99433],[4.66646,49.99647],[4.67103,49.99718],[4.67734,49.9955],[4.6802,49.9966],[4.68492,49.99679],[4.68812,49.9956],[4.69341,49.99541],[4.69441,49.99625],[4.68763,50.00069],[4.68709,50.00489],[4.6852,50.00809],[4.68884,50.01125],[4.68606,50.01392],[4.68592,50.02117],[4.68734,50.02437],[4.68475,50.02728],[4.68823,50.02864],[4.68932,50.0324],[4.69104,50.03415],[4.69197,50.03768],[4.69643,50.04264],[4.69541,50.04738],[4.69935,50.05157],[4.69979,50.0539],[4.69678,50.05521],[4.69705,50.05921],[4.69225,50.05761],[4.68601,50.05743],[4.6855,50.06073],[4.68311,50.06486],[4.67952,50.067],[4.6813,50.06896],[4.68638,50.07057],[4.68853,50.0727],[4.6878,50.07631],[4.69249,50.08452],[4.69476,50.08518],[4.70211,50.09556],[4.70397,50.09633],[4.71326,50.09696],[4.71566,50.10092],[4.7196,50.1018]]]}}]}