{"type":"FeatureCollection","bbox":[2.842035,49.941743,4.617268,50.810795],"license":"Open Database License (ODbL) v1.0","attribution":"© OpenStreetMap contributors","generatedAt":"2026-09-20T12:46:12.453Z","features":[{"type":"Feature","id":"51004","bbox":[3.655107,50.562478,3.9134,50.697446],"properties":{"nis":"51004","name":"Ath","nameNl":"Aat","nameFr":"Ath","nameDe":"Ath","province":"hainaut","region":"wallonia","areaKm2":127.44},"geometry":{"type":"Polygon","coordinates":[[[3.65511,50.64557],[3.65549,50.645],[3.65881,50.6454],[3.66029,50.64495],[3.66142,50.64433],[3.66355,50.6443],[3.66433,50.64331],[3.66617,50.64299],[3.66765,50.64133],[3.66716,50.64016],[3.66744,50.63855],[3.67,50.63637],[3.67057,50.63579],[3.67062,50.63552],[3.67015,50.63531],[3.67098,50.63476],[3.67443,50.635],[3.67831,50.63401],[3.6786,50.63262],[3.67775,50.6297],[3.67761,50.6297],[3.67937,50.62494],[3.68333,50.62422],[3.68467,50.62206],[3.6882,50.62296],[3.69194,50.62229],[3.69653,50.6213],[3.69632,50.61896],[3.69738,50.61932],[3.69788,50.61856],[3.69664,50.61741],[3.69609,50.61725],[3.69576,50.61693],[3.69602,50.61672],[3.69809,50.61622],[3.69759,50.61573],[3.69802,50.6156],[3.69745,50.61137],[3.69851,50.61074],[3.69625,50.60863],[3.69625,50.60868],[3.69357,50.60868],[3.69018,50.60199],[3.69004,50.60199],[3.68996,50.59857],[3.6966,50.59673],[3.69554,50.59498],[3.70183,50.59112],[3.70126,50.59031],[3.7067,50.5895],[3.70712,50.59067],[3.71009,50.58968],[3.71052,50.59058],[3.71249,50.59022],[3.71376,50.58963],[3.71341,50.58856],[3.71122,50.58716],[3.70805,50.58294],[3.70949,50.58236],[3.70734,50.57962],[3.70227,50.5803],[3.7012,50.57778],[3.69687,50.57879],[3.69571,50.57733],[3.69512,50.57741],[3.69475,50.57604],[3.69532,50.57594],[3.69471,50.57403],[3.69723,50.57321],[3.69528,50.57135],[3.69656,50.57084],[3.69806,50.57037],[3.69914,50.56989],[3.7018,50.5688],[3.70255,50.56866],[3.70278,50.56837],[3.70488,50.56811],[3.7057,50.56615],[3.70625,50.5658],[3.70789,50.56535],[3.70871,50.56714],[3.71111,50.56641],[3.71123,50.56625],[3.70992,50.56469],[3.71217,50.563],[3.71385,50.56262],[3.71411,50.56248],[3.7144,50.56453],[3.72951,50.56484],[3.73092,50.56578],[3.73043,50.56668],[3.7283,50.56626],[3.72711,50.56713],[3.72739,50.56978],[3.72492,50.57068],[3.72711,50.57297],[3.71955,50.57445],[3.72125,50.57616],[3.72132,50.57616],[3.72472,50.57817],[3.72528,50.57953],[3.72867,50.58088],[3.7305,50.57935],[3.73333,50.57845],[3.73474,50.57737],[3.73643,50.57881],[3.73657,50.57881],[3.73799,50.58007],[3.73884,50.57926],[3.74265,50.58034],[3.74279,50.58034],[3.74497,50.58127],[3.74598,50.58175],[3.74588,50.58211],[3.74821,50.58268],[3.7497,50.58326],[3.75015,50.58273],[3.7526,50.58292],[3.75448,50.58403],[3.75336,50.58476],[3.7536,50.58504],[3.75148,50.58562],[3.75133,50.58668],[3.75155,50.58744],[3.75281,50.58691],[3.75392,50.58775],[3.75691,50.59085],[3.7596,50.58977],[3.75805,50.59388],[3.76062,50.59505],[3.75818,50.59713],[3.75668,50.59761],[3.75564,50.60019],[3.7603,50.60325],[3.76666,50.60424],[3.77604,50.60512],[3.77678,50.60579],[3.77767,50.60543],[3.7869,50.61323],[3.78767,50.61334],[3.78895,50.6124],[3.79004,50.61378],[3.79113,50.61359],[3.79845,50.6085],[3.79854,50.6085],[3.8021,50.60624],[3.8024,50.60492],[3.80467,50.60617],[3.80618,50.60503],[3.80408,50.60397],[3.80517,50.60341],[3.81159,50.60718],[3.82048,50.60404],[3.82069,50.60479],[3.82237,50.60441],[3.82237,50.60567],[3.82118,50.6068],[3.82474,50.61177],[3.82286,50.6124],[3.82385,50.61366],[3.82356,50.61447],[3.82662,50.61598],[3.82781,50.6168],[3.82919,50.61617],[3.83117,50.61919],[3.83196,50.62101],[3.83532,50.6229],[3.8367,50.62347],[3.83967,50.62649],[3.84471,50.62598],[3.85163,50.6285],[3.85282,50.62743],[3.8546,50.62768],[3.85579,50.62831],[3.85489,50.62906],[3.85667,50.62982],[3.85737,50.63202],[3.85756,50.63202],[3.86043,50.63089],[3.86112,50.63208],[3.86103,50.63378],[3.8627,50.63403],[3.86369,50.63321],[3.86626,50.63397],[3.86666,50.63277],[3.86725,50.63183],[3.86696,50.62994],[3.86735,50.62724],[3.86982,50.62554],[3.86992,50.62554],[3.87249,50.62667],[3.87338,50.62554],[3.87554,50.62392],[3.87556,50.62384],[3.87744,50.62265],[3.87832,50.62315],[3.88025,50.62252],[3.88007,50.6222],[3.88465,50.62152],[3.88712,50.62252],[3.88732,50.62252],[3.8893,50.62095],[3.89375,50.61988],[3.89404,50.62101],[3.89487,50.62304],[3.89499,50.62315],[3.89678,50.62338],[3.89914,50.62468],[3.89677,50.62598],[3.89756,50.62665],[3.90011,50.63003],[3.89982,50.63028],[3.90074,50.63065],[3.90035,50.63101],[3.90257,50.63284],[3.90874,50.63616],[3.90912,50.6363],[3.90976,50.63603],[3.91107,50.63673],[3.91323,50.639],[3.91247,50.63929],[3.91289,50.64037],[3.91128,50.64048],[3.91141,50.64091],[3.91209,50.64091],[3.9134,50.64269],[3.91264,50.64285],[3.91314,50.64401],[3.9002,50.6483],[3.89997,50.64876],[3.9005,50.64895],[3.89815,50.65115],[3.89662,50.65325],[3.89578,50.6532],[3.89476,50.65261],[3.89408,50.65306],[3.89285,50.65244],[3.89111,50.65398],[3.88997,50.65606],[3.88933,50.65603],[3.88929,50.65791],[3.88819,50.65972],[3.88692,50.66058],[3.88548,50.66112],[3.88327,50.66085],[3.88188,50.66171],[3.88302,50.66296],[3.87984,50.66657],[3.87764,50.66616],[3.87726,50.66816],[3.87654,50.66969],[3.87921,50.67069],[3.87764,50.67231],[3.87874,50.67295],[3.88037,50.67525],[3.88186,50.67563],[3.8813,50.67601],[3.87788,50.67525],[3.87613,50.67522],[3.87302,50.67592],[3.86946,50.67292],[3.8698,50.67276],[3.86884,50.67235],[3.86514,50.67195],[3.86308,50.67163],[3.86085,50.67093],[3.86045,50.67048],[3.85814,50.6694],[3.85545,50.67028],[3.85548,50.67082],[3.8524,50.67118],[3.84915,50.67188],[3.84627,50.67292],[3.84512,50.67366],[3.84387,50.67339],[3.8427,50.67365],[3.84322,50.67535],[3.84118,50.67603],[3.84037,50.67617],[3.83903,50.67683],[3.83842,50.67733],[3.83785,50.67811],[3.83827,50.67878],[3.83804,50.6794],[3.83888,50.68009],[3.83847,50.68021],[3.83777,50.68078],[3.83668,50.68132],[3.83592,50.68188],[3.83264,50.68381],[3.83252,50.68309],[3.83074,50.68128],[3.82882,50.68205],[3.82794,50.68153],[3.82692,50.68197],[3.82661,50.68232],[3.82467,50.68167],[3.82407,50.6812],[3.82368,50.68035],[3.82232,50.67964],[3.8215,50.67878],[3.82111,50.67786],[3.82049,50.67737],[3.8202,50.67673],[3.81959,50.67645],[3.81853,50.6765],[3.81794,50.67633],[3.8167,50.67574],[3.81585,50.67509],[3.81444,50.67484],[3.81139,50.67635],[3.81083,50.67675],[3.81018,50.67635],[3.80887,50.67669],[3.80769,50.67626],[3.80343,50.67847],[3.80145,50.68056],[3.80029,50.6795],[3.79956,50.67811],[3.79896,50.67792],[3.79679,50.67853],[3.79718,50.67915],[3.79616,50.67989],[3.79546,50.67967],[3.79402,50.68106],[3.79484,50.68154],[3.79509,50.68257],[3.79343,50.68312],[3.7923,50.68383],[3.78848,50.68677],[3.78679,50.68857],[3.78594,50.68834],[3.78529,50.68907],[3.78487,50.68893],[3.78458,50.68925],[3.78343,50.68896],[3.78125,50.69049],[3.77902,50.6924],[3.77783,50.69187],[3.7767,50.69213],[3.77611,50.69182],[3.77515,50.69159],[3.77427,50.69184],[3.77422,50.69227],[3.77351,50.69311],[3.77348,50.69364],[3.77128,50.69466],[3.77077,50.69417],[3.76767,50.69274],[3.76744,50.69153],[3.76851,50.69035],[3.76244,50.68886],[3.75795,50.69576],[3.75677,50.69745],[3.75487,50.69728],[3.75277,50.6966],[3.75091,50.69629],[3.75211,50.69472],[3.75123,50.69462],[3.75152,50.69436],[3.74894,50.69369],[3.74998,50.69253],[3.74957,50.69238],[3.74993,50.69191],[3.74945,50.69164],[3.75025,50.69076],[3.74957,50.68929],[3.75107,50.68779],[3.75124,50.68725],[3.75381,50.68633],[3.75445,50.68587],[3.75416,50.68527],[3.75254,50.68466],[3.75061,50.68412],[3.74902,50.68404],[3.74756,50.68432],[3.74693,50.68423],[3.74627,50.68393],[3.74328,50.6844],[3.74207,50.68467],[3.74101,50.68537],[3.73972,50.68588],[3.73887,50.68587],[3.73782,50.68602],[3.73567,50.6857],[3.73512,50.68545],[3.73157,50.68625],[3.73118,50.6862],[3.73089,50.68586],[3.72892,50.68563],[3.72813,50.68628],[3.7276,50.6864],[3.7272,50.68696],[3.72441,50.68687],[3.72738,50.68525],[3.72801,50.68481],[3.72869,50.68398],[3.72943,50.6841],[3.73015,50.68393],[3.73098,50.68332],[3.73114,50.68296],[3.72914,50.67725],[3.72978,50.67662],[3.72865,50.67631],[3.72978,50.67532],[3.72801,50.6746],[3.7314,50.67222],[3.7302,50.67159],[3.7308,50.67103],[3.7307,50.67083],[3.72794,50.67029],[3.72646,50.67029],[3.72603,50.67087],[3.72427,50.67101],[3.72081,50.67141],[3.72031,50.67217],[3.71834,50.67208],[3.7182,50.67267],[3.71693,50.67276],[3.71671,50.67213],[3.71502,50.67029],[3.71205,50.66863],[3.70866,50.67033],[3.7093,50.67105],[3.70852,50.6715],[3.70767,50.67074],[3.70676,50.67083],[3.7064,50.6702],[3.70371,50.6703],[3.70308,50.66961],[3.70189,50.6693],[3.70083,50.66863],[3.69779,50.66935],[3.69645,50.66903],[3.69638,50.66979],[3.69073,50.67199],[3.68847,50.67303],[3.68748,50.67393],[3.68416,50.6733],[3.68268,50.67253],[3.68084,50.67285],[3.67802,50.67244],[3.67568,50.67128],[3.67505,50.67204],[3.67321,50.67056],[3.67484,50.66912],[3.67131,50.66759],[3.67124,50.66593],[3.6699,50.66566],[3.67126,50.66443],[3.67131,50.66449],[3.67745,50.66607],[3.67929,50.66337],[3.67625,50.6605],[3.67336,50.65919],[3.67357,50.65821],[3.67152,50.65542],[3.67074,50.65578],[3.67018,50.65538],[3.66947,50.65424],[3.66836,50.65481],[3.66772,50.65454],[3.66727,50.65418],[3.66667,50.65303],[3.66543,50.65232],[3.6643,50.65185],[3.66281,50.65057],[3.66228,50.65035],[3.66039,50.64933],[3.66001,50.64939],[3.65891,50.64849],[3.65814,50.64804],[3.65683,50.6464],[3.65511,50.64557]]]}},{"type":"Feature","id":"51008","bbox":[3.608521,50.48092,3.760604,50.581722],"properties":{"nis":"51008","name":"Belœil","nameNl":"Belle","nameFr":"Belœil","nameDe":"Belœil","province":"hainaut","region":"wallonia","areaKm2":62.05},"geometry":{"type":"Polygon","coordinates":[[[3.70227,50.5803],[3.69929,50.58049],[3.69557,50.58053],[3.69185,50.58021],[3.69124,50.58034],[3.69114,50.57993],[3.68919,50.57994],[3.68914,50.57972],[3.68652,50.58031],[3.68263,50.58138],[3.68104,50.58172],[3.68065,50.58152],[3.68011,50.58084],[3.67945,50.58059],[3.67858,50.57935],[3.67844,50.57876],[3.67793,50.57845],[3.6778,50.57814],[3.67566,50.57619],[3.67576,50.57613],[3.67498,50.5756],[3.67422,50.57532],[3.67329,50.57469],[3.67301,50.57474],[3.67157,50.57416],[3.67266,50.57357],[3.67159,50.57283],[3.67219,50.57225],[3.67154,50.57203],[3.67143,50.57145],[3.67058,50.56976],[3.67111,50.56956],[3.67114,50.56912],[3.66943,50.56962],[3.66905,50.56929],[3.6674,50.56831],[3.66579,50.56713],[3.66477,50.56631],[3.66439,50.56618],[3.66332,50.56474],[3.66202,50.5632],[3.66263,50.56287],[3.66207,50.5612],[3.66443,50.56018],[3.66562,50.55935],[3.66625,50.55904],[3.66448,50.55836],[3.66162,50.55744],[3.66001,50.55681],[3.65755,50.55576],[3.66186,50.55302],[3.66243,50.55279],[3.6605,50.55202],[3.65925,50.55132],[3.65822,50.55057],[3.65748,50.5502],[3.65685,50.54974],[3.65571,50.54919],[3.65294,50.54795],[3.65237,50.54774],[3.65213,50.54819],[3.6517,50.5483],[3.65023,50.54908],[3.64882,50.54938],[3.64626,50.55014],[3.64677,50.55084],[3.64423,50.55144],[3.64335,50.55086],[3.64189,50.55138],[3.64095,50.55156],[3.64037,50.55105],[3.63929,50.5517],[3.63815,50.55109],[3.63772,50.55119],[3.63699,50.55187],[3.6363,50.55151],[3.63441,50.55079],[3.63371,50.5506],[3.63156,50.55034],[3.63003,50.54991],[3.62923,50.54978],[3.62931,50.55005],[3.63033,50.55158],[3.63079,50.55206],[3.63155,50.55239],[3.63244,50.55318],[3.6323,50.55433],[3.63108,50.55546],[3.63081,50.55664],[3.63034,50.55736],[3.62942,50.55772],[3.62736,50.55938],[3.62641,50.56043],[3.62556,50.56114],[3.62382,50.56193],[3.62108,50.56262],[3.61963,50.56326],[3.61931,50.56309],[3.6174,50.56166],[3.61684,50.56135],[3.61615,50.56092],[3.61449,50.55943],[3.61431,50.55916],[3.6142,50.55823],[3.61427,50.55734],[3.61458,50.55649],[3.61517,50.55585],[3.61545,50.55535],[3.61562,50.55419],[3.6156,50.55359],[3.61577,50.55284],[3.61565,50.55165],[3.61544,50.55165],[3.61497,50.55074],[3.61409,50.54966],[3.61356,50.54859],[3.61309,50.54743],[3.61291,50.54723],[3.61312,50.54567],[3.61331,50.5449],[3.61311,50.54377],[3.61284,50.5416],[3.61292,50.54065],[3.61342,50.53962],[3.61387,50.53911],[3.61628,50.53658],[3.61709,50.53554],[3.61774,50.53492],[3.61866,50.5337],[3.61976,50.53298],[3.61944,50.53262],[3.62143,50.53181],[3.62058,50.53071],[3.62021,50.52963],[3.61973,50.52897],[3.61932,50.52866],[3.61785,50.52804],[3.61652,50.52693],[3.61556,50.52629],[3.61382,50.52631],[3.61216,50.52607],[3.61117,50.52565],[3.61064,50.52519],[3.61014,50.52416],[3.60852,50.52102],[3.61028,50.52119],[3.61085,50.52108],[3.61109,50.52065],[3.61279,50.52097],[3.61293,50.52072],[3.61427,50.52106],[3.61397,50.5214],[3.61417,50.52152],[3.61497,50.52068],[3.6158,50.52095],[3.61673,50.52025],[3.61666,50.52066],[3.61687,50.52158],[3.61816,50.52085],[3.61774,50.52069],[3.61804,50.52022],[3.61667,50.51979],[3.61754,50.51867],[3.61862,50.51892],[3.61945,50.51888],[3.6196,50.51784],[3.61809,50.51799],[3.61808,50.51737],[3.61747,50.51751],[3.6174,50.5173],[3.61672,50.51741],[3.61635,50.51655],[3.61752,50.51613],[3.6181,50.51643],[3.62006,50.51602],[3.62064,50.51601],[3.62111,50.51622],[3.62205,50.51616],[3.62278,50.51653],[3.62332,50.51714],[3.6238,50.51732],[3.6238,50.51778],[3.62404,50.51803],[3.62592,50.51886],[3.6261,50.51913],[3.62727,50.51754],[3.62888,50.51523],[3.6273,50.51514],[3.62672,50.51528],[3.62525,50.51504],[3.62368,50.51397],[3.62309,50.51373],[3.62295,50.51284],[3.62239,50.51271],[3.62365,50.51173],[3.6243,50.51195],[3.62716,50.51252],[3.62757,50.51216],[3.62954,50.51269],[3.63054,50.5131],[3.63132,50.51363],[3.63242,50.51319],[3.63351,50.51389],[3.63506,50.51439],[3.63602,50.51413],[3.63662,50.5138],[3.63603,50.51331],[3.63677,50.51292],[3.63752,50.51338],[3.63818,50.51303],[3.63918,50.51445],[3.64134,50.51382],[3.64194,50.51377],[3.64313,50.51388],[3.64301,50.51359],[3.64364,50.51344],[3.64467,50.51382],[3.64598,50.51381],[3.64631,50.51342],[3.64776,50.51287],[3.64895,50.51295],[3.6504,50.51284],[3.65151,50.51291],[3.65156,50.51314],[3.65391,50.51362],[3.6553,50.51332],[3.65741,50.51324],[3.65884,50.5133],[3.6603,50.51357],[3.66159,50.51363],[3.66187,50.51394],[3.6634,50.5145],[3.66427,50.51461],[3.66515,50.51359],[3.66456,50.51257],[3.66503,50.5126],[3.66596,50.51238],[3.66603,50.5126],[3.66667,50.51254],[3.66776,50.51222],[3.66887,50.51202],[3.66923,50.51291],[3.67026,50.51262],[3.67033,50.51286],[3.6726,50.5123],[3.67489,50.51179],[3.6752,50.51302],[3.67645,50.51251],[3.67793,50.51227],[3.67761,50.5115],[3.67841,50.51131],[3.67924,50.51097],[3.67904,50.51076],[3.68061,50.50948],[3.68194,50.50881],[3.6822,50.50905],[3.68333,50.50849],[3.68496,50.50756],[3.68565,50.50778],[3.6877,50.50723],[3.68761,50.50707],[3.68856,50.50697],[3.68858,50.50708],[3.68981,50.50724],[3.69046,50.50444],[3.69072,50.50447],[3.69158,50.5031],[3.69065,50.50279],[3.68912,50.50254],[3.68935,50.50218],[3.68801,50.50183],[3.68831,50.50107],[3.68754,50.50055],[3.68762,50.5001],[3.686,50.49989],[3.68514,50.50091],[3.68329,50.50028],[3.68278,50.49997],[3.68297,50.49899],[3.68343,50.49856],[3.68315,50.49844],[3.68322,50.49794],[3.68281,50.49774],[3.68286,50.49716],[3.68368,50.49674],[3.68417,50.49702],[3.68717,50.49495],[3.68969,50.49311],[3.68663,50.49262],[3.68555,50.4927],[3.68654,50.49216],[3.68757,50.4909],[3.6895,50.48929],[3.69191,50.48752],[3.69397,50.48731],[3.69594,50.48699],[3.69803,50.48655],[3.69959,50.48615],[3.70194,50.4854],[3.71287,50.48092],[3.71369,50.48205],[3.71526,50.48388],[3.71865,50.48604],[3.71886,50.49233],[3.71949,50.4925],[3.72273,50.49318],[3.73627,50.49609],[3.73653,50.49615],[3.73998,50.49792],[3.74084,50.49903],[3.74162,50.49968],[3.74355,50.50079],[3.74479,50.50168],[3.7457,50.50257],[3.74517,50.50428],[3.74498,50.50806],[3.74393,50.50866],[3.74397,50.50903],[3.74468,50.50888],[3.74496,50.50981],[3.74512,50.51113],[3.74261,50.51169],[3.74264,50.51198],[3.7411,50.51203],[3.73989,50.51181],[3.73774,50.5142],[3.73868,50.51581],[3.74084,50.51615],[3.74425,50.51758],[3.74341,50.5201],[3.74082,50.5214],[3.74153,50.52441],[3.74181,50.52582],[3.74429,50.52507],[3.74464,50.52489],[3.74804,50.52787],[3.74931,50.52775],[3.74975,50.52788],[3.75225,50.52916],[3.7521,50.52925],[3.75255,50.52968],[3.75327,50.52932],[3.75482,50.53055],[3.75529,50.53117],[3.75498,50.53135],[3.75536,50.53147],[3.75527,50.53238],[3.75553,50.533],[3.75649,50.53376],[3.75651,50.5339],[3.75571,50.53402],[3.75623,50.53494],[3.75557,50.53529],[3.75554,50.53564],[3.75644,50.53598],[3.75654,50.53621],[3.75713,50.53654],[3.7574,50.53688],[3.75795,50.53688],[3.75802,50.53723],[3.7588,50.53779],[3.75856,50.53885],[3.75882,50.53997],[3.75912,50.54012],[3.75954,50.54086],[3.75945,50.54112],[3.76003,50.54172],[3.7604,50.54176],[3.76061,50.54213],[3.75927,50.54255],[3.75669,50.54356],[3.75672,50.54371],[3.75454,50.54461],[3.75381,50.54546],[3.75407,50.54597],[3.75355,50.54631],[3.75395,50.54705],[3.75378,50.54747],[3.75395,50.54797],[3.75343,50.54802],[3.75261,50.54839],[3.75282,50.54846],[3.75232,50.54914],[3.75263,50.54926],[3.75268,50.5504],[3.75094,50.55108],[3.74695,50.55223],[3.74183,50.55422],[3.74014,50.55486],[3.73902,50.55516],[3.73909,50.5558],[3.73848,50.5557],[3.73826,50.55587],[3.73785,50.55554],[3.73772,50.55578],[3.73685,50.55534],[3.73673,50.55509],[3.73609,50.55501],[3.73608,50.55484],[3.73533,50.55453],[3.73345,50.55425],[3.73307,50.55384],[3.73198,50.55378],[3.73146,50.5541],[3.73232,50.55445],[3.73265,50.55475],[3.73175,50.55561],[3.73067,50.55645],[3.72985,50.55667],[3.73002,50.557],[3.7281,50.55709],[3.72656,50.55737],[3.72629,50.55729],[3.72604,50.55783],[3.72387,50.55723],[3.72318,50.55698],[3.72198,50.55692],[3.71975,50.55668],[3.71535,50.55658],[3.71503,50.5567],[3.71477,50.5576],[3.71426,50.55841],[3.71451,50.56025],[3.7145,50.56067],[3.71421,50.56165],[3.71388,50.56228],[3.71411,50.56248],[3.71385,50.56262],[3.71217,50.563],[3.70992,50.56469],[3.71123,50.56625],[3.71111,50.56641],[3.70871,50.56714],[3.70789,50.56535],[3.70625,50.5658],[3.7057,50.56615],[3.70488,50.56811],[3.70278,50.56837],[3.70255,50.56866],[3.7018,50.5688],[3.69914,50.56989],[3.69806,50.57037],[3.69656,50.57084],[3.69528,50.57135],[3.69723,50.57321],[3.69471,50.57403],[3.69532,50.57594],[3.69475,50.57604],[3.69512,50.57741],[3.69571,50.57733],[3.69687,50.57879],[3.7012,50.57778],[3.70227,50.5803]]]}},{"type":"Feature","id":"51009","bbox":[3.615221,50.442265,3.753815,50.514614],"properties":{"nis":"51009","name":"Bernissart","nameNl":"Bernissart","nameFr":"Bernissart","nameDe":"Bernissart","province":"hainaut","region":"wallonia","areaKm2":43.63},"geometry":{"type":"Polygon","coordinates":[[[3.62365,50.51173],[3.62382,50.51132],[3.62323,50.51087],[3.62394,50.5071],[3.62002,50.50547],[3.61986,50.50458],[3.62287,50.50287],[3.62429,50.50239],[3.62592,50.50198],[3.62754,50.50085],[3.62927,50.5007],[3.62812,50.50015],[3.62443,50.49879],[3.62302,50.49784],[3.62429,50.49726],[3.62563,50.49596],[3.62662,50.49564],[3.62506,50.49533],[3.62439,50.49217],[3.61522,50.4901],[3.61791,50.48791],[3.61906,50.48678],[3.62269,50.48501],[3.62814,50.4823],[3.63256,50.47993],[3.63123,50.47987],[3.63023,50.47926],[3.63225,50.47628],[3.63204,50.4757],[3.63422,50.47295],[3.63515,50.47113],[3.63617,50.47046],[3.63784,50.46823],[3.64343,50.46338],[3.64403,50.46333],[3.64443,50.46254],[3.64559,50.46246],[3.64588,50.46266],[3.64586,50.46302],[3.64537,50.46339],[3.64524,50.46375],[3.64672,50.46371],[3.64732,50.46377],[3.64832,50.46421],[3.6503,50.46408],[3.6502,50.46333],[3.65209,50.46259],[3.65338,50.46357],[3.65453,50.46304],[3.65458,50.46205],[3.65518,50.46196],[3.65604,50.46269],[3.65705,50.46237],[3.65757,50.46296],[3.6583,50.4634],[3.65961,50.46284],[3.65972,50.46311],[3.65927,50.46354],[3.66004,50.46417],[3.66104,50.46364],[3.66202,50.46347],[3.6631,50.4634],[3.66384,50.46307],[3.66492,50.46302],[3.66584,50.46251],[3.66756,50.46216],[3.66876,50.46255],[3.67124,50.46266],[3.67321,50.46216],[3.67407,50.46249],[3.67536,50.46168],[3.67659,50.46166],[3.67715,50.46143],[3.67731,50.46077],[3.67754,50.46047],[3.6785,50.46042],[3.67872,50.45987],[3.67896,50.45983],[3.67962,50.46016],[3.68001,50.46017],[3.68087,50.45986],[3.68035,50.459],[3.68077,50.45853],[3.68131,50.45867],[3.68159,50.45912],[3.68208,50.4591],[3.68291,50.45823],[3.68386,50.45778],[3.68422,50.45821],[3.68483,50.45835],[3.68511,50.45763],[3.68611,50.45729],[3.68741,50.45731],[3.68974,50.45684],[3.69003,50.45669],[3.69049,50.45609],[3.69158,50.45614],[3.6933,50.45569],[3.6944,50.45578],[3.69588,50.45502],[3.69786,50.45435],[3.69694,50.45309],[3.69892,50.45291],[3.70012,50.45251],[3.70174,50.45237],[3.70287,50.45174],[3.70327,50.45115],[3.70375,50.4507],[3.70464,50.45067],[3.70732,50.45044],[3.70789,50.44896],[3.71008,50.44792],[3.71318,50.44756],[3.71453,50.44671],[3.71565,50.44649],[3.717,50.44725],[3.71897,50.4477],[3.72028,50.44723],[3.72074,50.44617],[3.72152,50.4455],[3.7225,50.44505],[3.72392,50.44371],[3.72435,50.44353],[3.7251,50.44357],[3.72653,50.44316],[3.72858,50.44348],[3.73034,50.44366],[3.73168,50.44253],[3.7326,50.44397],[3.73161,50.4442],[3.73084,50.44474],[3.73147,50.44523],[3.73246,50.44469],[3.73366,50.44496],[3.73416,50.44397],[3.73472,50.44388],[3.73557,50.44451],[3.7362,50.4437],[3.73599,50.44272],[3.73825,50.44285],[3.73903,50.4433],[3.73966,50.44227],[3.74044,50.44236],[3.74023,50.44294],[3.74136,50.44303],[3.74496,50.44487],[3.74652,50.44532],[3.74644,50.44536],[3.74927,50.44577],[3.75068,50.44532],[3.75193,50.44594],[3.74986,50.44864],[3.74747,50.45014],[3.74718,50.45177],[3.74641,50.453],[3.74556,50.45334],[3.74501,50.45322],[3.74466,50.45354],[3.74385,50.45388],[3.74321,50.45429],[3.7472,50.45671],[3.74722,50.45694],[3.74624,50.45783],[3.74658,50.45912],[3.74651,50.45958],[3.74676,50.4605],[3.74718,50.46086],[3.74721,50.4623],[3.74788,50.46212],[3.74893,50.46345],[3.74935,50.46347],[3.74907,50.46497],[3.74972,50.46585],[3.74896,50.46612],[3.7489,50.46634],[3.75031,50.46794],[3.75192,50.46999],[3.75249,50.46988],[3.75339,50.47067],[3.75257,50.47101],[3.75266,50.4713],[3.75113,50.47205],[3.75325,50.47486],[3.75382,50.4764],[3.75328,50.47798],[3.75266,50.47795],[3.75164,50.47929],[3.75102,50.47981],[3.75065,50.4803],[3.75119,50.48039],[3.74916,50.48317],[3.74834,50.48341],[3.74845,50.48416],[3.74834,50.48519],[3.74802,50.48628],[3.74661,50.48767],[3.7378,50.4949],[3.73707,50.49465],[3.73627,50.49609],[3.72273,50.49318],[3.71949,50.4925],[3.71886,50.49233],[3.71865,50.48604],[3.71526,50.48388],[3.71369,50.48205],[3.71287,50.48092],[3.70194,50.4854],[3.69959,50.48615],[3.69803,50.48655],[3.69594,50.48699],[3.69397,50.48731],[3.69191,50.48752],[3.6895,50.48929],[3.68757,50.4909],[3.68654,50.49216],[3.68555,50.4927],[3.68663,50.49262],[3.68969,50.49311],[3.68717,50.49495],[3.68417,50.49702],[3.68368,50.49674],[3.68286,50.49716],[3.68281,50.49774],[3.68322,50.49794],[3.68315,50.49844],[3.68343,50.49856],[3.68297,50.49899],[3.68278,50.49997],[3.68329,50.50028],[3.68514,50.50091],[3.686,50.49989],[3.68762,50.5001],[3.68754,50.50055],[3.68831,50.50107],[3.68801,50.50183],[3.68935,50.50218],[3.68912,50.50254],[3.69065,50.50279],[3.69158,50.5031],[3.69072,50.50447],[3.69046,50.50444],[3.68981,50.50724],[3.68858,50.50708],[3.68856,50.50697],[3.68761,50.50707],[3.6877,50.50723],[3.68565,50.50778],[3.68496,50.50756],[3.68333,50.50849],[3.6822,50.50905],[3.68194,50.50881],[3.68061,50.50948],[3.67904,50.51076],[3.67924,50.51097],[3.67841,50.51131],[3.67761,50.5115],[3.67793,50.51227],[3.67645,50.51251],[3.6752,50.51302],[3.67489,50.51179],[3.6726,50.5123],[3.67033,50.51286],[3.67026,50.51262],[3.66923,50.51291],[3.66887,50.51202],[3.66776,50.51222],[3.66667,50.51254],[3.66603,50.5126],[3.66596,50.51238],[3.66503,50.5126],[3.66456,50.51257],[3.66515,50.51359],[3.66427,50.51461],[3.6634,50.5145],[3.66187,50.51394],[3.66159,50.51363],[3.6603,50.51357],[3.65884,50.5133],[3.65741,50.51324],[3.6553,50.51332],[3.65391,50.51362],[3.65156,50.51314],[3.65151,50.51291],[3.6504,50.51284],[3.64895,50.51295],[3.64776,50.51287],[3.64631,50.51342],[3.64598,50.51381],[3.64467,50.51382],[3.64364,50.51344],[3.64301,50.51359],[3.64313,50.51388],[3.64194,50.51377],[3.64134,50.51382],[3.63918,50.51445],[3.63818,50.51303],[3.63752,50.51338],[3.63677,50.51292],[3.63603,50.51331],[3.63662,50.5138],[3.63602,50.51413],[3.63506,50.51439],[3.63351,50.51389],[3.63242,50.51319],[3.63132,50.51363],[3.63054,50.5131],[3.62954,50.51269],[3.62757,50.51216],[3.62716,50.51252],[3.6243,50.51195],[3.62365,50.51173]]]}},{"type":"Feature","id":"51012","bbox":[3.819117,50.569443,3.911754,50.634031],"properties":{"nis":"51012","name":"Brugelette","nameNl":"Brugelette","nameFr":"Brugelette","nameDe":"Brugelette","province":"hainaut","region":"wallonia","areaKm2":28.43},"geometry":{"type":"Polygon","coordinates":[[[3.9037,50.61546],[3.902,50.61755],[3.90146,50.6178],[3.90074,50.61794],[3.90175,50.61838],[3.90003,50.61955],[3.90086,50.62008],[3.89943,50.6209],[3.89979,50.62105],[3.89776,50.62192],[3.89822,50.62273],[3.89487,50.62304],[3.89404,50.62101],[3.89375,50.61988],[3.8893,50.62095],[3.88732,50.62252],[3.88712,50.62252],[3.88465,50.62152],[3.88007,50.6222],[3.88025,50.62252],[3.87832,50.62315],[3.87744,50.62265],[3.87556,50.62384],[3.87554,50.62392],[3.87338,50.62554],[3.87249,50.62667],[3.86992,50.62554],[3.86982,50.62554],[3.86735,50.62724],[3.86696,50.62994],[3.86725,50.63183],[3.86666,50.63277],[3.86626,50.63397],[3.86369,50.63321],[3.8627,50.63403],[3.86103,50.63378],[3.86112,50.63208],[3.86043,50.63089],[3.85756,50.63202],[3.85737,50.63202],[3.85667,50.62982],[3.85489,50.62906],[3.85579,50.62831],[3.8546,50.62768],[3.85282,50.62743],[3.85163,50.6285],[3.84471,50.62598],[3.83967,50.62649],[3.8367,50.62347],[3.83532,50.6229],[3.83196,50.62101],[3.83117,50.61919],[3.82919,50.61617],[3.82781,50.6168],[3.82662,50.61598],[3.82356,50.61447],[3.82385,50.61366],[3.82286,50.6124],[3.82474,50.61177],[3.82118,50.6068],[3.82237,50.60567],[3.82237,50.60441],[3.82069,50.60479],[3.82048,50.60404],[3.82056,50.60321],[3.81912,50.60093],[3.83221,50.59412],[3.83073,50.59321],[3.83276,50.59156],[3.83442,50.59121],[3.83404,50.59021],[3.83603,50.58995],[3.83573,50.5886],[3.8367,50.58817],[3.83611,50.58671],[3.83662,50.58617],[3.83717,50.58615],[3.83603,50.58466],[3.83446,50.58456],[3.83425,50.5835],[3.83492,50.58305],[3.83487,50.58209],[3.83578,50.58201],[3.84384,50.58158],[3.85599,50.58221],[3.86321,50.58208],[3.86298,50.57974],[3.8634,50.57971],[3.86354,50.58085],[3.86473,50.58078],[3.86469,50.58044],[3.86743,50.57994],[3.86689,50.57795],[3.87254,50.57686],[3.86993,50.57416],[3.87876,50.56955],[3.87899,50.56944],[3.88407,50.57303],[3.88506,50.57234],[3.88743,50.57309],[3.88832,50.5724],[3.89125,50.5742],[3.89426,50.57661],[3.89525,50.57812],[3.89861,50.57919],[3.90276,50.57925],[3.90276,50.57932],[3.90701,50.57881],[3.90701,50.57869],[3.91027,50.58202],[3.89791,50.58787],[3.89636,50.58809],[3.89694,50.58865],[3.89825,50.58966],[3.89969,50.59057],[3.90591,50.59404],[3.90523,50.59466],[3.90642,50.59623],[3.9075,50.59579],[3.90721,50.59799],[3.91057,50.60246],[3.91175,50.60302],[3.91027,50.60686],[3.90523,50.61214],[3.9037,50.61546]]]}},{"type":"Feature","id":"51014","bbox":[3.713879,50.526547,3.83734,50.613783],"properties":{"nis":"51014","name":"Chièvres","nameNl":"Chièvres","nameFr":"Chièvres","nameDe":"Chièvres","province":"hainaut","region":"wallonia","areaKm2":47.2},"geometry":{"type":"Polygon","coordinates":[[[3.71411,50.56248],[3.71388,50.56228],[3.71421,50.56165],[3.7145,50.56067],[3.71451,50.56025],[3.71426,50.55841],[3.71477,50.5576],[3.71503,50.5567],[3.71535,50.55658],[3.71975,50.55668],[3.72198,50.55692],[3.72318,50.55698],[3.72387,50.55723],[3.72604,50.55783],[3.72629,50.55729],[3.72656,50.55737],[3.7281,50.55709],[3.73002,50.557],[3.72985,50.55667],[3.73067,50.55645],[3.73175,50.55561],[3.73265,50.55475],[3.73232,50.55445],[3.73146,50.5541],[3.73198,50.55378],[3.73307,50.55384],[3.73345,50.55425],[3.73533,50.55453],[3.73608,50.55484],[3.73609,50.55501],[3.73673,50.55509],[3.73685,50.55534],[3.73772,50.55578],[3.73785,50.55554],[3.73826,50.55587],[3.73848,50.5557],[3.73909,50.5558],[3.73902,50.55516],[3.74014,50.55486],[3.74183,50.55422],[3.74695,50.55223],[3.75094,50.55108],[3.75268,50.5504],[3.75263,50.54926],[3.75232,50.54914],[3.75282,50.54846],[3.75261,50.54839],[3.75343,50.54802],[3.75395,50.54797],[3.75378,50.54747],[3.75395,50.54705],[3.75355,50.54631],[3.75407,50.54597],[3.75381,50.54546],[3.75454,50.54461],[3.75672,50.54371],[3.75669,50.54356],[3.75927,50.54255],[3.76061,50.54213],[3.7604,50.54176],[3.76003,50.54172],[3.75945,50.54112],[3.75954,50.54086],[3.75912,50.54012],[3.75882,50.53997],[3.75856,50.53885],[3.7588,50.53779],[3.75802,50.53723],[3.75795,50.53688],[3.7574,50.53688],[3.75713,50.53654],[3.75654,50.53621],[3.75644,50.53598],[3.75554,50.53564],[3.75557,50.53529],[3.75623,50.53494],[3.75571,50.53402],[3.75651,50.5339],[3.75649,50.53376],[3.75553,50.533],[3.75527,50.53238],[3.75536,50.53147],[3.75498,50.53135],[3.75529,50.53117],[3.75531,50.53095],[3.75658,50.53023],[3.75882,50.52964],[3.76026,50.52881],[3.76054,50.52899],[3.76314,50.52829],[3.76396,50.52789],[3.7672,50.52775],[3.76918,50.5271],[3.77117,50.52667],[3.77258,50.52655],[3.77364,50.52933],[3.77351,50.53023],[3.77319,50.53061],[3.77334,50.53109],[3.77376,50.53143],[3.77455,50.53167],[3.77486,50.53238],[3.77393,50.53278],[3.77458,50.53407],[3.77847,50.53589],[3.77958,50.53682],[3.77983,50.53729],[3.78099,50.53679],[3.78277,50.53801],[3.78455,50.53793],[3.78644,50.53736],[3.78709,50.53747],[3.78715,50.53795],[3.79053,50.53853],[3.79229,50.53898],[3.79246,50.53941],[3.79294,50.53946],[3.79359,50.53984],[3.79633,50.53991],[3.7978,50.5398],[3.79828,50.54012],[3.79893,50.54083],[3.79946,50.54079],[3.80042,50.54115],[3.8011,50.54119],[3.80223,50.54153],[3.80274,50.54124],[3.80206,50.54034],[3.80251,50.54014],[3.8059,50.54006],[3.80734,50.53981],[3.80777,50.54022],[3.80817,50.54026],[3.80856,50.54064],[3.80844,50.54084],[3.80888,50.54115],[3.81005,50.54149],[3.8106,50.54231],[3.81153,50.54236],[3.81198,50.5426],[3.81215,50.54314],[3.81266,50.54337],[3.81341,50.54439],[3.81401,50.54461],[3.81437,50.545],[3.81484,50.54492],[3.81512,50.54518],[3.81502,50.54547],[3.81632,50.54598],[3.81708,50.54664],[3.81762,50.54684],[3.81792,50.54741],[3.81769,50.54768],[3.81865,50.54898],[3.81892,50.54968],[3.81978,50.55069],[3.81955,50.55091],[3.82031,50.55166],[3.82032,50.55186],[3.82297,50.55172],[3.82427,50.55138],[3.82551,50.55071],[3.8256,50.55078],[3.82691,50.55036],[3.82861,50.55071],[3.83166,50.55108],[3.83175,50.55071],[3.83302,50.55049],[3.83344,50.55157],[3.83234,50.55181],[3.83204,50.55311],[3.83221,50.5547],[3.83175,50.55521],[3.83598,50.55814],[3.83404,50.5592],[3.83509,50.55922],[3.83607,50.55984],[3.83734,50.5613],[3.83302,50.56361],[3.83293,50.56361],[3.83132,50.56531],[3.83179,50.56556],[3.83039,50.56739],[3.82895,50.56701],[3.82713,50.56874],[3.82789,50.56903],[3.82865,50.56822],[3.83094,50.56922],[3.83217,50.57022],[3.83327,50.57122],[3.83234,50.5714],[3.83332,50.57205],[3.83272,50.57221],[3.83361,50.5731],[3.83315,50.57345],[3.83306,50.57426],[3.83234,50.57456],[3.83416,50.57504],[3.83475,50.57574],[3.83369,50.57631],[3.83442,50.57717],[3.83471,50.57801],[3.83475,50.57908],[3.83679,50.58019],[3.83578,50.58201],[3.83487,50.58209],[3.83492,50.58305],[3.83425,50.5835],[3.83446,50.58456],[3.83603,50.58466],[3.83717,50.58615],[3.83662,50.58617],[3.83611,50.58671],[3.8367,50.58817],[3.83573,50.5886],[3.83603,50.58995],[3.83404,50.59021],[3.83442,50.59121],[3.83276,50.59156],[3.83073,50.59321],[3.83221,50.59412],[3.81912,50.60093],[3.82056,50.60321],[3.82048,50.60404],[3.81159,50.60718],[3.80517,50.60341],[3.80408,50.60397],[3.80618,50.60503],[3.80467,50.60617],[3.8024,50.60492],[3.8021,50.60624],[3.79854,50.6085],[3.79845,50.6085],[3.79113,50.61359],[3.79004,50.61378],[3.78895,50.6124],[3.78767,50.61334],[3.7869,50.61323],[3.77767,50.60543],[3.77678,50.60579],[3.77604,50.60512],[3.76666,50.60424],[3.7603,50.60325],[3.75564,50.60019],[3.75668,50.59761],[3.75818,50.59713],[3.76062,50.59505],[3.75805,50.59388],[3.7596,50.58977],[3.75691,50.59085],[3.75392,50.58775],[3.75281,50.58691],[3.75155,50.58744],[3.75133,50.58668],[3.75148,50.58562],[3.7536,50.58504],[3.75336,50.58476],[3.75448,50.58403],[3.7526,50.58292],[3.75015,50.58273],[3.7497,50.58326],[3.74821,50.58268],[3.74588,50.58211],[3.74598,50.58175],[3.74497,50.58127],[3.74279,50.58034],[3.74265,50.58034],[3.73884,50.57926],[3.73799,50.58007],[3.73657,50.57881],[3.73643,50.57881],[3.73474,50.57737],[3.73333,50.57845],[3.7305,50.57935],[3.72867,50.58088],[3.72528,50.57953],[3.72472,50.57817],[3.72132,50.57616],[3.72125,50.57616],[3.71955,50.57445],[3.72711,50.57297],[3.72492,50.57068],[3.72739,50.56978],[3.72711,50.56713],[3.7283,50.56626],[3.73043,50.56668],[3.73092,50.56578],[3.72951,50.56484],[3.7144,50.56453],[3.71411,50.56248]]]}},{"type":"Feature","id":"51017","bbox":[3.637746,50.683931,3.766733,50.77348],"properties":{"nis":"51017","name":"Ellezelles","nameNl":"Elzele","nameFr":"Ellezelles","nameDe":"Ellezelles","province":"hainaut","region":"wallonia","areaKm2":44.94},"geometry":{"type":"Polygon","coordinates":[[[3.64038,50.7223],[3.64108,50.72229],[3.64092,50.72211],[3.64043,50.72065],[3.63996,50.71975],[3.63921,50.71858],[3.63839,50.71796],[3.63774,50.71732],[3.638,50.7164],[3.63914,50.71686],[3.63977,50.71691],[3.64121,50.71668],[3.64237,50.71679],[3.64284,50.71662],[3.64427,50.71644],[3.64457,50.71632],[3.64592,50.71639],[3.64693,50.71626],[3.64745,50.71587],[3.64543,50.71518],[3.64459,50.71462],[3.64464,50.71433],[3.64366,50.71373],[3.64302,50.71378],[3.64231,50.71358],[3.64218,50.71308],[3.64101,50.71263],[3.64056,50.71218],[3.64166,50.71167],[3.64305,50.71087],[3.64385,50.70986],[3.64583,50.70879],[3.64664,50.70848],[3.64767,50.7079],[3.64913,50.7074],[3.65098,50.70698],[3.65255,50.70689],[3.65308,50.70668],[3.65386,50.70603],[3.65527,50.70556],[3.65728,50.70519],[3.66064,50.70496],[3.66067,50.70501],[3.66401,50.70489],[3.66555,50.70465],[3.66719,50.70459],[3.67048,50.70415],[3.67175,50.70429],[3.67347,50.70438],[3.67551,50.70385],[3.67727,50.7042],[3.67873,50.70427],[3.67941,50.70387],[3.67981,50.70332],[3.67939,50.70297],[3.67947,50.70274],[3.67822,50.70204],[3.67655,50.70148],[3.67619,50.70096],[3.67572,50.70083],[3.6755,50.70052],[3.67423,50.69959],[3.67348,50.69878],[3.67348,50.69813],[3.67321,50.69765],[3.67272,50.6975],[3.67215,50.69707],[3.67173,50.69697],[3.67044,50.69637],[3.66896,50.69511],[3.66913,50.6946],[3.66867,50.69322],[3.66874,50.69275],[3.66844,50.69255],[3.66907,50.6918],[3.67161,50.69192],[3.67407,50.69262],[3.67464,50.69303],[3.67522,50.69318],[3.67535,50.69338],[3.67606,50.69371],[3.67686,50.69434],[3.67696,50.69466],[3.67871,50.69361],[3.68017,50.6929],[3.68127,50.69181],[3.68216,50.692],[3.68358,50.69183],[3.68479,50.69123],[3.68619,50.69161],[3.68608,50.69199],[3.68439,50.69289],[3.68583,50.69398],[3.68835,50.69436],[3.69036,50.69497],[3.69055,50.69398],[3.69288,50.69328],[3.6936,50.69359],[3.69483,50.69339],[3.69532,50.69342],[3.69595,50.69378],[3.69735,50.69386],[3.69979,50.69437],[3.70116,50.69443],[3.70422,50.69516],[3.70478,50.69553],[3.70595,50.69606],[3.71049,50.69491],[3.7126,50.69419],[3.71618,50.69322],[3.71816,50.692],[3.72233,50.68894],[3.72303,50.68819],[3.72326,50.68743],[3.72441,50.68687],[3.7272,50.68696],[3.7276,50.6864],[3.72813,50.68628],[3.72892,50.68563],[3.73089,50.68586],[3.73118,50.6862],[3.73157,50.68625],[3.73512,50.68545],[3.73567,50.6857],[3.73782,50.68602],[3.73887,50.68587],[3.73972,50.68588],[3.74101,50.68537],[3.74207,50.68467],[3.74328,50.6844],[3.74627,50.68393],[3.74693,50.68423],[3.74756,50.68432],[3.74902,50.68404],[3.75061,50.68412],[3.75254,50.68466],[3.75416,50.68527],[3.75445,50.68587],[3.75381,50.68633],[3.75124,50.68725],[3.75107,50.68779],[3.74957,50.68929],[3.75025,50.69076],[3.74945,50.69164],[3.74993,50.69191],[3.74957,50.69238],[3.74998,50.69253],[3.74894,50.69369],[3.75152,50.69436],[3.75123,50.69462],[3.75211,50.69472],[3.75091,50.69629],[3.75277,50.6966],[3.75487,50.69728],[3.75677,50.69745],[3.75795,50.69576],[3.75956,50.69696],[3.76021,50.69828],[3.76208,50.69905],[3.76259,50.69968],[3.76301,50.70045],[3.76298,50.70115],[3.76227,50.70208],[3.76334,50.70303],[3.76371,50.7038],[3.76467,50.70456],[3.76515,50.70517],[3.76628,50.70517],[3.76673,50.70546],[3.76518,50.70671],[3.76428,50.70709],[3.76241,50.70905],[3.76292,50.70927],[3.76334,50.70993],[3.76315,50.71092],[3.76255,50.71144],[3.76309,50.71279],[3.76363,50.7132],[3.76289,50.71446],[3.76093,50.7171],[3.76278,50.71815],[3.76269,50.71869],[3.7623,50.71932],[3.76235,50.71985],[3.76168,50.72034],[3.76103,50.72008],[3.75897,50.71992],[3.75869,50.72004],[3.75735,50.71995],[3.75724,50.72031],[3.75487,50.7206],[3.75506,50.72216],[3.75508,50.72294],[3.75566,50.72419],[3.7538,50.72466],[3.75238,50.72519],[3.75054,50.72622],[3.7502,50.72669],[3.74915,50.72754],[3.74851,50.72795],[3.74665,50.72886],[3.74512,50.72931],[3.74372,50.72961],[3.74284,50.72967],[3.74077,50.7302],[3.73948,50.73063],[3.73722,50.73112],[3.73485,50.73193],[3.7338,50.73218],[3.73319,50.73251],[3.73229,50.73321],[3.73025,50.73396],[3.7286,50.73447],[3.72697,50.73482],[3.7262,50.73489],[3.72241,50.73473],[3.72219,50.7342],[3.72045,50.73423],[3.71931,50.73456],[3.71794,50.73474],[3.71683,50.73512],[3.71632,50.73573],[3.71448,50.7362],[3.71347,50.73623],[3.71214,50.73595],[3.71179,50.73571],[3.71018,50.73541],[3.70924,50.73556],[3.70743,50.73641],[3.70617,50.73693],[3.70489,50.73766],[3.70352,50.73865],[3.70142,50.74003],[3.69861,50.74341],[3.69656,50.74431],[3.69555,50.74463],[3.69523,50.74484],[3.69487,50.74562],[3.69464,50.74652],[3.69437,50.7469],[3.69535,50.74897],[3.6952,50.74933],[3.69528,50.75013],[3.69374,50.75085],[3.6933,50.75095],[3.69297,50.7514],[3.69215,50.75159],[3.6917,50.75194],[3.6914,50.7525],[3.69145,50.75288],[3.69116,50.75337],[3.69212,50.75535],[3.69193,50.756],[3.69101,50.75702],[3.69013,50.75766],[3.69017,50.75941],[3.69011,50.75999],[3.691,50.76121],[3.69081,50.76171],[3.69051,50.76197],[3.68791,50.76306],[3.68621,50.76335],[3.68582,50.76351],[3.68765,50.7646],[3.68961,50.76607],[3.68982,50.76685],[3.68986,50.7678],[3.69007,50.7683],[3.69095,50.76971],[3.69075,50.77072],[3.68995,50.77208],[3.68889,50.77323],[3.68853,50.77348],[3.68812,50.77336],[3.68715,50.77253],[3.68629,50.77191],[3.68556,50.77161],[3.68478,50.77098],[3.68243,50.77275],[3.68128,50.77188],[3.68014,50.77131],[3.67824,50.77229],[3.67751,50.7707],[3.6776,50.7707],[3.67504,50.76869],[3.67737,50.76702],[3.67381,50.76558],[3.67365,50.76572],[3.67161,50.76487],[3.67113,50.76455],[3.66951,50.76396],[3.67044,50.76285],[3.67088,50.763],[3.6723,50.76145],[3.67121,50.76101],[3.67186,50.76076],[3.6728,50.76071],[3.67354,50.76046],[3.67244,50.75917],[3.6731,50.75872],[3.67255,50.75842],[3.66865,50.75554],[3.66779,50.75497],[3.66647,50.75442],[3.66474,50.7541],[3.66303,50.75411],[3.65987,50.75437],[3.65989,50.75406],[3.65949,50.75376],[3.66,50.75362],[3.66011,50.75148],[3.66033,50.75115],[3.66026,50.75034],[3.65876,50.74887],[3.65896,50.74687],[3.64707,50.74069],[3.64657,50.74023],[3.64368,50.73882],[3.64264,50.73823],[3.64227,50.73783],[3.64275,50.7373],[3.64294,50.73585],[3.64219,50.73386],[3.64228,50.73332],[3.64203,50.73306],[3.64169,50.73229],[3.64124,50.72357],[3.64038,50.7223]]]}},{"type":"Feature","id":"51019","bbox":[3.685814,50.72931,3.777139,50.78187],"properties":{"nis":"51019","name":"Flobecq","nameNl":"Vloesberg","nameFr":"Flobecq","nameDe":"Flobecq","province":"hainaut","region":"wallonia","areaKm2":23.17},"geometry":{"type":"Polygon","coordinates":[[[3.77568,50.74789],[3.77372,50.75004],[3.77312,50.75118],[3.77221,50.75223],[3.77221,50.75277],[3.77316,50.75318],[3.77316,50.75407],[3.77208,50.75458],[3.77084,50.7547],[3.77061,50.75497],[3.77088,50.75566],[3.77055,50.7561],[3.76954,50.75659],[3.76845,50.7573],[3.76868,50.75785],[3.76695,50.75878],[3.76648,50.75888],[3.76576,50.75878],[3.76404,50.76044],[3.76339,50.76049],[3.76319,50.76078],[3.76221,50.76087],[3.76168,50.7611],[3.76115,50.76153],[3.76011,50.76258],[3.76025,50.76385],[3.75996,50.76494],[3.75968,50.76533],[3.75911,50.76568],[3.7583,50.76707],[3.75829,50.76802],[3.75852,50.76811],[3.75671,50.76937],[3.75345,50.77132],[3.75314,50.77155],[3.75313,50.77229],[3.75342,50.77294],[3.75448,50.77412],[3.75527,50.77459],[3.75564,50.77494],[3.75658,50.77504],[3.75745,50.77532],[3.75866,50.77681],[3.75896,50.77781],[3.75929,50.77803],[3.75907,50.77896],[3.75902,50.77999],[3.75858,50.78045],[3.75774,50.78006],[3.75783,50.7799],[3.75706,50.77953],[3.75664,50.77917],[3.75436,50.77846],[3.75328,50.77829],[3.75262,50.77793],[3.7524,50.77765],[3.75136,50.77689],[3.75071,50.77655],[3.75014,50.77563],[3.74947,50.77504],[3.74846,50.77436],[3.74652,50.77466],[3.74559,50.77471],[3.74409,50.77496],[3.74366,50.77461],[3.74203,50.77475],[3.74187,50.77432],[3.74132,50.77416],[3.74101,50.77353],[3.74034,50.77306],[3.7401,50.77256],[3.73793,50.77147],[3.73821,50.77121],[3.73817,50.77024],[3.73695,50.77053],[3.73613,50.7706],[3.73248,50.77052],[3.73126,50.77141],[3.73024,50.77112],[3.72669,50.7706],[3.72486,50.77011],[3.72363,50.76997],[3.72168,50.76959],[3.71915,50.76883],[3.71791,50.76859],[3.71687,50.7681],[3.71589,50.76795],[3.71436,50.76791],[3.71255,50.76981],[3.71159,50.77041],[3.71153,50.77056],[3.71211,50.77104],[3.71319,50.77173],[3.71318,50.77192],[3.71393,50.77226],[3.71459,50.7731],[3.71405,50.7732],[3.71312,50.77376],[3.71233,50.77395],[3.71177,50.77428],[3.71117,50.77438],[3.70983,50.77395],[3.70904,50.7747],[3.70946,50.77586],[3.71008,50.77659],[3.71002,50.7772],[3.71051,50.77809],[3.71191,50.77912],[3.71288,50.77963],[3.7133,50.78036],[3.71018,50.78187],[3.70682,50.77984],[3.70559,50.77916],[3.70468,50.77885],[3.70444,50.77859],[3.70142,50.77646],[3.69827,50.77469],[3.69768,50.7743],[3.69718,50.77346],[3.69689,50.77341],[3.69614,50.77365],[3.69491,50.7745],[3.69428,50.77485],[3.69366,50.7749],[3.6922,50.77461],[3.69141,50.77431],[3.69074,50.77445],[3.68874,50.77468],[3.68856,50.77412],[3.68853,50.77348],[3.68889,50.77323],[3.68995,50.77208],[3.69075,50.77072],[3.69095,50.76971],[3.69007,50.7683],[3.68986,50.7678],[3.68982,50.76685],[3.68961,50.76607],[3.68765,50.7646],[3.68582,50.76351],[3.68621,50.76335],[3.68791,50.76306],[3.69051,50.76197],[3.69081,50.76171],[3.691,50.76121],[3.69011,50.75999],[3.69017,50.75941],[3.69013,50.75766],[3.69101,50.75702],[3.69193,50.756],[3.69212,50.75535],[3.69116,50.75337],[3.69145,50.75288],[3.6914,50.7525],[3.6917,50.75194],[3.69215,50.75159],[3.69297,50.7514],[3.6933,50.75095],[3.69374,50.75085],[3.69528,50.75013],[3.6952,50.74933],[3.69535,50.74897],[3.69437,50.7469],[3.69464,50.74652],[3.69487,50.74562],[3.69523,50.74484],[3.69555,50.74463],[3.69656,50.74431],[3.69861,50.74341],[3.70142,50.74003],[3.70352,50.73865],[3.70489,50.73766],[3.70617,50.73693],[3.70743,50.73641],[3.70924,50.73556],[3.71018,50.73541],[3.71179,50.73571],[3.71214,50.73595],[3.71347,50.73623],[3.71448,50.7362],[3.71632,50.73573],[3.71683,50.73512],[3.71794,50.73474],[3.71931,50.73456],[3.72045,50.73423],[3.72219,50.7342],[3.72241,50.73473],[3.7262,50.73489],[3.72697,50.73482],[3.7286,50.73447],[3.73025,50.73396],[3.73229,50.73321],[3.73319,50.73251],[3.7338,50.73218],[3.73485,50.73193],[3.73722,50.73112],[3.73948,50.73063],[3.74077,50.7302],[3.74284,50.72967],[3.74372,50.72961],[3.74512,50.72931],[3.74684,50.73125],[3.74813,50.73248],[3.7479,50.73263],[3.74942,50.73348],[3.75044,50.73376],[3.75077,50.73362],[3.75243,50.73397],[3.75423,50.73514],[3.75507,50.73562],[3.75664,50.73636],[3.7568,50.73609],[3.75749,50.73578],[3.75762,50.7354],[3.75799,50.73528],[3.75829,50.73467],[3.75912,50.73384],[3.75978,50.73404],[3.76047,50.73471],[3.76173,50.73416],[3.76327,50.73439],[3.76412,50.73434],[3.76507,50.73388],[3.76532,50.73353],[3.7663,50.73312],[3.76685,50.73314],[3.76762,50.73267],[3.76917,50.7321],[3.76958,50.73226],[3.7713,50.73194],[3.77128,50.7318],[3.77269,50.73139],[3.77141,50.73446],[3.77126,50.73527],[3.77185,50.73528],[3.773,50.73604],[3.77385,50.73644],[3.77453,50.73661],[3.77509,50.73719],[3.77587,50.73782],[3.77676,50.73884],[3.77714,50.73955],[3.77692,50.73977],[3.77694,50.74045],[3.77653,50.74145],[3.77653,50.7428],[3.77618,50.74332],[3.77419,50.74465],[3.77358,50.74533],[3.77333,50.74626],[3.774,50.7469],[3.77395,50.74712],[3.77568,50.74789]]]}},{"type":"Feature","id":"51065","bbox":[3.487026,50.625911,3.731402,50.734733],"properties":{"nis":"51065","name":"Frasnes-lez-Anvaing","nameNl":"Frasnes-lez-Anvaing","nameFr":"Frasnes-lez-Anvaing","nameDe":"Frasnes-lez-Anvaing","province":"hainaut","region":"wallonia","areaKm2":112.54},"geometry":{"type":"Polygon","coordinates":[[[3.72441,50.68687],[3.72326,50.68743],[3.72303,50.68819],[3.72233,50.68894],[3.71816,50.692],[3.71618,50.69322],[3.7126,50.69419],[3.71049,50.69491],[3.70595,50.69606],[3.70478,50.69553],[3.70422,50.69516],[3.70116,50.69443],[3.69979,50.69437],[3.69735,50.69386],[3.69595,50.69378],[3.69532,50.69342],[3.69483,50.69339],[3.6936,50.69359],[3.69288,50.69328],[3.69055,50.69398],[3.69036,50.69497],[3.68835,50.69436],[3.68583,50.69398],[3.68439,50.69289],[3.68608,50.69199],[3.68619,50.69161],[3.68479,50.69123],[3.68358,50.69183],[3.68216,50.692],[3.68127,50.69181],[3.68017,50.6929],[3.67871,50.69361],[3.67696,50.69466],[3.67686,50.69434],[3.67606,50.69371],[3.67535,50.69338],[3.67522,50.69318],[3.67464,50.69303],[3.67407,50.69262],[3.67161,50.69192],[3.66907,50.6918],[3.66844,50.69255],[3.66874,50.69275],[3.66867,50.69322],[3.66913,50.6946],[3.66896,50.69511],[3.67044,50.69637],[3.67173,50.69697],[3.67215,50.69707],[3.67272,50.6975],[3.67321,50.69765],[3.67348,50.69813],[3.67348,50.69878],[3.67423,50.69959],[3.6755,50.70052],[3.67572,50.70083],[3.67619,50.70096],[3.67655,50.70148],[3.67822,50.70204],[3.67947,50.70274],[3.67939,50.70297],[3.67981,50.70332],[3.67941,50.70387],[3.67873,50.70427],[3.67727,50.7042],[3.67551,50.70385],[3.67347,50.70438],[3.67175,50.70429],[3.67048,50.70415],[3.66719,50.70459],[3.66555,50.70465],[3.66401,50.70489],[3.66067,50.70501],[3.66064,50.70496],[3.65728,50.70519],[3.65527,50.70556],[3.65386,50.70603],[3.65308,50.70668],[3.65255,50.70689],[3.65098,50.70698],[3.64913,50.7074],[3.64767,50.7079],[3.64664,50.70848],[3.64583,50.70879],[3.64385,50.70986],[3.64305,50.71087],[3.64166,50.71167],[3.64056,50.71218],[3.64101,50.71263],[3.64218,50.71308],[3.64231,50.71358],[3.64302,50.71378],[3.64366,50.71373],[3.64464,50.71433],[3.64459,50.71462],[3.64543,50.71518],[3.64745,50.71587],[3.64693,50.71626],[3.64592,50.71639],[3.64457,50.71632],[3.64427,50.71644],[3.64284,50.71662],[3.64237,50.71679],[3.64121,50.71668],[3.63977,50.71691],[3.63914,50.71686],[3.638,50.7164],[3.63774,50.71732],[3.63839,50.71796],[3.63921,50.71858],[3.63996,50.71975],[3.64043,50.72065],[3.64092,50.72211],[3.64108,50.72229],[3.64038,50.7223],[3.63951,50.72227],[3.63718,50.72242],[3.63494,50.72234],[3.6333,50.72219],[3.63252,50.72189],[3.63076,50.72101],[3.62998,50.72116],[3.62939,50.72148],[3.62918,50.72136],[3.62841,50.72183],[3.62703,50.72231],[3.62699,50.72243],[3.62591,50.72211],[3.62554,50.72232],[3.62506,50.72229],[3.62402,50.72256],[3.62361,50.72252],[3.62285,50.72322],[3.62283,50.72338],[3.62153,50.72389],[3.62097,50.72383],[3.62039,50.72399],[3.62003,50.72433],[3.61968,50.72498],[3.6189,50.72553],[3.61783,50.7261],[3.61756,50.72607],[3.61547,50.72758],[3.61502,50.72762],[3.61473,50.72831],[3.61437,50.72858],[3.61443,50.72916],[3.61411,50.72936],[3.61462,50.72982],[3.61421,50.73062],[3.6129,50.73102],[3.6122,50.73109],[3.61211,50.7314],[3.61107,50.73166],[3.61027,50.73227],[3.60929,50.73197],[3.6087,50.73199],[3.60799,50.73181],[3.60734,50.73224],[3.60638,50.73229],[3.60532,50.73195],[3.60451,50.73188],[3.60403,50.732],[3.6036,50.73178],[3.60203,50.73213],[3.59858,50.73244],[3.59805,50.73242],[3.59673,50.73196],[3.5947,50.73085],[3.59228,50.72986],[3.59126,50.7295],[3.59056,50.7294],[3.58924,50.72943],[3.58914,50.72919],[3.58803,50.72891],[3.58615,50.72915],[3.5844,50.72988],[3.58279,50.72959],[3.58195,50.7297],[3.58102,50.72967],[3.57777,50.73029],[3.57637,50.72997],[3.57586,50.72954],[3.57494,50.72954],[3.57461,50.72941],[3.57362,50.72956],[3.57262,50.72914],[3.57105,50.72886],[3.57062,50.72872],[3.56924,50.72853],[3.56829,50.72813],[3.56725,50.72839],[3.5662,50.72882],[3.56596,50.72881],[3.56539,50.72925],[3.56472,50.72955],[3.56448,50.73001],[3.56338,50.72979],[3.56123,50.73228],[3.55933,50.7341],[3.55877,50.73422],[3.55546,50.73453],[3.5553,50.73473],[3.55302,50.73411],[3.55239,50.73422],[3.55136,50.73409],[3.551,50.73365],[3.55098,50.73334],[3.54856,50.73273],[3.5477,50.73276],[3.54591,50.73248],[3.54416,50.73247],[3.54169,50.73279],[3.54115,50.73311],[3.54124,50.73339],[3.54074,50.73351],[3.53982,50.73345],[3.53934,50.73378],[3.53883,50.73316],[3.53879,50.73273],[3.53959,50.73237],[3.53886,50.7315],[3.54011,50.73109],[3.54062,50.73189],[3.5414,50.73184],[3.54218,50.73203],[3.5427,50.73157],[3.54322,50.73168],[3.54485,50.73166],[3.54459,50.73079],[3.54467,50.72959],[3.5442,50.7295],[3.54295,50.73018],[3.54051,50.72832],[3.54045,50.72814],[3.53906,50.7272],[3.53787,50.72614],[3.53676,50.72552],[3.53802,50.72438],[3.53871,50.72385],[3.54023,50.72405],[3.54079,50.72401],[3.54161,50.7235],[3.54256,50.72275],[3.54066,50.72182],[3.53993,50.7216],[3.53928,50.72165],[3.53695,50.72101],[3.53667,50.72132],[3.53434,50.72047],[3.5329,50.72211],[3.53036,50.72325],[3.52886,50.72255],[3.53142,50.7201],[3.53299,50.71923],[3.5313,50.71808],[3.52934,50.71612],[3.52731,50.71526],[3.52277,50.71431],[3.52245,50.71419],[3.52091,50.71503],[3.51917,50.71418],[3.51764,50.71354],[3.51842,50.71296],[3.5175,50.71271],[3.51508,50.71183],[3.51317,50.71141],[3.51027,50.71031],[3.50867,50.71044],[3.50668,50.71067],[3.50414,50.71051],[3.50346,50.71106],[3.50162,50.71051],[3.49779,50.70861],[3.49637,50.7093],[3.49556,50.70989],[3.49518,50.71004],[3.49416,50.71015],[3.4937,50.70926],[3.49239,50.70838],[3.49099,50.70592],[3.48949,50.70445],[3.48889,50.70421],[3.48847,50.70385],[3.48773,50.70347],[3.48755,50.70358],[3.48719,50.7026],[3.48988,50.70124],[3.49094,50.70054],[3.49046,50.70027],[3.4906,50.69964],[3.49176,50.69779],[3.49301,50.69832],[3.49599,50.69834],[3.49707,50.6981],[3.49743,50.6979],[3.4971,50.69777],[3.49845,50.6967],[3.49863,50.69683],[3.49907,50.69652],[3.50026,50.69612],[3.50096,50.69562],[3.50112,50.69505],[3.50162,50.69457],[3.50261,50.69441],[3.50322,50.69412],[3.50404,50.69396],[3.50441,50.69359],[3.50461,50.69288],[3.50523,50.69264],[3.50498,50.69199],[3.50665,50.69156],[3.50658,50.69109],[3.50677,50.69085],[3.50765,50.69123],[3.50834,50.69135],[3.50941,50.6899],[3.50902,50.68941],[3.50996,50.68872],[3.50882,50.68765],[3.51114,50.68681],[3.51163,50.68649],[3.51188,50.6859],[3.51262,50.68544],[3.51355,50.68474],[3.51432,50.68399],[3.51491,50.68306],[3.51579,50.68231],[3.51719,50.68135],[3.5161,50.68039],[3.51536,50.68012],[3.51578,50.67973],[3.51716,50.6791],[3.51771,50.67864],[3.51782,50.67815],[3.51765,50.67768],[3.51721,50.67735],[3.51764,50.67676],[3.51881,50.67659],[3.52063,50.67678],[3.52113,50.6761],[3.52049,50.67573],[3.52163,50.67475],[3.52114,50.67444],[3.52223,50.67248],[3.52377,50.67211],[3.5248,50.67152],[3.52534,50.6715],[3.52678,50.67098],[3.52727,50.671],[3.52854,50.67049],[3.53051,50.66938],[3.53025,50.66914],[3.5309,50.66855],[3.53164,50.66809],[3.53148,50.66798],[3.53192,50.66748],[3.53211,50.66758],[3.53253,50.66664],[3.53234,50.66653],[3.53325,50.66582],[3.53331,50.66556],[3.53247,50.66532],[3.53085,50.66501],[3.53115,50.66446],[3.52977,50.6642],[3.53072,50.66271],[3.53168,50.66296],[3.5325,50.66164],[3.53078,50.66118],[3.52927,50.66053],[3.53017,50.65965],[3.53177,50.65847],[3.5336,50.65769],[3.53248,50.65701],[3.5316,50.65614],[3.53424,50.65507],[3.53521,50.65401],[3.53596,50.65359],[3.53722,50.65271],[3.53918,50.6519],[3.5398,50.65113],[3.54026,50.65088],[3.54136,50.65058],[3.54258,50.65],[3.54331,50.64949],[3.54375,50.64829],[3.54488,50.64672],[3.5457,50.64617],[3.54643,50.6465],[3.54712,50.6472],[3.54785,50.6476],[3.54846,50.64829],[3.54972,50.64843],[3.55029,50.6484],[3.55073,50.64764],[3.55161,50.64697],[3.5521,50.64617],[3.55218,50.64543],[3.55278,50.64551],[3.55316,50.6443],[3.55404,50.64457],[3.55447,50.64392],[3.55421,50.64385],[3.55475,50.64276],[3.55334,50.64236],[3.55446,50.64152],[3.55488,50.64139],[3.556,50.64057],[3.55794,50.63963],[3.55844,50.63966],[3.55901,50.64007],[3.55985,50.64025],[3.56025,50.63987],[3.56105,50.63956],[3.56197,50.63943],[3.56272,50.63948],[3.56326,50.63926],[3.56533,50.63791],[3.56534,50.63754],[3.56366,50.63683],[3.56264,50.63606],[3.56119,50.63561],[3.56043,50.63531],[3.55839,50.63467],[3.558,50.63485],[3.55688,50.63426],[3.55561,50.63297],[3.55476,50.63162],[3.55317,50.63124],[3.55193,50.63052],[3.551,50.6302],[3.54968,50.62998],[3.55043,50.62924],[3.5509,50.62934],[3.55143,50.62906],[3.55246,50.62942],[3.55367,50.62945],[3.55556,50.629],[3.5569,50.62843],[3.55923,50.62797],[3.56037,50.62787],[3.56008,50.62739],[3.5651,50.62784],[3.56501,50.62821],[3.56551,50.62838],[3.56411,50.62991],[3.56405,50.63118],[3.56476,50.63119],[3.56699,50.63142],[3.56699,50.63088],[3.56762,50.63085],[3.56735,50.62971],[3.5682,50.62952],[3.56778,50.62914],[3.5678,50.62859],[3.56837,50.62863],[3.56949,50.62896],[3.57113,50.62928],[3.57351,50.62938],[3.57394,50.62935],[3.5747,50.62753],[3.57661,50.6273],[3.57951,50.62829],[3.58043,50.62591],[3.58389,50.62712],[3.58656,50.62736],[3.58931,50.62797],[3.58896,50.62832],[3.58888,50.62868],[3.59116,50.62855],[3.5919,50.62957],[3.59184,50.63011],[3.59196,50.63171],[3.59168,50.63241],[3.58769,50.63159],[3.58666,50.63391],[3.58343,50.6331],[3.58327,50.63336],[3.58431,50.63357],[3.58486,50.63397],[3.58589,50.63424],[3.58655,50.63429],[3.58842,50.63475],[3.59116,50.63588],[3.59192,50.63608],[3.59281,50.63603],[3.59342,50.63616],[3.59433,50.63534],[3.5946,50.63476],[3.59514,50.63492],[3.59656,50.63591],[3.59707,50.63548],[3.59818,50.63497],[3.59872,50.63454],[3.5994,50.63346],[3.59978,50.63302],[3.60065,50.6337],[3.60112,50.63393],[3.60208,50.63359],[3.60277,50.63347],[3.60586,50.63359],[3.60601,50.63328],[3.60711,50.63367],[3.60784,50.63364],[3.60853,50.63324],[3.60937,50.63309],[3.61025,50.63309],[3.61163,50.63346],[3.61237,50.63381],[3.61418,50.63431],[3.61452,50.63498],[3.61606,50.63445],[3.61841,50.63486],[3.61888,50.63486],[3.61964,50.63524],[3.62068,50.63555],[3.62121,50.6356],[3.62347,50.6364],[3.62469,50.63667],[3.62515,50.63721],[3.62539,50.63815],[3.6262,50.63896],[3.62737,50.63942],[3.62779,50.63984],[3.62877,50.64033],[3.62924,50.64087],[3.63027,50.64147],[3.63181,50.64033],[3.63395,50.6395],[3.63562,50.6396],[3.6363,50.63943],[3.63738,50.6396],[3.63793,50.63842],[3.63779,50.63717],[3.63787,50.63702],[3.63932,50.63598],[3.6402,50.63524],[3.64061,50.63289],[3.6417,50.63303],[3.64248,50.633],[3.64356,50.63283],[3.64382,50.63307],[3.6447,50.63268],[3.64615,50.63179],[3.64702,50.63141],[3.64868,50.63099],[3.65206,50.63109],[3.6522,50.63096],[3.65504,50.63199],[3.65544,50.63304],[3.65551,50.63474],[3.65479,50.63552],[3.65406,50.63615],[3.6536,50.63763],[3.65319,50.63822],[3.65166,50.63882],[3.65011,50.63873],[3.64956,50.63887],[3.64934,50.63932],[3.64903,50.63944],[3.64958,50.64011],[3.64963,50.64226],[3.64824,50.64243],[3.64539,50.6425],[3.64518,50.64313],[3.64451,50.64417],[3.64673,50.6452],[3.64776,50.64553],[3.64784,50.64536],[3.64938,50.64568],[3.65059,50.64578],[3.65224,50.64524],[3.65284,50.64498],[3.65375,50.64541],[3.65487,50.64533],[3.65511,50.64557],[3.65683,50.6464],[3.65814,50.64804],[3.65891,50.64849],[3.66001,50.64939],[3.66039,50.64933],[3.66228,50.65035],[3.66281,50.65057],[3.6643,50.65185],[3.66543,50.65232],[3.66667,50.65303],[3.66727,50.65418],[3.66772,50.65454],[3.66836,50.65481],[3.66947,50.65424],[3.67018,50.65538],[3.67074,50.65578],[3.67152,50.65542],[3.67357,50.65821],[3.67336,50.65919],[3.67625,50.6605],[3.67929,50.66337],[3.67745,50.66607],[3.67131,50.66449],[3.67126,50.66443],[3.6699,50.66566],[3.67124,50.66593],[3.67131,50.66759],[3.67484,50.66912],[3.67321,50.67056],[3.67505,50.67204],[3.67568,50.67128],[3.67802,50.67244],[3.68084,50.67285],[3.68268,50.67253],[3.68416,50.6733],[3.68748,50.67393],[3.68847,50.67303],[3.69073,50.67199],[3.69638,50.66979],[3.69645,50.66903],[3.69779,50.66935],[3.70083,50.66863],[3.70189,50.6693],[3.70308,50.66961],[3.70371,50.6703],[3.7064,50.6702],[3.70676,50.67083],[3.70767,50.67074],[3.70852,50.6715],[3.7093,50.67105],[3.70866,50.67033],[3.71205,50.66863],[3.71502,50.67029],[3.71671,50.67213],[3.71693,50.67276],[3.7182,50.67267],[3.71834,50.67208],[3.72031,50.67217],[3.72081,50.67141],[3.72427,50.67101],[3.72603,50.67087],[3.72646,50.67029],[3.72794,50.67029],[3.7307,50.67083],[3.7308,50.67103],[3.7302,50.67159],[3.7314,50.67222],[3.72801,50.6746],[3.72978,50.67532],[3.72865,50.67631],[3.72978,50.67662],[3.72914,50.67725],[3.73114,50.68296],[3.73098,50.68332],[3.73015,50.68393],[3.72943,50.6841],[3.72869,50.68398],[3.72801,50.68481],[3.72738,50.68525],[3.72441,50.68687]]]}},{"type":"Feature","id":"51067","bbox":[3.961272,50.630723,4.114097,50.713508],"properties":{"nis":"51067","name":"Enghien","nameNl":"Edingen","nameFr":"Enghien","nameDe":"Enghien","province":"hainaut","region":"wallonia","areaKm2":39.26},"geometry":{"type":"Polygon","coordinates":[[[3.96588,50.68983],[3.96399,50.68787],[3.9624,50.68559],[3.9625,50.68491],[3.96127,50.68311],[3.96233,50.68255],[3.96284,50.68197],[3.96323,50.68053],[3.964,50.67863],[3.96241,50.67825],[3.96413,50.67531],[3.96334,50.6725],[3.96542,50.6695],[3.96562,50.66957],[3.96941,50.66505],[3.968,50.66461],[3.96645,50.66391],[3.96696,50.66343],[3.96654,50.66325],[3.96785,50.66235],[3.96547,50.66121],[3.9661,50.66051],[3.96419,50.65999],[3.96368,50.65941],[3.96305,50.65909],[3.96235,50.65825],[3.96298,50.6579],[3.96399,50.65842],[3.96717,50.65776],[3.97008,50.65727],[3.97317,50.65594],[3.97417,50.65556],[3.97649,50.65484],[3.97609,50.65446],[3.97636,50.65376],[3.97632,50.65323],[3.97609,50.65309],[3.97696,50.65245],[3.97685,50.65233],[3.97721,50.65178],[3.97677,50.65119],[3.97787,50.65015],[3.97761,50.64906],[3.97809,50.64691],[3.97627,50.6455],[3.97504,50.64556],[3.9718,50.64265],[3.97023,50.64007],[3.96948,50.636],[3.96957,50.6356],[3.96873,50.63304],[3.97192,50.63271],[3.97418,50.6317],[3.97548,50.63145],[3.97662,50.63072],[3.97722,50.63079],[3.97729,50.63155],[3.97836,50.6327],[3.97939,50.63465],[3.98038,50.63568],[3.98187,50.63674],[3.98261,50.63709],[3.98629,50.63828],[3.98881,50.63928],[3.99193,50.6411],[3.99452,50.64227],[3.99634,50.64414],[3.99862,50.64572],[4.00015,50.64817],[4.00252,50.65054],[4.0035,50.6511],[4.0048,50.65226],[4.00641,50.65303],[4.00725,50.65369],[4.00852,50.6555],[4.01097,50.65853],[4.0118,50.65997],[4.01593,50.66485],[4.01988,50.6699],[4.02185,50.6711],[4.02253,50.67245],[4.02496,50.67461],[4.02673,50.67694],[4.0282,50.67927],[4.02913,50.68121],[4.02957,50.68127],[4.03243,50.67925],[4.03178,50.6823],[4.03461,50.68338],[4.03845,50.68507],[4.04094,50.68209],[4.04193,50.68205],[4.0428,50.68049],[4.04359,50.67957],[4.04568,50.67501],[4.04613,50.67431],[4.04758,50.67113],[4.04839,50.67082],[4.05006,50.66982],[4.05142,50.66827],[4.05212,50.66777],[4.05331,50.66746],[4.05684,50.66702],[4.05841,50.66687],[4.05979,50.66627],[4.06155,50.66637],[4.06271,50.66558],[4.06283,50.66524],[4.06462,50.66396],[4.06331,50.66333],[4.05876,50.65997],[4.0587,50.65997],[4.06212,50.65798],[4.06206,50.65749],[4.06257,50.65744],[4.06466,50.65501],[4.06531,50.6549],[4.06577,50.65499],[4.06664,50.65416],[4.06775,50.6535],[4.06916,50.65441],[4.06999,50.65478],[4.07047,50.65463],[4.07045,50.65527],[4.07169,50.65635],[4.07115,50.65667],[4.07205,50.65741],[4.07283,50.65715],[4.07382,50.65872],[4.07469,50.65997],[4.07485,50.65966],[4.07568,50.65908],[4.07566,50.65828],[4.07584,50.65905],[4.07642,50.65933],[4.07582,50.65954],[4.07513,50.65998],[4.07448,50.66078],[4.07588,50.66126],[4.07865,50.66235],[4.08097,50.6634],[4.08193,50.66377],[4.08428,50.66487],[4.08545,50.66508],[4.08653,50.66514],[4.08791,50.66555],[4.08869,50.66596],[4.08945,50.66658],[4.09016,50.667],[4.0905,50.66746],[4.09138,50.66817],[4.09185,50.66905],[4.09178,50.66914],[4.09453,50.67164],[4.0935,50.67262],[4.09659,50.67458],[4.09648,50.67513],[4.0975,50.67676],[4.09685,50.67709],[4.0961,50.67807],[4.09559,50.67965],[4.09494,50.68034],[4.09526,50.68101],[4.09568,50.68148],[4.09583,50.68217],[4.09636,50.68292],[4.0967,50.68371],[4.09951,50.68698],[4.09779,50.68818],[4.0971,50.68937],[4.09951,50.69144],[4.09934,50.69481],[4.09556,50.69546],[4.09487,50.69622],[4.09436,50.69949],[4.09195,50.70112],[4.0959,50.70318],[4.09642,50.70253],[4.09934,50.70351],[4.10139,50.70188],[4.10174,50.7034],[4.1038,50.70427],[4.10345,50.7047],[4.10757,50.7059],[4.10809,50.70525],[4.11152,50.70579],[4.11221,50.70492],[4.1141,50.70547],[4.11221,50.7072],[4.11118,50.70862],[4.11084,50.70938],[4.1086,50.7096],[4.10706,50.70894],[4.105,50.70731],[4.10047,50.70595],[4.09901,50.70551],[4.09779,50.70629],[4.09737,50.70609],[4.09601,50.70659],[4.0963,50.7069],[4.09316,50.70816],[4.09074,50.70711],[4.08546,50.71194],[4.08584,50.71236],[4.0869,50.71321],[4.08637,50.71351],[4.08465,50.71233],[4.08486,50.71215],[4.08367,50.71177],[4.08228,50.71191],[4.08069,50.71181],[4.0789,50.71151],[4.07777,50.71161],[4.07782,50.71122],[4.07642,50.71115],[4.07391,50.71078],[4.07252,50.71132],[4.07196,50.71176],[4.06978,50.70902],[4.06827,50.7075],[4.06793,50.70724],[4.06735,50.70577],[4.06479,50.70251],[4.06089,50.69737],[4.06017,50.69651],[4.05867,50.69439],[4.05802,50.69489],[4.05781,50.6948],[4.05639,50.69693],[4.0556,50.69853],[4.05538,50.69857],[4.05491,50.69987],[4.05435,50.70084],[4.05337,50.70163],[4.05133,50.70187],[4.04961,50.70182],[4.04758,50.70161],[4.04384,50.70005],[4.0437,50.69988],[4.0423,50.69913],[4.03749,50.69726],[4.03779,50.69704],[4.03737,50.69692],[4.03591,50.69619],[4.03254,50.69464],[4.03211,50.69398],[4.03178,50.69388],[4.03093,50.69401],[4.03004,50.69388],[4.02942,50.6939],[4.02888,50.69413],[4.02828,50.69376],[4.02749,50.69383],[4.02726,50.69409],[4.02685,50.69404],[4.02559,50.69423],[4.02463,50.69395],[4.02432,50.69418],[4.02252,50.69427],[4.02177,50.69443],[4.01912,50.69517],[4.01865,50.69492],[4.0187,50.69468],[4.01771,50.69411],[4.01705,50.69391],[4.01597,50.69444],[4.01546,50.69506],[4.01512,50.69569],[4.01406,50.69575],[4.01376,50.69597],[4.01339,50.69696],[4.01312,50.69728],[4.01255,50.69839],[4.01284,50.69881],[4.01263,50.69889],[4.01171,50.69856],[4.01138,50.69863],[4.0108,50.6991],[4.00999,50.69941],[4.00928,50.69885],[4.00861,50.69814],[4.00759,50.69775],[4.00551,50.6972],[4.00532,50.69724],[4.00339,50.69684],[4.00171,50.69586],[4.00088,50.6957],[4.00118,50.69537],[4.00025,50.6949],[3.99951,50.69464],[3.9987,50.69396],[3.99862,50.69362],[3.99748,50.69307],[3.99719,50.69317],[3.99597,50.69254],[3.99471,50.6916],[3.99417,50.69106],[3.99417,50.6908],[3.99275,50.68932],[3.99153,50.68861],[3.99063,50.68786],[3.98866,50.68765],[3.98722,50.68738],[3.98602,50.68743],[3.98372,50.68803],[3.98072,50.68843],[3.98075,50.68853],[3.97775,50.68854],[3.97707,50.68843],[3.97659,50.68854],[3.97507,50.6884],[3.97464,50.68852],[3.97125,50.69054],[3.96924,50.6904],[3.96915,50.69028],[3.96588,50.68983]]]}},{"type":"Feature","id":"51068","bbox":[3.876539,50.590169,4.066642,50.695499],"properties":{"nis":"51068","name":"Silly","nameNl":"Opzullik","nameFr":"Silly","nameDe":"Silly","province":"hainaut","region":"wallonia","areaKm2":68.39},"geometry":{"type":"Polygon","coordinates":[[[3.96588,50.68983],[3.96444,50.68978],[3.96225,50.6893],[3.96145,50.68922],[3.96089,50.68935],[3.95948,50.68946],[3.95878,50.68959],[3.95828,50.6893],[3.95622,50.68897],[3.95506,50.68902],[3.95346,50.68951],[3.95289,50.69009],[3.95187,50.6902],[3.95017,50.6905],[3.94959,50.69048],[3.94746,50.69069],[3.9461,50.69063],[3.9446,50.69072],[3.9441,50.69057],[3.94343,50.69081],[3.94293,50.6908],[3.9419,50.69037],[3.94157,50.68973],[3.94084,50.68959],[3.94008,50.68962],[3.93981,50.68939],[3.93931,50.68934],[3.93563,50.6905],[3.9349,50.6903],[3.93217,50.68975],[3.93145,50.6895],[3.9307,50.6904],[3.93028,50.69106],[3.92993,50.69117],[3.93087,50.6932],[3.92994,50.69347],[3.92991,50.69365],[3.92868,50.69383],[3.92924,50.69498],[3.92784,50.69523],[3.9279,50.69542],[3.92644,50.6955],[3.92552,50.69542],[3.92551,50.69397],[3.92339,50.69366],[3.92392,50.69305],[3.92362,50.69276],[3.92361,50.6924],[3.92227,50.69301],[3.9227,50.69396],[3.92195,50.69398],[3.91911,50.69283],[3.91857,50.69318],[3.91719,50.69227],[3.91481,50.69324],[3.91424,50.69283],[3.91456,50.69215],[3.91335,50.69128],[3.91297,50.69139],[3.91209,50.69118],[3.91084,50.69195],[3.91026,50.69252],[3.9097,50.69245],[3.9093,50.69242],[3.90885,50.69129],[3.90915,50.69116],[3.90891,50.6907],[3.90785,50.68992],[3.9072,50.68922],[3.90683,50.68832],[3.90571,50.68776],[3.89957,50.68695],[3.90067,50.68596],[3.9,50.68603],[3.89876,50.68541],[3.89599,50.68444],[3.895,50.68428],[3.8935,50.68436],[3.89364,50.68332],[3.89339,50.68264],[3.89082,50.68083],[3.88859,50.68092],[3.8874,50.68133],[3.88808,50.68009],[3.88746,50.67804],[3.88621,50.67721],[3.88455,50.67669],[3.88186,50.67563],[3.88037,50.67525],[3.87874,50.67295],[3.87764,50.67231],[3.87921,50.67069],[3.87654,50.66969],[3.87726,50.66816],[3.87764,50.66616],[3.87984,50.66657],[3.88302,50.66296],[3.88188,50.66171],[3.88327,50.66085],[3.88548,50.66112],[3.88692,50.66058],[3.88819,50.65972],[3.88929,50.65791],[3.88933,50.65603],[3.88997,50.65606],[3.89111,50.65398],[3.89285,50.65244],[3.89408,50.65306],[3.89476,50.65261],[3.89578,50.6532],[3.89662,50.65325],[3.89815,50.65115],[3.9005,50.64895],[3.89997,50.64876],[3.9002,50.6483],[3.91314,50.64401],[3.91264,50.64285],[3.9134,50.64269],[3.91209,50.64091],[3.91141,50.64091],[3.91128,50.64048],[3.91289,50.64037],[3.91247,50.63929],[3.91323,50.639],[3.91107,50.63673],[3.90976,50.63603],[3.90912,50.6363],[3.90874,50.63616],[3.90257,50.63284],[3.90035,50.63101],[3.90074,50.63065],[3.89982,50.63028],[3.90011,50.63003],[3.89756,50.62665],[3.89677,50.62598],[3.89914,50.62468],[3.89678,50.62338],[3.89499,50.62315],[3.89487,50.62304],[3.89822,50.62273],[3.89776,50.62192],[3.89979,50.62105],[3.89943,50.6209],[3.90086,50.62008],[3.90003,50.61955],[3.90175,50.61838],[3.90074,50.61794],[3.90146,50.6178],[3.902,50.61755],[3.9037,50.61546],[3.90507,50.61618],[3.90672,50.61679],[3.90857,50.61722],[3.90921,50.61719],[3.9124,50.61655],[3.91193,50.61569],[3.91192,50.6153],[3.91398,50.61451],[3.91622,50.61634],[3.91952,50.61429],[3.91802,50.61339],[3.9189,50.61278],[3.92014,50.6125],[3.92121,50.61205],[3.9222,50.61273],[3.92359,50.61206],[3.92302,50.61163],[3.92319,50.61124],[3.92531,50.61032],[3.92596,50.60986],[3.92895,50.60842],[3.93192,50.61057],[3.93322,50.61142],[3.9337,50.61278],[3.93423,50.61363],[3.93426,50.61426],[3.93341,50.61499],[3.93412,50.61528],[3.93562,50.61447],[3.93938,50.61447],[3.94042,50.6148],[3.94155,50.61485],[3.94234,50.61384],[3.94322,50.61417],[3.94344,50.61392],[3.94446,50.61408],[3.94564,50.61458],[3.9459,50.61429],[3.94782,50.61307],[3.94766,50.61254],[3.94616,50.61083],[3.94579,50.61107],[3.94554,50.6102],[3.94477,50.61033],[3.9446,50.60941],[3.94333,50.60898],[3.94237,50.60999],[3.9415,50.60983],[3.94155,50.60914],[3.94017,50.6087],[3.93997,50.60918],[3.93873,50.60895],[3.93972,50.60808],[3.93918,50.60792],[3.9378,50.60879],[3.93641,50.60747],[3.93842,50.60596],[3.93997,50.60505],[3.94025,50.60521],[3.94325,50.60404],[3.94396,50.60456],[3.945,50.60485],[3.94785,50.60485],[3.95079,50.60575],[3.95197,50.60638],[3.9533,50.60667],[3.9539,50.60657],[3.95435,50.60456],[3.95271,50.60165],[3.95229,50.59998],[3.95262,50.59917],[3.95115,50.59443],[3.9531,50.59389],[3.95884,50.59301],[3.96132,50.59193],[3.96219,50.59017],[3.96342,50.59035],[3.9647,50.5907],[3.96602,50.59136],[3.96741,50.59169],[3.96788,50.59196],[3.9689,50.5922],[3.96992,50.59291],[3.97122,50.59365],[3.97171,50.59432],[3.97263,50.5952],[3.97311,50.59555],[3.97297,50.59639],[3.97262,50.59738],[3.97117,50.59884],[3.97121,50.5995],[3.97168,50.60112],[3.97379,50.60156],[3.97495,50.60192],[3.9759,50.60208],[3.97771,50.6021],[3.97842,50.60276],[3.9792,50.60318],[3.97935,50.60357],[3.97927,50.60474],[3.97962,50.6055],[3.98057,50.60606],[3.98106,50.60669],[3.98189,50.608],[3.98212,50.60889],[3.98224,50.61022],[3.98321,50.61164],[3.98287,50.61294],[3.98241,50.61379],[3.98186,50.61557],[3.98128,50.61653],[3.98081,50.61885],[3.98062,50.61941],[3.97975,50.62015],[3.97845,50.62097],[3.97855,50.62119],[3.97826,50.62194],[3.97933,50.62306],[3.98054,50.62345],[3.98074,50.62361],[3.98171,50.62334],[3.98307,50.62317],[3.98497,50.62373],[3.98611,50.62427],[3.98662,50.62435],[3.98742,50.62476],[3.98783,50.62477],[3.98957,50.62529],[3.99074,50.62545],[3.99334,50.62613],[3.99485,50.62618],[3.99708,50.62696],[3.99913,50.62747],[4.00025,50.62803],[4.00057,50.62773],[4.00095,50.62787],[4.00162,50.62749],[4.00298,50.62623],[4.00299,50.62601],[4.00363,50.62562],[4.00387,50.62495],[4.00462,50.62537],[4.00602,50.62597],[4.0059,50.62619],[4.00634,50.62673],[4.00595,50.62697],[4.0064,50.62731],[4.00703,50.62808],[4.00766,50.62849],[4.00831,50.62922],[4.00957,50.63012],[4.00972,50.63012],[4.01113,50.631],[4.01165,50.63155],[4.01348,50.63178],[4.01446,50.63237],[4.01501,50.63289],[4.01522,50.63274],[4.01616,50.63278],[4.01785,50.63295],[4.02007,50.63274],[4.02244,50.63319],[4.02648,50.63363],[4.02655,50.63375],[4.02737,50.6346],[4.02808,50.63497],[4.02832,50.63526],[4.02984,50.63637],[4.03088,50.63704],[4.03154,50.63733],[4.03212,50.63738],[4.0334,50.63709],[4.03555,50.63785],[4.03696,50.6381],[4.03745,50.63802],[4.03946,50.64002],[4.04105,50.64104],[4.04242,50.64203],[4.04368,50.64283],[4.04459,50.64323],[4.0467,50.64399],[4.04997,50.64595],[4.05089,50.64644],[4.05069,50.64684],[4.05134,50.64782],[4.05207,50.64863],[4.05389,50.64985],[4.05438,50.65001],[4.05564,50.65014],[4.05657,50.65038],[4.05766,50.6503],[4.05805,50.65038],[4.05908,50.65091],[4.06053,50.65128],[4.06113,50.65132],[4.06109,50.6515],[4.06282,50.65251],[4.06324,50.65259],[4.06404,50.65393],[4.06488,50.65332],[4.06664,50.65416],[4.06577,50.65499],[4.06531,50.6549],[4.06466,50.65501],[4.06257,50.65744],[4.06206,50.65749],[4.06212,50.65798],[4.0587,50.65997],[4.05876,50.65997],[4.06331,50.66333],[4.06462,50.66396],[4.06283,50.66524],[4.06271,50.66558],[4.06155,50.66637],[4.05979,50.66627],[4.05841,50.66687],[4.05684,50.66702],[4.05331,50.66746],[4.05212,50.66777],[4.05142,50.66827],[4.05006,50.66982],[4.04839,50.67082],[4.04758,50.67113],[4.04613,50.67431],[4.04568,50.67501],[4.04359,50.67957],[4.0428,50.68049],[4.04193,50.68205],[4.04094,50.68209],[4.03845,50.68507],[4.03461,50.68338],[4.03178,50.6823],[4.03243,50.67925],[4.02957,50.68127],[4.02913,50.68121],[4.0282,50.67927],[4.02673,50.67694],[4.02496,50.67461],[4.02253,50.67245],[4.02185,50.6711],[4.01988,50.6699],[4.01593,50.66485],[4.0118,50.65997],[4.01097,50.65853],[4.00852,50.6555],[4.00725,50.65369],[4.00641,50.65303],[4.0048,50.65226],[4.0035,50.6511],[4.00252,50.65054],[4.00015,50.64817],[3.99862,50.64572],[3.99634,50.64414],[3.99452,50.64227],[3.99193,50.6411],[3.98881,50.63928],[3.98629,50.63828],[3.98261,50.63709],[3.98187,50.63674],[3.98038,50.63568],[3.97939,50.63465],[3.97836,50.6327],[3.97729,50.63155],[3.97722,50.63079],[3.97662,50.63072],[3.97548,50.63145],[3.97418,50.6317],[3.97192,50.63271],[3.96873,50.63304],[3.96957,50.6356],[3.96948,50.636],[3.97023,50.64007],[3.9718,50.64265],[3.97504,50.64556],[3.97627,50.6455],[3.97809,50.64691],[3.97761,50.64906],[3.97787,50.65015],[3.97677,50.65119],[3.97721,50.65178],[3.97685,50.65233],[3.97696,50.65245],[3.97609,50.65309],[3.97632,50.65323],[3.97636,50.65376],[3.97609,50.65446],[3.97649,50.65484],[3.97417,50.65556],[3.97317,50.65594],[3.97008,50.65727],[3.96717,50.65776],[3.96399,50.65842],[3.96298,50.6579],[3.96235,50.65825],[3.96305,50.65909],[3.96368,50.65941],[3.96419,50.65999],[3.9661,50.66051],[3.96547,50.66121],[3.96785,50.66235],[3.96654,50.66325],[3.96696,50.66343],[3.96645,50.66391],[3.968,50.66461],[3.96941,50.66505],[3.96562,50.66957],[3.96542,50.6695],[3.96334,50.6725],[3.96413,50.67531],[3.96241,50.67825],[3.964,50.67863],[3.96323,50.68053],[3.96284,50.68197],[3.96233,50.68255],[3.96127,50.68311],[3.9625,50.68491],[3.9624,50.68559],[3.96399,50.68787],[3.96588,50.68983]]]}},{"type":"Feature","id":"51069","bbox":[3.745121,50.669399,3.913456,50.751609],"properties":{"nis":"51069","name":"Lessines","nameNl":"Lessen","nameFr":"Lessines","nameDe":"Lessines","province":"hainaut","region":"wallonia","areaKm2":72.4},"geometry":{"type":"Polygon","coordinates":[[[3.88186,50.67563],[3.88455,50.67669],[3.88621,50.67721],[3.88746,50.67804],[3.88808,50.68009],[3.8874,50.68133],[3.88859,50.68092],[3.89082,50.68083],[3.89339,50.68264],[3.89364,50.68332],[3.8935,50.68436],[3.895,50.68428],[3.89599,50.68444],[3.89876,50.68541],[3.9,50.68603],[3.90067,50.68596],[3.89957,50.68695],[3.90571,50.68776],[3.90683,50.68832],[3.9072,50.68922],[3.90785,50.68992],[3.90891,50.6907],[3.90915,50.69116],[3.90885,50.69129],[3.9093,50.69242],[3.9097,50.69245],[3.90975,50.69299],[3.91005,50.69332],[3.91025,50.69396],[3.91012,50.6941],[3.91067,50.69501],[3.91097,50.69582],[3.91276,50.69782],[3.91311,50.69803],[3.9129,50.69837],[3.91345,50.69874],[3.91283,50.69912],[3.91191,50.69939],[3.91041,50.70038],[3.91005,50.70076],[3.90933,50.70195],[3.90769,50.70252],[3.90555,50.70455],[3.90413,50.70505],[3.9036,50.70537],[3.90395,50.70645],[3.90384,50.70663],[3.90307,50.70654],[3.90199,50.70719],[3.90158,50.708],[3.90139,50.70981],[3.90173,50.71072],[3.90159,50.71099],[3.90014,50.71025],[3.89797,50.7095],[3.89719,50.70913],[3.89535,50.71074],[3.89435,50.71063],[3.89321,50.70992],[3.89264,50.70973],[3.89203,50.70985],[3.89019,50.70998],[3.88932,50.71155],[3.88932,50.71279],[3.88992,50.71333],[3.88983,50.71511],[3.89077,50.71619],[3.89196,50.71776],[3.8923,50.71922],[3.89238,50.72031],[3.89285,50.72113],[3.89382,50.72228],[3.89399,50.72305],[3.89466,50.72377],[3.89457,50.7246],[3.89482,50.72547],[3.89497,50.72659],[3.89646,50.7274],[3.89673,50.72797],[3.89696,50.72918],[3.89388,50.72989],[3.89567,50.73301],[3.89387,50.73343],[3.89254,50.73506],[3.89636,50.73629],[3.89908,50.73713],[3.89767,50.73851],[3.89703,50.73843],[3.89507,50.74055],[3.89442,50.74041],[3.89402,50.74109],[3.89422,50.74128],[3.89295,50.74251],[3.89214,50.7427],[3.89157,50.74303],[3.89068,50.74374],[3.88947,50.74408],[3.8899,50.745],[3.89028,50.7453],[3.89019,50.74557],[3.88971,50.74565],[3.88924,50.74619],[3.88796,50.74789],[3.88745,50.74847],[3.88626,50.7493],[3.88559,50.74968],[3.88342,50.75038],[3.88009,50.75132],[3.8798,50.75146],[3.877,50.74988],[3.87677,50.74971],[3.87463,50.74944],[3.87325,50.74922],[3.87293,50.74938],[3.87148,50.74858],[3.87136,50.74861],[3.87053,50.748],[3.86922,50.74854],[3.86845,50.74895],[3.86728,50.74918],[3.86654,50.74833],[3.86633,50.74794],[3.86217,50.7498],[3.86178,50.75065],[3.86144,50.75091],[3.86092,50.75076],[3.86037,50.75009],[3.86032,50.74973],[3.8599,50.74936],[3.85938,50.7494],[3.85865,50.75082],[3.85816,50.75145],[3.8577,50.75161],[3.85743,50.75146],[3.85734,50.75087],[3.85745,50.75015],[3.85815,50.74894],[3.85869,50.74831],[3.8583,50.74778],[3.8577,50.74747],[3.85715,50.74737],[3.85676,50.74763],[3.85662,50.74835],[3.85587,50.74934],[3.85553,50.74902],[3.85539,50.74856],[3.85583,50.7475],[3.85506,50.74751],[3.85432,50.74774],[3.8532,50.7484],[3.85173,50.74882],[3.85136,50.74841],[3.84999,50.74753],[3.84829,50.74633],[3.84834,50.74617],[3.84703,50.74583],[3.84664,50.74589],[3.84487,50.74586],[3.8441,50.74567],[3.84269,50.74465],[3.84143,50.74356],[3.84012,50.74231],[3.83836,50.74138],[3.83495,50.74336],[3.83325,50.74303],[3.83195,50.74287],[3.83019,50.74256],[3.82897,50.74223],[3.82841,50.74246],[3.82801,50.74304],[3.82672,50.7436],[3.82436,50.74433],[3.82115,50.74481],[3.81963,50.74484],[3.8188,50.74467],[3.81861,50.74492],[3.81746,50.74583],[3.81694,50.74655],[3.81614,50.74998],[3.81547,50.75071],[3.81389,50.74992],[3.8135,50.74983],[3.81102,50.75033],[3.80945,50.7503],[3.80703,50.75011],[3.80554,50.75018],[3.80374,50.7501],[3.80268,50.75016],[3.80007,50.74993],[3.79897,50.74973],[3.79653,50.74958],[3.79356,50.74899],[3.79268,50.74871],[3.79207,50.74866],[3.79106,50.74882],[3.78936,50.74862],[3.78877,50.74864],[3.78695,50.74822],[3.78608,50.74791],[3.78533,50.74831],[3.78462,50.74851],[3.78358,50.74843],[3.78254,50.74901],[3.78196,50.74877],[3.78041,50.74851],[3.77887,50.74795],[3.77802,50.74744],[3.77755,50.74761],[3.77668,50.74835],[3.77568,50.74789],[3.77395,50.74712],[3.774,50.7469],[3.77333,50.74626],[3.77358,50.74533],[3.77419,50.74465],[3.77618,50.74332],[3.77653,50.7428],[3.77653,50.74145],[3.77694,50.74045],[3.77692,50.73977],[3.77714,50.73955],[3.77676,50.73884],[3.77587,50.73782],[3.77509,50.73719],[3.77453,50.73661],[3.77385,50.73644],[3.773,50.73604],[3.77185,50.73528],[3.77126,50.73527],[3.77141,50.73446],[3.77269,50.73139],[3.77128,50.7318],[3.7713,50.73194],[3.76958,50.73226],[3.76917,50.7321],[3.76762,50.73267],[3.76685,50.73314],[3.7663,50.73312],[3.76532,50.73353],[3.76507,50.73388],[3.76412,50.73434],[3.76327,50.73439],[3.76173,50.73416],[3.76047,50.73471],[3.75978,50.73404],[3.75912,50.73384],[3.75829,50.73467],[3.75799,50.73528],[3.75762,50.7354],[3.75749,50.73578],[3.7568,50.73609],[3.75664,50.73636],[3.75507,50.73562],[3.75423,50.73514],[3.75243,50.73397],[3.75077,50.73362],[3.75044,50.73376],[3.74942,50.73348],[3.7479,50.73263],[3.74813,50.73248],[3.74684,50.73125],[3.74512,50.72931],[3.74665,50.72886],[3.74851,50.72795],[3.74915,50.72754],[3.7502,50.72669],[3.75054,50.72622],[3.75238,50.72519],[3.7538,50.72466],[3.75566,50.72419],[3.75508,50.72294],[3.75506,50.72216],[3.75487,50.7206],[3.75724,50.72031],[3.75735,50.71995],[3.75869,50.72004],[3.75897,50.71992],[3.76103,50.72008],[3.76168,50.72034],[3.76235,50.71985],[3.7623,50.71932],[3.76269,50.71869],[3.76278,50.71815],[3.76093,50.7171],[3.76289,50.71446],[3.76363,50.7132],[3.76309,50.71279],[3.76255,50.71144],[3.76315,50.71092],[3.76334,50.70993],[3.76292,50.70927],[3.76241,50.70905],[3.76428,50.70709],[3.76518,50.70671],[3.76673,50.70546],[3.76628,50.70517],[3.76515,50.70517],[3.76467,50.70456],[3.76371,50.7038],[3.76334,50.70303],[3.76227,50.70208],[3.76298,50.70115],[3.76301,50.70045],[3.76259,50.69968],[3.76208,50.69905],[3.76021,50.69828],[3.75956,50.69696],[3.75795,50.69576],[3.76244,50.68886],[3.76851,50.69035],[3.76744,50.69153],[3.76767,50.69274],[3.77077,50.69417],[3.77128,50.69466],[3.77348,50.69364],[3.77351,50.69311],[3.77422,50.69227],[3.77427,50.69184],[3.77515,50.69159],[3.77611,50.69182],[3.7767,50.69213],[3.77783,50.69187],[3.77902,50.6924],[3.78125,50.69049],[3.78343,50.68896],[3.78458,50.68925],[3.78487,50.68893],[3.78529,50.68907],[3.78594,50.68834],[3.78679,50.68857],[3.78848,50.68677],[3.7923,50.68383],[3.79343,50.68312],[3.79509,50.68257],[3.79484,50.68154],[3.79402,50.68106],[3.79546,50.67967],[3.79616,50.67989],[3.79718,50.67915],[3.79679,50.67853],[3.79896,50.67792],[3.79956,50.67811],[3.80029,50.6795],[3.80145,50.68056],[3.80343,50.67847],[3.80769,50.67626],[3.80887,50.67669],[3.81018,50.67635],[3.81083,50.67675],[3.81139,50.67635],[3.81444,50.67484],[3.81585,50.67509],[3.8167,50.67574],[3.81794,50.67633],[3.81853,50.6765],[3.81959,50.67645],[3.8202,50.67673],[3.82049,50.67737],[3.82111,50.67786],[3.8215,50.67878],[3.82232,50.67964],[3.82368,50.68035],[3.82407,50.6812],[3.82467,50.68167],[3.82661,50.68232],[3.82692,50.68197],[3.82794,50.68153],[3.82882,50.68205],[3.83074,50.68128],[3.83252,50.68309],[3.83264,50.68381],[3.83592,50.68188],[3.83668,50.68132],[3.83777,50.68078],[3.83847,50.68021],[3.83888,50.68009],[3.83804,50.6794],[3.83827,50.67878],[3.83785,50.67811],[3.83842,50.67733],[3.83903,50.67683],[3.84037,50.67617],[3.84118,50.67603],[3.84322,50.67535],[3.8427,50.67365],[3.84387,50.67339],[3.84512,50.67366],[3.84627,50.67292],[3.84915,50.67188],[3.8524,50.67118],[3.85548,50.67082],[3.85545,50.67028],[3.85814,50.6694],[3.86045,50.67048],[3.86085,50.67093],[3.86308,50.67163],[3.86514,50.67195],[3.86884,50.67235],[3.8698,50.67276],[3.86946,50.67292],[3.87302,50.67592],[3.87613,50.67522],[3.87788,50.67525],[3.8813,50.67601],[3.88186,50.67563]]]}},{"type":"Feature","id":"52010","bbox":[4.261989,50.424566,4.3268,50.507044],"properties":{"nis":"52010","name":"Chapelle-lez-Herlaimont","nameNl":"Chapelle-lez-Herlaimont","nameFr":"Chapelle-lez-Herlaimont","nameDe":"Chapelle-lez-Herlaimont","province":"hainaut","region":"wallonia","areaKm2":18.15},"geometry":{"type":"Polygon","coordinates":[[[4.26769,50.47156],[4.26795,50.47127],[4.26797,50.47074],[4.26769,50.46983],[4.26773,50.46917],[4.26723,50.46805],[4.26762,50.46795],[4.26769,50.4676],[4.26839,50.46665],[4.26843,50.4636],[4.26859,50.46342],[4.26911,50.46108],[4.26969,50.45936],[4.27027,50.45883],[4.27474,50.45603],[4.27623,50.45551],[4.27798,50.45441],[4.27878,50.45363],[4.27935,50.45327],[4.28143,50.4523],[4.28312,50.45134],[4.28127,50.45086],[4.27944,50.4507],[4.27759,50.45032],[4.27843,50.44456],[4.2785,50.44384],[4.27388,50.4433],[4.27291,50.44292],[4.27219,50.44295],[4.27139,50.44281],[4.27147,50.44262],[4.27248,50.44142],[4.27146,50.44098],[4.27143,50.43976],[4.27111,50.43831],[4.27052,50.43838],[4.26884,50.43877],[4.26863,50.4385],[4.26833,50.43732],[4.26829,50.43611],[4.26764,50.43534],[4.26675,50.43474],[4.2662,50.43416],[4.26654,50.43342],[4.26733,50.4328],[4.26819,50.43251],[4.26829,50.43179],[4.268,50.43037],[4.26818,50.42941],[4.26866,50.42863],[4.26831,50.42835],[4.26787,50.42836],[4.26722,50.42812],[4.26689,50.42774],[4.26632,50.42773],[4.26492,50.42709],[4.26362,50.42679],[4.26199,50.42663],[4.26275,50.42568],[4.26315,50.42538],[4.26508,50.42501],[4.26672,50.42481],[4.26693,50.42466],[4.2685,50.42457],[4.26887,50.42464],[4.26924,50.4251],[4.2697,50.42522],[4.27146,50.42521],[4.2723,50.42531],[4.27465,50.42542],[4.27502,50.42611],[4.27626,50.42676],[4.28233,50.42772],[4.28459,50.42802],[4.2864,50.42804],[4.28897,50.42785],[4.29135,50.42804],[4.29262,50.42797],[4.29369,50.428],[4.29374,50.42646],[4.29398,50.42589],[4.29379,50.42483],[4.29477,50.42565],[4.29678,50.42683],[4.2977,50.42752],[4.29822,50.42819],[4.29835,50.42859],[4.29902,50.42985],[4.29902,50.43023],[4.29814,50.43155],[4.29799,50.43207],[4.30077,50.43349],[4.3035,50.43483],[4.30365,50.43569],[4.30346,50.43686],[4.30355,50.43766],[4.3032,50.43829],[4.30525,50.4385],[4.30897,50.43978],[4.31032,50.44018],[4.31435,50.44093],[4.31674,50.44143],[4.31776,50.44188],[4.31885,50.44261],[4.32044,50.44386],[4.32153,50.44458],[4.32261,50.44493],[4.32252,50.44602],[4.32233,50.44672],[4.32281,50.44841],[4.32507,50.45134],[4.32544,50.45232],[4.3268,50.45413],[4.32599,50.45403],[4.3251,50.4536],[4.3238,50.45316],[4.31931,50.45263],[4.31876,50.4524],[4.31368,50.45053],[4.31239,50.45001],[4.31048,50.44937],[4.30824,50.44879],[4.30103,50.44737],[4.29881,50.44702],[4.29588,50.44696],[4.29521,50.44686],[4.29536,50.44711],[4.29537,50.44791],[4.29388,50.44774],[4.29382,50.44837],[4.29357,50.44886],[4.29377,50.44916],[4.29341,50.44994],[4.29359,50.45035],[4.29369,50.45127],[4.2944,50.45129],[4.29422,50.45238],[4.2964,50.45508],[4.2968,50.45659],[4.29722,50.45889],[4.29643,50.46082],[4.29674,50.46135],[4.29776,50.46253],[4.29731,50.46451],[4.29717,50.46479],[4.29733,50.46759],[4.29766,50.46858],[4.29833,50.46914],[4.29786,50.47042],[4.29773,50.47049],[4.29782,50.47134],[4.29869,50.47159],[4.29891,50.47209],[4.29834,50.47221],[4.29844,50.47329],[4.29871,50.47387],[4.29838,50.47406],[4.2985,50.47449],[4.2989,50.47457],[4.2986,50.47487],[4.29905,50.47514],[4.29889,50.47554],[4.299,50.47595],[4.29964,50.47736],[4.29989,50.47759],[4.29976,50.47831],[4.29997,50.47878],[4.29925,50.47933],[4.29949,50.4805],[4.29922,50.48156],[4.2985,50.48218],[4.29882,50.48257],[4.29863,50.483],[4.29898,50.48302],[4.29951,50.48419],[4.29999,50.48454],[4.29986,50.48482],[4.30045,50.48505],[4.30051,50.48561],[4.30128,50.48644],[4.30182,50.4865],[4.3019,50.48675],[4.30228,50.48652],[4.30252,50.48682],[4.30229,50.48708],[4.30381,50.48794],[4.3041,50.48779],[4.30453,50.48811],[4.30416,50.48827],[4.3048,50.48837],[4.30518,50.48872],[4.30612,50.4892],[4.30603,50.48933],[4.30679,50.49014],[4.30875,50.4912],[4.30928,50.49164],[4.30864,50.49171],[4.30693,50.49209],[4.3017,50.49403],[4.30074,50.4945],[4.29964,50.49527],[4.29879,50.49625],[4.298,50.49743],[4.29415,50.50338],[4.29328,50.50433],[4.2921,50.50523],[4.29066,50.506],[4.28876,50.50668],[4.28697,50.50704],[4.28632,50.50582],[4.28666,50.50506],[4.2864,50.50463],[4.28542,50.50422],[4.28394,50.50295],[4.28306,50.50186],[4.28324,50.50096],[4.2827,50.49905],[4.28287,50.4982],[4.28325,50.49731],[4.28316,50.49694],[4.28172,50.49631],[4.28009,50.49568],[4.28067,50.49518],[4.28003,50.49411],[4.27931,50.49373],[4.27911,50.49338],[4.2795,50.49342],[4.28011,50.49267],[4.28013,50.49237],[4.27898,50.49207],[4.27825,50.49224],[4.27701,50.49195],[4.27616,50.4921],[4.27488,50.49167],[4.27367,50.49101],[4.27031,50.48885],[4.26863,50.48827],[4.26616,50.48729],[4.2647,50.48676],[4.26551,50.48643],[4.26563,50.48623],[4.26528,50.48578],[4.26583,50.48507],[4.26596,50.48441],[4.26556,50.48418],[4.2655,50.4835],[4.26598,50.48291],[4.26605,50.48247],[4.26587,50.48187],[4.2661,50.48128],[4.26561,50.48088],[4.26592,50.47918],[4.26641,50.47899],[4.26626,50.47861],[4.26651,50.47745],[4.26683,50.47729],[4.26651,50.47704],[4.26641,50.47645],[4.2667,50.47632],[4.26743,50.47637],[4.26745,50.47582],[4.26799,50.47504],[4.26852,50.47363],[4.26843,50.47242],[4.26797,50.47174],[4.26769,50.47156]]]}},{"type":"Feature","id":"52011","bbox":[4.348064,50.352745,4.507552,50.492427],"properties":{"nis":"52011","name":"Charleroi","nameNl":"Charleroi","nameFr":"Charleroi","nameDe":"Charleroi","province":"hainaut","region":"wallonia","areaKm2":102.51},"geometry":{"type":"Polygon","coordinates":[[[4.41618,50.35912],[4.41726,50.35886],[4.41825,50.35898],[4.42141,50.35925],[4.42265,50.3596],[4.42357,50.35998],[4.42554,50.36017],[4.42702,50.36042],[4.42843,50.36075],[4.42982,50.35884],[4.43188,50.36037],[4.43247,50.36039],[4.4327,50.35756],[4.43292,50.35553],[4.43347,50.35393],[4.43375,50.35274],[4.43447,50.35303],[4.43732,50.35305],[4.43949,50.35297],[4.44331,50.35384],[4.44565,50.3551],[4.44757,50.35685],[4.44887,50.35757],[4.45167,50.35901],[4.45303,50.3601],[4.45409,50.36146],[4.45878,50.3619],[4.45894,50.36198],[4.4583,50.36512],[4.45761,50.36828],[4.45895,50.36883],[4.45872,50.37081],[4.45906,50.37137],[4.46042,50.37227],[4.46132,50.37259],[4.46178,50.37288],[4.46206,50.3733],[4.46199,50.37362],[4.46219,50.37447],[4.46197,50.37462],[4.46248,50.37544],[4.46243,50.37626],[4.4632,50.37635],[4.46313,50.37694],[4.46382,50.37848],[4.46408,50.37863],[4.46534,50.3783],[4.46576,50.37764],[4.46629,50.37739],[4.46775,50.37777],[4.47026,50.37778],[4.47003,50.37818],[4.47131,50.37923],[4.47187,50.37918],[4.47298,50.37825],[4.47344,50.37844],[4.47383,50.37809],[4.47502,50.37857],[4.47589,50.37846],[4.47711,50.37767],[4.47832,50.377],[4.47931,50.3761],[4.48193,50.37743],[4.48295,50.37837],[4.48371,50.37854],[4.48407,50.37831],[4.48502,50.37886],[4.48579,50.37802],[4.48848,50.37919],[4.48944,50.37954],[4.49232,50.38035],[4.49396,50.38095],[4.49286,50.38171],[4.49181,50.38273],[4.49097,50.38376],[4.48818,50.38572],[4.48715,50.38677],[4.48651,50.38824],[4.48541,50.39029],[4.48404,50.39161],[4.48356,50.39219],[4.48282,50.39273],[4.48273,50.39308],[4.48431,50.3934],[4.48625,50.39371],[4.48922,50.39433],[4.49468,50.39593],[4.49434,50.39709],[4.49692,50.39813],[4.50102,50.40001],[4.5015,50.40031],[4.5023,50.40125],[4.5014,50.40135],[4.49977,50.4025],[4.49855,50.40363],[4.49824,50.40425],[4.49781,50.40448],[4.49732,50.40521],[4.49688,50.40555],[4.49659,50.40616],[4.49606,50.40672],[4.496,50.4078],[4.49539,50.40803],[4.49515,50.40831],[4.49466,50.40842],[4.49437,50.40886],[4.49332,50.40963],[4.49277,50.40971],[4.49156,50.41066],[4.49155,50.41138],[4.49065,50.41313],[4.48949,50.41463],[4.48958,50.41498],[4.48882,50.41575],[4.48942,50.41602],[4.48929,50.41629],[4.49101,50.41701],[4.4919,50.41751],[4.49237,50.41766],[4.4935,50.41856],[4.49439,50.41909],[4.495,50.41926],[4.49561,50.41899],[4.49655,50.4179],[4.49815,50.41632],[4.49913,50.41622],[4.50077,50.41697],[4.50132,50.41705],[4.50136,50.41749],[4.50088,50.41794],[4.50054,50.41849],[4.50007,50.41893],[4.49948,50.41993],[4.49866,50.42073],[4.49922,50.42191],[4.49914,50.42199],[4.50042,50.42265],[4.50063,50.42411],[4.50221,50.42507],[4.50212,50.42566],[4.50243,50.4262],[4.50298,50.42631],[4.50541,50.42639],[4.50721,50.42867],[4.50755,50.42884],[4.50657,50.43],[4.50549,50.43184],[4.50533,50.43243],[4.50539,50.43302],[4.5052,50.43361],[4.50326,50.43591],[4.50293,50.43646],[4.50256,50.43674],[4.50203,50.43823],[4.50163,50.43877],[4.50075,50.43913],[4.4985,50.43979],[4.49724,50.44084],[4.49664,50.44253],[4.49671,50.44366],[4.49612,50.4451],[4.49625,50.44605],[4.49587,50.44672],[4.49643,50.44713],[4.49662,50.44765],[4.49699,50.44779],[4.49731,50.44834],[4.49708,50.44875],[4.49806,50.4492],[4.49983,50.45024],[4.49986,50.45078],[4.50024,50.45064],[4.50094,50.45111],[4.50085,50.4529],[4.50001,50.45361],[4.50016,50.4545],[4.49927,50.45478],[4.49945,50.45497],[4.49917,50.45563],[4.49916,50.45636],[4.49954,50.45684],[4.49999,50.45693],[4.4998,50.45778],[4.50014,50.45793],[4.49997,50.45819],[4.50022,50.45858],[4.50029,50.45907],[4.50015,50.4599],[4.49962,50.4607],[4.49841,50.46107],[4.49766,50.46156],[4.49715,50.46157],[4.49652,50.46137],[4.49594,50.46156],[4.49476,50.46135],[4.49459,50.46146],[4.49363,50.46143],[4.49296,50.46199],[4.49198,50.46301],[4.4919,50.46333],[4.49199,50.46432],[4.49085,50.46493],[4.49015,50.46597],[4.48794,50.46539],[4.48722,50.46628],[4.48722,50.4666],[4.48525,50.46874],[4.48549,50.46889],[4.48454,50.4695],[4.48494,50.4702],[4.48414,50.47072],[4.48369,50.47048],[4.4827,50.47118],[4.48251,50.4712],[4.48096,50.47202],[4.48096,50.47216],[4.47902,50.47352],[4.48127,50.47452],[4.48154,50.47479],[4.48489,50.47603],[4.4828,50.47661],[4.48036,50.477],[4.47814,50.47758],[4.47793,50.47702],[4.47023,50.47873],[4.46926,50.47893],[4.46533,50.47995],[4.46377,50.48016],[4.46105,50.48073],[4.46059,50.4812],[4.45911,50.48121],[4.45782,50.48144],[4.45752,50.48186],[4.45757,50.48284],[4.45718,50.48417],[4.45713,50.48487],[4.45722,50.48557],[4.4561,50.48575],[4.45597,50.48591],[4.45615,50.48683],[4.45552,50.48703],[4.45717,50.48803],[4.45836,50.48867],[4.45825,50.48905],[4.46033,50.49012],[4.45812,50.49234],[4.45723,50.49243],[4.45636,50.49178],[4.45357,50.49017],[4.45366,50.49007],[4.45015,50.4883],[4.44954,50.48744],[4.44858,50.48664],[4.44694,50.48579],[4.44401,50.48398],[4.44269,50.48307],[4.44185,50.4826],[4.43896,50.48139],[4.43843,50.48129],[4.43758,50.48079],[4.43722,50.48017],[4.43646,50.47965],[4.43567,50.47941],[4.43254,50.47918],[4.43074,50.47883],[4.42919,50.47887],[4.42804,50.47883],[4.42785,50.47808],[4.42792,50.47743],[4.42678,50.47657],[4.42663,50.47619],[4.42508,50.47606],[4.42376,50.47586],[4.42163,50.47524],[4.41912,50.47342],[4.41698,50.47104],[4.41574,50.46918],[4.41488,50.46869],[4.41402,50.46943],[4.41105,50.46827],[4.40996,50.46796],[4.40862,50.468],[4.40766,50.46825],[4.4065,50.4693],[4.40551,50.46865],[4.40376,50.46926],[4.40346,50.46949],[4.404,50.47002],[4.40444,50.47022],[4.40525,50.47095],[4.40475,50.47101],[4.4021,50.47054],[4.39998,50.47029],[4.40183,50.46783],[4.40287,50.4662],[4.40359,50.46353],[4.40364,50.46278],[4.40482,50.46276],[4.40491,50.46213],[4.4052,50.46126],[4.40308,50.4608],[4.40113,50.45962],[4.40113,50.45919],[4.40034,50.45899],[4.40001,50.45847],[4.39908,50.45821],[4.3985,50.45772],[4.39746,50.45713],[4.39655,50.4567],[4.39648,50.4563],[4.39581,50.45495],[4.39562,50.45408],[4.39537,50.45187],[4.39501,50.45091],[4.39464,50.44943],[4.39381,50.45001],[4.39262,50.45062],[4.39163,50.45085],[4.38857,50.45102],[4.38677,50.45073],[4.38599,50.45069],[4.38379,50.45026],[4.38138,50.44909],[4.38085,50.44903],[4.3804,50.44849],[4.37973,50.4481],[4.3788,50.44785],[4.37849,50.44733],[4.37805,50.44696],[4.37873,50.44672],[4.3786,50.44579],[4.37894,50.44486],[4.37829,50.44429],[4.37806,50.44438],[4.37799,50.4437],[4.37643,50.44208],[4.37674,50.44139],[4.37564,50.44107],[4.36874,50.43837],[4.36303,50.43688],[4.35614,50.42992],[4.35531,50.42911],[4.35409,50.42908],[4.35318,50.42743],[4.35227,50.42822],[4.3504,50.4296],[4.35031,50.42985],[4.34809,50.42958],[4.34806,50.42878],[4.34903,50.42783],[4.35001,50.42664],[4.35105,50.42463],[4.35199,50.42203],[4.35155,50.42175],[4.35196,50.42126],[4.35216,50.42151],[4.35243,50.42054],[4.3545,50.41557],[4.35485,50.41418],[4.35516,50.41322],[4.35516,50.41235],[4.35571,50.41037],[4.3561,50.40931],[4.35633,50.40447],[4.35759,50.40414],[4.35799,50.40414],[4.35869,50.40375],[4.35969,50.40349],[4.35975,50.40367],[4.36057,50.40368],[4.3605,50.40344],[4.36164,50.40332],[4.36178,50.4032],[4.3645,50.40383],[4.36605,50.40414],[4.36574,50.40358],[4.36465,50.40115],[4.36382,50.39892],[4.36299,50.396],[4.36676,50.39548],[4.36806,50.39542],[4.37153,50.39632],[4.37207,50.39582],[4.37042,50.3947],[4.3734,50.39316],[4.37922,50.39021],[4.37935,50.39132],[4.37991,50.39259],[4.38037,50.39343],[4.38047,50.39395],[4.38313,50.39435],[4.38266,50.3933],[4.38295,50.39319],[4.38212,50.39234],[4.3816,50.39234],[4.38159,50.3921],[4.38319,50.39162],[4.38475,50.39171],[4.38599,50.39134],[4.386,50.3912],[4.38938,50.39069],[4.38869,50.38982],[4.39016,50.38857],[4.38906,50.38813],[4.38885,50.38782],[4.38809,50.38784],[4.38791,50.38764],[4.38691,50.38707],[4.38665,50.38682],[4.38691,50.38652],[4.38701,50.38506],[4.38724,50.38475],[4.38755,50.38383],[4.38807,50.38326],[4.38868,50.38325],[4.38984,50.38093],[4.38991,50.37981],[4.39026,50.37839],[4.39039,50.37752],[4.39138,50.3764],[4.39213,50.37626],[4.39287,50.37582],[4.39325,50.3751],[4.3938,50.37475],[4.39394,50.37428],[4.39354,50.37365],[4.39305,50.37345],[4.3926,50.37297],[4.39266,50.37263],[4.39231,50.37243],[4.39183,50.37178],[4.39194,50.3713],[4.39132,50.3712],[4.39148,50.37083],[4.39196,50.37061],[4.39244,50.36985],[4.39286,50.36942],[4.39393,50.36895],[4.39697,50.3699],[4.39841,50.37003],[4.3998,50.36946],[4.40018,50.36943],[4.40114,50.36903],[4.40153,50.3685],[4.40267,50.36772],[4.40635,50.3659],[4.40819,50.36503],[4.4093,50.36462],[4.41014,50.36533],[4.41093,50.36541],[4.41291,50.36428],[4.41584,50.36299],[4.41738,50.36242],[4.41733,50.3619],[4.41696,50.36086],[4.41618,50.35912]]]}},{"type":"Feature","id":"52012","bbox":[4.482726,50.368048,4.563201,50.443772],"properties":{"nis":"52012","name":"Châtelet","nameNl":"Châtelet","nameFr":"Châtelet","nameDe":"Châtelet","province":"hainaut","region":"wallonia","areaKm2":27.27},"geometry":{"type":"Polygon","coordinates":[[[4.53414,50.42186],[4.5327,50.4222],[4.53105,50.4222],[4.53043,50.42194],[4.52906,50.42175],[4.52777,50.42203],[4.52586,50.42311],[4.52455,50.42398],[4.52464,50.42468],[4.52385,50.42584],[4.52352,50.42652],[4.52358,50.42682],[4.52324,50.42763],[4.5216,50.42929],[4.52029,50.43081],[4.5206,50.43131],[4.52036,50.43159],[4.52597,50.43529],[4.52578,50.43565],[4.52735,50.43709],[4.52554,50.43815],[4.5241,50.43927],[4.52361,50.44003],[4.52322,50.44028],[4.52295,50.44104],[4.52078,50.44204],[4.52044,50.44205],[4.51975,50.44179],[4.51892,50.44189],[4.51889,50.4421],[4.51814,50.44243],[4.51824,50.4428],[4.51755,50.44299],[4.51751,50.44325],[4.51694,50.44337],[4.51598,50.44377],[4.51532,50.44299],[4.51481,50.44273],[4.51489,50.44253],[4.51172,50.44168],[4.51029,50.44071],[4.50959,50.44067],[4.50873,50.44044],[4.50755,50.43977],[4.50652,50.43938],[4.5062,50.43903],[4.50393,50.43805],[4.50203,50.43823],[4.50256,50.43674],[4.50293,50.43646],[4.50326,50.43591],[4.5052,50.43361],[4.50539,50.43302],[4.50533,50.43243],[4.50549,50.43184],[4.50657,50.43],[4.50755,50.42884],[4.50721,50.42867],[4.50541,50.42639],[4.50298,50.42631],[4.50243,50.4262],[4.50212,50.42566],[4.50221,50.42507],[4.50063,50.42411],[4.50042,50.42265],[4.49914,50.42199],[4.49922,50.42191],[4.49866,50.42073],[4.49948,50.41993],[4.50007,50.41893],[4.50054,50.41849],[4.50088,50.41794],[4.50136,50.41749],[4.50132,50.41705],[4.50077,50.41697],[4.49913,50.41622],[4.49815,50.41632],[4.49655,50.4179],[4.49561,50.41899],[4.495,50.41926],[4.49439,50.41909],[4.4935,50.41856],[4.49237,50.41766],[4.4919,50.41751],[4.49101,50.41701],[4.48929,50.41629],[4.48942,50.41602],[4.48882,50.41575],[4.48958,50.41498],[4.48949,50.41463],[4.49065,50.41313],[4.49155,50.41138],[4.49156,50.41066],[4.49277,50.40971],[4.49332,50.40963],[4.49437,50.40886],[4.49466,50.40842],[4.49515,50.40831],[4.49539,50.40803],[4.496,50.4078],[4.49606,50.40672],[4.49659,50.40616],[4.49688,50.40555],[4.49732,50.40521],[4.49781,50.40448],[4.49824,50.40425],[4.49855,50.40363],[4.49977,50.4025],[4.5014,50.40135],[4.5023,50.40125],[4.5015,50.40031],[4.50102,50.40001],[4.49692,50.39813],[4.49434,50.39709],[4.49468,50.39593],[4.48922,50.39433],[4.48625,50.39371],[4.48431,50.3934],[4.48273,50.39308],[4.48282,50.39273],[4.48356,50.39219],[4.48404,50.39161],[4.48541,50.39029],[4.48651,50.38824],[4.48715,50.38677],[4.48818,50.38572],[4.49097,50.38376],[4.49181,50.38273],[4.49286,50.38171],[4.49396,50.38095],[4.49232,50.38035],[4.48944,50.37954],[4.48848,50.37919],[4.48579,50.37802],[4.49163,50.37553],[4.49353,50.37451],[4.49698,50.37179],[4.49937,50.37227],[4.49982,50.37085],[4.50119,50.36914],[4.50205,50.36941],[4.50312,50.36805],[4.50408,50.36842],[4.50474,50.36821],[4.5067,50.36888],[4.5084,50.36882],[4.51039,50.37004],[4.51331,50.37057],[4.51556,50.37087],[4.5181,50.37041],[4.51959,50.36998],[4.52183,50.36969],[4.52348,50.37001],[4.52408,50.37093],[4.52454,50.37119],[4.52493,50.3711],[4.52708,50.37095],[4.52869,50.36995],[4.52946,50.36866],[4.53187,50.36915],[4.5345,50.36947],[4.5378,50.36955],[4.5406,50.36939],[4.54263,50.36904],[4.54584,50.36938],[4.54862,50.36979],[4.55095,50.37006],[4.55485,50.36978],[4.55683,50.37124],[4.55755,50.3712],[4.55795,50.37143],[4.5586,50.37152],[4.55917,50.3719],[4.55922,50.37215],[4.55986,50.37249],[4.55949,50.37279],[4.55977,50.37285],[4.55992,50.37328],[4.55953,50.37319],[4.55953,50.37367],[4.55998,50.37383],[4.56001,50.37435],[4.56102,50.37478],[4.56077,50.37507],[4.56163,50.37542],[4.56219,50.37619],[4.56302,50.37679],[4.56308,50.37756],[4.56258,50.37804],[4.56168,50.37855],[4.56096,50.3793],[4.56072,50.38022],[4.5608,50.38075],[4.56064,50.38104],[4.56053,50.38258],[4.56167,50.3853],[4.56223,50.38723],[4.56263,50.39023],[4.56279,50.39103],[4.56222,50.39414],[4.56208,50.39408],[4.56114,50.39531],[4.56148,50.39546],[4.55965,50.39684],[4.5592,50.3971],[4.55949,50.39846],[4.55874,50.39929],[4.55696,50.40071],[4.55334,50.4044],[4.55263,50.40442],[4.55104,50.4043],[4.54908,50.40386],[4.54832,50.40402],[4.54659,50.40506],[4.54581,50.40526],[4.54417,50.40544],[4.54214,50.4059],[4.53996,50.40622],[4.53835,50.40614],[4.53774,50.40654],[4.53795,50.40662],[4.53735,50.4072],[4.53694,50.40693],[4.53537,50.40812],[4.53577,50.40835],[4.53579,50.40864],[4.53625,50.40927],[4.53591,50.40945],[4.53696,50.41013],[4.53763,50.41077],[4.53771,50.41136],[4.53811,50.4123],[4.53676,50.41281],[4.53625,50.41249],[4.53074,50.4146],[4.53143,50.41517],[4.53153,50.41569],[4.53131,50.4162],[4.53144,50.41701],[4.53142,50.41788],[4.53156,50.41922],[4.53218,50.41997],[4.53344,50.42082],[4.53414,50.42186]]]}},{"type":"Feature","id":"52015","bbox":[4.286956,50.427427,4.405196,50.523826],"properties":{"nis":"52015","name":"Courcelles","nameNl":"Courcelles","nameFr":"Courcelles","nameDe":"Courcelles","province":"hainaut","region":"wallonia","areaKm2":44.38},"geometry":{"type":"Polygon","coordinates":[[[4.31026,50.52383],[4.30932,50.52359],[4.30812,50.52285],[4.30642,50.52156],[4.30604,50.52178],[4.30465,50.52057],[4.30488,50.52044],[4.30317,50.51923],[4.30214,50.51877],[4.3016,50.51726],[4.30149,50.5167],[4.30004,50.51516],[4.29762,50.51291],[4.29684,50.51244],[4.29537,50.5121],[4.29314,50.51183],[4.29232,50.51151],[4.29096,50.51069],[4.29128,50.51029],[4.29144,50.5097],[4.29031,50.5094],[4.28808,50.50859],[4.28696,50.50804],[4.28697,50.50704],[4.28876,50.50668],[4.29066,50.506],[4.2921,50.50523],[4.29328,50.50433],[4.29415,50.50338],[4.298,50.49743],[4.29879,50.49625],[4.29964,50.49527],[4.30074,50.4945],[4.3017,50.49403],[4.30693,50.49209],[4.30864,50.49171],[4.30928,50.49164],[4.30875,50.4912],[4.30679,50.49014],[4.30603,50.48933],[4.30612,50.4892],[4.30518,50.48872],[4.3048,50.48837],[4.30416,50.48827],[4.30453,50.48811],[4.3041,50.48779],[4.30381,50.48794],[4.30229,50.48708],[4.30252,50.48682],[4.30228,50.48652],[4.3019,50.48675],[4.30182,50.4865],[4.30128,50.48644],[4.30051,50.48561],[4.30045,50.48505],[4.29986,50.48482],[4.29999,50.48454],[4.29951,50.48419],[4.29898,50.48302],[4.29863,50.483],[4.29882,50.48257],[4.2985,50.48218],[4.29922,50.48156],[4.29949,50.4805],[4.29925,50.47933],[4.29997,50.47878],[4.29976,50.47831],[4.29989,50.47759],[4.29964,50.47736],[4.299,50.47595],[4.29889,50.47554],[4.29905,50.47514],[4.2986,50.47487],[4.2989,50.47457],[4.2985,50.47449],[4.29838,50.47406],[4.29871,50.47387],[4.29844,50.47329],[4.29834,50.47221],[4.29891,50.47209],[4.29869,50.47159],[4.29782,50.47134],[4.29773,50.47049],[4.29786,50.47042],[4.29833,50.46914],[4.29766,50.46858],[4.29733,50.46759],[4.29717,50.46479],[4.29731,50.46451],[4.29776,50.46253],[4.29674,50.46135],[4.29643,50.46082],[4.29722,50.45889],[4.2968,50.45659],[4.2964,50.45508],[4.29422,50.45238],[4.2944,50.45129],[4.29369,50.45127],[4.29359,50.45035],[4.29341,50.44994],[4.29377,50.44916],[4.29357,50.44886],[4.29382,50.44837],[4.29388,50.44774],[4.29537,50.44791],[4.29536,50.44711],[4.29521,50.44686],[4.29588,50.44696],[4.29881,50.44702],[4.30103,50.44737],[4.30824,50.44879],[4.31048,50.44937],[4.31239,50.45001],[4.31368,50.45053],[4.31876,50.4524],[4.31931,50.45263],[4.3238,50.45316],[4.3251,50.4536],[4.32599,50.45403],[4.3268,50.45413],[4.32544,50.45232],[4.32507,50.45134],[4.32281,50.44841],[4.32233,50.44672],[4.32252,50.44602],[4.32261,50.44493],[4.32395,50.4453],[4.3249,50.44573],[4.32747,50.44727],[4.32983,50.44414],[4.33091,50.44333],[4.33192,50.4423],[4.33083,50.44163],[4.33179,50.44092],[4.33173,50.44065],[4.3332,50.44083],[4.33487,50.44058],[4.33755,50.43995],[4.339,50.43978],[4.34118,50.43898],[4.34138,50.43903],[4.34224,50.43744],[4.34297,50.43541],[4.34273,50.43535],[4.34292,50.43482],[4.34358,50.43451],[4.34357,50.43396],[4.34377,50.43293],[4.34404,50.43218],[4.34394,50.43175],[4.34452,50.43186],[4.3451,50.43234],[4.34605,50.43253],[4.34777,50.42953],[4.34809,50.42958],[4.35031,50.42985],[4.3504,50.4296],[4.35227,50.42822],[4.35318,50.42743],[4.35409,50.42908],[4.35531,50.42911],[4.35614,50.42992],[4.36303,50.43688],[4.36874,50.43837],[4.37564,50.44107],[4.37674,50.44139],[4.37643,50.44208],[4.37799,50.4437],[4.37806,50.44438],[4.37829,50.44429],[4.37894,50.44486],[4.3786,50.44579],[4.37873,50.44672],[4.37805,50.44696],[4.37849,50.44733],[4.3788,50.44785],[4.37973,50.4481],[4.3804,50.44849],[4.38085,50.44903],[4.38138,50.44909],[4.38379,50.45026],[4.38599,50.45069],[4.38677,50.45073],[4.38857,50.45102],[4.39163,50.45085],[4.39262,50.45062],[4.39381,50.45001],[4.39464,50.44943],[4.39501,50.45091],[4.39537,50.45187],[4.39562,50.45408],[4.39581,50.45495],[4.39648,50.4563],[4.39655,50.4567],[4.39746,50.45713],[4.3985,50.45772],[4.39908,50.45821],[4.40001,50.45847],[4.40034,50.45899],[4.40113,50.45919],[4.40113,50.45962],[4.40308,50.4608],[4.4052,50.46126],[4.40491,50.46213],[4.40482,50.46276],[4.40364,50.46278],[4.40359,50.46353],[4.40287,50.4662],[4.40183,50.46783],[4.39998,50.47029],[4.39922,50.47373],[4.3983,50.47581],[4.39703,50.47702],[4.39472,50.47759],[4.39502,50.47768],[4.39319,50.47754],[4.39262,50.4779],[4.39192,50.4775],[4.39071,50.47844],[4.38965,50.47817],[4.3893,50.47903],[4.38867,50.47948],[4.38902,50.48019],[4.38824,50.48096],[4.38803,50.48136],[4.38733,50.48172],[4.38747,50.48213],[4.3869,50.48253],[4.38718,50.48307],[4.38655,50.48379],[4.38771,50.48437],[4.38697,50.48599],[4.3874,50.4863],[4.38831,50.48653],[4.38662,50.48707],[4.38584,50.4881],[4.38467,50.48804],[4.38425,50.48784],[4.38485,50.48707],[4.38281,50.48482],[4.3816,50.48513],[4.38111,50.48478],[4.38153,50.48415],[4.37892,50.48307],[4.37822,50.48226],[4.37686,50.48202],[4.37497,50.48298],[4.37359,50.48335],[4.37309,50.48374],[4.37212,50.48348],[4.37078,50.48362],[4.36947,50.48356],[4.36656,50.48392],[4.36551,50.48364],[4.36335,50.48366],[4.36242,50.4861],[4.36205,50.48603],[4.36049,50.48868],[4.36063,50.48868],[4.35922,50.49003],[4.34813,50.49762],[4.34346,50.50047],[4.33656,50.50491],[4.33455,50.50538],[4.33269,50.50592],[4.33078,50.50691],[4.32907,50.50741],[4.32674,50.50867],[4.32554,50.50957],[4.32413,50.51119],[4.32328,50.51379],[4.32236,50.51572],[4.32109,50.51483],[4.32102,50.51572],[4.31756,50.51514],[4.31784,50.51581],[4.31883,50.51707],[4.31947,50.51882],[4.3196,50.51882],[4.31502,50.52066],[4.31099,50.52278],[4.31026,50.52383]]]}},{"type":"Feature","id":"52018","bbox":[4.517511,50.413695,4.58044,50.450967],"properties":{"nis":"52018","name":"Farciennes","nameNl":"Farciennes","nameFr":"Farciennes","nameDe":"Farciennes","province":"hainaut","region":"wallonia","areaKm2":10.29},"geometry":{"type":"Polygon","coordinates":[[[4.57826,50.43837],[4.57621,50.43866],[4.57269,50.44188],[4.57196,50.44212],[4.56716,50.44332],[4.56558,50.44358],[4.56492,50.44424],[4.56469,50.4442],[4.56295,50.44441],[4.56183,50.4442],[4.55986,50.44638],[4.56273,50.4463],[4.56205,50.4466],[4.56123,50.44742],[4.56047,50.4479],[4.55831,50.44883],[4.55774,50.44937],[4.55709,50.44966],[4.55628,50.44893],[4.55488,50.44817],[4.55221,50.44732],[4.5513,50.4472],[4.5489,50.44605],[4.54784,50.44687],[4.54651,50.44706],[4.5459,50.44723],[4.5448,50.44785],[4.54293,50.44862],[4.53971,50.45068],[4.53787,50.45037],[4.531,50.45064],[4.52974,50.45055],[4.52954,50.45097],[4.52905,50.45092],[4.52838,50.45064],[4.52771,50.45019],[4.52691,50.44914],[4.52624,50.44848],[4.52508,50.4478],[4.52362,50.44675],[4.52344,50.44623],[4.52306,50.44603],[4.52295,50.44567],[4.52215,50.44541],[4.52186,50.44506],[4.52081,50.44467],[4.5194,50.4438],[4.51872,50.44379],[4.51751,50.44325],[4.51755,50.44299],[4.51824,50.4428],[4.51814,50.44243],[4.51889,50.4421],[4.51892,50.44189],[4.51975,50.44179],[4.52044,50.44205],[4.52078,50.44204],[4.52295,50.44104],[4.52322,50.44028],[4.52361,50.44003],[4.5241,50.43927],[4.52554,50.43815],[4.52735,50.43709],[4.52578,50.43565],[4.52597,50.43529],[4.52036,50.43159],[4.5206,50.43131],[4.52029,50.43081],[4.5216,50.42929],[4.52324,50.42763],[4.52358,50.42682],[4.52352,50.42652],[4.52385,50.42584],[4.52464,50.42468],[4.52455,50.42398],[4.52586,50.42311],[4.52777,50.42203],[4.52906,50.42175],[4.53043,50.42194],[4.53105,50.4222],[4.5327,50.4222],[4.53414,50.42186],[4.53473,50.42266],[4.53556,50.42319],[4.53613,50.42337],[4.53741,50.42351],[4.53836,50.42331],[4.53917,50.42296],[4.54027,50.4223],[4.54163,50.42189],[4.54399,50.4206],[4.54426,50.42013],[4.54403,50.41958],[4.54408,50.4192],[4.5445,50.41885],[4.54552,50.41893],[4.54755,50.41936],[4.54874,50.41925],[4.54993,50.41891],[4.5521,50.41819],[4.5534,50.41808],[4.55431,50.41817],[4.55565,50.41843],[4.55666,50.41836],[4.55823,50.41721],[4.55992,50.41579],[4.56031,50.41512],[4.56138,50.41432],[4.56206,50.41407],[4.56325,50.41401],[4.5647,50.4137],[4.56545,50.41386],[4.5663,50.41431],[4.56685,50.41542],[4.56705,50.4162],[4.56765,50.41744],[4.56718,50.41929],[4.5667,50.42092],[4.56641,50.42283],[4.56611,50.42404],[4.56572,50.42483],[4.56518,50.42525],[4.56416,50.42562],[4.56338,50.42563],[4.56259,50.42528],[4.56123,50.4245],[4.56034,50.42423],[4.55911,50.42451],[4.55846,50.4249],[4.55779,50.4257],[4.55776,50.42607],[4.55853,50.42768],[4.55847,50.42813],[4.55887,50.42839],[4.56476,50.4316],[4.56853,50.43168],[4.57143,50.43177],[4.57613,50.43363],[4.57766,50.43347],[4.57786,50.43393],[4.57824,50.43418],[4.58044,50.43512],[4.57741,50.43692],[4.57826,50.43837]]]}},{"type":"Feature","id":"52021","bbox":[4.478211,50.438051,4.600717,50.542306],"properties":{"nis":"52021","name":"Fleurus","nameNl":"Fleurus","nameFr":"Fleurus","nameDe":"Fleurus","province":"hainaut","region":"wallonia","areaKm2":59.39},"geometry":{"type":"Polygon","coordinates":[[[4.59213,50.48422],[4.59159,50.48602],[4.59066,50.48683],[4.59095,50.487],[4.58935,50.48807],[4.5897,50.48828],[4.58745,50.48983],[4.58846,50.4903],[4.58885,50.49005],[4.59052,50.49087],[4.58635,50.49373],[4.59095,50.4963],[4.59253,50.49705],[4.59487,50.49798],[4.59365,50.49937],[4.59172,50.49867],[4.59139,50.49899],[4.58875,50.49792],[4.58857,50.49808],[4.58808,50.49785],[4.58852,50.49752],[4.58545,50.49574],[4.58175,50.49851],[4.58104,50.49818],[4.57888,50.49955],[4.56199,50.48937],[4.56121,50.4913],[4.55963,50.49323],[4.56064,50.49424],[4.56229,50.49547],[4.56306,50.49649],[4.56365,50.49688],[4.56375,50.49761],[4.5599,50.49942],[4.55945,50.4997],[4.55914,50.5002],[4.55931,50.50095],[4.55916,50.50159],[4.55967,50.50176],[4.55957,50.50199],[4.55928,50.50372],[4.55766,50.50539],[4.55738,50.50558],[4.55946,50.50635],[4.56256,50.50824],[4.5615,50.50936],[4.56234,50.50981],[4.56305,50.51102],[4.56192,50.51179],[4.56559,50.51367],[4.56418,50.51432],[4.56616,50.51556],[4.56474,50.51668],[4.56423,50.51745],[4.56663,50.51861],[4.56572,50.51951],[4.5687,50.5205],[4.57251,50.52066],[4.57272,50.52054],[4.57374,50.52112],[4.57467,50.52194],[4.57588,50.52322],[4.57618,50.52365],[4.57675,50.52505],[4.57561,50.52632],[4.57652,50.52687],[4.57699,50.5277],[4.5772,50.52758],[4.57752,50.52806],[4.57819,50.52833],[4.57968,50.5283],[4.58048,50.53023],[4.58044,50.53474],[4.57999,50.53569],[4.57859,50.53944],[4.57744,50.54231],[4.5612,50.53805],[4.55252,50.53571],[4.5497,50.5351],[4.54309,50.53335],[4.53508,50.53128],[4.53461,50.53203],[4.5336,50.53183],[4.53306,50.53207],[4.53071,50.53191],[4.53103,50.53124],[4.53051,50.5308],[4.5295,50.53046],[4.52583,50.52953],[4.52624,50.52881],[4.52545,50.52867],[4.52229,50.52784],[4.52092,50.52769],[4.52109,50.52752],[4.51839,50.52686],[4.51272,50.52541],[4.51162,50.52661],[4.51078,50.52768],[4.50768,50.52712],[4.50564,50.5297],[4.50264,50.52856],[4.50101,50.5275],[4.50199,50.52686],[4.50235,50.52632],[4.49717,50.52536],[4.49609,50.52121],[4.49622,50.52106],[4.48652,50.51852],[4.4884,50.51643],[4.48941,50.51542],[4.48982,50.51514],[4.49379,50.51773],[4.49569,50.51594],[4.498,50.51384],[4.50003,50.51215],[4.50234,50.50996],[4.50437,50.5079],[4.50494,50.50722],[4.50702,50.50523],[4.50824,50.50398],[4.50882,50.50315],[4.50951,50.50172],[4.51192,50.50234],[4.5126,50.50008],[4.5132,50.49949],[4.51211,50.49874],[4.51105,50.49789],[4.50972,50.49605],[4.50645,50.49384],[4.50636,50.49386],[4.50501,50.49276],[4.50463,50.4918],[4.50286,50.49273],[4.50054,50.49371],[4.50007,50.49324],[4.49936,50.49349],[4.49788,50.49229],[4.49658,50.49093],[4.49596,50.49044],[4.49602,50.49074],[4.49497,50.49119],[4.4944,50.49097],[4.49353,50.49168],[4.49324,50.49204],[4.49172,50.49157],[4.49166,50.49166],[4.49029,50.49126],[4.48939,50.49276],[4.48895,50.49413],[4.48894,50.49593],[4.48705,50.49509],[4.48581,50.49509],[4.48572,50.49456],[4.48517,50.49355],[4.48414,50.49203],[4.48282,50.49124],[4.48247,50.49079],[4.48217,50.49004],[4.48221,50.48952],[4.4826,50.48878],[4.48157,50.48699],[4.48098,50.48651],[4.48014,50.4856],[4.47921,50.48477],[4.47877,50.48384],[4.47821,50.48305],[4.48065,50.48169],[4.48171,50.48076],[4.48134,50.4803],[4.48157,50.47983],[4.48143,50.47925],[4.48159,50.47907],[4.48405,50.47816],[4.48471,50.47784],[4.48552,50.47763],[4.48598,50.47718],[4.48489,50.47603],[4.48154,50.47479],[4.48127,50.47452],[4.47902,50.47352],[4.48096,50.47216],[4.48096,50.47202],[4.48251,50.4712],[4.4827,50.47118],[4.48369,50.47048],[4.48414,50.47072],[4.48494,50.4702],[4.48454,50.4695],[4.48549,50.46889],[4.48525,50.46874],[4.48722,50.4666],[4.48722,50.46628],[4.48794,50.46539],[4.49015,50.46597],[4.49085,50.46493],[4.49199,50.46432],[4.4919,50.46333],[4.49198,50.46301],[4.49296,50.46199],[4.49363,50.46143],[4.49459,50.46146],[4.49476,50.46135],[4.49594,50.46156],[4.49652,50.46137],[4.49715,50.46157],[4.49766,50.46156],[4.49841,50.46107],[4.49962,50.4607],[4.50015,50.4599],[4.50029,50.45907],[4.50022,50.45858],[4.49997,50.45819],[4.50014,50.45793],[4.4998,50.45778],[4.49999,50.45693],[4.49954,50.45684],[4.49916,50.45636],[4.49917,50.45563],[4.49945,50.45497],[4.49927,50.45478],[4.50016,50.4545],[4.50001,50.45361],[4.50085,50.4529],[4.50094,50.45111],[4.50024,50.45064],[4.49986,50.45078],[4.49983,50.45024],[4.49806,50.4492],[4.49708,50.44875],[4.49731,50.44834],[4.49699,50.44779],[4.49662,50.44765],[4.49643,50.44713],[4.49587,50.44672],[4.49625,50.44605],[4.49612,50.4451],[4.49671,50.44366],[4.49664,50.44253],[4.49724,50.44084],[4.4985,50.43979],[4.50075,50.43913],[4.50163,50.43877],[4.50203,50.43823],[4.50393,50.43805],[4.5062,50.43903],[4.50652,50.43938],[4.50755,50.43977],[4.50873,50.44044],[4.50959,50.44067],[4.51029,50.44071],[4.51172,50.44168],[4.51489,50.44253],[4.51481,50.44273],[4.51532,50.44299],[4.51598,50.44377],[4.51694,50.44337],[4.51751,50.44325],[4.51872,50.44379],[4.5194,50.4438],[4.52081,50.44467],[4.52186,50.44506],[4.52215,50.44541],[4.52295,50.44567],[4.52306,50.44603],[4.52344,50.44623],[4.52362,50.44675],[4.52508,50.4478],[4.52624,50.44848],[4.52691,50.44914],[4.52771,50.45019],[4.52838,50.45064],[4.52905,50.45092],[4.52954,50.45097],[4.52974,50.45055],[4.531,50.45064],[4.53787,50.45037],[4.53971,50.45068],[4.54293,50.44862],[4.5448,50.44785],[4.5459,50.44723],[4.54651,50.44706],[4.54784,50.44687],[4.5489,50.44605],[4.5513,50.4472],[4.55221,50.44732],[4.55488,50.44817],[4.55628,50.44893],[4.55709,50.44966],[4.55774,50.44937],[4.55831,50.44883],[4.56047,50.4479],[4.56123,50.44742],[4.56205,50.4466],[4.56273,50.4463],[4.55986,50.44638],[4.56183,50.4442],[4.56295,50.44441],[4.56469,50.4442],[4.56492,50.44424],[4.56558,50.44358],[4.56716,50.44332],[4.57196,50.44212],[4.57269,50.44188],[4.57292,50.44262],[4.5744,50.44223],[4.57868,50.44123],[4.58149,50.44204],[4.58146,50.44477],[4.58402,50.44576],[4.58305,50.44715],[4.58238,50.44792],[4.58104,50.44857],[4.57993,50.44939],[4.57929,50.45043],[4.57822,50.45111],[4.57701,50.45202],[4.57497,50.45284],[4.573,50.45359],[4.57314,50.45404],[4.57473,50.45379],[4.57687,50.45403],[4.58431,50.45479],[4.58551,50.4547],[4.58897,50.45744],[4.58784,50.45955],[4.58847,50.46087],[4.58869,50.46154],[4.58719,50.46301],[4.5901,50.46386],[4.59011,50.46412],[4.5948,50.4675],[4.59497,50.46786],[4.59655,50.46961],[4.59733,50.47177],[4.59767,50.47249],[4.59818,50.47238],[4.59981,50.47434],[4.59879,50.47478],[4.60072,50.47667],[4.59925,50.47773],[4.59934,50.47779],[4.5981,50.47884],[4.59858,50.47902],[4.59821,50.47963],[4.59906,50.47987],[4.59828,50.48048],[4.59709,50.4801],[4.59622,50.48067],[4.59526,50.48212],[4.59492,50.48246],[4.59213,50.48422]]]}},{"type":"Feature","id":"52022","bbox":[4.290223,50.366267,4.356473,50.447269],"properties":{"nis":"52022","name":"Fontaine-l'Évêque","nameNl":"Fontaine-l'Évêque","nameFr":"Fontaine-l'Évêque","nameDe":"Fontaine-l’Évêque","province":"hainaut","region":"wallonia","areaKm2":28.56},"geometry":{"type":"Polygon","coordinates":[[[4.35633,50.40447],[4.3561,50.40931],[4.35571,50.41037],[4.35516,50.41235],[4.35516,50.41322],[4.35485,50.41418],[4.3545,50.41557],[4.35243,50.42054],[4.35216,50.42151],[4.35196,50.42126],[4.35155,50.42175],[4.35199,50.42203],[4.35105,50.42463],[4.35001,50.42664],[4.34903,50.42783],[4.34806,50.42878],[4.34809,50.42958],[4.34777,50.42953],[4.34605,50.43253],[4.3451,50.43234],[4.34452,50.43186],[4.34394,50.43175],[4.34404,50.43218],[4.34377,50.43293],[4.34357,50.43396],[4.34358,50.43451],[4.34292,50.43482],[4.34273,50.43535],[4.34297,50.43541],[4.34224,50.43744],[4.34138,50.43903],[4.34118,50.43898],[4.339,50.43978],[4.33755,50.43995],[4.33487,50.44058],[4.3332,50.44083],[4.33173,50.44065],[4.33179,50.44092],[4.33083,50.44163],[4.33192,50.4423],[4.33091,50.44333],[4.32983,50.44414],[4.32747,50.44727],[4.3249,50.44573],[4.32395,50.4453],[4.32261,50.44493],[4.32153,50.44458],[4.32044,50.44386],[4.31885,50.44261],[4.31776,50.44188],[4.31674,50.44143],[4.31435,50.44093],[4.31032,50.44018],[4.30897,50.43978],[4.30525,50.4385],[4.3032,50.43829],[4.30355,50.43766],[4.30346,50.43686],[4.30365,50.43569],[4.3035,50.43483],[4.30077,50.43349],[4.29799,50.43207],[4.29814,50.43155],[4.29902,50.43023],[4.29902,50.42985],[4.29835,50.42859],[4.29822,50.42819],[4.2977,50.42752],[4.29678,50.42683],[4.29477,50.42565],[4.29379,50.42483],[4.29389,50.42334],[4.29378,50.42298],[4.29386,50.42234],[4.29345,50.42143],[4.29332,50.4207],[4.29341,50.42037],[4.29311,50.42021],[4.29284,50.4195],[4.29255,50.41792],[4.29238,50.41794],[4.29238,50.41716],[4.29271,50.41554],[4.29243,50.41399],[4.29246,50.41345],[4.293,50.41056],[4.29249,50.41048],[4.29221,50.40909],[4.29192,50.40864],[4.29197,50.40788],[4.29115,50.407],[4.29022,50.40628],[4.29193,50.40632],[4.29187,50.40551],[4.29134,50.40358],[4.29067,50.40159],[4.29072,50.40129],[4.29209,50.40002],[4.29218,50.3997],[4.29153,50.39715],[4.29109,50.39565],[4.29119,50.39518],[4.2919,50.3942],[4.29179,50.3938],[4.29135,50.3932],[4.29119,50.3926],[4.29128,50.39225],[4.29221,50.39155],[4.29261,50.39105],[4.29312,50.39001],[4.29263,50.38973],[4.29303,50.38888],[4.29318,50.38833],[4.29393,50.38477],[4.29534,50.38404],[4.29973,50.38029],[4.30023,50.37742],[4.30075,50.3767],[4.30167,50.37587],[4.30191,50.37343],[4.30149,50.37167],[4.3015,50.37122],[4.30199,50.36999],[4.30353,50.36976],[4.30413,50.36946],[4.3044,50.36932],[4.30489,50.36979],[4.30597,50.3706],[4.3068,50.37144],[4.30722,50.37165],[4.30817,50.37179],[4.30905,50.37178],[4.31087,50.37165],[4.31244,50.37131],[4.31454,50.37041],[4.31514,50.37031],[4.31592,50.37051],[4.31762,50.37149],[4.3184,50.3718],[4.32209,50.37286],[4.32333,50.37337],[4.32427,50.37399],[4.32566,50.37444],[4.32658,50.37446],[4.32763,50.374],[4.32854,50.3727],[4.32908,50.37161],[4.33061,50.37036],[4.33149,50.36949],[4.33295,50.36688],[4.33404,50.36627],[4.33533,50.36645],[4.33626,50.36677],[4.33727,50.3673],[4.33801,50.36809],[4.33852,50.36898],[4.33862,50.36949],[4.33851,50.37051],[4.33801,50.37149],[4.33699,50.37295],[4.33695,50.37346],[4.33631,50.3739],[4.33526,50.37501],[4.33497,50.37656],[4.33498,50.37714],[4.3352,50.37809],[4.33498,50.37966],[4.33506,50.3806],[4.3353,50.38168],[4.33609,50.38304],[4.33746,50.38619],[4.33803,50.38646],[4.33887,50.38711],[4.33963,50.38798],[4.34027,50.38847],[4.34059,50.38892],[4.34282,50.39005],[4.34397,50.39091],[4.34457,50.3912],[4.34565,50.3914],[4.34594,50.39178],[4.34673,50.39244],[4.34866,50.39381],[4.34892,50.39406],[4.35112,50.39555],[4.35267,50.39671],[4.3539,50.39836],[4.35465,50.39986],[4.3553,50.4009],[4.3554,50.4013],[4.35603,50.40091],[4.35639,50.40149],[4.35647,50.40204],[4.35616,50.4021],[4.35643,50.4031],[4.35628,50.40312],[4.35633,50.40447]]]}},{"type":"Feature","id":"52025","bbox":[4.457603,50.314977,4.594345,50.379228],"properties":{"nis":"52025","name":"Gerpinnes","nameNl":"Gerpinnes","nameFr":"Gerpinnes","nameDe":"Gerpinnes","province":"hainaut","region":"wallonia","areaKm2":47.56},"geometry":{"type":"Polygon","coordinates":[[[4.45894,50.36198],[4.46012,50.36079],[4.45997,50.36038],[4.46087,50.35999],[4.46126,50.35964],[4.462,50.35944],[4.46194,50.35911],[4.46218,50.35842],[4.46246,50.35805],[4.46258,50.35742],[4.4632,50.35693],[4.46353,50.35649],[4.46313,50.35615],[4.46349,50.35548],[4.46318,50.35518],[4.46399,50.35479],[4.46425,50.35449],[4.46404,50.35412],[4.46417,50.35373],[4.4637,50.35339],[4.46362,50.35299],[4.46394,50.35277],[4.46404,50.35163],[4.46436,50.35143],[4.46419,50.35091],[4.46491,50.34995],[4.46507,50.34925],[4.46575,50.34898],[4.46746,50.34864],[4.46817,50.34795],[4.4689,50.34798],[4.46937,50.34754],[4.46985,50.34755],[4.46985,50.34704],[4.47052,50.34576],[4.47084,50.34434],[4.47126,50.34386],[4.47245,50.34371],[4.4732,50.34325],[4.47355,50.34233],[4.4737,50.34235],[4.47393,50.34108],[4.47584,50.33906],[4.47617,50.33728],[4.47682,50.33682],[4.47599,50.33464],[4.47557,50.33372],[4.47601,50.33094],[4.47575,50.33055],[4.476,50.32922],[4.47521,50.32888],[4.4748,50.32846],[4.47495,50.3275],[4.47615,50.32663],[4.48336,50.32873],[4.48417,50.32892],[4.48557,50.32818],[4.48786,50.32804],[4.49054,50.32867],[4.49241,50.32857],[4.49352,50.32861],[4.4942,50.32879],[4.49985,50.32886],[4.50145,50.32896],[4.50266,50.32885],[4.50445,50.32893],[4.50671,50.32606],[4.50786,50.32516],[4.50785,50.32498],[4.50721,50.3246],[4.50684,50.32421],[4.50602,50.32278],[4.5052,50.32164],[4.50654,50.32145],[4.50778,50.32096],[4.51236,50.32075],[4.51786,50.31852],[4.518,50.31782],[4.51817,50.31779],[4.51822,50.31532],[4.51809,50.31516],[4.52079,50.31498],[4.5282,50.31514],[4.53943,50.31764],[4.54193,50.3177],[4.54507,50.31829],[4.55134,50.31978],[4.55642,50.3201],[4.5574,50.31996],[4.56244,50.32225],[4.56358,50.32268],[4.56642,50.32303],[4.56884,50.32309],[4.57168,50.32201],[4.5749,50.32236],[4.58867,50.32123],[4.58846,50.32196],[4.5907,50.32198],[4.59125,50.32231],[4.59125,50.32274],[4.591,50.32306],[4.58896,50.32333],[4.58922,50.32398],[4.5896,50.32403],[4.58952,50.32436],[4.59019,50.32433],[4.59019,50.32468],[4.5924,50.32468],[4.59409,50.3263],[4.59426,50.32818],[4.59371,50.32818],[4.59422,50.33072],[4.59434,50.33252],[4.5935,50.33551],[4.59384,50.33716],[4.59231,50.33745],[4.59294,50.33883],[4.59346,50.33872],[4.59388,50.33988],[4.58659,50.34141],[4.58236,50.34164],[4.5838,50.34357],[4.58257,50.34381],[4.58324,50.34465],[4.58528,50.34659],[4.58502,50.34678],[4.58612,50.3477],[4.58905,50.34977],[4.5884,50.3502],[4.58785,50.351],[4.58731,50.35121],[4.58264,50.35469],[4.58236,50.35729],[4.58443,50.36401],[4.58786,50.36789],[4.59224,50.37041],[4.59291,50.37126],[4.59371,50.37168],[4.59412,50.37213],[4.59427,50.37271],[4.593,50.37368],[4.59273,50.37372],[4.59375,50.37433],[4.59293,50.37424],[4.59246,50.37397],[4.59164,50.3738],[4.59122,50.37388],[4.58965,50.37367],[4.58817,50.37375],[4.58589,50.37348],[4.58492,50.37365],[4.58311,50.37325],[4.58232,50.37315],[4.58027,50.37265],[4.57955,50.37236],[4.57885,50.37188],[4.5778,50.37158],[4.57711,50.37158],[4.57698,50.37134],[4.57568,50.37087],[4.57472,50.37077],[4.57405,50.37043],[4.57373,50.37046],[4.57341,50.37017],[4.57263,50.37028],[4.57222,50.37001],[4.57097,50.36987],[4.57061,50.36939],[4.57027,50.3694],[4.56904,50.36897],[4.56829,50.36838],[4.56806,50.36791],[4.56648,50.36661],[4.56454,50.36738],[4.56217,50.36813],[4.56047,50.36862],[4.55728,50.36901],[4.55703,50.36914],[4.55695,50.36975],[4.55708,50.37092],[4.55755,50.3712],[4.55683,50.37124],[4.55485,50.36978],[4.55095,50.37006],[4.54862,50.36979],[4.54584,50.36938],[4.54263,50.36904],[4.5406,50.36939],[4.5378,50.36955],[4.5345,50.36947],[4.53187,50.36915],[4.52946,50.36866],[4.52869,50.36995],[4.52708,50.37095],[4.52493,50.3711],[4.52454,50.37119],[4.52408,50.37093],[4.52348,50.37001],[4.52183,50.36969],[4.51959,50.36998],[4.5181,50.37041],[4.51556,50.37087],[4.51331,50.37057],[4.51039,50.37004],[4.5084,50.36882],[4.5067,50.36888],[4.50474,50.36821],[4.50408,50.36842],[4.50312,50.36805],[4.50205,50.36941],[4.50119,50.36914],[4.49982,50.37085],[4.49937,50.37227],[4.49698,50.37179],[4.49353,50.37451],[4.49163,50.37553],[4.48579,50.37802],[4.48502,50.37886],[4.48407,50.37831],[4.48371,50.37854],[4.48295,50.37837],[4.48193,50.37743],[4.47931,50.3761],[4.47832,50.377],[4.47711,50.37767],[4.47589,50.37846],[4.47502,50.37857],[4.47383,50.37809],[4.47344,50.37844],[4.47298,50.37825],[4.47187,50.37918],[4.47131,50.37923],[4.47003,50.37818],[4.47026,50.37778],[4.46775,50.37777],[4.46629,50.37739],[4.46576,50.37764],[4.46534,50.3783],[4.46408,50.37863],[4.46382,50.37848],[4.46313,50.37694],[4.4632,50.37635],[4.46243,50.37626],[4.46248,50.37544],[4.46197,50.37462],[4.46219,50.37447],[4.46199,50.37362],[4.46206,50.3733],[4.46178,50.37288],[4.46132,50.37259],[4.46042,50.37227],[4.45906,50.37137],[4.45872,50.37081],[4.45895,50.36883],[4.45761,50.36828],[4.4583,50.36512],[4.45894,50.36198]]]}},{"type":"Feature","id":"52048","bbox":[4.334966,50.355088,4.417381,50.404471],"properties":{"nis":"52048","name":"Montigny-le-Tilleul","nameNl":"Montigny-le-Tilleul","nameFr":"Montigny-le-Tilleul","nameDe":"Montigny-le-Tilleul","province":"hainaut","region":"wallonia","areaKm2":15.16},"geometry":{"type":"Polygon","coordinates":[[[4.39443,50.35538],[4.39474,50.3555],[4.39615,50.35561],[4.39644,50.35581],[4.39751,50.35609],[4.39771,50.35653],[4.39937,50.35689],[4.40008,50.35694],[4.40093,50.35744],[4.40138,50.35805],[4.40186,50.35831],[4.40203,50.3588],[4.40281,50.35918],[4.40291,50.35942],[4.40374,50.35982],[4.40584,50.35978],[4.40656,50.35946],[4.40847,50.35843],[4.4091,50.35803],[4.4097,50.35734],[4.41178,50.35747],[4.41215,50.35818],[4.41333,50.35828],[4.41581,50.35891],[4.41618,50.35912],[4.41696,50.36086],[4.41733,50.3619],[4.41738,50.36242],[4.41584,50.36299],[4.41291,50.36428],[4.41093,50.36541],[4.41014,50.36533],[4.4093,50.36462],[4.40819,50.36503],[4.40635,50.3659],[4.40267,50.36772],[4.40153,50.3685],[4.40114,50.36903],[4.40018,50.36943],[4.3998,50.36946],[4.39841,50.37003],[4.39697,50.3699],[4.39393,50.36895],[4.39286,50.36942],[4.39244,50.36985],[4.39196,50.37061],[4.39148,50.37083],[4.39132,50.3712],[4.39194,50.3713],[4.39183,50.37178],[4.39231,50.37243],[4.39266,50.37263],[4.3926,50.37297],[4.39305,50.37345],[4.39354,50.37365],[4.39394,50.37428],[4.3938,50.37475],[4.39325,50.3751],[4.39287,50.37582],[4.39213,50.37626],[4.39138,50.3764],[4.39039,50.37752],[4.39026,50.37839],[4.38991,50.37981],[4.38984,50.38093],[4.38868,50.38325],[4.38807,50.38326],[4.38755,50.38383],[4.38724,50.38475],[4.38701,50.38506],[4.38691,50.38652],[4.38665,50.38682],[4.38691,50.38707],[4.38791,50.38764],[4.38809,50.38784],[4.38885,50.38782],[4.38906,50.38813],[4.39016,50.38857],[4.38869,50.38982],[4.38938,50.39069],[4.386,50.3912],[4.38599,50.39134],[4.38475,50.39171],[4.38319,50.39162],[4.38159,50.3921],[4.3816,50.39234],[4.38212,50.39234],[4.38295,50.39319],[4.38266,50.3933],[4.38313,50.39435],[4.38047,50.39395],[4.38037,50.39343],[4.37991,50.39259],[4.37935,50.39132],[4.37922,50.39021],[4.3734,50.39316],[4.37042,50.3947],[4.37207,50.39582],[4.37153,50.39632],[4.36806,50.39542],[4.36676,50.39548],[4.36299,50.396],[4.36382,50.39892],[4.36465,50.40115],[4.36574,50.40358],[4.36605,50.40414],[4.3645,50.40383],[4.36178,50.4032],[4.36164,50.40332],[4.3605,50.40344],[4.36057,50.40368],[4.35975,50.40367],[4.35969,50.40349],[4.35869,50.40375],[4.35799,50.40414],[4.35759,50.40414],[4.35633,50.40447],[4.35628,50.40312],[4.35643,50.4031],[4.35616,50.4021],[4.35647,50.40204],[4.35639,50.40149],[4.35603,50.40091],[4.3554,50.4013],[4.3553,50.4009],[4.35465,50.39986],[4.3539,50.39836],[4.35267,50.39671],[4.35112,50.39555],[4.34892,50.39406],[4.34866,50.39381],[4.34673,50.39244],[4.34594,50.39178],[4.34565,50.3914],[4.34457,50.3912],[4.34397,50.39091],[4.34282,50.39005],[4.34059,50.38892],[4.34027,50.38847],[4.33963,50.38798],[4.33887,50.38711],[4.33803,50.38646],[4.33746,50.38619],[4.33609,50.38304],[4.3353,50.38168],[4.33506,50.3806],[4.33498,50.37966],[4.3352,50.37809],[4.33498,50.37714],[4.33497,50.37656],[4.33526,50.37501],[4.33631,50.3739],[4.3372,50.37414],[4.33813,50.37492],[4.33971,50.37537],[4.34164,50.37555],[4.34255,50.37554],[4.34549,50.37533],[4.34688,50.37544],[4.34781,50.37534],[4.34891,50.37335],[4.34885,50.37146],[4.34951,50.37034],[4.34985,50.37018],[4.34974,50.36936],[4.35052,50.36785],[4.35171,50.36787],[4.35181,50.36811],[4.35238,50.36804],[4.35325,50.3683],[4.35364,50.36808],[4.35521,50.368],[4.35612,50.36737],[4.35661,50.36747],[4.3576,50.3667],[4.35818,50.36662],[4.35806,50.36568],[4.35878,50.36525],[4.35871,50.3649],[4.35998,50.36377],[4.35994,50.36298],[4.36079,50.36203],[4.36144,50.36164],[4.36271,50.36115],[4.36345,50.36009],[4.36515,50.35909],[4.36593,50.35881],[4.37178,50.357],[4.37277,50.35687],[4.37542,50.3567],[4.37597,50.35677],[4.37833,50.35665],[4.38519,50.35575],[4.39059,50.35513],[4.39152,50.35524],[4.39252,50.35509],[4.39354,50.35515],[4.39443,50.35538]]]}},{"type":"Feature","id":"52055","bbox":[4.307373,50.467931,4.456359,50.562884],"properties":{"nis":"52055","name":"Pont-à-Celles","nameNl":"Pont-à-Celles","nameFr":"Pont-à-Celles","nameDe":"Pont-à-Celles","province":"hainaut","region":"wallonia","areaKm2":55.81},"geometry":{"type":"Polygon","coordinates":[[[4.32546,50.54919],[4.323,50.54782],[4.32023,50.54948],[4.31911,50.55035],[4.3178,50.54979],[4.3159,50.54876],[4.31422,50.54858],[4.31333,50.54842],[4.31302,50.54824],[4.3119,50.54807],[4.31095,50.54803],[4.31091,50.54782],[4.31015,50.54774],[4.30982,50.54789],[4.30916,50.54774],[4.30925,50.54744],[4.30872,50.54727],[4.30879,50.54634],[4.30911,50.54588],[4.3099,50.54393],[4.30973,50.54331],[4.30858,50.54221],[4.30814,50.5417],[4.30787,50.54117],[4.30777,50.54],[4.30737,50.53835],[4.30741,50.53808],[4.30805,50.53736],[4.30923,50.53784],[4.31011,50.53703],[4.31118,50.5362],[4.31242,50.53446],[4.31321,50.53381],[4.31476,50.53301],[4.31663,50.53221],[4.31817,50.5314],[4.31967,50.53102],[4.32038,50.53056],[4.32281,50.52976],[4.32157,50.52868],[4.32046,50.52791],[4.31992,50.52741],[4.31889,50.52712],[4.31829,50.52677],[4.3174,50.52656],[4.31628,50.52575],[4.31283,50.52446],[4.31204,50.52422],[4.31026,50.52383],[4.31099,50.52278],[4.31502,50.52066],[4.3196,50.51882],[4.31947,50.51882],[4.31883,50.51707],[4.31784,50.51581],[4.31756,50.51514],[4.32102,50.51572],[4.32109,50.51483],[4.32236,50.51572],[4.32328,50.51379],[4.32413,50.51119],[4.32554,50.50957],[4.32674,50.50867],[4.32907,50.50741],[4.33078,50.50691],[4.33269,50.50592],[4.33455,50.50538],[4.33656,50.50491],[4.34346,50.50047],[4.34813,50.49762],[4.35922,50.49003],[4.36063,50.48868],[4.36049,50.48868],[4.36205,50.48603],[4.36242,50.4861],[4.36335,50.48366],[4.36551,50.48364],[4.36656,50.48392],[4.36947,50.48356],[4.37078,50.48362],[4.37212,50.48348],[4.37309,50.48374],[4.37359,50.48335],[4.37497,50.48298],[4.37686,50.48202],[4.37822,50.48226],[4.37892,50.48307],[4.38153,50.48415],[4.38111,50.48478],[4.3816,50.48513],[4.38281,50.48482],[4.38485,50.48707],[4.38425,50.48784],[4.38467,50.48804],[4.38584,50.4881],[4.38662,50.48707],[4.38831,50.48653],[4.3874,50.4863],[4.38697,50.48599],[4.38771,50.48437],[4.38655,50.48379],[4.38718,50.48307],[4.3869,50.48253],[4.38747,50.48213],[4.38733,50.48172],[4.38803,50.48136],[4.38824,50.48096],[4.38902,50.48019],[4.38867,50.47948],[4.3893,50.47903],[4.38965,50.47817],[4.39071,50.47844],[4.39192,50.4775],[4.39262,50.4779],[4.39319,50.47754],[4.39502,50.47768],[4.39472,50.47759],[4.39703,50.47702],[4.3983,50.47581],[4.39922,50.47373],[4.39998,50.47029],[4.4021,50.47054],[4.40475,50.47101],[4.40525,50.47095],[4.40444,50.47022],[4.404,50.47002],[4.40346,50.46949],[4.40376,50.46926],[4.40551,50.46865],[4.4065,50.4693],[4.40766,50.46825],[4.40862,50.468],[4.40996,50.46796],[4.41105,50.46827],[4.41402,50.46943],[4.41488,50.46869],[4.41574,50.46918],[4.41698,50.47104],[4.41912,50.47342],[4.42163,50.47524],[4.42376,50.47586],[4.42508,50.47606],[4.42663,50.47619],[4.42678,50.47657],[4.42792,50.47743],[4.42785,50.47808],[4.42804,50.47883],[4.42919,50.47887],[4.43074,50.47883],[4.43254,50.47918],[4.43567,50.47941],[4.43646,50.47965],[4.43722,50.48017],[4.43758,50.48079],[4.43843,50.48129],[4.43896,50.48139],[4.44185,50.4826],[4.44269,50.48307],[4.44401,50.48398],[4.44694,50.48579],[4.44858,50.48664],[4.44954,50.48744],[4.45015,50.4883],[4.45366,50.49007],[4.45357,50.49017],[4.45636,50.49178],[4.45564,50.49229],[4.45636,50.49276],[4.45527,50.49352],[4.45556,50.49367],[4.45235,50.49575],[4.45027,50.4979],[4.44902,50.49943],[4.44882,50.49986],[4.44682,50.49968],[4.44637,50.49973],[4.44636,50.49941],[4.44489,50.50011],[4.44493,50.50026],[4.44578,50.50086],[4.44502,50.50108],[4.44501,50.50224],[4.44468,50.50439],[4.44636,50.50411],[4.44749,50.5037],[4.44911,50.50485],[4.45195,50.50608],[4.45115,50.50708],[4.45164,50.50951],[4.45339,50.50996],[4.45254,50.51087],[4.45231,50.51081],[4.4518,50.51145],[4.45155,50.51137],[4.45011,50.51293],[4.44771,50.51397],[4.44367,50.51518],[4.43771,50.51811],[4.43531,50.51897],[4.43316,50.51965],[4.43212,50.52072],[4.43199,50.52105],[4.43124,50.52139],[4.42946,50.5218],[4.42777,50.52272],[4.42601,50.52388],[4.42417,50.52484],[4.4229,50.52556],[4.4224,50.52596],[4.42147,50.52734],[4.42058,50.52833],[4.41977,50.52939],[4.41879,50.53002],[4.41803,50.53092],[4.41686,50.53203],[4.41661,50.53191],[4.41519,50.53289],[4.41477,50.53267],[4.41454,50.53286],[4.41301,50.53222],[4.4121,50.53312],[4.41144,50.53275],[4.41045,50.53247],[4.40965,50.53247],[4.40787,50.5315],[4.40766,50.5315],[4.40651,50.53086],[4.40709,50.53061],[4.40745,50.53018],[4.40443,50.52865],[4.40482,50.52828],[4.40391,50.52775],[4.4056,50.52673],[4.40468,50.52622],[4.40407,50.52575],[4.40521,50.52492],[4.40361,50.52395],[4.4024,50.52344],[4.4014,50.52342],[4.4008,50.5232],[4.39681,50.5262],[4.39469,50.52496],[4.39252,50.52631],[4.38816,50.53004],[4.3878,50.53049],[4.38734,50.53146],[4.38606,50.53364],[4.38484,50.53547],[4.38298,50.53805],[4.38764,50.53923],[4.38584,50.54127],[4.38709,50.54213],[4.38645,50.54291],[4.38532,50.54401],[4.38474,50.545],[4.38375,50.54624],[4.38179,50.55003],[4.38087,50.55225],[4.37918,50.55312],[4.37714,50.554],[4.37528,50.55457],[4.37445,50.55493],[4.37297,50.55528],[4.37361,50.55593],[4.37447,50.55572],[4.37558,50.55621],[4.37421,50.55735],[4.37719,50.55949],[4.37637,50.55919],[4.37334,50.56107],[4.37064,50.55956],[4.37006,50.56031],[4.36851,50.56196],[4.368,50.5611],[4.36688,50.56128],[4.36643,50.56104],[4.36502,50.56084],[4.36476,50.56044],[4.36229,50.5617],[4.36132,50.56156],[4.36023,50.56265],[4.35886,50.56288],[4.35771,50.56235],[4.35744,50.56233],[4.35641,50.56156],[4.35733,50.5607],[4.3575,50.55944],[4.35881,50.55922],[4.35873,50.55801],[4.35728,50.55615],[4.35549,50.55663],[4.35435,50.55685],[4.35311,50.55695],[4.35218,50.55691],[4.35135,50.55664],[4.35051,50.55616],[4.34963,50.5554],[4.34866,50.55481],[4.34716,50.55405],[4.3445,50.55322],[4.3424,50.55278],[4.34401,50.55104],[4.34478,50.55034],[4.34521,50.55011],[4.34513,50.54962],[4.34467,50.54903],[4.34467,50.54853],[4.3415,50.54723],[4.34074,50.54577],[4.33974,50.5449],[4.33909,50.54504],[4.33834,50.54491],[4.3386,50.5441],[4.33845,50.54382],[4.33624,50.54336],[4.33527,50.54332],[4.33341,50.54343],[4.3318,50.54322],[4.33096,50.54437],[4.33169,50.54462],[4.33077,50.54595],[4.33008,50.54639],[4.32822,50.54572],[4.32697,50.54704],[4.32622,50.54846],[4.32546,50.54919]]]}},{"type":"Feature","id":"52074","bbox":[4.530744,50.366611,4.617268,50.438695],"properties":{"nis":"52074","name":"Aiseau-Presles","nameNl":"Aiseau-Presles","nameFr":"Aiseau-Presles","nameDe":"Aiseau-Presles","province":"hainaut","region":"wallonia","areaKm2":22.35},"geometry":{"type":"Polygon","coordinates":[[[4.59375,50.37433],[4.59411,50.37457],[4.59383,50.37601],[4.5942,50.37626],[4.59475,50.37626],[4.59432,50.37668],[4.59522,50.37714],[4.5947,50.37745],[4.59327,50.37941],[4.59168,50.37957],[4.5942,50.3805],[4.59492,50.38056],[4.59586,50.38088],[4.59604,50.38082],[4.59724,50.38107],[4.59898,50.38168],[4.59955,50.38175],[4.60004,50.38209],[4.60052,50.382],[4.6013,50.38213],[4.6018,50.38235],[4.60241,50.38225],[4.60327,50.38245],[4.60388,50.38242],[4.60411,50.38288],[4.60499,50.38288],[4.60524,50.38271],[4.60577,50.38276],[4.6057,50.38294],[4.60623,50.38346],[4.60616,50.3843],[4.60589,50.38484],[4.60582,50.38584],[4.60547,50.38682],[4.60502,50.38686],[4.60413,50.38768],[4.60241,50.3883],[4.60194,50.38857],[4.59853,50.3889],[4.59776,50.38906],[4.5937,50.39086],[4.59361,50.39124],[4.59233,50.3915],[4.59152,50.39235],[4.5909,50.39276],[4.59068,50.3932],[4.58994,50.39354],[4.58947,50.3944],[4.58871,50.39456],[4.58824,50.39494],[4.58759,50.39513],[4.58711,50.39563],[4.58655,50.39591],[4.5851,50.39638],[4.5846,50.39674],[4.58436,50.39759],[4.5838,50.39805],[4.58458,50.39836],[4.5851,50.39889],[4.58517,50.39922],[4.58573,50.39936],[4.58597,50.39973],[4.59343,50.39848],[4.59337,50.39871],[4.59437,50.40013],[4.59437,50.40069],[4.59371,50.40185],[4.59485,50.40174],[4.59596,50.40217],[4.59652,50.40211],[4.59841,50.40299],[4.59821,50.40315],[4.5995,50.40366],[4.60064,50.40364],[4.60115,50.40325],[4.60366,50.40284],[4.60327,50.40442],[4.60341,50.40551],[4.60328,50.40693],[4.60377,50.40795],[4.60459,50.40862],[4.60602,50.40865],[4.60671,50.40854],[4.6079,50.40864],[4.60748,50.40917],[4.60759,50.40984],[4.60843,50.41041],[4.60868,50.41035],[4.60884,50.41097],[4.60864,50.41149],[4.60912,50.41232],[4.60962,50.41447],[4.60992,50.41702],[4.61035,50.4202],[4.61063,50.42189],[4.61081,50.42207],[4.61231,50.42268],[4.61412,50.42383],[4.61606,50.42416],[4.61683,50.42438],[4.61727,50.42517],[4.61604,50.42655],[4.61503,50.42828],[4.61446,50.42915],[4.61343,50.43033],[4.61166,50.43006],[4.6104,50.42956],[4.60957,50.42852],[4.60857,50.4279],[4.60752,50.42735],[4.60702,50.42694],[4.60615,50.4265],[4.60554,50.42634],[4.60468,50.42647],[4.60328,50.42693],[4.60161,50.42736],[4.59987,50.4277],[4.5978,50.42799],[4.59662,50.42832],[4.59571,50.42843],[4.59464,50.42889],[4.59431,50.42927],[4.59308,50.43136],[4.59266,50.43184],[4.5907,50.43293],[4.59013,50.433],[4.5884,50.43241],[4.58798,50.43208],[4.58789,50.43104],[4.5875,50.43084],[4.58653,50.43077],[4.58594,50.4309],[4.58481,50.43167],[4.58412,50.43182],[4.58337,50.43178],[4.5825,50.43189],[4.58156,50.4325],[4.58144,50.43296],[4.58222,50.43341],[4.58353,50.43361],[4.58431,50.43426],[4.58463,50.43558],[4.5847,50.4365],[4.58446,50.43765],[4.58402,50.43844],[4.58368,50.43864],[4.58273,50.43869],[4.58145,50.43859],[4.58016,50.43828],[4.57921,50.43827],[4.57826,50.43837],[4.57741,50.43692],[4.58044,50.43512],[4.57824,50.43418],[4.57786,50.43393],[4.57766,50.43347],[4.57613,50.43363],[4.57143,50.43177],[4.56853,50.43168],[4.56476,50.4316],[4.55887,50.42839],[4.55847,50.42813],[4.55853,50.42768],[4.55776,50.42607],[4.55779,50.4257],[4.55846,50.4249],[4.55911,50.42451],[4.56034,50.42423],[4.56123,50.4245],[4.56259,50.42528],[4.56338,50.42563],[4.56416,50.42562],[4.56518,50.42525],[4.56572,50.42483],[4.56611,50.42404],[4.56641,50.42283],[4.5667,50.42092],[4.56718,50.41929],[4.56765,50.41744],[4.56705,50.4162],[4.56685,50.41542],[4.5663,50.41431],[4.56545,50.41386],[4.5647,50.4137],[4.56325,50.41401],[4.56206,50.41407],[4.56138,50.41432],[4.56031,50.41512],[4.55992,50.41579],[4.55823,50.41721],[4.55666,50.41836],[4.55565,50.41843],[4.55431,50.41817],[4.5534,50.41808],[4.5521,50.41819],[4.54993,50.41891],[4.54874,50.41925],[4.54755,50.41936],[4.54552,50.41893],[4.5445,50.41885],[4.54408,50.4192],[4.54403,50.41958],[4.54426,50.42013],[4.54399,50.4206],[4.54163,50.42189],[4.54027,50.4223],[4.53917,50.42296],[4.53836,50.42331],[4.53741,50.42351],[4.53613,50.42337],[4.53556,50.42319],[4.53473,50.42266],[4.53414,50.42186],[4.53344,50.42082],[4.53218,50.41997],[4.53156,50.41922],[4.53142,50.41788],[4.53144,50.41701],[4.53131,50.4162],[4.53153,50.41569],[4.53143,50.41517],[4.53074,50.4146],[4.53625,50.41249],[4.53676,50.41281],[4.53811,50.4123],[4.53771,50.41136],[4.53763,50.41077],[4.53696,50.41013],[4.53591,50.40945],[4.53625,50.40927],[4.53579,50.40864],[4.53577,50.40835],[4.53537,50.40812],[4.53694,50.40693],[4.53735,50.4072],[4.53795,50.40662],[4.53774,50.40654],[4.53835,50.40614],[4.53996,50.40622],[4.54214,50.4059],[4.54417,50.40544],[4.54581,50.40526],[4.54659,50.40506],[4.54832,50.40402],[4.54908,50.40386],[4.55104,50.4043],[4.55263,50.40442],[4.55334,50.4044],[4.55696,50.40071],[4.55874,50.39929],[4.55949,50.39846],[4.5592,50.3971],[4.55965,50.39684],[4.56148,50.39546],[4.56114,50.39531],[4.56208,50.39408],[4.56222,50.39414],[4.56279,50.39103],[4.56263,50.39023],[4.56223,50.38723],[4.56167,50.3853],[4.56053,50.38258],[4.56064,50.38104],[4.5608,50.38075],[4.56072,50.38022],[4.56096,50.3793],[4.56168,50.37855],[4.56258,50.37804],[4.56308,50.37756],[4.56302,50.37679],[4.56219,50.37619],[4.56163,50.37542],[4.56077,50.37507],[4.56102,50.37478],[4.56001,50.37435],[4.55998,50.37383],[4.55953,50.37367],[4.55953,50.37319],[4.55992,50.37328],[4.55977,50.37285],[4.55949,50.37279],[4.55986,50.37249],[4.55922,50.37215],[4.55917,50.3719],[4.5586,50.37152],[4.55795,50.37143],[4.55755,50.3712],[4.55708,50.37092],[4.55695,50.36975],[4.55703,50.36914],[4.55728,50.36901],[4.56047,50.36862],[4.56217,50.36813],[4.56454,50.36738],[4.56648,50.36661],[4.56806,50.36791],[4.56829,50.36838],[4.56904,50.36897],[4.57027,50.3694],[4.57061,50.36939],[4.57097,50.36987],[4.57222,50.37001],[4.57263,50.37028],[4.57341,50.37017],[4.57373,50.37046],[4.57405,50.37043],[4.57472,50.37077],[4.57568,50.37087],[4.57698,50.37134],[4.57711,50.37158],[4.5778,50.37158],[4.57885,50.37188],[4.57955,50.37236],[4.58027,50.37265],[4.58232,50.37315],[4.58311,50.37325],[4.58492,50.37365],[4.58589,50.37348],[4.58817,50.37375],[4.58965,50.37367],[4.59122,50.37388],[4.59164,50.3738],[4.59246,50.37397],[4.59293,50.37424],[4.59375,50.37433]]]}},{"type":"Feature","id":"52075","bbox":[4.372967,50.476029,4.513197,50.56466],"properties":{"nis":"52075","name":"Les Bons Villers","nameNl":"Les Bons Villers","nameFr":"Les Bons Villers","nameDe":"Les Bons Villers","province":"hainaut","region":"wallonia","areaKm2":43.04},"geometry":{"type":"Polygon","coordinates":[[[4.4694,50.55876],[4.46796,50.55875],[4.46445,50.55831],[4.4638,50.5581],[4.46049,50.55745],[4.45922,50.55707],[4.45832,50.55654],[4.4576,50.55624],[4.4561,50.55595],[4.4523,50.55501],[4.45231,50.55467],[4.45046,50.55405],[4.4499,50.55416],[4.44735,50.55744],[4.44589,50.55821],[4.44497,50.55842],[4.44459,50.55933],[4.44358,50.5601],[4.44259,50.5599],[4.44152,50.56015],[4.43923,50.56001],[4.43087,50.55998],[4.43079,50.55912],[4.42962,50.55926],[4.42728,50.55923],[4.42638,50.55918],[4.42445,50.55861],[4.4234,50.5585],[4.42185,50.55845],[4.42188,50.55941],[4.42176,50.55967],[4.42118,50.55951],[4.42076,50.56001],[4.41819,50.5635],[4.41705,50.56458],[4.41563,50.56429],[4.41106,50.56466],[4.41012,50.5645],[4.40746,50.56362],[4.4057,50.56334],[4.4034,50.56283],[4.40315,50.56328],[4.4016,50.56286],[4.40003,50.56217],[4.39962,50.56208],[4.39848,50.5636],[4.3954,50.56302],[4.39302,50.56323],[4.39081,50.56338],[4.38905,50.56342],[4.38711,50.56338],[4.38426,50.56319],[4.38329,50.5633],[4.38224,50.56394],[4.38124,50.56343],[4.37995,50.56144],[4.37719,50.55949],[4.37421,50.55735],[4.37558,50.55621],[4.37447,50.55572],[4.37361,50.55593],[4.37297,50.55528],[4.37445,50.55493],[4.37528,50.55457],[4.37714,50.554],[4.37918,50.55312],[4.38087,50.55225],[4.38179,50.55003],[4.38375,50.54624],[4.38474,50.545],[4.38532,50.54401],[4.38645,50.54291],[4.38709,50.54213],[4.38584,50.54127],[4.38764,50.53923],[4.38298,50.53805],[4.38484,50.53547],[4.38606,50.53364],[4.38734,50.53146],[4.3878,50.53049],[4.38816,50.53004],[4.39252,50.52631],[4.39469,50.52496],[4.39681,50.5262],[4.4008,50.5232],[4.4014,50.52342],[4.4024,50.52344],[4.40361,50.52395],[4.40521,50.52492],[4.40407,50.52575],[4.40468,50.52622],[4.4056,50.52673],[4.40391,50.52775],[4.40482,50.52828],[4.40443,50.52865],[4.40745,50.53018],[4.40709,50.53061],[4.40651,50.53086],[4.40766,50.5315],[4.40787,50.5315],[4.40965,50.53247],[4.41045,50.53247],[4.41144,50.53275],[4.4121,50.53312],[4.41301,50.53222],[4.41454,50.53286],[4.41477,50.53267],[4.41519,50.53289],[4.41661,50.53191],[4.41686,50.53203],[4.41803,50.53092],[4.41879,50.53002],[4.41977,50.52939],[4.42058,50.52833],[4.42147,50.52734],[4.4224,50.52596],[4.4229,50.52556],[4.42417,50.52484],[4.42601,50.52388],[4.42777,50.52272],[4.42946,50.5218],[4.43124,50.52139],[4.43199,50.52105],[4.43212,50.52072],[4.43316,50.51965],[4.43531,50.51897],[4.43771,50.51811],[4.44367,50.51518],[4.44771,50.51397],[4.45011,50.51293],[4.45155,50.51137],[4.4518,50.51145],[4.45231,50.51081],[4.45254,50.51087],[4.45339,50.50996],[4.45164,50.50951],[4.45115,50.50708],[4.45195,50.50608],[4.44911,50.50485],[4.44749,50.5037],[4.44636,50.50411],[4.44468,50.50439],[4.44501,50.50224],[4.44502,50.50108],[4.44578,50.50086],[4.44493,50.50026],[4.44489,50.50011],[4.44636,50.49941],[4.44637,50.49973],[4.44682,50.49968],[4.44882,50.49986],[4.44902,50.49943],[4.45027,50.4979],[4.45235,50.49575],[4.45556,50.49367],[4.45527,50.49352],[4.45636,50.49276],[4.45564,50.49229],[4.45636,50.49178],[4.45723,50.49243],[4.45812,50.49234],[4.46033,50.49012],[4.45825,50.48905],[4.45836,50.48867],[4.45717,50.48803],[4.45552,50.48703],[4.45615,50.48683],[4.45597,50.48591],[4.4561,50.48575],[4.45722,50.48557],[4.45713,50.48487],[4.45718,50.48417],[4.45757,50.48284],[4.45752,50.48186],[4.45782,50.48144],[4.45911,50.48121],[4.46059,50.4812],[4.46105,50.48073],[4.46377,50.48016],[4.46533,50.47995],[4.46926,50.47893],[4.47023,50.47873],[4.47793,50.47702],[4.47814,50.47758],[4.48036,50.477],[4.4828,50.47661],[4.48489,50.47603],[4.48598,50.47718],[4.48552,50.47763],[4.48471,50.47784],[4.48405,50.47816],[4.48159,50.47907],[4.48143,50.47925],[4.48157,50.47983],[4.48134,50.4803],[4.48171,50.48076],[4.48065,50.48169],[4.47821,50.48305],[4.47877,50.48384],[4.47921,50.48477],[4.48014,50.4856],[4.48098,50.48651],[4.48157,50.48699],[4.4826,50.48878],[4.48221,50.48952],[4.48217,50.49004],[4.48247,50.49079],[4.48282,50.49124],[4.48414,50.49203],[4.48517,50.49355],[4.48572,50.49456],[4.48581,50.49509],[4.48705,50.49509],[4.48894,50.49593],[4.48895,50.49413],[4.48939,50.49276],[4.49029,50.49126],[4.49166,50.49166],[4.49172,50.49157],[4.49324,50.49204],[4.49353,50.49168],[4.4944,50.49097],[4.49497,50.49119],[4.49602,50.49074],[4.49596,50.49044],[4.49658,50.49093],[4.49788,50.49229],[4.49936,50.49349],[4.50007,50.49324],[4.50054,50.49371],[4.50286,50.49273],[4.50463,50.4918],[4.50501,50.49276],[4.50636,50.49386],[4.50645,50.49384],[4.50972,50.49605],[4.51105,50.49789],[4.51211,50.49874],[4.5132,50.49949],[4.5126,50.50008],[4.51192,50.50234],[4.50951,50.50172],[4.50882,50.50315],[4.50824,50.50398],[4.50702,50.50523],[4.50494,50.50722],[4.50437,50.5079],[4.50234,50.50996],[4.50003,50.51215],[4.498,50.51384],[4.49569,50.51594],[4.49379,50.51773],[4.48982,50.51514],[4.48941,50.51542],[4.4884,50.51643],[4.48652,50.51852],[4.49622,50.52106],[4.49609,50.52121],[4.49717,50.52536],[4.50235,50.52632],[4.50199,50.52686],[4.50101,50.5275],[4.50264,50.52856],[4.50289,50.52911],[4.50372,50.53026],[4.50394,50.5309],[4.50404,50.53261],[4.50388,50.53316],[4.50324,50.53425],[4.50302,50.53506],[4.50307,50.53575],[4.50353,50.53964],[4.4999,50.53848],[4.4986,50.5381],[4.49568,50.53748],[4.49459,50.53705],[4.49111,50.53771],[4.49041,50.53809],[4.49017,50.53753],[4.48918,50.53779],[4.4885,50.53649],[4.48873,50.53645],[4.48789,50.5351],[4.48743,50.53473],[4.48477,50.53532],[4.4847,50.53488],[4.48409,50.53362],[4.48224,50.5342],[4.48074,50.53501],[4.47883,50.53573],[4.47772,50.53603],[4.47593,50.53637],[4.47575,50.53659],[4.47444,50.53604],[4.47446,50.53522],[4.47228,50.53507],[4.47298,50.53421],[4.47322,50.5334],[4.47203,50.53306],[4.47272,50.53157],[4.47126,50.53109],[4.47056,50.5314],[4.46959,50.53136],[4.46858,50.53097],[4.46901,50.5302],[4.4694,50.52924],[4.46898,50.52849],[4.46873,50.52851],[4.4674,50.52794],[4.46466,50.5309],[4.46335,50.53143],[4.463,50.53221],[4.46335,50.5331],[4.46772,50.53724],[4.46809,50.53775],[4.46807,50.53869],[4.46772,50.53912],[4.46646,50.53979],[4.46674,50.54123],[4.4661,50.54161],[4.46637,50.54305],[4.46592,50.54326],[4.46685,50.5442],[4.46547,50.54621],[4.46629,50.54643],[4.46616,50.54673],[4.4703,50.54853],[4.47382,50.55003],[4.47556,50.55026],[4.47835,50.55107],[4.47581,50.55384],[4.47502,50.555],[4.47341,50.5544],[4.47248,50.55394],[4.47193,50.55462],[4.47105,50.55615],[4.47035,50.55691],[4.47116,50.55735],[4.47078,50.55755],[4.47105,50.55781],[4.47001,50.55885],[4.4694,50.55876]]]}},{"type":"Feature","id":"53014","bbox":[3.758663,50.394988,3.843548,50.45224],"properties":{"nis":"53014","name":"Boussu","nameNl":"Boussu","nameFr":"Boussu","nameDe":"Boussu","province":"hainaut","region":"wallonia","areaKm2":19.99},"geometry":{"type":"Polygon","coordinates":[[[3.83182,50.44343],[3.83078,50.44286],[3.83015,50.44232],[3.82946,50.44196],[3.82834,50.442],[3.82709,50.44183],[3.82535,50.44191],[3.8256,50.4423],[3.8253,50.44273],[3.82467,50.44215],[3.82471,50.44179],[3.82397,50.44171],[3.82342,50.442],[3.82293,50.44155],[3.82276,50.44098],[3.82183,50.4406],[3.82079,50.44005],[3.81297,50.43816],[3.80944,50.44265],[3.80802,50.4445],[3.80721,50.44399],[3.80513,50.44375],[3.80374,50.44409],[3.80212,50.4438],[3.79975,50.44361],[3.79831,50.44393],[3.79653,50.44415],[3.79551,50.44375],[3.79369,50.44426],[3.80141,50.4504],[3.80343,50.45224],[3.79568,50.45219],[3.77901,50.45197],[3.77475,50.45196],[3.7712,50.45192],[3.76802,50.44784],[3.7673,50.44697],[3.76706,50.44578],[3.76552,50.44582],[3.76522,50.44434],[3.76683,50.4445],[3.76747,50.44417],[3.76772,50.44277],[3.76717,50.44172],[3.76755,50.4414],[3.76915,50.44173],[3.7695,50.44159],[3.76979,50.44063],[3.77023,50.44041],[3.77109,50.44052],[3.77257,50.44052],[3.77469,50.44031],[3.77427,50.4333],[3.77455,50.4314],[3.77484,50.4314],[3.77491,50.43053],[3.77516,50.43044],[3.77594,50.42809],[3.77696,50.42814],[3.7772,50.42619],[3.77731,50.4258],[3.78117,50.4257],[3.78115,50.42468],[3.77946,50.42466],[3.77946,50.42444],[3.7748,50.42412],[3.77475,50.42323],[3.76984,50.42294],[3.76967,50.42245],[3.76743,50.42205],[3.76713,50.42248],[3.76286,50.42096],[3.76303,50.42066],[3.76092,50.42016],[3.76085,50.4203],[3.7587,50.41977],[3.75866,50.41922],[3.75899,50.41871],[3.76063,50.41714],[3.76172,50.41643],[3.76186,50.41602],[3.76289,50.41528],[3.76396,50.41421],[3.76578,50.41328],[3.76599,50.41296],[3.76672,50.4123],[3.768,50.41157],[3.76768,50.41124],[3.76916,50.41076],[3.76949,50.41042],[3.77136,50.40973],[3.77225,50.40899],[3.7738,50.40862],[3.77447,50.40825],[3.7752,50.40767],[3.77588,50.40768],[3.77675,50.40752],[3.77938,50.4077],[3.78073,50.40774],[3.78166,50.40803],[3.78347,50.40811],[3.78374,50.40759],[3.78451,50.40738],[3.78512,50.40745],[3.78874,50.40798],[3.79113,50.40848],[3.79143,50.40776],[3.79251,50.4067],[3.79272,50.40612],[3.79345,50.40553],[3.79451,50.40379],[3.79476,50.40358],[3.79484,50.40287],[3.79531,50.40265],[3.79876,50.40374],[3.79965,50.40377],[3.80091,50.40369],[3.80209,50.40325],[3.80361,50.40278],[3.80425,50.40287],[3.80478,50.40272],[3.80548,50.4029],[3.80577,50.40278],[3.80582,50.40171],[3.8074,50.40148],[3.80831,50.40148],[3.80968,50.4009],[3.80963,50.39978],[3.81109,50.39748],[3.81296,50.39499],[3.81718,50.39753],[3.81897,50.3985],[3.81953,50.39864],[3.81917,50.39892],[3.81406,50.40048],[3.81423,50.4018],[3.81431,50.40348],[3.81522,50.40453],[3.81575,50.4058],[3.81428,50.40618],[3.81411,50.40662],[3.8154,50.4108],[3.81553,50.41102],[3.81897,50.41461],[3.81982,50.41432],[3.82012,50.41405],[3.82164,50.41364],[3.82325,50.41555],[3.82452,50.41499],[3.82488,50.4156],[3.82581,50.4152],[3.82602,50.41562],[3.82591,50.41602],[3.82558,50.41631],[3.82588,50.41704],[3.82796,50.41674],[3.83035,50.41717],[3.83045,50.41801],[3.83046,50.41952],[3.83109,50.42154],[3.83088,50.42402],[3.83456,50.42981],[3.83603,50.42988],[3.83937,50.42957],[3.83812,50.43183],[3.8395,50.43196],[3.8393,50.43287],[3.8397,50.43305],[3.84083,50.43297],[3.84106,50.43366],[3.84138,50.43362],[3.8417,50.43429],[3.84222,50.43439],[3.84275,50.43425],[3.84355,50.43504],[3.84287,50.43553],[3.84341,50.43576],[3.8428,50.43658],[3.84228,50.43706],[3.8427,50.43763],[3.84215,50.43782],[3.84253,50.43873],[3.84194,50.43943],[3.8407,50.44056],[3.83948,50.44194],[3.83914,50.44304],[3.83793,50.44411],[3.83637,50.4439],[3.83606,50.44373],[3.83406,50.44328],[3.83401,50.44344],[3.83249,50.44322],[3.83228,50.44368],[3.83182,50.44343]]]}},{"type":"Feature","id":"53020","bbox":[3.724961,50.353193,3.852536,50.420458],"properties":{"nis":"53020","name":"Dour","nameNl":"Dour","nameFr":"Dour","nameDe":"Dour","province":"hainaut","region":"wallonia","areaKm2":33.54},"geometry":{"type":"Polygon","coordinates":[[[3.842,50.38312],[3.84103,50.38444],[3.84051,50.38474],[3.8372,50.38491],[3.83577,50.38483],[3.83503,50.38492],[3.83458,50.38616],[3.83522,50.38786],[3.83468,50.38934],[3.83429,50.38937],[3.83344,50.39034],[3.83124,50.39104],[3.8312,50.39279],[3.83133,50.39297],[3.83017,50.39444],[3.83024,50.39469],[3.82983,50.39491],[3.8279,50.39562],[3.82687,50.39623],[3.82594,50.39627],[3.82126,50.39784],[3.82091,50.3984],[3.82014,50.39873],[3.81953,50.39864],[3.81897,50.3985],[3.81718,50.39753],[3.81296,50.39499],[3.81109,50.39748],[3.80963,50.39978],[3.80968,50.4009],[3.80831,50.40148],[3.8074,50.40148],[3.80582,50.40171],[3.80577,50.40278],[3.80548,50.4029],[3.80478,50.40272],[3.80425,50.40287],[3.80361,50.40278],[3.80209,50.40325],[3.80091,50.40369],[3.79965,50.40377],[3.79876,50.40374],[3.79531,50.40265],[3.79484,50.40287],[3.79476,50.40358],[3.79451,50.40379],[3.79345,50.40553],[3.79272,50.40612],[3.79251,50.4067],[3.79143,50.40776],[3.79113,50.40848],[3.78874,50.40798],[3.78512,50.40745],[3.78451,50.40738],[3.78374,50.40759],[3.78347,50.40811],[3.78166,50.40803],[3.78073,50.40774],[3.77938,50.4077],[3.77675,50.40752],[3.77588,50.40768],[3.7752,50.40767],[3.77447,50.40825],[3.7738,50.40862],[3.77225,50.40899],[3.77136,50.40973],[3.76949,50.41042],[3.76916,50.41076],[3.76768,50.41124],[3.768,50.41157],[3.76672,50.4123],[3.76599,50.41296],[3.76578,50.41328],[3.76396,50.41421],[3.76289,50.41528],[3.76186,50.41602],[3.76172,50.41643],[3.76063,50.41714],[3.75899,50.41871],[3.75866,50.41922],[3.7587,50.41977],[3.75872,50.41998],[3.75812,50.42046],[3.7569,50.4199],[3.75547,50.41959],[3.75313,50.41896],[3.75178,50.41884],[3.75101,50.41869],[3.74447,50.41777],[3.74112,50.41689],[3.74073,50.41763],[3.73988,50.41749],[3.73988,50.41737],[3.73695,50.41746],[3.73701,50.41714],[3.73592,50.41685],[3.73583,50.41603],[3.73461,50.41657],[3.73385,50.41608],[3.73442,50.41582],[3.73396,50.4154],[3.73353,50.41546],[3.733,50.41501],[3.73251,50.41505],[3.73232,50.41418],[3.73183,50.41423],[3.73165,50.41338],[3.7295,50.41327],[3.72949,50.41316],[3.72784,50.41326],[3.72738,50.4107],[3.7278,50.41063],[3.72809,50.40686],[3.72801,50.40621],[3.72734,50.40634],[3.72712,50.40594],[3.7279,50.40362],[3.72836,50.40296],[3.72838,50.40227],[3.72535,50.40199],[3.72566,50.4005],[3.72613,50.40062],[3.7265,50.40011],[3.72518,50.39973],[3.72593,50.39837],[3.72496,50.39816],[3.72519,50.39732],[3.72625,50.3975],[3.72643,50.39656],[3.72792,50.39675],[3.72837,50.39634],[3.72894,50.39665],[3.72956,50.39617],[3.72944,50.39605],[3.73079,50.39539],[3.73069,50.39512],[3.7315,50.39492],[3.731,50.39296],[3.73328,50.39291],[3.73323,50.39177],[3.73184,50.39157],[3.73353,50.38982],[3.73497,50.38987],[3.73505,50.38901],[3.73582,50.38905],[3.73592,50.38721],[3.73782,50.38713],[3.73821,50.38706],[3.73879,50.38666],[3.73955,50.38672],[3.73976,50.3851],[3.74005,50.38486],[3.74052,50.38286],[3.74001,50.38273],[3.74044,50.38195],[3.73849,50.3816],[3.73959,50.3802],[3.74082,50.37921],[3.74205,50.3786],[3.74306,50.3782],[3.74406,50.37792],[3.74434,50.3778],[3.74689,50.37748],[3.74816,50.37707],[3.74946,50.37643],[3.75017,50.37622],[3.75161,50.37649],[3.75353,50.3762],[3.7556,50.37613],[3.75582,50.37584],[3.75782,50.37585],[3.75881,50.37579],[3.76083,50.37538],[3.76607,50.37381],[3.76836,50.37369],[3.76893,50.37313],[3.77016,50.37279],[3.77048,50.37372],[3.77137,50.37355],[3.77243,50.37352],[3.77676,50.37397],[3.78176,50.37426],[3.78183,50.37406],[3.78252,50.37406],[3.7827,50.37352],[3.78256,50.37319],[3.78533,50.37306],[3.78676,50.37259],[3.78663,50.37223],[3.78835,50.37206],[3.79115,50.37225],[3.79157,50.37009],[3.79265,50.37027],[3.79429,50.37072],[3.79514,50.36849],[3.79353,50.36799],[3.79425,50.36682],[3.79491,50.36704],[3.79652,50.36772],[3.79776,50.36567],[3.79833,50.36521],[3.80033,50.36431],[3.80186,50.364],[3.80285,50.36352],[3.80432,50.36246],[3.80655,50.36163],[3.80796,50.36104],[3.8103,50.35954],[3.81211,50.36019],[3.81615,50.35859],[3.81677,50.35877],[3.81779,50.35856],[3.81895,50.35843],[3.82282,50.35827],[3.82327,50.35743],[3.82782,50.35687],[3.83152,50.35683],[3.83338,50.35703],[3.83611,50.35673],[3.83842,50.35639],[3.83955,50.35608],[3.83811,50.35427],[3.84357,50.35319],[3.84362,50.35333],[3.84433,50.35464],[3.84515,50.35587],[3.84552,50.35703],[3.84581,50.35742],[3.84549,50.35751],[3.8462,50.35915],[3.84567,50.35943],[3.84612,50.35956],[3.84837,50.35995],[3.84871,50.36044],[3.84961,50.36107],[3.85022,50.36168],[3.85083,50.36348],[3.85153,50.36447],[3.8525,50.36644],[3.85254,50.36689],[3.85022,50.36795],[3.84943,50.36906],[3.84797,50.36978],[3.84693,50.37046],[3.8459,50.37154],[3.84412,50.37202],[3.84328,50.37263],[3.84236,50.3729],[3.84167,50.37415],[3.84095,50.37464],[3.84026,50.37531],[3.83886,50.37591],[3.83949,50.37655],[3.83999,50.37642],[3.841,50.37786],[3.8417,50.37766],[3.84205,50.37786],[3.84311,50.37979],[3.84408,50.38068],[3.84234,50.38118],[3.84052,50.38158],[3.838,50.38226],[3.83845,50.38261],[3.83917,50.38287],[3.84002,50.38291],[3.8409,50.38266],[3.842,50.38312]]]}},{"type":"Feature","id":"53028","bbox":[3.838003,50.342205,3.949181,50.424302],"properties":{"nis":"53028","name":"Frameries","nameNl":"Frameries","nameFr":"Frameries","nameDe":"Frameries","province":"hainaut","region":"wallonia","areaKm2":25.97},"geometry":{"type":"Polygon","coordinates":[[[3.842,50.38312],[3.8409,50.38266],[3.84002,50.38291],[3.83917,50.38287],[3.83845,50.38261],[3.838,50.38226],[3.84052,50.38158],[3.84234,50.38118],[3.84408,50.38068],[3.84311,50.37979],[3.84205,50.37786],[3.8417,50.37766],[3.841,50.37786],[3.83999,50.37642],[3.83949,50.37655],[3.83886,50.37591],[3.84026,50.37531],[3.84095,50.37464],[3.84167,50.37415],[3.84236,50.3729],[3.84328,50.37263],[3.84412,50.37202],[3.8459,50.37154],[3.84693,50.37046],[3.84797,50.36978],[3.84943,50.36906],[3.85022,50.36795],[3.85254,50.36689],[3.8525,50.36644],[3.85153,50.36447],[3.85083,50.36348],[3.85022,50.36168],[3.84961,50.36107],[3.84871,50.36044],[3.84837,50.35995],[3.84612,50.35956],[3.84567,50.35943],[3.8462,50.35915],[3.84549,50.35751],[3.84581,50.35742],[3.84552,50.35703],[3.84515,50.35587],[3.84433,50.35464],[3.84362,50.35333],[3.84578,50.35323],[3.8477,50.35284],[3.84898,50.35253],[3.85316,50.35119],[3.85553,50.34953],[3.85644,50.34853],[3.85692,50.34785],[3.85687,50.34761],[3.85779,50.34705],[3.85848,50.34571],[3.85857,50.34403],[3.85748,50.3434],[3.85724,50.34221],[3.86219,50.34371],[3.8623,50.34378],[3.86213,50.34554],[3.86084,50.35047],[3.86475,50.35351],[3.86483,50.35368],[3.86804,50.35521],[3.87133,50.35651],[3.8722,50.35707],[3.87264,50.35713],[3.87416,50.35777],[3.87513,50.35857],[3.87591,50.3596],[3.87789,50.36067],[3.88248,50.36276],[3.87925,50.36413],[3.88018,50.36494],[3.8805,50.36545],[3.88165,50.36579],[3.88133,50.36608],[3.8833,50.36724],[3.88303,50.36746],[3.88621,50.36991],[3.89302,50.3681],[3.89313,50.36875],[3.89555,50.37205],[3.89241,50.37447],[3.89837,50.37896],[3.89897,50.37947],[3.897,50.38061],[3.89642,50.38167],[3.90107,50.38393],[3.90195,50.3852],[3.90016,50.38707],[3.90151,50.38733],[3.90185,50.38693],[3.90354,50.38735],[3.90174,50.38838],[3.90082,50.38815],[3.90033,50.38846],[3.90141,50.3885],[3.90217,50.3887],[3.90068,50.38987],[3.90031,50.38975],[3.89848,50.39181],[3.8965,50.39307],[3.8983,50.39365],[3.89995,50.39467],[3.90306,50.39587],[3.9046,50.39457],[3.90501,50.39479],[3.90656,50.39365],[3.90883,50.39454],[3.90992,50.39377],[3.91031,50.39394],[3.91104,50.39357],[3.91188,50.39417],[3.9129,50.39549],[3.91374,50.39619],[3.91425,50.39571],[3.91555,50.39782],[3.91557,50.39851],[3.91669,50.39988],[3.91736,50.4018],[3.92036,50.40121],[3.92467,50.39975],[3.92137,50.39718],[3.92297,50.3959],[3.92343,50.39615],[3.92383,50.39603],[3.9249,50.39643],[3.92558,50.39611],[3.92514,50.39563],[3.92693,50.39515],[3.92671,50.3949],[3.92832,50.3946],[3.92846,50.39556],[3.93032,50.39533],[3.93011,50.39447],[3.9352,50.39364],[3.93736,50.39275],[3.94047,50.39599],[3.9414,50.39558],[3.94157,50.39576],[3.9409,50.39612],[3.9415,50.39652],[3.9407,50.39713],[3.94154,50.39746],[3.9446,50.40066],[3.94918,50.40499],[3.94789,50.40557],[3.9474,50.40515],[3.94626,50.40583],[3.94565,50.40546],[3.94421,50.40656],[3.9434,50.40616],[3.94088,50.4077],[3.93984,50.40821],[3.93438,50.40931],[3.93124,50.40985],[3.92919,50.41041],[3.92975,50.41133],[3.9306,50.41302],[3.92866,50.41348],[3.92766,50.41387],[3.92691,50.41382],[3.92606,50.41434],[3.92415,50.41507],[3.92264,50.41557],[3.91883,50.41655],[3.91717,50.41709],[3.91378,50.41866],[3.91105,50.41981],[3.90993,50.4204],[3.90806,50.42115],[3.90644,50.42154],[3.90477,50.42203],[3.90214,50.42304],[3.9002,50.42399],[3.89927,50.4243],[3.89565,50.41962],[3.89524,50.41966],[3.89441,50.42002],[3.88875,50.41536],[3.88833,50.41574],[3.88704,50.41721],[3.88657,50.41751],[3.88445,50.41839],[3.88423,50.41856],[3.88512,50.42009],[3.88357,50.42054],[3.88054,50.42134],[3.8797,50.41996],[3.87665,50.42067],[3.87541,50.42084],[3.87438,50.41739],[3.87292,50.41353],[3.87235,50.41362],[3.87174,50.4133],[3.87151,50.4128],[3.87098,50.41294],[3.87054,50.41154],[3.86938,50.41138],[3.86917,50.41116],[3.86909,50.41057],[3.87001,50.41044],[3.87025,50.4103],[3.8694,50.40936],[3.86964,50.40896],[3.87032,50.40875],[3.87024,50.40813],[3.87037,50.40734],[3.87188,50.40422],[3.87184,50.40397],[3.87034,50.40402],[3.87049,50.40348],[3.8701,50.40274],[3.87029,50.40247],[3.86912,50.401],[3.86871,50.39911],[3.86858,50.39879],[3.8694,50.39716],[3.86865,50.39694],[3.8687,50.39626],[3.86829,50.39621],[3.86829,50.39572],[3.86718,50.3956],[3.86718,50.39514],[3.86623,50.39509],[3.86329,50.3951],[3.86253,50.39517],[3.86207,50.39194],[3.86173,50.38986],[3.86152,50.38827],[3.86151,50.38653],[3.86132,50.38515],[3.8618,50.38486],[3.86345,50.38424],[3.86357,50.38405],[3.86276,50.38356],[3.8623,50.38314],[3.86059,50.382],[3.85813,50.381],[3.85708,50.37983],[3.85593,50.37921],[3.85555,50.37972],[3.85567,50.38022],[3.85543,50.38071],[3.8556,50.38081],[3.85501,50.38164],[3.85495,50.38212],[3.85388,50.38317],[3.85325,50.38334],[3.85258,50.38331],[3.85203,50.38349],[3.85199,50.38371],[3.85151,50.38368],[3.85063,50.38426],[3.85012,50.38477],[3.84911,50.38515],[3.84769,50.38553],[3.84685,50.38563],[3.84552,50.38524],[3.84553,50.38505],[3.84427,50.38447],[3.84392,50.38406],[3.84334,50.38385],[3.84299,50.3835],[3.842,50.38312]]]}},{"type":"Feature","id":"53039","bbox":[3.65518,50.412038,3.781165,50.46417],"properties":{"nis":"53039","name":"Hensies","nameNl":"Hensies","nameFr":"Hensies","nameDe":"Hensies","province":"hainaut","region":"wallonia","areaKm2":26.34},"geometry":{"type":"Polygon","coordinates":[[[3.65518,50.46196],[3.65552,50.46171],[3.65562,50.46135],[3.6568,50.46064],[3.65686,50.46033],[3.65768,50.45969],[3.65785,50.4591],[3.66029,50.45842],[3.66045,50.45774],[3.66133,50.45769],[3.66188,50.45714],[3.66184,50.45685],[3.66283,50.45578],[3.66258,50.45416],[3.66278,50.45378],[3.66365,50.45341],[3.66415,50.45239],[3.66217,50.45083],[3.66174,50.45077],[3.66066,50.44989],[3.6609,50.44964],[3.66082,50.44921],[3.66004,50.44796],[3.6602,50.44717],[3.6597,50.44686],[3.65839,50.44683],[3.65859,50.4464],[3.66025,50.44636],[3.6604,50.44557],[3.6594,50.44511],[3.66006,50.44449],[3.66104,50.44304],[3.66252,50.4419],[3.66346,50.44128],[3.66441,50.44111],[3.66529,50.44115],[3.66678,50.44052],[3.66646,50.44026],[3.66785,50.43961],[3.66916,50.43851],[3.66897,50.43804],[3.66966,50.43722],[3.66876,50.43684],[3.66897,50.43535],[3.66898,50.43448],[3.66881,50.43407],[3.66904,50.4307],[3.6693,50.43024],[3.6694,50.42871],[3.66923,50.42789],[3.66886,50.4271],[3.66906,50.42507],[3.66879,50.42409],[3.66894,50.42292],[3.66908,50.42281],[3.67046,50.42266],[3.67138,50.42238],[3.67225,50.42226],[3.67387,50.42187],[3.67559,50.42205],[3.6815,50.42127],[3.68277,50.42133],[3.68534,50.42116],[3.68724,50.42057],[3.6895,50.42035],[3.69261,50.41954],[3.69561,50.41865],[3.69397,50.42143],[3.69612,50.42244],[3.69624,50.42227],[3.69796,50.42235],[3.69943,50.42224],[3.7008,50.42187],[3.70356,50.42093],[3.70398,50.42017],[3.70539,50.42008],[3.70673,50.42071],[3.70758,50.42008],[3.71132,50.41981],[3.71146,50.42024],[3.71397,50.41997],[3.71443,50.4207],[3.71513,50.42065],[3.71436,50.419],[3.72396,50.41446],[3.7234,50.41298],[3.72347,50.41213],[3.72516,50.41204],[3.72566,50.4133],[3.72784,50.41326],[3.72949,50.41316],[3.7295,50.41327],[3.73165,50.41338],[3.73183,50.41423],[3.73232,50.41418],[3.73251,50.41505],[3.733,50.41501],[3.73353,50.41546],[3.73396,50.4154],[3.73442,50.41582],[3.73385,50.41608],[3.73461,50.41657],[3.73583,50.41603],[3.73592,50.41685],[3.73701,50.41714],[3.73695,50.41746],[3.73988,50.41737],[3.73988,50.41749],[3.74073,50.41763],[3.74112,50.41689],[3.74447,50.41777],[3.75101,50.41869],[3.75178,50.41884],[3.75313,50.41896],[3.75547,50.41959],[3.7569,50.4199],[3.75812,50.42046],[3.75872,50.41998],[3.7587,50.41977],[3.76085,50.4203],[3.76092,50.42016],[3.76303,50.42066],[3.76286,50.42096],[3.76713,50.42248],[3.76743,50.42205],[3.76967,50.42245],[3.76984,50.42294],[3.77475,50.42323],[3.7748,50.42412],[3.77946,50.42444],[3.77946,50.42466],[3.78115,50.42468],[3.78117,50.4257],[3.77731,50.4258],[3.7772,50.42619],[3.77696,50.42814],[3.77594,50.42809],[3.77516,50.43044],[3.77491,50.43053],[3.77484,50.4314],[3.77455,50.4314],[3.77427,50.4333],[3.77469,50.44031],[3.77257,50.44052],[3.77109,50.44052],[3.77023,50.44041],[3.76979,50.44063],[3.7695,50.44159],[3.76915,50.44173],[3.76755,50.4414],[3.76717,50.44172],[3.76772,50.44277],[3.76747,50.44417],[3.76683,50.4445],[3.76522,50.44434],[3.7623,50.44474],[3.76141,50.44539],[3.76077,50.44552],[3.76022,50.44533],[3.76005,50.44455],[3.75929,50.44444],[3.75882,50.44501],[3.75827,50.44496],[3.75781,50.44458],[3.75671,50.44514],[3.75599,50.44539],[3.75506,50.44547],[3.75439,50.44505],[3.75389,50.44504],[3.75318,50.44561],[3.75193,50.44594],[3.75068,50.44532],[3.74927,50.44577],[3.74644,50.44536],[3.74652,50.44532],[3.74496,50.44487],[3.74136,50.44303],[3.74023,50.44294],[3.74044,50.44236],[3.73966,50.44227],[3.73903,50.4433],[3.73825,50.44285],[3.73599,50.44272],[3.7362,50.4437],[3.73557,50.44451],[3.73472,50.44388],[3.73416,50.44397],[3.73366,50.44496],[3.73246,50.44469],[3.73147,50.44523],[3.73084,50.44474],[3.73161,50.4442],[3.7326,50.44397],[3.73168,50.44253],[3.73034,50.44366],[3.72858,50.44348],[3.72653,50.44316],[3.7251,50.44357],[3.72435,50.44353],[3.72392,50.44371],[3.7225,50.44505],[3.72152,50.4455],[3.72074,50.44617],[3.72028,50.44723],[3.71897,50.4477],[3.717,50.44725],[3.71565,50.44649],[3.71453,50.44671],[3.71318,50.44756],[3.71008,50.44792],[3.70789,50.44896],[3.70732,50.45044],[3.70464,50.45067],[3.70375,50.4507],[3.70327,50.45115],[3.70287,50.45174],[3.70174,50.45237],[3.70012,50.45251],[3.69892,50.45291],[3.69694,50.45309],[3.69786,50.45435],[3.69588,50.45502],[3.6944,50.45578],[3.6933,50.45569],[3.69158,50.45614],[3.69049,50.45609],[3.69003,50.45669],[3.68974,50.45684],[3.68741,50.45731],[3.68611,50.45729],[3.68511,50.45763],[3.68483,50.45835],[3.68422,50.45821],[3.68386,50.45778],[3.68291,50.45823],[3.68208,50.4591],[3.68159,50.45912],[3.68131,50.45867],[3.68077,50.45853],[3.68035,50.459],[3.68087,50.45986],[3.68001,50.46017],[3.67962,50.46016],[3.67896,50.45983],[3.67872,50.45987],[3.6785,50.46042],[3.67754,50.46047],[3.67731,50.46077],[3.67715,50.46143],[3.67659,50.46166],[3.67536,50.46168],[3.67407,50.46249],[3.67321,50.46216],[3.67124,50.46266],[3.66876,50.46255],[3.66756,50.46216],[3.66584,50.46251],[3.66492,50.46302],[3.66384,50.46307],[3.6631,50.4634],[3.66202,50.46347],[3.66104,50.46364],[3.66004,50.46417],[3.65927,50.46354],[3.65972,50.46311],[3.65961,50.46284],[3.6583,50.4634],[3.65757,50.46296],[3.65705,50.46237],[3.65604,50.46269],[3.65518,50.46196]]]}},{"type":"Feature","id":"53044","bbox":[3.799641,50.48874,3.99661,50.555193],"properties":{"nis":"53044","name":"Jurbise","nameNl":"Jurbeke","nameFr":"Jurbise","nameDe":"Jurbise","province":"hainaut","region":"wallonia","areaKm2":57.98},"geometry":{"type":"Polygon","coordinates":[[[3.87933,50.50376],[3.87993,50.50368],[3.88608,50.50236],[3.89209,50.50122],[3.90115,50.49907],[3.90118,50.49911],[3.90558,50.49916],[3.90666,50.49928],[3.90674,50.4995],[3.90749,50.49936],[3.91181,50.50027],[3.91405,50.50051],[3.93089,50.50012],[3.93334,50.50088],[3.9404,50.49186],[3.94159,50.49158],[3.94356,50.49031],[3.94519,50.48874],[3.94559,50.48886],[3.94779,50.48897],[3.94868,50.48894],[3.95015,50.4893],[3.95055,50.48982],[3.95173,50.49094],[3.95428,50.49416],[3.9552,50.49584],[3.95521,50.49607],[3.9545,50.4966],[3.95449,50.49692],[3.95517,50.49746],[3.95515,50.49771],[3.95447,50.49908],[3.95336,50.50014],[3.95496,50.50375],[3.95725,50.50859],[3.966,50.50815],[3.96686,50.50813],[3.96739,50.50831],[3.97217,50.51044],[3.97442,50.51151],[3.97473,50.512],[3.97527,50.51382],[3.97617,50.51685],[3.97825,50.51678],[3.98015,50.51649],[3.98095,50.51672],[3.98196,50.51789],[3.98285,50.51732],[3.98402,50.51724],[3.98492,50.51739],[3.98502,50.51724],[3.98611,50.51734],[3.98635,50.51779],[3.98632,50.51895],[3.98585,50.51943],[3.98598,50.51977],[3.98645,50.51977],[3.9873,50.51998],[3.988,50.52033],[3.98893,50.52121],[3.98961,50.52149],[3.99042,50.52132],[3.99162,50.52156],[3.99301,50.52157],[3.99375,50.52173],[3.99394,50.52156],[3.99423,50.52187],[3.99506,50.52165],[3.99574,50.52163],[3.99646,50.52194],[3.99657,50.52235],[3.99566,50.5227],[3.99534,50.52254],[3.9944,50.5228],[3.99469,50.52322],[3.9956,50.52387],[3.99457,50.52445],[3.99386,50.52464],[3.99411,50.52502],[3.99498,50.5247],[3.99561,50.52514],[3.99478,50.52549],[3.99458,50.52533],[3.99235,50.52616],[3.99288,50.52679],[3.98946,50.52713],[3.98956,50.52748],[3.98942,50.52845],[3.98833,50.52913],[3.98953,50.53072],[3.99171,50.53207],[3.9921,50.53239],[3.99202,50.53446],[3.99113,50.53611],[3.9906,50.53671],[3.99055,50.53736],[3.9893,50.53815],[3.98832,50.53837],[3.98625,50.53981],[3.98548,50.54066],[3.98488,50.54093],[3.98431,50.54157],[3.98301,50.54264],[3.98446,50.54341],[3.98639,50.54421],[3.98708,50.54464],[3.98588,50.54559],[3.98595,50.54699],[3.98546,50.54691],[3.98528,50.54728],[3.98449,50.54789],[3.9842,50.54781],[3.98378,50.54828],[3.98216,50.54905],[3.98044,50.54975],[3.97778,50.548],[3.97594,50.5469],[3.97505,50.54652],[3.97543,50.54729],[3.97399,50.54775],[3.95822,50.54973],[3.957,50.54945],[3.95523,50.54968],[3.95413,50.54768],[3.95596,50.54759],[3.95543,50.54611],[3.9573,50.54391],[3.95774,50.54264],[3.95654,50.54071],[3.95457,50.54076],[3.95342,50.54032],[3.95294,50.54003],[3.94909,50.54192],[3.94906,50.54189],[3.94435,50.5442],[3.94225,50.54317],[3.94262,50.54294],[3.94162,50.54224],[3.93899,50.54376],[3.93803,50.54464],[3.93565,50.54623],[3.93308,50.54773],[3.9323,50.54824],[3.93008,50.54991],[3.92751,50.55155],[3.92726,50.55183],[3.92548,50.55084],[3.92355,50.54963],[3.92196,50.54874],[3.91982,50.54741],[3.91816,50.54677],[3.91913,50.54612],[3.91739,50.54548],[3.91595,50.54465],[3.91552,50.54449],[3.91407,50.54365],[3.91306,50.54361],[3.91298,50.54373],[3.91214,50.54355],[3.91224,50.54339],[3.90989,50.54246],[3.90885,50.54225],[3.90757,50.54227],[3.90748,50.54239],[3.90591,50.54225],[3.90492,50.5426],[3.90332,50.54257],[3.90334,50.54231],[3.90223,50.5423],[3.90106,50.54182],[3.90142,50.5414],[3.90105,50.5413],[3.89984,50.54133],[3.89899,50.54148],[3.89737,50.54138],[3.89664,50.54151],[3.89593,50.54127],[3.89585,50.54069],[3.89564,50.54045],[3.89365,50.53934],[3.8927,50.53864],[3.89072,50.53899],[3.89131,50.53967],[3.8915,50.54008],[3.89059,50.5401],[3.89084,50.54084],[3.89045,50.54089],[3.89041,50.54118],[3.88936,50.54108],[3.8883,50.54132],[3.88676,50.54142],[3.8854,50.54118],[3.88512,50.54082],[3.88406,50.5408],[3.88359,50.54092],[3.88155,50.5411],[3.88162,50.54029],[3.88077,50.5402],[3.88059,50.54147],[3.88022,50.54148],[3.8783,50.5419],[3.87686,50.54273],[3.87538,50.54248],[3.87498,50.54335],[3.87421,50.54323],[3.87402,50.54394],[3.8711,50.54376],[3.87078,50.54535],[3.86938,50.54551],[3.86916,50.5451],[3.86732,50.54454],[3.86691,50.54509],[3.86575,50.54469],[3.8647,50.54385],[3.86377,50.54438],[3.86336,50.54476],[3.86349,50.54497],[3.86302,50.54542],[3.86383,50.54573],[3.86336,50.54623],[3.86307,50.54617],[3.86215,50.54698],[3.86006,50.54569],[3.85896,50.54532],[3.85695,50.5473],[3.85604,50.54864],[3.8548,50.55075],[3.85398,50.55147],[3.85203,50.55245],[3.8492,50.55401],[3.8463,50.55519],[3.846,50.55518],[3.84481,50.55385],[3.84584,50.55335],[3.84509,50.55242],[3.84499,50.55247],[3.84385,50.55184],[3.84429,50.55139],[3.84313,50.54992],[3.84252,50.55012],[3.84054,50.55019],[3.83898,50.54944],[3.8384,50.54923],[3.83726,50.54817],[3.83552,50.54856],[3.83507,50.5474],[3.83328,50.54847],[3.83241,50.54805],[3.83215,50.54829],[3.83018,50.54916],[3.82953,50.54873],[3.82842,50.54965],[3.82785,50.54998],[3.82691,50.55036],[3.8256,50.55078],[3.82551,50.55071],[3.82427,50.55138],[3.82297,50.55172],[3.82032,50.55186],[3.82031,50.55166],[3.81955,50.55091],[3.81978,50.55069],[3.81892,50.54968],[3.81865,50.54898],[3.81769,50.54768],[3.81792,50.54741],[3.81762,50.54684],[3.81708,50.54664],[3.81632,50.54598],[3.81502,50.54547],[3.81512,50.54518],[3.81484,50.54492],[3.81437,50.545],[3.81401,50.54461],[3.81341,50.54439],[3.81266,50.54337],[3.81215,50.54314],[3.81198,50.5426],[3.81153,50.54236],[3.8106,50.54231],[3.81005,50.54149],[3.80888,50.54115],[3.80844,50.54084],[3.80856,50.54064],[3.80817,50.54026],[3.80777,50.54022],[3.80734,50.53981],[3.80698,50.53917],[3.80736,50.53869],[3.80587,50.53774],[3.80549,50.53763],[3.80372,50.5374],[3.80321,50.53698],[3.80232,50.53669],[3.80196,50.53628],[3.80121,50.5365],[3.80019,50.53557],[3.79964,50.53447],[3.7998,50.53408],[3.80068,50.53394],[3.80176,50.53172],[3.80184,50.53144],[3.8018,50.53031],[3.80353,50.52992],[3.80507,50.5293],[3.80698,50.52872],[3.80839,50.5282],[3.81094,50.52751],[3.81227,50.52704],[3.81324,50.52682],[3.81411,50.52643],[3.81502,50.52526],[3.81561,50.52482],[3.81832,50.52336],[3.81889,50.5231],[3.81965,50.52196],[3.8202,50.52131],[3.82139,50.52059],[3.82387,50.51967],[3.82453,50.51949],[3.82469,50.51847],[3.82445,50.51788],[3.82366,50.5174],[3.82341,50.51667],[3.82463,50.51594],[3.82412,50.51559],[3.82496,50.51501],[3.82408,50.51366],[3.82489,50.5125],[3.82562,50.51174],[3.82876,50.51055],[3.83018,50.5102],[3.83029,50.51],[3.83258,50.50975],[3.8326,50.50982],[3.83465,50.50931],[3.8371,50.50913],[3.83796,50.50927],[3.83977,50.50869],[3.84163,50.50849],[3.84165,50.50854],[3.84539,50.5083],[3.84642,50.50791],[3.84756,50.50764],[3.84891,50.50721],[3.84913,50.50693],[3.85054,50.50652],[3.85173,50.50625],[3.85248,50.50585],[3.85305,50.50575],[3.85369,50.50487],[3.85416,50.50455],[3.85505,50.50459],[3.85751,50.50397],[3.85749,50.50332],[3.86073,50.50221],[3.8628,50.50187],[3.86601,50.50214],[3.86624,50.50286],[3.86698,50.50319],[3.86767,50.50365],[3.86793,50.50444],[3.86891,50.50568],[3.86932,50.50553],[3.87102,50.50535],[3.87198,50.50563],[3.87282,50.50538],[3.87328,50.50544],[3.87461,50.50535],[3.87933,50.50376]]]}},{"type":"Feature","id":"53046","bbox":[3.826911,50.538636,3.979385,50.617222],"properties":{"nis":"53046","name":"Lens","nameNl":"Lens","nameFr":"Lens","nameDe":"Lens","province":"hainaut","region":"wallonia","areaKm2":49.74},"geometry":{"type":"Polygon","coordinates":[[[3.97543,50.54729],[3.97788,50.55221],[3.97939,50.55515],[3.97748,50.55639],[3.97442,50.55684],[3.97402,50.55686],[3.97489,50.55964],[3.97578,50.56039],[3.97323,50.56171],[3.97229,50.56287],[3.97242,50.56358],[3.97265,50.56394],[3.97356,50.5645],[3.97418,50.56535],[3.9737,50.56583],[3.97237,50.56657],[3.97072,50.56854],[3.97232,50.5689],[3.97431,50.56929],[3.97455,50.56965],[3.97508,50.56969],[3.97517,50.56948],[3.97663,50.56967],[3.97796,50.56993],[3.97821,50.57038],[3.97746,50.57118],[3.97781,50.57361],[3.97746,50.57444],[3.97559,50.57406],[3.97252,50.57576],[3.97092,50.57658],[3.97148,50.57696],[3.97125,50.57752],[3.9715,50.57757],[3.97101,50.57835],[3.97087,50.57969],[3.96967,50.5811],[3.9697,50.58133],[3.96826,50.58226],[3.96883,50.58256],[3.9681,50.58297],[3.96891,50.58359],[3.9683,50.58398],[3.96907,50.58446],[3.97012,50.58487],[3.9715,50.58592],[3.97057,50.58668],[3.96931,50.58795],[3.96852,50.58752],[3.96792,50.58747],[3.96814,50.58693],[3.96714,50.58611],[3.96571,50.58481],[3.96414,50.58565],[3.96366,50.58534],[3.96282,50.58569],[3.96173,50.58597],[3.96081,50.58555],[3.95947,50.58527],[3.95898,50.58525],[3.95699,50.58559],[3.95478,50.58652],[3.95357,50.58689],[3.95225,50.58706],[3.95252,50.58765],[3.95292,50.58809],[3.95378,50.58953],[3.95443,50.58932],[3.95554,50.58953],[3.95729,50.58957],[3.95984,50.58984],[3.96103,50.59006],[3.96219,50.59017],[3.96132,50.59193],[3.95884,50.59301],[3.9531,50.59389],[3.95115,50.59443],[3.95262,50.59917],[3.95229,50.59998],[3.95271,50.60165],[3.95435,50.60456],[3.9539,50.60657],[3.9533,50.60667],[3.95197,50.60638],[3.95079,50.60575],[3.94785,50.60485],[3.945,50.60485],[3.94396,50.60456],[3.94325,50.60404],[3.94025,50.60521],[3.93997,50.60505],[3.93842,50.60596],[3.93641,50.60747],[3.9378,50.60879],[3.93918,50.60792],[3.93972,50.60808],[3.93873,50.60895],[3.93997,50.60918],[3.94017,50.6087],[3.94155,50.60914],[3.9415,50.60983],[3.94237,50.60999],[3.94333,50.60898],[3.9446,50.60941],[3.94477,50.61033],[3.94554,50.6102],[3.94579,50.61107],[3.94616,50.61083],[3.94766,50.61254],[3.94782,50.61307],[3.9459,50.61429],[3.94564,50.61458],[3.94446,50.61408],[3.94344,50.61392],[3.94322,50.61417],[3.94234,50.61384],[3.94155,50.61485],[3.94042,50.6148],[3.93938,50.61447],[3.93562,50.61447],[3.93412,50.61528],[3.93341,50.61499],[3.93426,50.61426],[3.93423,50.61363],[3.9337,50.61278],[3.93322,50.61142],[3.93192,50.61057],[3.92895,50.60842],[3.92596,50.60986],[3.92531,50.61032],[3.92319,50.61124],[3.92302,50.61163],[3.92359,50.61206],[3.9222,50.61273],[3.92121,50.61205],[3.92014,50.6125],[3.9189,50.61278],[3.91802,50.61339],[3.91952,50.61429],[3.91622,50.61634],[3.91398,50.61451],[3.91192,50.6153],[3.91193,50.61569],[3.9124,50.61655],[3.90921,50.61719],[3.90857,50.61722],[3.90672,50.61679],[3.90507,50.61618],[3.9037,50.61546],[3.90523,50.61214],[3.91027,50.60686],[3.91175,50.60302],[3.91057,50.60246],[3.90721,50.59799],[3.9075,50.59579],[3.90642,50.59623],[3.90523,50.59466],[3.90591,50.59404],[3.89969,50.59057],[3.89825,50.58966],[3.89694,50.58865],[3.89636,50.58809],[3.89791,50.58787],[3.91027,50.58202],[3.90701,50.57869],[3.90701,50.57881],[3.90276,50.57932],[3.90276,50.57925],[3.89861,50.57919],[3.89525,50.57812],[3.89426,50.57661],[3.89125,50.5742],[3.88832,50.5724],[3.88743,50.57309],[3.88506,50.57234],[3.88407,50.57303],[3.87899,50.56944],[3.87876,50.56955],[3.86993,50.57416],[3.87254,50.57686],[3.86689,50.57795],[3.86743,50.57994],[3.86469,50.58044],[3.86473,50.58078],[3.86354,50.58085],[3.8634,50.57971],[3.86298,50.57974],[3.86321,50.58208],[3.85599,50.58221],[3.84384,50.58158],[3.83578,50.58201],[3.83679,50.58019],[3.83475,50.57908],[3.83471,50.57801],[3.83442,50.57717],[3.83369,50.57631],[3.83475,50.57574],[3.83416,50.57504],[3.83234,50.57456],[3.83306,50.57426],[3.83315,50.57345],[3.83361,50.5731],[3.83272,50.57221],[3.83332,50.57205],[3.83234,50.5714],[3.83327,50.57122],[3.83217,50.57022],[3.83094,50.56922],[3.82865,50.56822],[3.82789,50.56903],[3.82713,50.56874],[3.82895,50.56701],[3.83039,50.56739],[3.83179,50.56556],[3.83132,50.56531],[3.83293,50.56361],[3.83302,50.56361],[3.83734,50.5613],[3.83607,50.55984],[3.83509,50.55922],[3.83404,50.5592],[3.83598,50.55814],[3.83175,50.55521],[3.83221,50.5547],[3.83204,50.55311],[3.83234,50.55181],[3.83344,50.55157],[3.83302,50.55049],[3.83175,50.55071],[3.83166,50.55108],[3.82861,50.55071],[3.82691,50.55036],[3.82785,50.54998],[3.82842,50.54965],[3.82953,50.54873],[3.83018,50.54916],[3.83215,50.54829],[3.83241,50.54805],[3.83328,50.54847],[3.83507,50.5474],[3.83552,50.54856],[3.83726,50.54817],[3.8384,50.54923],[3.83898,50.54944],[3.84054,50.55019],[3.84252,50.55012],[3.84313,50.54992],[3.84429,50.55139],[3.84385,50.55184],[3.84499,50.55247],[3.84509,50.55242],[3.84584,50.55335],[3.84481,50.55385],[3.846,50.55518],[3.8463,50.55519],[3.8492,50.55401],[3.85203,50.55245],[3.85398,50.55147],[3.8548,50.55075],[3.85604,50.54864],[3.85695,50.5473],[3.85896,50.54532],[3.86006,50.54569],[3.86215,50.54698],[3.86307,50.54617],[3.86336,50.54623],[3.86383,50.54573],[3.86302,50.54542],[3.86349,50.54497],[3.86336,50.54476],[3.86377,50.54438],[3.8647,50.54385],[3.86575,50.54469],[3.86691,50.54509],[3.86732,50.54454],[3.86916,50.5451],[3.86938,50.54551],[3.87078,50.54535],[3.8711,50.54376],[3.87402,50.54394],[3.87421,50.54323],[3.87498,50.54335],[3.87538,50.54248],[3.87686,50.54273],[3.8783,50.5419],[3.88022,50.54148],[3.88059,50.54147],[3.88077,50.5402],[3.88162,50.54029],[3.88155,50.5411],[3.88359,50.54092],[3.88406,50.5408],[3.88512,50.54082],[3.8854,50.54118],[3.88676,50.54142],[3.8883,50.54132],[3.88936,50.54108],[3.89041,50.54118],[3.89045,50.54089],[3.89084,50.54084],[3.89059,50.5401],[3.8915,50.54008],[3.89131,50.53967],[3.89072,50.53899],[3.8927,50.53864],[3.89365,50.53934],[3.89564,50.54045],[3.89585,50.54069],[3.89593,50.54127],[3.89664,50.54151],[3.89737,50.54138],[3.89899,50.54148],[3.89984,50.54133],[3.90105,50.5413],[3.90142,50.5414],[3.90106,50.54182],[3.90223,50.5423],[3.90334,50.54231],[3.90332,50.54257],[3.90492,50.5426],[3.90591,50.54225],[3.90748,50.54239],[3.90757,50.54227],[3.90885,50.54225],[3.90989,50.54246],[3.91224,50.54339],[3.91214,50.54355],[3.91298,50.54373],[3.91306,50.54361],[3.91407,50.54365],[3.91552,50.54449],[3.91595,50.54465],[3.91739,50.54548],[3.91913,50.54612],[3.91816,50.54677],[3.91982,50.54741],[3.92196,50.54874],[3.92355,50.54963],[3.92548,50.55084],[3.92726,50.55183],[3.92751,50.55155],[3.93008,50.54991],[3.9323,50.54824],[3.93308,50.54773],[3.93565,50.54623],[3.93803,50.54464],[3.93899,50.54376],[3.94162,50.54224],[3.94262,50.54294],[3.94225,50.54317],[3.94435,50.5442],[3.94906,50.54189],[3.94909,50.54192],[3.95294,50.54003],[3.95342,50.54032],[3.95457,50.54076],[3.95654,50.54071],[3.95774,50.54264],[3.9573,50.54391],[3.95543,50.54611],[3.95596,50.54759],[3.95413,50.54768],[3.95523,50.54968],[3.957,50.54945],[3.95822,50.54973],[3.97399,50.54775],[3.97543,50.54729]]]}},{"type":"Feature","id":"53053","bbox":[3.854493,50.377708,4.085172,50.513818],"properties":{"nis":"53053","name":"Mons","nameNl":"Bergen","nameFr":"Mons","nameDe":"Mons","province":"hainaut","region":"wallonia","areaKm2":147.06},"geometry":{"type":"Polygon","coordinates":[[[3.88357,50.42054],[3.88512,50.42009],[3.88423,50.41856],[3.88445,50.41839],[3.88657,50.41751],[3.88704,50.41721],[3.88833,50.41574],[3.88875,50.41536],[3.89441,50.42002],[3.89524,50.41966],[3.89565,50.41962],[3.89927,50.4243],[3.9002,50.42399],[3.90214,50.42304],[3.90477,50.42203],[3.90644,50.42154],[3.90806,50.42115],[3.90993,50.4204],[3.91105,50.41981],[3.91378,50.41866],[3.91717,50.41709],[3.91883,50.41655],[3.92264,50.41557],[3.92415,50.41507],[3.92606,50.41434],[3.92691,50.41382],[3.92766,50.41387],[3.92866,50.41348],[3.9306,50.41302],[3.92975,50.41133],[3.92919,50.41041],[3.93124,50.40985],[3.93438,50.40931],[3.93984,50.40821],[3.94088,50.4077],[3.9434,50.40616],[3.94421,50.40656],[3.94565,50.40546],[3.94626,50.40583],[3.9474,50.40515],[3.94789,50.40557],[3.94918,50.40499],[3.95311,50.40322],[3.95414,50.40455],[3.95324,50.40495],[3.95403,50.40596],[3.95624,50.40569],[3.95779,50.40556],[3.95829,50.40623],[3.95823,50.40663],[3.95725,50.40668],[3.95876,50.40873],[3.9597,50.40736],[3.95931,50.40703],[3.96336,50.40532],[3.96357,50.4056],[3.96395,50.40556],[3.96322,50.4045],[3.96287,50.4042],[3.96269,50.40327],[3.96482,50.40264],[3.9641,50.40182],[3.96642,50.40081],[3.9649,50.39953],[3.96637,50.39857],[3.96761,50.39806],[3.96826,50.3979],[3.97085,50.39755],[3.97052,50.39689],[3.97143,50.39674],[3.97087,50.39568],[3.96787,50.39621],[3.96705,50.39512],[3.96618,50.39416],[3.96542,50.39226],[3.97161,50.39076],[3.97068,50.38967],[3.97011,50.38923],[3.96894,50.38714],[3.96796,50.38579],[3.96862,50.38556],[3.96837,50.38525],[3.97007,50.38429],[3.96944,50.3839],[3.9711,50.38292],[3.96974,50.38233],[3.97234,50.38073],[3.97292,50.38099],[3.97293,50.38129],[3.97335,50.38142],[3.97361,50.38203],[3.97452,50.38244],[3.97603,50.38171],[3.9754,50.38116],[3.97661,50.38058],[3.97726,50.38112],[3.97863,50.38047],[3.97574,50.37831],[3.97698,50.37771],[3.9793,50.37924],[3.98102,50.38006],[3.98185,50.37956],[3.98357,50.37902],[3.98378,50.37943],[3.98512,50.37923],[3.98579,50.3796],[3.98699,50.3795],[3.98944,50.38094],[3.98889,50.38156],[3.99066,50.3822],[3.99245,50.38272],[3.9938,50.3834],[3.99432,50.38351],[3.99435,50.38599],[3.99587,50.3861],[4.00014,50.38577],[3.99969,50.38456],[4.00073,50.38446],[4.00079,50.384],[4.00393,50.38453],[4.0045,50.3847],[4.00374,50.38568],[4.00359,50.38681],[4.00325,50.38869],[4.00334,50.39174],[4.00375,50.39205],[4.00402,50.39252],[4.00779,50.39187],[4.00907,50.39327],[4.01058,50.39231],[4.00998,50.39183],[4.01238,50.39089],[4.01309,50.39114],[4.01449,50.39061],[4.01762,50.39198],[4.01723,50.3923],[4.01819,50.39281],[4.01892,50.39303],[4.0191,50.39284],[4.02112,50.39324],[4.02171,50.39267],[4.02387,50.39405],[4.02433,50.39347],[4.02537,50.39279],[4.02577,50.39309],[4.02635,50.39278],[4.0282,50.39425],[4.03052,50.39308],[4.03233,50.39242],[4.03353,50.39359],[4.03349,50.39364],[4.03477,50.39501],[4.03632,50.39652],[4.03511,50.39715],[4.0357,50.3976],[4.03359,50.39872],[4.03556,50.39963],[4.03919,50.40144],[4.04012,50.40047],[4.04091,50.40097],[4.03938,50.40269],[4.04124,50.40314],[4.03961,50.40496],[4.04069,50.40529],[4.04752,50.40732],[4.04535,50.4093],[4.04638,50.40981],[4.04745,50.40909],[4.05037,50.41071],[4.04869,50.41178],[4.05082,50.41376],[4.04934,50.41417],[4.05003,50.41578],[4.04903,50.41603],[4.04947,50.41701],[4.04743,50.41731],[4.04806,50.41838],[4.04849,50.41878],[4.04996,50.41832],[4.05224,50.41778],[4.05264,50.418],[4.05253,50.41831],[4.05356,50.41939],[4.0542,50.41904],[4.05654,50.42182],[4.05911,50.42121],[4.06104,50.42451],[4.05976,50.42487],[4.06033,50.42626],[4.05865,50.42666],[4.05888,50.42993],[4.0583,50.43001],[4.05857,50.43049],[4.05601,50.43076],[4.05646,50.43136],[4.0563,50.43141],[4.05738,50.43266],[4.05585,50.43405],[4.05781,50.43511],[4.05807,50.4356],[4.05661,50.43644],[4.05751,50.43783],[4.05694,50.43794],[4.05758,50.43967],[4.05814,50.43958],[4.05934,50.43957],[4.06012,50.44093],[4.06075,50.44164],[4.06258,50.44085],[4.06324,50.44189],[4.06377,50.44178],[4.06485,50.44241],[4.06752,50.44191],[4.06897,50.44153],[4.07218,50.44096],[4.07223,50.44123],[4.07554,50.44054],[4.07715,50.44222],[4.07981,50.44185],[4.08101,50.44254],[4.08328,50.4433],[4.08273,50.44392],[4.08445,50.44442],[4.08509,50.44477],[4.08289,50.44456],[4.08178,50.44548],[4.08332,50.4461],[4.08394,50.44561],[4.08505,50.44617],[4.08429,50.44687],[4.08463,50.44703],[4.08204,50.44932],[4.08136,50.44897],[4.07801,50.45133],[4.07598,50.45285],[4.07529,50.45325],[4.07564,50.45351],[4.07655,50.45318],[4.07896,50.45456],[4.07756,50.45538],[4.07638,50.45617],[4.07472,50.45516],[4.07359,50.45598],[4.07582,50.45735],[4.07128,50.45796],[4.06994,50.45848],[4.07215,50.46065],[4.07376,50.46266],[4.07372,50.46322],[4.07559,50.46528],[4.0762,50.46586],[4.07633,50.46643],[4.07667,50.46675],[4.07823,50.46643],[4.07884,50.46641],[4.08084,50.4654],[4.08151,50.46548],[4.08194,50.46717],[4.07975,50.46724],[4.07839,50.4674],[4.07612,50.46778],[4.06738,50.46932],[4.06595,50.4696],[4.06295,50.4701],[4.05868,50.47087],[4.05701,50.47103],[4.05662,50.47197],[4.05807,50.47189],[4.05871,50.47223],[4.05921,50.47274],[4.06044,50.47349],[4.06101,50.47376],[4.06056,50.47426],[4.06132,50.47469],[4.0608,50.47517],[4.06019,50.47549],[4.05887,50.47586],[4.05832,50.47561],[4.0579,50.47579],[4.05774,50.47653],[4.05826,50.47737],[4.05776,50.47749],[4.0571,50.479],[4.05652,50.4799],[4.05596,50.48019],[4.05522,50.48083],[4.0549,50.48148],[4.05425,50.48171],[4.05363,50.48287],[4.05215,50.48316],[4.05131,50.48349],[4.05101,50.48381],[4.05104,50.48475],[4.04799,50.4861],[4.04584,50.48969],[4.04498,50.49206],[4.04348,50.49502],[4.04186,50.49583],[4.03988,50.49775],[4.03966,50.49928],[4.0395,50.49979],[4.03903,50.50025],[4.03926,50.50046],[4.03697,50.50248],[4.03663,50.50272],[4.03567,50.50438],[4.03504,50.50579],[4.03161,50.50675],[4.02993,50.50762],[4.02817,50.50756],[4.02644,50.50811],[4.02629,50.50858],[4.02565,50.50854],[4.02496,50.50832],[4.02506,50.50817],[4.02468,50.5076],[4.0251,50.50721],[4.02471,50.50678],[4.02463,50.50707],[4.02402,50.50716],[4.02353,50.50758],[4.02354,50.50687],[4.02336,50.50672],[4.0219,50.50713],[4.02158,50.50627],[4.02062,50.50589],[4.02013,50.50535],[4.02025,50.50482],[4.01993,50.50459],[4.01938,50.50388],[4.01864,50.50359],[4.01641,50.5043],[4.01463,50.50373],[4.0124,50.50286],[4.0074,50.50361],[3.99832,50.50494],[3.9937,50.50423],[3.99098,50.50545],[3.98671,50.50727],[3.98375,50.50894],[3.97527,50.51382],[3.97473,50.512],[3.97442,50.51151],[3.97217,50.51044],[3.96739,50.50831],[3.96686,50.50813],[3.966,50.50815],[3.95725,50.50859],[3.95496,50.50375],[3.95336,50.50014],[3.95447,50.49908],[3.95515,50.49771],[3.95517,50.49746],[3.95449,50.49692],[3.9545,50.4966],[3.95521,50.49607],[3.9552,50.49584],[3.95428,50.49416],[3.95173,50.49094],[3.95055,50.48982],[3.95015,50.4893],[3.94868,50.48894],[3.94779,50.48897],[3.94559,50.48886],[3.94519,50.48874],[3.94356,50.49031],[3.94159,50.49158],[3.9404,50.49186],[3.93334,50.50088],[3.93089,50.50012],[3.91405,50.50051],[3.91181,50.50027],[3.90749,50.49936],[3.90674,50.4995],[3.90666,50.49928],[3.90558,50.49916],[3.90118,50.49911],[3.90115,50.49907],[3.89209,50.50122],[3.88608,50.50236],[3.87993,50.50368],[3.87933,50.50376],[3.87945,50.50355],[3.87785,50.50277],[3.87314,50.50034],[3.86851,50.498],[3.86652,50.49693],[3.86551,50.4953],[3.8628,50.49059],[3.86009,50.4856],[3.8585,50.48273],[3.85824,50.48192],[3.85751,50.4807],[3.85703,50.48022],[3.85637,50.47918],[3.85449,50.47902],[3.85482,50.47501],[3.85672,50.47513],[3.85888,50.47535],[3.8594,50.47532],[3.87263,50.47681],[3.87367,50.47703],[3.87494,50.47717],[3.87504,50.47596],[3.87495,50.47534],[3.87553,50.47456],[3.87581,50.47213],[3.87625,50.47033],[3.87628,50.46921],[3.87608,50.46881],[3.87464,50.46722],[3.87512,50.46467],[3.87524,50.46267],[3.87471,50.46206],[3.87326,50.46014],[3.87276,50.45939],[3.8723,50.45842],[3.87119,50.45702],[3.87132,50.45681],[3.87056,50.45619],[3.87023,50.45518],[3.86971,50.45327],[3.87058,50.45327],[3.87076,50.45259],[3.8707,50.45186],[3.87264,50.4462],[3.87274,50.44603],[3.87271,50.4429],[3.87292,50.44304],[3.87339,50.44277],[3.87395,50.44276],[3.87387,50.44234],[3.87516,50.44239],[3.87511,50.44122],[3.87545,50.44123],[3.87539,50.44031],[3.87658,50.44015],[3.87628,50.43893],[3.87739,50.4389],[3.87789,50.43809],[3.88051,50.43738],[3.87993,50.43663],[3.87941,50.43576],[3.88049,50.43553],[3.8801,50.43475],[3.88081,50.43438],[3.8809,50.43406],[3.88061,50.4337],[3.88162,50.43327],[3.8807,50.43169],[3.88143,50.43162],[3.88128,50.42875],[3.88233,50.42859],[3.8821,50.42807],[3.88335,50.42797],[3.88357,50.42698],[3.88415,50.42698],[3.88399,50.42612],[3.88291,50.42462],[3.88452,50.42437],[3.88452,50.42297],[3.88428,50.42219],[3.88357,50.42054]]]}},{"type":"Feature","id":"53065","bbox":[3.828811,50.411376,3.884515,50.459322],"properties":{"nis":"53065","name":"Quaregnon","nameNl":"Quaregnon","nameFr":"Quaregnon","nameDe":"Quaregnon","province":"hainaut","region":"wallonia","areaKm2":11.16},"geometry":{"type":"Polygon","coordinates":[[[3.84275,50.43425],[3.84571,50.4334],[3.84596,50.43386],[3.8469,50.43367],[3.84731,50.43465],[3.84982,50.43369],[3.84876,50.43057],[3.84732,50.42919],[3.84664,50.42775],[3.84736,50.42772],[3.84705,50.4267],[3.84761,50.42682],[3.84948,50.42666],[3.85177,50.42609],[3.8512,50.42476],[3.85307,50.42442],[3.8524,50.42256],[3.85164,50.42073],[3.85118,50.41992],[3.84997,50.41832],[3.84944,50.41774],[3.85023,50.41769],[3.85007,50.41588],[3.85312,50.41583],[3.85316,50.41617],[3.85584,50.41661],[3.85584,50.41725],[3.85516,50.41736],[3.85567,50.41801],[3.85681,50.41801],[3.85696,50.41939],[3.85791,50.41933],[3.85893,50.41946],[3.86079,50.41944],[3.86111,50.42083],[3.86204,50.42072],[3.86237,50.42143],[3.86328,50.42123],[3.86301,50.42042],[3.86232,50.42019],[3.8619,50.41938],[3.86289,50.4193],[3.86273,50.41845],[3.86242,50.41769],[3.86393,50.4174],[3.8638,50.41599],[3.86584,50.41639],[3.86575,50.41504],[3.86545,50.41402],[3.86689,50.41388],[3.86732,50.41348],[3.86812,50.41356],[3.86998,50.41319],[3.86938,50.41138],[3.87054,50.41154],[3.87098,50.41294],[3.87151,50.4128],[3.87174,50.4133],[3.87235,50.41362],[3.87292,50.41353],[3.87438,50.41739],[3.87541,50.42084],[3.87665,50.42067],[3.8797,50.41996],[3.88054,50.42134],[3.88357,50.42054],[3.88428,50.42219],[3.88452,50.42297],[3.88452,50.42437],[3.88291,50.42462],[3.88399,50.42612],[3.88415,50.42698],[3.88357,50.42698],[3.88335,50.42797],[3.8821,50.42807],[3.88233,50.42859],[3.88128,50.42875],[3.88143,50.43162],[3.8807,50.43169],[3.88162,50.43327],[3.88061,50.4337],[3.8809,50.43406],[3.88081,50.43438],[3.8801,50.43475],[3.88049,50.43553],[3.87941,50.43576],[3.87993,50.43663],[3.88051,50.43738],[3.87789,50.43809],[3.87739,50.4389],[3.87628,50.43893],[3.87658,50.44015],[3.87539,50.44031],[3.87545,50.44123],[3.87511,50.44122],[3.87516,50.44239],[3.87387,50.44234],[3.87395,50.44276],[3.87339,50.44277],[3.87292,50.44304],[3.87271,50.4429],[3.87274,50.44603],[3.87264,50.4462],[3.8707,50.45186],[3.87076,50.45259],[3.87058,50.45327],[3.86971,50.45327],[3.87023,50.45518],[3.87056,50.45619],[3.86996,50.45641],[3.86932,50.45633],[3.86801,50.45547],[3.86746,50.45539],[3.8664,50.45587],[3.86521,50.45628],[3.8653,50.45507],[3.8636,50.45539],[3.86284,50.45582],[3.86144,50.45633],[3.86,50.45636],[3.85924,50.45676],[3.85767,50.45574],[3.85623,50.45606],[3.8528,50.45444],[3.85208,50.45488],[3.85331,50.45549],[3.85314,50.45585],[3.85157,50.45636],[3.85085,50.45617],[3.84915,50.45754],[3.84661,50.4583],[3.84644,50.45779],[3.84572,50.45757],[3.84398,50.45816],[3.84309,50.45835],[3.84225,50.45824],[3.84187,50.45765],[3.84098,50.45814],[3.84021,50.45932],[3.83954,50.45919],[3.84034,50.4586],[3.84013,50.45785],[3.8398,50.45764],[3.83914,50.45777],[3.83898,50.4583],[3.83839,50.45827],[3.837,50.45767],[3.83685,50.45747],[3.83773,50.45677],[3.8374,50.45621],[3.83767,50.45571],[3.83759,50.4552],[3.83644,50.4552],[3.83593,50.45459],[3.83533,50.45446],[3.8345,50.45486],[3.83403,50.45487],[3.83337,50.45451],[3.83208,50.45434],[3.83132,50.45363],[3.83091,50.4535],[3.82989,50.45368],[3.82881,50.45376],[3.83021,50.44602],[3.82926,50.44482],[3.83182,50.44343],[3.83228,50.44368],[3.83249,50.44322],[3.83401,50.44344],[3.83406,50.44328],[3.83606,50.44373],[3.83637,50.4439],[3.83793,50.44411],[3.83914,50.44304],[3.83948,50.44194],[3.8407,50.44056],[3.84194,50.43943],[3.84253,50.43873],[3.84215,50.43782],[3.8427,50.43763],[3.84228,50.43706],[3.8428,50.43658],[3.84341,50.43576],[3.84287,50.43553],[3.84355,50.43504],[3.84275,50.43425]]]}},{"type":"Feature","id":"53068","bbox":[3.668652,50.369877,3.744058,50.42244],"properties":{"nis":"53068","name":"Quiévrain","nameNl":"Quiévrain","nameFr":"Quiévrain","nameDe":"Quiévrain","province":"hainaut","region":"wallonia","areaKm2":21.38},"geometry":{"type":"Polygon","coordinates":[[[3.74406,50.37792],[3.74306,50.3782],[3.74205,50.3786],[3.74082,50.37921],[3.73959,50.3802],[3.73849,50.3816],[3.74044,50.38195],[3.74001,50.38273],[3.74052,50.38286],[3.74005,50.38486],[3.73976,50.3851],[3.73955,50.38672],[3.73879,50.38666],[3.73821,50.38706],[3.73782,50.38713],[3.73592,50.38721],[3.73582,50.38905],[3.73505,50.38901],[3.73497,50.38987],[3.73353,50.38982],[3.73184,50.39157],[3.73323,50.39177],[3.73328,50.39291],[3.731,50.39296],[3.7315,50.39492],[3.73069,50.39512],[3.73079,50.39539],[3.72944,50.39605],[3.72956,50.39617],[3.72894,50.39665],[3.72837,50.39634],[3.72792,50.39675],[3.72643,50.39656],[3.72625,50.3975],[3.72519,50.39732],[3.72496,50.39816],[3.72593,50.39837],[3.72518,50.39973],[3.7265,50.40011],[3.72613,50.40062],[3.72566,50.4005],[3.72535,50.40199],[3.72838,50.40227],[3.72836,50.40296],[3.7279,50.40362],[3.72712,50.40594],[3.72734,50.40634],[3.72801,50.40621],[3.72809,50.40686],[3.7278,50.41063],[3.72738,50.4107],[3.72784,50.41326],[3.72566,50.4133],[3.72516,50.41204],[3.72347,50.41213],[3.7234,50.41298],[3.72396,50.41446],[3.71436,50.419],[3.71513,50.42065],[3.71443,50.4207],[3.71397,50.41997],[3.71146,50.42024],[3.71132,50.41981],[3.70758,50.42008],[3.70673,50.42071],[3.70539,50.42008],[3.70398,50.42017],[3.70356,50.42093],[3.7008,50.42187],[3.69943,50.42224],[3.69796,50.42235],[3.69624,50.42227],[3.69612,50.42244],[3.69397,50.42143],[3.69561,50.41865],[3.69261,50.41954],[3.6895,50.42035],[3.68724,50.42057],[3.68534,50.42116],[3.68277,50.42133],[3.6815,50.42127],[3.67559,50.42205],[3.67387,50.42187],[3.67225,50.42226],[3.67256,50.42017],[3.67022,50.41978],[3.67039,50.41936],[3.67039,50.41818],[3.67021,50.41806],[3.6702,50.41699],[3.67052,50.41635],[3.67136,50.41601],[3.67164,50.41549],[3.67133,50.41506],[3.67221,50.41466],[3.67186,50.41399],[3.67137,50.41405],[3.67258,50.41201],[3.67256,50.41166],[3.673,50.41153],[3.67283,50.4111],[3.67331,50.41089],[3.67369,50.40932],[3.67352,50.40834],[3.67355,50.40786],[3.67396,50.40771],[3.67311,50.40659],[3.67284,50.40573],[3.67311,50.40491],[3.6735,50.40472],[3.67358,50.40428],[3.67396,50.40386],[3.67452,50.40382],[3.67495,50.40333],[3.67481,50.4028],[3.67496,50.40236],[3.67477,50.40199],[3.67427,50.40171],[3.67364,50.40105],[3.67299,50.39978],[3.67312,50.39951],[3.67302,50.39881],[3.67332,50.39857],[3.6728,50.39809],[3.67348,50.39779],[3.67358,50.39719],[3.67306,50.39674],[3.67302,50.39578],[3.67284,50.39514],[3.67235,50.39398],[3.67297,50.39386],[3.6728,50.39307],[3.67292,50.39284],[3.67279,50.39149],[3.67374,50.39032],[3.67407,50.38963],[3.67372,50.38906],[3.67365,50.38864],[3.67326,50.38804],[3.67231,50.3877],[3.67222,50.38739],[3.67113,50.38727],[3.67102,50.38686],[3.66993,50.38692],[3.66981,50.38717],[3.66922,50.38688],[3.6692,50.38663],[3.6699,50.38648],[3.66999,50.38624],[3.66985,50.38528],[3.66929,50.38468],[3.66865,50.38458],[3.67325,50.38321],[3.67227,50.38156],[3.67331,50.38127],[3.67173,50.37811],[3.6704,50.3782],[3.67006,50.3773],[3.66944,50.37735],[3.6691,50.37678],[3.67111,50.37604],[3.67174,50.37569],[3.6729,50.37483],[3.67338,50.37544],[3.67548,50.37471],[3.67913,50.37453],[3.67927,50.3748],[3.68418,50.37484],[3.68495,50.37511],[3.68548,50.37467],[3.6876,50.37568],[3.69317,50.37681],[3.69317,50.37643],[3.69543,50.37672],[3.69608,50.37613],[3.69563,50.3755],[3.69576,50.37511],[3.69859,50.37495],[3.69805,50.37613],[3.70164,50.3766],[3.70527,50.37795],[3.70785,50.37573],[3.7111,50.37379],[3.71472,50.3711],[3.71487,50.3709],[3.71461,50.37052],[3.71562,50.36988],[3.71823,50.37115],[3.71907,50.37137],[3.72079,50.37155],[3.72497,50.37216],[3.72593,50.37261],[3.72636,50.37306],[3.72701,50.37399],[3.72686,50.37458],[3.7274,50.37446],[3.72774,50.37485],[3.7291,50.37446],[3.72963,50.37386],[3.73003,50.37315],[3.73104,50.3734],[3.73119,50.37318],[3.73181,50.37327],[3.73331,50.373],[3.73393,50.37281],[3.73576,50.37306],[3.73602,50.37288],[3.73754,50.37281],[3.73773,50.37312],[3.74104,50.37512],[3.7426,50.37679],[3.74406,50.37792]]]}},{"type":"Feature","id":"53070","bbox":[3.73627,50.438157,3.879449,50.541529],"properties":{"nis":"53070","name":"Saint-Ghislain","nameNl":"Saint-Ghislain","nameFr":"Saint-Ghislain","nameDe":"Saint-Ghislain","province":"hainaut","region":"wallonia","areaKm2":70.35},"geometry":{"type":"Polygon","coordinates":[[[3.73627,50.49609],[3.73707,50.49465],[3.7378,50.4949],[3.74661,50.48767],[3.74802,50.48628],[3.74834,50.48519],[3.74845,50.48416],[3.74834,50.48341],[3.74916,50.48317],[3.75119,50.48039],[3.75065,50.4803],[3.75102,50.47981],[3.75164,50.47929],[3.75266,50.47795],[3.75328,50.47798],[3.75382,50.4764],[3.75325,50.47486],[3.75113,50.47205],[3.75266,50.4713],[3.75257,50.47101],[3.75339,50.47067],[3.75249,50.46988],[3.75192,50.46999],[3.75031,50.46794],[3.7489,50.46634],[3.74896,50.46612],[3.74972,50.46585],[3.74907,50.46497],[3.74935,50.46347],[3.74893,50.46345],[3.74788,50.46212],[3.74721,50.4623],[3.74718,50.46086],[3.74676,50.4605],[3.74651,50.45958],[3.74658,50.45912],[3.74624,50.45783],[3.74722,50.45694],[3.7472,50.45671],[3.74321,50.45429],[3.74385,50.45388],[3.74466,50.45354],[3.74501,50.45322],[3.74556,50.45334],[3.74641,50.453],[3.74718,50.45177],[3.74747,50.45014],[3.74986,50.44864],[3.75193,50.44594],[3.75318,50.44561],[3.75389,50.44504],[3.75439,50.44505],[3.75506,50.44547],[3.75599,50.44539],[3.75671,50.44514],[3.75781,50.44458],[3.75827,50.44496],[3.75882,50.44501],[3.75929,50.44444],[3.76005,50.44455],[3.76022,50.44533],[3.76077,50.44552],[3.76141,50.44539],[3.7623,50.44474],[3.76522,50.44434],[3.76552,50.44582],[3.76706,50.44578],[3.7673,50.44697],[3.76802,50.44784],[3.7712,50.45192],[3.77475,50.45196],[3.77901,50.45197],[3.79568,50.45219],[3.80343,50.45224],[3.80141,50.4504],[3.79369,50.44426],[3.79551,50.44375],[3.79653,50.44415],[3.79831,50.44393],[3.79975,50.44361],[3.80212,50.4438],[3.80374,50.44409],[3.80513,50.44375],[3.80721,50.44399],[3.80802,50.4445],[3.80944,50.44265],[3.81297,50.43816],[3.82079,50.44005],[3.82183,50.4406],[3.82276,50.44098],[3.82293,50.44155],[3.82342,50.442],[3.82397,50.44171],[3.82471,50.44179],[3.82467,50.44215],[3.8253,50.44273],[3.8256,50.4423],[3.82535,50.44191],[3.82709,50.44183],[3.82834,50.442],[3.82946,50.44196],[3.83015,50.44232],[3.83078,50.44286],[3.83182,50.44343],[3.82926,50.44482],[3.83021,50.44602],[3.82881,50.45376],[3.82989,50.45368],[3.83091,50.4535],[3.83132,50.45363],[3.83208,50.45434],[3.83337,50.45451],[3.83403,50.45487],[3.8345,50.45486],[3.83533,50.45446],[3.83593,50.45459],[3.83644,50.4552],[3.83759,50.4552],[3.83767,50.45571],[3.8374,50.45621],[3.83773,50.45677],[3.83685,50.45747],[3.837,50.45767],[3.83839,50.45827],[3.83898,50.4583],[3.83914,50.45777],[3.8398,50.45764],[3.84013,50.45785],[3.84034,50.4586],[3.83954,50.45919],[3.84021,50.45932],[3.84098,50.45814],[3.84187,50.45765],[3.84225,50.45824],[3.84309,50.45835],[3.84398,50.45816],[3.84572,50.45757],[3.84644,50.45779],[3.84661,50.4583],[3.84915,50.45754],[3.85085,50.45617],[3.85157,50.45636],[3.85314,50.45585],[3.85331,50.45549],[3.85208,50.45488],[3.8528,50.45444],[3.85623,50.45606],[3.85767,50.45574],[3.85924,50.45676],[3.86,50.45636],[3.86144,50.45633],[3.86284,50.45582],[3.8636,50.45539],[3.8653,50.45507],[3.86521,50.45628],[3.8664,50.45587],[3.86746,50.45539],[3.86801,50.45547],[3.86932,50.45633],[3.86996,50.45641],[3.87056,50.45619],[3.87132,50.45681],[3.87119,50.45702],[3.8723,50.45842],[3.87276,50.45939],[3.87326,50.46014],[3.87471,50.46206],[3.87524,50.46267],[3.87512,50.46467],[3.87464,50.46722],[3.87608,50.46881],[3.87628,50.46921],[3.87625,50.47033],[3.87581,50.47213],[3.87553,50.47456],[3.87495,50.47534],[3.87504,50.47596],[3.87494,50.47717],[3.87367,50.47703],[3.87263,50.47681],[3.8594,50.47532],[3.85888,50.47535],[3.85672,50.47513],[3.85482,50.47501],[3.85449,50.47902],[3.85637,50.47918],[3.85703,50.48022],[3.85751,50.4807],[3.85824,50.48192],[3.8585,50.48273],[3.86009,50.4856],[3.8628,50.49059],[3.86551,50.4953],[3.86652,50.49693],[3.86851,50.498],[3.87314,50.50034],[3.87785,50.50277],[3.87945,50.50355],[3.87933,50.50376],[3.87461,50.50535],[3.87328,50.50544],[3.87282,50.50538],[3.87198,50.50563],[3.87102,50.50535],[3.86932,50.50553],[3.86891,50.50568],[3.86793,50.50444],[3.86767,50.50365],[3.86698,50.50319],[3.86624,50.50286],[3.86601,50.50214],[3.8628,50.50187],[3.86073,50.50221],[3.85749,50.50332],[3.85751,50.50397],[3.85505,50.50459],[3.85416,50.50455],[3.85369,50.50487],[3.85305,50.50575],[3.85248,50.50585],[3.85173,50.50625],[3.85054,50.50652],[3.84913,50.50693],[3.84891,50.50721],[3.84756,50.50764],[3.84642,50.50791],[3.84539,50.5083],[3.84165,50.50854],[3.84163,50.50849],[3.83977,50.50869],[3.83796,50.50927],[3.8371,50.50913],[3.83465,50.50931],[3.8326,50.50982],[3.83258,50.50975],[3.83029,50.51],[3.83018,50.5102],[3.82876,50.51055],[3.82562,50.51174],[3.82489,50.5125],[3.82408,50.51366],[3.82496,50.51501],[3.82412,50.51559],[3.82463,50.51594],[3.82341,50.51667],[3.82366,50.5174],[3.82445,50.51788],[3.82469,50.51847],[3.82453,50.51949],[3.82387,50.51967],[3.82139,50.52059],[3.8202,50.52131],[3.81965,50.52196],[3.81889,50.5231],[3.81832,50.52336],[3.81561,50.52482],[3.81502,50.52526],[3.81411,50.52643],[3.81324,50.52682],[3.81227,50.52704],[3.81094,50.52751],[3.80839,50.5282],[3.80698,50.52872],[3.80507,50.5293],[3.80353,50.52992],[3.8018,50.53031],[3.80184,50.53144],[3.80176,50.53172],[3.80068,50.53394],[3.7998,50.53408],[3.79964,50.53447],[3.80019,50.53557],[3.80121,50.5365],[3.80196,50.53628],[3.80232,50.53669],[3.80321,50.53698],[3.80372,50.5374],[3.80549,50.53763],[3.80587,50.53774],[3.80736,50.53869],[3.80698,50.53917],[3.80734,50.53981],[3.8059,50.54006],[3.80251,50.54014],[3.80206,50.54034],[3.80274,50.54124],[3.80223,50.54153],[3.8011,50.54119],[3.80042,50.54115],[3.79946,50.54079],[3.79893,50.54083],[3.79828,50.54012],[3.7978,50.5398],[3.79633,50.53991],[3.79359,50.53984],[3.79294,50.53946],[3.79246,50.53941],[3.79229,50.53898],[3.79053,50.53853],[3.78715,50.53795],[3.78709,50.53747],[3.78644,50.53736],[3.78455,50.53793],[3.78277,50.53801],[3.78099,50.53679],[3.77983,50.53729],[3.77958,50.53682],[3.77847,50.53589],[3.77458,50.53407],[3.77393,50.53278],[3.77486,50.53238],[3.77455,50.53167],[3.77376,50.53143],[3.77334,50.53109],[3.77319,50.53061],[3.77351,50.53023],[3.77364,50.52933],[3.77258,50.52655],[3.77117,50.52667],[3.76918,50.5271],[3.7672,50.52775],[3.76396,50.52789],[3.76314,50.52829],[3.76054,50.52899],[3.76026,50.52881],[3.75882,50.52964],[3.75658,50.53023],[3.75531,50.53095],[3.75529,50.53117],[3.75482,50.53055],[3.75327,50.52932],[3.75255,50.52968],[3.7521,50.52925],[3.75225,50.52916],[3.74975,50.52788],[3.74931,50.52775],[3.74804,50.52787],[3.74464,50.52489],[3.74429,50.52507],[3.74181,50.52582],[3.74153,50.52441],[3.74082,50.5214],[3.74341,50.5201],[3.74425,50.51758],[3.74084,50.51615],[3.73868,50.51581],[3.73774,50.5142],[3.73989,50.51181],[3.7411,50.51203],[3.74264,50.51198],[3.74261,50.51169],[3.74512,50.51113],[3.74496,50.50981],[3.74468,50.50888],[3.74397,50.50903],[3.74393,50.50866],[3.74498,50.50806],[3.74517,50.50428],[3.7457,50.50257],[3.74479,50.50168],[3.74355,50.50079],[3.74162,50.49968],[3.74084,50.49903],[3.73998,50.49792],[3.73653,50.49615],[3.73627,50.49609]]]}},{"type":"Feature","id":"53082","bbox":[3.814056,50.37921,3.871873,50.434648],"properties":{"nis":"53082","name":"Colfontaine","nameNl":"Colfontaine","nameFr":"Colfontaine","nameDe":"Colfontaine","province":"hainaut","region":"wallonia","areaKm2":13.72},"geometry":{"type":"Polygon","coordinates":[[[3.84275,50.43425],[3.84222,50.43439],[3.8417,50.43429],[3.84138,50.43362],[3.84106,50.43366],[3.84083,50.43297],[3.8397,50.43305],[3.8393,50.43287],[3.8395,50.43196],[3.83812,50.43183],[3.83937,50.42957],[3.83603,50.42988],[3.83456,50.42981],[3.83088,50.42402],[3.83109,50.42154],[3.83046,50.41952],[3.83045,50.41801],[3.83035,50.41717],[3.82796,50.41674],[3.82588,50.41704],[3.82558,50.41631],[3.82591,50.41602],[3.82602,50.41562],[3.82581,50.4152],[3.82488,50.4156],[3.82452,50.41499],[3.82325,50.41555],[3.82164,50.41364],[3.82012,50.41405],[3.81982,50.41432],[3.81897,50.41461],[3.81553,50.41102],[3.8154,50.4108],[3.81411,50.40662],[3.81428,50.40618],[3.81575,50.4058],[3.81522,50.40453],[3.81431,50.40348],[3.81423,50.4018],[3.81406,50.40048],[3.81917,50.39892],[3.81953,50.39864],[3.82014,50.39873],[3.82091,50.3984],[3.82126,50.39784],[3.82594,50.39627],[3.82687,50.39623],[3.8279,50.39562],[3.82983,50.39491],[3.83024,50.39469],[3.83017,50.39444],[3.83133,50.39297],[3.8312,50.39279],[3.83124,50.39104],[3.83344,50.39034],[3.83429,50.38937],[3.83468,50.38934],[3.83522,50.38786],[3.83458,50.38616],[3.83503,50.38492],[3.83577,50.38483],[3.8372,50.38491],[3.84051,50.38474],[3.84103,50.38444],[3.842,50.38312],[3.84299,50.3835],[3.84334,50.38385],[3.84392,50.38406],[3.84427,50.38447],[3.84553,50.38505],[3.84552,50.38524],[3.84685,50.38563],[3.84769,50.38553],[3.84911,50.38515],[3.85012,50.38477],[3.85063,50.38426],[3.85151,50.38368],[3.85199,50.38371],[3.85203,50.38349],[3.85258,50.38331],[3.85325,50.38334],[3.85388,50.38317],[3.85495,50.38212],[3.85501,50.38164],[3.8556,50.38081],[3.85543,50.38071],[3.85567,50.38022],[3.85555,50.37972],[3.85593,50.37921],[3.85708,50.37983],[3.85813,50.381],[3.86059,50.382],[3.8623,50.38314],[3.86276,50.38356],[3.86357,50.38405],[3.86345,50.38424],[3.8618,50.38486],[3.86132,50.38515],[3.86151,50.38653],[3.86152,50.38827],[3.86173,50.38986],[3.86207,50.39194],[3.86253,50.39517],[3.86329,50.3951],[3.86623,50.39509],[3.86718,50.39514],[3.86718,50.3956],[3.86829,50.39572],[3.86829,50.39621],[3.8687,50.39626],[3.86865,50.39694],[3.8694,50.39716],[3.86858,50.39879],[3.86871,50.39911],[3.86912,50.401],[3.87029,50.40247],[3.8701,50.40274],[3.87049,50.40348],[3.87034,50.40402],[3.87184,50.40397],[3.87188,50.40422],[3.87037,50.40734],[3.87024,50.40813],[3.87032,50.40875],[3.86964,50.40896],[3.8694,50.40936],[3.87025,50.4103],[3.87001,50.41044],[3.86909,50.41057],[3.86917,50.41116],[3.86938,50.41138],[3.86998,50.41319],[3.86812,50.41356],[3.86732,50.41348],[3.86689,50.41388],[3.86545,50.41402],[3.86575,50.41504],[3.86584,50.41639],[3.8638,50.41599],[3.86393,50.4174],[3.86242,50.41769],[3.86273,50.41845],[3.86289,50.4193],[3.8619,50.41938],[3.86232,50.42019],[3.86301,50.42042],[3.86328,50.42123],[3.86237,50.42143],[3.86204,50.42072],[3.86111,50.42083],[3.86079,50.41944],[3.85893,50.41946],[3.85791,50.41933],[3.85696,50.41939],[3.85681,50.41801],[3.85567,50.41801],[3.85516,50.41736],[3.85584,50.41725],[3.85584,50.41661],[3.85316,50.41617],[3.85312,50.41583],[3.85007,50.41588],[3.85023,50.41769],[3.84944,50.41774],[3.84997,50.41832],[3.85118,50.41992],[3.85164,50.42073],[3.8524,50.42256],[3.85307,50.42442],[3.8512,50.42476],[3.85177,50.42609],[3.84948,50.42666],[3.84761,50.42682],[3.84705,50.4267],[3.84736,50.42772],[3.84664,50.42775],[3.84732,50.42919],[3.84876,50.43057],[3.84982,50.43369],[3.84731,50.43465],[3.8469,50.43367],[3.84596,50.43386],[3.84571,50.4334],[3.84275,50.43425]]]}},{"type":"Feature","id":"53083","bbox":[3.657158,50.303165,3.839546,50.384583],"properties":{"nis":"53083","name":"Honnelles","nameNl":"Honnelles","nameFr":"Honnelles","nameDe":"Honnelles","province":"hainaut","region":"wallonia","areaKm2":44.18},"geometry":{"type":"Polygon","coordinates":[[[3.66865,50.38458],[3.66851,50.38372],[3.66783,50.38322],[3.66714,50.38309],[3.66715,50.38292],[3.66791,50.38296],[3.66778,50.38256],[3.66827,50.38246],[3.66835,50.38218],[3.66782,50.3822],[3.66752,50.38198],[3.66661,50.38208],[3.6664,50.38186],[3.66672,50.38157],[3.66656,50.38137],[3.66683,50.38088],[3.66647,50.38055],[3.66652,50.38026],[3.66521,50.37981],[3.66576,50.3794],[3.66548,50.37856],[3.66481,50.3782],[3.66422,50.3775],[3.66352,50.37738],[3.6635,50.37705],[3.66315,50.37642],[3.66253,50.37617],[3.66262,50.37576],[3.66229,50.37586],[3.66217,50.37538],[3.66187,50.37545],[3.66137,50.37519],[3.66096,50.37473],[3.66064,50.37472],[3.65907,50.374],[3.65816,50.37347],[3.65841,50.37315],[3.65842,50.37245],[3.65792,50.37236],[3.6583,50.37156],[3.65862,50.37131],[3.65755,50.37119],[3.65756,50.37076],[3.65843,50.37019],[3.65716,50.36933],[3.65782,50.369],[3.65726,50.36858],[3.658,50.36823],[3.65783,50.36791],[3.65919,50.36736],[3.65896,50.36694],[3.66086,50.36622],[3.66156,50.36584],[3.66446,50.36554],[3.66461,50.36458],[3.66505,50.36431],[3.66551,50.36433],[3.66713,50.36091],[3.66702,50.35623],[3.66748,50.35632],[3.66724,50.35105],[3.6662,50.34868],[3.66499,50.34833],[3.66476,50.34771],[3.66542,50.34764],[3.66549,50.34705],[3.66819,50.34699],[3.6692,50.34672],[3.66915,50.34495],[3.6711,50.34447],[3.67354,50.34346],[3.67312,50.34274],[3.67567,50.34203],[3.67561,50.34146],[3.67632,50.34128],[3.67735,50.34025],[3.67674,50.33912],[3.67437,50.3366],[3.67381,50.33559],[3.67329,50.33511],[3.67443,50.3345],[3.6747,50.33291],[3.67639,50.33275],[3.67781,50.33297],[3.67832,50.33217],[3.67843,50.33059],[3.68002,50.33018],[3.67952,50.3292],[3.68353,50.32784],[3.68393,50.32799],[3.68563,50.32661],[3.68525,50.32565],[3.6849,50.32502],[3.68716,50.3247],[3.687,50.32408],[3.68846,50.32392],[3.68864,50.32278],[3.69383,50.32184],[3.69374,50.32049],[3.69345,50.31984],[3.69267,50.31877],[3.69157,50.31896],[3.69215,50.3202],[3.69051,50.3204],[3.68972,50.31903],[3.68395,50.32048],[3.68399,50.32016],[3.68503,50.31977],[3.68544,50.3198],[3.68751,50.31913],[3.6878,50.31924],[3.6889,50.31877],[3.68901,50.3186],[3.69143,50.31781],[3.69228,50.31773],[3.6924,50.31728],[3.69313,50.31699],[3.69426,50.31675],[3.69498,50.31686],[3.6954,50.31671],[3.69578,50.31629],[3.69521,50.31593],[3.69471,50.31593],[3.69421,50.31555],[3.6939,50.31456],[3.69465,50.31405],[3.69434,50.3132],[3.69477,50.31326],[3.69573,50.3127],[3.6965,50.3131],[3.70008,50.31187],[3.70221,50.31095],[3.70369,50.30944],[3.70592,50.30807],[3.70579,50.30751],[3.70745,50.30652],[3.70767,50.30512],[3.70856,50.30442],[3.70813,50.30414],[3.70994,50.30316],[3.7202,50.30501],[3.71983,50.30521],[3.71866,50.30533],[3.71817,50.30554],[3.71758,50.30555],[3.71652,50.30636],[3.71553,50.30655],[3.71683,50.30749],[3.71565,50.30826],[3.71733,50.30891],[3.71595,50.31111],[3.71528,50.31267],[3.71018,50.31396],[3.71114,50.3144],[3.71032,50.31478],[3.71122,50.31536],[3.7103,50.31584],[3.70963,50.31632],[3.71048,50.31678],[3.70996,50.31722],[3.71075,50.31757],[3.71074,50.31773],[3.70989,50.31835],[3.70893,50.31885],[3.71,50.31947],[3.71052,50.3189],[3.71226,50.31963],[3.7129,50.31896],[3.71339,50.3187],[3.71409,50.3191],[3.71595,50.31786],[3.71655,50.31813],[3.71771,50.31736],[3.71798,50.31753],[3.72026,50.31595],[3.72058,50.31531],[3.71959,50.31499],[3.72081,50.31338],[3.71992,50.31329],[3.72028,50.31245],[3.72088,50.31191],[3.72115,50.31132],[3.72586,50.31011],[3.7286,50.30945],[3.72857,50.31073],[3.73052,50.31032],[3.73188,50.3115],[3.73083,50.31231],[3.73038,50.31292],[3.72948,50.31271],[3.72857,50.31357],[3.72923,50.31394],[3.72838,50.31474],[3.72731,50.31531],[3.72857,50.31599],[3.72809,50.31622],[3.73056,50.31775],[3.73129,50.31838],[3.73097,50.31863],[3.73049,50.31949],[3.73232,50.32155],[3.7298,50.32332],[3.7291,50.32564],[3.72953,50.32737],[3.72961,50.32923],[3.72973,50.32936],[3.72981,50.33043],[3.73382,50.32999],[3.73393,50.33229],[3.73395,50.33498],[3.73569,50.33476],[3.73628,50.33519],[3.73707,50.33605],[3.73649,50.33619],[3.73597,50.33562],[3.73522,50.33588],[3.73458,50.33625],[3.73432,50.33723],[3.73354,50.3378],[3.73331,50.33776],[3.73305,50.33821],[3.73417,50.33906],[3.73368,50.33951],[3.73471,50.34001],[3.7349,50.33978],[3.73672,50.3408],[3.73693,50.34073],[3.73788,50.34098],[3.73838,50.34127],[3.73819,50.34138],[3.7356,50.34219],[3.73401,50.3424],[3.73363,50.34267],[3.73399,50.34305],[3.73518,50.34352],[3.73649,50.34323],[3.73659,50.34388],[3.73712,50.34464],[3.73794,50.3448],[3.73909,50.34519],[3.73939,50.34618],[3.73932,50.34767],[3.74175,50.34736],[3.7422,50.34892],[3.74391,50.34872],[3.74657,50.34827],[3.74691,50.3483],[3.74539,50.35],[3.74609,50.35064],[3.74713,50.35099],[3.74928,50.35071],[3.75015,50.35098],[3.75133,50.35042],[3.75189,50.35036],[3.75229,50.35056],[3.75278,50.3505],[3.75308,50.35025],[3.75445,50.34976],[3.754,50.34914],[3.75506,50.34891],[3.75633,50.34918],[3.75662,50.34903],[3.75788,50.34965],[3.75783,50.34942],[3.75855,50.34941],[3.75838,50.34893],[3.75951,50.34884],[3.76029,50.34892],[3.76126,50.34922],[3.76144,50.34837],[3.76332,50.34797],[3.76511,50.35121],[3.76544,50.35159],[3.76544,50.35202],[3.76624,50.35236],[3.76663,50.35305],[3.76702,50.35304],[3.76776,50.35259],[3.7681,50.35259],[3.76834,50.35216],[3.76916,50.35189],[3.76948,50.35156],[3.77004,50.35147],[3.7703,50.35109],[3.77104,50.35136],[3.77162,50.3513],[3.77268,50.35144],[3.77369,50.35197],[3.77386,50.35217],[3.77564,50.35311],[3.77598,50.35316],[3.77853,50.35289],[3.77939,50.35285],[3.78078,50.35323],[3.78307,50.35342],[3.78349,50.35355],[3.78536,50.3535],[3.78657,50.35316],[3.78815,50.35251],[3.7896,50.35219],[3.79043,50.35237],[3.79159,50.35243],[3.79243,50.35231],[3.79353,50.3523],[3.79424,50.35201],[3.79508,50.3515],[3.79571,50.35132],[3.79734,50.35127],[3.79899,50.35094],[3.79916,50.35118],[3.80055,50.35171],[3.80195,50.35287],[3.80285,50.35239],[3.80406,50.35345],[3.8048,50.35431],[3.80551,50.35457],[3.80534,50.35527],[3.80594,50.35538],[3.80723,50.35525],[3.80784,50.355],[3.81037,50.3544],[3.8102,50.3542],[3.81273,50.35361],[3.81365,50.35317],[3.81401,50.35319],[3.81397,50.35265],[3.81471,50.35162],[3.81494,50.35045],[3.81535,50.34959],[3.81438,50.34831],[3.81353,50.34755],[3.81164,50.34525],[3.81159,50.34502],[3.81351,50.34505],[3.81496,50.34488],[3.81584,50.34498],[3.8168,50.34527],[3.81924,50.34568],[3.82134,50.34582],[3.82191,50.34574],[3.82238,50.34625],[3.82336,50.34703],[3.82445,50.34845],[3.82481,50.3502],[3.82478,50.35066],[3.82415,50.35247],[3.82434,50.35345],[3.82498,50.3535],[3.82531,50.35368],[3.82619,50.35372],[3.82787,50.35337],[3.82835,50.35306],[3.82936,50.35289],[3.83042,50.35261],[3.83285,50.3524],[3.83356,50.35252],[3.83483,50.35303],[3.83555,50.35316],[3.83649,50.35308],[3.83704,50.35287],[3.83811,50.35427],[3.83955,50.35608],[3.83842,50.35639],[3.83611,50.35673],[3.83338,50.35703],[3.83152,50.35683],[3.82782,50.35687],[3.82327,50.35743],[3.82282,50.35827],[3.81895,50.35843],[3.81779,50.35856],[3.81677,50.35877],[3.81615,50.35859],[3.81211,50.36019],[3.8103,50.35954],[3.80796,50.36104],[3.80655,50.36163],[3.80432,50.36246],[3.80285,50.36352],[3.80186,50.364],[3.80033,50.36431],[3.79833,50.36521],[3.79776,50.36567],[3.79652,50.36772],[3.79491,50.36704],[3.79425,50.36682],[3.79353,50.36799],[3.79514,50.36849],[3.79429,50.37072],[3.79265,50.37027],[3.79157,50.37009],[3.79115,50.37225],[3.78835,50.37206],[3.78663,50.37223],[3.78676,50.37259],[3.78533,50.37306],[3.78256,50.37319],[3.7827,50.37352],[3.78252,50.37406],[3.78183,50.37406],[3.78176,50.37426],[3.77676,50.37397],[3.77243,50.37352],[3.77137,50.37355],[3.77048,50.37372],[3.77016,50.37279],[3.76893,50.37313],[3.76836,50.37369],[3.76607,50.37381],[3.76083,50.37538],[3.75881,50.37579],[3.75782,50.37585],[3.75582,50.37584],[3.7556,50.37613],[3.75353,50.3762],[3.75161,50.37649],[3.75017,50.37622],[3.74946,50.37643],[3.74816,50.37707],[3.74689,50.37748],[3.74434,50.3778],[3.74406,50.37792],[3.7426,50.37679],[3.74104,50.37512],[3.73773,50.37312],[3.73754,50.37281],[3.73602,50.37288],[3.73576,50.37306],[3.73393,50.37281],[3.73331,50.373],[3.73181,50.37327],[3.73119,50.37318],[3.73104,50.3734],[3.73003,50.37315],[3.72963,50.37386],[3.7291,50.37446],[3.72774,50.37485],[3.7274,50.37446],[3.72686,50.37458],[3.72701,50.37399],[3.72636,50.37306],[3.72593,50.37261],[3.72497,50.37216],[3.72079,50.37155],[3.71907,50.37137],[3.71823,50.37115],[3.71562,50.36988],[3.71461,50.37052],[3.71487,50.3709],[3.71472,50.3711],[3.7111,50.37379],[3.70785,50.37573],[3.70527,50.37795],[3.70164,50.3766],[3.69805,50.37613],[3.69859,50.37495],[3.69576,50.37511],[3.69563,50.3755],[3.69608,50.37613],[3.69543,50.37672],[3.69317,50.37643],[3.69317,50.37681],[3.6876,50.37568],[3.68548,50.37467],[3.68495,50.37511],[3.68418,50.37484],[3.67927,50.3748],[3.67913,50.37453],[3.67548,50.37471],[3.67338,50.37544],[3.6729,50.37483],[3.67174,50.37569],[3.67111,50.37604],[3.6691,50.37678],[3.66944,50.37735],[3.67006,50.3773],[3.6704,50.3782],[3.67173,50.37811],[3.67331,50.38127],[3.67227,50.38156],[3.67325,50.38321],[3.66865,50.38458]]]}},{"type":"Feature","id":"53084","bbox":[3.860842,50.326956,4.055041,50.40873],"properties":{"nis":"53084","name":"Quévy","nameNl":"Quévy","nameFr":"Quévy","nameDe":"Quévy","province":"hainaut","region":"wallonia","areaKm2":65.17},"geometry":{"type":"Polygon","coordinates":[[[4.04091,50.40097],[4.04012,50.40047],[4.03919,50.40144],[4.03556,50.39963],[4.03359,50.39872],[4.0357,50.3976],[4.03511,50.39715],[4.03632,50.39652],[4.03477,50.39501],[4.03349,50.39364],[4.03353,50.39359],[4.03233,50.39242],[4.03052,50.39308],[4.0282,50.39425],[4.02635,50.39278],[4.02577,50.39309],[4.02537,50.39279],[4.02433,50.39347],[4.02387,50.39405],[4.02171,50.39267],[4.02112,50.39324],[4.0191,50.39284],[4.01892,50.39303],[4.01819,50.39281],[4.01723,50.3923],[4.01762,50.39198],[4.01449,50.39061],[4.01309,50.39114],[4.01238,50.39089],[4.00998,50.39183],[4.01058,50.39231],[4.00907,50.39327],[4.00779,50.39187],[4.00402,50.39252],[4.00375,50.39205],[4.00334,50.39174],[4.00325,50.38869],[4.00359,50.38681],[4.00374,50.38568],[4.0045,50.3847],[4.00393,50.38453],[4.00079,50.384],[4.00073,50.38446],[3.99969,50.38456],[4.00014,50.38577],[3.99587,50.3861],[3.99435,50.38599],[3.99432,50.38351],[3.9938,50.3834],[3.99245,50.38272],[3.99066,50.3822],[3.98889,50.38156],[3.98944,50.38094],[3.98699,50.3795],[3.98579,50.3796],[3.98512,50.37923],[3.98378,50.37943],[3.98357,50.37902],[3.98185,50.37956],[3.98102,50.38006],[3.9793,50.37924],[3.97698,50.37771],[3.97574,50.37831],[3.97863,50.38047],[3.97726,50.38112],[3.97661,50.38058],[3.9754,50.38116],[3.97603,50.38171],[3.97452,50.38244],[3.97361,50.38203],[3.97335,50.38142],[3.97293,50.38129],[3.97292,50.38099],[3.97234,50.38073],[3.96974,50.38233],[3.9711,50.38292],[3.96944,50.3839],[3.97007,50.38429],[3.96837,50.38525],[3.96862,50.38556],[3.96796,50.38579],[3.96894,50.38714],[3.97011,50.38923],[3.97068,50.38967],[3.97161,50.39076],[3.96542,50.39226],[3.96618,50.39416],[3.96705,50.39512],[3.96787,50.39621],[3.97087,50.39568],[3.97143,50.39674],[3.97052,50.39689],[3.97085,50.39755],[3.96826,50.3979],[3.96761,50.39806],[3.96637,50.39857],[3.9649,50.39953],[3.96642,50.40081],[3.9641,50.40182],[3.96482,50.40264],[3.96269,50.40327],[3.96287,50.4042],[3.96322,50.4045],[3.96395,50.40556],[3.96357,50.4056],[3.96336,50.40532],[3.95931,50.40703],[3.9597,50.40736],[3.95876,50.40873],[3.95725,50.40668],[3.95823,50.40663],[3.95829,50.40623],[3.95779,50.40556],[3.95624,50.40569],[3.95403,50.40596],[3.95324,50.40495],[3.95414,50.40455],[3.95311,50.40322],[3.94918,50.40499],[3.9446,50.40066],[3.94154,50.39746],[3.9407,50.39713],[3.9415,50.39652],[3.9409,50.39612],[3.94157,50.39576],[3.9414,50.39558],[3.94047,50.39599],[3.93736,50.39275],[3.9352,50.39364],[3.93011,50.39447],[3.93032,50.39533],[3.92846,50.39556],[3.92832,50.3946],[3.92671,50.3949],[3.92693,50.39515],[3.92514,50.39563],[3.92558,50.39611],[3.9249,50.39643],[3.92383,50.39603],[3.92343,50.39615],[3.92297,50.3959],[3.92137,50.39718],[3.92467,50.39975],[3.92036,50.40121],[3.91736,50.4018],[3.91669,50.39988],[3.91557,50.39851],[3.91555,50.39782],[3.91425,50.39571],[3.91374,50.39619],[3.9129,50.39549],[3.91188,50.39417],[3.91104,50.39357],[3.91031,50.39394],[3.90992,50.39377],[3.90883,50.39454],[3.90656,50.39365],[3.90501,50.39479],[3.9046,50.39457],[3.90306,50.39587],[3.89995,50.39467],[3.8983,50.39365],[3.8965,50.39307],[3.89848,50.39181],[3.90031,50.38975],[3.90068,50.38987],[3.90217,50.3887],[3.90141,50.3885],[3.90033,50.38846],[3.90082,50.38815],[3.90174,50.38838],[3.90354,50.38735],[3.90185,50.38693],[3.90151,50.38733],[3.90016,50.38707],[3.90195,50.3852],[3.90107,50.38393],[3.89642,50.38167],[3.897,50.38061],[3.89897,50.37947],[3.89837,50.37896],[3.89241,50.37447],[3.89555,50.37205],[3.89313,50.36875],[3.89302,50.3681],[3.88621,50.36991],[3.88303,50.36746],[3.8833,50.36724],[3.88133,50.36608],[3.88165,50.36579],[3.8805,50.36545],[3.88018,50.36494],[3.87925,50.36413],[3.88248,50.36276],[3.87789,50.36067],[3.87591,50.3596],[3.87513,50.35857],[3.87416,50.35777],[3.87264,50.35713],[3.8722,50.35707],[3.87133,50.35651],[3.86804,50.35521],[3.86483,50.35368],[3.86475,50.35351],[3.86084,50.35047],[3.86213,50.34554],[3.8623,50.34378],[3.86212,50.34184],[3.86589,50.34029],[3.87259,50.33806],[3.87566,50.33759],[3.87925,50.3387],[3.88036,50.33804],[3.88401,50.33902],[3.88364,50.33997],[3.88719,50.34096],[3.88798,50.33949],[3.88725,50.3392],[3.88762,50.33893],[3.88826,50.3376],[3.88721,50.33727],[3.88611,50.33745],[3.88663,50.33639],[3.88635,50.33618],[3.88667,50.33582],[3.88718,50.33559],[3.88752,50.33584],[3.88807,50.33584],[3.88866,50.3363],[3.88952,50.33655],[3.8897,50.33615],[3.88959,50.33442],[3.88929,50.33445],[3.88958,50.33344],[3.88989,50.33354],[3.88961,50.33187],[3.88856,50.33175],[3.88909,50.33046],[3.89051,50.32984],[3.88773,50.32861],[3.88523,50.32871],[3.88574,50.32701],[3.89194,50.32797],[3.89379,50.3283],[3.8959,50.3289],[3.8966,50.32894],[3.89764,50.32823],[3.89893,50.32772],[3.89924,50.32739],[3.90031,50.32698],[3.90094,50.32696],[3.90136,50.32795],[3.90305,50.32732],[3.90372,50.3275],[3.90409,50.32743],[3.90491,50.32777],[3.90576,50.32798],[3.90637,50.32874],[3.90671,50.32892],[3.90818,50.3294],[3.90852,50.32838],[3.91009,50.32884],[3.91807,50.33173],[3.92067,50.33269],[3.92916,50.3358],[3.9306,50.33626],[3.94118,50.34017],[3.94316,50.34088],[3.94761,50.34255],[3.94982,50.34372],[3.95025,50.3438],[3.95165,50.34381],[3.95267,50.34436],[3.9632,50.34825],[3.96842,50.35006],[3.96816,50.34945],[3.96826,50.34851],[3.96914,50.34709],[3.96881,50.34696],[3.96723,50.3439],[3.96806,50.34341],[3.96719,50.34261],[3.96568,50.34151],[3.96749,50.34068],[3.97134,50.34365],[3.97134,50.3444],[3.97226,50.34545],[3.97272,50.34664],[3.97251,50.34695],[3.97318,50.34797],[3.97394,50.34759],[3.97448,50.34665],[3.97513,50.34594],[3.97604,50.34656],[3.977,50.34562],[3.97824,50.34543],[3.98152,50.34403],[3.98149,50.34482],[3.98317,50.34364],[3.98488,50.34212],[3.98536,50.34237],[3.98566,50.34214],[3.98766,50.34284],[3.98748,50.34304],[3.98869,50.34355],[3.9877,50.34463],[3.98928,50.3454],[3.9894,50.34583],[3.9885,50.34621],[3.99231,50.34773],[3.99336,50.34838],[3.99348,50.34869],[3.99568,50.34803],[3.99652,50.34865],[3.99901,50.34784],[4.00013,50.34854],[4.00041,50.34907],[4.00097,50.34969],[4.00134,50.3504],[4.00274,50.34977],[4.0043,50.34985],[4.00583,50.35001],[4.00694,50.35033],[4.00828,50.35062],[4.00908,50.35056],[4.00927,50.35006],[4.01112,50.34999],[4.01158,50.3501],[4.01354,50.35124],[4.01484,50.35184],[4.01677,50.35206],[4.01781,50.35234],[4.01649,50.35325],[4.01543,50.35369],[4.01723,50.35618],[4.01768,50.35651],[4.01823,50.35725],[4.02254,50.35681],[4.02418,50.35917],[4.02565,50.35873],[4.02805,50.35837],[4.02871,50.35873],[4.02892,50.3591],[4.03222,50.35868],[4.04122,50.35795],[4.04045,50.3585],[4.03938,50.35912],[4.03971,50.36022],[4.04034,50.36138],[4.04497,50.35997],[4.04463,50.35935],[4.04587,50.35896],[4.04604,50.35882],[4.04859,50.35998],[4.0497,50.3606],[4.05132,50.36168],[4.04891,50.36328],[4.04607,50.36525],[4.04766,50.36606],[4.05063,50.36684],[4.05036,50.36727],[4.05024,50.36796],[4.05258,50.36838],[4.05196,50.36952],[4.05504,50.36999],[4.05416,50.37145],[4.05348,50.37219],[4.05308,50.37323],[4.05316,50.37436],[4.05241,50.37586],[4.05165,50.37637],[4.05108,50.37713],[4.05016,50.37776],[4.0499,50.37835],[4.0491,50.37944],[4.05029,50.3799],[4.05363,50.38106],[4.05169,50.38228],[4.05044,50.38323],[4.04997,50.38382],[4.0493,50.38488],[4.04841,50.38483],[4.04749,50.38459],[4.04665,50.38606],[4.04591,50.38754],[4.04549,50.38873],[4.04497,50.39135],[4.04539,50.39171],[4.04495,50.39194],[4.04045,50.39502],[4.04181,50.39644],[4.04018,50.39694],[4.04188,50.39869],[4.04122,50.39906],[4.04358,50.40061],[4.04212,50.40167],[4.04091,50.40097]]]}},{"type":"Feature","id":"55004","bbox":[4.026552,50.564548,4.253652,50.669047],"properties":{"nis":"55004","name":"Braine-le-Comte","nameNl":"'s-Gravenbrakel","nameFr":"Braine-le-Comte","nameDe":"Braine-le-Comte","province":"hainaut","region":"wallonia","areaKm2":84.58},"geometry":{"type":"Polygon","coordinates":[[[4.2261,50.58294],[4.22648,50.58338],[4.22696,50.58425],[4.2287,50.58627],[4.23095,50.58791],[4.23174,50.58864],[4.23233,50.58861],[4.23281,50.58878],[4.23345,50.58943],[4.23405,50.58946],[4.23463,50.58991],[4.23498,50.59057],[4.23496,50.59132],[4.23478,50.59173],[4.23418,50.59223],[4.23417,50.59331],[4.234,50.59362],[4.23318,50.59415],[4.23152,50.59436],[4.23069,50.59462],[4.2304,50.59501],[4.22943,50.59573],[4.2289,50.59641],[4.22847,50.59638],[4.22878,50.59769],[4.22868,50.59833],[4.22902,50.59887],[4.22967,50.59928],[4.22941,50.59942],[4.22919,50.60028],[4.22883,50.60082],[4.22965,50.60108],[4.23006,50.60089],[4.22969,50.6005],[4.23,50.60035],[4.23115,50.60069],[4.23198,50.60061],[4.23236,50.6007],[4.2335,50.60037],[4.23407,50.60049],[4.23478,50.60033],[4.23545,50.60034],[4.23661,50.59999],[4.23753,50.59989],[4.2384,50.60051],[4.23876,50.601],[4.23911,50.60081],[4.23957,50.60087],[4.23975,50.60127],[4.24051,50.60141],[4.24067,50.60158],[4.24138,50.60135],[4.2415,50.60101],[4.24092,50.6009],[4.24109,50.60043],[4.24111,50.59965],[4.24177,50.59909],[4.24147,50.599],[4.24072,50.59792],[4.24094,50.59708],[4.24162,50.59628],[4.24203,50.59615],[4.24266,50.59639],[4.24273,50.59615],[4.24209,50.59578],[4.24226,50.59538],[4.24262,50.5952],[4.24343,50.59552],[4.24415,50.59539],[4.24479,50.5956],[4.24499,50.59597],[4.24659,50.59586],[4.24712,50.59614],[4.24695,50.5964],[4.2466,50.59657],[4.24642,50.59703],[4.2466,50.59786],[4.24713,50.59829],[4.24787,50.5983],[4.24887,50.59865],[4.24903,50.59891],[4.24966,50.59925],[4.25053,50.59944],[4.25123,50.59985],[4.25051,50.60035],[4.25092,50.60057],[4.25167,50.60122],[4.2507,50.60246],[4.25063,50.60244],[4.24946,50.60463],[4.24854,50.60615],[4.24793,50.60798],[4.24741,50.60861],[4.24672,50.61025],[4.24557,50.61226],[4.24872,50.61279],[4.24985,50.61309],[4.25059,50.61345],[4.24996,50.61444],[4.25181,50.61536],[4.25365,50.61592],[4.25208,50.6164],[4.25028,50.61739],[4.2497,50.61742],[4.24742,50.61897],[4.24589,50.62012],[4.24462,50.62078],[4.24311,50.62078],[4.24248,50.62107],[4.24175,50.62176],[4.23991,50.62243],[4.23867,50.62273],[4.23562,50.62317],[4.23475,50.62348],[4.23467,50.62331],[4.23315,50.62354],[4.23299,50.62339],[4.23216,50.62363],[4.23202,50.62393],[4.23111,50.62454],[4.22934,50.62369],[4.22883,50.62354],[4.22856,50.62424],[4.22702,50.62411],[4.22538,50.6242],[4.22142,50.62419],[4.22055,50.62415],[4.21722,50.62417],[4.21474,50.6244],[4.21218,50.62442],[4.21048,50.62459],[4.20957,50.62461],[4.20887,50.62488],[4.20708,50.62595],[4.2048,50.62533],[4.20447,50.62528],[4.20274,50.6247],[4.20174,50.62461],[4.19925,50.62456],[4.19978,50.6276],[4.20038,50.63011],[4.20027,50.6315],[4.20015,50.63199],[4.19929,50.63307],[4.19837,50.63398],[4.19714,50.63473],[4.19704,50.63492],[4.19931,50.63718],[4.19964,50.63766],[4.20064,50.63837],[4.20122,50.63974],[4.20215,50.64156],[4.20225,50.64217],[4.2032,50.64422],[4.20327,50.64512],[4.20368,50.64607],[4.20428,50.64657],[4.20443,50.64694],[4.20383,50.64759],[4.20044,50.6515],[4.19935,50.65213],[4.1987,50.65257],[4.19624,50.65362],[4.19465,50.6542],[4.1936,50.65477],[4.19223,50.65574],[4.19153,50.6571],[4.19095,50.65699],[4.1903,50.65755],[4.18946,50.65801],[4.18739,50.65933],[4.1869,50.65972],[4.18669,50.65968],[4.18543,50.66039],[4.18388,50.66135],[4.18236,50.66206],[4.17778,50.66322],[4.17735,50.66338],[4.17604,50.66235],[4.17468,50.66174],[4.175,50.66135],[4.17417,50.66015],[4.1716,50.65884],[4.1707,50.65835],[4.16936,50.6574],[4.16864,50.65704],[4.16758,50.6562],[4.16705,50.65497],[4.16368,50.65111],[4.16394,50.65029],[4.16367,50.6499],[4.162,50.6482],[4.16042,50.64688],[4.15891,50.64589],[4.15843,50.64572],[4.15705,50.64499],[4.15269,50.64251],[4.15004,50.64122],[4.14822,50.64014],[4.14711,50.63926],[4.14583,50.63674],[4.14568,50.63568],[4.14575,50.63493],[4.14528,50.63369],[4.1439,50.63338],[4.14196,50.63215],[4.14102,50.63176],[4.13431,50.63009],[4.1327,50.62932],[4.13183,50.62953],[4.12984,50.63017],[4.12965,50.63011],[4.12856,50.63034],[4.12744,50.63071],[4.12548,50.63122],[4.12273,50.63211],[4.11836,50.63421],[4.11691,50.63485],[4.11643,50.63488],[4.11493,50.63428],[4.11389,50.63401],[4.11277,50.63356],[4.11092,50.63333],[4.11023,50.63338],[4.10827,50.63295],[4.10779,50.63263],[4.10706,50.63193],[4.10649,50.63222],[4.10678,50.63305],[4.107,50.63316],[4.10732,50.63379],[4.10664,50.63404],[4.1066,50.63432],[4.10604,50.63519],[4.10592,50.63619],[4.10356,50.63733],[4.10187,50.6379],[4.10153,50.63825],[4.10113,50.63825],[4.10038,50.63877],[4.10002,50.63917],[4.09963,50.64008],[4.09924,50.64072],[4.09913,50.64132],[4.09965,50.64322],[4.0991,50.64426],[4.09874,50.64567],[4.09803,50.6473],[4.09683,50.64848],[4.09601,50.64899],[4.09585,50.64941],[4.09534,50.64973],[4.09441,50.65113],[4.09412,50.65138],[4.09384,50.65111],[4.09247,50.65184],[4.09156,50.65349],[4.09144,50.65351],[4.09188,50.65521],[4.09312,50.65545],[4.09381,50.65569],[4.09357,50.65472],[4.0933,50.65414],[4.09277,50.65352],[4.09378,50.65321],[4.09518,50.65252],[4.09498,50.65226],[4.09629,50.65179],[4.09678,50.65242],[4.09757,50.65236],[4.09751,50.65286],[4.09724,50.65327],[4.09725,50.65375],[4.09755,50.65409],[4.09791,50.65412],[4.09777,50.65447],[4.09911,50.65598],[4.09841,50.65634],[4.0991,50.65756],[4.09856,50.65755],[4.09896,50.6584],[4.09913,50.65967],[4.09995,50.66196],[4.10028,50.66256],[4.1003,50.66294],[4.09964,50.66486],[4.09839,50.66663],[4.09749,50.66761],[4.09624,50.66717],[4.09569,50.66667],[4.0951,50.66591],[4.09434,50.66643],[4.09275,50.66799],[4.09185,50.66905],[4.09138,50.66817],[4.0905,50.66746],[4.09016,50.667],[4.08945,50.66658],[4.08869,50.66596],[4.08791,50.66555],[4.08653,50.66514],[4.08545,50.66508],[4.08428,50.66487],[4.08193,50.66377],[4.08097,50.6634],[4.07865,50.66235],[4.07588,50.66126],[4.07448,50.66078],[4.07513,50.65998],[4.07582,50.65954],[4.07642,50.65933],[4.07584,50.65905],[4.07566,50.65828],[4.07568,50.65908],[4.07485,50.65966],[4.07469,50.65997],[4.07382,50.65872],[4.07283,50.65715],[4.07205,50.65741],[4.07115,50.65667],[4.07169,50.65635],[4.07045,50.65527],[4.07047,50.65463],[4.06999,50.65478],[4.06916,50.65441],[4.06775,50.6535],[4.06664,50.65416],[4.06488,50.65332],[4.06404,50.65393],[4.06324,50.65259],[4.06282,50.65251],[4.06109,50.6515],[4.06113,50.65132],[4.06053,50.65128],[4.05908,50.65091],[4.05805,50.65038],[4.05766,50.6503],[4.05657,50.65038],[4.05564,50.65014],[4.05438,50.65001],[4.05389,50.64985],[4.05207,50.64863],[4.05134,50.64782],[4.05069,50.64684],[4.05089,50.64644],[4.04997,50.64595],[4.0467,50.64399],[4.04459,50.64323],[4.04368,50.64283],[4.04242,50.64203],[4.04105,50.64104],[4.03946,50.64002],[4.03745,50.63802],[4.03696,50.6381],[4.03555,50.63785],[4.0334,50.63709],[4.03212,50.63738],[4.03154,50.63733],[4.03088,50.63704],[4.02984,50.63637],[4.02832,50.63526],[4.02808,50.63497],[4.02737,50.6346],[4.02655,50.63375],[4.02907,50.6331],[4.03018,50.6323],[4.03094,50.63193],[4.03246,50.63188],[4.03325,50.63174],[4.03473,50.63133],[4.03574,50.63093],[4.03607,50.63063],[4.03662,50.6298],[4.03731,50.63011],[4.03829,50.63041],[4.04034,50.63122],[4.04078,50.63153],[4.04274,50.63105],[4.04388,50.63098],[4.04434,50.63117],[4.04556,50.63146],[4.04633,50.63144],[4.04742,50.63164],[4.04788,50.63193],[4.04864,50.63196],[4.04847,50.63175],[4.04918,50.63139],[4.04843,50.63078],[4.04874,50.63058],[4.04936,50.63104],[4.05132,50.63024],[4.05231,50.63001],[4.05689,50.62923],[4.0568,50.62888],[4.05713,50.62801],[4.0573,50.62789],[4.05892,50.62742],[4.05892,50.62677],[4.05921,50.6265],[4.0602,50.62592],[4.06148,50.62565],[4.06185,50.62542],[4.06259,50.62528],[4.06327,50.62499],[4.06412,50.62432],[4.06427,50.62372],[4.06561,50.6243],[4.06771,50.62402],[4.06899,50.62345],[4.06974,50.62271],[4.07091,50.62216],[4.07238,50.62123],[4.07287,50.62051],[4.07244,50.62014],[4.07286,50.6197],[4.07072,50.61817],[4.06933,50.61748],[4.06917,50.61684],[4.06867,50.61622],[4.06872,50.61589],[4.06917,50.61571],[4.06956,50.61524],[4.07005,50.61502],[4.0696,50.61422],[4.06778,50.61365],[4.06596,50.61292],[4.06331,50.61197],[4.06388,50.61146],[4.06607,50.6101],[4.06656,50.60972],[4.06709,50.60742],[4.06599,50.60618],[4.06761,50.60495],[4.06805,50.60455],[4.06908,50.60387],[4.06803,50.60335],[4.07101,50.60151],[4.07311,50.59987],[4.07406,50.59919],[4.07561,50.59843],[4.07622,50.59829],[4.07909,50.5971],[4.08008,50.59658],[4.0814,50.59563],[4.08347,50.59392],[4.08424,50.59381],[4.08542,50.59344],[4.08704,50.59283],[4.08762,50.59252],[4.08992,50.59108],[4.09087,50.59065],[4.09248,50.58978],[4.09364,50.58836],[4.09456,50.5869],[4.09676,50.58468],[4.09664,50.58442],[4.0976,50.58435],[4.09757,50.58368],[4.09771,50.58214],[4.09765,50.5812],[4.09774,50.58068],[4.09937,50.57779],[4.10064,50.57594],[4.10248,50.57443],[4.10331,50.57382],[4.10443,50.57128],[4.10506,50.57081],[4.10526,50.57029],[4.10495,50.56959],[4.10714,50.56945],[4.1083,50.56944],[4.11017,50.56919],[4.11187,50.56877],[4.11377,50.56839],[4.11478,50.56811],[4.11904,50.56657],[4.12149,50.56544],[4.12341,50.56476],[4.12449,50.56455],[4.12515,50.56545],[4.12632,50.56657],[4.1284,50.56808],[4.12961,50.56885],[4.13066,50.56907],[4.13088,50.56929],[4.13241,50.57032],[4.13296,50.56998],[4.13431,50.57127],[4.13498,50.5715],[4.13635,50.57233],[4.13726,50.57342],[4.13733,50.57452],[4.13779,50.57536],[4.13773,50.57579],[4.1381,50.57621],[4.1383,50.57606],[4.13945,50.57672],[4.1396,50.57634],[4.14057,50.57632],[4.14274,50.57699],[4.14427,50.57696],[4.14471,50.57887],[4.1459,50.579],[4.14795,50.57947],[4.15005,50.58004],[4.15312,50.58112],[4.15598,50.5819],[4.15867,50.58314],[4.1591,50.58345],[4.16011,50.58466],[4.16075,50.58528],[4.16253,50.58675],[4.16392,50.58765],[4.16456,50.58796],[4.16511,50.58852],[4.16542,50.58928],[4.16599,50.58988],[4.16727,50.5906],[4.16807,50.59146],[4.16854,50.59266],[4.16917,50.59396],[4.17095,50.59529],[4.1721,50.59487],[4.17332,50.59458],[4.17384,50.59486],[4.17524,50.5938],[4.17471,50.59349],[4.1753,50.59332],[4.17567,50.59287],[4.17461,50.5924],[4.17344,50.59129],[4.17389,50.59082],[4.1747,50.59036],[4.17517,50.58993],[4.17618,50.59044],[4.17699,50.59064],[4.18051,50.59128],[4.18093,50.59092],[4.18273,50.59145],[4.18278,50.59132],[4.18362,50.59167],[4.18447,50.59061],[4.18508,50.59112],[4.1865,50.5903],[4.18662,50.59063],[4.18814,50.59139],[4.18971,50.59244],[4.18941,50.59265],[4.19046,50.59324],[4.19081,50.59296],[4.19212,50.59317],[4.19067,50.59426],[4.19169,50.5949],[4.19152,50.59502],[4.19218,50.59545],[4.19198,50.59557],[4.19328,50.59665],[4.19559,50.59554],[4.19679,50.59627],[4.19888,50.59528],[4.20145,50.59431],[4.20222,50.59413],[4.2024,50.59378],[4.20196,50.59343],[4.2014,50.59323],[4.20147,50.59266],[4.20189,50.59263],[4.20264,50.59204],[4.20365,50.59153],[4.20451,50.59149],[4.20496,50.59128],[4.20638,50.59097],[4.2072,50.5904],[4.20623,50.58952],[4.20567,50.58876],[4.20713,50.58812],[4.20934,50.58696],[4.20758,50.5857],[4.20886,50.58508],[4.21115,50.58423],[4.21265,50.58344],[4.21663,50.58221],[4.21994,50.58293],[4.22033,50.58312],[4.22073,50.58253],[4.22132,50.58272],[4.2217,50.58253],[4.22236,50.58279],[4.22295,50.58322],[4.2261,50.58294]]]}},{"type":"Feature","id":"55035","bbox":[4.039027,50.462865,4.186405,50.5468],"properties":{"nis":"55035","name":"Le Rœulx","nameNl":"Le Rœulx","nameFr":"Le Rœulx","nameDe":"Le Rœulx","province":"hainaut","region":"wallonia","areaKm2":43.27},"geometry":{"type":"Polygon","coordinates":[[[4.13069,50.545],[4.13025,50.54362],[4.12938,50.54129],[4.12751,50.53968],[4.12708,50.53891],[4.1254,50.53829],[4.12228,50.53727],[4.12159,50.5369],[4.12106,50.53623],[4.12054,50.53505],[4.11994,50.53424],[4.11934,50.53362],[4.11693,50.53192],[4.11527,50.53177],[4.11351,50.53146],[4.11229,50.53151],[4.11164,50.53135],[4.10965,50.53071],[4.10872,50.53067],[4.10765,50.53048],[4.10743,50.53032],[4.1068,50.53056],[4.10612,50.53056],[4.10524,50.53037],[4.10414,50.53071],[4.10418,50.53107],[4.10185,50.53139],[4.10199,50.53195],[4.10016,50.53168],[4.09848,50.53188],[4.09828,50.53075],[4.09576,50.5301],[4.09206,50.52985],[4.09222,50.5302],[4.09141,50.53076],[4.09027,50.53091],[4.08917,50.53116],[4.08622,50.53165],[4.08423,50.53184],[4.08329,50.53183],[4.0815,50.53163],[4.08104,50.53143],[4.07977,50.53131],[4.07976,50.53106],[4.07916,50.53089],[4.07713,50.52985],[4.07479,50.52877],[4.07399,50.52788],[4.07382,50.52733],[4.07254,50.5265],[4.07113,50.52545],[4.0715,50.52466],[4.0718,50.52342],[4.0715,50.52336],[4.07154,50.52242],[4.07352,50.51631],[4.07372,50.51464],[4.07371,50.51312],[4.07315,50.51249],[4.07329,50.51204],[4.07316,50.51148],[4.07331,50.51053],[4.07298,50.50998],[4.07147,50.5081],[4.07078,50.50668],[4.06992,50.50694],[4.0694,50.50689],[4.06739,50.50727],[4.06671,50.50722],[4.06384,50.5074],[4.06134,50.50711],[4.05907,50.50713],[4.05678,50.50703],[4.05379,50.50702],[4.05145,50.5067],[4.05091,50.50676],[4.05021,50.50639],[4.04995,50.5064],[4.04893,50.50572],[4.04874,50.5058],[4.04672,50.50421],[4.04501,50.50494],[4.04452,50.50474],[4.04235,50.50415],[4.04159,50.50384],[4.04116,50.50342],[4.04048,50.50237],[4.03955,50.50081],[4.03926,50.50046],[4.03903,50.50025],[4.0395,50.49979],[4.03966,50.49928],[4.03988,50.49775],[4.04186,50.49583],[4.04348,50.49502],[4.04498,50.49206],[4.04584,50.48969],[4.04799,50.4861],[4.05104,50.48475],[4.05101,50.48381],[4.05131,50.48349],[4.05215,50.48316],[4.05363,50.48287],[4.05425,50.48171],[4.0549,50.48148],[4.05522,50.48083],[4.05596,50.48019],[4.05652,50.4799],[4.0571,50.479],[4.05776,50.47749],[4.05826,50.47737],[4.05774,50.47653],[4.0579,50.47579],[4.05832,50.47561],[4.05887,50.47586],[4.06019,50.47549],[4.0608,50.47517],[4.06132,50.47469],[4.06056,50.47426],[4.06101,50.47376],[4.06044,50.47349],[4.05921,50.47274],[4.05871,50.47223],[4.05807,50.47189],[4.05662,50.47197],[4.05701,50.47103],[4.05868,50.47087],[4.06295,50.4701],[4.06595,50.4696],[4.06738,50.46932],[4.07612,50.46778],[4.07839,50.4674],[4.07975,50.46724],[4.08194,50.46717],[4.08151,50.46548],[4.08084,50.4654],[4.07884,50.46641],[4.07823,50.46643],[4.07667,50.46675],[4.07633,50.46643],[4.0762,50.46586],[4.07559,50.46528],[4.07527,50.46455],[4.07564,50.4641],[4.07652,50.4641],[4.07757,50.46381],[4.0791,50.46299],[4.08011,50.46293],[4.08128,50.46359],[4.08238,50.46435],[4.08353,50.46474],[4.08634,50.46613],[4.08706,50.4667],[4.08803,50.46701],[4.0888,50.46653],[4.09012,50.46613],[4.08942,50.46533],[4.09069,50.46494],[4.09008,50.46424],[4.09156,50.46406],[4.09302,50.46369],[4.09423,50.46444],[4.09677,50.46621],[4.10002,50.46744],[4.10211,50.46801],[4.10355,50.4701],[4.10443,50.47094],[4.10594,50.47212],[4.10719,50.47276],[4.10828,50.47343],[4.10849,50.47376],[4.10958,50.47424],[4.10952,50.47504],[4.10971,50.47552],[4.10907,50.47652],[4.10892,50.47712],[4.10906,50.47781],[4.10884,50.47846],[4.10841,50.47905],[4.10807,50.47917],[4.10787,50.48007],[4.10833,50.48096],[4.1085,50.48153],[4.10896,50.48151],[4.1098,50.48307],[4.1099,50.48354],[4.10978,50.48409],[4.11024,50.48469],[4.10964,50.48497],[4.10947,50.48534],[4.10973,50.48572],[4.10973,50.48649],[4.11018,50.487],[4.10993,50.48714],[4.10983,50.48832],[4.10928,50.48823],[4.1092,50.48886],[4.10945,50.48959],[4.10988,50.49027],[4.11118,50.49021],[4.111,50.49152],[4.11043,50.49246],[4.11677,50.49388],[4.1202,50.49463],[4.12539,50.49569],[4.13297,50.49711],[4.13251,50.49758],[4.13196,50.4984],[4.13306,50.49905],[4.13256,50.49958],[4.13132,50.50057],[4.13276,50.50173],[4.13259,50.50193],[4.13354,50.50301],[4.13402,50.50395],[4.13482,50.50371],[4.13507,50.50431],[4.13589,50.50522],[4.13546,50.50547],[4.13661,50.50637],[4.13819,50.50678],[4.13718,50.5076],[4.13811,50.50795],[4.13908,50.50936],[4.14064,50.51013],[4.1412,50.51023],[4.14244,50.51007],[4.14285,50.51014],[4.14391,50.51075],[4.14379,50.51097],[4.14524,50.51166],[4.14489,50.51205],[4.1453,50.51224],[4.14664,50.51227],[4.14738,50.51218],[4.14766,50.51168],[4.14757,50.51136],[4.14781,50.51086],[4.1488,50.5109],[4.15058,50.51131],[4.15068,50.51168],[4.15055,50.51256],[4.15021,50.5136],[4.14936,50.51528],[4.14926,50.51598],[4.15045,50.51651],[4.15262,50.51728],[4.15359,50.51701],[4.15394,50.51705],[4.15499,50.51637],[4.15621,50.51583],[4.15763,50.51572],[4.15772,50.51561],[4.15914,50.51554],[4.16021,50.5157],[4.16154,50.51574],[4.1624,50.51554],[4.16213,50.51519],[4.16188,50.51442],[4.16688,50.51737],[4.16777,50.51718],[4.16776,50.51695],[4.16925,50.51607],[4.17082,50.51568],[4.17104,50.51602],[4.17156,50.51577],[4.17365,50.51509],[4.17487,50.51455],[4.17638,50.51453],[4.17732,50.5143],[4.17789,50.51382],[4.17853,50.51449],[4.17928,50.51506],[4.1805,50.51565],[4.18142,50.51674],[4.18162,50.51756],[4.18295,50.51983],[4.18372,50.52123],[4.18477,50.52247],[4.18535,50.52306],[4.1864,50.52477],[4.18618,50.52495],[4.18485,50.5256],[4.18256,50.52688],[4.18225,50.52694],[4.17664,50.52859],[4.1753,50.52963],[4.17489,50.53023],[4.17322,50.53186],[4.17395,50.53228],[4.17243,50.53382],[4.17145,50.53469],[4.17029,50.5345],[4.17006,50.53505],[4.17013,50.53532],[4.16729,50.53739],[4.16569,50.53783],[4.16395,50.5382],[4.16278,50.53893],[4.16017,50.54096],[4.15833,50.54059],[4.15674,50.54133],[4.15651,50.54154],[4.15463,50.54254],[4.1492,50.54379],[4.14885,50.54514],[4.1455,50.54573],[4.14334,50.54631],[4.14088,50.5468],[4.13821,50.54644],[4.13646,50.5459],[4.13555,50.54569],[4.13502,50.54522],[4.13467,50.54604],[4.13069,50.545]]]}},{"type":"Feature","id":"55040","bbox":[3.952252,50.500461,4.130692,50.633746],"properties":{"nis":"55040","name":"Soignies","nameNl":"Zinnik","nameFr":"Soignies","nameDe":"Soignies","province":"hainaut","region":"wallonia","areaKm2":110.89},"geometry":{"type":"Polygon","coordinates":[[[4.03926,50.50046],[4.03955,50.50081],[4.04048,50.50237],[4.04116,50.50342],[4.04159,50.50384],[4.04235,50.50415],[4.04452,50.50474],[4.04501,50.50494],[4.04672,50.50421],[4.04874,50.5058],[4.04893,50.50572],[4.04995,50.5064],[4.05021,50.50639],[4.05091,50.50676],[4.05145,50.5067],[4.05379,50.50702],[4.05678,50.50703],[4.05907,50.50713],[4.06134,50.50711],[4.06384,50.5074],[4.06671,50.50722],[4.06739,50.50727],[4.0694,50.50689],[4.06992,50.50694],[4.07078,50.50668],[4.07147,50.5081],[4.07298,50.50998],[4.07331,50.51053],[4.07316,50.51148],[4.07329,50.51204],[4.07315,50.51249],[4.07371,50.51312],[4.07372,50.51464],[4.07352,50.51631],[4.07154,50.52242],[4.0715,50.52336],[4.0718,50.52342],[4.0715,50.52466],[4.07113,50.52545],[4.07254,50.5265],[4.07382,50.52733],[4.07399,50.52788],[4.07479,50.52877],[4.07713,50.52985],[4.07916,50.53089],[4.07976,50.53106],[4.07977,50.53131],[4.08104,50.53143],[4.0815,50.53163],[4.08329,50.53183],[4.08423,50.53184],[4.08622,50.53165],[4.08917,50.53116],[4.09027,50.53091],[4.09141,50.53076],[4.09222,50.5302],[4.09206,50.52985],[4.09576,50.5301],[4.09828,50.53075],[4.09848,50.53188],[4.10016,50.53168],[4.10199,50.53195],[4.10185,50.53139],[4.10418,50.53107],[4.10414,50.53071],[4.10524,50.53037],[4.10612,50.53056],[4.1068,50.53056],[4.10743,50.53032],[4.10765,50.53048],[4.10872,50.53067],[4.10965,50.53071],[4.11164,50.53135],[4.11229,50.53151],[4.11351,50.53146],[4.11527,50.53177],[4.11693,50.53192],[4.11934,50.53362],[4.11994,50.53424],[4.12054,50.53505],[4.12106,50.53623],[4.12159,50.5369],[4.12228,50.53727],[4.1254,50.53829],[4.12708,50.53891],[4.12751,50.53968],[4.12938,50.54129],[4.13025,50.54362],[4.13069,50.545],[4.1299,50.54696],[4.1294,50.54733],[4.12922,50.54799],[4.12931,50.54866],[4.12955,50.54904],[4.12994,50.55107],[4.1295,50.55203],[4.12896,50.55283],[4.1285,50.55432],[4.12812,50.55516],[4.12793,50.55753],[4.12782,50.55808],[4.12696,50.55889],[4.12599,50.55949],[4.12471,50.56014],[4.12409,50.56073],[4.12355,50.5621],[4.12344,50.56259],[4.12335,50.56391],[4.12341,50.56476],[4.12149,50.56544],[4.11904,50.56657],[4.11478,50.56811],[4.11377,50.56839],[4.11187,50.56877],[4.11017,50.56919],[4.1083,50.56944],[4.10714,50.56945],[4.10495,50.56959],[4.10526,50.57029],[4.10506,50.57081],[4.10443,50.57128],[4.10331,50.57382],[4.10248,50.57443],[4.10064,50.57594],[4.09937,50.57779],[4.09774,50.58068],[4.09765,50.5812],[4.09771,50.58214],[4.09757,50.58368],[4.0976,50.58435],[4.09664,50.58442],[4.09676,50.58468],[4.09456,50.5869],[4.09364,50.58836],[4.09248,50.58978],[4.09087,50.59065],[4.08992,50.59108],[4.08762,50.59252],[4.08704,50.59283],[4.08542,50.59344],[4.08424,50.59381],[4.08347,50.59392],[4.0814,50.59563],[4.08008,50.59658],[4.07909,50.5971],[4.07622,50.59829],[4.07561,50.59843],[4.07406,50.59919],[4.07311,50.59987],[4.07101,50.60151],[4.06803,50.60335],[4.06908,50.60387],[4.06805,50.60455],[4.06761,50.60495],[4.06599,50.60618],[4.06709,50.60742],[4.06656,50.60972],[4.06607,50.6101],[4.06388,50.61146],[4.06331,50.61197],[4.06596,50.61292],[4.06778,50.61365],[4.0696,50.61422],[4.07005,50.61502],[4.06956,50.61524],[4.06917,50.61571],[4.06872,50.61589],[4.06867,50.61622],[4.06917,50.61684],[4.06933,50.61748],[4.07072,50.61817],[4.07286,50.6197],[4.07244,50.62014],[4.07287,50.62051],[4.07238,50.62123],[4.07091,50.62216],[4.06974,50.62271],[4.06899,50.62345],[4.06771,50.62402],[4.06561,50.6243],[4.06427,50.62372],[4.06412,50.62432],[4.06327,50.62499],[4.06259,50.62528],[4.06185,50.62542],[4.06148,50.62565],[4.0602,50.62592],[4.05921,50.6265],[4.05892,50.62677],[4.05892,50.62742],[4.0573,50.62789],[4.05713,50.62801],[4.0568,50.62888],[4.05689,50.62923],[4.05231,50.63001],[4.05132,50.63024],[4.04936,50.63104],[4.04874,50.63058],[4.04843,50.63078],[4.04918,50.63139],[4.04847,50.63175],[4.04864,50.63196],[4.04788,50.63193],[4.04742,50.63164],[4.04633,50.63144],[4.04556,50.63146],[4.04434,50.63117],[4.04388,50.63098],[4.04274,50.63105],[4.04078,50.63153],[4.04034,50.63122],[4.03829,50.63041],[4.03731,50.63011],[4.03662,50.6298],[4.03607,50.63063],[4.03574,50.63093],[4.03473,50.63133],[4.03325,50.63174],[4.03246,50.63188],[4.03094,50.63193],[4.03018,50.6323],[4.02907,50.6331],[4.02655,50.63375],[4.02648,50.63363],[4.02244,50.63319],[4.02007,50.63274],[4.01785,50.63295],[4.01616,50.63278],[4.01522,50.63274],[4.01501,50.63289],[4.01446,50.63237],[4.01348,50.63178],[4.01165,50.63155],[4.01113,50.631],[4.00972,50.63012],[4.00957,50.63012],[4.00831,50.62922],[4.00766,50.62849],[4.00703,50.62808],[4.0064,50.62731],[4.00595,50.62697],[4.00634,50.62673],[4.0059,50.62619],[4.00602,50.62597],[4.00462,50.62537],[4.00387,50.62495],[4.00363,50.62562],[4.00299,50.62601],[4.00298,50.62623],[4.00162,50.62749],[4.00095,50.62787],[4.00057,50.62773],[4.00025,50.62803],[3.99913,50.62747],[3.99708,50.62696],[3.99485,50.62618],[3.99334,50.62613],[3.99074,50.62545],[3.98957,50.62529],[3.98783,50.62477],[3.98742,50.62476],[3.98662,50.62435],[3.98611,50.62427],[3.98497,50.62373],[3.98307,50.62317],[3.98171,50.62334],[3.98074,50.62361],[3.98054,50.62345],[3.97933,50.62306],[3.97826,50.62194],[3.97855,50.62119],[3.97845,50.62097],[3.97975,50.62015],[3.98062,50.61941],[3.98081,50.61885],[3.98128,50.61653],[3.98186,50.61557],[3.98241,50.61379],[3.98287,50.61294],[3.98321,50.61164],[3.98224,50.61022],[3.98212,50.60889],[3.98189,50.608],[3.98106,50.60669],[3.98057,50.60606],[3.97962,50.6055],[3.97927,50.60474],[3.97935,50.60357],[3.9792,50.60318],[3.97842,50.60276],[3.97771,50.6021],[3.9759,50.60208],[3.97495,50.60192],[3.97379,50.60156],[3.97168,50.60112],[3.97121,50.5995],[3.97117,50.59884],[3.97262,50.59738],[3.97297,50.59639],[3.97311,50.59555],[3.97263,50.5952],[3.97171,50.59432],[3.97122,50.59365],[3.96992,50.59291],[3.9689,50.5922],[3.96788,50.59196],[3.96741,50.59169],[3.96602,50.59136],[3.9647,50.5907],[3.96342,50.59035],[3.96219,50.59017],[3.96103,50.59006],[3.95984,50.58984],[3.95729,50.58957],[3.95554,50.58953],[3.95443,50.58932],[3.95378,50.58953],[3.95292,50.58809],[3.95252,50.58765],[3.95225,50.58706],[3.95357,50.58689],[3.95478,50.58652],[3.95699,50.58559],[3.95898,50.58525],[3.95947,50.58527],[3.96081,50.58555],[3.96173,50.58597],[3.96282,50.58569],[3.96366,50.58534],[3.96414,50.58565],[3.96571,50.58481],[3.96714,50.58611],[3.96814,50.58693],[3.96792,50.58747],[3.96852,50.58752],[3.96931,50.58795],[3.97057,50.58668],[3.9715,50.58592],[3.97012,50.58487],[3.96907,50.58446],[3.9683,50.58398],[3.96891,50.58359],[3.9681,50.58297],[3.96883,50.58256],[3.96826,50.58226],[3.9697,50.58133],[3.96967,50.5811],[3.97087,50.57969],[3.97101,50.57835],[3.9715,50.57757],[3.97125,50.57752],[3.97148,50.57696],[3.97092,50.57658],[3.97252,50.57576],[3.97559,50.57406],[3.97746,50.57444],[3.97781,50.57361],[3.97746,50.57118],[3.97821,50.57038],[3.97796,50.56993],[3.97663,50.56967],[3.97517,50.56948],[3.97508,50.56969],[3.97455,50.56965],[3.97431,50.56929],[3.97232,50.5689],[3.97072,50.56854],[3.97237,50.56657],[3.9737,50.56583],[3.97418,50.56535],[3.97356,50.5645],[3.97265,50.56394],[3.97242,50.56358],[3.97229,50.56287],[3.97323,50.56171],[3.97578,50.56039],[3.97489,50.55964],[3.97402,50.55686],[3.97442,50.55684],[3.97748,50.55639],[3.97939,50.55515],[3.97788,50.55221],[3.97543,50.54729],[3.97505,50.54652],[3.97594,50.5469],[3.97778,50.548],[3.98044,50.54975],[3.98216,50.54905],[3.98378,50.54828],[3.9842,50.54781],[3.98449,50.54789],[3.98528,50.54728],[3.98546,50.54691],[3.98595,50.54699],[3.98588,50.54559],[3.98708,50.54464],[3.98639,50.54421],[3.98446,50.54341],[3.98301,50.54264],[3.98431,50.54157],[3.98488,50.54093],[3.98548,50.54066],[3.98625,50.53981],[3.98832,50.53837],[3.9893,50.53815],[3.99055,50.53736],[3.9906,50.53671],[3.99113,50.53611],[3.99202,50.53446],[3.9921,50.53239],[3.99171,50.53207],[3.98953,50.53072],[3.98833,50.52913],[3.98942,50.52845],[3.98956,50.52748],[3.98946,50.52713],[3.99288,50.52679],[3.99235,50.52616],[3.99458,50.52533],[3.99478,50.52549],[3.99561,50.52514],[3.99498,50.5247],[3.99411,50.52502],[3.99386,50.52464],[3.99457,50.52445],[3.9956,50.52387],[3.99469,50.52322],[3.9944,50.5228],[3.99534,50.52254],[3.99566,50.5227],[3.99657,50.52235],[3.99646,50.52194],[3.99574,50.52163],[3.99506,50.52165],[3.99423,50.52187],[3.99394,50.52156],[3.99375,50.52173],[3.99301,50.52157],[3.99162,50.52156],[3.99042,50.52132],[3.98961,50.52149],[3.98893,50.52121],[3.988,50.52033],[3.9873,50.51998],[3.98645,50.51977],[3.98598,50.51977],[3.98585,50.51943],[3.98632,50.51895],[3.98635,50.51779],[3.98611,50.51734],[3.98502,50.51724],[3.98492,50.51739],[3.98402,50.51724],[3.98285,50.51732],[3.98196,50.51789],[3.98095,50.51672],[3.98015,50.51649],[3.97825,50.51678],[3.97617,50.51685],[3.97527,50.51382],[3.98375,50.50894],[3.98671,50.50727],[3.99098,50.50545],[3.9937,50.50423],[3.99832,50.50494],[4.0074,50.50361],[4.0124,50.50286],[4.01463,50.50373],[4.01641,50.5043],[4.01864,50.50359],[4.01938,50.50388],[4.01993,50.50459],[4.02025,50.50482],[4.02013,50.50535],[4.02062,50.50589],[4.02158,50.50627],[4.0219,50.50713],[4.02336,50.50672],[4.02354,50.50687],[4.02353,50.50758],[4.02402,50.50716],[4.02463,50.50707],[4.02471,50.50678],[4.0251,50.50721],[4.02468,50.5076],[4.02506,50.50817],[4.02496,50.50832],[4.02565,50.50854],[4.02629,50.50858],[4.02644,50.50811],[4.02817,50.50756],[4.02993,50.50762],[4.03161,50.50675],[4.03504,50.50579],[4.03567,50.50438],[4.03663,50.50272],[4.03697,50.50248],[4.03926,50.50046]]]}},{"type":"Feature","id":"55050","bbox":[4.123353,50.524952,4.229454,50.596651],"properties":{"nis":"55050","name":"Écaussinnes","nameNl":"Écaussinnes","nameFr":"Écaussinnes","nameDe":"Écaussinnes","province":"hainaut","region":"wallonia","areaKm2":34.74},"geometry":{"type":"Polygon","coordinates":[[[4.2261,50.58294],[4.22295,50.58322],[4.22236,50.58279],[4.2217,50.58253],[4.22132,50.58272],[4.22073,50.58253],[4.22033,50.58312],[4.21994,50.58293],[4.21663,50.58221],[4.21265,50.58344],[4.21115,50.58423],[4.20886,50.58508],[4.20758,50.5857],[4.20934,50.58696],[4.20713,50.58812],[4.20567,50.58876],[4.20623,50.58952],[4.2072,50.5904],[4.20638,50.59097],[4.20496,50.59128],[4.20451,50.59149],[4.20365,50.59153],[4.20264,50.59204],[4.20189,50.59263],[4.20147,50.59266],[4.2014,50.59323],[4.20196,50.59343],[4.2024,50.59378],[4.20222,50.59413],[4.20145,50.59431],[4.19888,50.59528],[4.19679,50.59627],[4.19559,50.59554],[4.19328,50.59665],[4.19198,50.59557],[4.19218,50.59545],[4.19152,50.59502],[4.19169,50.5949],[4.19067,50.59426],[4.19212,50.59317],[4.19081,50.59296],[4.19046,50.59324],[4.18941,50.59265],[4.18971,50.59244],[4.18814,50.59139],[4.18662,50.59063],[4.1865,50.5903],[4.18508,50.59112],[4.18447,50.59061],[4.18362,50.59167],[4.18278,50.59132],[4.18273,50.59145],[4.18093,50.59092],[4.18051,50.59128],[4.17699,50.59064],[4.17618,50.59044],[4.17517,50.58993],[4.1747,50.59036],[4.17389,50.59082],[4.17344,50.59129],[4.17461,50.5924],[4.17567,50.59287],[4.1753,50.59332],[4.17471,50.59349],[4.17524,50.5938],[4.17384,50.59486],[4.17332,50.59458],[4.1721,50.59487],[4.17095,50.59529],[4.16917,50.59396],[4.16854,50.59266],[4.16807,50.59146],[4.16727,50.5906],[4.16599,50.58988],[4.16542,50.58928],[4.16511,50.58852],[4.16456,50.58796],[4.16392,50.58765],[4.16253,50.58675],[4.16075,50.58528],[4.16011,50.58466],[4.1591,50.58345],[4.15867,50.58314],[4.15598,50.5819],[4.15312,50.58112],[4.15005,50.58004],[4.14795,50.57947],[4.1459,50.579],[4.14471,50.57887],[4.14427,50.57696],[4.14274,50.57699],[4.14057,50.57632],[4.1396,50.57634],[4.13945,50.57672],[4.1383,50.57606],[4.1381,50.57621],[4.13773,50.57579],[4.13779,50.57536],[4.13733,50.57452],[4.13726,50.57342],[4.13635,50.57233],[4.13498,50.5715],[4.13431,50.57127],[4.13296,50.56998],[4.13241,50.57032],[4.13088,50.56929],[4.13066,50.56907],[4.12961,50.56885],[4.1284,50.56808],[4.12632,50.56657],[4.12515,50.56545],[4.12449,50.56455],[4.12341,50.56476],[4.12335,50.56391],[4.12344,50.56259],[4.12355,50.5621],[4.12409,50.56073],[4.12471,50.56014],[4.12599,50.55949],[4.12696,50.55889],[4.12782,50.55808],[4.12793,50.55753],[4.12812,50.55516],[4.1285,50.55432],[4.12896,50.55283],[4.1295,50.55203],[4.12994,50.55107],[4.12955,50.54904],[4.12931,50.54866],[4.12922,50.54799],[4.1294,50.54733],[4.1299,50.54696],[4.13069,50.545],[4.13467,50.54604],[4.13502,50.54522],[4.13555,50.54569],[4.13646,50.5459],[4.13821,50.54644],[4.14088,50.5468],[4.14334,50.54631],[4.1455,50.54573],[4.14885,50.54514],[4.1492,50.54379],[4.15463,50.54254],[4.15651,50.54154],[4.15674,50.54133],[4.15833,50.54059],[4.16017,50.54096],[4.16278,50.53893],[4.16395,50.5382],[4.16569,50.53783],[4.16729,50.53739],[4.17013,50.53532],[4.17006,50.53505],[4.17029,50.5345],[4.17145,50.53469],[4.17243,50.53382],[4.17395,50.53228],[4.17322,50.53186],[4.17489,50.53023],[4.1753,50.52963],[4.17664,50.52859],[4.18225,50.52694],[4.18256,50.52688],[4.18485,50.5256],[4.18618,50.52495],[4.18676,50.52564],[4.18679,50.52677],[4.18732,50.52743],[4.18741,50.52844],[4.18785,50.52908],[4.18834,50.5295],[4.18955,50.53225],[4.18972,50.53238],[4.19119,50.53554],[4.19007,50.53613],[4.19081,50.53708],[4.19165,50.53745],[4.19248,50.53804],[4.19139,50.53875],[4.19172,50.53918],[4.19326,50.54051],[4.19516,50.53964],[4.19621,50.53985],[4.19848,50.54054],[4.19947,50.54054],[4.2,50.54071],[4.20027,50.54036],[4.20107,50.54057],[4.20162,50.54054],[4.20192,50.54028],[4.2025,50.54011],[4.20331,50.54013],[4.20365,50.54035],[4.20389,50.5397],[4.2042,50.53965],[4.20497,50.53915],[4.20692,50.5393],[4.20806,50.53929],[4.20904,50.5395],[4.21056,50.54005],[4.21269,50.54043],[4.21398,50.54054],[4.21477,50.54031],[4.21544,50.54046],[4.2163,50.54089],[4.21725,50.54174],[4.21901,50.54256],[4.22036,50.54307],[4.22306,50.54417],[4.22308,50.54587],[4.2233,50.54692],[4.22529,50.54748],[4.22496,50.54873],[4.22431,50.54988],[4.22376,50.55165],[4.22377,50.55203],[4.2251,50.55269],[4.22555,50.55281],[4.22535,50.55304],[4.22335,50.55482],[4.22262,50.55559],[4.22306,50.55561],[4.22192,50.55707],[4.22255,50.55773],[4.22235,50.55805],[4.22226,50.55881],[4.2211,50.55953],[4.22078,50.55963],[4.21925,50.55969],[4.21829,50.55962],[4.21726,50.56042],[4.21685,50.56096],[4.21659,50.56163],[4.21661,50.56199],[4.21706,50.56238],[4.21741,50.56298],[4.21677,50.56431],[4.21756,50.56532],[4.21857,50.56571],[4.21961,50.56589],[4.22082,50.56655],[4.22159,50.56672],[4.22331,50.56682],[4.2238,50.56739],[4.22552,50.56898],[4.22622,50.57],[4.22708,50.57069],[4.22661,50.57101],[4.2272,50.57123],[4.2273,50.57167],[4.22795,50.57212],[4.22811,50.57238],[4.22946,50.57295],[4.22913,50.57317],[4.22853,50.57302],[4.22758,50.57388],[4.2264,50.57471],[4.22468,50.57529],[4.2232,50.576],[4.22222,50.57624],[4.22398,50.5773],[4.22316,50.57836],[4.22357,50.57872],[4.22407,50.57978],[4.22462,50.58041],[4.22499,50.5817],[4.2261,50.58294]]]}},{"type":"Feature","id":"55085","bbox":[4.186179,50.496307,4.336463,50.601579],"properties":{"nis":"55085","name":"Seneffe","nameNl":"Seneffe","nameFr":"Seneffe","nameDe":"Seneffe","province":"hainaut","region":"wallonia","areaKm2":63.55},"geometry":{"type":"MultiPolygon","coordinates":[[[[4.24695,50.5964],[4.24712,50.59614],[4.24659,50.59586],[4.24499,50.59597],[4.24479,50.5956],[4.24415,50.59539],[4.24343,50.59552],[4.24262,50.5952],[4.24226,50.59538],[4.24209,50.59578],[4.24273,50.59615],[4.24266,50.59639],[4.24203,50.59615],[4.24162,50.59628],[4.24094,50.59708],[4.24072,50.59792],[4.24147,50.599],[4.24177,50.59909],[4.24111,50.59965],[4.24109,50.60043],[4.24092,50.6009],[4.2415,50.60101],[4.24138,50.60135],[4.24067,50.60158],[4.24051,50.60141],[4.23975,50.60127],[4.23957,50.60087],[4.23911,50.60081],[4.23876,50.601],[4.2384,50.60051],[4.23753,50.59989],[4.23661,50.59999],[4.23545,50.60034],[4.23478,50.60033],[4.23407,50.60049],[4.2335,50.60037],[4.23236,50.6007],[4.23198,50.60061],[4.23115,50.60069],[4.23,50.60035],[4.22969,50.6005],[4.23006,50.60089],[4.22965,50.60108],[4.22883,50.60082],[4.22919,50.60028],[4.22941,50.59942],[4.22967,50.59928],[4.22902,50.59887],[4.22868,50.59833],[4.22878,50.59769],[4.22847,50.59638],[4.2289,50.59641],[4.22943,50.59573],[4.2304,50.59501],[4.23069,50.59462],[4.23152,50.59436],[4.23318,50.59415],[4.234,50.59362],[4.23417,50.59331],[4.23418,50.59223],[4.23478,50.59173],[4.23496,50.59132],[4.23498,50.59057],[4.23463,50.58991],[4.23405,50.58946],[4.23345,50.58943],[4.23281,50.58878],[4.23233,50.58861],[4.23174,50.58864],[4.23095,50.58791],[4.2287,50.58627],[4.22696,50.58425],[4.22648,50.58338],[4.2261,50.58294],[4.22499,50.5817],[4.22462,50.58041],[4.22407,50.57978],[4.22357,50.57872],[4.22316,50.57836],[4.22398,50.5773],[4.22222,50.57624],[4.2232,50.576],[4.22468,50.57529],[4.2264,50.57471],[4.22758,50.57388],[4.22853,50.57302],[4.22913,50.57317],[4.22946,50.57295],[4.22811,50.57238],[4.22795,50.57212],[4.2273,50.57167],[4.2272,50.57123],[4.22661,50.57101],[4.22708,50.57069],[4.22622,50.57],[4.22552,50.56898],[4.2238,50.56739],[4.22331,50.56682],[4.22159,50.56672],[4.22082,50.56655],[4.21961,50.56589],[4.21857,50.56571],[4.21756,50.56532],[4.21677,50.56431],[4.21741,50.56298],[4.21706,50.56238],[4.21661,50.56199],[4.21659,50.56163],[4.21685,50.56096],[4.21726,50.56042],[4.21829,50.55962],[4.21925,50.55969],[4.22078,50.55963],[4.2211,50.55953],[4.22226,50.55881],[4.22235,50.55805],[4.22255,50.55773],[4.22192,50.55707],[4.22306,50.55561],[4.22262,50.55559],[4.22335,50.55482],[4.22535,50.55304],[4.22555,50.55281],[4.2251,50.55269],[4.22377,50.55203],[4.22376,50.55165],[4.22431,50.54988],[4.22496,50.54873],[4.22529,50.54748],[4.2233,50.54692],[4.22308,50.54587],[4.22306,50.54417],[4.22036,50.54307],[4.21901,50.54256],[4.21725,50.54174],[4.2163,50.54089],[4.21544,50.54046],[4.21477,50.54031],[4.21398,50.54054],[4.21269,50.54043],[4.21056,50.54005],[4.20904,50.5395],[4.20806,50.53929],[4.20692,50.5393],[4.20497,50.53915],[4.2042,50.53965],[4.20389,50.5397],[4.20365,50.54035],[4.20331,50.54013],[4.2025,50.54011],[4.20192,50.54028],[4.20162,50.54054],[4.20107,50.54057],[4.20027,50.54036],[4.2,50.54071],[4.19947,50.54054],[4.19848,50.54054],[4.19621,50.53985],[4.19516,50.53964],[4.19326,50.54051],[4.19172,50.53918],[4.19139,50.53875],[4.19248,50.53804],[4.19165,50.53745],[4.19081,50.53708],[4.19007,50.53613],[4.19119,50.53554],[4.18972,50.53238],[4.18955,50.53225],[4.18834,50.5295],[4.18785,50.52908],[4.18741,50.52844],[4.18732,50.52743],[4.18679,50.52677],[4.18676,50.52564],[4.18618,50.52495],[4.19039,50.52354],[4.19192,50.52286],[4.19346,50.52196],[4.19788,50.51887],[4.19926,50.51808],[4.20218,50.51676],[4.20489,50.51549],[4.20662,50.51458],[4.20826,50.51361],[4.21018,50.51232],[4.2112,50.51147],[4.21171,50.51095],[4.21301,50.51177],[4.21515,50.51296],[4.21932,50.51505],[4.22074,50.5157],[4.22212,50.51615],[4.22375,50.5165],[4.22506,50.51666],[4.22668,50.51671],[4.22951,50.51657],[4.2318,50.51666],[4.23314,50.51686],[4.2344,50.51715],[4.23606,50.51771],[4.23815,50.51875],[4.24196,50.52084],[4.24306,50.52127],[4.24567,50.52176],[4.24611,50.52171],[4.24809,50.52036],[4.24696,50.51882],[4.24551,50.51951],[4.24476,50.51973],[4.24492,50.52044],[4.24444,50.52044],[4.24379,50.51964],[4.24444,50.51946],[4.244,50.51854],[4.24425,50.51847],[4.24408,50.51802],[4.24598,50.51746],[4.24515,50.51646],[4.24741,50.51543],[4.24718,50.5152],[4.24985,50.51395],[4.25021,50.5133],[4.25225,50.51253],[4.25249,50.51286],[4.25421,50.51207],[4.2558,50.5115],[4.25459,50.51093],[4.25405,50.5104],[4.25412,50.51001],[4.25366,50.5083],[4.25381,50.50807],[4.25369,50.5072],[4.25497,50.5069],[4.25899,50.50694],[4.25889,50.50595],[4.2582,50.50499],[4.25763,50.50401],[4.25917,50.50311],[4.26285,50.50106],[4.26201,50.50049],[4.26314,50.49971],[4.26384,50.50021],[4.26488,50.49969],[4.26467,50.49951],[4.2662,50.49905],[4.26664,50.49959],[4.2671,50.49933],[4.26765,50.49974],[4.26974,50.50111],[4.27122,50.50037],[4.27257,50.49946],[4.27507,50.50088],[4.27717,50.49987],[4.2784,50.49873],[4.27933,50.49768],[4.27963,50.49717],[4.28059,50.4971],[4.28172,50.49631],[4.28316,50.49694],[4.28325,50.49731],[4.28287,50.4982],[4.2827,50.49905],[4.28324,50.50096],[4.28306,50.50186],[4.28394,50.50295],[4.28542,50.50422],[4.2864,50.50463],[4.28666,50.50506],[4.28632,50.50582],[4.28697,50.50704],[4.28696,50.50804],[4.28808,50.50859],[4.29031,50.5094],[4.29144,50.5097],[4.29128,50.51029],[4.29096,50.51069],[4.29232,50.51151],[4.29314,50.51183],[4.29537,50.5121],[4.29684,50.51244],[4.29762,50.51291],[4.30004,50.51516],[4.30149,50.5167],[4.3016,50.51726],[4.30214,50.51877],[4.30317,50.51923],[4.30488,50.52044],[4.30465,50.52057],[4.30604,50.52178],[4.30642,50.52156],[4.30812,50.52285],[4.30932,50.52359],[4.31026,50.52383],[4.31204,50.52422],[4.31283,50.52446],[4.31628,50.52575],[4.3174,50.52656],[4.31829,50.52677],[4.31889,50.52712],[4.31992,50.52741],[4.32046,50.52791],[4.32157,50.52868],[4.32281,50.52976],[4.32038,50.53056],[4.31967,50.53102],[4.31817,50.5314],[4.31663,50.53221],[4.31476,50.53301],[4.31321,50.53381],[4.31242,50.53446],[4.31118,50.5362],[4.31011,50.53703],[4.30923,50.53784],[4.30805,50.53736],[4.30741,50.53808],[4.30737,50.53835],[4.30777,50.54],[4.30787,50.54117],[4.30814,50.5417],[4.30858,50.54221],[4.30973,50.54331],[4.3099,50.54393],[4.30911,50.54588],[4.30879,50.54634],[4.30872,50.54727],[4.30925,50.54744],[4.30916,50.54774],[4.30982,50.54789],[4.31015,50.54774],[4.31091,50.54782],[4.31095,50.54803],[4.3119,50.54807],[4.31302,50.54824],[4.31333,50.54842],[4.31422,50.54858],[4.3159,50.54876],[4.3178,50.54979],[4.31911,50.55035],[4.32023,50.54948],[4.323,50.54782],[4.32546,50.54919],[4.32515,50.5494],[4.32706,50.55011],[4.33071,50.55051],[4.33197,50.55143],[4.33191,50.55217],[4.33162,50.55265],[4.33169,50.55328],[4.33232,50.55369],[4.33237,50.55399],[4.33318,50.55518],[4.3349,50.55513],[4.33444,50.55614],[4.33383,50.55691],[4.33228,50.55762],[4.33181,50.558],[4.33177,50.55896],[4.33204,50.55902],[4.33271,50.55984],[4.33173,50.55974],[4.33081,50.5603],[4.3316,50.56117],[4.33145,50.56175],[4.33217,50.56252],[4.33251,50.56267],[4.33355,50.56356],[4.33429,50.56408],[4.33446,50.56458],[4.33531,50.56522],[4.33646,50.56682],[4.33571,50.56753],[4.33438,50.56892],[4.32868,50.5697],[4.32116,50.56841],[4.32112,50.56787],[4.32,50.56772],[4.31804,50.56768],[4.31666,50.56741],[4.31652,50.56788],[4.31604,50.56847],[4.31425,50.56769],[4.31374,50.567],[4.31278,50.567],[4.31213,50.56715],[4.3121,50.56813],[4.31224,50.56884],[4.31114,50.56908],[4.31086,50.56823],[4.31087,50.56755],[4.3097,50.5673],[4.30857,50.56721],[4.30727,50.56693],[4.30557,50.56724],[4.30521,50.56744],[4.30346,50.56754],[4.30372,50.56848],[4.30308,50.56813],[4.30272,50.5677],[4.30234,50.56763],[4.30219,50.57004],[4.30186,50.57166],[4.30128,50.57277],[4.29978,50.57389],[4.2991,50.57412],[4.29811,50.57516],[4.2969,50.57621],[4.29894,50.57702],[4.2964,50.57883],[4.2965,50.57905],[4.29572,50.57886],[4.29468,50.57942],[4.29466,50.57961],[4.29088,50.58268],[4.28992,50.58318],[4.28941,50.58333],[4.28909,50.58377],[4.2884,50.58414],[4.28601,50.58492],[4.28568,50.58543],[4.28512,50.5854],[4.2841,50.58634],[4.28454,50.58766],[4.28438,50.58798],[4.28389,50.58825],[4.28324,50.58837],[4.28252,50.59002],[4.28205,50.59009],[4.28181,50.59045],[4.28079,50.5909],[4.28092,50.591],[4.28054,50.59162],[4.28013,50.59193],[4.27952,50.59166],[4.27937,50.59185],[4.27865,50.5917],[4.27835,50.59193],[4.27759,50.59174],[4.27723,50.59188],[4.2767,50.59172],[4.27598,50.59221],[4.27533,50.59221],[4.2753,50.59265],[4.27482,50.59284],[4.27454,50.59362],[4.27465,50.59393],[4.27428,50.59411],[4.27404,50.59461],[4.27446,50.59532],[4.27504,50.59586],[4.27384,50.59605],[4.27246,50.59564],[4.27211,50.59527],[4.27175,50.59534],[4.27153,50.59471],[4.27178,50.59424],[4.27061,50.59402],[4.26961,50.59402],[4.26944,50.59374],[4.26832,50.59409],[4.26757,50.59398],[4.26718,50.59364],[4.26613,50.59386],[4.26576,50.59404],[4.26489,50.59331],[4.26323,50.59371],[4.26252,50.59305],[4.26071,50.59287],[4.26023,50.5933],[4.25984,50.59309],[4.2596,50.59338],[4.25889,50.5934],[4.25826,50.59388],[4.2568,50.59331],[4.25587,50.59334],[4.25406,50.59357],[4.25356,50.59355],[4.25326,50.5938],[4.2516,50.5943],[4.25132,50.59458],[4.25095,50.59459],[4.25075,50.59524],[4.25029,50.59531],[4.25044,50.59646],[4.25017,50.59675],[4.24935,50.59693],[4.24958,50.59665],[4.24888,50.5964],[4.24768,50.59661],[4.24695,50.5964]]],[[[4.26066,50.50142],[4.26011,50.50198],[4.25932,50.50143],[4.26036,50.50088],[4.26066,50.50142]]]]}},{"type":"Feature","id":"55086","bbox":[4.204165,50.464958,4.281718,50.521777],"properties":{"nis":"55086","name":"Manage","nameNl":"Manage","nameFr":"Manage","nameDe":"Manage","province":"hainaut","region":"wallonia","areaKm2":19.37},"geometry":{"type":"Polygon","coordinates":[[[4.26769,50.47156],[4.26797,50.47174],[4.26843,50.47242],[4.26852,50.47363],[4.26799,50.47504],[4.26745,50.47582],[4.26743,50.47637],[4.2667,50.47632],[4.26641,50.47645],[4.26651,50.47704],[4.26683,50.47729],[4.26651,50.47745],[4.26626,50.47861],[4.26641,50.47899],[4.26592,50.47918],[4.26561,50.48088],[4.2661,50.48128],[4.26587,50.48187],[4.26605,50.48247],[4.26598,50.48291],[4.2655,50.4835],[4.26556,50.48418],[4.26596,50.48441],[4.26583,50.48507],[4.26528,50.48578],[4.26563,50.48623],[4.26551,50.48643],[4.2647,50.48676],[4.26616,50.48729],[4.26863,50.48827],[4.27031,50.48885],[4.27367,50.49101],[4.27488,50.49167],[4.27616,50.4921],[4.27701,50.49195],[4.27825,50.49224],[4.27898,50.49207],[4.28013,50.49237],[4.28011,50.49267],[4.2795,50.49342],[4.27911,50.49338],[4.27931,50.49373],[4.28003,50.49411],[4.28067,50.49518],[4.28009,50.49568],[4.28172,50.49631],[4.28059,50.4971],[4.27963,50.49717],[4.27933,50.49768],[4.2784,50.49873],[4.27717,50.49987],[4.27507,50.50088],[4.27257,50.49946],[4.27122,50.50037],[4.26974,50.50111],[4.26765,50.49974],[4.2671,50.49933],[4.26664,50.49959],[4.2662,50.49905],[4.26467,50.49951],[4.26488,50.49969],[4.26384,50.50021],[4.26314,50.49971],[4.26201,50.50049],[4.26285,50.50106],[4.25917,50.50311],[4.25763,50.50401],[4.2582,50.50499],[4.25889,50.50595],[4.25899,50.50694],[4.25497,50.5069],[4.25369,50.5072],[4.25381,50.50807],[4.25366,50.5083],[4.25412,50.51001],[4.25405,50.5104],[4.25459,50.51093],[4.2558,50.5115],[4.25421,50.51207],[4.25249,50.51286],[4.25225,50.51253],[4.25021,50.5133],[4.24985,50.51395],[4.24718,50.5152],[4.24741,50.51543],[4.24515,50.51646],[4.24598,50.51746],[4.24408,50.51802],[4.24425,50.51847],[4.244,50.51854],[4.24444,50.51946],[4.24379,50.51964],[4.24444,50.52044],[4.24492,50.52044],[4.24476,50.51973],[4.24551,50.51951],[4.24696,50.51882],[4.24809,50.52036],[4.24611,50.52171],[4.24567,50.52176],[4.24306,50.52127],[4.24196,50.52084],[4.23815,50.51875],[4.23606,50.51771],[4.2344,50.51715],[4.23314,50.51686],[4.2318,50.51666],[4.22951,50.51657],[4.22668,50.51671],[4.22506,50.51666],[4.22375,50.5165],[4.22212,50.51615],[4.22074,50.5157],[4.21932,50.51505],[4.21515,50.51296],[4.21301,50.51177],[4.21171,50.51095],[4.2102,50.50992],[4.20945,50.50932],[4.20829,50.50887],[4.20714,50.50751],[4.20679,50.50698],[4.20585,50.50587],[4.20529,50.50503],[4.20607,50.5037],[4.20679,50.503],[4.2076,50.50167],[4.20817,50.50135],[4.20898,50.50112],[4.21039,50.50096],[4.21061,50.50084],[4.21025,50.50025],[4.20886,50.49838],[4.20917,50.49758],[4.21053,50.4967],[4.20922,50.49556],[4.20745,50.49409],[4.20709,50.49353],[4.20601,50.49228],[4.20476,50.49128],[4.20416,50.49093],[4.20736,50.48926],[4.20864,50.48833],[4.20945,50.48797],[4.21226,50.48501],[4.21258,50.48455],[4.21191,50.48103],[4.21356,50.4798],[4.21355,50.47939],[4.21416,50.47939],[4.21518,50.47864],[4.21598,50.47912],[4.21692,50.47838],[4.21707,50.4785],[4.21694,50.48011],[4.21698,50.48211],[4.21742,50.48174],[4.21846,50.48119],[4.22074,50.47945],[4.2227,50.47779],[4.22309,50.47751],[4.22342,50.47769],[4.22997,50.47694],[4.22894,50.4765],[4.22711,50.4761],[4.22687,50.4755],[4.22663,50.47549],[4.22602,50.47445],[4.22536,50.47449],[4.22527,50.4738],[4.22545,50.47346],[4.2255,50.47265],[4.22513,50.47205],[4.22385,50.47203],[4.2231,50.47156],[4.22202,50.47171],[4.22094,50.47059],[4.22019,50.47002],[4.21982,50.46957],[4.21955,50.4696],[4.2194,50.46917],[4.21905,50.46915],[4.21904,50.4687],[4.21851,50.46854],[4.21866,50.46836],[4.21805,50.46821],[4.21704,50.46746],[4.21637,50.46719],[4.21598,50.46645],[4.2162,50.4662],[4.21746,50.46574],[4.21797,50.46541],[4.21806,50.46547],[4.22084,50.46555],[4.22123,50.46599],[4.22123,50.46558],[4.2219,50.46561],[4.22197,50.46496],[4.22233,50.46509],[4.22878,50.46585],[4.22863,50.46608],[4.2293,50.46641],[4.22916,50.46656],[4.23028,50.46752],[4.23081,50.46836],[4.23127,50.46859],[4.23124,50.46901],[4.23255,50.46945],[4.23278,50.46979],[4.24101,50.47408],[4.2454,50.47276],[4.24576,50.4732],[4.24632,50.47354],[4.24739,50.47284],[4.24807,50.47337],[4.24894,50.47303],[4.24954,50.47419],[4.25063,50.47477],[4.2516,50.47447],[4.2538,50.47286],[4.25466,50.47309],[4.25432,50.47281],[4.25447,50.47176],[4.25365,50.47114],[4.25611,50.47037],[4.25676,50.46923],[4.25874,50.46959],[4.26178,50.46873],[4.26349,50.46936],[4.26483,50.47038],[4.26581,50.47096],[4.26687,50.47122],[4.26769,50.47156]],[[4.26066,50.50142],[4.26036,50.50088],[4.25932,50.50143],[4.26011,50.50198],[4.26066,50.50142]]]}},{"type":"Feature","id":"56001","bbox":[4.227816,50.379843,4.293981,50.428048],"properties":{"nis":"56001","name":"Anderlues","nameNl":"Anderlues","nameFr":"Anderlues","nameDe":"Anderlues","province":"hainaut","region":"wallonia","areaKm2":17.14},"geometry":{"type":"Polygon","coordinates":[[[4.29303,50.38888],[4.29263,50.38973],[4.29312,50.39001],[4.29261,50.39105],[4.29221,50.39155],[4.29128,50.39225],[4.29119,50.3926],[4.29135,50.3932],[4.29179,50.3938],[4.2919,50.3942],[4.29119,50.39518],[4.29109,50.39565],[4.29153,50.39715],[4.29218,50.3997],[4.29209,50.40002],[4.29072,50.40129],[4.29067,50.40159],[4.29134,50.40358],[4.29187,50.40551],[4.29193,50.40632],[4.29022,50.40628],[4.29115,50.407],[4.29197,50.40788],[4.29192,50.40864],[4.29221,50.40909],[4.29249,50.41048],[4.293,50.41056],[4.29246,50.41345],[4.29243,50.41399],[4.29271,50.41554],[4.29238,50.41716],[4.29238,50.41794],[4.29255,50.41792],[4.29284,50.4195],[4.29311,50.42021],[4.29341,50.42037],[4.29332,50.4207],[4.29345,50.42143],[4.29386,50.42234],[4.29378,50.42298],[4.29389,50.42334],[4.29379,50.42483],[4.29398,50.42589],[4.29374,50.42646],[4.29369,50.428],[4.29262,50.42797],[4.29135,50.42804],[4.28897,50.42785],[4.2864,50.42804],[4.28459,50.42802],[4.28233,50.42772],[4.27626,50.42676],[4.27502,50.42611],[4.27465,50.42542],[4.2723,50.42531],[4.27146,50.42521],[4.2697,50.42522],[4.26924,50.4251],[4.26887,50.42464],[4.2685,50.42457],[4.26693,50.42466],[4.26672,50.42481],[4.26508,50.42501],[4.26315,50.42538],[4.25979,50.42475],[4.25853,50.42442],[4.25647,50.42469],[4.25477,50.42447],[4.25263,50.42389],[4.25231,50.42352],[4.25246,50.42274],[4.2522,50.4225],[4.25237,50.4221],[4.25223,50.42174],[4.25155,50.42106],[4.25147,50.42053],[4.25049,50.41939],[4.2491,50.41828],[4.24852,50.41773],[4.24863,50.41728],[4.24838,50.4168],[4.24831,50.41608],[4.24779,50.41463],[4.24696,50.41325],[4.2475,50.41315],[4.24645,50.41219],[4.24585,50.41152],[4.24505,50.41159],[4.24432,50.41104],[4.24256,50.41112],[4.24026,50.41073],[4.23698,50.4096],[4.23538,50.40911],[4.23334,50.40873],[4.2312,50.40857],[4.22945,50.40839],[4.22786,50.40846],[4.22786,50.40802],[4.22993,50.40725],[4.23105,50.40696],[4.2331,50.40625],[4.23417,50.4058],[4.23527,50.40519],[4.23765,50.40352],[4.23907,50.40281],[4.23827,50.40192],[4.23799,50.4013],[4.23894,50.40101],[4.24022,50.40035],[4.24003,50.39983],[4.2396,50.39937],[4.23886,50.39821],[4.23785,50.39461],[4.23656,50.39306],[4.23592,50.39248],[4.23485,50.39128],[4.23306,50.38947],[4.23215,50.38845],[4.2327,50.38826],[4.23389,50.38814],[4.23491,50.38774],[4.23556,50.3872],[4.23784,50.38595],[4.23771,50.38511],[4.23814,50.38453],[4.2399,50.38384],[4.23863,50.38231],[4.24164,50.38123],[4.24275,50.3809],[4.24381,50.38093],[4.24564,50.38111],[4.24704,50.38113],[4.24816,50.38093],[4.24876,50.38061],[4.24929,50.38002],[4.25005,50.37984],[4.25124,50.37991],[4.253,50.38098],[4.25445,50.38156],[4.25688,50.38197],[4.25866,50.38244],[4.25937,50.38219],[4.2621,50.38296],[4.2652,50.38332],[4.26759,50.38513],[4.26964,50.38324],[4.27058,50.38257],[4.27174,50.38276],[4.27434,50.38282],[4.27535,50.38308],[4.27789,50.38556],[4.27823,50.38654],[4.27966,50.38675],[4.28435,50.38701],[4.28704,50.38719],[4.28941,50.3881],[4.29303,50.38888]]]}},{"type":"Feature","id":"56005","bbox":[4.16515,50.158894,4.345858,50.294916],"properties":{"nis":"56005","name":"Beaumont","nameNl":"Beaumont","nameFr":"Beaumont","nameDe":"Beaumont","province":"hainaut","region":"wallonia","areaKm2":93.19},"geometry":{"type":"Polygon","coordinates":[[[4.21999,50.2812],[4.2187,50.28076],[4.21825,50.28051],[4.21698,50.28002],[4.21573,50.28002],[4.21604,50.28089],[4.21509,50.28093],[4.2126,50.2805],[4.21314,50.27862],[4.21147,50.27824],[4.2094,50.27785],[4.20873,50.27695],[4.20598,50.27741],[4.2058,50.27661],[4.20525,50.27503],[4.20434,50.27459],[4.20418,50.27414],[4.20504,50.27365],[4.2061,50.27283],[4.20819,50.27299],[4.20853,50.27186],[4.21218,50.2684],[4.21451,50.26477],[4.21524,50.26345],[4.21545,50.26219],[4.21582,50.26155],[4.21814,50.26087],[4.2186,50.2603],[4.21933,50.26007],[4.22124,50.25864],[4.22156,50.25777],[4.22167,50.25669],[4.22092,50.25634],[4.22138,50.25583],[4.22108,50.25494],[4.22049,50.2542],[4.22056,50.25386],[4.22013,50.25167],[4.21795,50.25028],[4.2158,50.2487],[4.21474,50.24836],[4.21407,50.24792],[4.21362,50.24732],[4.21209,50.24603],[4.21081,50.24561],[4.21018,50.24498],[4.20878,50.24475],[4.20729,50.24438],[4.20592,50.24373],[4.20484,50.24278],[4.20482,50.24216],[4.20453,50.24164],[4.2029,50.24102],[4.2027,50.24033],[4.19943,50.2405],[4.19882,50.24003],[4.19846,50.23994],[4.1982,50.23955],[4.19708,50.23969],[4.19668,50.23988],[4.19353,50.24043],[4.19333,50.23993],[4.18904,50.23662],[4.18141,50.23218],[4.18123,50.2319],[4.18135,50.23075],[4.18124,50.23043],[4.18064,50.22973],[4.17995,50.22815],[4.17859,50.22573],[4.17595,50.22143],[4.17478,50.21996],[4.17276,50.22023],[4.17211,50.21935],[4.17044,50.21935],[4.16988,50.21841],[4.17077,50.2183],[4.1711,50.2186],[4.17237,50.21878],[4.17234,50.21816],[4.173,50.21807],[4.17272,50.21713],[4.17216,50.21727],[4.1716,50.21672],[4.16951,50.21743],[4.16929,50.21745],[4.16857,50.21643],[4.16762,50.21648],[4.16515,50.21603],[4.16516,50.21543],[4.1655,50.21467],[4.16663,50.21488],[4.16879,50.21484],[4.17099,50.21491],[4.17104,50.21526],[4.17205,50.21545],[4.17213,50.2156],[4.17553,50.21518],[4.1795,50.21466],[4.18408,50.21416],[4.18514,50.21355],[4.18595,50.21323],[4.18618,50.21294],[4.19146,50.21182],[4.19771,50.21037],[4.20058,50.2094],[4.20295,50.20877],[4.20495,50.20912],[4.20592,50.20854],[4.20868,50.20897],[4.21023,50.20897],[4.212,50.20875],[4.21104,50.20789],[4.21039,50.2072],[4.21027,50.20652],[4.20991,50.2062],[4.20974,50.2055],[4.2098,50.20508],[4.21031,50.20415],[4.20921,50.20148],[4.20886,50.20084],[4.20807,50.19974],[4.20704,50.19954],[4.20605,50.19951],[4.20451,50.1989],[4.20418,50.19846],[4.20304,50.19808],[4.20264,50.1976],[4.20319,50.19707],[4.20402,50.19704],[4.20541,50.19728],[4.20563,50.19708],[4.20702,50.19697],[4.20999,50.19635],[4.21131,50.19598],[4.21277,50.19547],[4.21327,50.19539],[4.21404,50.19503],[4.21449,50.19441],[4.21331,50.19197],[4.21441,50.19109],[4.21451,50.19058],[4.21409,50.18955],[4.21428,50.1895],[4.21451,50.18694],[4.21442,50.18584],[4.2152,50.1862],[4.21612,50.18615],[4.21607,50.18639],[4.21694,50.1866],[4.21735,50.18657],[4.21797,50.18682],[4.21852,50.18684],[4.2184,50.18655],[4.22047,50.18458],[4.22158,50.18521],[4.22439,50.18654],[4.22632,50.18709],[4.22804,50.18782],[4.22932,50.18817],[4.23193,50.18856],[4.23279,50.18855],[4.23395,50.18865],[4.23531,50.18867],[4.2379,50.18854],[4.23866,50.18841],[4.23857,50.18827],[4.23669,50.18769],[4.2356,50.18724],[4.23538,50.18673],[4.23536,50.18603],[4.23511,50.18493],[4.23458,50.1842],[4.23428,50.18355],[4.23396,50.18322],[4.23406,50.18291],[4.23294,50.18182],[4.23271,50.18076],[4.23313,50.17965],[4.23308,50.17934],[4.23511,50.1791],[4.23649,50.1788],[4.23933,50.17827],[4.23966,50.1787],[4.24474,50.17537],[4.24536,50.17535],[4.2472,50.17501],[4.24773,50.17508],[4.24914,50.17477],[4.25141,50.17396],[4.25232,50.1732],[4.25315,50.1727],[4.25334,50.1724],[4.25474,50.17101],[4.25938,50.16805],[4.26718,50.1681],[4.2729,50.16584],[4.27457,50.1658],[4.27439,50.16543],[4.27467,50.16529],[4.27455,50.16419],[4.27542,50.16393],[4.27551,50.16369],[4.27627,50.16318],[4.2769,50.16318],[4.27787,50.16265],[4.27819,50.16271],[4.27885,50.16247],[4.2798,50.16236],[4.28014,50.16207],[4.2803,50.16156],[4.2796,50.16035],[4.28059,50.1597],[4.28147,50.1597],[4.28287,50.15938],[4.28406,50.15899],[4.28472,50.15889],[4.28422,50.15957],[4.28373,50.15986],[4.28384,50.16049],[4.28441,50.16129],[4.28504,50.16176],[4.28668,50.16211],[4.28687,50.16267],[4.28824,50.16281],[4.28882,50.16372],[4.28959,50.16445],[4.28795,50.16498],[4.28804,50.16513],[4.28712,50.16534],[4.28646,50.16593],[4.28706,50.16619],[4.28699,50.16691],[4.2881,50.16715],[4.28834,50.16708],[4.28907,50.1677],[4.28992,50.16756],[4.29048,50.16765],[4.29226,50.16768],[4.29394,50.16793],[4.29386,50.16808],[4.29623,50.16863],[4.29689,50.16942],[4.29682,50.16964],[4.29729,50.16993],[4.29781,50.16954],[4.29794,50.16999],[4.29838,50.16984],[4.29867,50.17011],[4.2993,50.16986],[4.29978,50.16993],[4.30121,50.16954],[4.30226,50.16953],[4.30316,50.16926],[4.30352,50.16934],[4.3034,50.17142],[4.30291,50.17249],[4.30314,50.17334],[4.30145,50.17787],[4.29953,50.17776],[4.29872,50.17759],[4.29854,50.17768],[4.2956,50.17775],[4.29461,50.17787],[4.29389,50.1778],[4.29361,50.17793],[4.29101,50.17829],[4.29071,50.1795],[4.29113,50.18015],[4.29142,50.18132],[4.29177,50.18142],[4.29255,50.18292],[4.29306,50.18316],[4.29383,50.18464],[4.29511,50.18601],[4.29716,50.18886],[4.29545,50.18929],[4.28891,50.18983],[4.2885,50.18988],[4.28851,50.19247],[4.28856,50.19299],[4.28914,50.19442],[4.29194,50.19659],[4.29138,50.19999],[4.29102,50.20165],[4.29127,50.20254],[4.29067,50.20413],[4.2948,50.2051],[4.29552,50.20542],[4.29964,50.20649],[4.31206,50.20815],[4.31541,50.2071],[4.32005,50.20589],[4.32068,50.20612],[4.3216,50.2063],[4.32284,50.20625],[4.32307,50.20602],[4.32448,50.20553],[4.32805,50.20606],[4.3288,50.20622],[4.32859,50.2065],[4.32928,50.2069],[4.3295,50.20672],[4.33141,50.20758],[4.33348,50.20881],[4.33287,50.20981],[4.33464,50.2101],[4.33582,50.2104],[4.33567,50.21066],[4.33606,50.21109],[4.33844,50.21198],[4.33903,50.2144],[4.33892,50.21442],[4.33974,50.2164],[4.33857,50.21694],[4.33889,50.21721],[4.34231,50.22074],[4.34466,50.22202],[4.34535,50.22285],[4.34586,50.22496],[4.34468,50.22645],[4.345,50.22737],[4.34321,50.228],[4.33968,50.22878],[4.33709,50.22968],[4.3351,50.23022],[4.33386,50.23093],[4.33213,50.2324],[4.33105,50.23288],[4.33001,50.23324],[4.32882,50.23353],[4.32552,50.23401],[4.32233,50.23437],[4.32043,50.23456],[4.31963,50.23536],[4.31922,50.23608],[4.31877,50.23617],[4.31881,50.23652],[4.3186,50.23722],[4.31818,50.23735],[4.31754,50.23712],[4.31679,50.2372],[4.31625,50.23787],[4.31313,50.23808],[4.31299,50.2375],[4.31143,50.23766],[4.30919,50.23802],[4.30799,50.24026],[4.30831,50.24172],[4.3079,50.24191],[4.30678,50.24192],[4.30679,50.24227],[4.3058,50.24233],[4.30582,50.24217],[4.30514,50.24219],[4.30444,50.24236],[4.30426,50.24214],[4.30319,50.24228],[4.30032,50.24323],[4.2987,50.24355],[4.2978,50.24415],[4.29744,50.24453],[4.29669,50.24488],[4.29586,50.24561],[4.29575,50.24637],[4.29524,50.24728],[4.29542,50.24856],[4.29264,50.24929],[4.29299,50.25014],[4.29206,50.25013],[4.29013,50.24994],[4.28743,50.24916],[4.28628,50.24945],[4.28575,50.24972],[4.28712,50.25047],[4.28805,50.25129],[4.28726,50.25237],[4.2895,50.25328],[4.29001,50.25339],[4.28845,50.25463],[4.28675,50.25583],[4.28786,50.25636],[4.28816,50.25662],[4.28897,50.25767],[4.2905,50.25879],[4.29429,50.26063],[4.29522,50.2603],[4.29626,50.26212],[4.29596,50.26266],[4.29605,50.26304],[4.2984,50.26369],[4.29888,50.26299],[4.30065,50.26394],[4.30173,50.26442],[4.30184,50.26432],[4.30319,50.265],[4.30424,50.26367],[4.30808,50.26622],[4.30793,50.26709],[4.30875,50.2673],[4.30802,50.26838],[4.30848,50.2693],[4.30845,50.27023],[4.30818,50.27065],[4.30896,50.2713],[4.30956,50.27214],[4.31022,50.27244],[4.31125,50.27388],[4.31165,50.27412],[4.31134,50.27429],[4.31282,50.27625],[4.31263,50.2763],[4.31309,50.27694],[4.31124,50.2777],[4.31186,50.27849],[4.31274,50.2798],[4.30377,50.28016],[4.30171,50.28027],[4.30092,50.28024],[4.29915,50.28035],[4.29935,50.2819],[4.29782,50.28187],[4.29778,50.28221],[4.29865,50.2822],[4.29879,50.28235],[4.29981,50.28243],[4.2998,50.28315],[4.30162,50.28321],[4.30144,50.28355],[4.3032,50.28415],[4.30488,50.28491],[4.30332,50.28602],[4.30483,50.28639],[4.30567,50.28685],[4.30389,50.28697],[4.30103,50.28679],[4.30025,50.28711],[4.29942,50.28768],[4.29637,50.28886],[4.2953,50.28921],[4.29377,50.28987],[4.29284,50.29015],[4.29055,50.29109],[4.28982,50.2912],[4.28726,50.29135],[4.28533,50.29136],[4.2833,50.29204],[4.28181,50.29267],[4.28128,50.29276],[4.28011,50.29269],[4.27908,50.29253],[4.278,50.29285],[4.27679,50.29303],[4.27662,50.29402],[4.27589,50.29442],[4.27467,50.29463],[4.27385,50.29459],[4.27193,50.29492],[4.27153,50.29395],[4.27027,50.29416],[4.26969,50.29334],[4.26888,50.29346],[4.26859,50.29303],[4.26865,50.2926],[4.26747,50.29201],[4.26637,50.29124],[4.26531,50.29037],[4.26563,50.2902],[4.26407,50.28883],[4.26305,50.28847],[4.26205,50.28681],[4.2617,50.28574],[4.26145,50.28426],[4.26025,50.28386],[4.26008,50.28398],[4.25874,50.28362],[4.25778,50.283],[4.25764,50.28307],[4.25671,50.28246],[4.25537,50.28234],[4.25392,50.28198],[4.25104,50.282],[4.24676,50.28212],[4.24463,50.2822],[4.2394,50.28256],[4.23806,50.28249],[4.23676,50.28258],[4.22929,50.2828],[4.22849,50.28286],[4.2258,50.28286],[4.224,50.28215],[4.21999,50.2812]]]}},{"type":"Feature","id":"56016","bbox":[4.196669,49.941743,4.446085,50.129935],"properties":{"nis":"56016","name":"Chimay","nameNl":"Chimay","nameFr":"Chimay","nameDe":"Chimay","province":"hainaut","region":"wallonia","areaKm2":197.96},"geometry":{"type":"Polygon","coordinates":[[[4.20206,50.12362],[4.20228,50.12298],[4.20226,50.12231],[4.20254,50.12182],[4.20351,50.12112],[4.20328,50.12055],[4.20277,50.12022],[4.20271,50.11949],[4.20214,50.11813],[4.20217,50.11687],[4.20302,50.11632],[4.20375,50.11607],[4.20403,50.11552],[4.20344,50.11534],[4.20289,50.11493],[4.20225,50.11381],[4.20036,50.11213],[4.20002,50.11168],[4.19921,50.1111],[4.19824,50.11012],[4.19805,50.10949],[4.19732,50.10931],[4.19703,50.10819],[4.19667,50.10642],[4.19754,50.10649],[4.19891,50.10625],[4.20052,50.10639],[4.20226,50.10636],[4.20271,50.10629],[4.20646,50.10612],[4.20735,50.10521],[4.20662,50.10492],[4.20585,50.10435],[4.20478,50.10374],[4.20448,50.10381],[4.20342,50.10291],[4.20248,50.10238],[4.20193,50.10225],[4.20125,50.10144],[4.20099,50.1013],[4.20127,50.10073],[4.20196,50.10028],[4.20157,50.09985],[4.20332,50.09853],[4.20481,50.09819],[4.20553,50.09699],[4.20684,50.09593],[4.20769,50.09605],[4.209,50.09656],[4.21043,50.09682],[4.21064,50.09624],[4.211,50.09596],[4.21266,50.09542],[4.21302,50.09497],[4.21427,50.09424],[4.21682,50.09092],[4.2173,50.08816],[4.21885,50.08729],[4.22086,50.08624],[4.22389,50.08578],[4.22519,50.08562],[4.22517,50.08517],[4.22535,50.08267],[4.22562,50.08152],[4.22667,50.08013],[4.22825,50.07842],[4.23083,50.07355],[4.23119,50.0714],[4.23058,50.06933],[4.22835,50.06643],[4.22408,50.06362],[4.22336,50.06338],[4.22192,50.06271],[4.2233,50.06068],[4.22296,50.0606],[4.22335,50.05985],[4.22377,50.05995],[4.22572,50.05626],[4.22627,50.05637],[4.22648,50.05548],[4.22589,50.05535],[4.2264,50.05405],[4.22611,50.05407],[4.2264,50.05272],[4.22846,50.05317],[4.2286,50.05296],[4.22768,50.05251],[4.22777,50.05198],[4.22737,50.05192],[4.22832,50.04926],[4.22942,50.04859],[4.22894,50.04748],[4.22936,50.04737],[4.22928,50.04651],[4.2327,50.04669],[4.23385,50.04704],[4.23488,50.04716],[4.23532,50.04559],[4.23556,50.04546],[4.23672,50.04326],[4.23727,50.04154],[4.24073,50.04136],[4.23933,50.04003],[4.23743,50.0384],[4.23659,50.03813],[4.23662,50.03778],[4.23617,50.03723],[4.2357,50.03704],[4.23502,50.03634],[4.23357,50.0354],[4.2327,50.03513],[4.23238,50.03486],[4.23152,50.03349],[4.23107,50.033],[4.2313,50.03288],[4.2297,50.03102],[4.22994,50.02991],[4.23007,50.02867],[4.23183,50.02624],[4.23508,50.02617],[4.23788,50.01834],[4.2373,50.01805],[4.23566,50.01758],[4.2345,50.01733],[4.23339,50.0172],[4.2327,50.01595],[4.23762,50.0172],[4.23768,50.01753],[4.2384,50.01802],[4.23949,50.01772],[4.24017,50.01848],[4.24066,50.01878],[4.2421,50.02019],[4.24354,50.0209],[4.24463,50.02121],[4.24517,50.02163],[4.24579,50.02177],[4.24692,50.02235],[4.24695,50.02256],[4.24772,50.02317],[4.24867,50.02369],[4.24926,50.02382],[4.24988,50.02453],[4.25046,50.02438],[4.25142,50.02465],[4.25207,50.02422],[4.25208,50.02389],[4.25293,50.02317],[4.25359,50.02301],[4.25425,50.02314],[4.2559,50.02299],[4.25682,50.02238],[4.25793,50.02233],[4.25805,50.02217],[4.25819,50.02105],[4.25862,50.02035],[4.25913,50.01989],[4.25949,50.01872],[4.25948,50.01827],[4.25904,50.01751],[4.25857,50.01708],[4.25824,50.01647],[4.25891,50.01561],[4.26185,50.01589],[4.26278,50.01594],[4.26404,50.01578],[4.26482,50.01549],[4.26531,50.01597],[4.26582,50.01577],[4.26708,50.01586],[4.26766,50.01559],[4.26811,50.01571],[4.26891,50.01551],[4.26982,50.01504],[4.27075,50.01508],[4.27153,50.01562],[4.27124,50.01584],[4.27295,50.01663],[4.27347,50.01614],[4.27631,50.01504],[4.27841,50.01462],[4.27923,50.01392],[4.27922,50.01363],[4.28013,50.01308],[4.28111,50.01291],[4.28145,50.01257],[4.28219,50.01231],[4.28244,50.01201],[4.28311,50.01185],[4.2831,50.01159],[4.2839,50.01128],[4.28946,49.99532],[4.28977,49.99427],[4.29058,49.99433],[4.29108,49.99422],[4.29146,49.99436],[4.29205,49.99428],[4.29243,49.99443],[4.29314,49.9941],[4.2939,49.99422],[4.2941,49.99404],[4.29473,49.99427],[4.29512,49.99423],[4.2954,49.99356],[4.29596,49.99381],[4.29659,49.99372],[4.2971,49.99336],[4.29741,49.99354],[4.29792,49.99339],[4.29852,49.99365],[4.29976,49.99306],[4.30082,49.99317],[4.3014,49.99344],[4.30163,49.99333],[4.30229,49.99364],[4.30312,49.99364],[4.30297,49.99387],[4.30343,49.99407],[4.30432,49.99421],[4.30468,49.9944],[4.30561,49.99418],[4.30611,49.99434],[4.3061,49.99471],[4.30747,49.99481],[4.30755,49.99466],[4.30834,49.99487],[4.30835,49.9951],[4.30926,49.99489],[4.30947,49.99528],[4.30974,49.99506],[4.31063,49.99526],[4.31103,49.99497],[4.31171,49.9953],[4.31177,49.99569],[4.31239,49.99574],[4.313,49.99531],[4.31417,49.99565],[4.31444,49.99562],[4.31403,49.99469],[4.31428,49.99444],[4.31455,49.99355],[4.31417,49.99324],[4.31318,49.99193],[4.31163,49.99054],[4.31104,49.98991],[4.31019,49.98849],[4.30981,49.98687],[4.30896,49.98465],[4.30876,49.98344],[4.30917,49.98111],[4.30909,49.98027],[4.30889,49.97984],[4.30762,49.97856],[4.30753,49.97823],[4.30565,49.97598],[4.30458,49.97438],[4.30446,49.97385],[4.30434,49.97232],[4.30459,49.97142],[4.30589,49.96829],[4.30643,49.96837],[4.30626,49.96876],[4.30702,49.96921],[4.30763,49.96941],[4.30879,49.9693],[4.30932,49.96955],[4.30985,49.96943],[4.31048,49.96883],[4.31085,49.96901],[4.31082,49.96862],[4.31178,49.96786],[4.31227,49.96804],[4.31248,49.96789],[4.31235,49.9674],[4.31287,49.96705],[4.31357,49.96711],[4.31365,49.96666],[4.31499,49.96638],[4.3154,49.96592],[4.31593,49.96587],[4.31664,49.96547],[4.31686,49.96555],[4.31769,49.96498],[4.31851,49.96478],[4.31873,49.96492],[4.31925,49.96454],[4.32005,49.96449],[4.32025,49.96416],[4.32097,49.96412],[4.32137,49.9639],[4.32192,49.96395],[4.32254,49.96362],[4.32334,49.96349],[4.32474,49.9636],[4.32578,49.96338],[4.32629,49.96342],[4.32632,49.96314],[4.3274,49.96289],[4.32841,49.963],[4.33138,49.96294],[4.33226,49.9631],[4.33263,49.96341],[4.3345,49.96383],[4.33562,49.96355],[4.3366,49.96287],[4.33723,49.96263],[4.33817,49.96208],[4.34115,49.95899],[4.34325,49.95819],[4.34542,49.95666],[4.34614,49.9557],[4.34731,49.95462],[4.34789,49.95395],[4.34945,49.95295],[4.34957,49.95262],[4.35014,49.95259],[4.35098,49.95223],[4.35204,49.9526],[4.35494,49.95231],[4.35676,49.95271],[4.36175,49.9527],[4.3628,49.95257],[4.36461,49.95269],[4.366,49.95213],[4.36783,49.95171],[4.36954,49.95179],[4.37143,49.95141],[4.37185,49.95141],[4.37414,49.9519],[4.37534,49.95208],[4.37543,49.95225],[4.37684,49.95238],[4.3782,49.95284],[4.37987,49.9533],[4.37983,49.95355],[4.3805,49.95409],[4.38095,49.95416],[4.38087,49.95446],[4.38198,49.95427],[4.38178,49.9538],[4.38262,49.95365],[4.3829,49.95338],[4.38291,49.95292],[4.38406,49.95227],[4.38349,49.95152],[4.38414,49.95107],[4.38529,49.95082],[4.386,49.95047],[4.38621,49.95013],[4.38704,49.95014],[4.38749,49.94992],[4.38803,49.94939],[4.38902,49.94964],[4.38947,49.94933],[4.38941,49.94866],[4.38976,49.94814],[4.39066,49.94769],[4.39173,49.94774],[4.39273,49.94758],[4.39275,49.94786],[4.39364,49.94852],[4.39487,49.94882],[4.39601,49.94881],[4.3971,49.94855],[4.39899,49.94831],[4.39952,49.94864],[4.40029,49.94885],[4.4009,49.94915],[4.40228,49.94922],[4.40267,49.94933],[4.40365,49.9493],[4.40507,49.94914],[4.40612,49.94845],[4.40676,49.94844],[4.40822,49.94822],[4.4093,49.94794],[4.41064,49.948],[4.41205,49.94774],[4.41209,49.94736],[4.41431,49.94724],[4.41557,49.94678],[4.41607,49.94714],[4.41646,49.94768],[4.41661,49.94745],[4.41706,49.94745],[4.41851,49.94708],[4.4199,49.94604],[4.41967,49.9459],[4.41982,49.94551],[4.42033,49.94564],[4.42097,49.94536],[4.42198,49.94531],[4.42227,49.94499],[4.42321,49.94518],[4.42316,49.94472],[4.42408,49.94491],[4.42497,49.94476],[4.42535,49.9442],[4.4259,49.94436],[4.42619,49.94416],[4.42707,49.94393],[4.42709,49.94365],[4.42798,49.94326],[4.42868,49.94327],[4.43017,49.94259],[4.43094,49.94236],[4.43171,49.94268],[4.432,49.94247],[4.43196,49.94213],[4.43261,49.94215],[4.43228,49.9419],[4.4327,49.94174],[4.4335,49.94251],[4.43385,49.94263],[4.43647,49.94472],[4.43733,49.94529],[4.43909,49.94672],[4.44185,49.94955],[4.44609,49.9536],[4.44333,49.95831],[4.44079,49.9633],[4.43507,49.973],[4.42448,49.98162],[4.42024,49.98742],[4.4196,49.98819],[4.41921,49.99035],[4.41811,49.99339],[4.41743,49.99476],[4.41488,49.99658],[4.41394,49.99798],[4.41328,49.99934],[4.41312,50.00087],[4.41431,50.00399],[4.41537,50.00817],[4.41473,50.01302],[4.41318,50.01821],[4.41106,50.02397],[4.41015,50.02724],[4.40984,50.02785],[4.40986,50.02919],[4.41014,50.03007],[4.41018,50.03104],[4.40961,50.03294],[4.40958,50.03378],[4.40866,50.03486],[4.4084,50.03677],[4.40864,50.03726],[4.40651,50.03689],[4.40674,50.03901],[4.40732,50.04129],[4.40774,50.04196],[4.40879,50.04213],[4.40957,50.04525],[4.40634,50.04961],[4.40143,50.04801],[4.40105,50.04837],[4.40195,50.04998],[4.40094,50.05101],[4.40016,50.05094],[4.3986,50.0502],[4.39879,50.04995],[4.39588,50.04838],[4.39353,50.04759],[4.39214,50.04894],[4.39157,50.04934],[4.39009,50.04988],[4.39002,50.05026],[4.3903,50.05076],[4.38959,50.05125],[4.39277,50.0535],[4.39221,50.05404],[4.39559,50.05749],[4.39369,50.05974],[4.39475,50.06024],[4.39482,50.06194],[4.39192,50.06208],[4.39016,50.06729],[4.39023,50.06733],[4.39093,50.06958],[4.39171,50.07083],[4.39249,50.07447],[4.39206,50.076],[4.39242,50.07771],[4.39383,50.07941],[4.39411,50.08109],[4.3915,50.08535],[4.3915,50.08907],[4.38981,50.09217],[4.3903,50.09537],[4.38993,50.09641],[4.38932,50.09705],[4.38909,50.09775],[4.38905,50.09869],[4.38926,50.09975],[4.38885,50.10122],[4.38815,50.10316],[4.38771,50.10407],[4.38729,50.10444],[4.38659,50.10689],[4.38247,50.10756],[4.38022,50.10742],[4.37916,50.1067],[4.37916,50.10625],[4.37979,50.10374],[4.37986,50.10243],[4.37944,50.10109],[4.37845,50.09938],[4.37725,50.09929],[4.37654,50.09902],[4.37718,50.09511],[4.37682,50.09332],[4.37718,50.0895],[4.36742,50.08549],[4.36016,50.08263],[4.34971,50.08389],[4.343,50.08555],[4.34279,50.08613],[4.34632,50.08649],[4.34816,50.08689],[4.34851,50.08797],[4.34632,50.08851],[4.34702,50.08999],[4.34611,50.09067],[4.34371,50.09175],[4.34236,50.09152],[4.34187,50.10738],[4.34109,50.11793],[4.34025,50.11878],[4.34003,50.1204],[4.33537,50.12],[4.33332,50.12063],[4.33022,50.12009],[4.3257,50.12094],[4.32493,50.12104],[4.32356,50.12093],[4.322,50.12122],[4.32082,50.12105],[4.32002,50.12124],[4.31941,50.12159],[4.3179,50.12173],[4.31747,50.12155],[4.31672,50.12155],[4.31611,50.12135],[4.31558,50.12136],[4.31467,50.12108],[4.31471,50.12078],[4.31411,50.12061],[4.3138,50.12033],[4.31279,50.12035],[4.31143,50.11996],[4.31101,50.11957],[4.31057,50.11953],[4.31015,50.11904],[4.30968,50.11876],[4.30856,50.11853],[4.30777,50.11859],[4.30647,50.11889],[4.30593,50.11891],[4.30512,50.11934],[4.30427,50.11947],[4.30388,50.11991],[4.30347,50.11968],[4.30319,50.11982],[4.30241,50.11979],[4.3022,50.12005],[4.30119,50.11979],[4.3004,50.11989],[4.30016,50.12013],[4.29967,50.11995],[4.29889,50.12021],[4.29791,50.12028],[4.29782,50.12006],[4.29695,50.12009],[4.2965,50.11982],[4.29613,50.11982],[4.29627,50.11953],[4.29499,50.11949],[4.29391,50.11912],[4.2934,50.1194],[4.29256,50.11954],[4.29215,50.11927],[4.29179,50.11941],[4.29127,50.11923],[4.29032,50.11918],[4.29006,50.11941],[4.28919,50.11934],[4.28895,50.11895],[4.28853,50.11918],[4.28865,50.11875],[4.288,50.11887],[4.28714,50.1188],[4.28661,50.11915],[4.2864,50.119],[4.28484,50.11901],[4.28447,50.11927],[4.28317,50.11969],[4.28322,50.11978],[4.28231,50.12015],[4.28199,50.12045],[4.28176,50.1205],[4.28078,50.12178],[4.27947,50.12183],[4.2779,50.12245],[4.27743,50.1221],[4.27616,50.12164],[4.27536,50.12164],[4.27438,50.12108],[4.27341,50.12175],[4.27121,50.12167],[4.26875,50.12291],[4.26515,50.1252],[4.26401,50.12585],[4.26252,50.12819],[4.26167,50.1283],[4.26049,50.12782],[4.26006,50.12719],[4.25951,50.12719],[4.25786,50.12779],[4.25613,50.12862],[4.25527,50.12821],[4.25464,50.12878],[4.25337,50.12856],[4.25285,50.12858],[4.25191,50.12821],[4.25042,50.12745],[4.24924,50.12741],[4.24855,50.12721],[4.24738,50.12726],[4.24674,50.1275],[4.24603,50.12741],[4.24528,50.12672],[4.24398,50.12622],[4.24256,50.12625],[4.24179,50.12619],[4.24159,50.12684],[4.24074,50.12674],[4.23978,50.12599],[4.23941,50.12611],[4.23891,50.12599],[4.23807,50.12625],[4.23712,50.12687],[4.23487,50.12881],[4.23487,50.12994],[4.2326,50.12926],[4.23114,50.1287],[4.23009,50.1278],[4.22968,50.12705],[4.2291,50.12509],[4.2285,50.1246],[4.22807,50.12462],[4.22758,50.12437],[4.22753,50.12406],[4.22607,50.12352],[4.22477,50.12322],[4.22359,50.12309],[4.22211,50.12318],[4.22049,50.1228],[4.21982,50.12274],[4.21903,50.12288],[4.21852,50.12318],[4.21715,50.12309],[4.21683,50.12289],[4.21631,50.12319],[4.21653,50.12339],[4.21532,50.12384],[4.21502,50.12411],[4.21482,50.12396],[4.21358,50.12394],[4.21323,50.12379],[4.21175,50.12375],[4.21029,50.1238],[4.20986,50.12366],[4.20906,50.12371],[4.20876,50.12391],[4.20737,50.12394],[4.20649,50.12387],[4.20645,50.12419],[4.20571,50.12419],[4.20472,50.12362],[4.20462,50.12338],[4.20395,50.12327],[4.20378,50.1235],[4.20411,50.12368],[4.20334,50.12381],[4.20295,50.12352],[4.20218,50.12376],[4.20206,50.12362]]]}},{"type":"Feature","id":"56022","bbox":[4.042766,50.256425,4.219992,50.349693],"properties":{"nis":"56022","name":"Erquelinnes","nameNl":"Erquelinnes","nameFr":"Erquelinnes","nameDe":"Erquelinnes","province":"hainaut","region":"wallonia","areaKm2":44.4},"geometry":{"type":"Polygon","coordinates":[[[4.13256,50.33055],[4.1327,50.32979],[4.13166,50.33045],[4.12815,50.33114],[4.12708,50.33129],[4.12484,50.33131],[4.12128,50.33077],[4.12063,50.33088],[4.11647,50.33093],[4.11381,50.33059],[4.11317,50.3314],[4.11138,50.33204],[4.11118,50.33175],[4.10754,50.33241],[4.10727,50.33267],[4.10508,50.33185],[4.10258,50.33364],[4.1008,50.33486],[4.09937,50.33614],[4.09717,50.3353],[4.09755,50.33491],[4.09652,50.33418],[4.0945,50.33297],[4.09284,50.3325],[4.09188,50.33209],[4.09019,50.33345],[4.08935,50.33428],[4.08755,50.3358],[4.08605,50.3369],[4.08612,50.33695],[4.08474,50.33797],[4.08484,50.33803],[4.0836,50.33947],[4.08238,50.34059],[4.08107,50.34203],[4.07976,50.34321],[4.07891,50.34376],[4.07789,50.34483],[4.0765,50.34562],[4.07676,50.34576],[4.07534,50.34671],[4.07451,50.34711],[4.07291,50.34814],[4.07104,50.34969],[4.0697,50.34832],[4.06658,50.34963],[4.06472,50.34803],[4.06506,50.34767],[4.06393,50.34712],[4.0629,50.34841],[4.06075,50.34692],[4.05941,50.3481],[4.05705,50.34718],[4.0572,50.34695],[4.05474,50.3465],[4.05165,50.34623],[4.05065,50.34627],[4.05053,50.34481],[4.04944,50.34462],[4.04946,50.34399],[4.04801,50.34386],[4.04754,50.34316],[4.04574,50.34117],[4.04465,50.34169],[4.04277,50.34009],[4.04414,50.33947],[4.04845,50.33959],[4.04977,50.33956],[4.05227,50.33935],[4.05401,50.33933],[4.05417,50.33853],[4.05375,50.33755],[4.05362,50.33667],[4.05325,50.33531],[4.05481,50.33485],[4.05514,50.3349],[4.05506,50.33398],[4.05506,50.33253],[4.05571,50.33273],[4.05596,50.33223],[4.05632,50.33212],[4.05709,50.33247],[4.06082,50.33164],[4.06293,50.33125],[4.06481,50.33072],[4.06544,50.33031],[4.06616,50.32901],[4.06617,50.32846],[4.06708,50.32732],[4.07055,50.32449],[4.07155,50.32375],[4.07308,50.32316],[4.07573,50.32195],[4.07679,50.32164],[4.07827,50.32067],[4.07827,50.31998],[4.07855,50.31938],[4.07868,50.31817],[4.0784,50.31765],[4.0783,50.31629],[4.07841,50.31523],[4.07915,50.31408],[4.07962,50.31118],[4.07851,50.311],[4.07896,50.30995],[4.07891,50.30966],[4.08047,50.30961],[4.08068,50.30909],[4.08192,50.30921],[4.08338,50.3097],[4.08465,50.31068],[4.08447,50.31081],[4.08662,50.31161],[4.08759,50.31192],[4.0916,50.31254],[4.09325,50.31303],[4.09557,50.31196],[4.09718,50.31351],[4.10022,50.31192],[4.10387,50.30919],[4.10571,50.3075],[4.10613,50.30689],[4.10634,50.30695],[4.10709,50.30602],[4.10912,50.30274],[4.10971,50.30185],[4.11184,50.30297],[4.11299,50.30209],[4.11397,50.3024],[4.11429,50.3022],[4.11638,50.3035],[4.11707,50.30409],[4.11819,50.30315],[4.11896,50.30211],[4.11776,50.30172],[4.11799,50.30089],[4.11825,50.30049],[4.12044,50.29902],[4.12128,50.29858],[4.12273,50.29799],[4.1229,50.297],[4.12368,50.29489],[4.12401,50.29337],[4.12414,50.29338],[4.12486,50.29098],[4.12527,50.28995],[4.12553,50.28838],[4.12568,50.28839],[4.12598,50.28617],[4.12563,50.2843],[4.12507,50.28214],[4.1253,50.28053],[4.12447,50.27975],[4.12186,50.27764],[4.12387,50.27449],[4.12438,50.27363],[4.12406,50.27284],[4.1251,50.27349],[4.12799,50.27433],[4.13166,50.27466],[4.13206,50.27453],[4.13351,50.27449],[4.13497,50.27459],[4.13583,50.27451],[4.13631,50.2746],[4.13631,50.27423],[4.13599,50.27333],[4.13527,50.27035],[4.13492,50.26831],[4.13367,50.26705],[4.13373,50.26619],[4.13431,50.26567],[4.13555,50.26561],[4.13713,50.26508],[4.13802,50.26423],[4.13793,50.26388],[4.13834,50.26386],[4.13841,50.26338],[4.1388,50.26329],[4.13788,50.25986],[4.13682,50.25972],[4.13639,50.25976],[4.13508,50.25962],[4.13551,50.2574],[4.13642,50.25762],[4.13706,50.25682],[4.1386,50.2571],[4.14005,50.25728],[4.14076,50.25753],[4.14338,50.25793],[4.14447,50.25836],[4.14572,50.2585],[4.14772,50.2582],[4.14818,50.25805],[4.14912,50.25731],[4.1503,50.25664],[4.15077,50.25653],[4.15167,50.25658],[4.15241,50.25651],[4.15326,50.25669],[4.154,50.25643],[4.15467,50.25642],[4.15702,50.25665],[4.16357,50.25741],[4.16502,50.25944],[4.16767,50.25949],[4.16791,50.26031],[4.16833,50.26377],[4.16872,50.26654],[4.16815,50.26694],[4.16758,50.26707],[4.16624,50.26716],[4.16594,50.26795],[4.1636,50.26917],[4.16342,50.27187],[4.16251,50.27162],[4.16164,50.27161],[4.16071,50.27173],[4.16028,50.27202],[4.15905,50.27214],[4.15796,50.27215],[4.15685,50.27243],[4.15498,50.27325],[4.15412,50.27349],[4.1503,50.27415],[4.14963,50.27456],[4.14972,50.2752],[4.14928,50.27557],[4.1496,50.2764],[4.14926,50.27663],[4.1493,50.27691],[4.14975,50.27731],[4.15023,50.27724],[4.1512,50.27786],[4.15178,50.27791],[4.15245,50.27825],[4.15346,50.279],[4.15454,50.27968],[4.1549,50.28005],[4.15552,50.28037],[4.15539,50.28054],[4.15457,50.28062],[4.1544,50.28118],[4.15468,50.28172],[4.15507,50.2819],[4.15504,50.28217],[4.1546,50.28245],[4.15562,50.28291],[4.15499,50.28352],[4.15549,50.28377],[4.15453,50.28425],[4.154,50.28414],[4.15427,50.28455],[4.15366,50.28463],[4.15337,50.28484],[4.15621,50.28518],[4.15775,50.28508],[4.16107,50.28494],[4.16262,50.28895],[4.16724,50.28845],[4.16993,50.28811],[4.16902,50.28467],[4.1711,50.28458],[4.17334,50.28455],[4.17636,50.28444],[4.17614,50.2811],[4.17594,50.28046],[4.17463,50.27846],[4.17693,50.27657],[4.17742,50.27504],[4.17889,50.27518],[4.18228,50.27412],[4.18266,50.27451],[4.18365,50.27504],[4.18463,50.27509],[4.18766,50.27474],[4.18925,50.27434],[4.18935,50.27458],[4.19061,50.27458],[4.1917,50.27396],[4.19377,50.27373],[4.19361,50.27332],[4.19476,50.27328],[4.19566,50.27339],[4.19719,50.27343],[4.19787,50.27362],[4.19896,50.27454],[4.19999,50.27419],[4.20093,50.27402],[4.201,50.27482],[4.20169,50.27459],[4.20284,50.27462],[4.20418,50.27414],[4.20434,50.27459],[4.20525,50.27503],[4.2058,50.27661],[4.20598,50.27741],[4.20873,50.27695],[4.2094,50.27785],[4.21147,50.27824],[4.21314,50.27862],[4.2126,50.2805],[4.21509,50.28093],[4.21604,50.28089],[4.21573,50.28002],[4.21698,50.28002],[4.21825,50.28051],[4.2187,50.28076],[4.21999,50.2812],[4.2194,50.28166],[4.21611,50.28352],[4.21325,50.28477],[4.211,50.28606],[4.20979,50.28694],[4.20887,50.28772],[4.20868,50.28898],[4.21026,50.28959],[4.20969,50.29071],[4.20841,50.29063],[4.20817,50.29101],[4.20728,50.2914],[4.20396,50.29374],[4.20359,50.29391],[4.20468,50.29537],[4.20589,50.29685],[4.20243,50.29792],[4.19949,50.30054],[4.1994,50.30099],[4.19868,50.30296],[4.19809,50.30499],[4.19818,50.30536],[4.19913,50.30677],[4.1994,50.30733],[4.19949,50.3088],[4.19865,50.31083],[4.19711,50.31081],[4.19683,50.31135],[4.19303,50.31066],[4.191,50.3102],[4.18823,50.30994],[4.18577,50.30977],[4.18413,50.31001],[4.18259,50.31032],[4.18304,50.31115],[4.18113,50.31182],[4.17979,50.31222],[4.17914,50.31301],[4.17899,50.31348],[4.17779,50.3136],[4.17787,50.31378],[4.17608,50.3143],[4.17478,50.31477],[4.17593,50.31514],[4.17372,50.3162],[4.17233,50.31694],[4.17197,50.31705],[4.17155,50.3163],[4.16903,50.31725],[4.16983,50.31883],[4.16778,50.31918],[4.16576,50.31913],[4.1638,50.31924],[4.16316,50.3196],[4.16311,50.32001],[4.1633,50.32061],[4.16386,50.32112],[4.16417,50.32195],[4.16392,50.32251],[4.16338,50.32277],[4.16157,50.32288],[4.16048,50.32282],[4.15819,50.32218],[4.15673,50.32209],[4.15582,50.32183],[4.15439,50.32069],[4.1541,50.32032],[4.15289,50.32071],[4.15241,50.32035],[4.15115,50.32075],[4.14752,50.32308],[4.1444,50.32504],[4.14373,50.32495],[4.14263,50.32504],[4.14158,50.32589],[4.14119,50.32578],[4.13998,50.32699],[4.13783,50.33008],[4.1368,50.33041],[4.13532,50.33056],[4.13256,50.33055]]]}},{"type":"Feature","id":"56029","bbox":[4.281995,50.082628,4.401141,50.243423],"properties":{"nis":"56029","name":"Froidchapelle","nameNl":"Froidchapelle","nameFr":"Froidchapelle","nameDe":"Froidchapelle","province":"hainaut","region":"wallonia","areaKm2":86.33},"geometry":{"type":"Polygon","coordinates":[[[4.38659,50.10689],[4.38635,50.10739],[4.38584,50.10781],[4.38562,50.10901],[4.38691,50.10987],[4.38706,50.11088],[4.38777,50.11178],[4.38826,50.11299],[4.38812,50.11299],[4.3901,50.11456],[4.39205,50.11626],[4.39511,50.11694],[4.39639,50.11793],[4.39702,50.1209],[4.39773,50.12206],[4.39956,50.12238],[4.40068,50.12285],[4.39979,50.12331],[4.39801,50.12449],[4.39773,50.12507],[4.39794,50.12615],[4.39681,50.12732],[4.39497,50.12799],[4.39399,50.12862],[4.39441,50.12961],[4.39229,50.12983],[4.38996,50.12983],[4.38862,50.131],[4.38855,50.1328],[4.38812,50.13415],[4.38685,50.13459],[4.38431,50.13585],[4.38452,50.1368],[4.38516,50.13689],[4.38558,50.13729],[4.38848,50.14192],[4.38826,50.14434],[4.38749,50.14668],[4.38473,50.15059],[4.38339,50.15126],[4.38128,50.15324],[4.37591,50.15328],[4.37548,50.15669],[4.36623,50.15764],[4.36531,50.1571],[4.36334,50.16155],[4.36524,50.16213],[4.36503,50.16294],[4.36369,50.16438],[4.36341,50.16707],[4.36171,50.17066],[4.368,50.17313],[4.37153,50.17331],[4.374,50.17403],[4.37654,50.17439],[4.38276,50.17785],[4.38417,50.17812],[4.38643,50.17947],[4.3901,50.18059],[4.39242,50.1807],[4.3937,50.18131],[4.39462,50.18216],[4.39525,50.18315],[4.3966,50.184],[4.39677,50.185],[4.39752,50.18597],[4.39603,50.18634],[4.39533,50.1871],[4.39582,50.18881],[4.39674,50.1898],[4.39596,50.19007],[4.39596,50.19061],[4.39568,50.19146],[4.39589,50.19299],[4.39505,50.19375],[4.39419,50.1937],[4.39123,50.19389],[4.39059,50.19474],[4.39236,50.19703],[4.39257,50.19797],[4.39123,50.19779],[4.39046,50.19865],[4.38925,50.19972],[4.38925,50.20044],[4.39074,50.20157],[4.39165,50.20237],[4.39285,50.20228],[4.39208,50.20296],[4.39271,50.20421],[4.39243,50.20615],[4.393,50.20655],[4.393,50.20691],[4.39208,50.20664],[4.39158,50.20736],[4.39158,50.2079],[4.3913,50.20893],[4.39172,50.21037],[4.39116,50.21082],[4.39151,50.21136],[4.39151,50.21172],[4.39208,50.21163],[4.39257,50.21194],[4.39229,50.21243],[4.39257,50.21271],[4.39342,50.21243],[4.39356,50.21315],[4.39469,50.21235],[4.39589,50.21239],[4.39723,50.21257],[4.39836,50.21288],[4.39871,50.21347],[4.39766,50.21428],[4.39646,50.21562],[4.39518,50.21738],[4.39667,50.21796],[4.39752,50.21805],[4.39716,50.21872],[4.39631,50.21967],[4.39582,50.21962],[4.39547,50.21989],[4.39483,50.21989],[4.39412,50.22119],[4.39499,50.22139],[4.39515,50.22171],[4.39445,50.22309],[4.39487,50.22317],[4.39501,50.22275],[4.39556,50.22287],[4.3954,50.22326],[4.39733,50.22361],[4.39712,50.22444],[4.3955,50.22477],[4.39571,50.22561],[4.39875,50.22586],[4.39984,50.22588],[4.39978,50.22793],[4.40082,50.22792],[4.40051,50.22946],[4.39878,50.22938],[4.39928,50.23087],[4.40017,50.23185],[4.40093,50.23234],[4.40097,50.23306],[4.39503,50.23291],[4.39386,50.23316],[4.39192,50.2339],[4.39064,50.23402],[4.38886,50.2339],[4.38807,50.23566],[4.38846,50.23729],[4.38704,50.23934],[4.37927,50.23855],[4.37917,50.23937],[4.3765,50.23924],[4.37571,50.24075],[4.37254,50.24031],[4.37304,50.24062],[4.37254,50.24188],[4.37122,50.24264],[4.37099,50.24258],[4.36888,50.24272],[4.36803,50.24291],[4.36698,50.24342],[4.36615,50.24242],[4.36437,50.24168],[4.36401,50.24098],[4.36365,50.24089],[4.36103,50.23955],[4.36053,50.23914],[4.35971,50.23767],[4.36001,50.23748],[4.35895,50.23659],[4.3576,50.2358],[4.35594,50.23547],[4.3534,50.23442],[4.35154,50.2327],[4.34993,50.2317],[4.34938,50.23114],[4.34751,50.2307],[4.34641,50.23003],[4.34612,50.2296],[4.34649,50.22892],[4.34624,50.22806],[4.345,50.22737],[4.34468,50.22645],[4.34586,50.22496],[4.34535,50.22285],[4.34466,50.22202],[4.34231,50.22074],[4.33889,50.21721],[4.33857,50.21694],[4.33974,50.2164],[4.33892,50.21442],[4.33903,50.2144],[4.33844,50.21198],[4.33606,50.21109],[4.33567,50.21066],[4.33582,50.2104],[4.33464,50.2101],[4.33287,50.20981],[4.33348,50.20881],[4.33141,50.20758],[4.3295,50.20672],[4.32928,50.2069],[4.32859,50.2065],[4.3288,50.20622],[4.32805,50.20606],[4.32448,50.20553],[4.32307,50.20602],[4.32284,50.20625],[4.3216,50.2063],[4.32068,50.20612],[4.32005,50.20589],[4.31541,50.2071],[4.31206,50.20815],[4.29964,50.20649],[4.29552,50.20542],[4.2948,50.2051],[4.29067,50.20413],[4.29127,50.20254],[4.29102,50.20165],[4.29138,50.19999],[4.29194,50.19659],[4.28914,50.19442],[4.28856,50.19299],[4.28851,50.19247],[4.2885,50.18988],[4.28891,50.18983],[4.29545,50.18929],[4.29716,50.18886],[4.29511,50.18601],[4.29383,50.18464],[4.29306,50.18316],[4.29255,50.18292],[4.29177,50.18142],[4.29142,50.18132],[4.29113,50.18015],[4.29071,50.1795],[4.29101,50.17829],[4.29361,50.17793],[4.29389,50.1778],[4.29461,50.17787],[4.2956,50.17775],[4.29854,50.17768],[4.29872,50.17759],[4.29953,50.17776],[4.30145,50.17787],[4.30314,50.17334],[4.30291,50.17249],[4.3034,50.17142],[4.30352,50.16934],[4.30316,50.16926],[4.30226,50.16953],[4.30121,50.16954],[4.29978,50.16993],[4.2993,50.16986],[4.29867,50.17011],[4.29838,50.16984],[4.29794,50.16999],[4.29781,50.16954],[4.29729,50.16993],[4.29682,50.16964],[4.29689,50.16942],[4.29623,50.16863],[4.29386,50.16808],[4.29394,50.16793],[4.29226,50.16768],[4.29048,50.16765],[4.28992,50.16756],[4.28907,50.1677],[4.28834,50.16708],[4.2881,50.16715],[4.28699,50.16691],[4.28706,50.16619],[4.28646,50.16593],[4.28712,50.16534],[4.28804,50.16513],[4.28795,50.16498],[4.28959,50.16445],[4.28882,50.16372],[4.28824,50.16281],[4.28687,50.16267],[4.28668,50.16211],[4.28504,50.16176],[4.28441,50.16129],[4.28384,50.16049],[4.28373,50.15986],[4.28422,50.15957],[4.28472,50.15889],[4.28696,50.15791],[4.28717,50.15723],[4.28713,50.1558],[4.28628,50.15413],[4.28764,50.15351],[4.28815,50.15349],[4.28993,50.15395],[4.2912,50.15351],[4.29217,50.15295],[4.29366,50.15157],[4.29666,50.1505],[4.29823,50.15031],[4.29992,50.14998],[4.29895,50.14796],[4.29954,50.14686],[4.29929,50.14551],[4.29836,50.14406],[4.29878,50.14249],[4.29865,50.14139],[4.29921,50.1405],[4.29908,50.13969],[4.29963,50.13875],[4.29976,50.13831],[4.30082,50.13697],[4.30264,50.13527],[4.3037,50.13492],[4.30429,50.13454],[4.30403,50.13373],[4.30382,50.13257],[4.30319,50.13212],[4.30056,50.1319],[4.30077,50.13091],[4.30042,50.13087],[4.29992,50.1297],[4.29477,50.12885],[4.29498,50.1284],[4.29597,50.1284],[4.29618,50.12588],[4.29583,50.12557],[4.29548,50.12436],[4.29407,50.12368],[4.2918,50.12341],[4.28997,50.12215],[4.2911,50.12139],[4.29046,50.12076],[4.28905,50.12045],[4.28651,50.12076],[4.28199,50.12045],[4.28231,50.12015],[4.28322,50.11978],[4.28317,50.11969],[4.28447,50.11927],[4.28484,50.11901],[4.2864,50.119],[4.28661,50.11915],[4.28714,50.1188],[4.288,50.11887],[4.28865,50.11875],[4.28853,50.11918],[4.28895,50.11895],[4.28919,50.11934],[4.29006,50.11941],[4.29032,50.11918],[4.29127,50.11923],[4.29179,50.11941],[4.29215,50.11927],[4.29256,50.11954],[4.2934,50.1194],[4.29391,50.11912],[4.29499,50.11949],[4.29627,50.11953],[4.29613,50.11982],[4.2965,50.11982],[4.29695,50.12009],[4.29782,50.12006],[4.29791,50.12028],[4.29889,50.12021],[4.29967,50.11995],[4.30016,50.12013],[4.3004,50.11989],[4.30119,50.11979],[4.3022,50.12005],[4.30241,50.11979],[4.30319,50.11982],[4.30347,50.11968],[4.30388,50.11991],[4.30427,50.11947],[4.30512,50.11934],[4.30593,50.11891],[4.30647,50.11889],[4.30777,50.11859],[4.30856,50.11853],[4.30968,50.11876],[4.31015,50.11904],[4.31057,50.11953],[4.31101,50.11957],[4.31143,50.11996],[4.31279,50.12035],[4.3138,50.12033],[4.31411,50.12061],[4.31471,50.12078],[4.31467,50.12108],[4.31558,50.12136],[4.31611,50.12135],[4.31672,50.12155],[4.31747,50.12155],[4.3179,50.12173],[4.31941,50.12159],[4.32002,50.12124],[4.32082,50.12105],[4.322,50.12122],[4.32356,50.12093],[4.32493,50.12104],[4.3257,50.12094],[4.33022,50.12009],[4.33332,50.12063],[4.33537,50.12],[4.34003,50.1204],[4.34025,50.11878],[4.34109,50.11793],[4.34187,50.10738],[4.34236,50.09152],[4.34371,50.09175],[4.34611,50.09067],[4.34702,50.08999],[4.34632,50.08851],[4.34851,50.08797],[4.34816,50.08689],[4.34632,50.08649],[4.34279,50.08613],[4.343,50.08555],[4.34971,50.08389],[4.36016,50.08263],[4.36742,50.08549],[4.37718,50.0895],[4.37682,50.09332],[4.37718,50.09511],[4.37654,50.09902],[4.37725,50.09929],[4.37845,50.09938],[4.37944,50.10109],[4.37986,50.10243],[4.37979,50.10374],[4.37916,50.10625],[4.37916,50.1067],[4.38022,50.10742],[4.38247,50.10756],[4.38659,50.10689]]]}},{"type":"Feature","id":"56044","bbox":[4.183193,50.318966,4.304127,50.38888],"properties":{"nis":"56044","name":"Lobbes","nameNl":"Lobbes","nameFr":"Lobbes","nameDe":"Lobbes","province":"hainaut","region":"wallonia","areaKm2":32.12},"geometry":{"type":"Polygon","coordinates":[[[4.22675,50.32006],[4.22757,50.3204],[4.2283,50.32101],[4.22925,50.32136],[4.23025,50.32145],[4.23074,50.32164],[4.231,50.322],[4.23106,50.32306],[4.23079,50.32413],[4.23079,50.32508],[4.2304,50.32676],[4.23048,50.32871],[4.23064,50.32972],[4.23091,50.33229],[4.23129,50.33282],[4.23187,50.33314],[4.23293,50.33342],[4.23499,50.33383],[4.23623,50.33361],[4.23762,50.33359],[4.23814,50.33386],[4.23951,50.33502],[4.24009,50.33578],[4.24106,50.33652],[4.2419,50.33731],[4.24285,50.33857],[4.24548,50.34059],[4.24619,50.34103],[4.24889,50.3422],[4.24946,50.34263],[4.24979,50.34257],[4.24972,50.34192],[4.24884,50.34092],[4.24826,50.34063],[4.24762,50.33971],[4.24887,50.33874],[4.24937,50.33846],[4.24883,50.33759],[4.24811,50.33673],[4.24837,50.33657],[4.25013,50.33714],[4.25338,50.33715],[4.25348,50.33689],[4.2547,50.33619],[4.25604,50.33533],[4.25597,50.33504],[4.25699,50.33476],[4.25725,50.3348],[4.25839,50.33736],[4.26041,50.33712],[4.26171,50.33874],[4.2636,50.3382],[4.2645,50.33953],[4.26681,50.3391],[4.26697,50.33976],[4.26894,50.33985],[4.26957,50.34067],[4.26974,50.34109],[4.27042,50.34102],[4.27192,50.34142],[4.27223,50.34179],[4.27286,50.34216],[4.27327,50.3429],[4.27356,50.34507],[4.27448,50.34734],[4.27517,50.348],[4.27628,50.3482],[4.27755,50.34809],[4.27867,50.34766],[4.2789,50.34748],[4.27952,50.34904],[4.28019,50.34955],[4.28065,50.35025],[4.28107,50.35121],[4.28081,50.35119],[4.28037,50.35176],[4.28115,50.35249],[4.28105,50.35352],[4.28114,50.354],[4.2811,50.35531],[4.28052,50.35579],[4.28114,50.3559],[4.28178,50.35744],[4.28339,50.36085],[4.28365,50.36171],[4.28403,50.36252],[4.28553,50.3648],[4.28569,50.36511],[4.28622,50.36689],[4.28711,50.36881],[4.28788,50.37088],[4.28807,50.37155],[4.28878,50.37356],[4.28932,50.37453],[4.29013,50.37567],[4.29018,50.37638],[4.29046,50.37662],[4.29076,50.3762],[4.29103,50.37488],[4.29234,50.37395],[4.29231,50.37371],[4.29337,50.37308],[4.29306,50.37265],[4.29234,50.37105],[4.29201,50.37061],[4.29318,50.37003],[4.29325,50.36975],[4.29264,50.36949],[4.2923,50.36913],[4.29253,50.36884],[4.29308,50.3687],[4.29361,50.36797],[4.29481,50.36781],[4.2963,50.3672],[4.29756,50.36697],[4.29797,50.36703],[4.29836,50.36763],[4.29933,50.36841],[4.29995,50.36856],[4.30167,50.36861],[4.30246,50.369],[4.30371,50.36919],[4.30413,50.36946],[4.30353,50.36976],[4.30199,50.36999],[4.3015,50.37122],[4.30149,50.37167],[4.30191,50.37343],[4.30167,50.37587],[4.30075,50.3767],[4.30023,50.37742],[4.29973,50.38029],[4.29534,50.38404],[4.29393,50.38477],[4.29318,50.38833],[4.29303,50.38888],[4.28941,50.3881],[4.28704,50.38719],[4.28435,50.38701],[4.27966,50.38675],[4.27823,50.38654],[4.27789,50.38556],[4.27535,50.38308],[4.27434,50.38282],[4.27174,50.38276],[4.27058,50.38257],[4.26964,50.38324],[4.26759,50.38513],[4.2652,50.38332],[4.2621,50.38296],[4.25937,50.38219],[4.25866,50.38244],[4.25688,50.38197],[4.25445,50.38156],[4.253,50.38098],[4.25124,50.37991],[4.25005,50.37984],[4.24929,50.38002],[4.24876,50.38061],[4.24816,50.38093],[4.24704,50.38113],[4.24564,50.38111],[4.24381,50.38093],[4.24275,50.3809],[4.23884,50.37776],[4.23862,50.3773],[4.23763,50.37809],[4.23668,50.37871],[4.23438,50.37949],[4.23117,50.38062],[4.23033,50.3796],[4.22856,50.37983],[4.22748,50.37985],[4.22656,50.38041],[4.2252,50.3814],[4.22432,50.38087],[4.22388,50.38048],[4.22266,50.37914],[4.22238,50.37853],[4.22129,50.3773],[4.22059,50.37668],[4.21984,50.37584],[4.22058,50.37531],[4.22135,50.37534],[4.22137,50.37426],[4.22233,50.37441],[4.22342,50.37472],[4.22396,50.37554],[4.22458,50.37623],[4.22578,50.37617],[4.2265,50.37593],[4.22692,50.37539],[4.2268,50.37462],[4.22627,50.37446],[4.22632,50.37333],[4.22577,50.37309],[4.22502,50.37224],[4.22483,50.37164],[4.22307,50.3717],[4.22301,50.37064],[4.22213,50.3695],[4.22174,50.36874],[4.22068,50.3675],[4.22554,50.36561],[4.22904,50.3642],[4.2298,50.36395],[4.23217,50.36303],[4.23187,50.36262],[4.23128,50.36261],[4.23087,50.3623],[4.23122,50.36215],[4.23111,50.36178],[4.23191,50.36148],[4.23178,50.36121],[4.23292,50.3611],[4.23303,50.36076],[4.23358,50.36057],[4.23362,50.35977],[4.23343,50.35956],[4.23398,50.35924],[4.23482,50.35824],[4.23449,50.35792],[4.23424,50.35706],[4.23361,50.35711],[4.23185,50.35702],[4.23103,50.35688],[4.23069,50.35704],[4.22986,50.35689],[4.22922,50.35709],[4.22813,50.35782],[4.2277,50.35825],[4.22639,50.35885],[4.22654,50.3597],[4.22419,50.36034],[4.2217,50.36091],[4.22154,50.36083],[4.21922,50.36148],[4.21757,50.36263],[4.2177,50.36326],[4.21737,50.36356],[4.21574,50.36453],[4.21413,50.36476],[4.21366,50.36435],[4.21352,50.36386],[4.21266,50.3634],[4.21036,50.3623],[4.20963,50.36207],[4.20752,50.36101],[4.20639,50.36076],[4.20526,50.36067],[4.20411,50.36049],[4.20388,50.36063],[4.20477,50.36131],[4.20506,50.36168],[4.20476,50.36202],[4.204,50.36249],[4.20334,50.36325],[4.20265,50.36309],[4.20175,50.36272],[4.20157,50.36282],[4.198,50.362],[4.19687,50.361],[4.19612,50.36044],[4.19456,50.36005],[4.1955,50.35861],[4.19518,50.35767],[4.19511,50.35684],[4.19539,50.35638],[4.19621,50.35597],[4.19629,50.35533],[4.19617,50.35323],[4.19607,50.35282],[4.19643,50.35241],[4.19445,50.35113],[4.19312,50.35047],[4.19142,50.34933],[4.19082,50.34946],[4.18687,50.35075],[4.18579,50.35103],[4.18501,50.34991],[4.18476,50.34942],[4.18417,50.34879],[4.1834,50.34883],[4.18319,50.34864],[4.18404,50.34684],[4.18379,50.34664],[4.1841,50.34647],[4.18463,50.34574],[4.18442,50.34528],[4.18498,50.3443],[4.18546,50.34393],[4.18645,50.34173],[4.18709,50.34067],[4.18766,50.33927],[4.18867,50.33841],[4.18886,50.33779],[4.18866,50.33671],[4.1889,50.33576],[4.18898,50.33462],[4.18998,50.33191],[4.19035,50.32953],[4.19413,50.32981],[4.19742,50.33023],[4.19713,50.3293],[4.19868,50.32921],[4.19892,50.32966],[4.2003,50.32961],[4.2012,50.32983],[4.20144,50.33007],[4.20207,50.33006],[4.20225,50.32956],[4.20301,50.32875],[4.20603,50.32907],[4.20677,50.32817],[4.20798,50.32723],[4.20888,50.32601],[4.20889,50.32578],[4.20964,50.32556],[4.21016,50.32565],[4.21061,50.32537],[4.21109,50.3257],[4.2124,50.32631],[4.21337,50.32646],[4.21361,50.32676],[4.2149,50.32697],[4.21618,50.32699],[4.21697,50.3268],[4.2175,50.32642],[4.21833,50.32621],[4.2188,50.32584],[4.21909,50.32526],[4.21899,50.32458],[4.21871,50.32409],[4.21787,50.32394],[4.2174,50.32316],[4.21584,50.32178],[4.21578,50.32141],[4.2168,50.32011],[4.21759,50.3197],[4.21854,50.31941],[4.22016,50.31908],[4.22182,50.31897],[4.22264,50.31901],[4.22453,50.31935],[4.22675,50.32006]]]}},{"type":"Feature","id":"56049","bbox":[4.132564,50.281204,4.267464,50.366751],"properties":{"nis":"56049","name":"Merbes-le-Château","nameNl":"Merbes-le-Château","nameFr":"Merbes-le-Château","nameDe":"Merbes-le-Château","province":"hainaut","region":"wallonia","areaKm2":30.43},"geometry":{"type":"Polygon","coordinates":[[[4.1801,50.3625],[4.17965,50.3629],[4.17896,50.36267],[4.17856,50.36274],[4.17824,50.36357],[4.17847,50.36474],[4.17771,50.36475],[4.17722,50.36496],[4.17734,50.3656],[4.17692,50.36567],[4.1763,50.36549],[4.17568,50.36475],[4.17382,50.3652],[4.17291,50.36575],[4.173,50.36616],[4.17237,50.36623],[4.17172,50.36546],[4.17045,50.36609],[4.17022,50.36591],[4.16926,50.36612],[4.16842,50.36565],[4.16766,50.36548],[4.16649,50.36451],[4.16587,50.36497],[4.16519,50.36476],[4.16369,50.36546],[4.16208,50.36524],[4.16175,50.36536],[4.16086,50.36617],[4.16017,50.36661],[4.15931,50.36675],[4.15889,50.36625],[4.15711,50.36491],[4.15547,50.36548],[4.15436,50.36466],[4.1539,50.36381],[4.15301,50.3633],[4.15371,50.36271],[4.15276,50.36218],[4.14979,50.36067],[4.15013,50.35956],[4.15012,50.35835],[4.14861,50.35837],[4.14833,50.35719],[4.14973,50.35701],[4.14984,50.35729],[4.15082,50.35771],[4.1516,50.3573],[4.15188,50.35614],[4.15022,50.35586],[4.15087,50.35506],[4.15167,50.35524],[4.15183,50.35463],[4.15179,50.3534],[4.15293,50.35326],[4.15293,50.35265],[4.15316,50.35064],[4.15295,50.3481],[4.15288,50.34507],[4.15184,50.3449],[4.15154,50.34522],[4.14712,50.34428],[4.14651,50.34394],[4.14678,50.34367],[4.14581,50.34318],[4.14626,50.34284],[4.14708,50.34246],[4.14483,50.34133],[4.14389,50.34135],[4.14387,50.34103],[4.14497,50.34055],[4.14414,50.3395],[4.14325,50.33896],[4.14364,50.33867],[4.14119,50.33721],[4.14004,50.33806],[4.13766,50.33659],[4.13853,50.33597],[4.13819,50.33575],[4.13638,50.33517],[4.13577,50.33469],[4.13518,50.33317],[4.13512,50.3323],[4.13448,50.33167],[4.13256,50.33055],[4.13532,50.33056],[4.1368,50.33041],[4.13783,50.33008],[4.13998,50.32699],[4.14119,50.32578],[4.14158,50.32589],[4.14263,50.32504],[4.14373,50.32495],[4.1444,50.32504],[4.14752,50.32308],[4.15115,50.32075],[4.15241,50.32035],[4.15289,50.32071],[4.1541,50.32032],[4.15439,50.32069],[4.15582,50.32183],[4.15673,50.32209],[4.15819,50.32218],[4.16048,50.32282],[4.16157,50.32288],[4.16338,50.32277],[4.16392,50.32251],[4.16417,50.32195],[4.16386,50.32112],[4.1633,50.32061],[4.16311,50.32001],[4.16316,50.3196],[4.1638,50.31924],[4.16576,50.31913],[4.16778,50.31918],[4.16983,50.31883],[4.16903,50.31725],[4.17155,50.3163],[4.17197,50.31705],[4.17233,50.31694],[4.17372,50.3162],[4.17593,50.31514],[4.17478,50.31477],[4.17608,50.3143],[4.17787,50.31378],[4.17779,50.3136],[4.17899,50.31348],[4.17914,50.31301],[4.17979,50.31222],[4.18113,50.31182],[4.18304,50.31115],[4.18259,50.31032],[4.18413,50.31001],[4.18577,50.30977],[4.18823,50.30994],[4.191,50.3102],[4.19303,50.31066],[4.19683,50.31135],[4.19711,50.31081],[4.19865,50.31083],[4.19949,50.3088],[4.1994,50.30733],[4.19913,50.30677],[4.19818,50.30536],[4.19809,50.30499],[4.19868,50.30296],[4.1994,50.30099],[4.19949,50.30054],[4.20243,50.29792],[4.20589,50.29685],[4.20468,50.29537],[4.20359,50.29391],[4.20396,50.29374],[4.20728,50.2914],[4.20817,50.29101],[4.20841,50.29063],[4.20969,50.29071],[4.21026,50.28959],[4.20868,50.28898],[4.20887,50.28772],[4.20979,50.28694],[4.211,50.28606],[4.21325,50.28477],[4.21611,50.28352],[4.2194,50.28166],[4.21999,50.2812],[4.224,50.28215],[4.2258,50.28286],[4.22849,50.28286],[4.22929,50.2828],[4.23676,50.28258],[4.23806,50.28249],[4.2394,50.28256],[4.24463,50.2822],[4.24676,50.28212],[4.25104,50.282],[4.25392,50.28198],[4.25537,50.28234],[4.25671,50.28246],[4.25764,50.28307],[4.25778,50.283],[4.25874,50.28362],[4.26008,50.28398],[4.26025,50.28386],[4.26145,50.28426],[4.2617,50.28574],[4.26205,50.28681],[4.26305,50.28847],[4.26407,50.28883],[4.26563,50.2902],[4.26531,50.29037],[4.26637,50.29124],[4.26747,50.29201],[4.2657,50.2926],[4.26445,50.2932],[4.26343,50.29355],[4.26199,50.29332],[4.26023,50.2937],[4.25776,50.29442],[4.25786,50.29584],[4.25709,50.29588],[4.25709,50.29645],[4.25517,50.29748],[4.25409,50.29664],[4.25446,50.29639],[4.25389,50.29602],[4.25421,50.29577],[4.25355,50.29529],[4.25366,50.29518],[4.25198,50.2936],[4.25032,50.2943],[4.24903,50.29279],[4.25048,50.29212],[4.24932,50.29105],[4.2494,50.289],[4.2474,50.28924],[4.24717,50.28918],[4.24691,50.29055],[4.24776,50.29128],[4.24688,50.2917],[4.24662,50.29145],[4.24602,50.29195],[4.2457,50.29498],[4.24541,50.29594],[4.24375,50.29829],[4.24352,50.29829],[4.24323,50.29904],[4.24404,50.29919],[4.24316,50.30105],[4.24175,50.29976],[4.23929,50.30076],[4.23801,50.30123],[4.23855,50.3021],[4.23905,50.30259],[4.23816,50.30298],[4.2376,50.30277],[4.23685,50.30347],[4.23753,50.30363],[4.23712,50.30478],[4.23971,50.30465],[4.24009,50.30566],[4.24093,50.30565],[4.23869,50.30755],[4.2384,50.30784],[4.23818,50.30963],[4.24029,50.30998],[4.24237,50.31081],[4.24213,50.31112],[4.23996,50.31284],[4.24043,50.31376],[4.23835,50.31429],[4.23699,50.31428],[4.23725,50.31483],[4.23026,50.31572],[4.2309,50.31691],[4.22992,50.31801],[4.22903,50.31794],[4.22675,50.31802],[4.22675,50.32006],[4.22453,50.31935],[4.22264,50.31901],[4.22182,50.31897],[4.22016,50.31908],[4.21854,50.31941],[4.21759,50.3197],[4.2168,50.32011],[4.21578,50.32141],[4.21584,50.32178],[4.2174,50.32316],[4.21787,50.32394],[4.21871,50.32409],[4.21899,50.32458],[4.21909,50.32526],[4.2188,50.32584],[4.21833,50.32621],[4.2175,50.32642],[4.21697,50.3268],[4.21618,50.32699],[4.2149,50.32697],[4.21361,50.32676],[4.21337,50.32646],[4.2124,50.32631],[4.21109,50.3257],[4.21061,50.32537],[4.21016,50.32565],[4.20964,50.32556],[4.20889,50.32578],[4.20888,50.32601],[4.20798,50.32723],[4.20677,50.32817],[4.20603,50.32907],[4.20301,50.32875],[4.20225,50.32956],[4.20207,50.33006],[4.20144,50.33007],[4.2012,50.32983],[4.2003,50.32961],[4.19892,50.32966],[4.19868,50.32921],[4.19713,50.3293],[4.19742,50.33023],[4.19413,50.32981],[4.19035,50.32953],[4.18998,50.33191],[4.18898,50.33462],[4.1889,50.33576],[4.18866,50.33671],[4.18886,50.33779],[4.18867,50.33841],[4.18766,50.33927],[4.18709,50.34067],[4.18645,50.34173],[4.18546,50.34393],[4.18498,50.3443],[4.18442,50.34528],[4.18463,50.34574],[4.1841,50.34647],[4.18379,50.34664],[4.18404,50.34684],[4.18319,50.34864],[4.1834,50.34883],[4.18417,50.34879],[4.18476,50.34942],[4.18501,50.34991],[4.18579,50.35103],[4.18593,50.3519],[4.18623,50.35267],[4.18677,50.3534],[4.1858,50.35396],[4.18479,50.35483],[4.18193,50.3562],[4.18249,50.35668],[4.18353,50.3571],[4.18429,50.35777],[4.18271,50.35819],[4.18225,50.35781],[4.18167,50.35823],[4.18122,50.35873],[4.18186,50.3592],[4.18143,50.35944],[4.18261,50.36032],[4.18251,50.36065],[4.18205,50.36091],[4.18073,50.36078],[4.18122,50.36146],[4.18064,50.36203],[4.17998,50.36228],[4.1801,50.3625]]]}},{"type":"Feature","id":"56051","bbox":[4.135266,49.954604,4.314552,50.062709],"properties":{"nis":"56051","name":"Momignies","nameNl":"Momignies","nameFr":"Momignies","nameDe":"Momignies","province":"hainaut","region":"wallonia","areaKm2":85.81},"geometry":{"type":"Polygon","coordinates":[[[4.22192,50.06271],[4.2201,50.06192],[4.21838,50.0609],[4.21593,50.06032],[4.20752,50.05797],[4.20255,50.05716],[4.20226,50.0568],[4.20148,50.05718],[4.20048,50.05687],[4.19965,50.05687],[4.1988,50.05658],[4.19681,50.0541],[4.19543,50.05244],[4.1952,50.0525],[4.1946,50.05153],[4.19556,50.05106],[4.19422,50.04943],[4.19343,50.04939],[4.19004,50.05039],[4.18978,50.04948],[4.18601,50.04934],[4.18429,50.04779],[4.17941,50.04634],[4.174,50.04547],[4.17356,50.04558],[4.17365,50.04598],[4.17319,50.04606],[4.17321,50.04666],[4.17058,50.04715],[4.16935,50.04723],[4.16695,50.04789],[4.16654,50.04777],[4.16599,50.04799],[4.16525,50.0477],[4.16452,50.04771],[4.1645,50.0482],[4.16417,50.0484],[4.16353,50.04918],[4.16236,50.04932],[4.16104,50.04839],[4.16065,50.04801],[4.16053,50.04761],[4.16074,50.04717],[4.16,50.04625],[4.15928,50.04554],[4.15908,50.04511],[4.15692,50.0439],[4.15665,50.04335],[4.15444,50.04116],[4.15263,50.03968],[4.15264,50.03943],[4.15216,50.03898],[4.15226,50.03816],[4.15241,50.03808],[4.15197,50.03751],[4.15223,50.0368],[4.15149,50.03674],[4.15086,50.03626],[4.15028,50.03543],[4.15037,50.03452],[4.15016,50.03456],[4.14957,50.03372],[4.14914,50.03335],[4.14913,50.03292],[4.14861,50.03229],[4.14789,50.03224],[4.1474,50.03185],[4.14651,50.03151],[4.14588,50.03142],[4.14508,50.03159],[4.14418,50.03071],[4.14417,50.03018],[4.14439,50.02983],[4.14404,50.02932],[4.14435,50.02892],[4.1438,50.02803],[4.14277,50.02726],[4.13869,50.02328],[4.13643,50.02085],[4.13606,50.02077],[4.13535,50.01786],[4.1358,50.01763],[4.13607,50.01673],[4.13527,50.01514],[4.13712,50.01426],[4.13706,50.01369],[4.13605,50.01335],[4.13637,50.01282],[4.13677,50.01279],[4.13702,50.01241],[4.13761,50.01238],[4.13948,50.00935],[4.14038,50.00962],[4.14487,50.00849],[4.14458,50.008],[4.14391,50.00743],[4.14201,50.00661],[4.14184,50.00633],[4.14233,50.00565],[4.14338,50.00601],[4.14362,50.00644],[4.14434,50.00678],[4.14472,50.00667],[4.14583,50.00664],[4.14607,50.00648],[4.14651,50.00671],[4.1476,50.00585],[4.14667,50.00553],[4.14717,50.00524],[4.14518,50.00388],[4.15487,49.99986],[4.15593,50.00067],[4.15712,50.00128],[4.15888,50.00205],[4.16057,50.00138],[4.16186,50.00056],[4.16246,49.99775],[4.1631,49.99499],[4.16202,49.9941],[4.16157,49.99405],[4.16091,49.9937],[4.16007,49.99302],[4.15933,49.99286],[4.15954,49.99248],[4.15905,49.9922],[4.15915,49.99189],[4.1584,49.99081],[4.15821,49.99018],[4.15732,49.98955],[4.15782,49.98922],[4.15734,49.98788],[4.15605,49.98697],[4.15466,49.98535],[4.15446,49.98474],[4.15368,49.98456],[4.15258,49.98484],[4.15106,49.98465],[4.14764,49.9837],[4.14736,49.98326],[4.14718,49.98238],[4.14583,49.98159],[4.14555,49.98117],[4.14533,49.98027],[4.14465,49.97988],[4.14411,49.97996],[4.14373,49.97968],[4.14239,49.97946],[4.1411,49.97903],[4.14054,49.979],[4.14231,49.97732],[4.14361,49.97643],[4.14434,49.97616],[4.146,49.97571],[4.1471,49.97589],[4.14788,49.97666],[4.14898,49.97694],[4.15011,49.97697],[4.15008,49.9767],[4.15057,49.97633],[4.15064,49.97597],[4.15107,49.97584],[4.15197,49.97475],[4.15258,49.97454],[4.15361,49.97461],[4.15402,49.97512],[4.15465,49.97506],[4.15511,49.97551],[4.15585,49.97553],[4.15642,49.97534],[4.15697,49.97577],[4.15743,49.97588],[4.15802,49.97555],[4.15863,49.97569],[4.15948,49.97555],[4.16052,49.97637],[4.16117,49.97573],[4.16151,49.97559],[4.16185,49.97598],[4.16253,49.97612],[4.16277,49.97592],[4.16361,49.9758],[4.16451,49.97612],[4.16479,49.97608],[4.16579,49.97679],[4.16621,49.97686],[4.16663,49.97717],[4.16699,49.9771],[4.16784,49.97725],[4.1687,49.97711],[4.16954,49.97724],[4.17036,49.97704],[4.17183,49.97702],[4.17202,49.9769],[4.17282,49.9772],[4.17337,49.97673],[4.1727,49.97611],[4.17288,49.97592],[4.17366,49.97618],[4.17481,49.97596],[4.17493,49.97608],[4.1757,49.975],[4.17596,49.97365],[4.17693,49.97252],[4.17782,49.97207],[4.17897,49.97184],[4.18048,49.97168],[4.18355,49.97155],[4.1849,49.9713],[4.18642,49.97053],[4.19082,49.9696],[4.19168,49.96919],[4.19327,49.96807],[4.19435,49.96805],[4.19688,49.96767],[4.19745,49.96745],[4.19795,49.96675],[4.19845,49.96583],[4.19829,49.96489],[4.19762,49.96387],[4.19615,49.96348],[4.19638,49.96285],[4.19581,49.96221],[4.19595,49.96196],[4.19607,49.96027],[4.196,49.95983],[4.19622,49.95915],[4.19529,49.95816],[4.1952,49.95737],[4.19486,49.95674],[4.1951,49.95617],[4.19595,49.95569],[4.19633,49.9553],[4.197,49.95512],[4.1975,49.9546],[4.19785,49.95497],[4.19828,49.95601],[4.19948,49.95619],[4.20021,49.95611],[4.20059,49.95623],[4.20177,49.9571],[4.20275,49.95693],[4.20296,49.95676],[4.20377,49.95713],[4.20513,49.95735],[4.20569,49.95769],[4.2065,49.95757],[4.20736,49.95779],[4.20814,49.95769],[4.20844,49.95747],[4.20888,49.95751],[4.21004,49.95723],[4.21099,49.95747],[4.21115,49.95795],[4.21213,49.958],[4.21313,49.9579],[4.21345,49.95767],[4.21424,49.95765],[4.2148,49.95739],[4.21665,49.95714],[4.21762,49.95751],[4.21848,49.95761],[4.21915,49.95756],[4.22042,49.9578],[4.22077,49.95814],[4.22065,49.95854],[4.22138,49.95857],[4.2217,49.95879],[4.22238,49.95871],[4.22262,49.95846],[4.22342,49.95869],[4.22484,49.95937],[4.22618,49.95906],[4.22631,49.95872],[4.2274,49.9582],[4.22756,49.95796],[4.22825,49.95774],[4.23038,49.9576],[4.23237,49.95796],[4.23368,49.95751],[4.23574,49.95796],[4.2363,49.95835],[4.23827,49.95886],[4.23894,49.95885],[4.23889,49.95901],[4.23965,49.95917],[4.23978,49.95987],[4.24021,49.96036],[4.24103,49.96047],[4.24145,49.96106],[4.24125,49.96132],[4.24176,49.96135],[4.2422,49.9616],[4.24243,49.96146],[4.24471,49.96149],[4.24518,49.96183],[4.24589,49.96195],[4.24641,49.96228],[4.24711,49.96241],[4.24824,49.96205],[4.24886,49.96223],[4.24926,49.96216],[4.24966,49.96235],[4.25046,49.96232],[4.25057,49.9621],[4.25121,49.96213],[4.25117,49.96262],[4.25468,49.96359],[4.25788,49.96388],[4.25941,49.96382],[4.26087,49.96418],[4.26152,49.9642],[4.26173,49.9638],[4.26218,49.96393],[4.26346,49.96386],[4.26389,49.96405],[4.26461,49.96406],[4.26513,49.96437],[4.26601,49.96464],[4.26618,49.96435],[4.26732,49.96458],[4.26772,49.96479],[4.26784,49.96516],[4.26865,49.9652],[4.2689,49.96547],[4.2696,49.96532],[4.27101,49.96526],[4.27145,49.96539],[4.27189,49.96521],[4.27186,49.96491],[4.2726,49.96491],[4.27296,49.9646],[4.27386,49.96475],[4.27475,49.96429],[4.27568,49.96454],[4.27602,49.96417],[4.2762,49.96453],[4.27648,49.96433],[4.27703,49.96458],[4.27841,49.96443],[4.27884,49.96469],[4.27951,49.96473],[4.27966,49.96499],[4.28066,49.96484],[4.28052,49.96455],[4.28109,49.9641],[4.28286,49.96425],[4.28316,49.96399],[4.28396,49.96448],[4.28536,49.96458],[4.28562,49.96475],[4.28634,49.96453],[4.28647,49.96428],[4.28712,49.96425],[4.28759,49.96448],[4.28806,49.9642],[4.28869,49.96431],[4.28957,49.96369],[4.29047,49.96408],[4.29108,49.96409],[4.29138,49.96445],[4.29186,49.96441],[4.29279,49.96457],[4.2932,49.96478],[4.29369,49.96457],[4.29421,49.96459],[4.29506,49.96499],[4.29594,49.96479],[4.29619,49.9651],[4.29691,49.96473],[4.29757,49.96492],[4.29765,49.96525],[4.29827,49.96531],[4.29876,49.96574],[4.29898,49.9655],[4.30046,49.9659],[4.30044,49.96612],[4.30133,49.96619],[4.30145,49.96665],[4.30176,49.96657],[4.30226,49.96724],[4.30294,49.96743],[4.30308,49.96765],[4.30348,49.96749],[4.30411,49.96777],[4.30473,49.96837],[4.30589,49.96829],[4.30459,49.97142],[4.30434,49.97232],[4.30446,49.97385],[4.30458,49.97438],[4.30565,49.97598],[4.30753,49.97823],[4.30762,49.97856],[4.30889,49.97984],[4.30909,49.98027],[4.30917,49.98111],[4.30876,49.98344],[4.30896,49.98465],[4.30981,49.98687],[4.31019,49.98849],[4.31104,49.98991],[4.31163,49.99054],[4.31318,49.99193],[4.31417,49.99324],[4.31455,49.99355],[4.31428,49.99444],[4.31403,49.99469],[4.31444,49.99562],[4.31417,49.99565],[4.313,49.99531],[4.31239,49.99574],[4.31177,49.99569],[4.31171,49.9953],[4.31103,49.99497],[4.31063,49.99526],[4.30974,49.99506],[4.30947,49.99528],[4.30926,49.99489],[4.30835,49.9951],[4.30834,49.99487],[4.30755,49.99466],[4.30747,49.99481],[4.3061,49.99471],[4.30611,49.99434],[4.30561,49.99418],[4.30468,49.9944],[4.30432,49.99421],[4.30343,49.99407],[4.30297,49.99387],[4.30312,49.99364],[4.30229,49.99364],[4.30163,49.99333],[4.3014,49.99344],[4.30082,49.99317],[4.29976,49.99306],[4.29852,49.99365],[4.29792,49.99339],[4.29741,49.99354],[4.2971,49.99336],[4.29659,49.99372],[4.29596,49.99381],[4.2954,49.99356],[4.29512,49.99423],[4.29473,49.99427],[4.2941,49.99404],[4.2939,49.99422],[4.29314,49.9941],[4.29243,49.99443],[4.29205,49.99428],[4.29146,49.99436],[4.29108,49.99422],[4.29058,49.99433],[4.28977,49.99427],[4.28946,49.99532],[4.2839,50.01128],[4.2831,50.01159],[4.28311,50.01185],[4.28244,50.01201],[4.28219,50.01231],[4.28145,50.01257],[4.28111,50.01291],[4.28013,50.01308],[4.27922,50.01363],[4.27923,50.01392],[4.27841,50.01462],[4.27631,50.01504],[4.27347,50.01614],[4.27295,50.01663],[4.27124,50.01584],[4.27153,50.01562],[4.27075,50.01508],[4.26982,50.01504],[4.26891,50.01551],[4.26811,50.01571],[4.26766,50.01559],[4.26708,50.01586],[4.26582,50.01577],[4.26531,50.01597],[4.26482,50.01549],[4.26404,50.01578],[4.26278,50.01594],[4.26185,50.01589],[4.25891,50.01561],[4.25824,50.01647],[4.25857,50.01708],[4.25904,50.01751],[4.25948,50.01827],[4.25949,50.01872],[4.25913,50.01989],[4.25862,50.02035],[4.25819,50.02105],[4.25805,50.02217],[4.25793,50.02233],[4.25682,50.02238],[4.2559,50.02299],[4.25425,50.02314],[4.25359,50.02301],[4.25293,50.02317],[4.25208,50.02389],[4.25207,50.02422],[4.25142,50.02465],[4.25046,50.02438],[4.24988,50.02453],[4.24926,50.02382],[4.24867,50.02369],[4.24772,50.02317],[4.24695,50.02256],[4.24692,50.02235],[4.24579,50.02177],[4.24517,50.02163],[4.24463,50.02121],[4.24354,50.0209],[4.2421,50.02019],[4.24066,50.01878],[4.24017,50.01848],[4.23949,50.01772],[4.2384,50.01802],[4.23768,50.01753],[4.23762,50.0172],[4.2327,50.01595],[4.23339,50.0172],[4.2345,50.01733],[4.23566,50.01758],[4.2373,50.01805],[4.23788,50.01834],[4.23508,50.02617],[4.23183,50.02624],[4.23007,50.02867],[4.22994,50.02991],[4.2297,50.03102],[4.2313,50.03288],[4.23107,50.033],[4.23152,50.03349],[4.23238,50.03486],[4.2327,50.03513],[4.23357,50.0354],[4.23502,50.03634],[4.2357,50.03704],[4.23617,50.03723],[4.23662,50.03778],[4.23659,50.03813],[4.23743,50.0384],[4.23933,50.04003],[4.24073,50.04136],[4.23727,50.04154],[4.23672,50.04326],[4.23556,50.04546],[4.23532,50.04559],[4.23488,50.04716],[4.23385,50.04704],[4.2327,50.04669],[4.22928,50.04651],[4.22936,50.04737],[4.22894,50.04748],[4.22942,50.04859],[4.22832,50.04926],[4.22737,50.05192],[4.22777,50.05198],[4.22768,50.05251],[4.2286,50.05296],[4.22846,50.05317],[4.2264,50.05272],[4.22611,50.05407],[4.2264,50.05405],[4.22589,50.05535],[4.22648,50.05548],[4.22627,50.05637],[4.22572,50.05626],[4.22377,50.05995],[4.22335,50.05985],[4.22296,50.0606],[4.2233,50.06068],[4.22192,50.06271]]]}},{"type":"Feature","id":"56078","bbox":[4.226751,50.267302,4.394427,50.376618],"properties":{"nis":"56078","name":"Thuin","nameNl":"Thuin","nameFr":"Thuin","nameDe":"Thuin","province":"hainaut","region":"wallonia","areaKm2":76.41},"geometry":{"type":"Polygon","coordinates":[[[4.33631,50.3739],[4.33695,50.37346],[4.33699,50.37295],[4.33801,50.37149],[4.33851,50.37051],[4.33862,50.36949],[4.33852,50.36898],[4.33801,50.36809],[4.33727,50.3673],[4.33626,50.36677],[4.33533,50.36645],[4.33404,50.36627],[4.33295,50.36688],[4.33149,50.36949],[4.33061,50.37036],[4.32908,50.37161],[4.32854,50.3727],[4.32763,50.374],[4.32658,50.37446],[4.32566,50.37444],[4.32427,50.37399],[4.32333,50.37337],[4.32209,50.37286],[4.3184,50.3718],[4.31762,50.37149],[4.31592,50.37051],[4.31514,50.37031],[4.31454,50.37041],[4.31244,50.37131],[4.31087,50.37165],[4.30905,50.37178],[4.30817,50.37179],[4.30722,50.37165],[4.3068,50.37144],[4.30597,50.3706],[4.30489,50.36979],[4.3044,50.36932],[4.30413,50.36946],[4.30371,50.36919],[4.30246,50.369],[4.30167,50.36861],[4.29995,50.36856],[4.29933,50.36841],[4.29836,50.36763],[4.29797,50.36703],[4.29756,50.36697],[4.2963,50.3672],[4.29481,50.36781],[4.29361,50.36797],[4.29308,50.3687],[4.29253,50.36884],[4.2923,50.36913],[4.29264,50.36949],[4.29325,50.36975],[4.29318,50.37003],[4.29201,50.37061],[4.29234,50.37105],[4.29306,50.37265],[4.29337,50.37308],[4.29231,50.37371],[4.29234,50.37395],[4.29103,50.37488],[4.29076,50.3762],[4.29046,50.37662],[4.29018,50.37638],[4.29013,50.37567],[4.28932,50.37453],[4.28878,50.37356],[4.28807,50.37155],[4.28788,50.37088],[4.28711,50.36881],[4.28622,50.36689],[4.28569,50.36511],[4.28553,50.3648],[4.28403,50.36252],[4.28365,50.36171],[4.28339,50.36085],[4.28178,50.35744],[4.28114,50.3559],[4.28052,50.35579],[4.2811,50.35531],[4.28114,50.354],[4.28105,50.35352],[4.28115,50.35249],[4.28037,50.35176],[4.28081,50.35119],[4.28107,50.35121],[4.28065,50.35025],[4.28019,50.34955],[4.27952,50.34904],[4.2789,50.34748],[4.27867,50.34766],[4.27755,50.34809],[4.27628,50.3482],[4.27517,50.348],[4.27448,50.34734],[4.27356,50.34507],[4.27327,50.3429],[4.27286,50.34216],[4.27223,50.34179],[4.27192,50.34142],[4.27042,50.34102],[4.26974,50.34109],[4.26957,50.34067],[4.26894,50.33985],[4.26697,50.33976],[4.26681,50.3391],[4.2645,50.33953],[4.2636,50.3382],[4.26171,50.33874],[4.26041,50.33712],[4.25839,50.33736],[4.25725,50.3348],[4.25699,50.33476],[4.25597,50.33504],[4.25604,50.33533],[4.2547,50.33619],[4.25348,50.33689],[4.25338,50.33715],[4.25013,50.33714],[4.24837,50.33657],[4.24811,50.33673],[4.24883,50.33759],[4.24937,50.33846],[4.24887,50.33874],[4.24762,50.33971],[4.24826,50.34063],[4.24884,50.34092],[4.24972,50.34192],[4.24979,50.34257],[4.24946,50.34263],[4.24889,50.3422],[4.24619,50.34103],[4.24548,50.34059],[4.24285,50.33857],[4.2419,50.33731],[4.24106,50.33652],[4.24009,50.33578],[4.23951,50.33502],[4.23814,50.33386],[4.23762,50.33359],[4.23623,50.33361],[4.23499,50.33383],[4.23293,50.33342],[4.23187,50.33314],[4.23129,50.33282],[4.23091,50.33229],[4.23064,50.32972],[4.23048,50.32871],[4.2304,50.32676],[4.23079,50.32508],[4.23079,50.32413],[4.23106,50.32306],[4.231,50.322],[4.23074,50.32164],[4.23025,50.32145],[4.22925,50.32136],[4.2283,50.32101],[4.22757,50.3204],[4.22675,50.32006],[4.22675,50.31802],[4.22903,50.31794],[4.22992,50.31801],[4.2309,50.31691],[4.23026,50.31572],[4.23725,50.31483],[4.23699,50.31428],[4.23835,50.31429],[4.24043,50.31376],[4.23996,50.31284],[4.24213,50.31112],[4.24237,50.31081],[4.24029,50.30998],[4.23818,50.30963],[4.2384,50.30784],[4.23869,50.30755],[4.24093,50.30565],[4.24009,50.30566],[4.23971,50.30465],[4.23712,50.30478],[4.23753,50.30363],[4.23685,50.30347],[4.2376,50.30277],[4.23816,50.30298],[4.23905,50.30259],[4.23855,50.3021],[4.23801,50.30123],[4.23929,50.30076],[4.24175,50.29976],[4.24316,50.30105],[4.24404,50.29919],[4.24323,50.29904],[4.24352,50.29829],[4.24375,50.29829],[4.24541,50.29594],[4.2457,50.29498],[4.24602,50.29195],[4.24662,50.29145],[4.24688,50.2917],[4.24776,50.29128],[4.24691,50.29055],[4.24717,50.28918],[4.2474,50.28924],[4.2494,50.289],[4.24932,50.29105],[4.25048,50.29212],[4.24903,50.29279],[4.25032,50.2943],[4.25198,50.2936],[4.25366,50.29518],[4.25355,50.29529],[4.25421,50.29577],[4.25389,50.29602],[4.25446,50.29639],[4.25409,50.29664],[4.25517,50.29748],[4.25709,50.29645],[4.25709,50.29588],[4.25786,50.29584],[4.25776,50.29442],[4.26023,50.2937],[4.26199,50.29332],[4.26343,50.29355],[4.26445,50.2932],[4.2657,50.2926],[4.26747,50.29201],[4.26865,50.2926],[4.26859,50.29303],[4.26888,50.29346],[4.26969,50.29334],[4.27027,50.29416],[4.27153,50.29395],[4.27193,50.29492],[4.27385,50.29459],[4.27467,50.29463],[4.27589,50.29442],[4.27662,50.29402],[4.27679,50.29303],[4.278,50.29285],[4.27908,50.29253],[4.28011,50.29269],[4.28128,50.29276],[4.28181,50.29267],[4.2833,50.29204],[4.28533,50.29136],[4.28726,50.29135],[4.28982,50.2912],[4.29055,50.29109],[4.29284,50.29015],[4.29377,50.28987],[4.2953,50.28921],[4.29637,50.28886],[4.29942,50.28768],[4.30025,50.28711],[4.30103,50.28679],[4.30389,50.28697],[4.30567,50.28685],[4.30483,50.28639],[4.30332,50.28602],[4.30488,50.28491],[4.3032,50.28415],[4.30144,50.28355],[4.30162,50.28321],[4.2998,50.28315],[4.29981,50.28243],[4.29879,50.28235],[4.29865,50.2822],[4.29778,50.28221],[4.29782,50.28187],[4.29935,50.2819],[4.29915,50.28035],[4.30092,50.28024],[4.30171,50.28027],[4.30377,50.28016],[4.31274,50.2798],[4.31186,50.27849],[4.31124,50.2777],[4.31309,50.27694],[4.31263,50.2763],[4.31282,50.27625],[4.31134,50.27429],[4.31165,50.27412],[4.31125,50.27388],[4.31022,50.27244],[4.30956,50.27214],[4.30896,50.2713],[4.30818,50.27065],[4.30845,50.27023],[4.30848,50.2693],[4.30802,50.26838],[4.30875,50.2673],[4.30925,50.26883],[4.3094,50.26978],[4.30954,50.27001],[4.31134,50.26957],[4.31113,50.2685],[4.31475,50.26732],[4.31705,50.269],[4.31827,50.26806],[4.31986,50.26913],[4.31616,50.27185],[4.31587,50.27286],[4.31815,50.27163],[4.31933,50.27313],[4.32127,50.27354],[4.32416,50.27326],[4.32574,50.27297],[4.32713,50.27263],[4.32799,50.27392],[4.32612,50.27451],[4.32824,50.27757],[4.3305,50.27761],[4.33179,50.27698],[4.33139,50.27673],[4.33306,50.27569],[4.33539,50.27711],[4.33603,50.27725],[4.33727,50.27664],[4.338,50.27722],[4.33762,50.27761],[4.33795,50.27765],[4.33882,50.27676],[4.33694,50.27512],[4.3375,50.27484],[4.33975,50.27656],[4.34011,50.2774],[4.34144,50.27874],[4.3511,50.27834],[4.35064,50.27759],[4.35085,50.27738],[4.35414,50.27749],[4.35418,50.27693],[4.3539,50.27585],[4.35685,50.2749],[4.35719,50.27525],[4.35806,50.27498],[4.35988,50.27695],[4.35824,50.27743],[4.35867,50.27799],[4.35958,50.27796],[4.36074,50.27922],[4.36236,50.27925],[4.36221,50.28033],[4.36071,50.2807],[4.36197,50.28188],[4.36126,50.28235],[4.3621,50.28319],[4.36302,50.28265],[4.36336,50.28286],[4.36355,50.28258],[4.366,50.28395],[4.36565,50.28417],[4.36825,50.28435],[4.3685,50.28492],[4.36884,50.2851],[4.36797,50.28595],[4.36896,50.2864],[4.36925,50.28738],[4.36787,50.2888],[4.36937,50.29186],[4.36806,50.29254],[4.36872,50.2945],[4.36908,50.29449],[4.36902,50.29511],[4.36795,50.29515],[4.36782,50.29492],[4.36763,50.29663],[4.36566,50.29645],[4.36469,50.29627],[4.36389,50.29806],[4.36456,50.29821],[4.36411,50.29918],[4.36132,50.29844],[4.35847,50.29775],[4.35685,50.29728],[4.35468,50.30205],[4.35534,50.30223],[4.35461,50.30314],[4.35511,50.30324],[4.35359,50.30664],[4.35322,50.30723],[4.34875,50.30628],[4.34836,50.3071],[4.34949,50.30741],[4.34895,50.30826],[4.34857,50.30814],[4.34781,50.30916],[4.34981,50.30972],[4.3494,50.31033],[4.34767,50.30984],[4.34714,50.31046],[4.34737,50.31054],[4.34637,50.31126],[4.34763,50.31197],[4.34845,50.31255],[4.3507,50.31376],[4.35101,50.31462],[4.35293,50.31563],[4.35468,50.31676],[4.3535,50.31757],[4.35366,50.31766],[4.35307,50.31813],[4.35474,50.31915],[4.35483,50.31961],[4.35538,50.3198],[4.35551,50.32012],[4.35665,50.32023],[4.35686,50.32058],[4.35779,50.32082],[4.35907,50.32133],[4.36063,50.32139],[4.36178,50.32131],[4.36144,50.32182],[4.36101,50.32198],[4.36021,50.32303],[4.3597,50.32276],[4.35826,50.32395],[4.35881,50.3243],[4.35758,50.3254],[4.35669,50.32502],[4.3558,50.32583],[4.3572,50.32624],[4.35881,50.32648],[4.36178,50.32602],[4.36229,50.32675],[4.36169,50.3271],[4.36302,50.32937],[4.36478,50.33152],[4.36441,50.33168],[4.36534,50.33254],[4.36584,50.33233],[4.36652,50.33252],[4.3686,50.33176],[4.36957,50.3326],[4.37114,50.33263],[4.36915,50.3357],[4.36894,50.3368],[4.36898,50.33847],[4.37343,50.3444],[4.3747,50.34548],[4.37828,50.34993],[4.37873,50.34924],[4.38135,50.34559],[4.3823,50.34407],[4.39443,50.35538],[4.39354,50.35515],[4.39252,50.35509],[4.39152,50.35524],[4.39059,50.35513],[4.38519,50.35575],[4.37833,50.35665],[4.37597,50.35677],[4.37542,50.3567],[4.37277,50.35687],[4.37178,50.357],[4.36593,50.35881],[4.36515,50.35909],[4.36345,50.36009],[4.36271,50.36115],[4.36144,50.36164],[4.36079,50.36203],[4.35994,50.36298],[4.35998,50.36377],[4.35871,50.3649],[4.35878,50.36525],[4.35806,50.36568],[4.35818,50.36662],[4.3576,50.3667],[4.35661,50.36747],[4.35612,50.36737],[4.35521,50.368],[4.35364,50.36808],[4.35325,50.3683],[4.35238,50.36804],[4.35181,50.36811],[4.35171,50.36787],[4.35052,50.36785],[4.34974,50.36936],[4.34985,50.37018],[4.34951,50.37034],[4.34885,50.37146],[4.34891,50.37335],[4.34781,50.37534],[4.34688,50.37544],[4.34549,50.37533],[4.34255,50.37554],[4.34164,50.37555],[4.33971,50.37537],[4.33813,50.37492],[4.3372,50.37414],[4.33631,50.3739]]]}},{"type":"Feature","id":"56086","bbox":[4.346375,50.289585,4.476824,50.361984],"properties":{"nis":"56086","name":"Ham-sur-Heure-Nalinnes","nameNl":"Ham-sur-Heure-Nalinnes","nameFr":"Ham-sur-Heure-Nalinnes","nameDe":"Ham-sur-Heure-Nalinnes","province":"hainaut","region":"wallonia","areaKm2":45.61},"geometry":{"type":"Polygon","coordinates":[[[4.36937,50.29186],[4.3697,50.29166],[4.37216,50.29195],[4.37344,50.29112],[4.37492,50.29032],[4.37711,50.28958],[4.3778,50.29039],[4.37814,50.2911],[4.3828,50.29091],[4.38665,50.28997],[4.39011,50.29141],[4.3911,50.29235],[4.3917,50.2928],[4.39312,50.29306],[4.39416,50.29356],[4.39684,50.29531],[4.39694,50.29531],[4.39901,50.29694],[4.39743,50.29751],[4.40119,50.30072],[4.40453,50.30459],[4.40333,50.30513],[4.40114,50.3076],[4.40242,50.30908],[4.40072,50.31003],[4.40235,50.31115],[4.4039,50.31056],[4.40538,50.30984],[4.40709,50.30921],[4.40953,50.30897],[4.41018,50.30881],[4.41188,50.30805],[4.41633,50.30769],[4.41633,50.30764],[4.41958,50.30715],[4.41911,50.30681],[4.4186,50.30602],[4.4195,50.30554],[4.42007,50.30571],[4.42073,50.30638],[4.42135,50.30663],[4.42183,50.30661],[4.42296,50.30607],[4.42459,50.30648],[4.42536,50.30764],[4.42607,50.308],[4.42805,50.30764],[4.42889,50.30814],[4.42995,50.30827],[4.43193,50.31043],[4.43356,50.30922],[4.43492,50.30787],[4.43539,50.30806],[4.43744,50.30786],[4.43786,50.30749],[4.44259,50.30796],[4.44457,50.30805],[4.45192,50.30625],[4.45382,50.30486],[4.45665,50.3049],[4.45806,50.30549],[4.45884,50.30634],[4.4582,50.30675],[4.46004,50.30836],[4.46223,50.30844],[4.46317,50.30819],[4.46411,50.30922],[4.46476,50.30964],[4.46618,50.31018],[4.46556,50.31157],[4.46554,50.31184],[4.46329,50.31366],[4.46703,50.31627],[4.46936,50.31757],[4.47098,50.3186],[4.47134,50.31964],[4.47155,50.32071],[4.47148,50.32224],[4.47162,50.32341],[4.47289,50.32426],[4.4724,50.32525],[4.47289,50.32565],[4.47296,50.32633],[4.47495,50.3275],[4.4748,50.32846],[4.47521,50.32888],[4.476,50.32922],[4.47575,50.33055],[4.47601,50.33094],[4.47557,50.33372],[4.47599,50.33464],[4.47682,50.33682],[4.47617,50.33728],[4.47584,50.33906],[4.47393,50.34108],[4.4737,50.34235],[4.47355,50.34233],[4.4732,50.34325],[4.47245,50.34371],[4.47126,50.34386],[4.47084,50.34434],[4.47052,50.34576],[4.46985,50.34704],[4.46985,50.34755],[4.46937,50.34754],[4.4689,50.34798],[4.46817,50.34795],[4.46746,50.34864],[4.46575,50.34898],[4.46507,50.34925],[4.46491,50.34995],[4.46419,50.35091],[4.46436,50.35143],[4.46404,50.35163],[4.46394,50.35277],[4.46362,50.35299],[4.4637,50.35339],[4.46417,50.35373],[4.46404,50.35412],[4.46425,50.35449],[4.46399,50.35479],[4.46318,50.35518],[4.46349,50.35548],[4.46313,50.35615],[4.46353,50.35649],[4.4632,50.35693],[4.46258,50.35742],[4.46246,50.35805],[4.46218,50.35842],[4.46194,50.35911],[4.462,50.35944],[4.46126,50.35964],[4.46087,50.35999],[4.45997,50.36038],[4.46012,50.36079],[4.45894,50.36198],[4.45878,50.3619],[4.45409,50.36146],[4.45303,50.3601],[4.45167,50.35901],[4.44887,50.35757],[4.44757,50.35685],[4.44565,50.3551],[4.44331,50.35384],[4.43949,50.35297],[4.43732,50.35305],[4.43447,50.35303],[4.43375,50.35274],[4.43347,50.35393],[4.43292,50.35553],[4.4327,50.35756],[4.43247,50.36039],[4.43188,50.36037],[4.42982,50.35884],[4.42843,50.36075],[4.42702,50.36042],[4.42554,50.36017],[4.42357,50.35998],[4.42265,50.3596],[4.42141,50.35925],[4.41825,50.35898],[4.41726,50.35886],[4.41618,50.35912],[4.41581,50.35891],[4.41333,50.35828],[4.41215,50.35818],[4.41178,50.35747],[4.4097,50.35734],[4.4091,50.35803],[4.40847,50.35843],[4.40656,50.35946],[4.40584,50.35978],[4.40374,50.35982],[4.40291,50.35942],[4.40281,50.35918],[4.40203,50.3588],[4.40186,50.35831],[4.40138,50.35805],[4.40093,50.35744],[4.40008,50.35694],[4.39937,50.35689],[4.39771,50.35653],[4.39751,50.35609],[4.39644,50.35581],[4.39615,50.35561],[4.39474,50.3555],[4.39443,50.35538],[4.3823,50.34407],[4.38135,50.34559],[4.37873,50.34924],[4.37828,50.34993],[4.3747,50.34548],[4.37343,50.3444],[4.36898,50.33847],[4.36894,50.3368],[4.36915,50.3357],[4.37114,50.33263],[4.36957,50.3326],[4.3686,50.33176],[4.36652,50.33252],[4.36584,50.33233],[4.36534,50.33254],[4.36441,50.33168],[4.36478,50.33152],[4.36302,50.32937],[4.36169,50.3271],[4.36229,50.32675],[4.36178,50.32602],[4.35881,50.32648],[4.3572,50.32624],[4.3558,50.32583],[4.35669,50.32502],[4.35758,50.3254],[4.35881,50.3243],[4.35826,50.32395],[4.3597,50.32276],[4.36021,50.32303],[4.36101,50.32198],[4.36144,50.32182],[4.36178,50.32131],[4.36063,50.32139],[4.35907,50.32133],[4.35779,50.32082],[4.35686,50.32058],[4.35665,50.32023],[4.35551,50.32012],[4.35538,50.3198],[4.35483,50.31961],[4.35474,50.31915],[4.35307,50.31813],[4.35366,50.31766],[4.3535,50.31757],[4.35468,50.31676],[4.35293,50.31563],[4.35101,50.31462],[4.3507,50.31376],[4.34845,50.31255],[4.34763,50.31197],[4.34637,50.31126],[4.34737,50.31054],[4.34714,50.31046],[4.34767,50.30984],[4.3494,50.31033],[4.34981,50.30972],[4.34781,50.30916],[4.34857,50.30814],[4.34895,50.30826],[4.34949,50.30741],[4.34836,50.3071],[4.34875,50.30628],[4.35322,50.30723],[4.35359,50.30664],[4.35511,50.30324],[4.35461,50.30314],[4.35534,50.30223],[4.35468,50.30205],[4.35685,50.29728],[4.35847,50.29775],[4.36132,50.29844],[4.36411,50.29918],[4.36456,50.29821],[4.36389,50.29806],[4.36469,50.29627],[4.36566,50.29645],[4.36763,50.29663],[4.36782,50.29492],[4.36795,50.29515],[4.36902,50.29511],[4.36908,50.29449],[4.36872,50.2945],[4.36806,50.29254],[4.36937,50.29186]]]}},{"type":"Feature","id":"56088","bbox":[4.127122,50.120447,4.304289,50.215597],"properties":{"nis":"56088","name":"Sivry-Rance","nameNl":"Sivry-Rance","nameFr":"Sivry-Rance","nameDe":"Sivry-Rance","province":"hainaut","region":"wallonia","areaKm2":73.21},"geometry":{"type":"Polygon","coordinates":[[[4.1655,50.21467],[4.16309,50.21464],[4.16176,50.21429],[4.16024,50.21408],[4.15854,50.21394],[4.15678,50.21412],[4.15559,50.21392],[4.15427,50.21293],[4.15355,50.21256],[4.1524,50.21263],[4.15192,50.21281],[4.15172,50.2132],[4.15042,50.21357],[4.15031,50.21298],[4.15068,50.21272],[4.15048,50.21241],[4.15156,50.21218],[4.15202,50.21188],[4.15217,50.21135],[4.15171,50.2111],[4.15179,50.21087],[4.15245,50.21081],[4.15226,50.21058],[4.15285,50.20957],[4.15249,50.20927],[4.15245,50.20882],[4.15195,50.20864],[4.1525,50.2085],[4.15263,50.20806],[4.15221,50.20811],[4.15235,50.20779],[4.15198,50.20759],[4.15238,50.20735],[4.15206,50.20707],[4.1522,50.20671],[4.1527,50.20705],[4.15338,50.20712],[4.15398,50.2064],[4.15451,50.20597],[4.15492,50.20524],[4.1552,50.20499],[4.15543,50.20425],[4.15591,50.20418],[4.15595,50.20375],[4.15709,50.20352],[4.15824,50.20268],[4.15891,50.20239],[4.1601,50.20247],[4.16046,50.20234],[4.16028,50.20149],[4.16048,50.20033],[4.16069,50.1978],[4.1606,50.19656],[4.16032,50.19358],[4.15941,50.19216],[4.15898,50.19215],[4.15738,50.19286],[4.15675,50.19297],[4.15595,50.19243],[4.15651,50.19097],[4.15651,50.1905],[4.15702,50.18995],[4.1579,50.18942],[4.15721,50.18909],[4.15625,50.18812],[4.15612,50.18338],[4.15545,50.18282],[4.15507,50.18281],[4.15438,50.18253],[4.15355,50.18169],[4.15342,50.18078],[4.15104,50.17954],[4.15042,50.1784],[4.14921,50.17467],[4.14804,50.17432],[4.14809,50.17336],[4.14898,50.17317],[4.15405,50.17233],[4.15578,50.17207],[4.15508,50.17028],[4.15499,50.16875],[4.15492,50.16654],[4.15497,50.16525],[4.15565,50.1644],[4.15551,50.16408],[4.15468,50.1632],[4.15527,50.163],[4.15372,50.16087],[4.15241,50.1604],[4.15113,50.15931],[4.15109,50.159],[4.14986,50.15819],[4.14936,50.15817],[4.14836,50.15841],[4.1477,50.15816],[4.14724,50.15818],[4.1468,50.15778],[4.14523,50.15719],[4.14441,50.15624],[4.14353,50.15582],[4.14295,50.15542],[4.14259,50.15497],[4.14147,50.15449],[4.14006,50.15363],[4.13938,50.15313],[4.13902,50.15272],[4.13793,50.15209],[4.13722,50.15141],[4.13722,50.15059],[4.13684,50.15024],[4.13687,50.14969],[4.13655,50.1489],[4.13668,50.14861],[4.13665,50.14782],[4.13575,50.14683],[4.13513,50.14564],[4.13593,50.14428],[4.13595,50.1435],[4.13564,50.14313],[4.13564,50.14271],[4.13445,50.14194],[4.13413,50.14184],[4.13388,50.14139],[4.13312,50.14131],[4.13281,50.14095],[4.13085,50.14072],[4.12989,50.13944],[4.12968,50.1387],[4.12862,50.13727],[4.12776,50.13662],[4.12773,50.13602],[4.12734,50.13587],[4.12714,50.1355],[4.12843,50.13509],[4.12922,50.13473],[4.12986,50.13421],[4.13056,50.13397],[4.13153,50.13286],[4.13185,50.13218],[4.13314,50.13174],[4.13758,50.13043],[4.13866,50.13025],[4.14087,50.12979],[4.1427,50.12934],[4.14443,50.1286],[4.14447,50.12901],[4.14534,50.12886],[4.14891,50.12877],[4.15215,50.1289],[4.15342,50.1285],[4.15439,50.12785],[4.15601,50.12854],[4.15616,50.12899],[4.15571,50.12899],[4.15537,50.12923],[4.15512,50.12973],[4.15533,50.13028],[4.15598,50.13138],[4.15594,50.13201],[4.15609,50.13253],[4.15699,50.13301],[4.15704,50.13365],[4.15687,50.13391],[4.15697,50.13528],[4.15916,50.13524],[4.16245,50.13484],[4.16581,50.13457],[4.16958,50.13403],[4.17481,50.13319],[4.17586,50.1331],[4.18145,50.1332],[4.1816,50.13317],[4.18615,50.1336],[4.18938,50.13396],[4.19116,50.1342],[4.19386,50.13463],[4.19682,50.1352],[4.19913,50.13438],[4.19982,50.13393],[4.20051,50.13316],[4.20087,50.13296],[4.20062,50.1325],[4.19988,50.1316],[4.19902,50.13085],[4.19897,50.13022],[4.19861,50.12972],[4.19771,50.12909],[4.19759,50.12881],[4.19791,50.12812],[4.1978,50.12755],[4.19829,50.12666],[4.19879,50.12639],[4.19982,50.12621],[4.19986,50.12594],[4.20058,50.12573],[4.20091,50.12523],[4.20158,50.12476],[4.20187,50.12437],[4.20182,50.12396],[4.20206,50.12362],[4.20218,50.12376],[4.20295,50.12352],[4.20334,50.12381],[4.20411,50.12368],[4.20378,50.1235],[4.20395,50.12327],[4.20462,50.12338],[4.20472,50.12362],[4.20571,50.12419],[4.20645,50.12419],[4.20649,50.12387],[4.20737,50.12394],[4.20876,50.12391],[4.20906,50.12371],[4.20986,50.12366],[4.21029,50.1238],[4.21175,50.12375],[4.21323,50.12379],[4.21358,50.12394],[4.21482,50.12396],[4.21502,50.12411],[4.21532,50.12384],[4.21653,50.12339],[4.21631,50.12319],[4.21683,50.12289],[4.21715,50.12309],[4.21852,50.12318],[4.21903,50.12288],[4.21982,50.12274],[4.22049,50.1228],[4.22211,50.12318],[4.22359,50.12309],[4.22477,50.12322],[4.22607,50.12352],[4.22753,50.12406],[4.22758,50.12437],[4.22807,50.12462],[4.2285,50.1246],[4.2291,50.12509],[4.22968,50.12705],[4.23009,50.1278],[4.23114,50.1287],[4.2326,50.12926],[4.23487,50.12994],[4.23487,50.12881],[4.23712,50.12687],[4.23807,50.12625],[4.23891,50.12599],[4.23941,50.12611],[4.23978,50.12599],[4.24074,50.12674],[4.24159,50.12684],[4.24179,50.12619],[4.24256,50.12625],[4.24398,50.12622],[4.24528,50.12672],[4.24603,50.12741],[4.24674,50.1275],[4.24738,50.12726],[4.24855,50.12721],[4.24924,50.12741],[4.25042,50.12745],[4.25191,50.12821],[4.25285,50.12858],[4.25337,50.12856],[4.25464,50.12878],[4.25527,50.12821],[4.25613,50.12862],[4.25786,50.12779],[4.25951,50.12719],[4.26006,50.12719],[4.26049,50.12782],[4.26167,50.1283],[4.26252,50.12819],[4.26401,50.12585],[4.26515,50.1252],[4.26875,50.12291],[4.27121,50.12167],[4.27341,50.12175],[4.27438,50.12108],[4.27536,50.12164],[4.27616,50.12164],[4.27743,50.1221],[4.2779,50.12245],[4.27947,50.12183],[4.28078,50.12178],[4.28176,50.1205],[4.28199,50.12045],[4.28651,50.12076],[4.28905,50.12045],[4.29046,50.12076],[4.2911,50.12139],[4.28997,50.12215],[4.2918,50.12341],[4.29407,50.12368],[4.29548,50.12436],[4.29583,50.12557],[4.29618,50.12588],[4.29597,50.1284],[4.29498,50.1284],[4.29477,50.12885],[4.29992,50.1297],[4.30042,50.13087],[4.30077,50.13091],[4.30056,50.1319],[4.30319,50.13212],[4.30382,50.13257],[4.30403,50.13373],[4.30429,50.13454],[4.3037,50.13492],[4.30264,50.13527],[4.30082,50.13697],[4.29976,50.13831],[4.29963,50.13875],[4.29908,50.13969],[4.29921,50.1405],[4.29865,50.14139],[4.29878,50.14249],[4.29836,50.14406],[4.29929,50.14551],[4.29954,50.14686],[4.29895,50.14796],[4.29992,50.14998],[4.29823,50.15031],[4.29666,50.1505],[4.29366,50.15157],[4.29217,50.15295],[4.2912,50.15351],[4.28993,50.15395],[4.28815,50.15349],[4.28764,50.15351],[4.28628,50.15413],[4.28713,50.1558],[4.28717,50.15723],[4.28696,50.15791],[4.28472,50.15889],[4.28406,50.15899],[4.28287,50.15938],[4.28147,50.1597],[4.28059,50.1597],[4.2796,50.16035],[4.2803,50.16156],[4.28014,50.16207],[4.2798,50.16236],[4.27885,50.16247],[4.27819,50.16271],[4.27787,50.16265],[4.2769,50.16318],[4.27627,50.16318],[4.27551,50.16369],[4.27542,50.16393],[4.27455,50.16419],[4.27467,50.16529],[4.27439,50.16543],[4.27457,50.1658],[4.2729,50.16584],[4.26718,50.1681],[4.25938,50.16805],[4.25474,50.17101],[4.25334,50.1724],[4.25315,50.1727],[4.25232,50.1732],[4.25141,50.17396],[4.24914,50.17477],[4.24773,50.17508],[4.2472,50.17501],[4.24536,50.17535],[4.24474,50.17537],[4.23966,50.1787],[4.23933,50.17827],[4.23649,50.1788],[4.23511,50.1791],[4.23308,50.17934],[4.23313,50.17965],[4.23271,50.18076],[4.23294,50.18182],[4.23406,50.18291],[4.23396,50.18322],[4.23428,50.18355],[4.23458,50.1842],[4.23511,50.18493],[4.23536,50.18603],[4.23538,50.18673],[4.2356,50.18724],[4.23669,50.18769],[4.23857,50.18827],[4.23866,50.18841],[4.2379,50.18854],[4.23531,50.18867],[4.23395,50.18865],[4.23279,50.18855],[4.23193,50.18856],[4.22932,50.18817],[4.22804,50.18782],[4.22632,50.18709],[4.22439,50.18654],[4.22158,50.18521],[4.22047,50.18458],[4.2184,50.18655],[4.21852,50.18684],[4.21797,50.18682],[4.21735,50.18657],[4.21694,50.1866],[4.21607,50.18639],[4.21612,50.18615],[4.2152,50.1862],[4.21442,50.18584],[4.21451,50.18694],[4.21428,50.1895],[4.21409,50.18955],[4.21451,50.19058],[4.21441,50.19109],[4.21331,50.19197],[4.21449,50.19441],[4.21404,50.19503],[4.21327,50.19539],[4.21277,50.19547],[4.21131,50.19598],[4.20999,50.19635],[4.20702,50.19697],[4.20563,50.19708],[4.20541,50.19728],[4.20402,50.19704],[4.20319,50.19707],[4.20264,50.1976],[4.20304,50.19808],[4.20418,50.19846],[4.20451,50.1989],[4.20605,50.19951],[4.20704,50.19954],[4.20807,50.19974],[4.20886,50.20084],[4.20921,50.20148],[4.21031,50.20415],[4.2098,50.20508],[4.20974,50.2055],[4.20991,50.2062],[4.21027,50.20652],[4.21039,50.2072],[4.21104,50.20789],[4.212,50.20875],[4.21023,50.20897],[4.20868,50.20897],[4.20592,50.20854],[4.20495,50.20912],[4.20295,50.20877],[4.20058,50.2094],[4.19771,50.21037],[4.19146,50.21182],[4.18618,50.21294],[4.18595,50.21323],[4.18514,50.21355],[4.18408,50.21416],[4.1795,50.21466],[4.17553,50.21518],[4.17213,50.2156],[4.17205,50.21545],[4.17104,50.21526],[4.17099,50.21491],[4.16879,50.21484],[4.16663,50.21488],[4.1655,50.21467]]]}},{"type":"Feature","id":"57003","bbox":[3.407922,50.527653,3.528683,50.587606],"properties":{"nis":"57003","name":"Antoing","nameNl":"Antoing","nameFr":"Antoing","nameDe":"Antoing","province":"hainaut","region":"wallonia","areaKm2":31.23},"geometry":{"type":"Polygon","coordinates":[[[3.52017,50.5603],[3.51774,50.5616],[3.51756,50.56147],[3.51598,50.56244],[3.51341,50.56085],[3.51264,50.56057],[3.5127,50.56031],[3.51162,50.56012],[3.51132,50.56031],[3.50937,50.56015],[3.50921,50.56042],[3.50793,50.56029],[3.50624,50.56036],[3.50542,50.56055],[3.50542,50.56083],[3.50493,50.56096],[3.50444,50.56025],[3.50177,50.56051],[3.5015,50.56069],[3.49884,50.5608],[3.49875,50.56032],[3.49751,50.56035],[3.49674,50.56022],[3.4958,50.55954],[3.49538,50.55983],[3.49425,50.55948],[3.49312,50.55937],[3.49244,50.55968],[3.49203,50.55943],[3.49133,50.55964],[3.49074,50.55876],[3.48989,50.55898],[3.49032,50.56001],[3.48958,50.56038],[3.48981,50.56145],[3.49034,50.56209],[3.49082,50.56326],[3.49281,50.56278],[3.493,50.56317],[3.4935,50.56347],[3.49368,50.56403],[3.49188,50.56447],[3.4908,50.56485],[3.4898,50.56428],[3.48868,50.56454],[3.48808,50.56453],[3.48785,50.56417],[3.48742,50.56428],[3.487,50.56373],[3.48621,50.56404],[3.4866,50.56455],[3.48526,50.5649],[3.48543,50.56521],[3.48428,50.56561],[3.48352,50.5663],[3.485,50.56738],[3.48369,50.56795],[3.48436,50.56917],[3.48324,50.5694],[3.48347,50.56986],[3.4823,50.57012],[3.48304,50.57139],[3.48328,50.57149],[3.4835,50.57226],[3.484,50.57349],[3.48379,50.57352],[3.48444,50.57502],[3.48291,50.57515],[3.48284,50.57598],[3.48149,50.5762],[3.48176,50.57689],[3.48105,50.57708],[3.48029,50.57704],[3.47882,50.5775],[3.47836,50.5771],[3.4772,50.57724],[3.47627,50.57765],[3.47403,50.57786],[3.47386,50.57844],[3.47453,50.57936],[3.47518,50.58069],[3.47545,50.58101],[3.47402,50.58141],[3.47144,50.58206],[3.46871,50.5825],[3.46907,50.58314],[3.46763,50.58346],[3.46787,50.58389],[3.46597,50.58437],[3.46485,50.58454],[3.46383,50.58611],[3.46238,50.58718],[3.46158,50.58761],[3.46043,50.58712],[3.45943,50.58652],[3.45816,50.58603],[3.458,50.58554],[3.45757,50.58547],[3.45585,50.58454],[3.45456,50.58421],[3.45311,50.58425],[3.45238,50.58376],[3.45178,50.5836],[3.45119,50.58319],[3.45031,50.58306],[3.44855,50.58318],[3.44725,50.58257],[3.4456,50.58215],[3.44552,50.58178],[3.44509,50.58167],[3.44453,50.58125],[3.44267,50.58113],[3.44238,50.58098],[3.44126,50.58074],[3.44113,50.58156],[3.44058,50.58204],[3.43997,50.58227],[3.43787,50.58283],[3.43465,50.58415],[3.43312,50.58504],[3.43055,50.58639],[3.43012,50.58577],[3.42748,50.58356],[3.4267,50.58284],[3.42443,50.58109],[3.42389,50.5808],[3.42261,50.57945],[3.42191,50.57896],[3.42166,50.57846],[3.42201,50.57833],[3.42239,50.57862],[3.42343,50.57825],[3.42275,50.57748],[3.42095,50.5759],[3.42174,50.57539],[3.42058,50.57467],[3.42158,50.57266],[3.42204,50.57208],[3.42367,50.57089],[3.42265,50.57038],[3.42312,50.56995],[3.42073,50.56905],[3.41949,50.5696],[3.41768,50.57055],[3.41638,50.57004],[3.41548,50.56952],[3.41514,50.5695],[3.412,50.56843],[3.41008,50.56786],[3.40953,50.56743],[3.4097,50.56704],[3.40833,50.56663],[3.40911,50.56424],[3.40792,50.56419],[3.40818,50.56352],[3.4096,50.56377],[3.41144,50.56435],[3.41277,50.56271],[3.4137,50.56168],[3.41507,50.56065],[3.41633,50.55959],[3.41658,50.55969],[3.41728,50.55911],[3.41667,50.55889],[3.41779,50.55618],[3.41865,50.55637],[3.41894,50.55618],[3.41998,50.55473],[3.42027,50.55372],[3.42098,50.553],[3.42596,50.54866],[3.4278,50.54767],[3.4285,50.54794],[3.43041,50.54792],[3.4378,50.54683],[3.43836,50.54498],[3.4376,50.54431],[3.43659,50.54357],[3.43667,50.54288],[3.43717,50.54239],[3.43865,50.54177],[3.43847,50.54124],[3.43678,50.54078],[3.43698,50.54005],[3.43654,50.53926],[3.4366,50.53835],[3.43739,50.53809],[3.43868,50.53796],[3.43885,50.53722],[3.43968,50.53504],[3.43979,50.53417],[3.4412,50.53409],[3.44184,50.53298],[3.44353,50.53252],[3.44409,50.53221],[3.44526,50.5333],[3.44609,50.53338],[3.44717,50.53366],[3.44844,50.53446],[3.45032,50.53476],[3.45133,50.53477],[3.45105,50.53569],[3.4504,50.53584],[3.44905,50.53571],[3.44805,50.53634],[3.44783,50.53626],[3.44738,50.53723],[3.4488,50.53753],[3.44989,50.5383],[3.44864,50.53895],[3.4494,50.53979],[3.45071,50.54004],[3.45196,50.53998],[3.45344,50.53951],[3.45431,50.5397],[3.45682,50.53589],[3.45642,50.53545],[3.45719,50.53517],[3.45719,50.53477],[3.4577,50.53393],[3.45897,50.53285],[3.45922,50.53274],[3.45917,50.53214],[3.46043,50.5309],[3.46302,50.53121],[3.46352,50.53136],[3.46538,50.53166],[3.46698,50.53201],[3.4677,50.5319],[3.46969,50.53202],[3.47037,50.53261],[3.4721,50.5328],[3.47339,50.53268],[3.47379,50.53282],[3.47401,50.53337],[3.47439,50.53368],[3.47541,50.53309],[3.47692,50.53256],[3.47769,50.53239],[3.47886,50.53165],[3.4801,50.53149],[3.48128,50.53118],[3.48198,50.53052],[3.48238,50.53052],[3.48374,50.53081],[3.48484,50.5306],[3.48518,50.53023],[3.48743,50.52955],[3.48795,50.52955],[3.48988,50.52855],[3.49043,50.52875],[3.49116,50.52765],[3.49337,50.52895],[3.4944,50.52913],[3.4949,50.52934],[3.4978,50.52969],[3.49839,50.52892],[3.49908,50.52913],[3.49861,50.5298],[3.49922,50.53005],[3.50095,50.53101],[3.50195,50.53094],[3.50424,50.5315],[3.50438,50.53132],[3.50605,50.53196],[3.50683,50.53241],[3.50756,50.53298],[3.50873,50.5337],[3.50959,50.53381],[3.51072,50.53436],[3.51084,50.53429],[3.51195,50.53493],[3.51338,50.53428],[3.51539,50.53567],[3.51388,50.53644],[3.51431,50.53703],[3.51291,50.5375],[3.51704,50.54003],[3.51763,50.53984],[3.51884,50.54134],[3.5202,50.54062],[3.52078,50.54123],[3.52131,50.54153],[3.52172,50.54127],[3.52227,50.54147],[3.52334,50.54131],[3.52412,50.54163],[3.52289,50.54194],[3.52334,50.54249],[3.52428,50.54323],[3.52421,50.5438],[3.52481,50.54468],[3.52443,50.54506],[3.52616,50.54583],[3.52664,50.54591],[3.52801,50.54649],[3.52868,50.54688],[3.52765,50.54771],[3.52675,50.54814],[3.52631,50.54783],[3.52422,50.54962],[3.52391,50.54977],[3.52101,50.54998],[3.5204,50.55081],[3.51965,50.5508],[3.51854,50.55111],[3.51767,50.5512],[3.51658,50.55146],[3.51784,50.55266],[3.51607,50.55328],[3.51697,50.55489],[3.5149,50.55498],[3.51418,50.55508],[3.51233,50.55556],[3.51234,50.55627],[3.51403,50.5573],[3.51612,50.55804],[3.52017,50.5603]]]}},{"type":"Feature","id":"57018","bbox":[3.365454,50.651976,3.533306,50.758778],"properties":{"nis":"57018","name":"Celles","nameNl":"Celles","nameFr":"Celles","nameDe":"Celles","province":"hainaut","region":"wallonia","areaKm2":67.23},"geometry":{"type":"Polygon","coordinates":[[[3.40308,50.74162],[3.40222,50.74033],[3.40264,50.74003],[3.40374,50.74003],[3.40416,50.73987],[3.4043,50.73943],[3.40396,50.73904],[3.40209,50.7382],[3.40149,50.73758],[3.40096,50.7367],[3.40068,50.73656],[3.39948,50.73643],[3.39912,50.73629],[3.39887,50.73569],[3.3989,50.73501],[3.39808,50.73376],[3.3983,50.73331],[3.39916,50.73297],[3.39949,50.73269],[3.39955,50.73227],[3.39859,50.73188],[3.39709,50.73193],[3.39477,50.7317],[3.39327,50.73187],[3.39276,50.73156],[3.39313,50.73099],[3.39479,50.73047],[3.39525,50.73013],[3.39523,50.72991],[3.3947,50.7295],[3.39353,50.72924],[3.39236,50.72923],[3.39054,50.72939],[3.38876,50.72878],[3.38745,50.72845],[3.38631,50.72831],[3.3844,50.72829],[3.38101,50.72815],[3.37781,50.72788],[3.37566,50.728],[3.37386,50.72778],[3.37192,50.72726],[3.36969,50.7264],[3.36894,50.72586],[3.36858,50.72438],[3.36875,50.72405],[3.36848,50.72362],[3.36625,50.72215],[3.36546,50.72144],[3.37006,50.71996],[3.37657,50.71783],[3.37794,50.71735],[3.37539,50.71535],[3.37667,50.71443],[3.37827,50.71435],[3.37784,50.71385],[3.38061,50.71256],[3.38552,50.70974],[3.38827,50.70866],[3.38885,50.70892],[3.38827,50.70807],[3.38734,50.70707],[3.38849,50.70664],[3.38929,50.70686],[3.39111,50.70629],[3.39213,50.70632],[3.394,50.70521],[3.39526,50.70389],[3.39403,50.70273],[3.39582,50.70228],[3.39912,50.70077],[3.39408,50.69756],[3.39069,50.69815],[3.3881,50.69586],[3.38661,50.69445],[3.38615,50.69309],[3.38726,50.69284],[3.38772,50.69152],[3.38717,50.69123],[3.38738,50.68926],[3.38637,50.68845],[3.38611,50.68748],[3.38632,50.68635],[3.38743,50.68584],[3.38721,50.68551],[3.38755,50.68408],[3.38688,50.68395],[3.38692,50.68193],[3.38624,50.68112],[3.38391,50.67883],[3.38408,50.6771],[3.38459,50.67621],[3.38425,50.67557],[3.38734,50.67551],[3.38785,50.67587],[3.38933,50.67576],[3.39217,50.67576],[3.39378,50.6758],[3.39392,50.67596],[3.39909,50.67773],[3.39943,50.67858],[3.39983,50.67867],[3.39988,50.67896],[3.4004,50.67917],[3.40234,50.68044],[3.4036,50.68103],[3.40395,50.68085],[3.4057,50.68264],[3.40526,50.68309],[3.40594,50.68324],[3.4064,50.68313],[3.40701,50.68347],[3.40743,50.68353],[3.40832,50.68406],[3.40966,50.68436],[3.41002,50.68464],[3.41067,50.68487],[3.41196,50.68551],[3.41263,50.68561],[3.41387,50.68622],[3.41432,50.68627],[3.41606,50.68731],[3.41731,50.6868],[3.41766,50.6868],[3.41821,50.68757],[3.41826,50.68798],[3.4189,50.68878],[3.41954,50.68849],[3.42095,50.68815],[3.4221,50.68775],[3.42465,50.68568],[3.42555,50.68532],[3.42753,50.68499],[3.42937,50.68449],[3.43075,50.68405],[3.43074,50.68375],[3.43258,50.68304],[3.43472,50.68229],[3.43559,50.68208],[3.43502,50.68123],[3.43445,50.6799],[3.43401,50.67943],[3.43376,50.67881],[3.43388,50.67831],[3.43364,50.67802],[3.43369,50.67764],[3.43413,50.67711],[3.43434,50.67619],[3.43512,50.67648],[3.43564,50.6761],[3.4377,50.67555],[3.43788,50.67575],[3.43998,50.67503],[3.44091,50.6749],[3.44259,50.67409],[3.4432,50.67389],[3.44474,50.67375],[3.44705,50.67131],[3.44775,50.67106],[3.44938,50.67096],[3.45185,50.67005],[3.45337,50.66996],[3.45602,50.66821],[3.45667,50.66747],[3.45909,50.66713],[3.46241,50.66627],[3.462,50.66588],[3.46247,50.66583],[3.46234,50.66525],[3.46187,50.66465],[3.46066,50.66372],[3.46048,50.66321],[3.46066,50.66226],[3.46034,50.66163],[3.46092,50.66143],[3.46223,50.66155],[3.46856,50.65936],[3.46883,50.65904],[3.47004,50.658],[3.47162,50.6575],[3.47388,50.65687],[3.47509,50.65632],[3.47418,50.65583],[3.475,50.65531],[3.47589,50.65593],[3.47634,50.65537],[3.47691,50.65529],[3.4777,50.65572],[3.47818,50.65568],[3.47936,50.6561],[3.48031,50.65707],[3.48051,50.65691],[3.48125,50.6572],[3.48307,50.65579],[3.48278,50.65556],[3.48539,50.65372],[3.48719,50.65399],[3.4879,50.6544],[3.4895,50.65516],[3.49154,50.65559],[3.49259,50.65565],[3.49333,50.65627],[3.49333,50.65653],[3.49421,50.6561],[3.49534,50.65583],[3.49583,50.65583],[3.49631,50.65515],[3.49715,50.6555],[3.49786,50.65472],[3.49848,50.65421],[3.49865,50.65429],[3.5,50.6535],[3.5002,50.65369],[3.50252,50.65198],[3.50485,50.65325],[3.50625,50.65357],[3.50775,50.65403],[3.50949,50.65482],[3.51077,50.65521],[3.51351,50.65591],[3.51401,50.65589],[3.51596,50.65636],[3.51837,50.65722],[3.51888,50.65751],[3.52245,50.65798],[3.52396,50.65827],[3.52593,50.65884],[3.52774,50.65982],[3.52859,50.66039],[3.52927,50.66053],[3.53078,50.66118],[3.5325,50.66164],[3.53168,50.66296],[3.53072,50.66271],[3.52977,50.6642],[3.53115,50.66446],[3.53085,50.66501],[3.53247,50.66532],[3.53331,50.66556],[3.53325,50.66582],[3.53234,50.66653],[3.53253,50.66664],[3.53211,50.66758],[3.53192,50.66748],[3.53148,50.66798],[3.53164,50.66809],[3.5309,50.66855],[3.53025,50.66914],[3.53051,50.66938],[3.52854,50.67049],[3.52727,50.671],[3.52678,50.67098],[3.52534,50.6715],[3.5248,50.67152],[3.52377,50.67211],[3.52223,50.67248],[3.52114,50.67444],[3.52163,50.67475],[3.52049,50.67573],[3.52113,50.6761],[3.52063,50.67678],[3.51881,50.67659],[3.51764,50.67676],[3.51721,50.67735],[3.51765,50.67768],[3.51782,50.67815],[3.51771,50.67864],[3.51716,50.6791],[3.51578,50.67973],[3.51536,50.68012],[3.5161,50.68039],[3.51719,50.68135],[3.51579,50.68231],[3.51491,50.68306],[3.51432,50.68399],[3.51355,50.68474],[3.51262,50.68544],[3.51188,50.6859],[3.51163,50.68649],[3.51114,50.68681],[3.50882,50.68765],[3.50996,50.68872],[3.50902,50.68941],[3.50941,50.6899],[3.50834,50.69135],[3.50765,50.69123],[3.50677,50.69085],[3.50658,50.69109],[3.50665,50.69156],[3.50498,50.69199],[3.50523,50.69264],[3.50461,50.69288],[3.50441,50.69359],[3.50404,50.69396],[3.50322,50.69412],[3.50261,50.69441],[3.50162,50.69457],[3.50112,50.69505],[3.50096,50.69562],[3.50026,50.69612],[3.49907,50.69652],[3.49863,50.69683],[3.49845,50.6967],[3.4971,50.69777],[3.49743,50.6979],[3.49707,50.6981],[3.49599,50.69834],[3.49301,50.69832],[3.49176,50.69779],[3.4906,50.69964],[3.49046,50.70027],[3.49094,50.70054],[3.48988,50.70124],[3.48719,50.7026],[3.48755,50.70358],[3.48701,50.70408],[3.48663,50.70463],[3.48581,50.70491],[3.48447,50.70904],[3.48348,50.70931],[3.48319,50.71151],[3.47944,50.71361],[3.47826,50.71442],[3.47865,50.7147],[3.47766,50.71521],[3.47631,50.71524],[3.47557,50.71457],[3.47107,50.71672],[3.4695,50.71593],[3.46909,50.71618],[3.46837,50.71575],[3.46686,50.71682],[3.46652,50.71746],[3.46561,50.71841],[3.46539,50.71921],[3.46427,50.72012],[3.46497,50.72087],[3.46484,50.72127],[3.4656,50.72157],[3.46595,50.72198],[3.46655,50.72231],[3.46687,50.72207],[3.46755,50.72256],[3.46745,50.7229],[3.46994,50.72397],[3.47065,50.72402],[3.47103,50.72443],[3.47381,50.72556],[3.47988,50.72806],[3.48081,50.72875],[3.48152,50.72912],[3.48231,50.72974],[3.48545,50.73269],[3.48525,50.73287],[3.4852,50.73408],[3.48551,50.73537],[3.48741,50.73774],[3.48805,50.73789],[3.48851,50.73824],[3.48881,50.73873],[3.48815,50.73879],[3.48589,50.73935],[3.48471,50.73958],[3.48169,50.73977],[3.48038,50.73936],[3.47881,50.73959],[3.47879,50.74002],[3.47773,50.74021],[3.47635,50.74066],[3.47407,50.74194],[3.47351,50.74241],[3.47297,50.74382],[3.47232,50.74433],[3.47176,50.74444],[3.47001,50.74441],[3.46945,50.7445],[3.46889,50.74477],[3.46863,50.7452],[3.46856,50.74712],[3.468,50.74809],[3.46754,50.74851],[3.46577,50.74962],[3.46523,50.75006],[3.464,50.75162],[3.46335,50.75206],[3.46105,50.7533],[3.46051,50.75373],[3.45948,50.75336],[3.45816,50.75304],[3.45762,50.75424],[3.45687,50.75459],[3.45513,50.75628],[3.45492,50.7566],[3.45344,50.75813],[3.45228,50.7581],[3.45085,50.75845],[3.4499,50.75829],[3.44945,50.75789],[3.44865,50.75756],[3.44607,50.75737],[3.44441,50.75706],[3.44385,50.75702],[3.44348,50.75748],[3.44339,50.75803],[3.44309,50.75844],[3.44274,50.75856],[3.4412,50.75859],[3.4397,50.75878],[3.43864,50.75862],[3.43619,50.75761],[3.43581,50.75736],[3.4354,50.75666],[3.43575,50.75622],[3.43658,50.756],[3.43785,50.75589],[3.43852,50.75572],[3.43921,50.75537],[3.43932,50.75493],[3.43891,50.75463],[3.43691,50.75433],[3.43622,50.75437],[3.43426,50.75489],[3.43368,50.75537],[3.43304,50.75654],[3.4324,50.75678],[3.43141,50.75653],[3.43105,50.75622],[3.43072,50.75556],[3.43087,50.75477],[3.43118,50.75445],[3.43174,50.75427],[3.43299,50.75405],[3.43349,50.75383],[3.4336,50.75341],[3.43288,50.75287],[3.43259,50.75239],[3.43303,50.75155],[3.43371,50.75085],[3.43461,50.75046],[3.43498,50.75013],[3.43474,50.74962],[3.43348,50.74865],[3.43232,50.7483],[3.43182,50.74838],[3.43083,50.74906],[3.43043,50.74918],[3.4297,50.74899],[3.4289,50.74861],[3.42753,50.74819],[3.42655,50.74801],[3.42631,50.74771],[3.42683,50.7471],[3.42659,50.74674],[3.42494,50.74646],[3.42276,50.746],[3.42142,50.74586],[3.41998,50.74583],[3.41776,50.74601],[3.41547,50.74657],[3.41438,50.74675],[3.41154,50.74698],[3.40959,50.747],[3.40709,50.74681],[3.40555,50.74635],[3.405,50.74606],[3.40326,50.74458],[3.40304,50.7441],[3.40311,50.74348],[3.40373,50.74261],[3.40369,50.74227],[3.40308,50.74162]]]}},{"type":"Feature","id":"57027","bbox":[3.24007,50.652642,3.33989,50.7224],"properties":{"nis":"57027","name":"Estaimpuis","nameNl":"Steenput","nameFr":"Estaimpuis","nameDe":"Estaimpuis","province":"hainaut","region":"wallonia","areaKm2":31.92},"geometry":{"type":"Polygon","coordinates":[[[3.33632,50.65862],[3.33586,50.66576],[3.33705,50.66573],[3.33891,50.66937],[3.33989,50.67107],[3.33812,50.67152],[3.33714,50.6705],[3.33379,50.67088],[3.33409,50.67258],[3.33328,50.6729],[3.33337,50.67341],[3.33243,50.67325],[3.33269,50.67419],[3.33074,50.67376],[3.33006,50.67317],[3.32849,50.67285],[3.32485,50.67382],[3.32375,50.67576],[3.32197,50.67735],[3.32078,50.68037],[3.31964,50.68096],[3.32015,50.68147],[3.32049,50.6822],[3.32019,50.68379],[3.31962,50.68475],[3.31832,50.68473],[3.3179,50.68662],[3.31684,50.6871],[3.31638,50.68624],[3.31591,50.68594],[3.31489,50.68597],[3.3143,50.68522],[3.31252,50.68707],[3.31201,50.68794],[3.30955,50.68891],[3.30909,50.6885],[3.3065,50.68942],[3.30434,50.68937],[3.30307,50.68982],[3.3065,50.69246],[3.30604,50.69287],[3.30625,50.69419],[3.30849,50.69505],[3.31571,50.69834],[3.31523,50.69864],[3.31646,50.70007],[3.31705,50.69988],[3.31786,50.7009],[3.31943,50.70066],[3.32019,50.70104],[3.32083,50.70085],[3.32163,50.70206],[3.3218,50.70308],[3.32294,50.70354],[3.32637,50.70527],[3.32731,50.70952],[3.32612,50.7102],[3.32831,50.71199],[3.32931,50.71246],[3.32709,50.71448],[3.32832,50.71486],[3.32765,50.71524],[3.32743,50.71632],[3.32642,50.71715],[3.32654,50.71753],[3.32557,50.71809],[3.32578,50.71942],[3.32527,50.71966],[3.32659,50.72076],[3.32394,50.7224],[3.32352,50.72216],[3.32157,50.72163],[3.32076,50.72131],[3.32056,50.72076],[3.31983,50.72047],[3.31869,50.72065],[3.31691,50.72049],[3.31668,50.72093],[3.3161,50.72132],[3.31418,50.72051],[3.31358,50.72009],[3.31274,50.71985],[3.31301,50.71962],[3.31297,50.71921],[3.31106,50.71854],[3.30937,50.71915],[3.30892,50.71949],[3.30795,50.71953],[3.30725,50.71923],[3.30464,50.71886],[3.30452,50.71869],[3.30308,50.71807],[3.30263,50.71767],[3.30403,50.71693],[3.30475,50.71635],[3.30458,50.71566],[3.30532,50.71536],[3.30602,50.71476],[3.3057,50.71442],[3.30479,50.71488],[3.30373,50.71441],[3.30305,50.71506],[3.30361,50.71535],[3.30322,50.71546],[3.30191,50.71636],[3.30026,50.7153],[3.29873,50.71659],[3.29734,50.71718],[3.2974,50.71753],[3.29422,50.71859],[3.29181,50.72007],[3.29098,50.72101],[3.28905,50.72092],[3.28698,50.71934],[3.28543,50.71741],[3.28412,50.71778],[3.2827,50.71666],[3.28147,50.71727],[3.2807,50.71651],[3.27903,50.7171],[3.27859,50.7174],[3.27797,50.71745],[3.27734,50.71791],[3.27681,50.71855],[3.27539,50.71828],[3.27216,50.71782],[3.26915,50.71714],[3.26806,50.71683],[3.26564,50.71644],[3.2641,50.71624],[3.26359,50.7161],[3.26274,50.7161],[3.25887,50.71551],[3.2584,50.71529],[3.2563,50.71487],[3.25522,50.71502],[3.25351,50.7147],[3.24723,50.71317],[3.24515,50.71303],[3.24594,50.71271],[3.24673,50.71196],[3.24798,50.71098],[3.24884,50.71004],[3.24945,50.7097],[3.24866,50.70934],[3.24965,50.70838],[3.25217,50.70661],[3.25079,50.70537],[3.25275,50.70439],[3.25306,50.70415],[3.25444,50.7035],[3.25583,50.70306],[3.25803,50.70272],[3.25897,50.70245],[3.2604,50.70221],[3.26056,50.7018],[3.26104,50.70131],[3.26065,50.70025],[3.2603,50.69905],[3.25998,50.69843],[3.25871,50.69841],[3.25924,50.69786],[3.25907,50.69727],[3.25876,50.69686],[3.25851,50.69608],[3.25885,50.69603],[3.25882,50.69561],[3.25928,50.6951],[3.25924,50.69433],[3.25948,50.69343],[3.25981,50.69311],[3.26039,50.69312],[3.2614,50.692],[3.26147,50.69143],[3.26104,50.69133],[3.26062,50.69154],[3.26042,50.69126],[3.25974,50.69126],[3.25948,50.69149],[3.25897,50.69126],[3.25807,50.69122],[3.258,50.69175],[3.25627,50.69133],[3.25536,50.69126],[3.25459,50.69132],[3.25371,50.69114],[3.2539,50.69066],[3.25279,50.68975],[3.2554,50.68724],[3.25478,50.6869],[3.25518,50.68652],[3.25859,50.68527],[3.25757,50.68356],[3.25871,50.68299],[3.25978,50.68193],[3.25875,50.68157],[3.25946,50.68065],[3.25987,50.68079],[3.26103,50.67901],[3.26454,50.67771],[3.26523,50.67704],[3.26477,50.67667],[3.26325,50.67613],[3.26132,50.67595],[3.26051,50.67599],[3.25941,50.67559],[3.25884,50.6752],[3.25794,50.67485],[3.25687,50.67465],[3.25491,50.67405],[3.2543,50.67428],[3.25281,50.67426],[3.25237,50.67389],[3.25013,50.67296],[3.24848,50.6721],[3.2477,50.67112],[3.24505,50.67045],[3.2441,50.67013],[3.24121,50.66884],[3.24128,50.66821],[3.24207,50.66692],[3.24252,50.66654],[3.24271,50.66579],[3.24193,50.66506],[3.24215,50.66422],[3.24217,50.66322],[3.24236,50.66236],[3.2415,50.66216],[3.24123,50.65989],[3.24105,50.6595],[3.24035,50.65903],[3.24007,50.65863],[3.2417,50.65712],[3.24639,50.65264],[3.24702,50.65329],[3.24788,50.65375],[3.24958,50.65488],[3.25018,50.65436],[3.25143,50.65474],[3.25196,50.65501],[3.25381,50.65637],[3.25412,50.65633],[3.25593,50.65775],[3.25631,50.65792],[3.25684,50.65709],[3.25889,50.65722],[3.26001,50.65714],[3.26023,50.65811],[3.2638,50.658],[3.26655,50.65816],[3.26811,50.65891],[3.26917,50.65845],[3.26947,50.65797],[3.27028,50.65813],[3.27227,50.65891],[3.27392,50.65942],[3.27668,50.66242],[3.27922,50.66325],[3.28116,50.66352],[3.28141,50.66308],[3.28318,50.66339],[3.28444,50.66345],[3.28587,50.66382],[3.28574,50.66436],[3.2868,50.66487],[3.28896,50.66544],[3.28922,50.66525],[3.28998,50.66616],[3.29121,50.66667],[3.29167,50.66635],[3.29269,50.66719],[3.29367,50.66748],[3.29465,50.66828],[3.29536,50.66855],[3.29722,50.66738],[3.29612,50.66643],[3.29858,50.66471],[3.29977,50.66479],[3.30333,50.66409],[3.30358,50.66355],[3.30311,50.66282],[3.30413,50.66226],[3.30557,50.66107],[3.3071,50.66204],[3.30769,50.6615],[3.30879,50.66234],[3.309,50.66277],[3.31074,50.66355],[3.31244,50.66301],[3.31277,50.66255],[3.31455,50.6625],[3.31493,50.66212],[3.31557,50.66231],[3.31595,50.66182],[3.31896,50.66045],[3.31751,50.65936],[3.31896,50.65781],[3.31939,50.65772],[3.32097,50.65792],[3.32277,50.65841],[3.32295,50.65796],[3.32363,50.65692],[3.3257,50.65737],[3.32575,50.65717],[3.32765,50.65746],[3.32915,50.65759],[3.32984,50.65629],[3.33046,50.65641],[3.33326,50.65669],[3.33412,50.65605],[3.33583,50.65626],[3.33515,50.65836],[3.33632,50.65862]]]}},{"type":"Feature","id":"57062","bbox":[3.303072,50.647402,3.399244,50.722751],"properties":{"nis":"57062","name":"Pecq","nameNl":"Pecq","nameFr":"Pecq","nameDe":"Pecq","province":"hainaut","region":"wallonia","areaKm2":33.07},"geometry":{"type":"Polygon","coordinates":[[[3.39909,50.67773],[3.39392,50.67596],[3.39378,50.6758],[3.39217,50.67576],[3.38933,50.67576],[3.38785,50.67587],[3.38734,50.67551],[3.38425,50.67557],[3.38459,50.67621],[3.38408,50.6771],[3.38391,50.67883],[3.38624,50.68112],[3.38692,50.68193],[3.38688,50.68395],[3.38755,50.68408],[3.38721,50.68551],[3.38743,50.68584],[3.38632,50.68635],[3.38611,50.68748],[3.38637,50.68845],[3.38738,50.68926],[3.38717,50.69123],[3.38772,50.69152],[3.38726,50.69284],[3.38615,50.69309],[3.38661,50.69445],[3.3881,50.69586],[3.39069,50.69815],[3.39408,50.69756],[3.39912,50.70077],[3.39582,50.70228],[3.39403,50.70273],[3.39526,50.70389],[3.394,50.70521],[3.39213,50.70632],[3.39111,50.70629],[3.38929,50.70686],[3.38849,50.70664],[3.38734,50.70707],[3.38827,50.70807],[3.38885,50.70892],[3.38827,50.70866],[3.38552,50.70974],[3.38061,50.71256],[3.37784,50.71385],[3.37827,50.71435],[3.37667,50.71443],[3.37539,50.71535],[3.37794,50.71735],[3.37657,50.71783],[3.37006,50.71996],[3.36546,50.72144],[3.36455,50.72073],[3.36389,50.71993],[3.36363,50.71917],[3.36395,50.71896],[3.36602,50.71847],[3.36577,50.71809],[3.36307,50.71563],[3.3615,50.71479],[3.36084,50.71385],[3.36072,50.7134],[3.36078,50.71238],[3.36097,50.71138],[3.36085,50.7103],[3.3606,50.70957],[3.35811,50.71023],[3.35826,50.71047],[3.357,50.71092],[3.35279,50.71264],[3.35031,50.71324],[3.35045,50.71367],[3.34911,50.71374],[3.34906,50.71471],[3.34878,50.7157],[3.34814,50.71531],[3.34762,50.71548],[3.3471,50.7152],[3.34595,50.71553],[3.34568,50.71547],[3.34459,50.71583],[3.34362,50.71606],[3.34304,50.71605],[3.34282,50.71662],[3.34237,50.71666],[3.34184,50.71752],[3.34056,50.71696],[3.34016,50.717],[3.33977,50.71734],[3.33834,50.71691],[3.33804,50.71724],[3.33762,50.71705],[3.33627,50.717],[3.33595,50.71774],[3.33499,50.71755],[3.33448,50.71826],[3.33346,50.71887],[3.3312,50.72003],[3.33111,50.72036],[3.32919,50.72161],[3.32881,50.72165],[3.32757,50.72241],[3.3268,50.72246],[3.3259,50.72275],[3.32394,50.7224],[3.32659,50.72076],[3.32527,50.71966],[3.32578,50.71942],[3.32557,50.71809],[3.32654,50.71753],[3.32642,50.71715],[3.32743,50.71632],[3.32765,50.71524],[3.32832,50.71486],[3.32709,50.71448],[3.32931,50.71246],[3.32831,50.71199],[3.32612,50.7102],[3.32731,50.70952],[3.32637,50.70527],[3.32294,50.70354],[3.3218,50.70308],[3.32163,50.70206],[3.32083,50.70085],[3.32019,50.70104],[3.31943,50.70066],[3.31786,50.7009],[3.31705,50.69988],[3.31646,50.70007],[3.31523,50.69864],[3.31571,50.69834],[3.30849,50.69505],[3.30625,50.69419],[3.30604,50.69287],[3.3065,50.69246],[3.30307,50.68982],[3.30434,50.68937],[3.3065,50.68942],[3.30909,50.6885],[3.30955,50.68891],[3.31201,50.68794],[3.31252,50.68707],[3.3143,50.68522],[3.31489,50.68597],[3.31591,50.68594],[3.31638,50.68624],[3.31684,50.6871],[3.3179,50.68662],[3.31832,50.68473],[3.31962,50.68475],[3.32019,50.68379],[3.32049,50.6822],[3.32015,50.68147],[3.31964,50.68096],[3.32078,50.68037],[3.32197,50.67735],[3.32375,50.67576],[3.32485,50.67382],[3.32849,50.67285],[3.33006,50.67317],[3.33074,50.67376],[3.33269,50.67419],[3.33243,50.67325],[3.33337,50.67341],[3.33328,50.6729],[3.33409,50.67258],[3.33379,50.67088],[3.33714,50.6705],[3.33812,50.67152],[3.33989,50.67107],[3.33891,50.66937],[3.33705,50.66573],[3.33586,50.66576],[3.33632,50.65862],[3.33975,50.65944],[3.33971,50.65825],[3.33941,50.65704],[3.33996,50.65574],[3.34067,50.65478],[3.34081,50.65442],[3.34173,50.65348],[3.34223,50.6526],[3.34274,50.65196],[3.34296,50.65197],[3.34391,50.65148],[3.34514,50.65178],[3.34536,50.65111],[3.34774,50.6523],[3.34886,50.65269],[3.34998,50.65321],[3.3512,50.65329],[3.35208,50.65358],[3.35242,50.65389],[3.35254,50.65433],[3.35316,50.65468],[3.35535,50.65514],[3.35592,50.65517],[3.35631,50.65498],[3.35597,50.65434],[3.35521,50.65365],[3.35447,50.65273],[3.35261,50.65081],[3.35142,50.65011],[3.35086,50.65013],[3.34889,50.65099],[3.34826,50.64987],[3.34746,50.64748],[3.35403,50.64745],[3.35769,50.64741],[3.36075,50.64778],[3.36143,50.64764],[3.36201,50.64775],[3.36294,50.6484],[3.36509,50.64933],[3.36546,50.64914],[3.36739,50.6496],[3.37018,50.65018],[3.37233,50.65102],[3.37458,50.6513],[3.37565,50.65172],[3.37697,50.65192],[3.37675,50.65261],[3.37785,50.65269],[3.37777,50.65233],[3.37829,50.6524],[3.37882,50.65301],[3.37923,50.65306],[3.38002,50.65343],[3.38056,50.65398],[3.38174,50.65465],[3.38301,50.65582],[3.38385,50.65628],[3.38446,50.65643],[3.38591,50.65715],[3.38668,50.6573],[3.38668,50.65751],[3.38886,50.65672],[3.38931,50.65757],[3.39016,50.65773],[3.39138,50.65743],[3.39352,50.65698],[3.3945,50.65911],[3.39362,50.65912],[3.3943,50.66022],[3.39513,50.6605],[3.39483,50.66461],[3.39377,50.66466],[3.39517,50.66675],[3.39641,50.66637],[3.39661,50.6673],[3.39542,50.66777],[3.39636,50.6685],[3.39694,50.67032],[3.3959,50.67048],[3.39629,50.67117],[3.39701,50.67218],[3.39725,50.6721],[3.39846,50.6735],[3.39879,50.67327],[3.39924,50.67417],[3.39908,50.67482],[3.39878,50.67523],[3.39837,50.67537],[3.39894,50.67577],[3.39909,50.67773]]]}},{"type":"Feature","id":"57064","bbox":[3.496252,50.486721,3.629269,50.579945],"properties":{"nis":"57064","name":"Péruwelz","nameNl":"Péruwelz","nameFr":"Péruwelz","nameDe":"Péruwelz","province":"hainaut","region":"wallonia","areaKm2":60.86},"geometry":{"type":"Polygon","coordinates":[[[3.61522,50.4901],[3.62439,50.49217],[3.62506,50.49533],[3.62662,50.49564],[3.62563,50.49596],[3.62429,50.49726],[3.62302,50.49784],[3.62443,50.49879],[3.62812,50.50015],[3.62927,50.5007],[3.62754,50.50085],[3.62592,50.50198],[3.62429,50.50239],[3.62287,50.50287],[3.61986,50.50458],[3.62002,50.50547],[3.62394,50.5071],[3.62323,50.51087],[3.62382,50.51132],[3.62365,50.51173],[3.62239,50.51271],[3.62295,50.51284],[3.62309,50.51373],[3.62368,50.51397],[3.62525,50.51504],[3.62672,50.51528],[3.6273,50.51514],[3.62888,50.51523],[3.62727,50.51754],[3.6261,50.51913],[3.62592,50.51886],[3.62404,50.51803],[3.6238,50.51778],[3.6238,50.51732],[3.62332,50.51714],[3.62278,50.51653],[3.62205,50.51616],[3.62111,50.51622],[3.62064,50.51601],[3.62006,50.51602],[3.6181,50.51643],[3.61752,50.51613],[3.61635,50.51655],[3.61672,50.51741],[3.6174,50.5173],[3.61747,50.51751],[3.61808,50.51737],[3.61809,50.51799],[3.6196,50.51784],[3.61945,50.51888],[3.61862,50.51892],[3.61754,50.51867],[3.61667,50.51979],[3.61804,50.52022],[3.61774,50.52069],[3.61816,50.52085],[3.61687,50.52158],[3.61666,50.52066],[3.61673,50.52025],[3.6158,50.52095],[3.61497,50.52068],[3.61417,50.52152],[3.61397,50.5214],[3.61427,50.52106],[3.61293,50.52072],[3.61279,50.52097],[3.61109,50.52065],[3.61085,50.52108],[3.61028,50.52119],[3.60852,50.52102],[3.61014,50.52416],[3.61064,50.52519],[3.61117,50.52565],[3.61216,50.52607],[3.61382,50.52631],[3.61556,50.52629],[3.61652,50.52693],[3.61785,50.52804],[3.61932,50.52866],[3.61973,50.52897],[3.62021,50.52963],[3.62058,50.53071],[3.62143,50.53181],[3.61944,50.53262],[3.61976,50.53298],[3.61866,50.5337],[3.61774,50.53492],[3.61709,50.53554],[3.61628,50.53658],[3.61387,50.53911],[3.61342,50.53962],[3.61292,50.54065],[3.61284,50.5416],[3.61311,50.54377],[3.61331,50.5449],[3.61312,50.54567],[3.61291,50.54723],[3.61309,50.54743],[3.61356,50.54859],[3.61409,50.54966],[3.61497,50.55074],[3.61544,50.55165],[3.61565,50.55165],[3.61577,50.55284],[3.6156,50.55359],[3.61562,50.55419],[3.61545,50.55535],[3.61517,50.55585],[3.61458,50.55649],[3.61427,50.55734],[3.6142,50.55823],[3.61431,50.55916],[3.61449,50.55943],[3.61615,50.56092],[3.61684,50.56135],[3.61537,50.56083],[3.61382,50.56038],[3.61246,50.56037],[3.61116,50.56004],[3.61035,50.55829],[3.61031,50.55874],[3.60765,50.55857],[3.60751,50.55892],[3.60686,50.55881],[3.60667,50.55677],[3.60555,50.5572],[3.60478,50.55652],[3.60115,50.55826],[3.59976,50.55735],[3.59732,50.55923],[3.5955,50.55827],[3.59368,50.5592],[3.59257,50.55837],[3.59148,50.55875],[3.59042,50.55933],[3.59025,50.55921],[3.58904,50.55981],[3.58788,50.56016],[3.58653,50.561],[3.58748,50.56165],[3.58784,50.56145],[3.59188,50.56396],[3.59097,50.56451],[3.58901,50.56659],[3.58731,50.56593],[3.58707,50.56618],[3.58674,50.56605],[3.58592,50.5668],[3.58529,50.5665],[3.58478,50.56693],[3.5842,50.56655],[3.58379,50.567],[3.58217,50.56823],[3.58272,50.56853],[3.58345,50.56817],[3.58419,50.5684],[3.5816,50.56982],[3.57878,50.57155],[3.57849,50.57187],[3.57897,50.57206],[3.57941,50.57181],[3.58077,50.57218],[3.58142,50.57296],[3.58071,50.57357],[3.57855,50.57456],[3.57762,50.57524],[3.57662,50.57559],[3.57557,50.57616],[3.57392,50.57637],[3.57387,50.57658],[3.57172,50.57697],[3.57085,50.57746],[3.57037,50.57718],[3.56777,50.5759],[3.56787,50.57517],[3.56897,50.57321],[3.56932,50.57269],[3.56832,50.57219],[3.5673,50.57187],[3.5668,50.57152],[3.56538,50.57077],[3.56455,50.57051],[3.56385,50.57043],[3.56315,50.57049],[3.5622,50.56977],[3.5617,50.56953],[3.5597,50.57006],[3.55945,50.56961],[3.55948,50.56926],[3.5583,50.56939],[3.55805,50.56893],[3.55612,50.56978],[3.55625,50.57013],[3.55543,50.57021],[3.55437,50.57054],[3.55361,50.57092],[3.54958,50.57236],[3.54824,50.57254],[3.54972,50.57487],[3.5488,50.57519],[3.54972,50.57645],[3.54958,50.57649],[3.55113,50.5773],[3.55113,50.57806],[3.54918,50.57862],[3.54804,50.57895],[3.54643,50.57994],[3.54477,50.57942],[3.54406,50.57929],[3.5437,50.57937],[3.54275,50.57681],[3.54155,50.57695],[3.54085,50.5764],[3.54017,50.57662],[3.53941,50.57664],[3.53886,50.57617],[3.53737,50.57566],[3.53661,50.57622],[3.53562,50.57513],[3.53463,50.57384],[3.53405,50.57256],[3.53233,50.57067],[3.53204,50.57041],[3.53205,50.56976],[3.53182,50.56846],[3.52959,50.56867],[3.52683,50.5651],[3.5247,50.56554],[3.52402,50.5637],[3.5236,50.56361],[3.52262,50.56268],[3.52306,50.56227],[3.52215,50.56144],[3.52017,50.5603],[3.51612,50.55804],[3.51403,50.5573],[3.51234,50.55627],[3.51233,50.55556],[3.51418,50.55508],[3.5149,50.55498],[3.51697,50.55489],[3.51607,50.55328],[3.51784,50.55266],[3.51658,50.55146],[3.51767,50.5512],[3.51854,50.55111],[3.51965,50.5508],[3.5204,50.55081],[3.52101,50.54998],[3.52391,50.54977],[3.52422,50.54962],[3.52631,50.54783],[3.52675,50.54814],[3.52765,50.54771],[3.52868,50.54688],[3.52801,50.54649],[3.52664,50.54591],[3.52616,50.54583],[3.52443,50.54506],[3.52481,50.54468],[3.52421,50.5438],[3.52428,50.54323],[3.52334,50.54249],[3.52289,50.54194],[3.52412,50.54163],[3.52334,50.54131],[3.52227,50.54147],[3.52172,50.54127],[3.52131,50.54153],[3.52078,50.54123],[3.5202,50.54062],[3.51884,50.54134],[3.51763,50.53984],[3.51704,50.54003],[3.51291,50.5375],[3.51431,50.53703],[3.51388,50.53644],[3.51539,50.53567],[3.51338,50.53428],[3.51195,50.53493],[3.51084,50.53429],[3.51072,50.53436],[3.50959,50.53381],[3.50873,50.5337],[3.50756,50.53298],[3.50683,50.53241],[3.50605,50.53196],[3.50438,50.53132],[3.50424,50.5315],[3.50195,50.53094],[3.50095,50.53101],[3.49922,50.53005],[3.50116,50.52969],[3.50187,50.52937],[3.50223,50.52936],[3.50389,50.52971],[3.50486,50.5282],[3.50668,50.52853],[3.50691,50.52782],[3.50831,50.52811],[3.50871,50.52803],[3.50927,50.52755],[3.51044,50.52685],[3.51104,50.52618],[3.51163,50.52573],[3.51277,50.52581],[3.5132,50.52553],[3.51515,50.52508],[3.51577,50.52514],[3.51833,50.52466],[3.51859,50.5243],[3.51992,50.52362],[3.51965,50.52321],[3.51888,50.52264],[3.51845,50.52263],[3.51804,50.52225],[3.5177,50.52167],[3.51804,50.52153],[3.51794,50.52094],[3.51824,50.52078],[3.51826,50.52011],[3.51787,50.5202],[3.51797,50.51986],[3.51769,50.51968],[3.51795,50.51929],[3.51764,50.51847],[3.51778,50.51826],[3.51731,50.5178],[3.5166,50.51746],[3.51645,50.5169],[3.51672,50.51669],[3.51547,50.51527],[3.51671,50.51481],[3.51674,50.51437],[3.51643,50.51406],[3.5166,50.51371],[3.5162,50.5129],[3.51522,50.51208],[3.51435,50.51173],[3.51387,50.51175],[3.51375,50.51139],[3.51335,50.51109],[3.51274,50.51087],[3.51265,50.5106],[3.51226,50.51066],[3.51228,50.51039],[3.51174,50.51012],[3.51136,50.5102],[3.51109,50.50983],[3.51071,50.50976],[3.5099,50.50894],[3.50946,50.50879],[3.50942,50.50851],[3.50871,50.50842],[3.50831,50.50812],[3.50721,50.5081],[3.50741,50.50789],[3.50652,50.50741],[3.50621,50.50775],[3.50573,50.50762],[3.50554,50.50729],[3.50478,50.50738],[3.50377,50.50692],[3.50328,50.50603],[3.50409,50.50571],[3.50341,50.50526],[3.50314,50.50544],[3.50244,50.50513],[3.5029,50.50478],[3.50164,50.50412],[3.50207,50.50389],[3.50146,50.50342],[3.50112,50.50359],[3.49989,50.50259],[3.50004,50.50252],[3.49916,50.50166],[3.49906,50.50172],[3.49754,50.50011],[3.49758,50.49966],[3.49625,50.49885],[3.49684,50.49793],[3.49762,50.497],[3.49866,50.49551],[3.49945,50.49463],[3.4978,50.49356],[3.49757,50.49304],[3.49849,50.492],[3.49838,50.49103],[3.49851,50.49073],[3.4992,50.49001],[3.49913,50.4895],[3.4993,50.48921],[3.499,50.48909],[3.49937,50.48808],[3.50037,50.48776],[3.50068,50.48672],[3.5022,50.48701],[3.50263,50.48698],[3.50261,50.48732],[3.50319,50.48796],[3.50409,50.48817],[3.50623,50.48897],[3.50709,50.48937],[3.50776,50.48945],[3.50816,50.48926],[3.50877,50.48938],[3.50894,50.48971],[3.50936,50.48994],[3.50885,50.49023],[3.50905,50.49035],[3.50985,50.49016],[3.50998,50.49049],[3.51051,50.49052],[3.51076,50.49093],[3.51117,50.49078],[3.5119,50.49101],[3.5124,50.49091],[3.51327,50.4914],[3.51422,50.49112],[3.51514,50.49113],[3.51536,50.4914],[3.51579,50.49138],[3.51629,50.49171],[3.51624,50.49204],[3.51669,50.49195],[3.5169,50.4922],[3.51754,50.49227],[3.51745,50.49254],[3.51786,50.49252],[3.51858,50.49324],[3.51911,50.49343],[3.51917,50.49384],[3.51991,50.49377],[3.5201,50.49394],[3.51975,50.49425],[3.5199,50.49447],[3.52085,50.49445],[3.52104,50.49468],[3.52162,50.49437],[3.52205,50.4947],[3.52301,50.49507],[3.52333,50.49501],[3.52342,50.49546],[3.52447,50.49534],[3.52504,50.49508],[3.52557,50.49528],[3.52598,50.49501],[3.52704,50.49532],[3.52699,50.49514],[3.52808,50.49515],[3.52845,50.49491],[3.52901,50.49505],[3.52901,50.49556],[3.52967,50.49554],[3.53039,50.49584],[3.53094,50.49572],[3.53108,50.4959],[3.53152,50.49566],[3.53218,50.496],[3.53345,50.49573],[3.53363,50.4959],[3.53425,50.49589],[3.53432,50.4955],[3.53474,50.49563],[3.53493,50.49536],[3.53586,50.49533],[3.53681,50.49506],[3.53768,50.49511],[3.53804,50.49468],[3.53888,50.49434],[3.53937,50.49442],[3.53934,50.4947],[3.54083,50.49495],[3.54091,50.49546],[3.54149,50.49551],[3.54178,50.49517],[3.5423,50.49547],[3.54265,50.49591],[3.54313,50.49606],[3.54295,50.4963],[3.54403,50.49675],[3.54395,50.49704],[3.5447,50.4971],[3.54495,50.49679],[3.54555,50.497],[3.5461,50.49678],[3.54662,50.497],[3.54692,50.49738],[3.54684,50.49765],[3.54751,50.49765],[3.54795,50.49796],[3.54858,50.49758],[3.54911,50.49752],[3.54971,50.49773],[3.55202,50.49787],[3.55276,50.49844],[3.55286,50.49812],[3.5536,50.49821],[3.55335,50.49798],[3.55374,50.49781],[3.55465,50.49782],[3.5552,50.49808],[3.55574,50.49808],[3.55569,50.49777],[3.55644,50.49782],[3.55667,50.49808],[3.55725,50.49816],[3.55707,50.49853],[3.55785,50.49876],[3.55882,50.49833],[3.55891,50.49805],[3.55961,50.49813],[3.55953,50.49797],[3.56046,50.4979],[3.56041,50.49768],[3.5614,50.49787],[3.56134,50.4981],[3.56204,50.49812],[3.56235,50.49788],[3.56309,50.49815],[3.56351,50.49815],[3.56399,50.49857],[3.56401,50.49837],[3.56471,50.49874],[3.5651,50.49874],[3.56533,50.4992],[3.56596,50.49927],[3.56644,50.49975],[3.56729,50.49992],[3.56792,50.50035],[3.56853,50.50046],[3.56836,50.50089],[3.56954,50.50085],[3.57062,50.50042],[3.57092,50.50054],[3.57252,50.49985],[3.57381,50.49873],[3.57183,50.4977],[3.57269,50.49661],[3.57387,50.49662],[3.57576,50.49618],[3.57762,50.49533],[3.57839,50.49484],[3.57916,50.49455],[3.57922,50.49412],[3.57883,50.49336],[3.57875,50.49294],[3.57898,50.49251],[3.57968,50.49188],[3.58083,50.4913],[3.58215,50.49116],[3.58498,50.49056],[3.58574,50.49054],[3.59297,50.49131],[3.59395,50.49144],[3.59633,50.49211],[3.60106,50.49427],[3.60265,50.49514],[3.60586,50.49632],[3.60752,50.49722],[3.60857,50.49649],[3.61522,50.4901]]]}},{"type":"Feature","id":"57072","bbox":[3.278209,50.512514,3.364865,50.572589],"properties":{"nis":"57072","name":"Rumes","nameNl":"Rumes","nameFr":"Rumes","nameDe":"Rumes","province":"hainaut","region":"wallonia","areaKm2":23.94},"geometry":{"type":"Polygon","coordinates":[[[3.28087,50.55599],[3.28252,50.55203],[3.28196,50.55178],[3.28124,50.55168],[3.27821,50.55169],[3.27864,50.55071],[3.27898,50.54885],[3.27891,50.5484],[3.2793,50.54697],[3.2799,50.54602],[3.28066,50.54441],[3.28157,50.54358],[3.28045,50.54349],[3.28004,50.54195],[3.27987,50.54197],[3.27876,50.5389],[3.27894,50.53827],[3.27994,50.53764],[3.28133,50.53766],[3.28199,50.53661],[3.2826,50.53623],[3.28276,50.53578],[3.28375,50.53556],[3.28413,50.53521],[3.28453,50.53518],[3.28436,50.53448],[3.2849,50.53367],[3.28486,50.53271],[3.28519,50.5323],[3.28689,50.53183],[3.28644,50.53019],[3.28634,50.52793],[3.28714,50.52741],[3.28737,50.52696],[3.28808,50.52653],[3.2886,50.52578],[3.29046,50.52595],[3.29145,50.52547],[3.29111,50.52506],[3.29171,50.52482],[3.29207,50.52424],[3.29243,50.52407],[3.29319,50.5244],[3.29353,50.52471],[3.29388,50.52445],[3.29452,50.52437],[3.29487,50.52409],[3.29453,50.52396],[3.29561,50.52337],[3.29649,50.52319],[3.29679,50.52286],[3.29751,50.52294],[3.29803,50.52245],[3.29907,50.52261],[3.29909,50.52205],[3.29994,50.52184],[3.30164,50.52159],[3.30447,50.52039],[3.30534,50.5203],[3.30699,50.51983],[3.30765,50.51988],[3.3076,50.5197],[3.30991,50.51944],[3.31028,50.51918],[3.31168,50.51933],[3.31173,50.5191],[3.31241,50.51904],[3.31263,50.51931],[3.31329,50.51935],[3.31352,50.51913],[3.31378,50.51941],[3.31456,50.51927],[3.31523,50.51938],[3.31546,50.5191],[3.31629,50.51913],[3.31714,50.51934],[3.31904,50.51886],[3.32066,50.51874],[3.32076,50.51864],[3.3203,50.51784],[3.32082,50.51751],[3.32061,50.51703],[3.3209,50.51652],[3.3213,50.51649],[3.32149,50.51612],[3.32184,50.51603],[3.32188,50.51569],[3.32269,50.51547],[3.32371,50.51496],[3.32404,50.51496],[3.32385,50.51462],[3.32426,50.5146],[3.32422,50.51427],[3.32451,50.51365],[3.3251,50.5131],[3.32542,50.51311],[3.32624,50.5138],[3.32706,50.51339],[3.32719,50.51269],[3.32813,50.51251],[3.3285,50.51343],[3.32909,50.51454],[3.32789,50.51683],[3.32753,50.51741],[3.32777,50.51916],[3.32598,50.52069],[3.32277,50.52309],[3.32175,50.52354],[3.32126,50.52392],[3.32197,50.52488],[3.32276,50.52521],[3.323,50.52564],[3.32361,50.52566],[3.32442,50.52643],[3.32449,50.52677],[3.32917,50.52538],[3.33775,50.52272],[3.34099,50.5217],[3.34232,50.5212],[3.34288,50.52189],[3.34667,50.52681],[3.3477,50.52769],[3.34802,50.52903],[3.34858,50.52973],[3.3492,50.53018],[3.34983,50.53108],[3.34595,50.53046],[3.34523,50.53122],[3.34587,50.53251],[3.34669,50.5336],[3.34935,50.53579],[3.35006,50.53648],[3.35114,50.53723],[3.35103,50.5378],[3.35202,50.53774],[3.35205,50.53793],[3.35167,50.53948],[3.35179,50.54009],[3.35207,50.54022],[3.35237,50.5415],[3.35317,50.54139],[3.35341,50.54173],[3.35437,50.5415],[3.35532,50.54278],[3.3548,50.54305],[3.35546,50.5436],[3.35469,50.54397],[3.35513,50.54468],[3.35568,50.54462],[3.3562,50.54545],[3.35423,50.54649],[3.35562,50.5471],[3.35732,50.5474],[3.35725,50.54794],[3.35744,50.54883],[3.35839,50.54896],[3.35756,50.54982],[3.35695,50.55018],[3.35715,50.55055],[3.35662,50.55117],[3.35778,50.55175],[3.3586,50.55147],[3.35906,50.55185],[3.35933,50.55275],[3.36008,50.55269],[3.36071,50.55419],[3.36021,50.55483],[3.36096,50.55482],[3.36111,50.5554],[3.36116,50.5556],[3.3627,50.55723],[3.36256,50.55722],[3.36264,50.55879],[3.36239,50.55886],[3.36282,50.56056],[3.36403,50.56215],[3.36486,50.56334],[3.36126,50.56415],[3.36199,50.56575],[3.35909,50.56674],[3.35778,50.56393],[3.35545,50.56425],[3.35518,50.56391],[3.35359,50.56384],[3.35191,50.56351],[3.35213,50.56423],[3.35073,50.56472],[3.34945,50.56412],[3.34859,50.56351],[3.34771,50.56269],[3.34707,50.56229],[3.34496,50.56397],[3.34394,50.56351],[3.34346,50.5639],[3.3417,50.563],[3.34093,50.56369],[3.34268,50.5645],[3.34226,50.56486],[3.34308,50.56521],[3.34343,50.56495],[3.34489,50.56587],[3.34359,50.56649],[3.34234,50.56575],[3.34255,50.56559],[3.341,50.56485],[3.3405,50.56524],[3.33954,50.56473],[3.33977,50.56458],[3.33844,50.56384],[3.33747,50.56443],[3.33707,50.56411],[3.33642,50.56469],[3.3344,50.56388],[3.33337,50.5631],[3.33303,50.56347],[3.33237,50.56448],[3.33224,50.56447],[3.33147,50.56565],[3.32975,50.56523],[3.32863,50.56535],[3.32825,50.56592],[3.32594,50.56428],[3.32503,50.56506],[3.32563,50.56536],[3.32493,50.56598],[3.32544,50.56623],[3.32458,50.56706],[3.32437,50.56704],[3.32303,50.56908],[3.32579,50.56948],[3.32586,50.56984],[3.32537,50.57096],[3.32632,50.57134],[3.32603,50.57194],[3.323,50.5717],[3.32205,50.57149],[3.32137,50.57259],[3.31993,50.57221],[3.31933,50.57214],[3.31912,50.57244],[3.31879,50.57243],[3.31703,50.57197],[3.31397,50.57145],[3.31412,50.57101],[3.31206,50.57069],[3.31267,50.56937],[3.31262,50.56898],[3.31206,50.56831],[3.31172,50.56714],[3.31008,50.56727],[3.3084,50.56429],[3.30847,50.56419],[3.30751,50.56376],[3.30527,50.56419],[3.30528,50.56457],[3.30411,50.56441],[3.30379,50.56385],[3.3033,50.5638],[3.30169,50.56387],[3.30124,50.56358],[3.30078,50.56369],[3.29998,50.56332],[3.29904,50.56222],[3.29789,50.56303],[3.29736,50.56349],[3.2971,50.56294],[3.29723,50.56147],[3.29529,50.56174],[3.29514,50.56112],[3.29604,50.55995],[3.29581,50.5594],[3.2958,50.55863],[3.29529,50.55809],[3.2948,50.55802],[3.29485,50.55716],[3.29367,50.55714],[3.29244,50.55687],[3.2918,50.55637],[3.29094,50.55609],[3.28986,50.55554],[3.28884,50.55481],[3.28495,50.55822],[3.28391,50.55775],[3.28188,50.55632],[3.28087,50.55599]]]}},{"type":"Feature","id":"57081","bbox":[3.244022,50.552472,3.576885,50.688779],"properties":{"nis":"57081","name":"Tournai","nameNl":"Doornik","nameFr":"Tournai","nameDe":"Tournai","province":"hainaut","region":"wallonia","areaKm2":214.64},"geometry":{"type":"Polygon","coordinates":[[[3.24639,50.65264],[3.24694,50.65227],[3.24624,50.65174],[3.24524,50.65145],[3.24527,50.65122],[3.24581,50.65071],[3.24641,50.65041],[3.24793,50.65009],[3.24891,50.64976],[3.2491,50.64937],[3.24937,50.64782],[3.24942,50.64713],[3.24846,50.64582],[3.24874,50.64571],[3.24744,50.64457],[3.24619,50.64384],[3.24588,50.64335],[3.24597,50.64314],[3.24452,50.64166],[3.24474,50.64155],[3.24402,50.64069],[3.24477,50.64041],[3.24509,50.64],[3.24624,50.63942],[3.24704,50.63912],[3.24771,50.63865],[3.24941,50.63762],[3.24954,50.63745],[3.2491,50.63673],[3.24944,50.63654],[3.25088,50.63631],[3.25205,50.63584],[3.25198,50.63496],[3.25231,50.63401],[3.25296,50.63358],[3.2527,50.63285],[3.25422,50.63197],[3.2561,50.63143],[3.25614,50.63121],[3.25565,50.63032],[3.25663,50.63014],[3.25877,50.62992],[3.25917,50.62968],[3.25895,50.62904],[3.25865,50.62753],[3.25815,50.62605],[3.25793,50.62588],[3.25663,50.62576],[3.2556,50.6244],[3.25547,50.62363],[3.25522,50.62307],[3.25528,50.62272],[3.25824,50.62183],[3.25889,50.62153],[3.25782,50.62054],[3.25821,50.62029],[3.26361,50.6179],[3.26394,50.61763],[3.26311,50.61674],[3.26344,50.6164],[3.26492,50.61554],[3.26568,50.61536],[3.2662,50.61497],[3.26718,50.61357],[3.26838,50.61312],[3.2685,50.61273],[3.26931,50.61214],[3.27005,50.61185],[3.2702,50.61105],[3.2697,50.6105],[3.2709,50.60986],[3.27057,50.60797],[3.27115,50.60789],[3.27103,50.60621],[3.27245,50.60607],[3.27202,50.60475],[3.27323,50.60471],[3.27339,50.60481],[3.27464,50.60475],[3.27432,50.60282],[3.27374,50.60066],[3.27612,50.6004],[3.27603,50.59964],[3.27451,50.59689],[3.27646,50.59667],[3.27824,50.59627],[3.27956,50.59591],[3.27873,50.59475],[3.2779,50.59381],[3.27739,50.5928],[3.27683,50.59145],[3.27731,50.59118],[3.2777,50.59071],[3.27671,50.5903],[3.27686,50.58998],[3.27604,50.58974],[3.27634,50.58898],[3.27658,50.58897],[3.27652,50.58605],[3.27624,50.58605],[3.27565,50.58197],[3.27571,50.58163],[3.27737,50.58084],[3.27911,50.58023],[3.28018,50.5791],[3.28091,50.5785],[3.28177,50.57757],[3.28172,50.57655],[3.28203,50.57531],[3.28177,50.57404],[3.28146,50.57289],[3.28131,50.57282],[3.27984,50.57296],[3.2785,50.57285],[3.27862,50.57258],[3.2785,50.57179],[3.2789,50.57164],[3.27798,50.57044],[3.2777,50.57034],[3.27772,50.56859],[3.27812,50.56726],[3.27768,50.56429],[3.28042,50.56349],[3.28229,50.56304],[3.2829,50.56333],[3.28518,50.56165],[3.2811,50.55985],[3.27589,50.55853],[3.27784,50.55669],[3.27884,50.55548],[3.27985,50.55565],[3.28087,50.55599],[3.28188,50.55632],[3.28391,50.55775],[3.28495,50.55822],[3.28884,50.55481],[3.28986,50.55554],[3.29094,50.55609],[3.2918,50.55637],[3.29244,50.55687],[3.29367,50.55714],[3.29485,50.55716],[3.2948,50.55802],[3.29529,50.55809],[3.2958,50.55863],[3.29581,50.5594],[3.29604,50.55995],[3.29514,50.56112],[3.29529,50.56174],[3.29723,50.56147],[3.2971,50.56294],[3.29736,50.56349],[3.29789,50.56303],[3.29904,50.56222],[3.29998,50.56332],[3.30078,50.56369],[3.30124,50.56358],[3.30169,50.56387],[3.3033,50.5638],[3.30379,50.56385],[3.30411,50.56441],[3.30528,50.56457],[3.30527,50.56419],[3.30751,50.56376],[3.30847,50.56419],[3.3084,50.56429],[3.31008,50.56727],[3.31172,50.56714],[3.31206,50.56831],[3.31262,50.56898],[3.31267,50.56937],[3.31206,50.57069],[3.31412,50.57101],[3.31397,50.57145],[3.31703,50.57197],[3.31879,50.57243],[3.31912,50.57244],[3.31933,50.57214],[3.31993,50.57221],[3.32137,50.57259],[3.32205,50.57149],[3.323,50.5717],[3.32603,50.57194],[3.32632,50.57134],[3.32537,50.57096],[3.32586,50.56984],[3.32579,50.56948],[3.32303,50.56908],[3.32437,50.56704],[3.32458,50.56706],[3.32544,50.56623],[3.32493,50.56598],[3.32563,50.56536],[3.32503,50.56506],[3.32594,50.56428],[3.32825,50.56592],[3.32863,50.56535],[3.32975,50.56523],[3.33147,50.56565],[3.33224,50.56447],[3.33237,50.56448],[3.33303,50.56347],[3.33337,50.5631],[3.3344,50.56388],[3.33642,50.56469],[3.33707,50.56411],[3.33747,50.56443],[3.33844,50.56384],[3.33977,50.56458],[3.33954,50.56473],[3.3405,50.56524],[3.341,50.56485],[3.34255,50.56559],[3.34234,50.56575],[3.34359,50.56649],[3.34489,50.56587],[3.34343,50.56495],[3.34308,50.56521],[3.34226,50.56486],[3.34268,50.5645],[3.34093,50.56369],[3.3417,50.563],[3.34346,50.5639],[3.34394,50.56351],[3.34496,50.56397],[3.34707,50.56229],[3.34771,50.56269],[3.34859,50.56351],[3.34945,50.56412],[3.35073,50.56472],[3.35213,50.56423],[3.35191,50.56351],[3.35359,50.56384],[3.35518,50.56391],[3.35545,50.56425],[3.35778,50.56393],[3.35909,50.56674],[3.36199,50.56575],[3.36126,50.56415],[3.36486,50.56334],[3.36403,50.56215],[3.36282,50.56056],[3.36239,50.55886],[3.36264,50.55879],[3.36256,50.55722],[3.3627,50.55723],[3.36116,50.5556],[3.36111,50.5554],[3.36276,50.55557],[3.36483,50.55541],[3.36545,50.55526],[3.3669,50.55429],[3.36704,50.55337],[3.36751,50.55319],[3.36856,50.55302],[3.37058,50.55247],[3.372,50.55362],[3.37305,50.5532],[3.37413,50.55447],[3.3716,50.556],[3.37119,50.55636],[3.37129,50.55652],[3.37209,50.55664],[3.37857,50.55872],[3.38014,50.55803],[3.38347,50.55623],[3.3867,50.5581],[3.38564,50.55891],[3.38673,50.55954],[3.38793,50.56072],[3.38595,50.56148],[3.38625,50.56175],[3.38564,50.56222],[3.38696,50.56355],[3.39156,50.56204],[3.39264,50.56494],[3.39289,50.56589],[3.39735,50.56461],[3.39861,50.56672],[3.39823,50.56683],[3.39874,50.56745],[3.40074,50.56676],[3.4045,50.56744],[3.40486,50.56581],[3.40574,50.56305],[3.40818,50.56352],[3.40792,50.56419],[3.40911,50.56424],[3.40833,50.56663],[3.4097,50.56704],[3.40953,50.56743],[3.41008,50.56786],[3.412,50.56843],[3.41514,50.5695],[3.41548,50.56952],[3.41638,50.57004],[3.41768,50.57055],[3.41949,50.5696],[3.42073,50.56905],[3.42312,50.56995],[3.42265,50.57038],[3.42367,50.57089],[3.42204,50.57208],[3.42158,50.57266],[3.42058,50.57467],[3.42174,50.57539],[3.42095,50.5759],[3.42275,50.57748],[3.42343,50.57825],[3.42239,50.57862],[3.42201,50.57833],[3.42166,50.57846],[3.42191,50.57896],[3.42261,50.57945],[3.42389,50.5808],[3.42443,50.58109],[3.4267,50.58284],[3.42748,50.58356],[3.43012,50.58577],[3.43055,50.58639],[3.43312,50.58504],[3.43465,50.58415],[3.43787,50.58283],[3.43997,50.58227],[3.44058,50.58204],[3.44113,50.58156],[3.44126,50.58074],[3.44238,50.58098],[3.44267,50.58113],[3.44453,50.58125],[3.44509,50.58167],[3.44552,50.58178],[3.4456,50.58215],[3.44725,50.58257],[3.44855,50.58318],[3.45031,50.58306],[3.45119,50.58319],[3.45178,50.5836],[3.45238,50.58376],[3.45311,50.58425],[3.45456,50.58421],[3.45585,50.58454],[3.45757,50.58547],[3.458,50.58554],[3.45816,50.58603],[3.45943,50.58652],[3.46043,50.58712],[3.46158,50.58761],[3.46238,50.58718],[3.46383,50.58611],[3.46485,50.58454],[3.46597,50.58437],[3.46787,50.58389],[3.46763,50.58346],[3.46907,50.58314],[3.46871,50.5825],[3.47144,50.58206],[3.47402,50.58141],[3.47545,50.58101],[3.47518,50.58069],[3.47453,50.57936],[3.47386,50.57844],[3.47403,50.57786],[3.47627,50.57765],[3.4772,50.57724],[3.47836,50.5771],[3.47882,50.5775],[3.48029,50.57704],[3.48105,50.57708],[3.48176,50.57689],[3.48149,50.5762],[3.48284,50.57598],[3.48291,50.57515],[3.48444,50.57502],[3.48379,50.57352],[3.484,50.57349],[3.4835,50.57226],[3.48328,50.57149],[3.48304,50.57139],[3.4823,50.57012],[3.48347,50.56986],[3.48324,50.5694],[3.48436,50.56917],[3.48369,50.56795],[3.485,50.56738],[3.48352,50.5663],[3.48428,50.56561],[3.48543,50.56521],[3.48526,50.5649],[3.4866,50.56455],[3.48621,50.56404],[3.487,50.56373],[3.48742,50.56428],[3.48785,50.56417],[3.48808,50.56453],[3.48868,50.56454],[3.4898,50.56428],[3.4908,50.56485],[3.49188,50.56447],[3.49368,50.56403],[3.4935,50.56347],[3.493,50.56317],[3.49281,50.56278],[3.49082,50.56326],[3.49034,50.56209],[3.48981,50.56145],[3.48958,50.56038],[3.49032,50.56001],[3.48989,50.55898],[3.49074,50.55876],[3.49133,50.55964],[3.49203,50.55943],[3.49244,50.55968],[3.49312,50.55937],[3.49425,50.55948],[3.49538,50.55983],[3.4958,50.55954],[3.49674,50.56022],[3.49751,50.56035],[3.49875,50.56032],[3.49884,50.5608],[3.5015,50.56069],[3.50177,50.56051],[3.50444,50.56025],[3.50493,50.56096],[3.50542,50.56083],[3.50542,50.56055],[3.50624,50.56036],[3.50793,50.56029],[3.50921,50.56042],[3.50937,50.56015],[3.51132,50.56031],[3.51162,50.56012],[3.5127,50.56031],[3.51264,50.56057],[3.51341,50.56085],[3.51598,50.56244],[3.51756,50.56147],[3.51774,50.5616],[3.52017,50.5603],[3.52215,50.56144],[3.52306,50.56227],[3.52262,50.56268],[3.5236,50.56361],[3.52402,50.5637],[3.5247,50.56554],[3.52683,50.5651],[3.52959,50.56867],[3.53182,50.56846],[3.53205,50.56976],[3.53204,50.57041],[3.53233,50.57067],[3.53405,50.57256],[3.53463,50.57384],[3.53562,50.57513],[3.53661,50.57622],[3.53737,50.57566],[3.53886,50.57617],[3.53941,50.57664],[3.54017,50.57662],[3.54085,50.5764],[3.54155,50.57695],[3.54275,50.57681],[3.5437,50.57937],[3.54406,50.57929],[3.54477,50.57942],[3.54643,50.57994],[3.54804,50.57895],[3.54918,50.57862],[3.54972,50.57916],[3.55003,50.57974],[3.55098,50.58109],[3.55232,50.58221],[3.55229,50.58264],[3.55149,50.58372],[3.55147,50.58461],[3.55127,50.58457],[3.55102,50.58594],[3.55078,50.58622],[3.55056,50.58751],[3.55089,50.58754],[3.55085,50.58877],[3.55227,50.58917],[3.55309,50.58961],[3.5538,50.58984],[3.55357,50.59007],[3.55507,50.5908],[3.55625,50.59121],[3.55638,50.59181],[3.55733,50.59168],[3.55734,50.59263],[3.55784,50.59312],[3.55822,50.5939],[3.55831,50.5944],[3.55865,50.59481],[3.55867,50.59604],[3.55893,50.59607],[3.55966,50.59769],[3.56085,50.59933],[3.55992,50.59971],[3.56035,50.60053],[3.56166,50.60158],[3.56315,50.60228],[3.56387,50.6025],[3.56457,50.60287],[3.56424,50.60328],[3.56411,50.60377],[3.56409,50.60464],[3.56436,50.60479],[3.56593,50.60528],[3.56484,50.60614],[3.56799,50.60758],[3.56859,50.60742],[3.56944,50.60769],[3.56911,50.60777],[3.56911,50.60809],[3.57127,50.60854],[3.57312,50.60913],[3.57411,50.6093],[3.57348,50.60973],[3.57518,50.61072],[3.57555,50.61119],[3.57596,50.61264],[3.576,50.6136],[3.57625,50.61376],[3.5766,50.61498],[3.57689,50.61634],[3.57679,50.61684],[3.5746,50.61896],[3.57418,50.61962],[3.5732,50.62036],[3.57357,50.62053],[3.57363,50.62109],[3.57419,50.62127],[3.57493,50.62186],[3.57566,50.6231],[3.57574,50.62467],[3.57555,50.62481],[3.57422,50.62487],[3.57305,50.62443],[3.57237,50.62406],[3.57166,50.62341],[3.5711,50.6239],[3.56957,50.62353],[3.56822,50.62282],[3.56778,50.62283],[3.56603,50.62244],[3.56483,50.6225],[3.56346,50.62294],[3.56259,50.62313],[3.56096,50.62337],[3.5605,50.62352],[3.55928,50.62413],[3.55567,50.62563],[3.55584,50.62584],[3.55662,50.62618],[3.55758,50.62762],[3.56008,50.62739],[3.56037,50.62787],[3.55923,50.62797],[3.5569,50.62843],[3.55556,50.629],[3.55367,50.62945],[3.55246,50.62942],[3.55143,50.62906],[3.5509,50.62934],[3.55043,50.62924],[3.54968,50.62998],[3.551,50.6302],[3.55193,50.63052],[3.55317,50.63124],[3.55476,50.63162],[3.55561,50.63297],[3.55688,50.63426],[3.558,50.63485],[3.55839,50.63467],[3.56043,50.63531],[3.56119,50.63561],[3.56264,50.63606],[3.56366,50.63683],[3.56534,50.63754],[3.56533,50.63791],[3.56326,50.63926],[3.56272,50.63948],[3.56197,50.63943],[3.56105,50.63956],[3.56025,50.63987],[3.55985,50.64025],[3.55901,50.64007],[3.55844,50.63966],[3.55794,50.63963],[3.556,50.64057],[3.55488,50.64139],[3.55446,50.64152],[3.55334,50.64236],[3.55475,50.64276],[3.55421,50.64385],[3.55447,50.64392],[3.55404,50.64457],[3.55316,50.6443],[3.55278,50.64551],[3.55218,50.64543],[3.5521,50.64617],[3.55161,50.64697],[3.55073,50.64764],[3.55029,50.6484],[3.54972,50.64843],[3.54846,50.64829],[3.54785,50.6476],[3.54712,50.6472],[3.54643,50.6465],[3.5457,50.64617],[3.54488,50.64672],[3.54375,50.64829],[3.54331,50.64949],[3.54258,50.65],[3.54136,50.65058],[3.54026,50.65088],[3.5398,50.65113],[3.53918,50.6519],[3.53722,50.65271],[3.53596,50.65359],[3.53521,50.65401],[3.53424,50.65507],[3.5316,50.65614],[3.53248,50.65701],[3.5336,50.65769],[3.53177,50.65847],[3.53017,50.65965],[3.52927,50.66053],[3.52859,50.66039],[3.52774,50.65982],[3.52593,50.65884],[3.52396,50.65827],[3.52245,50.65798],[3.51888,50.65751],[3.51837,50.65722],[3.51596,50.65636],[3.51401,50.65589],[3.51351,50.65591],[3.51077,50.65521],[3.50949,50.65482],[3.50775,50.65403],[3.50625,50.65357],[3.50485,50.65325],[3.50252,50.65198],[3.5002,50.65369],[3.5,50.6535],[3.49865,50.65429],[3.49848,50.65421],[3.49786,50.65472],[3.49715,50.6555],[3.49631,50.65515],[3.49583,50.65583],[3.49534,50.65583],[3.49421,50.6561],[3.49333,50.65653],[3.49333,50.65627],[3.49259,50.65565],[3.49154,50.65559],[3.4895,50.65516],[3.4879,50.6544],[3.48719,50.65399],[3.48539,50.65372],[3.48278,50.65556],[3.48307,50.65579],[3.48125,50.6572],[3.48051,50.65691],[3.48031,50.65707],[3.47936,50.6561],[3.47818,50.65568],[3.4777,50.65572],[3.47691,50.65529],[3.47634,50.65537],[3.47589,50.65593],[3.475,50.65531],[3.47418,50.65583],[3.47509,50.65632],[3.47388,50.65687],[3.47162,50.6575],[3.47004,50.658],[3.46883,50.65904],[3.46856,50.65936],[3.46223,50.66155],[3.46092,50.66143],[3.46034,50.66163],[3.46066,50.66226],[3.46048,50.66321],[3.46066,50.66372],[3.46187,50.66465],[3.46234,50.66525],[3.46247,50.66583],[3.462,50.66588],[3.46241,50.66627],[3.45909,50.66713],[3.45667,50.66747],[3.45602,50.66821],[3.45337,50.66996],[3.45185,50.67005],[3.44938,50.67096],[3.44775,50.67106],[3.44705,50.67131],[3.44474,50.67375],[3.4432,50.67389],[3.44259,50.67409],[3.44091,50.6749],[3.43998,50.67503],[3.43788,50.67575],[3.4377,50.67555],[3.43564,50.6761],[3.43512,50.67648],[3.43434,50.67619],[3.43413,50.67711],[3.43369,50.67764],[3.43364,50.67802],[3.43388,50.67831],[3.43376,50.67881],[3.43401,50.67943],[3.43445,50.6799],[3.43502,50.68123],[3.43559,50.68208],[3.43472,50.68229],[3.43258,50.68304],[3.43074,50.68375],[3.43075,50.68405],[3.42937,50.68449],[3.42753,50.68499],[3.42555,50.68532],[3.42465,50.68568],[3.4221,50.68775],[3.42095,50.68815],[3.41954,50.68849],[3.4189,50.68878],[3.41826,50.68798],[3.41821,50.68757],[3.41766,50.6868],[3.41731,50.6868],[3.41606,50.68731],[3.41432,50.68627],[3.41387,50.68622],[3.41263,50.68561],[3.41196,50.68551],[3.41067,50.68487],[3.41002,50.68464],[3.40966,50.68436],[3.40832,50.68406],[3.40743,50.68353],[3.40701,50.68347],[3.4064,50.68313],[3.40594,50.68324],[3.40526,50.68309],[3.4057,50.68264],[3.40395,50.68085],[3.4036,50.68103],[3.40234,50.68044],[3.4004,50.67917],[3.39988,50.67896],[3.39983,50.67867],[3.39943,50.67858],[3.39909,50.67773],[3.39894,50.67577],[3.39837,50.67537],[3.39878,50.67523],[3.39908,50.67482],[3.39924,50.67417],[3.39879,50.67327],[3.39846,50.6735],[3.39725,50.6721],[3.39701,50.67218],[3.39629,50.67117],[3.3959,50.67048],[3.39694,50.67032],[3.39636,50.6685],[3.39542,50.66777],[3.39661,50.6673],[3.39641,50.66637],[3.39517,50.66675],[3.39377,50.66466],[3.39483,50.66461],[3.39513,50.6605],[3.3943,50.66022],[3.39362,50.65912],[3.3945,50.65911],[3.39352,50.65698],[3.39138,50.65743],[3.39016,50.65773],[3.38931,50.65757],[3.38886,50.65672],[3.38668,50.65751],[3.38668,50.6573],[3.38591,50.65715],[3.38446,50.65643],[3.38385,50.65628],[3.38301,50.65582],[3.38174,50.65465],[3.38056,50.65398],[3.38002,50.65343],[3.37923,50.65306],[3.37882,50.65301],[3.37829,50.6524],[3.37777,50.65233],[3.37785,50.65269],[3.37675,50.65261],[3.37697,50.65192],[3.37565,50.65172],[3.37458,50.6513],[3.37233,50.65102],[3.37018,50.65018],[3.36739,50.6496],[3.36546,50.64914],[3.36509,50.64933],[3.36294,50.6484],[3.36201,50.64775],[3.36143,50.64764],[3.36075,50.64778],[3.35769,50.64741],[3.35403,50.64745],[3.34746,50.64748],[3.34826,50.64987],[3.34889,50.65099],[3.35086,50.65013],[3.35142,50.65011],[3.35261,50.65081],[3.35447,50.65273],[3.35521,50.65365],[3.35597,50.65434],[3.35631,50.65498],[3.35592,50.65517],[3.35535,50.65514],[3.35316,50.65468],[3.35254,50.65433],[3.35242,50.65389],[3.35208,50.65358],[3.3512,50.65329],[3.34998,50.65321],[3.34886,50.65269],[3.34774,50.6523],[3.34536,50.65111],[3.34514,50.65178],[3.34391,50.65148],[3.34296,50.65197],[3.34274,50.65196],[3.34223,50.6526],[3.34173,50.65348],[3.34081,50.65442],[3.34067,50.65478],[3.33996,50.65574],[3.33941,50.65704],[3.33971,50.65825],[3.33975,50.65944],[3.33632,50.65862],[3.33515,50.65836],[3.33583,50.65626],[3.33412,50.65605],[3.33326,50.65669],[3.33046,50.65641],[3.32984,50.65629],[3.32915,50.65759],[3.32765,50.65746],[3.32575,50.65717],[3.3257,50.65737],[3.32363,50.65692],[3.32295,50.65796],[3.32277,50.65841],[3.32097,50.65792],[3.31939,50.65772],[3.31896,50.65781],[3.31751,50.65936],[3.31896,50.66045],[3.31595,50.66182],[3.31557,50.66231],[3.31493,50.66212],[3.31455,50.6625],[3.31277,50.66255],[3.31244,50.66301],[3.31074,50.66355],[3.309,50.66277],[3.30879,50.66234],[3.30769,50.6615],[3.3071,50.66204],[3.30557,50.66107],[3.30413,50.66226],[3.30311,50.66282],[3.30358,50.66355],[3.30333,50.66409],[3.29977,50.66479],[3.29858,50.66471],[3.29612,50.66643],[3.29722,50.66738],[3.29536,50.66855],[3.29465,50.66828],[3.29367,50.66748],[3.29269,50.66719],[3.29167,50.66635],[3.29121,50.66667],[3.28998,50.66616],[3.28922,50.66525],[3.28896,50.66544],[3.2868,50.66487],[3.28574,50.66436],[3.28587,50.66382],[3.28444,50.66345],[3.28318,50.66339],[3.28141,50.66308],[3.28116,50.66352],[3.27922,50.66325],[3.27668,50.66242],[3.27392,50.65942],[3.27227,50.65891],[3.27028,50.65813],[3.26947,50.65797],[3.26917,50.65845],[3.26811,50.65891],[3.26655,50.65816],[3.2638,50.658],[3.26023,50.65811],[3.26001,50.65714],[3.25889,50.65722],[3.25684,50.65709],[3.25631,50.65792],[3.25593,50.65775],[3.25412,50.65633],[3.25381,50.65637],[3.25196,50.65501],[3.25143,50.65474],[3.25018,50.65436],[3.24958,50.65488],[3.24788,50.65375],[3.24702,50.65329],[3.24639,50.65264]]]}},{"type":"Feature","id":"57093","bbox":[3.321264,50.491089,3.470607,50.567455],"properties":{"nis":"57093","name":"Brunehaut","nameNl":"Brunehaut","nameFr":"Brunehaut","nameDe":"Brunehaut","province":"hainaut","region":"wallonia","areaKm2":46.39},"geometry":{"type":"Polygon","coordinates":[[[3.46969,50.53202],[3.4677,50.5319],[3.46698,50.53201],[3.46538,50.53166],[3.46352,50.53136],[3.46302,50.53121],[3.46043,50.5309],[3.45917,50.53214],[3.45922,50.53274],[3.45897,50.53285],[3.4577,50.53393],[3.45719,50.53477],[3.45719,50.53517],[3.45642,50.53545],[3.45682,50.53589],[3.45431,50.5397],[3.45344,50.53951],[3.45196,50.53998],[3.45071,50.54004],[3.4494,50.53979],[3.44864,50.53895],[3.44989,50.5383],[3.4488,50.53753],[3.44738,50.53723],[3.44783,50.53626],[3.44805,50.53634],[3.44905,50.53571],[3.4504,50.53584],[3.45105,50.53569],[3.45133,50.53477],[3.45032,50.53476],[3.44844,50.53446],[3.44717,50.53366],[3.44609,50.53338],[3.44526,50.5333],[3.44409,50.53221],[3.44353,50.53252],[3.44184,50.53298],[3.4412,50.53409],[3.43979,50.53417],[3.43968,50.53504],[3.43885,50.53722],[3.43868,50.53796],[3.43739,50.53809],[3.4366,50.53835],[3.43654,50.53926],[3.43698,50.54005],[3.43678,50.54078],[3.43847,50.54124],[3.43865,50.54177],[3.43717,50.54239],[3.43667,50.54288],[3.43659,50.54357],[3.4376,50.54431],[3.43836,50.54498],[3.4378,50.54683],[3.43041,50.54792],[3.4285,50.54794],[3.4278,50.54767],[3.42596,50.54866],[3.42098,50.553],[3.42027,50.55372],[3.41998,50.55473],[3.41894,50.55618],[3.41865,50.55637],[3.41779,50.55618],[3.41667,50.55889],[3.41728,50.55911],[3.41658,50.55969],[3.41633,50.55959],[3.41507,50.56065],[3.4137,50.56168],[3.41277,50.56271],[3.41144,50.56435],[3.4096,50.56377],[3.40818,50.56352],[3.40574,50.56305],[3.40486,50.56581],[3.4045,50.56744],[3.40074,50.56676],[3.39874,50.56745],[3.39823,50.56683],[3.39861,50.56672],[3.39735,50.56461],[3.39289,50.56589],[3.39264,50.56494],[3.39156,50.56204],[3.38696,50.56355],[3.38564,50.56222],[3.38625,50.56175],[3.38595,50.56148],[3.38793,50.56072],[3.38673,50.55954],[3.38564,50.55891],[3.3867,50.5581],[3.38347,50.55623],[3.38014,50.55803],[3.37857,50.55872],[3.37209,50.55664],[3.37129,50.55652],[3.37119,50.55636],[3.3716,50.556],[3.37413,50.55447],[3.37305,50.5532],[3.372,50.55362],[3.37058,50.55247],[3.36856,50.55302],[3.36751,50.55319],[3.36704,50.55337],[3.3669,50.55429],[3.36545,50.55526],[3.36483,50.55541],[3.36276,50.55557],[3.36111,50.5554],[3.36096,50.55482],[3.36021,50.55483],[3.36071,50.55419],[3.36008,50.55269],[3.35933,50.55275],[3.35906,50.55185],[3.3586,50.55147],[3.35778,50.55175],[3.35662,50.55117],[3.35715,50.55055],[3.35695,50.55018],[3.35756,50.54982],[3.35839,50.54896],[3.35744,50.54883],[3.35725,50.54794],[3.35732,50.5474],[3.35562,50.5471],[3.35423,50.54649],[3.3562,50.54545],[3.35568,50.54462],[3.35513,50.54468],[3.35469,50.54397],[3.35546,50.5436],[3.3548,50.54305],[3.35532,50.54278],[3.35437,50.5415],[3.35341,50.54173],[3.35317,50.54139],[3.35237,50.5415],[3.35207,50.54022],[3.35179,50.54009],[3.35167,50.53948],[3.35205,50.53793],[3.35202,50.53774],[3.35103,50.5378],[3.35114,50.53723],[3.35006,50.53648],[3.34935,50.53579],[3.34669,50.5336],[3.34587,50.53251],[3.34523,50.53122],[3.34595,50.53046],[3.34983,50.53108],[3.3492,50.53018],[3.34858,50.52973],[3.34802,50.52903],[3.3477,50.52769],[3.34667,50.52681],[3.34288,50.52189],[3.34232,50.5212],[3.34099,50.5217],[3.33775,50.52272],[3.32917,50.52538],[3.32449,50.52677],[3.32442,50.52643],[3.32361,50.52566],[3.323,50.52564],[3.32276,50.52521],[3.32197,50.52488],[3.32126,50.52392],[3.32175,50.52354],[3.32277,50.52309],[3.32598,50.52069],[3.32777,50.51916],[3.32753,50.51741],[3.32789,50.51683],[3.32909,50.51454],[3.3285,50.51343],[3.32813,50.51251],[3.32779,50.51154],[3.32661,50.51056],[3.32692,50.51027],[3.32707,50.50971],[3.32756,50.50927],[3.32847,50.50906],[3.32881,50.50838],[3.32976,50.50795],[3.33069,50.50795],[3.33102,50.50783],[3.33207,50.50796],[3.33318,50.50774],[3.33358,50.50789],[3.33421,50.50787],[3.33502,50.50846],[3.33597,50.50849],[3.33724,50.50885],[3.33774,50.50874],[3.33769,50.50849],[3.33847,50.50801],[3.34139,50.50777],[3.34231,50.50761],[3.34342,50.50705],[3.34484,50.50669],[3.34581,50.50678],[3.34651,50.50634],[3.34765,50.50617],[3.34903,50.50579],[3.35026,50.50537],[3.35036,50.50552],[3.35333,50.50521],[3.35331,50.50504],[3.3544,50.50507],[3.35521,50.50522],[3.35616,50.50485],[3.3569,50.50484],[3.35687,50.50466],[3.35783,50.50454],[3.35819,50.50482],[3.3585,50.50462],[3.36013,50.50422],[3.36186,50.50392],[3.36199,50.50341],[3.36279,50.50333],[3.3628,50.50298],[3.36328,50.50293],[3.36391,50.50225],[3.36366,50.50194],[3.36373,50.50152],[3.36438,50.50125],[3.36479,50.50053],[3.36512,50.50027],[3.3652,50.49988],[3.36565,50.49979],[3.36609,50.49943],[3.36711,50.49884],[3.36796,50.49849],[3.36925,50.49767],[3.36902,50.49695],[3.3694,50.49615],[3.36916,50.49598],[3.3701,50.49522],[3.36995,50.49466],[3.37017,50.49435],[3.37049,50.49444],[3.37072,50.49385],[3.3716,50.4935],[3.37257,50.49337],[3.37327,50.49313],[3.37419,50.49238],[3.37377,50.49209],[3.37442,50.49179],[3.37556,50.49154],[3.37633,50.49113],[3.37697,50.49109],[3.37708,50.49214],[3.37812,50.49217],[3.379,50.49204],[3.38071,50.49299],[3.38175,50.49324],[3.38361,50.49354],[3.38502,50.49364],[3.3865,50.49422],[3.38694,50.4948],[3.38732,50.49506],[3.38888,50.49543],[3.38901,50.49614],[3.39054,50.49768],[3.39207,50.49854],[3.39243,50.4978],[3.3927,50.49769],[3.39371,50.49766],[3.39545,50.49663],[3.39603,50.49611],[3.39731,50.49691],[3.39791,50.49749],[3.39695,50.49796],[3.39738,50.49841],[3.39806,50.49839],[3.39954,50.49862],[3.40086,50.49895],[3.40132,50.49835],[3.40229,50.49863],[3.40567,50.49895],[3.40644,50.49885],[3.40864,50.49929],[3.4083,50.49968],[3.4089,50.50003],[3.40871,50.50027],[3.41081,50.50094],[3.41234,50.50124],[3.41338,50.50173],[3.4143,50.50199],[3.41524,50.50264],[3.41623,50.50298],[3.41722,50.50302],[3.41736,50.50253],[3.418,50.5026],[3.41873,50.5023],[3.41932,50.50276],[3.41959,50.50261],[3.42046,50.50279],[3.42037,50.50309],[3.4209,50.50321],[3.42153,50.50305],[3.42255,50.50322],[3.42334,50.50361],[3.42442,50.50388],[3.42534,50.50379],[3.42617,50.50425],[3.42711,50.50447],[3.42895,50.50471],[3.43016,50.50549],[3.43068,50.5061],[3.43195,50.507],[3.43252,50.50749],[3.43209,50.50778],[3.4355,50.50987],[3.43603,50.5094],[3.43705,50.50989],[3.43844,50.51065],[3.43849,50.50931],[3.43866,50.50859],[3.43936,50.50724],[3.44187,50.50802],[3.44249,50.50741],[3.44315,50.50631],[3.44501,50.5073],[3.4469,50.50598],[3.44827,50.50699],[3.4489,50.50659],[3.45018,50.50758],[3.45004,50.50768],[3.45067,50.50848],[3.45103,50.50932],[3.45178,50.50987],[3.45202,50.51039],[3.45203,50.5109],[3.45148,50.5113],[3.45058,50.51128],[3.45051,50.51171],[3.45112,50.51175],[3.45194,50.51218],[3.45163,50.51283],[3.45258,50.51328],[3.45331,50.51407],[3.45318,50.51461],[3.45426,50.51524],[3.45438,50.51574],[3.45408,50.51668],[3.4539,50.5167],[3.45375,50.51754],[3.4536,50.5176],[3.45363,50.51842],[3.45412,50.51889],[3.45385,50.51922],[3.45483,50.51976],[3.45517,50.52007],[3.45721,50.52131],[3.45772,50.52198],[3.4578,50.52235],[3.45984,50.52305],[3.46018,50.52305],[3.46335,50.52484],[3.4641,50.5253],[3.46386,50.52564],[3.46514,50.52644],[3.46584,50.52709],[3.46674,50.52748],[3.46775,50.52883],[3.46824,50.52897],[3.46841,50.52943],[3.46949,50.52989],[3.47028,50.53042],[3.47061,50.53085],[3.47042,50.53122],[3.46969,50.53202]]]}},{"type":"Feature","id":"57094","bbox":[3.548237,50.54774,3.713763,50.645782],"properties":{"nis":"57094","name":"Leuze-en-Hainaut","nameNl":"Leuze-en-Hainaut","nameFr":"Leuze-en-Hainaut","nameDe":"Leuze-en-Hainaut","province":"hainaut","region":"wallonia","areaKm2":74.23},"geometry":{"type":"Polygon","coordinates":[[[3.65511,50.64557],[3.65487,50.64533],[3.65375,50.64541],[3.65284,50.64498],[3.65224,50.64524],[3.65059,50.64578],[3.64938,50.64568],[3.64784,50.64536],[3.64776,50.64553],[3.64673,50.6452],[3.64451,50.64417],[3.64518,50.64313],[3.64539,50.6425],[3.64824,50.64243],[3.64963,50.64226],[3.64958,50.64011],[3.64903,50.63944],[3.64934,50.63932],[3.64956,50.63887],[3.65011,50.63873],[3.65166,50.63882],[3.65319,50.63822],[3.6536,50.63763],[3.65406,50.63615],[3.65479,50.63552],[3.65551,50.63474],[3.65544,50.63304],[3.65504,50.63199],[3.6522,50.63096],[3.65206,50.63109],[3.64868,50.63099],[3.64702,50.63141],[3.64615,50.63179],[3.6447,50.63268],[3.64382,50.63307],[3.64356,50.63283],[3.64248,50.633],[3.6417,50.63303],[3.64061,50.63289],[3.6402,50.63524],[3.63932,50.63598],[3.63787,50.63702],[3.63779,50.63717],[3.63793,50.63842],[3.63738,50.6396],[3.6363,50.63943],[3.63562,50.6396],[3.63395,50.6395],[3.63181,50.64033],[3.63027,50.64147],[3.62924,50.64087],[3.62877,50.64033],[3.62779,50.63984],[3.62737,50.63942],[3.6262,50.63896],[3.62539,50.63815],[3.62515,50.63721],[3.62469,50.63667],[3.62347,50.6364],[3.62121,50.6356],[3.62068,50.63555],[3.61964,50.63524],[3.61888,50.63486],[3.61841,50.63486],[3.61606,50.63445],[3.61452,50.63498],[3.61418,50.63431],[3.61237,50.63381],[3.61163,50.63346],[3.61025,50.63309],[3.60937,50.63309],[3.60853,50.63324],[3.60784,50.63364],[3.60711,50.63367],[3.60601,50.63328],[3.60586,50.63359],[3.60277,50.63347],[3.60208,50.63359],[3.60112,50.63393],[3.60065,50.6337],[3.59978,50.63302],[3.5994,50.63346],[3.59872,50.63454],[3.59818,50.63497],[3.59707,50.63548],[3.59656,50.63591],[3.59514,50.63492],[3.5946,50.63476],[3.59433,50.63534],[3.59342,50.63616],[3.59281,50.63603],[3.59192,50.63608],[3.59116,50.63588],[3.58842,50.63475],[3.58655,50.63429],[3.58589,50.63424],[3.58486,50.63397],[3.58431,50.63357],[3.58327,50.63336],[3.58343,50.6331],[3.58666,50.63391],[3.58769,50.63159],[3.59168,50.63241],[3.59196,50.63171],[3.59184,50.63011],[3.5919,50.62957],[3.59116,50.62855],[3.58888,50.62868],[3.58896,50.62832],[3.58931,50.62797],[3.58656,50.62736],[3.58389,50.62712],[3.58043,50.62591],[3.57951,50.62829],[3.57661,50.6273],[3.5747,50.62753],[3.57394,50.62935],[3.57351,50.62938],[3.57113,50.62928],[3.56949,50.62896],[3.56837,50.62863],[3.5678,50.62859],[3.56778,50.62914],[3.5682,50.62952],[3.56735,50.62971],[3.56762,50.63085],[3.56699,50.63088],[3.56699,50.63142],[3.56476,50.63119],[3.56405,50.63118],[3.56411,50.62991],[3.56551,50.62838],[3.56501,50.62821],[3.5651,50.62784],[3.56008,50.62739],[3.55758,50.62762],[3.55662,50.62618],[3.55584,50.62584],[3.55567,50.62563],[3.55928,50.62413],[3.5605,50.62352],[3.56096,50.62337],[3.56259,50.62313],[3.56346,50.62294],[3.56483,50.6225],[3.56603,50.62244],[3.56778,50.62283],[3.56822,50.62282],[3.56957,50.62353],[3.5711,50.6239],[3.57166,50.62341],[3.57237,50.62406],[3.57305,50.62443],[3.57422,50.62487],[3.57555,50.62481],[3.57574,50.62467],[3.57566,50.6231],[3.57493,50.62186],[3.57419,50.62127],[3.57363,50.62109],[3.57357,50.62053],[3.5732,50.62036],[3.57418,50.61962],[3.5746,50.61896],[3.57679,50.61684],[3.57689,50.61634],[3.5766,50.61498],[3.57625,50.61376],[3.576,50.6136],[3.57596,50.61264],[3.57555,50.61119],[3.57518,50.61072],[3.57348,50.60973],[3.57411,50.6093],[3.57312,50.60913],[3.57127,50.60854],[3.56911,50.60809],[3.56911,50.60777],[3.56944,50.60769],[3.56859,50.60742],[3.56799,50.60758],[3.56484,50.60614],[3.56593,50.60528],[3.56436,50.60479],[3.56409,50.60464],[3.56411,50.60377],[3.56424,50.60328],[3.56457,50.60287],[3.56387,50.6025],[3.56315,50.60228],[3.56166,50.60158],[3.56035,50.60053],[3.55992,50.59971],[3.56085,50.59933],[3.55966,50.59769],[3.55893,50.59607],[3.55867,50.59604],[3.55865,50.59481],[3.55831,50.5944],[3.55822,50.5939],[3.55784,50.59312],[3.55734,50.59263],[3.55733,50.59168],[3.55638,50.59181],[3.55625,50.59121],[3.55507,50.5908],[3.55357,50.59007],[3.5538,50.58984],[3.55309,50.58961],[3.55227,50.58917],[3.55085,50.58877],[3.55089,50.58754],[3.55056,50.58751],[3.55078,50.58622],[3.55102,50.58594],[3.55127,50.58457],[3.55147,50.58461],[3.55149,50.58372],[3.55229,50.58264],[3.55232,50.58221],[3.55098,50.58109],[3.55003,50.57974],[3.54972,50.57916],[3.54918,50.57862],[3.55113,50.57806],[3.55113,50.5773],[3.54958,50.57649],[3.54972,50.57645],[3.5488,50.57519],[3.54972,50.57487],[3.54824,50.57254],[3.54958,50.57236],[3.55361,50.57092],[3.55437,50.57054],[3.55543,50.57021],[3.55625,50.57013],[3.55612,50.56978],[3.55805,50.56893],[3.5583,50.56939],[3.55948,50.56926],[3.55945,50.56961],[3.5597,50.57006],[3.5617,50.56953],[3.5622,50.56977],[3.56315,50.57049],[3.56385,50.57043],[3.56455,50.57051],[3.56538,50.57077],[3.5668,50.57152],[3.5673,50.57187],[3.56832,50.57219],[3.56932,50.57269],[3.56897,50.57321],[3.56787,50.57517],[3.56777,50.5759],[3.57037,50.57718],[3.57085,50.57746],[3.57172,50.57697],[3.57387,50.57658],[3.57392,50.57637],[3.57557,50.57616],[3.57662,50.57559],[3.57762,50.57524],[3.57855,50.57456],[3.58071,50.57357],[3.58142,50.57296],[3.58077,50.57218],[3.57941,50.57181],[3.57897,50.57206],[3.57849,50.57187],[3.57878,50.57155],[3.5816,50.56982],[3.58419,50.5684],[3.58345,50.56817],[3.58272,50.56853],[3.58217,50.56823],[3.58379,50.567],[3.5842,50.56655],[3.58478,50.56693],[3.58529,50.5665],[3.58592,50.5668],[3.58674,50.56605],[3.58707,50.56618],[3.58731,50.56593],[3.58901,50.56659],[3.59097,50.56451],[3.59188,50.56396],[3.58784,50.56145],[3.58748,50.56165],[3.58653,50.561],[3.58788,50.56016],[3.58904,50.55981],[3.59025,50.55921],[3.59042,50.55933],[3.59148,50.55875],[3.59257,50.55837],[3.59368,50.5592],[3.5955,50.55827],[3.59732,50.55923],[3.59976,50.55735],[3.60115,50.55826],[3.60478,50.55652],[3.60555,50.5572],[3.60667,50.55677],[3.60686,50.55881],[3.60751,50.55892],[3.60765,50.55857],[3.61031,50.55874],[3.61035,50.55829],[3.61116,50.56004],[3.61246,50.56037],[3.61382,50.56038],[3.61537,50.56083],[3.61684,50.56135],[3.6174,50.56166],[3.61931,50.56309],[3.61963,50.56326],[3.62108,50.56262],[3.62382,50.56193],[3.62556,50.56114],[3.62641,50.56043],[3.62736,50.55938],[3.62942,50.55772],[3.63034,50.55736],[3.63081,50.55664],[3.63108,50.55546],[3.6323,50.55433],[3.63244,50.55318],[3.63155,50.55239],[3.63079,50.55206],[3.63033,50.55158],[3.62931,50.55005],[3.62923,50.54978],[3.63003,50.54991],[3.63156,50.55034],[3.63371,50.5506],[3.63441,50.55079],[3.6363,50.55151],[3.63699,50.55187],[3.63772,50.55119],[3.63815,50.55109],[3.63929,50.5517],[3.64037,50.55105],[3.64095,50.55156],[3.64189,50.55138],[3.64335,50.55086],[3.64423,50.55144],[3.64677,50.55084],[3.64626,50.55014],[3.64882,50.54938],[3.65023,50.54908],[3.6517,50.5483],[3.65213,50.54819],[3.65237,50.54774],[3.65294,50.54795],[3.65571,50.54919],[3.65685,50.54974],[3.65748,50.5502],[3.65822,50.55057],[3.65925,50.55132],[3.6605,50.55202],[3.66243,50.55279],[3.66186,50.55302],[3.65755,50.55576],[3.66001,50.55681],[3.66162,50.55744],[3.66448,50.55836],[3.66625,50.55904],[3.66562,50.55935],[3.66443,50.56018],[3.66207,50.5612],[3.66263,50.56287],[3.66202,50.5632],[3.66332,50.56474],[3.66439,50.56618],[3.66477,50.56631],[3.66579,50.56713],[3.6674,50.56831],[3.66905,50.56929],[3.66943,50.56962],[3.67114,50.56912],[3.67111,50.56956],[3.67058,50.56976],[3.67143,50.57145],[3.67154,50.57203],[3.67219,50.57225],[3.67159,50.57283],[3.67266,50.57357],[3.67157,50.57416],[3.67301,50.57474],[3.67329,50.57469],[3.67422,50.57532],[3.67498,50.5756],[3.67576,50.57613],[3.67566,50.57619],[3.6778,50.57814],[3.67793,50.57845],[3.67844,50.57876],[3.67858,50.57935],[3.67945,50.58059],[3.68011,50.58084],[3.68065,50.58152],[3.68104,50.58172],[3.68263,50.58138],[3.68652,50.58031],[3.68914,50.57972],[3.68919,50.57994],[3.69114,50.57993],[3.69124,50.58034],[3.69185,50.58021],[3.69557,50.58053],[3.69929,50.58049],[3.70227,50.5803],[3.70734,50.57962],[3.70949,50.58236],[3.70805,50.58294],[3.71122,50.58716],[3.71341,50.58856],[3.71376,50.58963],[3.71249,50.59022],[3.71052,50.59058],[3.71009,50.58968],[3.70712,50.59067],[3.7067,50.5895],[3.70126,50.59031],[3.70183,50.59112],[3.69554,50.59498],[3.6966,50.59673],[3.68996,50.59857],[3.69004,50.60199],[3.69018,50.60199],[3.69357,50.60868],[3.69625,50.60868],[3.69625,50.60863],[3.69851,50.61074],[3.69745,50.61137],[3.69802,50.6156],[3.69759,50.61573],[3.69809,50.61622],[3.69602,50.61672],[3.69576,50.61693],[3.69609,50.61725],[3.69664,50.61741],[3.69788,50.61856],[3.69738,50.61932],[3.69632,50.61896],[3.69653,50.6213],[3.69194,50.62229],[3.6882,50.62296],[3.68467,50.62206],[3.68333,50.62422],[3.67937,50.62494],[3.67761,50.6297],[3.67775,50.6297],[3.6786,50.63262],[3.67831,50.63401],[3.67443,50.635],[3.67098,50.63476],[3.67015,50.63531],[3.67062,50.63552],[3.67057,50.63579],[3.67,50.63637],[3.66744,50.63855],[3.66716,50.64016],[3.66765,50.64133],[3.66617,50.64299],[3.66433,50.64331],[3.66355,50.6443],[3.66142,50.64433],[3.66029,50.64495],[3.65881,50.6454],[3.65549,50.645],[3.65511,50.64557]]]}},{"type":"Feature","id":"57095","bbox":[3.453094,50.703466,3.547788,50.771319],"properties":{"nis":"57095","name":"Mont-de-l'Enclus","nameNl":"Mont-de-l'Enclus","nameFr":"Mont-de-l'Enclus","nameDe":"Mont-de-l’Enclus","province":"hainaut","region":"wallonia","areaKm2":27.08},"geometry":{"type":"Polygon","coordinates":[[[3.54124,50.73339],[3.54144,50.73369],[3.54048,50.73434],[3.54167,50.73546],[3.54224,50.73624],[3.54321,50.7372],[3.54363,50.73781],[3.54512,50.73843],[3.54482,50.739],[3.54518,50.73955],[3.54534,50.74048],[3.54608,50.74224],[3.54637,50.74326],[3.54638,50.74516],[3.54631,50.74519],[3.54582,50.74677],[3.54779,50.74719],[3.54604,50.74909],[3.54474,50.75065],[3.54323,50.75214],[3.54211,50.75348],[3.5408,50.75492],[3.54051,50.75535],[3.53993,50.75586],[3.53858,50.7574],[3.53847,50.75792],[3.53799,50.75878],[3.53789,50.75924],[3.53803,50.75964],[3.53864,50.76037],[3.53951,50.76115],[3.54067,50.7629],[3.5405,50.76323],[3.53962,50.76395],[3.53899,50.76421],[3.53763,50.76454],[3.53357,50.76482],[3.52961,50.76423],[3.52834,50.7641],[3.52699,50.76383],[3.5247,50.76316],[3.52305,50.76287],[3.52185,50.76235],[3.51984,50.76115],[3.51797,50.76082],[3.51608,50.76061],[3.51413,50.76012],[3.51334,50.75976],[3.51221,50.75958],[3.51053,50.75954],[3.50975,50.75893],[3.50875,50.75873],[3.50807,50.75882],[3.50585,50.75872],[3.50486,50.7588],[3.50424,50.75904],[3.50235,50.75908],[3.501,50.75898],[3.50009,50.75877],[3.49931,50.75821],[3.49842,50.75784],[3.49691,50.75757],[3.493,50.75768],[3.49191,50.75782],[3.49095,50.75817],[3.49021,50.75827],[3.48874,50.75871],[3.48802,50.75866],[3.48543,50.75891],[3.48247,50.75912],[3.4816,50.75886],[3.48051,50.75879],[3.48024,50.75894],[3.47913,50.75912],[3.47833,50.75912],[3.47792,50.75941],[3.47813,50.75992],[3.47877,50.76013],[3.47956,50.76061],[3.47961,50.76079],[3.48123,50.76139],[3.48002,50.76192],[3.47881,50.76227],[3.47837,50.76287],[3.47517,50.76098],[3.47431,50.76129],[3.47222,50.76175],[3.46936,50.76283],[3.46949,50.76295],[3.46809,50.76361],[3.46727,50.76416],[3.46666,50.76474],[3.46487,50.76384],[3.46488,50.76379],[3.46072,50.76229],[3.45989,50.76185],[3.45931,50.76212],[3.45951,50.76292],[3.45991,50.76335],[3.45989,50.76406],[3.45908,50.76464],[3.45927,50.76618],[3.45811,50.76684],[3.45694,50.76707],[3.45617,50.76747],[3.45604,50.76799],[3.4561,50.76871],[3.45648,50.7696],[3.45673,50.7707],[3.45651,50.77105],[3.45545,50.77132],[3.45485,50.77114],[3.4542,50.77047],[3.45402,50.77002],[3.45387,50.76869],[3.45355,50.76743],[3.45361,50.76544],[3.45412,50.76483],[3.45477,50.76462],[3.45663,50.76436],[3.45725,50.76404],[3.45742,50.7636],[3.45625,50.76233],[3.45601,50.76196],[3.45533,50.76133],[3.45316,50.76031],[3.4531,50.7601],[3.45349,50.75983],[3.45443,50.75954],[3.45463,50.75882],[3.45442,50.75852],[3.45344,50.75813],[3.45492,50.7566],[3.45513,50.75628],[3.45687,50.75459],[3.45762,50.75424],[3.45816,50.75304],[3.45948,50.75336],[3.46051,50.75373],[3.46105,50.7533],[3.46335,50.75206],[3.464,50.75162],[3.46523,50.75006],[3.46577,50.74962],[3.46754,50.74851],[3.468,50.74809],[3.46856,50.74712],[3.46863,50.7452],[3.46889,50.74477],[3.46945,50.7445],[3.47001,50.74441],[3.47176,50.74444],[3.47232,50.74433],[3.47297,50.74382],[3.47351,50.74241],[3.47407,50.74194],[3.47635,50.74066],[3.47773,50.74021],[3.47879,50.74002],[3.47881,50.73959],[3.48038,50.73936],[3.48169,50.73977],[3.48471,50.73958],[3.48589,50.73935],[3.48815,50.73879],[3.48881,50.73873],[3.48851,50.73824],[3.48805,50.73789],[3.48741,50.73774],[3.48551,50.73537],[3.4852,50.73408],[3.48525,50.73287],[3.48545,50.73269],[3.48231,50.72974],[3.48152,50.72912],[3.48081,50.72875],[3.47988,50.72806],[3.47381,50.72556],[3.47103,50.72443],[3.47065,50.72402],[3.46994,50.72397],[3.46745,50.7229],[3.46755,50.72256],[3.46687,50.72207],[3.46655,50.72231],[3.46595,50.72198],[3.4656,50.72157],[3.46484,50.72127],[3.46497,50.72087],[3.46427,50.72012],[3.46539,50.71921],[3.46561,50.71841],[3.46652,50.71746],[3.46686,50.71682],[3.46837,50.71575],[3.46909,50.71618],[3.4695,50.71593],[3.47107,50.71672],[3.47557,50.71457],[3.47631,50.71524],[3.47766,50.71521],[3.47865,50.7147],[3.47826,50.71442],[3.47944,50.71361],[3.48319,50.71151],[3.48348,50.70931],[3.48447,50.70904],[3.48581,50.70491],[3.48663,50.70463],[3.48701,50.70408],[3.48755,50.70358],[3.48773,50.70347],[3.48847,50.70385],[3.48889,50.70421],[3.48949,50.70445],[3.49099,50.70592],[3.49239,50.70838],[3.4937,50.70926],[3.49416,50.71015],[3.49518,50.71004],[3.49556,50.70989],[3.49637,50.7093],[3.49779,50.70861],[3.50162,50.71051],[3.50346,50.71106],[3.50414,50.71051],[3.50668,50.71067],[3.50867,50.71044],[3.51027,50.71031],[3.51317,50.71141],[3.51508,50.71183],[3.5175,50.71271],[3.51842,50.71296],[3.51764,50.71354],[3.51917,50.71418],[3.52091,50.71503],[3.52245,50.71419],[3.52277,50.71431],[3.52731,50.71526],[3.52934,50.71612],[3.5313,50.71808],[3.53299,50.71923],[3.53142,50.7201],[3.52886,50.72255],[3.53036,50.72325],[3.5329,50.72211],[3.53434,50.72047],[3.53667,50.72132],[3.53695,50.72101],[3.53928,50.72165],[3.53993,50.7216],[3.54066,50.72182],[3.54256,50.72275],[3.54161,50.7235],[3.54079,50.72401],[3.54023,50.72405],[3.53871,50.72385],[3.53802,50.72438],[3.53676,50.72552],[3.53787,50.72614],[3.53906,50.7272],[3.54045,50.72814],[3.54051,50.72832],[3.54295,50.73018],[3.5442,50.7295],[3.54467,50.72959],[3.54459,50.73079],[3.54485,50.73166],[3.54322,50.73168],[3.5427,50.73157],[3.54218,50.73203],[3.5414,50.73184],[3.54062,50.73189],[3.54011,50.73109],[3.53886,50.7315],[3.53959,50.73237],[3.53879,50.73273],[3.53883,50.73316],[3.53934,50.73378],[3.53982,50.73345],[3.54074,50.73351],[3.54124,50.73339]]]}},{"type":"Feature","id":"57096","bbox":[3.178583,50.709909,3.329056,50.76591],"properties":{"nis":"57096","name":"Mouscron","nameNl":"Moeskroen","nameFr":"Mouscron","nameDe":"Mouscron","province":"hainaut","region":"wallonia","areaKm2":40.52},"geometry":{"type":"Polygon","coordinates":[[[3.24515,50.71303],[3.24723,50.71317],[3.25351,50.7147],[3.25522,50.71502],[3.2563,50.71487],[3.2584,50.71529],[3.25887,50.71551],[3.26274,50.7161],[3.26359,50.7161],[3.2641,50.71624],[3.26564,50.71644],[3.26806,50.71683],[3.26915,50.71714],[3.27216,50.71782],[3.27539,50.71828],[3.27681,50.71855],[3.27734,50.71791],[3.27797,50.71745],[3.27859,50.7174],[3.27903,50.7171],[3.2807,50.71651],[3.28147,50.71727],[3.2827,50.71666],[3.28412,50.71778],[3.28543,50.71741],[3.28698,50.71934],[3.28905,50.72092],[3.29098,50.72101],[3.29181,50.72007],[3.29422,50.71859],[3.2974,50.71753],[3.29734,50.71718],[3.29873,50.71659],[3.30026,50.7153],[3.30191,50.71636],[3.30322,50.71546],[3.30361,50.71535],[3.30305,50.71506],[3.30373,50.71441],[3.30479,50.71488],[3.3057,50.71442],[3.30602,50.71476],[3.30532,50.71536],[3.30458,50.71566],[3.30475,50.71635],[3.30403,50.71693],[3.30263,50.71767],[3.30308,50.71807],[3.30452,50.71869],[3.30464,50.71886],[3.30725,50.71923],[3.30795,50.71953],[3.30892,50.71949],[3.30937,50.71915],[3.31106,50.71854],[3.31297,50.71921],[3.31301,50.71962],[3.31274,50.71985],[3.31358,50.72009],[3.31418,50.72051],[3.3161,50.72132],[3.31668,50.72093],[3.31691,50.72049],[3.31869,50.72065],[3.31983,50.72047],[3.32056,50.72076],[3.32076,50.72131],[3.32157,50.72163],[3.32352,50.72216],[3.32394,50.7224],[3.32376,50.72324],[3.32518,50.72414],[3.32646,50.72635],[3.32675,50.72733],[3.32744,50.72804],[3.32784,50.72878],[3.32792,50.72945],[3.32831,50.73005],[3.32905,50.73083],[3.32904,50.73103],[3.32813,50.73125],[3.32778,50.73159],[3.32784,50.73199],[3.3262,50.73274],[3.32494,50.73325],[3.32499,50.73382],[3.32423,50.73419],[3.32428,50.73442],[3.3236,50.7345],[3.32318,50.73502],[3.32279,50.73578],[3.32306,50.736],[3.32424,50.73645],[3.32269,50.7371],[3.32282,50.73778],[3.32314,50.73771],[3.3242,50.73868],[3.32339,50.73876],[3.32074,50.74067],[3.32022,50.74145],[3.31646,50.74443],[3.31205,50.74915],[3.3089,50.75177],[3.30689,50.75363],[3.30558,50.75469],[3.30512,50.75451],[3.30108,50.75324],[3.29832,50.75309],[3.29704,50.75292],[3.29635,50.75212],[3.29444,50.75087],[3.29478,50.75012],[3.29305,50.74954],[3.29195,50.74937],[3.29179,50.74979],[3.29048,50.7496],[3.2887,50.74984],[3.28899,50.75015],[3.28897,50.75171],[3.28759,50.75173],[3.28379,50.75196],[3.28231,50.75193],[3.2809,50.75162],[3.27791,50.75084],[3.2756,50.75069],[3.27355,50.75086],[3.26987,50.75059],[3.26802,50.75063],[3.26503,50.75061],[3.2645,50.7507],[3.26395,50.75104],[3.26332,50.75121],[3.26184,50.7513],[3.25948,50.75164],[3.25868,50.75183],[3.25755,50.75241],[3.2553,50.75338],[3.25361,50.75387],[3.25213,50.75441],[3.24955,50.75584],[3.24914,50.75613],[3.24807,50.75745],[3.24704,50.75741],[3.24624,50.75723],[3.24314,50.75686],[3.2406,50.75644],[3.23995,50.75801],[3.23735,50.7591],[3.23627,50.75978],[3.23543,50.76044],[3.23461,50.76097],[3.23042,50.76319],[3.22855,50.76382],[3.22766,50.76505],[3.2265,50.76493],[3.22539,50.76522],[3.22429,50.76478],[3.22275,50.76539],[3.22147,50.76495],[3.22066,50.7659],[3.2199,50.7658],[3.21923,50.76553],[3.21775,50.76472],[3.21499,50.76347],[3.21351,50.76255],[3.21266,50.76179],[3.21204,50.76163],[3.21076,50.76151],[3.20858,50.76097],[3.20685,50.76087],[3.2054,50.76062],[3.20236,50.75962],[3.1985,50.75806],[3.19555,50.75703],[3.1919,50.75613],[3.19102,50.75556],[3.19055,50.75606],[3.18948,50.75599],[3.18855,50.75662],[3.18839,50.75655],[3.18703,50.75719],[3.18552,50.75828],[3.18522,50.7587],[3.18477,50.75843],[3.18473,50.75807],[3.18404,50.75742],[3.18369,50.75672],[3.18297,50.75604],[3.18228,50.75569],[3.18119,50.75532],[3.17863,50.75602],[3.17858,50.75596],[3.18026,50.75526],[3.17989,50.75487],[3.17983,50.7541],[3.17957,50.75366],[3.18123,50.75247],[3.1821,50.75133],[3.183,50.7508],[3.18331,50.7504],[3.18321,50.75004],[3.18411,50.74938],[3.18424,50.74859],[3.18523,50.74812],[3.18579,50.74772],[3.18622,50.74716],[3.18626,50.74683],[3.18588,50.74566],[3.18558,50.74443],[3.18639,50.74287],[3.18635,50.74262],[3.18673,50.74212],[3.18744,50.74074],[3.18795,50.74021],[3.18973,50.73943],[3.19154,50.73937],[3.19173,50.73957],[3.19266,50.73914],[3.19265,50.73878],[3.1934,50.73825],[3.19469,50.73796],[3.19562,50.73767],[3.19622,50.73736],[3.19723,50.737],[3.19826,50.73598],[3.19941,50.73536],[3.20001,50.73456],[3.19968,50.73374],[3.19919,50.7333],[3.19869,50.73215],[3.19895,50.73214],[3.19853,50.7314],[3.19733,50.73079],[3.19638,50.72972],[3.19569,50.7293],[3.19528,50.72939],[3.19243,50.72825],[3.19171,50.72769],[3.19228,50.7272],[3.19153,50.72667],[3.19126,50.7261],[3.19123,50.72559],[3.19172,50.7254],[3.19205,50.72496],[3.19151,50.72463],[3.19202,50.72421],[3.19267,50.72417],[3.19379,50.72338],[3.19475,50.72315],[3.19486,50.72287],[3.19587,50.72232],[3.19641,50.72184],[3.19693,50.72164],[3.19846,50.72051],[3.20085,50.72011],[3.20163,50.72027],[3.20373,50.71982],[3.20388,50.72016],[3.20434,50.72056],[3.2055,50.7202],[3.20613,50.72011],[3.20595,50.71953],[3.20686,50.71932],[3.20824,50.7188],[3.20951,50.71754],[3.20977,50.71747],[3.21015,50.71666],[3.20894,50.71609],[3.20848,50.71579],[3.20925,50.71503],[3.20864,50.71461],[3.20898,50.71323],[3.20871,50.71289],[3.20816,50.71307],[3.20725,50.71274],[3.2062,50.71261],[3.20494,50.71202],[3.20602,50.71139],[3.20644,50.71164],[3.20767,50.71145],[3.20902,50.71107],[3.20973,50.71158],[3.21002,50.71193],[3.20932,50.71246],[3.21069,50.71328],[3.21106,50.71335],[3.21165,50.71299],[3.21204,50.71314],[3.21285,50.71264],[3.21403,50.71271],[3.21563,50.71232],[3.21594,50.71246],[3.21663,50.71231],[3.21774,50.71176],[3.21857,50.71216],[3.21967,50.71108],[3.22029,50.70991],[3.22208,50.71017],[3.22347,50.71111],[3.22539,50.71204],[3.22634,50.7126],[3.22734,50.71303],[3.22836,50.71268],[3.22852,50.71278],[3.22926,50.71223],[3.22998,50.71258],[3.23079,50.7121],[3.23131,50.71252],[3.23215,50.71288],[3.23338,50.71285],[3.2356,50.71304],[3.23701,50.71177],[3.23791,50.71126],[3.23863,50.71181],[3.23991,50.7122],[3.2406,50.71234],[3.24515,50.71303]]]}},{"type":"Feature","id":"57097","bbox":[2.842035,50.692354,3.029839,50.810795],"properties":{"nis":"57097","name":"Comines-Warneton","nameNl":"Komen-Waasten","nameFr":"Comines-Warneton","nameDe":"Comines-Warneton","province":"hainaut","region":"wallonia","areaKm2":61.15},"geometry":{"type":"Polygon","coordinates":[[[2.8631,50.70828],[2.86652,50.70593],[2.867,50.70619],[2.86979,50.70318],[2.87054,50.70359],[2.87227,50.70407],[2.87387,50.7041],[2.87501,50.70393],[2.87683,50.70349],[2.87945,50.70274],[2.87982,50.70307],[2.88058,50.70341],[2.88085,50.70373],[2.88183,50.70448],[2.88347,50.70551],[2.88499,50.70622],[2.8853,50.70649],[2.88683,50.70553],[2.88737,50.70507],[2.88868,50.70417],[2.89011,50.703],[2.89225,50.70055],[2.89234,50.70057],[2.89544,50.69726],[2.89706,50.69593],[2.89766,50.69505],[2.89876,50.69389],[2.89916,50.69417],[2.90044,50.69317],[2.90114,50.69283],[2.90173,50.69317],[2.90278,50.69333],[2.90383,50.6932],[2.90512,50.69245],[2.90571,50.69237],[2.90743,50.69276],[2.90829,50.69301],[2.91045,50.69391],[2.91091,50.69471],[2.91085,50.69597],[2.91,50.69703],[2.90984,50.6975],[2.91045,50.69829],[2.9099,50.69851],[2.9099,50.69895],[2.90936,50.69981],[2.90956,50.70081],[2.90877,50.70132],[2.90851,50.70191],[2.90862,50.70207],[2.91015,50.70324],[2.91105,50.70383],[2.91178,50.70403],[2.91461,50.70399],[2.91666,50.70379],[2.91758,50.70364],[2.91915,50.70323],[2.92008,50.70333],[2.92073,50.70317],[2.92127,50.70278],[2.92192,50.70274],[2.92368,50.70351],[2.9242,50.704],[2.92491,50.70545],[2.92517,50.70672],[2.92571,50.70764],[2.92634,50.70811],[2.92771,50.70854],[2.92877,50.70908],[2.92972,50.71046],[2.93006,50.71114],[2.92999,50.71282],[2.9303,50.71417],[2.9307,50.7165],[2.93106,50.71803],[2.93107,50.71868],[2.93085,50.72032],[2.93041,50.72136],[2.92983,50.72219],[2.92925,50.72348],[2.92914,50.72401],[2.92974,50.72529],[2.93064,50.72661],[2.93147,50.72794],[2.93183,50.72838],[2.93262,50.72893],[2.93403,50.72951],[2.93452,50.7295],[2.93607,50.72904],[2.93667,50.7292],[2.937,50.72999],[2.93831,50.73022],[2.93993,50.73016],[2.94064,50.73022],[2.94257,50.73098],[2.94397,50.73137],[2.94459,50.73189],[2.94472,50.73217],[2.94462,50.73281],[2.94392,50.73375],[2.94381,50.73441],[2.94325,50.7349],[2.94174,50.73521],[2.94143,50.73552],[2.94179,50.7367],[2.94166,50.73692],[2.94081,50.73749],[2.9394,50.73789],[2.93822,50.73845],[2.93788,50.73912],[2.93802,50.73966],[2.93795,50.74096],[2.9372,50.74225],[2.93716,50.74276],[2.9377,50.74422],[2.93861,50.7451],[2.93938,50.74541],[2.94001,50.74543],[2.94165,50.74606],[2.94242,50.74646],[2.9448,50.74748],[2.94725,50.74871],[2.94972,50.75084],[2.95016,50.75142],[2.95145,50.75208],[2.95201,50.75227],[2.95344,50.75252],[2.95465,50.75258],[2.95492,50.7527],[2.95515,50.75331],[2.95547,50.75355],[2.95618,50.75368],[2.9569,50.75336],[2.95806,50.7525],[2.95875,50.7527],[2.9589,50.75356],[2.95976,50.75358],[2.96169,50.753],[2.96229,50.75267],[2.96309,50.75183],[2.96328,50.75143],[2.96205,50.75044],[2.96215,50.74994],[2.96278,50.74986],[2.96499,50.7504],[2.9655,50.75033],[2.96674,50.74991],[2.96824,50.74973],[2.96976,50.74979],[2.97246,50.75033],[2.9737,50.75073],[2.97539,50.75178],[2.97739,50.75284],[2.97802,50.75325],[2.97922,50.7543],[2.97997,50.75521],[2.98079,50.75662],[2.98139,50.75702],[2.98278,50.75753],[2.98304,50.75728],[2.98682,50.75779],[2.98871,50.75869],[2.9901,50.75925],[2.99162,50.75966],[2.99344,50.76024],[2.99445,50.76073],[2.99618,50.76169],[2.99795,50.76255],[2.99964,50.76331],[3.00091,50.76437],[3.00168,50.76473],[3.00385,50.76521],[3.00453,50.76547],[3.00553,50.76615],[3.00757,50.76714],[3.0125,50.76937],[3.01468,50.77106],[3.01494,50.77141],[3.01407,50.77242],[3.01404,50.77285],[3.01446,50.77371],[3.01507,50.77396],[3.01733,50.77413],[3.0189,50.77368],[3.01919,50.77402],[3.01958,50.77413],[3.01968,50.7747],[3.02005,50.77503],[3.02091,50.77541],[3.02105,50.77578],[3.02162,50.77605],[3.02141,50.77613],[3.02162,50.77662],[3.02254,50.77698],[3.02268,50.77724],[3.02325,50.77707],[3.02381,50.77748],[3.02426,50.7775],[3.02482,50.77786],[3.02554,50.77786],[3.02584,50.77819],[3.02602,50.77802],[3.02716,50.77852],[3.02815,50.77842],[3.02869,50.77862],[3.02933,50.7786],[3.02984,50.77901],[3.02952,50.78012],[3.0293,50.78033],[3.02872,50.78021],[3.02834,50.78037],[3.02753,50.78026],[3.02697,50.78005],[3.02651,50.78052],[3.0261,50.78056],[3.02607,50.78084],[3.02503,50.78135],[3.02459,50.78138],[3.02394,50.78189],[3.02181,50.78281],[3.02127,50.78288],[3.02098,50.78273],[3.01874,50.78223],[3.01831,50.78233],[3.0178,50.78301],[3.01677,50.78325],[3.01647,50.78355],[3.01541,50.78391],[3.0145,50.7837],[3.01423,50.78382],[3.01351,50.7835],[3.01307,50.78378],[3.01287,50.78424],[3.01322,50.78444],[3.01374,50.78522],[3.01378,50.78552],[3.01275,50.7864],[3.01314,50.78696],[3.01294,50.78791],[3.01303,50.78836],[3.01366,50.78941],[3.01467,50.78997],[3.01447,50.79027],[3.01353,50.79078],[3.01299,50.79123],[3.01107,50.79255],[3.011,50.79253],[3.00935,50.79418],[3.00858,50.79525],[3.00904,50.7981],[3.01131,50.8003],[3.01213,50.80085],[3.01397,50.80227],[3.01503,50.80267],[3.01294,50.80574],[3.01245,50.8064],[3.01154,50.80737],[3.01123,50.80752],[3.00678,50.80858],[3.00612,50.8088],[3.00436,50.80802],[3.00374,50.80863],[3.00262,50.80838],[3.0022,50.80904],[3.00167,50.80917],[3.00167,50.80959],[3.00118,50.80995],[3.00068,50.80991],[3.00004,50.81077],[2.99904,50.81053],[2.98947,50.80656],[2.98855,50.80631],[2.9868,50.80568],[2.98178,50.80433],[2.98138,50.80402],[2.98063,50.80383],[2.97977,50.80382],[2.97908,50.80342],[2.97798,50.80341],[2.97672,50.80312],[2.97587,50.80313],[2.97342,50.80303],[2.97146,50.80278],[2.96862,50.80245],[2.96794,50.80242],[2.96744,50.80218],[2.966,50.80191],[2.96516,50.80165],[2.96447,50.80087],[2.96343,50.80011],[2.9625,50.79961],[2.96168,50.79881],[2.95992,50.79767],[2.95688,50.79714],[2.95641,50.79744],[2.9529,50.79734],[2.9521,50.79698],[2.95093,50.79633],[2.95046,50.79578],[2.94883,50.79493],[2.9475,50.79462],[2.94673,50.79456],[2.94439,50.79467],[2.94253,50.79446],[2.94203,50.79458],[2.93975,50.79396],[2.93718,50.79361],[2.93745,50.7931],[2.94704,50.79101],[2.94834,50.78964],[2.94953,50.78857],[2.95116,50.78726],[2.95279,50.78556],[2.95332,50.78455],[2.95563,50.78334],[2.95543,50.78295],[2.95699,50.78255],[2.95788,50.7821],[2.95857,50.78115],[2.95921,50.78059],[2.95896,50.78036],[2.95924,50.77976],[2.96034,50.77956],[2.96019,50.77923],[2.96047,50.7789],[2.96013,50.77865],[2.9604,50.77777],[2.96002,50.7778],[2.96035,50.77741],[2.96,50.77698],[2.95953,50.77682],[2.95982,50.77618],[2.95928,50.77606],[2.95918,50.77559],[2.95875,50.77568],[2.95875,50.77531],[2.95907,50.77517],[2.95907,50.77474],[2.95951,50.77459],[2.95942,50.77413],[2.95991,50.77414],[2.96,50.7735],[2.95885,50.77354],[2.9574,50.77332],[2.95366,50.77299],[2.94929,50.7728],[2.94794,50.77266],[2.94537,50.77218],[2.94378,50.77175],[2.93977,50.7703],[2.93697,50.7692],[2.93509,50.76849],[2.93053,50.76726],[2.91995,50.76416],[2.9188,50.76396],[2.9178,50.76272],[2.91825,50.76124],[2.91855,50.76072],[2.92047,50.75933],[2.92153,50.75869],[2.92185,50.75841],[2.92254,50.75721],[2.9221,50.75728],[2.92201,50.75703],[2.92036,50.75684],[2.92019,50.75704],[2.91934,50.7568],[2.91884,50.75642],[2.91784,50.75625],[2.91659,50.75633],[2.91445,50.75566],[2.91376,50.75575],[2.91313,50.75557],[2.91326,50.75544],[2.91089,50.75536],[2.90934,50.75512],[2.90667,50.7549],[2.90315,50.75458],[2.90041,50.75414],[2.89912,50.75376],[2.89723,50.75289],[2.89611,50.75273],[2.89466,50.75273],[2.89363,50.75289],[2.8932,50.75322],[2.89148,50.75344],[2.88779,50.7536],[2.88668,50.75409],[2.88643,50.75456],[2.88603,50.75493],[2.88523,50.75707],[2.88323,50.75769],[2.88227,50.75848],[2.88081,50.75926],[2.87954,50.76008],[2.87822,50.76154],[2.87582,50.76117],[2.87779,50.75869],[2.87832,50.75765],[2.87834,50.75689],[2.87902,50.75477],[2.87858,50.7549],[2.87783,50.75457],[2.87781,50.75433],[2.87619,50.7542],[2.87593,50.75445],[2.87528,50.75457],[2.87476,50.75441],[2.87234,50.75447],[2.87051,50.75457],[2.87013,50.75555],[2.87015,50.75678],[2.86989,50.75819],[2.86963,50.76003],[2.86749,50.75965],[2.86601,50.7591],[2.86406,50.75871],[2.86274,50.75853],[2.86091,50.75815],[2.85946,50.75758],[2.85897,50.75765],[2.8573,50.75752],[2.85587,50.75765],[2.85484,50.75759],[2.85463,50.75745],[2.85462,50.75684],[2.85374,50.75574],[2.85355,50.75534],[2.85311,50.75503],[2.8526,50.75529],[2.85208,50.75482],[2.85158,50.7541],[2.84916,50.75355],[2.84836,50.75351],[2.8482,50.75367],[2.84635,50.75323],[2.84203,50.75153],[2.84254,50.75098],[2.84468,50.74842],[2.84577,50.74755],[2.84636,50.74725],[2.84688,50.74717],[2.84789,50.74619],[2.84815,50.74571],[2.84865,50.7453],[2.85005,50.74374],[2.85268,50.74042],[2.84864,50.73949],[2.84742,50.73826],[2.84689,50.7379],[2.84623,50.73814],[2.8452,50.737],[2.84448,50.73655],[2.84221,50.7357],[2.8431,50.73468],[2.84406,50.73332],[2.84595,50.73101],[2.84652,50.73042],[2.84739,50.72986],[2.84792,50.72935],[2.85018,50.72766],[2.85075,50.72716],[2.85169,50.72606],[2.8528,50.72444],[2.85588,50.72256],[2.85653,50.72199],[2.85755,50.72217],[2.85793,50.72147],[2.86006,50.72169],[2.86171,50.71866],[2.8639,50.71637],[2.86443,50.71589],[2.86891,50.71353],[2.8696,50.71295],[2.86833,50.71184],[2.86788,50.7116],[2.86557,50.70969],[2.86513,50.70964],[2.86356,50.70849],[2.8631,50.70828]]]}},{"type":"Feature","id":"58001","bbox":[4.069941,50.433295,4.229974,50.524952],"properties":{"nis":"58001","name":"La Louvière","nameNl":"La Louvière","nameFr":"La Louvière","nameDe":"La Louvière","province":"hainaut","region":"wallonia","areaKm2":64.34},"geometry":{"type":"Polygon","coordinates":[[[4.07559,50.46528],[4.07372,50.46322],[4.07376,50.46266],[4.07215,50.46065],[4.06994,50.45848],[4.07128,50.45796],[4.07582,50.45735],[4.07359,50.45598],[4.07472,50.45516],[4.07638,50.45617],[4.07756,50.45538],[4.07896,50.45456],[4.07655,50.45318],[4.07564,50.45351],[4.07529,50.45325],[4.07598,50.45285],[4.07801,50.45133],[4.08136,50.44897],[4.08204,50.44932],[4.08463,50.44703],[4.08429,50.44687],[4.08505,50.44617],[4.08394,50.44561],[4.08332,50.4461],[4.08178,50.44548],[4.08289,50.44456],[4.08509,50.44477],[4.08445,50.44442],[4.08273,50.44392],[4.08328,50.4433],[4.08101,50.44254],[4.07981,50.44185],[4.07715,50.44222],[4.07554,50.44054],[4.07681,50.44024],[4.07758,50.43979],[4.07899,50.4408],[4.08042,50.43975],[4.08093,50.44005],[4.08137,50.44082],[4.08294,50.44089],[4.08334,50.44082],[4.08534,50.44009],[4.08611,50.43988],[4.08746,50.43976],[4.08903,50.43953],[4.08919,50.4397],[4.09018,50.43951],[4.09115,50.43899],[4.09171,50.43886],[4.09426,50.43872],[4.09517,50.43851],[4.09635,50.43795],[4.0973,50.43728],[4.09817,50.43656],[4.09932,50.43574],[4.0998,50.43497],[4.10132,50.43524],[4.10101,50.43583],[4.10346,50.43627],[4.10228,50.43774],[4.10355,50.43815],[4.10363,50.43795],[4.10472,50.43822],[4.10588,50.43784],[4.10688,50.43946],[4.10918,50.43867],[4.10888,50.43841],[4.11036,50.4378],[4.11244,50.43931],[4.11339,50.43873],[4.11296,50.43835],[4.11274,50.43762],[4.11399,50.43714],[4.11496,50.43665],[4.11612,50.43581],[4.11629,50.43594],[4.11754,50.43484],[4.11736,50.43472],[4.11851,50.43408],[4.11869,50.4342],[4.11946,50.43407],[4.12026,50.43374],[4.12081,50.43329],[4.12331,50.4347],[4.12402,50.43423],[4.12532,50.43495],[4.12619,50.43427],[4.12728,50.43502],[4.12677,50.43547],[4.12862,50.43637],[4.13165,50.43817],[4.13482,50.43978],[4.13527,50.43936],[4.13755,50.4401],[4.13807,50.43896],[4.14033,50.4392],[4.14035,50.4405],[4.14007,50.4409],[4.13953,50.44122],[4.14122,50.44273],[4.14063,50.44313],[4.1419,50.44363],[4.14446,50.44197],[4.15026,50.44426],[4.15129,50.44374],[4.15357,50.44292],[4.15453,50.44451],[4.15571,50.44335],[4.15622,50.44227],[4.15777,50.44286],[4.15918,50.4431],[4.1595,50.44195],[4.1613,50.44212],[4.16164,50.44101],[4.16162,50.4406],[4.1753,50.44679],[4.17565,50.44652],[4.17668,50.44688],[4.17848,50.4454],[4.17887,50.44558],[4.17951,50.4448],[4.18049,50.44503],[4.18065,50.44473],[4.18101,50.44304],[4.1814,50.44218],[4.18257,50.44064],[4.18443,50.44109],[4.18503,50.44104],[4.18673,50.44119],[4.19146,50.44241],[4.19186,50.44276],[4.19262,50.4428],[4.19382,50.44158],[4.19548,50.44034],[4.19697,50.43898],[4.19894,50.43944],[4.1986,50.44044],[4.20447,50.44175],[4.2063,50.44206],[4.20645,50.44177],[4.20744,50.44228],[4.20704,50.44372],[4.20833,50.44385],[4.20818,50.4446],[4.21063,50.44481],[4.21026,50.44652],[4.21132,50.44686],[4.21128,50.44758],[4.21247,50.44754],[4.21268,50.44858],[4.21235,50.44854],[4.21317,50.45052],[4.21376,50.45036],[4.21458,50.45073],[4.21416,50.45116],[4.21419,50.45173],[4.21532,50.45211],[4.21594,50.45208],[4.21653,50.45268],[4.21663,50.45353],[4.21553,50.45461],[4.2166,50.45456],[4.21682,50.45526],[4.21713,50.45521],[4.21796,50.45779],[4.21856,50.45898],[4.2176,50.46003],[4.21646,50.46032],[4.21425,50.46075],[4.21661,50.46085],[4.21776,50.4611],[4.21737,50.46154],[4.21965,50.46247],[4.21885,50.46328],[4.21965,50.46377],[4.21897,50.46424],[4.217,50.46379],[4.2174,50.4644],[4.21776,50.46526],[4.21797,50.46541],[4.21746,50.46574],[4.2162,50.4662],[4.21598,50.46645],[4.21637,50.46719],[4.21704,50.46746],[4.21805,50.46821],[4.21866,50.46836],[4.21851,50.46854],[4.21904,50.4687],[4.21905,50.46915],[4.2194,50.46917],[4.21955,50.4696],[4.21982,50.46957],[4.22019,50.47002],[4.22094,50.47059],[4.22202,50.47171],[4.2231,50.47156],[4.22385,50.47203],[4.22513,50.47205],[4.2255,50.47265],[4.22545,50.47346],[4.22527,50.4738],[4.22536,50.47449],[4.22602,50.47445],[4.22663,50.47549],[4.22687,50.4755],[4.22711,50.4761],[4.22894,50.4765],[4.22997,50.47694],[4.22342,50.47769],[4.22309,50.47751],[4.2227,50.47779],[4.22074,50.47945],[4.21846,50.48119],[4.21742,50.48174],[4.21698,50.48211],[4.21694,50.48011],[4.21707,50.4785],[4.21692,50.47838],[4.21598,50.47912],[4.21518,50.47864],[4.21416,50.47939],[4.21355,50.47939],[4.21356,50.4798],[4.21191,50.48103],[4.21258,50.48455],[4.21226,50.48501],[4.20945,50.48797],[4.20864,50.48833],[4.20736,50.48926],[4.20416,50.49093],[4.20476,50.49128],[4.20601,50.49228],[4.20709,50.49353],[4.20745,50.49409],[4.20922,50.49556],[4.21053,50.4967],[4.20917,50.49758],[4.20886,50.49838],[4.21025,50.50025],[4.21061,50.50084],[4.21039,50.50096],[4.20898,50.50112],[4.20817,50.50135],[4.2076,50.50167],[4.20679,50.503],[4.20607,50.5037],[4.20529,50.50503],[4.20585,50.50587],[4.20679,50.50698],[4.20714,50.50751],[4.20829,50.50887],[4.20945,50.50932],[4.2102,50.50992],[4.21171,50.51095],[4.2112,50.51147],[4.21018,50.51232],[4.20826,50.51361],[4.20662,50.51458],[4.20489,50.51549],[4.20218,50.51676],[4.19926,50.51808],[4.19788,50.51887],[4.19346,50.52196],[4.19192,50.52286],[4.19039,50.52354],[4.18618,50.52495],[4.1864,50.52477],[4.18535,50.52306],[4.18477,50.52247],[4.18372,50.52123],[4.18295,50.51983],[4.18162,50.51756],[4.18142,50.51674],[4.1805,50.51565],[4.17928,50.51506],[4.17853,50.51449],[4.17789,50.51382],[4.17732,50.5143],[4.17638,50.51453],[4.17487,50.51455],[4.17365,50.51509],[4.17156,50.51577],[4.17104,50.51602],[4.17082,50.51568],[4.16925,50.51607],[4.16776,50.51695],[4.16777,50.51718],[4.16688,50.51737],[4.16188,50.51442],[4.16213,50.51519],[4.1624,50.51554],[4.16154,50.51574],[4.16021,50.5157],[4.15914,50.51554],[4.15772,50.51561],[4.15763,50.51572],[4.15621,50.51583],[4.15499,50.51637],[4.15394,50.51705],[4.15359,50.51701],[4.15262,50.51728],[4.15045,50.51651],[4.14926,50.51598],[4.14936,50.51528],[4.15021,50.5136],[4.15055,50.51256],[4.15068,50.51168],[4.15058,50.51131],[4.1488,50.5109],[4.14781,50.51086],[4.14757,50.51136],[4.14766,50.51168],[4.14738,50.51218],[4.14664,50.51227],[4.1453,50.51224],[4.14489,50.51205],[4.14524,50.51166],[4.14379,50.51097],[4.14391,50.51075],[4.14285,50.51014],[4.14244,50.51007],[4.1412,50.51023],[4.14064,50.51013],[4.13908,50.50936],[4.13811,50.50795],[4.13718,50.5076],[4.13819,50.50678],[4.13661,50.50637],[4.13546,50.50547],[4.13589,50.50522],[4.13507,50.50431],[4.13482,50.50371],[4.13402,50.50395],[4.13354,50.50301],[4.13259,50.50193],[4.13276,50.50173],[4.13132,50.50057],[4.13256,50.49958],[4.13306,50.49905],[4.13196,50.4984],[4.13251,50.49758],[4.13297,50.49711],[4.12539,50.49569],[4.1202,50.49463],[4.11677,50.49388],[4.11043,50.49246],[4.111,50.49152],[4.11118,50.49021],[4.10988,50.49027],[4.10945,50.48959],[4.1092,50.48886],[4.10928,50.48823],[4.10983,50.48832],[4.10993,50.48714],[4.11018,50.487],[4.10973,50.48649],[4.10973,50.48572],[4.10947,50.48534],[4.10964,50.48497],[4.11024,50.48469],[4.10978,50.48409],[4.1099,50.48354],[4.1098,50.48307],[4.10896,50.48151],[4.1085,50.48153],[4.10833,50.48096],[4.10787,50.48007],[4.10807,50.47917],[4.10841,50.47905],[4.10884,50.47846],[4.10906,50.47781],[4.10892,50.47712],[4.10907,50.47652],[4.10971,50.47552],[4.10952,50.47504],[4.10958,50.47424],[4.10849,50.47376],[4.10828,50.47343],[4.10719,50.47276],[4.10594,50.47212],[4.10443,50.47094],[4.10355,50.4701],[4.10211,50.46801],[4.10002,50.46744],[4.09677,50.46621],[4.09423,50.46444],[4.09302,50.46369],[4.09156,50.46406],[4.09008,50.46424],[4.09069,50.46494],[4.08942,50.46533],[4.09012,50.46613],[4.0888,50.46653],[4.08803,50.46701],[4.08706,50.4667],[4.08634,50.46613],[4.08353,50.46474],[4.08238,50.46435],[4.08128,50.46359],[4.08011,50.46293],[4.0791,50.46299],[4.07757,50.46381],[4.07652,50.4641],[4.07564,50.4641],[4.07527,50.46455],[4.07559,50.46528]]]}},{"type":"Feature","id":"58002","bbox":[4.055851,50.349326,4.252469,50.446875],"properties":{"nis":"58002","name":"Binche","nameNl":"Bing","nameFr":"Binche","nameDe":"Binche","province":"hainaut","region":"wallonia","areaKm2":61.02},"geometry":{"type":"Polygon","coordinates":[[[4.05857,50.43049],[4.06429,50.4299],[4.07491,50.42878],[4.0774,50.42854],[4.10609,50.42655],[4.10854,50.42642],[4.10942,50.42628],[4.11025,50.42601],[4.1129,50.42498],[4.11385,50.4247],[4.13363,50.41957],[4.12952,50.41927],[4.12861,50.41901],[4.13,50.41745],[4.1293,50.41713],[4.12956,50.41692],[4.1313,50.41718],[4.13171,50.41604],[4.13233,50.41483],[4.13005,50.41479],[4.13058,50.41384],[4.13041,50.41377],[4.13112,50.41312],[4.13082,50.41297],[4.1316,50.41228],[4.12955,50.41122],[4.12897,50.41097],[4.13102,50.40924],[4.13244,50.40817],[4.13013,50.40688],[4.13078,50.4065],[4.12892,50.4056],[4.12973,50.40501],[4.12737,50.40375],[4.12752,50.40365],[4.12637,50.40232],[4.12595,50.40174],[4.12641,50.4016],[4.12555,50.4007],[4.127,50.40038],[4.12661,50.4],[4.12803,50.39944],[4.12783,50.39912],[4.12839,50.39888],[4.12718,50.39803],[4.12764,50.39759],[4.12696,50.39707],[4.12727,50.39685],[4.12957,50.3959],[4.13116,50.39679],[4.13157,50.39635],[4.13195,50.39557],[4.13295,50.39608],[4.13445,50.39706],[4.13445,50.39675],[4.13494,50.39578],[4.13539,50.39521],[4.13563,50.39451],[4.13552,50.39344],[4.13661,50.39343],[4.13664,50.39281],[4.13757,50.39283],[4.13732,50.39339],[4.1375,50.39393],[4.13803,50.39447],[4.13873,50.39498],[4.13981,50.39451],[4.13994,50.39425],[4.14094,50.3935],[4.14138,50.39429],[4.14307,50.39476],[4.14379,50.39446],[4.1447,50.39426],[4.14458,50.39375],[4.14634,50.39289],[4.14685,50.39229],[4.14993,50.39159],[4.151,50.39118],[4.15163,50.39222],[4.15465,50.3916],[4.1546,50.39212],[4.15497,50.39222],[4.15537,50.39183],[4.15522,50.39066],[4.15644,50.3904],[4.15657,50.39068],[4.15835,50.39031],[4.15817,50.38942],[4.15751,50.38837],[4.15865,50.38794],[4.15945,50.38916],[4.16229,50.38856],[4.16311,50.38855],[4.16394,50.38827],[4.16569,50.38699],[4.16764,50.38677],[4.1682,50.38652],[4.16851,50.38584],[4.16831,50.38548],[4.1675,50.38495],[4.166,50.38535],[4.16516,50.38446],[4.16422,50.38385],[4.1634,50.38297],[4.16468,50.3821],[4.16552,50.38182],[4.16666,50.38206],[4.16849,50.38214],[4.17201,50.38177],[4.17341,50.38199],[4.17568,50.38132],[4.17864,50.38036],[4.1792,50.38014],[4.18084,50.37921],[4.18143,50.37902],[4.18309,50.37885],[4.18434,50.37834],[4.18569,50.37754],[4.18549,50.37717],[4.1801,50.3625],[4.17998,50.36228],[4.18064,50.36203],[4.18122,50.36146],[4.18073,50.36078],[4.18205,50.36091],[4.18251,50.36065],[4.18261,50.36032],[4.18143,50.35944],[4.18186,50.3592],[4.18122,50.35873],[4.18167,50.35823],[4.18225,50.35781],[4.18271,50.35819],[4.18429,50.35777],[4.18353,50.3571],[4.18249,50.35668],[4.18193,50.3562],[4.18479,50.35483],[4.1858,50.35396],[4.18677,50.3534],[4.18623,50.35267],[4.18593,50.3519],[4.18579,50.35103],[4.18687,50.35075],[4.19082,50.34946],[4.19142,50.34933],[4.19312,50.35047],[4.19445,50.35113],[4.19643,50.35241],[4.19607,50.35282],[4.19617,50.35323],[4.19629,50.35533],[4.19621,50.35597],[4.19539,50.35638],[4.19511,50.35684],[4.19518,50.35767],[4.1955,50.35861],[4.19456,50.36005],[4.19612,50.36044],[4.19687,50.361],[4.198,50.362],[4.20157,50.36282],[4.20175,50.36272],[4.20265,50.36309],[4.20334,50.36325],[4.204,50.36249],[4.20476,50.36202],[4.20506,50.36168],[4.20477,50.36131],[4.20388,50.36063],[4.20411,50.36049],[4.20526,50.36067],[4.20639,50.36076],[4.20752,50.36101],[4.20963,50.36207],[4.21036,50.3623],[4.21266,50.3634],[4.21352,50.36386],[4.21366,50.36435],[4.21413,50.36476],[4.21574,50.36453],[4.21737,50.36356],[4.2177,50.36326],[4.21757,50.36263],[4.21922,50.36148],[4.22154,50.36083],[4.2217,50.36091],[4.22419,50.36034],[4.22654,50.3597],[4.22639,50.35885],[4.2277,50.35825],[4.22813,50.35782],[4.22922,50.35709],[4.22986,50.35689],[4.23069,50.35704],[4.23103,50.35688],[4.23185,50.35702],[4.23361,50.35711],[4.23424,50.35706],[4.23449,50.35792],[4.23482,50.35824],[4.23398,50.35924],[4.23343,50.35956],[4.23362,50.35977],[4.23358,50.36057],[4.23303,50.36076],[4.23292,50.3611],[4.23178,50.36121],[4.23191,50.36148],[4.23111,50.36178],[4.23122,50.36215],[4.23087,50.3623],[4.23128,50.36261],[4.23187,50.36262],[4.23217,50.36303],[4.2298,50.36395],[4.22904,50.3642],[4.22554,50.36561],[4.22068,50.3675],[4.22174,50.36874],[4.22213,50.3695],[4.22301,50.37064],[4.22307,50.3717],[4.22483,50.37164],[4.22502,50.37224],[4.22577,50.37309],[4.22632,50.37333],[4.22627,50.37446],[4.2268,50.37462],[4.22692,50.37539],[4.2265,50.37593],[4.22578,50.37617],[4.22458,50.37623],[4.22396,50.37554],[4.22342,50.37472],[4.22233,50.37441],[4.22137,50.37426],[4.22135,50.37534],[4.22058,50.37531],[4.21984,50.37584],[4.22059,50.37668],[4.22129,50.3773],[4.22238,50.37853],[4.22266,50.37914],[4.22388,50.38048],[4.22432,50.38087],[4.2252,50.3814],[4.22656,50.38041],[4.22748,50.37985],[4.22856,50.37983],[4.23033,50.3796],[4.23117,50.38062],[4.23438,50.37949],[4.23668,50.37871],[4.23763,50.37809],[4.23862,50.3773],[4.23884,50.37776],[4.24275,50.3809],[4.24164,50.38123],[4.23863,50.38231],[4.2399,50.38384],[4.23814,50.38453],[4.23771,50.38511],[4.23784,50.38595],[4.23556,50.3872],[4.23491,50.38774],[4.23389,50.38814],[4.2327,50.38826],[4.23215,50.38845],[4.23306,50.38947],[4.23485,50.39128],[4.23592,50.39248],[4.23656,50.39306],[4.23785,50.39461],[4.23886,50.39821],[4.2396,50.39937],[4.24003,50.39983],[4.24022,50.40035],[4.23894,50.40101],[4.23799,50.4013],[4.23827,50.40192],[4.23907,50.40281],[4.23765,50.40352],[4.23527,50.40519],[4.23417,50.4058],[4.2331,50.40625],[4.23105,50.40696],[4.22993,50.40725],[4.22786,50.40802],[4.22786,50.40846],[4.22945,50.40839],[4.2312,50.40857],[4.23334,50.40873],[4.23538,50.40911],[4.23698,50.4096],[4.24026,50.41073],[4.24256,50.41112],[4.24432,50.41104],[4.24505,50.41159],[4.24585,50.41152],[4.24645,50.41219],[4.2475,50.41315],[4.24696,50.41325],[4.24779,50.41463],[4.24831,50.41608],[4.24838,50.4168],[4.24863,50.41728],[4.24852,50.41773],[4.2491,50.41828],[4.25049,50.41939],[4.25147,50.42053],[4.25155,50.42106],[4.25223,50.42174],[4.25237,50.4221],[4.2522,50.4225],[4.25246,50.42274],[4.25231,50.42352],[4.25073,50.42322],[4.24898,50.42324],[4.24686,50.42291],[4.24491,50.42265],[4.24374,50.42237],[4.24327,50.42243],[4.24282,50.42277],[4.24212,50.42238],[4.24126,50.42208],[4.23839,50.42195],[4.23575,50.42193],[4.23295,50.42215],[4.23296,50.42261],[4.23355,50.42466],[4.23176,50.42488],[4.23033,50.42538],[4.22787,50.42729],[4.2269,50.42848],[4.22495,50.42823],[4.22402,50.4297],[4.22339,50.43003],[4.22117,50.42971],[4.22066,50.43126],[4.22043,50.43173],[4.21904,50.43377],[4.2153,50.43743],[4.21352,50.43903],[4.20655,50.43656],[4.2025,50.43509],[4.20196,50.4354],[4.20142,50.4359],[4.19957,50.43716],[4.19802,50.43812],[4.19697,50.43898],[4.19548,50.44034],[4.19382,50.44158],[4.19262,50.4428],[4.19186,50.44276],[4.19146,50.44241],[4.18673,50.44119],[4.18503,50.44104],[4.18443,50.44109],[4.18257,50.44064],[4.1814,50.44218],[4.18101,50.44304],[4.18065,50.44473],[4.18049,50.44503],[4.17951,50.4448],[4.17887,50.44558],[4.17848,50.4454],[4.17668,50.44688],[4.17565,50.44652],[4.1753,50.44679],[4.16162,50.4406],[4.16164,50.44101],[4.1613,50.44212],[4.1595,50.44195],[4.15918,50.4431],[4.15777,50.44286],[4.15622,50.44227],[4.15571,50.44335],[4.15453,50.44451],[4.15357,50.44292],[4.15129,50.44374],[4.15026,50.44426],[4.14446,50.44197],[4.1419,50.44363],[4.14063,50.44313],[4.14122,50.44273],[4.13953,50.44122],[4.14007,50.4409],[4.14035,50.4405],[4.14033,50.4392],[4.13807,50.43896],[4.13755,50.4401],[4.13527,50.43936],[4.13482,50.43978],[4.13165,50.43817],[4.12862,50.43637],[4.12677,50.43547],[4.12728,50.43502],[4.12619,50.43427],[4.12532,50.43495],[4.12402,50.43423],[4.12331,50.4347],[4.12081,50.43329],[4.12026,50.43374],[4.11946,50.43407],[4.11869,50.4342],[4.11851,50.43408],[4.11736,50.43472],[4.11754,50.43484],[4.11629,50.43594],[4.11612,50.43581],[4.11496,50.43665],[4.11399,50.43714],[4.11274,50.43762],[4.11296,50.43835],[4.11339,50.43873],[4.11244,50.43931],[4.11036,50.4378],[4.10888,50.43841],[4.10918,50.43867],[4.10688,50.43946],[4.10588,50.43784],[4.10472,50.43822],[4.10363,50.43795],[4.10355,50.43815],[4.10228,50.43774],[4.10346,50.43627],[4.10101,50.43583],[4.10132,50.43524],[4.0998,50.43497],[4.09932,50.43574],[4.09817,50.43656],[4.0973,50.43728],[4.09635,50.43795],[4.09517,50.43851],[4.09426,50.43872],[4.09171,50.43886],[4.09115,50.43899],[4.09018,50.43951],[4.08919,50.4397],[4.08903,50.43953],[4.08746,50.43976],[4.08611,50.43988],[4.08534,50.44009],[4.08334,50.44082],[4.08294,50.44089],[4.08137,50.44082],[4.08093,50.44005],[4.08042,50.43975],[4.07899,50.4408],[4.07758,50.43979],[4.07681,50.44024],[4.07554,50.44054],[4.07223,50.44123],[4.07218,50.44096],[4.06897,50.44153],[4.06752,50.44191],[4.06485,50.44241],[4.06377,50.44178],[4.06324,50.44189],[4.06258,50.44085],[4.06075,50.44164],[4.06012,50.44093],[4.05934,50.43957],[4.05814,50.43958],[4.05758,50.43967],[4.05694,50.43794],[4.05751,50.43783],[4.05661,50.43644],[4.05807,50.4356],[4.05781,50.43511],[4.05585,50.43405],[4.05738,50.43266],[4.0563,50.43141],[4.05646,50.43136],[4.05601,50.43076],[4.05857,50.43049]]]}},{"type":"Feature","id":"58003","bbox":[4.02738,50.329785,4.185689,50.43049],"properties":{"nis":"58003","name":"Estinnes","nameNl":"Estinnes","nameFr":"Estinnes","nameDe":"Estinnes","province":"hainaut","region":"wallonia","areaKm2":73.05},"geometry":{"type":"Polygon","coordinates":[[[4.05857,50.43049],[4.0583,50.43001],[4.05888,50.42993],[4.05865,50.42666],[4.06033,50.42626],[4.05976,50.42487],[4.06104,50.42451],[4.05911,50.42121],[4.05654,50.42182],[4.0542,50.41904],[4.05356,50.41939],[4.05253,50.41831],[4.05264,50.418],[4.05224,50.41778],[4.04996,50.41832],[4.04849,50.41878],[4.04806,50.41838],[4.04743,50.41731],[4.04947,50.41701],[4.04903,50.41603],[4.05003,50.41578],[4.04934,50.41417],[4.05082,50.41376],[4.04869,50.41178],[4.05037,50.41071],[4.04745,50.40909],[4.04638,50.40981],[4.04535,50.4093],[4.04752,50.40732],[4.04069,50.40529],[4.03961,50.40496],[4.04124,50.40314],[4.03938,50.40269],[4.04091,50.40097],[4.04212,50.40167],[4.04358,50.40061],[4.04122,50.39906],[4.04188,50.39869],[4.04018,50.39694],[4.04181,50.39644],[4.04045,50.39502],[4.04495,50.39194],[4.04539,50.39171],[4.04497,50.39135],[4.04549,50.38873],[4.04591,50.38754],[4.04665,50.38606],[4.04749,50.38459],[4.04841,50.38483],[4.0493,50.38488],[4.04997,50.38382],[4.05044,50.38323],[4.05169,50.38228],[4.05363,50.38106],[4.05029,50.3799],[4.0491,50.37944],[4.0499,50.37835],[4.05016,50.37776],[4.05108,50.37713],[4.05165,50.37637],[4.05241,50.37586],[4.05316,50.37436],[4.05308,50.37323],[4.05348,50.37219],[4.05416,50.37145],[4.05504,50.36999],[4.05196,50.36952],[4.05258,50.36838],[4.05024,50.36796],[4.05036,50.36727],[4.05063,50.36684],[4.04766,50.36606],[4.04607,50.36525],[4.04891,50.36328],[4.05132,50.36168],[4.0497,50.3606],[4.04859,50.35998],[4.04604,50.35882],[4.04587,50.35896],[4.04463,50.35935],[4.04497,50.35997],[4.04034,50.36138],[4.03971,50.36022],[4.03938,50.35912],[4.04045,50.3585],[4.04122,50.35795],[4.03222,50.35868],[4.02892,50.3591],[4.02871,50.35873],[4.02805,50.35837],[4.02782,50.35767],[4.02738,50.35702],[4.02772,50.35719],[4.02828,50.3569],[4.03062,50.35505],[4.03128,50.35417],[4.03141,50.35365],[4.03125,50.35315],[4.03196,50.35233],[4.03234,50.35346],[4.03251,50.35329],[4.03266,50.35225],[4.032,50.35147],[4.03216,50.35118],[4.03359,50.35101],[4.03389,50.35063],[4.03359,50.35051],[4.03363,50.34937],[4.03497,50.34832],[4.03343,50.34709],[4.03477,50.34641],[4.03611,50.34534],[4.03653,50.34492],[4.03606,50.34366],[4.0375,50.34306],[4.03891,50.34224],[4.03873,50.34204],[4.04087,50.34066],[4.04255,50.3399],[4.04277,50.34009],[4.04465,50.34169],[4.04574,50.34117],[4.04754,50.34316],[4.04801,50.34386],[4.04946,50.34399],[4.04944,50.34462],[4.05053,50.34481],[4.05065,50.34627],[4.05165,50.34623],[4.05474,50.3465],[4.0572,50.34695],[4.05705,50.34718],[4.05941,50.3481],[4.06075,50.34692],[4.0629,50.34841],[4.06393,50.34712],[4.06506,50.34767],[4.06472,50.34803],[4.06658,50.34963],[4.0697,50.34832],[4.07104,50.34969],[4.07291,50.34814],[4.07451,50.34711],[4.07534,50.34671],[4.07676,50.34576],[4.0765,50.34562],[4.07789,50.34483],[4.07891,50.34376],[4.07976,50.34321],[4.08107,50.34203],[4.08238,50.34059],[4.0836,50.33947],[4.08484,50.33803],[4.08474,50.33797],[4.08612,50.33695],[4.08605,50.3369],[4.08755,50.3358],[4.08935,50.33428],[4.09019,50.33345],[4.09188,50.33209],[4.09284,50.3325],[4.0945,50.33297],[4.09652,50.33418],[4.09755,50.33491],[4.09717,50.3353],[4.09937,50.33614],[4.1008,50.33486],[4.10258,50.33364],[4.10508,50.33185],[4.10727,50.33267],[4.10754,50.33241],[4.11118,50.33175],[4.11138,50.33204],[4.11317,50.3314],[4.11381,50.33059],[4.11647,50.33093],[4.12063,50.33088],[4.12128,50.33077],[4.12484,50.33131],[4.12708,50.33129],[4.12815,50.33114],[4.13166,50.33045],[4.1327,50.32979],[4.13256,50.33055],[4.13448,50.33167],[4.13512,50.3323],[4.13518,50.33317],[4.13577,50.33469],[4.13638,50.33517],[4.13819,50.33575],[4.13853,50.33597],[4.13766,50.33659],[4.14004,50.33806],[4.14119,50.33721],[4.14364,50.33867],[4.14325,50.33896],[4.14414,50.3395],[4.14497,50.34055],[4.14387,50.34103],[4.14389,50.34135],[4.14483,50.34133],[4.14708,50.34246],[4.14626,50.34284],[4.14581,50.34318],[4.14678,50.34367],[4.14651,50.34394],[4.14712,50.34428],[4.15154,50.34522],[4.15184,50.3449],[4.15288,50.34507],[4.15295,50.3481],[4.15316,50.35064],[4.15293,50.35265],[4.15293,50.35326],[4.15179,50.3534],[4.15183,50.35463],[4.15167,50.35524],[4.15087,50.35506],[4.15022,50.35586],[4.15188,50.35614],[4.1516,50.3573],[4.15082,50.35771],[4.14984,50.35729],[4.14973,50.35701],[4.14833,50.35719],[4.14861,50.35837],[4.15012,50.35835],[4.15013,50.35956],[4.14979,50.36067],[4.15276,50.36218],[4.15371,50.36271],[4.15301,50.3633],[4.1539,50.36381],[4.15436,50.36466],[4.15547,50.36548],[4.15711,50.36491],[4.15889,50.36625],[4.15931,50.36675],[4.16017,50.36661],[4.16086,50.36617],[4.16175,50.36536],[4.16208,50.36524],[4.16369,50.36546],[4.16519,50.36476],[4.16587,50.36497],[4.16649,50.36451],[4.16766,50.36548],[4.16842,50.36565],[4.16926,50.36612],[4.17022,50.36591],[4.17045,50.36609],[4.17172,50.36546],[4.17237,50.36623],[4.173,50.36616],[4.17291,50.36575],[4.17382,50.3652],[4.17568,50.36475],[4.1763,50.36549],[4.17692,50.36567],[4.17734,50.3656],[4.17722,50.36496],[4.17771,50.36475],[4.17847,50.36474],[4.17824,50.36357],[4.17856,50.36274],[4.17896,50.36267],[4.17965,50.3629],[4.1801,50.3625],[4.18549,50.37717],[4.18569,50.37754],[4.18434,50.37834],[4.18309,50.37885],[4.18143,50.37902],[4.18084,50.37921],[4.1792,50.38014],[4.17864,50.38036],[4.17568,50.38132],[4.17341,50.38199],[4.17201,50.38177],[4.16849,50.38214],[4.16666,50.38206],[4.16552,50.38182],[4.16468,50.3821],[4.1634,50.38297],[4.16422,50.38385],[4.16516,50.38446],[4.166,50.38535],[4.1675,50.38495],[4.16831,50.38548],[4.16851,50.38584],[4.1682,50.38652],[4.16764,50.38677],[4.16569,50.38699],[4.16394,50.38827],[4.16311,50.38855],[4.16229,50.38856],[4.15945,50.38916],[4.15865,50.38794],[4.15751,50.38837],[4.15817,50.38942],[4.15835,50.39031],[4.15657,50.39068],[4.15644,50.3904],[4.15522,50.39066],[4.15537,50.39183],[4.15497,50.39222],[4.1546,50.39212],[4.15465,50.3916],[4.15163,50.39222],[4.151,50.39118],[4.14993,50.39159],[4.14685,50.39229],[4.14634,50.39289],[4.14458,50.39375],[4.1447,50.39426],[4.14379,50.39446],[4.14307,50.39476],[4.14138,50.39429],[4.14094,50.3935],[4.13994,50.39425],[4.13981,50.39451],[4.13873,50.39498],[4.13803,50.39447],[4.1375,50.39393],[4.13732,50.39339],[4.13757,50.39283],[4.13664,50.39281],[4.13661,50.39343],[4.13552,50.39344],[4.13563,50.39451],[4.13539,50.39521],[4.13494,50.39578],[4.13445,50.39675],[4.13445,50.39706],[4.13295,50.39608],[4.13195,50.39557],[4.13157,50.39635],[4.13116,50.39679],[4.12957,50.3959],[4.12727,50.39685],[4.12696,50.39707],[4.12764,50.39759],[4.12718,50.39803],[4.12839,50.39888],[4.12783,50.39912],[4.12803,50.39944],[4.12661,50.4],[4.127,50.40038],[4.12555,50.4007],[4.12641,50.4016],[4.12595,50.40174],[4.12637,50.40232],[4.12752,50.40365],[4.12737,50.40375],[4.12973,50.40501],[4.12892,50.4056],[4.13078,50.4065],[4.13013,50.40688],[4.13244,50.40817],[4.13102,50.40924],[4.12897,50.41097],[4.12955,50.41122],[4.1316,50.41228],[4.13082,50.41297],[4.13112,50.41312],[4.13041,50.41377],[4.13058,50.41384],[4.13005,50.41479],[4.13233,50.41483],[4.13171,50.41604],[4.1313,50.41718],[4.12956,50.41692],[4.1293,50.41713],[4.13,50.41745],[4.12861,50.41901],[4.12952,50.41927],[4.13363,50.41957],[4.11385,50.4247],[4.1129,50.42498],[4.11025,50.42601],[4.10942,50.42628],[4.10854,50.42642],[4.10609,50.42655],[4.0774,50.42854],[4.07491,50.42878],[4.06429,50.4299],[4.05857,50.43049]]]}},{"type":"Feature","id":"58004","bbox":[4.19697,50.42193,4.283124,50.474767],"properties":{"nis":"58004","name":"Morlanwelz","nameNl":"Morlanwelz","nameFr":"Morlanwelz","nameDe":"Morlanwelz","province":"hainaut","region":"wallonia","areaKm2":20.31},"geometry":{"type":"Polygon","coordinates":[[[4.26315,50.42538],[4.26275,50.42568],[4.26199,50.42663],[4.26362,50.42679],[4.26492,50.42709],[4.26632,50.42773],[4.26689,50.42774],[4.26722,50.42812],[4.26787,50.42836],[4.26831,50.42835],[4.26866,50.42863],[4.26818,50.42941],[4.268,50.43037],[4.26829,50.43179],[4.26819,50.43251],[4.26733,50.4328],[4.26654,50.43342],[4.2662,50.43416],[4.26675,50.43474],[4.26764,50.43534],[4.26829,50.43611],[4.26833,50.43732],[4.26863,50.4385],[4.26884,50.43877],[4.27052,50.43838],[4.27111,50.43831],[4.27143,50.43976],[4.27146,50.44098],[4.27248,50.44142],[4.27147,50.44262],[4.27139,50.44281],[4.27219,50.44295],[4.27291,50.44292],[4.27388,50.4433],[4.2785,50.44384],[4.27843,50.44456],[4.27759,50.45032],[4.27944,50.4507],[4.28127,50.45086],[4.28312,50.45134],[4.28143,50.4523],[4.27935,50.45327],[4.27878,50.45363],[4.27798,50.45441],[4.27623,50.45551],[4.27474,50.45603],[4.27027,50.45883],[4.26969,50.45936],[4.26911,50.46108],[4.26859,50.46342],[4.26843,50.4636],[4.26839,50.46665],[4.26769,50.4676],[4.26762,50.46795],[4.26723,50.46805],[4.26773,50.46917],[4.26769,50.46983],[4.26797,50.47074],[4.26795,50.47127],[4.26769,50.47156],[4.26687,50.47122],[4.26581,50.47096],[4.26483,50.47038],[4.26349,50.46936],[4.26178,50.46873],[4.25874,50.46959],[4.25676,50.46923],[4.25611,50.47037],[4.25365,50.47114],[4.25447,50.47176],[4.25432,50.47281],[4.25466,50.47309],[4.2538,50.47286],[4.2516,50.47447],[4.25063,50.47477],[4.24954,50.47419],[4.24894,50.47303],[4.24807,50.47337],[4.24739,50.47284],[4.24632,50.47354],[4.24576,50.4732],[4.2454,50.47276],[4.24101,50.47408],[4.23278,50.46979],[4.23255,50.46945],[4.23124,50.46901],[4.23127,50.46859],[4.23081,50.46836],[4.23028,50.46752],[4.22916,50.46656],[4.2293,50.46641],[4.22863,50.46608],[4.22878,50.46585],[4.22233,50.46509],[4.22197,50.46496],[4.2219,50.46561],[4.22123,50.46558],[4.22123,50.46599],[4.22084,50.46555],[4.21806,50.46547],[4.21797,50.46541],[4.21776,50.46526],[4.2174,50.4644],[4.217,50.46379],[4.21897,50.46424],[4.21965,50.46377],[4.21885,50.46328],[4.21965,50.46247],[4.21737,50.46154],[4.21776,50.4611],[4.21661,50.46085],[4.21425,50.46075],[4.21646,50.46032],[4.2176,50.46003],[4.21856,50.45898],[4.21796,50.45779],[4.21713,50.45521],[4.21682,50.45526],[4.2166,50.45456],[4.21553,50.45461],[4.21663,50.45353],[4.21653,50.45268],[4.21594,50.45208],[4.21532,50.45211],[4.21419,50.45173],[4.21416,50.45116],[4.21458,50.45073],[4.21376,50.45036],[4.21317,50.45052],[4.21235,50.44854],[4.21268,50.44858],[4.21247,50.44754],[4.21128,50.44758],[4.21132,50.44686],[4.21026,50.44652],[4.21063,50.44481],[4.20818,50.4446],[4.20833,50.44385],[4.20704,50.44372],[4.20744,50.44228],[4.20645,50.44177],[4.2063,50.44206],[4.20447,50.44175],[4.1986,50.44044],[4.19894,50.43944],[4.19697,50.43898],[4.19802,50.43812],[4.19957,50.43716],[4.20142,50.4359],[4.20196,50.4354],[4.2025,50.43509],[4.20655,50.43656],[4.21352,50.43903],[4.2153,50.43743],[4.21904,50.43377],[4.22043,50.43173],[4.22066,50.43126],[4.22117,50.42971],[4.22339,50.43003],[4.22402,50.4297],[4.22495,50.42823],[4.2269,50.42848],[4.22787,50.42729],[4.23033,50.42538],[4.23176,50.42488],[4.23355,50.42466],[4.23296,50.42261],[4.23295,50.42215],[4.23575,50.42193],[4.23839,50.42195],[4.24126,50.42208],[4.24212,50.42238],[4.24282,50.42277],[4.24327,50.42243],[4.24374,50.42237],[4.24491,50.42265],[4.24686,50.42291],[4.24898,50.42324],[4.25073,50.42322],[4.25231,50.42352],[4.25263,50.42389],[4.25477,50.42447],[4.25647,50.42469],[4.25853,50.42442],[4.25979,50.42475],[4.26315,50.42538]]]}}]}