{"type":"FeatureCollection","bbox":[4.979307,50.129485,6.408097,50.812122],"license":"Open Database License (ODbL) v1.0","attribution":"© OpenStreetMap contributors","generatedAt":"2026-09-20T12:46:12.453Z","features":[{"type":"Feature","id":"61003","bbox":[5.261891,50.516307,5.350226,50.591873],"properties":{"nis":"61003","name":"Amay","nameNl":"Amay","nameFr":"Amay","nameDe":"Amay","province":"liege","region":"wallonia","areaKm2":27.57},"geometry":{"type":"Polygon","coordinates":[[[5.34617,50.56077],[5.34529,50.56186],[5.34521,50.56211],[5.34528,50.56307],[5.34404,50.56354],[5.34402,50.56406],[5.34522,50.56601],[5.34737,50.56563],[5.34902,50.56585],[5.35023,50.56639],[5.34912,50.56845],[5.34857,50.56999],[5.34823,50.57066],[5.34747,50.57142],[5.3459,50.57348],[5.3434,50.57581],[5.34304,50.57667],[5.34353,50.57716],[5.34332,50.57794],[5.34407,50.57842],[5.34416,50.57877],[5.34213,50.58002],[5.34216,50.58014],[5.3414,50.58159],[5.34039,50.58324],[5.33998,50.58374],[5.33924,50.5842],[5.33851,50.58434],[5.33797,50.58468],[5.33646,50.58614],[5.33173,50.58893],[5.33033,50.58957],[5.32994,50.58966],[5.32996,50.59027],[5.32787,50.59091],[5.3262,50.59187],[5.3262,50.58931],[5.32491,50.58922],[5.32336,50.58928],[5.32264,50.58807],[5.32085,50.58369],[5.31693,50.58183],[5.31244,50.58018],[5.30819,50.57876],[5.3087,50.57785],[5.30851,50.57777],[5.30626,50.57768],[5.30516,50.57784],[5.30473,50.5781],[5.30439,50.57871],[5.3021,50.57823],[5.30179,50.57802],[5.30154,50.57748],[5.30177,50.57669],[5.30228,50.57587],[5.30103,50.57605],[5.30066,50.57626],[5.29574,50.57414],[5.2939,50.57558],[5.29279,50.57617],[5.29342,50.57678],[5.29267,50.57708],[5.29208,50.57677],[5.29188,50.57649],[5.29029,50.57537],[5.28957,50.57576],[5.28887,50.57513],[5.28875,50.57468],[5.28839,50.5744],[5.2873,50.57433],[5.28655,50.57408],[5.28617,50.57374],[5.28615,50.57338],[5.28568,50.57246],[5.28543,50.57136],[5.28603,50.57012],[5.28852,50.57001],[5.28749,50.56952],[5.2852,50.56876],[5.28573,50.56769],[5.28642,50.56714],[5.28816,50.56722],[5.28791,50.56661],[5.28822,50.56617],[5.28793,50.56606],[5.28647,50.56456],[5.2859,50.5646],[5.28643,50.56331],[5.28595,50.56304],[5.28592,50.56268],[5.28557,50.56264],[5.28467,50.56162],[5.28382,50.56144],[5.2836,50.56092],[5.28323,50.56086],[5.28261,50.56011],[5.2824,50.56031],[5.28213,50.55991],[5.28139,50.55988],[5.28095,50.55943],[5.2812,50.55906],[5.28075,50.55889],[5.28113,50.55746],[5.28091,50.55689],[5.28112,50.55633],[5.2808,50.55595],[5.2798,50.55566],[5.27918,50.55568],[5.27879,50.55526],[5.27825,50.5552],[5.2781,50.55481],[5.27745,50.55448],[5.27718,50.55378],[5.27624,50.55327],[5.27501,50.55282],[5.27293,50.55255],[5.27119,50.55218],[5.26935,50.5514],[5.26858,50.55133],[5.26629,50.55179],[5.26561,50.55187],[5.26543,50.55169],[5.26365,50.55102],[5.26349,50.54921],[5.26291,50.54826],[5.26375,50.54748],[5.26202,50.54491],[5.26189,50.54436],[5.26218,50.54363],[5.26298,50.54221],[5.26331,50.54193],[5.26338,50.54143],[5.26288,50.54095],[5.26295,50.54047],[5.26253,50.54017],[5.26226,50.53964],[5.2625,50.53873],[5.26246,50.5383],[5.26245,50.53757],[5.26486,50.53743],[5.2651,50.53672],[5.26892,50.53701],[5.2744,50.537],[5.27721,50.53665],[5.28289,50.53578],[5.2903,50.53449],[5.29474,50.53367],[5.2978,50.53281],[5.30096,50.5325],[5.30119,50.53004],[5.30113,50.5294],[5.30265,50.52822],[5.30452,50.52639],[5.30499,50.52615],[5.30652,50.52507],[5.30705,50.52428],[5.3083,50.52458],[5.3093,50.52459],[5.31114,50.52426],[5.31294,50.52296],[5.31458,50.52142],[5.3143,50.52091],[5.31422,50.51981],[5.31567,50.51851],[5.31637,50.51765],[5.31322,50.51631],[5.32345,50.51703],[5.32375,50.51694],[5.32406,50.51651],[5.32468,50.51653],[5.32519,50.51767],[5.32601,50.51855],[5.3278,50.51944],[5.32975,50.52047],[5.33181,50.52132],[5.33373,50.52203],[5.3352,50.52266],[5.33617,50.52293],[5.33745,50.52311],[5.3382,50.52341],[5.3387,50.52397],[5.33923,50.52528],[5.33943,50.52552],[5.33874,50.5259],[5.33771,50.5261],[5.33776,50.52639],[5.33702,50.52677],[5.33654,50.52676],[5.33569,50.52744],[5.33573,50.52765],[5.33643,50.52757],[5.33678,50.52823],[5.33721,50.5285],[5.33827,50.52981],[5.33837,50.53044],[5.3391,50.53141],[5.33887,50.53183],[5.33931,50.53234],[5.33931,50.53308],[5.33976,50.53317],[5.34022,50.53374],[5.34096,50.53386],[5.34077,50.53431],[5.341,50.5346],[5.34224,50.53494],[5.34242,50.53532],[5.34328,50.5357],[5.34152,50.53643],[5.34155,50.53685],[5.34128,50.53757],[5.34053,50.53837],[5.3395,50.54049],[5.33908,50.54103],[5.33987,50.54127],[5.34049,50.54161],[5.33932,50.54225],[5.33818,50.54437],[5.33767,50.54485],[5.33731,50.54485],[5.33672,50.54603],[5.33503,50.54641],[5.33509,50.547],[5.33467,50.54863],[5.33372,50.55142],[5.33351,50.55266],[5.33356,50.55385],[5.33419,50.55517],[5.33511,50.55593],[5.33685,50.55696],[5.34078,50.5588],[5.34617,50.56077]]]}},{"type":"Feature","id":"61010","bbox":[5.027458,50.555345,5.166915,50.6082],"properties":{"nis":"61010","name":"Burdinne","nameNl":"Burdinne","nameFr":"Burdinne","nameDe":"Burdinne","province":"liege","region":"wallonia","areaKm2":32.51},"geometry":{"type":"Polygon","coordinates":[[[5.05115,50.55535],[5.05138,50.55542],[5.05272,50.55749],[5.05427,50.56002],[5.05434,50.56063],[5.05413,50.56143],[5.05376,50.5618],[5.05408,50.56189],[5.05356,50.56334],[5.05342,50.5635],[5.05376,50.56453],[5.05413,50.56482],[5.05469,50.56572],[5.05566,50.56701],[5.05617,50.56688],[5.05681,50.56779],[5.06543,50.56554],[5.06966,50.5633],[5.07348,50.56303],[5.07842,50.56083],[5.0797,50.55952],[5.08114,50.55829],[5.08178,50.55833],[5.08216,50.55875],[5.08331,50.55941],[5.08416,50.55999],[5.08519,50.56054],[5.08513,50.56083],[5.08588,50.56234],[5.08576,50.56262],[5.08583,50.56342],[5.08636,50.56438],[5.08638,50.56479],[5.0878,50.56569],[5.08909,50.56675],[5.08894,50.56725],[5.08958,50.56767],[5.08999,50.5683],[5.09079,50.56863],[5.09067,50.56906],[5.09035,50.56899],[5.09072,50.56954],[5.09062,50.57071],[5.09083,50.5721],[5.09034,50.57238],[5.09071,50.57268],[5.09027,50.5729],[5.09039,50.57331],[5.09012,50.57406],[5.09197,50.57471],[5.09359,50.57565],[5.09475,50.57642],[5.09627,50.57794],[5.09718,50.57921],[5.09819,50.5788],[5.09934,50.57864],[5.10137,50.57803],[5.10582,50.57574],[5.10674,50.575],[5.11182,50.57246],[5.11245,50.57251],[5.11331,50.57054],[5.11417,50.57018],[5.11528,50.5694],[5.11576,50.56828],[5.116,50.5669],[5.11666,50.56568],[5.11746,50.56549],[5.11801,50.56517],[5.11837,50.56543],[5.11847,50.56584],[5.11941,50.5659],[5.12027,50.56671],[5.12423,50.56292],[5.12577,50.56311],[5.127,50.56316],[5.13089,50.56316],[5.13211,50.563],[5.13309,50.56279],[5.13355,50.56384],[5.13401,50.56457],[5.13478,50.56508],[5.13549,50.56579],[5.13951,50.56554],[5.14111,50.56509],[5.14155,50.56557],[5.14664,50.56631],[5.14643,50.56722],[5.14665,50.56746],[5.14994,50.56777],[5.15118,50.56779],[5.15117,50.56869],[5.15104,50.56945],[5.15394,50.56968],[5.15386,50.57],[5.15421,50.57028],[5.1552,50.57016],[5.15592,50.57024],[5.1579,50.57005],[5.15791,50.57053],[5.15961,50.57065],[5.16153,50.57061],[5.16115,50.57164],[5.16061,50.57154],[5.16013,50.57167],[5.16043,50.57217],[5.15996,50.57241],[5.15996,50.57271],[5.16029,50.57345],[5.16122,50.57434],[5.16175,50.57501],[5.16191,50.57569],[5.16187,50.57613],[5.16104,50.57712],[5.16019,50.57769],[5.16098,50.57757],[5.16257,50.57747],[5.16288,50.57719],[5.16423,50.57733],[5.16478,50.57764],[5.16561,50.5784],[5.16692,50.57905],[5.16675,50.57966],[5.16683,50.58032],[5.1655,50.58082],[5.1648,50.58123],[5.16402,50.58239],[5.16293,50.58337],[5.16422,50.58381],[5.16458,50.5841],[5.16489,50.58476],[5.16564,50.58549],[5.16463,50.58822],[5.16463,50.58894],[5.1638,50.59198],[5.16381,50.59238],[5.16351,50.59292],[5.16436,50.59312],[5.16351,50.59435],[5.16273,50.59485],[5.16307,50.5953],[5.16103,50.59676],[5.15902,50.59749],[5.15842,50.59801],[5.15784,50.59825],[5.15639,50.59852],[5.1552,50.59868],[5.15441,50.59905],[5.1526,50.60041],[5.15174,50.60098],[5.14883,50.60254],[5.14753,50.60303],[5.14547,50.60391],[5.14389,50.60472],[5.14208,50.60553],[5.14053,50.60643],[5.13735,50.6076],[5.13515,50.6082],[5.13435,50.60703],[5.1337,50.60622],[5.13194,50.60518],[5.13106,50.60437],[5.12937,50.60383],[5.12782,50.60314],[5.12597,50.60243],[5.12277,50.60132],[5.11988,50.59949],[5.11879,50.59886],[5.11756,50.59832],[5.11487,50.59771],[5.11286,50.59715],[5.10932,50.59339],[5.10805,50.59395],[5.1068,50.59475],[5.1044,50.59357],[5.10205,50.59549],[5.09801,50.59868],[5.09561,50.59907],[5.08296,50.59814],[5.08325,50.59969],[5.07573,50.59848],[5.0727,50.59912],[5.07186,50.60032],[5.07048,50.60261],[5.07036,50.60272],[5.0678,50.60277],[5.06734,50.60001],[5.06662,50.60026],[5.06424,50.60125],[5.0618,50.60253],[5.05928,50.59904],[5.05996,50.59868],[5.06038,50.59806],[5.06072,50.59712],[5.05974,50.5969],[5.05702,50.59551],[5.05526,50.59386],[5.05555,50.59369],[5.05508,50.59325],[5.05543,50.59315],[5.05471,50.59196],[5.0539,50.59197],[5.05206,50.58966],[5.05466,50.58893],[5.05359,50.58803],[5.04989,50.58928],[5.04808,50.58938],[5.04516,50.58888],[5.04497,50.58935],[5.04358,50.59091],[5.0395,50.59119],[5.03608,50.59123],[5.03434,50.59141],[5.03404,50.59162],[5.0301,50.59244],[5.02937,50.58998],[5.02865,50.5887],[5.02746,50.58587],[5.02757,50.58451],[5.03072,50.58382],[5.03281,50.58346],[5.0344,50.58231],[5.03252,50.58045],[5.03161,50.5799],[5.03021,50.57955],[5.0311,50.57436],[5.03187,50.57463],[5.03354,50.57062],[5.03975,50.56796],[5.04226,50.56596],[5.0449,50.56395],[5.04856,50.56111],[5.0442,50.55768],[5.04448,50.55738],[5.0465,50.55666],[5.05006,50.5556],[5.05115,50.55535]]]}},{"type":"Feature","id":"61012","bbox":[5.221103,50.364948,5.429414,50.461457],"properties":{"nis":"61012","name":"Clavier","nameNl":"Clavier","nameFr":"Clavier","nameDe":"Clavier","province":"liege","region":"wallonia","areaKm2":79.23},"geometry":{"type":"Polygon","coordinates":[[[5.42191,50.43061],[5.42175,50.43092],[5.42027,50.43297],[5.42146,50.43485],[5.42033,50.43648],[5.42069,50.43664],[5.42003,50.43745],[5.4203,50.43757],[5.41983,50.43809],[5.42136,50.43863],[5.42004,50.44007],[5.41637,50.44306],[5.41522,50.44511],[5.41489,50.44536],[5.40667,50.44362],[5.40288,50.44431],[5.40116,50.44429],[5.38428,50.44663],[5.38121,50.4486],[5.37822,50.44772],[5.37574,50.45047],[5.3699,50.45689],[5.36899,50.45647],[5.36798,50.45579],[5.36639,50.45714],[5.36521,50.45664],[5.36399,50.45763],[5.36192,50.45965],[5.36245,50.46022],[5.3621,50.46043],[5.36188,50.46087],[5.36125,50.46146],[5.3589,50.46053],[5.35598,50.45927],[5.35288,50.45826],[5.35054,50.45743],[5.34957,50.45835],[5.34855,50.45795],[5.34768,50.45871],[5.34579,50.45802],[5.34514,50.45906],[5.34471,50.45954],[5.34371,50.45915],[5.3439,50.45872],[5.34154,50.45796],[5.34162,50.45792],[5.33745,50.45649],[5.33763,50.45614],[5.33495,50.45522],[5.33484,50.45533],[5.33329,50.45487],[5.33178,50.45441],[5.33457,50.45022],[5.33396,50.45001],[5.33414,50.4491],[5.33382,50.44751],[5.33301,50.4473],[5.33246,50.44644],[5.33263,50.4455],[5.3305,50.44474],[5.32915,50.44411],[5.32937,50.44369],[5.32852,50.44349],[5.32788,50.44311],[5.32944,50.43992],[5.33037,50.43932],[5.33131,50.43974],[5.33179,50.43899],[5.32939,50.43763],[5.32973,50.43721],[5.32854,50.43671],[5.3309,50.43367],[5.32717,50.43199],[5.32504,50.43121],[5.31784,50.42984],[5.31767,50.42999],[5.31128,50.42773],[5.30849,50.42687],[5.30579,50.42614],[5.30432,50.42553],[5.30349,50.42574],[5.30069,50.42536],[5.30129,50.42383],[5.30005,50.42184],[5.29909,50.42128],[5.29874,50.42077],[5.28825,50.41797],[5.28816,50.41801],[5.2906,50.4196],[5.28494,50.42405],[5.27922,50.42853],[5.28019,50.43117],[5.2794,50.43232],[5.27345,50.43634],[5.27202,50.43755],[5.2706,50.43693],[5.26653,50.43486],[5.26391,50.43424],[5.26149,50.43569],[5.25717,50.43549],[5.25688,50.43572],[5.25599,50.43542],[5.25541,50.43577],[5.25267,50.43479],[5.25358,50.4342],[5.25314,50.43391],[5.25367,50.43355],[5.25251,50.43296],[5.2529,50.43268],[5.25117,50.43162],[5.24984,50.43263],[5.24785,50.43209],[5.2372,50.42703],[5.23695,50.42691],[5.23649,50.4262],[5.23502,50.4246],[5.23168,50.42297],[5.23094,50.42276],[5.23004,50.42224],[5.22298,50.4183],[5.2211,50.41728],[5.22394,50.41437],[5.22673,50.41141],[5.22955,50.40849],[5.23323,50.40688],[5.23368,50.40418],[5.2346,50.4039],[5.23693,50.40298],[5.24254,50.40269],[5.24833,50.4025],[5.2531,50.4008],[5.25387,50.40029],[5.25457,50.40062],[5.25502,50.40103],[5.25587,50.40132],[5.25687,50.40206],[5.25756,50.40226],[5.26002,50.40342],[5.26167,50.40199],[5.26145,50.40188],[5.26259,50.40102],[5.26389,50.40042],[5.26486,50.40061],[5.2682,50.40085],[5.26895,50.40076],[5.27043,50.39862],[5.27339,50.39894],[5.27446,50.39897],[5.27502,50.39795],[5.2749,50.3974],[5.27569,50.3959],[5.27577,50.39438],[5.28017,50.39649],[5.28684,50.39476],[5.28741,50.39451],[5.28655,50.39406],[5.28285,50.39154],[5.28293,50.39154],[5.28113,50.39025],[5.28055,50.39],[5.27925,50.38913],[5.28018,50.3875],[5.28089,50.38646],[5.28099,50.38252],[5.28105,50.37824],[5.28245,50.37742],[5.28217,50.37704],[5.2834,50.37615],[5.2848,50.3769],[5.28805,50.37434],[5.29306,50.36968],[5.29631,50.3665],[5.29717,50.36495],[5.30193,50.36771],[5.30576,50.36935],[5.30723,50.37031],[5.30874,50.37118],[5.31806,50.37285],[5.31905,50.37302],[5.33038,50.37768],[5.33738,50.38053],[5.34085,50.38298],[5.34536,50.38627],[5.34645,50.38651],[5.34997,50.38774],[5.35139,50.38837],[5.35504,50.38782],[5.35859,50.38725],[5.36261,50.38486],[5.36321,50.38404],[5.36217,50.3837],[5.36275,50.38198],[5.36146,50.3811],[5.36224,50.38129],[5.36345,50.38139],[5.36376,50.38133],[5.3641,50.38091],[5.36606,50.38111],[5.36659,50.38042],[5.36731,50.38004],[5.36837,50.37986],[5.37105,50.38036],[5.37122,50.38094],[5.3721,50.38119],[5.37232,50.38097],[5.37398,50.38172],[5.37493,50.38226],[5.37558,50.38249],[5.37579,50.38224],[5.37792,50.38321],[5.37922,50.3845],[5.37888,50.38483],[5.37855,50.38562],[5.38019,50.38672],[5.38256,50.38682],[5.38567,50.38522],[5.391,50.38241],[5.39294,50.37944],[5.39344,50.37931],[5.39503,50.38],[5.39596,50.38071],[5.39708,50.38095],[5.39722,50.38155],[5.39619,50.38222],[5.39554,50.38284],[5.39555,50.38366],[5.39641,50.38402],[5.39734,50.38471],[5.39805,50.38498],[5.39989,50.38606],[5.40032,50.3864],[5.40111,50.38629],[5.4015,50.38736],[5.40286,50.38818],[5.40372,50.38848],[5.40453,50.38891],[5.40668,50.39046],[5.40751,50.39076],[5.40786,50.39135],[5.40819,50.39135],[5.40875,50.39168],[5.40871,50.39188],[5.4095,50.39202],[5.40946,50.39222],[5.41003,50.39236],[5.41072,50.39199],[5.41147,50.3925],[5.41185,50.39252],[5.41269,50.39353],[5.41418,50.39401],[5.41476,50.39472],[5.41588,50.39553],[5.41658,50.39582],[5.41772,50.396],[5.41781,50.39622],[5.41964,50.39622],[5.42009,50.39639],[5.41992,50.39669],[5.42148,50.3971],[5.42171,50.39768],[5.42252,50.39774],[5.42287,50.3982],[5.42379,50.39859],[5.42519,50.39868],[5.42555,50.39906],[5.42644,50.39911],[5.42639,50.3994],[5.42724,50.4001],[5.42757,50.40078],[5.42736,50.4014],[5.42768,50.40228],[5.4285,50.40268],[5.42941,50.4028],[5.42864,50.40351],[5.42843,50.40523],[5.4278,50.40615],[5.42789,50.40642],[5.42614,50.40799],[5.42577,50.40789],[5.42513,50.40955],[5.42483,50.41096],[5.42429,50.41107],[5.42245,50.41236],[5.42228,50.41273],[5.42102,50.41295],[5.41884,50.41286],[5.41695,50.41236],[5.41607,50.41222],[5.41537,50.41224],[5.41159,50.41133],[5.41045,50.41125],[5.4091,50.41157],[5.40855,50.41205],[5.40778,50.41206],[5.40668,50.41224],[5.40645,50.41324],[5.4059,50.41379],[5.40875,50.41498],[5.40709,50.41675],[5.4074,50.41947],[5.40712,50.42126],[5.40652,50.42566],[5.41047,50.42742],[5.414,50.42844],[5.41869,50.42983],[5.41868,50.42998],[5.42191,50.43061]]]}},{"type":"Feature","id":"61019","bbox":[5.518648,50.365342,5.709338,50.460171],"properties":{"nis":"61019","name":"Ferrières","nameNl":"Ferrières","nameFr":"Ferrières","nameDe":"Ferrières","province":"liege","region":"wallonia","areaKm2":56.89},"geometry":{"type":"Polygon","coordinates":[[[5.52004,50.40777],[5.52011,50.40717],[5.52095,50.40697],[5.52118,50.40669],[5.52091,50.40616],[5.51871,50.40482],[5.51865,50.40395],[5.51875,50.40364],[5.51942,50.40287],[5.52219,50.40206],[5.52541,50.40164],[5.52735,50.4017],[5.53012,50.40319],[5.53245,50.40417],[5.53322,50.40412],[5.53473,50.40317],[5.53589,50.40218],[5.53648,50.40155],[5.53692,50.40068],[5.53629,50.39989],[5.53437,50.39911],[5.53238,50.39897],[5.53143,50.39884],[5.52997,50.3985],[5.52946,50.39825],[5.52891,50.39739],[5.52933,50.39589],[5.52998,50.39513],[5.53118,50.39419],[5.53267,50.39401],[5.53525,50.39317],[5.53598,50.39279],[5.53622,50.39247],[5.53602,50.39206],[5.53738,50.39196],[5.53856,50.3917],[5.53932,50.39113],[5.5407,50.39096],[5.5457,50.39049],[5.54769,50.38994],[5.54923,50.3902],[5.55047,50.3905],[5.55127,50.39047],[5.55385,50.38853],[5.55892,50.39069],[5.56242,50.39187],[5.56629,50.39431],[5.56679,50.39444],[5.56727,50.39396],[5.56884,50.39482],[5.56799,50.39556],[5.56776,50.39557],[5.56939,50.39636],[5.56925,50.39656],[5.57034,50.39699],[5.57044,50.3969],[5.57181,50.39719],[5.57206,50.39691],[5.57319,50.39717],[5.57436,50.39728],[5.57454,50.39691],[5.57637,50.39706],[5.5779,50.39732],[5.57869,50.39763],[5.58002,50.398],[5.58025,50.39762],[5.58227,50.39817],[5.58476,50.39902],[5.585,50.3987],[5.58615,50.39896],[5.58637,50.39938],[5.5868,50.39947],[5.58758,50.39923],[5.58866,50.39905],[5.58908,50.39869],[5.5914,50.39834],[5.59254,50.39821],[5.59298,50.39794],[5.59363,50.39819],[5.59428,50.39754],[5.59548,50.39652],[5.59604,50.39623],[5.59734,50.39501],[5.59672,50.39403],[5.59737,50.39355],[5.59898,50.39312],[5.59954,50.39284],[5.59956,50.39264],[5.60063,50.3923],[5.60158,50.39214],[5.60245,50.39211],[5.60305,50.39166],[5.604,50.39077],[5.60455,50.39045],[5.60603,50.38877],[5.60782,50.38684],[5.61299,50.38322],[5.61393,50.38249],[5.61429,50.38236],[5.62225,50.37982],[5.62682,50.37807],[5.62926,50.37717],[5.63502,50.3763],[5.6362,50.37604],[5.6373,50.37508],[5.63672,50.37496],[5.63679,50.37475],[5.63594,50.37464],[5.63579,50.3744],[5.6346,50.37414],[5.63451,50.37393],[5.63399,50.37399],[5.63299,50.37366],[5.63262,50.3734],[5.6321,50.37342],[5.6313,50.37278],[5.63094,50.37269],[5.63098,50.37229],[5.63061,50.37204],[5.63152,50.37175],[5.63139,50.37158],[5.63207,50.37164],[5.63359,50.37154],[5.63386,50.37169],[5.63563,50.37099],[5.63727,50.3703],[5.63814,50.3697],[5.63916,50.36925],[5.64081,50.36875],[5.64298,50.36783],[5.64567,50.36602],[5.64615,50.36581],[5.64742,50.36553],[5.65024,50.36552],[5.65402,50.36534],[5.65799,50.3656],[5.66119,50.36573],[5.66385,50.36604],[5.66508,50.36643],[5.66642,50.36668],[5.67035,50.36727],[5.67106,50.36749],[5.67315,50.36796],[5.67558,50.36845],[5.67583,50.3685],[5.67859,50.37277],[5.6817,50.37301],[5.68234,50.37301],[5.68446,50.37354],[5.68502,50.37378],[5.68584,50.37378],[5.68621,50.37395],[5.68842,50.37412],[5.69082,50.37463],[5.69371,50.37453],[5.69537,50.37428],[5.69753,50.37452],[5.70195,50.37454],[5.70222,50.37464],[5.70339,50.37469],[5.7041,50.37498],[5.7056,50.37503],[5.70671,50.37515],[5.7077,50.37515],[5.70851,50.37531],[5.70834,50.37597],[5.70899,50.37669],[5.7088,50.3772],[5.70894,50.37751],[5.70863,50.37805],[5.70894,50.37924],[5.70797,50.37934],[5.70731,50.37907],[5.70572,50.37867],[5.70496,50.37839],[5.70373,50.37879],[5.702,50.3798],[5.69911,50.38202],[5.69911,50.38302],[5.69889,50.38361],[5.69894,50.38392],[5.69992,50.38577],[5.70028,50.3868],[5.70084,50.38785],[5.70265,50.3885],[5.70317,50.38889],[5.70442,50.39042],[5.7049,50.39128],[5.70524,50.39245],[5.70528,50.39387],[5.70515,50.39517],[5.70534,50.39594],[5.70561,50.39644],[5.70666,50.39711],[5.70743,50.39775],[5.70803,50.39916],[5.70859,50.40005],[5.70934,50.40043],[5.70808,50.40162],[5.707,50.40235],[5.70651,50.40257],[5.70361,50.4034],[5.70258,50.40391],[5.70195,50.40312],[5.70149,50.40289],[5.70156,50.40257],[5.70126,50.40239],[5.70045,50.40096],[5.6998,50.40071],[5.69962,50.4003],[5.69925,50.39999],[5.69865,50.39991],[5.69847,50.39971],[5.69741,50.39953],[5.69603,50.39954],[5.69451,50.39915],[5.69428,50.39922],[5.69304,50.3992],[5.69239,50.39938],[5.69164,50.39996],[5.69135,50.3998],[5.69057,50.40012],[5.68978,50.40028],[5.68896,50.40021],[5.6884,50.40038],[5.68786,50.40079],[5.68707,50.4006],[5.68504,50.40033],[5.68486,50.40042],[5.68355,50.40012],[5.68259,50.39999],[5.68131,50.40038],[5.68069,50.40088],[5.68079,50.40103],[5.68011,50.4016],[5.67923,50.40161],[5.67871,50.40184],[5.67814,50.40173],[5.67717,50.4019],[5.67596,50.40233],[5.67587,50.40296],[5.67532,50.40338],[5.6748,50.40316],[5.67311,50.40311],[5.67185,50.40297],[5.67038,50.40251],[5.66883,50.40194],[5.66586,50.40094],[5.66666,50.39982],[5.66665,50.39887],[5.66583,50.3976],[5.66284,50.39592],[5.66132,50.3955],[5.66019,50.39576],[5.66022,50.39607],[5.65966,50.39664],[5.65856,50.39706],[5.65529,50.39908],[5.65405,50.39939],[5.65398,50.39961],[5.65335,50.40011],[5.65315,50.40056],[5.6522,50.40101],[5.65169,50.40151],[5.65135,50.40157],[5.65037,50.40244],[5.65034,50.40295],[5.65058,50.40318],[5.65081,50.404],[5.65042,50.40459],[5.65124,50.40458],[5.65126,50.40489],[5.65248,50.40536],[5.65352,50.40544],[5.65455,50.40526],[5.65526,50.40527],[5.6566,50.40561],[5.65731,50.40572],[5.65904,50.40553],[5.65994,50.40607],[5.66158,50.4065],[5.66048,50.407],[5.65893,50.40738],[5.65857,50.40763],[5.66003,50.40822],[5.66127,50.40969],[5.66097,50.4107],[5.66015,50.41138],[5.65937,50.41231],[5.65896,50.41245],[5.65897,50.41276],[5.65778,50.41365],[5.65748,50.41414],[5.65746,50.41452],[5.65676,50.41517],[5.65677,50.41541],[5.65595,50.41595],[5.65507,50.41566],[5.6552,50.41552],[5.65434,50.41534],[5.654,50.41514],[5.65336,50.41527],[5.65237,50.41507],[5.65185,50.41474],[5.65136,50.41465],[5.65028,50.41472],[5.64919,50.41493],[5.64817,50.41469],[5.64626,50.41378],[5.6459,50.41421],[5.64441,50.41518],[5.64405,50.41598],[5.64402,50.41641],[5.64502,50.41655],[5.6458,50.41726],[5.64611,50.41741],[5.64656,50.41835],[5.64509,50.41965],[5.64447,50.4206],[5.64342,50.42112],[5.64259,50.42128],[5.64162,50.42195],[5.64097,50.42214],[5.64004,50.42263],[5.63934,50.42265],[5.63795,50.42285],[5.63768,50.42357],[5.63746,50.42589],[5.64141,50.42576],[5.64347,50.42573],[5.6465,50.42561],[5.64854,50.42579],[5.65321,50.42646],[5.65,50.42877],[5.64947,50.42907],[5.64718,50.43107],[5.64083,50.43654],[5.63765,50.43985],[5.63605,50.44082],[5.63543,50.44147],[5.632,50.44523],[5.63115,50.4462],[5.63088,50.44663],[5.62831,50.45159],[5.62768,50.45313],[5.62774,50.45361],[5.62878,50.45759],[5.62805,50.45742],[5.62742,50.45755],[5.6264,50.45799],[5.62514,50.45871],[5.6244,50.45895],[5.624,50.45956],[5.62396,50.46017],[5.62311,50.45982],[5.62176,50.45967],[5.62048,50.4597],[5.61696,50.45991],[5.61502,50.45992],[5.61434,50.45979],[5.61305,50.45978],[5.61188,50.45987],[5.61088,50.46005],[5.61081,50.4595],[5.61103,50.45844],[5.61078,50.45767],[5.61032,50.45716],[5.61021,50.45551],[5.61056,50.45394],[5.61048,50.45365],[5.60788,50.45237],[5.60779,50.4522],[5.6048,50.45272],[5.60213,50.45261],[5.59874,50.45255],[5.59663,50.45234],[5.5959,50.45235],[5.59572,50.45269],[5.59256,50.45351],[5.58472,50.45567],[5.58328,50.45636],[5.58276,50.45634],[5.58133,50.45591],[5.58267,50.45424],[5.58321,50.45302],[5.58394,50.45246],[5.58573,50.44876],[5.58612,50.44754],[5.58106,50.44676],[5.57354,50.44467],[5.57287,50.44522],[5.57234,50.44532],[5.57132,50.4451],[5.57026,50.44536],[5.56921,50.44621],[5.56921,50.44655],[5.56891,50.44715],[5.56767,50.44769],[5.56746,50.44712],[5.56673,50.44645],[5.56613,50.44615],[5.56467,50.44598],[5.56271,50.44555],[5.56674,50.43957],[5.56877,50.43897],[5.56896,50.43899],[5.57701,50.43678],[5.5838,50.43505],[5.58449,50.43478],[5.58672,50.43424],[5.59017,50.43335],[5.59274,50.43254],[5.59317,50.43228],[5.59416,50.43202],[5.59575,50.43189],[5.59737,50.43212],[5.59769,50.43227],[5.59844,50.43213],[5.59927,50.43215],[5.60214,50.43168],[5.6043,50.43152],[5.60677,50.4311],[5.60922,50.4302],[5.60961,50.43001],[5.61204,50.42935],[5.612,50.4293],[5.61647,50.42818],[5.61655,50.42728],[5.61681,50.42697],[5.61739,50.42678],[5.61785,50.42617],[5.61835,50.42573],[5.61907,50.42541],[5.61935,50.42492],[5.6201,50.42452],[5.62168,50.42437],[5.62221,50.42418],[5.62235,50.42391],[5.62308,50.42357],[5.62301,50.42335],[5.62192,50.42304],[5.61884,50.42229],[5.61399,50.42402],[5.61359,50.42401],[5.61228,50.42449],[5.61185,50.42473],[5.60851,50.4258],[5.60781,50.42649],[5.60601,50.42754],[5.60417,50.42678],[5.60299,50.42613],[5.60091,50.42546],[5.60078,50.42527],[5.59992,50.42501],[5.59767,50.42412],[5.59592,50.42325],[5.59508,50.42268],[5.59206,50.42121],[5.58934,50.41975],[5.58746,50.41879],[5.58702,50.41849],[5.58467,50.42023],[5.58463,50.42066],[5.58411,50.42162],[5.58421,50.42174],[5.58359,50.42253],[5.58259,50.42227],[5.58198,50.42237],[5.57961,50.42208],[5.57764,50.42149],[5.57466,50.4203],[5.57261,50.41958],[5.5697,50.41797],[5.56664,50.41649],[5.56401,50.41514],[5.56214,50.41436],[5.56097,50.41377],[5.55893,50.41522],[5.55762,50.41442],[5.55739,50.41459],[5.55623,50.41398],[5.55611,50.41406],[5.55525,50.41357],[5.55432,50.41328],[5.55346,50.41285],[5.55226,50.41346],[5.55253,50.4137],[5.55061,50.41514],[5.54924,50.41468],[5.54868,50.41471],[5.54631,50.41399],[5.54549,50.41387],[5.54172,50.41298],[5.53866,50.41204],[5.53623,50.41118],[5.53477,50.41055],[5.53097,50.40907],[5.52759,50.40821],[5.52698,50.40794],[5.52627,50.40822],[5.52558,50.40793],[5.52453,50.40774],[5.52418,50.40748],[5.52274,50.4073],[5.52148,50.40774],[5.52073,50.40758],[5.52004,50.40777]]]}},{"type":"Feature","id":"61024","bbox":[5.504724,50.4073,5.623082,50.464968],"properties":{"nis":"61024","name":"Hamoir","nameNl":"Hamoir","nameFr":"Hamoir","nameDe":"Hamoir","province":"liege","region":"wallonia","areaKm2":27.65},"geometry":{"type":"Polygon","coordinates":[[[5.54196,50.46135],[5.54095,50.46114],[5.54066,50.46088],[5.53952,50.46047],[5.53812,50.45978],[5.53679,50.45926],[5.5352,50.45919],[5.5348,50.45928],[5.53359,50.4585],[5.53248,50.45758],[5.53131,50.45789],[5.5298,50.45789],[5.52772,50.45812],[5.52597,50.46076],[5.52406,50.46091],[5.52118,50.45994],[5.52076,50.4599],[5.51843,50.46028],[5.51626,50.46041],[5.51695,50.46135],[5.51716,50.463],[5.51658,50.46314],[5.51384,50.46227],[5.51345,50.46208],[5.51315,50.46242],[5.51159,50.46231],[5.5089,50.46169],[5.50729,50.4612],[5.50472,50.46052],[5.50529,50.45989],[5.50558,50.45919],[5.50558,50.45754],[5.50564,50.45644],[5.50599,50.45612],[5.50627,50.45516],[5.50743,50.45425],[5.50819,50.45349],[5.50873,50.45311],[5.51016,50.45172],[5.51173,50.45083],[5.51241,50.45104],[5.51402,50.4523],[5.51464,50.45267],[5.51613,50.45326],[5.51753,50.45353],[5.51897,50.45396],[5.51964,50.45439],[5.52064,50.45519],[5.52118,50.45519],[5.52275,50.455],[5.52342,50.45453],[5.52337,50.45424],[5.52397,50.45354],[5.52446,50.4533],[5.52588,50.45337],[5.52702,50.45374],[5.52794,50.45393],[5.52861,50.45377],[5.52909,50.45336],[5.52939,50.45275],[5.53083,50.45233],[5.5316,50.45188],[5.53287,50.45146],[5.534,50.4512],[5.53511,50.45075],[5.53532,50.45047],[5.53482,50.44983],[5.53481,50.44933],[5.53516,50.44894],[5.53563,50.44783],[5.53688,50.4465],[5.53647,50.44597],[5.53651,50.4457],[5.53502,50.44514],[5.53561,50.4445],[5.53409,50.44401],[5.53338,50.4436],[5.53285,50.4429],[5.53266,50.44238],[5.53232,50.44011],[5.53314,50.43945],[5.53299,50.4393],[5.53204,50.43921],[5.53105,50.43887],[5.52986,50.43877],[5.5288,50.43812],[5.52814,50.43782],[5.52773,50.43779],[5.52607,50.43832],[5.52478,50.43813],[5.5242,50.43823],[5.52282,50.43784],[5.52182,50.4374],[5.52017,50.43724],[5.51838,50.43755],[5.51776,50.43773],[5.51762,50.43805],[5.51698,50.43773],[5.51495,50.43697],[5.51451,50.43639],[5.51307,50.43535],[5.51164,50.43463],[5.51093,50.43436],[5.50829,50.43373],[5.50783,50.43351],[5.50795,50.43289],[5.50837,50.43247],[5.5087,50.43147],[5.5091,50.43085],[5.50892,50.43063],[5.51029,50.42973],[5.51076,50.42932],[5.51122,50.42853],[5.51053,50.42763],[5.51033,50.42683],[5.51049,50.42624],[5.51129,50.42631],[5.51195,50.42593],[5.51289,50.42518],[5.51287,50.42501],[5.51205,50.42461],[5.5112,50.42361],[5.51108,50.42289],[5.51117,50.42216],[5.51245,50.42122],[5.51435,50.4208],[5.51493,50.42052],[5.51104,50.41966],[5.51065,50.41939],[5.51133,50.41897],[5.51234,50.41866],[5.51331,50.41802],[5.51152,50.41711],[5.51033,50.41608],[5.50963,50.4151],[5.50933,50.41452],[5.51045,50.41319],[5.51109,50.41269],[5.51705,50.41092],[5.51873,50.4105],[5.51917,50.4102],[5.5199,50.40848],[5.52004,50.40777],[5.52073,50.40758],[5.52148,50.40774],[5.52274,50.4073],[5.52418,50.40748],[5.52453,50.40774],[5.52558,50.40793],[5.52627,50.40822],[5.52698,50.40794],[5.52759,50.40821],[5.53097,50.40907],[5.53477,50.41055],[5.53623,50.41118],[5.53866,50.41204],[5.54172,50.41298],[5.54549,50.41387],[5.54631,50.41399],[5.54868,50.41471],[5.54924,50.41468],[5.55061,50.41514],[5.55253,50.4137],[5.55226,50.41346],[5.55346,50.41285],[5.55432,50.41328],[5.55525,50.41357],[5.55611,50.41406],[5.55623,50.41398],[5.55739,50.41459],[5.55762,50.41442],[5.55893,50.41522],[5.56097,50.41377],[5.56214,50.41436],[5.56401,50.41514],[5.56664,50.41649],[5.5697,50.41797],[5.57261,50.41958],[5.57466,50.4203],[5.57764,50.42149],[5.57961,50.42208],[5.58198,50.42237],[5.58259,50.42227],[5.58359,50.42253],[5.58421,50.42174],[5.58411,50.42162],[5.58463,50.42066],[5.58467,50.42023],[5.58702,50.41849],[5.58746,50.41879],[5.58934,50.41975],[5.59206,50.42121],[5.59508,50.42268],[5.59592,50.42325],[5.59767,50.42412],[5.59992,50.42501],[5.60078,50.42527],[5.60091,50.42546],[5.60299,50.42613],[5.60417,50.42678],[5.60601,50.42754],[5.60781,50.42649],[5.60851,50.4258],[5.61185,50.42473],[5.61228,50.42449],[5.61359,50.42401],[5.61399,50.42402],[5.61884,50.42229],[5.62192,50.42304],[5.62301,50.42335],[5.62308,50.42357],[5.62235,50.42391],[5.62221,50.42418],[5.62168,50.42437],[5.6201,50.42452],[5.61935,50.42492],[5.61907,50.42541],[5.61835,50.42573],[5.61785,50.42617],[5.61739,50.42678],[5.61681,50.42697],[5.61655,50.42728],[5.61647,50.42818],[5.612,50.4293],[5.61204,50.42935],[5.60961,50.43001],[5.60922,50.4302],[5.60677,50.4311],[5.6043,50.43152],[5.60214,50.43168],[5.59927,50.43215],[5.59844,50.43213],[5.59769,50.43227],[5.59737,50.43212],[5.59575,50.43189],[5.59416,50.43202],[5.59317,50.43228],[5.59274,50.43254],[5.59017,50.43335],[5.58672,50.43424],[5.58449,50.43478],[5.5838,50.43505],[5.57701,50.43678],[5.56896,50.43899],[5.56877,50.43897],[5.56674,50.43957],[5.56271,50.44555],[5.56467,50.44598],[5.56613,50.44615],[5.56673,50.44645],[5.56746,50.44712],[5.56767,50.44769],[5.56891,50.44715],[5.56921,50.44655],[5.56921,50.44621],[5.57026,50.44536],[5.57132,50.4451],[5.57234,50.44532],[5.57287,50.44522],[5.57354,50.44467],[5.58106,50.44676],[5.58612,50.44754],[5.58573,50.44876],[5.58394,50.45246],[5.58321,50.45302],[5.58267,50.45424],[5.58133,50.45591],[5.58276,50.45634],[5.58328,50.45636],[5.58472,50.45567],[5.59256,50.45351],[5.59572,50.45269],[5.5959,50.45235],[5.59663,50.45234],[5.59874,50.45255],[5.60213,50.45261],[5.6048,50.45272],[5.60779,50.4522],[5.60788,50.45237],[5.61048,50.45365],[5.61056,50.45394],[5.61021,50.45551],[5.61032,50.45716],[5.61078,50.45767],[5.61103,50.45844],[5.61081,50.4595],[5.61088,50.46005],[5.61112,50.46045],[5.61132,50.4613],[5.61112,50.46221],[5.61134,50.46326],[5.61132,50.464],[5.61009,50.4642],[5.61007,50.46407],[5.6087,50.46415],[5.60762,50.46406],[5.60611,50.46413],[5.60303,50.46497],[5.59971,50.46467],[5.59013,50.46385],[5.58849,50.46368],[5.58429,50.46335],[5.58192,50.46302],[5.58297,50.4636],[5.58273,50.46369],[5.58189,50.46353],[5.5803,50.46341],[5.57923,50.46314],[5.57765,50.46291],[5.57548,50.46241],[5.57349,50.46225],[5.57263,50.46201],[5.57203,50.46161],[5.57027,50.46141],[5.56935,50.46117],[5.56823,50.46135],[5.56771,50.46107],[5.56737,50.46135],[5.56455,50.46065],[5.5637,50.46063],[5.56147,50.46084],[5.55794,50.4602],[5.55403,50.45933],[5.55319,50.45917],[5.54301,50.46157],[5.54196,50.46135]]]}},{"type":"Feature","id":"61028","bbox":[5.034246,50.503512,5.172475,50.579208],"properties":{"nis":"61028","name":"Héron","nameNl":"Héron","nameFr":"Héron","nameDe":"Héron","province":"liege","region":"wallonia","areaKm2":38.2},"geometry":{"type":"Polygon","coordinates":[[[5.05115,50.55535],[5.04966,50.55299],[5.04848,50.55356],[5.04664,50.55132],[5.04827,50.54949],[5.04912,50.54826],[5.05116,50.54705],[5.05293,50.54395],[5.05405,50.54259],[5.05434,50.54099],[5.05201,50.53982],[5.04696,50.53944],[5.04536,50.53904],[5.04619,50.53774],[5.04601,50.53747],[5.04283,50.53704],[5.04064,50.53659],[5.03831,50.53721],[5.03812,50.53611],[5.03834,50.53474],[5.0376,50.53367],[5.03664,50.53321],[5.03644,50.53268],[5.03425,50.53178],[5.05968,50.5306],[5.06226,50.5305],[5.07441,50.52989],[5.08232,50.52954],[5.08806,50.52932],[5.09236,50.5293],[5.09407,50.52725],[5.09438,50.52732],[5.09498,50.52651],[5.09243,50.52581],[5.09174,50.52666],[5.09039,50.52611],[5.09004,50.52577],[5.09109,50.52446],[5.09373,50.52407],[5.09657,50.52163],[5.09805,50.52006],[5.0953,50.51911],[5.0953,50.51902],[5.09417,50.51848],[5.09438,50.51799],[5.096,50.51853],[5.09798,50.51664],[5.09537,50.51601],[5.0948,50.5152],[5.09784,50.5122],[5.09967,50.51228],[5.10017,50.51085],[5.10194,50.50847],[5.10364,50.50813],[5.10445,50.50735],[5.10669,50.50781],[5.10844,50.50803],[5.10893,50.507],[5.11083,50.5073],[5.11154,50.50649],[5.11302,50.50685],[5.11514,50.50402],[5.11494,50.50358],[5.11633,50.50356],[5.11725,50.5037],[5.11738,50.50351],[5.11813,50.50365],[5.11941,50.50417],[5.11909,50.50573],[5.11969,50.50575],[5.12007,50.50456],[5.12278,50.50529],[5.12447,50.50558],[5.12579,50.50612],[5.12698,50.50691],[5.12727,50.50761],[5.12871,50.50804],[5.12901,50.50766],[5.13002,50.50787],[5.1313,50.50836],[5.13312,50.50876],[5.13447,50.50939],[5.13388,50.51014],[5.13413,50.51041],[5.13638,50.50998],[5.14235,50.51211],[5.14083,50.51292],[5.13955,50.5137],[5.13871,50.51461],[5.13926,50.5154],[5.1415,50.51545],[5.14277,50.5154],[5.14319,50.51614],[5.14455,50.51679],[5.14554,50.517],[5.14654,50.51754],[5.14684,50.51693],[5.14756,50.51774],[5.15057,50.51938],[5.15469,50.52079],[5.15385,50.52117],[5.15417,50.52235],[5.15601,50.52348],[5.15606,50.52403],[5.15896,50.52574],[5.16143,50.52732],[5.16176,50.52825],[5.16811,50.53097],[5.16705,50.53245],[5.16904,50.53326],[5.16824,50.53418],[5.16904,50.53456],[5.16964,50.5345],[5.17248,50.53564],[5.17153,50.53675],[5.16739,50.53897],[5.16573,50.53951],[5.16421,50.54057],[5.15972,50.54035],[5.15207,50.54117],[5.15099,50.54021],[5.14964,50.54057],[5.14786,50.5414],[5.14656,50.54167],[5.14802,50.54258],[5.14698,50.5431],[5.14199,50.54446],[5.13514,50.54611],[5.13587,50.54656],[5.13956,50.54868],[5.1396,50.54959],[5.1393,50.55016],[5.14214,50.55159],[5.14248,50.55202],[5.14125,50.55318],[5.1379,50.55523],[5.13604,50.55579],[5.13379,50.55725],[5.1332,50.55816],[5.13217,50.55897],[5.13245,50.56036],[5.13238,50.56036],[5.13269,50.56182],[5.13309,50.56279],[5.13211,50.563],[5.13089,50.56316],[5.127,50.56316],[5.12577,50.56311],[5.12423,50.56292],[5.12027,50.56671],[5.11941,50.5659],[5.11847,50.56584],[5.11837,50.56543],[5.11801,50.56517],[5.11746,50.56549],[5.11666,50.56568],[5.116,50.5669],[5.11576,50.56828],[5.11528,50.5694],[5.11417,50.57018],[5.11331,50.57054],[5.11245,50.57251],[5.11182,50.57246],[5.10674,50.575],[5.10582,50.57574],[5.10137,50.57803],[5.09934,50.57864],[5.09819,50.5788],[5.09718,50.57921],[5.09627,50.57794],[5.09475,50.57642],[5.09359,50.57565],[5.09197,50.57471],[5.09012,50.57406],[5.09039,50.57331],[5.09027,50.5729],[5.09071,50.57268],[5.09034,50.57238],[5.09083,50.5721],[5.09062,50.57071],[5.09072,50.56954],[5.09035,50.56899],[5.09067,50.56906],[5.09079,50.56863],[5.08999,50.5683],[5.08958,50.56767],[5.08894,50.56725],[5.08909,50.56675],[5.0878,50.56569],[5.08638,50.56479],[5.08636,50.56438],[5.08583,50.56342],[5.08576,50.56262],[5.08588,50.56234],[5.08513,50.56083],[5.08519,50.56054],[5.08416,50.55999],[5.08331,50.55941],[5.08216,50.55875],[5.08178,50.55833],[5.08114,50.55829],[5.0797,50.55952],[5.07842,50.56083],[5.07348,50.56303],[5.06966,50.5633],[5.06543,50.56554],[5.05681,50.56779],[5.05617,50.56688],[5.05566,50.56701],[5.05469,50.56572],[5.05413,50.56482],[5.05376,50.56453],[5.05342,50.5635],[5.05356,50.56334],[5.05408,50.56189],[5.05376,50.5618],[5.05413,50.56143],[5.05434,50.56063],[5.05427,50.56002],[5.05272,50.55749],[5.05138,50.55542],[5.05115,50.55535]]]}},{"type":"Feature","id":"61031","bbox":[5.128978,50.467667,5.323753,50.538871],"properties":{"nis":"61031","name":"Huy","nameNl":"Hoei","nameFr":"Huy","nameDe":"Huy","province":"liege","region":"wallonia","areaKm2":47.48},"geometry":{"type":"Polygon","coordinates":[[[5.24279,50.49655],[5.24321,50.49625],[5.24361,50.49703],[5.24744,50.49781],[5.24855,50.49764],[5.25219,50.499],[5.26085,50.50169],[5.26369,50.50254],[5.26526,50.50047],[5.27073,50.50194],[5.27274,50.50134],[5.27539,50.50088],[5.27659,50.5005],[5.27669,50.50071],[5.27818,50.49961],[5.27916,50.50026],[5.28282,50.49867],[5.28332,50.49891],[5.2838,50.49949],[5.28522,50.50044],[5.28556,50.50089],[5.28426,50.50114],[5.28386,50.50333],[5.2878,50.50434],[5.28827,50.50437],[5.29076,50.50398],[5.29293,50.50338],[5.2991,50.50181],[5.30651,50.50393],[5.3131,50.50585],[5.31081,50.50655],[5.31,50.50626],[5.3097,50.50649],[5.31039,50.50725],[5.3105,50.50803],[5.31033,50.50954],[5.31,50.50965],[5.31037,50.51019],[5.31084,50.51052],[5.31088,50.51078],[5.31157,50.51157],[5.3115,50.51207],[5.31168,50.51243],[5.3122,50.51247],[5.31238,50.51322],[5.31284,50.51366],[5.31327,50.51335],[5.31384,50.51367],[5.31522,50.51221],[5.31941,50.51434],[5.32375,50.51694],[5.32345,50.51703],[5.31322,50.51631],[5.31637,50.51765],[5.31567,50.51851],[5.31422,50.51981],[5.3143,50.52091],[5.31458,50.52142],[5.31294,50.52296],[5.31114,50.52426],[5.3093,50.52459],[5.3083,50.52458],[5.30705,50.52428],[5.30652,50.52507],[5.30499,50.52615],[5.30452,50.52639],[5.30265,50.52822],[5.30113,50.5294],[5.30119,50.53004],[5.30096,50.5325],[5.2978,50.53281],[5.29474,50.53367],[5.2903,50.53449],[5.28289,50.53578],[5.27721,50.53665],[5.2744,50.537],[5.26892,50.53701],[5.2651,50.53672],[5.26486,50.53743],[5.26245,50.53757],[5.26246,50.5383],[5.26116,50.53833],[5.2598,50.53822],[5.25741,50.53776],[5.25608,50.53741],[5.25061,50.53548],[5.24969,50.53742],[5.24918,50.53887],[5.24777,50.53868],[5.24494,50.53812],[5.24341,50.53805],[5.24165,50.53769],[5.2359,50.53642],[5.2321,50.53553],[5.22977,50.53484],[5.2294,50.53461],[5.22912,50.53524],[5.22821,50.53481],[5.22438,50.53379],[5.22135,50.53271],[5.22013,50.53214],[5.2192,50.53207],[5.21838,50.53184],[5.21844,50.53094],[5.219,50.53046],[5.21853,50.52973],[5.21891,50.52952],[5.22035,50.52927],[5.2205,50.52861],[5.21996,50.52842],[5.21926,50.52882],[5.21881,50.52886],[5.21807,50.52865],[5.21762,50.52836],[5.21725,50.52768],[5.2144,50.52794],[5.21257,50.52806],[5.20891,50.52777],[5.2065,50.52741],[5.20307,50.5268],[5.19997,50.52574],[5.19743,50.52434],[5.19527,50.52291],[5.1937,50.52127],[5.19243,50.51938],[5.19108,50.51855],[5.18824,50.51771],[5.1787,50.51637],[5.16616,50.51319],[5.16074,50.51232],[5.15387,50.5113],[5.15027,50.5106],[5.14744,50.50947],[5.14494,50.50858],[5.13909,50.50505],[5.13388,50.50386],[5.12918,50.50292],[5.12898,50.50266],[5.12986,50.50211],[5.13261,50.49976],[5.13333,50.49815],[5.13354,50.49704],[5.13435,50.49613],[5.13333,50.49391],[5.13324,50.49354],[5.13257,50.49238],[5.13354,50.48977],[5.13371,50.48917],[5.13426,50.48874],[5.13562,50.48834],[5.13791,50.48796],[5.13795,50.48726],[5.13888,50.48699],[5.13952,50.48669],[5.14058,50.48699],[5.14269,50.48729],[5.1432,50.48696],[5.14452,50.48672],[5.14502,50.48691],[5.14634,50.48656],[5.14723,50.48653],[5.1474,50.48715],[5.14875,50.4875],[5.14994,50.48739],[5.15125,50.4882],[5.1529,50.48855],[5.15439,50.48852],[5.15587,50.48901],[5.15663,50.48968],[5.15744,50.48958],[5.15761,50.48882],[5.15807,50.48793],[5.1596,50.48721],[5.15892,50.48656],[5.15803,50.48632],[5.1546,50.4847],[5.1529,50.4837],[5.15176,50.48311],[5.14969,50.48249],[5.15095,50.48125],[5.15172,50.4799],[5.15278,50.47923],[5.15574,50.4788],[5.15651,50.47783],[5.15651,50.47713],[5.15701,50.47591],[5.15604,50.47441],[5.15634,50.47378],[5.15706,50.47346],[5.15799,50.47249],[5.16349,50.47031],[5.16375,50.47025],[5.16409,50.46767],[5.16943,50.4684],[5.17252,50.46928],[5.174,50.47044],[5.17883,50.47457],[5.17892,50.47556],[5.18006,50.47599],[5.18995,50.47601],[5.19205,50.47818],[5.19659,50.47891],[5.19684,50.47893],[5.19897,50.48293],[5.20114,50.48689],[5.20865,50.49374],[5.21257,50.49345],[5.21404,50.49419],[5.21432,50.49465],[5.21427,50.49509],[5.21375,50.49687],[5.21228,50.49763],[5.21363,50.49972],[5.21549,50.50247],[5.21647,50.50379],[5.21711,50.50332],[5.2184,50.50458],[5.21885,50.50422],[5.21987,50.50494],[5.22173,50.50558],[5.22196,50.50579],[5.22377,50.50619],[5.22498,50.50619],[5.22508,50.50657],[5.22636,50.50671],[5.22641,50.50721],[5.22725,50.50729],[5.22796,50.50755],[5.22942,50.50778],[5.23312,50.50662],[5.23383,50.5066],[5.23401,50.50645],[5.23475,50.50657],[5.235,50.50571],[5.23616,50.50411],[5.23779,50.50448],[5.23786,50.50397],[5.23836,50.50328],[5.23914,50.50283],[5.23932,50.50196],[5.23917,50.50107],[5.23945,50.50077],[5.24004,50.50064],[5.24075,50.50071],[5.24142,50.49965],[5.24226,50.49899],[5.24237,50.49833],[5.24205,50.49762],[5.24277,50.49692],[5.24279,50.49655]]]}},{"type":"Feature","id":"61039","bbox":[5.196836,50.427025,5.284564,50.507783],"properties":{"nis":"61039","name":"Marchin","nameNl":"Marchin","nameFr":"Marchin","nameDe":"Marchin","province":"liege","region":"wallonia","areaKm2":30.02},"geometry":{"type":"Polygon","coordinates":[[[5.24279,50.49655],[5.24277,50.49692],[5.24205,50.49762],[5.24237,50.49833],[5.24226,50.49899],[5.24142,50.49965],[5.24075,50.50071],[5.24004,50.50064],[5.23945,50.50077],[5.23917,50.50107],[5.23932,50.50196],[5.23914,50.50283],[5.23836,50.50328],[5.23786,50.50397],[5.23779,50.50448],[5.23616,50.50411],[5.235,50.50571],[5.23475,50.50657],[5.23401,50.50645],[5.23383,50.5066],[5.23312,50.50662],[5.22942,50.50778],[5.22796,50.50755],[5.22725,50.50729],[5.22641,50.50721],[5.22636,50.50671],[5.22508,50.50657],[5.22498,50.50619],[5.22377,50.50619],[5.22196,50.50579],[5.22173,50.50558],[5.21987,50.50494],[5.21885,50.50422],[5.2184,50.50458],[5.21711,50.50332],[5.21647,50.50379],[5.21549,50.50247],[5.21363,50.49972],[5.21228,50.49763],[5.21375,50.49687],[5.21427,50.49509],[5.21432,50.49465],[5.21404,50.49419],[5.21257,50.49345],[5.20865,50.49374],[5.20114,50.48689],[5.19897,50.48293],[5.19684,50.47893],[5.19893,50.47881],[5.19872,50.4779],[5.19885,50.47653],[5.20386,50.47372],[5.20443,50.47206],[5.20522,50.47023],[5.20629,50.46724],[5.20976,50.46133],[5.20959,50.46004],[5.21337,50.45582],[5.21701,50.45241],[5.22137,50.44597],[5.2226,50.4446],[5.2248,50.44247],[5.22858,50.44433],[5.22926,50.44376],[5.23006,50.44414],[5.23118,50.44314],[5.23472,50.44037],[5.23417,50.43996],[5.2368,50.43821],[5.23629,50.43794],[5.2362,50.43654],[5.23472,50.43546],[5.23506,50.43506],[5.23438,50.4346],[5.23472,50.43425],[5.23308,50.43386],[5.23428,50.43207],[5.23368,50.43191],[5.23383,50.43142],[5.2329,50.4311],[5.2372,50.42703],[5.24785,50.43209],[5.24984,50.43263],[5.25117,50.43162],[5.2529,50.43268],[5.25251,50.43296],[5.25367,50.43355],[5.25314,50.43391],[5.25358,50.4342],[5.25267,50.43479],[5.25541,50.43577],[5.25599,50.43542],[5.25688,50.43572],[5.25717,50.43549],[5.26149,50.43569],[5.26391,50.43424],[5.26653,50.43486],[5.2706,50.43693],[5.26899,50.43911],[5.26946,50.43936],[5.27112,50.43992],[5.2714,50.44305],[5.27568,50.44553],[5.27753,50.44703],[5.27962,50.44857],[5.28076,50.44975],[5.28,50.4514],[5.28058,50.45155],[5.27872,50.45173],[5.27827,50.4521],[5.27814,50.45257],[5.27839,50.45343],[5.27988,50.45462],[5.28069,50.45497],[5.28165,50.45498],[5.28235,50.45525],[5.28397,50.45711],[5.28418,50.45762],[5.28453,50.45794],[5.28448,50.45851],[5.28365,50.45926],[5.28257,50.45986],[5.28218,50.46066],[5.28129,50.46075],[5.27988,50.46152],[5.27957,50.46195],[5.27918,50.46199],[5.27845,50.46147],[5.27765,50.46151],[5.2768,50.46169],[5.27648,50.4626],[5.27638,50.46336],[5.27575,50.46379],[5.27419,50.46546],[5.2734,50.46556],[5.27291,50.46591],[5.27298,50.46614],[5.27216,50.4664],[5.27058,50.46742],[5.27016,50.46781],[5.2702,50.46874],[5.26898,50.46966],[5.26754,50.47055],[5.26626,50.47098],[5.26575,50.47143],[5.26561,50.47211],[5.26612,50.47301],[5.26559,50.47336],[5.26592,50.47381],[5.26696,50.47404],[5.26727,50.47432],[5.2678,50.47545],[5.26827,50.47618],[5.26794,50.477],[5.26692,50.47735],[5.26649,50.47821],[5.26675,50.47865],[5.26691,50.47941],[5.26699,50.48069],[5.26682,50.48101],[5.26594,50.48155],[5.26507,50.4815],[5.26387,50.48221],[5.26283,50.48321],[5.26181,50.4835],[5.261,50.48412],[5.26055,50.48425],[5.25964,50.48496],[5.25933,50.48541],[5.25895,50.48647],[5.25846,50.48676],[5.25771,50.48821],[5.25713,50.48888],[5.25692,50.48972],[5.25723,50.4901],[5.25735,50.49062],[5.25679,50.4913],[5.25603,50.49179],[5.25427,50.49223],[5.25442,50.4928],[5.25343,50.49305],[5.25188,50.49294],[5.25043,50.49272],[5.25,50.49253],[5.24928,50.4919],[5.2483,50.49144],[5.24644,50.49172],[5.24502,50.49183],[5.24286,50.49184],[5.24241,50.49178],[5.242,50.49148],[5.24134,50.4913],[5.24001,50.49116],[5.23951,50.4912],[5.23874,50.49177],[5.23801,50.49171],[5.23742,50.49182],[5.23682,50.49214],[5.23649,50.49277],[5.23597,50.49409],[5.23601,50.49454],[5.23551,50.49493],[5.23557,50.4953],[5.23684,50.49585],[5.23757,50.49597],[5.23902,50.49537],[5.24036,50.49535],[5.24108,50.49577],[5.24219,50.49589],[5.24258,50.49604],[5.24279,50.49655]]]}},{"type":"Feature","id":"61041","bbox":[5.235469,50.417969,5.354778,50.525517],"properties":{"nis":"61041","name":"Modave","nameNl":"Modave","nameFr":"Modave","nameDe":"Modave","province":"liege","region":"wallonia","areaKm2":40.28},"geometry":{"type":"Polygon","coordinates":[[[5.2706,50.43693],[5.27202,50.43755],[5.27345,50.43634],[5.2794,50.43232],[5.28019,50.43117],[5.27922,50.42853],[5.28494,50.42405],[5.2906,50.4196],[5.28816,50.41801],[5.28825,50.41797],[5.29874,50.42077],[5.29909,50.42128],[5.30005,50.42184],[5.30129,50.42383],[5.30069,50.42536],[5.30349,50.42574],[5.30432,50.42553],[5.30579,50.42614],[5.30849,50.42687],[5.31128,50.42773],[5.31767,50.42999],[5.31784,50.42984],[5.32504,50.43121],[5.32717,50.43199],[5.3309,50.43367],[5.32854,50.43671],[5.32973,50.43721],[5.32939,50.43763],[5.33179,50.43899],[5.33131,50.43974],[5.33037,50.43932],[5.32944,50.43992],[5.32788,50.44311],[5.32852,50.44349],[5.32937,50.44369],[5.32915,50.44411],[5.3305,50.44474],[5.33263,50.4455],[5.33246,50.44644],[5.33301,50.4473],[5.33382,50.44751],[5.33414,50.4491],[5.33396,50.45001],[5.33457,50.45022],[5.33178,50.45441],[5.33329,50.45487],[5.33284,50.45543],[5.32981,50.45441],[5.32902,50.45527],[5.32848,50.45508],[5.32794,50.45565],[5.32669,50.45514],[5.3257,50.45597],[5.32399,50.45523],[5.32355,50.45553],[5.32314,50.45528],[5.32283,50.45543],[5.32224,50.45508],[5.32139,50.45387],[5.3217,50.45359],[5.32065,50.45285],[5.32003,50.45265],[5.31871,50.45196],[5.31847,50.45214],[5.31761,50.45139],[5.31603,50.45233],[5.31243,50.45458],[5.31334,50.455],[5.31183,50.45652],[5.31169,50.45706],[5.31034,50.45674],[5.30961,50.45804],[5.31226,50.4592],[5.31237,50.46008],[5.31229,50.46042],[5.31098,50.46022],[5.31086,50.46053],[5.309,50.46],[5.30828,50.46101],[5.30889,50.46121],[5.30835,50.4621],[5.31011,50.46222],[5.31001,50.46279],[5.30944,50.46416],[5.3081,50.46544],[5.31161,50.46663],[5.31079,50.46767],[5.31089,50.46771],[5.30965,50.46952],[5.31133,50.47004],[5.31099,50.47053],[5.31667,50.4723],[5.31975,50.47361],[5.32239,50.47498],[5.3253,50.47614],[5.32735,50.47679],[5.32809,50.47653],[5.32991,50.47732],[5.33063,50.4777],[5.33037,50.47796],[5.33082,50.47811],[5.33164,50.47813],[5.33331,50.47863],[5.33619,50.47961],[5.33764,50.48033],[5.33807,50.48006],[5.33885,50.48057],[5.34175,50.48526],[5.34362,50.48844],[5.34372,50.48846],[5.34286,50.49],[5.3421,50.49156],[5.33426,50.4944],[5.33497,50.49468],[5.33827,50.49683],[5.34126,50.49971],[5.34245,50.50095],[5.34446,50.50185],[5.34753,50.50296],[5.35081,50.50485],[5.35407,50.50526],[5.35393,50.50635],[5.35396,50.50749],[5.35459,50.50786],[5.35461,50.50828],[5.35415,50.50833],[5.35448,50.50886],[5.35438,50.50917],[5.35261,50.50971],[5.35111,50.51007],[5.35038,50.51035],[5.35002,50.51073],[5.34955,50.51094],[5.35001,50.51148],[5.34923,50.51231],[5.34869,50.51309],[5.34722,50.51327],[5.34641,50.51387],[5.34592,50.51472],[5.34517,50.51563],[5.34399,50.51556],[5.34382,50.51448],[5.3439,50.51389],[5.34305,50.51363],[5.34236,50.5138],[5.34088,50.51337],[5.3385,50.51335],[5.33842,50.51384],[5.3387,50.51458],[5.33687,50.51568],[5.33585,50.5157],[5.33491,50.51656],[5.33529,50.51696],[5.33678,50.51765],[5.33675,50.51811],[5.33727,50.51852],[5.33713,50.51903],[5.33742,50.51934],[5.33803,50.51956],[5.33916,50.5203],[5.33988,50.52064],[5.34044,50.52061],[5.34101,50.52083],[5.34149,50.52133],[5.34136,50.52198],[5.34172,50.52231],[5.34141,50.52267],[5.34088,50.52361],[5.34022,50.52417],[5.33943,50.52552],[5.33923,50.52528],[5.3387,50.52397],[5.3382,50.52341],[5.33745,50.52311],[5.33617,50.52293],[5.3352,50.52266],[5.33373,50.52203],[5.33181,50.52132],[5.32975,50.52047],[5.3278,50.51944],[5.32601,50.51855],[5.32519,50.51767],[5.32468,50.51653],[5.32406,50.51651],[5.32375,50.51694],[5.31941,50.51434],[5.31522,50.51221],[5.31384,50.51367],[5.31327,50.51335],[5.31284,50.51366],[5.31238,50.51322],[5.3122,50.51247],[5.31168,50.51243],[5.3115,50.51207],[5.31157,50.51157],[5.31088,50.51078],[5.31084,50.51052],[5.31037,50.51019],[5.31,50.50965],[5.31033,50.50954],[5.3105,50.50803],[5.31039,50.50725],[5.3097,50.50649],[5.31,50.50626],[5.31081,50.50655],[5.3131,50.50585],[5.30651,50.50393],[5.2991,50.50181],[5.29293,50.50338],[5.29076,50.50398],[5.28827,50.50437],[5.2878,50.50434],[5.28386,50.50333],[5.28426,50.50114],[5.28556,50.50089],[5.28522,50.50044],[5.2838,50.49949],[5.28332,50.49891],[5.28282,50.49867],[5.27916,50.50026],[5.27818,50.49961],[5.27669,50.50071],[5.27659,50.5005],[5.27539,50.50088],[5.27274,50.50134],[5.27073,50.50194],[5.26526,50.50047],[5.26369,50.50254],[5.26085,50.50169],[5.25219,50.499],[5.24855,50.49764],[5.24744,50.49781],[5.24361,50.49703],[5.24321,50.49625],[5.24279,50.49655],[5.24258,50.49604],[5.24219,50.49589],[5.24108,50.49577],[5.24036,50.49535],[5.23902,50.49537],[5.23757,50.49597],[5.23684,50.49585],[5.23557,50.4953],[5.23551,50.49493],[5.23601,50.49454],[5.23597,50.49409],[5.23649,50.49277],[5.23682,50.49214],[5.23742,50.49182],[5.23801,50.49171],[5.23874,50.49177],[5.23951,50.4912],[5.24001,50.49116],[5.24134,50.4913],[5.242,50.49148],[5.24241,50.49178],[5.24286,50.49184],[5.24502,50.49183],[5.24644,50.49172],[5.2483,50.49144],[5.24928,50.4919],[5.25,50.49253],[5.25043,50.49272],[5.25188,50.49294],[5.25343,50.49305],[5.25442,50.4928],[5.25427,50.49223],[5.25603,50.49179],[5.25679,50.4913],[5.25735,50.49062],[5.25723,50.4901],[5.25692,50.48972],[5.25713,50.48888],[5.25771,50.48821],[5.25846,50.48676],[5.25895,50.48647],[5.25933,50.48541],[5.25964,50.48496],[5.26055,50.48425],[5.261,50.48412],[5.26181,50.4835],[5.26283,50.48321],[5.26387,50.48221],[5.26507,50.4815],[5.26594,50.48155],[5.26682,50.48101],[5.26699,50.48069],[5.26691,50.47941],[5.26675,50.47865],[5.26649,50.47821],[5.26692,50.47735],[5.26794,50.477],[5.26827,50.47618],[5.2678,50.47545],[5.26727,50.47432],[5.26696,50.47404],[5.26592,50.47381],[5.26559,50.47336],[5.26612,50.47301],[5.26561,50.47211],[5.26575,50.47143],[5.26626,50.47098],[5.26754,50.47055],[5.26898,50.46966],[5.2702,50.46874],[5.27016,50.46781],[5.27058,50.46742],[5.27216,50.4664],[5.27298,50.46614],[5.27291,50.46591],[5.2734,50.46556],[5.27419,50.46546],[5.27575,50.46379],[5.27638,50.46336],[5.27648,50.4626],[5.2768,50.46169],[5.27765,50.46151],[5.27845,50.46147],[5.27918,50.46199],[5.27957,50.46195],[5.27988,50.46152],[5.28129,50.46075],[5.28218,50.46066],[5.28257,50.45986],[5.28365,50.45926],[5.28448,50.45851],[5.28453,50.45794],[5.28418,50.45762],[5.28397,50.45711],[5.28235,50.45525],[5.28165,50.45498],[5.28069,50.45497],[5.27988,50.45462],[5.27839,50.45343],[5.27814,50.45257],[5.27827,50.4521],[5.27872,50.45173],[5.28058,50.45155],[5.28,50.4514],[5.28076,50.44975],[5.27962,50.44857],[5.27753,50.44703],[5.27568,50.44553],[5.2714,50.44305],[5.27112,50.43992],[5.26946,50.43936],[5.26899,50.43911],[5.2706,50.43693]]]}},{"type":"Feature","id":"61043","bbox":[5.334265,50.488459,5.476938,50.54389],"properties":{"nis":"61043","name":"Nandrin","nameNl":"Nandrin","nameFr":"Nandrin","nameDe":"Nandrin","province":"liege","region":"wallonia","areaKm2":36},"geometry":{"type":"Polygon","coordinates":[[[5.47693,50.5214],[5.47682,50.52159],[5.47603,50.52167],[5.475,50.52266],[5.47464,50.52285],[5.47288,50.52329],[5.47232,50.5237],[5.47039,50.52441],[5.46941,50.52432],[5.46851,50.52485],[5.46741,50.52463],[5.46686,50.52463],[5.46616,50.52426],[5.46483,50.52449],[5.46458,50.52517],[5.46408,50.5256],[5.46389,50.52612],[5.46403,50.52679],[5.46345,50.52767],[5.46335,50.52831],[5.46349,50.52864],[5.46216,50.52839],[5.45836,50.5274],[5.4578,50.52716],[5.45684,50.52622],[5.45573,50.52577],[5.45231,50.52374],[5.45013,50.52228],[5.44997,50.52242],[5.4487,50.52178],[5.448,50.52265],[5.44755,50.5234],[5.44722,50.5243],[5.44608,50.52545],[5.44573,50.52569],[5.4456,50.52674],[5.44585,50.52774],[5.44599,50.5293],[5.44568,50.52956],[5.44552,50.53071],[5.44462,50.53067],[5.44441,50.53121],[5.4438,50.53192],[5.4421,50.53242],[5.44079,50.53397],[5.43999,50.53512],[5.43918,50.53653],[5.4409,50.53757],[5.4421,50.53818],[5.44226,50.53921],[5.44224,50.53991],[5.4419,50.53981],[5.44145,50.54044],[5.44183,50.54092],[5.44195,50.54186],[5.44247,50.54252],[5.44173,50.54274],[5.44054,50.54166],[5.44069,50.54137],[5.43941,50.54012],[5.43881,50.53883],[5.43671,50.5351],[5.43497,50.53431],[5.43342,50.53369],[5.43274,50.53351],[5.42915,50.53191],[5.42806,50.53354],[5.42773,50.53473],[5.42811,50.53492],[5.42762,50.53508],[5.42801,50.53531],[5.42767,50.53561],[5.42842,50.53765],[5.42741,50.53784],[5.42571,50.53649],[5.42492,50.53685],[5.42621,50.53846],[5.42463,50.53916],[5.42333,50.53735],[5.41856,50.5404],[5.42087,50.54226],[5.41983,50.54301],[5.42025,50.54324],[5.41918,50.54389],[5.40756,50.53768],[5.40383,50.53761],[5.40263,50.53862],[5.40286,50.53867],[5.40173,50.53995],[5.39906,50.53921],[5.3988,50.539],[5.39657,50.53842],[5.39428,50.53854],[5.39378,50.53876],[5.39171,50.53872],[5.39072,50.53851],[5.38971,50.53793],[5.38995,50.53764],[5.38951,50.5374],[5.3886,50.5374],[5.38793,50.537],[5.38712,50.53701],[5.3867,50.53674],[5.38635,50.53681],[5.38559,50.53654],[5.38532,50.53623],[5.38444,50.53622],[5.3841,50.53594],[5.38346,50.53595],[5.38324,50.53574],[5.38294,50.53593],[5.38236,50.5356],[5.3819,50.53572],[5.3821,50.53598],[5.38164,50.53611],[5.38139,50.53584],[5.3808,50.53635],[5.38065,50.5367],[5.37929,50.53728],[5.37867,50.53711],[5.37842,50.53732],[5.37768,50.53728],[5.37718,50.53751],[5.37698,50.53813],[5.37522,50.53906],[5.37458,50.5395],[5.37335,50.53975],[5.37266,50.53938],[5.37285,50.53913],[5.37171,50.53875],[5.37154,50.538],[5.37083,50.53784],[5.3698,50.53722],[5.36901,50.53704],[5.36787,50.53665],[5.36715,50.53662],[5.3664,50.53603],[5.36577,50.53592],[5.36516,50.53555],[5.36319,50.53493],[5.36217,50.53483],[5.36157,50.53423],[5.36067,50.53418],[5.35993,50.53447],[5.35899,50.5353],[5.35908,50.53567],[5.35857,50.53563],[5.35794,50.53535],[5.35749,50.53547],[5.35652,50.53537],[5.35611,50.5357],[5.35552,50.53568],[5.35516,50.53611],[5.35355,50.53656],[5.35311,50.53642],[5.35269,50.53668],[5.35106,50.53692],[5.35043,50.53675],[5.34996,50.53708],[5.34928,50.53707],[5.34903,50.5365],[5.34864,50.53636],[5.34781,50.53636],[5.34706,50.53615],[5.3465,50.53626],[5.3458,50.53584],[5.34328,50.5357],[5.34242,50.53532],[5.34224,50.53494],[5.341,50.5346],[5.34077,50.53431],[5.34096,50.53386],[5.34022,50.53374],[5.33976,50.53317],[5.33931,50.53308],[5.33931,50.53234],[5.33887,50.53183],[5.3391,50.53141],[5.33837,50.53044],[5.33827,50.52981],[5.33721,50.5285],[5.33678,50.52823],[5.33643,50.52757],[5.33573,50.52765],[5.33569,50.52744],[5.33654,50.52676],[5.33702,50.52677],[5.33776,50.52639],[5.33771,50.5261],[5.33874,50.5259],[5.33943,50.52552],[5.34022,50.52417],[5.34088,50.52361],[5.34141,50.52267],[5.34172,50.52231],[5.34136,50.52198],[5.34149,50.52133],[5.34101,50.52083],[5.34044,50.52061],[5.33988,50.52064],[5.33916,50.5203],[5.33803,50.51956],[5.33742,50.51934],[5.33713,50.51903],[5.33727,50.51852],[5.33675,50.51811],[5.33678,50.51765],[5.33529,50.51696],[5.33491,50.51656],[5.33585,50.5157],[5.33687,50.51568],[5.3387,50.51458],[5.33842,50.51384],[5.3385,50.51335],[5.34088,50.51337],[5.34236,50.5138],[5.34305,50.51363],[5.3439,50.51389],[5.34382,50.51448],[5.34399,50.51556],[5.34517,50.51563],[5.34592,50.51472],[5.34641,50.51387],[5.34722,50.51327],[5.34869,50.51309],[5.34923,50.51231],[5.35001,50.51148],[5.34955,50.51094],[5.35002,50.51073],[5.35038,50.51035],[5.35111,50.51007],[5.35261,50.50971],[5.35438,50.50917],[5.35448,50.50886],[5.35415,50.50833],[5.35461,50.50828],[5.35459,50.50786],[5.35396,50.50749],[5.35393,50.50635],[5.35407,50.50526],[5.35081,50.50485],[5.34753,50.50296],[5.34446,50.50185],[5.34245,50.50095],[5.34126,50.49971],[5.33827,50.49683],[5.33497,50.49468],[5.33426,50.4944],[5.3421,50.49156],[5.34286,50.49],[5.34372,50.48846],[5.34576,50.48942],[5.34794,50.49053],[5.35751,50.49533],[5.35827,50.49878],[5.3583,50.49939],[5.366,50.50132],[5.36927,50.50191],[5.37316,50.50245],[5.3731,50.50317],[5.37531,50.50364],[5.37554,50.50321],[5.37839,50.50377],[5.3826,50.50469],[5.38241,50.50494],[5.38353,50.50526],[5.38372,50.50501],[5.38596,50.5055],[5.386,50.50544],[5.38796,50.5059],[5.38805,50.5062],[5.38943,50.50584],[5.39099,50.50506],[5.3919,50.50524],[5.39271,50.50331],[5.39313,50.5034],[5.39337,50.50281],[5.39392,50.50193],[5.39508,50.50339],[5.39539,50.50342],[5.39632,50.50207],[5.39643,50.5021],[5.39747,50.50056],[5.39713,50.5004],[5.39787,50.49938],[5.39757,50.49875],[5.39715,50.49841],[5.39982,50.49677],[5.40477,50.49309],[5.40588,50.49178],[5.40702,50.48968],[5.40804,50.489],[5.40948,50.48967],[5.41373,50.49348],[5.41481,50.49471],[5.4155,50.49506],[5.41644,50.49629],[5.41815,50.4978],[5.42054,50.49724],[5.41926,50.49524],[5.42008,50.49433],[5.42202,50.49468],[5.42342,50.49517],[5.42513,50.49552],[5.42619,50.49551],[5.42715,50.49605],[5.43093,50.49736],[5.4318,50.4979],[5.43313,50.49731],[5.43341,50.4973],[5.43912,50.49544],[5.44043,50.49514],[5.44146,50.49511],[5.4439,50.4956],[5.44551,50.49433],[5.44853,50.49607],[5.45014,50.49689],[5.44943,50.49842],[5.44932,50.49901],[5.45004,50.49942],[5.44945,50.50098],[5.45146,50.50267],[5.4512,50.503],[5.45197,50.50367],[5.45208,50.50393],[5.45368,50.50438],[5.4547,50.50477],[5.45599,50.50559],[5.45669,50.50642],[5.45761,50.50634],[5.45791,50.5062],[5.45929,50.50637],[5.4596,50.50613],[5.46043,50.50654],[5.46038,50.50682],[5.46201,50.50735],[5.46323,50.50753],[5.46362,50.5096],[5.46288,50.51167],[5.4636,50.51216],[5.46312,50.51258],[5.46346,50.5127],[5.46247,50.51456],[5.46208,50.5152],[5.46248,50.51586],[5.4635,50.51633],[5.46356,50.51612],[5.46415,50.51612],[5.46473,50.51648],[5.46592,50.51666],[5.46796,50.51644],[5.46842,50.51658],[5.46936,50.51657],[5.46977,50.51636],[5.47133,50.51706],[5.47187,50.51753],[5.47245,50.51776],[5.47436,50.51939],[5.47497,50.51952],[5.47497,50.51975],[5.47614,50.52024],[5.47635,50.52058],[5.47694,50.52104],[5.47693,50.5214]]]}},{"type":"Feature","id":"61048","bbox":[5.384279,50.407621,5.536882,50.482752],"properties":{"nis":"61048","name":"Ouffet","nameNl":"Ouffet","nameFr":"Ouffet","nameDe":"Ouffet","province":"liege","region":"wallonia","areaKm2":40.1},"geometry":{"type":"Polygon","coordinates":[[[5.38428,50.44663],[5.40116,50.44429],[5.40288,50.44431],[5.40667,50.44362],[5.41489,50.44536],[5.41522,50.44511],[5.41637,50.44306],[5.42004,50.44007],[5.42136,50.43863],[5.41983,50.43809],[5.4203,50.43757],[5.42003,50.43745],[5.42069,50.43664],[5.42033,50.43648],[5.42146,50.43485],[5.42027,50.43297],[5.42175,50.43092],[5.42191,50.43061],[5.42896,50.43029],[5.42952,50.43028],[5.43095,50.42947],[5.4334,50.42782],[5.43541,50.42602],[5.43374,50.42502],[5.43354,50.4242],[5.43378,50.42393],[5.43499,50.42357],[5.43574,50.42304],[5.43737,50.42229],[5.44082,50.42107],[5.44126,50.42072],[5.44282,50.42048],[5.44374,50.42051],[5.44536,50.42008],[5.44667,50.42006],[5.44884,50.42026],[5.45135,50.42125],[5.45204,50.42144],[5.45321,50.42143],[5.45354,50.42098],[5.45195,50.42045],[5.45126,50.42003],[5.45077,50.41806],[5.45083,50.41758],[5.45134,50.41714],[5.45323,50.41667],[5.45476,50.41612],[5.45576,50.41549],[5.45592,50.41489],[5.45638,50.4142],[5.45791,50.4135],[5.45904,50.41286],[5.45915,50.41259],[5.45873,50.4124],[5.45706,50.41244],[5.4564,50.41227],[5.45609,50.41203],[5.45572,50.41133],[5.45524,50.41134],[5.45545,50.41083],[5.45531,50.41048],[5.45587,50.41022],[5.45603,50.40988],[5.45787,50.40983],[5.45802,50.41018],[5.45867,50.41013],[5.45954,50.40991],[5.46023,50.41003],[5.46046,50.41031],[5.46094,50.41042],[5.46179,50.41024],[5.46269,50.41035],[5.46402,50.40991],[5.46401,50.40951],[5.46487,50.40926],[5.46643,50.40777],[5.46709,50.4078],[5.46772,50.40763],[5.46824,50.40801],[5.46815,50.40843],[5.46867,50.40862],[5.46856,50.40893],[5.469,50.40966],[5.46945,50.40975],[5.46936,50.40999],[5.47037,50.41034],[5.47102,50.41043],[5.47122,50.41064],[5.472,50.4106],[5.47209,50.41082],[5.47299,50.4113],[5.47277,50.41169],[5.47379,50.41188],[5.47363,50.41157],[5.47395,50.41145],[5.47418,50.41194],[5.47489,50.41235],[5.47552,50.41247],[5.47552,50.4133],[5.47589,50.41336],[5.47648,50.41375],[5.47667,50.41426],[5.47739,50.41442],[5.47798,50.41411],[5.47823,50.41425],[5.47815,50.4146],[5.4786,50.41485],[5.47875,50.4145],[5.47919,50.41446],[5.4794,50.41485],[5.4811,50.41559],[5.48206,50.41556],[5.48243,50.41602],[5.48283,50.41568],[5.4834,50.41574],[5.48404,50.41629],[5.48523,50.41606],[5.48628,50.41613],[5.48696,50.41636],[5.48762,50.4164],[5.48943,50.41715],[5.48987,50.41745],[5.4902,50.41839],[5.49081,50.41885],[5.49153,50.41894],[5.49169,50.4193],[5.49229,50.41924],[5.49217,50.41959],[5.49286,50.41975],[5.49332,50.41962],[5.49398,50.41989],[5.49468,50.41987],[5.49519,50.4196],[5.49599,50.41975],[5.49638,50.41963],[5.49735,50.42005],[5.49747,50.42042],[5.49814,50.42029],[5.49871,50.42032],[5.49866,50.42057],[5.4991,50.42105],[5.50032,50.42207],[5.50017,50.42243],[5.50058,50.42266],[5.50079,50.42335],[5.50128,50.42319],[5.50174,50.42364],[5.50393,50.42404],[5.50464,50.42405],[5.50519,50.42428],[5.50618,50.42426],[5.50712,50.42409],[5.50743,50.42436],[5.50894,50.42491],[5.50988,50.4249],[5.51103,50.42516],[5.51176,50.42509],[5.51254,50.42516],[5.51287,50.42501],[5.51289,50.42518],[5.51195,50.42593],[5.51129,50.42631],[5.51049,50.42624],[5.51033,50.42683],[5.51053,50.42763],[5.51122,50.42853],[5.51076,50.42932],[5.51029,50.42973],[5.50892,50.43063],[5.5091,50.43085],[5.5087,50.43147],[5.50837,50.43247],[5.50795,50.43289],[5.50783,50.43351],[5.50829,50.43373],[5.51093,50.43436],[5.51164,50.43463],[5.51307,50.43535],[5.51451,50.43639],[5.51495,50.43697],[5.51698,50.43773],[5.51762,50.43805],[5.51776,50.43773],[5.51838,50.43755],[5.52017,50.43724],[5.52182,50.4374],[5.52282,50.43784],[5.5242,50.43823],[5.52478,50.43813],[5.52607,50.43832],[5.52773,50.43779],[5.52814,50.43782],[5.5288,50.43812],[5.52986,50.43877],[5.53105,50.43887],[5.53204,50.43921],[5.53299,50.4393],[5.53314,50.43945],[5.53232,50.44011],[5.53266,50.44238],[5.53285,50.4429],[5.53338,50.4436],[5.53409,50.44401],[5.53561,50.4445],[5.53502,50.44514],[5.53651,50.4457],[5.53647,50.44597],[5.53688,50.4465],[5.53563,50.44783],[5.53516,50.44894],[5.53481,50.44933],[5.53482,50.44983],[5.53532,50.45047],[5.53511,50.45075],[5.534,50.4512],[5.53287,50.45146],[5.5316,50.45188],[5.53083,50.45233],[5.52939,50.45275],[5.52909,50.45336],[5.52861,50.45377],[5.52794,50.45393],[5.52702,50.45374],[5.52588,50.45337],[5.52446,50.4533],[5.52397,50.45354],[5.52337,50.45424],[5.52342,50.45453],[5.52275,50.455],[5.52118,50.45519],[5.52064,50.45519],[5.51964,50.45439],[5.51897,50.45396],[5.51753,50.45353],[5.51613,50.45326],[5.51464,50.45267],[5.51402,50.4523],[5.51241,50.45104],[5.51173,50.45083],[5.51016,50.45172],[5.50873,50.45311],[5.50819,50.45349],[5.50743,50.45425],[5.50627,50.45516],[5.50599,50.45612],[5.50564,50.45644],[5.50558,50.45754],[5.50558,50.45919],[5.50529,50.45989],[5.50472,50.46052],[5.50073,50.46188],[5.49978,50.46202],[5.49663,50.46193],[5.49526,50.46168],[5.49413,50.46173],[5.49367,50.46158],[5.49262,50.46151],[5.49193,50.46179],[5.48969,50.4623],[5.48955,50.46282],[5.48872,50.46343],[5.48835,50.4635],[5.48731,50.46403],[5.48644,50.46458],[5.48618,50.46516],[5.4862,50.46565],[5.48688,50.46633],[5.48688,50.46654],[5.4862,50.46734],[5.48548,50.46792],[5.48084,50.46623],[5.47924,50.466],[5.47806,50.46573],[5.47784,50.46549],[5.47681,50.46625],[5.47647,50.46672],[5.47601,50.46666],[5.47592,50.4664],[5.47388,50.46545],[5.47191,50.46671],[5.47053,50.46602],[5.46971,50.46668],[5.46696,50.46759],[5.46582,50.46772],[5.46381,50.46821],[5.46366,50.46915],[5.46399,50.46973],[5.46411,50.47148],[5.46378,50.47275],[5.46388,50.47311],[5.46362,50.47415],[5.46279,50.47563],[5.46306,50.47634],[5.46251,50.47764],[5.46211,50.47804],[5.46126,50.47835],[5.46096,50.47905],[5.45996,50.48025],[5.45982,50.48083],[5.45947,50.48104],[5.45972,50.48125],[5.45922,50.48139],[5.45945,50.48229],[5.45988,50.48257],[5.45948,50.48267],[5.45846,50.48256],[5.45841,50.48243],[5.45766,50.48252],[5.456,50.48243],[5.45485,50.48211],[5.45297,50.48142],[5.4516,50.48124],[5.45094,50.48202],[5.44985,50.48163],[5.44759,50.48129],[5.4449,50.48166],[5.4406,50.48128],[5.44236,50.47793],[5.43997,50.4766],[5.43479,50.47408],[5.43332,50.47332],[5.4305,50.47219],[5.42854,50.47122],[5.42968,50.46997],[5.42627,50.46855],[5.42694,50.46782],[5.42539,50.46728],[5.42571,50.46673],[5.42375,50.46612],[5.42642,50.46201],[5.42729,50.46107],[5.42228,50.45933],[5.41977,50.45831],[5.41971,50.4582],[5.4166,50.45672],[5.41287,50.45196],[5.41345,50.44982],[5.40807,50.44894],[5.40644,50.44838],[5.40513,50.44859],[5.4037,50.44906],[5.40349,50.44885],[5.40204,50.4492],[5.40034,50.45056],[5.39642,50.4507],[5.38428,50.44663]]]}},{"type":"Feature","id":"61063","bbox":[5.250693,50.574141,5.349458,50.637164],"properties":{"nis":"61063","name":"Verlaine","nameNl":"Verlaine","nameFr":"Verlaine","nameDe":"Verlaine","province":"liege","region":"wallonia","areaKm2":24.32},"geometry":{"type":"Polygon","coordinates":[[[5.29267,50.57708],[5.29342,50.57678],[5.29279,50.57617],[5.2939,50.57558],[5.29574,50.57414],[5.30066,50.57626],[5.30103,50.57605],[5.30228,50.57587],[5.30177,50.57669],[5.30154,50.57748],[5.30179,50.57802],[5.3021,50.57823],[5.30439,50.57871],[5.30473,50.5781],[5.30516,50.57784],[5.30626,50.57768],[5.30851,50.57777],[5.3087,50.57785],[5.30819,50.57876],[5.31244,50.58018],[5.31693,50.58183],[5.32085,50.58369],[5.32264,50.58807],[5.32336,50.58928],[5.32491,50.58922],[5.3262,50.58931],[5.3262,50.59187],[5.32613,50.59307],[5.32754,50.59282],[5.32735,50.59256],[5.32773,50.59248],[5.3279,50.59277],[5.32855,50.59265],[5.32891,50.59334],[5.33136,50.59255],[5.33249,50.59226],[5.33309,50.59395],[5.33344,50.59387],[5.33387,50.59466],[5.33284,50.59492],[5.33372,50.59559],[5.33467,50.59677],[5.33416,50.59702],[5.33675,50.59883],[5.33701,50.59852],[5.33979,50.59988],[5.33956,50.6004],[5.33811,50.6018],[5.33741,50.60235],[5.33701,50.60282],[5.3373,50.6036],[5.33814,50.60413],[5.33928,50.60541],[5.33901,50.60587],[5.33851,50.6061],[5.33745,50.60634],[5.3373,50.60658],[5.33761,50.60695],[5.33912,50.60812],[5.33971,50.60901],[5.33911,50.60979],[5.33787,50.61036],[5.33703,50.61112],[5.3361,50.61101],[5.33483,50.61196],[5.33522,50.61219],[5.33729,50.61305],[5.33889,50.61418],[5.34199,50.61592],[5.34126,50.61689],[5.34119,50.61791],[5.3406,50.61872],[5.33976,50.61859],[5.33936,50.61959],[5.33829,50.61953],[5.33821,50.62042],[5.33777,50.62042],[5.33775,50.62123],[5.33805,50.62122],[5.33822,50.622],[5.33843,50.62199],[5.33983,50.62486],[5.34052,50.62466],[5.34035,50.62433],[5.34082,50.62429],[5.34105,50.6248],[5.34214,50.62444],[5.34558,50.62684],[5.34653,50.62765],[5.34772,50.62831],[5.34776,50.63063],[5.34878,50.63068],[5.349,50.63212],[5.34946,50.63336],[5.34788,50.63324],[5.34157,50.63282],[5.33752,50.63168],[5.33619,50.63141],[5.3348,50.631],[5.33314,50.63064],[5.33156,50.63041],[5.33015,50.63032],[5.32961,50.63017],[5.32886,50.62973],[5.32727,50.62911],[5.32562,50.62888],[5.3243,50.62814],[5.32377,50.62767],[5.32334,50.62753],[5.32217,50.62752],[5.32019,50.62685],[5.31916,50.62635],[5.31844,50.62617],[5.31729,50.62648],[5.31621,50.62611],[5.31538,50.626],[5.31406,50.62607],[5.31338,50.62638],[5.31257,50.62649],[5.30927,50.6263],[5.30841,50.62619],[5.30613,50.62543],[5.30473,50.62521],[5.30442,50.62568],[5.30269,50.62544],[5.30178,50.62581],[5.30057,50.62597],[5.29724,50.62761],[5.29929,50.62906],[5.29209,50.63329],[5.28959,50.63392],[5.28721,50.63512],[5.2871,50.635],[5.28139,50.63716],[5.27996,50.63659],[5.27977,50.63671],[5.27815,50.63642],[5.27723,50.63587],[5.27448,50.63441],[5.27351,50.63413],[5.27132,50.63316],[5.2694,50.63173],[5.27097,50.63078],[5.27162,50.63123],[5.27305,50.63028],[5.27356,50.63063],[5.27527,50.62956],[5.27624,50.63019],[5.2764,50.62974],[5.27552,50.62919],[5.27747,50.62807],[5.27592,50.62707],[5.27271,50.62555],[5.27497,50.62391],[5.27434,50.62352],[5.2766,50.62201],[5.27561,50.62151],[5.27515,50.62177],[5.2745,50.62127],[5.27537,50.62067],[5.27411,50.61985],[5.27389,50.61999],[5.27262,50.619],[5.27275,50.61894],[5.2721,50.61829],[5.27141,50.61842],[5.27219,50.61925],[5.27123,50.6198],[5.27155,50.62003],[5.27112,50.62024],[5.26945,50.61841],[5.26795,50.61883],[5.26653,50.61895],[5.26514,50.61939],[5.26521,50.61729],[5.26315,50.61695],[5.26029,50.6161],[5.25948,50.61594],[5.26043,50.61482],[5.2599,50.61467],[5.26064,50.61354],[5.25945,50.61327],[5.26011,50.61222],[5.25824,50.61164],[5.25918,50.61053],[5.26011,50.61039],[5.25804,50.61021],[5.25927,50.60976],[5.25872,50.60879],[5.25885,50.60871],[5.25794,50.60772],[5.25831,50.60759],[5.2572,50.60632],[5.25631,50.60492],[5.25586,50.60508],[5.25296,50.60284],[5.25368,50.60233],[5.25263,50.60159],[5.25132,50.60203],[5.25069,50.60168],[5.25164,50.60078],[5.25242,50.5999],[5.25269,50.59873],[5.25294,50.59808],[5.25366,50.59699],[5.25401,50.59549],[5.25392,50.59473],[5.25579,50.59566],[5.25712,50.59612],[5.25873,50.59646],[5.26066,50.5971],[5.26109,50.59669],[5.26217,50.59668],[5.26256,50.59655],[5.26324,50.59601],[5.26732,50.59835],[5.26895,50.59689],[5.27148,50.59808],[5.27243,50.5983],[5.27379,50.59903],[5.27486,50.59842],[5.27602,50.5996],[5.27669,50.59903],[5.27746,50.59868],[5.27911,50.60009],[5.28022,50.60096],[5.28128,50.60165],[5.28235,50.60094],[5.28493,50.60238],[5.28779,50.60403],[5.28965,50.60293],[5.29136,50.60223],[5.29335,50.60171],[5.29263,50.60068],[5.29129,50.59788],[5.28979,50.59559],[5.29268,50.59388],[5.29333,50.59338],[5.29392,50.59322],[5.29482,50.59269],[5.29559,50.59183],[5.2973,50.59021],[5.29292,50.58798],[5.29125,50.58709],[5.28868,50.58621],[5.2897,50.58518],[5.29024,50.58539],[5.29061,50.58507],[5.29033,50.58496],[5.29056,50.58421],[5.29177,50.58199],[5.29398,50.58004],[5.29331,50.57949],[5.29264,50.57916],[5.29329,50.57893],[5.29327,50.57851],[5.29366,50.57838],[5.29371,50.5779],[5.29267,50.57708]]]}},{"type":"Feature","id":"61068","bbox":[5.189612,50.551331,5.297298,50.629753],"properties":{"nis":"61068","name":"Villers-le-Bouillet","nameNl":"Villers-le-Bouillet","nameFr":"Villers-le-Bouillet","nameDe":"Villers-le-Bouillet","province":"liege","region":"wallonia","areaKm2":32.76},"geometry":{"type":"Polygon","coordinates":[[[5.19677,50.62682],[5.19552,50.62579],[5.19349,50.62447],[5.19152,50.62312],[5.19085,50.62109],[5.18987,50.62098],[5.19137,50.62046],[5.19016,50.61994],[5.19304,50.61694],[5.18961,50.61572],[5.19077,50.61468],[5.19121,50.61403],[5.1951,50.61473],[5.19739,50.61268],[5.19845,50.6119],[5.19811,50.61173],[5.20083,50.60964],[5.19904,50.60867],[5.19712,50.60685],[5.19663,50.60651],[5.19642,50.6051],[5.19569,50.60448],[5.195,50.60461],[5.19511,50.60406],[5.194,50.60372],[5.19261,50.60375],[5.19007,50.60303],[5.19024,50.60199],[5.19068,50.60186],[5.19132,50.60213],[5.19183,50.60199],[5.19237,50.60217],[5.19273,50.60029],[5.19486,50.60018],[5.19484,50.59971],[5.19445,50.59871],[5.1944,50.59809],[5.19304,50.59845],[5.19215,50.59733],[5.19178,50.59745],[5.19125,50.59689],[5.19125,50.59651],[5.19355,50.59567],[5.19284,50.59483],[5.19297,50.59453],[5.19259,50.59426],[5.19291,50.59383],[5.19233,50.59344],[5.19228,50.59258],[5.19311,50.59249],[5.19323,50.59216],[5.1918,50.59149],[5.19213,50.59104],[5.19192,50.5905],[5.19279,50.59022],[5.19287,50.58993],[5.19481,50.59082],[5.19515,50.59081],[5.19638,50.59111],[5.19659,50.59104],[5.19823,50.59129],[5.19903,50.59062],[5.19996,50.59011],[5.20058,50.59047],[5.20189,50.59098],[5.20537,50.59215],[5.2059,50.59144],[5.20728,50.58903],[5.20742,50.58784],[5.20741,50.58685],[5.20872,50.58482],[5.20978,50.58409],[5.20977,50.58355],[5.20885,50.5828],[5.20861,50.58244],[5.20873,50.58209],[5.20861,50.58149],[5.20735,50.58092],[5.20645,50.5802],[5.2052,50.57994],[5.20465,50.57971],[5.20347,50.5788],[5.20361,50.57862],[5.20465,50.57831],[5.20692,50.57746],[5.2081,50.57695],[5.20797,50.57631],[5.20817,50.57512],[5.21431,50.57819],[5.21501,50.57817],[5.21791,50.57782],[5.21848,50.57768],[5.21846,50.57735],[5.21994,50.5777],[5.22016,50.57746],[5.22405,50.57773],[5.22558,50.57819],[5.2275,50.57913],[5.22907,50.57962],[5.22975,50.58007],[5.23333,50.58183],[5.23325,50.582],[5.23508,50.58236],[5.2377,50.58259],[5.23762,50.58231],[5.23805,50.5822],[5.23961,50.58262],[5.23977,50.58253],[5.24226,50.57934],[5.24426,50.57721],[5.248,50.57465],[5.24852,50.57444],[5.24894,50.57401],[5.24936,50.57318],[5.25188,50.57062],[5.25266,50.56933],[5.25258,50.56896],[5.25366,50.56739],[5.25429,50.56762],[5.25454,50.56742],[5.2553,50.56731],[5.25612,50.56586],[5.25593,50.563],[5.25655,50.56275],[5.25687,50.56159],[5.25722,50.56144],[5.25756,50.56087],[5.25847,50.56034],[5.25642,50.55922],[5.2573,50.55827],[5.25811,50.55709],[5.25862,50.5566],[5.25883,50.55552],[5.25937,50.55328],[5.25997,50.55326],[5.26007,50.55398],[5.26084,50.55408],[5.26169,50.55439],[5.26358,50.55487],[5.26513,50.5547],[5.26551,50.55416],[5.26587,50.55278],[5.26561,50.55187],[5.26629,50.55179],[5.26858,50.55133],[5.26935,50.5514],[5.27119,50.55218],[5.27293,50.55255],[5.27501,50.55282],[5.27624,50.55327],[5.27718,50.55378],[5.27745,50.55448],[5.2781,50.55481],[5.27825,50.5552],[5.27879,50.55526],[5.27918,50.55568],[5.2798,50.55566],[5.2808,50.55595],[5.28112,50.55633],[5.28091,50.55689],[5.28113,50.55746],[5.28075,50.55889],[5.2812,50.55906],[5.28095,50.55943],[5.28139,50.55988],[5.28213,50.55991],[5.2824,50.56031],[5.28261,50.56011],[5.28323,50.56086],[5.2836,50.56092],[5.28382,50.56144],[5.28467,50.56162],[5.28557,50.56264],[5.28592,50.56268],[5.28595,50.56304],[5.28643,50.56331],[5.2859,50.5646],[5.28647,50.56456],[5.28793,50.56606],[5.28822,50.56617],[5.28791,50.56661],[5.28816,50.56722],[5.28642,50.56714],[5.28573,50.56769],[5.2852,50.56876],[5.28749,50.56952],[5.28852,50.57001],[5.28603,50.57012],[5.28543,50.57136],[5.28568,50.57246],[5.28615,50.57338],[5.28617,50.57374],[5.28655,50.57408],[5.2873,50.57433],[5.28839,50.5744],[5.28875,50.57468],[5.28887,50.57513],[5.28957,50.57576],[5.29029,50.57537],[5.29188,50.57649],[5.29208,50.57677],[5.29267,50.57708],[5.29371,50.5779],[5.29366,50.57838],[5.29327,50.57851],[5.29329,50.57893],[5.29264,50.57916],[5.29331,50.57949],[5.29398,50.58004],[5.29177,50.58199],[5.29056,50.58421],[5.29033,50.58496],[5.29061,50.58507],[5.29024,50.58539],[5.2897,50.58518],[5.28868,50.58621],[5.29125,50.58709],[5.29292,50.58798],[5.2973,50.59021],[5.29559,50.59183],[5.29482,50.59269],[5.29392,50.59322],[5.29333,50.59338],[5.29268,50.59388],[5.28979,50.59559],[5.29129,50.59788],[5.29263,50.60068],[5.29335,50.60171],[5.29136,50.60223],[5.28965,50.60293],[5.28779,50.60403],[5.28493,50.60238],[5.28235,50.60094],[5.28128,50.60165],[5.28022,50.60096],[5.27911,50.60009],[5.27746,50.59868],[5.27669,50.59903],[5.27602,50.5996],[5.27486,50.59842],[5.27379,50.59903],[5.27243,50.5983],[5.27148,50.59808],[5.26895,50.59689],[5.26732,50.59835],[5.26324,50.59601],[5.26256,50.59655],[5.26217,50.59668],[5.26109,50.59669],[5.26066,50.5971],[5.25873,50.59646],[5.25712,50.59612],[5.25579,50.59566],[5.25392,50.59473],[5.25401,50.59549],[5.25366,50.59699],[5.25294,50.59808],[5.25269,50.59873],[5.25242,50.5999],[5.25164,50.60078],[5.25069,50.60168],[5.25132,50.60203],[5.25263,50.60159],[5.25368,50.60233],[5.25296,50.60284],[5.25586,50.60508],[5.25631,50.60492],[5.2572,50.60632],[5.25831,50.60759],[5.25794,50.60772],[5.25885,50.60871],[5.25872,50.60879],[5.25927,50.60976],[5.25804,50.61021],[5.26011,50.61039],[5.25918,50.61053],[5.25824,50.61164],[5.26011,50.61222],[5.25945,50.61327],[5.26064,50.61354],[5.2599,50.61467],[5.26043,50.61482],[5.25948,50.61594],[5.25812,50.61575],[5.25805,50.61593],[5.25737,50.61591],[5.25719,50.61619],[5.2564,50.61649],[5.25495,50.61748],[5.25611,50.61823],[5.25561,50.6186],[5.25198,50.61625],[5.24997,50.6185],[5.24908,50.61823],[5.24963,50.61752],[5.2493,50.6174],[5.24876,50.61814],[5.24796,50.62029],[5.24733,50.62184],[5.24781,50.622],[5.24607,50.62299],[5.24416,50.62236],[5.24246,50.62355],[5.24214,50.62331],[5.24036,50.62422],[5.23905,50.62315],[5.2371,50.62411],[5.23628,50.62354],[5.23535,50.62423],[5.23554,50.62438],[5.23503,50.62483],[5.23367,50.62421],[5.23357,50.62429],[5.23177,50.62355],[5.23161,50.62378],[5.23057,50.62363],[5.22768,50.62277],[5.22596,50.62205],[5.22608,50.62199],[5.22459,50.62171],[5.22162,50.62135],[5.21954,50.62193],[5.21801,50.62341],[5.21736,50.62395],[5.21556,50.62348],[5.2147,50.62346],[5.21211,50.62409],[5.21073,50.62423],[5.20922,50.62494],[5.20951,50.62517],[5.20866,50.62563],[5.20893,50.62584],[5.2084,50.62613],[5.20928,50.62687],[5.20947,50.62724],[5.20808,50.62807],[5.20711,50.62731],[5.20684,50.62749],[5.20587,50.62665],[5.20238,50.62975],[5.2013,50.62902],[5.20108,50.62916],[5.20022,50.62856],[5.20065,50.62827],[5.19912,50.62739],[5.19814,50.62801],[5.19677,50.62682]]]}},{"type":"Feature","id":"61072","bbox":[5.132168,50.508575,5.265871,50.582618],"properties":{"nis":"61072","name":"Wanze","nameNl":"Wanze","nameFr":"Wanze","nameDe":"Wanze","province":"liege","region":"wallonia","areaKm2":43.95},"geometry":{"type":"Polygon","coordinates":[[[5.14235,50.51211],[5.14286,50.51114],[5.14489,50.50858],[5.14494,50.50858],[5.14744,50.50947],[5.15027,50.5106],[5.15387,50.5113],[5.16074,50.51232],[5.16616,50.51319],[5.1787,50.51637],[5.18824,50.51771],[5.19108,50.51855],[5.19243,50.51938],[5.1937,50.52127],[5.19527,50.52291],[5.19743,50.52434],[5.19997,50.52574],[5.20307,50.5268],[5.2065,50.52741],[5.20891,50.52777],[5.21257,50.52806],[5.2144,50.52794],[5.21725,50.52768],[5.21762,50.52836],[5.21807,50.52865],[5.21881,50.52886],[5.21926,50.52882],[5.21996,50.52842],[5.2205,50.52861],[5.22035,50.52927],[5.21891,50.52952],[5.21853,50.52973],[5.219,50.53046],[5.21844,50.53094],[5.21838,50.53184],[5.2192,50.53207],[5.22013,50.53214],[5.22135,50.53271],[5.22438,50.53379],[5.22821,50.53481],[5.22912,50.53524],[5.2294,50.53461],[5.22977,50.53484],[5.2321,50.53553],[5.2359,50.53642],[5.24165,50.53769],[5.24341,50.53805],[5.24494,50.53812],[5.24777,50.53868],[5.24918,50.53887],[5.24969,50.53742],[5.25061,50.53548],[5.25608,50.53741],[5.25741,50.53776],[5.2598,50.53822],[5.26116,50.53833],[5.26246,50.5383],[5.2625,50.53873],[5.26226,50.53964],[5.26253,50.54017],[5.26295,50.54047],[5.26288,50.54095],[5.26338,50.54143],[5.26331,50.54193],[5.26298,50.54221],[5.26218,50.54363],[5.26189,50.54436],[5.26202,50.54491],[5.26375,50.54748],[5.26291,50.54826],[5.26349,50.54921],[5.26365,50.55102],[5.26543,50.55169],[5.26561,50.55187],[5.26587,50.55278],[5.26551,50.55416],[5.26513,50.5547],[5.26358,50.55487],[5.26169,50.55439],[5.26084,50.55408],[5.26007,50.55398],[5.25997,50.55326],[5.25937,50.55328],[5.25883,50.55552],[5.25862,50.5566],[5.25811,50.55709],[5.2573,50.55827],[5.25642,50.55922],[5.25847,50.56034],[5.25756,50.56087],[5.25722,50.56144],[5.25687,50.56159],[5.25655,50.56275],[5.25593,50.563],[5.25612,50.56586],[5.2553,50.56731],[5.25454,50.56742],[5.25429,50.56762],[5.25366,50.56739],[5.25258,50.56896],[5.25266,50.56933],[5.25188,50.57062],[5.24936,50.57318],[5.24894,50.57401],[5.24852,50.57444],[5.248,50.57465],[5.24426,50.57721],[5.24226,50.57934],[5.23977,50.58253],[5.23961,50.58262],[5.23805,50.5822],[5.23762,50.58231],[5.2377,50.58259],[5.23508,50.58236],[5.23325,50.582],[5.23333,50.58183],[5.22975,50.58007],[5.22907,50.57962],[5.2275,50.57913],[5.22558,50.57819],[5.22405,50.57773],[5.22016,50.57746],[5.21994,50.5777],[5.21846,50.57735],[5.21848,50.57768],[5.21791,50.57782],[5.21501,50.57817],[5.21431,50.57819],[5.20817,50.57512],[5.20772,50.57491],[5.20504,50.57399],[5.19529,50.57078],[5.1934,50.57229],[5.19203,50.57228],[5.19164,50.57283],[5.19076,50.57374],[5.18844,50.57258],[5.18656,50.57399],[5.18568,50.57483],[5.18454,50.57466],[5.18398,50.57592],[5.18285,50.57578],[5.18152,50.57616],[5.18067,50.57592],[5.1779,50.57542],[5.17756,50.57698],[5.17552,50.57703],[5.17291,50.5775],[5.17164,50.57834],[5.17168,50.57866],[5.17089,50.57884],[5.1699,50.57968],[5.16929,50.57951],[5.16888,50.57967],[5.16849,50.57936],[5.16863,50.57892],[5.16798,50.57913],[5.16789,50.57881],[5.16742,50.57843],[5.16708,50.57864],[5.16692,50.57905],[5.16561,50.5784],[5.16478,50.57764],[5.16423,50.57733],[5.16288,50.57719],[5.16257,50.57747],[5.16098,50.57757],[5.16019,50.57769],[5.16104,50.57712],[5.16187,50.57613],[5.16191,50.57569],[5.16175,50.57501],[5.16122,50.57434],[5.16029,50.57345],[5.15996,50.57271],[5.15996,50.57241],[5.16043,50.57217],[5.16013,50.57167],[5.16061,50.57154],[5.16115,50.57164],[5.16153,50.57061],[5.15961,50.57065],[5.15791,50.57053],[5.1579,50.57005],[5.15592,50.57024],[5.1552,50.57016],[5.15421,50.57028],[5.15386,50.57],[5.15394,50.56968],[5.15104,50.56945],[5.15117,50.56869],[5.15118,50.56779],[5.14994,50.56777],[5.14665,50.56746],[5.14643,50.56722],[5.14664,50.56631],[5.14155,50.56557],[5.14111,50.56509],[5.13951,50.56554],[5.13549,50.56579],[5.13478,50.56508],[5.13401,50.56457],[5.13355,50.56384],[5.13309,50.56279],[5.13269,50.56182],[5.13238,50.56036],[5.13245,50.56036],[5.13217,50.55897],[5.1332,50.55816],[5.13379,50.55725],[5.13604,50.55579],[5.1379,50.55523],[5.14125,50.55318],[5.14248,50.55202],[5.14214,50.55159],[5.1393,50.55016],[5.1396,50.54959],[5.13956,50.54868],[5.13587,50.54656],[5.13514,50.54611],[5.14199,50.54446],[5.14698,50.5431],[5.14802,50.54258],[5.14656,50.54167],[5.14786,50.5414],[5.14964,50.54057],[5.15099,50.54021],[5.15207,50.54117],[5.15972,50.54035],[5.16421,50.54057],[5.16573,50.53951],[5.16739,50.53897],[5.17153,50.53675],[5.17248,50.53564],[5.16964,50.5345],[5.16904,50.53456],[5.16824,50.53418],[5.16904,50.53326],[5.16705,50.53245],[5.16811,50.53097],[5.16176,50.52825],[5.16143,50.52732],[5.15896,50.52574],[5.15606,50.52403],[5.15601,50.52348],[5.15417,50.52235],[5.15385,50.52117],[5.15469,50.52079],[5.15057,50.51938],[5.14756,50.51774],[5.14684,50.51693],[5.14654,50.51754],[5.14554,50.517],[5.14455,50.51679],[5.14319,50.51614],[5.14277,50.5154],[5.1415,50.51545],[5.13926,50.5154],[5.13871,50.51461],[5.13955,50.5137],[5.14083,50.51292],[5.14235,50.51211]]]}},{"type":"Feature","id":"61079","bbox":[5.4379,50.45758,5.553786,50.522965],"properties":{"nis":"61079","name":"Anthisnes","nameNl":"Anthisnes","nameFr":"Anthisnes","nameDe":"Anthisnes","province":"liege","region":"wallonia","areaKm2":37.16},"geometry":{"type":"Polygon","coordinates":[[[5.4406,50.48128],[5.4449,50.48166],[5.44759,50.48129],[5.44985,50.48163],[5.45094,50.48202],[5.4516,50.48124],[5.45297,50.48142],[5.45485,50.48211],[5.456,50.48243],[5.45766,50.48252],[5.45841,50.48243],[5.45846,50.48256],[5.45948,50.48267],[5.45988,50.48257],[5.45945,50.48229],[5.45922,50.48139],[5.45972,50.48125],[5.45947,50.48104],[5.45982,50.48083],[5.45996,50.48025],[5.46096,50.47905],[5.46126,50.47835],[5.46211,50.47804],[5.46251,50.47764],[5.46306,50.47634],[5.46279,50.47563],[5.46362,50.47415],[5.46388,50.47311],[5.46378,50.47275],[5.46411,50.47148],[5.46399,50.46973],[5.46366,50.46915],[5.46381,50.46821],[5.46582,50.46772],[5.46696,50.46759],[5.46971,50.46668],[5.47053,50.46602],[5.47191,50.46671],[5.47388,50.46545],[5.47592,50.4664],[5.47601,50.46666],[5.47647,50.46672],[5.47681,50.46625],[5.47784,50.46549],[5.47806,50.46573],[5.47924,50.466],[5.48084,50.46623],[5.48548,50.46792],[5.4862,50.46734],[5.48688,50.46654],[5.48688,50.46633],[5.4862,50.46565],[5.48618,50.46516],[5.48644,50.46458],[5.48731,50.46403],[5.48835,50.4635],[5.48872,50.46343],[5.48955,50.46282],[5.48969,50.4623],[5.49193,50.46179],[5.49262,50.46151],[5.49367,50.46158],[5.49413,50.46173],[5.49526,50.46168],[5.49663,50.46193],[5.49978,50.46202],[5.50073,50.46188],[5.50472,50.46052],[5.50729,50.4612],[5.5089,50.46169],[5.51159,50.46231],[5.51315,50.46242],[5.51345,50.46208],[5.51384,50.46227],[5.51658,50.46314],[5.51716,50.463],[5.51695,50.46135],[5.51626,50.46041],[5.51843,50.46028],[5.52076,50.4599],[5.52118,50.45994],[5.52406,50.46091],[5.52597,50.46076],[5.52772,50.45812],[5.5298,50.45789],[5.53131,50.45789],[5.53248,50.45758],[5.53359,50.4585],[5.5348,50.45928],[5.5352,50.45919],[5.53679,50.45926],[5.53812,50.45978],[5.53952,50.46047],[5.54066,50.46088],[5.54095,50.46114],[5.54196,50.46135],[5.54015,50.46272],[5.53948,50.46312],[5.53816,50.46435],[5.53532,50.46727],[5.54138,50.47198],[5.54517,50.4729],[5.54518,50.47361],[5.54535,50.47449],[5.54611,50.47686],[5.54648,50.47755],[5.54674,50.47862],[5.54677,50.47944],[5.54661,50.48042],[5.54895,50.4805],[5.54874,50.48383],[5.5496,50.48401],[5.54927,50.48515],[5.54957,50.48577],[5.55081,50.48673],[5.55095,50.48729],[5.55083,50.48795],[5.55274,50.48855],[5.55379,50.49125],[5.55284,50.49342],[5.55115,50.49367],[5.55099,50.49458],[5.55115,50.49549],[5.54872,50.49561],[5.54903,50.49587],[5.55018,50.49602],[5.55179,50.49642],[5.55122,50.49825],[5.55093,50.49887],[5.55042,50.4995],[5.54967,50.50018],[5.54823,50.50083],[5.54752,50.50136],[5.54702,50.50196],[5.5465,50.50314],[5.54564,50.50562],[5.54539,50.50545],[5.5447,50.50537],[5.54448,50.50516],[5.54333,50.50503],[5.5424,50.50502],[5.54198,50.50518],[5.54034,50.50517],[5.53924,50.50523],[5.53857,50.50508],[5.53808,50.50513],[5.53716,50.50486],[5.53636,50.50477],[5.53583,50.50457],[5.53512,50.50453],[5.53311,50.50391],[5.53083,50.50378],[5.53017,50.50353],[5.52911,50.50346],[5.52835,50.50447],[5.5278,50.50424],[5.5273,50.50424],[5.52738,50.50446],[5.52606,50.50441],[5.52607,50.50473],[5.52466,50.50464],[5.52386,50.50476],[5.52333,50.50525],[5.52236,50.50537],[5.5205,50.50538],[5.52064,50.50558],[5.52071,50.50718],[5.521,50.50772],[5.52169,50.50752],[5.52196,50.50776],[5.52163,50.50818],[5.52324,50.50846],[5.52348,50.50811],[5.52395,50.50829],[5.52402,50.5089],[5.52484,50.50926],[5.52472,50.50983],[5.52326,50.50989],[5.52158,50.50954],[5.51929,50.50913],[5.51766,50.50875],[5.51649,50.50841],[5.51564,50.50882],[5.51389,50.50935],[5.51445,50.50987],[5.51403,50.51002],[5.51554,50.5105],[5.51591,50.51102],[5.51787,50.51181],[5.51821,50.51209],[5.51797,50.51276],[5.51706,50.51381],[5.51571,50.5147],[5.51419,50.51526],[5.51707,50.51613],[5.51618,50.51752],[5.51482,50.51673],[5.51283,50.51642],[5.51135,50.51608],[5.51053,50.51578],[5.50892,50.51534],[5.50778,50.5151],[5.50865,50.51346],[5.50632,50.51257],[5.50499,50.51222],[5.50444,50.5128],[5.50294,50.51374],[5.5001,50.51808],[5.49949,50.51785],[5.49894,50.51743],[5.49887,50.51707],[5.49847,50.51707],[5.49743,50.51796],[5.49844,50.51833],[5.49878,50.51901],[5.49834,50.52022],[5.49931,50.52101],[5.50148,50.52252],[5.50077,50.52258],[5.50009,50.52281],[5.4989,50.52289],[5.49652,50.52297],[5.49437,50.52284],[5.49376,50.52271],[5.49282,50.52222],[5.49132,50.52176],[5.49001,50.52176],[5.48929,50.52222],[5.48875,50.52217],[5.48742,50.52236],[5.48569,50.52194],[5.48434,50.52113],[5.48209,50.52028],[5.48156,50.52013],[5.48105,50.52028],[5.48046,50.52081],[5.4793,50.52126],[5.47887,50.52158],[5.47785,50.52167],[5.47693,50.5214],[5.47694,50.52104],[5.47635,50.52058],[5.47614,50.52024],[5.47497,50.51975],[5.47497,50.51952],[5.47436,50.51939],[5.47245,50.51776],[5.47187,50.51753],[5.47133,50.51706],[5.46977,50.51636],[5.46936,50.51657],[5.46842,50.51658],[5.46796,50.51644],[5.46592,50.51666],[5.46473,50.51648],[5.46415,50.51612],[5.46356,50.51612],[5.4635,50.51633],[5.46248,50.51586],[5.46208,50.5152],[5.46247,50.51456],[5.46346,50.5127],[5.46312,50.51258],[5.4636,50.51216],[5.46288,50.51167],[5.46362,50.5096],[5.46323,50.50753],[5.46201,50.50735],[5.46038,50.50682],[5.46043,50.50654],[5.4596,50.50613],[5.45929,50.50637],[5.45791,50.5062],[5.45761,50.50634],[5.45669,50.50642],[5.45599,50.50559],[5.4547,50.50477],[5.45368,50.50438],[5.45208,50.50393],[5.45197,50.50367],[5.4512,50.503],[5.45146,50.50267],[5.44945,50.50098],[5.45004,50.49942],[5.44932,50.49901],[5.44943,50.49842],[5.45014,50.49689],[5.44853,50.49607],[5.44551,50.49433],[5.44503,50.49376],[5.44439,50.49324],[5.44277,50.49225],[5.44204,50.49192],[5.44024,50.49171],[5.4379,50.48993],[5.43805,50.48808],[5.43841,50.4868],[5.43891,50.48536],[5.43926,50.48392],[5.43998,50.48227],[5.4406,50.48128]]]}},{"type":"Feature","id":"61080","bbox":[5.333513,50.531915,5.440695,50.593051],"properties":{"nis":"61080","name":"Engis","nameNl":"Engis","nameFr":"Engis","nameDe":"Engis","province":"liege","region":"wallonia","areaKm2":27.71},"geometry":{"type":"Polygon","coordinates":[[[5.34328,50.5357],[5.3458,50.53584],[5.3465,50.53626],[5.34706,50.53615],[5.34781,50.53636],[5.34864,50.53636],[5.34903,50.5365],[5.34928,50.53707],[5.34996,50.53708],[5.35043,50.53675],[5.35106,50.53692],[5.35269,50.53668],[5.35311,50.53642],[5.35355,50.53656],[5.35516,50.53611],[5.35552,50.53568],[5.35611,50.5357],[5.35652,50.53537],[5.35749,50.53547],[5.35794,50.53535],[5.35857,50.53563],[5.35908,50.53567],[5.35899,50.5353],[5.35993,50.53447],[5.36067,50.53418],[5.36157,50.53423],[5.36217,50.53483],[5.36319,50.53493],[5.36516,50.53555],[5.36577,50.53592],[5.3664,50.53603],[5.36715,50.53662],[5.36787,50.53665],[5.36901,50.53704],[5.3698,50.53722],[5.37083,50.53784],[5.37154,50.538],[5.37171,50.53875],[5.37285,50.53913],[5.37266,50.53938],[5.37335,50.53975],[5.37458,50.5395],[5.37522,50.53906],[5.37698,50.53813],[5.37718,50.53751],[5.37768,50.53728],[5.37842,50.53732],[5.37867,50.53711],[5.37929,50.53728],[5.38065,50.5367],[5.3808,50.53635],[5.38139,50.53584],[5.38164,50.53611],[5.3821,50.53598],[5.3819,50.53572],[5.38236,50.5356],[5.38294,50.53593],[5.38324,50.53574],[5.38346,50.53595],[5.3841,50.53594],[5.38444,50.53622],[5.38532,50.53623],[5.38559,50.53654],[5.38635,50.53681],[5.3867,50.53674],[5.38712,50.53701],[5.38793,50.537],[5.3886,50.5374],[5.38951,50.5374],[5.38995,50.53764],[5.38971,50.53793],[5.39072,50.53851],[5.39171,50.53872],[5.39378,50.53876],[5.39428,50.53854],[5.39657,50.53842],[5.3988,50.539],[5.39906,50.53921],[5.40173,50.53995],[5.40286,50.53867],[5.40263,50.53862],[5.40383,50.53761],[5.40756,50.53768],[5.41918,50.54389],[5.42025,50.54324],[5.41983,50.54301],[5.42087,50.54226],[5.41856,50.5404],[5.42333,50.53735],[5.42463,50.53916],[5.42621,50.53846],[5.42492,50.53685],[5.42571,50.53649],[5.42741,50.53784],[5.42842,50.53765],[5.42767,50.53561],[5.42801,50.53531],[5.42762,50.53508],[5.42811,50.53492],[5.42773,50.53473],[5.42806,50.53354],[5.42915,50.53191],[5.43274,50.53351],[5.43342,50.53369],[5.43497,50.53431],[5.43671,50.5351],[5.43881,50.53883],[5.43941,50.54012],[5.44069,50.54137],[5.44054,50.54166],[5.43675,50.54497],[5.43562,50.54608],[5.4343,50.54716],[5.4345,50.5473],[5.43274,50.5493],[5.4321,50.54993],[5.43084,50.55064],[5.42775,50.5519],[5.42701,50.55212],[5.42557,50.55242],[5.42478,50.55246],[5.42443,50.55266],[5.42442,50.55328],[5.424,50.55349],[5.42364,50.55457],[5.42314,50.55515],[5.42287,50.5557],[5.42298,50.55615],[5.42268,50.55648],[5.42297,50.55689],[5.42291,50.55753],[5.42333,50.55819],[5.42393,50.55862],[5.42391,50.55896],[5.42428,50.55933],[5.42425,50.55982],[5.42459,50.56001],[5.42497,50.5606],[5.4249,50.56103],[5.42513,50.56134],[5.42519,50.5624],[5.42501,50.56328],[5.42535,50.56396],[5.42713,50.56416],[5.428,50.56461],[5.42899,50.5646],[5.42842,50.5655],[5.42504,50.57115],[5.42125,50.57457],[5.42095,50.57481],[5.41965,50.5753],[5.41834,50.57721],[5.41405,50.57737],[5.41153,50.57743],[5.41146,50.5781],[5.413,50.57859],[5.41336,50.57884],[5.41563,50.57953],[5.41541,50.58021],[5.41402,50.58221],[5.41365,50.58298],[5.41616,50.58352],[5.41402,50.58549],[5.41441,50.5857],[5.41415,50.58596],[5.41409,50.58652],[5.41359,50.58708],[5.41345,50.58765],[5.41362,50.58797],[5.41334,50.58858],[5.41286,50.58884],[5.41182,50.58864],[5.41072,50.58866],[5.40971,50.58967],[5.41008,50.58999],[5.40925,50.59084],[5.40759,50.59212],[5.40483,50.59305],[5.40452,50.59264],[5.40377,50.59214],[5.40294,50.59228],[5.40217,50.59263],[5.40173,50.59266],[5.39941,50.59246],[5.39803,50.59211],[5.39704,50.59223],[5.39579,50.59201],[5.39435,50.59132],[5.39431,50.59052],[5.39443,50.5898],[5.39413,50.5888],[5.39169,50.58805],[5.39141,50.58695],[5.38769,50.58503],[5.38797,50.58476],[5.38733,50.58439],[5.38594,50.58393],[5.38395,50.58338],[5.38361,50.58324],[5.38025,50.58065],[5.37978,50.58037],[5.37951,50.58056],[5.3788,50.58033],[5.37683,50.57946],[5.37506,50.57788],[5.3749,50.57665],[5.37506,50.5762],[5.37628,50.57541],[5.3772,50.57501],[5.37749,50.57465],[5.37697,50.57397],[5.37703,50.57359],[5.37747,50.57323],[5.37809,50.57307],[5.37985,50.57298],[5.38068,50.57256],[5.38106,50.57124],[5.38234,50.5707],[5.37901,50.56998],[5.37558,50.56918],[5.37331,50.5686],[5.36931,50.56729],[5.36703,50.56662],[5.36252,50.56574],[5.35943,50.56501],[5.35636,50.5642],[5.35198,50.56287],[5.34617,50.56077],[5.34078,50.5588],[5.33685,50.55696],[5.33511,50.55593],[5.33419,50.55517],[5.33356,50.55385],[5.33351,50.55266],[5.33372,50.55142],[5.33467,50.54863],[5.33509,50.547],[5.33503,50.54641],[5.33672,50.54603],[5.33731,50.54485],[5.33767,50.54485],[5.33818,50.54437],[5.33932,50.54225],[5.34049,50.54161],[5.33987,50.54127],[5.33908,50.54103],[5.3395,50.54049],[5.34053,50.53837],[5.34128,50.53757],[5.34155,50.53685],[5.34152,50.53643],[5.34328,50.5357]]]}},{"type":"Feature","id":"61081","bbox":[5.308104,50.446635,5.445508,50.5062],"properties":{"nis":"61081","name":"Tinlot","nameNl":"Tinlot","nameFr":"Tinlot","nameDe":"Tinlot","province":"liege","region":"wallonia","areaKm2":37.1},"geometry":{"type":"Polygon","coordinates":[[[5.33329,50.45487],[5.33484,50.45533],[5.33495,50.45522],[5.33763,50.45614],[5.33745,50.45649],[5.34162,50.45792],[5.34154,50.45796],[5.3439,50.45872],[5.34371,50.45915],[5.34471,50.45954],[5.34514,50.45906],[5.34579,50.45802],[5.34768,50.45871],[5.34855,50.45795],[5.34957,50.45835],[5.35054,50.45743],[5.35288,50.45826],[5.35598,50.45927],[5.3589,50.46053],[5.36125,50.46146],[5.36188,50.46087],[5.3621,50.46043],[5.36245,50.46022],[5.36192,50.45965],[5.36399,50.45763],[5.36521,50.45664],[5.36639,50.45714],[5.36798,50.45579],[5.36899,50.45647],[5.3699,50.45689],[5.37574,50.45047],[5.37822,50.44772],[5.38121,50.4486],[5.38428,50.44663],[5.39642,50.4507],[5.40034,50.45056],[5.40204,50.4492],[5.40349,50.44885],[5.4037,50.44906],[5.40513,50.44859],[5.40644,50.44838],[5.40807,50.44894],[5.41345,50.44982],[5.41287,50.45196],[5.4166,50.45672],[5.41971,50.4582],[5.41977,50.45831],[5.42228,50.45933],[5.42729,50.46107],[5.42642,50.46201],[5.42375,50.46612],[5.42571,50.46673],[5.42539,50.46728],[5.42694,50.46782],[5.42627,50.46855],[5.42968,50.46997],[5.42854,50.47122],[5.4305,50.47219],[5.43332,50.47332],[5.43479,50.47408],[5.43997,50.4766],[5.44236,50.47793],[5.4406,50.48128],[5.43998,50.48227],[5.43926,50.48392],[5.43891,50.48536],[5.43841,50.4868],[5.43805,50.48808],[5.4379,50.48993],[5.44024,50.49171],[5.44204,50.49192],[5.44277,50.49225],[5.44439,50.49324],[5.44503,50.49376],[5.44551,50.49433],[5.4439,50.4956],[5.44146,50.49511],[5.44043,50.49514],[5.43912,50.49544],[5.43341,50.4973],[5.43313,50.49731],[5.4318,50.4979],[5.43093,50.49736],[5.42715,50.49605],[5.42619,50.49551],[5.42513,50.49552],[5.42342,50.49517],[5.42202,50.49468],[5.42008,50.49433],[5.41926,50.49524],[5.42054,50.49724],[5.41815,50.4978],[5.41644,50.49629],[5.4155,50.49506],[5.41481,50.49471],[5.41373,50.49348],[5.40948,50.48967],[5.40804,50.489],[5.40702,50.48968],[5.40588,50.49178],[5.40477,50.49309],[5.39982,50.49677],[5.39715,50.49841],[5.39757,50.49875],[5.39787,50.49938],[5.39713,50.5004],[5.39747,50.50056],[5.39643,50.5021],[5.39632,50.50207],[5.39539,50.50342],[5.39508,50.50339],[5.39392,50.50193],[5.39337,50.50281],[5.39313,50.5034],[5.39271,50.50331],[5.3919,50.50524],[5.39099,50.50506],[5.38943,50.50584],[5.38805,50.5062],[5.38796,50.5059],[5.386,50.50544],[5.38596,50.5055],[5.38372,50.50501],[5.38353,50.50526],[5.38241,50.50494],[5.3826,50.50469],[5.37839,50.50377],[5.37554,50.50321],[5.37531,50.50364],[5.3731,50.50317],[5.37316,50.50245],[5.36927,50.50191],[5.366,50.50132],[5.3583,50.49939],[5.35827,50.49878],[5.35751,50.49533],[5.34794,50.49053],[5.34576,50.48942],[5.34372,50.48846],[5.34362,50.48844],[5.34175,50.48526],[5.33885,50.48057],[5.33807,50.48006],[5.33764,50.48033],[5.33619,50.47961],[5.33331,50.47863],[5.33164,50.47813],[5.33082,50.47811],[5.33037,50.47796],[5.33063,50.4777],[5.32991,50.47732],[5.32809,50.47653],[5.32735,50.47679],[5.3253,50.47614],[5.32239,50.47498],[5.31975,50.47361],[5.31667,50.4723],[5.31099,50.47053],[5.31133,50.47004],[5.30965,50.46952],[5.31089,50.46771],[5.31079,50.46767],[5.31161,50.46663],[5.3081,50.46544],[5.30944,50.46416],[5.31001,50.46279],[5.31011,50.46222],[5.30835,50.4621],[5.30889,50.46121],[5.30828,50.46101],[5.309,50.46],[5.31086,50.46053],[5.31098,50.46022],[5.31229,50.46042],[5.31237,50.46008],[5.31226,50.4592],[5.30961,50.45804],[5.31034,50.45674],[5.31169,50.45706],[5.31183,50.45652],[5.31334,50.455],[5.31243,50.45458],[5.31603,50.45233],[5.31761,50.45139],[5.31847,50.45214],[5.31871,50.45196],[5.32003,50.45265],[5.32065,50.45285],[5.3217,50.45359],[5.32139,50.45387],[5.32224,50.45508],[5.32283,50.45543],[5.32314,50.45528],[5.32355,50.45553],[5.32399,50.45523],[5.3257,50.45597],[5.32669,50.45514],[5.32794,50.45565],[5.32848,50.45508],[5.32902,50.45527],[5.32981,50.45441],[5.33284,50.45543],[5.33329,50.45487]]]}},{"type":"Feature","id":"62003","bbox":[5.460488,50.649097,5.552551,50.722909],"properties":{"nis":"62003","name":"Ans","nameNl":"Ans","nameFr":"Ans","nameDe":"Ans","province":"liege","region":"wallonia","areaKm2":23.29},"geometry":{"type":"Polygon","coordinates":[[[5.48479,50.71325],[5.48414,50.71267],[5.47478,50.70855],[5.47148,50.70705],[5.47136,50.70695],[5.46875,50.70569],[5.46833,50.70605],[5.46803,50.70588],[5.46738,50.70629],[5.46572,50.70531],[5.46286,50.70267],[5.46175,50.70185],[5.46137,50.702],[5.46049,50.70143],[5.46327,50.7002],[5.46962,50.69651],[5.4759,50.69466],[5.47615,50.69465],[5.48162,50.6909],[5.48216,50.69066],[5.48074,50.69053],[5.47661,50.68219],[5.47873,50.68205],[5.47937,50.68236],[5.48029,50.682],[5.48134,50.68286],[5.48318,50.68223],[5.48298,50.68065],[5.48586,50.67937],[5.4882,50.67814],[5.49127,50.67722],[5.4906,50.67638],[5.49112,50.67628],[5.49124,50.67594],[5.48967,50.67439],[5.49154,50.67344],[5.49028,50.67253],[5.48898,50.6717],[5.48769,50.67124],[5.48833,50.67091],[5.48757,50.67022],[5.48792,50.67],[5.48764,50.66954],[5.48691,50.66888],[5.48731,50.6685],[5.48648,50.66766],[5.48586,50.66633],[5.48538,50.66222],[5.48764,50.66206],[5.48804,50.66034],[5.48766,50.6603],[5.48786,50.65874],[5.49068,50.65931],[5.49358,50.65948],[5.49371,50.65921],[5.49545,50.65917],[5.5002,50.65917],[5.50133,50.6589],[5.50224,50.65852],[5.50373,50.65755],[5.50514,50.65637],[5.50638,50.65573],[5.50691,50.6553],[5.50506,50.65414],[5.50822,50.65225],[5.51056,50.65048],[5.51168,50.64921],[5.51721,50.65025],[5.51898,50.65074],[5.5206,50.65136],[5.52344,50.64932],[5.52349,50.65006],[5.52569,50.65192],[5.52691,50.65303],[5.53407,50.65094],[5.53674,50.64955],[5.53941,50.6508],[5.5424,50.64948],[5.54378,50.64982],[5.54419,50.64971],[5.54447,50.64937],[5.54539,50.6497],[5.5455,50.6492],[5.54598,50.64928],[5.54666,50.6491],[5.54706,50.6495],[5.54681,50.64961],[5.54712,50.65015],[5.54789,50.65005],[5.54736,50.65036],[5.54774,50.65083],[5.54747,50.65115],[5.54768,50.65161],[5.54755,50.65222],[5.54787,50.65383],[5.54816,50.65378],[5.55045,50.65454],[5.55061,50.65518],[5.55154,50.65663],[5.55255,50.65845],[5.5519,50.65974],[5.5485,50.65926],[5.54664,50.65907],[5.54565,50.66],[5.54565,50.66023],[5.5433,50.66188],[5.54282,50.66284],[5.54248,50.66289],[5.54184,50.66377],[5.5395,50.66434],[5.53923,50.66381],[5.53708,50.66462],[5.54085,50.66941],[5.53754,50.67061],[5.53512,50.67124],[5.53449,50.67129],[5.53836,50.67394],[5.53828,50.67493],[5.53783,50.67484],[5.53656,50.67853],[5.53321,50.68031],[5.53153,50.68138],[5.53082,50.68173],[5.52858,50.68305],[5.52764,50.68343],[5.52582,50.68407],[5.52417,50.68492],[5.52261,50.68544],[5.5202,50.68357],[5.51828,50.68461],[5.51849,50.68475],[5.5172,50.68553],[5.51639,50.68587],[5.51778,50.68674],[5.51574,50.68768],[5.51507,50.68722],[5.51372,50.68793],[5.51325,50.68753],[5.51174,50.68811],[5.51125,50.68858],[5.51045,50.6881],[5.50973,50.68854],[5.5093,50.68908],[5.508,50.69009],[5.50666,50.69023],[5.50566,50.69128],[5.50527,50.69113],[5.5035,50.69299],[5.50394,50.69335],[5.5051,50.69189],[5.506,50.69233],[5.50782,50.69337],[5.50652,50.69421],[5.5081,50.69513],[5.50504,50.69712],[5.5057,50.69744],[5.50666,50.69682],[5.50731,50.69713],[5.50757,50.69695],[5.51099,50.69848],[5.51474,50.70149],[5.51613,50.70237],[5.51662,50.70206],[5.51749,50.70275],[5.51406,50.70453],[5.51398,50.7048],[5.51306,50.70437],[5.51041,50.70612],[5.51176,50.70705],[5.51097,50.70832],[5.51503,50.70831],[5.51707,50.70864],[5.51898,50.70877],[5.51726,50.71023],[5.51869,50.71065],[5.51851,50.71085],[5.51915,50.71106],[5.51763,50.7129],[5.51735,50.71422],[5.51742,50.71586],[5.51561,50.71688],[5.51669,50.71808],[5.51304,50.72014],[5.50833,50.71774],[5.50532,50.71841],[5.50295,50.71914],[5.49634,50.7218],[5.49413,50.72234],[5.49291,50.72291],[5.49231,50.72186],[5.49011,50.7187],[5.49028,50.71806],[5.49011,50.71682],[5.48948,50.71581],[5.48936,50.71585],[5.48804,50.71484],[5.48736,50.7151],[5.48689,50.71458],[5.48637,50.71464],[5.48618,50.71419],[5.48593,50.71425],[5.48479,50.71325]]]}},{"type":"Feature","id":"62006","bbox":[5.420713,50.658432,5.491545,50.739104],"properties":{"nis":"62006","name":"Awans","nameNl":"Awans","nameFr":"Awans","nameDe":"Awans","province":"liege","region":"wallonia","areaKm2":27.12},"geometry":{"type":"Polygon","coordinates":[[[5.48479,50.71325],[5.48408,50.71373],[5.48231,50.71439],[5.48115,50.71471],[5.47849,50.71582],[5.48008,50.71697],[5.47924,50.71748],[5.47972,50.71777],[5.47919,50.71817],[5.47997,50.71881],[5.47864,50.72015],[5.48032,50.72091],[5.47948,50.72151],[5.48069,50.72212],[5.47885,50.7237],[5.47862,50.72354],[5.47409,50.72592],[5.47504,50.72658],[5.47478,50.72682],[5.47562,50.72741],[5.47473,50.72811],[5.47544,50.72912],[5.47574,50.73003],[5.47564,50.73115],[5.47566,50.73355],[5.47471,50.73392],[5.473,50.73507],[5.47102,50.73483],[5.47001,50.73541],[5.46756,50.73655],[5.46795,50.73702],[5.46748,50.73742],[5.46719,50.73888],[5.46706,50.7391],[5.46209,50.7388],[5.46259,50.73677],[5.4601,50.73641],[5.46124,50.73489],[5.46164,50.73399],[5.46193,50.73304],[5.46257,50.73151],[5.46317,50.73058],[5.46152,50.73006],[5.45989,50.72941],[5.45855,50.72849],[5.45705,50.72781],[5.45648,50.7265],[5.45451,50.72715],[5.45346,50.72572],[5.45474,50.72491],[5.45245,50.72315],[5.45458,50.72196],[5.45483,50.72172],[5.45323,50.7209],[5.45207,50.72063],[5.45061,50.72042],[5.44935,50.72016],[5.44913,50.72053],[5.44831,50.72041],[5.44797,50.72143],[5.44833,50.72154],[5.44778,50.72188],[5.44284,50.7222],[5.44278,50.72179],[5.44026,50.72191],[5.4398,50.72199],[5.43961,50.72257],[5.43851,50.72167],[5.43758,50.72109],[5.43582,50.72209],[5.43567,50.72219],[5.435,50.72132],[5.43524,50.72118],[5.43235,50.71811],[5.43189,50.71905],[5.43174,50.71972],[5.42978,50.71918],[5.42997,50.71902],[5.42809,50.71825],[5.4285,50.71792],[5.42743,50.71732],[5.4283,50.71671],[5.42773,50.7164],[5.42928,50.71548],[5.42799,50.71462],[5.42793,50.71466],[5.42651,50.71362],[5.42643,50.71366],[5.42438,50.71225],[5.42487,50.71079],[5.42325,50.70868],[5.42343,50.70792],[5.42461,50.7083],[5.42494,50.70787],[5.42381,50.70753],[5.42392,50.707],[5.42355,50.70695],[5.42402,50.70542],[5.42491,50.70488],[5.4227,50.70267],[5.42296,50.70251],[5.42486,50.70185],[5.42315,50.69996],[5.42474,50.69913],[5.42362,50.69815],[5.42386,50.69803],[5.4232,50.69744],[5.42371,50.69721],[5.42112,50.69481],[5.42299,50.69379],[5.4232,50.69394],[5.42506,50.69291],[5.42573,50.69329],[5.42625,50.69302],[5.42676,50.6934],[5.42932,50.69178],[5.42874,50.69133],[5.42939,50.69093],[5.42791,50.68976],[5.42848,50.68944],[5.42726,50.68822],[5.42925,50.68682],[5.42839,50.68592],[5.42732,50.68508],[5.42533,50.68341],[5.42391,50.682],[5.4238,50.68204],[5.42318,50.68137],[5.42284,50.68074],[5.42071,50.67875],[5.42164,50.67836],[5.42288,50.67843],[5.42274,50.67633],[5.42822,50.67381],[5.42936,50.67323],[5.43064,50.67288],[5.43235,50.67218],[5.43154,50.67157],[5.43259,50.67091],[5.43137,50.67047],[5.42996,50.66965],[5.4314,50.66869],[5.43407,50.67049],[5.4356,50.66934],[5.43641,50.66964],[5.43922,50.66648],[5.43795,50.66534],[5.43978,50.66451],[5.43932,50.664],[5.43886,50.66299],[5.43832,50.66204],[5.44057,50.66107],[5.44036,50.66078],[5.44366,50.66042],[5.4482,50.65968],[5.4481,50.65952],[5.45238,50.65878],[5.45272,50.65891],[5.45723,50.65843],[5.45857,50.65847],[5.45949,50.65872],[5.46442,50.6591],[5.46501,50.65905],[5.46668,50.6591],[5.46758,50.65925],[5.47668,50.65969],[5.47835,50.65982],[5.47876,50.65976],[5.48766,50.6603],[5.48804,50.66034],[5.48764,50.66206],[5.48538,50.66222],[5.48586,50.66633],[5.48648,50.66766],[5.48731,50.6685],[5.48691,50.66888],[5.48764,50.66954],[5.48792,50.67],[5.48757,50.67022],[5.48833,50.67091],[5.48769,50.67124],[5.48898,50.6717],[5.49028,50.67253],[5.49154,50.67344],[5.48967,50.67439],[5.49124,50.67594],[5.49112,50.67628],[5.4906,50.67638],[5.49127,50.67722],[5.4882,50.67814],[5.48586,50.67937],[5.48298,50.68065],[5.48318,50.68223],[5.48134,50.68286],[5.48029,50.682],[5.47937,50.68236],[5.47873,50.68205],[5.47661,50.68219],[5.48074,50.69053],[5.48216,50.69066],[5.48162,50.6909],[5.47615,50.69465],[5.4759,50.69466],[5.46962,50.69651],[5.46327,50.7002],[5.46049,50.70143],[5.46137,50.702],[5.46175,50.70185],[5.46286,50.70267],[5.46572,50.70531],[5.46738,50.70629],[5.46803,50.70588],[5.46833,50.70605],[5.46875,50.70569],[5.47136,50.70695],[5.47148,50.70705],[5.47478,50.70855],[5.48414,50.71267],[5.48479,50.71325]]]}},{"type":"Feature","id":"62009","bbox":[5.623782,50.395499,5.793222,50.521289],"properties":{"nis":"62009","name":"Aywaille","nameNl":"Aywaille","nameFr":"Aywaille","nameDe":"Aywaille","province":"liege","region":"wallonia","areaKm2":79.65},"geometry":{"type":"Polygon","coordinates":[[[5.63097,50.48696],[5.63142,50.48633],[5.63219,50.48437],[5.63272,50.48359],[5.63481,50.48098],[5.63567,50.48022],[5.63463,50.4797],[5.6334,50.4792],[5.63284,50.47872],[5.63248,50.47781],[5.63208,50.47724],[5.63191,50.47663],[5.63144,50.47623],[5.63112,50.47563],[5.63038,50.47474],[5.62968,50.47441],[5.62862,50.47356],[5.62822,50.47312],[5.62694,50.47224],[5.62639,50.47204],[5.62642,50.47169],[5.62609,50.47055],[5.6262,50.46981],[5.62589,50.46681],[5.62629,50.46504],[5.62646,50.46506],[5.62673,50.46409],[5.62712,50.46411],[5.62734,50.4632],[5.62673,50.46322],[5.62498,50.46291],[5.62432,50.46259],[5.62384,50.46176],[5.62378,50.46145],[5.62396,50.46017],[5.624,50.45956],[5.6244,50.45895],[5.62514,50.45871],[5.6264,50.45799],[5.62742,50.45755],[5.62805,50.45742],[5.62878,50.45759],[5.62774,50.45361],[5.62768,50.45313],[5.62831,50.45159],[5.63088,50.44663],[5.63115,50.4462],[5.632,50.44523],[5.63543,50.44147],[5.63605,50.44082],[5.63765,50.43985],[5.64083,50.43654],[5.64718,50.43107],[5.64947,50.42907],[5.65,50.42877],[5.65321,50.42646],[5.64854,50.42579],[5.6465,50.42561],[5.64347,50.42573],[5.64141,50.42576],[5.63746,50.42589],[5.63768,50.42357],[5.63795,50.42285],[5.63934,50.42265],[5.64004,50.42263],[5.64097,50.42214],[5.64162,50.42195],[5.64259,50.42128],[5.64342,50.42112],[5.64447,50.4206],[5.64509,50.41965],[5.64656,50.41835],[5.64611,50.41741],[5.6458,50.41726],[5.64502,50.41655],[5.64402,50.41641],[5.64405,50.41598],[5.64441,50.41518],[5.6459,50.41421],[5.64626,50.41378],[5.64817,50.41469],[5.64919,50.41493],[5.65028,50.41472],[5.65136,50.41465],[5.65185,50.41474],[5.65237,50.41507],[5.65336,50.41527],[5.654,50.41514],[5.65434,50.41534],[5.6552,50.41552],[5.65507,50.41566],[5.65595,50.41595],[5.65677,50.41541],[5.65676,50.41517],[5.65746,50.41452],[5.65748,50.41414],[5.65778,50.41365],[5.65897,50.41276],[5.65896,50.41245],[5.65937,50.41231],[5.66015,50.41138],[5.66097,50.4107],[5.66127,50.40969],[5.66003,50.40822],[5.65857,50.40763],[5.65893,50.40738],[5.66048,50.407],[5.66158,50.4065],[5.65994,50.40607],[5.65904,50.40553],[5.65731,50.40572],[5.6566,50.40561],[5.65526,50.40527],[5.65455,50.40526],[5.65352,50.40544],[5.65248,50.40536],[5.65126,50.40489],[5.65124,50.40458],[5.65042,50.40459],[5.65081,50.404],[5.65058,50.40318],[5.65034,50.40295],[5.65037,50.40244],[5.65135,50.40157],[5.65169,50.40151],[5.6522,50.40101],[5.65315,50.40056],[5.65335,50.40011],[5.65398,50.39961],[5.65405,50.39939],[5.65529,50.39908],[5.65856,50.39706],[5.65966,50.39664],[5.66022,50.39607],[5.66019,50.39576],[5.66132,50.3955],[5.66284,50.39592],[5.66583,50.3976],[5.66665,50.39887],[5.66666,50.39982],[5.66586,50.40094],[5.66883,50.40194],[5.67038,50.40251],[5.67185,50.40297],[5.67311,50.40311],[5.6748,50.40316],[5.67532,50.40338],[5.67587,50.40296],[5.67596,50.40233],[5.67717,50.4019],[5.67814,50.40173],[5.67871,50.40184],[5.67923,50.40161],[5.68011,50.4016],[5.68079,50.40103],[5.68069,50.40088],[5.68131,50.40038],[5.68259,50.39999],[5.68355,50.40012],[5.68486,50.40042],[5.68504,50.40033],[5.68707,50.4006],[5.68786,50.40079],[5.6884,50.40038],[5.68896,50.40021],[5.68978,50.40028],[5.69057,50.40012],[5.69135,50.3998],[5.69164,50.39996],[5.69239,50.39938],[5.69304,50.3992],[5.69428,50.39922],[5.69451,50.39915],[5.69603,50.39954],[5.69741,50.39953],[5.69847,50.39971],[5.69865,50.39991],[5.69925,50.39999],[5.69962,50.4003],[5.6998,50.40071],[5.70045,50.40096],[5.70126,50.40239],[5.70156,50.40257],[5.70149,50.40289],[5.70195,50.40312],[5.70258,50.40391],[5.70346,50.40517],[5.70469,50.40762],[5.70534,50.4095],[5.70549,50.41031],[5.70611,50.41293],[5.70633,50.41462],[5.70662,50.41531],[5.70667,50.41598],[5.70649,50.41725],[5.7067,50.41827],[5.7072,50.41909],[5.70759,50.42045],[5.70733,50.42134],[5.70749,50.42205],[5.70764,50.42361],[5.70744,50.42553],[5.70751,50.426],[5.70739,50.42674],[5.70777,50.42713],[5.70778,50.42817],[5.7073,50.42961],[5.7071,50.43048],[5.70764,50.43162],[5.70748,50.43212],[5.70771,50.43258],[5.70841,50.4327],[5.70865,50.43302],[5.70973,50.43384],[5.71116,50.43445],[5.71177,50.43446],[5.71259,50.43489],[5.71288,50.43484],[5.71379,50.43504],[5.71444,50.435],[5.71592,50.43472],[5.71733,50.43493],[5.71818,50.43537],[5.71842,50.43535],[5.71931,50.43584],[5.71987,50.43666],[5.72025,50.4368],[5.72129,50.43652],[5.72209,50.43659],[5.72367,50.43634],[5.72421,50.43608],[5.72501,50.43616],[5.72541,50.43655],[5.72644,50.43692],[5.72674,50.43682],[5.72726,50.43705],[5.72821,50.43717],[5.72958,50.43775],[5.7306,50.43769],[5.73103,50.43785],[5.73245,50.43787],[5.73284,50.43767],[5.73409,50.43758],[5.73395,50.43853],[5.73407,50.43921],[5.73448,50.44036],[5.73527,50.4416],[5.73582,50.44217],[5.73678,50.4434],[5.73693,50.44395],[5.73742,50.44377],[5.73834,50.44379],[5.739,50.44417],[5.73959,50.44467],[5.7405,50.44485],[5.74127,50.44434],[5.74182,50.44494],[5.74348,50.44471],[5.74368,50.44502],[5.74425,50.4449],[5.74479,50.44451],[5.74539,50.44442],[5.74671,50.4436],[5.74841,50.44366],[5.74908,50.44335],[5.74982,50.44354],[5.75111,50.44308],[5.752,50.44322],[5.75282,50.44274],[5.75289,50.44229],[5.75338,50.44205],[5.75374,50.44138],[5.75416,50.44101],[5.75472,50.44079],[5.75468,50.4398],[5.75456,50.43947],[5.75513,50.43925],[5.75554,50.43885],[5.75676,50.43844],[5.75866,50.43814],[5.75938,50.43784],[5.76061,50.43784],[5.76133,50.43755],[5.76178,50.43719],[5.76227,50.43717],[5.76251,50.43687],[5.76307,50.43692],[5.76446,50.43613],[5.7646,50.43581],[5.76514,50.43552],[5.76658,50.43554],[5.76763,50.43545],[5.76801,50.43518],[5.76959,50.4347],[5.77039,50.43486],[5.77209,50.43506],[5.77331,50.43514],[5.77333,50.43556],[5.77496,50.43603],[5.77532,50.43624],[5.77694,50.43622],[5.77723,50.43593],[5.77788,50.43577],[5.77826,50.43583],[5.77935,50.4355],[5.78116,50.4355],[5.78228,50.43531],[5.7827,50.43508],[5.78356,50.43522],[5.78435,50.43509],[5.78482,50.43481],[5.78611,50.43454],[5.78655,50.43465],[5.78732,50.43453],[5.78869,50.43463],[5.78967,50.43498],[5.79112,50.43512],[5.79157,50.43526],[5.79205,50.43514],[5.79322,50.43527],[5.77672,50.45345],[5.76615,50.46541],[5.75033,50.48304],[5.74415,50.48974],[5.74122,50.49303],[5.74027,50.49261],[5.73872,50.49565],[5.73979,50.49526],[5.74182,50.49492],[5.74565,50.49549],[5.74716,50.49492],[5.74744,50.49461],[5.75064,50.4917],[5.75875,50.49052],[5.76054,50.49703],[5.76113,50.49928],[5.76319,50.50689],[5.76587,50.51691],[5.76322,50.52129],[5.75829,50.52013],[5.75583,50.51927],[5.75424,50.51915],[5.75224,50.51879],[5.75086,50.51859],[5.74989,50.51864],[5.74884,50.51847],[5.74737,50.51803],[5.74562,50.51728],[5.74324,50.51704],[5.74183,50.51639],[5.74128,50.51606],[5.73966,50.51576],[5.73925,50.51577],[5.73782,50.51549],[5.7377,50.51568],[5.737,50.51546],[5.73681,50.51557],[5.73621,50.51662],[5.73588,50.51739],[5.7345,50.51687],[5.73308,50.51767],[5.73196,50.51777],[5.7316,50.51801],[5.7312,50.51915],[5.73082,50.51926],[5.72948,50.51863],[5.72718,50.51809],[5.72622,50.51745],[5.72551,50.51713],[5.72483,50.51645],[5.72425,50.51626],[5.72392,50.51509],[5.72324,50.51367],[5.7225,50.51271],[5.72212,50.51209],[5.72157,50.51156],[5.72146,50.51086],[5.72123,50.51053],[5.72087,50.50928],[5.72092,50.50876],[5.72056,50.50802],[5.72046,50.50741],[5.71962,50.50622],[5.71924,50.50554],[5.7184,50.50458],[5.71743,50.50314],[5.7166,50.50225],[5.71573,50.50177],[5.71511,50.50105],[5.71499,50.50033],[5.71428,50.49968],[5.71402,50.49928],[5.71332,50.49881],[5.71135,50.49877],[5.71131,50.49886],[5.70968,50.49882],[5.70928,50.49752],[5.70946,50.49714],[5.70537,50.49702],[5.7065,50.49612],[5.70529,50.49555],[5.70516,50.49579],[5.70345,50.4957],[5.70256,50.49508],[5.7021,50.49447],[5.701,50.49364],[5.70009,50.49316],[5.6986,50.49193],[5.69616,50.49063],[5.69502,50.48902],[5.69421,50.48829],[5.69268,50.48653],[5.69202,50.48604],[5.69101,50.48584],[5.68985,50.48589],[5.6877,50.48584],[5.68613,50.48596],[5.68523,50.48615],[5.68287,50.48653],[5.68194,50.48576],[5.68079,50.4847],[5.6804,50.48413],[5.67994,50.48399],[5.67901,50.48288],[5.67799,50.48298],[5.67732,50.48263],[5.67726,50.48196],[5.67651,50.48121],[5.67542,50.48058],[5.67463,50.48023],[5.67361,50.48009],[5.67286,50.48021],[5.67239,50.48013],[5.67177,50.47973],[5.67224,50.48022],[5.67216,50.48067],[5.67102,50.48089],[5.67132,50.48057],[5.67035,50.48004],[5.67003,50.47954],[5.67018,50.47918],[5.66979,50.47853],[5.67035,50.47754],[5.67038,50.47649],[5.66987,50.47641],[5.66742,50.47641],[5.66561,50.47651],[5.66287,50.47711],[5.6616,50.47725],[5.6611,50.47746],[5.66145,50.47797],[5.65894,50.47933],[5.65794,50.48004],[5.65671,50.48003],[5.65627,50.47976],[5.65535,50.47975],[5.65435,50.47996],[5.6544,50.48021],[5.6532,50.47992],[5.6511,50.48035],[5.64918,50.48042],[5.64892,50.48132],[5.6493,50.48137],[5.65059,50.48205],[5.6513,50.48295],[5.65143,50.48344],[5.6524,50.48485],[5.65131,50.48471],[5.65077,50.48433],[5.64909,50.48389],[5.64815,50.48344],[5.64787,50.48381],[5.64756,50.48366],[5.64646,50.48356],[5.64538,50.48254],[5.64466,50.48199],[5.6443,50.48217],[5.64374,50.482],[5.64346,50.48215],[5.64221,50.48178],[5.64169,50.48229],[5.64111,50.48225],[5.64006,50.482],[5.63915,50.48197],[5.63786,50.48226],[5.63693,50.48277],[5.63625,50.4817],[5.63543,50.48277],[5.63469,50.48388],[5.63312,50.48586],[5.63294,50.4862],[5.63148,50.48727],[5.63097,50.48696]]]}},{"type":"Feature","id":"62011","bbox":[5.519281,50.730507,5.687193,50.807757],"properties":{"nis":"62011","name":"Bassenge","nameNl":"Bitsingen","nameFr":"Bassenge","nameDe":"Bassenge","province":"liege","region":"wallonia","areaKm2":38.08},"geometry":{"type":"Polygon","coordinates":[[[5.59316,50.73403],[5.59411,50.735],[5.59378,50.73617],[5.59374,50.73722],[5.59397,50.73976],[5.59363,50.7408],[5.59371,50.74146],[5.59484,50.74353],[5.59599,50.74425],[5.59695,50.74525],[5.59778,50.74691],[5.59784,50.7477],[5.59769,50.74937],[5.5982,50.75102],[5.5992,50.74995],[5.59974,50.74971],[5.60052,50.74911],[5.60108,50.74848],[5.60213,50.74771],[5.60285,50.7467],[5.60334,50.74625],[5.60395,50.74548],[5.6048,50.74628],[5.60523,50.74683],[5.60595,50.74737],[5.60824,50.74938],[5.6088,50.7498],[5.60935,50.75084],[5.60943,50.75141],[5.61052,50.75206],[5.61178,50.75076],[5.61234,50.75134],[5.61262,50.75048],[5.61371,50.75014],[5.61467,50.74971],[5.61543,50.74958],[5.61577,50.7497],[5.6167,50.74906],[5.61835,50.75016],[5.62016,50.74871],[5.62319,50.74695],[5.62595,50.74548],[5.628,50.7443],[5.62815,50.74291],[5.62993,50.7435],[5.63292,50.74466],[5.63656,50.74631],[5.63771,50.74704],[5.63908,50.74781],[5.64044,50.74728],[5.64485,50.74862],[5.64569,50.74914],[5.64662,50.74838],[5.64693,50.74902],[5.64572,50.74991],[5.64569,50.7502],[5.64863,50.75148],[5.64977,50.75233],[5.64826,50.75396],[5.6508,50.75656],[5.65313,50.75728],[5.65454,50.76047],[5.65348,50.76056],[5.65256,50.76204],[5.65503,50.76317],[5.65482,50.7637],[5.65673,50.76352],[5.65849,50.7664],[5.65878,50.76811],[5.65673,50.77117],[5.65725,50.77112],[5.65814,50.77149],[5.65955,50.77264],[5.65906,50.77305],[5.65945,50.77464],[5.65928,50.77511],[5.66042,50.77516],[5.66081,50.77388],[5.66304,50.77183],[5.66462,50.77135],[5.66443,50.77099],[5.66697,50.77023],[5.66728,50.7707],[5.67259,50.77651],[5.67298,50.77753],[5.67369,50.77814],[5.67411,50.77875],[5.67479,50.78055],[5.67607,50.78221],[5.67759,50.7841],[5.6777,50.785],[5.67725,50.78499],[5.67716,50.78622],[5.67649,50.78642],[5.67657,50.78667],[5.67815,50.78599],[5.67846,50.78615],[5.67745,50.78667],[5.67756,50.7868],[5.67861,50.78639],[5.679,50.78678],[5.67779,50.78743],[5.67956,50.78894],[5.6801,50.7887],[5.68177,50.79046],[5.68058,50.79104],[5.68086,50.79127],[5.68154,50.79106],[5.6816,50.79124],[5.68092,50.79158],[5.6812,50.79176],[5.68157,50.79161],[5.68284,50.793],[5.68374,50.7942],[5.68394,50.7946],[5.684,50.79629],[5.68465,50.79844],[5.68488,50.80036],[5.68719,50.8041],[5.68608,50.80408],[5.68594,50.80388],[5.68499,50.80404],[5.6843,50.8044],[5.68366,50.80448],[5.68135,50.80592],[5.68028,50.80639],[5.67625,50.80592],[5.67647,50.80525],[5.67503,50.80511],[5.67381,50.80522],[5.67386,50.80553],[5.67357,50.80583],[5.67386,50.8061],[5.67361,50.80662],[5.67369,50.80688],[5.67301,50.80776],[5.67077,50.80733],[5.67148,50.80593],[5.66965,50.80562],[5.66836,50.80501],[5.66834,50.80474],[5.66568,50.80486],[5.66093,50.80537],[5.6599,50.8053],[5.65991,50.80544],[5.65862,50.80542],[5.6587,50.80572],[5.65632,50.80585],[5.65615,50.80498],[5.65364,50.8052],[5.6532,50.80544],[5.65152,50.80342],[5.65162,50.80338],[5.65095,50.8026],[5.65038,50.8022],[5.65088,50.80183],[5.65005,50.80112],[5.65017,50.80106],[5.64952,50.80032],[5.64987,50.80019],[5.65007,50.7998],[5.65129,50.79935],[5.64774,50.79543],[5.64624,50.79304],[5.64572,50.79266],[5.64322,50.79118],[5.64056,50.78922],[5.63978,50.78855],[5.63794,50.78719],[5.63768,50.78731],[5.63707,50.78664],[5.63622,50.78619],[5.63377,50.78584],[5.63177,50.78568],[5.62838,50.78388],[5.62744,50.78321],[5.62798,50.78289],[5.62681,50.7823],[5.62554,50.78294],[5.62434,50.78312],[5.62379,50.78222],[5.62043,50.78369],[5.62003,50.7832],[5.6192,50.78366],[5.61858,50.78316],[5.6169,50.784],[5.61678,50.7837],[5.61572,50.78423],[5.61241,50.78222],[5.61075,50.78088],[5.61039,50.78108],[5.6077,50.77963],[5.60636,50.77906],[5.60792,50.77779],[5.60875,50.77826],[5.61006,50.77741],[5.60909,50.77677],[5.61056,50.77534],[5.61022,50.77514],[5.60699,50.77718],[5.60639,50.77687],[5.60585,50.77718],[5.60437,50.77618],[5.60378,50.77571],[5.60266,50.77672],[5.59791,50.77485],[5.59439,50.77344],[5.5945,50.7731],[5.59334,50.77398],[5.59207,50.77373],[5.59117,50.7733],[5.59139,50.77311],[5.59064,50.77261],[5.59218,50.77145],[5.59203,50.77137],[5.59291,50.77064],[5.59155,50.77002],[5.59001,50.77108],[5.58926,50.77171],[5.58899,50.7722],[5.58803,50.77168],[5.58731,50.77232],[5.58641,50.7718],[5.58566,50.7712],[5.58526,50.77142],[5.5848,50.77102],[5.5838,50.7714],[5.58405,50.7717],[5.58344,50.77199],[5.58177,50.77249],[5.58083,50.77284],[5.58031,50.77315],[5.57848,50.77198],[5.57712,50.77181],[5.57544,50.7717],[5.57442,50.7715],[5.57407,50.77094],[5.57341,50.77093],[5.57277,50.76937],[5.57215,50.76952],[5.57202,50.76926],[5.57265,50.7691],[5.57227,50.76823],[5.5725,50.76735],[5.57171,50.76745],[5.57159,50.76688],[5.57079,50.76719],[5.57009,50.76649],[5.56963,50.76484],[5.56992,50.76415],[5.56898,50.76424],[5.56727,50.76415],[5.56606,50.76394],[5.56603,50.76377],[5.56529,50.7638],[5.56534,50.76403],[5.56355,50.76405],[5.56357,50.76429],[5.56242,50.76433],[5.56236,50.76404],[5.56137,50.76415],[5.56131,50.76399],[5.56022,50.76415],[5.55911,50.76442],[5.559,50.76424],[5.55773,50.76445],[5.55652,50.76481],[5.55605,50.76386],[5.55576,50.76356],[5.5546,50.76367],[5.55296,50.76401],[5.55154,50.76086],[5.55124,50.76032],[5.54968,50.76053],[5.54958,50.75981],[5.5487,50.75987],[5.54864,50.75948],[5.54829,50.75904],[5.54769,50.75882],[5.54647,50.75867],[5.54586,50.7585],[5.54441,50.75835],[5.541,50.75829],[5.53959,50.75851],[5.5383,50.75886],[5.5377,50.75888],[5.53768,50.7587],[5.53551,50.75871],[5.53419,50.75878],[5.53368,50.759],[5.53357,50.75884],[5.53264,50.75903],[5.53205,50.75813],[5.53242,50.75782],[5.53264,50.75694],[5.53196,50.75713],[5.53073,50.75701],[5.53027,50.7576],[5.52858,50.75814],[5.5283,50.75787],[5.52747,50.75795],[5.5275,50.75851],[5.5273,50.75882],[5.52637,50.75923],[5.52516,50.759],[5.52454,50.75875],[5.52446,50.7589],[5.5232,50.75865],[5.52258,50.75865],[5.52235,50.75847],[5.52198,50.75766],[5.5216,50.75645],[5.52277,50.75526],[5.52141,50.75428],[5.52073,50.75433],[5.52026,50.75333],[5.52012,50.75336],[5.51939,50.75207],[5.52017,50.75185],[5.52016,50.7517],[5.52093,50.75092],[5.52155,50.75067],[5.52065,50.75019],[5.52095,50.74999],[5.51967,50.74934],[5.52044,50.74853],[5.51959,50.7482],[5.52019,50.74768],[5.51928,50.74722],[5.5212,50.74617],[5.52097,50.74595],[5.52293,50.74485],[5.52276,50.74472],[5.52377,50.74415],[5.52455,50.74361],[5.52367,50.74303],[5.52436,50.74234],[5.525,50.74167],[5.5247,50.74157],[5.52515,50.7411],[5.52479,50.74097],[5.52501,50.74075],[5.52559,50.74093],[5.52563,50.74065],[5.52619,50.74002],[5.52694,50.7403],[5.52812,50.73878],[5.52961,50.73911],[5.53002,50.73831],[5.53051,50.73847],[5.53224,50.73681],[5.53294,50.73635],[5.53345,50.73536],[5.53442,50.73437],[5.534,50.73408],[5.53496,50.733],[5.53479,50.73293],[5.53583,50.73126],[5.53732,50.73051],[5.53908,50.73231],[5.54021,50.73455],[5.54305,50.73309],[5.54402,50.73301],[5.54599,50.73373],[5.54706,50.73487],[5.54829,50.73569],[5.54967,50.73703],[5.54984,50.73801],[5.54975,50.73905],[5.55052,50.74089],[5.55089,50.74246],[5.55185,50.74374],[5.55239,50.74392],[5.55262,50.7437],[5.55285,50.74456],[5.55428,50.74436],[5.55726,50.74487],[5.55702,50.74587],[5.55984,50.74681],[5.56747,50.74893],[5.5715,50.74938],[5.57142,50.74681],[5.57277,50.74354],[5.57488,50.74084],[5.57609,50.74039],[5.57704,50.73813],[5.5767,50.73809],[5.57696,50.73747],[5.57716,50.73749],[5.57746,50.73672],[5.5781,50.73662],[5.57888,50.73689],[5.57936,50.73619],[5.57988,50.73599],[5.58013,50.73521],[5.58109,50.73478],[5.58258,50.7346],[5.58318,50.73409],[5.58358,50.73412],[5.58382,50.73387],[5.58459,50.73378],[5.58501,50.73389],[5.58637,50.73378],[5.58661,50.73353],[5.58788,50.73344],[5.5888,50.73304],[5.58972,50.7334],[5.59187,50.73399],[5.59316,50.73403]]]}},{"type":"Feature","id":"62015","bbox":[5.635921,50.611115,5.69361,50.650857],"properties":{"nis":"62015","name":"Beyne-Heusay","nameNl":"Beyne-Heusay","nameFr":"Beyne-Heusay","nameDe":"Beyne-Heusay","province":"liege","region":"wallonia","areaKm2":7.26},"geometry":{"type":"Polygon","coordinates":[[[5.68186,50.63793],[5.68132,50.63799],[5.67602,50.63986],[5.67521,50.64022],[5.67431,50.64027],[5.67234,50.64234],[5.67069,50.64428],[5.66967,50.64482],[5.66909,50.64487],[5.66885,50.64559],[5.66816,50.64654],[5.66643,50.64624],[5.66566,50.64588],[5.66482,50.64603],[5.66475,50.64651],[5.66393,50.64672],[5.66299,50.64723],[5.66202,50.64724],[5.66194,50.64776],[5.66107,50.64876],[5.65974,50.64892],[5.65925,50.64957],[5.65955,50.64985],[5.65904,50.65034],[5.6578,50.65055],[5.65738,50.65086],[5.65642,50.65067],[5.65463,50.64947],[5.65446,50.64907],[5.65394,50.64854],[5.65535,50.6476],[5.65472,50.64661],[5.65365,50.64557],[5.65335,50.64539],[5.65195,50.64489],[5.65126,50.64483],[5.65075,50.64399],[5.65111,50.64365],[5.65159,50.64368],[5.65145,50.64302],[5.65198,50.64279],[5.65275,50.64283],[5.65407,50.64348],[5.65516,50.64334],[5.65514,50.6431],[5.65555,50.64286],[5.65501,50.6421],[5.65691,50.64097],[5.6575,50.64126],[5.6583,50.64064],[5.65737,50.64007],[5.65798,50.63953],[5.6573,50.63926],[5.65781,50.63881],[5.65834,50.63901],[5.65889,50.63869],[5.66013,50.63732],[5.66055,50.63739],[5.66179,50.63707],[5.66162,50.63693],[5.66213,50.63657],[5.66182,50.63626],[5.66244,50.63592],[5.66295,50.63617],[5.66337,50.63578],[5.66213,50.63511],[5.6624,50.63493],[5.66169,50.63436],[5.66038,50.63517],[5.65869,50.63396],[5.65865,50.63268],[5.65676,50.63247],[5.65665,50.63157],[5.65685,50.63062],[5.6573,50.63001],[5.65662,50.62966],[5.65502,50.62995],[5.65462,50.6299],[5.65263,50.62925],[5.65257,50.62989],[5.65144,50.6298],[5.65128,50.63005],[5.65024,50.62999],[5.65004,50.63089],[5.64945,50.6313],[5.64959,50.63182],[5.64769,50.63134],[5.64696,50.63093],[5.64637,50.63125],[5.64575,50.63119],[5.64578,50.63089],[5.64478,50.63074],[5.64399,50.63042],[5.64541,50.62938],[5.64492,50.62865],[5.64435,50.62602],[5.64275,50.62627],[5.6427,50.62614],[5.63951,50.6266],[5.63904,50.62673],[5.63886,50.62617],[5.63592,50.62661],[5.63687,50.62599],[5.6384,50.62553],[5.63832,50.62538],[5.639,50.62526],[5.63966,50.62443],[5.6401,50.62349],[5.64165,50.62221],[5.64134,50.62194],[5.64145,50.62092],[5.6403,50.62054],[5.63815,50.62051],[5.63747,50.61937],[5.63798,50.61921],[5.63756,50.61896],[5.6386,50.6181],[5.6364,50.61675],[5.63804,50.61605],[5.6415,50.61509],[5.64109,50.61474],[5.64192,50.61443],[5.64287,50.61432],[5.64427,50.61442],[5.64457,50.61436],[5.64409,50.61338],[5.64312,50.61207],[5.64166,50.6113],[5.64307,50.61127],[5.64366,50.61112],[5.64508,50.61158],[5.64604,50.61157],[5.64677,50.61212],[5.64797,50.61181],[5.6492,50.61161],[5.65006,50.61189],[5.6507,50.61195],[5.65091,50.61265],[5.65222,50.61325],[5.65287,50.61329],[5.65398,50.61306],[5.65444,50.61335],[5.65501,50.61332],[5.65559,50.61367],[5.65566,50.61402],[5.65681,50.61429],[5.65744,50.61472],[5.65814,50.61499],[5.65875,50.61505],[5.6594,50.61539],[5.66078,50.6153],[5.66116,50.61514],[5.66205,50.61511],[5.66229,50.61563],[5.66268,50.61589],[5.66395,50.61536],[5.66724,50.6136],[5.66834,50.61292],[5.67088,50.61392],[5.67198,50.61451],[5.67331,50.61546],[5.67284,50.6156],[5.66882,50.61619],[5.66897,50.61642],[5.6705,50.6178],[5.67141,50.61811],[5.6732,50.61887],[5.67215,50.62017],[5.67064,50.62129],[5.67006,50.62191],[5.66892,50.62262],[5.66951,50.62246],[5.67307,50.62392],[5.67312,50.6242],[5.67276,50.6258],[5.67225,50.62603],[5.67174,50.62678],[5.67215,50.62711],[5.67221,50.62755],[5.67257,50.62774],[5.67275,50.62817],[5.67272,50.62939],[5.67305,50.6298],[5.67373,50.62966],[5.67457,50.62995],[5.67612,50.62953],[5.67761,50.62879],[5.67939,50.62847],[5.68115,50.62778],[5.68311,50.62731],[5.6842,50.6268],[5.6846,50.62643],[5.68565,50.62595],[5.6868,50.62559],[5.68831,50.62493],[5.6898,50.62444],[5.69055,50.62401],[5.69086,50.62361],[5.69361,50.62408],[5.69327,50.62477],[5.6928,50.62526],[5.69075,50.62613],[5.68974,50.62684],[5.68883,50.62769],[5.68852,50.62813],[5.68607,50.63013],[5.68491,50.63111],[5.68342,50.63193],[5.68302,50.63238],[5.68274,50.63364],[5.68242,50.63456],[5.68213,50.63461],[5.68264,50.63522],[5.68212,50.63583],[5.68241,50.63651],[5.68218,50.63655],[5.68196,50.63736],[5.68224,50.6377],[5.68186,50.63793]]]}},{"type":"Feature","id":"62022","bbox":[5.588888,50.549591,5.680293,50.614899],"properties":{"nis":"62022","name":"Chaudfontaine","nameNl":"Chaudfontaine","nameFr":"Chaudfontaine","nameDe":"Chaudfontaine","province":"liege","region":"wallonia","areaKm2":25.4},"geometry":{"type":"Polygon","coordinates":[[[5.64604,50.61157],[5.64508,50.61158],[5.64366,50.61112],[5.64307,50.61127],[5.64166,50.6113],[5.64312,50.61207],[5.64409,50.61338],[5.64457,50.61436],[5.64427,50.61442],[5.64287,50.61432],[5.64192,50.61443],[5.64109,50.61474],[5.64059,50.61442],[5.63883,50.6149],[5.63747,50.61423],[5.63671,50.61409],[5.63539,50.61421],[5.63398,50.61389],[5.63348,50.6135],[5.6327,50.61332],[5.63128,50.61271],[5.63273,50.61224],[5.63267,50.61165],[5.63132,50.61075],[5.63058,50.61093],[5.63033,50.61064],[5.62987,50.61071],[5.6286,50.60969],[5.62773,50.60911],[5.62758,50.60922],[5.62667,50.60868],[5.62693,50.60807],[5.62682,50.60768],[5.62685,50.60595],[5.62739,50.60432],[5.62826,50.60319],[5.62722,50.60232],[5.62431,50.60415],[5.6238,50.60358],[5.62335,50.6036],[5.62262,50.60423],[5.62095,50.60441],[5.6201,50.60487],[5.61711,50.60629],[5.61564,50.60678],[5.61504,50.60617],[5.61485,50.60466],[5.61492,50.60135],[5.61492,50.59955],[5.61092,50.60209],[5.60892,50.60326],[5.60643,50.60356],[5.60468,50.60196],[5.60459,50.60155],[5.6051,50.60067],[5.60468,50.60006],[5.60422,50.59977],[5.6031,50.59959],[5.60022,50.59986],[5.59875,50.60026],[5.59617,50.5999],[5.59496,50.59948],[5.59352,50.59853],[5.59283,50.59774],[5.59239,50.59699],[5.59157,50.59625],[5.59058,50.59488],[5.58988,50.59381],[5.58991,50.59303],[5.59174,50.59172],[5.59211,50.59116],[5.59182,50.59063],[5.5894,50.58942],[5.58889,50.5889],[5.58909,50.58827],[5.59033,50.58721],[5.5918,50.58619],[5.59236,50.58545],[5.59287,50.58556],[5.59355,50.58495],[5.59423,50.58455],[5.59471,50.58407],[5.59519,50.58259],[5.59931,50.58116],[5.60013,50.58106],[5.60084,50.58099],[5.60266,50.58002],[5.60408,50.57919],[5.60496,50.57857],[5.60601,50.57739],[5.60635,50.57682],[5.6059,50.57589],[5.60601,50.57553],[5.6078,50.57364],[5.60903,50.5729],[5.61005,50.57281],[5.61015,50.57266],[5.61109,50.57226],[5.61297,50.57169],[5.61334,50.57149],[5.61398,50.57071],[5.61468,50.57003],[5.61431,50.56989],[5.61651,50.56834],[5.6166,50.56836],[5.61636,50.56607],[5.61654,50.56608],[5.61668,50.5649],[5.61651,50.56427],[5.61665,50.56387],[5.6159,50.5626],[5.61564,50.56175],[5.61572,50.56091],[5.61545,50.56044],[5.61572,50.55938],[5.61652,50.55884],[5.61488,50.55856],[5.61472,50.55891],[5.61266,50.55855],[5.61231,50.55929],[5.61016,50.55891],[5.61049,50.55805],[5.60939,50.55769],[5.60897,50.55806],[5.60666,50.55729],[5.60804,50.55599],[5.60943,50.55508],[5.61018,50.55474],[5.6111,50.55415],[5.61136,50.55372],[5.61505,50.55093],[5.61625,50.55112],[5.61649,50.55168],[5.6177,50.55204],[5.61883,50.55208],[5.62008,50.55244],[5.62175,50.55235],[5.62228,50.55202],[5.62276,50.55204],[5.62289,50.55183],[5.62452,50.55179],[5.62617,50.55151],[5.6283,50.55144],[5.63023,50.55119],[5.63033,50.55163],[5.63127,50.55143],[5.6317,50.55148],[5.63279,50.55134],[5.63373,50.5516],[5.63403,50.55149],[5.63585,50.55159],[5.6364,50.55147],[5.63671,50.55175],[5.63718,50.55185],[5.63789,50.55166],[5.63935,50.55183],[5.64006,50.55148],[5.64075,50.55145],[5.64196,50.55162],[5.64283,50.55154],[5.644,50.55175],[5.64561,50.55153],[5.64641,50.55156],[5.64711,50.55177],[5.64792,50.55187],[5.65028,50.55193],[5.65094,50.55214],[5.65204,50.55227],[5.65358,50.55234],[5.65456,50.55212],[5.65515,50.55171],[5.65597,50.5514],[5.65684,50.55125],[5.65755,50.5508],[5.6589,50.54959],[5.66051,50.5506],[5.66086,50.55039],[5.66152,50.55091],[5.66718,50.55063],[5.67469,50.55071],[5.6753,50.55187],[5.67595,50.55364],[5.67402,50.55365],[5.67348,50.55372],[5.67267,50.55409],[5.67236,50.55441],[5.67164,50.55553],[5.67138,50.55569],[5.66885,50.55633],[5.66854,50.55664],[5.6673,50.55665],[5.66655,50.55607],[5.66615,50.55613],[5.66639,50.55658],[5.66454,50.55686],[5.66446,50.55712],[5.66287,50.55719],[5.66303,50.55762],[5.66143,50.55774],[5.6613,50.55766],[5.66025,50.55793],[5.6601,50.55882],[5.65679,50.55865],[5.65412,50.55838],[5.65274,50.55843],[5.64995,50.55861],[5.64929,50.55861],[5.64737,50.55842],[5.64694,50.55885],[5.64817,50.55894],[5.64841,50.55904],[5.64979,50.55906],[5.65152,50.55928],[5.65232,50.55995],[5.65265,50.56082],[5.65298,50.56114],[5.65285,50.56147],[5.65313,50.56222],[5.65342,50.56249],[5.65329,50.56272],[5.65379,50.56272],[5.65455,50.56316],[5.65577,50.56332],[5.65662,50.56296],[5.65692,50.56303],[5.65688,50.56348],[5.65728,50.5642],[5.65804,50.56445],[5.65995,50.56533],[5.66199,50.56566],[5.66278,50.56589],[5.66451,50.56614],[5.66592,50.56678],[5.66473,50.56798],[5.66477,50.56833],[5.66556,50.56885],[5.66462,50.56938],[5.66406,50.5699],[5.66343,50.57083],[5.66321,50.57173],[5.6637,50.57241],[5.66368,50.57286],[5.66279,50.57251],[5.66151,50.57213],[5.66111,50.5717],[5.6594,50.57129],[5.65828,50.5711],[5.65782,50.5709],[5.65732,50.57092],[5.65654,50.5707],[5.65612,50.57036],[5.65593,50.56994],[5.65505,50.56974],[5.65454,50.56939],[5.65416,50.56956],[5.65377,50.56915],[5.65293,50.56905],[5.65155,50.56867],[5.65024,50.56858],[5.6495,50.56872],[5.64737,50.56822],[5.64558,50.56794],[5.64489,50.56774],[5.64394,50.56777],[5.64286,50.56729],[5.64176,50.56661],[5.64152,50.5671],[5.64096,50.56779],[5.64085,50.56886],[5.64124,50.56918],[5.64254,50.56955],[5.64343,50.56964],[5.64489,50.57007],[5.64558,50.57077],[5.64764,50.5724],[5.64957,50.5728],[5.65038,50.57248],[5.65098,50.57321],[5.65099,50.57368],[5.6523,50.57458],[5.65317,50.57536],[5.65321,50.57562],[5.65406,50.57639],[5.65421,50.57676],[5.65552,50.57739],[5.65621,50.57787],[5.65733,50.57839],[5.65831,50.57924],[5.65795,50.57958],[5.65719,50.57985],[5.65651,50.58045],[5.65655,50.58081],[5.65866,50.58189],[5.6595,50.58173],[5.66197,50.5818],[5.66341,50.58168],[5.6644,50.58138],[5.6648,50.58092],[5.66525,50.5812],[5.66529,50.58167],[5.66481,50.58255],[5.66508,50.58344],[5.66565,50.58367],[5.66572,50.58388],[5.668,50.58516],[5.66975,50.5854],[5.67074,50.58566],[5.67113,50.58563],[5.67202,50.58631],[5.67285,50.58799],[5.67273,50.58823],[5.67166,50.58846],[5.67166,50.58872],[5.67209,50.58879],[5.67275,50.58934],[5.67327,50.58961],[5.67533,50.59005],[5.67623,50.59029],[5.67844,50.59055],[5.67961,50.5908],[5.68029,50.59114],[5.68023,50.59274],[5.67941,50.59306],[5.6795,50.59351],[5.67793,50.5938],[5.67724,50.59407],[5.67718,50.59427],[5.6756,50.59501],[5.67541,50.59531],[5.67557,50.59583],[5.67538,50.59613],[5.67366,50.59662],[5.67267,50.59662],[5.67078,50.59546],[5.66956,50.59465],[5.66805,50.59441],[5.66661,50.59365],[5.66613,50.59361],[5.66545,50.59381],[5.6644,50.59483],[5.66409,50.59562],[5.66339,50.59573],[5.66283,50.59544],[5.66226,50.59534],[5.661,50.59551],[5.66033,50.59575],[5.66003,50.5962],[5.65941,50.59662],[5.65888,50.59746],[5.65851,50.59769],[5.65714,50.59784],[5.65591,50.59814],[5.65623,50.59902],[5.65418,50.59962],[5.65452,50.60037],[5.65459,50.60089],[5.65333,50.60097],[5.65335,50.60128],[5.65447,50.60215],[5.65536,50.60262],[5.65547,50.6029],[5.65464,50.60357],[5.65322,50.60261],[5.65264,50.60297],[5.65156,50.604],[5.65256,50.60411],[5.65395,50.60475],[5.65465,50.60493],[5.65483,50.60557],[5.6541,50.60578],[5.65384,50.60616],[5.65436,50.60631],[5.65433,50.60677],[5.65457,50.60758],[5.65349,50.6074],[5.65215,50.60699],[5.65049,50.60695],[5.65028,50.60716],[5.6506,50.60781],[5.64981,50.60845],[5.64906,50.60933],[5.64898,50.61032],[5.64739,50.60985],[5.64575,50.60922],[5.64548,50.60949],[5.64441,50.60971],[5.64415,50.61025],[5.64424,50.61069],[5.6448,50.61091],[5.64675,50.61133],[5.64671,50.6115],[5.64604,50.61157]]]}},{"type":"Feature","id":"62026","bbox":[5.535316,50.459175,5.635665,50.511882],"properties":{"nis":"62026","name":"Comblain-au-Pont","nameNl":"Comblain-au-Pont","nameFr":"Comblain-au-Pont","nameDe":"Comblain-au-Pont","province":"liege","region":"wallonia","areaKm2":22.47},"geometry":{"type":"Polygon","coordinates":[[[5.54196,50.46135],[5.54301,50.46157],[5.55319,50.45917],[5.55403,50.45933],[5.55794,50.4602],[5.56147,50.46084],[5.5637,50.46063],[5.56455,50.46065],[5.56737,50.46135],[5.56771,50.46107],[5.56823,50.46135],[5.56935,50.46117],[5.57027,50.46141],[5.57203,50.46161],[5.57263,50.46201],[5.57349,50.46225],[5.57548,50.46241],[5.57765,50.46291],[5.57923,50.46314],[5.5803,50.46341],[5.58189,50.46353],[5.58273,50.46369],[5.58297,50.4636],[5.58192,50.46302],[5.58429,50.46335],[5.58849,50.46368],[5.59013,50.46385],[5.59971,50.46467],[5.60303,50.46497],[5.60611,50.46413],[5.60762,50.46406],[5.6087,50.46415],[5.61007,50.46407],[5.61009,50.4642],[5.61132,50.464],[5.61134,50.46326],[5.61112,50.46221],[5.61132,50.4613],[5.61112,50.46045],[5.61088,50.46005],[5.61188,50.45987],[5.61305,50.45978],[5.61434,50.45979],[5.61502,50.45992],[5.61696,50.45991],[5.62048,50.4597],[5.62176,50.45967],[5.62311,50.45982],[5.62396,50.46017],[5.62378,50.46145],[5.62384,50.46176],[5.62432,50.46259],[5.62498,50.46291],[5.62673,50.46322],[5.62734,50.4632],[5.62712,50.46411],[5.62673,50.46409],[5.62646,50.46506],[5.62629,50.46504],[5.62589,50.46681],[5.6262,50.46981],[5.62609,50.47055],[5.62642,50.47169],[5.62639,50.47204],[5.62694,50.47224],[5.62822,50.47312],[5.62862,50.47356],[5.62968,50.47441],[5.63038,50.47474],[5.63112,50.47563],[5.63144,50.47623],[5.63191,50.47663],[5.63208,50.47724],[5.63248,50.47781],[5.63284,50.47872],[5.6334,50.4792],[5.63463,50.4797],[5.63567,50.48022],[5.63481,50.48098],[5.63272,50.48359],[5.63219,50.48437],[5.63142,50.48633],[5.63097,50.48696],[5.63039,50.48756],[5.62962,50.48804],[5.62727,50.48857],[5.62448,50.48826],[5.62268,50.48734],[5.62201,50.48681],[5.62001,50.48302],[5.62005,50.48106],[5.6198,50.48036],[5.61894,50.47895],[5.61811,50.47723],[5.61735,50.47695],[5.61497,50.47678],[5.61403,50.47686],[5.61219,50.47721],[5.61117,50.47761],[5.6103,50.47843],[5.60852,50.48048],[5.60769,50.48126],[5.6066,50.48197],[5.60575,50.48226],[5.60451,50.4825],[5.60259,50.48256],[5.6015,50.48235],[5.60044,50.48203],[5.59902,50.48148],[5.59746,50.48134],[5.59603,50.4811],[5.59476,50.48128],[5.59342,50.48161],[5.59213,50.48181],[5.59076,50.48179],[5.58949,50.48186],[5.58816,50.48215],[5.58607,50.48292],[5.58397,50.48423],[5.58333,50.48529],[5.5834,50.48642],[5.5836,50.4877],[5.58445,50.48921],[5.58534,50.4905],[5.5872,50.49262],[5.58736,50.49324],[5.58805,50.49388],[5.59024,50.49544],[5.59162,50.49627],[5.59401,50.49836],[5.59487,50.49925],[5.59553,50.50018],[5.59585,50.50111],[5.59601,50.5022],[5.59604,50.50423],[5.59553,50.50541],[5.59467,50.50665],[5.59413,50.50754],[5.59328,50.50835],[5.59238,50.50867],[5.59178,50.50911],[5.59137,50.51006],[5.59057,50.51048],[5.58935,50.51112],[5.58819,50.51163],[5.58692,50.51188],[5.5839,50.51164],[5.5819,50.51129],[5.58081,50.51117],[5.57726,50.51099],[5.57532,50.51053],[5.57394,50.51001],[5.57187,50.50907],[5.56857,50.50767],[5.56716,50.50696],[5.56658,50.50687],[5.56604,50.50702],[5.56418,50.50812],[5.56242,50.50899],[5.55982,50.51068],[5.55871,50.51012],[5.55663,50.50917],[5.55642,50.50922],[5.5547,50.5085],[5.55309,50.50736],[5.55191,50.50718],[5.55073,50.50675],[5.54984,50.5066],[5.54937,50.50639],[5.54857,50.50633],[5.54789,50.50607],[5.54671,50.50591],[5.54564,50.50562],[5.5465,50.50314],[5.54702,50.50196],[5.54752,50.50136],[5.54823,50.50083],[5.54967,50.50018],[5.55042,50.4995],[5.55093,50.49887],[5.55122,50.49825],[5.55179,50.49642],[5.55018,50.49602],[5.54903,50.49587],[5.54872,50.49561],[5.55115,50.49549],[5.55099,50.49458],[5.55115,50.49367],[5.55284,50.49342],[5.55379,50.49125],[5.55274,50.48855],[5.55083,50.48795],[5.55095,50.48729],[5.55081,50.48673],[5.54957,50.48577],[5.54927,50.48515],[5.5496,50.48401],[5.54874,50.48383],[5.54895,50.4805],[5.54661,50.48042],[5.54677,50.47944],[5.54674,50.47862],[5.54648,50.47755],[5.54611,50.47686],[5.54535,50.47449],[5.54518,50.47361],[5.54517,50.4729],[5.54138,50.47198],[5.53532,50.46727],[5.53816,50.46435],[5.53948,50.46312],[5.54015,50.46272],[5.54196,50.46135]]]}},{"type":"Feature","id":"62027","bbox":[5.701482,50.680904,5.818757,50.755471],"properties":{"nis":"62027","name":"Dalhem","nameNl":"Dalhem","nameFr":"Dalhem","nameDe":"Dalhem","province":"liege","region":"wallonia","areaKm2":35.99},"geometry":{"type":"Polygon","coordinates":[[[5.72228,50.74571],[5.72194,50.74506],[5.72175,50.74509],[5.72137,50.74451],[5.72267,50.74427],[5.72322,50.74408],[5.7216,50.74273],[5.72127,50.74176],[5.72217,50.74173],[5.72232,50.74105],[5.72199,50.74069],[5.72248,50.74069],[5.72217,50.74015],[5.72389,50.73943],[5.72467,50.73898],[5.72524,50.73889],[5.72497,50.73863],[5.72456,50.73865],[5.72442,50.73813],[5.72483,50.73735],[5.72378,50.73657],[5.7236,50.73631],[5.72456,50.73584],[5.72435,50.73556],[5.72346,50.73519],[5.72278,50.73471],[5.72324,50.73435],[5.72315,50.73406],[5.72232,50.73442],[5.72207,50.73433],[5.72245,50.73341],[5.72194,50.73229],[5.72152,50.73178],[5.72194,50.73074],[5.72193,50.73025],[5.7212,50.73011],[5.72122,50.72977],[5.72054,50.72918],[5.72055,50.72835],[5.71945,50.72834],[5.71902,50.72819],[5.71952,50.72774],[5.7197,50.72734],[5.72061,50.72728],[5.72111,50.72702],[5.72116,50.72657],[5.72145,50.72601],[5.72021,50.72488],[5.72012,50.72283],[5.72094,50.7228],[5.72126,50.72235],[5.72176,50.72201],[5.72151,50.72114],[5.72199,50.72082],[5.72267,50.72095],[5.72315,50.72138],[5.72368,50.72118],[5.72332,50.72038],[5.72336,50.72014],[5.72286,50.71976],[5.72289,50.71946],[5.7223,50.7192],[5.71945,50.7192],[5.71925,50.72088],[5.71897,50.72222],[5.71747,50.72328],[5.71377,50.72429],[5.70925,50.72571],[5.70809,50.72249],[5.70744,50.72111],[5.7072,50.72075],[5.70843,50.71944],[5.70933,50.71805],[5.70956,50.71732],[5.70936,50.71502],[5.71053,50.71273],[5.70908,50.71195],[5.70719,50.71017],[5.70611,50.70886],[5.70459,50.70779],[5.70374,50.70652],[5.70184,50.70437],[5.70148,50.70409],[5.70345,50.70354],[5.70216,50.7014],[5.70339,50.70098],[5.70302,50.70062],[5.70519,50.69986],[5.70437,50.69934],[5.70504,50.69926],[5.70522,50.69952],[5.70616,50.6994],[5.70708,50.69918],[5.70847,50.69855],[5.70892,50.699],[5.70934,50.69876],[5.70998,50.69965],[5.71054,50.7001],[5.71184,50.70008],[5.71294,50.70015],[5.71406,50.7006],[5.71396,50.70099],[5.71621,50.70112],[5.71729,50.70106],[5.71757,50.70116],[5.71791,50.70165],[5.71967,50.70499],[5.72057,50.70554],[5.71983,50.70615],[5.72084,50.70599],[5.72114,50.70621],[5.72191,50.70555],[5.72268,50.70576],[5.72319,50.70572],[5.72931,50.70733],[5.73026,50.70666],[5.73165,50.70596],[5.73233,50.70512],[5.73255,50.70519],[5.73516,50.7043],[5.73557,50.70407],[5.73603,50.70414],[5.73627,50.70385],[5.73619,50.70353],[5.73637,50.70253],[5.73828,50.70117],[5.73923,50.70068],[5.74076,50.69975],[5.74134,50.69885],[5.74246,50.69804],[5.74368,50.69757],[5.74456,50.69746],[5.74406,50.69707],[5.74543,50.69574],[5.74444,50.69495],[5.74947,50.68938],[5.74882,50.68731],[5.74882,50.68659],[5.74857,50.68627],[5.74861,50.68579],[5.74835,50.68555],[5.74908,50.68502],[5.74898,50.68421],[5.74939,50.68378],[5.74999,50.68197],[5.75214,50.68272],[5.7534,50.68273],[5.75478,50.68266],[5.75593,50.68237],[5.7572,50.68181],[5.76111,50.681],[5.7618,50.6809],[5.76266,50.68115],[5.76353,50.68175],[5.76422,50.68204],[5.76496,50.68213],[5.76831,50.68209],[5.76929,50.6823],[5.77005,50.6828],[5.77049,50.68376],[5.76996,50.68527],[5.77016,50.68553],[5.7712,50.68586],[5.76987,50.68732],[5.76905,50.68786],[5.76797,50.68893],[5.76685,50.69017],[5.76607,50.69069],[5.76552,50.69089],[5.76422,50.6911],[5.76359,50.69132],[5.75977,50.69329],[5.75868,50.69396],[5.75792,50.69537],[5.75524,50.69845],[5.75432,50.69883],[5.7542,50.69901],[5.75333,50.69942],[5.75371,50.70016],[5.75369,50.70133],[5.75315,50.70204],[5.75446,50.70279],[5.75526,50.70179],[5.75695,50.70318],[5.75739,50.7034],[5.75794,50.7034],[5.75847,50.70267],[5.75893,50.70281],[5.75949,50.70222],[5.75936,50.70179],[5.75969,50.70143],[5.76042,50.70104],[5.76069,50.70114],[5.76094,50.70077],[5.76064,50.70043],[5.76132,50.70025],[5.76163,50.69969],[5.76154,50.69951],[5.76214,50.69942],[5.76217,50.69979],[5.76251,50.69974],[5.76293,50.69895],[5.76273,50.69855],[5.76294,50.69829],[5.7633,50.69842],[5.76427,50.69829],[5.76434,50.69808],[5.76541,50.6975],[5.7659,50.69754],[5.76618,50.69725],[5.76671,50.69744],[5.76711,50.69729],[5.76822,50.69739],[5.76871,50.69718],[5.76877,50.69691],[5.76925,50.697],[5.76928,50.69672],[5.77015,50.69683],[5.77089,50.69674],[5.77166,50.69637],[5.77143,50.69602],[5.77236,50.6958],[5.77293,50.69588],[5.77289,50.6956],[5.77394,50.69554],[5.77416,50.69572],[5.77522,50.69554],[5.77541,50.69594],[5.77599,50.6958],[5.77646,50.69608],[5.77806,50.6962],[5.77796,50.69589],[5.77853,50.69575],[5.77928,50.69601],[5.7797,50.69584],[5.78021,50.69604],[5.78049,50.69574],[5.78074,50.69592],[5.78154,50.69559],[5.78215,50.69579],[5.78257,50.69535],[5.78356,50.69558],[5.78409,50.69552],[5.78492,50.69576],[5.78636,50.69595],[5.78809,50.69707],[5.78994,50.69756],[5.79127,50.69809],[5.79386,50.69943],[5.79403,50.70042],[5.79499,50.70116],[5.79512,50.70159],[5.79552,50.70212],[5.79575,50.70273],[5.79654,50.70244],[5.79687,50.70259],[5.79801,50.70208],[5.79839,50.70249],[5.80266,50.70712],[5.80453,50.7092],[5.80628,50.71109],[5.80662,50.71136],[5.80971,50.71282],[5.81349,50.71291],[5.81871,50.71431],[5.81876,50.7144],[5.81752,50.71481],[5.81477,50.7151],[5.81295,50.71533],[5.81417,50.71736],[5.8142,50.7176],[5.81278,50.71869],[5.8126,50.71917],[5.81227,50.72088],[5.81183,50.72213],[5.81111,50.72343],[5.80934,50.72375],[5.80211,50.73033],[5.80053,50.73163],[5.80015,50.73212],[5.8007,50.73231],[5.80058,50.73255],[5.80212,50.73298],[5.80169,50.73392],[5.80304,50.73431],[5.80325,50.73488],[5.80182,50.73588],[5.80241,50.73632],[5.80163,50.73657],[5.79951,50.73661],[5.79888,50.7359],[5.79842,50.73633],[5.7963,50.73796],[5.79592,50.73758],[5.79344,50.73901],[5.79206,50.74064],[5.79124,50.74201],[5.79059,50.74189],[5.79063,50.74261],[5.78945,50.74376],[5.78817,50.74411],[5.78685,50.74509],[5.78549,50.74575],[5.7839,50.74621],[5.78252,50.74669],[5.77984,50.74774],[5.77764,50.74848],[5.77392,50.74934],[5.77261,50.7497],[5.77182,50.75017],[5.7709,50.75117],[5.77062,50.75135],[5.76986,50.75135],[5.7688,50.75115],[5.76816,50.75093],[5.76682,50.75027],[5.76558,50.74991],[5.76452,50.74972],[5.7625,50.74905],[5.76056,50.74831],[5.75787,50.74752],[5.75598,50.74708],[5.75461,50.74653],[5.75299,50.74605],[5.75013,50.74552],[5.7489,50.74524],[5.74857,50.74564],[5.74808,50.74543],[5.74609,50.74664],[5.74632,50.74725],[5.74661,50.74737],[5.74563,50.74811],[5.74603,50.74831],[5.74477,50.74911],[5.74588,50.74985],[5.74517,50.75024],[5.74569,50.75068],[5.74516,50.75092],[5.74574,50.75138],[5.74582,50.75174],[5.74648,50.75157],[5.747,50.75224],[5.74361,50.75319],[5.74351,50.75318],[5.74366,50.75445],[5.74274,50.75462],[5.74106,50.75482],[5.74112,50.75504],[5.73729,50.75546],[5.73715,50.75479],[5.73522,50.75473],[5.73454,50.7545],[5.73322,50.75444],[5.73298,50.75531],[5.73206,50.75495],[5.73257,50.75409],[5.73158,50.75416],[5.73129,50.75442],[5.73095,50.75433],[5.73205,50.75342],[5.73064,50.75306],[5.73127,50.75196],[5.7292,50.75176],[5.7283,50.75305],[5.7265,50.75239],[5.72658,50.75198],[5.72603,50.75168],[5.72678,50.75009],[5.72639,50.74995],[5.7268,50.74906],[5.72485,50.74844],[5.72576,50.74671],[5.72539,50.74622],[5.72549,50.74604],[5.72425,50.74607],[5.72293,50.74683],[5.72228,50.74571]]]}},{"type":"Feature","id":"62032","bbox":[5.497363,50.50346,5.616681,50.581055],"properties":{"nis":"62032","name":"Esneux","nameNl":"Esneux","nameFr":"Esneux","nameDe":"Esneux","province":"liege","region":"wallonia","areaKm2":34.05},"geometry":{"type":"Polygon","coordinates":[[[5.54713,50.56133],[5.54733,50.56071],[5.54738,50.5594],[5.54655,50.55827],[5.54653,50.55754],[5.54634,50.55689],[5.54516,50.556],[5.54458,50.55575],[5.54407,50.55535],[5.54371,50.5545],[5.54263,50.55367],[5.54297,50.55235],[5.54438,50.55159],[5.54559,50.55162],[5.54578,50.55178],[5.54729,50.55188],[5.54944,50.55218],[5.54999,50.55249],[5.551,50.55278],[5.55328,50.55303],[5.55391,50.55317],[5.55421,50.55251],[5.55446,50.55071],[5.55279,50.55081],[5.55047,50.55061],[5.54903,50.55024],[5.54807,50.54967],[5.54735,50.54909],[5.54675,50.54832],[5.54653,50.54758],[5.54644,50.5465],[5.54699,50.54561],[5.54781,50.54491],[5.54865,50.54438],[5.54939,50.54353],[5.5503,50.54181],[5.55057,50.54037],[5.55097,50.53956],[5.55192,50.53873],[5.55243,50.53812],[5.55391,50.53601],[5.55456,50.53463],[5.55472,50.53393],[5.55402,50.53377],[5.55293,50.53318],[5.55256,50.53281],[5.5506,50.53228],[5.5499,50.53219],[5.54899,50.53178],[5.54729,50.5312],[5.54625,50.53093],[5.54536,50.53095],[5.54363,50.53028],[5.54305,50.53025],[5.54265,50.53049],[5.54286,50.53107],[5.54263,50.53184],[5.54202,50.53183],[5.54063,50.53154],[5.53854,50.53129],[5.53788,50.53094],[5.53767,50.52975],[5.53724,50.52875],[5.53643,50.52853],[5.53611,50.52831],[5.53388,50.52815],[5.53329,50.52788],[5.53286,50.52741],[5.53202,50.52727],[5.53105,50.52742],[5.53017,50.52743],[5.5294,50.52763],[5.52753,50.52707],[5.52616,50.52697],[5.52472,50.52699],[5.52247,50.52689],[5.5208,50.52689],[5.51976,50.52679],[5.51861,50.52631],[5.51827,50.52588],[5.51707,50.52525],[5.51552,50.52478],[5.51464,50.5243],[5.51305,50.52365],[5.51214,50.52373],[5.51107,50.52443],[5.51045,50.52453],[5.50977,50.52431],[5.50812,50.5232],[5.50715,50.52305],[5.50662,50.52321],[5.50647,50.52345],[5.50578,50.52378],[5.50384,50.5233],[5.50305,50.52335],[5.50237,50.52309],[5.50148,50.52252],[5.49931,50.52101],[5.49834,50.52022],[5.49878,50.51901],[5.49844,50.51833],[5.49743,50.51796],[5.49847,50.51707],[5.49887,50.51707],[5.49894,50.51743],[5.49949,50.51785],[5.5001,50.51808],[5.50294,50.51374],[5.50444,50.5128],[5.50499,50.51222],[5.50632,50.51257],[5.50865,50.51346],[5.50778,50.5151],[5.50892,50.51534],[5.51053,50.51578],[5.51135,50.51608],[5.51283,50.51642],[5.51482,50.51673],[5.51618,50.51752],[5.51707,50.51613],[5.51419,50.51526],[5.51571,50.5147],[5.51706,50.51381],[5.51797,50.51276],[5.51821,50.51209],[5.51787,50.51181],[5.51591,50.51102],[5.51554,50.5105],[5.51403,50.51002],[5.51445,50.50987],[5.51389,50.50935],[5.51564,50.50882],[5.51649,50.50841],[5.51766,50.50875],[5.51929,50.50913],[5.52158,50.50954],[5.52326,50.50989],[5.52472,50.50983],[5.52484,50.50926],[5.52402,50.5089],[5.52395,50.50829],[5.52348,50.50811],[5.52324,50.50846],[5.52163,50.50818],[5.52196,50.50776],[5.52169,50.50752],[5.521,50.50772],[5.52071,50.50718],[5.52064,50.50558],[5.5205,50.50538],[5.52236,50.50537],[5.52333,50.50525],[5.52386,50.50476],[5.52466,50.50464],[5.52607,50.50473],[5.52606,50.50441],[5.52738,50.50446],[5.5273,50.50424],[5.5278,50.50424],[5.52835,50.50447],[5.52911,50.50346],[5.53017,50.50353],[5.53083,50.50378],[5.53311,50.50391],[5.53512,50.50453],[5.53583,50.50457],[5.53636,50.50477],[5.53716,50.50486],[5.53808,50.50513],[5.53857,50.50508],[5.53924,50.50523],[5.54034,50.50517],[5.54198,50.50518],[5.5424,50.50502],[5.54333,50.50503],[5.54448,50.50516],[5.5447,50.50537],[5.54539,50.50545],[5.54564,50.50562],[5.54671,50.50591],[5.54789,50.50607],[5.54857,50.50633],[5.54937,50.50639],[5.54984,50.5066],[5.55073,50.50675],[5.55191,50.50718],[5.55309,50.50736],[5.5547,50.5085],[5.55642,50.50922],[5.55663,50.50917],[5.55871,50.51012],[5.55982,50.51068],[5.56242,50.50899],[5.56418,50.50812],[5.56604,50.50702],[5.56658,50.50687],[5.56716,50.50696],[5.56857,50.50767],[5.57187,50.50907],[5.57394,50.51001],[5.57532,50.51053],[5.57726,50.51099],[5.58081,50.51117],[5.5819,50.51129],[5.5839,50.51164],[5.58692,50.51188],[5.58819,50.51163],[5.58935,50.51112],[5.59057,50.51048],[5.59143,50.51138],[5.59228,50.51163],[5.59242,50.51214],[5.59276,50.51232],[5.59276,50.51287],[5.59179,50.51287],[5.59154,50.51344],[5.59104,50.51403],[5.59203,50.5143],[5.59273,50.51404],[5.5943,50.51509],[5.59593,50.51581],[5.59803,50.51697],[5.59976,50.51833],[5.60063,50.51867],[5.60131,50.51907],[5.60235,50.51942],[5.60389,50.52003],[5.60567,50.52032],[5.60803,50.52151],[5.60854,50.52159],[5.61011,50.52141],[5.61099,50.52173],[5.6113,50.52201],[5.61188,50.52301],[5.61204,50.52351],[5.61129,50.5236],[5.61059,50.52301],[5.60998,50.52272],[5.60919,50.5227],[5.6081,50.523],[5.6078,50.52299],[5.60703,50.52408],[5.60564,50.52576],[5.60411,50.52624],[5.60279,50.52629],[5.60187,50.52679],[5.60087,50.52788],[5.59945,50.52962],[5.59865,50.53036],[5.59819,50.53192],[5.59767,50.53264],[5.59724,50.53353],[5.59729,50.53411],[5.59801,50.53511],[5.59819,50.53571],[5.59867,50.53787],[5.59876,50.53867],[5.59902,50.53882],[5.59928,50.54012],[5.59917,50.54059],[5.59873,50.54161],[5.59854,50.54177],[5.5993,50.54217],[5.60034,50.542],[5.60095,50.54337],[5.6016,50.54331],[5.60136,50.54358],[5.60163,50.54386],[5.60126,50.54418],[5.60145,50.54563],[5.60085,50.54594],[5.60106,50.54647],[5.60186,50.54635],[5.60268,50.54649],[5.60318,50.5467],[5.60321,50.54716],[5.60369,50.54742],[5.60503,50.5477],[5.60547,50.54811],[5.60665,50.54799],[5.60798,50.54822],[5.60864,50.54799],[5.60929,50.54866],[5.60973,50.54871],[5.61039,50.54913],[5.61129,50.54906],[5.61177,50.54923],[5.61164,50.54964],[5.61274,50.54973],[5.61432,50.5503],[5.61441,50.55087],[5.61505,50.55093],[5.61136,50.55372],[5.6111,50.55415],[5.61018,50.55474],[5.60943,50.55508],[5.60804,50.55599],[5.60666,50.55729],[5.60897,50.55806],[5.60939,50.55769],[5.61049,50.55805],[5.61016,50.55891],[5.61231,50.55929],[5.61266,50.55855],[5.61472,50.55891],[5.61488,50.55856],[5.61652,50.55884],[5.61572,50.55938],[5.61545,50.56044],[5.61572,50.56091],[5.61564,50.56175],[5.6159,50.5626],[5.61665,50.56387],[5.61651,50.56427],[5.61668,50.5649],[5.61654,50.56608],[5.61636,50.56607],[5.6166,50.56836],[5.61651,50.56834],[5.61431,50.56989],[5.61468,50.57003],[5.61398,50.57071],[5.61334,50.57149],[5.61297,50.57169],[5.61109,50.57226],[5.61015,50.57266],[5.61005,50.57281],[5.60903,50.5729],[5.6078,50.57364],[5.60601,50.57553],[5.6059,50.57589],[5.60635,50.57682],[5.60601,50.57739],[5.60496,50.57857],[5.60408,50.57919],[5.60266,50.58002],[5.60084,50.58099],[5.60013,50.58106],[5.59918,50.58038],[5.59977,50.57992],[5.60027,50.57929],[5.60056,50.57869],[5.60068,50.57788],[5.60059,50.57748],[5.60022,50.57694],[5.59956,50.57653],[5.59846,50.5762],[5.59725,50.57599],[5.595,50.57577],[5.59358,50.57584],[5.59243,50.576],[5.59164,50.57624],[5.59051,50.57699],[5.58988,50.57666],[5.58902,50.57644],[5.5865,50.5763],[5.58448,50.57639],[5.58133,50.57675],[5.58115,50.57634],[5.57918,50.5763],[5.5789,50.57643],[5.57771,50.57625],[5.57711,50.57607],[5.57734,50.5758],[5.57464,50.57319],[5.57429,50.57293],[5.57605,50.57137],[5.57703,50.57116],[5.57743,50.57061],[5.57545,50.56991],[5.57418,50.56906],[5.57388,50.56864],[5.57333,50.56829],[5.57176,50.56776],[5.57093,50.56737],[5.56942,50.56653],[5.56835,50.56645],[5.568,50.56627],[5.56699,50.56617],[5.56736,50.56561],[5.56738,50.5647],[5.5676,50.56398],[5.56717,50.56387],[5.56618,50.56326],[5.56563,50.56317],[5.5635,50.56218],[5.56288,50.56217],[5.56171,50.56191],[5.55723,50.56209],[5.55268,50.56102],[5.55103,50.56127],[5.54929,50.56167],[5.54713,50.56133]]]}},{"type":"Feature","id":"62038","bbox":[5.644138,50.589979,5.714924,50.644913],"properties":{"nis":"62038","name":"Fléron","nameNl":"Fléron","nameFr":"Fléron","nameDe":"Fléron","province":"liege","region":"wallonia","areaKm2":13.64},"geometry":{"type":"Polygon","coordinates":[[[5.69268,50.64491],[5.69068,50.64387],[5.687,50.642],[5.68399,50.63948],[5.68235,50.63817],[5.68186,50.63793],[5.68224,50.6377],[5.68196,50.63736],[5.68218,50.63655],[5.68241,50.63651],[5.68212,50.63583],[5.68264,50.63522],[5.68213,50.63461],[5.68242,50.63456],[5.68274,50.63364],[5.68302,50.63238],[5.68342,50.63193],[5.68491,50.63111],[5.68607,50.63013],[5.68852,50.62813],[5.68883,50.62769],[5.68974,50.62684],[5.69075,50.62613],[5.6928,50.62526],[5.69327,50.62477],[5.69361,50.62408],[5.69086,50.62361],[5.69055,50.62401],[5.6898,50.62444],[5.68831,50.62493],[5.6868,50.62559],[5.68565,50.62595],[5.6846,50.62643],[5.6842,50.6268],[5.68311,50.62731],[5.68115,50.62778],[5.67939,50.62847],[5.67761,50.62879],[5.67612,50.62953],[5.67457,50.62995],[5.67373,50.62966],[5.67305,50.6298],[5.67272,50.62939],[5.67275,50.62817],[5.67257,50.62774],[5.67221,50.62755],[5.67215,50.62711],[5.67174,50.62678],[5.67225,50.62603],[5.67276,50.6258],[5.67312,50.6242],[5.67307,50.62392],[5.66951,50.62246],[5.66892,50.62262],[5.67006,50.62191],[5.67064,50.62129],[5.67215,50.62017],[5.6732,50.61887],[5.67141,50.61811],[5.6705,50.6178],[5.66897,50.61642],[5.66882,50.61619],[5.67284,50.6156],[5.67331,50.61546],[5.67198,50.61451],[5.67088,50.61392],[5.66834,50.61292],[5.66724,50.6136],[5.66395,50.61536],[5.66268,50.61589],[5.66229,50.61563],[5.66205,50.61511],[5.66116,50.61514],[5.66078,50.6153],[5.6594,50.61539],[5.65875,50.61505],[5.65814,50.61499],[5.65744,50.61472],[5.65681,50.61429],[5.65566,50.61402],[5.65559,50.61367],[5.65501,50.61332],[5.65444,50.61335],[5.65398,50.61306],[5.65287,50.61329],[5.65222,50.61325],[5.65091,50.61265],[5.6507,50.61195],[5.65006,50.61189],[5.6492,50.61161],[5.64797,50.61181],[5.64677,50.61212],[5.64604,50.61157],[5.64671,50.6115],[5.64675,50.61133],[5.6448,50.61091],[5.64424,50.61069],[5.64415,50.61025],[5.64441,50.60971],[5.64548,50.60949],[5.64575,50.60922],[5.64739,50.60985],[5.64898,50.61032],[5.64906,50.60933],[5.64981,50.60845],[5.6506,50.60781],[5.65028,50.60716],[5.65049,50.60695],[5.65215,50.60699],[5.65349,50.6074],[5.65457,50.60758],[5.65433,50.60677],[5.65436,50.60631],[5.65384,50.60616],[5.6541,50.60578],[5.65483,50.60557],[5.65465,50.60493],[5.65395,50.60475],[5.65256,50.60411],[5.65156,50.604],[5.65264,50.60297],[5.65322,50.60261],[5.65464,50.60357],[5.65547,50.6029],[5.65536,50.60262],[5.65447,50.60215],[5.65335,50.60128],[5.65333,50.60097],[5.65459,50.60089],[5.65452,50.60037],[5.65418,50.59962],[5.65623,50.59902],[5.65591,50.59814],[5.65714,50.59784],[5.65851,50.59769],[5.65888,50.59746],[5.65941,50.59662],[5.66003,50.5962],[5.66033,50.59575],[5.661,50.59551],[5.66226,50.59534],[5.66283,50.59544],[5.66339,50.59573],[5.66409,50.59562],[5.6644,50.59483],[5.66545,50.59381],[5.66613,50.59361],[5.66661,50.59365],[5.66805,50.59441],[5.66956,50.59465],[5.67078,50.59546],[5.67267,50.59662],[5.67366,50.59662],[5.67538,50.59613],[5.67557,50.59583],[5.67541,50.59531],[5.6756,50.59501],[5.67718,50.59427],[5.67724,50.59407],[5.67793,50.5938],[5.6795,50.59351],[5.67941,50.59306],[5.68023,50.59274],[5.68059,50.59293],[5.68193,50.59271],[5.68264,50.5927],[5.68317,50.59219],[5.68372,50.59245],[5.68376,50.59293],[5.68363,50.59393],[5.68414,50.59504],[5.68499,50.59529],[5.68477,50.5948],[5.68542,50.59409],[5.68516,50.59374],[5.68538,50.59359],[5.6854,50.59294],[5.68568,50.59267],[5.686,50.59088],[5.68626,50.59021],[5.687,50.59011],[5.68869,50.59015],[5.69118,50.58998],[5.69162,50.59011],[5.69108,50.59117],[5.69155,50.59196],[5.69276,50.59282],[5.69372,50.59296],[5.69459,50.59292],[5.69484,50.59265],[5.69637,50.59336],[5.6969,50.59354],[5.69777,50.59361],[5.69781,50.59341],[5.69883,50.59344],[5.69939,50.59384],[5.69923,50.59464],[5.69951,50.5953],[5.70027,50.59548],[5.70044,50.59598],[5.70031,50.59642],[5.7005,50.59701],[5.70036,50.59747],[5.69971,50.59789],[5.69797,50.5981],[5.69766,50.59855],[5.69638,50.59952],[5.69608,50.60014],[5.69626,50.6006],[5.69677,50.6011],[5.69635,50.60156],[5.69553,50.60159],[5.69433,50.60201],[5.69375,50.6025],[5.69368,50.60292],[5.69328,50.60316],[5.69384,50.60332],[5.69365,50.60389],[5.69292,50.60412],[5.69328,50.60433],[5.69275,50.60492],[5.69286,50.60534],[5.69243,50.6058],[5.69252,50.60622],[5.69302,50.60662],[5.69299,50.60808],[5.69356,50.60836],[5.69359,50.60883],[5.69432,50.60912],[5.69506,50.60912],[5.69507,50.6093],[5.69602,50.6097],[5.6961,50.61037],[5.69683,50.6113],[5.69716,50.61145],[5.69731,50.61183],[5.69865,50.61295],[5.69949,50.61338],[5.70015,50.6133],[5.7015,50.61205],[5.70291,50.61158],[5.70398,50.61261],[5.70269,50.61331],[5.70186,50.61412],[5.70335,50.61624],[5.70683,50.61604],[5.70828,50.61644],[5.71003,50.61672],[5.71281,50.61748],[5.71425,50.61757],[5.71492,50.61812],[5.71292,50.61832],[5.71256,50.61846],[5.71176,50.61948],[5.7116,50.61946],[5.71034,50.62132],[5.71015,50.62284],[5.7105,50.62295],[5.70984,50.62382],[5.70998,50.62386],[5.71282,50.62823],[5.71431,50.63062],[5.713,50.63127],[5.71196,50.63163],[5.71046,50.63292],[5.70705,50.6352],[5.70498,50.63668],[5.70424,50.63732],[5.70308,50.638],[5.70216,50.6388],[5.70138,50.63891],[5.70074,50.63916],[5.69906,50.6403],[5.6979,50.64136],[5.69724,50.6422],[5.69675,50.64305],[5.69638,50.64344],[5.69506,50.64404],[5.69268,50.64491]]]}},{"type":"Feature","id":"62051","bbox":[5.555549,50.654771,5.657437,50.702656],"properties":{"nis":"62051","name":"Herstal","nameNl":"Herstal","nameFr":"Herstal","nameDe":"Herstal","province":"liege","region":"wallonia","areaKm2":23.43},"geometry":{"type":"Polygon","coordinates":[[[5.5934,50.70141],[5.59173,50.70142],[5.59015,50.70092],[5.58819,50.70006],[5.5844,50.69889],[5.58404,50.69894],[5.58281,50.69839],[5.58238,50.69838],[5.58214,50.69961],[5.57954,50.70107],[5.57889,50.70117],[5.57793,50.69855],[5.57607,50.69855],[5.57525,50.69866],[5.575,50.69824],[5.5728,50.69839],[5.56748,50.69839],[5.5674,50.69801],[5.56288,50.6981],[5.56152,50.69796],[5.56045,50.69763],[5.55955,50.69715],[5.55822,50.69609],[5.55555,50.69383],[5.55689,50.69287],[5.55861,50.69126],[5.55895,50.69146],[5.55951,50.69108],[5.55915,50.69088],[5.56048,50.69],[5.56079,50.68962],[5.56377,50.68745],[5.56391,50.68755],[5.56569,50.68665],[5.56523,50.68583],[5.56473,50.68219],[5.56557,50.6801],[5.5665,50.67954],[5.56623,50.6795],[5.56623,50.67866],[5.56577,50.6783],[5.56553,50.6773],[5.56594,50.67587],[5.56565,50.67403],[5.56728,50.673],[5.56754,50.67171],[5.56712,50.67049],[5.56719,50.66932],[5.56796,50.66606],[5.56838,50.66618],[5.56869,50.66539],[5.57086,50.66626],[5.5712,50.66589],[5.5735,50.66658],[5.57492,50.66682],[5.57595,50.66689],[5.57805,50.6667],[5.58056,50.66699],[5.58114,50.66737],[5.58261,50.66754],[5.58608,50.66711],[5.5877,50.66672],[5.58832,50.66629],[5.5892,50.66632],[5.59064,50.66665],[5.59093,50.66654],[5.59389,50.66605],[5.59404,50.66597],[5.59641,50.66559],[5.5974,50.66564],[5.59984,50.66539],[5.60136,50.66545],[5.60209,50.66541],[5.60378,50.66497],[5.60487,50.66475],[5.60768,50.66449],[5.60827,50.66514],[5.61076,50.66461],[5.61325,50.66393],[5.61352,50.66381],[5.61338,50.66323],[5.61238,50.66246],[5.61316,50.6622],[5.61334,50.66241],[5.61455,50.66185],[5.61361,50.66067],[5.61298,50.66009],[5.61254,50.65939],[5.61154,50.65865],[5.61119,50.65812],[5.60824,50.65744],[5.60894,50.65533],[5.60974,50.65545],[5.61037,50.65477],[5.61188,50.65532],[5.61288,50.65538],[5.61316,50.65521],[5.61466,50.65512],[5.61639,50.65531],[5.61663,50.65483],[5.61903,50.65517],[5.62309,50.6558],[5.62425,50.65616],[5.62637,50.65725],[5.62883,50.65654],[5.63183,50.65886],[5.63467,50.6612],[5.6387,50.66541],[5.64003,50.66684],[5.64106,50.66825],[5.64339,50.66777],[5.6433,50.66823],[5.64335,50.6693],[5.64366,50.67096],[5.64411,50.67221],[5.64467,50.67326],[5.64603,50.67529],[5.64732,50.67703],[5.64849,50.67834],[5.65032,50.67987],[5.6514,50.68064],[5.65259,50.68136],[5.65442,50.68651],[5.65496,50.68692],[5.65646,50.68761],[5.65744,50.68799],[5.65443,50.68901],[5.64719,50.69131],[5.64171,50.69311],[5.63845,50.69446],[5.6366,50.69528],[5.62973,50.69807],[5.62759,50.69885],[5.62655,50.69955],[5.6257,50.70035],[5.62538,50.70089],[5.62521,50.7008],[5.62427,50.70127],[5.6224,50.69992],[5.62137,50.70041],[5.62072,50.69987],[5.61841,50.70086],[5.61331,50.70005],[5.61261,50.69997],[5.61228,50.69935],[5.61054,50.69986],[5.60983,50.69885],[5.609,50.69814],[5.60652,50.69916],[5.60562,50.69971],[5.60324,50.7008],[5.60062,50.70034],[5.60015,50.69962],[5.59883,50.70004],[5.60008,50.702],[5.6003,50.70266],[5.59708,50.70196],[5.5934,50.70141]]]}},{"type":"Feature","id":"62060","bbox":[5.478491,50.678534,5.599559,50.749378],"properties":{"nis":"62060","name":"Juprelle","nameNl":"Juprelle","nameFr":"Juprelle","nameDe":"Juprelle","province":"liege","region":"wallonia","areaKm2":35.32},"geometry":{"type":"Polygon","coordinates":[[[5.52436,50.74234],[5.52255,50.74148],[5.52196,50.74209],[5.52107,50.74121],[5.52093,50.74134],[5.5204,50.74076],[5.5187,50.74179],[5.51628,50.7404],[5.51292,50.73826],[5.51213,50.73799],[5.51081,50.73738],[5.50994,50.7368],[5.50894,50.73627],[5.50398,50.73438],[5.50255,50.73389],[5.50143,50.73337],[5.49906,50.73262],[5.49614,50.73132],[5.49558,50.7312],[5.49375,50.73033],[5.49272,50.72966],[5.49194,50.72883],[5.49181,50.72823],[5.49149,50.72776],[5.49107,50.72747],[5.49028,50.72733],[5.48895,50.72755],[5.48764,50.72725],[5.48642,50.72707],[5.48363,50.72642],[5.48185,50.72579],[5.48119,50.72542],[5.48037,50.72477],[5.47885,50.7237],[5.48069,50.72212],[5.47948,50.72151],[5.48032,50.72091],[5.47864,50.72015],[5.47997,50.71881],[5.47919,50.71817],[5.47972,50.71777],[5.47924,50.71748],[5.48008,50.71697],[5.47849,50.71582],[5.48115,50.71471],[5.48231,50.71439],[5.48408,50.71373],[5.48479,50.71325],[5.48593,50.71425],[5.48618,50.71419],[5.48637,50.71464],[5.48689,50.71458],[5.48736,50.7151],[5.48804,50.71484],[5.48936,50.71585],[5.48948,50.71581],[5.49011,50.71682],[5.49028,50.71806],[5.49011,50.7187],[5.49231,50.72186],[5.49291,50.72291],[5.49413,50.72234],[5.49634,50.7218],[5.50295,50.71914],[5.50532,50.71841],[5.50833,50.71774],[5.51304,50.72014],[5.51669,50.71808],[5.51561,50.71688],[5.51742,50.71586],[5.51735,50.71422],[5.51763,50.7129],[5.51915,50.71106],[5.51851,50.71085],[5.51869,50.71065],[5.51726,50.71023],[5.51898,50.70877],[5.51707,50.70864],[5.51503,50.70831],[5.51097,50.70832],[5.51176,50.70705],[5.51041,50.70612],[5.51306,50.70437],[5.51398,50.7048],[5.51406,50.70453],[5.51749,50.70275],[5.51662,50.70206],[5.51613,50.70237],[5.51474,50.70149],[5.51099,50.69848],[5.50757,50.69695],[5.50731,50.69713],[5.50666,50.69682],[5.5057,50.69744],[5.50504,50.69712],[5.5081,50.69513],[5.50652,50.69421],[5.50782,50.69337],[5.506,50.69233],[5.5051,50.69189],[5.50394,50.69335],[5.5035,50.69299],[5.50527,50.69113],[5.50566,50.69128],[5.50666,50.69023],[5.508,50.69009],[5.5093,50.68908],[5.50973,50.68854],[5.51045,50.6881],[5.51125,50.68858],[5.51174,50.68811],[5.51325,50.68753],[5.51372,50.68793],[5.51507,50.68722],[5.51574,50.68768],[5.51778,50.68674],[5.51639,50.68587],[5.5172,50.68553],[5.51849,50.68475],[5.51828,50.68461],[5.5202,50.68357],[5.52261,50.68544],[5.52417,50.68492],[5.52582,50.68407],[5.52764,50.68343],[5.52858,50.68305],[5.53082,50.68173],[5.53153,50.68138],[5.53321,50.68031],[5.53656,50.67853],[5.53788,50.67984],[5.53922,50.68155],[5.5395,50.68344],[5.53986,50.68455],[5.54033,50.68447],[5.54145,50.68563],[5.54293,50.68636],[5.54414,50.68581],[5.54494,50.68631],[5.54559,50.68591],[5.54595,50.68629],[5.54685,50.68605],[5.54794,50.68589],[5.54856,50.68746],[5.54888,50.68787],[5.55038,50.6882],[5.55136,50.68722],[5.5517,50.68737],[5.55282,50.68707],[5.55343,50.68739],[5.55422,50.6869],[5.55231,50.68586],[5.55092,50.68529],[5.55594,50.68429],[5.5568,50.68401],[5.55796,50.68375],[5.55796,50.68399],[5.55867,50.68388],[5.55948,50.68353],[5.5607,50.68242],[5.56111,50.68227],[5.56401,50.6828],[5.56445,50.68213],[5.56473,50.68219],[5.56523,50.68583],[5.56569,50.68665],[5.56391,50.68755],[5.56377,50.68745],[5.56079,50.68962],[5.56048,50.69],[5.55915,50.69088],[5.55951,50.69108],[5.55895,50.69146],[5.55861,50.69126],[5.55689,50.69287],[5.55555,50.69383],[5.55822,50.69609],[5.55955,50.69715],[5.56045,50.69763],[5.56152,50.69796],[5.56288,50.6981],[5.5674,50.69801],[5.56748,50.69839],[5.5728,50.69839],[5.575,50.69824],[5.57525,50.69866],[5.57607,50.69855],[5.57793,50.69855],[5.57889,50.70117],[5.57954,50.70107],[5.58214,50.69961],[5.58238,50.69838],[5.58281,50.69839],[5.58404,50.69894],[5.5844,50.69889],[5.58819,50.70006],[5.59015,50.70092],[5.59173,50.70142],[5.5934,50.70141],[5.59499,50.70291],[5.59529,50.70282],[5.59892,50.70608],[5.59804,50.70704],[5.59956,50.70874],[5.59811,50.70994],[5.59771,50.7108],[5.59743,50.71092],[5.59842,50.71168],[5.59765,50.71212],[5.59902,50.71299],[5.59889,50.71332],[5.59699,50.71452],[5.59635,50.71399],[5.59471,50.71511],[5.59558,50.71551],[5.59603,50.71515],[5.5971,50.7157],[5.59638,50.71632],[5.59707,50.71666],[5.59687,50.71685],[5.59768,50.71735],[5.59601,50.71811],[5.59686,50.71894],[5.59585,50.71946],[5.59672,50.7201],[5.59499,50.72102],[5.59671,50.72203],[5.59859,50.72322],[5.59828,50.72344],[5.59866,50.72353],[5.59854,50.72452],[5.59862,50.72548],[5.59905,50.72622],[5.59745,50.72765],[5.59701,50.72827],[5.59692,50.72894],[5.59603,50.73098],[5.59435,50.73408],[5.59316,50.73403],[5.59187,50.73399],[5.58972,50.7334],[5.5888,50.73304],[5.58788,50.73344],[5.58661,50.73353],[5.58637,50.73378],[5.58501,50.73389],[5.58459,50.73378],[5.58382,50.73387],[5.58358,50.73412],[5.58318,50.73409],[5.58258,50.7346],[5.58109,50.73478],[5.58013,50.73521],[5.57988,50.73599],[5.57936,50.73619],[5.57888,50.73689],[5.5781,50.73662],[5.57746,50.73672],[5.57716,50.73749],[5.57696,50.73747],[5.5767,50.73809],[5.57704,50.73813],[5.57609,50.74039],[5.57488,50.74084],[5.57277,50.74354],[5.57142,50.74681],[5.5715,50.74938],[5.56747,50.74893],[5.55984,50.74681],[5.55702,50.74587],[5.55726,50.74487],[5.55428,50.74436],[5.55285,50.74456],[5.55262,50.7437],[5.55239,50.74392],[5.55185,50.74374],[5.55089,50.74246],[5.55052,50.74089],[5.54975,50.73905],[5.54984,50.73801],[5.54967,50.73703],[5.54829,50.73569],[5.54706,50.73487],[5.54599,50.73373],[5.54402,50.73301],[5.54305,50.73309],[5.54021,50.73455],[5.53908,50.73231],[5.53732,50.73051],[5.53583,50.73126],[5.53479,50.73293],[5.53496,50.733],[5.534,50.73408],[5.53442,50.73437],[5.53345,50.73536],[5.53294,50.73635],[5.53224,50.73681],[5.53051,50.73847],[5.53002,50.73831],[5.52961,50.73911],[5.52812,50.73878],[5.52694,50.7403],[5.52619,50.74002],[5.52563,50.74065],[5.52559,50.74093],[5.52501,50.74075],[5.52479,50.74097],[5.52515,50.7411],[5.5247,50.74157],[5.525,50.74167],[5.52436,50.74234]]]}},{"type":"Feature","id":"62063","bbox":[5.523388,50.561018,5.675257,50.688198],"properties":{"nis":"62063","name":"Liège","nameNl":"Luik","nameFr":"Liège","nameDe":"Lüttich","province":"liege","region":"wallonia","areaKm2":68.24},"geometry":{"type":"Polygon","coordinates":[[[5.60013,50.58106],[5.59931,50.58116],[5.59519,50.58259],[5.59471,50.58407],[5.59423,50.58455],[5.59355,50.58495],[5.59287,50.58556],[5.59236,50.58545],[5.5918,50.58619],[5.59033,50.58721],[5.58909,50.58827],[5.58889,50.5889],[5.5894,50.58942],[5.59182,50.59063],[5.59211,50.59116],[5.59174,50.59172],[5.58991,50.59303],[5.58988,50.59381],[5.59058,50.59488],[5.59157,50.59625],[5.59239,50.59699],[5.59283,50.59774],[5.59352,50.59853],[5.59496,50.59948],[5.59617,50.5999],[5.59875,50.60026],[5.60022,50.59986],[5.6031,50.59959],[5.60422,50.59977],[5.60468,50.60006],[5.6051,50.60067],[5.60459,50.60155],[5.60468,50.60196],[5.60643,50.60356],[5.60892,50.60326],[5.61092,50.60209],[5.61492,50.59955],[5.61492,50.60135],[5.61485,50.60466],[5.61504,50.60617],[5.61564,50.60678],[5.61711,50.60629],[5.6201,50.60487],[5.62095,50.60441],[5.62262,50.60423],[5.62335,50.6036],[5.6238,50.60358],[5.62431,50.60415],[5.62722,50.60232],[5.62826,50.60319],[5.62739,50.60432],[5.62685,50.60595],[5.62682,50.60768],[5.62693,50.60807],[5.62667,50.60868],[5.62758,50.60922],[5.62773,50.60911],[5.6286,50.60969],[5.62987,50.61071],[5.63033,50.61064],[5.63058,50.61093],[5.63132,50.61075],[5.63267,50.61165],[5.63273,50.61224],[5.63128,50.61271],[5.6327,50.61332],[5.63348,50.6135],[5.63398,50.61389],[5.63539,50.61421],[5.63671,50.61409],[5.63747,50.61423],[5.63883,50.6149],[5.64059,50.61442],[5.64109,50.61474],[5.6415,50.61509],[5.63804,50.61605],[5.6364,50.61675],[5.6386,50.6181],[5.63756,50.61896],[5.63798,50.61921],[5.63747,50.61937],[5.63815,50.62051],[5.6403,50.62054],[5.64145,50.62092],[5.64134,50.62194],[5.64165,50.62221],[5.6401,50.62349],[5.63966,50.62443],[5.639,50.62526],[5.63832,50.62538],[5.6384,50.62553],[5.63687,50.62599],[5.63592,50.62661],[5.63886,50.62617],[5.63904,50.62673],[5.63951,50.6266],[5.6427,50.62614],[5.64275,50.62627],[5.64435,50.62602],[5.64492,50.62865],[5.64541,50.62938],[5.64399,50.63042],[5.64478,50.63074],[5.64578,50.63089],[5.64575,50.63119],[5.64637,50.63125],[5.64696,50.63093],[5.64769,50.63134],[5.64959,50.63182],[5.64945,50.6313],[5.65004,50.63089],[5.65024,50.62999],[5.65128,50.63005],[5.65144,50.6298],[5.65257,50.62989],[5.65263,50.62925],[5.65462,50.6299],[5.65502,50.62995],[5.65662,50.62966],[5.6573,50.63001],[5.65685,50.63062],[5.65665,50.63157],[5.65676,50.63247],[5.65865,50.63268],[5.65869,50.63396],[5.66038,50.63517],[5.66169,50.63436],[5.6624,50.63493],[5.66213,50.63511],[5.66337,50.63578],[5.66295,50.63617],[5.66244,50.63592],[5.66182,50.63626],[5.66213,50.63657],[5.66162,50.63693],[5.66179,50.63707],[5.66055,50.63739],[5.66013,50.63732],[5.65889,50.63869],[5.65834,50.63901],[5.65781,50.63881],[5.6573,50.63926],[5.65798,50.63953],[5.65737,50.64007],[5.6583,50.64064],[5.6575,50.64126],[5.65691,50.64097],[5.65501,50.6421],[5.65555,50.64286],[5.65514,50.6431],[5.65516,50.64334],[5.65407,50.64348],[5.65275,50.64283],[5.65198,50.64279],[5.65145,50.64302],[5.65159,50.64368],[5.65111,50.64365],[5.65075,50.64399],[5.65126,50.64483],[5.65195,50.64489],[5.65335,50.64539],[5.65365,50.64557],[5.65472,50.64661],[5.65535,50.6476],[5.65394,50.64854],[5.65353,50.64898],[5.65244,50.64956],[5.64784,50.64984],[5.6471,50.65015],[5.64527,50.65033],[5.64362,50.65116],[5.64236,50.65194],[5.64705,50.6543],[5.64824,50.65474],[5.64909,50.65538],[5.65161,50.65669],[5.65257,50.65663],[5.65295,50.65689],[5.65428,50.65697],[5.65524,50.65711],[5.65693,50.65653],[5.65729,50.65699],[5.65693,50.65739],[5.65779,50.65802],[5.6592,50.65855],[5.65993,50.6582],[5.66061,50.65877],[5.66179,50.65875],[5.66264,50.65901],[5.66284,50.65923],[5.663,50.66018],[5.66398,50.66114],[5.66395,50.66133],[5.66534,50.66213],[5.66733,50.66289],[5.6686,50.66381],[5.66947,50.66421],[5.67003,50.66461],[5.67098,50.66426],[5.67196,50.66551],[5.67276,50.66564],[5.67325,50.66659],[5.67428,50.66791],[5.67526,50.66867],[5.67387,50.66894],[5.67284,50.66935],[5.67393,50.67117],[5.67197,50.67147],[5.67224,50.67273],[5.67159,50.67292],[5.67009,50.67399],[5.66894,50.67512],[5.66928,50.67541],[5.66905,50.67559],[5.66851,50.67538],[5.66628,50.67514],[5.66554,50.6753],[5.66605,50.67581],[5.66456,50.67624],[5.6634,50.67672],[5.66371,50.6771],[5.66271,50.67744],[5.66347,50.67817],[5.66289,50.67824],[5.66045,50.67916],[5.65947,50.67991],[5.66001,50.68012],[5.65941,50.68048],[5.65951,50.681],[5.65797,50.68165],[5.65848,50.68167],[5.65963,50.68297],[5.65864,50.68303],[5.65906,50.68402],[5.65695,50.6833],[5.65556,50.68275],[5.6534,50.68179],[5.65259,50.68136],[5.6514,50.68064],[5.65032,50.67987],[5.64849,50.67834],[5.64732,50.67703],[5.64603,50.67529],[5.64467,50.67326],[5.64411,50.67221],[5.64366,50.67096],[5.64335,50.6693],[5.6433,50.66823],[5.64339,50.66777],[5.64106,50.66825],[5.64003,50.66684],[5.6387,50.66541],[5.63467,50.6612],[5.63183,50.65886],[5.62883,50.65654],[5.62637,50.65725],[5.62425,50.65616],[5.62309,50.6558],[5.61903,50.65517],[5.61663,50.65483],[5.61639,50.65531],[5.61466,50.65512],[5.61316,50.65521],[5.61288,50.65538],[5.61188,50.65532],[5.61037,50.65477],[5.60974,50.65545],[5.60894,50.65533],[5.60824,50.65744],[5.61119,50.65812],[5.61154,50.65865],[5.61254,50.65939],[5.61298,50.66009],[5.61361,50.66067],[5.61455,50.66185],[5.61334,50.66241],[5.61316,50.6622],[5.61238,50.66246],[5.61338,50.66323],[5.61352,50.66381],[5.61325,50.66393],[5.61076,50.66461],[5.60827,50.66514],[5.60768,50.66449],[5.60487,50.66475],[5.60378,50.66497],[5.60209,50.66541],[5.60136,50.66545],[5.59984,50.66539],[5.5974,50.66564],[5.59641,50.66559],[5.59404,50.66597],[5.59389,50.66605],[5.59093,50.66654],[5.59064,50.66665],[5.5892,50.66632],[5.58832,50.66629],[5.5877,50.66672],[5.58608,50.66711],[5.58261,50.66754],[5.58114,50.66737],[5.58056,50.66699],[5.57805,50.6667],[5.57595,50.66689],[5.57492,50.66682],[5.5735,50.66658],[5.5712,50.66589],[5.57086,50.66626],[5.56869,50.66539],[5.56838,50.66618],[5.56796,50.66606],[5.56719,50.66932],[5.56712,50.67049],[5.56754,50.67171],[5.56728,50.673],[5.56565,50.67403],[5.56594,50.67587],[5.56553,50.6773],[5.56577,50.6783],[5.56623,50.67866],[5.56623,50.6795],[5.5665,50.67954],[5.56557,50.6801],[5.56473,50.68219],[5.56445,50.68213],[5.56401,50.6828],[5.56111,50.68227],[5.5607,50.68242],[5.55948,50.68353],[5.55867,50.68388],[5.55796,50.68399],[5.55796,50.68375],[5.5568,50.68401],[5.55594,50.68429],[5.55092,50.68529],[5.55231,50.68586],[5.55422,50.6869],[5.55343,50.68739],[5.55282,50.68707],[5.5517,50.68737],[5.55136,50.68722],[5.55038,50.6882],[5.54888,50.68787],[5.54856,50.68746],[5.54794,50.68589],[5.54685,50.68605],[5.54595,50.68629],[5.54559,50.68591],[5.54494,50.68631],[5.54414,50.68581],[5.54293,50.68636],[5.54145,50.68563],[5.54033,50.68447],[5.53986,50.68455],[5.5395,50.68344],[5.53922,50.68155],[5.53788,50.67984],[5.53656,50.67853],[5.53783,50.67484],[5.53828,50.67493],[5.53836,50.67394],[5.53449,50.67129],[5.53512,50.67124],[5.53754,50.67061],[5.54085,50.66941],[5.53708,50.66462],[5.53923,50.66381],[5.5395,50.66434],[5.54184,50.66377],[5.54248,50.66289],[5.54282,50.66284],[5.5433,50.66188],[5.54565,50.66023],[5.54565,50.66],[5.54664,50.65907],[5.5485,50.65926],[5.5519,50.65974],[5.55255,50.65845],[5.55154,50.65663],[5.55061,50.65518],[5.55045,50.65454],[5.54816,50.65378],[5.54787,50.65383],[5.54755,50.65222],[5.54768,50.65161],[5.54747,50.65115],[5.54774,50.65083],[5.54736,50.65036],[5.54789,50.65005],[5.54712,50.65015],[5.54681,50.64961],[5.54706,50.6495],[5.54666,50.6491],[5.54598,50.64928],[5.5455,50.6492],[5.54539,50.6497],[5.54447,50.64937],[5.54419,50.64971],[5.54378,50.64982],[5.5424,50.64948],[5.53941,50.6508],[5.53674,50.64955],[5.53407,50.65094],[5.52691,50.65303],[5.52569,50.65192],[5.52349,50.65006],[5.52344,50.64932],[5.52371,50.6489],[5.525,50.64756],[5.52542,50.64736],[5.5274,50.64669],[5.52771,50.64653],[5.52818,50.64536],[5.53202,50.64483],[5.5323,50.64415],[5.5334,50.64241],[5.53516,50.6408],[5.53571,50.64001],[5.53715,50.63926],[5.53818,50.63922],[5.53809,50.6387],[5.53751,50.63744],[5.53768,50.63703],[5.5384,50.63647],[5.53801,50.63604],[5.53892,50.63506],[5.53935,50.63427],[5.53864,50.6338],[5.5393,50.63335],[5.53991,50.63344],[5.54206,50.63295],[5.54359,50.63239],[5.54513,50.63144],[5.54681,50.63262],[5.54691,50.63252],[5.54558,50.63028],[5.54539,50.6297],[5.54424,50.62871],[5.54426,50.62831],[5.54508,50.62629],[5.5461,50.62613],[5.54636,50.62597],[5.5468,50.62522],[5.54782,50.62446],[5.54833,50.62346],[5.54846,50.62256],[5.54934,50.62116],[5.54926,50.62093],[5.54795,50.61934],[5.54673,50.61929],[5.54632,50.61919],[5.54549,50.61927],[5.54459,50.61976],[5.54393,50.61905],[5.54304,50.61931],[5.54308,50.61953],[5.54253,50.61961],[5.54221,50.61938],[5.54192,50.61956],[5.54024,50.62001],[5.53956,50.62049],[5.53869,50.61889],[5.53653,50.6194],[5.53633,50.61913],[5.5298,50.61292],[5.53254,50.61021],[5.53463,50.60924],[5.53643,50.60863],[5.54008,50.60786],[5.54355,50.60742],[5.55533,50.60697],[5.5588,50.60717],[5.55943,50.60596],[5.55975,50.60577],[5.56009,50.60517],[5.55976,50.6047],[5.56002,50.60451],[5.55902,50.60232],[5.55926,50.60203],[5.55905,50.60136],[5.55966,50.60067],[5.55968,50.59987],[5.56038,50.59901],[5.561,50.59866],[5.5613,50.5981],[5.56114,50.59786],[5.56159,50.59713],[5.56177,50.59608],[5.56308,50.59499],[5.56348,50.59423],[5.56381,50.59388],[5.56415,50.59232],[5.56441,50.59185],[5.56555,50.59054],[5.56076,50.58964],[5.56069,50.58965],[5.55576,50.58875],[5.55673,50.58659],[5.55486,50.58575],[5.55352,50.58465],[5.55287,50.58386],[5.55245,50.58313],[5.55226,50.58248],[5.55216,50.58098],[5.55321,50.57819],[5.55333,50.57687],[5.55313,50.57692],[5.55313,50.57787],[5.55277,50.57848],[5.55211,50.57833],[5.55225,50.57808],[5.55183,50.57797],[5.55127,50.5789],[5.55125,50.57958],[5.55085,50.5804],[5.54679,50.57894],[5.54616,50.5783],[5.54508,50.57695],[5.54476,50.57677],[5.54529,50.57635],[5.54606,50.57551],[5.54689,50.57407],[5.54826,50.5734],[5.54906,50.5731],[5.54965,50.57269],[5.55132,50.57189],[5.55167,50.57166],[5.55202,50.5709],[5.55192,50.57047],[5.55214,50.56994],[5.55184,50.56957],[5.55306,50.56896],[5.55277,50.56874],[5.55357,50.56824],[5.5529,50.56775],[5.55202,50.56735],[5.55144,50.56695],[5.55096,50.56618],[5.55107,50.56427],[5.55169,50.56279],[5.55268,50.56102],[5.55723,50.56209],[5.56171,50.56191],[5.56288,50.56217],[5.5635,50.56218],[5.56563,50.56317],[5.56618,50.56326],[5.56717,50.56387],[5.5676,50.56398],[5.56738,50.5647],[5.56736,50.56561],[5.56699,50.56617],[5.568,50.56627],[5.56835,50.56645],[5.56942,50.56653],[5.57093,50.56737],[5.57176,50.56776],[5.57333,50.56829],[5.57388,50.56864],[5.57418,50.56906],[5.57545,50.56991],[5.57743,50.57061],[5.57703,50.57116],[5.57605,50.57137],[5.57429,50.57293],[5.57464,50.57319],[5.57734,50.5758],[5.57711,50.57607],[5.57771,50.57625],[5.5789,50.57643],[5.57918,50.5763],[5.58115,50.57634],[5.58133,50.57675],[5.58448,50.57639],[5.5865,50.5763],[5.58902,50.57644],[5.58988,50.57666],[5.59051,50.57699],[5.59164,50.57624],[5.59243,50.576],[5.59358,50.57584],[5.595,50.57577],[5.59725,50.57599],[5.59846,50.5762],[5.59956,50.57653],[5.60022,50.57694],[5.60059,50.57748],[5.60068,50.57788],[5.60056,50.57869],[5.60027,50.57929],[5.59977,50.57992],[5.59918,50.58038],[5.60013,50.58106]]]}},{"type":"Feature","id":"62079","bbox":[5.593159,50.681362,5.691972,50.753153],"properties":{"nis":"62079","name":"Oupeye","nameNl":"Oupeye","nameFr":"Oupeye","nameDe":"Oupeye","province":"liege","region":"wallonia","areaKm2":35.97},"geometry":{"type":"Polygon","coordinates":[[[5.64977,50.75233],[5.64863,50.75148],[5.64569,50.7502],[5.64572,50.74991],[5.64693,50.74902],[5.64662,50.74838],[5.64569,50.74914],[5.64485,50.74862],[5.64044,50.74728],[5.63908,50.74781],[5.63771,50.74704],[5.63656,50.74631],[5.63292,50.74466],[5.62993,50.7435],[5.62815,50.74291],[5.628,50.7443],[5.62595,50.74548],[5.62319,50.74695],[5.62016,50.74871],[5.61835,50.75016],[5.6167,50.74906],[5.61577,50.7497],[5.61543,50.74958],[5.61467,50.74971],[5.61371,50.75014],[5.61262,50.75048],[5.61234,50.75134],[5.61178,50.75076],[5.61052,50.75206],[5.60943,50.75141],[5.60935,50.75084],[5.6088,50.7498],[5.60824,50.74938],[5.60595,50.74737],[5.60523,50.74683],[5.6048,50.74628],[5.60395,50.74548],[5.60334,50.74625],[5.60285,50.7467],[5.60213,50.74771],[5.60108,50.74848],[5.60052,50.74911],[5.59974,50.74971],[5.5992,50.74995],[5.5982,50.75102],[5.59769,50.74937],[5.59784,50.7477],[5.59778,50.74691],[5.59695,50.74525],[5.59599,50.74425],[5.59484,50.74353],[5.59371,50.74146],[5.59363,50.7408],[5.59397,50.73976],[5.59374,50.73722],[5.59378,50.73617],[5.59411,50.735],[5.59316,50.73403],[5.59435,50.73408],[5.59603,50.73098],[5.59692,50.72894],[5.59701,50.72827],[5.59745,50.72765],[5.59905,50.72622],[5.59862,50.72548],[5.59854,50.72452],[5.59866,50.72353],[5.59828,50.72344],[5.59859,50.72322],[5.59671,50.72203],[5.59499,50.72102],[5.59672,50.7201],[5.59585,50.71946],[5.59686,50.71894],[5.59601,50.71811],[5.59768,50.71735],[5.59687,50.71685],[5.59707,50.71666],[5.59638,50.71632],[5.5971,50.7157],[5.59603,50.71515],[5.59558,50.71551],[5.59471,50.71511],[5.59635,50.71399],[5.59699,50.71452],[5.59889,50.71332],[5.59902,50.71299],[5.59765,50.71212],[5.59842,50.71168],[5.59743,50.71092],[5.59771,50.7108],[5.59811,50.70994],[5.59956,50.70874],[5.59804,50.70704],[5.59892,50.70608],[5.59529,50.70282],[5.59499,50.70291],[5.5934,50.70141],[5.59708,50.70196],[5.6003,50.70266],[5.60008,50.702],[5.59883,50.70004],[5.60015,50.69962],[5.60062,50.70034],[5.60324,50.7008],[5.60562,50.69971],[5.60652,50.69916],[5.609,50.69814],[5.60983,50.69885],[5.61054,50.69986],[5.61228,50.69935],[5.61261,50.69997],[5.61331,50.70005],[5.61841,50.70086],[5.62072,50.69987],[5.62137,50.70041],[5.6224,50.69992],[5.62427,50.70127],[5.62521,50.7008],[5.62538,50.70089],[5.6257,50.70035],[5.62655,50.69955],[5.62759,50.69885],[5.62973,50.69807],[5.6366,50.69528],[5.63845,50.69446],[5.64171,50.69311],[5.64719,50.69131],[5.65443,50.68901],[5.65744,50.68799],[5.65646,50.68761],[5.65496,50.68692],[5.65442,50.68651],[5.65259,50.68136],[5.6534,50.68179],[5.65556,50.68275],[5.65695,50.6833],[5.65906,50.68402],[5.66479,50.6859],[5.66678,50.68665],[5.66839,50.68742],[5.66965,50.68818],[5.6703,50.68867],[5.67133,50.68961],[5.67216,50.69062],[5.67313,50.69233],[5.67456,50.69583],[5.67543,50.69705],[5.67596,50.6987],[5.67668,50.70036],[5.67678,50.70074],[5.67687,50.70214],[5.67723,50.70312],[5.67824,50.70488],[5.67919,50.70611],[5.68019,50.70723],[5.68114,50.70807],[5.68386,50.71245],[5.68501,50.71418],[5.6861,50.71549],[5.68863,50.71812],[5.68893,50.71848],[5.69039,50.72074],[5.69092,50.72241],[5.6913,50.72428],[5.69158,50.72599],[5.69183,50.72804],[5.69197,50.73008],[5.69174,50.73239],[5.69002,50.73232],[5.68816,50.73232],[5.68611,50.73223],[5.68519,50.73227],[5.67666,50.73303],[5.67691,50.73542],[5.67697,50.73655],[5.67692,50.73896],[5.67676,50.7427],[5.67661,50.74522],[5.67306,50.74557],[5.67178,50.74565],[5.67173,50.74628],[5.66999,50.74606],[5.67022,50.74686],[5.66926,50.74696],[5.66932,50.74718],[5.66875,50.74724],[5.66862,50.74691],[5.66465,50.74752],[5.66445,50.74708],[5.66378,50.74717],[5.66383,50.74731],[5.66092,50.74764],[5.66094,50.74825],[5.65941,50.74833],[5.65947,50.7489],[5.6593,50.74945],[5.65819,50.74948],[5.65528,50.74976],[5.65515,50.75078],[5.6556,50.75125],[5.65481,50.7515],[5.65514,50.75197],[5.65251,50.75284],[5.65162,50.75212],[5.65121,50.75305],[5.65078,50.75315],[5.64977,50.75233]]]}},{"type":"Feature","id":"62093","bbox":[5.506611,50.612922,5.549343,50.651359],"properties":{"nis":"62093","name":"Saint-Nicolas","nameNl":"Saint-Nicolas","nameFr":"Saint-Nicolas","nameDe":"Saint-Nicolas","province":"liege","region":"wallonia","areaKm2":6.87},"geometry":{"type":"Polygon","coordinates":[[[5.52344,50.64932],[5.5206,50.65136],[5.51898,50.65074],[5.51721,50.65025],[5.51168,50.64921],[5.51256,50.64797],[5.51267,50.64764],[5.5116,50.64749],[5.51206,50.64652],[5.51163,50.64641],[5.5118,50.64587],[5.51042,50.64187],[5.50998,50.64132],[5.51036,50.64124],[5.50951,50.64032],[5.5096,50.64],[5.50884,50.63902],[5.50905,50.63851],[5.50803,50.63638],[5.50845,50.6359],[5.50807,50.63566],[5.50828,50.63514],[5.5079,50.63498],[5.50752,50.63514],[5.50722,50.63493],[5.50748,50.63447],[5.50661,50.6319],[5.50683,50.6314],[5.50671,50.63063],[5.50779,50.62906],[5.50787,50.62861],[5.50821,50.6278],[5.50905,50.6268],[5.50999,50.62758],[5.51097,50.62757],[5.51111,50.62775],[5.51324,50.62752],[5.51329,50.62719],[5.51401,50.62637],[5.51454,50.62669],[5.51479,50.62649],[5.51746,50.62704],[5.51802,50.62641],[5.51909,50.62659],[5.51974,50.62684],[5.52087,50.62771],[5.5216,50.62815],[5.52186,50.62812],[5.52275,50.62637],[5.52308,50.62555],[5.52348,50.62507],[5.51949,50.62371],[5.5196,50.6229],[5.52,50.62179],[5.52067,50.62201],[5.52193,50.62163],[5.52093,50.62071],[5.52029,50.61977],[5.51982,50.618],[5.52167,50.61755],[5.52362,50.61695],[5.5257,50.61598],[5.52875,50.61391],[5.5298,50.61292],[5.53633,50.61913],[5.53653,50.6194],[5.53869,50.61889],[5.53956,50.62049],[5.54024,50.62001],[5.54192,50.61956],[5.54221,50.61938],[5.54253,50.61961],[5.54308,50.61953],[5.54304,50.61931],[5.54393,50.61905],[5.54459,50.61976],[5.54549,50.61927],[5.54632,50.61919],[5.54673,50.61929],[5.54795,50.61934],[5.54926,50.62093],[5.54934,50.62116],[5.54846,50.62256],[5.54833,50.62346],[5.54782,50.62446],[5.5468,50.62522],[5.54636,50.62597],[5.5461,50.62613],[5.54508,50.62629],[5.54426,50.62831],[5.54424,50.62871],[5.54539,50.6297],[5.54558,50.63028],[5.54691,50.63252],[5.54681,50.63262],[5.54513,50.63144],[5.54359,50.63239],[5.54206,50.63295],[5.53991,50.63344],[5.5393,50.63335],[5.53864,50.6338],[5.53935,50.63427],[5.53892,50.63506],[5.53801,50.63604],[5.5384,50.63647],[5.53768,50.63703],[5.53751,50.63744],[5.53809,50.6387],[5.53818,50.63922],[5.53715,50.63926],[5.53571,50.64001],[5.53516,50.6408],[5.5334,50.64241],[5.5323,50.64415],[5.53202,50.64483],[5.52818,50.64536],[5.52771,50.64653],[5.5274,50.64669],[5.52542,50.64736],[5.525,50.64756],[5.52371,50.6489],[5.52344,50.64932]]]}},{"type":"Feature","id":"62096","bbox":[5.469893,50.54723,5.565546,50.628614],"properties":{"nis":"62096","name":"Seraing","nameNl":"Seraing","nameFr":"Seraing","nameDe":"Seraing","province":"liege","region":"wallonia","areaKm2":35.11},"geometry":{"type":"Polygon","coordinates":[[[5.5298,50.61292],[5.52875,50.61391],[5.5257,50.61598],[5.52362,50.61695],[5.52167,50.61755],[5.51982,50.618],[5.52029,50.61977],[5.52093,50.62071],[5.52193,50.62163],[5.52067,50.62201],[5.52,50.62179],[5.5196,50.6229],[5.51949,50.62371],[5.52348,50.62507],[5.52308,50.62555],[5.52275,50.62637],[5.52186,50.62812],[5.5216,50.62815],[5.52087,50.62771],[5.51974,50.62684],[5.51909,50.62659],[5.51802,50.62641],[5.51746,50.62704],[5.51479,50.62649],[5.51454,50.62669],[5.51401,50.62637],[5.51329,50.62719],[5.51324,50.62752],[5.51111,50.62775],[5.51097,50.62757],[5.50999,50.62758],[5.50905,50.6268],[5.50821,50.6278],[5.50787,50.62861],[5.50681,50.62768],[5.5066,50.62727],[5.50611,50.62709],[5.50553,50.62641],[5.5043,50.62548],[5.50336,50.62524],[5.50357,50.62495],[5.50275,50.62429],[5.50091,50.62367],[5.49984,50.62308],[5.49849,50.62255],[5.49756,50.62193],[5.49669,50.62176],[5.49668,50.62198],[5.49604,50.62266],[5.49537,50.62266],[5.49488,50.62282],[5.49468,50.62339],[5.49317,50.62384],[5.49205,50.6241],[5.49126,50.6241],[5.49017,50.62451],[5.48926,50.62506],[5.48922,50.62529],[5.48733,50.6258],[5.48702,50.62575],[5.48649,50.62638],[5.48614,50.62702],[5.48585,50.62696],[5.48556,50.62749],[5.48431,50.62714],[5.48346,50.62655],[5.48283,50.62589],[5.48214,50.62534],[5.48125,50.62425],[5.48013,50.62307],[5.47967,50.62295],[5.47885,50.6224],[5.47771,50.62203],[5.47629,50.62115],[5.47563,50.62033],[5.47628,50.61966],[5.48023,50.61865],[5.48082,50.61841],[5.48241,50.61628],[5.48239,50.61591],[5.48257,50.61403],[5.48197,50.61277],[5.48258,50.61221],[5.48272,50.61189],[5.48354,50.6109],[5.48337,50.6108],[5.48577,50.60928],[5.48622,50.60891],[5.48495,50.60791],[5.48632,50.60616],[5.48904,50.60397],[5.48375,50.60076],[5.48158,50.59921],[5.48025,50.59799],[5.47934,50.59673],[5.47868,50.59542],[5.47961,50.59502],[5.47974,50.59468],[5.4805,50.59439],[5.48119,50.59385],[5.4811,50.59341],[5.48022,50.59266],[5.47998,50.59192],[5.47954,50.59141],[5.479,50.59033],[5.47932,50.58973],[5.47923,50.58934],[5.47877,50.58912],[5.47867,50.58874],[5.47754,50.58813],[5.47703,50.58813],[5.4763,50.58753],[5.47503,50.58668],[5.47412,50.58624],[5.4733,50.58598],[5.47243,50.5852],[5.47254,50.58474],[5.47206,50.58439],[5.47172,50.58439],[5.471,50.58338],[5.47087,50.58299],[5.47044,50.58284],[5.47041,50.58238],[5.46992,50.58212],[5.46999,50.58093],[5.47037,50.58062],[5.47013,50.58014],[5.47023,50.57978],[5.4709,50.57914],[5.47184,50.57865],[5.47365,50.5788],[5.47406,50.57903],[5.47493,50.57909],[5.47598,50.57931],[5.47712,50.57927],[5.47801,50.57851],[5.47912,50.57822],[5.48114,50.57823],[5.48224,50.57739],[5.48228,50.57642],[5.48248,50.57548],[5.48281,50.575],[5.4824,50.57443],[5.48184,50.57395],[5.4818,50.57362],[5.48228,50.57241],[5.48298,50.57231],[5.48286,50.57208],[5.48356,50.5717],[5.48499,50.5716],[5.48711,50.57079],[5.48765,50.57043],[5.48962,50.56983],[5.49067,50.56935],[5.49126,50.56895],[5.49253,50.56854],[5.49261,50.56836],[5.49352,50.56759],[5.49359,50.56728],[5.49443,50.56665],[5.49473,50.56623],[5.49539,50.56574],[5.49634,50.56542],[5.49731,50.56459],[5.49764,50.56448],[5.4981,50.56399],[5.49804,50.56339],[5.49831,50.5631],[5.49824,50.56184],[5.49855,50.56117],[5.4984,50.56089],[5.49862,50.56027],[5.49842,50.55972],[5.49878,50.55965],[5.49837,50.55944],[5.49826,50.55904],[5.49874,50.55845],[5.49818,50.55814],[5.4975,50.55698],[5.49755,50.55624],[5.49718,50.55594],[5.49717,50.55531],[5.49687,50.55487],[5.49682,50.55409],[5.49663,50.55348],[5.49677,50.55317],[5.49655,50.55292],[5.49656,50.55197],[5.49697,50.55135],[5.49746,50.54972],[5.49736,50.54878],[5.4971,50.54794],[5.49647,50.54723],[5.49895,50.54765],[5.50045,50.5484],[5.50138,50.54902],[5.50243,50.54948],[5.50378,50.54975],[5.50575,50.55004],[5.50863,50.55144],[5.51013,50.5519],[5.51247,50.55249],[5.51609,50.55332],[5.52092,50.55459],[5.52196,50.55492],[5.52269,50.5555],[5.52346,50.5553],[5.52794,50.55638],[5.54713,50.56133],[5.54929,50.56167],[5.55103,50.56127],[5.55268,50.56102],[5.55169,50.56279],[5.55107,50.56427],[5.55096,50.56618],[5.55144,50.56695],[5.55202,50.56735],[5.5529,50.56775],[5.55357,50.56824],[5.55277,50.56874],[5.55306,50.56896],[5.55184,50.56957],[5.55214,50.56994],[5.55192,50.57047],[5.55202,50.5709],[5.55167,50.57166],[5.55132,50.57189],[5.54965,50.57269],[5.54906,50.5731],[5.54826,50.5734],[5.54689,50.57407],[5.54606,50.57551],[5.54529,50.57635],[5.54476,50.57677],[5.54508,50.57695],[5.54616,50.5783],[5.54679,50.57894],[5.55085,50.5804],[5.55125,50.57958],[5.55127,50.5789],[5.55183,50.57797],[5.55225,50.57808],[5.55211,50.57833],[5.55277,50.57848],[5.55313,50.57787],[5.55313,50.57692],[5.55333,50.57687],[5.55321,50.57819],[5.55216,50.58098],[5.55226,50.58248],[5.55245,50.58313],[5.55287,50.58386],[5.55352,50.58465],[5.55486,50.58575],[5.55673,50.58659],[5.55576,50.58875],[5.56069,50.58965],[5.56076,50.58964],[5.56555,50.59054],[5.56441,50.59185],[5.56415,50.59232],[5.56381,50.59388],[5.56348,50.59423],[5.56308,50.59499],[5.56177,50.59608],[5.56159,50.59713],[5.56114,50.59786],[5.5613,50.5981],[5.561,50.59866],[5.56038,50.59901],[5.55968,50.59987],[5.55966,50.60067],[5.55905,50.60136],[5.55926,50.60203],[5.55902,50.60232],[5.56002,50.60451],[5.55976,50.6047],[5.56009,50.60517],[5.55975,50.60577],[5.55943,50.60596],[5.5588,50.60717],[5.55533,50.60697],[5.54355,50.60742],[5.54008,50.60786],[5.53643,50.60863],[5.53463,50.60924],[5.53254,50.61021],[5.5298,50.61292]]]}},{"type":"Feature","id":"62099","bbox":[5.689273,50.599284,5.768902,50.666524],"properties":{"nis":"62099","name":"Soumagne","nameNl":"Soumagne","nameFr":"Soumagne","nameDe":"Soumagne","province":"liege","region":"wallonia","areaKm2":27.11},"geometry":{"type":"Polygon","coordinates":[[[5.69626,50.6006],[5.69694,50.60071],[5.69736,50.60132],[5.69746,50.60212],[5.69793,50.60258],[5.6978,50.60284],[5.69818,50.60379],[5.69855,50.60429],[5.69912,50.6046],[5.69945,50.60461],[5.70031,50.60574],[5.70171,50.60623],[5.70236,50.60752],[5.70356,50.60907],[5.70405,50.60979],[5.70969,50.6104],[5.71143,50.61014],[5.7127,50.60871],[5.71773,50.60575],[5.72006,50.60491],[5.72313,50.60394],[5.72413,50.60353],[5.72507,50.60333],[5.72685,50.60237],[5.72741,50.60244],[5.72829,50.60279],[5.73118,50.60284],[5.73337,50.60283],[5.73491,50.60293],[5.73559,50.6029],[5.73663,50.60268],[5.73895,50.60179],[5.74017,50.60126],[5.74218,50.60053],[5.74453,50.59942],[5.74521,50.59928],[5.74899,50.59947],[5.75135,50.59992],[5.7529,50.59983],[5.75293,50.60016],[5.75401,50.60054],[5.75679,50.60091],[5.7572,50.60101],[5.76376,50.60224],[5.76249,50.60314],[5.7621,50.60329],[5.76258,50.60398],[5.76221,50.60476],[5.76152,50.60537],[5.76113,50.60555],[5.76046,50.60685],[5.76018,50.60722],[5.75939,50.60748],[5.75929,50.60779],[5.76062,50.60787],[5.76181,50.60898],[5.76258,50.60926],[5.76506,50.60961],[5.76865,50.60962],[5.7689,50.6103],[5.76867,50.61073],[5.76824,50.61109],[5.76816,50.61147],[5.76827,50.61283],[5.76766,50.61308],[5.76718,50.61361],[5.76647,50.61478],[5.76571,50.61507],[5.76509,50.61567],[5.76471,50.61584],[5.7649,50.61619],[5.76469,50.61723],[5.76345,50.61777],[5.76326,50.61863],[5.76285,50.6192],[5.76199,50.61954],[5.76191,50.62028],[5.76083,50.62101],[5.76001,50.62173],[5.75954,50.62191],[5.75833,50.62216],[5.75774,50.62241],[5.75756,50.6227],[5.75767,50.62399],[5.75925,50.62653],[5.76023,50.62719],[5.76053,50.62896],[5.76138,50.63065],[5.76233,50.63138],[5.76418,50.63347],[5.76319,50.63468],[5.76292,50.63515],[5.76233,50.63664],[5.76216,50.63678],[5.76241,50.63828],[5.76274,50.63896],[5.76322,50.63961],[5.76433,50.64078],[5.76664,50.64253],[5.76668,50.6427],[5.76568,50.64335],[5.76552,50.64398],[5.76473,50.64465],[5.76476,50.64486],[5.76393,50.64535],[5.7631,50.64566],[5.76229,50.64611],[5.76147,50.64635],[5.76149,50.64611],[5.76007,50.6464],[5.75919,50.64679],[5.7589,50.64709],[5.7579,50.64762],[5.75686,50.64789],[5.75627,50.64786],[5.75546,50.64865],[5.75519,50.64946],[5.75561,50.64985],[5.75495,50.65096],[5.7548,50.65187],[5.75416,50.65211],[5.75364,50.65259],[5.75291,50.65289],[5.75279,50.65321],[5.75214,50.65347],[5.75096,50.65465],[5.75069,50.65524],[5.75001,50.65558],[5.75031,50.6559],[5.75027,50.6564],[5.74986,50.6571],[5.74933,50.65766],[5.74893,50.65781],[5.74832,50.6584],[5.74773,50.65866],[5.74716,50.65951],[5.74714,50.66025],[5.74683,50.66063],[5.74708,50.66081],[5.74684,50.66105],[5.74697,50.66149],[5.74739,50.66169],[5.74717,50.66214],[5.74661,50.66241],[5.74588,50.66228],[5.74567,50.6627],[5.74521,50.66276],[5.74506,50.66253],[5.74464,50.66267],[5.744,50.66243],[5.74281,50.66222],[5.74203,50.66263],[5.74163,50.66253],[5.74069,50.66272],[5.73868,50.66283],[5.73688,50.66324],[5.73602,50.66308],[5.73588,50.66281],[5.735,50.66284],[5.7345,50.66262],[5.7327,50.66238],[5.7324,50.66247],[5.73217,50.66272],[5.73117,50.66272],[5.73114,50.66235],[5.73003,50.66227],[5.72971,50.6626],[5.72867,50.66285],[5.72853,50.66257],[5.72787,50.66246],[5.72767,50.66271],[5.72699,50.66291],[5.72641,50.66271],[5.72588,50.66289],[5.72571,50.66273],[5.72508,50.66302],[5.72383,50.66301],[5.72315,50.66311],[5.72272,50.66332],[5.72069,50.66358],[5.72061,50.66378],[5.71999,50.66374],[5.71911,50.66424],[5.71879,50.66417],[5.71823,50.6645],[5.71711,50.6645],[5.71652,50.6647],[5.7165,50.66502],[5.71512,50.66549],[5.71425,50.66625],[5.71336,50.66652],[5.71256,50.66611],[5.7129,50.6659],[5.7112,50.66471],[5.71056,50.66445],[5.71042,50.66382],[5.70988,50.66314],[5.70997,50.66303],[5.70908,50.66207],[5.70923,50.66195],[5.70886,50.66154],[5.70929,50.66136],[5.70869,50.66069],[5.71005,50.66023],[5.70903,50.65975],[5.7088,50.65986],[5.70855,50.65932],[5.70882,50.65905],[5.70866,50.65875],[5.70722,50.65914],[5.70485,50.66002],[5.70411,50.66019],[5.70381,50.66],[5.70471,50.65851],[5.70543,50.65708],[5.70407,50.65614],[5.70292,50.65495],[5.70267,50.65494],[5.70182,50.65547],[5.70113,50.6557],[5.69944,50.65611],[5.69881,50.65642],[5.69828,50.65692],[5.69731,50.65823],[5.69681,50.65907],[5.69646,50.65988],[5.69616,50.65987],[5.69208,50.66061],[5.69054,50.65984],[5.68927,50.65963],[5.68943,50.65897],[5.68973,50.65889],[5.6903,50.65826],[5.69069,50.65751],[5.6903,50.65702],[5.6904,50.65645],[5.68987,50.65607],[5.69054,50.65566],[5.69095,50.65517],[5.69032,50.65437],[5.69179,50.65402],[5.69248,50.65065],[5.69274,50.64975],[5.69252,50.64781],[5.69191,50.64732],[5.69058,50.64573],[5.69268,50.64491],[5.69506,50.64404],[5.69638,50.64344],[5.69675,50.64305],[5.69724,50.6422],[5.6979,50.64136],[5.69906,50.6403],[5.70074,50.63916],[5.70138,50.63891],[5.70216,50.6388],[5.70308,50.638],[5.70424,50.63732],[5.70498,50.63668],[5.70705,50.6352],[5.71046,50.63292],[5.71196,50.63163],[5.713,50.63127],[5.71431,50.63062],[5.71282,50.62823],[5.70998,50.62386],[5.70984,50.62382],[5.7105,50.62295],[5.71015,50.62284],[5.71034,50.62132],[5.7116,50.61946],[5.71176,50.61948],[5.71256,50.61846],[5.71292,50.61832],[5.71492,50.61812],[5.71425,50.61757],[5.71281,50.61748],[5.71003,50.61672],[5.70828,50.61644],[5.70683,50.61604],[5.70335,50.61624],[5.70186,50.61412],[5.70269,50.61331],[5.70398,50.61261],[5.70291,50.61158],[5.7015,50.61205],[5.70015,50.6133],[5.69949,50.61338],[5.69865,50.61295],[5.69731,50.61183],[5.69716,50.61145],[5.69683,50.6113],[5.6961,50.61037],[5.69602,50.6097],[5.69507,50.6093],[5.69506,50.60912],[5.69432,50.60912],[5.69359,50.60883],[5.69356,50.60836],[5.69299,50.60808],[5.69302,50.60662],[5.69252,50.60622],[5.69243,50.6058],[5.69286,50.60534],[5.69275,50.60492],[5.69328,50.60433],[5.69292,50.60412],[5.69365,50.60389],[5.69384,50.60332],[5.69328,50.60316],[5.69368,50.60292],[5.69375,50.6025],[5.69433,50.60201],[5.69553,50.60159],[5.69635,50.60156],[5.69677,50.6011],[5.69626,50.6006]]]}},{"type":"Feature","id":"62100","bbox":[5.583332,50.476398,5.763221,50.555809],"properties":{"nis":"62100","name":"Sprimont","nameNl":"Sprimont","nameFr":"Sprimont","nameDe":"Sprimont","province":"liege","region":"wallonia","areaKm2":74.29},"geometry":{"type":"Polygon","coordinates":[[[5.59057,50.51048],[5.59137,50.51006],[5.59178,50.50911],[5.59238,50.50867],[5.59328,50.50835],[5.59413,50.50754],[5.59467,50.50665],[5.59553,50.50541],[5.59604,50.50423],[5.59601,50.5022],[5.59585,50.50111],[5.59553,50.50018],[5.59487,50.49925],[5.59401,50.49836],[5.59162,50.49627],[5.59024,50.49544],[5.58805,50.49388],[5.58736,50.49324],[5.5872,50.49262],[5.58534,50.4905],[5.58445,50.48921],[5.5836,50.4877],[5.5834,50.48642],[5.58333,50.48529],[5.58397,50.48423],[5.58607,50.48292],[5.58816,50.48215],[5.58949,50.48186],[5.59076,50.48179],[5.59213,50.48181],[5.59342,50.48161],[5.59476,50.48128],[5.59603,50.4811],[5.59746,50.48134],[5.59902,50.48148],[5.60044,50.48203],[5.6015,50.48235],[5.60259,50.48256],[5.60451,50.4825],[5.60575,50.48226],[5.6066,50.48197],[5.60769,50.48126],[5.60852,50.48048],[5.6103,50.47843],[5.61117,50.47761],[5.61219,50.47721],[5.61403,50.47686],[5.61497,50.47678],[5.61735,50.47695],[5.61811,50.47723],[5.61894,50.47895],[5.6198,50.48036],[5.62005,50.48106],[5.62001,50.48302],[5.62201,50.48681],[5.62268,50.48734],[5.62448,50.48826],[5.62727,50.48857],[5.62962,50.48804],[5.63039,50.48756],[5.63097,50.48696],[5.63148,50.48727],[5.63294,50.4862],[5.63312,50.48586],[5.63469,50.48388],[5.63543,50.48277],[5.63625,50.4817],[5.63693,50.48277],[5.63786,50.48226],[5.63915,50.48197],[5.64006,50.482],[5.64111,50.48225],[5.64169,50.48229],[5.64221,50.48178],[5.64346,50.48215],[5.64374,50.482],[5.6443,50.48217],[5.64466,50.48199],[5.64538,50.48254],[5.64646,50.48356],[5.64756,50.48366],[5.64787,50.48381],[5.64815,50.48344],[5.64909,50.48389],[5.65077,50.48433],[5.65131,50.48471],[5.6524,50.48485],[5.65143,50.48344],[5.6513,50.48295],[5.65059,50.48205],[5.6493,50.48137],[5.64892,50.48132],[5.64918,50.48042],[5.6511,50.48035],[5.6532,50.47992],[5.6544,50.48021],[5.65435,50.47996],[5.65535,50.47975],[5.65627,50.47976],[5.65671,50.48003],[5.65794,50.48004],[5.65894,50.47933],[5.66145,50.47797],[5.6611,50.47746],[5.6616,50.47725],[5.66287,50.47711],[5.66561,50.47651],[5.66742,50.47641],[5.66987,50.47641],[5.67038,50.47649],[5.67035,50.47754],[5.66979,50.47853],[5.67018,50.47918],[5.67003,50.47954],[5.67035,50.48004],[5.67132,50.48057],[5.67102,50.48089],[5.67216,50.48067],[5.67224,50.48022],[5.67177,50.47973],[5.67239,50.48013],[5.67286,50.48021],[5.67361,50.48009],[5.67463,50.48023],[5.67542,50.48058],[5.67651,50.48121],[5.67726,50.48196],[5.67732,50.48263],[5.67799,50.48298],[5.67901,50.48288],[5.67994,50.48399],[5.6804,50.48413],[5.68079,50.4847],[5.68194,50.48576],[5.68287,50.48653],[5.68523,50.48615],[5.68613,50.48596],[5.6877,50.48584],[5.68985,50.48589],[5.69101,50.48584],[5.69202,50.48604],[5.69268,50.48653],[5.69421,50.48829],[5.69502,50.48902],[5.69616,50.49063],[5.6986,50.49193],[5.70009,50.49316],[5.701,50.49364],[5.7021,50.49447],[5.70256,50.49508],[5.70345,50.4957],[5.70516,50.49579],[5.70529,50.49555],[5.7065,50.49612],[5.70537,50.49702],[5.70946,50.49714],[5.70928,50.49752],[5.70968,50.49882],[5.71131,50.49886],[5.71135,50.49877],[5.71332,50.49881],[5.71402,50.49928],[5.71428,50.49968],[5.71499,50.50033],[5.71511,50.50105],[5.71573,50.50177],[5.7166,50.50225],[5.71743,50.50314],[5.7184,50.50458],[5.71924,50.50554],[5.71962,50.50622],[5.72046,50.50741],[5.72056,50.50802],[5.72092,50.50876],[5.72087,50.50928],[5.72123,50.51053],[5.72146,50.51086],[5.72157,50.51156],[5.72212,50.51209],[5.7225,50.51271],[5.72324,50.51367],[5.72392,50.51509],[5.72425,50.51626],[5.72483,50.51645],[5.72551,50.51713],[5.72622,50.51745],[5.72718,50.51809],[5.72948,50.51863],[5.73082,50.51926],[5.7312,50.51915],[5.7316,50.51801],[5.73196,50.51777],[5.73308,50.51767],[5.7345,50.51687],[5.73588,50.51739],[5.73621,50.51662],[5.73681,50.51557],[5.737,50.51546],[5.7377,50.51568],[5.73782,50.51549],[5.73925,50.51577],[5.73966,50.51576],[5.74128,50.51606],[5.74183,50.51639],[5.74324,50.51704],[5.74562,50.51728],[5.74737,50.51803],[5.74884,50.51847],[5.74989,50.51864],[5.75086,50.51859],[5.75224,50.51879],[5.75424,50.51915],[5.75583,50.51927],[5.75829,50.52013],[5.76322,50.52129],[5.75896,50.52825],[5.75665,50.53199],[5.75284,50.5382],[5.75236,50.53893],[5.75131,50.54074],[5.75145,50.54087],[5.7524,50.54061],[5.75293,50.54098],[5.75288,50.54163],[5.75341,50.54206],[5.75372,50.54277],[5.75412,50.54329],[5.75413,50.54395],[5.7547,50.5446],[5.75469,50.54497],[5.75519,50.54563],[5.75517,50.54648],[5.7554,50.54686],[5.75365,50.54667],[5.75321,50.54696],[5.75234,50.54694],[5.75136,50.54709],[5.75011,50.54745],[5.74743,50.54892],[5.74389,50.54947],[5.74205,50.54991],[5.74211,50.55006],[5.74108,50.55004],[5.74,50.55029],[5.73953,50.55076],[5.739,50.55107],[5.73773,50.55156],[5.73738,50.55145],[5.73625,50.55172],[5.73504,50.55177],[5.73324,50.55106],[5.73269,50.55112],[5.7319,50.55174],[5.73137,50.55192],[5.73012,50.55196],[5.72955,50.55207],[5.72801,50.55174],[5.72731,50.55195],[5.72655,50.5519],[5.72604,50.55208],[5.72518,50.55219],[5.7233,50.55318],[5.72281,50.55323],[5.72254,50.55348],[5.72218,50.55344],[5.72171,50.55375],[5.7207,50.55402],[5.71994,50.55408],[5.71867,50.55448],[5.71855,50.55478],[5.71759,50.55476],[5.71587,50.55391],[5.71479,50.55383],[5.71322,50.55265],[5.71264,50.55235],[5.71145,50.55247],[5.70832,50.55296],[5.70791,50.55338],[5.70676,50.55523],[5.70568,50.55547],[5.70467,50.55581],[5.69986,50.55411],[5.68929,50.55033],[5.68869,50.55032],[5.68829,50.55051],[5.68657,50.55042],[5.68528,50.55052],[5.68433,50.5503],[5.68345,50.55038],[5.68261,50.55074],[5.6818,50.55071],[5.68144,50.55089],[5.68042,50.55071],[5.67902,50.55074],[5.67469,50.55071],[5.66718,50.55063],[5.66152,50.55091],[5.66086,50.55039],[5.66051,50.5506],[5.6589,50.54959],[5.65755,50.5508],[5.65684,50.55125],[5.65597,50.5514],[5.65515,50.55171],[5.65456,50.55212],[5.65358,50.55234],[5.65204,50.55227],[5.65094,50.55214],[5.65028,50.55193],[5.64792,50.55187],[5.64711,50.55177],[5.64641,50.55156],[5.64561,50.55153],[5.644,50.55175],[5.64283,50.55154],[5.64196,50.55162],[5.64075,50.55145],[5.64006,50.55148],[5.63935,50.55183],[5.63789,50.55166],[5.63718,50.55185],[5.63671,50.55175],[5.6364,50.55147],[5.63585,50.55159],[5.63403,50.55149],[5.63373,50.5516],[5.63279,50.55134],[5.6317,50.55148],[5.63127,50.55143],[5.63033,50.55163],[5.63023,50.55119],[5.6283,50.55144],[5.62617,50.55151],[5.62452,50.55179],[5.62289,50.55183],[5.62276,50.55204],[5.62228,50.55202],[5.62175,50.55235],[5.62008,50.55244],[5.61883,50.55208],[5.6177,50.55204],[5.61649,50.55168],[5.61625,50.55112],[5.61505,50.55093],[5.61441,50.55087],[5.61432,50.5503],[5.61274,50.54973],[5.61164,50.54964],[5.61177,50.54923],[5.61129,50.54906],[5.61039,50.54913],[5.60973,50.54871],[5.60929,50.54866],[5.60864,50.54799],[5.60798,50.54822],[5.60665,50.54799],[5.60547,50.54811],[5.60503,50.5477],[5.60369,50.54742],[5.60321,50.54716],[5.60318,50.5467],[5.60268,50.54649],[5.60186,50.54635],[5.60106,50.54647],[5.60085,50.54594],[5.60145,50.54563],[5.60126,50.54418],[5.60163,50.54386],[5.60136,50.54358],[5.6016,50.54331],[5.60095,50.54337],[5.60034,50.542],[5.5993,50.54217],[5.59854,50.54177],[5.59873,50.54161],[5.59917,50.54059],[5.59928,50.54012],[5.59902,50.53882],[5.59876,50.53867],[5.59867,50.53787],[5.59819,50.53571],[5.59801,50.53511],[5.59729,50.53411],[5.59724,50.53353],[5.59767,50.53264],[5.59819,50.53192],[5.59865,50.53036],[5.59945,50.52962],[5.60087,50.52788],[5.60187,50.52679],[5.60279,50.52629],[5.60411,50.52624],[5.60564,50.52576],[5.60703,50.52408],[5.6078,50.52299],[5.6081,50.523],[5.60919,50.5227],[5.60998,50.52272],[5.61059,50.52301],[5.61129,50.5236],[5.61204,50.52351],[5.61188,50.52301],[5.6113,50.52201],[5.61099,50.52173],[5.61011,50.52141],[5.60854,50.52159],[5.60803,50.52151],[5.60567,50.52032],[5.60389,50.52003],[5.60235,50.51942],[5.60131,50.51907],[5.60063,50.51867],[5.59976,50.51833],[5.59803,50.51697],[5.59593,50.51581],[5.5943,50.51509],[5.59273,50.51404],[5.59203,50.5143],[5.59104,50.51403],[5.59154,50.51344],[5.59179,50.51287],[5.59276,50.51287],[5.59276,50.51232],[5.59242,50.51214],[5.59228,50.51163],[5.59143,50.51138],[5.59057,50.51048]]]}},{"type":"Feature","id":"62108","bbox":[5.648255,50.671171,5.725238,50.812122],"properties":{"nis":"62108","name":"Visé","nameNl":"Wezet","nameFr":"Visé","nameDe":"Weset","province":"liege","region":"wallonia","areaKm2":27.63},"geometry":{"type":"Polygon","coordinates":[[[5.70148,50.70409],[5.70184,50.70437],[5.70374,50.70652],[5.70459,50.70779],[5.70611,50.70886],[5.70719,50.71017],[5.70908,50.71195],[5.71053,50.71273],[5.70936,50.71502],[5.70956,50.71732],[5.70933,50.71805],[5.70843,50.71944],[5.7072,50.72075],[5.70744,50.72111],[5.70809,50.72249],[5.70925,50.72571],[5.71377,50.72429],[5.71747,50.72328],[5.71897,50.72222],[5.71925,50.72088],[5.71945,50.7192],[5.7223,50.7192],[5.72289,50.71946],[5.72286,50.71976],[5.72336,50.72014],[5.72332,50.72038],[5.72368,50.72118],[5.72315,50.72138],[5.72267,50.72095],[5.72199,50.72082],[5.72151,50.72114],[5.72176,50.72201],[5.72126,50.72235],[5.72094,50.7228],[5.72012,50.72283],[5.72021,50.72488],[5.72145,50.72601],[5.72116,50.72657],[5.72111,50.72702],[5.72061,50.72728],[5.7197,50.72734],[5.71952,50.72774],[5.71902,50.72819],[5.71945,50.72834],[5.72055,50.72835],[5.72054,50.72918],[5.72122,50.72977],[5.7212,50.73011],[5.72193,50.73025],[5.72194,50.73074],[5.72152,50.73178],[5.72194,50.73229],[5.72245,50.73341],[5.72207,50.73433],[5.72232,50.73442],[5.72315,50.73406],[5.72324,50.73435],[5.72278,50.73471],[5.72346,50.73519],[5.72435,50.73556],[5.72456,50.73584],[5.7236,50.73631],[5.72378,50.73657],[5.72483,50.73735],[5.72442,50.73813],[5.72456,50.73865],[5.72497,50.73863],[5.72524,50.73889],[5.72467,50.73898],[5.72389,50.73943],[5.72217,50.74015],[5.72248,50.74069],[5.72199,50.74069],[5.72232,50.74105],[5.72217,50.74173],[5.72127,50.74176],[5.7216,50.74273],[5.72322,50.74408],[5.72267,50.74427],[5.72137,50.74451],[5.72175,50.74509],[5.72194,50.74506],[5.72228,50.74571],[5.7206,50.74602],[5.72112,50.74718],[5.7191,50.74739],[5.71885,50.74668],[5.71498,50.74787],[5.7148,50.74767],[5.71386,50.74792],[5.7135,50.74715],[5.71217,50.74748],[5.7123,50.74769],[5.71097,50.74809],[5.71114,50.74827],[5.70875,50.749],[5.70877,50.74909],[5.70641,50.74964],[5.70653,50.74989],[5.70319,50.7506],[5.7035,50.74988],[5.70086,50.75051],[5.70076,50.75027],[5.69927,50.75052],[5.6991,50.74999],[5.69642,50.7502],[5.6955,50.75068],[5.69419,50.75089],[5.69441,50.75144],[5.69243,50.75174],[5.69215,50.75103],[5.69063,50.7511],[5.69079,50.75179],[5.68951,50.75192],[5.68952,50.75215],[5.68816,50.75229],[5.68735,50.75285],[5.68697,50.75335],[5.68532,50.7551],[5.68323,50.75482],[5.68305,50.75503],[5.68219,50.75727],[5.68217,50.75753],[5.68206,50.75753],[5.68197,50.75886],[5.68218,50.75997],[5.68283,50.76126],[5.68382,50.76236],[5.68503,50.7636],[5.68727,50.76526],[5.68988,50.76727],[5.69072,50.76813],[5.69375,50.77094],[5.69521,50.7725],[5.69737,50.77531],[5.69799,50.7766],[5.69828,50.77748],[5.69874,50.77962],[5.69882,50.78165],[5.6987,50.78315],[5.69828,50.78517],[5.69768,50.78705],[5.69569,50.79135],[5.69459,50.79414],[5.69398,50.79664],[5.69366,50.79883],[5.69354,50.80011],[5.69364,50.80551],[5.69386,50.81152],[5.69168,50.81212],[5.69117,50.81184],[5.69023,50.81185],[5.68878,50.81163],[5.68861,50.81187],[5.68788,50.81192],[5.6871,50.80993],[5.68721,50.80938],[5.68787,50.80859],[5.68813,50.80786],[5.6876,50.80733],[5.68811,50.80628],[5.68816,50.80586],[5.68801,50.80507],[5.68741,50.80453],[5.68719,50.8041],[5.68488,50.80036],[5.68465,50.79844],[5.684,50.79629],[5.68394,50.7946],[5.68374,50.7942],[5.68284,50.793],[5.68157,50.79161],[5.6812,50.79176],[5.68092,50.79158],[5.6816,50.79124],[5.68154,50.79106],[5.68086,50.79127],[5.68058,50.79104],[5.68177,50.79046],[5.6801,50.7887],[5.67956,50.78894],[5.67779,50.78743],[5.679,50.78678],[5.67861,50.78639],[5.67756,50.7868],[5.67745,50.78667],[5.67846,50.78615],[5.67815,50.78599],[5.67657,50.78667],[5.67649,50.78642],[5.67716,50.78622],[5.67725,50.78499],[5.6777,50.785],[5.67759,50.7841],[5.67607,50.78221],[5.67479,50.78055],[5.67411,50.77875],[5.67369,50.77814],[5.67298,50.77753],[5.67259,50.77651],[5.66728,50.7707],[5.66697,50.77023],[5.66443,50.77099],[5.66462,50.77135],[5.66304,50.77183],[5.66081,50.77388],[5.66042,50.77516],[5.65928,50.77511],[5.65945,50.77464],[5.65906,50.77305],[5.65955,50.77264],[5.65814,50.77149],[5.65725,50.77112],[5.65673,50.77117],[5.65878,50.76811],[5.65849,50.7664],[5.65673,50.76352],[5.65482,50.7637],[5.65503,50.76317],[5.65256,50.76204],[5.65348,50.76056],[5.65454,50.76047],[5.65313,50.75728],[5.6508,50.75656],[5.64826,50.75396],[5.64977,50.75233],[5.65078,50.75315],[5.65121,50.75305],[5.65162,50.75212],[5.65251,50.75284],[5.65514,50.75197],[5.65481,50.7515],[5.6556,50.75125],[5.65515,50.75078],[5.65528,50.74976],[5.65819,50.74948],[5.6593,50.74945],[5.65947,50.7489],[5.65941,50.74833],[5.66094,50.74825],[5.66092,50.74764],[5.66383,50.74731],[5.66378,50.74717],[5.66445,50.74708],[5.66465,50.74752],[5.66862,50.74691],[5.66875,50.74724],[5.66932,50.74718],[5.66926,50.74696],[5.67022,50.74686],[5.66999,50.74606],[5.67173,50.74628],[5.67178,50.74565],[5.67306,50.74557],[5.67661,50.74522],[5.67676,50.7427],[5.67692,50.73896],[5.67697,50.73655],[5.67691,50.73542],[5.67666,50.73303],[5.68519,50.73227],[5.68611,50.73223],[5.68816,50.73232],[5.69002,50.73232],[5.69174,50.73239],[5.69197,50.73008],[5.69183,50.72804],[5.69158,50.72599],[5.6913,50.72428],[5.69092,50.72241],[5.69039,50.72074],[5.68893,50.71848],[5.68863,50.71812],[5.6861,50.71549],[5.68501,50.71418],[5.68386,50.71245],[5.68114,50.70807],[5.68019,50.70723],[5.67919,50.70611],[5.67824,50.70488],[5.67723,50.70312],[5.67687,50.70214],[5.67678,50.70074],[5.67668,50.70036],[5.67596,50.6987],[5.67543,50.69705],[5.67456,50.69583],[5.67313,50.69233],[5.67216,50.69062],[5.67133,50.68961],[5.6703,50.68867],[5.66965,50.68818],[5.66839,50.68742],[5.66678,50.68665],[5.66479,50.6859],[5.65906,50.68402],[5.65864,50.68303],[5.65963,50.68297],[5.65848,50.68167],[5.65797,50.68165],[5.65951,50.681],[5.65941,50.68048],[5.66001,50.68012],[5.65947,50.67991],[5.66045,50.67916],[5.66289,50.67824],[5.66347,50.67817],[5.66271,50.67744],[5.66371,50.6771],[5.6634,50.67672],[5.66456,50.67624],[5.66605,50.67581],[5.66554,50.6753],[5.66628,50.67514],[5.66851,50.67538],[5.66905,50.67559],[5.66928,50.67541],[5.66894,50.67512],[5.67009,50.67399],[5.67159,50.67292],[5.67224,50.67273],[5.67197,50.67147],[5.67393,50.67117],[5.67525,50.67321],[5.67683,50.67459],[5.67741,50.67546],[5.67799,50.67702],[5.6782,50.67699],[5.67972,50.67737],[5.68208,50.67771],[5.68268,50.67878],[5.68325,50.67947],[5.68406,50.67929],[5.68474,50.67983],[5.6845,50.68009],[5.68494,50.6806],[5.68563,50.68108],[5.68626,50.68131],[5.68689,50.68206],[5.68705,50.6825],[5.6866,50.68293],[5.68685,50.68336],[5.68758,50.6836],[5.68769,50.68451],[5.68879,50.68518],[5.689,50.68573],[5.68941,50.68592],[5.68964,50.68638],[5.68968,50.6869],[5.6912,50.68751],[5.69171,50.68793],[5.69275,50.68818],[5.69313,50.6893],[5.6945,50.68909],[5.69638,50.68895],[5.69629,50.69063],[5.69674,50.6925],[5.69729,50.69372],[5.69792,50.69582],[5.69787,50.69696],[5.69856,50.69878],[5.69918,50.70008],[5.69978,50.70171],[5.7006,50.70425],[5.70148,50.70409]]]}},{"type":"Feature","id":"62118","bbox":[5.34946,50.613908,5.512669,50.660777],"properties":{"nis":"62118","name":"Grâce-Hollogne","nameNl":"Grâce-Hollogne","nameFr":"Grâce-Hollogne","nameDe":"Grâce-Hollogne","province":"liege","region":"wallonia","areaKm2":34.11},"geometry":{"type":"Polygon","coordinates":[[[5.47629,50.62115],[5.47771,50.62203],[5.47885,50.6224],[5.47967,50.62295],[5.48013,50.62307],[5.48125,50.62425],[5.48214,50.62534],[5.48283,50.62589],[5.48346,50.62655],[5.48431,50.62714],[5.48556,50.62749],[5.48585,50.62696],[5.48614,50.62702],[5.48649,50.62638],[5.48702,50.62575],[5.48733,50.6258],[5.48922,50.62529],[5.48926,50.62506],[5.49017,50.62451],[5.49126,50.6241],[5.49205,50.6241],[5.49317,50.62384],[5.49468,50.62339],[5.49488,50.62282],[5.49537,50.62266],[5.49604,50.62266],[5.49668,50.62198],[5.49669,50.62176],[5.49756,50.62193],[5.49849,50.62255],[5.49984,50.62308],[5.50091,50.62367],[5.50275,50.62429],[5.50357,50.62495],[5.50336,50.62524],[5.5043,50.62548],[5.50553,50.62641],[5.50611,50.62709],[5.5066,50.62727],[5.50681,50.62768],[5.50787,50.62861],[5.50779,50.62906],[5.50671,50.63063],[5.50683,50.6314],[5.50661,50.6319],[5.50748,50.63447],[5.50722,50.63493],[5.50752,50.63514],[5.5079,50.63498],[5.50828,50.63514],[5.50807,50.63566],[5.50845,50.6359],[5.50803,50.63638],[5.50905,50.63851],[5.50884,50.63902],[5.5096,50.64],[5.50951,50.64032],[5.51036,50.64124],[5.50998,50.64132],[5.51042,50.64187],[5.5118,50.64587],[5.51163,50.64641],[5.51206,50.64652],[5.5116,50.64749],[5.51267,50.64764],[5.51256,50.64797],[5.51168,50.64921],[5.51056,50.65048],[5.50822,50.65225],[5.50506,50.65414],[5.50691,50.6553],[5.50638,50.65573],[5.50514,50.65637],[5.50373,50.65755],[5.50224,50.65852],[5.50133,50.6589],[5.5002,50.65917],[5.49545,50.65917],[5.49371,50.65921],[5.49358,50.65948],[5.49068,50.65931],[5.48786,50.65874],[5.48766,50.6603],[5.47876,50.65976],[5.47835,50.65982],[5.47668,50.65969],[5.46758,50.65925],[5.46668,50.6591],[5.46501,50.65905],[5.46442,50.6591],[5.45949,50.65872],[5.45857,50.65847],[5.45723,50.65843],[5.45272,50.65891],[5.45238,50.65878],[5.4481,50.65952],[5.4482,50.65968],[5.44366,50.66042],[5.44036,50.66078],[5.43909,50.65899],[5.44077,50.65783],[5.43986,50.65712],[5.43805,50.65458],[5.43676,50.65271],[5.43624,50.65285],[5.43561,50.65159],[5.43375,50.65172],[5.43316,50.65111],[5.43241,50.65147],[5.4311,50.65025],[5.43132,50.65014],[5.43051,50.64941],[5.43089,50.64914],[5.43025,50.64879],[5.42806,50.65008],[5.42796,50.64976],[5.42559,50.64805],[5.42365,50.64934],[5.42224,50.64853],[5.42196,50.64879],[5.41878,50.64691],[5.41945,50.6466],[5.41722,50.64508],[5.4161,50.64581],[5.41446,50.64465],[5.41204,50.64604],[5.41183,50.64591],[5.41115,50.64629],[5.40981,50.64547],[5.41054,50.64496],[5.40936,50.64406],[5.41033,50.64335],[5.40965,50.64292],[5.41024,50.64241],[5.40911,50.64178],[5.40879,50.64213],[5.39916,50.64104],[5.39421,50.6405],[5.39239,50.64143],[5.39195,50.64115],[5.38923,50.63918],[5.38741,50.64],[5.38565,50.64116],[5.38444,50.6417],[5.38311,50.64211],[5.38177,50.64274],[5.38224,50.64334],[5.3815,50.64356],[5.38134,50.64335],[5.37366,50.64642],[5.37008,50.64528],[5.36178,50.64081],[5.35664,50.63803],[5.35023,50.63459],[5.34946,50.63337],[5.35056,50.63116],[5.36074,50.62797],[5.36367,50.62573],[5.36468,50.62518],[5.36794,50.62399],[5.37042,50.62289],[5.37256,50.62171],[5.37383,50.62053],[5.37436,50.61953],[5.37428,50.61876],[5.37439,50.61839],[5.37529,50.61752],[5.37496,50.61723],[5.37566,50.61655],[5.37633,50.61694],[5.38045,50.61391],[5.39979,50.61603],[5.40791,50.61703],[5.41078,50.61782],[5.41465,50.61912],[5.41584,50.61965],[5.43158,50.62636],[5.43531,50.628],[5.43588,50.62693],[5.43767,50.62741],[5.43896,50.62764],[5.43936,50.6281],[5.44094,50.6285],[5.4411,50.62806],[5.44137,50.6281],[5.44146,50.62763],[5.44179,50.62742],[5.44201,50.62776],[5.44427,50.62844],[5.44602,50.62861],[5.44823,50.62917],[5.44947,50.62763],[5.45026,50.62726],[5.45225,50.62807],[5.45313,50.62835],[5.45427,50.62858],[5.45433,50.629],[5.45581,50.62914],[5.45752,50.6292],[5.45891,50.62891],[5.45962,50.62898],[5.46148,50.62937],[5.46219,50.62937],[5.46297,50.6289],[5.46288,50.62851],[5.46235,50.62825],[5.46265,50.62777],[5.46223,50.62761],[5.46264,50.62712],[5.4636,50.62764],[5.46445,50.62753],[5.46505,50.62707],[5.46477,50.62689],[5.46563,50.626],[5.46498,50.62574],[5.46582,50.62509],[5.4662,50.62527],[5.46679,50.62476],[5.46701,50.62479],[5.46765,50.62436],[5.46788,50.62446],[5.46948,50.62354],[5.47047,50.62406],[5.47073,50.62391],[5.47158,50.62419],[5.47223,50.62368],[5.4748,50.62444],[5.475,50.62414],[5.47464,50.623],[5.47532,50.6231],[5.47535,50.62179],[5.47584,50.62174],[5.47629,50.62115]]]}},{"type":"Feature","id":"62119","bbox":[5.642364,50.637925,5.775044,50.707333],"properties":{"nis":"62119","name":"Blegny","nameNl":"Blegny","nameFr":"Blegny","nameDe":"Blegny","province":"liege","region":"wallonia","areaKm2":25.96},"geometry":{"type":"Polygon","coordinates":[[[5.68186,50.63793],[5.68235,50.63817],[5.68399,50.63948],[5.687,50.642],[5.69068,50.64387],[5.69268,50.64491],[5.69058,50.64573],[5.69191,50.64732],[5.69252,50.64781],[5.69274,50.64975],[5.69248,50.65065],[5.69179,50.65402],[5.69032,50.65437],[5.69095,50.65517],[5.69054,50.65566],[5.68987,50.65607],[5.6904,50.65645],[5.6903,50.65702],[5.69069,50.65751],[5.6903,50.65826],[5.68973,50.65889],[5.68943,50.65897],[5.68927,50.65963],[5.69054,50.65984],[5.69208,50.66061],[5.69616,50.65987],[5.69646,50.65988],[5.69681,50.65907],[5.69731,50.65823],[5.69828,50.65692],[5.69881,50.65642],[5.69944,50.65611],[5.70113,50.6557],[5.70182,50.65547],[5.70267,50.65494],[5.70292,50.65495],[5.70407,50.65614],[5.70543,50.65708],[5.70471,50.65851],[5.70381,50.66],[5.70411,50.66019],[5.70485,50.66002],[5.70722,50.65914],[5.70866,50.65875],[5.70882,50.65905],[5.70855,50.65932],[5.7088,50.65986],[5.70903,50.65975],[5.71005,50.66023],[5.70869,50.66069],[5.70929,50.66136],[5.70886,50.66154],[5.70923,50.66195],[5.70908,50.66207],[5.70997,50.66303],[5.70988,50.66314],[5.71042,50.66382],[5.71056,50.66445],[5.7112,50.66471],[5.7129,50.6659],[5.71256,50.66611],[5.71336,50.66652],[5.71425,50.66625],[5.71512,50.66549],[5.7165,50.66502],[5.71652,50.6647],[5.71711,50.6645],[5.71823,50.6645],[5.71879,50.66417],[5.71911,50.66424],[5.71999,50.66374],[5.72061,50.66378],[5.72069,50.66358],[5.72272,50.66332],[5.72315,50.66311],[5.72383,50.66301],[5.72508,50.66302],[5.72571,50.66273],[5.72588,50.66289],[5.72641,50.66271],[5.72699,50.66291],[5.72767,50.66271],[5.72787,50.66246],[5.72853,50.66257],[5.72867,50.66285],[5.72971,50.6626],[5.73003,50.66227],[5.73114,50.66235],[5.73117,50.66272],[5.73217,50.66272],[5.7324,50.66247],[5.73272,50.66287],[5.73198,50.66308],[5.73119,50.66316],[5.73095,50.66355],[5.73125,50.66404],[5.73039,50.66455],[5.73002,50.66544],[5.73032,50.66635],[5.73161,50.66837],[5.73462,50.66848],[5.73628,50.66871],[5.73698,50.66893],[5.73834,50.66968],[5.73987,50.67012],[5.74151,50.67023],[5.74124,50.67038],[5.73983,50.67327],[5.73989,50.67416],[5.74013,50.67428],[5.74011,50.67473],[5.74041,50.67533],[5.74057,50.67652],[5.74101,50.67699],[5.74149,50.67854],[5.74168,50.67891],[5.74153,50.67933],[5.74194,50.67912],[5.74297,50.67904],[5.74291,50.6787],[5.74343,50.67844],[5.74444,50.67844],[5.74523,50.6783],[5.74574,50.67788],[5.74605,50.67667],[5.74559,50.67624],[5.74613,50.6759],[5.74681,50.67569],[5.74712,50.67539],[5.74797,50.67512],[5.74822,50.67472],[5.75022,50.67343],[5.7504,50.67299],[5.75118,50.67256],[5.75147,50.67222],[5.75203,50.67195],[5.75261,50.67245],[5.75203,50.67268],[5.75277,50.67315],[5.75597,50.67447],[5.75786,50.67263],[5.75865,50.67199],[5.76077,50.67046],[5.7628,50.66935],[5.76364,50.6696],[5.76544,50.6697],[5.76667,50.66994],[5.76707,50.66972],[5.77178,50.67311],[5.77151,50.67361],[5.77254,50.67378],[5.77222,50.67522],[5.77349,50.67615],[5.77415,50.67696],[5.77489,50.67881],[5.77505,50.68037],[5.77482,50.68149],[5.77441,50.68223],[5.77363,50.68327],[5.77131,50.68586],[5.7712,50.68586],[5.77016,50.68553],[5.76996,50.68527],[5.77049,50.68376],[5.77005,50.6828],[5.76929,50.6823],[5.76831,50.68209],[5.76496,50.68213],[5.76422,50.68204],[5.76353,50.68175],[5.76266,50.68115],[5.7618,50.6809],[5.76111,50.681],[5.7572,50.68181],[5.75593,50.68237],[5.75478,50.68266],[5.7534,50.68273],[5.75214,50.68272],[5.74999,50.68197],[5.74939,50.68378],[5.74898,50.68421],[5.74908,50.68502],[5.74835,50.68555],[5.74861,50.68579],[5.74857,50.68627],[5.74882,50.68659],[5.74882,50.68731],[5.74947,50.68938],[5.74444,50.69495],[5.74543,50.69574],[5.74406,50.69707],[5.74456,50.69746],[5.74368,50.69757],[5.74246,50.69804],[5.74134,50.69885],[5.74076,50.69975],[5.73923,50.70068],[5.73828,50.70117],[5.73637,50.70253],[5.73619,50.70353],[5.73627,50.70385],[5.73603,50.70414],[5.73557,50.70407],[5.73516,50.7043],[5.73255,50.70519],[5.73233,50.70512],[5.73165,50.70596],[5.73026,50.70666],[5.72931,50.70733],[5.72319,50.70572],[5.72268,50.70576],[5.72191,50.70555],[5.72114,50.70621],[5.72084,50.70599],[5.71983,50.70615],[5.72057,50.70554],[5.71967,50.70499],[5.71791,50.70165],[5.71757,50.70116],[5.71729,50.70106],[5.71621,50.70112],[5.71396,50.70099],[5.71406,50.7006],[5.71294,50.70015],[5.71184,50.70008],[5.71054,50.7001],[5.70998,50.69965],[5.70934,50.69876],[5.70892,50.699],[5.70847,50.69855],[5.70708,50.69918],[5.70616,50.6994],[5.70522,50.69952],[5.70504,50.69926],[5.70437,50.69934],[5.70519,50.69986],[5.70302,50.70062],[5.70339,50.70098],[5.70216,50.7014],[5.70345,50.70354],[5.70148,50.70409],[5.7006,50.70425],[5.69978,50.70171],[5.69918,50.70008],[5.69856,50.69878],[5.69787,50.69696],[5.69792,50.69582],[5.69729,50.69372],[5.69674,50.6925],[5.69629,50.69063],[5.69638,50.68895],[5.6945,50.68909],[5.69313,50.6893],[5.69275,50.68818],[5.69171,50.68793],[5.6912,50.68751],[5.68968,50.6869],[5.68964,50.68638],[5.68941,50.68592],[5.689,50.68573],[5.68879,50.68518],[5.68769,50.68451],[5.68758,50.6836],[5.68685,50.68336],[5.6866,50.68293],[5.68705,50.6825],[5.68689,50.68206],[5.68626,50.68131],[5.68563,50.68108],[5.68494,50.6806],[5.6845,50.68009],[5.68474,50.67983],[5.68406,50.67929],[5.68325,50.67947],[5.68268,50.67878],[5.68208,50.67771],[5.67972,50.67737],[5.6782,50.67699],[5.67799,50.67702],[5.67741,50.67546],[5.67683,50.67459],[5.67525,50.67321],[5.67393,50.67117],[5.67284,50.66935],[5.67387,50.66894],[5.67526,50.66867],[5.67428,50.66791],[5.67325,50.66659],[5.67276,50.66564],[5.67196,50.66551],[5.67098,50.66426],[5.67003,50.66461],[5.66947,50.66421],[5.6686,50.66381],[5.66733,50.66289],[5.66534,50.66213],[5.66395,50.66133],[5.66398,50.66114],[5.663,50.66018],[5.66284,50.65923],[5.66264,50.65901],[5.66179,50.65875],[5.66061,50.65877],[5.65993,50.6582],[5.6592,50.65855],[5.65779,50.65802],[5.65693,50.65739],[5.65729,50.65699],[5.65693,50.65653],[5.65524,50.65711],[5.65428,50.65697],[5.65295,50.65689],[5.65257,50.65663],[5.65161,50.65669],[5.64909,50.65538],[5.64824,50.65474],[5.64705,50.6543],[5.64236,50.65194],[5.64362,50.65116],[5.64527,50.65033],[5.6471,50.65015],[5.64784,50.64984],[5.65244,50.64956],[5.65353,50.64898],[5.65394,50.64854],[5.65446,50.64907],[5.65463,50.64947],[5.65642,50.65067],[5.65738,50.65086],[5.6578,50.65055],[5.65904,50.65034],[5.65955,50.64985],[5.65925,50.64957],[5.65974,50.64892],[5.66107,50.64876],[5.66194,50.64776],[5.66202,50.64724],[5.66299,50.64723],[5.66393,50.64672],[5.66475,50.64651],[5.66482,50.64603],[5.66566,50.64588],[5.66643,50.64624],[5.66816,50.64654],[5.66885,50.64559],[5.66909,50.64487],[5.66967,50.64482],[5.67069,50.64428],[5.67234,50.64234],[5.67431,50.64027],[5.67521,50.64022],[5.67602,50.63986],[5.68132,50.63799],[5.68186,50.63793]]]}},{"type":"Feature","id":"62120","bbox":[5.380452,50.557083,5.489041,50.629369],"properties":{"nis":"62120","name":"Flémalle","nameNl":"Flémalle","nameFr":"Flémalle","nameDe":"Flémalle","province":"liege","region":"wallonia","areaKm2":36.42},"geometry":{"type":"Polygon","coordinates":[[[5.38045,50.61391],[5.38345,50.61146],[5.38453,50.61174],[5.38504,50.61097],[5.38595,50.61125],[5.3868,50.61129],[5.38676,50.61052],[5.38558,50.60982],[5.38615,50.60679],[5.38699,50.60596],[5.3865,50.60533],[5.38784,50.60425],[5.38819,50.60348],[5.38586,50.60313],[5.3877,50.6016],[5.39048,50.59942],[5.39064,50.59922],[5.3903,50.5989],[5.38966,50.59864],[5.38944,50.59793],[5.38886,50.59766],[5.38833,50.59707],[5.38774,50.59665],[5.38812,50.59616],[5.38812,50.59199],[5.38897,50.59262],[5.39095,50.59231],[5.39144,50.59145],[5.39102,50.59109],[5.39101,50.59031],[5.39117,50.59001],[5.39217,50.59037],[5.39353,50.5899],[5.39443,50.5898],[5.39431,50.59052],[5.39435,50.59132],[5.39579,50.59201],[5.39704,50.59223],[5.39803,50.59211],[5.39941,50.59246],[5.40173,50.59266],[5.40217,50.59263],[5.40294,50.59228],[5.40377,50.59214],[5.40452,50.59264],[5.40483,50.59305],[5.40759,50.59212],[5.40925,50.59084],[5.41008,50.58999],[5.40971,50.58967],[5.41072,50.58866],[5.41182,50.58864],[5.41286,50.58884],[5.41334,50.58858],[5.41362,50.58797],[5.41345,50.58765],[5.41359,50.58708],[5.41409,50.58652],[5.41415,50.58596],[5.41441,50.5857],[5.41402,50.58549],[5.41616,50.58352],[5.41365,50.58298],[5.41402,50.58221],[5.41541,50.58021],[5.41563,50.57953],[5.41336,50.57884],[5.413,50.57859],[5.41146,50.5781],[5.41153,50.57743],[5.41405,50.57737],[5.41834,50.57721],[5.41965,50.5753],[5.42095,50.57481],[5.42125,50.57457],[5.42504,50.57115],[5.42842,50.5655],[5.42899,50.5646],[5.42913,50.56443],[5.43005,50.56494],[5.43075,50.56494],[5.43144,50.5651],[5.43193,50.56507],[5.43352,50.56452],[5.43412,50.56451],[5.435,50.56432],[5.43487,50.56455],[5.43588,50.56407],[5.43657,50.5633],[5.43785,50.56262],[5.43806,50.56264],[5.43901,50.56341],[5.4408,50.56277],[5.44416,50.56093],[5.44777,50.56141],[5.44965,50.55985],[5.44992,50.55932],[5.45087,50.55875],[5.45304,50.55764],[5.4531,50.55778],[5.45412,50.55765],[5.45749,50.55748],[5.45856,50.55718],[5.45991,50.55708],[5.46052,50.55746],[5.4606,50.55781],[5.46149,50.55831],[5.46178,50.55887],[5.46115,50.56006],[5.46115,50.56105],[5.46174,50.56201],[5.46232,50.56404],[5.4622,50.56537],[5.46285,50.56631],[5.46388,50.56702],[5.46428,50.56702],[5.46503,50.5675],[5.46651,50.56782],[5.46665,50.56762],[5.46861,50.56764],[5.4689,50.56778],[5.47005,50.56779],[5.47202,50.56792],[5.47364,50.56876],[5.47464,50.56891],[5.47558,50.5689],[5.47606,50.56903],[5.47632,50.56879],[5.47792,50.56874],[5.47878,50.56935],[5.47879,50.56966],[5.4797,50.56994],[5.47998,50.57027],[5.48149,50.57036],[5.4825,50.57027],[5.48313,50.57042],[5.48357,50.57087],[5.48356,50.5717],[5.48286,50.57208],[5.48298,50.57231],[5.48228,50.57241],[5.4818,50.57362],[5.48184,50.57395],[5.4824,50.57443],[5.48281,50.575],[5.48248,50.57548],[5.48228,50.57642],[5.48224,50.57739],[5.48114,50.57823],[5.47912,50.57822],[5.47801,50.57851],[5.47712,50.57927],[5.47598,50.57931],[5.47493,50.57909],[5.47406,50.57903],[5.47365,50.5788],[5.47184,50.57865],[5.4709,50.57914],[5.47023,50.57978],[5.47013,50.58014],[5.47037,50.58062],[5.46999,50.58093],[5.46992,50.58212],[5.47041,50.58238],[5.47044,50.58284],[5.47087,50.58299],[5.471,50.58338],[5.47172,50.58439],[5.47206,50.58439],[5.47254,50.58474],[5.47243,50.5852],[5.4733,50.58598],[5.47412,50.58624],[5.47503,50.58668],[5.4763,50.58753],[5.47703,50.58813],[5.47754,50.58813],[5.47867,50.58874],[5.47877,50.58912],[5.47923,50.58934],[5.47932,50.58973],[5.479,50.59033],[5.47954,50.59141],[5.47998,50.59192],[5.48022,50.59266],[5.4811,50.59341],[5.48119,50.59385],[5.4805,50.59439],[5.47974,50.59468],[5.47961,50.59502],[5.47868,50.59542],[5.47934,50.59673],[5.48025,50.59799],[5.48158,50.59921],[5.48375,50.60076],[5.48904,50.60397],[5.48632,50.60616],[5.48495,50.60791],[5.48622,50.60891],[5.48577,50.60928],[5.48337,50.6108],[5.48354,50.6109],[5.48272,50.61189],[5.48258,50.61221],[5.48197,50.61277],[5.48257,50.61403],[5.48239,50.61591],[5.48241,50.61628],[5.48082,50.61841],[5.48023,50.61865],[5.47628,50.61966],[5.47563,50.62033],[5.47629,50.62115],[5.47584,50.62174],[5.47535,50.62179],[5.47532,50.6231],[5.47464,50.623],[5.475,50.62414],[5.4748,50.62444],[5.47223,50.62368],[5.47158,50.62419],[5.47073,50.62391],[5.47047,50.62406],[5.46948,50.62354],[5.46788,50.62446],[5.46765,50.62436],[5.46701,50.62479],[5.46679,50.62476],[5.4662,50.62527],[5.46582,50.62509],[5.46498,50.62574],[5.46563,50.626],[5.46477,50.62689],[5.46505,50.62707],[5.46445,50.62753],[5.4636,50.62764],[5.46264,50.62712],[5.46223,50.62761],[5.46265,50.62777],[5.46235,50.62825],[5.46288,50.62851],[5.46297,50.6289],[5.46219,50.62937],[5.46148,50.62937],[5.45962,50.62898],[5.45891,50.62891],[5.45752,50.6292],[5.45581,50.62914],[5.45433,50.629],[5.45427,50.62858],[5.45313,50.62835],[5.45225,50.62807],[5.45026,50.62726],[5.44947,50.62763],[5.44823,50.62917],[5.44602,50.62861],[5.44427,50.62844],[5.44201,50.62776],[5.44179,50.62742],[5.44146,50.62763],[5.44137,50.6281],[5.4411,50.62806],[5.44094,50.6285],[5.43936,50.6281],[5.43896,50.62764],[5.43767,50.62741],[5.43588,50.62693],[5.43531,50.628],[5.43158,50.62636],[5.41584,50.61965],[5.41465,50.61912],[5.41078,50.61782],[5.40791,50.61703],[5.39979,50.61603],[5.38045,50.61391]]]}},{"type":"Feature","id":"62121","bbox":[5.422682,50.520127,5.554715,50.57174],"properties":{"nis":"62121","name":"Neupré","nameNl":"Neupré","nameFr":"Neupré","nameDe":"Neupré","province":"liege","region":"wallonia","areaKm2":31.72},"geometry":{"type":"Polygon","coordinates":[[[5.48356,50.5717],[5.48357,50.57087],[5.48313,50.57042],[5.4825,50.57027],[5.48149,50.57036],[5.47998,50.57027],[5.4797,50.56994],[5.47879,50.56966],[5.47878,50.56935],[5.47792,50.56874],[5.47632,50.56879],[5.47606,50.56903],[5.47558,50.5689],[5.47464,50.56891],[5.47364,50.56876],[5.47202,50.56792],[5.47005,50.56779],[5.4689,50.56778],[5.46861,50.56764],[5.46665,50.56762],[5.46651,50.56782],[5.46503,50.5675],[5.46428,50.56702],[5.46388,50.56702],[5.46285,50.56631],[5.4622,50.56537],[5.46232,50.56404],[5.46174,50.56201],[5.46115,50.56105],[5.46115,50.56006],[5.46178,50.55887],[5.46149,50.55831],[5.4606,50.55781],[5.46052,50.55746],[5.45991,50.55708],[5.45856,50.55718],[5.45749,50.55748],[5.45412,50.55765],[5.4531,50.55778],[5.45304,50.55764],[5.45087,50.55875],[5.44992,50.55932],[5.44965,50.55985],[5.44777,50.56141],[5.44416,50.56093],[5.4408,50.56277],[5.43901,50.56341],[5.43806,50.56264],[5.43785,50.56262],[5.43657,50.5633],[5.43588,50.56407],[5.43487,50.56455],[5.435,50.56432],[5.43412,50.56451],[5.43352,50.56452],[5.43193,50.56507],[5.43144,50.5651],[5.43075,50.56494],[5.43005,50.56494],[5.42913,50.56443],[5.42899,50.5646],[5.428,50.56461],[5.42713,50.56416],[5.42535,50.56396],[5.42501,50.56328],[5.42519,50.5624],[5.42513,50.56134],[5.4249,50.56103],[5.42497,50.5606],[5.42459,50.56001],[5.42425,50.55982],[5.42428,50.55933],[5.42391,50.55896],[5.42393,50.55862],[5.42333,50.55819],[5.42291,50.55753],[5.42297,50.55689],[5.42268,50.55648],[5.42298,50.55615],[5.42287,50.5557],[5.42314,50.55515],[5.42364,50.55457],[5.424,50.55349],[5.42442,50.55328],[5.42443,50.55266],[5.42478,50.55246],[5.42557,50.55242],[5.42701,50.55212],[5.42775,50.5519],[5.43084,50.55064],[5.4321,50.54993],[5.43274,50.5493],[5.4345,50.5473],[5.4343,50.54716],[5.43562,50.54608],[5.43675,50.54497],[5.44054,50.54166],[5.44173,50.54274],[5.44247,50.54252],[5.44195,50.54186],[5.44183,50.54092],[5.44145,50.54044],[5.4419,50.53981],[5.44224,50.53991],[5.44226,50.53921],[5.4421,50.53818],[5.4409,50.53757],[5.43918,50.53653],[5.43999,50.53512],[5.44079,50.53397],[5.4421,50.53242],[5.4438,50.53192],[5.44441,50.53121],[5.44462,50.53067],[5.44552,50.53071],[5.44568,50.52956],[5.44599,50.5293],[5.44585,50.52774],[5.4456,50.52674],[5.44573,50.52569],[5.44608,50.52545],[5.44722,50.5243],[5.44755,50.5234],[5.448,50.52265],[5.4487,50.52178],[5.44997,50.52242],[5.45013,50.52228],[5.45231,50.52374],[5.45573,50.52577],[5.45684,50.52622],[5.4578,50.52716],[5.45836,50.5274],[5.46216,50.52839],[5.46349,50.52864],[5.46335,50.52831],[5.46345,50.52767],[5.46403,50.52679],[5.46389,50.52612],[5.46408,50.5256],[5.46458,50.52517],[5.46483,50.52449],[5.46616,50.52426],[5.46686,50.52463],[5.46741,50.52463],[5.46851,50.52485],[5.46941,50.52432],[5.47039,50.52441],[5.47232,50.5237],[5.47288,50.52329],[5.47464,50.52285],[5.475,50.52266],[5.47603,50.52167],[5.47682,50.52159],[5.47693,50.5214],[5.47785,50.52167],[5.47887,50.52158],[5.4793,50.52126],[5.48046,50.52081],[5.48105,50.52028],[5.48156,50.52013],[5.48209,50.52028],[5.48434,50.52113],[5.48569,50.52194],[5.48742,50.52236],[5.48875,50.52217],[5.48929,50.52222],[5.49001,50.52176],[5.49132,50.52176],[5.49282,50.52222],[5.49376,50.52271],[5.49437,50.52284],[5.49652,50.52297],[5.4989,50.52289],[5.50009,50.52281],[5.50077,50.52258],[5.50148,50.52252],[5.50237,50.52309],[5.50305,50.52335],[5.50384,50.5233],[5.50578,50.52378],[5.50647,50.52345],[5.50662,50.52321],[5.50715,50.52305],[5.50812,50.5232],[5.50977,50.52431],[5.51045,50.52453],[5.51107,50.52443],[5.51214,50.52373],[5.51305,50.52365],[5.51464,50.5243],[5.51552,50.52478],[5.51707,50.52525],[5.51827,50.52588],[5.51861,50.52631],[5.51976,50.52679],[5.5208,50.52689],[5.52247,50.52689],[5.52472,50.52699],[5.52616,50.52697],[5.52753,50.52707],[5.5294,50.52763],[5.53017,50.52743],[5.53105,50.52742],[5.53202,50.52727],[5.53286,50.52741],[5.53329,50.52788],[5.53388,50.52815],[5.53611,50.52831],[5.53643,50.52853],[5.53724,50.52875],[5.53767,50.52975],[5.53788,50.53094],[5.53854,50.53129],[5.54063,50.53154],[5.54202,50.53183],[5.54263,50.53184],[5.54286,50.53107],[5.54265,50.53049],[5.54305,50.53025],[5.54363,50.53028],[5.54536,50.53095],[5.54625,50.53093],[5.54729,50.5312],[5.54899,50.53178],[5.5499,50.53219],[5.5506,50.53228],[5.55256,50.53281],[5.55293,50.53318],[5.55402,50.53377],[5.55472,50.53393],[5.55456,50.53463],[5.55391,50.53601],[5.55243,50.53812],[5.55192,50.53873],[5.55097,50.53956],[5.55057,50.54037],[5.5503,50.54181],[5.54939,50.54353],[5.54865,50.54438],[5.54781,50.54491],[5.54699,50.54561],[5.54644,50.5465],[5.54653,50.54758],[5.54675,50.54832],[5.54735,50.54909],[5.54807,50.54967],[5.54903,50.55024],[5.55047,50.55061],[5.55279,50.55081],[5.55446,50.55071],[5.55421,50.55251],[5.55391,50.55317],[5.55328,50.55303],[5.551,50.55278],[5.54999,50.55249],[5.54944,50.55218],[5.54729,50.55188],[5.54578,50.55178],[5.54559,50.55162],[5.54438,50.55159],[5.54297,50.55235],[5.54263,50.55367],[5.54371,50.5545],[5.54407,50.55535],[5.54458,50.55575],[5.54516,50.556],[5.54634,50.55689],[5.54653,50.55754],[5.54655,50.55827],[5.54738,50.5594],[5.54733,50.56071],[5.54713,50.56133],[5.52794,50.55638],[5.52346,50.5553],[5.52269,50.5555],[5.52196,50.55492],[5.52092,50.55459],[5.51609,50.55332],[5.51247,50.55249],[5.51013,50.5519],[5.50863,50.55144],[5.50575,50.55004],[5.50378,50.54975],[5.50243,50.54948],[5.50138,50.54902],[5.50045,50.5484],[5.49895,50.54765],[5.49647,50.54723],[5.4971,50.54794],[5.49736,50.54878],[5.49746,50.54972],[5.49697,50.55135],[5.49656,50.55197],[5.49655,50.55292],[5.49677,50.55317],[5.49663,50.55348],[5.49682,50.55409],[5.49687,50.55487],[5.49717,50.55531],[5.49718,50.55594],[5.49755,50.55624],[5.4975,50.55698],[5.49818,50.55814],[5.49874,50.55845],[5.49826,50.55904],[5.49837,50.55944],[5.49878,50.55965],[5.49842,50.55972],[5.49862,50.56027],[5.4984,50.56089],[5.49855,50.56117],[5.49824,50.56184],[5.49831,50.5631],[5.49804,50.56339],[5.4981,50.56399],[5.49764,50.56448],[5.49731,50.56459],[5.49634,50.56542],[5.49539,50.56574],[5.49473,50.56623],[5.49443,50.56665],[5.49359,50.56728],[5.49352,50.56759],[5.49261,50.56836],[5.49253,50.56854],[5.49126,50.56895],[5.49067,50.56935],[5.48962,50.56983],[5.48765,50.57043],[5.48711,50.57079],[5.48499,50.5716],[5.48356,50.5717]]]}},{"type":"Feature","id":"62122","bbox":[5.640852,50.546658,5.773588,50.595559],"properties":{"nis":"62122","name":"Trooz","nameNl":"Trooz","nameFr":"Trooz","nameDe":"Trooz","province":"liege","region":"wallonia","areaKm2":24.19},"geometry":{"type":"Polygon","coordinates":[[[5.76593,50.57319],[5.76504,50.5739],[5.76336,50.57473],[5.76108,50.57541],[5.75892,50.5757],[5.75729,50.57535],[5.75618,50.57472],[5.75302,50.57233],[5.7524,50.57222],[5.75098,50.57251],[5.75149,50.57615],[5.75157,50.57643],[5.75137,50.57783],[5.75069,50.57814],[5.74806,50.57829],[5.74741,50.57865],[5.74688,50.57913],[5.74647,50.57915],[5.74548,50.58045],[5.74482,50.58089],[5.74417,50.58079],[5.74338,50.58049],[5.74177,50.5806],[5.74115,50.58019],[5.74045,50.58186],[5.74007,50.58325],[5.73947,50.58358],[5.73873,50.58426],[5.73749,50.58483],[5.73697,50.5849],[5.73626,50.58528],[5.73508,50.5863],[5.73451,50.58638],[5.73404,50.58675],[5.73482,50.58695],[5.73387,50.58751],[5.73217,50.58722],[5.73129,50.58676],[5.73064,50.58685],[5.73033,50.58646],[5.73054,50.58611],[5.73039,50.5855],[5.73062,50.58506],[5.73066,50.58379],[5.72989,50.58381],[5.72944,50.5834],[5.72903,50.58279],[5.72983,50.58263],[5.73004,50.58222],[5.73055,50.58228],[5.73076,50.58208],[5.73198,50.58207],[5.73334,50.58225],[5.73455,50.58254],[5.73483,50.58202],[5.73533,50.58205],[5.73787,50.57987],[5.7379,50.57947],[5.73914,50.57922],[5.73936,50.57836],[5.7393,50.57805],[5.73881,50.57751],[5.73883,50.57726],[5.7379,50.57687],[5.73668,50.57658],[5.73488,50.57516],[5.73446,50.57475],[5.73387,50.5739],[5.73408,50.57338],[5.73489,50.57263],[5.7349,50.57219],[5.73467,50.57179],[5.73464,50.57129],[5.73545,50.57065],[5.73639,50.57042],[5.73658,50.56978],[5.73693,50.56949],[5.73734,50.56814],[5.73717,50.56736],[5.73662,50.56603],[5.73626,50.56552],[5.73523,50.56446],[5.73403,50.56383],[5.73322,50.56363],[5.73248,50.5636],[5.73053,50.56496],[5.72885,50.56532],[5.72836,50.56521],[5.72812,50.56545],[5.7266,50.5657],[5.72574,50.56596],[5.72337,50.56651],[5.72141,50.56761],[5.71993,50.56863],[5.71886,50.56888],[5.71709,50.5686],[5.71336,50.56716],[5.7124,50.56642],[5.71144,50.56581],[5.71049,50.56506],[5.70935,50.56485],[5.70745,50.56482],[5.70616,50.56494],[5.70524,50.56515],[5.70378,50.56571],[5.70299,50.56618],[5.70265,50.56665],[5.69922,50.57051],[5.6979,50.57099],[5.6955,50.57141],[5.69434,50.57137],[5.69411,50.57125],[5.69305,50.5716],[5.69345,50.57171],[5.6949,50.57253],[5.69621,50.57276],[5.69732,50.57279],[5.69823,50.57301],[5.69891,50.57298],[5.70017,50.57311],[5.7007,50.57329],[5.70229,50.57343],[5.70287,50.57375],[5.70423,50.5737],[5.70457,50.57356],[5.70521,50.5739],[5.70621,50.57413],[5.70645,50.57432],[5.70861,50.57548],[5.7104,50.57679],[5.71066,50.57725],[5.7112,50.57757],[5.71169,50.57805],[5.71181,50.57867],[5.71126,50.57897],[5.71103,50.57969],[5.71046,50.58002],[5.70936,50.58098],[5.70864,50.58151],[5.70787,50.5829],[5.70741,50.58398],[5.70703,50.58621],[5.70673,50.58712],[5.70758,50.58988],[5.70793,50.59076],[5.70872,50.5917],[5.7092,50.59243],[5.70812,50.59291],[5.70732,50.59293],[5.70673,50.59307],[5.70532,50.59317],[5.70471,50.59369],[5.70411,50.59445],[5.7036,50.59465],[5.70255,50.59454],[5.70222,50.59462],[5.70228,50.59526],[5.70172,50.59556],[5.70027,50.59548],[5.69951,50.5953],[5.69923,50.59464],[5.69939,50.59384],[5.69883,50.59344],[5.69781,50.59341],[5.69777,50.59361],[5.6969,50.59354],[5.69637,50.59336],[5.69484,50.59265],[5.69459,50.59292],[5.69372,50.59296],[5.69276,50.59282],[5.69155,50.59196],[5.69108,50.59117],[5.69162,50.59011],[5.69118,50.58998],[5.68869,50.59015],[5.687,50.59011],[5.68626,50.59021],[5.686,50.59088],[5.68568,50.59267],[5.6854,50.59294],[5.68538,50.59359],[5.68516,50.59374],[5.68542,50.59409],[5.68477,50.5948],[5.68499,50.59529],[5.68414,50.59504],[5.68363,50.59393],[5.68376,50.59293],[5.68372,50.59245],[5.68317,50.59219],[5.68264,50.5927],[5.68193,50.59271],[5.68059,50.59293],[5.68023,50.59274],[5.68029,50.59114],[5.67961,50.5908],[5.67844,50.59055],[5.67623,50.59029],[5.67533,50.59005],[5.67327,50.58961],[5.67275,50.58934],[5.67209,50.58879],[5.67166,50.58872],[5.67166,50.58846],[5.67273,50.58823],[5.67285,50.58799],[5.67202,50.58631],[5.67113,50.58563],[5.67074,50.58566],[5.66975,50.5854],[5.668,50.58516],[5.66572,50.58388],[5.66565,50.58367],[5.66508,50.58344],[5.66481,50.58255],[5.66529,50.58167],[5.66525,50.5812],[5.6648,50.58092],[5.6644,50.58138],[5.66341,50.58168],[5.66197,50.5818],[5.6595,50.58173],[5.65866,50.58189],[5.65655,50.58081],[5.65651,50.58045],[5.65719,50.57985],[5.65795,50.57958],[5.65831,50.57924],[5.65733,50.57839],[5.65621,50.57787],[5.65552,50.57739],[5.65421,50.57676],[5.65406,50.57639],[5.65321,50.57562],[5.65317,50.57536],[5.6523,50.57458],[5.65099,50.57368],[5.65098,50.57321],[5.65038,50.57248],[5.64957,50.5728],[5.64764,50.5724],[5.64558,50.57077],[5.64489,50.57007],[5.64343,50.56964],[5.64254,50.56955],[5.64124,50.56918],[5.64085,50.56886],[5.64096,50.56779],[5.64152,50.5671],[5.64176,50.56661],[5.64286,50.56729],[5.64394,50.56777],[5.64489,50.56774],[5.64558,50.56794],[5.64737,50.56822],[5.6495,50.56872],[5.65024,50.56858],[5.65155,50.56867],[5.65293,50.56905],[5.65377,50.56915],[5.65416,50.56956],[5.65454,50.56939],[5.65505,50.56974],[5.65593,50.56994],[5.65612,50.57036],[5.65654,50.5707],[5.65732,50.57092],[5.65782,50.5709],[5.65828,50.5711],[5.6594,50.57129],[5.66111,50.5717],[5.66151,50.57213],[5.66279,50.57251],[5.66368,50.57286],[5.6637,50.57241],[5.66321,50.57173],[5.66343,50.57083],[5.66406,50.5699],[5.66462,50.56938],[5.66556,50.56885],[5.66477,50.56833],[5.66473,50.56798],[5.66592,50.56678],[5.66451,50.56614],[5.66278,50.56589],[5.66199,50.56566],[5.65995,50.56533],[5.65804,50.56445],[5.65728,50.5642],[5.65688,50.56348],[5.65692,50.56303],[5.65662,50.56296],[5.65577,50.56332],[5.65455,50.56316],[5.65379,50.56272],[5.65329,50.56272],[5.65342,50.56249],[5.65313,50.56222],[5.65285,50.56147],[5.65298,50.56114],[5.65265,50.56082],[5.65232,50.55995],[5.65152,50.55928],[5.64979,50.55906],[5.64841,50.55904],[5.64817,50.55894],[5.64694,50.55885],[5.64737,50.55842],[5.64929,50.55861],[5.64995,50.55861],[5.65274,50.55843],[5.65412,50.55838],[5.65679,50.55865],[5.6601,50.55882],[5.66025,50.55793],[5.6613,50.55766],[5.66143,50.55774],[5.66303,50.55762],[5.66287,50.55719],[5.66446,50.55712],[5.66454,50.55686],[5.66639,50.55658],[5.66615,50.55613],[5.66655,50.55607],[5.6673,50.55665],[5.66854,50.55664],[5.66885,50.55633],[5.67138,50.55569],[5.67164,50.55553],[5.67236,50.55441],[5.67267,50.55409],[5.67348,50.55372],[5.67402,50.55365],[5.67595,50.55364],[5.6753,50.55187],[5.67469,50.55071],[5.67902,50.55074],[5.68042,50.55071],[5.68144,50.55089],[5.6818,50.55071],[5.68261,50.55074],[5.68345,50.55038],[5.68433,50.5503],[5.68528,50.55052],[5.68657,50.55042],[5.68829,50.55051],[5.68869,50.55032],[5.68929,50.55033],[5.69986,50.55411],[5.70467,50.55581],[5.70568,50.55547],[5.70676,50.55523],[5.70791,50.55338],[5.70832,50.55296],[5.71145,50.55247],[5.71264,50.55235],[5.71322,50.55265],[5.71479,50.55383],[5.71587,50.55391],[5.71759,50.55476],[5.71855,50.55478],[5.71867,50.55448],[5.71994,50.55408],[5.7207,50.55402],[5.72171,50.55375],[5.72218,50.55344],[5.72254,50.55348],[5.72281,50.55323],[5.7233,50.55318],[5.72518,50.55219],[5.72604,50.55208],[5.72655,50.5519],[5.72731,50.55195],[5.72801,50.55174],[5.72955,50.55207],[5.73012,50.55196],[5.73137,50.55192],[5.7319,50.55174],[5.73269,50.55112],[5.73324,50.55106],[5.73504,50.55177],[5.73625,50.55172],[5.73738,50.55145],[5.73773,50.55156],[5.739,50.55107],[5.73953,50.55076],[5.74,50.55029],[5.74108,50.55004],[5.74211,50.55006],[5.74205,50.54991],[5.74389,50.54947],[5.74743,50.54892],[5.75011,50.54745],[5.75136,50.54709],[5.75234,50.54694],[5.75321,50.54696],[5.75365,50.54667],[5.7554,50.54686],[5.75663,50.54748],[5.75667,50.54773],[5.75777,50.54865],[5.7583,50.54932],[5.75867,50.54959],[5.7597,50.55007],[5.7606,50.55018],[5.76143,50.55069],[5.76214,50.55083],[5.76275,50.55134],[5.76281,50.55164],[5.76377,50.55246],[5.76415,50.55305],[5.76503,50.55333],[5.76505,50.55365],[5.76599,50.55391],[5.76625,50.55419],[5.76623,50.5547],[5.7666,50.5548],[5.7673,50.55527],[5.76747,50.55559],[5.76814,50.55586],[5.76809,50.55606],[5.76851,50.55656],[5.76898,50.55668],[5.76982,50.55753],[5.77036,50.55774],[5.7711,50.55854],[5.77219,50.55943],[5.77281,50.56022],[5.77319,50.56094],[5.77289,50.56171],[5.77293,50.5621],[5.77359,50.56278],[5.77309,50.56342],[5.77283,50.56412],[5.7714,50.56544],[5.76897,50.56685],[5.76841,50.56699],[5.76765,50.56678],[5.76744,50.56627],[5.76771,50.56539],[5.76764,50.56444],[5.76705,50.56361],[5.7643,50.563],[5.7628,50.56292],[5.76148,50.56308],[5.7612,50.56332],[5.76194,50.56402],[5.76249,50.56546],[5.76225,50.56612],[5.76289,50.56678],[5.76256,50.56908],[5.76413,50.57167],[5.7659,50.5725],[5.76593,50.57319]]]}},{"type":"Feature","id":"63001","bbox":[6.069725,50.284522,6.286047,50.405059],"properties":{"nis":"63001","name":"Amel","nameNl":"Amel","nameFr":"Amblève","nameDe":"Amel","province":"liege","region":"wallonia","areaKm2":125.34},"geometry":{"type":"Polygon","coordinates":[[[6.28508,50.30913],[6.28605,50.31026],[6.28547,50.31062],[6.28487,50.31138],[6.28386,50.31203],[6.28371,50.31248],[6.28389,50.31288],[6.28358,50.31305],[6.28252,50.31323],[6.28157,50.31355],[6.28076,50.31418],[6.28051,50.31473],[6.28014,50.31509],[6.27908,50.31577],[6.27831,50.31684],[6.27807,50.31702],[6.27808,50.31745],[6.27719,50.31799],[6.27741,50.31852],[6.27692,50.31906],[6.27663,50.31971],[6.27608,50.32009],[6.27613,50.32033],[6.2753,50.32116],[6.27406,50.3216],[6.27404,50.32191],[6.27295,50.32258],[6.27233,50.32261],[6.27183,50.32301],[6.27072,50.32345],[6.27044,50.32427],[6.26983,50.32482],[6.26993,50.3254],[6.26957,50.326],[6.26922,50.32596],[6.26924,50.32662],[6.26898,50.32741],[6.26866,50.32753],[6.26857,50.32838],[6.26911,50.3289],[6.26931,50.32935],[6.26968,50.32966],[6.27076,50.33128],[6.27057,50.33194],[6.27002,50.33236],[6.26944,50.33249],[6.26927,50.33295],[6.26881,50.33311],[6.26852,50.33348],[6.26859,50.33382],[6.26831,50.3349],[6.26761,50.33589],[6.26717,50.33635],[6.26703,50.337],[6.26722,50.33751],[6.26785,50.33825],[6.268,50.33868],[6.26845,50.33879],[6.26835,50.33953],[6.26856,50.33983],[6.26867,50.3405],[6.26809,50.34081],[6.26809,50.341],[6.26891,50.34198],[6.26975,50.34255],[6.2706,50.34289],[6.27244,50.3433],[6.27337,50.34363],[6.27352,50.3439],[6.27437,50.34457],[6.27435,50.34497],[6.27396,50.34513],[6.27398,50.34547],[6.27334,50.34562],[6.27266,50.34661],[6.27242,50.34784],[6.27287,50.3483],[6.27344,50.34923],[6.27386,50.34962],[6.27503,50.35032],[6.27566,50.35207],[6.27561,50.35311],[6.27598,50.3536],[6.27694,50.35439],[6.27692,50.35519],[6.27577,50.35603],[6.27551,50.35681],[6.27504,50.35753],[6.27312,50.3593],[6.27311,50.36006],[6.27377,50.36117],[6.27358,50.36169],[6.27242,50.36203],[6.2713,50.36267],[6.27047,50.36298],[6.26911,50.36303],[6.26777,50.36448],[6.2669,50.36577],[6.26645,50.36663],[6.26627,50.36732],[6.26554,50.36872],[6.2648,50.36984],[6.26313,50.37207],[6.26208,50.37333],[6.25968,50.37633],[6.25765,50.37876],[6.25673,50.3798],[6.25367,50.38152],[6.24985,50.38358],[6.24752,50.3846],[6.24689,50.38473],[6.24581,50.38478],[6.24427,50.38464],[6.24178,50.3843],[6.23885,50.38364],[6.23832,50.38383],[6.23842,50.38429],[6.23871,50.38457],[6.23817,50.38513],[6.23588,50.38602],[6.2351,50.38626],[6.23384,50.38678],[6.23294,50.38786],[6.23173,50.38849],[6.23077,50.38923],[6.22991,50.3893],[6.22909,50.38925],[6.22762,50.38881],[6.22645,50.38861],[6.22606,50.3879],[6.22489,50.38813],[6.223,50.38835],[6.22208,50.38867],[6.22124,50.38924],[6.22103,50.38966],[6.21916,50.38996],[6.21758,50.3906],[6.21564,50.39206],[6.21536,50.39233],[6.21673,50.39317],[6.21845,50.39397],[6.21947,50.39435],[6.21846,50.39483],[6.217,50.3957],[6.21622,50.39643],[6.21322,50.39585],[6.21287,50.39606],[6.21202,50.39582],[6.21098,50.39565],[6.20849,50.39549],[6.20691,50.3951],[6.20411,50.39422],[6.20274,50.39382],[6.20192,50.39425],[6.20239,50.39485],[6.20237,50.39643],[6.20217,50.39654],[6.19721,50.39822],[6.19651,50.39861],[6.1972,50.39932],[6.19562,50.40087],[6.19472,50.40066],[6.19345,50.40084],[6.19292,50.40113],[6.19096,50.40094],[6.18978,50.40052],[6.1886,50.40024],[6.18787,50.40025],[6.18697,50.40086],[6.18685,50.40149],[6.18643,50.40193],[6.18518,50.40241],[6.18442,50.40307],[6.1828,50.4037],[6.18217,50.40425],[6.18299,50.40506],[6.18173,50.40471],[6.18057,50.40432],[6.1784,50.40342],[6.17778,50.40311],[6.17709,50.40325],[6.17675,50.40306],[6.17691,50.40254],[6.17678,50.40187],[6.17725,50.4009],[6.17713,50.40053],[6.17653,50.40064],[6.17609,50.40028],[6.17541,50.4005],[6.17569,50.40208],[6.17552,50.40255],[6.17508,50.40261],[6.17532,50.40328],[6.17445,50.40355],[6.17451,50.40434],[6.17157,50.40455],[6.17126,50.4037],[6.17063,50.4033],[6.17047,50.40222],[6.1689,50.40131],[6.16783,50.40167],[6.16725,50.40126],[6.16779,50.40055],[6.16785,50.39974],[6.16808,50.39972],[6.1682,50.39924],[6.16517,50.3996],[6.16367,50.39949],[6.16297,50.39904],[6.1622,50.39895],[6.16209,50.39917],[6.16061,50.39891],[6.16005,50.39853],[6.15847,50.39661],[6.15783,50.39597],[6.15599,50.39458],[6.15462,50.39376],[6.15334,50.3929],[6.15292,50.39252],[6.14981,50.39209],[6.14735,50.39181],[6.14682,50.39186],[6.14528,50.39225],[6.14396,50.39194],[6.14314,50.39156],[6.14308,50.39117],[6.14221,50.391],[6.14157,50.39042],[6.14002,50.38966],[6.13927,50.38967],[6.13823,50.38895],[6.13691,50.38875],[6.13496,50.38865],[6.13339,50.38801],[6.1316,50.38782],[6.13025,50.38689],[6.12982,50.38633],[6.12912,50.38578],[6.12663,50.38492],[6.12599,50.38545],[6.12482,50.38491],[6.124,50.38485],[6.1231,50.38455],[6.12355,50.38401],[6.1239,50.38315],[6.12506,50.38181],[6.12459,50.38076],[6.12456,50.38039],[6.12415,50.37955],[6.124,50.37897],[6.12415,50.37867],[6.12211,50.37802],[6.12136,50.37785],[6.12049,50.37751],[6.11949,50.37725],[6.11774,50.3764],[6.11727,50.3774],[6.1169,50.37765],[6.11645,50.37836],[6.11666,50.37907],[6.11603,50.37927],[6.11544,50.37912],[6.11479,50.37933],[6.11364,50.38004],[6.11355,50.37981],[6.11226,50.37975],[6.11118,50.37946],[6.11008,50.37927],[6.10924,50.37898],[6.10842,50.37888],[6.10749,50.37845],[6.10609,50.37762],[6.10495,50.37706],[6.10445,50.37623],[6.10389,50.37575],[6.10191,50.37459],[6.10075,50.37377],[6.0989,50.37272],[6.09784,50.37257],[6.09669,50.37227],[6.09604,50.37189],[6.0951,50.3707],[6.09349,50.36937],[6.09162,50.36802],[6.09066,50.36747],[6.08864,50.36646],[6.08618,50.36572],[6.08655,50.36491],[6.08712,50.36414],[6.08753,50.3633],[6.08828,50.36259],[6.08867,50.362],[6.08731,50.36141],[6.0864,50.36084],[6.08576,50.36013],[6.0851,50.35857],[6.08442,50.35783],[6.08375,50.35767],[6.08237,50.3575],[6.08112,50.35713],[6.07926,50.35632],[6.07893,50.35594],[6.07883,50.35503],[6.0785,50.35471],[6.0776,50.35417],[6.07839,50.35382],[6.0718,50.35031],[6.06973,50.35066],[6.07282,50.34819],[6.07476,50.34657],[6.07651,50.34525],[6.0778,50.34417],[6.07915,50.34268],[6.08007,50.34145],[6.08022,50.34099],[6.08032,50.33891],[6.08063,50.33662],[6.08082,50.33611],[6.08212,50.33427],[6.08294,50.33302],[6.08517,50.32976],[6.08688,50.32713],[6.08853,50.32473],[6.08924,50.32358],[6.09285,50.31834],[6.09298,50.31792],[6.09291,50.31705],[6.09238,50.31633],[6.09462,50.3163],[6.09794,50.31615],[6.09944,50.31597],[6.10173,50.31558],[6.10473,50.31475],[6.10553,50.31415],[6.10627,50.31421],[6.10917,50.3137],[6.1113,50.31362],[6.11306,50.31338],[6.1147,50.31275],[6.11824,50.31048],[6.1189,50.30753],[6.11907,50.306],[6.11908,50.3045],[6.12199,50.30356],[6.12325,50.30185],[6.12295,50.30001],[6.12485,50.29981],[6.12682,50.29969],[6.12958,50.29962],[6.13139,50.29951],[6.13245,50.29855],[6.13275,50.29856],[6.13389,50.29798],[6.13947,50.29866],[6.13978,50.29918],[6.14094,50.29887],[6.14202,50.29827],[6.14248,50.29823],[6.14369,50.29771],[6.1442,50.29831],[6.14404,50.29839],[6.14598,50.30021],[6.14629,50.3002],[6.14756,50.30127],[6.14852,50.30231],[6.14921,50.30278],[6.14882,50.30445],[6.14835,50.30512],[6.14877,50.30559],[6.14954,50.30672],[6.1497,50.30709],[6.15037,50.3105],[6.15053,50.311],[6.15285,50.31018],[6.15259,50.30966],[6.1553,50.30892],[6.15725,50.30846],[6.1596,50.30817],[6.16051,50.30782],[6.16251,50.30741],[6.16559,50.30748],[6.16948,50.3077],[6.17109,50.30617],[6.1705,50.30476],[6.17125,50.30389],[6.17121,50.30364],[6.17178,50.3034],[6.17237,50.30096],[6.17327,50.29991],[6.17409,50.29937],[6.17549,50.29898],[6.17726,50.29823],[6.1776,50.298],[6.17835,50.29839],[6.17914,50.29697],[6.18187,50.29693],[6.18356,50.29768],[6.18499,50.29714],[6.18512,50.29719],[6.18615,50.29654],[6.18815,50.29583],[6.18859,50.29539],[6.18767,50.29464],[6.18761,50.29392],[6.18735,50.29331],[6.18613,50.29204],[6.18593,50.29131],[6.18601,50.29055],[6.1865,50.28995],[6.18686,50.28977],[6.18782,50.28844],[6.18822,50.28827],[6.18886,50.28774],[6.18859,50.28756],[6.18893,50.28718],[6.18833,50.28733],[6.1875,50.2873],[6.18707,50.28747],[6.18647,50.28735],[6.18647,50.28713],[6.18707,50.28708],[6.18856,50.28668],[6.18895,50.28625],[6.18866,50.286],[6.18946,50.28593],[6.18988,50.28634],[6.19053,50.28659],[6.19124,50.28657],[6.19147,50.28724],[6.19331,50.28743],[6.19535,50.28694],[6.19625,50.28652],[6.19791,50.28592],[6.19936,50.2858],[6.20019,50.28556],[6.2003,50.28537],[6.20125,50.2853],[6.2035,50.28502],[6.20499,50.28452],[6.20596,50.28502],[6.20625,50.28576],[6.20627,50.28642],[6.20588,50.287],[6.20587,50.28748],[6.20526,50.28744],[6.2048,50.28784],[6.20479,50.28842],[6.20574,50.28976],[6.20474,50.29119],[6.20636,50.29264],[6.20624,50.29306],[6.20449,50.29472],[6.2052,50.295],[6.20754,50.29617],[6.20834,50.29636],[6.20865,50.29628],[6.2095,50.29682],[6.21048,50.29676],[6.21084,50.29691],[6.21092,50.29802],[6.21163,50.29883],[6.21164,50.29908],[6.21095,50.29927],[6.21172,50.29936],[6.21209,50.29965],[6.21231,50.30059],[6.21296,50.30134],[6.21256,50.30185],[6.21322,50.30157],[6.21517,50.3017],[6.21577,50.30184],[6.2169,50.30177],[6.21736,50.30204],[6.21814,50.30228],[6.21852,50.30192],[6.21987,50.3013],[6.22073,50.30108],[6.22199,50.301],[6.22339,50.30118],[6.2247,50.30108],[6.22498,50.30123],[6.22588,50.30258],[6.22555,50.30316],[6.2237,50.30427],[6.22247,50.30422],[6.2214,50.30368],[6.22085,50.3035],[6.21837,50.30309],[6.21816,50.30337],[6.21693,50.30574],[6.21741,50.30623],[6.21768,50.30615],[6.21859,50.30633],[6.21946,50.30638],[6.22041,50.30675],[6.22128,50.30726],[6.22196,50.30826],[6.22216,50.30896],[6.22267,50.30926],[6.22397,50.30945],[6.22537,50.30942],[6.22626,50.30931],[6.22671,50.30938],[6.22758,50.31066],[6.22757,50.31157],[6.22723,50.31426],[6.22784,50.31456],[6.22888,50.31428],[6.22946,50.31471],[6.2291,50.31565],[6.22909,50.31598],[6.22977,50.31635],[6.22984,50.3168],[6.23029,50.31694],[6.23161,50.31522],[6.23211,50.3144],[6.23344,50.31341],[6.23402,50.31262],[6.23453,50.31231],[6.2353,50.31161],[6.23681,50.31093],[6.2381,50.31073],[6.23844,50.31041],[6.23889,50.30969],[6.23906,50.30855],[6.23974,50.30784],[6.24025,50.30768],[6.2414,50.30678],[6.24104,50.30559],[6.24072,50.30485],[6.2409,50.30365],[6.24222,50.30303],[6.24294,50.30277],[6.24445,50.30271],[6.2445,50.30233],[6.24653,50.30074],[6.24692,50.30018],[6.2476,50.29846],[6.24855,50.29753],[6.24893,50.29742],[6.24939,50.29702],[6.25026,50.29573],[6.25026,50.29478],[6.25077,50.29416],[6.25125,50.29319],[6.25196,50.2923],[6.25364,50.29165],[6.25483,50.2915],[6.25569,50.2918],[6.2553,50.29219],[6.25545,50.29298],[6.25602,50.29375],[6.25713,50.29443],[6.25762,50.29572],[6.25747,50.297],[6.25797,50.29705],[6.25819,50.29767],[6.25876,50.29791],[6.2594,50.29871],[6.25967,50.29971],[6.26038,50.30108],[6.26068,50.3018],[6.26017,50.30289],[6.25999,50.30363],[6.26059,50.30523],[6.26036,50.30592],[6.26059,50.30609],[6.26068,50.30668],[6.26248,50.30688],[6.26314,50.30718],[6.26411,50.30811],[6.26524,50.30899],[6.26565,50.30806],[6.26651,50.30747],[6.2668,50.30771],[6.26843,50.30727],[6.26908,50.30774],[6.26953,50.30764],[6.26971,50.3083],[6.27039,50.30809],[6.2723,50.30716],[6.27379,50.30678],[6.27452,50.30675],[6.27603,50.30618],[6.2775,50.30572],[6.27941,50.30729],[6.28116,50.30785],[6.28305,50.30866],[6.28413,50.30896],[6.28508,50.30913]]]}},{"type":"Feature","id":"63003","bbox":[5.79839,50.67625,5.922339,50.717506],"properties":{"nis":"63003","name":"Aubel","nameNl":"Aubel","nameFr":"Aubel","nameDe":"Aubel","province":"liege","region":"wallonia","areaKm2":18.76},"geometry":{"type":"Polygon","coordinates":[[[5.92234,50.67851],[5.92146,50.6789],[5.92017,50.67969],[5.91962,50.68014],[5.91805,50.68109],[5.91564,50.6824],[5.91488,50.68287],[5.91301,50.68479],[5.90988,50.68771],[5.90848,50.68892],[5.90587,50.69092],[5.90459,50.69211],[5.90389,50.69266],[5.90114,50.69426],[5.90001,50.69509],[5.89915,50.69599],[5.89731,50.69864],[5.8966,50.69995],[5.89568,50.70221],[5.89525,50.70295],[5.89419,50.70415],[5.89221,50.70631],[5.89096,50.70732],[5.88917,50.70835],[5.88761,50.70915],[5.88583,50.70955],[5.88444,50.70966],[5.88336,50.70987],[5.88215,50.71019],[5.88142,50.71049],[5.87578,50.71323],[5.87483,50.71363],[5.8736,50.71399],[5.86977,50.71481],[5.8685,50.71528],[5.86702,50.71626],[5.86678,50.71648],[5.86395,50.71704],[5.86129,50.71744],[5.85842,50.71751],[5.85607,50.71716],[5.85418,50.71681],[5.85262,50.71667],[5.84799,50.71681],[5.84452,50.71643],[5.84172,50.71617],[5.84028,50.71554],[5.83643,50.71466],[5.83477,50.7145],[5.83227,50.71444],[5.83109,50.71426],[5.82864,50.71426],[5.82717,50.71416],[5.82518,50.7139],[5.82268,50.71368],[5.81987,50.71398],[5.81876,50.7144],[5.81871,50.71431],[5.81349,50.71291],[5.80971,50.71282],[5.80662,50.71136],[5.80628,50.71109],[5.80453,50.7092],[5.80266,50.70712],[5.79839,50.70249],[5.79935,50.70196],[5.79903,50.70083],[5.79923,50.70042],[5.80004,50.70007],[5.80073,50.70008],[5.80128,50.69993],[5.8027,50.69888],[5.8034,50.69808],[5.80434,50.6972],[5.80567,50.69637],[5.809,50.69462],[5.81096,50.69311],[5.81129,50.69276],[5.8116,50.69159],[5.81213,50.69063],[5.81279,50.69027],[5.81398,50.69002],[5.8161,50.69041],[5.81753,50.69059],[5.81818,50.69051],[5.81886,50.69022],[5.81915,50.69035],[5.81988,50.69006],[5.81988,50.68989],[5.82112,50.68975],[5.82145,50.69],[5.82222,50.68997],[5.82243,50.68971],[5.82226,50.68935],[5.82268,50.6893],[5.82276,50.68891],[5.82239,50.68878],[5.82227,50.68845],[5.82275,50.68817],[5.82301,50.68747],[5.82332,50.68725],[5.82336,50.68683],[5.82394,50.68662],[5.82452,50.68669],[5.82509,50.68653],[5.82513,50.68682],[5.82583,50.68692],[5.82625,50.68674],[5.82673,50.68609],[5.82743,50.68617],[5.82791,50.68566],[5.8273,50.68545],[5.82756,50.68509],[5.8285,50.68509],[5.82876,50.68492],[5.82941,50.68498],[5.82937,50.68459],[5.83053,50.68419],[5.83011,50.68402],[5.83045,50.6838],[5.83088,50.68395],[5.83151,50.68386],[5.83173,50.68416],[5.83258,50.68421],[5.83331,50.68446],[5.83553,50.68511],[5.83623,50.68475],[5.83732,50.68525],[5.83716,50.68547],[5.83843,50.68593],[5.83967,50.6858],[5.84025,50.68516],[5.84089,50.68534],[5.84201,50.68486],[5.84378,50.68505],[5.84453,50.68562],[5.84546,50.68535],[5.84591,50.68558],[5.84747,50.68594],[5.84787,50.68582],[5.8486,50.68619],[5.84862,50.68637],[5.85013,50.68612],[5.85097,50.68643],[5.85219,50.68675],[5.85308,50.68667],[5.85348,50.68716],[5.85413,50.68723],[5.85591,50.68767],[5.8569,50.68771],[5.8574,50.68811],[5.85795,50.68803],[5.859,50.68831],[5.85954,50.68862],[5.85993,50.68862],[5.85969,50.68893],[5.861,50.68902],[5.86149,50.68892],[5.8615,50.68855],[5.86195,50.68852],[5.86329,50.68876],[5.86432,50.68858],[5.86487,50.68904],[5.86486,50.68949],[5.86532,50.69],[5.86608,50.68999],[5.86738,50.69081],[5.86746,50.69099],[5.86839,50.69145],[5.86804,50.69162],[5.86832,50.69206],[5.86882,50.69188],[5.86889,50.69224],[5.86917,50.69201],[5.86926,50.69238],[5.87018,50.69241],[5.86992,50.69274],[5.87028,50.69273],[5.87113,50.69298],[5.87144,50.69333],[5.87214,50.69347],[5.87277,50.69389],[5.87305,50.69456],[5.87378,50.69468],[5.87353,50.69499],[5.87383,50.69531],[5.87345,50.6962],[5.8735,50.69686],[5.87378,50.69687],[5.87404,50.69747],[5.87454,50.69756],[5.87463,50.69782],[5.87546,50.69778],[5.87669,50.6982],[5.87868,50.69821],[5.87898,50.69797],[5.87896,50.69763],[5.87978,50.69726],[5.87995,50.69696],[5.88045,50.69717],[5.88062,50.69684],[5.88142,50.69674],[5.88139,50.69639],[5.88229,50.69592],[5.88245,50.69559],[5.88333,50.69533],[5.88367,50.69503],[5.88367,50.69452],[5.88445,50.69414],[5.88425,50.69372],[5.88447,50.69311],[5.88429,50.69229],[5.88441,50.69169],[5.88411,50.69105],[5.88469,50.69081],[5.8847,50.69044],[5.88534,50.69012],[5.88625,50.69017],[5.88719,50.69043],[5.88774,50.6904],[5.88787,50.69099],[5.88917,50.69102],[5.88993,50.69087],[5.8912,50.6909],[5.89214,50.69023],[5.89302,50.69015],[5.89335,50.69045],[5.89374,50.69037],[5.8937,50.69011],[5.89424,50.6896],[5.89514,50.68928],[5.89578,50.68871],[5.89615,50.68878],[5.89637,50.68854],[5.89731,50.6885],[5.89838,50.68793],[5.89846,50.68764],[5.89925,50.68705],[5.90013,50.68686],[5.90091,50.68606],[5.90153,50.68571],[5.90208,50.68559],[5.90342,50.68432],[5.90358,50.68385],[5.90472,50.68343],[5.90515,50.68279],[5.90531,50.68196],[5.90555,50.68198],[5.90595,50.68139],[5.90636,50.68123],[5.90627,50.68097],[5.90723,50.68071],[5.90805,50.68032],[5.90827,50.68051],[5.90956,50.68006],[5.90991,50.68012],[5.91104,50.67994],[5.91185,50.67963],[5.91257,50.67951],[5.91479,50.6793],[5.91667,50.67825],[5.91881,50.67625],[5.92124,50.67761],[5.92176,50.67817],[5.92234,50.67851]]]}},{"type":"Feature","id":"63004","bbox":[5.934079,50.519656,6.139691,50.649945],"properties":{"nis":"63004","name":"Baelen","nameNl":"Baelen","nameFr":"Baelen","nameDe":"Baelen","province":"liege","region":"wallonia","areaKm2":85.28},"geometry":{"type":"Polygon","coordinates":[[[5.97442,50.59388],[5.9735,50.59255],[5.97338,50.59164],[5.97378,50.5895],[5.97415,50.58871],[5.97507,50.58827],[5.97655,50.58832],[5.97925,50.58718],[5.97987,50.58659],[5.98216,50.58594],[5.98722,50.58492],[5.98777,50.5852],[5.98898,50.58539],[5.99048,50.58514],[5.99304,50.58516],[5.9955,50.58496],[5.99694,50.5848],[5.99826,50.58412],[5.99993,50.58265],[6.00088,50.58149],[6.0028,50.58],[6.00266,50.57857],[6.00214,50.57808],[6.0014,50.57814],[6.00052,50.57749],[6.00062,50.57706],[6.00122,50.5768],[6.00078,50.57616],[6.00025,50.57579],[6.00032,50.57431],[6.00123,50.57367],[6.00174,50.57318],[6.00248,50.57268],[6.00347,50.57271],[6.00408,50.57289],[6.00638,50.57266],[6.00794,50.573],[6.00816,50.57266],[6.00876,50.57226],[6.00963,50.57199],[6.01012,50.57137],[6.01084,50.57106],[6.0113,50.56954],[6.01122,50.5682],[6.012,50.56771],[6.01272,50.56743],[6.01339,50.56684],[6.01401,50.56687],[6.01441,50.56671],[6.0149,50.56598],[6.01733,50.56536],[6.01791,50.56502],[6.01966,50.56477],[6.02043,50.56426],[6.02153,50.56412],[6.02215,50.56337],[6.0229,50.56303],[6.02452,50.56259],[6.02595,50.562],[6.02737,50.56109],[6.02811,50.56076],[6.02863,50.56033],[6.02879,50.55984],[6.02889,50.55876],[6.02918,50.55812],[6.02921,50.55763],[6.02953,50.55697],[6.02949,50.5557],[6.02991,50.55525],[6.03043,50.55386],[6.03071,50.55363],[6.03094,50.55308],[6.03077,50.55268],[6.03195,50.55183],[6.033,50.5512],[6.03507,50.55132],[6.03583,50.55117],[6.03786,50.55049],[6.03881,50.55035],[6.04008,50.54993],[6.04142,50.54957],[6.0424,50.54939],[6.04317,50.5491],[6.04435,50.54819],[6.04536,50.54829],[6.04609,50.54786],[6.04612,50.54742],[6.04779,50.54684],[6.04811,50.54659],[6.04883,50.5465],[6.04945,50.54659],[6.0499,50.54598],[6.05058,50.54561],[6.05163,50.54488],[6.05231,50.54409],[6.0523,50.54378],[6.05298,50.5431],[6.05363,50.54264],[6.05407,50.54205],[6.05403,50.54155],[6.05451,50.54101],[6.05526,50.53972],[6.05697,50.53834],[6.05729,50.53786],[6.05789,50.5375],[6.05845,50.5368],[6.0595,50.53592],[6.06106,50.53475],[6.06183,50.53404],[6.07278,50.52595],[6.07288,50.52106],[6.07318,50.51966],[6.07785,50.52157],[6.07821,50.5218],[6.07912,50.52183],[6.07981,50.52164],[6.08147,50.52199],[6.08239,50.52195],[6.08292,50.52216],[6.08555,50.52241],[6.08589,50.52171],[6.0876,50.52166],[6.08821,50.52179],[6.08856,50.52207],[6.09006,50.52253],[6.09062,50.52293],[6.09198,50.52251],[6.09327,50.52252],[6.09352,50.52235],[6.0938,50.52265],[6.09417,50.5225],[6.09436,50.5221],[6.09493,50.52185],[6.0957,50.52177],[6.09681,50.52132],[6.09795,50.5213],[6.09937,50.52105],[6.10041,50.52064],[6.10128,50.52068],[6.10174,50.52082],[6.10374,50.52089],[6.10408,50.52127],[6.10583,50.52166],[6.1059,50.52186],[6.10649,50.52196],[6.10737,50.5225],[6.10813,50.52271],[6.10958,50.52286],[6.1105,50.5232],[6.11103,50.52367],[6.11192,50.52412],[6.11272,50.5243],[6.11349,50.52466],[6.11402,50.52466],[6.11467,50.52495],[6.11523,50.52545],[6.1162,50.52597],[6.11702,50.52596],[6.11766,50.52613],[6.11825,50.52658],[6.11949,50.52675],[6.12041,50.52725],[6.12133,50.52734],[6.12251,50.5277],[6.12422,50.52813],[6.12446,50.52871],[6.12537,50.52922],[6.12642,50.52935],[6.12677,50.52952],[6.12719,50.53011],[6.12676,50.53045],[6.12731,50.53099],[6.1272,50.53153],[6.12765,50.53231],[6.12909,50.53305],[6.12887,50.53353],[6.12926,50.53371],[6.12964,50.53422],[6.12953,50.53441],[6.12886,50.53424],[6.12873,50.53439],[6.12938,50.53549],[6.12993,50.53624],[6.13034,50.53654],[6.1311,50.53649],[6.13178,50.53661],[6.13186,50.53703],[6.13219,50.53725],[6.13297,50.53746],[6.1333,50.53819],[6.13468,50.53858],[6.13512,50.53901],[6.13589,50.53939],[6.13645,50.53939],[6.13788,50.53992],[6.13885,50.54055],[6.13801,50.54134],[6.13766,50.54179],[6.13886,50.54251],[6.13857,50.5431],[6.13784,50.54335],[6.13791,50.54365],[6.13918,50.54433],[6.13969,50.54471],[6.13959,50.54494],[6.13903,50.5451],[6.13921,50.54568],[6.13964,50.54633],[6.13939,50.54683],[6.13876,50.54735],[6.13754,50.54802],[6.13673,50.54854],[6.13633,50.54965],[6.13625,50.55056],[6.13561,50.55086],[6.13496,50.55089],[6.13361,50.55134],[6.13328,50.55178],[6.13284,50.55269],[6.1325,50.5531],[6.13252,50.55375],[6.13341,50.55486],[6.1335,50.55531],[6.13427,50.55591],[6.13472,50.55677],[6.1347,50.55746],[6.13496,50.55803],[6.13461,50.55856],[6.13338,50.55911],[6.13242,50.55965],[6.13169,50.5606],[6.13103,50.56091],[6.13048,50.56183],[6.12999,50.5622],[6.12941,50.56285],[6.12905,50.56348],[6.12759,50.56466],[6.12615,50.565],[6.12449,50.5662],[6.12332,50.56744],[6.12104,50.56899],[6.12009,50.56926],[6.11927,50.56991],[6.11905,50.57101],[6.1181,50.57204],[6.11932,50.57376],[6.1195,50.57422],[6.11929,50.5746],[6.11924,50.57518],[6.11857,50.57618],[6.11871,50.57711],[6.11819,50.57902],[6.11803,50.58004],[6.11762,50.58047],[6.11772,50.58087],[6.11762,50.58195],[6.11704,50.58259],[6.11713,50.58302],[6.11664,50.58343],[6.11673,50.5845],[6.11509,50.58554],[6.1141,50.58596],[6.11336,50.58588],[6.11245,50.58604],[6.11195,50.5867],[6.11064,50.58795],[6.11049,50.58846],[6.11062,50.58911],[6.10888,50.59004],[6.10784,50.59034],[6.10613,50.59055],[6.10559,50.59089],[6.10613,50.59161],[6.10484,50.5923],[6.10276,50.59277],[6.10228,50.59328],[6.10228,50.59424],[6.10255,50.59457],[6.10145,50.59516],[6.1008,50.59573],[6.10089,50.59683],[6.10068,50.59724],[6.09984,50.59745],[6.09917,50.59725],[6.09786,50.5977],[6.09681,50.59779],[6.09645,50.59806],[6.09576,50.59809],[6.09545,50.59777],[6.09406,50.5975],[6.09323,50.59714],[6.09118,50.59677],[6.08974,50.59612],[6.08863,50.59602],[6.08833,50.5961],[6.08735,50.59676],[6.08603,50.59731],[6.08534,50.59742],[6.08284,50.59876],[6.08215,50.59899],[6.08098,50.59898],[6.07929,50.59945],[6.07913,50.59988],[6.07881,50.59979],[6.07742,50.60024],[6.07621,50.60001],[6.07451,50.59939],[6.07389,50.59925],[6.07325,50.59884],[6.07109,50.5991],[6.06943,50.6001],[6.06877,50.60042],[6.06804,50.60058],[6.06735,50.60097],[6.06633,50.60061],[6.0651,50.60061],[6.06336,50.60003],[6.0604,50.5987],[6.06013,50.59846],[6.06024,50.59778],[6.05951,50.59749],[6.05816,50.59771],[6.0574,50.59841],[6.05648,50.59874],[6.05543,50.59936],[6.05497,50.60082],[6.05402,50.60265],[6.05416,50.60301],[6.05431,50.60431],[6.05421,50.60456],[6.0531,50.60586],[6.0523,50.60621],[6.05174,50.60624],[6.05047,50.60673],[6.04991,50.60734],[6.04951,50.60805],[6.0496,50.60885],[6.04878,50.61018],[6.04881,50.61078],[6.04856,50.61041],[6.04742,50.60995],[6.04661,50.6106],[6.04623,50.61104],[6.04459,50.61243],[6.04223,50.61523],[6.03564,50.61448],[6.0361,50.61385],[6.03453,50.6137],[6.03005,50.61587],[6.02956,50.61613],[6.0288,50.61566],[6.02877,50.61546],[6.02696,50.61466],[6.02583,50.61596],[6.0272,50.61673],[6.02676,50.61694],[6.0263,50.61692],[6.02534,50.61618],[6.02449,50.61569],[6.02239,50.61474],[6.02111,50.61407],[6.02014,50.61389],[6.01842,50.61374],[6.01766,50.6134],[6.01746,50.61279],[6.0172,50.61277],[6.01613,50.61343],[6.015,50.6138],[6.01411,50.61391],[6.01428,50.61567],[6.01519,50.61597],[6.01502,50.61642],[6.01449,50.61693],[6.01345,50.61746],[6.01261,50.61834],[6.01154,50.61898],[6.01041,50.61981],[6.00958,50.61999],[6.0088,50.62031],[6.00738,50.62115],[6.00605,50.62173],[6.00513,50.62233],[6.00425,50.62316],[6.00336,50.62482],[6.00285,50.62551],[6.00212,50.62607],[6.00138,50.62695],[6.00189,50.6275],[6.00212,50.628],[6.00307,50.62919],[6.00341,50.62942],[6.00553,50.63015],[6.00674,50.63043],[6.00806,50.63169],[6.00876,50.63207],[6.00947,50.63261],[6.00978,50.633],[6.00896,50.63378],[6.00732,50.63509],[6.00617,50.6359],[6.00469,50.63733],[6.00381,50.63771],[6.00218,50.63871],[6.00084,50.63963],[6.00165,50.63987],[6.00283,50.64076],[6.00517,50.64231],[6.00565,50.6429],[6.00684,50.64365],[6.00813,50.6447],[6.00245,50.64842],[6.00034,50.64985],[5.99864,50.64932],[5.99649,50.64872],[5.99477,50.64831],[5.99221,50.6478],[5.98989,50.64742],[5.9869,50.64707],[5.98395,50.64686],[5.98235,50.64648],[5.98056,50.64641],[5.97784,50.64651],[5.97503,50.64676],[5.97171,50.64729],[5.96774,50.64758],[5.96591,50.64775],[5.95163,50.64892],[5.94241,50.64966],[5.9393,50.64985],[5.93714,50.64994],[5.9378,50.64937],[5.93879,50.64782],[5.93883,50.64757],[5.93774,50.64675],[5.93803,50.64658],[5.93813,50.64604],[5.93859,50.64532],[5.93803,50.64476],[5.93731,50.64448],[5.93701,50.64415],[5.9372,50.64358],[5.93599,50.64333],[5.9347,50.64325],[5.93447,50.64129],[5.93417,50.64119],[5.93451,50.64095],[5.93621,50.639],[5.93508,50.63822],[5.93526,50.6381],[5.93466,50.63754],[5.93409,50.63681],[5.93448,50.63585],[5.93574,50.63491],[5.93631,50.63393],[5.9368,50.63341],[5.93851,50.63202],[5.93885,50.63157],[5.9405,50.63089],[5.94219,50.63039],[5.94115,50.62936],[5.9408,50.62945],[5.9388,50.62911],[5.93807,50.62861],[5.93811,50.62776],[5.9384,50.6275],[5.93855,50.62779],[5.93951,50.62774],[5.94081,50.62742],[5.94101,50.62765],[5.94365,50.62661],[5.94469,50.62616],[5.94471,50.62591],[5.94536,50.62546],[5.94608,50.62475],[5.9475,50.62445],[5.94781,50.62411],[5.94874,50.62354],[5.94889,50.62314],[5.95175,50.62178],[5.95207,50.62202],[5.95424,50.62102],[5.95579,50.61982],[5.95768,50.6194],[5.95955,50.61888],[5.96024,50.61858],[5.9597,50.61794],[5.95875,50.61775],[5.97008,50.61422],[5.97199,50.61316],[5.97587,50.61041],[5.97958,50.60739],[5.98199,50.60536],[5.98109,50.60484],[5.98024,50.60448],[5.98131,50.60453],[5.98236,50.60517],[5.98322,50.60547],[5.98376,50.60519],[5.98392,50.60491],[5.98351,50.60461],[5.98322,50.60414],[5.98279,50.60404],[5.9816,50.60416],[5.98117,50.60403],[5.98115,50.60366],[5.98085,50.60324],[5.98135,50.60303],[5.98144,50.60207],[5.9816,50.60201],[5.98159,50.60117],[5.98055,50.60144],[5.97984,50.60084],[5.97891,50.60104],[5.97851,50.60181],[5.97852,50.60206],[5.97774,50.60211],[5.97643,50.60195],[5.97595,50.60181],[5.97464,50.60195],[5.97454,50.60217],[5.97297,50.60227],[5.97378,50.60145],[5.97296,50.60105],[5.97269,50.60057],[5.97228,50.60089],[5.97196,50.60188],[5.97218,50.60234],[5.97151,50.6023],[5.9717,50.60202],[5.9724,50.60041],[5.97099,50.60104],[5.97083,50.60071],[5.97298,50.59987],[5.97365,50.59982],[5.97462,50.59881],[5.97411,50.59824],[5.97423,50.59756],[5.97443,50.59734],[5.97467,50.59637],[5.97459,50.59599],[5.97465,50.59503],[5.97535,50.59455],[5.97442,50.59388]]]}},{"type":"Feature","id":"63012","bbox":[6.215354,50.305187,6.408097,50.501464],"properties":{"nis":"63012","name":"Büllingen","nameNl":"Büllingen","nameFr":"Bullange","nameDe":"Büllingen","province":"liege","region":"wallonia","areaKm2":150.21},"geometry":{"type":"Polygon","coordinates":[[[6.309,50.31152],[6.30949,50.31167],[6.30906,50.31222],[6.30781,50.31246],[6.30776,50.31293],[6.30691,50.31379],[6.30697,50.31411],[6.30789,50.31579],[6.30791,50.31596],[6.30658,50.3169],[6.30579,50.31771],[6.30579,50.31861],[6.30647,50.32019],[6.30834,50.32039],[6.30976,50.32105],[6.31114,50.32144],[6.31294,50.32181],[6.31462,50.32105],[6.31571,50.32072],[6.31692,50.32147],[6.3179,50.32118],[6.31716,50.32024],[6.31719,50.31987],[6.31765,50.31916],[6.31904,50.31988],[6.3204,50.32048],[6.32161,50.32089],[6.32246,50.32107],[6.32333,50.32156],[6.32581,50.32321],[6.32689,50.32415],[6.32756,50.32451],[6.32882,50.32394],[6.3292,50.3235],[6.3307,50.32284],[6.33306,50.32358],[6.33358,50.32265],[6.33387,50.32177],[6.33404,50.32077],[6.33282,50.32064],[6.33307,50.31951],[6.33386,50.31877],[6.33442,50.31863],[6.33539,50.31873],[6.3358,50.31813],[6.33545,50.3176],[6.33552,50.3174],[6.33467,50.31701],[6.33463,50.31649],[6.3361,50.31693],[6.33758,50.31731],[6.33901,50.31775],[6.34078,50.31813],[6.34148,50.31852],[6.3429,50.31831],[6.34181,50.31788],[6.34247,50.3173],[6.34312,50.31758],[6.34379,50.3173],[6.34282,50.317],[6.34252,50.31674],[6.34238,50.31627],[6.34189,50.31594],[6.34153,50.3159],[6.34132,50.31637],[6.34031,50.3158],[6.34055,50.31557],[6.34328,50.31514],[6.3458,50.31465],[6.34664,50.31489],[6.34791,50.31498],[6.34831,50.31492],[6.34896,50.31403],[6.34896,50.31353],[6.34937,50.31265],[6.3503,50.31191],[6.3507,50.31112],[6.35116,50.31073],[6.35211,50.31045],[6.35431,50.31],[6.35535,50.30962],[6.35692,50.30887],[6.35749,50.30853],[6.35842,50.30777],[6.35873,50.30714],[6.35968,50.30663],[6.36128,50.30626],[6.36186,50.30588],[6.36337,50.30519],[6.36385,50.30542],[6.36345,50.3056],[6.36184,50.30697],[6.361,50.30749],[6.36055,50.30801],[6.35996,50.30904],[6.35858,50.30975],[6.35919,50.31018],[6.35789,50.31108],[6.35844,50.31142],[6.35955,50.31083],[6.3588,50.31249],[6.35874,50.31335],[6.35913,50.31342],[6.35934,50.31291],[6.36002,50.31323],[6.36136,50.31357],[6.36151,50.31488],[6.36364,50.31434],[6.36485,50.31391],[6.36618,50.31354],[6.36718,50.31338],[6.36728,50.3138],[6.36848,50.31344],[6.37021,50.31245],[6.37134,50.31288],[6.37283,50.31325],[6.37487,50.31361],[6.37557,50.31408],[6.37634,50.31501],[6.3748,50.31592],[6.3763,50.31618],[6.37671,50.31657],[6.37596,50.31762],[6.37784,50.31836],[6.37758,50.31856],[6.37901,50.3192],[6.37959,50.31904],[6.38138,50.31924],[6.38106,50.31998],[6.3809,50.32072],[6.38106,50.32124],[6.38147,50.32168],[6.38214,50.32204],[6.38253,50.32206],[6.3863,50.32153],[6.38898,50.32107],[6.38948,50.32103],[6.39093,50.32114],[6.39382,50.32156],[6.39698,50.32195],[6.40384,50.32318],[6.40553,50.32333],[6.40725,50.33148],[6.4081,50.33541],[6.40797,50.33586],[6.40741,50.3364],[6.40636,50.33691],[6.40468,50.3372],[6.40124,50.33772],[6.40068,50.33801],[6.40024,50.33869],[6.40034,50.34245],[6.40029,50.34369],[6.39977,50.34465],[6.39876,50.34552],[6.39702,50.34655],[6.39542,50.34741],[6.39334,50.34861],[6.39029,50.35026],[6.38727,50.35197],[6.38613,50.35113],[6.3847,50.35173],[6.38466,50.35207],[6.38493,50.35238],[6.38407,50.35299],[6.38495,50.35326],[6.38308,50.35429],[6.38215,50.35395],[6.38092,50.35338],[6.37975,50.35385],[6.37946,50.3537],[6.37759,50.35554],[6.37705,50.356],[6.37634,50.35515],[6.37613,50.35598],[6.37536,50.35659],[6.37451,50.35741],[6.37421,50.3571],[6.37365,50.3572],[6.3734,50.35815],[6.37293,50.35803],[6.37153,50.35842],[6.37064,50.35814],[6.36996,50.35891],[6.36895,50.35854],[6.36808,50.35809],[6.36703,50.35877],[6.36769,50.3592],[6.36744,50.35925],[6.36901,50.36017],[6.36871,50.36033],[6.36977,50.36106],[6.36948,50.36123],[6.36721,50.36299],[6.36685,50.36369],[6.36659,50.36457],[6.36354,50.36782],[6.36453,50.36751],[6.36269,50.36915],[6.36088,50.37128],[6.36037,50.37157],[6.35707,50.37306],[6.3562,50.37339],[6.35548,50.3735],[6.35413,50.37347],[6.35339,50.3736],[6.35252,50.37426],[6.35123,50.37588],[6.35051,50.37646],[6.34788,50.37824],[6.34704,50.37862],[6.34336,50.37957],[6.34294,50.38025],[6.34304,50.38061],[6.3466,50.38487],[6.34702,50.38528],[6.35302,50.38843],[6.35622,50.39014],[6.35696,50.39074],[6.3575,50.39167],[6.35766,50.39258],[6.35781,50.39527],[6.35799,50.39572],[6.36088,50.39831],[6.36126,50.39857],[6.36438,50.40034],[6.3653,50.40096],[6.36563,50.40133],[6.36819,50.40572],[6.36957,50.40814],[6.37007,50.40934],[6.36991,50.41018],[6.36676,50.41902],[6.36677,50.41973],[6.36829,50.42143],[6.36993,50.42315],[6.37074,50.42411],[6.37206,50.42543],[6.37248,50.42644],[6.37336,50.42741],[6.37397,50.42845],[6.37386,50.42897],[6.37426,50.43001],[6.37508,50.43073],[6.37571,50.43115],[6.37596,50.43148],[6.37625,50.43304],[6.37746,50.43881],[6.37745,50.43955],[6.37639,50.43985],[6.37744,50.44034],[6.37741,50.44135],[6.37673,50.44419],[6.37596,50.44725],[6.37514,50.45035],[6.37438,50.45231],[6.37341,50.45371],[6.37182,50.45551],[6.36295,50.45379],[6.3624,50.45411],[6.36138,50.45434],[6.36009,50.45475],[6.3579,50.45602],[6.3568,50.45648],[6.35519,50.45645],[6.35452,50.45616],[6.35347,50.45618],[6.35333,50.45641],[6.35279,50.45653],[6.35141,50.45652],[6.3504,50.45663],[6.34968,50.45703],[6.3494,50.45766],[6.34822,50.45843],[6.34749,50.45862],[6.34628,50.45871],[6.34558,50.45896],[6.34462,50.45955],[6.34424,50.46024],[6.3431,50.46096],[6.34144,50.46154],[6.34041,50.46226],[6.34022,50.46277],[6.34039,50.46341],[6.34093,50.46401],[6.34148,50.46442],[6.3422,50.46569],[6.34256,50.46598],[6.34382,50.46868],[6.34336,50.46902],[6.34334,50.46941],[6.34307,50.46951],[6.34314,50.47006],[6.34256,50.47036],[6.34199,50.47093],[6.34175,50.47145],[6.34139,50.47179],[6.34055,50.47206],[6.33985,50.47198],[6.33857,50.47212],[6.33778,50.47284],[6.3381,50.47289],[6.33753,50.47342],[6.33791,50.47343],[6.33799,50.47413],[6.33746,50.47468],[6.33796,50.47492],[6.33811,50.47531],[6.33886,50.47554],[6.33906,50.47586],[6.33945,50.47589],[6.33976,50.47636],[6.3404,50.47667],[6.34041,50.47711],[6.34107,50.47735],[6.34091,50.47771],[6.34143,50.47841],[6.3413,50.47926],[6.34102,50.47965],[6.34113,50.48034],[6.34082,50.48099],[6.34114,50.4812],[6.34112,50.48233],[6.34102,50.48274],[6.34135,50.48292],[6.34163,50.48348],[6.34288,50.48408],[6.34297,50.48423],[6.34413,50.48463],[6.34626,50.4862],[6.34786,50.48685],[6.34818,50.48685],[6.34952,50.48727],[6.35,50.48788],[6.35124,50.48794],[6.35129,50.48829],[6.35017,50.48862],[6.3492,50.48872],[6.34886,50.48897],[6.34793,50.48928],[6.34701,50.48902],[6.34481,50.48929],[6.34361,50.48919],[6.34259,50.48929],[6.34151,50.48954],[6.34121,50.48944],[6.33933,50.48926],[6.33832,50.48933],[6.33818,50.48912],[6.33731,50.48898],[6.33609,50.48892],[6.33476,50.48914],[6.33473,50.48954],[6.33416,50.48981],[6.33311,50.49107],[6.33287,50.492],[6.33131,50.49269],[6.33002,50.49288],[6.32874,50.49329],[6.3285,50.49323],[6.32681,50.49367],[6.32565,50.49362],[6.32306,50.4938],[6.32244,50.49438],[6.32198,50.49496],[6.32117,50.4947],[6.31983,50.49511],[6.31671,50.49629],[6.31652,50.49646],[6.31432,50.49768],[6.31396,50.49833],[6.31411,50.49875],[6.31395,50.49915],[6.31289,50.49945],[6.309,50.50146],[6.30278,50.4992],[6.30227,50.49966],[6.30183,50.49914],[6.30146,50.49893],[6.29941,50.49842],[6.29769,50.49749],[6.29738,50.49746],[6.29682,50.49783],[6.29513,50.49787],[6.29151,50.49824],[6.28522,50.49884],[6.28498,50.49896],[6.28549,50.49814],[6.28841,50.49596],[6.28889,50.49565],[6.29037,50.49503],[6.2977,50.48798],[6.29812,50.48637],[6.29888,50.4855],[6.29942,50.48509],[6.30102,50.48422],[6.30119,50.48404],[6.30091,50.48348],[6.30158,50.48265],[6.30187,50.48169],[6.30189,50.4809],[6.30123,50.48007],[6.30063,50.47955],[6.3005,50.47916],[6.30044,50.47569],[6.30031,50.4738],[6.30032,50.47095],[6.29991,50.46835],[6.29979,50.46823],[6.29305,50.4645],[6.29112,50.46328],[6.28881,50.46167],[6.28752,50.46097],[6.28572,50.4604],[6.28402,50.45971],[6.28227,50.45874],[6.28169,50.45859],[6.2804,50.45864],[6.27967,50.45891],[6.27799,50.4598],[6.27756,50.46025],[6.27752,50.46058],[6.27799,50.46201],[6.27825,50.46228],[6.26871,50.46229],[6.26085,50.45605],[6.2586,50.45384],[6.25883,50.45372],[6.25634,50.45138],[6.25536,50.45033],[6.25448,50.44881],[6.25414,50.44876],[6.25349,50.44772],[6.25265,50.44615],[6.25181,50.44477],[6.25029,50.44358],[6.24734,50.44071],[6.24505,50.43857],[6.24204,50.43581],[6.24122,50.43512],[6.24255,50.43282],[6.24289,50.4319],[6.24209,50.43118],[6.23981,50.42881],[6.23837,50.4269],[6.23907,50.42678],[6.23974,50.42691],[6.2401,50.42682],[6.24155,50.42694],[6.24137,50.42611],[6.24102,50.4257],[6.24121,50.42559],[6.24286,50.42628],[6.24447,50.42645],[6.24356,50.42527],[6.24272,50.4243],[6.23907,50.42065],[6.23162,50.41415],[6.23113,50.41234],[6.22981,50.40952],[6.22959,50.40865],[6.2297,50.40638],[6.22971,50.40251],[6.22975,50.40066],[6.22898,50.39951],[6.22675,50.39704],[6.22279,50.39549],[6.21947,50.39435],[6.21845,50.39397],[6.21673,50.39317],[6.21536,50.39233],[6.21564,50.39206],[6.21758,50.3906],[6.21916,50.38996],[6.22103,50.38966],[6.22124,50.38924],[6.22208,50.38867],[6.223,50.38835],[6.22489,50.38813],[6.22606,50.3879],[6.22645,50.38861],[6.22762,50.38881],[6.22909,50.38925],[6.22991,50.3893],[6.23077,50.38923],[6.23173,50.38849],[6.23294,50.38786],[6.23384,50.38678],[6.2351,50.38626],[6.23588,50.38602],[6.23817,50.38513],[6.23871,50.38457],[6.23842,50.38429],[6.23832,50.38383],[6.23885,50.38364],[6.24178,50.3843],[6.24427,50.38464],[6.24581,50.38478],[6.24689,50.38473],[6.24752,50.3846],[6.24985,50.38358],[6.25367,50.38152],[6.25673,50.3798],[6.25765,50.37876],[6.25968,50.37633],[6.26208,50.37333],[6.26313,50.37207],[6.2648,50.36984],[6.26554,50.36872],[6.26627,50.36732],[6.26645,50.36663],[6.2669,50.36577],[6.26777,50.36448],[6.26911,50.36303],[6.27047,50.36298],[6.2713,50.36267],[6.27242,50.36203],[6.27358,50.36169],[6.27377,50.36117],[6.27311,50.36006],[6.27312,50.3593],[6.27504,50.35753],[6.27551,50.35681],[6.27577,50.35603],[6.27692,50.35519],[6.27694,50.35439],[6.27598,50.3536],[6.27561,50.35311],[6.27566,50.35207],[6.27503,50.35032],[6.27386,50.34962],[6.27344,50.34923],[6.27287,50.3483],[6.27242,50.34784],[6.27266,50.34661],[6.27334,50.34562],[6.27398,50.34547],[6.27396,50.34513],[6.27435,50.34497],[6.27437,50.34457],[6.27352,50.3439],[6.27337,50.34363],[6.27244,50.3433],[6.2706,50.34289],[6.26975,50.34255],[6.26891,50.34198],[6.26809,50.341],[6.26809,50.34081],[6.26867,50.3405],[6.26856,50.33983],[6.26835,50.33953],[6.26845,50.33879],[6.268,50.33868],[6.26785,50.33825],[6.26722,50.33751],[6.26703,50.337],[6.26717,50.33635],[6.26761,50.33589],[6.26831,50.3349],[6.26859,50.33382],[6.26852,50.33348],[6.26881,50.33311],[6.26927,50.33295],[6.26944,50.33249],[6.27002,50.33236],[6.27057,50.33194],[6.27076,50.33128],[6.26968,50.32966],[6.26931,50.32935],[6.26911,50.3289],[6.26857,50.32838],[6.26866,50.32753],[6.26898,50.32741],[6.26924,50.32662],[6.26922,50.32596],[6.26957,50.326],[6.26993,50.3254],[6.26983,50.32482],[6.27044,50.32427],[6.27072,50.32345],[6.27183,50.32301],[6.27233,50.32261],[6.27295,50.32258],[6.27404,50.32191],[6.27406,50.3216],[6.2753,50.32116],[6.27613,50.32033],[6.27608,50.32009],[6.27663,50.31971],[6.27692,50.31906],[6.27741,50.31852],[6.27719,50.31799],[6.27808,50.31745],[6.27807,50.31702],[6.27831,50.31684],[6.27908,50.31577],[6.28014,50.31509],[6.28051,50.31473],[6.28076,50.31418],[6.28157,50.31355],[6.28252,50.31323],[6.28358,50.31305],[6.28389,50.31288],[6.28371,50.31248],[6.28386,50.31203],[6.28487,50.31138],[6.28547,50.31062],[6.28605,50.31026],[6.28508,50.30913],[6.28506,50.30902],[6.28616,50.30907],[6.28716,50.30922],[6.28824,50.30908],[6.28909,50.3098],[6.2897,50.3101],[6.29041,50.31014],[6.29099,50.31044],[6.29075,50.31075],[6.2909,50.31101],[6.29133,50.31113],[6.29239,50.31068],[6.29294,50.31091],[6.29414,50.31093],[6.29455,50.31067],[6.29563,50.31088],[6.29616,50.31122],[6.29745,50.31104],[6.29778,50.31086],[6.29853,50.3108],[6.29834,50.3106],[6.29851,50.31021],[6.29887,50.31037],[6.29974,50.31035],[6.30001,50.31056],[6.30005,50.311],[6.29955,50.31109],[6.29978,50.31133],[6.30283,50.31174],[6.30371,50.31178],[6.30515,50.31161],[6.30666,50.31163],[6.30818,50.31144],[6.309,50.31152]]]}},{"type":"Feature","id":"63013","bbox":[6.130725,50.393825,6.301888,50.531119],"properties":{"nis":"63013","name":"Bütgenbach","nameNl":"Bütgenbach","nameFr":"Butgenbach","nameDe":"Bütgenbach","province":"liege","region":"wallonia","areaKm2":96.81},"geometry":{"type":"Polygon","coordinates":[[[6.28498,50.49896],[6.28434,50.49933],[6.28355,50.50025],[6.28203,50.50233],[6.28173,50.5032],[6.27969,50.50322],[6.27793,50.50308],[6.27485,50.50242],[6.27244,50.50338],[6.26966,50.50455],[6.26927,50.5042],[6.2683,50.50362],[6.26823,50.50341],[6.26764,50.5032],[6.26584,50.50198],[6.2657,50.50167],[6.26482,50.50111],[6.26395,50.50034],[6.26348,50.5001],[6.26334,50.49978],[6.26287,50.49965],[6.26291,50.49943],[6.26243,50.49899],[6.26156,50.49874],[6.26072,50.49887],[6.25974,50.49917],[6.25851,50.49932],[6.25829,50.49922],[6.25698,50.4992],[6.2562,50.49909],[6.25512,50.49914],[6.25453,50.49945],[6.25482,50.50004],[6.25434,50.5001],[6.25458,50.50065],[6.25453,50.50118],[6.25476,50.50142],[6.25427,50.5018],[6.25402,50.50241],[6.2534,50.50291],[6.2517,50.50353],[6.25094,50.50324],[6.24922,50.50294],[6.24934,50.50275],[6.24852,50.50251],[6.2456,50.50133],[6.24399,50.50033],[6.2418,50.4994],[6.24153,50.49891],[6.24083,50.49915],[6.23889,50.49887],[6.23806,50.49846],[6.23444,50.49843],[6.23405,50.49833],[6.23372,50.49769],[6.23307,50.49796],[6.2318,50.49778],[6.23185,50.49768],[6.23098,50.49739],[6.23029,50.49756],[6.22943,50.49666],[6.22798,50.49545],[6.22756,50.49494],[6.22702,50.49518],[6.22662,50.49435],[6.22629,50.4946],[6.2245,50.49506],[6.22169,50.49788],[6.22131,50.49778],[6.22012,50.4987],[6.22134,50.49963],[6.22162,50.49942],[6.22213,50.49969],[6.22262,50.50079],[6.22246,50.50162],[6.22131,50.50247],[6.22039,50.50367],[6.22005,50.50448],[6.21989,50.50525],[6.21947,50.50556],[6.21746,50.50632],[6.21667,50.50699],[6.21619,50.50807],[6.21565,50.50841],[6.2152,50.50893],[6.21506,50.50974],[6.21338,50.51186],[6.21321,50.51261],[6.21285,50.51312],[6.2113,50.51307],[6.21121,50.51318],[6.21014,50.51309],[6.20913,50.51466],[6.21252,50.51556],[6.21186,50.51601],[6.21113,50.51629],[6.21012,50.51646],[6.20896,50.5169],[6.20826,50.51731],[6.2075,50.51834],[6.20713,50.519],[6.20698,50.52022],[6.2065,50.52037],[6.20684,50.52141],[6.20722,50.52196],[6.20719,50.52238],[6.20758,50.52255],[6.20731,50.52308],[6.20696,50.52307],[6.20665,50.5238],[6.20437,50.52567],[6.20311,50.52644],[6.20245,50.52665],[6.20099,50.52695],[6.20089,50.5269],[6.1993,50.52747],[6.19878,50.52795],[6.19751,50.52958],[6.19705,50.53041],[6.19691,50.53112],[6.19639,50.53106],[6.19663,50.53026],[6.19714,50.52941],[6.1978,50.52858],[6.19893,50.52741],[6.20069,50.52674],[6.20314,50.52611],[6.2044,50.52533],[6.20596,50.52406],[6.20658,50.52318],[6.20679,50.52248],[6.20656,50.52148],[6.20632,50.52115],[6.20583,50.521],[6.20289,50.52087],[6.20166,50.52088],[6.20054,50.52114],[6.19841,50.52128],[6.19683,50.5213],[6.19495,50.52125],[6.19307,50.52107],[6.19226,50.5211],[6.19197,50.52092],[6.19086,50.52066],[6.19038,50.52035],[6.18908,50.52002],[6.18826,50.52006],[6.18653,50.51966],[6.18495,50.5197],[6.18386,50.51945],[6.18258,50.51882],[6.18146,50.51849],[6.18106,50.51864],[6.18033,50.51845],[6.18052,50.51823],[6.18009,50.51812],[6.17889,50.51816],[6.17706,50.5176],[6.17651,50.51769],[6.17552,50.51723],[6.17528,50.51724],[6.17393,50.51686],[6.17226,50.51622],[6.17152,50.51615],[6.17112,50.51633],[6.17002,50.51621],[6.16977,50.51635],[6.169,50.51606],[6.16851,50.51604],[6.16766,50.51576],[6.16689,50.51565],[6.16638,50.51591],[6.16569,50.51587],[6.16533,50.51601],[6.16389,50.51574],[6.1634,50.51542],[6.16263,50.51517],[6.16158,50.51517],[6.16081,50.51531],[6.15998,50.51489],[6.15895,50.51461],[6.15784,50.51459],[6.15706,50.51436],[6.15662,50.51442],[6.156,50.5141],[6.15561,50.51422],[6.15475,50.5141],[6.1546,50.51423],[6.15348,50.5142],[6.1522,50.51347],[6.15119,50.51301],[6.15111,50.51222],[6.15034,50.51155],[6.14978,50.51122],[6.14856,50.51086],[6.14633,50.51037],[6.14608,50.50995],[6.14528,50.50967],[6.14463,50.50912],[6.14317,50.50902],[6.14136,50.50849],[6.13975,50.5082],[6.13983,50.508],[6.13914,50.5078],[6.13775,50.50691],[6.1351,50.50445],[6.13341,50.5028],[6.13305,50.50184],[6.13318,50.50004],[6.13072,50.49984],[6.13072,50.49814],[6.1311,50.49773],[6.13176,50.49741],[6.1323,50.49694],[6.13338,50.49577],[6.13379,50.49519],[6.13427,50.49482],[6.13633,50.49385],[6.13835,50.49303],[6.13962,50.49264],[6.14191,50.49263],[6.14447,50.4925],[6.14493,50.491],[6.14527,50.49026],[6.14641,50.48837],[6.14666,50.487],[6.14623,50.48655],[6.14601,50.48537],[6.14634,50.48461],[6.14638,50.48408],[6.14599,50.48288],[6.14593,50.48181],[6.14621,50.48139],[6.14638,50.479],[6.14829,50.47148],[6.14838,50.47139],[6.15073,50.46772],[6.15234,50.46514],[6.15288,50.46319],[6.15329,50.46224],[6.15302,50.45996],[6.15307,50.45895],[6.15291,50.4584],[6.15309,50.45473],[6.15319,50.45399],[6.15315,50.45312],[6.1533,50.45065],[6.15316,50.45007],[6.15277,50.44942],[6.15321,50.44878],[6.15336,50.44786],[6.15333,50.44739],[6.15373,50.44563],[6.15387,50.44447],[6.15359,50.44406],[6.1529,50.44364],[6.15272,50.44318],[6.15307,50.44315],[6.1536,50.44274],[6.15512,50.44283],[6.15723,50.44192],[6.15594,50.44125],[6.15552,50.44079],[6.1551,50.43988],[6.15507,50.43891],[6.15482,50.43829],[6.15437,50.43763],[6.15399,50.43738],[6.1527,50.43694],[6.15089,50.43616],[6.15089,50.43574],[6.14846,50.43495],[6.15064,50.43313],[6.1513,50.43233],[6.1515,50.4319],[6.15088,50.43154],[6.15104,50.43089],[6.15096,50.42984],[6.15181,50.42976],[6.15179,50.42929],[6.15225,50.42784],[6.15172,50.42663],[6.15068,50.42678],[6.15041,50.42632],[6.1515,50.42593],[6.15072,50.42507],[6.1495,50.42544],[6.14915,50.42482],[6.15024,50.42447],[6.15203,50.42401],[6.15358,50.42388],[6.15359,50.42366],[6.15544,50.42323],[6.1576,50.42266],[6.15999,50.42224],[6.16121,50.42215],[6.16249,50.42218],[6.16315,50.42183],[6.16453,50.42048],[6.16558,50.4196],[6.16662,50.41914],[6.16802,50.41829],[6.16859,50.41824],[6.16956,50.41759],[6.17089,50.41705],[6.17251,50.41725],[6.175,50.41836],[6.17653,50.41812],[6.1788,50.41765],[6.17866,50.41557],[6.17825,50.41339],[6.17912,50.41187],[6.18024,50.41141],[6.18098,50.41059],[6.18086,50.41023],[6.18119,50.40992],[6.18176,50.40905],[6.18241,50.40847],[6.18214,50.40654],[6.18155,50.40537],[6.18144,50.40481],[6.18173,50.40471],[6.18299,50.40506],[6.18217,50.40425],[6.1828,50.4037],[6.18442,50.40307],[6.18518,50.40241],[6.18643,50.40193],[6.18685,50.40149],[6.18697,50.40086],[6.18787,50.40025],[6.1886,50.40024],[6.18978,50.40052],[6.19096,50.40094],[6.19292,50.40113],[6.19345,50.40084],[6.19472,50.40066],[6.19562,50.40087],[6.1972,50.39932],[6.19651,50.39861],[6.19721,50.39822],[6.20217,50.39654],[6.20237,50.39643],[6.20239,50.39485],[6.20192,50.39425],[6.20274,50.39382],[6.20411,50.39422],[6.20691,50.3951],[6.20849,50.39549],[6.21098,50.39565],[6.21202,50.39582],[6.21287,50.39606],[6.21322,50.39585],[6.21622,50.39643],[6.217,50.3957],[6.21846,50.39483],[6.21947,50.39435],[6.22279,50.39549],[6.22675,50.39704],[6.22898,50.39951],[6.22975,50.40066],[6.22971,50.40251],[6.2297,50.40638],[6.22959,50.40865],[6.22981,50.40952],[6.23113,50.41234],[6.23162,50.41415],[6.23907,50.42065],[6.24272,50.4243],[6.24356,50.42527],[6.24447,50.42645],[6.24286,50.42628],[6.24121,50.42559],[6.24102,50.4257],[6.24137,50.42611],[6.24155,50.42694],[6.2401,50.42682],[6.23974,50.42691],[6.23907,50.42678],[6.23837,50.4269],[6.23981,50.42881],[6.24209,50.43118],[6.24289,50.4319],[6.24255,50.43282],[6.24122,50.43512],[6.24204,50.43581],[6.24505,50.43857],[6.24734,50.44071],[6.25029,50.44358],[6.25181,50.44477],[6.25265,50.44615],[6.25349,50.44772],[6.25414,50.44876],[6.25448,50.44881],[6.25536,50.45033],[6.25634,50.45138],[6.25883,50.45372],[6.2586,50.45384],[6.26085,50.45605],[6.26871,50.46229],[6.27825,50.46228],[6.27799,50.46201],[6.27752,50.46058],[6.27756,50.46025],[6.27799,50.4598],[6.27967,50.45891],[6.2804,50.45864],[6.28169,50.45859],[6.28227,50.45874],[6.28402,50.45971],[6.28572,50.4604],[6.28752,50.46097],[6.28881,50.46167],[6.29112,50.46328],[6.29305,50.4645],[6.29979,50.46823],[6.29991,50.46835],[6.30032,50.47095],[6.30031,50.4738],[6.30044,50.47569],[6.3005,50.47916],[6.30063,50.47955],[6.30123,50.48007],[6.30189,50.4809],[6.30187,50.48169],[6.30158,50.48265],[6.30091,50.48348],[6.30119,50.48404],[6.30102,50.48422],[6.29942,50.48509],[6.29888,50.4855],[6.29812,50.48637],[6.2977,50.48798],[6.29037,50.49503],[6.28889,50.49565],[6.28841,50.49596],[6.28549,50.49814],[6.28498,50.49896]]]}},{"type":"Feature","id":"63020","bbox":[5.838187,50.596709,5.914244,50.633863],"properties":{"nis":"63020","name":"Dison","nameNl":"Dison","nameFr":"Dison","nameDe":"Dison","province":"liege","region":"wallonia","areaKm2":13.93},"geometry":{"type":"Polygon","coordinates":[[[5.90073,50.62645],[5.90018,50.62646],[5.89937,50.62676],[5.89805,50.62678],[5.89669,50.62671],[5.89592,50.62653],[5.89491,50.6269],[5.8935,50.62852],[5.8934,50.62888],[5.89166,50.62924],[5.88942,50.63076],[5.88822,50.63203],[5.88823,50.63225],[5.88747,50.63262],[5.88563,50.63283],[5.88446,50.63346],[5.88442,50.63385],[5.88351,50.63367],[5.88239,50.63364],[5.88146,50.63343],[5.88098,50.6331],[5.87913,50.63274],[5.87661,50.63065],[5.87492,50.63017],[5.87412,50.62967],[5.87249,50.62939],[5.87052,50.62932],[5.86903,50.62915],[5.86853,50.62888],[5.86726,50.6284],[5.86613,50.62788],[5.86505,50.62752],[5.86345,50.62734],[5.86208,50.62684],[5.86055,50.62647],[5.86048,50.62641],[5.85314,50.62504],[5.85254,50.6252],[5.85225,50.62509],[5.85034,50.62488],[5.84959,50.6247],[5.84998,50.624],[5.84914,50.62357],[5.84808,50.62281],[5.84688,50.62295],[5.84552,50.62293],[5.84412,50.62281],[5.84319,50.62237],[5.84621,50.62018],[5.84688,50.62027],[5.84735,50.62013],[5.84814,50.61904],[5.84715,50.6188],[5.84612,50.61841],[5.84496,50.61768],[5.84443,50.61748],[5.84431,50.61715],[5.84286,50.61674],[5.84135,50.61613],[5.84137,50.61569],[5.8418,50.61536],[5.8423,50.61445],[5.84308,50.61342],[5.84377,50.61321],[5.84327,50.61311],[5.84283,50.61233],[5.84279,50.6119],[5.84203,50.61148],[5.84268,50.61092],[5.84119,50.61004],[5.84057,50.61055],[5.83858,50.60937],[5.83903,50.60888],[5.83984,50.60844],[5.84034,50.60795],[5.84071,50.60726],[5.83955,50.60693],[5.83953,50.60665],[5.84034,50.60599],[5.83978,50.60568],[5.83951,50.60574],[5.83819,50.60535],[5.83938,50.6044],[5.84067,50.60322],[5.84098,50.60285],[5.8416,50.60252],[5.84185,50.60181],[5.84235,50.60139],[5.84444,50.59995],[5.84538,50.59921],[5.84715,50.59842],[5.84721,50.59816],[5.84761,50.59814],[5.84884,50.59843],[5.84899,50.59835],[5.84873,50.59749],[5.84948,50.59742],[5.85015,50.59719],[5.85061,50.59732],[5.85013,50.59874],[5.85093,50.59849],[5.85147,50.59737],[5.85187,50.59715],[5.8526,50.5974],[5.85271,50.59723],[5.85414,50.59754],[5.8553,50.59752],[5.85635,50.5976],[5.85759,50.59808],[5.85847,50.59794],[5.85909,50.59823],[5.86019,50.59802],[5.8604,50.59773],[5.86162,50.59671],[5.86326,50.59716],[5.8642,50.5977],[5.86544,50.59858],[5.86636,50.59894],[5.86727,50.59832],[5.86755,50.5983],[5.86799,50.59698],[5.8693,50.59731],[5.87069,50.59785],[5.87175,50.59891],[5.87172,50.59993],[5.8731,50.60092],[5.87272,50.60128],[5.87299,50.60206],[5.87376,50.60207],[5.87488,50.60169],[5.8756,50.60118],[5.87608,50.60049],[5.87705,50.59985],[5.87739,50.60024],[5.88091,50.60264],[5.88242,50.60334],[5.88369,50.60374],[5.88425,50.60368],[5.88526,50.60319],[5.88634,50.60277],[5.88781,50.60286],[5.88874,50.60304],[5.89079,50.60363],[5.89184,50.60371],[5.89404,50.6035],[5.89545,50.60352],[5.89699,50.60312],[5.89741,50.60309],[5.8984,50.60252],[5.90014,50.60276],[5.90152,50.60319],[5.90281,50.60368],[5.90493,50.60473],[5.9052,50.60513],[5.90526,50.60599],[5.9051,50.6067],[5.90535,50.6071],[5.9062,50.60764],[5.90962,50.60845],[5.91019,50.60843],[5.91064,50.60791],[5.91098,50.60701],[5.91154,50.60655],[5.91219,50.60648],[5.91265,50.60663],[5.91339,50.60696],[5.91415,50.60771],[5.91424,50.60814],[5.9139,50.60881],[5.91402,50.60906],[5.9132,50.60958],[5.91142,50.60996],[5.91063,50.61035],[5.91032,50.6108],[5.9102,50.61142],[5.9107,50.61314],[5.91127,50.61401],[5.91213,50.61431],[5.91209,50.61472],[5.91233,50.61546],[5.9127,50.61589],[5.91232,50.61639],[5.91131,50.6166],[5.91113,50.61699],[5.91148,50.61774],[5.91144,50.61803],[5.90961,50.61851],[5.90848,50.61915],[5.90706,50.6198],[5.90567,50.62031],[5.90546,50.62065],[5.90546,50.6216],[5.9053,50.62212],[5.90391,50.62228],[5.90306,50.62194],[5.90216,50.62194],[5.90179,50.62179],[5.90138,50.622],[5.90105,50.62264],[5.89934,50.62298],[5.89883,50.62331],[5.89882,50.62383],[5.89833,50.62436],[5.89886,50.62493],[5.89957,50.62527],[5.90019,50.62596],[5.90062,50.62613],[5.90073,50.62645]]]}},{"type":"Feature","id":"63023","bbox":[6.00034,50.548021,6.274109,50.672872],"properties":{"nis":"63023","name":"Eupen","nameNl":"Eupen","nameFr":"Eupen","nameDe":"Eupen","province":"liege","region":"wallonia","areaKm2":95.8},"geometry":{"type":"Polygon","coordinates":[[[6.23657,50.62609],[6.23613,50.62569],[6.23559,50.62599],[6.23507,50.62549],[6.23334,50.62348],[6.23197,50.62153],[6.23116,50.62073],[6.22886,50.6191],[6.22442,50.61664],[6.22423,50.61647],[6.22598,50.61488],[6.22642,50.61438],[6.2269,50.61294],[6.2281,50.60982],[6.22813,50.6095],[6.22747,50.60749],[6.22674,50.60395],[6.22202,50.60526],[6.2165,50.60673],[6.21123,50.60805],[6.20983,50.60837],[6.20649,50.60895],[6.20213,50.60979],[6.18874,50.62185],[6.18784,50.6222],[6.186,50.62238],[6.18409,50.62217],[6.18163,50.62175],[6.18062,50.62141],[6.17895,50.62061],[6.1785,50.62031],[6.17735,50.61992],[6.17636,50.61967],[6.17596,50.62008],[6.17496,50.62045],[6.17367,50.6207],[6.17304,50.62102],[6.1722,50.62107],[6.16986,50.62179],[6.16721,50.62134],[6.16532,50.62182],[6.16473,50.62211],[6.16368,50.62281],[6.16239,50.6238],[6.16104,50.62472],[6.15988,50.62571],[6.15925,50.62601],[6.15921,50.62649],[6.15809,50.62748],[6.15748,50.62697],[6.15737,50.62626],[6.15701,50.62576],[6.15636,50.62557],[6.15645,50.62521],[6.15595,50.62499],[6.15553,50.62439],[6.15548,50.62368],[6.15522,50.62309],[6.15472,50.62275],[6.15433,50.62202],[6.15449,50.62162],[6.15437,50.62104],[6.154,50.6206],[6.15423,50.62024],[6.15416,50.61952],[6.15377,50.61912],[6.15374,50.61801],[6.15309,50.6177],[6.15297,50.6172],[6.15252,50.61681],[6.15202,50.61605],[6.15174,50.61535],[6.15169,50.61485],[6.15084,50.61416],[6.15028,50.61337],[6.15031,50.61304],[6.14962,50.61286],[6.14962,50.61215],[6.14937,50.61165],[6.14887,50.61147],[6.14893,50.60968],[6.14905,50.60909],[6.14894,50.60859],[6.14859,50.60823],[6.14865,50.60762],[6.14841,50.60707],[6.1451,50.60063],[6.14138,50.60368],[6.13475,50.60868],[6.12993,50.61239],[6.12673,50.61493],[6.12376,50.61719],[6.125,50.61804],[6.12571,50.61874],[6.12567,50.61969],[6.12588,50.62003],[6.12661,50.62052],[6.12674,50.62086],[6.12726,50.62141],[6.1272,50.62218],[6.12668,50.62298],[6.12682,50.62334],[6.12805,50.625],[6.12854,50.62575],[6.1287,50.62629],[6.12855,50.62675],[6.12775,50.62757],[6.12744,50.62802],[6.12763,50.63047],[6.12779,50.63161],[6.1253,50.63709],[6.12477,50.63813],[6.12225,50.63824],[6.11943,50.63831],[6.11757,50.638],[6.11419,50.63941],[6.11347,50.63963],[6.11296,50.63964],[6.10762,50.63951],[6.10641,50.6395],[6.10373,50.63897],[6.103,50.63898],[6.09682,50.64124],[6.09611,50.64142],[6.09041,50.64174],[6.08872,50.64181],[6.08715,50.64178],[6.08493,50.64156],[6.0841,50.6413],[6.08315,50.64082],[6.08262,50.64039],[6.08112,50.6388],[6.0802,50.63811],[6.07948,50.63908],[6.07877,50.63946],[6.0773,50.6398],[6.07689,50.64],[6.07597,50.64072],[6.07534,50.64136],[6.07531,50.64192],[6.07587,50.64251],[6.07602,50.64301],[6.07585,50.64332],[6.07597,50.6446],[6.07497,50.64688],[6.07397,50.64894],[6.07402,50.6495],[6.07374,50.65067],[6.07392,50.65102],[6.07307,50.65202],[6.07329,50.65226],[6.07505,50.65127],[6.07641,50.65198],[6.07655,50.65221],[6.07585,50.65256],[6.07562,50.65307],[6.07519,50.65344],[6.07458,50.65368],[6.07644,50.65549],[6.07729,50.65606],[6.07545,50.65754],[6.07598,50.65799],[6.07343,50.65971],[6.07281,50.65967],[6.07054,50.6623],[6.06999,50.66208],[6.06947,50.66266],[6.07067,50.6632],[6.06708,50.66704],[6.06808,50.66798],[6.07365,50.67002],[6.07424,50.66992],[6.07572,50.67065],[6.07529,50.67118],[6.07444,50.6714],[6.07192,50.67187],[6.06986,50.67247],[6.06861,50.67287],[6.06707,50.67214],[6.06499,50.67143],[6.0642,50.67123],[6.06352,50.67167],[6.0625,50.67214],[6.06171,50.67129],[6.0599,50.67142],[6.05922,50.67157],[6.05686,50.66996],[6.05722,50.66966],[6.05659,50.66939],[6.05602,50.66955],[6.05466,50.66884],[6.05483,50.6683],[6.05434,50.66796],[6.05273,50.66788],[6.05197,50.66772],[6.05091,50.66767],[6.05083,50.6683],[6.05132,50.66844],[6.04965,50.66898],[6.0489,50.66858],[6.04796,50.66843],[6.04843,50.66784],[6.0488,50.66768],[6.04958,50.66698],[6.04934,50.66627],[6.04714,50.66287],[6.04663,50.66239],[6.04439,50.66091],[6.04362,50.66162],[6.04319,50.66132],[6.04217,50.66209],[6.04191,50.66118],[6.04053,50.66197],[6.039,50.66089],[6.03807,50.66153],[6.03721,50.66086],[6.03671,50.66112],[6.03494,50.66062],[6.03413,50.66156],[6.0317,50.66037],[6.03138,50.66062],[6.02975,50.65971],[6.02723,50.65877],[6.02692,50.65894],[6.02525,50.65785],[6.02614,50.65651],[6.02503,50.65607],[6.02445,50.65659],[6.02217,50.65549],[6.02291,50.65476],[6.02135,50.65391],[6.0215,50.65381],[6.0194,50.65265],[6.02049,50.65177],[6.0149,50.65126],[6.013,50.65278],[6.01083,50.65437],[6.01054,50.65463],[6.00881,50.65358],[6.00754,50.6529],[6.00487,50.6516],[6.00292,50.65079],[6.00034,50.64985],[6.00245,50.64842],[6.00813,50.6447],[6.00684,50.64365],[6.00565,50.6429],[6.00517,50.64231],[6.00283,50.64076],[6.00165,50.63987],[6.00084,50.63963],[6.00218,50.63871],[6.00381,50.63771],[6.00469,50.63733],[6.00617,50.6359],[6.00732,50.63509],[6.00896,50.63378],[6.00978,50.633],[6.00947,50.63261],[6.00876,50.63207],[6.00806,50.63169],[6.00674,50.63043],[6.00553,50.63015],[6.00341,50.62942],[6.00307,50.62919],[6.00212,50.628],[6.00189,50.6275],[6.00138,50.62695],[6.00212,50.62607],[6.00285,50.62551],[6.00336,50.62482],[6.00425,50.62316],[6.00513,50.62233],[6.00605,50.62173],[6.00738,50.62115],[6.0088,50.62031],[6.00958,50.61999],[6.01041,50.61981],[6.01154,50.61898],[6.01261,50.61834],[6.01345,50.61746],[6.01449,50.61693],[6.01502,50.61642],[6.01519,50.61597],[6.01428,50.61567],[6.01411,50.61391],[6.015,50.6138],[6.01613,50.61343],[6.0172,50.61277],[6.01746,50.61279],[6.01766,50.6134],[6.01842,50.61374],[6.02014,50.61389],[6.02111,50.61407],[6.02239,50.61474],[6.02449,50.61569],[6.02534,50.61618],[6.0263,50.61692],[6.02676,50.61694],[6.0272,50.61673],[6.02583,50.61596],[6.02696,50.61466],[6.02877,50.61546],[6.0288,50.61566],[6.02956,50.61613],[6.03005,50.61587],[6.03453,50.6137],[6.0361,50.61385],[6.03564,50.61448],[6.04223,50.61523],[6.04459,50.61243],[6.04623,50.61104],[6.04661,50.6106],[6.04742,50.60995],[6.04856,50.61041],[6.04881,50.61078],[6.04878,50.61018],[6.0496,50.60885],[6.04951,50.60805],[6.04991,50.60734],[6.05047,50.60673],[6.05174,50.60624],[6.0523,50.60621],[6.0531,50.60586],[6.05421,50.60456],[6.05431,50.60431],[6.05416,50.60301],[6.05402,50.60265],[6.05497,50.60082],[6.05543,50.59936],[6.05648,50.59874],[6.0574,50.59841],[6.05816,50.59771],[6.05951,50.59749],[6.06024,50.59778],[6.06013,50.59846],[6.0604,50.5987],[6.06336,50.60003],[6.0651,50.60061],[6.06633,50.60061],[6.06735,50.60097],[6.06804,50.60058],[6.06877,50.60042],[6.06943,50.6001],[6.07109,50.5991],[6.07325,50.59884],[6.07389,50.59925],[6.07451,50.59939],[6.07621,50.60001],[6.07742,50.60024],[6.07881,50.59979],[6.07913,50.59988],[6.07929,50.59945],[6.08098,50.59898],[6.08215,50.59899],[6.08284,50.59876],[6.08534,50.59742],[6.08603,50.59731],[6.08735,50.59676],[6.08833,50.5961],[6.08863,50.59602],[6.08974,50.59612],[6.09118,50.59677],[6.09323,50.59714],[6.09406,50.5975],[6.09545,50.59777],[6.09576,50.59809],[6.09645,50.59806],[6.09681,50.59779],[6.09786,50.5977],[6.09917,50.59725],[6.09984,50.59745],[6.10068,50.59724],[6.10089,50.59683],[6.1008,50.59573],[6.10145,50.59516],[6.10255,50.59457],[6.10228,50.59424],[6.10228,50.59328],[6.10276,50.59277],[6.10484,50.5923],[6.10613,50.59161],[6.10559,50.59089],[6.10613,50.59055],[6.10784,50.59034],[6.10888,50.59004],[6.11062,50.58911],[6.11049,50.58846],[6.11064,50.58795],[6.11195,50.5867],[6.11245,50.58604],[6.11336,50.58588],[6.1141,50.58596],[6.11509,50.58554],[6.11673,50.5845],[6.11664,50.58343],[6.11713,50.58302],[6.11704,50.58259],[6.11762,50.58195],[6.11772,50.58087],[6.11762,50.58047],[6.11803,50.58004],[6.11819,50.57902],[6.11871,50.57711],[6.11857,50.57618],[6.11924,50.57518],[6.11929,50.5746],[6.1195,50.57422],[6.11932,50.57376],[6.1181,50.57204],[6.11905,50.57101],[6.11927,50.56991],[6.12009,50.56926],[6.12104,50.56899],[6.12332,50.56744],[6.12449,50.5662],[6.12615,50.565],[6.12759,50.56466],[6.12905,50.56348],[6.12941,50.56285],[6.12999,50.5622],[6.13048,50.56183],[6.13103,50.56091],[6.13169,50.5606],[6.13242,50.55965],[6.13338,50.55911],[6.13461,50.55856],[6.13496,50.55803],[6.1347,50.55746],[6.13472,50.55677],[6.13427,50.55591],[6.1335,50.55531],[6.13341,50.55486],[6.13252,50.55375],[6.1325,50.5531],[6.13284,50.55269],[6.13328,50.55178],[6.13361,50.55134],[6.13496,50.55089],[6.13561,50.55086],[6.13625,50.55056],[6.13633,50.54965],[6.13673,50.54854],[6.13754,50.54802],[6.13789,50.54848],[6.13924,50.54893],[6.14063,50.54859],[6.14165,50.54897],[6.14348,50.54845],[6.14575,50.54862],[6.14838,50.54913],[6.14928,50.54965],[6.1496,50.5501],[6.1508,50.55055],[6.15142,50.55062],[6.15174,50.55093],[6.15248,50.55101],[6.15347,50.5513],[6.15425,50.55142],[6.15704,50.55256],[6.1576,50.55287],[6.15827,50.55298],[6.15869,50.55334],[6.15918,50.55347],[6.1601,50.55415],[6.16015,50.55447],[6.16063,50.55512],[6.16269,50.55623],[6.16358,50.55684],[6.16492,50.55746],[6.16509,50.55961],[6.16881,50.56056],[6.16517,50.56118],[6.16535,50.56285],[6.16553,50.56709],[6.16571,50.56957],[6.16572,50.57042],[6.17367,50.56894],[6.1805,50.56771],[6.18431,50.567],[6.18934,50.56603],[6.19253,50.56546],[6.19369,50.56613],[6.2031,50.56929],[6.20451,50.57103],[6.20374,50.57149],[6.2037,50.57228],[6.20528,50.57305],[6.20527,50.57352],[6.20601,50.57381],[6.20674,50.5747],[6.20598,50.575],[6.20625,50.57621],[6.20762,50.57615],[6.20868,50.57661],[6.21059,50.5772],[6.212,50.5779],[6.21449,50.57885],[6.21609,50.5796],[6.21706,50.58022],[6.2175,50.58064],[6.21858,50.58096],[6.21965,50.58166],[6.22031,50.58268],[6.22147,50.58389],[6.22225,50.58452],[6.22263,50.58596],[6.22259,50.58693],[6.22306,50.58746],[6.22378,50.58802],[6.22421,50.58866],[6.22472,50.58916],[6.22526,50.59046],[6.22901,50.59025],[6.23276,50.58932],[6.23641,50.58825],[6.24057,50.58706],[6.23986,50.58604],[6.23957,50.58514],[6.2391,50.58264],[6.23887,50.5807],[6.23913,50.57929],[6.23922,50.57833],[6.23911,50.57721],[6.23847,50.57562],[6.23789,50.57467],[6.23642,50.57309],[6.23619,50.57245],[6.23596,50.57137],[6.23591,50.57001],[6.23602,50.56748],[6.23576,50.56722],[6.23562,50.56667],[6.23528,50.5661],[6.23445,50.56534],[6.23361,50.56548],[6.2331,50.56514],[6.23384,50.56541],[6.23438,50.56511],[6.23446,50.56481],[6.2349,50.56508],[6.23575,50.56585],[6.23622,50.56651],[6.23631,50.56755],[6.23664,50.56844],[6.2364,50.56907],[6.23641,50.56993],[6.23626,50.57064],[6.23627,50.57193],[6.23661,50.57292],[6.2374,50.57378],[6.23852,50.57521],[6.23848,50.57529],[6.23913,50.57658],[6.23946,50.57763],[6.23951,50.57851],[6.23912,50.58094],[6.23915,50.58167],[6.23972,50.58475],[6.24033,50.58629],[6.24206,50.5892],[6.24223,50.58912],[6.24286,50.59001],[6.2426,50.59009],[6.24342,50.59128],[6.24446,50.59235],[6.24638,50.59392],[6.24729,50.59513],[6.24823,50.59623],[6.24885,50.59718],[6.24915,50.5982],[6.2496,50.59825],[6.24939,50.59876],[6.24782,50.60199],[6.24741,50.603],[6.24775,50.60322],[6.24795,50.60392],[6.24887,50.60484],[6.24979,50.60526],[6.25077,50.60558],[6.25082,50.60576],[6.25294,50.60644],[6.25442,50.60697],[6.25576,50.60757],[6.25719,50.60833],[6.25963,50.60971],[6.26056,50.61039],[6.26145,50.6112],[6.26383,50.61353],[6.26768,50.61738],[6.26843,50.61826],[6.26904,50.61928],[6.26941,50.62053],[6.26947,50.6212],[6.26939,50.62352],[6.26941,50.62504],[6.26971,50.62564],[6.27033,50.6263],[6.27101,50.62677],[6.27285,50.62783],[6.27352,50.62846],[6.27393,50.62921],[6.27411,50.62987],[6.2738,50.63077],[6.27275,50.63189],[6.27259,50.63295],[6.27225,50.63319],[6.27254,50.63328],[6.27188,50.63373],[6.27062,50.63566],[6.26986,50.63657],[6.26968,50.6366],[6.26869,50.63816],[6.26679,50.64159],[6.26638,50.64208],[6.26522,50.6428],[6.26389,50.64322],[6.2628,50.64335],[6.26212,50.64303],[6.26271,50.64303],[6.26427,50.64269],[6.26564,50.642],[6.26666,50.64094],[6.26819,50.63863],[6.26903,50.63698],[6.27101,50.63398],[6.27151,50.63316],[6.27299,50.6314],[6.27344,50.63059],[6.27365,50.62993],[6.27346,50.629],[6.27298,50.6283],[6.27207,50.6276],[6.26989,50.62625],[6.26931,50.62549],[6.26928,50.62524],[6.2684,50.62556],[6.26703,50.62672],[6.26681,50.62716],[6.26214,50.62806],[6.26106,50.62844],[6.25608,50.6271],[6.25538,50.62696],[6.23657,50.62609]],[[6.24619,50.59737],[6.24675,50.59823],[6.24849,50.59789],[6.24821,50.59682],[6.24619,50.59737]]]}},{"type":"Feature","id":"63035","bbox":[5.730018,50.595024,5.86074,50.703399],"properties":{"nis":"63035","name":"Herve","nameNl":"Herve","nameFr":"Herve","nameDe":"Herve","province":"liege","region":"wallonia","areaKm2":56.67},"geometry":{"type":"Polygon","coordinates":[[[5.79839,50.70249],[5.79801,50.70208],[5.79687,50.70259],[5.79654,50.70244],[5.79575,50.70273],[5.79552,50.70212],[5.79512,50.70159],[5.79499,50.70116],[5.79403,50.70042],[5.79386,50.69943],[5.79127,50.69809],[5.78994,50.69756],[5.78809,50.69707],[5.78636,50.69595],[5.78492,50.69576],[5.78409,50.69552],[5.78356,50.69558],[5.78257,50.69535],[5.78215,50.69579],[5.78154,50.69559],[5.78074,50.69592],[5.78049,50.69574],[5.78021,50.69604],[5.7797,50.69584],[5.77928,50.69601],[5.77853,50.69575],[5.77796,50.69589],[5.77806,50.6962],[5.77646,50.69608],[5.77599,50.6958],[5.77541,50.69594],[5.77522,50.69554],[5.77416,50.69572],[5.77394,50.69554],[5.77289,50.6956],[5.77293,50.69588],[5.77236,50.6958],[5.77143,50.69602],[5.77166,50.69637],[5.77089,50.69674],[5.77015,50.69683],[5.76928,50.69672],[5.76925,50.697],[5.76877,50.69691],[5.76871,50.69718],[5.76822,50.69739],[5.76711,50.69729],[5.76671,50.69744],[5.76618,50.69725],[5.7659,50.69754],[5.76541,50.6975],[5.76434,50.69808],[5.76427,50.69829],[5.7633,50.69842],[5.76294,50.69829],[5.76273,50.69855],[5.76293,50.69895],[5.76251,50.69974],[5.76217,50.69979],[5.76214,50.69942],[5.76154,50.69951],[5.76163,50.69969],[5.76132,50.70025],[5.76064,50.70043],[5.76094,50.70077],[5.76069,50.70114],[5.76042,50.70104],[5.75969,50.70143],[5.75936,50.70179],[5.75949,50.70222],[5.75893,50.70281],[5.75847,50.70267],[5.75794,50.7034],[5.75739,50.7034],[5.75695,50.70318],[5.75526,50.70179],[5.75446,50.70279],[5.75315,50.70204],[5.75369,50.70133],[5.75371,50.70016],[5.75333,50.69942],[5.7542,50.69901],[5.75432,50.69883],[5.75524,50.69845],[5.75792,50.69537],[5.75868,50.69396],[5.75977,50.69329],[5.76359,50.69132],[5.76422,50.6911],[5.76552,50.69089],[5.76607,50.69069],[5.76685,50.69017],[5.76797,50.68893],[5.76905,50.68786],[5.76987,50.68732],[5.7712,50.68586],[5.77131,50.68586],[5.77363,50.68327],[5.77441,50.68223],[5.77482,50.68149],[5.77505,50.68037],[5.77489,50.67881],[5.77415,50.67696],[5.77349,50.67615],[5.77222,50.67522],[5.77254,50.67378],[5.77151,50.67361],[5.77178,50.67311],[5.76707,50.66972],[5.76667,50.66994],[5.76544,50.6697],[5.76364,50.6696],[5.7628,50.66935],[5.76077,50.67046],[5.75865,50.67199],[5.75786,50.67263],[5.75597,50.67447],[5.75277,50.67315],[5.75203,50.67268],[5.75261,50.67245],[5.75203,50.67195],[5.75147,50.67222],[5.75118,50.67256],[5.7504,50.67299],[5.75022,50.67343],[5.74822,50.67472],[5.74797,50.67512],[5.74712,50.67539],[5.74681,50.67569],[5.74613,50.6759],[5.74559,50.67624],[5.74605,50.67667],[5.74574,50.67788],[5.74523,50.6783],[5.74444,50.67844],[5.74343,50.67844],[5.74291,50.6787],[5.74297,50.67904],[5.74194,50.67912],[5.74153,50.67933],[5.74168,50.67891],[5.74149,50.67854],[5.74101,50.67699],[5.74057,50.67652],[5.74041,50.67533],[5.74011,50.67473],[5.74013,50.67428],[5.73989,50.67416],[5.73983,50.67327],[5.74124,50.67038],[5.74151,50.67023],[5.73987,50.67012],[5.73834,50.66968],[5.73698,50.66893],[5.73628,50.66871],[5.73462,50.66848],[5.73161,50.66837],[5.73032,50.66635],[5.73002,50.66544],[5.73039,50.66455],[5.73125,50.66404],[5.73095,50.66355],[5.73119,50.66316],[5.73198,50.66308],[5.73272,50.66287],[5.7324,50.66247],[5.7327,50.66238],[5.7345,50.66262],[5.735,50.66284],[5.73588,50.66281],[5.73602,50.66308],[5.73688,50.66324],[5.73868,50.66283],[5.74069,50.66272],[5.74163,50.66253],[5.74203,50.66263],[5.74281,50.66222],[5.744,50.66243],[5.74464,50.66267],[5.74506,50.66253],[5.74521,50.66276],[5.74567,50.6627],[5.74588,50.66228],[5.74661,50.66241],[5.74717,50.66214],[5.74739,50.66169],[5.74697,50.66149],[5.74684,50.66105],[5.74708,50.66081],[5.74683,50.66063],[5.74714,50.66025],[5.74716,50.65951],[5.74773,50.65866],[5.74832,50.6584],[5.74893,50.65781],[5.74933,50.65766],[5.74986,50.6571],[5.75027,50.6564],[5.75031,50.6559],[5.75001,50.65558],[5.75069,50.65524],[5.75096,50.65465],[5.75214,50.65347],[5.75279,50.65321],[5.75291,50.65289],[5.75364,50.65259],[5.75416,50.65211],[5.7548,50.65187],[5.75495,50.65096],[5.75561,50.64985],[5.75519,50.64946],[5.75546,50.64865],[5.75627,50.64786],[5.75686,50.64789],[5.7579,50.64762],[5.7589,50.64709],[5.75919,50.64679],[5.76007,50.6464],[5.76149,50.64611],[5.76147,50.64635],[5.76229,50.64611],[5.7631,50.64566],[5.76393,50.64535],[5.76476,50.64486],[5.76473,50.64465],[5.76552,50.64398],[5.76568,50.64335],[5.76668,50.6427],[5.76664,50.64253],[5.76433,50.64078],[5.76322,50.63961],[5.76274,50.63896],[5.76241,50.63828],[5.76216,50.63678],[5.76233,50.63664],[5.76292,50.63515],[5.76319,50.63468],[5.76418,50.63347],[5.76233,50.63138],[5.76138,50.63065],[5.76053,50.62896],[5.76023,50.62719],[5.75925,50.62653],[5.75767,50.62399],[5.75756,50.6227],[5.75774,50.62241],[5.75833,50.62216],[5.75954,50.62191],[5.76001,50.62173],[5.76083,50.62101],[5.76191,50.62028],[5.76199,50.61954],[5.76285,50.6192],[5.76326,50.61863],[5.76345,50.61777],[5.76469,50.61723],[5.7649,50.61619],[5.76471,50.61584],[5.76509,50.61567],[5.76571,50.61507],[5.76647,50.61478],[5.76718,50.61361],[5.76766,50.61308],[5.76827,50.61283],[5.76816,50.61147],[5.76824,50.61109],[5.76867,50.61073],[5.7689,50.6103],[5.76865,50.60962],[5.76506,50.60961],[5.76258,50.60926],[5.76181,50.60898],[5.76062,50.60787],[5.75929,50.60779],[5.75939,50.60748],[5.76018,50.60722],[5.76046,50.60685],[5.76113,50.60555],[5.76152,50.60537],[5.76221,50.60476],[5.76258,50.60398],[5.7621,50.60329],[5.76249,50.60314],[5.76376,50.60224],[5.76426,50.60147],[5.76451,50.60138],[5.76558,50.59997],[5.76614,50.59869],[5.76593,50.59847],[5.76776,50.59503],[5.76917,50.59533],[5.77019,50.59564],[5.77071,50.59602],[5.77193,50.59655],[5.77407,50.59729],[5.77422,50.59716],[5.77523,50.59742],[5.77757,50.5985],[5.77882,50.59932],[5.78023,50.59993],[5.78116,50.60047],[5.78337,50.60101],[5.78455,50.60147],[5.78549,50.602],[5.78613,50.60174],[5.78732,50.60239],[5.78993,50.60333],[5.79199,50.60076],[5.79404,50.60057],[5.79767,50.59938],[5.80133,50.59795],[5.80316,50.59713],[5.80328,50.59699],[5.80531,50.59764],[5.8067,50.59788],[5.80747,50.59821],[5.8086,50.59889],[5.81038,50.59929],[5.81149,50.59932],[5.81303,50.59948],[5.81535,50.5995],[5.81756,50.59977],[5.81783,50.59971],[5.81908,50.59998],[5.8203,50.60043],[5.82133,50.60098],[5.82225,50.60186],[5.82278,50.60222],[5.82419,50.60408],[5.82506,50.60464],[5.82693,50.60562],[5.82371,50.60879],[5.82016,50.61065],[5.81913,50.61169],[5.81916,50.61179],[5.81773,50.61445],[5.81693,50.61523],[5.81605,50.6154],[5.81526,50.61581],[5.8136,50.61638],[5.81373,50.6166],[5.81302,50.61704],[5.81406,50.61748],[5.81534,50.61819],[5.8163,50.61907],[5.81674,50.61929],[5.81807,50.62019],[5.81987,50.62102],[5.8213,50.62181],[5.82226,50.62315],[5.82387,50.62343],[5.82498,50.62348],[5.82653,50.62392],[5.8284,50.62415],[5.82985,50.62451],[5.83118,50.62426],[5.83582,50.62468],[5.83687,50.62456],[5.83829,50.62467],[5.83935,50.62518],[5.83991,50.6253],[5.84048,50.62578],[5.84095,50.62596],[5.84137,50.62547],[5.84125,50.62481],[5.84188,50.62322],[5.84282,50.62213],[5.84319,50.62237],[5.84412,50.62281],[5.84552,50.62293],[5.84688,50.62295],[5.84808,50.62281],[5.84914,50.62357],[5.84998,50.624],[5.84959,50.6247],[5.85034,50.62488],[5.85225,50.62509],[5.85254,50.6252],[5.85314,50.62504],[5.86048,50.62641],[5.86055,50.62647],[5.86074,50.62676],[5.86038,50.62726],[5.85978,50.62856],[5.85941,50.62974],[5.85972,50.63021],[5.8597,50.63067],[5.85922,50.63116],[5.8585,50.63146],[5.85838,50.63174],[5.85748,50.63205],[5.85733,50.633],[5.85713,50.6336],[5.85632,50.63466],[5.85551,50.63427],[5.85495,50.63461],[5.85398,50.63425],[5.85323,50.6353],[5.85262,50.63508],[5.85241,50.63554],[5.85141,50.63531],[5.85119,50.63557],[5.85076,50.63543],[5.85048,50.63574],[5.851,50.63664],[5.85014,50.63719],[5.84933,50.63734],[5.85027,50.63805],[5.85032,50.63859],[5.84954,50.63894],[5.84973,50.6392],[5.84885,50.63933],[5.84906,50.64041],[5.84864,50.6404],[5.84785,50.64012],[5.84689,50.64077],[5.84607,50.6405],[5.84587,50.64098],[5.84446,50.64125],[5.84362,50.64218],[5.84206,50.64265],[5.8421,50.6431],[5.84187,50.64374],[5.84121,50.64421],[5.83976,50.64432],[5.83922,50.64488],[5.8395,50.64604],[5.83883,50.6461],[5.83733,50.647],[5.83646,50.6477],[5.83488,50.64929],[5.83428,50.65042],[5.83451,50.65048],[5.83459,50.65146],[5.83429,50.65209],[5.83323,50.65301],[5.83225,50.65337],[5.83234,50.65412],[5.83269,50.65463],[5.83254,50.65543],[5.83257,50.65614],[5.8321,50.65732],[5.83192,50.658],[5.83126,50.65922],[5.83112,50.65994],[5.82922,50.66181],[5.82889,50.66239],[5.82862,50.66362],[5.82827,50.66404],[5.82756,50.66527],[5.8268,50.66613],[5.82564,50.66706],[5.82544,50.66742],[5.82546,50.66789],[5.82504,50.66832],[5.82606,50.66898],[5.8264,50.66941],[5.82835,50.67106],[5.82872,50.67119],[5.83013,50.67127],[5.83146,50.6708],[5.83148,50.67048],[5.83196,50.67034],[5.83238,50.66999],[5.83323,50.66971],[5.83375,50.66996],[5.8347,50.67007],[5.83532,50.67035],[5.83661,50.67143],[5.83788,50.67236],[5.83994,50.67287],[5.84,50.6734],[5.84133,50.67383],[5.84287,50.6742],[5.84365,50.67413],[5.84628,50.67519],[5.84648,50.67537],[5.84698,50.6751],[5.84668,50.6757],[5.84687,50.67619],[5.84663,50.67614],[5.846,50.67651],[5.84635,50.67676],[5.84613,50.67713],[5.84665,50.67718],[5.84644,50.67778],[5.84578,50.67824],[5.84372,50.67917],[5.84269,50.67959],[5.84212,50.68033],[5.8416,50.68031],[5.84037,50.68075],[5.84001,50.6811],[5.83933,50.68106],[5.83925,50.68138],[5.83853,50.68151],[5.83846,50.6821],[5.8381,50.68247],[5.83735,50.6827],[5.83741,50.68311],[5.8378,50.68337],[5.83698,50.684],[5.83708,50.68418],[5.83668,50.68457],[5.83623,50.68475],[5.83553,50.68511],[5.83331,50.68446],[5.83258,50.68421],[5.83173,50.68416],[5.83151,50.68386],[5.83088,50.68395],[5.83045,50.6838],[5.83011,50.68402],[5.83053,50.68419],[5.82937,50.68459],[5.82941,50.68498],[5.82876,50.68492],[5.8285,50.68509],[5.82756,50.68509],[5.8273,50.68545],[5.82791,50.68566],[5.82743,50.68617],[5.82673,50.68609],[5.82625,50.68674],[5.82583,50.68692],[5.82513,50.68682],[5.82509,50.68653],[5.82452,50.68669],[5.82394,50.68662],[5.82336,50.68683],[5.82332,50.68725],[5.82301,50.68747],[5.82275,50.68817],[5.82227,50.68845],[5.82239,50.68878],[5.82276,50.68891],[5.82268,50.6893],[5.82226,50.68935],[5.82243,50.68971],[5.82222,50.68997],[5.82145,50.69],[5.82112,50.68975],[5.81988,50.68989],[5.81988,50.69006],[5.81915,50.69035],[5.81886,50.69022],[5.81818,50.69051],[5.81753,50.69059],[5.8161,50.69041],[5.81398,50.69002],[5.81279,50.69027],[5.81213,50.69063],[5.8116,50.69159],[5.81129,50.69276],[5.81096,50.69311],[5.809,50.69462],[5.80567,50.69637],[5.80434,50.6972],[5.8034,50.69808],[5.8027,50.69888],[5.80128,50.69993],[5.80073,50.70008],[5.80004,50.70007],[5.79923,50.70042],[5.79903,50.70083],[5.79935,50.70196],[5.79839,50.70249]]]}},{"type":"Feature","id":"63038","bbox":[5.878022,50.466551,6.073175,50.593875],"properties":{"nis":"63038","name":"Jalhay","nameNl":"Jalhay","nameFr":"Jalhay","nameDe":"Jalhay","province":"liege","region":"wallonia","areaKm2":106.65},"geometry":{"type":"Polygon","coordinates":[[[5.87915,50.51026],[5.88098,50.51059],[5.88125,50.51073],[5.88484,50.51188],[5.88582,50.51212],[5.88593,50.51092],[5.88703,50.5108],[5.88778,50.51054],[5.89021,50.50827],[5.89061,50.50824],[5.89123,50.50763],[5.89173,50.50783],[5.89285,50.5072],[5.89271,50.50694],[5.89315,50.50665],[5.89429,50.50662],[5.89439,50.50595],[5.89381,50.50553],[5.89507,50.50558],[5.89548,50.5054],[5.89548,50.50507],[5.89381,50.5046],[5.89312,50.50419],[5.89195,50.50371],[5.89132,50.50322],[5.89115,50.50222],[5.891,50.50192],[5.89034,50.50141],[5.89033,50.50116],[5.89081,50.5004],[5.89144,50.50037],[5.89167,50.50007],[5.89273,50.49995],[5.89262,50.49924],[5.8929,50.49883],[5.89413,50.49835],[5.8947,50.49859],[5.896,50.49845],[5.89652,50.49854],[5.89677,50.49824],[5.89734,50.49835],[5.89776,50.49822],[5.89847,50.49833],[5.89917,50.49787],[5.90012,50.49742],[5.90074,50.49661],[5.90162,50.49587],[5.90234,50.49563],[5.90261,50.49539],[5.90328,50.49519],[5.90377,50.49435],[5.90445,50.4941],[5.90454,50.49359],[5.9049,50.49337],[5.90544,50.49255],[5.90566,50.49148],[5.90557,50.49121],[5.90578,50.49034],[5.90629,50.48982],[5.90655,50.48904],[5.90778,50.48754],[5.90931,50.48672],[5.90946,50.48641],[5.91201,50.48326],[5.91467,50.48365],[5.91808,50.48527],[5.91841,50.48552],[5.91842,50.48701],[5.92175,50.48699],[5.92187,50.48692],[5.92174,50.48603],[5.92115,50.48538],[5.92132,50.48446],[5.92122,50.48397],[5.92083,50.48351],[5.92113,50.48212],[5.92149,50.48191],[5.92152,50.48134],[5.92177,50.48059],[5.92321,50.47934],[5.92426,50.47708],[5.92542,50.47491],[5.92451,50.47465],[5.92311,50.47411],[5.92296,50.47381],[5.92529,50.47202],[5.92873,50.46948],[5.93172,50.4674],[5.93113,50.467],[5.93175,50.46655],[5.93419,50.46818],[5.93929,50.47122],[5.94102,50.47218],[5.94169,50.47233],[5.94403,50.47304],[5.94741,50.47414],[5.94956,50.47472],[5.95208,50.47551],[5.95507,50.47653],[5.96094,50.4784],[5.96329,50.47933],[5.96568,50.47993],[5.96621,50.48014],[5.96617,50.48315],[5.96597,50.48375],[5.9688,50.48474],[5.96959,50.48494],[5.97146,50.48631],[5.97211,50.48632],[5.97386,50.48654],[5.97702,50.48676],[5.97882,50.48645],[5.97979,50.48634],[5.98015,50.48614],[5.98234,50.48646],[5.98363,50.48659],[5.98526,50.48693],[5.98727,50.4871],[5.98939,50.48667],[5.99061,50.48663],[5.99119,50.48683],[5.9919,50.48678],[5.9933,50.48741],[5.99327,50.48793],[5.99358,50.48841],[5.99464,50.4892],[5.9976,50.49103],[5.99805,50.49156],[5.99805,50.4919],[5.99857,50.49295],[5.99979,50.49422],[6.00052,50.49466],[6.00084,50.49515],[6.0017,50.49545],[6.00405,50.4959],[6.00531,50.49632],[6.00605,50.49675],[6.00813,50.49758],[6.00916,50.49786],[6.00958,50.49818],[6.01217,50.49931],[6.01599,50.50102],[6.02186,50.50376],[6.02639,50.50541],[6.02642,50.50545],[6.03261,50.50763],[6.03474,50.50841],[6.04428,50.51181],[6.04961,50.51368],[6.0576,50.51673],[6.06302,50.51904],[6.06698,50.5192],[6.07318,50.51966],[6.07288,50.52106],[6.07278,50.52595],[6.06183,50.53404],[6.06106,50.53475],[6.0595,50.53592],[6.05845,50.5368],[6.05789,50.5375],[6.05729,50.53786],[6.05697,50.53834],[6.05526,50.53972],[6.05451,50.54101],[6.05403,50.54155],[6.05407,50.54205],[6.05363,50.54264],[6.05298,50.5431],[6.0523,50.54378],[6.05231,50.54409],[6.05163,50.54488],[6.05058,50.54561],[6.0499,50.54598],[6.04945,50.54659],[6.04883,50.5465],[6.04811,50.54659],[6.04779,50.54684],[6.04612,50.54742],[6.04609,50.54786],[6.04536,50.54829],[6.04435,50.54819],[6.04317,50.5491],[6.0424,50.54939],[6.04142,50.54957],[6.04008,50.54993],[6.03881,50.55035],[6.03786,50.55049],[6.03583,50.55117],[6.03507,50.55132],[6.033,50.5512],[6.03195,50.55183],[6.03077,50.55268],[6.03094,50.55308],[6.03071,50.55363],[6.03043,50.55386],[6.02991,50.55525],[6.02949,50.5557],[6.02953,50.55697],[6.02921,50.55763],[6.02918,50.55812],[6.02889,50.55876],[6.02879,50.55984],[6.02863,50.56033],[6.02811,50.56076],[6.02737,50.56109],[6.02595,50.562],[6.02452,50.56259],[6.0229,50.56303],[6.02215,50.56337],[6.02153,50.56412],[6.02043,50.56426],[6.01966,50.56477],[6.01791,50.56502],[6.01733,50.56536],[6.0149,50.56598],[6.01441,50.56671],[6.01401,50.56687],[6.01339,50.56684],[6.01272,50.56743],[6.012,50.56771],[6.01122,50.5682],[6.0113,50.56954],[6.01084,50.57106],[6.01012,50.57137],[6.00963,50.57199],[6.00876,50.57226],[6.00816,50.57266],[6.00794,50.573],[6.00638,50.57266],[6.00408,50.57289],[6.00347,50.57271],[6.00248,50.57268],[6.00174,50.57318],[6.00123,50.57367],[6.00032,50.57431],[6.00025,50.57579],[6.00078,50.57616],[6.00122,50.5768],[6.00062,50.57706],[6.00052,50.57749],[6.0014,50.57814],[6.00214,50.57808],[6.00266,50.57857],[6.0028,50.58],[6.00088,50.58149],[5.99993,50.58265],[5.99826,50.58412],[5.99694,50.5848],[5.9955,50.58496],[5.99304,50.58516],[5.99048,50.58514],[5.98898,50.58539],[5.98777,50.5852],[5.98722,50.58492],[5.98216,50.58594],[5.97987,50.58659],[5.97925,50.58718],[5.97655,50.58832],[5.97507,50.58827],[5.97415,50.58871],[5.97378,50.5895],[5.97338,50.59164],[5.9735,50.59255],[5.97442,50.59388],[5.97296,50.59334],[5.97187,50.59321],[5.97111,50.59344],[5.97088,50.59321],[5.96989,50.59294],[5.96974,50.59246],[5.96932,50.59201],[5.96834,50.59127],[5.96756,50.59103],[5.96685,50.59061],[5.96541,50.59029],[5.96504,50.59012],[5.96452,50.59018],[5.96384,50.58978],[5.96353,50.58919],[5.96301,50.58902],[5.96241,50.58858],[5.96205,50.588],[5.96142,50.58788],[5.95983,50.5871],[5.95911,50.58705],[5.95891,50.58629],[5.95868,50.58596],[5.95863,50.58541],[5.95904,50.5849],[5.95963,50.58454],[5.95958,50.58365],[5.95891,50.58304],[5.95838,50.58295],[5.95785,50.58239],[5.95729,50.58237],[5.95644,50.58176],[5.9551,50.58106],[5.95419,50.58083],[5.95284,50.58029],[5.95171,50.58002],[5.95101,50.58009],[5.95035,50.57978],[5.94944,50.57953],[5.94842,50.57966],[5.94763,50.57938],[5.94729,50.57945],[5.94513,50.57905],[5.94398,50.5778],[5.94367,50.57762],[5.94012,50.57649],[5.93605,50.57639],[5.93299,50.57629],[5.93132,50.57671],[5.93016,50.57685],[5.92767,50.57787],[5.92698,50.57861],[5.92613,50.58094],[5.92574,50.5814],[5.92553,50.58191],[5.92443,50.58186],[5.92423,50.58171],[5.92319,50.5815],[5.92179,50.58138],[5.92125,50.58158],[5.91987,50.58157],[5.9189,50.58181],[5.91763,50.5819],[5.91678,50.58222],[5.91632,50.5822],[5.91609,50.58253],[5.91541,50.58307],[5.9139,50.58309],[5.91341,50.58337],[5.91295,50.58428],[5.91233,50.5844],[5.91233,50.58466],[5.91189,50.58533],[5.91132,50.58591],[5.91009,50.58613],[5.9098,50.58599],[5.90882,50.58632],[5.9083,50.58614],[5.90788,50.58628],[5.90745,50.58609],[5.90627,50.58508],[5.90544,50.58476],[5.9046,50.58467],[5.90382,50.58435],[5.90293,50.58356],[5.90215,50.58334],[5.90122,50.58283],[5.9004,50.58144],[5.89976,50.58088],[5.90023,50.5805],[5.90183,50.58027],[5.90214,50.58003],[5.90344,50.57958],[5.9043,50.5792],[5.9044,50.57884],[5.90499,50.57879],[5.90537,50.5784],[5.90619,50.5781],[5.90737,50.57814],[5.9079,50.57786],[5.90876,50.57781],[5.90913,50.57725],[5.91013,50.577],[5.91039,50.57655],[5.91022,50.57604],[5.91054,50.57577],[5.91041,50.57482],[5.90976,50.57442],[5.90937,50.57389],[5.90854,50.57151],[5.90825,50.56862],[5.90936,50.56763],[5.91488,50.5625],[5.91903,50.55593],[5.91963,50.5554],[5.9203,50.55517],[5.9209,50.55515],[5.92114,50.55497],[5.9211,50.55456],[5.92059,50.55431],[5.92,50.55301],[5.92054,50.55288],[5.91992,50.552],[5.91818,50.55075],[5.91626,50.55018],[5.91498,50.54944],[5.91491,50.54923],[5.91398,50.54902],[5.91255,50.54809],[5.91154,50.54773],[5.91135,50.54735],[5.91139,50.54665],[5.91127,50.54618],[5.91092,50.54573],[5.91122,50.54471],[5.91106,50.54438],[5.91136,50.54368],[5.91129,50.54311],[5.91162,50.5419],[5.91134,50.54135],[5.9108,50.54143],[5.90942,50.54137],[5.90866,50.54125],[5.90725,50.54128],[5.90614,50.5416],[5.90412,50.54188],[5.90338,50.5419],[5.90224,50.5414],[5.90113,50.54076],[5.90067,50.54077],[5.89839,50.54145],[5.89785,50.54216],[5.8969,50.54257],[5.89644,50.542],[5.89609,50.54182],[5.8947,50.54189],[5.89332,50.5414],[5.8923,50.54137],[5.8914,50.54177],[5.89068,50.54175],[5.88917,50.54115],[5.88704,50.541],[5.88656,50.54081],[5.88602,50.54021],[5.88485,50.53988],[5.88326,50.53883],[5.88271,50.53871],[5.88183,50.53833],[5.88086,50.53754],[5.88038,50.53731],[5.8791,50.53648],[5.87807,50.53511],[5.87875,50.53466],[5.87925,50.5341],[5.87925,50.53375],[5.88019,50.53275],[5.88024,50.53195],[5.88224,50.5301],[5.88129,50.52916],[5.88137,50.52813],[5.88123,50.52686],[5.8812,50.52581],[5.88181,50.51996],[5.88163,50.51882],[5.88226,50.51759],[5.88283,50.51685],[5.88283,50.51663],[5.882,50.51625],[5.88072,50.51317],[5.87915,50.51026]]]}},{"type":"Feature","id":"63040","bbox":[5.981736,50.691509,6.061568,50.754287],"properties":{"nis":"63040","name":"Kelmis","nameNl":"Kelmis","nameFr":"La Calamine","nameDe":"Kelmis","province":"liege","region":"wallonia","areaKm2":17.92},"geometry":{"type":"Polygon","coordinates":[[[6.02101,50.75429],[6.02071,50.75353],[6.01657,50.74527],[6.01403,50.74015],[6.01226,50.7368],[6.0107,50.73405],[6.00761,50.72835],[6.00526,50.72416],[6.00244,50.719],[6.00023,50.71494],[5.9963,50.70796],[5.99179,50.70618],[5.98686,50.70465],[5.98496,50.70398],[5.98173,50.70258],[5.98498,50.70067],[5.98506,50.70051],[5.98396,50.7001],[5.98399,50.69956],[5.98459,50.69872],[5.98521,50.69803],[5.98603,50.69731],[5.9871,50.69611],[5.98802,50.69539],[5.98893,50.69521],[5.98974,50.6952],[5.99078,50.69552],[5.99202,50.6957],[5.99284,50.69555],[5.99479,50.69434],[5.99634,50.69403],[5.99691,50.69422],[5.99821,50.69427],[5.9983,50.69399],[5.99904,50.69371],[5.99914,50.69392],[5.99968,50.69364],[6.00071,50.6937],[6.00124,50.6939],[6.0019,50.69366],[6.00303,50.69351],[6.00338,50.69395],[6.00385,50.69386],[6.00551,50.69516],[6.00674,50.69493],[6.00787,50.69421],[6.00884,50.69326],[6.00949,50.69323],[6.01152,50.69362],[6.01375,50.69374],[6.01498,50.69397],[6.01543,50.69385],[6.01747,50.69155],[6.01854,50.69201],[6.01988,50.69151],[6.02126,50.69218],[6.02204,50.6927],[6.02643,50.69637],[6.02677,50.69702],[6.02747,50.69787],[6.02873,50.6989],[6.02949,50.70015],[6.03055,50.70221],[6.03024,50.70355],[6.03186,50.7032],[6.03274,50.70312],[6.03387,50.70316],[6.03535,50.70345],[6.03627,50.70328],[6.0373,50.70362],[6.03747,50.70357],[6.03775,50.70368],[6.03975,50.70304],[6.04115,50.70282],[6.04501,50.70332],[6.04667,50.70381],[6.04685,50.70371],[6.0482,50.70394],[6.0479,50.70419],[6.04972,50.70499],[6.05066,50.70532],[6.05245,50.7047],[6.05302,50.70506],[6.05346,50.70505],[6.05369,50.70569],[6.0541,50.70613],[6.05524,50.70689],[6.05607,50.70755],[6.05683,50.70795],[6.05763,50.70874],[6.05967,50.70978],[6.05958,50.71086],[6.06018,50.71106],[6.06112,50.71064],[6.06145,50.71091],[6.06081,50.71143],[6.0612,50.71176],[6.05969,50.71316],[6.05882,50.7132],[6.05753,50.71457],[6.05564,50.71612],[6.05704,50.7169],[6.05994,50.71845],[6.06156,50.71927],[6.06153,50.72197],[6.06077,50.72372],[6.05574,50.72473],[6.05499,50.72493],[6.05245,50.72543],[6.05127,50.72579],[6.04949,50.72615],[6.04826,50.72689],[6.0479,50.72698],[6.04676,50.72775],[6.04446,50.72843],[6.04391,50.72703],[6.04395,50.7264],[6.04361,50.72596],[6.04355,50.72548],[6.04318,50.72485],[6.04279,50.72362],[6.04276,50.72279],[6.04195,50.72094],[6.0414,50.71853],[6.04093,50.7184],[6.0397,50.71828],[6.03738,50.71955],[6.03675,50.72],[6.0368,50.72179],[6.03697,50.72325],[6.03719,50.72402],[6.03778,50.7248],[6.03757,50.72488],[6.03606,50.72451],[6.0342,50.72534],[6.03454,50.72596],[6.03388,50.72642],[6.03331,50.72623],[6.03324,50.72698],[6.0342,50.72791],[6.03438,50.72945],[6.03345,50.73016],[6.03319,50.73066],[6.03322,50.73101],[6.03459,50.73157],[6.03492,50.73189],[6.035,50.73241],[6.03419,50.73345],[6.03723,50.73597],[6.03967,50.73747],[6.04072,50.74041],[6.04042,50.74101],[6.03942,50.74237],[6.04044,50.7455],[6.03926,50.74603],[6.03825,50.74634],[6.03657,50.74708],[6.03308,50.7484],[6.02982,50.74979],[6.02893,50.74891],[6.02818,50.74778],[6.02755,50.74801],[6.02849,50.74968],[6.0291,50.75013],[6.02733,50.75083],[6.02558,50.75171],[6.02176,50.75316],[6.02133,50.75351],[6.02101,50.75429]]]}},{"type":"Feature","id":"63045","bbox":[5.702822,50.254195,5.881378,50.364703],"properties":{"nis":"63045","name":"Lierneux","nameNl":"Lierneux","nameFr":"Lierneux","nameDe":"Lierneux","province":"liege","region":"wallonia","areaKm2":92.02},"geometry":{"type":"Polygon","coordinates":[[[5.72025,50.35818],[5.72045,50.35743],[5.72098,50.35644],[5.72148,50.35527],[5.72036,50.35345],[5.71954,50.35241],[5.71705,50.35075],[5.71515,50.34971],[5.71512,50.34949],[5.71402,50.34912],[5.71311,50.34898],[5.71105,50.34842],[5.71077,50.34763],[5.71248,50.34753],[5.71331,50.34701],[5.71442,50.34671],[5.71428,50.34576],[5.71323,50.34422],[5.71263,50.34386],[5.71149,50.34284],[5.71087,50.34262],[5.70985,50.34264],[5.71036,50.34171],[5.71197,50.34067],[5.71259,50.34012],[5.71358,50.3386],[5.71389,50.33696],[5.71392,50.3354],[5.71401,50.33507],[5.71454,50.33445],[5.71302,50.33357],[5.71389,50.33321],[5.71223,50.33263],[5.71201,50.33064],[5.71084,50.3311],[5.71058,50.33076],[5.7098,50.33018],[5.70889,50.3293],[5.70479,50.32873],[5.70415,50.32932],[5.70409,50.33034],[5.70324,50.33046],[5.70282,50.32934],[5.70379,50.32698],[5.70506,50.32438],[5.70563,50.32244],[5.70604,50.32238],[5.70575,50.32209],[5.7061,50.32095],[5.70597,50.32084],[5.70648,50.31939],[5.70759,50.31765],[5.70851,50.31568],[5.70932,50.31541],[5.70964,50.3149],[5.7099,50.31486],[5.70991,50.31363],[5.71057,50.3129],[5.71178,50.31171],[5.71218,50.31101],[5.71242,50.31107],[5.71261,50.3106],[5.71323,50.30981],[5.71619,50.30844],[5.71868,50.30576],[5.72127,50.30374],[5.72247,50.30175],[5.72322,50.30176],[5.72415,50.30146],[5.72459,50.30144],[5.72527,50.30258],[5.72582,50.30262],[5.72632,50.30332],[5.7271,50.30374],[5.72873,50.30369],[5.73758,50.30304],[5.74788,50.30238],[5.74789,50.30173],[5.74857,50.30124],[5.74865,50.30086],[5.7485,50.29985],[5.74778,50.29962],[5.74787,50.29843],[5.74823,50.29812],[5.7482,50.29729],[5.74766,50.29663],[5.74768,50.29552],[5.74687,50.29528],[5.74502,50.29444],[5.74342,50.29381],[5.742,50.29364],[5.74077,50.29309],[5.74016,50.2926],[5.73953,50.2923],[5.73846,50.29127],[5.73866,50.2911],[5.73544,50.28874],[5.73536,50.28864],[5.7364,50.28732],[5.73567,50.28641],[5.734,50.28147],[5.73405,50.28146],[5.7331,50.27866],[5.73143,50.27525],[5.72776,50.27268],[5.72637,50.27146],[5.72439,50.27007],[5.71747,50.26668],[5.71922,50.26491],[5.71913,50.26484],[5.72032,50.26363],[5.72108,50.2622],[5.72369,50.26088],[5.72866,50.26155],[5.73056,50.26091],[5.73286,50.26045],[5.73361,50.26021],[5.73537,50.26038],[5.73614,50.26038],[5.73666,50.26024],[5.73865,50.26032],[5.7407,50.2603],[5.7417,50.26066],[5.74282,50.26087],[5.74359,50.26065],[5.74457,50.26059],[5.74582,50.26084],[5.74768,50.26133],[5.74818,50.26186],[5.74854,50.26247],[5.74955,50.26313],[5.7501,50.26365],[5.74997,50.26442],[5.75029,50.26471],[5.75048,50.26538],[5.75082,50.26558],[5.751,50.26601],[5.75199,50.26612],[5.75275,50.26633],[5.75308,50.26627],[5.75462,50.26637],[5.75484,50.26629],[5.75616,50.26628],[5.75729,50.26648],[5.75925,50.26713],[5.75997,50.26767],[5.76238,50.26779],[5.76355,50.2681],[5.7685,50.26769],[5.77068,50.26704],[5.77161,50.26653],[5.77329,50.26573],[5.77506,50.26527],[5.77565,50.26487],[5.77809,50.26366],[5.77902,50.26302],[5.78179,50.26268],[5.78215,50.2634],[5.7841,50.2635],[5.78542,50.2637],[5.78618,50.2641],[5.78685,50.26431],[5.78871,50.26461],[5.79236,50.26483],[5.79612,50.265],[5.79682,50.26476],[5.79784,50.26485],[5.79808,50.26468],[5.79987,50.26502],[5.80126,50.26386],[5.80161,50.26414],[5.80219,50.26381],[5.80301,50.26284],[5.8021,50.26201],[5.80158,50.2619],[5.80215,50.26121],[5.80276,50.26108],[5.80598,50.26095],[5.80585,50.25934],[5.80626,50.25871],[5.80618,50.25737],[5.80593,50.25645],[5.8061,50.25554],[5.80593,50.25494],[5.80695,50.25436],[5.80768,50.2542],[5.80821,50.25671],[5.80934,50.25997],[5.81034,50.26035],[5.80987,50.26083],[5.80985,50.26113],[5.80924,50.26185],[5.81027,50.26249],[5.80901,50.26325],[5.80987,50.26432],[5.81213,50.26418],[5.81561,50.26417],[5.81665,50.2641],[5.81662,50.26428],[5.82154,50.26428],[5.82451,50.26519],[5.82748,50.26659],[5.83119,50.26584],[5.83565,50.26315],[5.83658,50.26267],[5.83663,50.26194],[5.83888,50.26143],[5.83943,50.26135],[5.8403,50.26145],[5.84077,50.26165],[5.8427,50.26289],[5.84387,50.26328],[5.84566,50.26337],[5.84762,50.26334],[5.84833,50.26352],[5.85159,50.26484],[5.85481,50.26621],[5.85654,50.26687],[5.85825,50.2674],[5.86196,50.26848],[5.86714,50.26844],[5.87043,50.26838],[5.87071,50.27],[5.87054,50.27003],[5.87091,50.27131],[5.87112,50.27252],[5.87182,50.2736],[5.87208,50.27429],[5.87253,50.27459],[5.87367,50.27666],[5.87686,50.27599],[5.87744,50.27715],[5.87796,50.27892],[5.88119,50.27851],[5.88138,50.27947],[5.88125,50.28014],[5.87771,50.28046],[5.87594,50.28074],[5.87313,50.2814],[5.86898,50.28176],[5.86516,50.28255],[5.85919,50.28226],[5.85386,50.2819],[5.84903,50.28066],[5.84503,50.28063],[5.84553,50.28193],[5.84544,50.28196],[5.84713,50.28359],[5.84512,50.28487],[5.84671,50.28575],[5.84743,50.28605],[5.84707,50.28648],[5.84623,50.28842],[5.84768,50.28878],[5.84881,50.28896],[5.85066,50.28887],[5.85134,50.28972],[5.85178,50.29085],[5.85231,50.29154],[5.85075,50.292],[5.85378,50.29375],[5.85372,50.29381],[5.85542,50.29456],[5.85782,50.29533],[5.85906,50.29554],[5.8588,50.296],[5.85813,50.29657],[5.85727,50.29781],[5.85707,50.29841],[5.8556,50.29845],[5.85486,50.30001],[5.85639,50.30088],[5.85721,50.30116],[5.85805,50.30129],[5.8602,50.3018],[5.86047,50.30337],[5.8603,50.30362],[5.86108,50.30402],[5.86182,50.30419],[5.86327,50.30419],[5.86414,50.30594],[5.86438,50.30668],[5.86689,50.3134],[5.86892,50.31399],[5.86908,50.3143],[5.86882,50.31452],[5.86756,50.31497],[5.86929,50.31931],[5.8667,50.31897],[5.86656,50.31966],[5.86595,50.32067],[5.86527,50.32131],[5.86401,50.32336],[5.8633,50.32442],[5.8624,50.32522],[5.85814,50.32643],[5.85404,50.32782],[5.85245,50.32727],[5.85139,50.3271],[5.85042,50.32681],[5.85035,50.32562],[5.85082,50.32224],[5.85086,50.32083],[5.85032,50.31975],[5.84924,50.31983],[5.84669,50.32091],[5.84585,50.32118],[5.84405,50.32156],[5.8439,50.32327],[5.84324,50.32406],[5.84249,50.32479],[5.84186,50.32554],[5.84062,50.32637],[5.84003,50.32664],[5.83909,50.3269],[5.83863,50.32727],[5.83783,50.32863],[5.83776,50.32939],[5.83839,50.33074],[5.83848,50.33219],[5.83763,50.33414],[5.83718,50.33594],[5.83385,50.33921],[5.83365,50.33998],[5.83356,50.34101],[5.83419,50.34127],[5.83416,50.34218],[5.83442,50.34242],[5.83433,50.34344],[5.83481,50.34403],[5.83476,50.3452],[5.83527,50.346],[5.83538,50.34638],[5.83491,50.34698],[5.83487,50.34747],[5.83435,50.34814],[5.83382,50.34776],[5.83353,50.34791],[5.83279,50.34743],[5.83094,50.34714],[5.83077,50.34704],[5.83014,50.34731],[5.82842,50.3472],[5.82683,50.34632],[5.82606,50.34616],[5.82591,50.3459],[5.82467,50.34568],[5.82308,50.34482],[5.82222,50.34476],[5.82193,50.3444],[5.82147,50.34427],[5.82091,50.3444],[5.81918,50.34427],[5.81878,50.34406],[5.81801,50.34417],[5.81735,50.34408],[5.81707,50.34384],[5.81622,50.34366],[5.81484,50.34359],[5.81434,50.34369],[5.81284,50.34329],[5.81219,50.34331],[5.81186,50.34309],[5.81065,50.34292],[5.80935,50.34286],[5.80781,50.3423],[5.8074,50.34235],[5.80714,50.34211],[5.80608,50.3418],[5.8049,50.34199],[5.80453,50.34222],[5.80394,50.34164],[5.80276,50.34153],[5.8025,50.3413],[5.80207,50.34131],[5.80121,50.34088],[5.79894,50.3403],[5.79865,50.34057],[5.79757,50.34041],[5.79706,50.34061],[5.79605,50.33988],[5.79561,50.34032],[5.79489,50.3405],[5.79425,50.34039],[5.79396,50.34012],[5.79324,50.34028],[5.79212,50.34035],[5.79131,50.34065],[5.79094,50.34109],[5.79,50.34119],[5.78922,50.34157],[5.78755,50.34275],[5.78696,50.34292],[5.7867,50.34318],[5.78513,50.34411],[5.78362,50.34471],[5.78335,50.34505],[5.78271,50.34524],[5.78193,50.34575],[5.7814,50.34591],[5.78105,50.34625],[5.78036,50.34641],[5.78042,50.34669],[5.7789,50.34722],[5.77618,50.34823],[5.77539,50.34865],[5.77443,50.34903],[5.77187,50.35049],[5.77108,50.35119],[5.77024,50.35256],[5.76965,50.35316],[5.76949,50.35381],[5.76985,50.35474],[5.76909,50.35581],[5.76909,50.35607],[5.76678,50.35651],[5.76616,50.35591],[5.76558,50.3557],[5.76535,50.35607],[5.76436,50.35843],[5.7635,50.35948],[5.76292,50.36062],[5.76168,50.36213],[5.76038,50.36256],[5.7604,50.36344],[5.76029,50.3647],[5.75887,50.36462],[5.7575,50.36448],[5.75625,50.36443],[5.75536,50.36405],[5.7542,50.36391],[5.7512,50.36384],[5.75116,50.36333],[5.74788,50.36369],[5.74683,50.3637],[5.74552,50.36342],[5.74262,50.36212],[5.74137,50.36165],[5.74022,50.36108],[5.73877,50.36073],[5.73828,50.36054],[5.73805,50.36067],[5.7368,50.36061],[5.73537,50.36068],[5.73253,50.36099],[5.73121,50.36102],[5.72919,50.36164],[5.72663,50.36184],[5.72612,50.36118],[5.72512,50.36124],[5.7243,50.36093],[5.72402,50.3605],[5.72426,50.35952],[5.72395,50.35892],[5.7241,50.35867],[5.72295,50.35866],[5.72249,50.35846],[5.72025,50.35818]]]}},{"type":"Feature","id":"63046","bbox":[5.898333,50.576287,5.983917,50.653142],"properties":{"nis":"63046","name":"Limbourg","nameNl":"Limburg","nameFr":"Limbourg","nameDe":"Limburg","province":"liege","region":"wallonia","areaKm2":24.56},"geometry":{"type":"Polygon","coordinates":[[[5.93714,50.64994],[5.93666,50.65039],[5.93638,50.65093],[5.93596,50.6521],[5.93544,50.65187],[5.93417,50.6521],[5.9331,50.65252],[5.9325,50.65189],[5.93157,50.65314],[5.92867,50.65205],[5.92725,50.65091],[5.92632,50.65051],[5.92164,50.64944],[5.92047,50.64911],[5.91939,50.64753],[5.919,50.64741],[5.91887,50.64686],[5.91771,50.64455],[5.91746,50.64439],[5.91726,50.64333],[5.91568,50.64354],[5.91516,50.64347],[5.91491,50.64304],[5.91343,50.64142],[5.91182,50.64093],[5.90976,50.64046],[5.90779,50.64009],[5.90539,50.63934],[5.9051,50.63937],[5.90049,50.63752],[5.89988,50.63702],[5.89971,50.6366],[5.89967,50.63566],[5.89993,50.63524],[5.90037,50.63503],[5.90109,50.63523],[5.90141,50.63495],[5.90257,50.63451],[5.90315,50.63388],[5.90323,50.63357],[5.90406,50.63342],[5.90411,50.63317],[5.90468,50.63287],[5.90577,50.63248],[5.90521,50.6317],[5.90478,50.63164],[5.90472,50.63128],[5.90403,50.63088],[5.90279,50.62996],[5.90143,50.62787],[5.90119,50.62709],[5.90073,50.62645],[5.90062,50.62613],[5.90019,50.62596],[5.89957,50.62527],[5.89886,50.62493],[5.89833,50.62436],[5.89882,50.62383],[5.89883,50.62331],[5.89934,50.62298],[5.90105,50.62264],[5.90138,50.622],[5.90179,50.62179],[5.90216,50.62194],[5.90306,50.62194],[5.90391,50.62228],[5.9053,50.62212],[5.90546,50.6216],[5.90546,50.62065],[5.90567,50.62031],[5.90706,50.6198],[5.90848,50.61915],[5.90961,50.61851],[5.91144,50.61803],[5.91148,50.61774],[5.91113,50.61699],[5.91131,50.6166],[5.91232,50.61639],[5.9127,50.61589],[5.91233,50.61546],[5.91209,50.61472],[5.91213,50.61431],[5.91127,50.61401],[5.9107,50.61314],[5.9102,50.61142],[5.91032,50.6108],[5.91063,50.61035],[5.91142,50.60996],[5.9132,50.60958],[5.91402,50.60906],[5.9139,50.60881],[5.91424,50.60814],[5.91415,50.60771],[5.91339,50.60696],[5.91265,50.60663],[5.91344,50.60582],[5.91426,50.60543],[5.91499,50.60447],[5.91529,50.60367],[5.91606,50.60285],[5.91685,50.60262],[5.91761,50.60266],[5.91832,50.60201],[5.91929,50.60153],[5.91978,50.60087],[5.91935,50.60036],[5.91901,50.60027],[5.91865,50.59819],[5.91875,50.59751],[5.91896,50.59732],[5.91887,50.5967],[5.91901,50.59579],[5.91889,50.59552],[5.9193,50.59439],[5.91993,50.59307],[5.92176,50.59136],[5.92238,50.59047],[5.92268,50.58948],[5.92352,50.58907],[5.92424,50.58834],[5.92445,50.58777],[5.92446,50.58694],[5.92464,50.58606],[5.92437,50.58524],[5.92456,50.58458],[5.92547,50.5826],[5.92553,50.58191],[5.92574,50.5814],[5.92613,50.58094],[5.92698,50.57861],[5.92767,50.57787],[5.93016,50.57685],[5.93132,50.57671],[5.93299,50.57629],[5.93605,50.57639],[5.94012,50.57649],[5.94367,50.57762],[5.94398,50.5778],[5.94513,50.57905],[5.94729,50.57945],[5.94763,50.57938],[5.94842,50.57966],[5.94944,50.57953],[5.95035,50.57978],[5.95101,50.58009],[5.95171,50.58002],[5.95284,50.58029],[5.95419,50.58083],[5.9551,50.58106],[5.95644,50.58176],[5.95729,50.58237],[5.95785,50.58239],[5.95838,50.58295],[5.95891,50.58304],[5.95958,50.58365],[5.95963,50.58454],[5.95904,50.5849],[5.95863,50.58541],[5.95868,50.58596],[5.95891,50.58629],[5.95911,50.58705],[5.95983,50.5871],[5.96142,50.58788],[5.96205,50.588],[5.96241,50.58858],[5.96301,50.58902],[5.96353,50.58919],[5.96384,50.58978],[5.96452,50.59018],[5.96504,50.59012],[5.96541,50.59029],[5.96685,50.59061],[5.96756,50.59103],[5.96834,50.59127],[5.96932,50.59201],[5.96974,50.59246],[5.96989,50.59294],[5.97088,50.59321],[5.97111,50.59344],[5.97187,50.59321],[5.97296,50.59334],[5.97442,50.59388],[5.97535,50.59455],[5.97465,50.59503],[5.97459,50.59599],[5.97467,50.59637],[5.97443,50.59734],[5.97423,50.59756],[5.97411,50.59824],[5.97462,50.59881],[5.97365,50.59982],[5.97298,50.59987],[5.97083,50.60071],[5.97099,50.60104],[5.9724,50.60041],[5.9717,50.60202],[5.97151,50.6023],[5.97218,50.60234],[5.97196,50.60188],[5.97228,50.60089],[5.97269,50.60057],[5.97296,50.60105],[5.97378,50.60145],[5.97297,50.60227],[5.97454,50.60217],[5.97464,50.60195],[5.97595,50.60181],[5.97643,50.60195],[5.97774,50.60211],[5.97852,50.60206],[5.97851,50.60181],[5.97891,50.60104],[5.97984,50.60084],[5.98055,50.60144],[5.98159,50.60117],[5.9816,50.60201],[5.98144,50.60207],[5.98135,50.60303],[5.98085,50.60324],[5.98115,50.60366],[5.98117,50.60403],[5.9816,50.60416],[5.98279,50.60404],[5.98322,50.60414],[5.98351,50.60461],[5.98392,50.60491],[5.98376,50.60519],[5.98322,50.60547],[5.98236,50.60517],[5.98131,50.60453],[5.98024,50.60448],[5.98109,50.60484],[5.98199,50.60536],[5.97958,50.60739],[5.97587,50.61041],[5.97199,50.61316],[5.97008,50.61422],[5.95875,50.61775],[5.9597,50.61794],[5.96024,50.61858],[5.95955,50.61888],[5.95768,50.6194],[5.95579,50.61982],[5.95424,50.62102],[5.95207,50.62202],[5.95175,50.62178],[5.94889,50.62314],[5.94874,50.62354],[5.94781,50.62411],[5.9475,50.62445],[5.94608,50.62475],[5.94536,50.62546],[5.94471,50.62591],[5.94469,50.62616],[5.94365,50.62661],[5.94101,50.62765],[5.94081,50.62742],[5.93951,50.62774],[5.93855,50.62779],[5.9384,50.6275],[5.93811,50.62776],[5.93807,50.62861],[5.9388,50.62911],[5.9408,50.62945],[5.94115,50.62936],[5.94219,50.63039],[5.9405,50.63089],[5.93885,50.63157],[5.93851,50.63202],[5.9368,50.63341],[5.93631,50.63393],[5.93574,50.63491],[5.93448,50.63585],[5.93409,50.63681],[5.93466,50.63754],[5.93526,50.6381],[5.93508,50.63822],[5.93621,50.639],[5.93451,50.64095],[5.93417,50.64119],[5.93447,50.64129],[5.9347,50.64325],[5.93599,50.64333],[5.9372,50.64358],[5.93701,50.64415],[5.93731,50.64448],[5.93803,50.64476],[5.93859,50.64532],[5.93813,50.64604],[5.93803,50.64658],[5.93774,50.64675],[5.93883,50.64757],[5.93879,50.64782],[5.9378,50.64937],[5.93714,50.64994]]]}},{"type":"Feature","id":"63048","bbox":[5.954643,50.649852,6.072771,50.703623],"properties":{"nis":"63048","name":"Lontzen","nameNl":"Lontzen","nameFr":"Lontzen","nameDe":"Lontzen","province":"liege","region":"wallonia","areaKm2":28.62},"geometry":{"type":"Polygon","coordinates":[[[6.06986,50.67247],[6.07016,50.6729],[6.07277,50.67718],[6.07034,50.67878],[6.07032,50.67912],[6.0696,50.68027],[6.06967,50.68066],[6.07016,50.68106],[6.06983,50.68175],[6.06901,50.68207],[6.06952,50.68287],[6.06819,50.68338],[6.06767,50.68299],[6.06633,50.6836],[6.06779,50.68432],[6.06738,50.68447],[6.06675,50.6844],[6.06604,50.68509],[6.06567,50.68572],[6.06379,50.68759],[6.06315,50.68779],[6.06199,50.68847],[6.06116,50.68878],[6.06104,50.68916],[6.06008,50.68929],[6.05736,50.68927],[6.05706,50.68959],[6.05653,50.68952],[6.05564,50.6902],[6.05514,50.69026],[6.05484,50.69056],[6.05351,50.69128],[6.05356,50.69156],[6.05325,50.69182],[6.05332,50.69216],[6.05236,50.69255],[6.05196,50.69288],[6.05102,50.69261],[6.04997,50.69277],[6.04745,50.69263],[6.04679,50.69279],[6.04502,50.69398],[6.04176,50.69603],[6.04069,50.69694],[6.04074,50.69732],[6.04053,50.69793],[6.04035,50.69916],[6.04057,50.70087],[6.0408,50.70132],[6.04342,50.70175],[6.04295,50.70223],[6.04238,50.7022],[6.04203,50.70256],[6.03973,50.70236],[6.03843,50.70269],[6.03784,50.70303],[6.03747,50.70357],[6.0373,50.70362],[6.03627,50.70328],[6.03535,50.70345],[6.03387,50.70316],[6.03274,50.70312],[6.03186,50.7032],[6.03024,50.70355],[6.03055,50.70221],[6.02949,50.70015],[6.02873,50.6989],[6.02747,50.69787],[6.02677,50.69702],[6.02643,50.69637],[6.02204,50.6927],[6.02126,50.69218],[6.01988,50.69151],[6.01854,50.69201],[6.01747,50.69155],[6.01543,50.69385],[6.01498,50.69397],[6.01375,50.69374],[6.01152,50.69362],[6.00949,50.69323],[6.00884,50.69326],[6.00787,50.69421],[6.00674,50.69493],[6.00551,50.69516],[6.00385,50.69386],[6.00338,50.69395],[6.00303,50.69351],[6.0019,50.69366],[6.00124,50.6939],[6.00071,50.6937],[5.99968,50.69364],[5.99914,50.69392],[5.99904,50.69371],[5.9983,50.69399],[5.99821,50.69427],[5.99691,50.69422],[5.99634,50.69403],[5.99479,50.69434],[5.99284,50.69555],[5.99202,50.6957],[5.99078,50.69552],[5.98974,50.6952],[5.98893,50.69521],[5.98802,50.69539],[5.9871,50.69611],[5.98603,50.69731],[5.98521,50.69803],[5.98459,50.69872],[5.98399,50.69956],[5.98396,50.7001],[5.98506,50.70051],[5.98498,50.70067],[5.98173,50.70258],[5.98046,50.70203],[5.97427,50.69893],[5.97302,50.69828],[5.9702,50.6969],[5.96892,50.69621],[5.96717,50.69507],[5.96418,50.693],[5.96319,50.69227],[5.96224,50.69143],[5.95553,50.68504],[5.95464,50.6843],[5.96153,50.67977],[5.96461,50.6777],[5.96558,50.6769],[5.96692,50.67593],[5.96789,50.67504],[5.97157,50.6707],[5.97329,50.66868],[5.97422,50.66739],[5.97576,50.66563],[5.9766,50.66479],[5.97881,50.66242],[5.98079,50.66057],[5.98129,50.66017],[5.98237,50.65965],[5.9855,50.6583],[5.9885,50.65671],[5.99116,50.65535],[5.99223,50.65486],[5.99627,50.65251],[5.99764,50.65166],[6.00034,50.64985],[6.00292,50.65079],[6.00487,50.6516],[6.00754,50.6529],[6.00881,50.65358],[6.01054,50.65463],[6.01083,50.65437],[6.013,50.65278],[6.0149,50.65126],[6.02049,50.65177],[6.0194,50.65265],[6.0215,50.65381],[6.02135,50.65391],[6.02291,50.65476],[6.02217,50.65549],[6.02445,50.65659],[6.02503,50.65607],[6.02614,50.65651],[6.02525,50.65785],[6.02692,50.65894],[6.02723,50.65877],[6.02975,50.65971],[6.03138,50.66062],[6.0317,50.66037],[6.03413,50.66156],[6.03494,50.66062],[6.03671,50.66112],[6.03721,50.66086],[6.03807,50.66153],[6.039,50.66089],[6.04053,50.66197],[6.04191,50.66118],[6.04217,50.66209],[6.04319,50.66132],[6.04362,50.66162],[6.04439,50.66091],[6.04663,50.66239],[6.04714,50.66287],[6.04934,50.66627],[6.04958,50.66698],[6.0488,50.66768],[6.04843,50.66784],[6.04796,50.66843],[6.0489,50.66858],[6.04965,50.66898],[6.05132,50.66844],[6.05083,50.6683],[6.05091,50.66767],[6.05197,50.66772],[6.05273,50.66788],[6.05434,50.66796],[6.05483,50.6683],[6.05466,50.66884],[6.05602,50.66955],[6.05659,50.66939],[6.05722,50.66966],[6.05686,50.66996],[6.05922,50.67157],[6.0599,50.67142],[6.06171,50.67129],[6.0625,50.67214],[6.06352,50.67167],[6.0642,50.67123],[6.06499,50.67143],[6.06707,50.67214],[6.06861,50.67287],[6.06986,50.67247]]]}},{"type":"Feature","id":"63049","bbox":[5.96965,50.350315,6.113636,50.519042],"properties":{"nis":"63049","name":"Malmedy","nameNl":"Malmedy","nameFr":"Malmedy","nameDe":"Malmedy","province":"liege","region":"wallonia","areaKm2":100.04},"geometry":{"type":"Polygon","coordinates":[[[6.02192,50.35065],[6.03511,50.35284],[6.05418,50.3526],[6.05847,50.35179],[6.0583,50.35261],[6.06826,50.3509],[6.06973,50.35066],[6.0718,50.35031],[6.07839,50.35382],[6.0776,50.35417],[6.0785,50.35471],[6.07883,50.35503],[6.07893,50.35594],[6.07926,50.35632],[6.08112,50.35713],[6.08237,50.3575],[6.08375,50.35767],[6.08442,50.35783],[6.0851,50.35857],[6.08576,50.36013],[6.0864,50.36084],[6.08731,50.36141],[6.08867,50.362],[6.08828,50.36259],[6.08753,50.3633],[6.08712,50.36414],[6.08655,50.36491],[6.08618,50.36572],[6.08864,50.36646],[6.09066,50.36747],[6.09162,50.36802],[6.09349,50.36937],[6.0951,50.3707],[6.09604,50.37189],[6.09669,50.37227],[6.09784,50.37257],[6.0989,50.37272],[6.10075,50.37377],[6.10191,50.37459],[6.10389,50.37575],[6.10445,50.37623],[6.10495,50.37706],[6.10609,50.37762],[6.10749,50.37845],[6.10842,50.37888],[6.10924,50.37898],[6.11008,50.37927],[6.11118,50.37946],[6.11226,50.37975],[6.11355,50.37981],[6.11364,50.38004],[6.11294,50.38023],[6.11223,50.38017],[6.11119,50.38059],[6.11072,50.38095],[6.10791,50.38078],[6.10762,50.3807],[6.10759,50.38031],[6.10722,50.37991],[6.10638,50.37967],[6.10603,50.37945],[6.1051,50.37923],[6.10425,50.37922],[6.10345,50.37978],[6.10255,50.37963],[6.10102,50.37955],[6.10073,50.37902],[6.09993,50.3788],[6.0993,50.37887],[6.0979,50.37869],[6.09756,50.37856],[6.09719,50.37795],[6.09626,50.37718],[6.09522,50.37643],[6.09436,50.37604],[6.09377,50.37562],[6.09317,50.37495],[6.09257,50.37482],[6.09086,50.3742],[6.0899,50.37455],[6.08916,50.37445],[6.08642,50.3744],[6.08599,50.37418],[6.08462,50.37428],[6.0844,50.37606],[6.08402,50.37607],[6.08196,50.37691],[6.08051,50.37701],[6.08007,50.37727],[6.07937,50.37726],[6.07925,50.37782],[6.07673,50.38003],[6.0765,50.38035],[6.07453,50.38224],[6.07348,50.38154],[6.072,50.3824],[6.07046,50.3838],[6.07056,50.38414],[6.07122,50.3847],[6.07204,50.38514],[6.07371,50.38681],[6.07427,50.38706],[6.0727,50.38757],[6.07294,50.38788],[6.07396,50.3885],[6.07442,50.38893],[6.07585,50.38957],[6.07533,50.38986],[6.07597,50.3906],[6.07665,50.39121],[6.07654,50.39156],[6.07578,50.39182],[6.07456,50.39184],[6.07327,50.39232],[6.07218,50.39247],[6.07047,50.39398],[6.06901,50.39479],[6.06895,50.39504],[6.07067,50.39543],[6.07032,50.39614],[6.0711,50.39625],[6.07077,50.39695],[6.07205,50.39714],[6.07185,50.39759],[6.07233,50.39771],[6.07244,50.39818],[6.07307,50.39823],[6.07421,50.39851],[6.07477,50.39881],[6.07332,50.39933],[6.07283,50.39938],[6.0719,50.39994],[6.07286,50.40088],[6.07387,50.40214],[6.07401,50.40211],[6.07439,50.40283],[6.0732,50.40334],[6.07352,50.40388],[6.07366,50.40456],[6.07494,50.40531],[6.07348,50.40617],[6.07657,50.4074],[6.07542,50.40886],[6.07534,50.40881],[6.07465,50.40968],[6.07639,50.41122],[6.07701,50.41207],[6.0776,50.41372],[6.07805,50.41574],[6.07864,50.41727],[6.0807,50.42003],[6.08043,50.42118],[6.07976,50.42201],[6.07935,50.42272],[6.07832,50.42302],[6.07778,50.42346],[6.07655,50.42346],[6.07616,50.42367],[6.07574,50.42421],[6.075,50.42475],[6.07431,50.425],[6.07314,50.42514],[6.07166,50.42478],[6.07115,50.42496],[6.07098,50.4253],[6.06992,50.42534],[6.06878,50.42567],[6.06848,50.4261],[6.06917,50.42611],[6.07007,50.42638],[6.07029,50.4267],[6.07123,50.42683],[6.0719,50.42713],[6.07255,50.42724],[6.07308,50.42768],[6.07396,50.42774],[6.07383,50.42757],[6.07453,50.4275],[6.07509,50.42818],[6.07541,50.4284],[6.07528,50.42872],[6.07629,50.42807],[6.07674,50.42841],[6.07593,50.42876],[6.07739,50.42967],[6.07822,50.42991],[6.08021,50.43037],[6.08082,50.43084],[6.0814,50.43099],[6.08204,50.43085],[6.08295,50.43088],[6.08369,50.43144],[6.08481,50.43174],[6.08517,50.43201],[6.08728,50.43287],[6.0878,50.43338],[6.08979,50.43487],[6.08951,50.43497],[6.09306,50.43683],[6.09144,50.43729],[6.088,50.43856],[6.08753,50.43888],[6.0862,50.43794],[6.08459,50.4381],[6.08173,50.43861],[6.07951,50.43916],[6.07884,50.43902],[6.07861,50.43929],[6.07715,50.44019],[6.07578,50.43952],[6.07373,50.44134],[6.07278,50.4413],[6.07125,50.44159],[6.07099,50.44228],[6.06977,50.44284],[6.06846,50.44297],[6.0677,50.44295],[6.06741,50.4434],[6.06766,50.44374],[6.06859,50.4443],[6.0693,50.44461],[6.07212,50.44501],[6.0729,50.44542],[6.07407,50.44681],[6.07517,50.44837],[6.07529,50.44906],[6.076,50.4492],[6.07726,50.44929],[6.07807,50.44945],[6.07932,50.44987],[6.08112,50.44972],[6.08267,50.44862],[6.08505,50.44866],[6.08638,50.44847],[6.08691,50.4487],[6.08744,50.44928],[6.08791,50.45011],[6.08843,50.45023],[6.08918,50.45008],[6.08991,50.45038],[6.09005,50.451],[6.08979,50.45227],[6.08985,50.45297],[6.09061,50.45353],[6.08983,50.45463],[6.08933,50.4549],[6.08947,50.45528],[6.089,50.45587],[6.08918,50.45649],[6.08908,50.45678],[6.08835,50.45737],[6.08828,50.45758],[6.08947,50.45799],[6.08988,50.45834],[6.08891,50.45865],[6.08892,50.45919],[6.08955,50.45962],[6.09083,50.45968],[6.09133,50.46028],[6.09041,50.4609],[6.08995,50.46086],[6.08856,50.46121],[6.08791,50.46174],[6.08859,50.4621],[6.0889,50.46248],[6.08833,50.46329],[6.08811,50.46378],[6.08838,50.46412],[6.08996,50.46487],[6.09007,50.4651],[6.08971,50.46547],[6.09002,50.46592],[6.09078,50.46585],[6.09126,50.46624],[6.09119,50.4672],[6.09141,50.46767],[6.09228,50.46891],[6.09317,50.46933],[6.0941,50.46919],[6.09543,50.46934],[6.09613,50.46968],[6.09583,50.46992],[6.09599,50.47051],[6.09604,50.47138],[6.09593,50.47171],[6.0967,50.47259],[6.09671,50.47321],[6.0971,50.47361],[6.09729,50.47417],[6.09794,50.47516],[6.09793,50.47545],[6.09836,50.47591],[6.09716,50.47621],[6.09609,50.47694],[6.09495,50.47867],[6.09454,50.47871],[6.09432,50.47951],[6.09398,50.48019],[6.09414,50.48046],[6.09336,50.48145],[6.09185,50.48417],[6.09161,50.48477],[6.09024,50.48761],[6.08935,50.49065],[6.08794,50.4945],[6.08727,50.49538],[6.08619,50.49631],[6.08425,50.49772],[6.08227,50.49963],[6.07698,50.50406],[6.07693,50.50416],[6.07177,50.50849],[6.06676,50.51272],[6.06302,50.51904],[6.0576,50.51673],[6.04961,50.51368],[6.04428,50.51181],[6.03474,50.50841],[6.03261,50.50763],[6.02642,50.50545],[6.02639,50.50541],[6.02186,50.50376],[6.01599,50.50102],[6.01217,50.49931],[6.00958,50.49818],[6.00916,50.49786],[6.00813,50.49758],[6.00605,50.49675],[6.00531,50.49632],[6.00703,50.49398],[6.0085,50.49177],[6.01444,50.48321],[6.01519,50.48218],[6.0138,50.4793],[6.01374,50.47732],[6.01331,50.47403],[6.01292,50.4679],[6.01387,50.46554],[6.01425,50.46494],[6.01428,50.46402],[6.01475,50.46318],[6.01541,50.46249],[6.01587,50.4622],[6.01571,50.46194],[6.01608,50.46164],[6.01663,50.4606],[6.01661,50.46031],[6.01763,50.45948],[6.01828,50.45923],[6.01883,50.45927],[6.01993,50.45869],[6.02123,50.45851],[6.02228,50.45789],[6.0234,50.45714],[6.02301,50.45631],[6.02274,50.45622],[6.02202,50.45551],[6.02096,50.45468],[6.02068,50.45464],[6.02012,50.45419],[6.02011,50.45397],[6.01937,50.45353],[6.01969,50.45331],[6.01959,50.45305],[6.01892,50.45287],[6.01812,50.45206],[6.01729,50.45173],[6.01753,50.45116],[6.01797,50.45114],[6.01792,50.45078],[6.01835,50.45044],[6.01911,50.45011],[6.0198,50.44951],[6.0194,50.4488],[6.01977,50.44833],[6.01933,50.44827],[6.01853,50.44777],[6.01708,50.44733],[6.01644,50.44727],[6.01579,50.44671],[6.0151,50.44652],[6.01392,50.44639],[6.01393,50.44677],[6.01236,50.44595],[6.0113,50.44554],[6.01166,50.44537],[6.01129,50.44515],[6.01004,50.44493],[6.00999,50.44466],[6.00939,50.44469],[6.00939,50.44445],[6.00878,50.44445],[6.00812,50.44486],[6.00671,50.44456],[6.00541,50.44443],[6.00346,50.44498],[6.00324,50.44531],[6.00258,50.44542],[6.00216,50.4458],[6.00036,50.44594],[5.99914,50.44615],[5.99837,50.44647],[5.99792,50.44621],[5.99769,50.44638],[5.99642,50.4465],[5.99606,50.44635],[5.99445,50.44663],[5.99419,50.44635],[5.99343,50.44647],[5.99236,50.44645],[5.99141,50.44607],[5.99094,50.44551],[5.9896,50.44561],[5.98869,50.44539],[5.98707,50.44529],[5.98672,50.44513],[5.9871,50.44491],[5.98685,50.44478],[5.98602,50.4451],[5.98505,50.44443],[5.98412,50.44464],[5.9837,50.44455],[5.98242,50.44452],[5.98098,50.4442],[5.9801,50.44445],[5.97905,50.4444],[5.97881,50.44396],[5.97834,50.44371],[5.97766,50.44389],[5.97712,50.44377],[5.97643,50.44401],[5.97593,50.44378],[5.97494,50.44426],[5.97378,50.44388],[5.97322,50.44442],[5.9728,50.44433],[5.97262,50.44369],[5.97232,50.44347],[5.97155,50.44331],[5.97102,50.44284],[5.97015,50.44168],[5.96995,50.44095],[5.96966,50.44058],[5.97164,50.43725],[5.97372,50.43584],[5.97428,50.43535],[5.9746,50.43464],[5.97518,50.43437],[5.97601,50.43293],[5.97622,50.43187],[5.97654,50.43116],[5.9766,50.43052],[5.97696,50.42936],[5.97728,50.42906],[5.97752,50.42837],[5.97798,50.42774],[5.97833,50.427],[5.97909,50.42616],[5.97949,50.42546],[5.98042,50.42476],[5.98075,50.42462],[5.98168,50.42342],[5.98118,50.4216],[5.98153,50.42031],[5.98167,50.41899],[5.98214,50.41839],[5.98269,50.41796],[5.98387,50.41793],[5.98484,50.417],[5.98519,50.41624],[5.98502,50.41504],[5.98594,50.41413],[5.98657,50.41461],[5.98785,50.41501],[5.9905,50.41324],[5.99027,50.41231],[5.98908,50.41101],[5.9885,50.41017],[5.98842,50.40923],[5.98719,50.408],[5.98373,50.40419],[5.98131,50.40311],[5.98261,50.40212],[5.98441,50.40067],[5.98114,50.39907],[5.98196,50.39821],[5.9833,50.39658],[5.98342,50.39623],[5.98339,50.39539],[5.9836,50.3947],[5.98354,50.39351],[5.98174,50.39394],[5.97967,50.39384],[5.97912,50.3939],[5.9752,50.39147],[5.97697,50.39095],[5.97742,50.3902],[5.97819,50.38934],[5.97831,50.38842],[5.97874,50.38807],[5.98109,50.38749],[5.98211,50.38747],[5.98428,50.38707],[5.98471,50.38684],[5.98533,50.38607],[5.98633,50.38527],[5.98709,50.3851],[5.98876,50.38485],[5.98947,50.38485],[5.99085,50.38464],[5.99114,50.3848],[5.99168,50.38602],[5.99448,50.38606],[5.99538,50.38617],[5.99556,50.38678],[5.99684,50.38744],[5.99779,50.38784],[5.99917,50.38774],[6.00062,50.38811],[6.00086,50.38773],[6.00166,50.38715],[6.00246,50.38744],[6.00107,50.38496],[6.00045,50.38456],[6.00266,50.38386],[6.00221,50.38285],[6.00231,50.38114],[6.00272,50.3804],[6.00321,50.38039],[6.00371,50.38085],[6.005,50.38151],[6.00652,50.38147],[6.00678,50.38126],[6.00785,50.38092],[6.00806,50.38047],[6.00854,50.3801],[6.00942,50.37967],[6.01049,50.37931],[6.0108,50.37894],[6.01174,50.3783],[6.01331,50.37796],[6.01432,50.37657],[6.01461,50.37591],[6.01512,50.37573],[6.01661,50.3757],[6.018,50.37549],[6.01901,50.37518],[6.01901,50.37478],[6.01956,50.37421],[6.02012,50.37397],[6.02138,50.37398],[6.02228,50.37365],[6.02293,50.373],[6.0242,50.37242],[6.0259,50.37187],[6.02661,50.37186],[6.02734,50.37168],[6.02865,50.37085],[6.02854,50.3707],[6.02889,50.36989],[6.02948,50.36937],[6.03007,50.36928],[6.03048,50.36867],[6.03016,50.36779],[6.02897,50.36701],[6.02815,50.36678],[6.02716,50.36512],[6.02638,50.36446],[6.02606,50.36333],[6.02636,50.36308],[6.02654,50.36168],[6.02648,50.36093],[6.02602,50.36019],[6.02585,50.35938],[6.02599,50.35876],[6.02523,50.35813],[6.0247,50.35695],[6.02423,50.35653],[6.02379,50.35638],[6.02375,50.35608],[6.02333,50.35544],[6.02251,50.35448],[6.02288,50.35333],[6.02282,50.35276],[6.02146,50.3512],[6.02192,50.35065]]]}},{"type":"Feature","id":"63057","bbox":[5.693048,50.563598,5.771953,50.6104],"properties":{"nis":"63057","name":"Olne","nameNl":"Olne","nameFr":"Olne","nameDe":"Olne","province":"liege","region":"wallonia","areaKm2":15.97},"geometry":{"type":"Polygon","coordinates":[[[5.76776,50.59503],[5.76593,50.59847],[5.76614,50.59869],[5.76558,50.59997],[5.76451,50.60138],[5.76426,50.60147],[5.76376,50.60224],[5.7572,50.60101],[5.75679,50.60091],[5.75401,50.60054],[5.75293,50.60016],[5.7529,50.59983],[5.75135,50.59992],[5.74899,50.59947],[5.74521,50.59928],[5.74453,50.59942],[5.74218,50.60053],[5.74017,50.60126],[5.73895,50.60179],[5.73663,50.60268],[5.73559,50.6029],[5.73491,50.60293],[5.73337,50.60283],[5.73118,50.60284],[5.72829,50.60279],[5.72741,50.60244],[5.72685,50.60237],[5.72507,50.60333],[5.72413,50.60353],[5.72313,50.60394],[5.72006,50.60491],[5.71773,50.60575],[5.7127,50.60871],[5.71143,50.61014],[5.70969,50.6104],[5.70405,50.60979],[5.70356,50.60907],[5.70236,50.60752],[5.70171,50.60623],[5.70031,50.60574],[5.69945,50.60461],[5.69912,50.6046],[5.69855,50.60429],[5.69818,50.60379],[5.6978,50.60284],[5.69793,50.60258],[5.69746,50.60212],[5.69736,50.60132],[5.69694,50.60071],[5.69626,50.6006],[5.69608,50.60014],[5.69638,50.59952],[5.69766,50.59855],[5.69797,50.5981],[5.69971,50.59789],[5.70036,50.59747],[5.7005,50.59701],[5.70031,50.59642],[5.70044,50.59598],[5.70027,50.59548],[5.70172,50.59556],[5.70228,50.59526],[5.70222,50.59462],[5.70255,50.59454],[5.7036,50.59465],[5.70411,50.59445],[5.70471,50.59369],[5.70532,50.59317],[5.70673,50.59307],[5.70732,50.59293],[5.70812,50.59291],[5.7092,50.59243],[5.70872,50.5917],[5.70793,50.59076],[5.70758,50.58988],[5.70673,50.58712],[5.70703,50.58621],[5.70741,50.58398],[5.70787,50.5829],[5.70864,50.58151],[5.70936,50.58098],[5.71046,50.58002],[5.71103,50.57969],[5.71126,50.57897],[5.71181,50.57867],[5.71169,50.57805],[5.7112,50.57757],[5.71066,50.57725],[5.7104,50.57679],[5.70861,50.57548],[5.70645,50.57432],[5.70621,50.57413],[5.70521,50.5739],[5.70457,50.57356],[5.70423,50.5737],[5.70287,50.57375],[5.70229,50.57343],[5.7007,50.57329],[5.70017,50.57311],[5.69891,50.57298],[5.69823,50.57301],[5.69732,50.57279],[5.69621,50.57276],[5.6949,50.57253],[5.69345,50.57171],[5.69305,50.5716],[5.69411,50.57125],[5.69434,50.57137],[5.6955,50.57141],[5.6979,50.57099],[5.69922,50.57051],[5.70265,50.56665],[5.70299,50.56618],[5.70378,50.56571],[5.70524,50.56515],[5.70616,50.56494],[5.70745,50.56482],[5.70935,50.56485],[5.71049,50.56506],[5.71144,50.56581],[5.7124,50.56642],[5.71336,50.56716],[5.71709,50.5686],[5.71886,50.56888],[5.71993,50.56863],[5.72141,50.56761],[5.72337,50.56651],[5.72574,50.56596],[5.7266,50.5657],[5.72812,50.56545],[5.72836,50.56521],[5.72885,50.56532],[5.73053,50.56496],[5.73248,50.5636],[5.73322,50.56363],[5.73403,50.56383],[5.73523,50.56446],[5.73626,50.56552],[5.73662,50.56603],[5.73717,50.56736],[5.73734,50.56814],[5.73693,50.56949],[5.73658,50.56978],[5.73639,50.57042],[5.73545,50.57065],[5.73464,50.57129],[5.73467,50.57179],[5.7349,50.57219],[5.73489,50.57263],[5.73408,50.57338],[5.73387,50.5739],[5.73446,50.57475],[5.73488,50.57516],[5.73668,50.57658],[5.7379,50.57687],[5.73883,50.57726],[5.73881,50.57751],[5.7393,50.57805],[5.73936,50.57836],[5.73914,50.57922],[5.7379,50.57947],[5.73787,50.57987],[5.73533,50.58205],[5.73483,50.58202],[5.73455,50.58254],[5.73334,50.58225],[5.73198,50.58207],[5.73076,50.58208],[5.73055,50.58228],[5.73004,50.58222],[5.72983,50.58263],[5.72903,50.58279],[5.72944,50.5834],[5.72989,50.58381],[5.73066,50.58379],[5.73062,50.58506],[5.73039,50.5855],[5.73054,50.58611],[5.73033,50.58646],[5.73064,50.58685],[5.73129,50.58676],[5.73217,50.58722],[5.73387,50.58751],[5.73482,50.58695],[5.73404,50.58675],[5.73451,50.58638],[5.73508,50.5863],[5.73626,50.58528],[5.73697,50.5849],[5.73749,50.58483],[5.73873,50.58426],[5.73947,50.58358],[5.74007,50.58325],[5.74045,50.58186],[5.74115,50.58019],[5.74177,50.5806],[5.74338,50.58049],[5.74417,50.58079],[5.74482,50.58089],[5.74548,50.58045],[5.74647,50.57915],[5.74688,50.57913],[5.74741,50.57865],[5.74806,50.57829],[5.75069,50.57814],[5.75137,50.57783],[5.75157,50.57643],[5.75149,50.57615],[5.75098,50.57251],[5.7524,50.57222],[5.75302,50.57233],[5.75618,50.57472],[5.75729,50.57535],[5.75892,50.5757],[5.76108,50.57541],[5.76336,50.57473],[5.76504,50.5739],[5.76593,50.57319],[5.76611,50.57353],[5.76676,50.57785],[5.76938,50.57945],[5.77056,50.58077],[5.77195,50.58272],[5.7713,50.58647],[5.77102,50.58829],[5.76776,50.59503]]]}},{"type":"Feature","id":"63058","bbox":[5.751311,50.538927,5.855033,50.603334],"properties":{"nis":"63058","name":"Pepinster","nameNl":"Pepinster","nameFr":"Pepinster","nameDe":"Pepinster","province":"liege","region":"wallonia","areaKm2":24.81},"geometry":{"type":"Polygon","coordinates":[[[5.76593,50.57319],[5.7659,50.5725],[5.76413,50.57167],[5.76256,50.56908],[5.76289,50.56678],[5.76225,50.56612],[5.76249,50.56546],[5.76194,50.56402],[5.7612,50.56332],[5.76148,50.56308],[5.7628,50.56292],[5.7643,50.563],[5.76705,50.56361],[5.76764,50.56444],[5.76771,50.56539],[5.76744,50.56627],[5.76765,50.56678],[5.76841,50.56699],[5.76897,50.56685],[5.7714,50.56544],[5.77283,50.56412],[5.77309,50.56342],[5.77359,50.56278],[5.77293,50.5621],[5.77289,50.56171],[5.77319,50.56094],[5.77281,50.56022],[5.77219,50.55943],[5.7711,50.55854],[5.77036,50.55774],[5.76982,50.55753],[5.76898,50.55668],[5.76851,50.55656],[5.76809,50.55606],[5.76814,50.55586],[5.76747,50.55559],[5.7673,50.55527],[5.7666,50.5548],[5.76623,50.5547],[5.76625,50.55419],[5.76599,50.55391],[5.76505,50.55365],[5.76503,50.55333],[5.76415,50.55305],[5.76377,50.55246],[5.76281,50.55164],[5.76275,50.55134],[5.76214,50.55083],[5.76143,50.55069],[5.7606,50.55018],[5.7597,50.55007],[5.75867,50.54959],[5.7583,50.54932],[5.75777,50.54865],[5.75667,50.54773],[5.75663,50.54748],[5.7554,50.54686],[5.75517,50.54648],[5.75519,50.54563],[5.75469,50.54497],[5.7547,50.5446],[5.75413,50.54395],[5.75412,50.54329],[5.75372,50.54277],[5.75341,50.54206],[5.75288,50.54163],[5.75293,50.54098],[5.7524,50.54061],[5.75145,50.54087],[5.75131,50.54074],[5.75236,50.53893],[5.75328,50.53893],[5.7561,50.53903],[5.75949,50.53947],[5.76017,50.53963],[5.76684,50.54216],[5.77012,50.54346],[5.77263,50.54439],[5.77773,50.54681],[5.78063,50.5479],[5.7808,50.5481],[5.78051,50.54899],[5.78068,50.54958],[5.78156,50.55013],[5.78313,50.55138],[5.78608,50.55212],[5.79023,50.55402],[5.79078,50.55326],[5.79097,50.55251],[5.79207,50.55158],[5.79252,50.55099],[5.79279,50.55033],[5.79269,50.55003],[5.79603,50.54901],[5.7968,50.54893],[5.79861,50.54928],[5.79916,50.54929],[5.80006,50.54884],[5.80105,50.54894],[5.80168,50.55062],[5.80313,50.55108],[5.80293,50.55123],[5.80378,50.5518],[5.80412,50.55243],[5.80414,50.55296],[5.80441,50.55385],[5.80467,50.55422],[5.8053,50.55427],[5.80593,50.55463],[5.80646,50.55447],[5.80615,50.55356],[5.80621,50.55318],[5.80705,50.55273],[5.80728,50.55237],[5.80813,50.55242],[5.8089,50.55199],[5.80983,50.55211],[5.81063,50.55165],[5.81222,50.55094],[5.81326,50.55085],[5.81443,50.55117],[5.8151,50.55147],[5.81563,50.55155],[5.81681,50.55136],[5.81752,50.55108],[5.81807,50.55116],[5.81809,50.55135],[5.81991,50.55118],[5.82043,50.55142],[5.82075,50.55182],[5.82185,50.55193],[5.82338,50.55172],[5.8238,50.55303],[5.8235,50.55354],[5.82267,50.55389],[5.82214,50.55394],[5.82185,50.55449],[5.82263,50.55445],[5.82373,50.55459],[5.82565,50.55421],[5.828,50.55421],[5.82915,50.55438],[5.83029,50.55426],[5.83119,50.55371],[5.8316,50.55372],[5.83265,50.55413],[5.8334,50.55484],[5.83404,50.55501],[5.83485,50.55504],[5.83641,50.55494],[5.83738,50.55495],[5.83894,50.55539],[5.8398,50.55585],[5.84021,50.55654],[5.84103,50.55732],[5.84156,50.55757],[5.84261,50.55783],[5.84428,50.55845],[5.84494,50.55854],[5.84584,50.55849],[5.8465,50.55859],[5.84862,50.55862],[5.85215,50.55882],[5.85408,50.55936],[5.85468,50.5597],[5.8549,50.5601],[5.85503,50.56098],[5.85462,50.56086],[5.84852,50.56013],[5.84088,50.55933],[5.83331,50.56409],[5.83264,50.56448],[5.8286,50.56663],[5.82735,50.56958],[5.82737,50.57021],[5.82938,50.57008],[5.83165,50.57086],[5.83231,50.5712],[5.83222,50.57169],[5.83078,50.57419],[5.83082,50.57537],[5.83224,50.57572],[5.83413,50.57603],[5.83596,50.57657],[5.83618,50.577],[5.83579,50.57799],[5.83527,50.57794],[5.83475,50.57842],[5.83469,50.57883],[5.83501,50.57961],[5.83419,50.5798],[5.8325,50.57983],[5.83136,50.57973],[5.82982,50.57987],[5.82841,50.58013],[5.82706,50.58068],[5.82655,50.5815],[5.82656,50.58201],[5.82622,50.58252],[5.82671,50.58291],[5.82649,50.58316],[5.82481,50.58352],[5.8246,50.58412],[5.82473,50.58444],[5.82416,50.58558],[5.82299,50.58632],[5.82274,50.58709],[5.82326,50.58765],[5.82348,50.58849],[5.82347,50.5889],[5.82314,50.58916],[5.82278,50.58911],[5.82218,50.58933],[5.82152,50.59001],[5.82161,50.59167],[5.82179,50.59236],[5.8224,50.59255],[5.82202,50.59275],[5.822,50.5933],[5.82234,50.59359],[5.82321,50.59488],[5.82327,50.59516],[5.82279,50.59637],[5.82294,50.59713],[5.82379,50.59776],[5.82305,50.59807],[5.82304,50.59822],[5.82176,50.59903],[5.8203,50.60043],[5.81908,50.59998],[5.81783,50.59971],[5.81756,50.59977],[5.81535,50.5995],[5.81303,50.59948],[5.81149,50.59932],[5.81038,50.59929],[5.8086,50.59889],[5.80747,50.59821],[5.8067,50.59788],[5.80531,50.59764],[5.80328,50.59699],[5.80316,50.59713],[5.80133,50.59795],[5.79767,50.59938],[5.79404,50.60057],[5.79199,50.60076],[5.78993,50.60333],[5.78732,50.60239],[5.78613,50.60174],[5.78549,50.602],[5.78455,50.60147],[5.78337,50.60101],[5.78116,50.60047],[5.78023,50.59993],[5.77882,50.59932],[5.77757,50.5985],[5.77523,50.59742],[5.77422,50.59716],[5.77407,50.59729],[5.77193,50.59655],[5.77071,50.59602],[5.77019,50.59564],[5.76917,50.59533],[5.76776,50.59503],[5.77102,50.58829],[5.7713,50.58647],[5.77195,50.58272],[5.77056,50.58077],[5.76938,50.57945],[5.76676,50.57785],[5.76611,50.57353],[5.76593,50.57319]]]}},{"type":"Feature","id":"63061","bbox":[6.037475,50.60063,6.262797,50.723716],"properties":{"nis":"63061","name":"Raeren","nameNl":"Raeren","nameFr":"Raeren","nameDe":"Raeren","province":"liege","region":"wallonia","areaKm2":72.45},"geometry":{"type":"Polygon","coordinates":[[[6.06077,50.72372],[6.06153,50.72197],[6.06156,50.71927],[6.05994,50.71845],[6.05704,50.7169],[6.05564,50.71612],[6.05753,50.71457],[6.05882,50.7132],[6.05969,50.71316],[6.0612,50.71176],[6.06081,50.71143],[6.06145,50.71091],[6.06112,50.71064],[6.06018,50.71106],[6.05958,50.71086],[6.05967,50.70978],[6.05763,50.70874],[6.05683,50.70795],[6.05607,50.70755],[6.05524,50.70689],[6.0541,50.70613],[6.05369,50.70569],[6.05346,50.70505],[6.05302,50.70506],[6.05245,50.7047],[6.05066,50.70532],[6.04972,50.70499],[6.0479,50.70419],[6.0482,50.70394],[6.04685,50.70371],[6.04667,50.70381],[6.04501,50.70332],[6.04115,50.70282],[6.03975,50.70304],[6.03775,50.70368],[6.03747,50.70357],[6.03784,50.70303],[6.03843,50.70269],[6.03973,50.70236],[6.04203,50.70256],[6.04238,50.7022],[6.04295,50.70223],[6.04342,50.70175],[6.0408,50.70132],[6.04057,50.70087],[6.04035,50.69916],[6.04053,50.69793],[6.04074,50.69732],[6.04069,50.69694],[6.04176,50.69603],[6.04502,50.69398],[6.04679,50.69279],[6.04745,50.69263],[6.04997,50.69277],[6.05102,50.69261],[6.05196,50.69288],[6.05236,50.69255],[6.05332,50.69216],[6.05325,50.69182],[6.05356,50.69156],[6.05351,50.69128],[6.05484,50.69056],[6.05514,50.69026],[6.05564,50.6902],[6.05653,50.68952],[6.05706,50.68959],[6.05736,50.68927],[6.06008,50.68929],[6.06104,50.68916],[6.06116,50.68878],[6.06199,50.68847],[6.06315,50.68779],[6.06379,50.68759],[6.06567,50.68572],[6.06604,50.68509],[6.06675,50.6844],[6.06738,50.68447],[6.06779,50.68432],[6.06633,50.6836],[6.06767,50.68299],[6.06819,50.68338],[6.06952,50.68287],[6.06901,50.68207],[6.06983,50.68175],[6.07016,50.68106],[6.06967,50.68066],[6.0696,50.68027],[6.07032,50.67912],[6.07034,50.67878],[6.07277,50.67718],[6.07016,50.6729],[6.06986,50.67247],[6.07192,50.67187],[6.07444,50.6714],[6.07529,50.67118],[6.07572,50.67065],[6.07424,50.66992],[6.07365,50.67002],[6.06808,50.66798],[6.06708,50.66704],[6.07067,50.6632],[6.06947,50.66266],[6.06999,50.66208],[6.07054,50.6623],[6.07281,50.65967],[6.07343,50.65971],[6.07598,50.65799],[6.07545,50.65754],[6.07729,50.65606],[6.07644,50.65549],[6.07458,50.65368],[6.07519,50.65344],[6.07562,50.65307],[6.07585,50.65256],[6.07655,50.65221],[6.07641,50.65198],[6.07505,50.65127],[6.07329,50.65226],[6.07307,50.65202],[6.07392,50.65102],[6.07374,50.65067],[6.07402,50.6495],[6.07397,50.64894],[6.07497,50.64688],[6.07597,50.6446],[6.07585,50.64332],[6.07602,50.64301],[6.07587,50.64251],[6.07531,50.64192],[6.07534,50.64136],[6.07597,50.64072],[6.07689,50.64],[6.0773,50.6398],[6.07877,50.63946],[6.07948,50.63908],[6.0802,50.63811],[6.08112,50.6388],[6.08262,50.64039],[6.08315,50.64082],[6.0841,50.6413],[6.08493,50.64156],[6.08715,50.64178],[6.08872,50.64181],[6.09041,50.64174],[6.09611,50.64142],[6.09682,50.64124],[6.103,50.63898],[6.10373,50.63897],[6.10641,50.6395],[6.10762,50.63951],[6.11296,50.63964],[6.11347,50.63963],[6.11419,50.63941],[6.11757,50.638],[6.11943,50.63831],[6.12225,50.63824],[6.12477,50.63813],[6.1253,50.63709],[6.12779,50.63161],[6.12763,50.63047],[6.12744,50.62802],[6.12775,50.62757],[6.12855,50.62675],[6.1287,50.62629],[6.12854,50.62575],[6.12805,50.625],[6.12682,50.62334],[6.12668,50.62298],[6.1272,50.62218],[6.12726,50.62141],[6.12674,50.62086],[6.12661,50.62052],[6.12588,50.62003],[6.12567,50.61969],[6.12571,50.61874],[6.125,50.61804],[6.12376,50.61719],[6.12673,50.61493],[6.12993,50.61239],[6.13475,50.60868],[6.14138,50.60368],[6.1451,50.60063],[6.14841,50.60707],[6.14865,50.60762],[6.14859,50.60823],[6.14894,50.60859],[6.14905,50.60909],[6.14893,50.60968],[6.14887,50.61147],[6.14937,50.61165],[6.14962,50.61215],[6.14962,50.61286],[6.15031,50.61304],[6.15028,50.61337],[6.15084,50.61416],[6.15169,50.61485],[6.15174,50.61535],[6.15202,50.61605],[6.15252,50.61681],[6.15297,50.6172],[6.15309,50.6177],[6.15374,50.61801],[6.15377,50.61912],[6.15416,50.61952],[6.15423,50.62024],[6.154,50.6206],[6.15437,50.62104],[6.15449,50.62162],[6.15433,50.62202],[6.15472,50.62275],[6.15522,50.62309],[6.15548,50.62368],[6.15553,50.62439],[6.15595,50.62499],[6.15645,50.62521],[6.15636,50.62557],[6.15701,50.62576],[6.15737,50.62626],[6.15748,50.62697],[6.15809,50.62748],[6.15921,50.62649],[6.15925,50.62601],[6.15988,50.62571],[6.16104,50.62472],[6.16239,50.6238],[6.16368,50.62281],[6.16473,50.62211],[6.16532,50.62182],[6.16721,50.62134],[6.16986,50.62179],[6.1722,50.62107],[6.17304,50.62102],[6.17367,50.6207],[6.17496,50.62045],[6.17596,50.62008],[6.17636,50.61967],[6.17735,50.61992],[6.1785,50.62031],[6.17895,50.62061],[6.18062,50.62141],[6.18163,50.62175],[6.18409,50.62217],[6.186,50.62238],[6.18784,50.6222],[6.18874,50.62185],[6.20213,50.60979],[6.20649,50.60895],[6.20983,50.60837],[6.21123,50.60805],[6.2165,50.60673],[6.22202,50.60526],[6.22674,50.60395],[6.22747,50.60749],[6.22813,50.6095],[6.2281,50.60982],[6.2269,50.61294],[6.22642,50.61438],[6.22598,50.61488],[6.22423,50.61647],[6.22442,50.61664],[6.22886,50.6191],[6.23116,50.62073],[6.23197,50.62153],[6.23334,50.62348],[6.23507,50.62549],[6.23559,50.62599],[6.23613,50.62569],[6.23657,50.62609],[6.2353,50.62632],[6.23487,50.62612],[6.22867,50.62825],[6.22338,50.63008],[6.21706,50.63225],[6.21514,50.63117],[6.21305,50.63189],[6.21083,50.63103],[6.20856,50.63186],[6.20801,50.63124],[6.20485,50.63191],[6.20291,50.63244],[6.20154,50.63229],[6.20082,50.63144],[6.19959,50.63143],[6.19946,50.63176],[6.19903,50.63189],[6.19887,50.63233],[6.19718,50.63294],[6.19681,50.63271],[6.19559,50.63303],[6.19463,50.63347],[6.1942,50.6339],[6.19184,50.63303],[6.18937,50.63011],[6.18704,50.63012],[6.18844,50.62744],[6.18637,50.62682],[6.18606,50.62687],[6.1818,50.6238],[6.17638,50.62576],[6.17572,50.62739],[6.17946,50.62827],[6.18001,50.62855],[6.18209,50.6307],[6.18333,50.63215],[6.18084,50.63309],[6.17312,50.63888],[6.17147,50.64007],[6.17012,50.64113],[6.16725,50.64326],[6.16669,50.64362],[6.16772,50.64401],[6.16824,50.64407],[6.16831,50.64438],[6.16938,50.64446],[6.17,50.64471],[6.17165,50.64459],[6.17211,50.6441],[6.17289,50.64404],[6.17434,50.64454],[6.17505,50.64489],[6.17554,50.64436],[6.17624,50.64404],[6.17685,50.64424],[6.17721,50.64462],[6.17801,50.64477],[6.17852,50.64434],[6.18118,50.64637],[6.18226,50.64694],[6.18353,50.64697],[6.18336,50.64588],[6.18424,50.64267],[6.18473,50.64171],[6.18533,50.64107],[6.18588,50.64071],[6.18698,50.64023],[6.18903,50.63969],[6.18985,50.63962],[6.19114,50.63965],[6.19134,50.63953],[6.19267,50.63975],[6.1944,50.64036],[6.19612,50.6408],[6.19743,50.64082],[6.19827,50.64075],[6.19944,50.64043],[6.20117,50.63978],[6.20122,50.63967],[6.20234,50.63939],[6.20365,50.63931],[6.20496,50.63939],[6.20493,50.63949],[6.21069,50.63989],[6.21279,50.64005],[6.21565,50.64004],[6.21908,50.64016],[6.22075,50.64028],[6.22177,50.64043],[6.22292,50.64077],[6.22418,50.64145],[6.22548,50.64259],[6.22605,50.64334],[6.22631,50.64447],[6.22608,50.64574],[6.22622,50.64674],[6.22664,50.6474],[6.22759,50.64818],[6.22837,50.64856],[6.22938,50.64884],[6.23108,50.64897],[6.23257,50.64876],[6.23348,50.64846],[6.23467,50.64771],[6.23518,50.64711],[6.23594,50.64578],[6.23648,50.64513],[6.2378,50.64431],[6.23949,50.64368],[6.24036,50.64325],[6.24178,50.64206],[6.24332,50.64113],[6.24446,50.64072],[6.24552,50.64048],[6.24665,50.64033],[6.24832,50.64034],[6.24955,50.64049],[6.25587,50.6415],[6.25693,50.64172],[6.2601,50.64274],[6.26108,50.64294],[6.26212,50.64303],[6.2628,50.64335],[6.26158,50.64334],[6.25988,50.64303],[6.25728,50.64217],[6.2562,50.6419],[6.24941,50.64079],[6.24731,50.64062],[6.24568,50.64077],[6.24455,50.64104],[6.24365,50.64137],[6.24285,50.64178],[6.24204,50.64235],[6.2411,50.64319],[6.23975,50.64394],[6.2381,50.64455],[6.23726,50.64501],[6.23663,50.64558],[6.23564,50.64723],[6.23467,50.64821],[6.23375,50.64872],[6.23272,50.64907],[6.23159,50.64927],[6.23038,50.64929],[6.22923,50.64914],[6.22766,50.64863],[6.22678,50.64809],[6.22617,50.64753],[6.22573,50.64682],[6.22559,50.64568],[6.2258,50.6444],[6.2257,50.64377],[6.22536,50.64309],[6.22418,50.64193],[6.22312,50.64124],[6.22219,50.64087],[6.22104,50.64062],[6.21778,50.6403],[6.21585,50.64015],[6.21346,50.64016],[6.21179,50.64011],[6.21152,50.64043],[6.21123,50.64008],[6.20411,50.63955],[6.20254,50.6396],[6.20131,50.63987],[6.19913,50.64069],[6.19845,50.64084],[6.19713,50.64095],[6.19632,50.64093],[6.19463,50.64064],[6.19282,50.64004],[6.19139,50.63978],[6.18965,50.63978],[6.18821,50.64005],[6.18734,50.64033],[6.1864,50.6408],[6.18568,50.64133],[6.18513,50.64195],[6.1847,50.64278],[6.18363,50.64598],[6.18368,50.64691],[6.18402,50.64761],[6.18431,50.64761],[6.18467,50.64812],[6.18535,50.64814],[6.18538,50.64856],[6.18492,50.64856],[6.18571,50.64988],[6.18638,50.65035],[6.18606,50.6505],[6.18648,50.65098],[6.18653,50.65128],[6.18913,50.65318],[6.1951,50.65667],[6.19623,50.65763],[6.19662,50.65881],[6.19647,50.65946],[6.19579,50.6611],[6.19504,50.66268],[6.19402,50.66363],[6.19307,50.66408],[6.19242,50.66427],[6.19119,50.66443],[6.18968,50.6645],[6.18802,50.66467],[6.18668,50.6645],[6.1853,50.66418],[6.18378,50.6637],[6.18221,50.66338],[6.17524,50.66265],[6.1747,50.66261],[6.17216,50.66271],[6.17139,50.66268],[6.16651,50.66225],[6.16583,50.66214],[6.1649,50.66312],[6.16365,50.66556],[6.1624,50.6683],[6.16202,50.66904],[6.16152,50.6697],[6.16249,50.66993],[6.16245,50.67026],[6.16291,50.67038],[6.16294,50.67118],[6.16243,50.67125],[6.162,50.67171],[6.16146,50.67184],[6.16068,50.67171],[6.16035,50.67205],[6.15801,50.67256],[6.15815,50.67277],[6.15749,50.6732],[6.15711,50.67317],[6.15676,50.67362],[6.157,50.67371],[6.15656,50.67425],[6.15631,50.6742],[6.15676,50.67479],[6.14886,50.67774],[6.1484,50.67821],[6.1482,50.67942],[6.14769,50.67993],[6.14683,50.68013],[6.14573,50.68133],[6.14411,50.68158],[6.14447,50.68279],[6.14312,50.68518],[6.14222,50.68693],[6.14365,50.68877],[6.14277,50.68947],[6.14283,50.68964],[6.14205,50.69033],[6.14128,50.6905],[6.14106,50.6904],[6.13919,50.69223],[6.13956,50.69344],[6.13944,50.69356],[6.13693,50.69434],[6.13524,50.69493],[6.13335,50.69629],[6.1331,50.69778],[6.13321,50.69871],[6.1329,50.69911],[6.13198,50.69965],[6.1296,50.70175],[6.12362,50.7068],[6.12328,50.70734],[6.12497,50.70955],[6.12483,50.71112],[6.12368,50.71251],[6.12317,50.71274],[6.12183,50.71433],[6.1216,50.71492],[6.12183,50.71539],[6.12086,50.71746],[6.12141,50.71753],[6.11951,50.71919],[6.11932,50.71959],[6.11893,50.71983],[6.11873,50.71966],[6.11824,50.72019],[6.1167,50.72086],[6.11593,50.72159],[6.1147,50.72228],[6.1129,50.72276],[6.11073,50.72351],[6.11067,50.72289],[6.1068,50.72312],[6.10072,50.72331],[6.1,50.72336],[6.09811,50.72322],[6.09667,50.72214],[6.09485,50.72026],[6.09191,50.72247],[6.09165,50.72287],[6.08812,50.72143],[6.08593,50.72142],[6.08427,50.72147],[6.08089,50.72135],[6.07391,50.72099],[6.07314,50.72101],[6.06511,50.72285],[6.06077,50.72372]],[[6.18377,50.64798],[6.18407,50.64867],[6.18253,50.64912],[6.18259,50.6492],[6.18119,50.64958],[6.18287,50.65088],[6.18226,50.65127],[6.18354,50.65206],[6.1794,50.65416],[6.17764,50.65466],[6.17322,50.65627],[6.17059,50.65806],[6.1688,50.65942],[6.16604,50.66186],[6.16716,50.66201],[6.17147,50.66238],[6.17272,50.6624],[6.17404,50.66232],[6.17548,50.66236],[6.18229,50.66308],[6.18397,50.66343],[6.18595,50.66404],[6.1868,50.66421],[6.18694,50.66396],[6.18948,50.66404],[6.1895,50.66421],[6.19118,50.66412],[6.19282,50.66382],[6.19407,50.66315],[6.19478,50.66224],[6.19601,50.65938],[6.19616,50.65879],[6.19589,50.65777],[6.19555,50.65719],[6.19489,50.65671],[6.19,50.65388],[6.18721,50.65222],[6.1863,50.65154],[6.18488,50.6494],[6.18469,50.64944],[6.18397,50.64798],[6.18377,50.64798]]]}},{"type":"Feature","id":"63067","bbox":[5.978663,50.230107,6.309028,50.352838],"properties":{"nis":"63067","name":"Sankt Vith","nameNl":"Sankt Vith","nameFr":"Saint-Vith","nameDe":"Sankt Vith","province":"liege","region":"wallonia","areaKm2":146.74},"geometry":{"type":"Polygon","coordinates":[[[6.17377,50.23165],[6.17358,50.23232],[6.17362,50.23288],[6.17392,50.23351],[6.17526,50.23412],[6.1756,50.23528],[6.17643,50.23577],[6.17818,50.23591],[6.1793,50.23592],[6.18013,50.23612],[6.18074,50.23666],[6.18154,50.23693],[6.18209,50.23694],[6.18301,50.23722],[6.18412,50.23745],[6.18568,50.23755],[6.18726,50.2373],[6.18879,50.23694],[6.19166,50.23655],[6.19313,50.23663],[6.19372,50.2368],[6.19565,50.23711],[6.1971,50.23786],[6.19803,50.23855],[6.19904,50.23896],[6.20059,50.24],[6.20057,50.24066],[6.20105,50.24168],[6.20167,50.24258],[6.20257,50.24346],[6.2032,50.24458],[6.20399,50.24553],[6.20475,50.24628],[6.20516,50.24701],[6.20467,50.24741],[6.20461,50.24789],[6.20688,50.24936],[6.20604,50.25043],[6.20524,50.25098],[6.20543,50.25123],[6.20649,50.25161],[6.20739,50.25221],[6.20812,50.25302],[6.20892,50.25365],[6.21182,50.25298],[6.21194,50.2534],[6.2142,50.25484],[6.2158,50.25695],[6.21889,50.25633],[6.2173,50.25482],[6.21854,50.25449],[6.22005,50.25568],[6.22058,50.25601],[6.221,50.25653],[6.22145,50.25636],[6.22276,50.25713],[6.22361,50.25866],[6.22646,50.25862],[6.22742,50.2587],[6.22897,50.25931],[6.23083,50.25969],[6.23211,50.26008],[6.23609,50.26249],[6.23877,50.26244],[6.2375,50.2616],[6.24146,50.26185],[6.24357,50.26186],[6.24565,50.26195],[6.24589,50.26263],[6.24752,50.26295],[6.24874,50.26331],[6.25301,50.26472],[6.25536,50.2659],[6.25567,50.2666],[6.25716,50.26737],[6.25904,50.26779],[6.25966,50.26667],[6.26038,50.26561],[6.26153,50.26575],[6.26169,50.26502],[6.26278,50.26513],[6.26413,50.26502],[6.26403,50.26537],[6.26461,50.26532],[6.26606,50.26495],[6.26675,50.26489],[6.26826,50.26582],[6.26938,50.2669],[6.27103,50.26685],[6.2714,50.26701],[6.27225,50.26769],[6.2733,50.26725],[6.2738,50.26745],[6.27606,50.26681],[6.27661,50.26616],[6.27688,50.26605],[6.27851,50.26645],[6.27859,50.26721],[6.27881,50.26752],[6.27981,50.26816],[6.27971,50.2683],[6.28057,50.26855],[6.2813,50.26915],[6.28176,50.27008],[6.28237,50.27076],[6.28228,50.27132],[6.28281,50.27178],[6.28344,50.27196],[6.28387,50.27252],[6.2842,50.27251],[6.28449,50.27284],[6.2851,50.27318],[6.28472,50.2735],[6.28535,50.27386],[6.28603,50.27398],[6.2865,50.27443],[6.28891,50.27482],[6.28939,50.27512],[6.28924,50.27527],[6.28971,50.27573],[6.2908,50.27627],[6.29115,50.27654],[6.29149,50.27761],[6.29182,50.27795],[6.2922,50.27875],[6.29175,50.27909],[6.29143,50.27967],[6.28988,50.28098],[6.28906,50.28225],[6.2883,50.28223],[6.28679,50.28241],[6.28633,50.28266],[6.28611,50.28323],[6.28533,50.2839],[6.28498,50.28456],[6.28496,50.28505],[6.28518,50.28598],[6.28559,50.28683],[6.286,50.28711],[6.28564,50.28781],[6.28807,50.28889],[6.28744,50.2898],[6.28615,50.28957],[6.28597,50.28987],[6.28837,50.29057],[6.28729,50.29187],[6.28611,50.29299],[6.28588,50.2936],[6.28585,50.29417],[6.28641,50.29444],[6.28831,50.29499],[6.29001,50.29503],[6.29003,50.29571],[6.29175,50.29563],[6.29262,50.29679],[6.29114,50.29772],[6.29414,50.29838],[6.2948,50.29858],[6.29437,50.29902],[6.2956,50.29978],[6.29448,50.30121],[6.29605,50.30176],[6.29675,50.30214],[6.29835,50.30234],[6.29732,50.3027],[6.29848,50.30431],[6.29576,50.30518],[6.2964,50.30598],[6.29608,50.30642],[6.29709,50.30727],[6.29561,50.30767],[6.29607,50.30836],[6.29612,50.30896],[6.29679,50.30886],[6.29781,50.30889],[6.29847,50.30906],[6.2982,50.30957],[6.29921,50.30951],[6.30068,50.31037],[6.3023,50.31004],[6.30293,50.31031],[6.3035,50.31019],[6.30439,50.30977],[6.30601,50.30971],[6.30654,50.30957],[6.30707,50.30964],[6.30732,50.31063],[6.30698,50.31084],[6.309,50.31092],[6.30882,50.31113],[6.309,50.31152],[6.30818,50.31144],[6.30666,50.31163],[6.30515,50.31161],[6.30371,50.31178],[6.30283,50.31174],[6.29978,50.31133],[6.29955,50.31109],[6.30005,50.311],[6.30001,50.31056],[6.29974,50.31035],[6.29887,50.31037],[6.29851,50.31021],[6.29834,50.3106],[6.29853,50.3108],[6.29778,50.31086],[6.29745,50.31104],[6.29616,50.31122],[6.29563,50.31088],[6.29455,50.31067],[6.29414,50.31093],[6.29294,50.31091],[6.29239,50.31068],[6.29133,50.31113],[6.2909,50.31101],[6.29075,50.31075],[6.29099,50.31044],[6.29041,50.31014],[6.2897,50.3101],[6.28909,50.3098],[6.28824,50.30908],[6.28716,50.30922],[6.28616,50.30907],[6.28506,50.30902],[6.28508,50.30913],[6.28413,50.30896],[6.28305,50.30866],[6.28116,50.30785],[6.27941,50.30729],[6.2775,50.30572],[6.27603,50.30618],[6.27452,50.30675],[6.27379,50.30678],[6.2723,50.30716],[6.27039,50.30809],[6.26971,50.3083],[6.26953,50.30764],[6.26908,50.30774],[6.26843,50.30727],[6.2668,50.30771],[6.26651,50.30747],[6.26565,50.30806],[6.26524,50.30899],[6.26411,50.30811],[6.26314,50.30718],[6.26248,50.30688],[6.26068,50.30668],[6.26059,50.30609],[6.26036,50.30592],[6.26059,50.30523],[6.25999,50.30363],[6.26017,50.30289],[6.26068,50.3018],[6.26038,50.30108],[6.25967,50.29971],[6.2594,50.29871],[6.25876,50.29791],[6.25819,50.29767],[6.25797,50.29705],[6.25747,50.297],[6.25762,50.29572],[6.25713,50.29443],[6.25602,50.29375],[6.25545,50.29298],[6.2553,50.29219],[6.25569,50.2918],[6.25483,50.2915],[6.25364,50.29165],[6.25196,50.2923],[6.25125,50.29319],[6.25077,50.29416],[6.25026,50.29478],[6.25026,50.29573],[6.24939,50.29702],[6.24893,50.29742],[6.24855,50.29753],[6.2476,50.29846],[6.24692,50.30018],[6.24653,50.30074],[6.2445,50.30233],[6.24445,50.30271],[6.24294,50.30277],[6.24222,50.30303],[6.2409,50.30365],[6.24072,50.30485],[6.24104,50.30559],[6.2414,50.30678],[6.24025,50.30768],[6.23974,50.30784],[6.23906,50.30855],[6.23889,50.30969],[6.23844,50.31041],[6.2381,50.31073],[6.23681,50.31093],[6.2353,50.31161],[6.23453,50.31231],[6.23402,50.31262],[6.23344,50.31341],[6.23211,50.3144],[6.23161,50.31522],[6.23029,50.31694],[6.22984,50.3168],[6.22977,50.31635],[6.22909,50.31598],[6.2291,50.31565],[6.22946,50.31471],[6.22888,50.31428],[6.22784,50.31456],[6.22723,50.31426],[6.22757,50.31157],[6.22758,50.31066],[6.22671,50.30938],[6.22626,50.30931],[6.22537,50.30942],[6.22397,50.30945],[6.22267,50.30926],[6.22216,50.30896],[6.22196,50.30826],[6.22128,50.30726],[6.22041,50.30675],[6.21946,50.30638],[6.21859,50.30633],[6.21768,50.30615],[6.21741,50.30623],[6.21693,50.30574],[6.21816,50.30337],[6.21837,50.30309],[6.22085,50.3035],[6.2214,50.30368],[6.22247,50.30422],[6.2237,50.30427],[6.22555,50.30316],[6.22588,50.30258],[6.22498,50.30123],[6.2247,50.30108],[6.22339,50.30118],[6.22199,50.301],[6.22073,50.30108],[6.21987,50.3013],[6.21852,50.30192],[6.21814,50.30228],[6.21736,50.30204],[6.2169,50.30177],[6.21577,50.30184],[6.21517,50.3017],[6.21322,50.30157],[6.21256,50.30185],[6.21296,50.30134],[6.21231,50.30059],[6.21209,50.29965],[6.21172,50.29936],[6.21095,50.29927],[6.21164,50.29908],[6.21163,50.29883],[6.21092,50.29802],[6.21084,50.29691],[6.21048,50.29676],[6.2095,50.29682],[6.20865,50.29628],[6.20834,50.29636],[6.20754,50.29617],[6.2052,50.295],[6.20449,50.29472],[6.20624,50.29306],[6.20636,50.29264],[6.20474,50.29119],[6.20574,50.28976],[6.20479,50.28842],[6.2048,50.28784],[6.20526,50.28744],[6.20587,50.28748],[6.20588,50.287],[6.20627,50.28642],[6.20625,50.28576],[6.20596,50.28502],[6.20499,50.28452],[6.2035,50.28502],[6.20125,50.2853],[6.2003,50.28537],[6.20019,50.28556],[6.19936,50.2858],[6.19791,50.28592],[6.19625,50.28652],[6.19535,50.28694],[6.19331,50.28743],[6.19147,50.28724],[6.19124,50.28657],[6.19053,50.28659],[6.18988,50.28634],[6.18946,50.28593],[6.18866,50.286],[6.18895,50.28625],[6.18856,50.28668],[6.18707,50.28708],[6.18647,50.28713],[6.18647,50.28735],[6.18707,50.28747],[6.1875,50.2873],[6.18833,50.28733],[6.18893,50.28718],[6.18859,50.28756],[6.18886,50.28774],[6.18822,50.28827],[6.18782,50.28844],[6.18686,50.28977],[6.1865,50.28995],[6.18601,50.29055],[6.18593,50.29131],[6.18613,50.29204],[6.18735,50.29331],[6.18761,50.29392],[6.18767,50.29464],[6.18859,50.29539],[6.18815,50.29583],[6.18615,50.29654],[6.18512,50.29719],[6.18499,50.29714],[6.18356,50.29768],[6.18187,50.29693],[6.17914,50.29697],[6.17835,50.29839],[6.1776,50.298],[6.17726,50.29823],[6.17549,50.29898],[6.17409,50.29937],[6.17327,50.29991],[6.17237,50.30096],[6.17178,50.3034],[6.17121,50.30364],[6.17125,50.30389],[6.1705,50.30476],[6.17109,50.30617],[6.16948,50.3077],[6.16559,50.30748],[6.16251,50.30741],[6.16051,50.30782],[6.1596,50.30817],[6.15725,50.30846],[6.1553,50.30892],[6.15259,50.30966],[6.15285,50.31018],[6.15053,50.311],[6.15037,50.3105],[6.1497,50.30709],[6.14954,50.30672],[6.14877,50.30559],[6.14835,50.30512],[6.14882,50.30445],[6.14921,50.30278],[6.14852,50.30231],[6.14756,50.30127],[6.14629,50.3002],[6.14598,50.30021],[6.14404,50.29839],[6.1442,50.29831],[6.14369,50.29771],[6.14248,50.29823],[6.14202,50.29827],[6.14094,50.29887],[6.13978,50.29918],[6.13947,50.29866],[6.13389,50.29798],[6.13275,50.29856],[6.13245,50.29855],[6.13139,50.29951],[6.12958,50.29962],[6.12682,50.29969],[6.12485,50.29981],[6.12295,50.30001],[6.12325,50.30185],[6.12199,50.30356],[6.11908,50.3045],[6.11907,50.306],[6.1189,50.30753],[6.11824,50.31048],[6.1147,50.31275],[6.11306,50.31338],[6.1113,50.31362],[6.10917,50.3137],[6.10627,50.31421],[6.10553,50.31415],[6.10473,50.31475],[6.10173,50.31558],[6.09944,50.31597],[6.09794,50.31615],[6.09462,50.3163],[6.09238,50.31633],[6.09291,50.31705],[6.09298,50.31792],[6.09285,50.31834],[6.08924,50.32358],[6.08853,50.32473],[6.08688,50.32713],[6.08517,50.32976],[6.08294,50.33302],[6.08212,50.33427],[6.08082,50.33611],[6.08063,50.33662],[6.08032,50.33891],[6.08022,50.34099],[6.08007,50.34145],[6.07915,50.34268],[6.0778,50.34417],[6.07651,50.34525],[6.07476,50.34657],[6.07282,50.34819],[6.06973,50.35066],[6.06826,50.3509],[6.0583,50.35261],[6.05847,50.35179],[6.05418,50.3526],[6.03511,50.35284],[6.02192,50.35065],[6.02176,50.3504],[6.02189,50.34984],[6.02215,50.34985],[6.02237,50.3494],[6.02205,50.34871],[6.02157,50.34864],[6.02162,50.3481],[6.02196,50.34764],[6.02164,50.34694],[6.02227,50.34642],[6.02222,50.34585],[6.02184,50.34575],[6.02208,50.34509],[6.02243,50.34489],[6.02275,50.34428],[6.02126,50.3437],[6.0209,50.34337],[6.02016,50.34319],[6.01943,50.3432],[6.01814,50.3429],[6.01774,50.34302],[6.01718,50.34291],[6.01604,50.34288],[6.01574,50.3427],[6.01477,50.34259],[6.01453,50.34239],[6.01341,50.34218],[6.01222,50.34206],[6.01193,50.34219],[6.01031,50.3421],[6.00944,50.34211],[6.00867,50.3423],[6.00787,50.3422],[6.00726,50.34197],[6.00546,50.34166],[6.00432,50.34117],[6.00333,50.34033],[6.00307,50.34022],[6.00241,50.33948],[6.00059,50.33842],[6.00039,50.33813],[5.99827,50.33736],[5.99693,50.33657],[5.99573,50.3355],[5.99631,50.33538],[5.99781,50.33546],[5.99977,50.33595],[6.00052,50.33599],[6.00187,50.33365],[6.00204,50.33326],[6.00041,50.33171],[5.99982,50.33131],[5.99913,50.33039],[5.99866,50.32999],[5.99818,50.3298],[5.99714,50.32973],[5.99373,50.32975],[5.98777,50.33014],[5.98017,50.32983],[5.98035,50.32797],[5.97866,50.327],[5.97998,50.32539],[5.98062,50.32402],[5.98139,50.32315],[5.9824,50.32248],[5.98282,50.32156],[5.983,50.32077],[5.98337,50.32038],[5.98508,50.31989],[5.98582,50.31978],[5.98651,50.31947],[5.98872,50.31916],[5.99111,50.31868],[5.99268,50.31825],[5.99473,50.31775],[5.99578,50.31739],[5.99678,50.31724],[5.99852,50.31647],[6.00132,50.31577],[6.00386,50.31556],[6.00591,50.31522],[6.00935,50.31418],[6.00991,50.31393],[6.01096,50.31324],[6.01173,50.31238],[6.01277,50.31135],[6.01314,50.31058],[6.01372,50.31063],[6.01336,50.30918],[6.01291,50.30847],[6.01297,50.30806],[6.01343,50.30674],[6.01375,50.30546],[6.01391,50.30446],[6.01442,50.30338],[6.01412,50.30283],[6.01404,50.30209],[6.01532,50.302],[6.01565,50.30171],[6.01563,50.30105],[6.01664,50.30061],[6.01729,50.30019],[6.01695,50.29886],[6.01663,50.29846],[6.01632,50.29698],[6.01548,50.29543],[6.01523,50.29451],[6.01497,50.29273],[6.01494,50.29188],[6.01473,50.28974],[6.01498,50.28821],[6.01532,50.28728],[6.01521,50.28663],[6.01412,50.28527],[6.01379,50.28468],[6.01318,50.28252],[6.01287,50.28001],[6.01295,50.27855],[6.0131,50.27799],[6.01258,50.2776],[6.01205,50.27674],[6.01183,50.27533],[6.01199,50.27492],[6.012,50.27297],[6.01214,50.27118],[6.01168,50.27054],[6.01215,50.27054],[6.01213,50.27007],[6.01146,50.27007],[6.01175,50.26962],[6.01237,50.26828],[6.01253,50.26749],[6.01245,50.26461],[6.03223,50.26371],[6.03733,50.26295],[6.0454,50.26223],[6.05066,50.26169],[6.05175,50.26261],[6.05301,50.26208],[6.05267,50.2618],[6.05293,50.2616],[6.05584,50.2612],[6.05597,50.26063],[6.05776,50.25926],[6.05888,50.25857],[6.05988,50.25774],[6.05985,50.25706],[6.0602,50.25663],[6.06105,50.25662],[6.06315,50.25613],[6.06353,50.25575],[6.06419,50.25563],[6.06504,50.2553],[6.06592,50.25508],[6.06636,50.25469],[6.06639,50.25436],[6.06686,50.25406],[6.06759,50.25385],[6.06813,50.25321],[6.06764,50.25283],[6.06782,50.25214],[6.0685,50.25163],[6.06937,50.25138],[6.0699,50.25072],[6.07007,50.25087],[6.07098,50.25042],[6.07144,50.25049],[6.07189,50.2501],[6.07314,50.24994],[6.0734,50.24979],[6.074,50.25002],[6.07424,50.24976],[6.07467,50.24983],[6.07487,50.24961],[6.07521,50.24975],[6.0756,50.24942],[6.07593,50.24955],[6.07642,50.24917],[6.07748,50.24887],[6.07799,50.24832],[6.0777,50.24706],[6.07748,50.2469],[6.07872,50.24587],[6.07877,50.2456],[6.07843,50.24514],[6.07806,50.24507],[6.078,50.24469],[6.07742,50.24433],[6.07799,50.24423],[6.07813,50.24441],[6.07891,50.24437],[6.0791,50.24413],[6.07998,50.24401],[6.08022,50.24414],[6.0808,50.24396],[6.08094,50.24423],[6.08148,50.24356],[6.08154,50.24312],[6.08701,50.24519],[6.08747,50.24444],[6.08763,50.24332],[6.08822,50.24256],[6.09042,50.24417],[6.09156,50.24491],[6.0922,50.24474],[6.09191,50.24452],[6.09241,50.24438],[6.09428,50.24332],[6.09508,50.24332],[6.09546,50.24377],[6.09805,50.24378],[6.0991,50.24327],[6.10148,50.24265],[6.10288,50.24188],[6.10533,50.24263],[6.10568,50.24211],[6.1083,50.24298],[6.1092,50.24255],[6.1105,50.24217],[6.11248,50.24187],[6.11247,50.2413],[6.11549,50.24021],[6.11661,50.24123],[6.11787,50.24195],[6.11913,50.24245],[6.11944,50.24248],[6.12176,50.24223],[6.12323,50.24218],[6.12415,50.24206],[6.12452,50.24243],[6.12576,50.24254],[6.12591,50.24208],[6.12621,50.24215],[6.1262,50.24108],[6.12654,50.24035],[6.12851,50.24092],[6.13022,50.23992],[6.13133,50.24019],[6.13181,50.23966],[6.13204,50.23904],[6.13198,50.23855],[6.13161,50.23817],[6.1312,50.23743],[6.13112,50.23704],[6.13163,50.23634],[6.13194,50.23533],[6.13259,50.23445],[6.1332,50.23392],[6.13393,50.23386],[6.13391,50.23256],[6.13424,50.23183],[6.13635,50.23168],[6.13768,50.2315],[6.14107,50.23091],[6.14217,50.23088],[6.14421,50.23126],[6.14518,50.23158],[6.14671,50.2323],[6.14709,50.23279],[6.14704,50.23355],[6.1472,50.23443],[6.14702,50.23508],[6.1456,50.23612],[6.14606,50.2363],[6.14679,50.23573],[6.14802,50.23594],[6.14889,50.23586],[6.15042,50.23617],[6.15119,50.23609],[6.15119,50.23567],[6.15201,50.23529],[6.15266,50.23519],[6.15327,50.23528],[6.15349,50.23467],[6.15528,50.23423],[6.15607,50.23428],[6.15707,50.23418],[6.1588,50.23367],[6.15944,50.2331],[6.16096,50.23266],[6.16153,50.2326],[6.16209,50.23273],[6.16255,50.23302],[6.16326,50.23308],[6.16449,50.23288],[6.16559,50.23283],[6.16592,50.23271],[6.16626,50.23213],[6.16652,50.23201],[6.16669,50.23133],[6.16723,50.2309],[6.16788,50.23011],[6.16897,50.23057],[6.1694,50.23052],[6.17054,50.23128],[6.17072,50.2317],[6.17207,50.23211],[6.17276,50.23205],[6.17312,50.23218],[6.1733,50.23176],[6.17377,50.23165]]]}},{"type":"Feature","id":"63072","bbox":[5.815359,50.433565,5.931751,50.512124],"properties":{"nis":"63072","name":"Spa","nameNl":"Spa","nameFr":"Spa","nameDe":"Spa","province":"liege","region":"wallonia","areaKm2":39.69},"geometry":{"type":"Polygon","coordinates":[[[5.87915,50.51026],[5.87766,50.51066],[5.87537,50.51119],[5.87439,50.51121],[5.87335,50.51111],[5.8728,50.51091],[5.87171,50.51126],[5.86995,50.51028],[5.868,50.50983],[5.86772,50.51033],[5.86656,50.51011],[5.86622,50.50972],[5.86426,50.5092],[5.86511,50.50832],[5.86562,50.50749],[5.86761,50.5073],[5.86811,50.50715],[5.86693,50.50705],[5.86564,50.50677],[5.86508,50.50654],[5.86432,50.506],[5.86351,50.50528],[5.86351,50.50488],[5.86445,50.50398],[5.86482,50.50375],[5.86752,50.50324],[5.86741,50.50276],[5.86763,50.50249],[5.86733,50.50196],[5.86751,50.50184],[5.86748,50.50103],[5.86764,50.50037],[5.86704,50.49968],[5.86675,50.4985],[5.86571,50.49833],[5.86422,50.49776],[5.86371,50.49801],[5.86251,50.49825],[5.86142,50.49819],[5.86003,50.49788],[5.85803,50.49784],[5.85687,50.49758],[5.85604,50.4971],[5.8522,50.4957],[5.85083,50.49508],[5.85008,50.49482],[5.849,50.49432],[5.84732,50.49397],[5.84592,50.49386],[5.84527,50.4935],[5.8443,50.49319],[5.84279,50.49213],[5.84129,50.49133],[5.84072,50.49114],[5.83751,50.49058],[5.83673,50.49052],[5.83655,50.49092],[5.83626,50.49094],[5.83555,50.49037],[5.83523,50.4908],[5.83442,50.49034],[5.83401,50.49057],[5.83379,50.49039],[5.83383,50.48985],[5.83347,50.49],[5.83338,50.48965],[5.83297,50.48986],[5.83288,50.48946],[5.83255,50.48964],[5.83227,50.4902],[5.83168,50.48976],[5.83099,50.49051],[5.83062,50.49016],[5.82993,50.48986],[5.82896,50.4887],[5.82857,50.48777],[5.82901,50.48728],[5.82897,50.48673],[5.82928,50.48638],[5.82941,50.4854],[5.8293,50.48491],[5.82944,50.48393],[5.82921,50.4836],[5.82745,50.48229],[5.82702,50.48175],[5.82548,50.48115],[5.82428,50.48077],[5.82287,50.48003],[5.82269,50.47945],[5.82176,50.47913],[5.82096,50.47903],[5.82044,50.47878],[5.82004,50.47824],[5.82011,50.47801],[5.81953,50.47745],[5.81978,50.4773],[5.81973,50.47683],[5.81992,50.47644],[5.81872,50.47544],[5.8189,50.47505],[5.81861,50.47465],[5.81863,50.47399],[5.81885,50.47377],[5.81843,50.47342],[5.81831,50.47281],[5.81832,50.47168],[5.81804,50.47124],[5.81811,50.46988],[5.81832,50.46922],[5.81773,50.46864],[5.81765,50.46818],[5.81795,50.46745],[5.81874,50.46672],[5.81943,50.46627],[5.82046,50.46609],[5.82091,50.46582],[5.82144,50.46581],[5.82207,50.46557],[5.82212,50.46479],[5.82257,50.4641],[5.82242,50.46354],[5.82185,50.46337],[5.82153,50.46258],[5.82209,50.46215],[5.82184,50.46166],[5.82076,50.46116],[5.8207,50.46028],[5.82022,50.45966],[5.82004,50.45839],[5.81984,50.45778],[5.82012,50.45731],[5.81976,50.45633],[5.81978,50.45589],[5.81952,50.45478],[5.81917,50.4542],[5.8185,50.45359],[5.81833,50.45254],[5.81786,50.45223],[5.81707,50.45015],[5.81648,50.44882],[5.81564,50.44724],[5.81536,50.44632],[5.81558,50.44533],[5.81563,50.44399],[5.81606,50.44285],[5.81603,50.44218],[5.81623,50.44191],[5.81596,50.44169],[5.817,50.43875],[5.81809,50.43494],[5.81853,50.43356],[5.82216,50.43408],[5.82405,50.4344],[5.82543,50.43512],[5.82707,50.43587],[5.83196,50.43765],[5.83258,50.43786],[5.83346,50.43764],[5.83877,50.43901],[5.84978,50.44191],[5.85978,50.44379],[5.8626,50.44511],[5.86506,50.44635],[5.87241,50.44927],[5.87535,50.44986],[5.88201,50.4514],[5.88396,50.45183],[5.88697,50.45255],[5.89015,50.45327],[5.8926,50.45396],[5.89421,50.45417],[5.89574,50.45485],[5.89641,50.45501],[5.89811,50.45514],[5.89954,50.45517],[5.9008,50.45538],[5.90155,50.45578],[5.90239,50.45595],[5.90336,50.45638],[5.90423,50.45724],[5.90516,50.45769],[5.90662,50.45801],[5.90774,50.45887],[5.90943,50.45943],[5.91143,50.46049],[5.9133,50.46111],[5.91453,50.46127],[5.91564,50.46153],[5.91781,50.46227],[5.91845,50.46258],[5.92042,50.46275],[5.92088,50.46293],[5.92241,50.46298],[5.92428,50.46373],[5.92569,50.46411],[5.92826,50.46483],[5.92841,50.46523],[5.92929,50.46502],[5.93175,50.46655],[5.93113,50.467],[5.93172,50.4674],[5.92873,50.46948],[5.92529,50.47202],[5.92296,50.47381],[5.92311,50.47411],[5.92451,50.47465],[5.92542,50.47491],[5.92426,50.47708],[5.92321,50.47934],[5.92177,50.48059],[5.92152,50.48134],[5.92149,50.48191],[5.92113,50.48212],[5.92083,50.48351],[5.92122,50.48397],[5.92132,50.48446],[5.92115,50.48538],[5.92174,50.48603],[5.92187,50.48692],[5.92175,50.48699],[5.91842,50.48701],[5.91841,50.48552],[5.91808,50.48527],[5.91467,50.48365],[5.91201,50.48326],[5.90946,50.48641],[5.90931,50.48672],[5.90778,50.48754],[5.90655,50.48904],[5.90629,50.48982],[5.90578,50.49034],[5.90557,50.49121],[5.90566,50.49148],[5.90544,50.49255],[5.9049,50.49337],[5.90454,50.49359],[5.90445,50.4941],[5.90377,50.49435],[5.90328,50.49519],[5.90261,50.49539],[5.90234,50.49563],[5.90162,50.49587],[5.90074,50.49661],[5.90012,50.49742],[5.89917,50.49787],[5.89847,50.49833],[5.89776,50.49822],[5.89734,50.49835],[5.89677,50.49824],[5.89652,50.49854],[5.896,50.49845],[5.8947,50.49859],[5.89413,50.49835],[5.8929,50.49883],[5.89262,50.49924],[5.89273,50.49995],[5.89167,50.50007],[5.89144,50.50037],[5.89081,50.5004],[5.89033,50.50116],[5.89034,50.50141],[5.891,50.50192],[5.89115,50.50222],[5.89132,50.50322],[5.89195,50.50371],[5.89312,50.50419],[5.89381,50.5046],[5.89548,50.50507],[5.89548,50.5054],[5.89507,50.50558],[5.89381,50.50553],[5.89439,50.50595],[5.89429,50.50662],[5.89315,50.50665],[5.89271,50.50694],[5.89285,50.5072],[5.89173,50.50783],[5.89123,50.50763],[5.89061,50.50824],[5.89021,50.50827],[5.88778,50.51054],[5.88703,50.5108],[5.88593,50.51092],[5.88582,50.51212],[5.88484,50.51188],[5.88125,50.51073],[5.88098,50.51059],[5.87915,50.51026]]]}},{"type":"Feature","id":"63073","bbox":[5.85104,50.335501,6.030483,50.496324],"properties":{"nis":"63073","name":"Stavelot","nameNl":"Stavelot","nameFr":"Stavelot","nameDe":"Stablo","province":"liege","region":"wallonia","areaKm2":84.88},"geometry":{"type":"Polygon","coordinates":[[[6.00531,50.49632],[6.00405,50.4959],[6.0017,50.49545],[6.00084,50.49515],[6.00052,50.49466],[5.99979,50.49422],[5.99857,50.49295],[5.99805,50.4919],[5.99805,50.49156],[5.9976,50.49103],[5.99464,50.4892],[5.99358,50.48841],[5.99327,50.48793],[5.9933,50.48741],[5.9919,50.48678],[5.99119,50.48683],[5.99061,50.48663],[5.98939,50.48667],[5.98727,50.4871],[5.98526,50.48693],[5.98363,50.48659],[5.98234,50.48646],[5.98015,50.48614],[5.97979,50.48634],[5.97882,50.48645],[5.97702,50.48676],[5.97386,50.48654],[5.97211,50.48632],[5.97146,50.48631],[5.96959,50.48494],[5.9688,50.48474],[5.96597,50.48375],[5.96617,50.48315],[5.96621,50.48014],[5.96568,50.47993],[5.96329,50.47933],[5.96094,50.4784],[5.95507,50.47653],[5.95208,50.47551],[5.94956,50.47472],[5.94741,50.47414],[5.94403,50.47304],[5.94169,50.47233],[5.94102,50.47218],[5.93929,50.47122],[5.93419,50.46818],[5.93175,50.46655],[5.92929,50.46502],[5.92841,50.46523],[5.92826,50.46483],[5.92569,50.46411],[5.92746,50.46158],[5.93091,50.45746],[5.92689,50.45565],[5.92405,50.45455],[5.92292,50.45416],[5.92046,50.45373],[5.9206,50.45332],[5.9211,50.45258],[5.92156,50.45154],[5.92256,50.45052],[5.92315,50.44962],[5.92442,50.44841],[5.92447,50.448],[5.92508,50.44696],[5.92461,50.44658],[5.92342,50.44642],[5.92289,50.44596],[5.92229,50.44622],[5.92102,50.44617],[5.92069,50.4458],[5.92081,50.44468],[5.92018,50.44428],[5.91863,50.44394],[5.91697,50.44315],[5.91689,50.44269],[5.91643,50.44212],[5.91612,50.44145],[5.91853,50.43954],[5.91989,50.43836],[5.92022,50.43848],[5.9282,50.43332],[5.92826,50.43303],[5.92619,50.43146],[5.92621,50.43091],[5.92658,50.42855],[5.92389,50.42779],[5.92269,50.42653],[5.921,50.42582],[5.92015,50.42468],[5.91953,50.42347],[5.91871,50.4212],[5.91667,50.41953],[5.91505,50.41816],[5.91314,50.41669],[5.91281,50.41632],[5.91195,50.41612],[5.91062,50.41605],[5.90887,50.41552],[5.908,50.41519],[5.9069,50.41357],[5.90539,50.41168],[5.9038,50.41004],[5.90252,50.40836],[5.90047,50.4074],[5.89911,50.40682],[5.89737,50.4062],[5.8977,50.40552],[5.89754,50.40404],[5.8981,50.40243],[5.89766,50.40227],[5.89565,50.40025],[5.89462,50.4002],[5.89235,50.40028],[5.89027,50.40005],[5.88882,50.40029],[5.88917,50.40198],[5.88838,50.40188],[5.888,50.40164],[5.88712,50.40139],[5.8849,50.40059],[5.88418,50.4001],[5.8829,50.39938],[5.88012,50.3983],[5.87874,50.39823],[5.8773,50.39833],[5.87711,50.39756],[5.87723,50.39693],[5.87464,50.39635],[5.87374,50.39625],[5.87295,50.39632],[5.87103,50.39668],[5.8699,50.39684],[5.86518,50.39795],[5.86373,50.39823],[5.86207,50.39886],[5.85895,50.39757],[5.85788,50.3969],[5.8566,50.39641],[5.85492,50.39552],[5.8547,50.39476],[5.85361,50.39432],[5.85199,50.39349],[5.85178,50.39318],[5.85173,50.39176],[5.85104,50.39105],[5.85202,50.39016],[5.85511,50.38845],[5.85647,50.38797],[5.85733,50.38781],[5.85851,50.38792],[5.85957,50.38775],[5.85992,50.38796],[5.86162,50.38847],[5.86195,50.3877],[5.86244,50.38625],[5.86291,50.38524],[5.86285,50.38501],[5.86167,50.3846],[5.8625,50.38379],[5.86489,50.3832],[5.86655,50.38289],[5.86822,50.38283],[5.87031,50.38286],[5.87193,50.38318],[5.87388,50.38371],[5.87443,50.384],[5.87488,50.38447],[5.87656,50.38409],[5.87625,50.38297],[5.87546,50.38108],[5.87512,50.38057],[5.87465,50.38023],[5.87435,50.37953],[5.87398,50.37901],[5.8753,50.37846],[5.87661,50.37973],[5.87759,50.38099],[5.87813,50.38157],[5.87926,50.38112],[5.87841,50.3799],[5.87765,50.37914],[5.87651,50.37777],[5.87577,50.37711],[5.87584,50.37648],[5.87651,50.37614],[5.87855,50.37625],[5.8793,50.37643],[5.8833,50.37766],[5.88555,50.37795],[5.88932,50.378],[5.89122,50.3778],[5.89336,50.37717],[5.89505,50.37682],[5.89698,50.37668],[5.89884,50.37708],[5.89929,50.37743],[5.89948,50.37784],[5.89972,50.37922],[5.89946,50.37978],[5.8994,50.38071],[5.8999,50.38117],[5.90107,50.38147],[5.90155,50.38204],[5.902,50.3829],[5.90228,50.38308],[5.90307,50.3832],[5.90387,50.38319],[5.90476,50.38292],[5.90507,50.38243],[5.90564,50.38072],[5.90578,50.37938],[5.90613,50.37892],[5.90679,50.37837],[5.90753,50.37794],[5.9084,50.37784],[5.91194,50.37721],[5.91251,50.3769],[5.91315,50.37637],[5.914,50.37582],[5.91475,50.37495],[5.91511,50.37476],[5.91599,50.37349],[5.91905,50.3743],[5.91996,50.37435],[5.92175,50.37417],[5.92206,50.37371],[5.92277,50.37373],[5.92325,50.37353],[5.92598,50.37295],[5.92716,50.37209],[5.92898,50.37112],[5.92973,50.37123],[5.93345,50.37098],[5.93516,50.37115],[5.93719,50.37107],[5.93774,50.37129],[5.94341,50.37309],[5.95069,50.37364],[5.95551,50.37395],[5.96127,50.37138],[5.96201,50.37154],[5.96281,50.37138],[5.96434,50.37124],[5.9661,50.37128],[5.96674,50.37154],[5.96682,50.37222],[5.96726,50.3716],[5.96716,50.37128],[5.96781,50.37002],[5.96796,50.36929],[5.96847,50.3683],[5.96829,50.36754],[5.96855,50.36701],[5.96973,50.36588],[5.97012,50.3654],[5.97074,50.36424],[5.97146,50.36368],[5.97319,50.36321],[5.97511,50.36234],[5.97583,50.36211],[5.97778,50.36193],[5.9822,50.36182],[5.98423,50.3618],[5.98599,50.36136],[5.9888,50.36083],[5.99064,50.36015],[5.99258,50.35926],[5.99481,50.3581],[5.9967,50.35037],[5.99733,50.35004],[5.99803,50.34944],[5.99962,50.34836],[5.99967,50.34771],[5.99947,50.34739],[5.99893,50.34706],[5.99813,50.34633],[5.99767,50.34577],[5.99751,50.34484],[5.99807,50.34411],[5.99893,50.34327],[5.99892,50.34285],[5.99859,50.34227],[5.99781,50.34123],[5.99729,50.33967],[5.99573,50.3355],[5.99693,50.33657],[5.99827,50.33736],[6.00039,50.33813],[6.00059,50.33842],[6.00241,50.33948],[6.00307,50.34022],[6.00333,50.34033],[6.00432,50.34117],[6.00546,50.34166],[6.00726,50.34197],[6.00787,50.3422],[6.00867,50.3423],[6.00944,50.34211],[6.01031,50.3421],[6.01193,50.34219],[6.01222,50.34206],[6.01341,50.34218],[6.01453,50.34239],[6.01477,50.34259],[6.01574,50.3427],[6.01604,50.34288],[6.01718,50.34291],[6.01774,50.34302],[6.01814,50.3429],[6.01943,50.3432],[6.02016,50.34319],[6.0209,50.34337],[6.02126,50.3437],[6.02275,50.34428],[6.02243,50.34489],[6.02208,50.34509],[6.02184,50.34575],[6.02222,50.34585],[6.02227,50.34642],[6.02164,50.34694],[6.02196,50.34764],[6.02162,50.3481],[6.02157,50.34864],[6.02205,50.34871],[6.02237,50.3494],[6.02215,50.34985],[6.02189,50.34984],[6.02176,50.3504],[6.02192,50.35065],[6.02146,50.3512],[6.02282,50.35276],[6.02288,50.35333],[6.02251,50.35448],[6.02333,50.35544],[6.02375,50.35608],[6.02379,50.35638],[6.02423,50.35653],[6.0247,50.35695],[6.02523,50.35813],[6.02599,50.35876],[6.02585,50.35938],[6.02602,50.36019],[6.02648,50.36093],[6.02654,50.36168],[6.02636,50.36308],[6.02606,50.36333],[6.02638,50.36446],[6.02716,50.36512],[6.02815,50.36678],[6.02897,50.36701],[6.03016,50.36779],[6.03048,50.36867],[6.03007,50.36928],[6.02948,50.36937],[6.02889,50.36989],[6.02854,50.3707],[6.02865,50.37085],[6.02734,50.37168],[6.02661,50.37186],[6.0259,50.37187],[6.0242,50.37242],[6.02293,50.373],[6.02228,50.37365],[6.02138,50.37398],[6.02012,50.37397],[6.01956,50.37421],[6.01901,50.37478],[6.01901,50.37518],[6.018,50.37549],[6.01661,50.3757],[6.01512,50.37573],[6.01461,50.37591],[6.01432,50.37657],[6.01331,50.37796],[6.01174,50.3783],[6.0108,50.37894],[6.01049,50.37931],[6.00942,50.37967],[6.00854,50.3801],[6.00806,50.38047],[6.00785,50.38092],[6.00678,50.38126],[6.00652,50.38147],[6.005,50.38151],[6.00371,50.38085],[6.00321,50.38039],[6.00272,50.3804],[6.00231,50.38114],[6.00221,50.38285],[6.00266,50.38386],[6.00045,50.38456],[6.00107,50.38496],[6.00246,50.38744],[6.00166,50.38715],[6.00086,50.38773],[6.00062,50.38811],[5.99917,50.38774],[5.99779,50.38784],[5.99684,50.38744],[5.99556,50.38678],[5.99538,50.38617],[5.99448,50.38606],[5.99168,50.38602],[5.99114,50.3848],[5.99085,50.38464],[5.98947,50.38485],[5.98876,50.38485],[5.98709,50.3851],[5.98633,50.38527],[5.98533,50.38607],[5.98471,50.38684],[5.98428,50.38707],[5.98211,50.38747],[5.98109,50.38749],[5.97874,50.38807],[5.97831,50.38842],[5.97819,50.38934],[5.97742,50.3902],[5.97697,50.39095],[5.9752,50.39147],[5.97912,50.3939],[5.97967,50.39384],[5.98174,50.39394],[5.98354,50.39351],[5.9836,50.3947],[5.98339,50.39539],[5.98342,50.39623],[5.9833,50.39658],[5.98196,50.39821],[5.98114,50.39907],[5.98441,50.40067],[5.98261,50.40212],[5.98131,50.40311],[5.98373,50.40419],[5.98719,50.408],[5.98842,50.40923],[5.9885,50.41017],[5.98908,50.41101],[5.99027,50.41231],[5.9905,50.41324],[5.98785,50.41501],[5.98657,50.41461],[5.98594,50.41413],[5.98502,50.41504],[5.98519,50.41624],[5.98484,50.417],[5.98387,50.41793],[5.98269,50.41796],[5.98214,50.41839],[5.98167,50.41899],[5.98153,50.42031],[5.98118,50.4216],[5.98168,50.42342],[5.98075,50.42462],[5.98042,50.42476],[5.97949,50.42546],[5.97909,50.42616],[5.97833,50.427],[5.97798,50.42774],[5.97752,50.42837],[5.97728,50.42906],[5.97696,50.42936],[5.9766,50.43052],[5.97654,50.43116],[5.97622,50.43187],[5.97601,50.43293],[5.97518,50.43437],[5.9746,50.43464],[5.97428,50.43535],[5.97372,50.43584],[5.97164,50.43725],[5.96966,50.44058],[5.96995,50.44095],[5.97015,50.44168],[5.97102,50.44284],[5.97155,50.44331],[5.97232,50.44347],[5.97262,50.44369],[5.9728,50.44433],[5.97322,50.44442],[5.97378,50.44388],[5.97494,50.44426],[5.97593,50.44378],[5.97643,50.44401],[5.97712,50.44377],[5.97766,50.44389],[5.97834,50.44371],[5.97881,50.44396],[5.97905,50.4444],[5.9801,50.44445],[5.98098,50.4442],[5.98242,50.44452],[5.9837,50.44455],[5.98412,50.44464],[5.98505,50.44443],[5.98602,50.4451],[5.98685,50.44478],[5.9871,50.44491],[5.98672,50.44513],[5.98707,50.44529],[5.98869,50.44539],[5.9896,50.44561],[5.99094,50.44551],[5.99141,50.44607],[5.99236,50.44645],[5.99343,50.44647],[5.99419,50.44635],[5.99445,50.44663],[5.99606,50.44635],[5.99642,50.4465],[5.99769,50.44638],[5.99792,50.44621],[5.99837,50.44647],[5.99914,50.44615],[6.00036,50.44594],[6.00216,50.4458],[6.00258,50.44542],[6.00324,50.44531],[6.00346,50.44498],[6.00541,50.44443],[6.00671,50.44456],[6.00812,50.44486],[6.00878,50.44445],[6.00939,50.44445],[6.00939,50.44469],[6.00999,50.44466],[6.01004,50.44493],[6.01129,50.44515],[6.01166,50.44537],[6.0113,50.44554],[6.01236,50.44595],[6.01393,50.44677],[6.01392,50.44639],[6.0151,50.44652],[6.01579,50.44671],[6.01644,50.44727],[6.01708,50.44733],[6.01853,50.44777],[6.01933,50.44827],[6.01977,50.44833],[6.0194,50.4488],[6.0198,50.44951],[6.01911,50.45011],[6.01835,50.45044],[6.01792,50.45078],[6.01797,50.45114],[6.01753,50.45116],[6.01729,50.45173],[6.01812,50.45206],[6.01892,50.45287],[6.01959,50.45305],[6.01969,50.45331],[6.01937,50.45353],[6.02011,50.45397],[6.02012,50.45419],[6.02068,50.45464],[6.02096,50.45468],[6.02202,50.45551],[6.02274,50.45622],[6.02301,50.45631],[6.0234,50.45714],[6.02228,50.45789],[6.02123,50.45851],[6.01993,50.45869],[6.01883,50.45927],[6.01828,50.45923],[6.01763,50.45948],[6.01661,50.46031],[6.01663,50.4606],[6.01608,50.46164],[6.01571,50.46194],[6.01587,50.4622],[6.01541,50.46249],[6.01475,50.46318],[6.01428,50.46402],[6.01425,50.46494],[6.01387,50.46554],[6.01292,50.4679],[6.01331,50.47403],[6.01374,50.47732],[6.0138,50.4793],[6.01519,50.48218],[6.01444,50.48321],[6.0085,50.49177],[6.00703,50.49398],[6.00531,50.49632]]]}},{"type":"Feature","id":"63075","bbox":[5.670161,50.356246,5.93091,50.464107],"properties":{"nis":"63075","name":"Stoumont","nameNl":"Stoumont","nameFr":"Stoumont","nameDe":"Stoumont","province":"liege","region":"wallonia","areaKm2":108.14},"geometry":{"type":"Polygon","coordinates":[[[5.81853,50.43356],[5.81403,50.4343],[5.80918,50.43543],[5.80351,50.43516],[5.79387,50.43553],[5.79322,50.43527],[5.79205,50.43514],[5.79157,50.43526],[5.79112,50.43512],[5.78967,50.43498],[5.78869,50.43463],[5.78732,50.43453],[5.78655,50.43465],[5.78611,50.43454],[5.78482,50.43481],[5.78435,50.43509],[5.78356,50.43522],[5.7827,50.43508],[5.78228,50.43531],[5.78116,50.4355],[5.77935,50.4355],[5.77826,50.43583],[5.77788,50.43577],[5.77723,50.43593],[5.77694,50.43622],[5.77532,50.43624],[5.77496,50.43603],[5.77333,50.43556],[5.77331,50.43514],[5.77209,50.43506],[5.77039,50.43486],[5.76959,50.4347],[5.76801,50.43518],[5.76763,50.43545],[5.76658,50.43554],[5.76514,50.43552],[5.7646,50.43581],[5.76446,50.43613],[5.76307,50.43692],[5.76251,50.43687],[5.76227,50.43717],[5.76178,50.43719],[5.76133,50.43755],[5.76061,50.43784],[5.75938,50.43784],[5.75866,50.43814],[5.75676,50.43844],[5.75554,50.43885],[5.75513,50.43925],[5.75456,50.43947],[5.75468,50.4398],[5.75472,50.44079],[5.75416,50.44101],[5.75374,50.44138],[5.75338,50.44205],[5.75289,50.44229],[5.75282,50.44274],[5.752,50.44322],[5.75111,50.44308],[5.74982,50.44354],[5.74908,50.44335],[5.74841,50.44366],[5.74671,50.4436],[5.74539,50.44442],[5.74479,50.44451],[5.74425,50.4449],[5.74368,50.44502],[5.74348,50.44471],[5.74182,50.44494],[5.74127,50.44434],[5.7405,50.44485],[5.73959,50.44467],[5.739,50.44417],[5.73834,50.44379],[5.73742,50.44377],[5.73693,50.44395],[5.73678,50.4434],[5.73582,50.44217],[5.73527,50.4416],[5.73448,50.44036],[5.73407,50.43921],[5.73395,50.43853],[5.73409,50.43758],[5.73284,50.43767],[5.73245,50.43787],[5.73103,50.43785],[5.7306,50.43769],[5.72958,50.43775],[5.72821,50.43717],[5.72726,50.43705],[5.72674,50.43682],[5.72644,50.43692],[5.72541,50.43655],[5.72501,50.43616],[5.72421,50.43608],[5.72367,50.43634],[5.72209,50.43659],[5.72129,50.43652],[5.72025,50.4368],[5.71987,50.43666],[5.71931,50.43584],[5.71842,50.43535],[5.71818,50.43537],[5.71733,50.43493],[5.71592,50.43472],[5.71444,50.435],[5.71379,50.43504],[5.71288,50.43484],[5.71259,50.43489],[5.71177,50.43446],[5.71116,50.43445],[5.70973,50.43384],[5.70865,50.43302],[5.70841,50.4327],[5.70771,50.43258],[5.70748,50.43212],[5.70764,50.43162],[5.7071,50.43048],[5.7073,50.42961],[5.70778,50.42817],[5.70777,50.42713],[5.70739,50.42674],[5.70751,50.426],[5.70744,50.42553],[5.70764,50.42361],[5.70749,50.42205],[5.70733,50.42134],[5.70759,50.42045],[5.7072,50.41909],[5.7067,50.41827],[5.70649,50.41725],[5.70667,50.41598],[5.70662,50.41531],[5.70633,50.41462],[5.70611,50.41293],[5.70549,50.41031],[5.70534,50.4095],[5.70469,50.40762],[5.70346,50.40517],[5.70258,50.40391],[5.70361,50.4034],[5.70651,50.40257],[5.707,50.40235],[5.70808,50.40162],[5.70934,50.40043],[5.70859,50.40005],[5.70803,50.39916],[5.70743,50.39775],[5.70666,50.39711],[5.70561,50.39644],[5.70534,50.39594],[5.70515,50.39517],[5.70528,50.39387],[5.70524,50.39245],[5.7049,50.39128],[5.70442,50.39042],[5.70317,50.38889],[5.70265,50.3885],[5.70084,50.38785],[5.70028,50.3868],[5.69992,50.38577],[5.69894,50.38392],[5.69889,50.38361],[5.69911,50.38302],[5.69911,50.38202],[5.702,50.3798],[5.70373,50.37879],[5.70496,50.37839],[5.70572,50.37867],[5.70731,50.37907],[5.70797,50.37934],[5.70894,50.37924],[5.70863,50.37805],[5.70894,50.37751],[5.7088,50.3772],[5.70899,50.37669],[5.70834,50.37597],[5.70851,50.37531],[5.7077,50.37515],[5.70671,50.37515],[5.7056,50.37503],[5.7041,50.37498],[5.70339,50.37469],[5.70222,50.37464],[5.70195,50.37454],[5.69753,50.37452],[5.69537,50.37428],[5.69371,50.37453],[5.69082,50.37463],[5.68842,50.37412],[5.68621,50.37395],[5.68584,50.37378],[5.68502,50.37378],[5.68446,50.37354],[5.68234,50.37301],[5.6817,50.37301],[5.67859,50.37277],[5.67583,50.3685],[5.67558,50.36845],[5.6731,50.36618],[5.67145,50.36431],[5.67115,50.36381],[5.67118,50.36212],[5.67078,50.3595],[5.67016,50.35725],[5.67253,50.35654],[5.67311,50.35625],[5.67391,50.35646],[5.67558,50.35738],[5.67714,50.3579],[5.68023,50.35795],[5.68249,50.35785],[5.68639,50.35675],[5.68971,50.35664],[5.69283,50.35784],[5.69437,50.35775],[5.69596,50.35724],[5.69973,50.35823],[5.70322,50.35973],[5.70479,50.36027],[5.70547,50.36063],[5.70612,50.36074],[5.70667,50.3611],[5.70767,50.36067],[5.71076,50.35833],[5.71059,50.35824],[5.7114,50.35789],[5.71371,50.3581],[5.7161,50.35789],[5.71713,50.35769],[5.71866,50.35774],[5.71962,50.35812],[5.72025,50.35818],[5.72249,50.35846],[5.72295,50.35866],[5.7241,50.35867],[5.72395,50.35892],[5.72426,50.35952],[5.72402,50.3605],[5.7243,50.36093],[5.72512,50.36124],[5.72612,50.36118],[5.72663,50.36184],[5.72919,50.36164],[5.73121,50.36102],[5.73253,50.36099],[5.73537,50.36068],[5.7368,50.36061],[5.73805,50.36067],[5.73828,50.36054],[5.73877,50.36073],[5.74022,50.36108],[5.74137,50.36165],[5.74262,50.36212],[5.74552,50.36342],[5.74683,50.3637],[5.74788,50.36369],[5.75116,50.36333],[5.7512,50.36384],[5.7542,50.36391],[5.75536,50.36405],[5.75625,50.36443],[5.7575,50.36448],[5.75887,50.36462],[5.76029,50.3647],[5.76023,50.36575],[5.76241,50.36614],[5.76895,50.36744],[5.77062,50.36782],[5.77291,50.36851],[5.77495,50.36893],[5.77726,50.36951],[5.77986,50.3702],[5.78245,50.37104],[5.78419,50.37156],[5.78602,50.37201],[5.78812,50.37238],[5.7894,50.37269],[5.79093,50.37332],[5.79451,50.37452],[5.7954,50.37458],[5.79782,50.37456],[5.79977,50.3745],[5.80618,50.37469],[5.80835,50.37493],[5.81253,50.37571],[5.81487,50.37604],[5.81519,50.37734],[5.81608,50.37779],[5.81908,50.37824],[5.82093,50.3786],[5.82253,50.37896],[5.82454,50.37998],[5.82568,50.38069],[5.82574,50.38092],[5.82681,50.38136],[5.82879,50.382],[5.83243,50.38437],[5.83361,50.38487],[5.83452,50.38502],[5.83582,50.38463],[5.83749,50.38429],[5.83882,50.38387],[5.8429,50.38811],[5.84338,50.38849],[5.84417,50.38868],[5.8455,50.38875],[5.84629,50.38906],[5.84746,50.39026],[5.84811,50.39047],[5.84948,50.39072],[5.85063,50.39107],[5.85104,50.39105],[5.85173,50.39176],[5.85178,50.39318],[5.85199,50.39349],[5.85361,50.39432],[5.8547,50.39476],[5.85492,50.39552],[5.8566,50.39641],[5.85788,50.3969],[5.85895,50.39757],[5.86207,50.39886],[5.86373,50.39823],[5.86518,50.39795],[5.8699,50.39684],[5.87103,50.39668],[5.87295,50.39632],[5.87374,50.39625],[5.87464,50.39635],[5.87723,50.39693],[5.87711,50.39756],[5.8773,50.39833],[5.87874,50.39823],[5.88012,50.3983],[5.8829,50.39938],[5.88418,50.4001],[5.8849,50.40059],[5.88712,50.40139],[5.888,50.40164],[5.88838,50.40188],[5.88917,50.40198],[5.88882,50.40029],[5.89027,50.40005],[5.89235,50.40028],[5.89462,50.4002],[5.89565,50.40025],[5.89766,50.40227],[5.8981,50.40243],[5.89754,50.40404],[5.8977,50.40552],[5.89737,50.4062],[5.89911,50.40682],[5.90047,50.4074],[5.90252,50.40836],[5.9038,50.41004],[5.90539,50.41168],[5.9069,50.41357],[5.908,50.41519],[5.90887,50.41552],[5.91062,50.41605],[5.91195,50.41612],[5.91281,50.41632],[5.91314,50.41669],[5.91505,50.41816],[5.91667,50.41953],[5.91871,50.4212],[5.91953,50.42347],[5.92015,50.42468],[5.921,50.42582],[5.92269,50.42653],[5.92389,50.42779],[5.92658,50.42855],[5.92621,50.43091],[5.92619,50.43146],[5.92826,50.43303],[5.9282,50.43332],[5.92022,50.43848],[5.91989,50.43836],[5.91853,50.43954],[5.91612,50.44145],[5.91643,50.44212],[5.91689,50.44269],[5.91697,50.44315],[5.91863,50.44394],[5.92018,50.44428],[5.92081,50.44468],[5.92069,50.4458],[5.92102,50.44617],[5.92229,50.44622],[5.92289,50.44596],[5.92342,50.44642],[5.92461,50.44658],[5.92508,50.44696],[5.92447,50.448],[5.92442,50.44841],[5.92315,50.44962],[5.92256,50.45052],[5.92156,50.45154],[5.9211,50.45258],[5.9206,50.45332],[5.92046,50.45373],[5.92292,50.45416],[5.92405,50.45455],[5.92689,50.45565],[5.93091,50.45746],[5.92746,50.46158],[5.92569,50.46411],[5.92428,50.46373],[5.92241,50.46298],[5.92088,50.46293],[5.92042,50.46275],[5.91845,50.46258],[5.91781,50.46227],[5.91564,50.46153],[5.91453,50.46127],[5.9133,50.46111],[5.91143,50.46049],[5.90943,50.45943],[5.90774,50.45887],[5.90662,50.45801],[5.90516,50.45769],[5.90423,50.45724],[5.90336,50.45638],[5.90239,50.45595],[5.90155,50.45578],[5.9008,50.45538],[5.89954,50.45517],[5.89811,50.45514],[5.89641,50.45501],[5.89574,50.45485],[5.89421,50.45417],[5.8926,50.45396],[5.89015,50.45327],[5.88697,50.45255],[5.88396,50.45183],[5.88201,50.4514],[5.87535,50.44986],[5.87241,50.44927],[5.86506,50.44635],[5.8626,50.44511],[5.85978,50.44379],[5.84978,50.44191],[5.83877,50.43901],[5.83346,50.43764],[5.83258,50.43786],[5.83196,50.43765],[5.82707,50.43587],[5.82543,50.43512],[5.82405,50.4344],[5.82216,50.43408],[5.81853,50.43356]]]}},{"type":"Feature","id":"63076","bbox":[5.738719,50.433565,5.921139,50.567632],"properties":{"nis":"63076","name":"Theux","nameNl":"Theux","nameFr":"Theux","nameDe":"Theux","province":"liege","region":"wallonia","areaKm2":83.26},"geometry":{"type":"Polygon","coordinates":[[[5.79322,50.43527],[5.79387,50.43553],[5.80351,50.43516],[5.80918,50.43543],[5.81403,50.4343],[5.81853,50.43356],[5.81809,50.43494],[5.817,50.43875],[5.81596,50.44169],[5.81623,50.44191],[5.81603,50.44218],[5.81606,50.44285],[5.81563,50.44399],[5.81558,50.44533],[5.81536,50.44632],[5.81564,50.44724],[5.81648,50.44882],[5.81707,50.45015],[5.81786,50.45223],[5.81833,50.45254],[5.8185,50.45359],[5.81917,50.4542],[5.81952,50.45478],[5.81978,50.45589],[5.81976,50.45633],[5.82012,50.45731],[5.81984,50.45778],[5.82004,50.45839],[5.82022,50.45966],[5.8207,50.46028],[5.82076,50.46116],[5.82184,50.46166],[5.82209,50.46215],[5.82153,50.46258],[5.82185,50.46337],[5.82242,50.46354],[5.82257,50.4641],[5.82212,50.46479],[5.82207,50.46557],[5.82144,50.46581],[5.82091,50.46582],[5.82046,50.46609],[5.81943,50.46627],[5.81874,50.46672],[5.81795,50.46745],[5.81765,50.46818],[5.81773,50.46864],[5.81832,50.46922],[5.81811,50.46988],[5.81804,50.47124],[5.81832,50.47168],[5.81831,50.47281],[5.81843,50.47342],[5.81885,50.47377],[5.81863,50.47399],[5.81861,50.47465],[5.8189,50.47505],[5.81872,50.47544],[5.81992,50.47644],[5.81973,50.47683],[5.81978,50.4773],[5.81953,50.47745],[5.82011,50.47801],[5.82004,50.47824],[5.82044,50.47878],[5.82096,50.47903],[5.82176,50.47913],[5.82269,50.47945],[5.82287,50.48003],[5.82428,50.48077],[5.82548,50.48115],[5.82702,50.48175],[5.82745,50.48229],[5.82921,50.4836],[5.82944,50.48393],[5.8293,50.48491],[5.82941,50.4854],[5.82928,50.48638],[5.82897,50.48673],[5.82901,50.48728],[5.82857,50.48777],[5.82896,50.4887],[5.82993,50.48986],[5.83062,50.49016],[5.83099,50.49051],[5.83168,50.48976],[5.83227,50.4902],[5.83255,50.48964],[5.83288,50.48946],[5.83297,50.48986],[5.83338,50.48965],[5.83347,50.49],[5.83383,50.48985],[5.83379,50.49039],[5.83401,50.49057],[5.83442,50.49034],[5.83523,50.4908],[5.83555,50.49037],[5.83626,50.49094],[5.83655,50.49092],[5.83673,50.49052],[5.83751,50.49058],[5.84072,50.49114],[5.84129,50.49133],[5.84279,50.49213],[5.8443,50.49319],[5.84527,50.4935],[5.84592,50.49386],[5.84732,50.49397],[5.849,50.49432],[5.85008,50.49482],[5.85083,50.49508],[5.8522,50.4957],[5.85604,50.4971],[5.85687,50.49758],[5.85803,50.49784],[5.86003,50.49788],[5.86142,50.49819],[5.86251,50.49825],[5.86371,50.49801],[5.86422,50.49776],[5.86571,50.49833],[5.86675,50.4985],[5.86704,50.49968],[5.86764,50.50037],[5.86748,50.50103],[5.86751,50.50184],[5.86733,50.50196],[5.86763,50.50249],[5.86741,50.50276],[5.86752,50.50324],[5.86482,50.50375],[5.86445,50.50398],[5.86351,50.50488],[5.86351,50.50528],[5.86432,50.506],[5.86508,50.50654],[5.86564,50.50677],[5.86693,50.50705],[5.86811,50.50715],[5.86761,50.5073],[5.86562,50.50749],[5.86511,50.50832],[5.86426,50.5092],[5.86622,50.50972],[5.86656,50.51011],[5.86772,50.51033],[5.868,50.50983],[5.86995,50.51028],[5.87171,50.51126],[5.8728,50.51091],[5.87335,50.51111],[5.87439,50.51121],[5.87537,50.51119],[5.87766,50.51066],[5.87915,50.51026],[5.88072,50.51317],[5.882,50.51625],[5.88283,50.51663],[5.88283,50.51685],[5.88226,50.51759],[5.88163,50.51882],[5.88181,50.51996],[5.8812,50.52581],[5.88123,50.52686],[5.88137,50.52813],[5.88129,50.52916],[5.88224,50.5301],[5.88024,50.53195],[5.88019,50.53275],[5.87925,50.53375],[5.87925,50.5341],[5.87875,50.53466],[5.87807,50.53511],[5.8791,50.53648],[5.88038,50.53731],[5.88086,50.53754],[5.88183,50.53833],[5.88271,50.53871],[5.88326,50.53883],[5.88485,50.53988],[5.88602,50.54021],[5.88656,50.54081],[5.88704,50.541],[5.88917,50.54115],[5.89068,50.54175],[5.8914,50.54177],[5.8923,50.54137],[5.89332,50.5414],[5.8947,50.54189],[5.89609,50.54182],[5.89644,50.542],[5.8969,50.54257],[5.89785,50.54216],[5.89839,50.54145],[5.90067,50.54077],[5.90113,50.54076],[5.90224,50.5414],[5.90338,50.5419],[5.90412,50.54188],[5.90614,50.5416],[5.90725,50.54128],[5.90866,50.54125],[5.90942,50.54137],[5.9108,50.54143],[5.91134,50.54135],[5.91162,50.5419],[5.91129,50.54311],[5.91136,50.54368],[5.91106,50.54438],[5.91122,50.54471],[5.91092,50.54573],[5.91127,50.54618],[5.91139,50.54665],[5.91135,50.54735],[5.91154,50.54773],[5.91255,50.54809],[5.91398,50.54902],[5.91491,50.54923],[5.91498,50.54944],[5.91626,50.55018],[5.91818,50.55075],[5.91992,50.552],[5.92054,50.55288],[5.92,50.55301],[5.92059,50.55431],[5.9211,50.55456],[5.92114,50.55497],[5.9209,50.55515],[5.9203,50.55517],[5.91963,50.5554],[5.91903,50.55593],[5.91488,50.5625],[5.90936,50.56763],[5.90665,50.56656],[5.9059,50.56642],[5.90517,50.56646],[5.90273,50.56708],[5.90226,50.56715],[5.90171,50.56661],[5.90128,50.566],[5.90059,50.56534],[5.90077,50.56502],[5.90026,50.56434],[5.89923,50.5638],[5.89823,50.56283],[5.89783,50.56224],[5.89732,50.56079],[5.89556,50.55972],[5.89474,50.55857],[5.89495,50.55779],[5.8941,50.55779],[5.89313,50.55749],[5.89181,50.55659],[5.89054,50.5559],[5.88711,50.55543],[5.88553,50.55531],[5.88385,50.55535],[5.88134,50.5557],[5.88055,50.55577],[5.878,50.55569],[5.87207,50.55466],[5.86862,50.55393],[5.86552,50.5527],[5.86434,50.55228],[5.86087,50.55098],[5.8585,50.55078],[5.85684,50.55074],[5.85423,50.55033],[5.85259,50.54998],[5.85056,50.54988],[5.85037,50.55],[5.84669,50.54926],[5.86078,50.55735],[5.86165,50.55833],[5.86442,50.56215],[5.86437,50.56222],[5.85951,50.56185],[5.85503,50.56098],[5.8549,50.5601],[5.85468,50.5597],[5.85408,50.55936],[5.85215,50.55882],[5.84862,50.55862],[5.8465,50.55859],[5.84584,50.55849],[5.84494,50.55854],[5.84428,50.55845],[5.84261,50.55783],[5.84156,50.55757],[5.84103,50.55732],[5.84021,50.55654],[5.8398,50.55585],[5.83894,50.55539],[5.83738,50.55495],[5.83641,50.55494],[5.83485,50.55504],[5.83404,50.55501],[5.8334,50.55484],[5.83265,50.55413],[5.8316,50.55372],[5.83119,50.55371],[5.83029,50.55426],[5.82915,50.55438],[5.828,50.55421],[5.82565,50.55421],[5.82373,50.55459],[5.82263,50.55445],[5.82185,50.55449],[5.82214,50.55394],[5.82267,50.55389],[5.8235,50.55354],[5.8238,50.55303],[5.82338,50.55172],[5.82185,50.55193],[5.82075,50.55182],[5.82043,50.55142],[5.81991,50.55118],[5.81809,50.55135],[5.81807,50.55116],[5.81752,50.55108],[5.81681,50.55136],[5.81563,50.55155],[5.8151,50.55147],[5.81443,50.55117],[5.81326,50.55085],[5.81222,50.55094],[5.81063,50.55165],[5.80983,50.55211],[5.8089,50.55199],[5.80813,50.55242],[5.80728,50.55237],[5.80705,50.55273],[5.80621,50.55318],[5.80615,50.55356],[5.80646,50.55447],[5.80593,50.55463],[5.8053,50.55427],[5.80467,50.55422],[5.80441,50.55385],[5.80414,50.55296],[5.80412,50.55243],[5.80378,50.5518],[5.80293,50.55123],[5.80313,50.55108],[5.80168,50.55062],[5.80105,50.54894],[5.80006,50.54884],[5.79916,50.54929],[5.79861,50.54928],[5.7968,50.54893],[5.79603,50.54901],[5.79269,50.55003],[5.79279,50.55033],[5.79252,50.55099],[5.79207,50.55158],[5.79097,50.55251],[5.79078,50.55326],[5.79023,50.55402],[5.78608,50.55212],[5.78313,50.55138],[5.78156,50.55013],[5.78068,50.54958],[5.78051,50.54899],[5.7808,50.5481],[5.78063,50.5479],[5.77773,50.54681],[5.77263,50.54439],[5.77012,50.54346],[5.76684,50.54216],[5.76017,50.53963],[5.75949,50.53947],[5.7561,50.53903],[5.75328,50.53893],[5.75236,50.53893],[5.75284,50.5382],[5.75665,50.53199],[5.75896,50.52825],[5.76322,50.52129],[5.76587,50.51691],[5.76319,50.50689],[5.76113,50.49928],[5.76054,50.49703],[5.75875,50.49052],[5.75064,50.4917],[5.74744,50.49461],[5.74716,50.49492],[5.74565,50.49549],[5.74182,50.49492],[5.73979,50.49526],[5.73872,50.49565],[5.74027,50.49261],[5.74122,50.49303],[5.74415,50.48974],[5.75033,50.48304],[5.76615,50.46541],[5.77672,50.45345],[5.79322,50.43527]]]}},{"type":"Feature","id":"63079","bbox":[5.813017,50.549256,5.925531,50.62596],"properties":{"nis":"63079","name":"Verviers","nameNl":"Verviers","nameFr":"Verviers","nameDe":"Verviers","province":"liege","region":"wallonia","areaKm2":32.88},"geometry":{"type":"Polygon","coordinates":[[[5.92553,50.58191],[5.92547,50.5826],[5.92456,50.58458],[5.92437,50.58524],[5.92464,50.58606],[5.92446,50.58694],[5.92445,50.58777],[5.92424,50.58834],[5.92352,50.58907],[5.92268,50.58948],[5.92238,50.59047],[5.92176,50.59136],[5.91993,50.59307],[5.9193,50.59439],[5.91889,50.59552],[5.91901,50.59579],[5.91887,50.5967],[5.91896,50.59732],[5.91875,50.59751],[5.91865,50.59819],[5.91901,50.60027],[5.91935,50.60036],[5.91978,50.60087],[5.91929,50.60153],[5.91832,50.60201],[5.91761,50.60266],[5.91685,50.60262],[5.91606,50.60285],[5.91529,50.60367],[5.91499,50.60447],[5.91426,50.60543],[5.91344,50.60582],[5.91265,50.60663],[5.91219,50.60648],[5.91154,50.60655],[5.91098,50.60701],[5.91064,50.60791],[5.91019,50.60843],[5.90962,50.60845],[5.9062,50.60764],[5.90535,50.6071],[5.9051,50.6067],[5.90526,50.60599],[5.9052,50.60513],[5.90493,50.60473],[5.90281,50.60368],[5.90152,50.60319],[5.90014,50.60276],[5.8984,50.60252],[5.89741,50.60309],[5.89699,50.60312],[5.89545,50.60352],[5.89404,50.6035],[5.89184,50.60371],[5.89079,50.60363],[5.88874,50.60304],[5.88781,50.60286],[5.88634,50.60277],[5.88526,50.60319],[5.88425,50.60368],[5.88369,50.60374],[5.88242,50.60334],[5.88091,50.60264],[5.87739,50.60024],[5.87705,50.59985],[5.87608,50.60049],[5.8756,50.60118],[5.87488,50.60169],[5.87376,50.60207],[5.87299,50.60206],[5.87272,50.60128],[5.8731,50.60092],[5.87172,50.59993],[5.87175,50.59891],[5.87069,50.59785],[5.8693,50.59731],[5.86799,50.59698],[5.86755,50.5983],[5.86727,50.59832],[5.86636,50.59894],[5.86544,50.59858],[5.8642,50.5977],[5.86326,50.59716],[5.86162,50.59671],[5.8604,50.59773],[5.86019,50.59802],[5.85909,50.59823],[5.85847,50.59794],[5.85759,50.59808],[5.85635,50.5976],[5.8553,50.59752],[5.85414,50.59754],[5.85271,50.59723],[5.8526,50.5974],[5.85187,50.59715],[5.85147,50.59737],[5.85093,50.59849],[5.85013,50.59874],[5.85061,50.59732],[5.85015,50.59719],[5.84948,50.59742],[5.84873,50.59749],[5.84899,50.59835],[5.84884,50.59843],[5.84761,50.59814],[5.84721,50.59816],[5.84715,50.59842],[5.84538,50.59921],[5.84444,50.59995],[5.84235,50.60139],[5.84185,50.60181],[5.8416,50.60252],[5.84098,50.60285],[5.84067,50.60322],[5.83938,50.6044],[5.83819,50.60535],[5.83951,50.60574],[5.83978,50.60568],[5.84034,50.60599],[5.83953,50.60665],[5.83955,50.60693],[5.84071,50.60726],[5.84034,50.60795],[5.83984,50.60844],[5.83903,50.60888],[5.83858,50.60937],[5.84057,50.61055],[5.84119,50.61004],[5.84268,50.61092],[5.84203,50.61148],[5.84279,50.6119],[5.84283,50.61233],[5.84327,50.61311],[5.84377,50.61321],[5.84308,50.61342],[5.8423,50.61445],[5.8418,50.61536],[5.84137,50.61569],[5.84135,50.61613],[5.84286,50.61674],[5.84431,50.61715],[5.84443,50.61748],[5.84496,50.61768],[5.84612,50.61841],[5.84715,50.6188],[5.84814,50.61904],[5.84735,50.62013],[5.84688,50.62027],[5.84621,50.62018],[5.84319,50.62237],[5.84282,50.62213],[5.84188,50.62322],[5.84125,50.62481],[5.84137,50.62547],[5.84095,50.62596],[5.84048,50.62578],[5.83991,50.6253],[5.83935,50.62518],[5.83829,50.62467],[5.83687,50.62456],[5.83582,50.62468],[5.83118,50.62426],[5.82985,50.62451],[5.8284,50.62415],[5.82653,50.62392],[5.82498,50.62348],[5.82387,50.62343],[5.82226,50.62315],[5.8213,50.62181],[5.81987,50.62102],[5.81807,50.62019],[5.81674,50.61929],[5.8163,50.61907],[5.81534,50.61819],[5.81406,50.61748],[5.81302,50.61704],[5.81373,50.6166],[5.8136,50.61638],[5.81526,50.61581],[5.81605,50.6154],[5.81693,50.61523],[5.81773,50.61445],[5.81916,50.61179],[5.81913,50.61169],[5.82016,50.61065],[5.82371,50.60879],[5.82693,50.60562],[5.82506,50.60464],[5.82419,50.60408],[5.82278,50.60222],[5.82225,50.60186],[5.82133,50.60098],[5.8203,50.60043],[5.82176,50.59903],[5.82304,50.59822],[5.82305,50.59807],[5.82379,50.59776],[5.82294,50.59713],[5.82279,50.59637],[5.82327,50.59516],[5.82321,50.59488],[5.82234,50.59359],[5.822,50.5933],[5.82202,50.59275],[5.8224,50.59255],[5.82179,50.59236],[5.82161,50.59167],[5.82152,50.59001],[5.82218,50.58933],[5.82278,50.58911],[5.82314,50.58916],[5.82347,50.5889],[5.82348,50.58849],[5.82326,50.58765],[5.82274,50.58709],[5.82299,50.58632],[5.82416,50.58558],[5.82473,50.58444],[5.8246,50.58412],[5.82481,50.58352],[5.82649,50.58316],[5.82671,50.58291],[5.82622,50.58252],[5.82656,50.58201],[5.82655,50.5815],[5.82706,50.58068],[5.82841,50.58013],[5.82982,50.57987],[5.83136,50.57973],[5.8325,50.57983],[5.83419,50.5798],[5.83501,50.57961],[5.83469,50.57883],[5.83475,50.57842],[5.83527,50.57794],[5.83579,50.57799],[5.83618,50.577],[5.83596,50.57657],[5.83413,50.57603],[5.83224,50.57572],[5.83082,50.57537],[5.83078,50.57419],[5.83222,50.57169],[5.83231,50.5712],[5.83165,50.57086],[5.82938,50.57008],[5.82737,50.57021],[5.82735,50.56958],[5.8286,50.56663],[5.83264,50.56448],[5.83331,50.56409],[5.84088,50.55933],[5.84852,50.56013],[5.85462,50.56086],[5.85503,50.56098],[5.85951,50.56185],[5.86437,50.56222],[5.86442,50.56215],[5.86165,50.55833],[5.86078,50.55735],[5.84669,50.54926],[5.85037,50.55],[5.85056,50.54988],[5.85259,50.54998],[5.85423,50.55033],[5.85684,50.55074],[5.8585,50.55078],[5.86087,50.55098],[5.86434,50.55228],[5.86552,50.5527],[5.86862,50.55393],[5.87207,50.55466],[5.878,50.55569],[5.88055,50.55577],[5.88134,50.5557],[5.88385,50.55535],[5.88553,50.55531],[5.88711,50.55543],[5.89054,50.5559],[5.89181,50.55659],[5.89313,50.55749],[5.8941,50.55779],[5.89495,50.55779],[5.89474,50.55857],[5.89556,50.55972],[5.89732,50.56079],[5.89783,50.56224],[5.89823,50.56283],[5.89923,50.5638],[5.90026,50.56434],[5.90077,50.56502],[5.90059,50.56534],[5.90128,50.566],[5.90171,50.56661],[5.90226,50.56715],[5.90273,50.56708],[5.90517,50.56646],[5.9059,50.56642],[5.90665,50.56656],[5.90936,50.56763],[5.90825,50.56862],[5.90854,50.57151],[5.90937,50.57389],[5.90976,50.57442],[5.91041,50.57482],[5.91054,50.57577],[5.91022,50.57604],[5.91039,50.57655],[5.91013,50.577],[5.90913,50.57725],[5.90876,50.57781],[5.9079,50.57786],[5.90737,50.57814],[5.90619,50.5781],[5.90537,50.5784],[5.90499,50.57879],[5.9044,50.57884],[5.9043,50.5792],[5.90344,50.57958],[5.90214,50.58003],[5.90183,50.58027],[5.90023,50.5805],[5.89976,50.58088],[5.9004,50.58144],[5.90122,50.58283],[5.90215,50.58334],[5.90293,50.58356],[5.90382,50.58435],[5.9046,50.58467],[5.90544,50.58476],[5.90627,50.58508],[5.90745,50.58609],[5.90788,50.58628],[5.9083,50.58614],[5.90882,50.58632],[5.9098,50.58599],[5.91009,50.58613],[5.91132,50.58591],[5.91189,50.58533],[5.91233,50.58466],[5.91233,50.5844],[5.91295,50.58428],[5.91341,50.58337],[5.9139,50.58309],[5.91541,50.58307],[5.91609,50.58253],[5.91632,50.5822],[5.91678,50.58222],[5.91763,50.5819],[5.9189,50.58181],[5.91987,50.58157],[5.92125,50.58158],[5.92179,50.58138],[5.92319,50.5815],[5.92423,50.58171],[5.92443,50.58186],[5.92553,50.58191]]]}},{"type":"Feature","id":"63080","bbox":[6.063019,50.374184,6.234464,50.570421],"properties":{"nis":"63080","name":"Waimes","nameNl":"Weismes","nameFr":"Waimes","nameDe":"Weismes","province":"liege","region":"wallonia","areaKm2":97.08},"geometry":{"type":"Polygon","coordinates":[[[6.19226,50.5211],[6.19117,50.52181],[6.19098,50.52233],[6.19052,50.52277],[6.19034,50.52376],[6.18992,50.52443],[6.18915,50.52497],[6.18718,50.52609],[6.18732,50.5272],[6.19202,50.5308],[6.19289,50.53098],[6.19325,50.53085],[6.19447,50.53088],[6.19639,50.53106],[6.19691,50.53112],[6.19683,50.53171],[6.19695,50.53248],[6.19749,50.53344],[6.19847,50.53465],[6.19883,50.53534],[6.19844,50.53552],[6.19835,50.53676],[6.19866,50.53702],[6.19851,50.53811],[6.19825,50.5391],[6.19832,50.53947],[6.19866,50.53956],[6.19895,50.54052],[6.20024,50.54159],[6.20155,50.54359],[6.20208,50.54398],[6.20282,50.54433],[6.20384,50.54455],[6.20418,50.54475],[6.20489,50.54477],[6.20547,50.54503],[6.20667,50.54578],[6.2077,50.54671],[6.20775,50.54798],[6.20792,50.54877],[6.20882,50.54995],[6.20865,50.55007],[6.20924,50.55047],[6.20999,50.55117],[6.20983,50.55182],[6.20989,50.55318],[6.21042,50.55337],[6.21033,50.55393],[6.2108,50.55429],[6.21236,50.55516],[6.21256,50.55537],[6.21354,50.55565],[6.21397,50.55593],[6.21569,50.55636],[6.21682,50.55633],[6.21744,50.55617],[6.21866,50.55569],[6.22003,50.55496],[6.221,50.55465],[6.22231,50.55452],[6.22355,50.55461],[6.22481,50.55495],[6.22562,50.55542],[6.22567,50.55564],[6.22672,50.55651],[6.2269,50.55689],[6.22675,50.5576],[6.22687,50.55951],[6.22703,50.56096],[6.22756,50.56123],[6.22756,50.56169],[6.22898,50.56241],[6.2298,50.56291],[6.23143,50.56363],[6.23251,50.56387],[6.23263,50.56371],[6.23411,50.56399],[6.23365,50.56442],[6.23446,50.56481],[6.23438,50.56511],[6.23377,50.56519],[6.23319,50.56492],[6.23276,50.56493],[6.23096,50.56424],[6.22948,50.56356],[6.22925,50.56333],[6.22814,50.56272],[6.22724,50.56211],[6.22706,50.56247],[6.22682,50.56228],[6.22701,50.56139],[6.22662,50.56074],[6.22655,50.56021],[6.22656,50.55711],[6.22647,50.55675],[6.22597,50.55606],[6.22539,50.55562],[6.22324,50.55501],[6.22236,50.55494],[6.22115,50.55507],[6.22029,50.55532],[6.21802,50.55639],[6.21573,50.5566],[6.21469,50.55651],[6.21368,50.55622],[6.21237,50.55558],[6.21133,50.55518],[6.21055,50.55475],[6.20962,50.55376],[6.20934,50.55265],[6.20937,50.55132],[6.20869,50.55035],[6.20783,50.54956],[6.20753,50.54903],[6.20753,50.54839],[6.20719,50.54691],[6.20633,50.54605],[6.20576,50.54574],[6.20593,50.54561],[6.20527,50.54534],[6.20266,50.54458],[6.20204,50.54431],[6.20066,50.54328],[6.2,50.54207],[6.19878,50.54105],[6.19851,50.5406],[6.19778,50.54],[6.19775,50.53917],[6.19789,50.53868],[6.19767,50.53841],[6.1979,50.53721],[6.19689,50.53611],[6.19567,50.5361],[6.19419,50.53684],[6.19256,50.53748],[6.19027,50.53868],[6.18939,50.53931],[6.18846,50.54053],[6.18799,50.54045],[6.18471,50.54152],[6.18357,50.54137],[6.18192,50.54127],[6.18119,50.54109],[6.18089,50.54121],[6.18016,50.54108],[6.17958,50.54117],[6.17947,50.5414],[6.17888,50.54155],[6.1781,50.54152],[6.17852,50.55394],[6.17722,50.55494],[6.17603,50.55602],[6.17407,50.55635],[6.17432,50.55752],[6.17466,50.55793],[6.17596,50.55815],[6.17782,50.55888],[6.17901,50.55951],[6.17995,50.56015],[6.18158,50.56077],[6.18234,50.56164],[6.18374,50.56199],[6.18397,50.56258],[6.18431,50.56291],[6.18542,50.56307],[6.18584,50.5633],[6.18639,50.56418],[6.18724,50.56443],[6.18775,50.56444],[6.18884,50.56425],[6.1893,50.56455],[6.1888,50.5652],[6.18934,50.56603],[6.18431,50.567],[6.1805,50.56771],[6.17367,50.56894],[6.16572,50.57042],[6.16571,50.56957],[6.16553,50.56709],[6.16535,50.56285],[6.16517,50.56118],[6.16881,50.56056],[6.16509,50.55961],[6.16492,50.55746],[6.16358,50.55684],[6.16269,50.55623],[6.16063,50.55512],[6.16015,50.55447],[6.1601,50.55415],[6.15918,50.55347],[6.15869,50.55334],[6.15827,50.55298],[6.1576,50.55287],[6.15704,50.55256],[6.15425,50.55142],[6.15347,50.5513],[6.15248,50.55101],[6.15174,50.55093],[6.15142,50.55062],[6.1508,50.55055],[6.1496,50.5501],[6.14928,50.54965],[6.14838,50.54913],[6.14575,50.54862],[6.14348,50.54845],[6.14165,50.54897],[6.14063,50.54859],[6.13924,50.54893],[6.13789,50.54848],[6.13754,50.54802],[6.13876,50.54735],[6.13939,50.54683],[6.13964,50.54633],[6.13921,50.54568],[6.13903,50.5451],[6.13959,50.54494],[6.13969,50.54471],[6.13918,50.54433],[6.13791,50.54365],[6.13784,50.54335],[6.13857,50.5431],[6.13886,50.54251],[6.13766,50.54179],[6.13801,50.54134],[6.13885,50.54055],[6.13788,50.53992],[6.13645,50.53939],[6.13589,50.53939],[6.13512,50.53901],[6.13468,50.53858],[6.1333,50.53819],[6.13297,50.53746],[6.13219,50.53725],[6.13186,50.53703],[6.13178,50.53661],[6.1311,50.53649],[6.13034,50.53654],[6.12993,50.53624],[6.12938,50.53549],[6.12873,50.53439],[6.12886,50.53424],[6.12953,50.53441],[6.12964,50.53422],[6.12926,50.53371],[6.12887,50.53353],[6.12909,50.53305],[6.12765,50.53231],[6.1272,50.53153],[6.12731,50.53099],[6.12676,50.53045],[6.12719,50.53011],[6.12677,50.52952],[6.12642,50.52935],[6.12537,50.52922],[6.12446,50.52871],[6.12422,50.52813],[6.12251,50.5277],[6.12133,50.52734],[6.12041,50.52725],[6.11949,50.52675],[6.11825,50.52658],[6.11766,50.52613],[6.11702,50.52596],[6.1162,50.52597],[6.11523,50.52545],[6.11467,50.52495],[6.11402,50.52466],[6.11349,50.52466],[6.11272,50.5243],[6.11192,50.52412],[6.11103,50.52367],[6.1105,50.5232],[6.10958,50.52286],[6.10813,50.52271],[6.10737,50.5225],[6.10649,50.52196],[6.1059,50.52186],[6.10583,50.52166],[6.10408,50.52127],[6.10374,50.52089],[6.10174,50.52082],[6.10128,50.52068],[6.10041,50.52064],[6.09937,50.52105],[6.09795,50.5213],[6.09681,50.52132],[6.0957,50.52177],[6.09493,50.52185],[6.09436,50.5221],[6.09417,50.5225],[6.0938,50.52265],[6.09352,50.52235],[6.09327,50.52252],[6.09198,50.52251],[6.09062,50.52293],[6.09006,50.52253],[6.08856,50.52207],[6.08821,50.52179],[6.0876,50.52166],[6.08589,50.52171],[6.08555,50.52241],[6.08292,50.52216],[6.08239,50.52195],[6.08147,50.52199],[6.07981,50.52164],[6.07912,50.52183],[6.07821,50.5218],[6.07785,50.52157],[6.07318,50.51966],[6.06698,50.5192],[6.06302,50.51904],[6.06676,50.51272],[6.07177,50.50849],[6.07693,50.50416],[6.07698,50.50406],[6.08227,50.49963],[6.08425,50.49772],[6.08619,50.49631],[6.08727,50.49538],[6.08794,50.4945],[6.08935,50.49065],[6.09024,50.48761],[6.09161,50.48477],[6.09185,50.48417],[6.09336,50.48145],[6.09414,50.48046],[6.09398,50.48019],[6.09432,50.47951],[6.09454,50.47871],[6.09495,50.47867],[6.09609,50.47694],[6.09716,50.47621],[6.09836,50.47591],[6.09793,50.47545],[6.09794,50.47516],[6.09729,50.47417],[6.0971,50.47361],[6.09671,50.47321],[6.0967,50.47259],[6.09593,50.47171],[6.09604,50.47138],[6.09599,50.47051],[6.09583,50.46992],[6.09613,50.46968],[6.09543,50.46934],[6.0941,50.46919],[6.09317,50.46933],[6.09228,50.46891],[6.09141,50.46767],[6.09119,50.4672],[6.09126,50.46624],[6.09078,50.46585],[6.09002,50.46592],[6.08971,50.46547],[6.09007,50.4651],[6.08996,50.46487],[6.08838,50.46412],[6.08811,50.46378],[6.08833,50.46329],[6.0889,50.46248],[6.08859,50.4621],[6.08791,50.46174],[6.08856,50.46121],[6.08995,50.46086],[6.09041,50.4609],[6.09133,50.46028],[6.09083,50.45968],[6.08955,50.45962],[6.08892,50.45919],[6.08891,50.45865],[6.08988,50.45834],[6.08947,50.45799],[6.08828,50.45758],[6.08835,50.45737],[6.08908,50.45678],[6.08918,50.45649],[6.089,50.45587],[6.08947,50.45528],[6.08933,50.4549],[6.08983,50.45463],[6.09061,50.45353],[6.08985,50.45297],[6.08979,50.45227],[6.09005,50.451],[6.08991,50.45038],[6.08918,50.45008],[6.08843,50.45023],[6.08791,50.45011],[6.08744,50.44928],[6.08691,50.4487],[6.08638,50.44847],[6.08505,50.44866],[6.08267,50.44862],[6.08112,50.44972],[6.07932,50.44987],[6.07807,50.44945],[6.07726,50.44929],[6.076,50.4492],[6.07529,50.44906],[6.07517,50.44837],[6.07407,50.44681],[6.0729,50.44542],[6.07212,50.44501],[6.0693,50.44461],[6.06859,50.4443],[6.06766,50.44374],[6.06741,50.4434],[6.0677,50.44295],[6.06846,50.44297],[6.06977,50.44284],[6.07099,50.44228],[6.07125,50.44159],[6.07278,50.4413],[6.07373,50.44134],[6.07578,50.43952],[6.07715,50.44019],[6.07861,50.43929],[6.07884,50.43902],[6.07951,50.43916],[6.08173,50.43861],[6.08459,50.4381],[6.0862,50.43794],[6.08753,50.43888],[6.088,50.43856],[6.09144,50.43729],[6.09306,50.43683],[6.08951,50.43497],[6.08979,50.43487],[6.0878,50.43338],[6.08728,50.43287],[6.08517,50.43201],[6.08481,50.43174],[6.08369,50.43144],[6.08295,50.43088],[6.08204,50.43085],[6.0814,50.43099],[6.08082,50.43084],[6.08021,50.43037],[6.07822,50.42991],[6.07739,50.42967],[6.07593,50.42876],[6.07674,50.42841],[6.07629,50.42807],[6.07528,50.42872],[6.07541,50.4284],[6.07509,50.42818],[6.07453,50.4275],[6.07383,50.42757],[6.07396,50.42774],[6.07308,50.42768],[6.07255,50.42724],[6.0719,50.42713],[6.07123,50.42683],[6.07029,50.4267],[6.07007,50.42638],[6.06917,50.42611],[6.06848,50.4261],[6.06878,50.42567],[6.06992,50.42534],[6.07098,50.4253],[6.07115,50.42496],[6.07166,50.42478],[6.07314,50.42514],[6.07431,50.425],[6.075,50.42475],[6.07574,50.42421],[6.07616,50.42367],[6.07655,50.42346],[6.07778,50.42346],[6.07832,50.42302],[6.07935,50.42272],[6.07976,50.42201],[6.08043,50.42118],[6.0807,50.42003],[6.07864,50.41727],[6.07805,50.41574],[6.0776,50.41372],[6.07701,50.41207],[6.07639,50.41122],[6.07465,50.40968],[6.07534,50.40881],[6.07542,50.40886],[6.07657,50.4074],[6.07348,50.40617],[6.07494,50.40531],[6.07366,50.40456],[6.07352,50.40388],[6.0732,50.40334],[6.07439,50.40283],[6.07401,50.40211],[6.07387,50.40214],[6.07286,50.40088],[6.0719,50.39994],[6.07283,50.39938],[6.07332,50.39933],[6.07477,50.39881],[6.07421,50.39851],[6.07307,50.39823],[6.07244,50.39818],[6.07233,50.39771],[6.07185,50.39759],[6.07205,50.39714],[6.07077,50.39695],[6.0711,50.39625],[6.07032,50.39614],[6.07067,50.39543],[6.06895,50.39504],[6.06901,50.39479],[6.07047,50.39398],[6.07218,50.39247],[6.07327,50.39232],[6.07456,50.39184],[6.07578,50.39182],[6.07654,50.39156],[6.07665,50.39121],[6.07597,50.3906],[6.07533,50.38986],[6.07585,50.38957],[6.07442,50.38893],[6.07396,50.3885],[6.07294,50.38788],[6.0727,50.38757],[6.07427,50.38706],[6.07371,50.38681],[6.07204,50.38514],[6.07122,50.3847],[6.07056,50.38414],[6.07046,50.3838],[6.072,50.3824],[6.07348,50.38154],[6.07453,50.38224],[6.0765,50.38035],[6.07673,50.38003],[6.07925,50.37782],[6.07937,50.37726],[6.08007,50.37727],[6.08051,50.37701],[6.08196,50.37691],[6.08402,50.37607],[6.0844,50.37606],[6.08462,50.37428],[6.08599,50.37418],[6.08642,50.3744],[6.08916,50.37445],[6.0899,50.37455],[6.09086,50.3742],[6.09257,50.37482],[6.09317,50.37495],[6.09377,50.37562],[6.09436,50.37604],[6.09522,50.37643],[6.09626,50.37718],[6.09719,50.37795],[6.09756,50.37856],[6.0979,50.37869],[6.0993,50.37887],[6.09993,50.3788],[6.10073,50.37902],[6.10102,50.37955],[6.10255,50.37963],[6.10345,50.37978],[6.10425,50.37922],[6.1051,50.37923],[6.10603,50.37945],[6.10638,50.37967],[6.10722,50.37991],[6.10759,50.38031],[6.10762,50.3807],[6.10791,50.38078],[6.11072,50.38095],[6.11119,50.38059],[6.11223,50.38017],[6.11294,50.38023],[6.11364,50.38004],[6.11479,50.37933],[6.11544,50.37912],[6.11603,50.37927],[6.11666,50.37907],[6.11645,50.37836],[6.1169,50.37765],[6.11727,50.3774],[6.11774,50.3764],[6.11949,50.37725],[6.12049,50.37751],[6.12136,50.37785],[6.12211,50.37802],[6.12415,50.37867],[6.124,50.37897],[6.12415,50.37955],[6.12456,50.38039],[6.12459,50.38076],[6.12506,50.38181],[6.1239,50.38315],[6.12355,50.38401],[6.1231,50.38455],[6.124,50.38485],[6.12482,50.38491],[6.12599,50.38545],[6.12663,50.38492],[6.12912,50.38578],[6.12982,50.38633],[6.13025,50.38689],[6.1316,50.38782],[6.13339,50.38801],[6.13496,50.38865],[6.13691,50.38875],[6.13823,50.38895],[6.13927,50.38967],[6.14002,50.38966],[6.14157,50.39042],[6.14221,50.391],[6.14308,50.39117],[6.14314,50.39156],[6.14396,50.39194],[6.14528,50.39225],[6.14682,50.39186],[6.14735,50.39181],[6.14981,50.39209],[6.15292,50.39252],[6.15334,50.3929],[6.15462,50.39376],[6.15599,50.39458],[6.15783,50.39597],[6.15847,50.39661],[6.16005,50.39853],[6.16061,50.39891],[6.16209,50.39917],[6.1622,50.39895],[6.16297,50.39904],[6.16367,50.39949],[6.16517,50.3996],[6.1682,50.39924],[6.16808,50.39972],[6.16785,50.39974],[6.16779,50.40055],[6.16725,50.40126],[6.16783,50.40167],[6.1689,50.40131],[6.17047,50.40222],[6.17063,50.4033],[6.17126,50.4037],[6.17157,50.40455],[6.17451,50.40434],[6.17445,50.40355],[6.17532,50.40328],[6.17508,50.40261],[6.17552,50.40255],[6.17569,50.40208],[6.17541,50.4005],[6.17609,50.40028],[6.17653,50.40064],[6.17713,50.40053],[6.17725,50.4009],[6.17678,50.40187],[6.17691,50.40254],[6.17675,50.40306],[6.17709,50.40325],[6.17778,50.40311],[6.1784,50.40342],[6.18057,50.40432],[6.18173,50.40471],[6.18144,50.40481],[6.18155,50.40537],[6.18214,50.40654],[6.18241,50.40847],[6.18176,50.40905],[6.18119,50.40992],[6.18086,50.41023],[6.18098,50.41059],[6.18024,50.41141],[6.17912,50.41187],[6.17825,50.41339],[6.17866,50.41557],[6.1788,50.41765],[6.17653,50.41812],[6.175,50.41836],[6.17251,50.41725],[6.17089,50.41705],[6.16956,50.41759],[6.16859,50.41824],[6.16802,50.41829],[6.16662,50.41914],[6.16558,50.4196],[6.16453,50.42048],[6.16315,50.42183],[6.16249,50.42218],[6.16121,50.42215],[6.15999,50.42224],[6.1576,50.42266],[6.15544,50.42323],[6.15359,50.42366],[6.15358,50.42388],[6.15203,50.42401],[6.15024,50.42447],[6.14915,50.42482],[6.1495,50.42544],[6.15072,50.42507],[6.1515,50.42593],[6.15041,50.42632],[6.15068,50.42678],[6.15172,50.42663],[6.15225,50.42784],[6.15179,50.42929],[6.15181,50.42976],[6.15096,50.42984],[6.15104,50.43089],[6.15088,50.43154],[6.1515,50.4319],[6.1513,50.43233],[6.15064,50.43313],[6.14846,50.43495],[6.15089,50.43574],[6.15089,50.43616],[6.1527,50.43694],[6.15399,50.43738],[6.15437,50.43763],[6.15482,50.43829],[6.15507,50.43891],[6.1551,50.43988],[6.15552,50.44079],[6.15594,50.44125],[6.15723,50.44192],[6.15512,50.44283],[6.1536,50.44274],[6.15307,50.44315],[6.15272,50.44318],[6.1529,50.44364],[6.15359,50.44406],[6.15387,50.44447],[6.15373,50.44563],[6.15333,50.44739],[6.15336,50.44786],[6.15321,50.44878],[6.15277,50.44942],[6.15316,50.45007],[6.1533,50.45065],[6.15315,50.45312],[6.15319,50.45399],[6.15309,50.45473],[6.15291,50.4584],[6.15307,50.45895],[6.15302,50.45996],[6.15329,50.46224],[6.15288,50.46319],[6.15234,50.46514],[6.15073,50.46772],[6.14838,50.47139],[6.14829,50.47148],[6.14638,50.479],[6.14621,50.48139],[6.14593,50.48181],[6.14599,50.48288],[6.14638,50.48408],[6.14634,50.48461],[6.14601,50.48537],[6.14623,50.48655],[6.14666,50.487],[6.14641,50.48837],[6.14527,50.49026],[6.14493,50.491],[6.14447,50.4925],[6.14191,50.49263],[6.13962,50.49264],[6.13835,50.49303],[6.13633,50.49385],[6.13427,50.49482],[6.13379,50.49519],[6.13338,50.49577],[6.1323,50.49694],[6.13176,50.49741],[6.1311,50.49773],[6.13072,50.49814],[6.13072,50.49984],[6.13318,50.50004],[6.13305,50.50184],[6.13341,50.5028],[6.1351,50.50445],[6.13775,50.50691],[6.13914,50.5078],[6.13983,50.508],[6.13975,50.5082],[6.14136,50.50849],[6.14317,50.50902],[6.14463,50.50912],[6.14528,50.50967],[6.14608,50.50995],[6.14633,50.51037],[6.14856,50.51086],[6.14978,50.51122],[6.15034,50.51155],[6.15111,50.51222],[6.15119,50.51301],[6.1522,50.51347],[6.15348,50.5142],[6.1546,50.51423],[6.15475,50.5141],[6.15561,50.51422],[6.156,50.5141],[6.15662,50.51442],[6.15706,50.51436],[6.15784,50.51459],[6.15895,50.51461],[6.15998,50.51489],[6.16081,50.51531],[6.16158,50.51517],[6.16263,50.51517],[6.1634,50.51542],[6.16389,50.51574],[6.16533,50.51601],[6.16569,50.51587],[6.16638,50.51591],[6.16689,50.51565],[6.16766,50.51576],[6.16851,50.51604],[6.169,50.51606],[6.16977,50.51635],[6.17002,50.51621],[6.17112,50.51633],[6.17152,50.51615],[6.17226,50.51622],[6.17393,50.51686],[6.17528,50.51724],[6.17552,50.51723],[6.17651,50.51769],[6.17706,50.5176],[6.17889,50.51816],[6.18009,50.51812],[6.18052,50.51823],[6.18033,50.51845],[6.18106,50.51864],[6.18146,50.51849],[6.18258,50.51882],[6.18386,50.51945],[6.18495,50.5197],[6.18653,50.51966],[6.18826,50.52006],[6.18908,50.52002],[6.19038,50.52035],[6.19086,50.52066],[6.19197,50.52092],[6.19226,50.5211]]]}},{"type":"Feature","id":"63084","bbox":[5.884418,50.626417,6.00034,50.699476],"properties":{"nis":"63084","name":"Welkenraedt","nameNl":"Welkenraat","nameFr":"Welkenraedt","nameDe":"Welkenrath","province":"liege","region":"wallonia","areaKm2":24.65},"geometry":{"type":"Polygon","coordinates":[[[6.00034,50.64985],[5.99764,50.65166],[5.99627,50.65251],[5.99223,50.65486],[5.99116,50.65535],[5.9885,50.65671],[5.9855,50.6583],[5.98237,50.65965],[5.98129,50.66017],[5.98079,50.66057],[5.97881,50.66242],[5.9766,50.66479],[5.97576,50.66563],[5.97422,50.66739],[5.97329,50.66868],[5.97157,50.6707],[5.96789,50.67504],[5.96692,50.67593],[5.96558,50.6769],[5.96461,50.6777],[5.96153,50.67977],[5.95464,50.6843],[5.95553,50.68504],[5.96224,50.69143],[5.96319,50.69227],[5.96418,50.693],[5.96717,50.69507],[5.96336,50.69729],[5.96081,50.69859],[5.9588,50.69948],[5.95822,50.69918],[5.95675,50.69822],[5.95599,50.69797],[5.9549,50.69784],[5.95166,50.69702],[5.95083,50.69676],[5.94961,50.6962],[5.94799,50.69564],[5.94578,50.69498],[5.94291,50.69441],[5.94063,50.69358],[5.93986,50.69318],[5.93862,50.69201],[5.93743,50.69154],[5.93659,50.69081],[5.93466,50.68961],[5.93289,50.68929],[5.93252,50.68895],[5.93199,50.68777],[5.93112,50.68658],[5.93054,50.68607],[5.92941,50.68536],[5.92861,50.68462],[5.92681,50.68261],[5.92626,50.68158],[5.92619,50.68088],[5.92503,50.68006],[5.92379,50.67954],[5.92234,50.67851],[5.92176,50.67817],[5.92124,50.67761],[5.91881,50.67625],[5.91623,50.67506],[5.90969,50.67368],[5.9081,50.67328],[5.90601,50.67268],[5.90519,50.6723],[5.90462,50.67188],[5.90477,50.67178],[5.9038,50.67062],[5.90311,50.66995],[5.90295,50.67003],[5.90165,50.66886],[5.89824,50.66712],[5.89662,50.66612],[5.89737,50.66428],[5.89847,50.66107],[5.89867,50.66038],[5.9002,50.65832],[5.89981,50.65661],[5.89816,50.65369],[5.89817,50.65333],[5.89851,50.65224],[5.89882,50.65066],[5.89891,50.64941],[5.89909,50.64899],[5.90099,50.64686],[5.9017,50.64654],[5.90338,50.64524],[5.90201,50.64472],[5.90066,50.64442],[5.89821,50.64352],[5.89606,50.64262],[5.89585,50.64244],[5.89333,50.63952],[5.89253,50.63913],[5.89121,50.63865],[5.89016,50.63818],[5.89012,50.63804],[5.88685,50.63606],[5.88612,50.63554],[5.88442,50.63385],[5.88446,50.63346],[5.88563,50.63283],[5.88747,50.63262],[5.88823,50.63225],[5.88822,50.63203],[5.88942,50.63076],[5.89166,50.62924],[5.8934,50.62888],[5.8935,50.62852],[5.89491,50.6269],[5.89592,50.62653],[5.89669,50.62671],[5.89805,50.62678],[5.89937,50.62676],[5.90018,50.62646],[5.90073,50.62645],[5.90119,50.62709],[5.90143,50.62787],[5.90279,50.62996],[5.90403,50.63088],[5.90472,50.63128],[5.90478,50.63164],[5.90521,50.6317],[5.90577,50.63248],[5.90468,50.63287],[5.90411,50.63317],[5.90406,50.63342],[5.90323,50.63357],[5.90315,50.63388],[5.90257,50.63451],[5.90141,50.63495],[5.90109,50.63523],[5.90037,50.63503],[5.89993,50.63524],[5.89967,50.63566],[5.89971,50.6366],[5.89988,50.63702],[5.90049,50.63752],[5.9051,50.63937],[5.90539,50.63934],[5.90779,50.64009],[5.90976,50.64046],[5.91182,50.64093],[5.91343,50.64142],[5.91491,50.64304],[5.91516,50.64347],[5.91568,50.64354],[5.91726,50.64333],[5.91746,50.64439],[5.91771,50.64455],[5.91887,50.64686],[5.919,50.64741],[5.91939,50.64753],[5.92047,50.64911],[5.92164,50.64944],[5.92632,50.65051],[5.92725,50.65091],[5.92867,50.65205],[5.93157,50.65314],[5.9325,50.65189],[5.9331,50.65252],[5.93417,50.6521],[5.93544,50.65187],[5.93596,50.6521],[5.93638,50.65093],[5.93666,50.65039],[5.93714,50.64994],[5.9393,50.64985],[5.94241,50.64966],[5.95163,50.64892],[5.96591,50.64775],[5.96774,50.64758],[5.97171,50.64729],[5.97503,50.64676],[5.97784,50.64651],[5.98056,50.64641],[5.98235,50.64648],[5.98395,50.64686],[5.9869,50.64707],[5.98989,50.64742],[5.99221,50.6478],[5.99477,50.64831],[5.99649,50.64872],[5.99864,50.64932],[6.00034,50.64985]]]}},{"type":"Feature","id":"63086","bbox":[5.760231,50.319747,6.00204,50.391071],"properties":{"nis":"63086","name":"Trois-Ponts","nameNl":"Trois-Ponts","nameFr":"Trois-Ponts","nameDe":"Dreibrücken","province":"liege","region":"wallonia","areaKm2":68.63},"geometry":{"type":"Polygon","coordinates":[[[5.85042,50.32681],[5.85031,50.32779],[5.85074,50.3284],[5.85086,50.32906],[5.85112,50.32933],[5.85087,50.32948],[5.8511,50.32979],[5.85085,50.33022],[5.85111,50.33084],[5.8509,50.33122],[5.85109,50.33314],[5.85124,50.33536],[5.85172,50.33595],[5.85255,50.33668],[5.85334,50.33758],[5.85395,50.33843],[5.85624,50.34015],[5.85562,50.3407],[5.8578,50.34211],[5.85885,50.34315],[5.85977,50.34392],[5.86011,50.34445],[5.86105,50.34529],[5.86042,50.34565],[5.86121,50.34658],[5.86117,50.34683],[5.86163,50.34715],[5.86175,50.34782],[5.86201,50.34829],[5.86279,50.34783],[5.86385,50.3469],[5.86568,50.3459],[5.86769,50.34527],[5.86879,50.34474],[5.87145,50.34369],[5.8726,50.34336],[5.87681,50.34233],[5.87835,50.34204],[5.88038,50.34154],[5.88204,50.34063],[5.88317,50.34021],[5.88481,50.33985],[5.8871,50.33963],[5.88816,50.33931],[5.88862,50.33885],[5.88957,50.33866],[5.89076,50.33882],[5.89247,50.33924],[5.89409,50.33943],[5.89526,50.33966],[5.89625,50.33973],[5.89749,50.33921],[5.89844,50.33953],[5.89964,50.33928],[5.90092,50.3394],[5.9017,50.33921],[5.90204,50.33862],[5.90257,50.33839],[5.90314,50.33841],[5.90329,50.33822],[5.9044,50.33784],[5.90497,50.33775],[5.90568,50.3374],[5.90622,50.33685],[5.9071,50.33645],[5.90759,50.33661],[5.90866,50.3365],[5.90943,50.33617],[5.91007,50.33555],[5.91046,50.33549],[5.91076,50.33515],[5.91218,50.33482],[5.9122,50.33469],[5.91357,50.33484],[5.91411,50.33454],[5.91499,50.33466],[5.91652,50.33444],[5.91689,50.33418],[5.9173,50.33431],[5.91825,50.33378],[5.91945,50.33374],[5.92013,50.33335],[5.92185,50.33281],[5.92365,50.33264],[5.92412,50.33246],[5.92455,50.33253],[5.92615,50.33227],[5.92745,50.33259],[5.92854,50.33243],[5.92922,50.33295],[5.93022,50.33321],[5.93029,50.3335],[5.93156,50.33399],[5.93228,50.33401],[5.93362,50.33463],[5.93387,50.335],[5.93461,50.33562],[5.93463,50.33593],[5.93523,50.33627],[5.93538,50.33682],[5.93593,50.33778],[5.93716,50.3383],[5.93873,50.33815],[5.93929,50.33801],[5.9401,50.33745],[5.94099,50.33732],[5.94151,50.33713],[5.94196,50.33721],[5.94257,50.33679],[5.94323,50.33687],[5.94381,50.33669],[5.9442,50.33635],[5.94456,50.33649],[5.94548,50.33647],[5.94659,50.33622],[5.94773,50.33633],[5.94846,50.33653],[5.94932,50.33638],[5.95001,50.33592],[5.95026,50.33561],[5.95115,50.33553],[5.95195,50.33523],[5.95276,50.33458],[5.95355,50.33446],[5.95439,50.33397],[5.95536,50.33356],[5.95636,50.33251],[5.95664,50.33197],[5.95752,50.33116],[5.95766,50.33085],[5.9587,50.33029],[5.95946,50.32922],[5.95966,50.32917],[5.96019,50.32813],[5.96014,50.32787],[5.96089,50.32742],[5.96269,50.32771],[5.96576,50.32805],[5.9686,50.32832],[5.97222,50.32896],[5.97612,50.32936],[5.98017,50.32983],[5.98777,50.33014],[5.99373,50.32975],[5.99714,50.32973],[5.99818,50.3298],[5.99866,50.32999],[5.99913,50.33039],[5.99982,50.33131],[6.00041,50.33171],[6.00204,50.33326],[6.00187,50.33365],[6.00052,50.33599],[5.99977,50.33595],[5.99781,50.33546],[5.99631,50.33538],[5.99573,50.3355],[5.99729,50.33967],[5.99781,50.34123],[5.99859,50.34227],[5.99892,50.34285],[5.99893,50.34327],[5.99807,50.34411],[5.99751,50.34484],[5.99767,50.34577],[5.99813,50.34633],[5.99893,50.34706],[5.99947,50.34739],[5.99967,50.34771],[5.99962,50.34836],[5.99803,50.34944],[5.99733,50.35004],[5.9967,50.35037],[5.99481,50.3581],[5.99258,50.35926],[5.99064,50.36015],[5.9888,50.36083],[5.98599,50.36136],[5.98423,50.3618],[5.9822,50.36182],[5.97778,50.36193],[5.97583,50.36211],[5.97511,50.36234],[5.97319,50.36321],[5.97146,50.36368],[5.97074,50.36424],[5.97012,50.3654],[5.96973,50.36588],[5.96855,50.36701],[5.96829,50.36754],[5.96847,50.3683],[5.96796,50.36929],[5.96781,50.37002],[5.96716,50.37128],[5.96726,50.3716],[5.96682,50.37222],[5.96674,50.37154],[5.9661,50.37128],[5.96434,50.37124],[5.96281,50.37138],[5.96201,50.37154],[5.96127,50.37138],[5.95551,50.37395],[5.95069,50.37364],[5.94341,50.37309],[5.93774,50.37129],[5.93719,50.37107],[5.93516,50.37115],[5.93345,50.37098],[5.92973,50.37123],[5.92898,50.37112],[5.92716,50.37209],[5.92598,50.37295],[5.92325,50.37353],[5.92277,50.37373],[5.92206,50.37371],[5.92175,50.37417],[5.91996,50.37435],[5.91905,50.3743],[5.91599,50.37349],[5.91511,50.37476],[5.91475,50.37495],[5.914,50.37582],[5.91315,50.37637],[5.91251,50.3769],[5.91194,50.37721],[5.9084,50.37784],[5.90753,50.37794],[5.90679,50.37837],[5.90613,50.37892],[5.90578,50.37938],[5.90564,50.38072],[5.90507,50.38243],[5.90476,50.38292],[5.90387,50.38319],[5.90307,50.3832],[5.90228,50.38308],[5.902,50.3829],[5.90155,50.38204],[5.90107,50.38147],[5.8999,50.38117],[5.8994,50.38071],[5.89946,50.37978],[5.89972,50.37922],[5.89948,50.37784],[5.89929,50.37743],[5.89884,50.37708],[5.89698,50.37668],[5.89505,50.37682],[5.89336,50.37717],[5.89122,50.3778],[5.88932,50.378],[5.88555,50.37795],[5.8833,50.37766],[5.8793,50.37643],[5.87855,50.37625],[5.87651,50.37614],[5.87584,50.37648],[5.87577,50.37711],[5.87651,50.37777],[5.87765,50.37914],[5.87841,50.3799],[5.87926,50.38112],[5.87813,50.38157],[5.87759,50.38099],[5.87661,50.37973],[5.8753,50.37846],[5.87398,50.37901],[5.87435,50.37953],[5.87465,50.38023],[5.87512,50.38057],[5.87546,50.38108],[5.87625,50.38297],[5.87656,50.38409],[5.87488,50.38447],[5.87443,50.384],[5.87388,50.38371],[5.87193,50.38318],[5.87031,50.38286],[5.86822,50.38283],[5.86655,50.38289],[5.86489,50.3832],[5.8625,50.38379],[5.86167,50.3846],[5.86285,50.38501],[5.86291,50.38524],[5.86244,50.38625],[5.86195,50.3877],[5.86162,50.38847],[5.85992,50.38796],[5.85957,50.38775],[5.85851,50.38792],[5.85733,50.38781],[5.85647,50.38797],[5.85511,50.38845],[5.85202,50.39016],[5.85104,50.39105],[5.85063,50.39107],[5.84948,50.39072],[5.84811,50.39047],[5.84746,50.39026],[5.84629,50.38906],[5.8455,50.38875],[5.84417,50.38868],[5.84338,50.38849],[5.8429,50.38811],[5.83882,50.38387],[5.83749,50.38429],[5.83582,50.38463],[5.83452,50.38502],[5.83361,50.38487],[5.83243,50.38437],[5.82879,50.382],[5.82681,50.38136],[5.82574,50.38092],[5.82568,50.38069],[5.82454,50.37998],[5.82253,50.37896],[5.82093,50.3786],[5.81908,50.37824],[5.81608,50.37779],[5.81519,50.37734],[5.81487,50.37604],[5.81253,50.37571],[5.80835,50.37493],[5.80618,50.37469],[5.79977,50.3745],[5.79782,50.37456],[5.7954,50.37458],[5.79451,50.37452],[5.79093,50.37332],[5.7894,50.37269],[5.78812,50.37238],[5.78602,50.37201],[5.78419,50.37156],[5.78245,50.37104],[5.77986,50.3702],[5.77726,50.36951],[5.77495,50.36893],[5.77291,50.36851],[5.77062,50.36782],[5.76895,50.36744],[5.76241,50.36614],[5.76023,50.36575],[5.76029,50.3647],[5.7604,50.36344],[5.76038,50.36256],[5.76168,50.36213],[5.76292,50.36062],[5.7635,50.35948],[5.76436,50.35843],[5.76535,50.35607],[5.76558,50.3557],[5.76616,50.35591],[5.76678,50.35651],[5.76909,50.35607],[5.76909,50.35581],[5.76985,50.35474],[5.76949,50.35381],[5.76965,50.35316],[5.77024,50.35256],[5.77108,50.35119],[5.77187,50.35049],[5.77443,50.34903],[5.77539,50.34865],[5.77618,50.34823],[5.7789,50.34722],[5.78042,50.34669],[5.78036,50.34641],[5.78105,50.34625],[5.7814,50.34591],[5.78193,50.34575],[5.78271,50.34524],[5.78335,50.34505],[5.78362,50.34471],[5.78513,50.34411],[5.7867,50.34318],[5.78696,50.34292],[5.78755,50.34275],[5.78922,50.34157],[5.79,50.34119],[5.79094,50.34109],[5.79131,50.34065],[5.79212,50.34035],[5.79324,50.34028],[5.79396,50.34012],[5.79425,50.34039],[5.79489,50.3405],[5.79561,50.34032],[5.79605,50.33988],[5.79706,50.34061],[5.79757,50.34041],[5.79865,50.34057],[5.79894,50.3403],[5.80121,50.34088],[5.80207,50.34131],[5.8025,50.3413],[5.80276,50.34153],[5.80394,50.34164],[5.80453,50.34222],[5.8049,50.34199],[5.80608,50.3418],[5.80714,50.34211],[5.8074,50.34235],[5.80781,50.3423],[5.80935,50.34286],[5.81065,50.34292],[5.81186,50.34309],[5.81219,50.34331],[5.81284,50.34329],[5.81434,50.34369],[5.81484,50.34359],[5.81622,50.34366],[5.81707,50.34384],[5.81735,50.34408],[5.81801,50.34417],[5.81878,50.34406],[5.81918,50.34427],[5.82091,50.3444],[5.82147,50.34427],[5.82193,50.3444],[5.82222,50.34476],[5.82308,50.34482],[5.82467,50.34568],[5.82591,50.3459],[5.82606,50.34616],[5.82683,50.34632],[5.82842,50.3472],[5.83014,50.34731],[5.83077,50.34704],[5.83094,50.34714],[5.83279,50.34743],[5.83353,50.34791],[5.83382,50.34776],[5.83435,50.34814],[5.83487,50.34747],[5.83491,50.34698],[5.83538,50.34638],[5.83527,50.346],[5.83476,50.3452],[5.83481,50.34403],[5.83433,50.34344],[5.83442,50.34242],[5.83416,50.34218],[5.83419,50.34127],[5.83356,50.34101],[5.83365,50.33998],[5.83385,50.33921],[5.83718,50.33594],[5.83763,50.33414],[5.83848,50.33219],[5.83839,50.33074],[5.83776,50.32939],[5.83783,50.32863],[5.83863,50.32727],[5.83909,50.3269],[5.84003,50.32664],[5.84062,50.32637],[5.84186,50.32554],[5.84249,50.32479],[5.84324,50.32406],[5.8439,50.32327],[5.84405,50.32156],[5.84585,50.32118],[5.84669,50.32091],[5.84924,50.31983],[5.85032,50.31975],[5.85086,50.32083],[5.85082,50.32224],[5.85035,50.32562],[5.85042,50.32681]]]}},{"type":"Feature","id":"63087","bbox":[6.008692,50.129485,6.192496,50.264605],"properties":{"nis":"63087","name":"Burg-Reuland","nameNl":"Burg-Reuland","nameFr":"Burg-Reuland","nameDe":"Burg-Reuland","province":"liege","region":"wallonia","areaKm2":109.44},"geometry":{"type":"Polygon","coordinates":[[[6.02478,50.1828],[6.02546,50.18032],[6.02645,50.17749],[6.02666,50.1771],[6.02737,50.17646],[6.02811,50.17522],[6.029,50.17331],[6.02956,50.17074],[6.02936,50.16903],[6.02958,50.16737],[6.02925,50.16637],[6.02941,50.16598],[6.03073,50.16451],[6.03139,50.16392],[6.0321,50.1635],[6.03329,50.16247],[6.03384,50.16217],[6.03522,50.16191],[6.03653,50.16108],[6.03706,50.16066],[6.04005,50.1594],[6.04204,50.15894],[6.04352,50.1585],[6.04517,50.1577],[6.04573,50.15769],[6.04862,50.15722],[6.05029,50.15682],[6.05537,50.15514],[6.05613,50.15467],[6.05702,50.15434],[6.05815,50.15425],[6.05932,50.15396],[6.06037,50.15389],[6.06149,50.15364],[6.06263,50.15386],[6.06331,50.15361],[6.06342,50.15336],[6.06412,50.15342],[6.06463,50.15363],[6.06453,50.15379],[6.06577,50.15402],[6.06629,50.15432],[6.06718,50.15459],[6.06892,50.15535],[6.07031,50.15668],[6.07079,50.15668],[6.07171,50.15727],[6.07417,50.15748],[6.07482,50.15707],[6.07543,50.15708],[6.0762,50.15681],[6.07736,50.15694],[6.07879,50.1565],[6.07853,50.15709],[6.0786,50.15854],[6.07907,50.15998],[6.08015,50.16108],[6.08038,50.16154],[6.08051,50.16265],[6.08021,50.16413],[6.07927,50.16682],[6.07899,50.16837],[6.07968,50.16907],[6.07988,50.16966],[6.0792,50.17079],[6.0832,50.17182],[6.08425,50.172],[6.08507,50.17201],[6.08667,50.17162],[6.08699,50.1713],[6.08879,50.17064],[6.08957,50.17057],[6.09041,50.17021],[6.09107,50.17025],[6.09198,50.16978],[6.09256,50.16978],[6.09256,50.16938],[6.09338,50.16954],[6.09393,50.16929],[6.09448,50.16942],[6.09478,50.16929],[6.09595,50.16956],[6.09666,50.16952],[6.09778,50.16974],[6.09809,50.17004],[6.09916,50.17031],[6.09988,50.17071],[6.10068,50.17056],[6.10109,50.17064],[6.10201,50.17049],[6.10245,50.17055],[6.1102,50.16738],[6.11528,50.16529],[6.11936,50.16357],[6.11978,50.16335],[6.1204,50.16183],[6.11747,50.15882],[6.1168,50.15776],[6.11567,50.15686],[6.1151,50.15612],[6.11498,50.15575],[6.11523,50.15506],[6.11583,50.15515],[6.11674,50.15506],[6.11762,50.15476],[6.11843,50.15399],[6.11857,50.15348],[6.11941,50.15314],[6.11929,50.15267],[6.11993,50.15241],[6.12066,50.15193],[6.12148,50.15201],[6.12219,50.15146],[6.1229,50.15143],[6.12354,50.1512],[6.12408,50.15125],[6.12436,50.15086],[6.12504,50.15038],[6.12568,50.15011],[6.12493,50.14976],[6.124,50.14955],[6.12278,50.1495],[6.12124,50.14894],[6.11888,50.1479],[6.1177,50.14718],[6.11735,50.14685],[6.11711,50.14617],[6.117,50.14453],[6.11553,50.14451],[6.11507,50.14419],[6.1147,50.1429],[6.11404,50.1419],[6.11365,50.14057],[6.11351,50.13949],[6.11272,50.13842],[6.11214,50.13799],[6.11206,50.13616],[6.11228,50.13602],[6.11371,50.13635],[6.11486,50.13642],[6.11663,50.13637],[6.11821,50.13615],[6.11871,50.1362],[6.11978,50.13609],[6.11999,50.1363],[6.12075,50.13628],[6.12112,50.136],[6.12199,50.13571],[6.12409,50.13464],[6.12479,50.1347],[6.12656,50.13397],[6.12693,50.13341],[6.12773,50.13272],[6.12864,50.13225],[6.12916,50.13167],[6.12965,50.13089],[6.1305,50.13036],[6.13083,50.12981],[6.13194,50.12962],[6.13289,50.12969],[6.13342,50.12949],[6.13427,50.12956],[6.1349,50.12976],[6.13478,50.12993],[6.13557,50.13019],[6.13654,50.12983],[6.13682,50.13014],[6.13726,50.12989],[6.13779,50.12985],[6.13792,50.1303],[6.13835,50.1309],[6.13862,50.13184],[6.13858,50.13363],[6.13835,50.13408],[6.13849,50.13454],[6.13891,50.1348],[6.13966,50.13494],[6.14208,50.13492],[6.14403,50.13536],[6.14503,50.13533],[6.14718,50.13567],[6.14833,50.13633],[6.15075,50.13754],[6.15081,50.13896],[6.15134,50.1396],[6.15215,50.14032],[6.15307,50.14094],[6.1545,50.14164],[6.15395,50.14254],[6.15372,50.1431],[6.15358,50.14396],[6.15329,50.14493],[6.15239,50.14728],[6.15251,50.14843],[6.15299,50.14967],[6.15298,50.15015],[6.15044,50.15064],[6.15041,50.1509],[6.14968,50.15111],[6.14846,50.15178],[6.14754,50.15127],[6.14389,50.14955],[6.14291,50.14901],[6.1421,50.14803],[6.1407,50.14801],[6.14075,50.14913],[6.14055,50.14951],[6.13918,50.15031],[6.13598,50.15132],[6.13454,50.15158],[6.13411,50.15183],[6.13379,50.1524],[6.13258,50.15297],[6.13202,50.15351],[6.13183,50.1548],[6.13211,50.15534],[6.13261,50.15551],[6.13374,50.15544],[6.13572,50.1552],[6.13897,50.15508],[6.14183,50.15555],[6.14284,50.15583],[6.14403,50.15638],[6.14477,50.15705],[6.14534,50.15807],[6.14614,50.15894],[6.14698,50.15972],[6.14766,50.16055],[6.14619,50.16167],[6.14597,50.16193],[6.14606,50.16225],[6.14642,50.16224],[6.14616,50.16282],[6.14581,50.16314],[6.14464,50.16339],[6.14343,50.16409],[6.14167,50.16533],[6.14059,50.16634],[6.13961,50.16783],[6.13968,50.16908],[6.13997,50.16943],[6.14046,50.16963],[6.1416,50.16962],[6.14293,50.16972],[6.14309,50.16964],[6.14466,50.16962],[6.1465,50.16987],[6.14727,50.17013],[6.14776,50.17046],[6.14776,50.17088],[6.14714,50.17132],[6.14522,50.17217],[6.14469,50.1725],[6.14441,50.17294],[6.14437,50.17376],[6.14478,50.17441],[6.14546,50.17598],[6.14592,50.17681],[6.147,50.17775],[6.14768,50.1775],[6.14939,50.17755],[6.15018,50.17739],[6.15147,50.17666],[6.15242,50.17631],[6.15287,50.17579],[6.15402,50.17421],[6.15479,50.17337],[6.15588,50.17188],[6.15708,50.17181],[6.15851,50.17186],[6.15999,50.17176],[6.16022,50.17181],[6.16081,50.17382],[6.16129,50.17491],[6.16209,50.17589],[6.16177,50.17618],[6.16165,50.177],[6.16207,50.17772],[6.16433,50.17863],[6.16447,50.17838],[6.16535,50.17861],[6.16527,50.17892],[6.16693,50.1791],[6.16766,50.17971],[6.1685,50.17937],[6.16886,50.17882],[6.1706,50.17867],[6.17134,50.17876],[6.17407,50.17932],[6.17499,50.17939],[6.17593,50.17923],[6.17716,50.17887],[6.17825,50.18044],[6.17847,50.17958],[6.17927,50.1788],[6.18052,50.17815],[6.1842,50.17831],[6.18571,50.17881],[6.18716,50.17922],[6.18842,50.17975],[6.1925,50.18207],[6.19102,50.18234],[6.18953,50.18293],[6.18708,50.18355],[6.18606,50.18401],[6.19006,50.18611],[6.19033,50.18724],[6.19016,50.18766],[6.18894,50.18851],[6.18838,50.18902],[6.18706,50.18954],[6.18675,50.19033],[6.18594,50.19124],[6.18516,50.19183],[6.18413,50.19221],[6.18395,50.19268],[6.1846,50.19296],[6.18501,50.19389],[6.18652,50.1953],[6.18658,50.19583],[6.18612,50.1965],[6.18546,50.19806],[6.18506,50.19873],[6.18508,50.19925],[6.18596,50.20013],[6.18636,50.20075],[6.18649,50.20139],[6.18551,50.20217],[6.18527,50.20271],[6.18565,50.20351],[6.1863,50.20395],[6.18707,50.2042],[6.187,50.20441],[6.18787,50.20449],[6.18866,50.20471],[6.18885,50.20533],[6.18824,50.20551],[6.18542,50.20607],[6.18375,50.20703],[6.1827,50.20815],[6.18232,50.2091],[6.18209,50.20994],[6.18197,50.21106],[6.18155,50.21201],[6.18048,50.21294],[6.17909,50.21394],[6.17859,50.2145],[6.17873,50.21536],[6.17788,50.21659],[6.17694,50.21667],[6.17632,50.21684],[6.1747,50.21756],[6.17353,50.21833],[6.17259,50.21879],[6.17127,50.21914],[6.16793,50.21931],[6.16741,50.21917],[6.16676,50.21934],[6.1665,50.21976],[6.16633,50.22079],[6.16647,50.22211],[6.16737,50.22386],[6.16801,50.22441],[6.16951,50.2249],[6.17014,50.22498],[6.17088,50.22475],[6.17266,50.22469],[6.17391,50.22486],[6.17521,50.22519],[6.17653,50.22583],[6.17707,50.22669],[6.17751,50.22843],[6.1774,50.22882],[6.17642,50.22945],[6.17593,50.23005],[6.17495,50.23093],[6.17396,50.23142],[6.17377,50.23165],[6.1733,50.23176],[6.17312,50.23218],[6.17276,50.23205],[6.17207,50.23211],[6.17072,50.2317],[6.17054,50.23128],[6.1694,50.23052],[6.16897,50.23057],[6.16788,50.23011],[6.16723,50.2309],[6.16669,50.23133],[6.16652,50.23201],[6.16626,50.23213],[6.16592,50.23271],[6.16559,50.23283],[6.16449,50.23288],[6.16326,50.23308],[6.16255,50.23302],[6.16209,50.23273],[6.16153,50.2326],[6.16096,50.23266],[6.15944,50.2331],[6.1588,50.23367],[6.15707,50.23418],[6.15607,50.23428],[6.15528,50.23423],[6.15349,50.23467],[6.15327,50.23528],[6.15266,50.23519],[6.15201,50.23529],[6.15119,50.23567],[6.15119,50.23609],[6.15042,50.23617],[6.14889,50.23586],[6.14802,50.23594],[6.14679,50.23573],[6.14606,50.2363],[6.1456,50.23612],[6.14702,50.23508],[6.1472,50.23443],[6.14704,50.23355],[6.14709,50.23279],[6.14671,50.2323],[6.14518,50.23158],[6.14421,50.23126],[6.14217,50.23088],[6.14107,50.23091],[6.13768,50.2315],[6.13635,50.23168],[6.13424,50.23183],[6.13391,50.23256],[6.13393,50.23386],[6.1332,50.23392],[6.13259,50.23445],[6.13194,50.23533],[6.13163,50.23634],[6.13112,50.23704],[6.1312,50.23743],[6.13161,50.23817],[6.13198,50.23855],[6.13204,50.23904],[6.13181,50.23966],[6.13133,50.24019],[6.13022,50.23992],[6.12851,50.24092],[6.12654,50.24035],[6.1262,50.24108],[6.12621,50.24215],[6.12591,50.24208],[6.12576,50.24254],[6.12452,50.24243],[6.12415,50.24206],[6.12323,50.24218],[6.12176,50.24223],[6.11944,50.24248],[6.11913,50.24245],[6.11787,50.24195],[6.11661,50.24123],[6.11549,50.24021],[6.11247,50.2413],[6.11248,50.24187],[6.1105,50.24217],[6.1092,50.24255],[6.1083,50.24298],[6.10568,50.24211],[6.10533,50.24263],[6.10288,50.24188],[6.10148,50.24265],[6.0991,50.24327],[6.09805,50.24378],[6.09546,50.24377],[6.09508,50.24332],[6.09428,50.24332],[6.09241,50.24438],[6.09191,50.24452],[6.0922,50.24474],[6.09156,50.24491],[6.09042,50.24417],[6.08822,50.24256],[6.08763,50.24332],[6.08747,50.24444],[6.08701,50.24519],[6.08154,50.24312],[6.08148,50.24356],[6.08094,50.24423],[6.0808,50.24396],[6.08022,50.24414],[6.07998,50.24401],[6.0791,50.24413],[6.07891,50.24437],[6.07813,50.24441],[6.07799,50.24423],[6.07742,50.24433],[6.078,50.24469],[6.07806,50.24507],[6.07843,50.24514],[6.07877,50.2456],[6.07872,50.24587],[6.07748,50.2469],[6.0777,50.24706],[6.07799,50.24832],[6.07748,50.24887],[6.07642,50.24917],[6.07593,50.24955],[6.0756,50.24942],[6.07521,50.24975],[6.07487,50.24961],[6.07467,50.24983],[6.07424,50.24976],[6.074,50.25002],[6.0734,50.24979],[6.07314,50.24994],[6.07189,50.2501],[6.07144,50.25049],[6.07098,50.25042],[6.07007,50.25087],[6.0699,50.25072],[6.06937,50.25138],[6.0685,50.25163],[6.06782,50.25214],[6.06764,50.25283],[6.06813,50.25321],[6.06759,50.25385],[6.06686,50.25406],[6.06639,50.25436],[6.06636,50.25469],[6.06592,50.25508],[6.06504,50.2553],[6.06419,50.25563],[6.06353,50.25575],[6.06315,50.25613],[6.06105,50.25662],[6.0602,50.25663],[6.05985,50.25706],[6.05988,50.25774],[6.05888,50.25857],[6.05776,50.25926],[6.05597,50.26063],[6.05584,50.2612],[6.05293,50.2616],[6.05267,50.2618],[6.05301,50.26208],[6.05175,50.26261],[6.05066,50.26169],[6.0454,50.26223],[6.03733,50.26295],[6.03223,50.26371],[6.01245,50.26461],[6.01355,50.26095],[6.01396,50.25939],[6.01452,50.25833],[6.01463,50.25758],[6.01541,50.25586],[6.01537,50.2557],[6.01651,50.2527],[6.01675,50.2523],[6.01604,50.25225],[6.01527,50.25038],[6.01511,50.25027],[6.01448,50.24859],[6.01502,50.24854],[6.01498,50.24749],[6.01418,50.24755],[6.01396,50.24661],[6.01349,50.24553],[6.01239,50.24417],[6.01202,50.24321],[6.01019,50.24039],[6.00979,50.24057],[6.00895,50.23936],[6.00934,50.2387],[6.00922,50.2384],[6.00877,50.23848],[6.00869,50.23814],[6.00895,50.23713],[6.00976,50.23534],[6.01007,50.23449],[6.01014,50.23393],[6.01006,50.23318],[6.00933,50.23207],[6.00953,50.23025],[6.00986,50.229],[6.01064,50.22835],[6.0112,50.22802],[6.01184,50.22745],[6.01243,50.22652],[6.01281,50.22567],[6.01254,50.22446],[6.01225,50.22375],[6.01208,50.22275],[6.01188,50.22226],[6.012,50.22105],[6.01262,50.221],[6.01256,50.22055],[6.01193,50.22041],[6.0122,50.21817],[6.01248,50.21773],[6.01342,50.21672],[6.0141,50.21583],[6.0148,50.21542],[6.01507,50.21443],[6.01479,50.21345],[6.01398,50.21195],[6.01289,50.20983],[6.01237,50.20927],[6.01207,50.20844],[6.01202,50.20777],[6.01236,50.20601],[6.01338,50.20636],[6.01447,50.20552],[6.01501,50.20607],[6.01664,50.20647],[6.01853,50.2067],[6.01821,50.20647],[6.01919,50.20625],[6.02,50.20592],[6.02027,50.20563],[6.0207,50.20568],[6.02046,50.2064],[6.0207,50.20713],[6.02211,50.20793],[6.02335,50.20835],[6.02365,50.20872],[6.02449,50.20882],[6.02711,50.20992],[6.02745,50.20956],[6.02654,50.20912],[6.02815,50.20786],[6.02862,50.20763],[6.03169,50.20732],[6.03439,50.20595],[6.03296,50.20473],[6.03295,50.20423],[6.03271,50.20404],[6.03246,50.20315],[6.03249,50.20281],[6.0331,50.2012],[6.03131,50.20033],[6.03054,50.19985],[6.02999,50.19925],[6.02933,50.19814],[6.02874,50.19761],[6.02745,50.19676],[6.02515,50.19559],[6.0237,50.19467],[6.02145,50.19382],[6.02077,50.19363],[6.02036,50.19173],[6.02202,50.18969],[6.02333,50.1878],[6.02381,50.18697],[6.02432,50.1863],[6.02498,50.18493],[6.02619,50.18329],[6.02478,50.1828]]]}},{"type":"Feature","id":"63088","bbox":[5.883366,50.678508,6.021007,50.762475],"properties":{"nis":"63088","name":"Plombières","nameNl":"Blieberg","nameFr":"Plombières","nameDe":"Bleiberg","province":"liege","region":"wallonia","areaKm2":53.02},"geometry":{"type":"Polygon","coordinates":[[[5.89211,50.75522],[5.8899,50.75354],[5.89047,50.75199],[5.89107,50.75061],[5.89488,50.74705],[5.89533,50.74555],[5.89588,50.74541],[5.89718,50.74443],[5.8995,50.74475],[5.90105,50.74489],[5.90147,50.74353],[5.90249,50.74308],[5.90341,50.74318],[5.90471,50.74287],[5.90677,50.7422],[5.90661,50.7415],[5.90594,50.74074],[5.90727,50.74014],[5.90885,50.73935],[5.90908,50.73908],[5.90989,50.73738],[5.91022,50.73598],[5.9104,50.7357],[5.91111,50.73515],[5.90493,50.73058],[5.9045,50.73015],[5.90445,50.72974],[5.90377,50.72911],[5.90377,50.72892],[5.90302,50.72858],[5.90232,50.72803],[5.90233,50.72768],[5.90121,50.72709],[5.90008,50.72633],[5.89949,50.72627],[5.89885,50.72574],[5.89713,50.7245],[5.89701,50.72426],[5.89401,50.72198],[5.89395,50.72179],[5.89288,50.72104],[5.89277,50.72059],[5.8917,50.7195],[5.89065,50.71918],[5.88954,50.7182],[5.88927,50.71806],[5.8866,50.71559],[5.88596,50.71454],[5.88578,50.71391],[5.8846,50.71173],[5.88336,50.70987],[5.88444,50.70966],[5.88583,50.70955],[5.88761,50.70915],[5.88917,50.70835],[5.89096,50.70732],[5.89221,50.70631],[5.89419,50.70415],[5.89525,50.70295],[5.89568,50.70221],[5.8966,50.69995],[5.89731,50.69864],[5.89915,50.69599],[5.90001,50.69509],[5.90114,50.69426],[5.90389,50.69266],[5.90459,50.69211],[5.90587,50.69092],[5.90848,50.68892],[5.90988,50.68771],[5.91301,50.68479],[5.91488,50.68287],[5.91564,50.6824],[5.91805,50.68109],[5.91962,50.68014],[5.92017,50.67969],[5.92146,50.6789],[5.92234,50.67851],[5.92379,50.67954],[5.92503,50.68006],[5.92619,50.68088],[5.92626,50.68158],[5.92681,50.68261],[5.92861,50.68462],[5.92941,50.68536],[5.93054,50.68607],[5.93112,50.68658],[5.93199,50.68777],[5.93252,50.68895],[5.93289,50.68929],[5.93466,50.68961],[5.93659,50.69081],[5.93743,50.69154],[5.93862,50.69201],[5.93986,50.69318],[5.94063,50.69358],[5.94291,50.69441],[5.94578,50.69498],[5.94799,50.69564],[5.94961,50.6962],[5.95083,50.69676],[5.95166,50.69702],[5.9549,50.69784],[5.95599,50.69797],[5.95675,50.69822],[5.95822,50.69918],[5.9588,50.69948],[5.96081,50.69859],[5.96336,50.69729],[5.96717,50.69507],[5.96892,50.69621],[5.9702,50.6969],[5.97302,50.69828],[5.97427,50.69893],[5.98046,50.70203],[5.98173,50.70258],[5.98496,50.70398],[5.98686,50.70465],[5.99179,50.70618],[5.9963,50.70796],[6.00023,50.71494],[6.00244,50.719],[6.00526,50.72416],[6.00761,50.72835],[6.0107,50.73405],[6.01226,50.7368],[6.01403,50.74015],[6.01657,50.74527],[6.02071,50.75353],[6.02101,50.75429],[6.02,50.75463],[6.019,50.75483],[6.01787,50.75489],[6.01735,50.75501],[6.01662,50.75487],[6.01554,50.75489],[6.0143,50.75506],[6.01308,50.75503],[6.01219,50.75478],[6.00964,50.75439],[6.00885,50.75444],[6.00611,50.75407],[6.00431,50.75379],[6.00407,50.75401],[6.00344,50.75383],[6.00248,50.75411],[6.00143,50.75358],[5.99999,50.75333],[5.99928,50.75303],[5.99865,50.75339],[5.99721,50.75387],[5.99653,50.75381],[5.99602,50.75352],[5.99547,50.75349],[5.99337,50.75276],[5.99263,50.753],[5.99112,50.75286],[5.98629,50.75321],[5.98452,50.7534],[5.98319,50.75282],[5.98231,50.75336],[5.98223,50.75329],[5.97933,50.75463],[5.97846,50.75451],[5.97725,50.75457],[5.97647,50.75434],[5.97414,50.75521],[5.97443,50.75567],[5.97512,50.75789],[5.97282,50.75965],[5.96921,50.7606],[5.9671,50.76093],[5.96403,50.76126],[5.96276,50.76151],[5.96093,50.76154],[5.96066,50.76247],[5.95979,50.76225],[5.95901,50.76237],[5.95797,50.76211],[5.95521,50.76072],[5.95401,50.76045],[5.95327,50.76007],[5.95227,50.76049],[5.95171,50.76055],[5.95015,50.76028],[5.94922,50.75998],[5.94833,50.75999],[5.94767,50.75976],[5.94737,50.7599],[5.94649,50.75982],[5.94574,50.75926],[5.94565,50.75906],[5.94425,50.75847],[5.94358,50.75832],[5.94312,50.75838],[5.94192,50.758],[5.94048,50.75779],[5.93897,50.75794],[5.93631,50.75686],[5.93576,50.75698],[5.93537,50.7568],[5.93318,50.75655],[5.93196,50.75668],[5.93107,50.75694],[5.93052,50.75672],[5.92994,50.75627],[5.92636,50.75416],[5.92145,50.75136],[5.92045,50.7515],[5.91912,50.75119],[5.91836,50.75093],[5.91622,50.75045],[5.91508,50.75037],[5.9148,50.7521],[5.91511,50.75292],[5.91538,50.75472],[5.91399,50.75433],[5.91354,50.75535],[5.9137,50.75575],[5.91255,50.75567],[5.91128,50.75523],[5.91066,50.75523],[5.90901,50.75422],[5.90858,50.75459],[5.90821,50.75569],[5.90707,50.75511],[5.9062,50.75548],[5.90584,50.7555],[5.90485,50.75522],[5.90342,50.75417],[5.903,50.75371],[5.90353,50.75346],[5.90163,50.7514],[5.90102,50.75149],[5.89918,50.75226],[5.89755,50.75267],[5.89683,50.75315],[5.89616,50.75374],[5.89446,50.75448],[5.89245,50.75504],[5.89211,50.75522]]]}},{"type":"Feature","id":"63089","bbox":[5.825039,50.62647,5.918809,50.698259],"properties":{"nis":"63089","name":"Thimister-Clermont","nameNl":"Thimister-Clermont","nameFr":"Thimister-Clermont","nameDe":"Thimister-Clermont","province":"liege","region":"wallonia","areaKm2":28.56},"geometry":{"type":"Polygon","coordinates":[[[5.91881,50.67625],[5.91667,50.67825],[5.91479,50.6793],[5.91257,50.67951],[5.91185,50.67963],[5.91104,50.67994],[5.90991,50.68012],[5.90956,50.68006],[5.90827,50.68051],[5.90805,50.68032],[5.90723,50.68071],[5.90627,50.68097],[5.90636,50.68123],[5.90595,50.68139],[5.90555,50.68198],[5.90531,50.68196],[5.90515,50.68279],[5.90472,50.68343],[5.90358,50.68385],[5.90342,50.68432],[5.90208,50.68559],[5.90153,50.68571],[5.90091,50.68606],[5.90013,50.68686],[5.89925,50.68705],[5.89846,50.68764],[5.89838,50.68793],[5.89731,50.6885],[5.89637,50.68854],[5.89615,50.68878],[5.89578,50.68871],[5.89514,50.68928],[5.89424,50.6896],[5.8937,50.69011],[5.89374,50.69037],[5.89335,50.69045],[5.89302,50.69015],[5.89214,50.69023],[5.8912,50.6909],[5.88993,50.69087],[5.88917,50.69102],[5.88787,50.69099],[5.88774,50.6904],[5.88719,50.69043],[5.88625,50.69017],[5.88534,50.69012],[5.8847,50.69044],[5.88469,50.69081],[5.88411,50.69105],[5.88441,50.69169],[5.88429,50.69229],[5.88447,50.69311],[5.88425,50.69372],[5.88445,50.69414],[5.88367,50.69452],[5.88367,50.69503],[5.88333,50.69533],[5.88245,50.69559],[5.88229,50.69592],[5.88139,50.69639],[5.88142,50.69674],[5.88062,50.69684],[5.88045,50.69717],[5.87995,50.69696],[5.87978,50.69726],[5.87896,50.69763],[5.87898,50.69797],[5.87868,50.69821],[5.87669,50.6982],[5.87546,50.69778],[5.87463,50.69782],[5.87454,50.69756],[5.87404,50.69747],[5.87378,50.69687],[5.8735,50.69686],[5.87345,50.6962],[5.87383,50.69531],[5.87353,50.69499],[5.87378,50.69468],[5.87305,50.69456],[5.87277,50.69389],[5.87214,50.69347],[5.87144,50.69333],[5.87113,50.69298],[5.87028,50.69273],[5.86992,50.69274],[5.87018,50.69241],[5.86926,50.69238],[5.86917,50.69201],[5.86889,50.69224],[5.86882,50.69188],[5.86832,50.69206],[5.86804,50.69162],[5.86839,50.69145],[5.86746,50.69099],[5.86738,50.69081],[5.86608,50.68999],[5.86532,50.69],[5.86486,50.68949],[5.86487,50.68904],[5.86432,50.68858],[5.86329,50.68876],[5.86195,50.68852],[5.8615,50.68855],[5.86149,50.68892],[5.861,50.68902],[5.85969,50.68893],[5.85993,50.68862],[5.85954,50.68862],[5.859,50.68831],[5.85795,50.68803],[5.8574,50.68811],[5.8569,50.68771],[5.85591,50.68767],[5.85413,50.68723],[5.85348,50.68716],[5.85308,50.68667],[5.85219,50.68675],[5.85097,50.68643],[5.85013,50.68612],[5.84862,50.68637],[5.8486,50.68619],[5.84787,50.68582],[5.84747,50.68594],[5.84591,50.68558],[5.84546,50.68535],[5.84453,50.68562],[5.84378,50.68505],[5.84201,50.68486],[5.84089,50.68534],[5.84025,50.68516],[5.83967,50.6858],[5.83843,50.68593],[5.83716,50.68547],[5.83732,50.68525],[5.83623,50.68475],[5.83668,50.68457],[5.83708,50.68418],[5.83698,50.684],[5.8378,50.68337],[5.83741,50.68311],[5.83735,50.6827],[5.8381,50.68247],[5.83846,50.6821],[5.83853,50.68151],[5.83925,50.68138],[5.83933,50.68106],[5.84001,50.6811],[5.84037,50.68075],[5.8416,50.68031],[5.84212,50.68033],[5.84269,50.67959],[5.84372,50.67917],[5.84578,50.67824],[5.84644,50.67778],[5.84665,50.67718],[5.84613,50.67713],[5.84635,50.67676],[5.846,50.67651],[5.84663,50.67614],[5.84687,50.67619],[5.84668,50.6757],[5.84698,50.6751],[5.84648,50.67537],[5.84628,50.67519],[5.84365,50.67413],[5.84287,50.6742],[5.84133,50.67383],[5.84,50.6734],[5.83994,50.67287],[5.83788,50.67236],[5.83661,50.67143],[5.83532,50.67035],[5.8347,50.67007],[5.83375,50.66996],[5.83323,50.66971],[5.83238,50.66999],[5.83196,50.67034],[5.83148,50.67048],[5.83146,50.6708],[5.83013,50.67127],[5.82872,50.67119],[5.82835,50.67106],[5.8264,50.66941],[5.82606,50.66898],[5.82504,50.66832],[5.82546,50.66789],[5.82544,50.66742],[5.82564,50.66706],[5.8268,50.66613],[5.82756,50.66527],[5.82827,50.66404],[5.82862,50.66362],[5.82889,50.66239],[5.82922,50.66181],[5.83112,50.65994],[5.83126,50.65922],[5.83192,50.658],[5.8321,50.65732],[5.83257,50.65614],[5.83254,50.65543],[5.83269,50.65463],[5.83234,50.65412],[5.83225,50.65337],[5.83323,50.65301],[5.83429,50.65209],[5.83459,50.65146],[5.83451,50.65048],[5.83428,50.65042],[5.83488,50.64929],[5.83646,50.6477],[5.83733,50.647],[5.83883,50.6461],[5.8395,50.64604],[5.83922,50.64488],[5.83976,50.64432],[5.84121,50.64421],[5.84187,50.64374],[5.8421,50.6431],[5.84206,50.64265],[5.84362,50.64218],[5.84446,50.64125],[5.84587,50.64098],[5.84607,50.6405],[5.84689,50.64077],[5.84785,50.64012],[5.84864,50.6404],[5.84906,50.64041],[5.84885,50.63933],[5.84973,50.6392],[5.84954,50.63894],[5.85032,50.63859],[5.85027,50.63805],[5.84933,50.63734],[5.85014,50.63719],[5.851,50.63664],[5.85048,50.63574],[5.85076,50.63543],[5.85119,50.63557],[5.85141,50.63531],[5.85241,50.63554],[5.85262,50.63508],[5.85323,50.6353],[5.85398,50.63425],[5.85495,50.63461],[5.85551,50.63427],[5.85632,50.63466],[5.85713,50.6336],[5.85733,50.633],[5.85748,50.63205],[5.85838,50.63174],[5.8585,50.63146],[5.85922,50.63116],[5.8597,50.63067],[5.85972,50.63021],[5.85941,50.62974],[5.85978,50.62856],[5.86038,50.62726],[5.86074,50.62676],[5.86055,50.62647],[5.86208,50.62684],[5.86345,50.62734],[5.86505,50.62752],[5.86613,50.62788],[5.86726,50.6284],[5.86853,50.62888],[5.86903,50.62915],[5.87052,50.62932],[5.87249,50.62939],[5.87412,50.62967],[5.87492,50.63017],[5.87661,50.63065],[5.87913,50.63274],[5.88098,50.6331],[5.88146,50.63343],[5.88239,50.63364],[5.88351,50.63367],[5.88442,50.63385],[5.88612,50.63554],[5.88685,50.63606],[5.89012,50.63804],[5.89016,50.63818],[5.89121,50.63865],[5.89253,50.63913],[5.89333,50.63952],[5.89585,50.64244],[5.89606,50.64262],[5.89821,50.64352],[5.90066,50.64442],[5.90201,50.64472],[5.90338,50.64524],[5.9017,50.64654],[5.90099,50.64686],[5.89909,50.64899],[5.89891,50.64941],[5.89882,50.65066],[5.89851,50.65224],[5.89817,50.65333],[5.89816,50.65369],[5.89981,50.65661],[5.9002,50.65832],[5.89867,50.66038],[5.89847,50.66107],[5.89737,50.66428],[5.89662,50.66612],[5.89824,50.66712],[5.90165,50.66886],[5.90295,50.67003],[5.90311,50.66995],[5.9038,50.67062],[5.90477,50.67178],[5.90462,50.67188],[5.90519,50.6723],[5.90601,50.67268],[5.9081,50.67328],[5.90969,50.67368],[5.91623,50.67506],[5.91881,50.67625]]]}},{"type":"Feature","id":"64008","bbox":[5.165097,50.683593,5.235377,50.723654],"properties":{"nis":"64008","name":"Berloz","nameNl":"Berloz","nameFr":"Berloz","nameDe":"Berloz","province":"liege","region":"wallonia","areaKm2":14.46},"geometry":{"type":"Polygon","coordinates":[[[5.22898,50.7178],[5.22878,50.71805],[5.22786,50.71765],[5.22765,50.71805],[5.22583,50.71964],[5.22432,50.72079],[5.21383,50.72088],[5.21208,50.71996],[5.20996,50.72082],[5.20959,50.7209],[5.20651,50.72097],[5.20561,50.72091],[5.20544,50.72052],[5.20401,50.7206],[5.20312,50.71982],[5.19745,50.71885],[5.19643,50.7179],[5.19413,50.7165],[5.19194,50.71669],[5.19109,50.71688],[5.19133,50.7176],[5.19032,50.71775],[5.18946,50.71811],[5.18928,50.71867],[5.18882,50.7191],[5.18692,50.71947],[5.18674,50.7194],[5.18558,50.71965],[5.1858,50.71991],[5.18417,50.7208],[5.18315,50.72001],[5.18295,50.72011],[5.18343,50.7205],[5.18315,50.72063],[5.18264,50.7203],[5.18166,50.72082],[5.1819,50.72104],[5.18074,50.72166],[5.17994,50.72094],[5.17872,50.72141],[5.17724,50.72231],[5.17653,50.72244],[5.17697,50.72345],[5.1754,50.72365],[5.17527,50.72183],[5.1747,50.72106],[5.17215,50.72172],[5.17223,50.72184],[5.16984,50.7225],[5.16938,50.72178],[5.17028,50.72153],[5.16906,50.72012],[5.17054,50.71969],[5.16867,50.71772],[5.1677,50.71648],[5.1684,50.71609],[5.16752,50.71555],[5.16826,50.71489],[5.16884,50.71422],[5.17002,50.71434],[5.17368,50.71439],[5.17526,50.71453],[5.17528,50.71317],[5.17515,50.71271],[5.17637,50.7117],[5.17591,50.71156],[5.17659,50.71077],[5.17942,50.70715],[5.17995,50.70621],[5.17913,50.70607],[5.17991,50.70535],[5.18026,50.70551],[5.18076,50.70513],[5.18055,50.70467],[5.1784,50.70329],[5.17819,50.70286],[5.17664,50.70199],[5.17543,50.70108],[5.17436,50.70041],[5.17299,50.69984],[5.17131,50.69923],[5.17043,50.69882],[5.16828,50.69757],[5.1675,50.69728],[5.16729,50.69697],[5.16644,50.6963],[5.1651,50.69565],[5.16532,50.69494],[5.1658,50.69272],[5.16675,50.69273],[5.1668,50.69204],[5.16729,50.69066],[5.16904,50.69085],[5.17445,50.69112],[5.17593,50.69171],[5.17618,50.69146],[5.1778,50.69207],[5.17746,50.69251],[5.17926,50.69315],[5.18067,50.69199],[5.18168,50.69051],[5.18209,50.69009],[5.18548,50.69103],[5.18712,50.69399],[5.18819,50.69337],[5.19017,50.69406],[5.19175,50.69414],[5.19183,50.69404],[5.19355,50.69428],[5.19555,50.6906],[5.19693,50.68979],[5.19993,50.68621],[5.20254,50.68719],[5.20589,50.68885],[5.20715,50.68762],[5.2082,50.68789],[5.21082,50.68635],[5.21257,50.68502],[5.21376,50.68359],[5.21854,50.68468],[5.22198,50.68603],[5.22406,50.68438],[5.22442,50.68462],[5.22504,50.68413],[5.22585,50.68367],[5.22823,50.68578],[5.22921,50.68625],[5.22972,50.68713],[5.23081,50.68819],[5.22977,50.68882],[5.22976,50.68908],[5.2309,50.68986],[5.23229,50.69125],[5.23264,50.69235],[5.23357,50.69311],[5.23441,50.69431],[5.2346,50.69485],[5.23516,50.69568],[5.23538,50.69576],[5.23513,50.69646],[5.23344,50.69839],[5.23316,50.69884],[5.23328,50.69923],[5.23219,50.70008],[5.23235,50.70016],[5.23126,50.70077],[5.23309,50.70185],[5.23341,50.70168],[5.23364,50.70305],[5.23404,50.70336],[5.23287,50.70424],[5.23236,50.70421],[5.23274,50.70455],[5.23235,50.70555],[5.23247,50.70615],[5.23205,50.70692],[5.23028,50.70676],[5.22995,50.70761],[5.22945,50.70998],[5.23003,50.71004],[5.22999,50.71026],[5.22915,50.71018],[5.22851,50.71218],[5.22789,50.71213],[5.22779,50.7126],[5.2281,50.71284],[5.22782,50.7138],[5.2289,50.71395],[5.22841,50.71532],[5.22831,50.71594],[5.22778,50.71592],[5.22733,50.71692],[5.22934,50.71733],[5.22898,50.7178]]]}},{"type":"Feature","id":"64015","bbox":[5.08056,50.570777,5.20985,50.649273],"properties":{"nis":"64015","name":"Braives","nameNl":"Braives","nameFr":"Braives","nameDe":"Braives","province":"liege","region":"wallonia","areaKm2":43.89},"geometry":{"type":"Polygon","coordinates":[[[5.20817,50.57512],[5.20797,50.57631],[5.2081,50.57695],[5.20692,50.57746],[5.20465,50.57831],[5.20361,50.57862],[5.20347,50.5788],[5.20465,50.57971],[5.2052,50.57994],[5.20645,50.5802],[5.20735,50.58092],[5.20861,50.58149],[5.20873,50.58209],[5.20861,50.58244],[5.20885,50.5828],[5.20977,50.58355],[5.20978,50.58409],[5.20872,50.58482],[5.20741,50.58685],[5.20742,50.58784],[5.20728,50.58903],[5.2059,50.59144],[5.20537,50.59215],[5.20189,50.59098],[5.20058,50.59047],[5.19996,50.59011],[5.19903,50.59062],[5.19823,50.59129],[5.19659,50.59104],[5.19638,50.59111],[5.19515,50.59081],[5.19481,50.59082],[5.19287,50.58993],[5.19279,50.59022],[5.19192,50.5905],[5.19213,50.59104],[5.1918,50.59149],[5.19323,50.59216],[5.19311,50.59249],[5.19228,50.59258],[5.19233,50.59344],[5.19291,50.59383],[5.19259,50.59426],[5.19297,50.59453],[5.19284,50.59483],[5.19355,50.59567],[5.19125,50.59651],[5.19125,50.59689],[5.19178,50.59745],[5.19215,50.59733],[5.19304,50.59845],[5.1944,50.59809],[5.19445,50.59871],[5.19484,50.59971],[5.19486,50.60018],[5.19273,50.60029],[5.19237,50.60217],[5.19183,50.60199],[5.19132,50.60213],[5.19068,50.60186],[5.19024,50.60199],[5.19007,50.60303],[5.19261,50.60375],[5.194,50.60372],[5.19511,50.60406],[5.195,50.60461],[5.19569,50.60448],[5.19642,50.6051],[5.19663,50.60651],[5.19712,50.60685],[5.19904,50.60867],[5.20083,50.60964],[5.19811,50.61173],[5.19845,50.6119],[5.19739,50.61268],[5.1951,50.61473],[5.19121,50.61403],[5.19077,50.61468],[5.18961,50.61572],[5.19304,50.61694],[5.19016,50.61994],[5.19137,50.62046],[5.18987,50.62098],[5.19085,50.62109],[5.19152,50.62312],[5.19349,50.62447],[5.19552,50.62579],[5.19677,50.62682],[5.19553,50.62744],[5.1961,50.62812],[5.19383,50.62899],[5.19515,50.63104],[5.19477,50.6312],[5.19595,50.63264],[5.19334,50.63367],[5.19671,50.63604],[5.19374,50.63783],[5.19444,50.63823],[5.19338,50.63897],[5.19223,50.63961],[5.19589,50.64119],[5.19402,50.64268],[5.19554,50.64382],[5.19415,50.64452],[5.19577,50.64537],[5.19527,50.64598],[5.19583,50.64619],[5.1955,50.64667],[5.19478,50.64629],[5.19317,50.64732],[5.19343,50.64747],[5.19211,50.64837],[5.19188,50.64827],[5.19049,50.64927],[5.18962,50.64797],[5.18859,50.64827],[5.18882,50.64892],[5.18562,50.64803],[5.18136,50.647],[5.17811,50.6459],[5.17696,50.64559],[5.17505,50.64566],[5.17366,50.64552],[5.17223,50.64518],[5.16781,50.64508],[5.16514,50.64715],[5.16281,50.64618],[5.1613,50.64568],[5.16057,50.64611],[5.15958,50.64602],[5.15869,50.64694],[5.157,50.64732],[5.1553,50.64779],[5.15269,50.64842],[5.1518,50.64867],[5.15109,50.64888],[5.15046,50.64831],[5.14539,50.64617],[5.14302,50.64525],[5.14031,50.64412],[5.13933,50.64338],[5.13742,50.64179],[5.13428,50.63977],[5.13258,50.64043],[5.13214,50.64079],[5.13084,50.6416],[5.12882,50.63971],[5.12835,50.63916],[5.12718,50.63727],[5.12568,50.63747],[5.12415,50.6375],[5.12088,50.63785],[5.11666,50.63805],[5.11121,50.63954],[5.11064,50.63941],[5.10993,50.63985],[5.1077,50.64027],[5.10441,50.6406],[5.101,50.64074],[5.09979,50.64053],[5.09609,50.63972],[5.09679,50.63857],[5.09663,50.63853],[5.09736,50.63738],[5.09645,50.63702],[5.09785,50.63561],[5.09843,50.63568],[5.09885,50.63313],[5.09881,50.63255],[5.09898,50.63138],[5.09809,50.63138],[5.09753,50.63083],[5.09682,50.63081],[5.09654,50.63123],[5.09576,50.6311],[5.09552,50.63051],[5.09505,50.63049],[5.09482,50.63076],[5.09519,50.63094],[5.09515,50.63153],[5.09479,50.63161],[5.09396,50.63147],[5.09356,50.63081],[5.0929,50.63065],[5.09252,50.63089],[5.09124,50.63052],[5.09089,50.63034],[5.09124,50.62978],[5.09101,50.62895],[5.09159,50.62887],[5.09205,50.62808],[5.09091,50.62776],[5.08897,50.6276],[5.08789,50.62723],[5.08726,50.62729],[5.08648,50.62717],[5.08629,50.62753],[5.08551,50.62756],[5.08503,50.62812],[5.08408,50.62811],[5.0839,50.6271],[5.0841,50.62629],[5.08305,50.62495],[5.08211,50.62278],[5.08171,50.62282],[5.08147,50.62215],[5.08102,50.62222],[5.08056,50.62112],[5.08073,50.62031],[5.08078,50.61951],[5.081,50.61913],[5.08206,50.61809],[5.08232,50.61743],[5.08287,50.6151],[5.08352,50.61298],[5.08395,50.61062],[5.08418,50.60989],[5.08327,50.60818],[5.08293,50.60705],[5.08291,50.6064],[5.08331,50.60404],[5.08367,50.60326],[5.08345,50.60037],[5.08325,50.59969],[5.08296,50.59814],[5.09561,50.59907],[5.09801,50.59868],[5.10205,50.59549],[5.1044,50.59357],[5.1068,50.59475],[5.10805,50.59395],[5.10932,50.59339],[5.11286,50.59715],[5.11487,50.59771],[5.11756,50.59832],[5.11879,50.59886],[5.11988,50.59949],[5.12277,50.60132],[5.12597,50.60243],[5.12782,50.60314],[5.12937,50.60383],[5.13106,50.60437],[5.13194,50.60518],[5.1337,50.60622],[5.13435,50.60703],[5.13515,50.6082],[5.13735,50.6076],[5.14053,50.60643],[5.14208,50.60553],[5.14389,50.60472],[5.14547,50.60391],[5.14753,50.60303],[5.14883,50.60254],[5.15174,50.60098],[5.1526,50.60041],[5.15441,50.59905],[5.1552,50.59868],[5.15639,50.59852],[5.15784,50.59825],[5.15842,50.59801],[5.15902,50.59749],[5.16103,50.59676],[5.16307,50.5953],[5.16273,50.59485],[5.16351,50.59435],[5.16436,50.59312],[5.16351,50.59292],[5.16381,50.59238],[5.1638,50.59198],[5.16463,50.58894],[5.16463,50.58822],[5.16564,50.58549],[5.16489,50.58476],[5.16458,50.5841],[5.16422,50.58381],[5.16293,50.58337],[5.16402,50.58239],[5.1648,50.58123],[5.1655,50.58082],[5.16683,50.58032],[5.16675,50.57966],[5.16692,50.57905],[5.16708,50.57864],[5.16742,50.57843],[5.16789,50.57881],[5.16798,50.57913],[5.16863,50.57892],[5.16849,50.57936],[5.16888,50.57967],[5.16929,50.57951],[5.1699,50.57968],[5.17089,50.57884],[5.17168,50.57866],[5.17164,50.57834],[5.17291,50.5775],[5.17552,50.57703],[5.17756,50.57698],[5.1779,50.57542],[5.18067,50.57592],[5.18152,50.57616],[5.18285,50.57578],[5.18398,50.57592],[5.18454,50.57466],[5.18568,50.57483],[5.18656,50.57399],[5.18844,50.57258],[5.19076,50.57374],[5.19164,50.57283],[5.19203,50.57228],[5.1934,50.57229],[5.19529,50.57078],[5.20504,50.57399],[5.20772,50.57491],[5.20817,50.57512]]]}},{"type":"Feature","id":"64021","bbox":[5.36306,50.685083,5.431737,50.73546],"properties":{"nis":"64021","name":"Crisnée","nameNl":"Crisnée","nameFr":"Crisnée","nameDe":"Crisnée","province":"liege","region":"wallonia","areaKm2":16.92},"geometry":{"type":"Polygon","coordinates":[[[5.39654,50.6918],[5.39988,50.6911],[5.40011,50.69144],[5.41375,50.68812],[5.42732,50.68508],[5.42839,50.68592],[5.42925,50.68682],[5.42726,50.68822],[5.42848,50.68944],[5.42791,50.68976],[5.42939,50.69093],[5.42874,50.69133],[5.42932,50.69178],[5.42676,50.6934],[5.42625,50.69302],[5.42573,50.69329],[5.42506,50.69291],[5.4232,50.69394],[5.42299,50.69379],[5.42112,50.69481],[5.42371,50.69721],[5.4232,50.69744],[5.42386,50.69803],[5.42362,50.69815],[5.42474,50.69913],[5.42315,50.69996],[5.42486,50.70185],[5.42296,50.70251],[5.4227,50.70267],[5.42491,50.70488],[5.42402,50.70542],[5.42355,50.70695],[5.42392,50.707],[5.42381,50.70753],[5.42494,50.70787],[5.42461,50.7083],[5.42343,50.70792],[5.42325,50.70868],[5.42487,50.71079],[5.42438,50.71225],[5.42643,50.71366],[5.42651,50.71362],[5.42793,50.71466],[5.42799,50.71462],[5.42928,50.71548],[5.42773,50.7164],[5.4283,50.71671],[5.42743,50.71732],[5.4285,50.71792],[5.42809,50.71825],[5.42997,50.71902],[5.42978,50.71918],[5.43174,50.71972],[5.4314,50.72045],[5.42999,50.72173],[5.42809,50.72318],[5.4275,50.72273],[5.42515,50.72138],[5.423,50.71991],[5.42194,50.72047],[5.4216,50.72023],[5.42198,50.71999],[5.42057,50.71902],[5.41642,50.7207],[5.41677,50.72102],[5.41544,50.72148],[5.41628,50.72282],[5.41186,50.72366],[5.40982,50.72417],[5.40862,50.72483],[5.40911,50.72525],[5.40804,50.72587],[5.40832,50.72622],[5.40803,50.72624],[5.40802,50.72672],[5.40469,50.72686],[5.40475,50.72729],[5.40377,50.72738],[5.40392,50.72767],[5.40346,50.72767],[5.4035,50.72802],[5.40229,50.72805],[5.40273,50.73],[5.40275,50.73161],[5.40175,50.73521],[5.40087,50.73505],[5.40022,50.73507],[5.39903,50.73538],[5.39757,50.73534],[5.39676,50.73545],[5.39608,50.73538],[5.39447,50.73485],[5.39371,50.73468],[5.39309,50.73514],[5.39232,50.73521],[5.39162,50.7351],[5.38991,50.73529],[5.39001,50.73481],[5.38949,50.73473],[5.38885,50.73433],[5.38757,50.73443],[5.38708,50.73475],[5.38576,50.73362],[5.38396,50.73193],[5.38337,50.73113],[5.38377,50.73098],[5.38318,50.73094],[5.38263,50.73032],[5.38196,50.73032],[5.38169,50.73015],[5.38032,50.73024],[5.38011,50.7301],[5.37933,50.73042],[5.37766,50.73008],[5.37707,50.73164],[5.37656,50.73277],[5.37553,50.73279],[5.37542,50.73306],[5.37474,50.73322],[5.37371,50.73283],[5.3736,50.73261],[5.37249,50.7321],[5.37201,50.73169],[5.37031,50.73094],[5.36944,50.73076],[5.36855,50.73116],[5.36953,50.72545],[5.36878,50.72192],[5.36852,50.72115],[5.36912,50.71825],[5.37065,50.71703],[5.37233,50.7155],[5.37034,50.71436],[5.37113,50.71388],[5.37034,50.71332],[5.36632,50.70951],[5.36306,50.70623],[5.36463,50.70507],[5.365,50.70445],[5.36548,50.70278],[5.36589,50.70233],[5.36469,50.70141],[5.3652,50.70111],[5.36431,50.70052],[5.36464,50.70033],[5.36342,50.69941],[5.36779,50.69858],[5.3719,50.69767],[5.38846,50.69392],[5.39124,50.69327],[5.39257,50.69299],[5.39654,50.6918]]]}},{"type":"Feature","id":"64023","bbox":[5.281389,50.625214,5.376565,50.675409],"properties":{"nis":"64023","name":"Donceel","nameNl":"Donceel","nameFr":"Donceel","nameDe":"Donceel","province":"liege","region":"wallonia","areaKm2":23.36},"geometry":{"type":"Polygon","coordinates":[[[5.28139,50.63716],[5.2871,50.635],[5.28721,50.63512],[5.28959,50.63392],[5.29209,50.63329],[5.29929,50.62906],[5.29724,50.62761],[5.30057,50.62597],[5.30178,50.62581],[5.30269,50.62544],[5.30442,50.62568],[5.30473,50.62521],[5.30613,50.62543],[5.30841,50.62619],[5.30927,50.6263],[5.31257,50.62649],[5.31338,50.62638],[5.31406,50.62607],[5.31538,50.626],[5.31621,50.62611],[5.31729,50.62648],[5.31844,50.62617],[5.31916,50.62635],[5.32019,50.62685],[5.32217,50.62752],[5.32334,50.62753],[5.32377,50.62767],[5.3243,50.62814],[5.32562,50.62888],[5.32727,50.62911],[5.32886,50.62973],[5.32961,50.63017],[5.33015,50.63032],[5.33156,50.63041],[5.33314,50.63064],[5.3348,50.631],[5.33619,50.63141],[5.33752,50.63168],[5.34157,50.63282],[5.34788,50.63324],[5.34946,50.63336],[5.34946,50.63337],[5.35023,50.63459],[5.35664,50.63803],[5.36178,50.64081],[5.37008,50.64528],[5.37366,50.64642],[5.37401,50.64671],[5.37338,50.64685],[5.37283,50.64719],[5.37297,50.64753],[5.37497,50.64938],[5.37521,50.64946],[5.3763,50.64919],[5.37656,50.64945],[5.37549,50.64975],[5.37575,50.65],[5.37536,50.65014],[5.37482,50.64953],[5.37381,50.64981],[5.37406,50.65009],[5.37301,50.65044],[5.37582,50.6554],[5.37346,50.65599],[5.37357,50.65618],[5.37043,50.65694],[5.37056,50.65722],[5.36859,50.65784],[5.36942,50.65902],[5.36798,50.65939],[5.36845,50.66003],[5.36664,50.66051],[5.36674,50.66067],[5.36553,50.66093],[5.36569,50.6612],[5.36478,50.66139],[5.36519,50.66229],[5.36157,50.66252],[5.36212,50.66353],[5.35316,50.66683],[5.3551,50.6687],[5.35325,50.66938],[5.35427,50.67059],[5.35197,50.67119],[5.3497,50.67151],[5.34842,50.67163],[5.34834,50.6706],[5.34145,50.66823],[5.33727,50.66585],[5.33714,50.66543],[5.33554,50.66581],[5.33462,50.66618],[5.33001,50.6679],[5.33037,50.66824],[5.32918,50.6686],[5.32849,50.66778],[5.32486,50.66867],[5.32237,50.66932],[5.32013,50.67019],[5.31847,50.67041],[5.31775,50.67063],[5.31826,50.67135],[5.31533,50.67215],[5.31539,50.67228],[5.31381,50.67271],[5.31265,50.6731],[5.31195,50.67227],[5.31073,50.67276],[5.31091,50.67295],[5.30979,50.67358],[5.30699,50.6748],[5.3065,50.67495],[5.3067,50.67511],[5.30591,50.67541],[5.30545,50.67491],[5.30207,50.67093],[5.30175,50.671],[5.30116,50.67016],[5.30241,50.66982],[5.30219,50.66946],[5.30292,50.66924],[5.30197,50.66798],[5.30175,50.66749],[5.30155,50.66754],[5.30088,50.66666],[5.30006,50.66677],[5.29901,50.66469],[5.29932,50.66463],[5.29893,50.66418],[5.29844,50.66281],[5.29789,50.66171],[5.2981,50.66169],[5.298,50.66122],[5.29777,50.66125],[5.29769,50.66079],[5.29618,50.66112],[5.29595,50.66039],[5.29555,50.66024],[5.29486,50.66031],[5.29398,50.65839],[5.29428,50.65839],[5.29353,50.65609],[5.28861,50.65658],[5.28713,50.65665],[5.28445,50.65655],[5.28462,50.6558],[5.28464,50.65496],[5.28452,50.65449],[5.28427,50.65448],[5.28416,50.65366],[5.28554,50.65364],[5.28528,50.65274],[5.28557,50.65268],[5.28542,50.65218],[5.28517,50.65219],[5.28465,50.65006],[5.28523,50.64799],[5.28477,50.64787],[5.28494,50.64696],[5.28594,50.64706],[5.28578,50.6481],[5.28629,50.64792],[5.28677,50.646],[5.28619,50.64601],[5.28606,50.64532],[5.28636,50.64531],[5.28634,50.64377],[5.28642,50.64376],[5.28546,50.64032],[5.28383,50.63901],[5.28266,50.6383],[5.28216,50.63766],[5.28139,50.63716]]]}},{"type":"Feature","id":"64025","bbox":[5.348394,50.639185,5.440767,50.691802],"properties":{"nis":"64025","name":"Fexhe-le-Haut-Clocher","nameNl":"Fexhe-le-Haut-Clocher","nameFr":"Fexhe-le-Haut-Clocher","nameDe":"Fexhe-le-Haut-Clocher","province":"liege","region":"wallonia","areaKm2":19.35},"geometry":{"type":"Polygon","coordinates":[[[5.42732,50.68508],[5.41375,50.68812],[5.40011,50.69144],[5.39988,50.6911],[5.39654,50.6918],[5.3954,50.68966],[5.39331,50.68589],[5.39099,50.68183],[5.38196,50.66646],[5.38091,50.66677],[5.37833,50.6678],[5.37108,50.66917],[5.36395,50.6705],[5.34984,50.67333],[5.34839,50.67183],[5.34842,50.67163],[5.3497,50.67151],[5.35197,50.67119],[5.35427,50.67059],[5.35325,50.66938],[5.3551,50.6687],[5.35316,50.66683],[5.36212,50.66353],[5.36157,50.66252],[5.36519,50.66229],[5.36478,50.66139],[5.36569,50.6612],[5.36553,50.66093],[5.36674,50.66067],[5.36664,50.66051],[5.36845,50.66003],[5.36798,50.65939],[5.36942,50.65902],[5.36859,50.65784],[5.37056,50.65722],[5.37043,50.65694],[5.37357,50.65618],[5.37346,50.65599],[5.37582,50.6554],[5.37301,50.65044],[5.37406,50.65009],[5.37381,50.64981],[5.37482,50.64953],[5.37536,50.65014],[5.37575,50.65],[5.37549,50.64975],[5.37656,50.64945],[5.3763,50.64919],[5.37521,50.64946],[5.37497,50.64938],[5.37297,50.64753],[5.37283,50.64719],[5.37338,50.64685],[5.37401,50.64671],[5.37366,50.64642],[5.38134,50.64335],[5.3815,50.64356],[5.38224,50.64334],[5.38177,50.64274],[5.38311,50.64211],[5.38444,50.6417],[5.38565,50.64116],[5.38741,50.64],[5.38923,50.63918],[5.39195,50.64115],[5.39239,50.64143],[5.39421,50.6405],[5.39916,50.64104],[5.40879,50.64213],[5.40911,50.64178],[5.41024,50.64241],[5.40965,50.64292],[5.41033,50.64335],[5.40936,50.64406],[5.41054,50.64496],[5.40981,50.64547],[5.41115,50.64629],[5.41183,50.64591],[5.41204,50.64604],[5.41446,50.64465],[5.4161,50.64581],[5.41722,50.64508],[5.41945,50.6466],[5.41878,50.64691],[5.42196,50.64879],[5.42224,50.64853],[5.42365,50.64934],[5.42559,50.64805],[5.42796,50.64976],[5.42806,50.65008],[5.43025,50.64879],[5.43089,50.64914],[5.43051,50.64941],[5.43132,50.65014],[5.4311,50.65025],[5.43241,50.65147],[5.43316,50.65111],[5.43375,50.65172],[5.43561,50.65159],[5.43624,50.65285],[5.43676,50.65271],[5.43805,50.65458],[5.43986,50.65712],[5.44077,50.65783],[5.43909,50.65899],[5.44036,50.66078],[5.44057,50.66107],[5.43832,50.66204],[5.43886,50.66299],[5.43932,50.664],[5.43978,50.66451],[5.43795,50.66534],[5.43922,50.66648],[5.43641,50.66964],[5.4356,50.66934],[5.43407,50.67049],[5.4314,50.66869],[5.42996,50.66965],[5.43137,50.67047],[5.43259,50.67091],[5.43154,50.67157],[5.43235,50.67218],[5.43064,50.67288],[5.42936,50.67323],[5.42822,50.67381],[5.42274,50.67633],[5.42288,50.67843],[5.42164,50.67836],[5.42071,50.67875],[5.42284,50.68074],[5.42318,50.68137],[5.4238,50.68204],[5.42391,50.682],[5.42533,50.68341],[5.42732,50.68508]]]}},{"type":"Feature","id":"64029","bbox":[5.139953,50.643349,5.226911,50.698323],"properties":{"nis":"64029","name":"Geer","nameNl":"Geer","nameFr":"Geer","nameDe":"Geer","province":"liege","region":"wallonia","areaKm2":23.5},"geometry":{"type":"Polygon","coordinates":[[[5.1651,50.69565],[5.16323,50.6957],[5.16222,50.69565],[5.15632,50.69832],[5.15485,50.69774],[5.15055,50.69548],[5.14935,50.69554],[5.14864,50.69543],[5.14893,50.69506],[5.14779,50.69461],[5.14605,50.69282],[5.149,50.69114],[5.14853,50.69094],[5.15041,50.68975],[5.14685,50.68811],[5.14652,50.68803],[5.14766,50.68694],[5.14561,50.68592],[5.14646,50.68508],[5.14462,50.68432],[5.14564,50.6834],[5.14417,50.68283],[5.14474,50.68248],[5.14694,50.6799],[5.14794,50.68031],[5.14859,50.67964],[5.14914,50.67992],[5.15007,50.67905],[5.14821,50.67824],[5.14855,50.6779],[5.15014,50.67813],[5.15165,50.67737],[5.15179,50.67753],[5.15467,50.67579],[5.15663,50.67489],[5.15703,50.67519],[5.15756,50.67508],[5.15747,50.67418],[5.15694,50.67363],[5.15998,50.67246],[5.16061,50.6713],[5.16135,50.66947],[5.16186,50.66954],[5.16232,50.66858],[5.16173,50.66849],[5.16198,50.66803],[5.16215,50.66723],[5.16083,50.66683],[5.158,50.66621],[5.14989,50.66473],[5.14952,50.665],[5.14766,50.66427],[5.14557,50.66357],[5.14351,50.66294],[5.14476,50.66181],[5.14201,50.66053],[5.13995,50.65935],[5.1411,50.65859],[5.14017,50.65797],[5.14078,50.65746],[5.1414,50.65718],[5.1423,50.6565],[5.14451,50.65527],[5.14355,50.65449],[5.14499,50.65366],[5.14547,50.65386],[5.14781,50.65249],[5.15192,50.64974],[5.1518,50.64867],[5.15269,50.64842],[5.1553,50.64779],[5.157,50.64732],[5.15869,50.64694],[5.15958,50.64602],[5.16057,50.64611],[5.1613,50.64568],[5.16281,50.64618],[5.16514,50.64715],[5.16781,50.64508],[5.17223,50.64518],[5.17366,50.64552],[5.17505,50.64566],[5.17696,50.64559],[5.17811,50.6459],[5.18136,50.647],[5.18562,50.64803],[5.18882,50.64892],[5.18859,50.64827],[5.18962,50.64797],[5.19049,50.64927],[5.19188,50.64827],[5.19211,50.64837],[5.19343,50.64747],[5.19317,50.64732],[5.19478,50.64629],[5.1955,50.64667],[5.19583,50.64619],[5.19527,50.64598],[5.19577,50.64537],[5.19415,50.64452],[5.19554,50.64382],[5.19645,50.64335],[5.19853,50.64439],[5.19767,50.64503],[5.19854,50.64556],[5.19939,50.64495],[5.20274,50.64724],[5.20349,50.64676],[5.20464,50.64772],[5.20623,50.64691],[5.20844,50.64867],[5.20946,50.64821],[5.21086,50.64937],[5.21129,50.6492],[5.2136,50.65114],[5.21341,50.65124],[5.21452,50.65203],[5.21253,50.65294],[5.2133,50.65348],[5.21248,50.65393],[5.2115,50.65316],[5.20948,50.65392],[5.21143,50.65562],[5.21118,50.65575],[5.21167,50.65627],[5.209,50.65742],[5.21184,50.6601],[5.21433,50.6619],[5.21701,50.66287],[5.21785,50.66309],[5.21929,50.66365],[5.22221,50.66546],[5.22522,50.66751],[5.22691,50.6702],[5.22576,50.67066],[5.22374,50.67131],[5.2226,50.67287],[5.22192,50.67311],[5.21933,50.67376],[5.21887,50.67425],[5.21921,50.67468],[5.21781,50.67584],[5.21671,50.67856],[5.21768,50.67888],[5.21849,50.67942],[5.2148,50.68273],[5.21376,50.68359],[5.21257,50.68502],[5.21082,50.68635],[5.2082,50.68789],[5.20715,50.68762],[5.20589,50.68885],[5.20254,50.68719],[5.19993,50.68621],[5.19693,50.68979],[5.19555,50.6906],[5.19355,50.69428],[5.19183,50.69404],[5.19175,50.69414],[5.19017,50.69406],[5.18819,50.69337],[5.18712,50.69399],[5.18548,50.69103],[5.18209,50.69009],[5.18168,50.69051],[5.18067,50.69199],[5.17926,50.69315],[5.17746,50.69251],[5.1778,50.69207],[5.17618,50.69146],[5.17593,50.69171],[5.17445,50.69112],[5.16904,50.69085],[5.16729,50.69066],[5.1668,50.69204],[5.16675,50.69273],[5.1658,50.69272],[5.16532,50.69494],[5.1651,50.69565]]]}},{"type":"Feature","id":"64034","bbox":[4.98714,50.598483,5.162324,50.716148],"properties":{"nis":"64034","name":"Hannut","nameNl":"Hannuit","nameFr":"Hannut","nameDe":"Hannut","province":"liege","region":"wallonia","areaKm2":86.24},"geometry":{"type":"Polygon","coordinates":[[[5.14864,50.69543],[5.14451,50.69732],[5.144,50.6975],[5.13901,50.69887],[5.13652,50.70009],[5.13454,50.70138],[5.13395,50.70101],[5.13172,50.70175],[5.13293,50.70368],[5.13213,50.70377],[5.13009,50.70419],[5.12828,50.7045],[5.12836,50.70458],[5.12663,50.70533],[5.12728,50.7061],[5.12383,50.70719],[5.12195,50.7077],[5.11934,50.70828],[5.11894,50.70792],[5.11833,50.7082],[5.11712,50.70714],[5.11229,50.7085],[5.1122,50.70839],[5.11015,50.70873],[5.10852,50.70974],[5.10789,50.70964],[5.1063,50.70974],[5.10548,50.7096],[5.10456,50.70929],[5.10349,50.70916],[5.10195,50.70854],[5.10124,50.70782],[5.10148,50.70774],[5.10137,50.70712],[5.10133,50.70523],[5.10021,50.70559],[5.09946,50.70492],[5.09862,50.70502],[5.09586,50.70335],[5.09379,50.70351],[5.0919,50.70394],[5.09007,50.7048],[5.08926,50.70556],[5.08832,50.70611],[5.08644,50.70665],[5.08529,50.70613],[5.08375,50.70561],[5.08315,50.70532],[5.08244,50.70608],[5.0827,50.70617],[5.08194,50.70713],[5.08137,50.70808],[5.08099,50.7082],[5.07915,50.70846],[5.07792,50.70855],[5.07537,50.70906],[5.07314,50.70796],[5.0712,50.70676],[5.07038,50.70647],[5.06852,50.70799],[5.0697,50.70867],[5.06915,50.70908],[5.06808,50.70944],[5.0676,50.70992],[5.06591,50.71022],[5.06558,50.71047],[5.06343,50.71321],[5.06307,50.71352],[5.06544,50.71461],[5.06485,50.71494],[5.06433,50.71463],[5.06347,50.71528],[5.06265,50.71504],[5.06217,50.71586],[5.06111,50.71564],[5.06125,50.71536],[5.05953,50.71499],[5.05898,50.71615],[5.05645,50.7157],[5.05717,50.71458],[5.05756,50.71375],[5.05691,50.71164],[5.05721,50.7107],[5.05855,50.71113],[5.05919,50.71021],[5.05949,50.71034],[5.06086,50.70919],[5.05947,50.70856],[5.05968,50.70842],[5.05814,50.70757],[5.05721,50.70788],[5.0547,50.70636],[5.05515,50.70591],[5.05442,50.70535],[5.05369,50.7055],[5.05304,50.70548],[5.05239,50.70494],[5.05089,50.70526],[5.05098,50.7049],[5.04953,50.70456],[5.04886,50.70408],[5.04832,50.70472],[5.04431,50.70343],[5.04448,50.70311],[5.04146,50.70235],[5.04157,50.70214],[5.04058,50.70196],[5.04021,50.70282],[5.03914,50.70259],[5.03894,50.70276],[5.03747,50.7025],[5.03801,50.70187],[5.03888,50.70014],[5.03788,50.70003],[5.03128,50.69882],[5.02795,50.69851],[5.02344,50.69847],[5.02259,50.69919],[5.01954,50.70106],[5.01863,50.70199],[5.01733,50.70254],[5.0173,50.70218],[5.01694,50.70152],[5.01571,50.70005],[5.01493,50.69901],[5.0126,50.69888],[5.01113,50.69838],[5.00839,50.69785],[5.00721,50.69745],[5.00538,50.6966],[5.00258,50.69596],[5.00113,50.69378],[5.00132,50.69373],[5.00068,50.6926],[5.00032,50.6918],[5.00004,50.69083],[5.0005,50.68633],[5.00012,50.68635],[4.99919,50.68592],[4.99819,50.68481],[4.99738,50.68371],[4.99753,50.68343],[4.99816,50.68325],[4.99834,50.68301],[4.99786,50.68236],[4.9974,50.68197],[4.99741,50.68151],[4.99769,50.68012],[4.99761,50.67966],[4.99801,50.67902],[4.99886,50.67823],[4.99905,50.67756],[4.99881,50.67675],[4.99876,50.67547],[4.99929,50.67534],[4.99741,50.67277],[4.99684,50.67227],[4.99652,50.67164],[4.99697,50.67155],[4.99682,50.67068],[4.99747,50.67039],[4.99913,50.66937],[4.99886,50.66915],[4.99966,50.6687],[5.00085,50.66768],[5.00097,50.66741],[5.00079,50.66699],[5.00215,50.66535],[5.00265,50.66499],[5.00084,50.66384],[4.99374,50.6594],[4.99059,50.65668],[4.99059,50.65661],[4.98882,50.65342],[4.98868,50.65265],[4.98776,50.65109],[4.98799,50.64983],[4.98874,50.64867],[4.98922,50.6477],[4.98714,50.64722],[4.98811,50.64542],[4.98906,50.64442],[4.98965,50.64356],[4.98999,50.6427],[4.99016,50.64142],[4.99293,50.63842],[4.99424,50.6369],[4.99605,50.63671],[4.99701,50.63673],[4.9994,50.63715],[5.00319,50.6382],[5.00393,50.63831],[5.00718,50.63805],[5.00863,50.63763],[5.00961,50.63709],[5.01112,50.63573],[5.01323,50.63425],[5.01447,50.63364],[5.01555,50.63365],[5.01617,50.63415],[5.01696,50.63546],[5.01732,50.6359],[5.01913,50.63734],[5.01941,50.63766],[5.02006,50.63924],[5.02139,50.64092],[5.02169,50.64216],[5.02253,50.64444],[5.02269,50.64522],[5.02385,50.64578],[5.02607,50.64648],[5.02623,50.64643],[5.03976,50.64335],[5.04582,50.64569],[5.04683,50.64436],[5.05671,50.64201],[5.05614,50.64024],[5.05548,50.63786],[5.05506,50.63604],[5.05622,50.63345],[5.05732,50.63086],[5.05699,50.62996],[5.05635,50.63011],[5.05625,50.62971],[5.05682,50.62961],[5.05661,50.62908],[5.05484,50.62759],[5.05251,50.62575],[5.05011,50.62381],[5.04717,50.62147],[5.049,50.61666],[5.04904,50.61666],[5.05139,50.61327],[5.05287,50.61026],[5.05408,50.60859],[5.05462,50.60769],[5.05552,50.60708],[5.05973,50.60481],[5.06111,50.60346],[5.0618,50.60253],[5.06424,50.60125],[5.06662,50.60026],[5.06734,50.60001],[5.0678,50.60277],[5.07036,50.60272],[5.07048,50.60261],[5.07186,50.60032],[5.0727,50.59912],[5.07573,50.59848],[5.08325,50.59969],[5.08345,50.60037],[5.08367,50.60326],[5.08331,50.60404],[5.08291,50.6064],[5.08293,50.60705],[5.08327,50.60818],[5.08418,50.60989],[5.08395,50.61062],[5.08352,50.61298],[5.08287,50.6151],[5.08232,50.61743],[5.08206,50.61809],[5.081,50.61913],[5.08078,50.61951],[5.08073,50.62031],[5.08056,50.62112],[5.08102,50.62222],[5.08147,50.62215],[5.08171,50.62282],[5.08211,50.62278],[5.08305,50.62495],[5.0841,50.62629],[5.0839,50.6271],[5.08408,50.62811],[5.08503,50.62812],[5.08551,50.62756],[5.08629,50.62753],[5.08648,50.62717],[5.08726,50.62729],[5.08789,50.62723],[5.08897,50.6276],[5.09091,50.62776],[5.09205,50.62808],[5.09159,50.62887],[5.09101,50.62895],[5.09124,50.62978],[5.09089,50.63034],[5.09124,50.63052],[5.09252,50.63089],[5.0929,50.63065],[5.09356,50.63081],[5.09396,50.63147],[5.09479,50.63161],[5.09515,50.63153],[5.09519,50.63094],[5.09482,50.63076],[5.09505,50.63049],[5.09552,50.63051],[5.09576,50.6311],[5.09654,50.63123],[5.09682,50.63081],[5.09753,50.63083],[5.09809,50.63138],[5.09898,50.63138],[5.09881,50.63255],[5.09885,50.63313],[5.09843,50.63568],[5.09785,50.63561],[5.09645,50.63702],[5.09736,50.63738],[5.09663,50.63853],[5.09679,50.63857],[5.09609,50.63972],[5.09979,50.64053],[5.101,50.64074],[5.10441,50.6406],[5.1077,50.64027],[5.10993,50.63985],[5.11064,50.63941],[5.11121,50.63954],[5.11666,50.63805],[5.12088,50.63785],[5.12415,50.6375],[5.12568,50.63747],[5.12718,50.63727],[5.12835,50.63916],[5.12882,50.63971],[5.13084,50.6416],[5.13214,50.64079],[5.13258,50.64043],[5.13428,50.63977],[5.13742,50.64179],[5.13933,50.64338],[5.14031,50.64412],[5.14302,50.64525],[5.14539,50.64617],[5.15046,50.64831],[5.15109,50.64888],[5.1518,50.64867],[5.15192,50.64974],[5.14781,50.65249],[5.14547,50.65386],[5.14499,50.65366],[5.14355,50.65449],[5.14451,50.65527],[5.1423,50.6565],[5.1414,50.65718],[5.14078,50.65746],[5.14017,50.65797],[5.1411,50.65859],[5.13995,50.65935],[5.14201,50.66053],[5.14476,50.66181],[5.14351,50.66294],[5.14557,50.66357],[5.14766,50.66427],[5.14952,50.665],[5.14989,50.66473],[5.158,50.66621],[5.16083,50.66683],[5.16215,50.66723],[5.16198,50.66803],[5.16173,50.66849],[5.16232,50.66858],[5.16186,50.66954],[5.16135,50.66947],[5.16061,50.6713],[5.15998,50.67246],[5.15694,50.67363],[5.15747,50.67418],[5.15756,50.67508],[5.15703,50.67519],[5.15663,50.67489],[5.15467,50.67579],[5.15179,50.67753],[5.15165,50.67737],[5.15014,50.67813],[5.14855,50.6779],[5.14821,50.67824],[5.15007,50.67905],[5.14914,50.67992],[5.14859,50.67964],[5.14794,50.68031],[5.14694,50.6799],[5.14474,50.68248],[5.14417,50.68283],[5.14564,50.6834],[5.14462,50.68432],[5.14646,50.68508],[5.14561,50.68592],[5.14766,50.68694],[5.14652,50.68803],[5.14685,50.68811],[5.15041,50.68975],[5.14853,50.69094],[5.149,50.69114],[5.14605,50.69282],[5.14779,50.69461],[5.14893,50.69506],[5.14864,50.69543]]]}},{"type":"Feature","id":"64047","bbox":[4.992525,50.698473,5.060858,50.750773],"properties":{"nis":"64047","name":"Lincent","nameNl":"Lijsem","nameFr":"Lincent","nameDe":"Lincent","province":"liege","region":"wallonia","areaKm2":14.67},"geometry":{"type":"Polygon","coordinates":[[[5.05645,50.7157],[5.05487,50.7166],[5.05277,50.71816],[5.05095,50.71991],[5.04782,50.72195],[5.04629,50.72269],[5.04469,50.72314],[5.04401,50.72347],[5.04513,50.72434],[5.04522,50.7243],[5.04643,50.72531],[5.04545,50.72574],[5.04676,50.72676],[5.04624,50.7284],[5.04534,50.72899],[5.04622,50.73012],[5.047,50.73128],[5.0458,50.73186],[5.04592,50.73197],[5.04378,50.73323],[5.04245,50.73408],[5.04565,50.7357],[5.04589,50.73611],[5.0451,50.73673],[5.04606,50.73743],[5.04617,50.73737],[5.04707,50.73807],[5.04813,50.73905],[5.04423,50.74051],[5.04432,50.74059],[5.04119,50.74179],[5.04131,50.74207],[5.03916,50.74237],[5.03921,50.74257],[5.03678,50.74297],[5.03684,50.74309],[5.03506,50.74421],[5.03491,50.74416],[5.03438,50.74495],[5.03325,50.74441],[5.03255,50.74534],[5.03189,50.74583],[5.03008,50.7469],[5.02822,50.74771],[5.0281,50.74763],[5.02622,50.74828],[5.02324,50.74963],[5.02157,50.75034],[5.01953,50.75077],[5.01889,50.74995],[5.02049,50.74845],[5.01899,50.74745],[5.01908,50.74706],[5.01858,50.7468],[5.01875,50.74667],[5.01843,50.74581],[5.01745,50.7447],[5.01648,50.74377],[5.01704,50.74077],[5.01644,50.7405],[5.01678,50.73996],[5.01594,50.73961],[5.01623,50.73842],[5.0171,50.73709],[5.01635,50.7354],[5.01676,50.73502],[5.01565,50.73457],[5.01727,50.733],[5.01537,50.73226],[5.01271,50.73058],[5.01124,50.73132],[5.00856,50.73314],[5.00831,50.73269],[5.00784,50.73058],[5.00764,50.72903],[5.00592,50.72917],[5.00217,50.72843],[5.00058,50.72886],[4.9999,50.72765],[4.99933,50.72765],[4.99769,50.72815],[4.99741,50.7278],[4.99709,50.72789],[4.99608,50.72657],[4.99531,50.72681],[4.99477,50.726],[4.99403,50.72626],[4.99381,50.72541],[4.99353,50.72483],[4.99253,50.72363],[4.99364,50.72333],[4.99351,50.72317],[4.99564,50.7225],[4.99577,50.72267],[4.99668,50.72236],[4.99643,50.72197],[4.99668,50.72171],[4.9976,50.72139],[4.99714,50.7213],[4.99711,50.72044],[4.99654,50.72054],[4.99615,50.72019],[4.99627,50.71982],[4.99656,50.71993],[4.99756,50.71974],[4.99731,50.71936],[4.99774,50.71928],[4.99681,50.71872],[4.99618,50.7189],[4.99577,50.71866],[4.99547,50.71884],[4.99491,50.71871],[4.99493,50.71823],[4.99449,50.71796],[4.99443,50.71758],[4.99514,50.71715],[4.99593,50.7171],[4.99622,50.71722],[4.99694,50.7169],[4.99781,50.71594],[4.99753,50.71558],[4.99792,50.71516],[4.99966,50.71474],[5.00089,50.71411],[5.00108,50.71416],[5.00207,50.7138],[5.00293,50.71365],[5.00467,50.71316],[5.00589,50.71304],[5.00622,50.71293],[5.00679,50.71237],[5.00762,50.71208],[5.00859,50.71201],[5.00936,50.71177],[5.00998,50.71193],[5.01015,50.71168],[5.01026,50.71067],[5.01003,50.70902],[5.00944,50.70742],[5.00962,50.7071],[5.01097,50.70688],[5.01275,50.70606],[5.01387,50.70495],[5.01461,50.70453],[5.01592,50.70336],[5.01648,50.70295],[5.01733,50.70254],[5.01863,50.70199],[5.01954,50.70106],[5.02259,50.69919],[5.02344,50.69847],[5.02795,50.69851],[5.03128,50.69882],[5.03788,50.70003],[5.03888,50.70014],[5.03801,50.70187],[5.03747,50.7025],[5.03894,50.70276],[5.03914,50.70259],[5.04021,50.70282],[5.04058,50.70196],[5.04157,50.70214],[5.04146,50.70235],[5.04448,50.70311],[5.04431,50.70343],[5.04832,50.70472],[5.04886,50.70408],[5.04953,50.70456],[5.05098,50.7049],[5.05089,50.70526],[5.05239,50.70494],[5.05304,50.70548],[5.05369,50.7055],[5.05442,50.70535],[5.05515,50.70591],[5.0547,50.70636],[5.05721,50.70788],[5.05814,50.70757],[5.05968,50.70842],[5.05947,50.70856],[5.06086,50.70919],[5.05949,50.71034],[5.05919,50.71021],[5.05855,50.71113],[5.05721,50.7107],[5.05691,50.71164],[5.05756,50.71375],[5.05717,50.71458],[5.05645,50.7157]]]}},{"type":"Feature","id":"64056","bbox":[5.30393,50.699412,5.394469,50.74797],"properties":{"nis":"64056","name":"Oreye","nameNl":"Oerle","nameFr":"Oreye","nameDe":"Oreye","province":"liege","region":"wallonia","areaKm2":19.58},"geometry":{"type":"Polygon","coordinates":[[[5.39447,50.73485],[5.39377,50.73522],[5.39403,50.73565],[5.3938,50.73679],[5.39289,50.7385],[5.39334,50.7393],[5.39333,50.7399],[5.39305,50.74126],[5.39277,50.74324],[5.39227,50.74438],[5.3907,50.74686],[5.38959,50.74797],[5.38818,50.74737],[5.38243,50.74512],[5.37605,50.74204],[5.37522,50.74276],[5.37475,50.74373],[5.37349,50.74488],[5.37186,50.74616],[5.37004,50.74667],[5.36876,50.74657],[5.36803,50.74697],[5.35029,50.74639],[5.3435,50.74192],[5.33742,50.73785],[5.3373,50.7378],[5.33369,50.73548],[5.33321,50.73529],[5.325,50.73224],[5.31625,50.72825],[5.31385,50.72925],[5.31125,50.7264],[5.30987,50.72527],[5.30941,50.72448],[5.30809,50.72381],[5.30872,50.7231],[5.30842,50.72299],[5.31005,50.7211],[5.30904,50.72048],[5.30989,50.7195],[5.31031,50.71917],[5.30946,50.71815],[5.3091,50.71802],[5.3099,50.71792],[5.31027,50.71741],[5.31071,50.71609],[5.31251,50.71615],[5.31254,50.71513],[5.31328,50.71384],[5.31206,50.71332],[5.31142,50.71296],[5.30831,50.71098],[5.30913,50.71021],[5.30759,50.70968],[5.30807,50.70915],[5.30825,50.7092],[5.30919,50.70792],[5.3083,50.70768],[5.30672,50.70809],[5.304,50.70636],[5.30393,50.7038],[5.31367,50.70312],[5.33089,50.70212],[5.33528,50.70191],[5.34701,50.70119],[5.34708,50.70079],[5.35209,50.70034],[5.36342,50.69941],[5.36464,50.70033],[5.36431,50.70052],[5.3652,50.70111],[5.36469,50.70141],[5.36589,50.70233],[5.36548,50.70278],[5.365,50.70445],[5.36463,50.70507],[5.36306,50.70623],[5.36632,50.70951],[5.37034,50.71332],[5.37113,50.71388],[5.37034,50.71436],[5.37233,50.7155],[5.37065,50.71703],[5.36912,50.71825],[5.36852,50.72115],[5.36878,50.72192],[5.36953,50.72545],[5.36855,50.73116],[5.36944,50.73076],[5.37031,50.73094],[5.37201,50.73169],[5.37249,50.7321],[5.3736,50.73261],[5.37371,50.73283],[5.37474,50.73322],[5.37542,50.73306],[5.37553,50.73279],[5.37656,50.73277],[5.37707,50.73164],[5.37766,50.73008],[5.37933,50.73042],[5.38011,50.7301],[5.38032,50.73024],[5.38169,50.73015],[5.38196,50.73032],[5.38263,50.73032],[5.38318,50.73094],[5.38377,50.73098],[5.38337,50.73113],[5.38396,50.73193],[5.38576,50.73362],[5.38708,50.73475],[5.38757,50.73443],[5.38885,50.73433],[5.38949,50.73473],[5.39001,50.73481],[5.38991,50.73529],[5.39162,50.7351],[5.39232,50.73521],[5.39309,50.73514],[5.39371,50.73468],[5.39447,50.73485]]]}},{"type":"Feature","id":"64063","bbox":[5.288422,50.665427,5.396543,50.70392],"properties":{"nis":"64063","name":"Remicourt","nameNl":"Remicourt","nameFr":"Remicourt","nameDe":"Remicourt","province":"liege","region":"wallonia","areaKm2":22.62},"geometry":{"type":"Polygon","coordinates":[[[5.36342,50.69941],[5.35209,50.70034],[5.34708,50.70079],[5.34701,50.70119],[5.33528,50.70191],[5.33089,50.70212],[5.31367,50.70312],[5.30393,50.7038],[5.30153,50.70392],[5.30132,50.70356],[5.29611,50.70377],[5.29619,50.7012],[5.29671,50.70113],[5.29657,50.69968],[5.2976,50.69964],[5.29744,50.69741],[5.29671,50.69217],[5.29482,50.69179],[5.29276,50.6918],[5.2925,50.69046],[5.29299,50.69044],[5.2928,50.68967],[5.29356,50.68966],[5.2932,50.68826],[5.29422,50.68823],[5.29352,50.68632],[5.29512,50.68587],[5.29447,50.68519],[5.29368,50.68414],[5.29299,50.68367],[5.29188,50.68242],[5.29102,50.68199],[5.29171,50.67985],[5.2921,50.67933],[5.28937,50.67782],[5.28842,50.67696],[5.29069,50.6761],[5.29081,50.67629],[5.29305,50.67549],[5.29359,50.67636],[5.29738,50.67533],[5.29825,50.67532],[5.29969,50.67504],[5.29956,50.67472],[5.30163,50.67417],[5.30207,50.67489],[5.30141,50.67517],[5.30207,50.67599],[5.30421,50.67536],[5.30545,50.67491],[5.30591,50.67541],[5.3067,50.67511],[5.3065,50.67495],[5.30699,50.6748],[5.30979,50.67358],[5.31091,50.67295],[5.31073,50.67276],[5.31195,50.67227],[5.31265,50.6731],[5.31381,50.67271],[5.31539,50.67228],[5.31533,50.67215],[5.31826,50.67135],[5.31775,50.67063],[5.31847,50.67041],[5.32013,50.67019],[5.32237,50.66932],[5.32486,50.66867],[5.32849,50.66778],[5.32918,50.6686],[5.33037,50.66824],[5.33001,50.6679],[5.33462,50.66618],[5.33554,50.66581],[5.33714,50.66543],[5.33727,50.66585],[5.34145,50.66823],[5.34834,50.6706],[5.34842,50.67163],[5.34839,50.67183],[5.34984,50.67333],[5.36395,50.6705],[5.37108,50.66917],[5.37833,50.6678],[5.38091,50.66677],[5.38196,50.66646],[5.39099,50.68183],[5.39331,50.68589],[5.3954,50.68966],[5.39654,50.6918],[5.39257,50.69299],[5.39124,50.69327],[5.38846,50.69392],[5.3719,50.69767],[5.36779,50.69858],[5.36342,50.69941]]]}},{"type":"Feature","id":"64065","bbox":[5.326127,50.560767,5.394426,50.633368],"properties":{"nis":"64065","name":"Saint-Georges-sur-Meuse","nameNl":"Saint-Georges-sur-Meuse","nameFr":"Saint-Georges-sur-Meuse","nameDe":"Saint-Georges-sur-Meuse","province":"liege","region":"wallonia","areaKm2":20.81},"geometry":{"type":"Polygon","coordinates":[[[5.34946,50.63336],[5.349,50.63212],[5.34878,50.63068],[5.34776,50.63063],[5.34772,50.62831],[5.34653,50.62765],[5.34558,50.62684],[5.34214,50.62444],[5.34105,50.6248],[5.34082,50.62429],[5.34035,50.62433],[5.34052,50.62466],[5.33983,50.62486],[5.33843,50.62199],[5.33822,50.622],[5.33805,50.62122],[5.33775,50.62123],[5.33777,50.62042],[5.33821,50.62042],[5.33829,50.61953],[5.33936,50.61959],[5.33976,50.61859],[5.3406,50.61872],[5.34119,50.61791],[5.34126,50.61689],[5.34199,50.61592],[5.33889,50.61418],[5.33729,50.61305],[5.33522,50.61219],[5.33483,50.61196],[5.3361,50.61101],[5.33703,50.61112],[5.33787,50.61036],[5.33911,50.60979],[5.33971,50.60901],[5.33912,50.60812],[5.33761,50.60695],[5.3373,50.60658],[5.33745,50.60634],[5.33851,50.6061],[5.33901,50.60587],[5.33928,50.60541],[5.33814,50.60413],[5.3373,50.6036],[5.33701,50.60282],[5.33741,50.60235],[5.33811,50.6018],[5.33956,50.6004],[5.33979,50.59988],[5.33701,50.59852],[5.33675,50.59883],[5.33416,50.59702],[5.33467,50.59677],[5.33372,50.59559],[5.33284,50.59492],[5.33387,50.59466],[5.33344,50.59387],[5.33309,50.59395],[5.33249,50.59226],[5.33136,50.59255],[5.32891,50.59334],[5.32855,50.59265],[5.3279,50.59277],[5.32773,50.59248],[5.32735,50.59256],[5.32754,50.59282],[5.32613,50.59307],[5.3262,50.59187],[5.32787,50.59091],[5.32996,50.59027],[5.32994,50.58966],[5.33033,50.58957],[5.33173,50.58893],[5.33646,50.58614],[5.33797,50.58468],[5.33851,50.58434],[5.33924,50.5842],[5.33998,50.58374],[5.34039,50.58324],[5.3414,50.58159],[5.34216,50.58014],[5.34213,50.58002],[5.34416,50.57877],[5.34407,50.57842],[5.34332,50.57794],[5.34353,50.57716],[5.34304,50.57667],[5.3434,50.57581],[5.3459,50.57348],[5.34747,50.57142],[5.34823,50.57066],[5.34857,50.56999],[5.34912,50.56845],[5.35023,50.56639],[5.34902,50.56585],[5.34737,50.56563],[5.34522,50.56601],[5.34402,50.56406],[5.34404,50.56354],[5.34528,50.56307],[5.34521,50.56211],[5.34529,50.56186],[5.34617,50.56077],[5.35198,50.56287],[5.35636,50.5642],[5.35943,50.56501],[5.36252,50.56574],[5.36703,50.56662],[5.36931,50.56729],[5.37331,50.5686],[5.37558,50.56918],[5.37901,50.56998],[5.38234,50.5707],[5.38106,50.57124],[5.38068,50.57256],[5.37985,50.57298],[5.37809,50.57307],[5.37747,50.57323],[5.37703,50.57359],[5.37697,50.57397],[5.37749,50.57465],[5.3772,50.57501],[5.37628,50.57541],[5.37506,50.5762],[5.3749,50.57665],[5.37506,50.57788],[5.37683,50.57946],[5.3788,50.58033],[5.37951,50.58056],[5.37978,50.58037],[5.38025,50.58065],[5.38361,50.58324],[5.38395,50.58338],[5.38594,50.58393],[5.38733,50.58439],[5.38797,50.58476],[5.38769,50.58503],[5.39141,50.58695],[5.39169,50.58805],[5.39413,50.5888],[5.39443,50.5898],[5.39353,50.5899],[5.39217,50.59037],[5.39117,50.59001],[5.39101,50.59031],[5.39102,50.59109],[5.39144,50.59145],[5.39095,50.59231],[5.38897,50.59262],[5.38812,50.59199],[5.38812,50.59616],[5.38774,50.59665],[5.38833,50.59707],[5.38886,50.59766],[5.38944,50.59793],[5.38966,50.59864],[5.3903,50.5989],[5.39064,50.59922],[5.39048,50.59942],[5.3877,50.6016],[5.38586,50.60313],[5.38819,50.60348],[5.38784,50.60425],[5.3865,50.60533],[5.38699,50.60596],[5.38615,50.60679],[5.38558,50.60982],[5.38676,50.61052],[5.3868,50.61129],[5.38595,50.61125],[5.38504,50.61097],[5.38453,50.61174],[5.38345,50.61146],[5.38045,50.61391],[5.37633,50.61694],[5.37566,50.61655],[5.37496,50.61723],[5.37529,50.61752],[5.37439,50.61839],[5.37428,50.61876],[5.37436,50.61953],[5.37383,50.62053],[5.37256,50.62171],[5.37042,50.62289],[5.36794,50.62399],[5.36468,50.62518],[5.36367,50.62573],[5.36074,50.62797],[5.35056,50.63116],[5.34946,50.63337],[5.34946,50.63336]]]}},{"type":"Feature","id":"64074","bbox":[5.213762,50.655492,5.313278,50.729035],"properties":{"nis":"64074","name":"Waremme","nameNl":"Borgworm","nameFr":"Waremme","nameDe":"Waremme","province":"liege","region":"wallonia","areaKm2":30.8},"geometry":{"type":"Polygon","coordinates":[[[5.30393,50.7038],[5.304,50.70636],[5.30672,50.70809],[5.3083,50.70768],[5.30919,50.70792],[5.30825,50.7092],[5.30807,50.70915],[5.30759,50.70968],[5.30913,50.71021],[5.30831,50.71098],[5.31142,50.71296],[5.31206,50.71332],[5.31328,50.71384],[5.31254,50.71513],[5.31251,50.71615],[5.31071,50.71609],[5.31027,50.71741],[5.3099,50.71792],[5.3091,50.71802],[5.30804,50.71821],[5.30765,50.71791],[5.30775,50.71757],[5.30729,50.71742],[5.30698,50.71762],[5.307,50.7181],[5.30611,50.71798],[5.30587,50.71722],[5.30475,50.71682],[5.30404,50.71644],[5.30422,50.71626],[5.3039,50.71594],[5.30164,50.71806],[5.30137,50.71799],[5.30075,50.71881],[5.30087,50.71886],[5.29962,50.72008],[5.30066,50.72061],[5.29924,50.72192],[5.29787,50.72121],[5.29728,50.72165],[5.29808,50.72208],[5.29706,50.72295],[5.29651,50.72358],[5.29523,50.72297],[5.29427,50.7243],[5.29197,50.72383],[5.29122,50.72519],[5.28975,50.72455],[5.28903,50.72506],[5.28823,50.72464],[5.28708,50.72482],[5.2865,50.72409],[5.28433,50.72475],[5.28479,50.72528],[5.28301,50.7259],[5.28343,50.72632],[5.2825,50.72669],[5.2826,50.72677],[5.28134,50.72725],[5.2817,50.72752],[5.27631,50.72903],[5.27631,50.72769],[5.27593,50.72742],[5.27543,50.72781],[5.27513,50.72765],[5.27438,50.72682],[5.27399,50.72623],[5.27318,50.72603],[5.26998,50.7257],[5.27034,50.7246],[5.27031,50.72277],[5.2686,50.72268],[5.26879,50.72242],[5.26681,50.72128],[5.26718,50.72098],[5.26623,50.72054],[5.26606,50.72065],[5.26444,50.71963],[5.2649,50.71946],[5.26409,50.71877],[5.26477,50.71847],[5.26402,50.71794],[5.26508,50.7177],[5.26329,50.71694],[5.26159,50.71658],[5.26162,50.71641],[5.26016,50.71632],[5.26013,50.71651],[5.25953,50.71645],[5.25868,50.71609],[5.25758,50.71584],[5.25745,50.71512],[5.2557,50.71512],[5.2525,50.71554],[5.24993,50.71601],[5.24857,50.71619],[5.24589,50.71628],[5.24506,50.71639],[5.24383,50.71668],[5.24305,50.71677],[5.24113,50.71672],[5.24065,50.71743],[5.24021,50.71856],[5.23896,50.7199],[5.23806,50.72143],[5.2381,50.72171],[5.23871,50.72231],[5.23883,50.72284],[5.23798,50.72401],[5.23746,50.72537],[5.23733,50.72659],[5.23691,50.72722],[5.23669,50.72665],[5.23506,50.72505],[5.23439,50.72406],[5.23383,50.7225],[5.2338,50.72199],[5.23405,50.72121],[5.23356,50.72044],[5.2324,50.71946],[5.23219,50.71897],[5.22995,50.71803],[5.22898,50.7178],[5.22934,50.71733],[5.22733,50.71692],[5.22778,50.71592],[5.22831,50.71594],[5.22841,50.71532],[5.2289,50.71395],[5.22782,50.7138],[5.2281,50.71284],[5.22779,50.7126],[5.22789,50.71213],[5.22851,50.71218],[5.22915,50.71018],[5.22999,50.71026],[5.23003,50.71004],[5.22945,50.70998],[5.22995,50.70761],[5.23028,50.70676],[5.23205,50.70692],[5.23247,50.70615],[5.23235,50.70555],[5.23274,50.70455],[5.23236,50.70421],[5.23287,50.70424],[5.23404,50.70336],[5.23364,50.70305],[5.23341,50.70168],[5.23309,50.70185],[5.23126,50.70077],[5.23235,50.70016],[5.23219,50.70008],[5.23328,50.69923],[5.23316,50.69884],[5.23344,50.69839],[5.23513,50.69646],[5.23538,50.69576],[5.23516,50.69568],[5.2346,50.69485],[5.23441,50.69431],[5.23357,50.69311],[5.23264,50.69235],[5.23229,50.69125],[5.2309,50.68986],[5.22976,50.68908],[5.22977,50.68882],[5.23081,50.68819],[5.22972,50.68713],[5.22921,50.68625],[5.22823,50.68578],[5.22585,50.68367],[5.22504,50.68413],[5.22442,50.68462],[5.22406,50.68438],[5.22198,50.68603],[5.21854,50.68468],[5.21376,50.68359],[5.2148,50.68273],[5.21849,50.67942],[5.21768,50.67888],[5.21671,50.67856],[5.21781,50.67584],[5.21921,50.67468],[5.21887,50.67425],[5.21933,50.67376],[5.22192,50.67311],[5.2226,50.67287],[5.22374,50.67131],[5.22576,50.67066],[5.22691,50.6702],[5.22756,50.67085],[5.2288,50.67148],[5.23091,50.67272],[5.23402,50.67466],[5.23727,50.6765],[5.24025,50.67797],[5.24283,50.67668],[5.24531,50.67487],[5.24778,50.6732],[5.24929,50.67177],[5.25091,50.67052],[5.25288,50.6701],[5.25346,50.67004],[5.25599,50.66961],[5.25865,50.66894],[5.26207,50.6682],[5.26356,50.66803],[5.26329,50.66766],[5.26505,50.66677],[5.26573,50.66709],[5.26635,50.6668],[5.26728,50.66749],[5.26803,50.66724],[5.26838,50.66747],[5.2694,50.66714],[5.27201,50.66619],[5.27485,50.66536],[5.27611,50.66504],[5.27687,50.66471],[5.27785,50.66445],[5.28046,50.66396],[5.27749,50.65965],[5.27671,50.65755],[5.27591,50.65556],[5.27612,50.65549],[5.27967,50.65581],[5.28098,50.65599],[5.28445,50.65655],[5.28713,50.65665],[5.28861,50.65658],[5.29353,50.65609],[5.29428,50.65839],[5.29398,50.65839],[5.29486,50.66031],[5.29555,50.66024],[5.29595,50.66039],[5.29618,50.66112],[5.29769,50.66079],[5.29777,50.66125],[5.298,50.66122],[5.2981,50.66169],[5.29789,50.66171],[5.29844,50.66281],[5.29893,50.66418],[5.29932,50.66463],[5.29901,50.66469],[5.30006,50.66677],[5.30088,50.66666],[5.30155,50.66754],[5.30175,50.66749],[5.30197,50.66798],[5.30292,50.66924],[5.30219,50.66946],[5.30241,50.66982],[5.30116,50.67016],[5.30175,50.671],[5.30207,50.67093],[5.30545,50.67491],[5.30421,50.67536],[5.30207,50.67599],[5.30141,50.67517],[5.30207,50.67489],[5.30163,50.67417],[5.29956,50.67472],[5.29969,50.67504],[5.29825,50.67532],[5.29738,50.67533],[5.29359,50.67636],[5.29305,50.67549],[5.29081,50.67629],[5.29069,50.6761],[5.28842,50.67696],[5.28937,50.67782],[5.2921,50.67933],[5.29171,50.67985],[5.29102,50.68199],[5.29188,50.68242],[5.29299,50.68367],[5.29368,50.68414],[5.29447,50.68519],[5.29512,50.68587],[5.29352,50.68632],[5.29422,50.68823],[5.2932,50.68826],[5.29356,50.68966],[5.2928,50.68967],[5.29299,50.69044],[5.2925,50.69046],[5.29276,50.6918],[5.29482,50.69179],[5.29671,50.69217],[5.29744,50.69741],[5.2976,50.69964],[5.29657,50.69968],[5.29671,50.70113],[5.29619,50.7012],[5.29611,50.70377],[5.30132,50.70356],[5.30153,50.70392],[5.30393,50.7038]]]}},{"type":"Feature","id":"64075","bbox":[4.979307,50.588026,5.061802,50.646478],"properties":{"nis":"64075","name":"Wasseiges","nameNl":"Wasseiges","nameFr":"Wasseiges","nameDe":"Wasseiges","province":"liege","region":"wallonia","areaKm2":24.39},"geometry":{"type":"Polygon","coordinates":[[[4.98811,50.64542],[4.98804,50.64535],[4.9857,50.64443],[4.98443,50.64351],[4.98333,50.6423],[4.98537,50.64081],[4.98978,50.63677],[4.98805,50.63666],[4.98723,50.63652],[4.98455,50.63576],[4.98374,50.63546],[4.9819,50.63451],[4.98491,50.63018],[4.98642,50.62805],[4.98793,50.62584],[4.98701,50.62444],[4.98388,50.62102],[4.98158,50.61978],[4.97931,50.6186],[4.98198,50.61667],[4.98302,50.61636],[4.98524,50.616],[4.98722,50.61555],[4.98812,50.61526],[4.9893,50.61461],[4.99039,50.61418],[4.99241,50.61384],[4.99311,50.61363],[4.99449,50.61299],[4.99622,50.61228],[5.00033,50.61042],[5.00173,50.60861],[5.00299,50.60685],[5.00143,50.60637],[5.00095,50.60576],[4.99995,50.60568],[4.99997,50.60289],[4.99906,50.60011],[5.00187,50.59852],[5.00461,50.59784],[5.00437,50.59727],[5.00519,50.59708],[5.00505,50.59685],[5.00825,50.596],[5.008,50.59556],[5.01169,50.59418],[5.01387,50.59341],[5.0138,50.59336],[5.01639,50.59203],[5.01858,50.5908],[5.01906,50.5911],[5.02062,50.59036],[5.02489,50.58932],[5.02865,50.5887],[5.02937,50.58998],[5.0301,50.59244],[5.03404,50.59162],[5.03434,50.59141],[5.03608,50.59123],[5.0395,50.59119],[5.04358,50.59091],[5.04497,50.58935],[5.04516,50.58888],[5.04808,50.58938],[5.04989,50.58928],[5.05359,50.58803],[5.05466,50.58893],[5.05206,50.58966],[5.0539,50.59197],[5.05471,50.59196],[5.05543,50.59315],[5.05508,50.59325],[5.05555,50.59369],[5.05526,50.59386],[5.05702,50.59551],[5.05974,50.5969],[5.06072,50.59712],[5.06038,50.59806],[5.05996,50.59868],[5.05928,50.59904],[5.0618,50.60253],[5.06111,50.60346],[5.05973,50.60481],[5.05552,50.60708],[5.05462,50.60769],[5.05408,50.60859],[5.05287,50.61026],[5.05139,50.61327],[5.04904,50.61666],[5.049,50.61666],[5.04717,50.62147],[5.05011,50.62381],[5.05251,50.62575],[5.05484,50.62759],[5.05661,50.62908],[5.05682,50.62961],[5.05625,50.62971],[5.05635,50.63011],[5.05699,50.62996],[5.05732,50.63086],[5.05622,50.63345],[5.05506,50.63604],[5.05548,50.63786],[5.05614,50.64024],[5.05671,50.64201],[5.04683,50.64436],[5.04582,50.64569],[5.03976,50.64335],[5.02623,50.64643],[5.02607,50.64648],[5.02385,50.64578],[5.02269,50.64522],[5.02253,50.64444],[5.02169,50.64216],[5.02139,50.64092],[5.02006,50.63924],[5.01941,50.63766],[5.01913,50.63734],[5.01732,50.6359],[5.01696,50.63546],[5.01617,50.63415],[5.01555,50.63365],[5.01447,50.63364],[5.01323,50.63425],[5.01112,50.63573],[5.00961,50.63709],[5.00863,50.63763],[5.00718,50.63805],[5.00393,50.63831],[5.00319,50.6382],[4.9994,50.63715],[4.99701,50.63673],[4.99605,50.63671],[4.99424,50.6369],[4.99293,50.63842],[4.99016,50.64142],[4.98999,50.6427],[4.98965,50.64356],[4.98906,50.64442],[4.98811,50.64542]]]}},{"type":"Feature","id":"64076","bbox":[5.192229,50.615749,5.286764,50.677965],"properties":{"nis":"64076","name":"Faimes","nameNl":"Faimes","nameFr":"Faimes","nameDe":"Faimes","province":"liege","region":"wallonia","areaKm2":28.4},"geometry":{"type":"Polygon","coordinates":[[[5.19677,50.62682],[5.19814,50.62801],[5.19912,50.62739],[5.20065,50.62827],[5.20022,50.62856],[5.20108,50.62916],[5.2013,50.62902],[5.20238,50.62975],[5.20587,50.62665],[5.20684,50.62749],[5.20711,50.62731],[5.20808,50.62807],[5.20947,50.62724],[5.20928,50.62687],[5.2084,50.62613],[5.20893,50.62584],[5.20866,50.62563],[5.20951,50.62517],[5.20922,50.62494],[5.21073,50.62423],[5.21211,50.62409],[5.2147,50.62346],[5.21556,50.62348],[5.21736,50.62395],[5.21801,50.62341],[5.21954,50.62193],[5.22162,50.62135],[5.22459,50.62171],[5.22608,50.62199],[5.22596,50.62205],[5.22768,50.62277],[5.23057,50.62363],[5.23161,50.62378],[5.23177,50.62355],[5.23357,50.62429],[5.23367,50.62421],[5.23503,50.62483],[5.23554,50.62438],[5.23535,50.62423],[5.23628,50.62354],[5.2371,50.62411],[5.23905,50.62315],[5.24036,50.62422],[5.24214,50.62331],[5.24246,50.62355],[5.24416,50.62236],[5.24607,50.62299],[5.24781,50.622],[5.24733,50.62184],[5.24796,50.62029],[5.24876,50.61814],[5.2493,50.6174],[5.24963,50.61752],[5.24908,50.61823],[5.24997,50.6185],[5.25198,50.61625],[5.25561,50.6186],[5.25611,50.61823],[5.25495,50.61748],[5.2564,50.61649],[5.25719,50.61619],[5.25737,50.61591],[5.25805,50.61593],[5.25812,50.61575],[5.25948,50.61594],[5.26029,50.6161],[5.26315,50.61695],[5.26521,50.61729],[5.26514,50.61939],[5.26653,50.61895],[5.26795,50.61883],[5.26945,50.61841],[5.27112,50.62024],[5.27155,50.62003],[5.27123,50.6198],[5.27219,50.61925],[5.27141,50.61842],[5.2721,50.61829],[5.27275,50.61894],[5.27262,50.619],[5.27389,50.61999],[5.27411,50.61985],[5.27537,50.62067],[5.2745,50.62127],[5.27515,50.62177],[5.27561,50.62151],[5.2766,50.62201],[5.27434,50.62352],[5.27497,50.62391],[5.27271,50.62555],[5.27592,50.62707],[5.27747,50.62807],[5.27552,50.62919],[5.2764,50.62974],[5.27624,50.63019],[5.27527,50.62956],[5.27356,50.63063],[5.27305,50.63028],[5.27162,50.63123],[5.27097,50.63078],[5.2694,50.63173],[5.27132,50.63316],[5.27351,50.63413],[5.27448,50.63441],[5.27723,50.63587],[5.27815,50.63642],[5.27977,50.63671],[5.27996,50.63659],[5.28139,50.63716],[5.28216,50.63766],[5.28266,50.6383],[5.28383,50.63901],[5.28546,50.64032],[5.28642,50.64376],[5.28634,50.64377],[5.28636,50.64531],[5.28606,50.64532],[5.28619,50.64601],[5.28677,50.646],[5.28629,50.64792],[5.28578,50.6481],[5.28594,50.64706],[5.28494,50.64696],[5.28477,50.64787],[5.28523,50.64799],[5.28465,50.65006],[5.28517,50.65219],[5.28542,50.65218],[5.28557,50.65268],[5.28528,50.65274],[5.28554,50.65364],[5.28416,50.65366],[5.28427,50.65448],[5.28452,50.65449],[5.28464,50.65496],[5.28462,50.6558],[5.28445,50.65655],[5.28098,50.65599],[5.27967,50.65581],[5.27612,50.65549],[5.27591,50.65556],[5.27671,50.65755],[5.27749,50.65965],[5.28046,50.66396],[5.27785,50.66445],[5.27687,50.66471],[5.27611,50.66504],[5.27485,50.66536],[5.27201,50.66619],[5.2694,50.66714],[5.26838,50.66747],[5.26803,50.66724],[5.26728,50.66749],[5.26635,50.6668],[5.26573,50.66709],[5.26505,50.66677],[5.26329,50.66766],[5.26356,50.66803],[5.26207,50.6682],[5.25865,50.66894],[5.25599,50.66961],[5.25346,50.67004],[5.25288,50.6701],[5.25091,50.67052],[5.24929,50.67177],[5.24778,50.6732],[5.24531,50.67487],[5.24283,50.67668],[5.24025,50.67797],[5.23727,50.6765],[5.23402,50.67466],[5.23091,50.67272],[5.2288,50.67148],[5.22756,50.67085],[5.22691,50.6702],[5.22522,50.66751],[5.22221,50.66546],[5.21929,50.66365],[5.21785,50.66309],[5.21701,50.66287],[5.21433,50.6619],[5.21184,50.6601],[5.209,50.65742],[5.21167,50.65627],[5.21118,50.65575],[5.21143,50.65562],[5.20948,50.65392],[5.2115,50.65316],[5.21248,50.65393],[5.2133,50.65348],[5.21253,50.65294],[5.21452,50.65203],[5.21341,50.65124],[5.2136,50.65114],[5.21129,50.6492],[5.21086,50.64937],[5.20946,50.64821],[5.20844,50.64867],[5.20623,50.64691],[5.20464,50.64772],[5.20349,50.64676],[5.20274,50.64724],[5.19939,50.64495],[5.19854,50.64556],[5.19767,50.64503],[5.19853,50.64439],[5.19645,50.64335],[5.19554,50.64382],[5.19402,50.64268],[5.19589,50.64119],[5.19223,50.63961],[5.19338,50.63897],[5.19444,50.63823],[5.19374,50.63783],[5.19671,50.63604],[5.19334,50.63367],[5.19595,50.63264],[5.19477,50.6312],[5.19515,50.63104],[5.19383,50.62899],[5.1961,50.62812],[5.19553,50.62744],[5.19677,50.62682]]]}}]}