{"type":"FeatureCollection","bbox":[4.98008,50.695434,5.91111,51.300165],"license":"Open Database License (ODbL) v1.0","attribution":"© OpenStreetMap contributors","generatedAt":"2026-09-20T12:46:12.453Z","features":[{"type":"Feature","id":"71002","bbox":[5.528897,50.977302,5.643033,51.037465],"properties":{"nis":"71002","name":"As","nameNl":"As","nameFr":"As","nameDe":"As","province":"limburg","region":"flanders","areaKm2":22.05},"geometry":{"type":"Polygon","coordinates":[[[5.59516,50.97734],[5.59532,50.9773],[5.5968,50.99656],[5.59736,51.00257],[5.60079,51.00428],[5.60352,51.00572],[5.6097,51.00245],[5.62248,50.99922],[5.62262,51.00103],[5.62374,51.00765],[5.62389,51.00806],[5.62504,51.01441],[5.62546,51.01683],[5.62552,51.0177],[5.62623,51.01765],[5.63187,51.01777],[5.63188,51.01781],[5.63804,51.01792],[5.63805,51.01795],[5.64215,51.01807],[5.64303,51.01878],[5.63649,51.0221],[5.62709,51.02694],[5.62157,51.02975],[5.61572,51.03276],[5.60732,51.03706],[5.60761,51.03725],[5.60734,51.03746],[5.60663,51.0371],[5.60655,51.03686],[5.60592,51.03674],[5.60552,51.03601],[5.60496,51.0358],[5.60477,51.03515],[5.60513,51.03497],[5.60438,51.03502],[5.60467,51.03452],[5.60476,51.03372],[5.6041,51.03339],[5.60428,51.03318],[5.60404,51.03284],[5.60438,51.03264],[5.60446,51.032],[5.6036,51.03132],[5.60368,51.03077],[5.60324,51.03071],[5.60358,51.03041],[5.60317,51.02972],[5.60279,51.0296],[5.60312,51.02914],[5.60264,51.0284],[5.60214,51.02804],[5.60141,51.02785],[5.6008,51.02705],[5.60069,51.02663],[5.6003,51.02641],[5.5987,51.02593],[5.59902,51.02514],[5.59879,51.02516],[5.59843,51.02458],[5.5978,51.02446],[5.59745,51.02408],[5.59679,51.02363],[5.5968,51.02328],[5.59631,51.02339],[5.5963,51.02316],[5.59584,51.02294],[5.5959,51.02233],[5.59535,51.02198],[5.59486,51.02131],[5.59439,51.02113],[5.59424,51.0208],[5.59365,51.02098],[5.59335,51.02052],[5.59243,51.0202],[5.59211,51.01985],[5.59165,51.01986],[5.59047,51.01893],[5.58996,51.01877],[5.58883,51.01927],[5.5868,51.02008],[5.58132,51.02134],[5.58085,51.02139],[5.57302,51.02328],[5.57154,51.02359],[5.56684,51.02259],[5.56275,51.02223],[5.56246,51.02223],[5.55759,51.02175],[5.54503,51.02049],[5.54503,51.02053],[5.52893,51.01895],[5.5289,51.01888],[5.53543,51.01211],[5.53994,51.00757],[5.54062,51.00696],[5.54185,51.00573],[5.54243,51.00482],[5.54777,51.00073],[5.54856,51.00022],[5.55483,50.99533],[5.55499,50.99515],[5.56028,50.99097],[5.56077,50.99088],[5.56348,50.98934],[5.56763,50.98713],[5.57149,50.98502],[5.5716,50.98486],[5.57655,50.98212],[5.59516,50.97734]]]}},{"type":"Feature","id":"71004","bbox":[5.12153,51.016366,5.344194,51.105762],"properties":{"nis":"71004","name":"Beringen","nameNl":"Beringen","nameFr":"Beringen","nameDe":"Beringen","province":"limburg","region":"flanders","areaKm2":78.28},"geometry":{"type":"Polygon","coordinates":[[[5.12162,51.04764],[5.12225,51.04719],[5.12485,51.04509],[5.12914,51.04242],[5.13263,51.04029],[5.13483,51.03882],[5.13955,51.03602],[5.1416,51.03468],[5.14561,51.03191],[5.14608,51.03143],[5.14649,51.03057],[5.14934,51.0288],[5.15163,51.0277],[5.15266,51.02726],[5.15284,51.02736],[5.15402,51.02642],[5.15671,51.0254],[5.1594,51.02424],[5.15972,51.02418],[5.16065,51.02388],[5.16391,51.02263],[5.16431,51.02299],[5.16572,51.02227],[5.1669,51.02152],[5.16865,51.02068],[5.17108,51.01965],[5.17365,51.01837],[5.17484,51.01757],[5.17627,51.01671],[5.17712,51.01636],[5.17778,51.01667],[5.17823,51.01656],[5.17904,51.01684],[5.17872,51.01696],[5.17897,51.01722],[5.17848,51.01753],[5.17909,51.01768],[5.17891,51.01783],[5.17903,51.0183],[5.18083,51.01865],[5.18082,51.01913],[5.1817,51.01947],[5.18273,51.02005],[5.18301,51.02078],[5.18341,51.02134],[5.18258,51.02171],[5.18325,51.02233],[5.1831,51.02262],[5.18348,51.02261],[5.18357,51.02294],[5.18414,51.02283],[5.18412,51.02328],[5.18465,51.0234],[5.18457,51.02369],[5.18484,51.02406],[5.18522,51.024],[5.18587,51.02459],[5.18572,51.0249],[5.18635,51.0248],[5.18639,51.02508],[5.18695,51.02488],[5.18784,51.02496],[5.18768,51.02576],[5.18835,51.0257],[5.1885,51.02615],[5.18898,51.02623],[5.1898,51.02589],[5.1903,51.02588],[5.19069,51.02621],[5.1924,51.02683],[5.19299,51.02697],[5.19377,51.02667],[5.19391,51.02689],[5.19453,51.02691],[5.19533,51.02678],[5.19519,51.02711],[5.19587,51.02715],[5.19684,51.02756],[5.19755,51.02833],[5.19809,51.02867],[5.19945,51.02914],[5.20032,51.02907],[5.20059,51.02975],[5.20176,51.03024],[5.20251,51.0311],[5.20296,51.03146],[5.20333,51.03215],[5.20332,51.03265],[5.203,51.03306],[5.20308,51.03331],[5.20403,51.03369],[5.20423,51.03411],[5.2038,51.03455],[5.2036,51.03538],[5.20335,51.03583],[5.20326,51.03656],[5.20236,51.03678],[5.20199,51.03777],[5.20172,51.03801],[5.20106,51.03927],[5.20073,51.03944],[5.2018,51.03945],[5.20164,51.04037],[5.20225,51.04049],[5.20349,51.04104],[5.2038,51.04144],[5.20481,51.04031],[5.20364,51.03932],[5.20551,51.0369],[5.20681,51.03614],[5.20779,51.03598],[5.20866,51.03605],[5.21046,51.03635],[5.2111,51.03624],[5.21239,51.03485],[5.21416,51.0351],[5.21431,51.03496],[5.21488,51.03535],[5.21589,51.03458],[5.21665,51.03504],[5.21801,51.03451],[5.22123,51.0344],[5.22334,51.03459],[5.22364,51.0338],[5.22509,51.03085],[5.22774,51.03113],[5.22853,51.03135],[5.23018,51.03146],[5.23112,51.032],[5.23393,51.03254],[5.23515,51.03305],[5.2363,51.03384],[5.23711,51.03416],[5.23842,51.0343],[5.24023,51.03422],[5.24094,51.0343],[5.24215,51.03407],[5.24266,51.03419],[5.24407,51.03484],[5.24622,51.03541],[5.24743,51.03606],[5.24841,51.03643],[5.25167,51.03716],[5.252,51.03717],[5.25187,51.03833],[5.25099,51.04001],[5.24991,51.04138],[5.2498,51.0414],[5.24852,51.04296],[5.24733,51.04453],[5.2468,51.04434],[5.24595,51.04511],[5.24675,51.04557],[5.24732,51.04566],[5.24864,51.04639],[5.24939,51.04642],[5.24861,51.04768],[5.25088,51.04853],[5.25272,51.04944],[5.25538,51.05049],[5.25579,51.05015],[5.25657,51.05011],[5.25819,51.05017],[5.26118,51.05036],[5.2624,51.05028],[5.26447,51.04988],[5.26349,51.04919],[5.26531,51.04885],[5.26618,51.0486],[5.26578,51.04766],[5.26743,51.04738],[5.26796,51.0477],[5.26751,51.04812],[5.26793,51.04911],[5.2694,51.04942],[5.27226,51.04887],[5.27275,51.04763],[5.27326,51.04755],[5.27469,51.04758],[5.27644,51.04791],[5.27734,51.04787],[5.27786,51.04764],[5.27848,51.04847],[5.27942,51.0487],[5.28127,51.04887],[5.28146,51.04859],[5.28298,51.04923],[5.28471,51.04979],[5.28817,51.05115],[5.28932,51.05143],[5.29082,51.05197],[5.29212,51.05268],[5.29297,51.05295],[5.29622,51.05357],[5.29755,51.05401],[5.30037,51.05466],[5.30103,51.05507],[5.30148,51.05557],[5.30202,51.05578],[5.30193,51.05616],[5.30241,51.05651],[5.30177,51.0569],[5.30322,51.05717],[5.30439,51.05748],[5.30453,51.05729],[5.30649,51.05758],[5.30838,51.05805],[5.30921,51.05816],[5.31035,51.05799],[5.31104,51.05806],[5.31307,51.05896],[5.31617,51.06012],[5.31661,51.06002],[5.31767,51.06044],[5.31834,51.06081],[5.31831,51.06108],[5.31942,51.06168],[5.32212,51.06296],[5.32447,51.06398],[5.32611,51.0646],[5.32739,51.0659],[5.33315,51.06915],[5.3332,51.06913],[5.33685,51.07114],[5.33902,51.07239],[5.33937,51.07267],[5.34076,51.07583],[5.34419,51.084],[5.3414,51.09257],[5.34111,51.09367],[5.34059,51.09351],[5.34184,51.09516],[5.34104,51.09538],[5.33972,51.09536],[5.33876,51.09552],[5.33731,51.09514],[5.33682,51.0944],[5.33541,51.0941],[5.3343,51.09346],[5.33352,51.09336],[5.33313,51.0931],[5.33261,51.09313],[5.32647,51.09479],[5.31393,51.0983],[5.3109,51.09995],[5.3061,51.1028],[5.30113,51.10571],[5.30087,51.10576],[5.29396,51.10476],[5.29385,51.10464],[5.2915,51.1038],[5.29088,51.10421],[5.28953,51.10386],[5.28743,51.10344],[5.28581,51.10339],[5.28472,51.1033],[5.2836,51.10336],[5.28171,51.10314],[5.27942,51.10261],[5.27834,51.10242],[5.27832,51.10253],[5.27706,51.10233],[5.27652,51.10241],[5.27503,51.10233],[5.27487,51.10278],[5.27322,51.1024],[5.27231,51.10234],[5.27238,51.10191],[5.27141,51.10176],[5.27065,51.10178],[5.26994,51.10142],[5.26941,51.10139],[5.26863,51.10108],[5.26595,51.10067],[5.26452,51.10027],[5.26293,51.09974],[5.26229,51.09937],[5.2614,51.10003],[5.26063,51.09976],[5.25949,51.09967],[5.25904,51.09942],[5.25861,51.09952],[5.2574,51.09924],[5.25592,51.09918],[5.25487,51.09925],[5.2522,51.09916],[5.25172,51.09895],[5.25,51.09857],[5.24908,51.09843],[5.24888,51.09865],[5.24727,51.09824],[5.24678,51.09787],[5.24535,51.09772],[5.24405,51.09734],[5.24389,51.09706],[5.24308,51.0969],[5.24169,51.09707],[5.2399,51.09717],[5.2394,51.09699],[5.2368,51.09686],[5.23609,51.09661],[5.23371,51.09614],[5.23204,51.09587],[5.23159,51.09661],[5.23114,51.0971],[5.23043,51.09849],[5.22904,51.09819],[5.22854,51.09891],[5.22723,51.10021],[5.22567,51.10021],[5.22471,51.10037],[5.22427,51.09954],[5.22293,51.09928],[5.22297,51.09982],[5.22107,51.09988],[5.22028,51.0996],[5.21741,51.09873],[5.21649,51.09829],[5.21583,51.09811],[5.21409,51.09779],[5.2134,51.09732],[5.21244,51.09897],[5.21129,51.0983],[5.21071,51.09884],[5.20998,51.10047],[5.20942,51.10208],[5.20713,51.10122],[5.20534,51.10066],[5.20615,51.09944],[5.20627,51.0979],[5.20652,51.09737],[5.2054,51.09691],[5.20461,51.09636],[5.20368,51.09628],[5.2029,51.09595],[5.20324,51.09496],[5.20334,51.09426],[5.20321,51.09397],[5.20364,51.09372],[5.20367,51.09323],[5.2028,51.0929],[5.203,51.09235],[5.20272,51.09235],[5.20149,51.09178],[5.20125,51.09131],[5.20001,51.09018],[5.19908,51.0898],[5.19787,51.08961],[5.19776,51.08805],[5.19716,51.08798],[5.19729,51.08747],[5.19528,51.08492],[5.19318,51.08219],[5.193,51.08203],[5.19174,51.08036],[5.1938,51.0787],[5.19279,51.07796],[5.19272,51.07752],[5.18994,51.07764],[5.18969,51.07875],[5.1886,51.07857],[5.18755,51.07816],[5.18389,51.07702],[5.18302,51.07634],[5.1822,51.07587],[5.17867,51.07401],[5.17709,51.07306],[5.17487,51.07213],[5.17364,51.07179],[5.17248,51.07061],[5.17194,51.07022],[5.17019,51.06919],[5.17029,51.0691],[5.16932,51.06776],[5.16637,51.06539],[5.16618,51.06515],[5.16649,51.06492],[5.16687,51.06425],[5.16658,51.06389],[5.1679,51.06331],[5.16726,51.06233],[5.16689,51.06206],[5.16515,51.06172],[5.163,51.06074],[5.16152,51.0604],[5.16083,51.06036],[5.16046,51.06065],[5.15996,51.06051],[5.15812,51.06047],[5.15744,51.06055],[5.15644,51.06049],[5.15474,51.05981],[5.15332,51.05965],[5.15247,51.05943],[5.15217,51.05918],[5.15261,51.05843],[5.1525,51.05819],[5.15072,51.05823],[5.15028,51.05831],[5.14971,51.05777],[5.14948,51.0579],[5.14767,51.05729],[5.14614,51.05743],[5.14548,51.05759],[5.14341,51.0571],[5.14129,51.05679],[5.13852,51.0565],[5.13687,51.05622],[5.13466,51.05593],[5.13167,51.05519],[5.13031,51.05467],[5.12936,51.05444],[5.12949,51.05433],[5.12877,51.05413],[5.12866,51.05365],[5.13126,51.05414],[5.13144,51.05377],[5.13018,51.05316],[5.12945,51.05262],[5.12625,51.05125],[5.12594,51.05152],[5.12528,51.05052],[5.12314,51.04873],[5.12162,51.04764]]]}},{"type":"Feature","id":"71011","bbox":[5.365131,50.874189,5.479089,50.950702],"properties":{"nis":"71011","name":"Diepenbeek","nameNl":"Diepenbeek","nameFr":"Diepenbeek","nameDe":"Diepenbeek","province":"limburg","region":"flanders","areaKm2":41.26},"geometry":{"type":"Polygon","coordinates":[[[5.44927,50.87651],[5.44972,50.87684],[5.4509,50.8774],[5.4518,50.87799],[5.4513,50.87824],[5.45018,50.87955],[5.44984,50.88035],[5.44955,50.88138],[5.44841,50.88272],[5.44761,50.88324],[5.44634,50.88423],[5.44493,50.8848],[5.44283,50.88581],[5.44117,50.88708],[5.44048,50.88744],[5.44057,50.88862],[5.44191,50.89046],[5.44188,50.89075],[5.44303,50.89137],[5.44439,50.89244],[5.44449,50.89359],[5.44486,50.89421],[5.44655,50.89616],[5.44731,50.89689],[5.44838,50.89735],[5.44896,50.89775],[5.44988,50.89888],[5.44988,50.89902],[5.45095,50.90031],[5.45164,50.90097],[5.45204,50.90153],[5.45267,50.90368],[5.4523,50.90486],[5.45275,50.9055],[5.45334,50.9051],[5.45387,50.90546],[5.45299,50.90574],[5.45381,50.90686],[5.45318,50.90786],[5.4525,50.90836],[5.45217,50.90891],[5.45218,50.90948],[5.45683,50.90993],[5.45769,50.91028],[5.45974,50.91089],[5.46361,50.91304],[5.47222,50.91826],[5.47909,50.9225],[5.47908,50.92264],[5.4786,50.92316],[5.47777,50.92384],[5.47041,50.93099],[5.46978,50.93129],[5.46567,50.93345],[5.45739,50.9376],[5.45329,50.93963],[5.45332,50.93977],[5.4523,50.94036],[5.44594,50.94365],[5.44107,50.94323],[5.44077,50.94324],[5.4398,50.94379],[5.43274,50.94803],[5.43108,50.94901],[5.43119,50.9507],[5.428,50.95001],[5.4277,50.95007],[5.4267,50.94969],[5.42635,50.94967],[5.42587,50.94935],[5.42603,50.94906],[5.42455,50.94855],[5.42356,50.94836],[5.42221,50.94776],[5.42144,50.94764],[5.41855,50.9461],[5.41844,50.94596],[5.41596,50.94421],[5.41494,50.9437],[5.40962,50.94102],[5.40819,50.94008],[5.40346,50.9388],[5.40171,50.93797],[5.39784,50.93633],[5.39443,50.93578],[5.39342,50.93556],[5.39302,50.9358],[5.38971,50.93479],[5.38753,50.93428],[5.38459,50.93392],[5.38408,50.93392],[5.38401,50.93342],[5.38296,50.93331],[5.38162,50.93274],[5.3797,50.93227],[5.37772,50.93197],[5.37764,50.93202],[5.37606,50.93153],[5.37513,50.93072],[5.3737,50.92932],[5.37326,50.9288],[5.37354,50.92829],[5.3734,50.92807],[5.37427,50.92768],[5.37422,50.92791],[5.37538,50.92769],[5.37645,50.92718],[5.37625,50.92694],[5.37683,50.92686],[5.37687,50.92655],[5.37654,50.92632],[5.37625,50.92562],[5.37572,50.92521],[5.37565,50.92464],[5.37505,50.9243],[5.37471,50.92366],[5.37475,50.92318],[5.37515,50.92307],[5.37509,50.92245],[5.37534,50.92168],[5.37523,50.9215],[5.37609,50.9206],[5.37607,50.92041],[5.37723,50.9202],[5.37829,50.91986],[5.37867,50.91957],[5.37886,50.91906],[5.37939,50.91857],[5.37952,50.91802],[5.38086,50.91675],[5.38079,50.9165],[5.38025,50.91613],[5.37999,50.9155],[5.37951,50.9152],[5.3789,50.91524],[5.37833,50.91503],[5.37844,50.91481],[5.37706,50.91434],[5.37666,50.91362],[5.37685,50.91352],[5.37651,50.91296],[5.37526,50.91201],[5.37475,50.91122],[5.37414,50.91128],[5.37344,50.91093],[5.37318,50.91062],[5.37272,50.91052],[5.37247,50.91018],[5.3718,50.90986],[5.37091,50.90959],[5.37071,50.90928],[5.36993,50.90906],[5.36942,50.90917],[5.36851,50.90886],[5.36826,50.90853],[5.3675,50.90834],[5.36673,50.90763],[5.36621,50.90757],[5.3656,50.90697],[5.36575,50.90668],[5.36518,50.90548],[5.36544,50.90481],[5.36617,50.90477],[5.36692,50.90372],[5.36584,50.90344],[5.3669,50.90133],[5.36771,50.89928],[5.3682,50.89846],[5.37035,50.89702],[5.37134,50.89619],[5.37362,50.89453],[5.37367,50.89411],[5.37205,50.89333],[5.37172,50.89284],[5.37082,50.89237],[5.36968,50.89148],[5.36913,50.89093],[5.36891,50.89035],[5.36908,50.89025],[5.36871,50.8889],[5.36788,50.88775],[5.36821,50.88731],[5.36774,50.88688],[5.36957,50.88601],[5.36843,50.88449],[5.36793,50.88469],[5.36678,50.88341],[5.36703,50.88335],[5.36936,50.88336],[5.3706,50.8831],[5.37051,50.88291],[5.37128,50.88251],[5.37274,50.88225],[5.37419,50.88134],[5.37548,50.88114],[5.37622,50.88079],[5.37649,50.88026],[5.37706,50.88006],[5.37704,50.87983],[5.37789,50.87979],[5.37817,50.87957],[5.37942,50.87944],[5.37968,50.87958],[5.38135,50.87951],[5.38205,50.87927],[5.38514,50.87986],[5.38612,50.87994],[5.38677,50.88019],[5.3876,50.88034],[5.38899,50.88021],[5.38954,50.87999],[5.39073,50.87995],[5.39091,50.88009],[5.39255,50.87998],[5.39336,50.87985],[5.39402,50.88016],[5.39467,50.88029],[5.39508,50.88053],[5.39586,50.88061],[5.39709,50.8803],[5.39788,50.87982],[5.39819,50.87946],[5.39904,50.87928],[5.40056,50.87872],[5.40064,50.87811],[5.40092,50.87809],[5.40278,50.8768],[5.40424,50.8759],[5.40519,50.87548],[5.40713,50.87419],[5.40772,50.87495],[5.40885,50.87546],[5.40911,50.87533],[5.40957,50.87614],[5.41251,50.87655],[5.41341,50.87646],[5.41593,50.87674],[5.41643,50.87686],[5.41803,50.87679],[5.41987,50.87712],[5.42154,50.87759],[5.42241,50.87807],[5.42309,50.87875],[5.42457,50.87892],[5.42386,50.87962],[5.42515,50.88001],[5.42651,50.88051],[5.42865,50.8808],[5.42989,50.88111],[5.43154,50.88116],[5.43438,50.88171],[5.43586,50.88214],[5.43645,50.88196],[5.4369,50.88157],[5.43697,50.88128],[5.43787,50.88094],[5.43966,50.88046],[5.44234,50.87964],[5.44402,50.87917],[5.44515,50.87864],[5.44819,50.87701],[5.44927,50.87651]]]}},{"type":"Feature","id":"71016","bbox":[5.384316,50.913036,5.595162,51.020771],"properties":{"nis":"71016","name":"Genk","nameNl":"Genk","nameFr":"Genk","nameDe":"Genk","province":"limburg","region":"flanders","areaKm2":87.4},"geometry":{"type":"Polygon","coordinates":[[[5.59516,50.97734],[5.57655,50.98212],[5.5716,50.98486],[5.57149,50.98502],[5.56763,50.98713],[5.56348,50.98934],[5.56077,50.99088],[5.56028,50.99097],[5.55499,50.99515],[5.55483,50.99533],[5.54856,51.00022],[5.54777,51.00073],[5.54243,51.00482],[5.54185,51.00573],[5.54062,51.00696],[5.53994,51.00757],[5.53543,51.01211],[5.5289,51.01888],[5.52436,51.01883],[5.51828,51.01881],[5.50667,51.01875],[5.49822,51.02014],[5.4963,51.02043],[5.49615,51.0206],[5.49508,51.02077],[5.49504,51.02064],[5.49362,51.01968],[5.49366,51.01963],[5.48768,51.01562],[5.48725,51.0154],[5.48706,51.01481],[5.48662,51.01465],[5.48456,51.01332],[5.48364,51.01278],[5.46824,51.00339],[5.46807,51.00336],[5.46634,51.00152],[5.46597,51.00123],[5.46517,51.0007],[5.45964,50.99786],[5.45521,50.99562],[5.45012,50.99269],[5.45006,50.99256],[5.44823,50.99192],[5.44814,50.99196],[5.44467,50.99051],[5.44103,50.98864],[5.43763,50.9871],[5.43765,50.98721],[5.43564,50.98622],[5.43252,50.9844],[5.43035,50.98319],[5.42842,50.98059],[5.42462,50.9758],[5.4243,50.97582],[5.42352,50.97487],[5.40133,50.96754],[5.3965,50.96599],[5.39352,50.96491],[5.38841,50.96223],[5.38432,50.95949],[5.3873,50.95716],[5.39474,50.95377],[5.3985,50.95393],[5.40085,50.95417],[5.40331,50.9523],[5.40501,50.95089],[5.41182,50.94575],[5.41294,50.94496],[5.41494,50.9437],[5.41596,50.94421],[5.41844,50.94596],[5.41855,50.9461],[5.42144,50.94764],[5.42221,50.94776],[5.42356,50.94836],[5.42455,50.94855],[5.42603,50.94906],[5.42587,50.94935],[5.42635,50.94967],[5.4267,50.94969],[5.4277,50.95007],[5.428,50.95001],[5.43119,50.9507],[5.43108,50.94901],[5.43274,50.94803],[5.4398,50.94379],[5.44077,50.94324],[5.44107,50.94323],[5.44594,50.94365],[5.4523,50.94036],[5.45332,50.93977],[5.45329,50.93963],[5.45739,50.9376],[5.46567,50.93345],[5.46978,50.93129],[5.47041,50.93099],[5.47777,50.92384],[5.4786,50.92316],[5.47908,50.92264],[5.48143,50.92237],[5.48266,50.92162],[5.48569,50.91934],[5.48702,50.9178],[5.48889,50.91704],[5.49169,50.91484],[5.49333,50.91471],[5.49484,50.91429],[5.49806,50.91383],[5.50149,50.91347],[5.50409,50.91333],[5.50855,50.91306],[5.50881,50.91345],[5.51076,50.91376],[5.51241,50.91384],[5.5191,50.91528],[5.52336,50.91532],[5.52573,50.91546],[5.52694,50.91548],[5.52823,50.91396],[5.53007,50.91534],[5.53122,50.91613],[5.53262,50.91724],[5.53661,50.92005],[5.54363,50.92534],[5.54352,50.93043],[5.54387,50.93205],[5.5446,50.93413],[5.54586,50.9365],[5.5455,50.94117],[5.54631,50.94559],[5.54572,50.94578],[5.54582,50.94997],[5.5467,50.95177],[5.54658,50.95615],[5.54694,50.95872],[5.54803,50.96023],[5.54983,50.9625],[5.55151,50.96358],[5.55372,50.96432],[5.55833,50.9618],[5.5598,50.96026],[5.56034,50.96082],[5.56251,50.96466],[5.57631,50.97007],[5.59447,50.97712],[5.59516,50.97734]]]}},{"type":"Feature","id":"71017","bbox":[5.101532,50.695434,5.243956,50.77024],"properties":{"nis":"71017","name":"Gingelom","nameNl":"Gingelom","nameFr":"Gingelom","nameDe":"Gingelom","province":"limburg","region":"flanders","areaKm2":56.15},"geometry":{"type":"Polygon","coordinates":[[[5.24152,50.74889],[5.24029,50.74968],[5.23989,50.75066],[5.23937,50.75124],[5.2368,50.75369],[5.23593,50.7552],[5.23525,50.75606],[5.235,50.75699],[5.23441,50.75825],[5.2341,50.76019],[5.23371,50.7615],[5.23393,50.76247],[5.23356,50.7633],[5.23358,50.76475],[5.23339,50.76607],[5.23261,50.76845],[5.22921,50.76856],[5.2248,50.76914],[5.21476,50.76961],[5.21451,50.76903],[5.21384,50.76916],[5.21382,50.77024],[5.21267,50.7694],[5.21165,50.76965],[5.21091,50.77002],[5.21073,50.76976],[5.21004,50.76996],[5.20971,50.76958],[5.20905,50.76981],[5.20831,50.76987],[5.20753,50.76922],[5.20698,50.76957],[5.20718,50.76972],[5.20642,50.77021],[5.20609,50.76995],[5.20576,50.77008],[5.20484,50.76925],[5.20503,50.76918],[5.20451,50.7686],[5.20392,50.76871],[5.20374,50.76723],[5.2032,50.76725],[5.20259,50.76751],[5.2028,50.76779],[5.20124,50.7685],[5.20063,50.76762],[5.20017,50.76779],[5.19931,50.76677],[5.19824,50.76589],[5.19797,50.76604],[5.1972,50.76545],[5.19755,50.76525],[5.19666,50.76451],[5.1963,50.76465],[5.196,50.76431],[5.19572,50.76446],[5.19515,50.76391],[5.19422,50.76436],[5.19438,50.76454],[5.19363,50.76483],[5.19151,50.76468],[5.19094,50.76494],[5.19135,50.7655],[5.18916,50.76599],[5.1888,50.76561],[5.18772,50.76607],[5.18836,50.76671],[5.18719,50.76724],[5.1869,50.76699],[5.1866,50.76712],[5.18585,50.76637],[5.18412,50.76711],[5.18395,50.76741],[5.1835,50.76705],[5.18122,50.76787],[5.18029,50.76834],[5.17902,50.7688],[5.17836,50.76818],[5.17768,50.76694],[5.17748,50.76673],[5.17658,50.76699],[5.1753,50.76753],[5.17445,50.76693],[5.17378,50.76724],[5.17321,50.76673],[5.17207,50.7673],[5.17014,50.7661],[5.16922,50.76668],[5.16825,50.766],[5.16713,50.76671],[5.16518,50.76576],[5.16443,50.76639],[5.16537,50.76689],[5.16468,50.76736],[5.16389,50.76682],[5.16361,50.76704],[5.16194,50.7654],[5.16043,50.76418],[5.15846,50.76276],[5.15748,50.76334],[5.15692,50.76278],[5.15286,50.76413],[5.15328,50.76475],[5.151,50.76504],[5.14886,50.76493],[5.14655,50.7645],[5.14526,50.7646],[5.14357,50.76531],[5.14253,50.76565],[5.14235,50.76584],[5.14092,50.76631],[5.13892,50.76686],[5.13888,50.76637],[5.13822,50.76614],[5.13706,50.76609],[5.13739,50.76682],[5.13352,50.76752],[5.133,50.76687],[5.13132,50.76734],[5.13046,50.76655],[5.12901,50.76502],[5.12917,50.76482],[5.12746,50.76529],[5.12644,50.76393],[5.12231,50.76527],[5.1212,50.76444],[5.12075,50.76397],[5.11928,50.76443],[5.118,50.76493],[5.11717,50.76412],[5.11693,50.76421],[5.11356,50.76082],[5.11379,50.76071],[5.11327,50.76031],[5.11304,50.76038],[5.11133,50.75921],[5.10995,50.75818],[5.10987,50.75821],[5.10803,50.75679],[5.10938,50.75618],[5.10807,50.75495],[5.10758,50.75426],[5.10478,50.75169],[5.10415,50.75098],[5.10352,50.74957],[5.10305,50.74892],[5.10293,50.74769],[5.10232,50.74653],[5.10192,50.74511],[5.10153,50.74416],[5.1017,50.74114],[5.10364,50.74104],[5.10361,50.74076],[5.1044,50.74058],[5.10469,50.74108],[5.10566,50.74092],[5.10591,50.74175],[5.10659,50.74171],[5.10637,50.74098],[5.10787,50.74099],[5.10906,50.74085],[5.10881,50.74031],[5.11015,50.73996],[5.11087,50.73991],[5.11135,50.74013],[5.1132,50.73881],[5.11338,50.73898],[5.11412,50.7386],[5.11359,50.73807],[5.11461,50.73762],[5.11362,50.73675],[5.1158,50.73656],[5.11583,50.73675],[5.11699,50.73674],[5.11687,50.73636],[5.11746,50.73622],[5.11831,50.73692],[5.11958,50.73625],[5.12009,50.73654],[5.12145,50.73547],[5.11943,50.73306],[5.12013,50.73261],[5.11915,50.73228],[5.11888,50.7327],[5.11865,50.73254],[5.11922,50.73161],[5.118,50.73134],[5.11669,50.73075],[5.11617,50.73021],[5.11478,50.73067],[5.11445,50.72993],[5.1134,50.72822],[5.11294,50.7277],[5.11413,50.72742],[5.11338,50.72646],[5.11224,50.72683],[5.11191,50.72633],[5.1129,50.7259],[5.11196,50.72494],[5.11234,50.72476],[5.11236,50.72446],[5.11074,50.72301],[5.11028,50.72246],[5.10862,50.72293],[5.10736,50.7228],[5.10832,50.72253],[5.10818,50.72235],[5.10895,50.72195],[5.10917,50.72113],[5.10896,50.72042],[5.10811,50.71938],[5.10847,50.71907],[5.10778,50.71834],[5.10723,50.71811],[5.10683,50.71757],[5.10632,50.71744],[5.10586,50.71689],[5.10559,50.71681],[5.10581,50.71632],[5.10627,50.71597],[5.10705,50.71571],[5.10636,50.71458],[5.10653,50.71451],[5.10579,50.71379],[5.10535,50.71397],[5.10474,50.71344],[5.10677,50.71255],[5.10654,50.71225],[5.10595,50.71251],[5.10553,50.71209],[5.10617,50.71183],[5.10571,50.7118],[5.10457,50.71088],[5.10476,50.71075],[5.10362,50.71023],[5.10349,50.70916],[5.10456,50.70929],[5.10548,50.7096],[5.1063,50.70974],[5.10789,50.70964],[5.10852,50.70974],[5.11015,50.70873],[5.1122,50.70839],[5.11229,50.7085],[5.11712,50.70714],[5.11833,50.7082],[5.11894,50.70792],[5.11934,50.70828],[5.12195,50.7077],[5.12383,50.70719],[5.12728,50.7061],[5.12663,50.70533],[5.12836,50.70458],[5.12828,50.7045],[5.13009,50.70419],[5.13213,50.70377],[5.13293,50.70368],[5.13172,50.70175],[5.13395,50.70101],[5.13454,50.70138],[5.13652,50.70009],[5.13901,50.69887],[5.144,50.6975],[5.14451,50.69732],[5.14864,50.69543],[5.14935,50.69554],[5.15055,50.69548],[5.15485,50.69774],[5.15632,50.69832],[5.16222,50.69565],[5.16323,50.6957],[5.1651,50.69565],[5.16644,50.6963],[5.16729,50.69697],[5.1675,50.69728],[5.16828,50.69757],[5.17043,50.69882],[5.17131,50.69923],[5.17299,50.69984],[5.17436,50.70041],[5.17543,50.70108],[5.17664,50.70199],[5.17819,50.70286],[5.1784,50.70329],[5.18055,50.70467],[5.18076,50.70513],[5.18026,50.70551],[5.17991,50.70535],[5.17913,50.70607],[5.17995,50.70621],[5.17942,50.70715],[5.17659,50.71077],[5.17591,50.71156],[5.17637,50.7117],[5.17515,50.71271],[5.17528,50.71317],[5.17526,50.71453],[5.17368,50.71439],[5.17002,50.71434],[5.16884,50.71422],[5.16826,50.71489],[5.16752,50.71555],[5.1684,50.71609],[5.1677,50.71648],[5.16867,50.71772],[5.17054,50.71969],[5.16906,50.72012],[5.17028,50.72153],[5.16938,50.72178],[5.16984,50.7225],[5.17223,50.72184],[5.17215,50.72172],[5.1747,50.72106],[5.17527,50.72183],[5.1754,50.72365],[5.17697,50.72345],[5.17653,50.72244],[5.17724,50.72231],[5.17872,50.72141],[5.17994,50.72094],[5.18074,50.72166],[5.1819,50.72104],[5.18166,50.72082],[5.18264,50.7203],[5.18315,50.72063],[5.18343,50.7205],[5.18295,50.72011],[5.18315,50.72001],[5.18417,50.7208],[5.1858,50.71991],[5.18558,50.71965],[5.18674,50.7194],[5.18692,50.71947],[5.18882,50.7191],[5.18928,50.71867],[5.18946,50.71811],[5.19032,50.71775],[5.19133,50.7176],[5.19109,50.71688],[5.19194,50.71669],[5.19413,50.7165],[5.19643,50.7179],[5.19745,50.71885],[5.20312,50.71982],[5.20401,50.7206],[5.20544,50.72052],[5.20561,50.72091],[5.20651,50.72097],[5.20959,50.7209],[5.20996,50.72082],[5.21208,50.71996],[5.21383,50.72088],[5.22432,50.72079],[5.22583,50.71964],[5.22765,50.71805],[5.22786,50.71765],[5.22878,50.71805],[5.22898,50.7178],[5.22995,50.71803],[5.23219,50.71897],[5.2324,50.71946],[5.23356,50.72044],[5.23405,50.72121],[5.2338,50.72199],[5.23383,50.7225],[5.23439,50.72406],[5.23506,50.72505],[5.23669,50.72665],[5.23691,50.72722],[5.2367,50.72768],[5.23635,50.72909],[5.23629,50.72975],[5.23592,50.73098],[5.2353,50.73235],[5.23493,50.73297],[5.23436,50.73507],[5.23742,50.73524],[5.23698,50.73613],[5.23868,50.73782],[5.2383,50.73827],[5.24011,50.73943],[5.23955,50.7396],[5.24044,50.74106],[5.24099,50.74095],[5.24138,50.74138],[5.23978,50.74205],[5.24039,50.74269],[5.24113,50.74327],[5.24197,50.74284],[5.24301,50.74377],[5.24251,50.74407],[5.24345,50.74462],[5.24245,50.74513],[5.24345,50.74608],[5.24316,50.74621],[5.24396,50.74694],[5.24293,50.74726],[5.24339,50.74767],[5.24152,50.74889]]]}},{"type":"Feature","id":"71020","bbox":[5.041507,50.90898,5.139384,50.9988],"properties":{"nis":"71020","name":"Halen","nameNl":"Halen","nameFr":"Halen","nameDe":"Halen","province":"limburg","region":"flanders","areaKm2":36.48},"geometry":{"type":"Polygon","coordinates":[[[5.12444,50.99774],[5.12004,50.99794],[5.11815,50.99788],[5.11692,50.9988],[5.11435,50.99843],[5.11286,50.99799],[5.11261,50.99736],[5.11071,50.99666],[5.10987,50.99649],[5.10961,50.99657],[5.10804,50.9964],[5.10808,50.99625],[5.10683,50.99578],[5.10455,50.99471],[5.10474,50.99447],[5.1018,50.99289],[5.10094,50.99255],[5.10029,50.99252],[5.10005,50.99204],[5.09868,50.99162],[5.09795,50.99066],[5.09712,50.99016],[5.09565,50.98958],[5.09512,50.98961],[5.09422,50.98942],[5.09457,50.98886],[5.09105,50.98776],[5.08998,50.98787],[5.08897,50.98784],[5.08788,50.9873],[5.08644,50.98705],[5.08538,50.98659],[5.08497,50.98705],[5.08346,50.98675],[5.08353,50.98654],[5.08311,50.98632],[5.08275,50.98589],[5.0823,50.98578],[5.08214,50.98535],[5.08229,50.98461],[5.08257,50.98444],[5.08394,50.984],[5.0812,50.98331],[5.08088,50.98298],[5.07952,50.98276],[5.07884,50.98274],[5.07918,50.98242],[5.07966,50.98238],[5.08044,50.98194],[5.08077,50.98148],[5.07889,50.98146],[5.07963,50.98064],[5.08099,50.978],[5.08133,50.97541],[5.08131,50.9741],[5.08149,50.97388],[5.08231,50.97373],[5.08274,50.97345],[5.08344,50.97272],[5.08342,50.97204],[5.08516,50.97005],[5.08324,50.96976],[5.08383,50.96938],[5.08327,50.96887],[5.08422,50.96849],[5.08429,50.96829],[5.08358,50.9674],[5.08167,50.96606],[5.0797,50.96442],[5.07858,50.96307],[5.07791,50.96201],[5.07717,50.96101],[5.07655,50.9604],[5.07571,50.95902],[5.07504,50.95894],[5.07182,50.95824],[5.06946,50.95765],[5.06624,50.95697],[5.06508,50.95658],[5.06296,50.95569],[5.06121,50.9548],[5.06032,50.95444],[5.05842,50.95417],[5.05787,50.95381],[5.05765,50.95341],[5.05727,50.95224],[5.05608,50.95108],[5.05543,50.95059],[5.05626,50.94983],[5.05564,50.94909],[5.05485,50.948],[5.05411,50.94719],[5.05234,50.94627],[5.05244,50.94552],[5.05079,50.9453],[5.04748,50.94463],[5.04637,50.94431],[5.04483,50.94362],[5.04349,50.94314],[5.0421,50.94277],[5.04151,50.94264],[5.0423,50.93977],[5.04264,50.9392],[5.04269,50.93868],[5.04374,50.93739],[5.04396,50.93669],[5.04391,50.93576],[5.04493,50.93404],[5.0453,50.93244],[5.04783,50.92912],[5.0482,50.92762],[5.04845,50.92723],[5.04924,50.92647],[5.04984,50.92572],[5.05038,50.92469],[5.05129,50.92317],[5.05381,50.9207],[5.05404,50.92035],[5.05505,50.92066],[5.05598,50.9203],[5.05612,50.92007],[5.05705,50.91969],[5.0572,50.91917],[5.05828,50.91857],[5.06058,50.91756],[5.06169,50.91817],[5.06285,50.91742],[5.06336,50.91695],[5.06337,50.91641],[5.06376,50.91637],[5.06417,50.91667],[5.06468,50.91673],[5.0648,50.91721],[5.06529,50.91723],[5.06542,50.91692],[5.06644,50.91691],[5.06674,50.91727],[5.06736,50.91705],[5.06788,50.9172],[5.06815,50.91789],[5.06841,50.91792],[5.06901,50.91757],[5.06977,50.91817],[5.06953,50.91836],[5.07117,50.91861],[5.07112,50.91895],[5.07177,50.91912],[5.07191,50.91931],[5.07261,50.91954],[5.07302,50.91943],[5.07413,50.91986],[5.07445,50.9202],[5.07511,50.92042],[5.07636,50.92136],[5.07694,50.92133],[5.07746,50.92172],[5.07805,50.92185],[5.07841,50.92155],[5.07807,50.92128],[5.08015,50.91974],[5.07943,50.91946],[5.08114,50.91779],[5.0843,50.91484],[5.08635,50.91284],[5.08726,50.91205],[5.08892,50.91086],[5.08973,50.91009],[5.09032,50.91029],[5.09188,50.90916],[5.09203,50.90898],[5.09301,50.90951],[5.09326,50.91014],[5.09386,50.91037],[5.09516,50.91134],[5.09617,50.91201],[5.09721,50.91178],[5.09779,50.91211],[5.09788,50.91241],[5.0983,50.91262],[5.09913,50.91274],[5.09948,50.91325],[5.1,50.91331],[5.10148,50.91433],[5.10248,50.91455],[5.10328,50.91487],[5.10352,50.91482],[5.1063,50.91583],[5.10816,50.91607],[5.10815,50.91625],[5.10961,50.91646],[5.10979,50.91659],[5.11152,50.91677],[5.11245,50.91674],[5.11311,50.91684],[5.11378,50.91721],[5.11408,50.91714],[5.11642,50.91751],[5.11725,50.91771],[5.11763,50.9176],[5.12026,50.91783],[5.12201,50.91814],[5.1223,50.91833],[5.12317,50.91837],[5.12537,50.91863],[5.12725,50.91958],[5.12823,50.91955],[5.12936,50.91974],[5.13054,50.92045],[5.13257,50.92153],[5.13214,50.922],[5.1336,50.92211],[5.13282,50.92267],[5.13325,50.92292],[5.13296,50.92423],[5.13278,50.92448],[5.13435,50.92507],[5.13422,50.92523],[5.12768,50.93029],[5.1274,50.93116],[5.12775,50.93196],[5.12753,50.93295],[5.12808,50.93482],[5.12785,50.93523],[5.12739,50.93688],[5.12671,50.93768],[5.12356,50.94159],[5.1227,50.94221],[5.12094,50.9439],[5.12035,50.94543],[5.1202,50.94725],[5.11988,50.9481],[5.11963,50.94841],[5.11924,50.94934],[5.11921,50.94986],[5.11859,50.9499],[5.11848,50.9501],[5.11885,50.95054],[5.11808,50.95093],[5.11824,50.9516],[5.11775,50.95195],[5.11837,50.95303],[5.11837,50.95595],[5.11825,50.95616],[5.11668,50.95775],[5.1176,50.95738],[5.11747,50.9582],[5.11761,50.95836],[5.11821,50.95813],[5.11836,50.95833],[5.11803,50.95876],[5.11455,50.95879],[5.11368,50.95884],[5.11038,50.95921],[5.10918,50.95947],[5.10852,50.95981],[5.10965,50.96069],[5.10986,50.96109],[5.10846,50.96129],[5.10847,50.96138],[5.11097,50.96206],[5.11148,50.96215],[5.11262,50.96179],[5.11299,50.9615],[5.11498,50.96262],[5.11527,50.96266],[5.11581,50.96336],[5.11605,50.9642],[5.11587,50.9655],[5.11595,50.96632],[5.11648,50.96891],[5.11648,50.96945],[5.12054,50.97058],[5.126,50.97238],[5.12613,50.97246],[5.1294,50.97353],[5.13805,50.97639],[5.13938,50.97694],[5.13924,50.97733],[5.13838,50.97867],[5.13936,50.97903],[5.13868,50.98001],[5.13826,50.98079],[5.13599,50.98289],[5.13437,50.98413],[5.13375,50.98508],[5.13297,50.98531],[5.1322,50.98603],[5.13034,50.9873],[5.13036,50.98773],[5.13147,50.98824],[5.13171,50.98856],[5.13147,50.98899],[5.13164,50.98913],[5.12972,50.99051],[5.12749,50.99245],[5.12623,50.99342],[5.12564,50.99399],[5.12521,50.99463],[5.12534,50.99542],[5.12494,50.99616],[5.12521,50.99622],[5.12444,50.99774]]]}},{"type":"Feature","id":"71024","bbox":[5.116679,50.892483,5.229968,50.971258],"properties":{"nis":"71024","name":"Herk-de-Stad","nameNl":"Herk-de-Stad","nameFr":"Herck-la-Ville","nameDe":"Herk-de-Stad","province":"limburg","region":"flanders","areaKm2":42.87},"geometry":{"type":"Polygon","coordinates":[[[5.1176,50.95738],[5.11668,50.95775],[5.11825,50.95616],[5.11837,50.95595],[5.11837,50.95303],[5.11775,50.95195],[5.11824,50.9516],[5.11808,50.95093],[5.11885,50.95054],[5.11848,50.9501],[5.11859,50.9499],[5.11921,50.94986],[5.11924,50.94934],[5.11963,50.94841],[5.11988,50.9481],[5.1202,50.94725],[5.12035,50.94543],[5.12094,50.9439],[5.1227,50.94221],[5.12356,50.94159],[5.12671,50.93768],[5.12739,50.93688],[5.12785,50.93523],[5.12808,50.93482],[5.12753,50.93295],[5.12775,50.93196],[5.1274,50.93116],[5.12768,50.93029],[5.13422,50.92523],[5.13435,50.92507],[5.13278,50.92448],[5.13296,50.92423],[5.13325,50.92292],[5.13282,50.92267],[5.1336,50.92211],[5.13214,50.922],[5.13257,50.92153],[5.13465,50.9207],[5.13463,50.92007],[5.13397,50.91971],[5.13387,50.91948],[5.13427,50.91923],[5.1343,50.91879],[5.13478,50.91832],[5.13527,50.91499],[5.13537,50.91403],[5.13667,50.91382],[5.1371,50.91344],[5.1391,50.91346],[5.14019,50.91362],[5.1408,50.91355],[5.14092,50.91331],[5.14281,50.91292],[5.14326,50.91265],[5.14438,50.91244],[5.14603,50.91271],[5.14687,50.91277],[5.14853,50.91306],[5.14899,50.91293],[5.15049,50.91283],[5.15068,50.91262],[5.152,50.91251],[5.15383,50.91199],[5.15477,50.91191],[5.15571,50.91196],[5.1569,50.91174],[5.15764,50.91178],[5.15845,50.91199],[5.16047,50.91202],[5.16126,50.91214],[5.1618,50.91202],[5.16542,50.9123],[5.1655,50.9126],[5.16714,50.9127],[5.16954,50.91361],[5.17133,50.913],[5.17497,50.91208],[5.17643,50.91164],[5.17841,50.91075],[5.18435,50.9077],[5.18537,50.90705],[5.18641,50.90609],[5.18705,50.90529],[5.18799,50.90222],[5.18802,50.90178],[5.1877,50.90179],[5.18702,50.89991],[5.1866,50.89843],[5.18662,50.89627],[5.18676,50.89508],[5.18668,50.89375],[5.18888,50.89396],[5.19149,50.89416],[5.19212,50.89415],[5.19207,50.89454],[5.19466,50.89423],[5.19439,50.89351],[5.2008,50.89248],[5.2011,50.89252],[5.20266,50.89622],[5.20313,50.8967],[5.20067,50.8981],[5.20091,50.89846],[5.20164,50.89896],[5.20027,50.89934],[5.19997,50.89903],[5.19863,50.89921],[5.19862,50.89939],[5.19588,50.89894],[5.19592,50.89972],[5.19654,50.89994],[5.19572,50.90169],[5.19702,50.90213],[5.19732,50.90175],[5.19774,50.90188],[5.19756,50.90212],[5.19966,50.90353],[5.20049,50.90213],[5.20377,50.90127],[5.2045,50.90291],[5.20392,50.9031],[5.20463,50.90416],[5.20571,50.90469],[5.20732,50.90599],[5.20803,50.90641],[5.20934,50.90698],[5.2102,50.9088],[5.2107,50.90852],[5.21153,50.90916],[5.21256,50.90868],[5.21269,50.90873],[5.21441,50.90756],[5.21555,50.90722],[5.21755,50.9089],[5.21761,50.90882],[5.21941,50.90938],[5.21911,50.90985],[5.22014,50.91009],[5.2202,50.90905],[5.22047,50.90895],[5.22137,50.90906],[5.22204,50.90868],[5.22352,50.90768],[5.22447,50.90827],[5.22554,50.90906],[5.2275,50.90992],[5.22803,50.91033],[5.22838,50.91112],[5.22857,50.91185],[5.22927,50.91253],[5.22983,50.91362],[5.22997,50.9143],[5.22938,50.91623],[5.22782,50.91699],[5.22604,50.91833],[5.22578,50.91879],[5.22594,50.9194],[5.22628,50.91974],[5.22605,50.91995],[5.22666,50.92024],[5.22569,50.92054],[5.22596,50.92067],[5.22588,50.92189],[5.22729,50.92396],[5.22796,50.92442],[5.22774,50.92446],[5.22685,50.92532],[5.22576,50.92557],[5.22466,50.92568],[5.22405,50.92586],[5.22328,50.92667],[5.2218,50.92674],[5.21981,50.92748],[5.21886,50.9279],[5.21812,50.92803],[5.21753,50.9283],[5.21737,50.92783],[5.21709,50.92796],[5.21706,50.92836],[5.216,50.9286],[5.21571,50.92931],[5.21503,50.92959],[5.21475,50.92944],[5.21362,50.92984],[5.21296,50.9295],[5.21215,50.92928],[5.21213,50.92944],[5.21293,50.93094],[5.21285,50.93096],[5.21396,50.9336],[5.21396,50.93409],[5.21486,50.9365],[5.21598,50.93884],[5.21676,50.94213],[5.21706,50.94295],[5.21767,50.9452],[5.21864,50.94634],[5.21834,50.94644],[5.21873,50.94713],[5.21899,50.94728],[5.21867,50.94799],[5.21874,50.94848],[5.21906,50.94886],[5.21946,50.94877],[5.2204,50.94964],[5.22074,50.95008],[5.22134,50.9504],[5.22184,50.95021],[5.22231,50.9505],[5.22249,50.95083],[5.22295,50.9509],[5.22398,50.95257],[5.22428,50.95376],[5.2253,50.95406],[5.22563,50.95437],[5.2273,50.95679],[5.22694,50.95697],[5.22754,50.95773],[5.22605,50.9586],[5.22553,50.95915],[5.22341,50.9601],[5.22218,50.96126],[5.22201,50.96358],[5.22135,50.96367],[5.22249,50.9644],[5.22259,50.96539],[5.22254,50.9661],[5.22215,50.96601],[5.22159,50.96633],[5.22197,50.96661],[5.2219,50.96719],[5.22148,50.96734],[5.22106,50.96713],[5.22057,50.96644],[5.21915,50.96714],[5.21853,50.96678],[5.21817,50.96675],[5.21771,50.96628],[5.21679,50.96626],[5.21636,50.96594],[5.21593,50.96594],[5.21515,50.96621],[5.21266,50.96764],[5.21209,50.96783],[5.20945,50.96788],[5.20827,50.96802],[5.2055,50.96894],[5.1999,50.97076],[5.19948,50.97082],[5.19891,50.97065],[5.19834,50.97068],[5.19616,50.97118],[5.19473,50.97123],[5.19401,50.97088],[5.19386,50.97065],[5.19316,50.97061],[5.19069,50.97014],[5.18874,50.96998],[5.18707,50.97097],[5.18623,50.97113],[5.18402,50.97061],[5.18217,50.97007],[5.18047,50.96992],[5.17873,50.96952],[5.17539,50.96885],[5.17433,50.9687],[5.17312,50.9688],[5.17168,50.96864],[5.16819,50.96843],[5.16665,50.96837],[5.16497,50.96761],[5.16294,50.96734],[5.16099,50.96675],[5.15841,50.9661],[5.15614,50.96498],[5.15356,50.96381],[5.15272,50.96374],[5.15128,50.96337],[5.14925,50.96211],[5.14845,50.96176],[5.14529,50.96063],[5.14046,50.95921],[5.13761,50.95807],[5.13455,50.95859],[5.13321,50.95872],[5.13199,50.9586],[5.13152,50.95831],[5.13077,50.95851],[5.13009,50.95829],[5.12942,50.9579],[5.12838,50.95849],[5.12763,50.95836],[5.12647,50.95617],[5.12449,50.95689],[5.12455,50.95669],[5.12241,50.95705],[5.12228,50.95691],[5.12241,50.95612],[5.11812,50.95719],[5.1176,50.95738]]]}},{"type":"Feature","id":"71034","bbox":[5.201486,51.095868,5.30087,51.147151],"properties":{"nis":"71034","name":"Leopoldsburg","nameNl":"Leopoldsburg","nameFr":"Bourg-Léopold","nameDe":"Leopoldsburg","province":"limburg","region":"flanders","areaKm2":22.51},"geometry":{"type":"Polygon","coordinates":[[[5.20534,51.10066],[5.20713,51.10122],[5.20942,51.10208],[5.20998,51.10047],[5.21071,51.09884],[5.21129,51.0983],[5.21244,51.09897],[5.2134,51.09732],[5.21409,51.09779],[5.21583,51.09811],[5.21649,51.09829],[5.21741,51.09873],[5.22028,51.0996],[5.22107,51.09988],[5.22297,51.09982],[5.22293,51.09928],[5.22427,51.09954],[5.22471,51.10037],[5.22567,51.10021],[5.22723,51.10021],[5.22854,51.09891],[5.22904,51.09819],[5.23043,51.09849],[5.23114,51.0971],[5.23159,51.09661],[5.23204,51.09587],[5.23371,51.09614],[5.23609,51.09661],[5.2368,51.09686],[5.2394,51.09699],[5.2399,51.09717],[5.24169,51.09707],[5.24308,51.0969],[5.24389,51.09706],[5.24405,51.09734],[5.24535,51.09772],[5.24678,51.09787],[5.24727,51.09824],[5.24888,51.09865],[5.24908,51.09843],[5.25,51.09857],[5.25172,51.09895],[5.2522,51.09916],[5.25487,51.09925],[5.25592,51.09918],[5.2574,51.09924],[5.25861,51.09952],[5.25904,51.09942],[5.25949,51.09967],[5.26063,51.09976],[5.2614,51.10003],[5.26229,51.09937],[5.26293,51.09974],[5.26452,51.10027],[5.26595,51.10067],[5.26863,51.10108],[5.26941,51.10139],[5.26994,51.10142],[5.27065,51.10178],[5.27141,51.10176],[5.27238,51.10191],[5.27231,51.10234],[5.27322,51.1024],[5.27487,51.10278],[5.27503,51.10233],[5.27652,51.10241],[5.27706,51.10233],[5.27832,51.10253],[5.27834,51.10242],[5.27942,51.10261],[5.28171,51.10314],[5.2836,51.10336],[5.28472,51.1033],[5.28581,51.10339],[5.28743,51.10344],[5.28953,51.10386],[5.29088,51.10421],[5.2915,51.1038],[5.29385,51.10464],[5.29396,51.10476],[5.30087,51.10576],[5.3002,51.10621],[5.29137,51.11638],[5.28875,51.11969],[5.28884,51.11993],[5.28464,51.12537],[5.28172,51.12921],[5.2802,51.131],[5.27509,51.13532],[5.26804,51.14105],[5.26785,51.14113],[5.26522,51.1435],[5.26254,51.14571],[5.26098,51.14697],[5.2565,51.14715],[5.25506,51.14545],[5.25327,51.14342],[5.25283,51.14285],[5.24368,51.13747],[5.24164,51.13629],[5.24092,51.13603],[5.23516,51.13264],[5.23514,51.13276],[5.23339,51.13306],[5.23321,51.13331],[5.23232,51.13329],[5.23141,51.13354],[5.23125,51.13396],[5.23035,51.13395],[5.22908,51.13231],[5.22833,51.13206],[5.21782,51.12899],[5.21544,51.12399],[5.21537,51.12394],[5.21336,51.11956],[5.21281,51.11857],[5.20897,51.11043],[5.20884,51.10999],[5.20593,51.10927],[5.206,51.1089],[5.20327,51.10842],[5.20226,51.10832],[5.20148,51.10796],[5.20216,51.10542],[5.20217,51.10518],[5.20325,51.1037],[5.20333,51.10368],[5.20444,51.10207],[5.20534,51.10066]]]}},{"type":"Feature","id":"71037","bbox":[5.108458,50.956123,5.252957,51.041445],"properties":{"nis":"71037","name":"Lummen","nameNl":"Lummen","nameFr":"Lummen","nameDe":"Lummen","province":"limburg","region":"flanders","areaKm2":53.51},"geometry":{"type":"Polygon","coordinates":[[[5.1176,50.95738],[5.11812,50.95719],[5.12241,50.95612],[5.12228,50.95691],[5.12241,50.95705],[5.12455,50.95669],[5.12449,50.95689],[5.12647,50.95617],[5.12763,50.95836],[5.12838,50.95849],[5.12942,50.9579],[5.13009,50.95829],[5.13077,50.95851],[5.13152,50.95831],[5.13199,50.9586],[5.13321,50.95872],[5.13455,50.95859],[5.13761,50.95807],[5.14046,50.95921],[5.14529,50.96063],[5.14845,50.96176],[5.14925,50.96211],[5.15128,50.96337],[5.15272,50.96374],[5.15356,50.96381],[5.15614,50.96498],[5.15841,50.9661],[5.16099,50.96675],[5.16294,50.96734],[5.16497,50.96761],[5.16665,50.96837],[5.16819,50.96843],[5.17168,50.96864],[5.17312,50.9688],[5.17433,50.9687],[5.17539,50.96885],[5.17873,50.96952],[5.18047,50.96992],[5.18217,50.97007],[5.18402,50.97061],[5.18623,50.97113],[5.18707,50.97097],[5.18874,50.96998],[5.19069,50.97014],[5.19316,50.97061],[5.19386,50.97065],[5.19401,50.97088],[5.19473,50.97123],[5.19616,50.97118],[5.19834,50.97068],[5.19891,50.97065],[5.19948,50.97082],[5.1999,50.97076],[5.2055,50.96894],[5.20827,50.96802],[5.20945,50.96788],[5.21209,50.96783],[5.21266,50.96764],[5.21515,50.96621],[5.21593,50.96594],[5.21636,50.96594],[5.21679,50.96626],[5.21771,50.96628],[5.21817,50.96675],[5.21853,50.96678],[5.21915,50.96714],[5.22057,50.96644],[5.22106,50.96713],[5.22148,50.96734],[5.2219,50.96719],[5.22197,50.96661],[5.22159,50.96633],[5.22215,50.96601],[5.22254,50.9661],[5.22327,50.96642],[5.22356,50.96679],[5.22429,50.96693],[5.22502,50.96647],[5.22547,50.9665],[5.22556,50.96613],[5.22625,50.96578],[5.22709,50.96569],[5.22686,50.9655],[5.22721,50.96493],[5.22762,50.96493],[5.22813,50.96462],[5.22859,50.96476],[5.2299,50.9642],[5.23047,50.96419],[5.23113,50.96511],[5.23129,50.96505],[5.23474,50.96514],[5.23656,50.96523],[5.23729,50.96547],[5.23762,50.96538],[5.23835,50.96549],[5.23872,50.9653],[5.23895,50.96604],[5.23879,50.96657],[5.23825,50.96736],[5.23859,50.96851],[5.23921,50.96932],[5.23965,50.96926],[5.24243,50.97155],[5.24354,50.9724],[5.24459,50.97332],[5.24562,50.97299],[5.24953,50.97257],[5.249,50.97307],[5.24766,50.97628],[5.24612,50.97828],[5.24467,50.98026],[5.24432,50.98096],[5.24206,50.98381],[5.24189,50.9838],[5.24041,50.98571],[5.2406,50.98584],[5.23943,50.98642],[5.23964,50.98669],[5.23932,50.98759],[5.23817,50.98906],[5.23887,50.98966],[5.23913,50.98973],[5.2389,50.99013],[5.24019,50.99083],[5.2393,50.9917],[5.23781,50.99288],[5.23797,50.99295],[5.23614,50.99501],[5.2341,50.99675],[5.23364,50.99692],[5.23095,50.99771],[5.23003,50.99971],[5.22931,51.00163],[5.23006,51.00134],[5.23063,51.00165],[5.23072,51.00234],[5.23212,51.00293],[5.23319,51.00268],[5.23331,51.00285],[5.23435,51.00298],[5.23496,51.00286],[5.23544,51.0026],[5.23631,51.00286],[5.2365,51.00265],[5.23835,51.00296],[5.23914,51.00289],[5.24055,51.00341],[5.2414,51.00362],[5.24285,51.00411],[5.2434,51.0041],[5.24422,51.0048],[5.24466,51.00554],[5.24568,51.00576],[5.24683,51.00625],[5.24786,51.00705],[5.24932,51.00738],[5.25021,51.00804],[5.25164,51.00886],[5.25166,51.00924],[5.25202,51.00938],[5.25208,51.01001],[5.2525,51.0105],[5.25291,51.01053],[5.25142,51.01164],[5.25133,51.01188],[5.25029,51.013],[5.2499,51.01292],[5.24915,51.01338],[5.2472,51.013],[5.24564,51.01239],[5.24465,51.01298],[5.24214,51.01418],[5.24205,51.01414],[5.24046,51.01495],[5.24063,51.01505],[5.23954,51.01666],[5.23893,51.01634],[5.23821,51.01737],[5.23738,51.01829],[5.23598,51.01951],[5.23533,51.02021],[5.23387,51.02094],[5.23277,51.02156],[5.23173,51.02233],[5.23013,51.02388],[5.22992,51.02456],[5.229,51.02566],[5.22834,51.02624],[5.22767,51.02717],[5.22625,51.02871],[5.22428,51.0305],[5.22509,51.03085],[5.22364,51.0338],[5.22334,51.03459],[5.22123,51.0344],[5.21801,51.03451],[5.21665,51.03504],[5.21589,51.03458],[5.21488,51.03535],[5.21431,51.03496],[5.21416,51.0351],[5.21239,51.03485],[5.2111,51.03624],[5.21046,51.03635],[5.20866,51.03605],[5.20779,51.03598],[5.20681,51.03614],[5.20551,51.0369],[5.20364,51.03932],[5.20481,51.04031],[5.2038,51.04144],[5.20349,51.04104],[5.20225,51.04049],[5.20164,51.04037],[5.2018,51.03945],[5.20073,51.03944],[5.20106,51.03927],[5.20172,51.03801],[5.20199,51.03777],[5.20236,51.03678],[5.20326,51.03656],[5.20335,51.03583],[5.2036,51.03538],[5.2038,51.03455],[5.20423,51.03411],[5.20403,51.03369],[5.20308,51.03331],[5.203,51.03306],[5.20332,51.03265],[5.20333,51.03215],[5.20296,51.03146],[5.20251,51.0311],[5.20176,51.03024],[5.20059,51.02975],[5.20032,51.02907],[5.19945,51.02914],[5.19809,51.02867],[5.19755,51.02833],[5.19684,51.02756],[5.19587,51.02715],[5.19519,51.02711],[5.19533,51.02678],[5.19453,51.02691],[5.19391,51.02689],[5.19377,51.02667],[5.19299,51.02697],[5.1924,51.02683],[5.19069,51.02621],[5.1903,51.02588],[5.1898,51.02589],[5.18898,51.02623],[5.1885,51.02615],[5.18835,51.0257],[5.18768,51.02576],[5.18784,51.02496],[5.18695,51.02488],[5.18639,51.02508],[5.18635,51.0248],[5.18572,51.0249],[5.18587,51.02459],[5.18522,51.024],[5.18484,51.02406],[5.18457,51.02369],[5.18465,51.0234],[5.18412,51.02328],[5.18414,51.02283],[5.18357,51.02294],[5.18348,51.02261],[5.1831,51.02262],[5.18325,51.02233],[5.18258,51.02171],[5.18341,51.02134],[5.18301,51.02078],[5.18273,51.02005],[5.1817,51.01947],[5.18082,51.01913],[5.18083,51.01865],[5.17903,51.0183],[5.17891,51.01783],[5.17909,51.01768],[5.17848,51.01753],[5.17897,51.01722],[5.17872,51.01696],[5.17904,51.01684],[5.17823,51.01656],[5.17778,51.01667],[5.17712,51.01636],[5.17627,51.01671],[5.17484,51.01757],[5.17365,51.01837],[5.17108,51.01965],[5.16865,51.02068],[5.1669,51.02152],[5.16572,51.02227],[5.16431,51.02299],[5.16391,51.02263],[5.16065,51.02388],[5.15972,51.02418],[5.15839,51.02375],[5.15684,51.02333],[5.15244,51.02234],[5.15225,51.02234],[5.14958,51.02146],[5.14904,51.02137],[5.14801,51.02097],[5.14728,51.02018],[5.14495,51.01944],[5.14314,51.01855],[5.14064,51.01754],[5.13733,51.01678],[5.13207,51.01552],[5.12986,51.01505],[5.12901,51.01544],[5.12727,51.01584],[5.12657,51.01624],[5.12498,51.01815],[5.125,51.01875],[5.12391,51.01968],[5.12484,51.02038],[5.12529,51.02057],[5.1251,51.02076],[5.12713,51.02161],[5.12873,51.02197],[5.12737,51.02453],[5.12556,51.02416],[5.12423,51.02379],[5.12318,51.02337],[5.1234,51.02315],[5.12277,51.02286],[5.12049,51.02132],[5.12024,51.02139],[5.11813,51.02073],[5.11821,51.02043],[5.11727,51.01993],[5.11527,51.0192],[5.11609,51.01748],[5.11736,51.01517],[5.11785,51.01491],[5.11927,51.01337],[5.1197,51.01268],[5.12079,51.01148],[5.1201,51.01121],[5.12143,51.00983],[5.12071,51.00954],[5.12108,51.00914],[5.12139,51.00926],[5.12184,51.00884],[5.12146,51.0087],[5.12192,51.00819],[5.12248,51.00791],[5.12153,51.00605],[5.12087,51.00588],[5.12201,51.0041],[5.12214,51.00413],[5.12296,51.00271],[5.12216,51.00275],[5.12282,51.00173],[5.12238,51.00168],[5.12396,50.99968],[5.1253,50.99785],[5.12444,50.99774],[5.12521,50.99622],[5.12494,50.99616],[5.12534,50.99542],[5.12521,50.99463],[5.12564,50.99399],[5.12623,50.99342],[5.12749,50.99245],[5.12972,50.99051],[5.13164,50.98913],[5.13147,50.98899],[5.13171,50.98856],[5.13147,50.98824],[5.13036,50.98773],[5.13034,50.9873],[5.1322,50.98603],[5.13297,50.98531],[5.13375,50.98508],[5.13437,50.98413],[5.13599,50.98289],[5.13826,50.98079],[5.13868,50.98001],[5.13936,50.97903],[5.13838,50.97867],[5.13924,50.97733],[5.13938,50.97694],[5.13805,50.97639],[5.1294,50.97353],[5.12613,50.97246],[5.126,50.97238],[5.12054,50.97058],[5.11648,50.96945],[5.11648,50.96891],[5.11595,50.96632],[5.11587,50.9655],[5.11605,50.9642],[5.11581,50.96336],[5.11527,50.96266],[5.11498,50.96262],[5.11299,50.9615],[5.11262,50.96179],[5.11148,50.96215],[5.11097,50.96206],[5.10847,50.96138],[5.10846,50.96129],[5.10986,50.96109],[5.10965,50.96069],[5.10852,50.95981],[5.10918,50.95947],[5.11038,50.95921],[5.11368,50.95884],[5.11455,50.95879],[5.11803,50.95876],[5.11836,50.95833],[5.11821,50.95813],[5.11761,50.95836],[5.11747,50.9582],[5.1176,50.95738]]]}},{"type":"Feature","id":"71045","bbox":[5.148433,50.851762,5.263589,50.910326],"properties":{"nis":"71045","name":"Nieuwerkerken","nameNl":"Nieuwerkerken","nameFr":"Nieuwerkerken","nameDe":"Nieuwerkerken","province":"limburg","region":"flanders","areaKm2":22.43},"geometry":{"type":"Polygon","coordinates":[[[5.18668,50.89375],[5.18669,50.89347],[5.18568,50.88996],[5.1856,50.88896],[5.1841,50.88857],[5.18336,50.88815],[5.18124,50.88675],[5.17922,50.88614],[5.1784,50.8835],[5.17905,50.88239],[5.17984,50.88154],[5.17941,50.87976],[5.17917,50.87914],[5.17838,50.87836],[5.17681,50.87658],[5.17507,50.8752],[5.17325,50.87405],[5.17273,50.87409],[5.17161,50.87337],[5.17097,50.87323],[5.17108,50.8726],[5.17002,50.87238],[5.1695,50.87238],[5.169,50.87261],[5.16839,50.87269],[5.16784,50.87317],[5.1675,50.87309],[5.16704,50.87332],[5.1668,50.87394],[5.166,50.87419],[5.16483,50.87474],[5.16353,50.87498],[5.16356,50.87533],[5.16316,50.8753],[5.16262,50.87552],[5.16247,50.8758],[5.16176,50.87601],[5.16209,50.87658],[5.16185,50.87679],[5.16092,50.87708],[5.16058,50.87707],[5.15974,50.87754],[5.15924,50.87849],[5.15888,50.87792],[5.15817,50.87805],[5.15801,50.87838],[5.15748,50.87858],[5.15725,50.87902],[5.156,50.87936],[5.15508,50.87951],[5.15488,50.87836],[5.1547,50.87799],[5.15444,50.87595],[5.1547,50.87303],[5.15505,50.87217],[5.15527,50.87093],[5.1553,50.86965],[5.15519,50.86841],[5.15465,50.86649],[5.15455,50.86497],[5.15436,50.86419],[5.15338,50.86262],[5.1522,50.86139],[5.15152,50.86117],[5.15066,50.86116],[5.14953,50.86075],[5.14843,50.86051],[5.14856,50.86007],[5.14922,50.86004],[5.149,50.85967],[5.14929,50.85889],[5.14976,50.85884],[5.14985,50.85846],[5.15032,50.8587],[5.15048,50.85797],[5.15073,50.85835],[5.15097,50.85809],[5.15246,50.8577],[5.15267,50.85739],[5.15316,50.85758],[5.1533,50.85725],[5.1539,50.8573],[5.15426,50.85709],[5.15573,50.85697],[5.15662,50.85665],[5.15709,50.85678],[5.15805,50.85658],[5.15909,50.85664],[5.15966,50.8562],[5.16028,50.85528],[5.16015,50.85482],[5.15871,50.85313],[5.15838,50.85289],[5.15834,50.85242],[5.15785,50.85246],[5.15755,50.85227],[5.15785,50.85176],[5.15898,50.85197],[5.15981,50.85223],[5.16063,50.8527],[5.16144,50.85268],[5.1624,50.85244],[5.16276,50.85255],[5.16259,50.85281],[5.16284,50.8532],[5.16309,50.8541],[5.16455,50.85393],[5.16452,50.85432],[5.16552,50.85576],[5.16734,50.85611],[5.1719,50.8574],[5.17326,50.85768],[5.17478,50.85781],[5.17755,50.85789],[5.17899,50.85806],[5.18046,50.85842],[5.18188,50.85915],[5.18264,50.85964],[5.18307,50.85969],[5.18425,50.8603],[5.18587,50.86047],[5.1865,50.85745],[5.18693,50.85602],[5.18723,50.85607],[5.1875,50.85524],[5.18755,50.85441],[5.18876,50.8544],[5.19024,50.85459],[5.19107,50.8548],[5.19384,50.85464],[5.19637,50.85465],[5.19611,50.85537],[5.19954,50.85537],[5.20273,50.85542],[5.203,50.8576],[5.20244,50.85875],[5.2023,50.85936],[5.20516,50.86088],[5.20656,50.86169],[5.2074,50.86205],[5.20826,50.86226],[5.2085,50.86311],[5.20917,50.86476],[5.20958,50.86621],[5.2095,50.86745],[5.2088,50.86935],[5.20863,50.87103],[5.20834,50.87338],[5.2083,50.87407],[5.2072,50.87498],[5.20771,50.87508],[5.20894,50.87502],[5.21179,50.87549],[5.21325,50.87527],[5.21442,50.8748],[5.21611,50.87471],[5.21791,50.87429],[5.21851,50.87422],[5.21878,50.87437],[5.21974,50.87436],[5.22053,50.87407],[5.22315,50.87382],[5.22388,50.87367],[5.22424,50.87382],[5.2243,50.87437],[5.22411,50.87486],[5.22413,50.87577],[5.22436,50.87599],[5.22446,50.87665],[5.23006,50.87732],[5.22973,50.87641],[5.23035,50.87564],[5.23109,50.87407],[5.2322,50.87216],[5.23254,50.87179],[5.23223,50.87113],[5.23248,50.87043],[5.23373,50.86951],[5.23372,50.8691],[5.23429,50.86806],[5.23468,50.86705],[5.23629,50.86589],[5.23645,50.86552],[5.23918,50.8663],[5.24023,50.86652],[5.24074,50.86563],[5.24152,50.86608],[5.24135,50.86623],[5.24244,50.86662],[5.24222,50.86671],[5.24273,50.86703],[5.24212,50.86798],[5.24349,50.86866],[5.24343,50.8697],[5.24359,50.87033],[5.24445,50.8716],[5.24481,50.87201],[5.24507,50.8729],[5.24506,50.8735],[5.24587,50.87395],[5.2471,50.87426],[5.2479,50.87472],[5.24826,50.87529],[5.24877,50.87494],[5.24979,50.87619],[5.24974,50.87631],[5.24875,50.87653],[5.24889,50.87921],[5.24875,50.88018],[5.24966,50.88072],[5.24997,50.88153],[5.2511,50.88202],[5.25125,50.88219],[5.25251,50.88281],[5.25339,50.88314],[5.25331,50.88327],[5.25505,50.88389],[5.25613,50.88471],[5.25676,50.88453],[5.25719,50.88498],[5.25823,50.88562],[5.25946,50.8857],[5.25999,50.88618],[5.26059,50.88639],[5.2609,50.88706],[5.26134,50.88762],[5.26234,50.88797],[5.26213,50.88814],[5.26243,50.88849],[5.26201,50.88867],[5.2616,50.88943],[5.26246,50.89046],[5.26246,50.89092],[5.26329,50.89121],[5.26314,50.89131],[5.26359,50.89171],[5.2629,50.89211],[5.26208,50.89222],[5.26124,50.89204],[5.25995,50.89216],[5.25932,50.89247],[5.25783,50.89296],[5.25642,50.89272],[5.25516,50.89294],[5.25377,50.89272],[5.25307,50.89269],[5.25159,50.89297],[5.2511,50.89296],[5.25003,50.89329],[5.2492,50.89425],[5.24591,50.89416],[5.2439,50.89402],[5.24101,50.89393],[5.23717,50.89388],[5.23494,50.89388],[5.23291,50.89378],[5.23233,50.89382],[5.23238,50.89442],[5.23153,50.89516],[5.23031,50.89593],[5.23008,50.89623],[5.22885,50.89694],[5.22786,50.89715],[5.22714,50.89667],[5.22595,50.89681],[5.22617,50.89733],[5.22512,50.89761],[5.22568,50.89802],[5.22551,50.89907],[5.22498,50.89919],[5.22514,50.89979],[5.22546,50.89993],[5.22599,50.90056],[5.22632,50.90071],[5.22678,50.90124],[5.22663,50.90151],[5.227,50.90179],[5.22688,50.90229],[5.22733,50.903],[5.22818,50.90364],[5.22822,50.904],[5.22907,50.90475],[5.22856,50.90555],[5.22772,50.90617],[5.22812,50.90639],[5.22814,50.90679],[5.22848,50.90718],[5.22829,50.90789],[5.22884,50.90815],[5.22871,50.90861],[5.22905,50.90879],[5.22837,50.90964],[5.22803,50.91033],[5.2275,50.90992],[5.22554,50.90906],[5.22447,50.90827],[5.22352,50.90768],[5.22204,50.90868],[5.22137,50.90906],[5.22047,50.90895],[5.2202,50.90905],[5.22014,50.91009],[5.21911,50.90985],[5.21941,50.90938],[5.21761,50.90882],[5.21755,50.9089],[5.21555,50.90722],[5.21441,50.90756],[5.21269,50.90873],[5.21256,50.90868],[5.21153,50.90916],[5.2107,50.90852],[5.2102,50.9088],[5.20934,50.90698],[5.20803,50.90641],[5.20732,50.90599],[5.20571,50.90469],[5.20463,50.90416],[5.20392,50.9031],[5.2045,50.90291],[5.20377,50.90127],[5.20049,50.90213],[5.19966,50.90353],[5.19756,50.90212],[5.19774,50.90188],[5.19732,50.90175],[5.19702,50.90213],[5.19572,50.90169],[5.19654,50.89994],[5.19592,50.89972],[5.19588,50.89894],[5.19862,50.89939],[5.19863,50.89921],[5.19997,50.89903],[5.20027,50.89934],[5.20164,50.89896],[5.20091,50.89846],[5.20067,50.8981],[5.20313,50.8967],[5.20266,50.89622],[5.2011,50.89252],[5.2008,50.89248],[5.19439,50.89351],[5.19466,50.89423],[5.19207,50.89454],[5.19212,50.89415],[5.19149,50.89416],[5.18888,50.89396],[5.18668,50.89375]]]}},{"type":"Feature","id":"71053","bbox":[5.106587,50.748893,5.286871,50.877323],"properties":{"nis":"71053","name":"Sint-Truiden","nameNl":"Sint-Truiden","nameFr":"Saint-Trond","nameDe":"Sint-Truiden","province":"limburg","region":"flanders","areaKm2":106.74},"geometry":{"type":"Polygon","coordinates":[[[5.15048,50.85797],[5.14844,50.85806],[5.14842,50.85723],[5.14829,50.8572],[5.14806,50.85637],[5.14768,50.85565],[5.14699,50.85539],[5.14852,50.85439],[5.1488,50.85341],[5.14822,50.85333],[5.14802,50.85241],[5.14688,50.85267],[5.14671,50.85182],[5.14641,50.8518],[5.14561,50.85277],[5.1435,50.85148],[5.14266,50.85111],[5.14027,50.85019],[5.13879,50.84957],[5.13758,50.84888],[5.1381,50.84864],[5.13706,50.84809],[5.13821,50.84752],[5.1385,50.84676],[5.1389,50.84635],[5.14111,50.84566],[5.14206,50.84558],[5.14372,50.84565],[5.14423,50.84561],[5.14453,50.84517],[5.14437,50.84477],[5.14341,50.84305],[5.14278,50.84203],[5.14148,50.84058],[5.14019,50.8397],[5.13993,50.8397],[5.13902,50.83914],[5.13877,50.83836],[5.13585,50.83524],[5.13531,50.83373],[5.1352,50.83316],[5.13529,50.8324],[5.13455,50.83034],[5.13479,50.8295],[5.13535,50.82853],[5.13541,50.82721],[5.13693,50.8267],[5.13626,50.8262],[5.13823,50.82504],[5.13671,50.8241],[5.13567,50.82327],[5.13527,50.82277],[5.13354,50.82157],[5.13221,50.82044],[5.1319,50.81996],[5.13136,50.81833],[5.13082,50.81753],[5.13053,50.81653],[5.13031,50.81621],[5.1306,50.81498],[5.13048,50.81457],[5.13195,50.81415],[5.13501,50.81225],[5.13618,50.81147],[5.14041,50.80985],[5.14179,50.80943],[5.14274,50.80905],[5.14516,50.8094],[5.14706,50.81096],[5.14857,50.81145],[5.14971,50.81195],[5.15011,50.81134],[5.15081,50.81062],[5.15235,50.8095],[5.15076,50.80886],[5.14917,50.80815],[5.14697,50.80698],[5.14462,50.80537],[5.14312,50.80417],[5.14208,50.80313],[5.13954,50.80022],[5.13878,50.79922],[5.13664,50.79676],[5.13266,50.79208],[5.1285,50.79223],[5.12227,50.79238],[5.11845,50.7925],[5.11743,50.79256],[5.11589,50.7914],[5.11567,50.79086],[5.11544,50.7909],[5.11403,50.78859],[5.11363,50.78775],[5.11196,50.78617],[5.1112,50.78602],[5.11075,50.78615],[5.11033,50.7857],[5.11054,50.78563],[5.10924,50.7844],[5.10938,50.78434],[5.10852,50.78331],[5.10907,50.78306],[5.10857,50.78231],[5.1081,50.78191],[5.10744,50.78091],[5.10787,50.78073],[5.10659,50.77906],[5.10928,50.77839],[5.10857,50.77748],[5.10957,50.7754],[5.11057,50.77383],[5.11069,50.77386],[5.11125,50.77296],[5.11142,50.77234],[5.11096,50.77153],[5.11129,50.77076],[5.11278,50.77004],[5.11231,50.76941],[5.11441,50.76869],[5.11328,50.76742],[5.11422,50.76658],[5.11388,50.76625],[5.11511,50.76516],[5.11493,50.76501],[5.11693,50.76421],[5.11717,50.76412],[5.118,50.76493],[5.11928,50.76443],[5.12075,50.76397],[5.1212,50.76444],[5.12231,50.76527],[5.12644,50.76393],[5.12746,50.76529],[5.12917,50.76482],[5.12901,50.76502],[5.13046,50.76655],[5.13132,50.76734],[5.133,50.76687],[5.13352,50.76752],[5.13739,50.76682],[5.13706,50.76609],[5.13822,50.76614],[5.13888,50.76637],[5.13892,50.76686],[5.14092,50.76631],[5.14235,50.76584],[5.14253,50.76565],[5.14357,50.76531],[5.14526,50.7646],[5.14655,50.7645],[5.14886,50.76493],[5.151,50.76504],[5.15328,50.76475],[5.15286,50.76413],[5.15692,50.76278],[5.15748,50.76334],[5.15846,50.76276],[5.16043,50.76418],[5.16194,50.7654],[5.16361,50.76704],[5.16389,50.76682],[5.16468,50.76736],[5.16537,50.76689],[5.16443,50.76639],[5.16518,50.76576],[5.16713,50.76671],[5.16825,50.766],[5.16922,50.76668],[5.17014,50.7661],[5.17207,50.7673],[5.17321,50.76673],[5.17378,50.76724],[5.17445,50.76693],[5.1753,50.76753],[5.17658,50.76699],[5.17748,50.76673],[5.17768,50.76694],[5.17836,50.76818],[5.17902,50.7688],[5.18029,50.76834],[5.18122,50.76787],[5.1835,50.76705],[5.18395,50.76741],[5.18412,50.76711],[5.18585,50.76637],[5.1866,50.76712],[5.1869,50.76699],[5.18719,50.76724],[5.18836,50.76671],[5.18772,50.76607],[5.1888,50.76561],[5.18916,50.76599],[5.19135,50.7655],[5.19094,50.76494],[5.19151,50.76468],[5.19363,50.76483],[5.19438,50.76454],[5.19422,50.76436],[5.19515,50.76391],[5.19572,50.76446],[5.196,50.76431],[5.1963,50.76465],[5.19666,50.76451],[5.19755,50.76525],[5.1972,50.76545],[5.19797,50.76604],[5.19824,50.76589],[5.19931,50.76677],[5.20017,50.76779],[5.20063,50.76762],[5.20124,50.7685],[5.2028,50.76779],[5.20259,50.76751],[5.2032,50.76725],[5.20374,50.76723],[5.20392,50.76871],[5.20451,50.7686],[5.20503,50.76918],[5.20484,50.76925],[5.20576,50.77008],[5.20609,50.76995],[5.20642,50.77021],[5.20718,50.76972],[5.20698,50.76957],[5.20753,50.76922],[5.20831,50.76987],[5.20905,50.76981],[5.20971,50.76958],[5.21004,50.76996],[5.21073,50.76976],[5.21091,50.77002],[5.21165,50.76965],[5.21267,50.7694],[5.21382,50.77024],[5.21384,50.76916],[5.21451,50.76903],[5.21476,50.76961],[5.2248,50.76914],[5.22921,50.76856],[5.23261,50.76845],[5.23339,50.76607],[5.23358,50.76475],[5.23356,50.7633],[5.23393,50.76247],[5.23371,50.7615],[5.2341,50.76019],[5.23441,50.75825],[5.235,50.75699],[5.23525,50.75606],[5.23593,50.7552],[5.2368,50.75369],[5.23937,50.75124],[5.23989,50.75066],[5.24029,50.74968],[5.24152,50.74889],[5.24227,50.74939],[5.24249,50.74924],[5.24321,50.74964],[5.24366,50.74936],[5.24465,50.74997],[5.24561,50.7492],[5.24697,50.75001],[5.24726,50.75029],[5.24813,50.74986],[5.24907,50.75031],[5.24955,50.74993],[5.25058,50.75055],[5.25109,50.75023],[5.25157,50.75058],[5.25203,50.75025],[5.25226,50.75042],[5.25326,50.74983],[5.25429,50.75059],[5.25461,50.75041],[5.25562,50.75119],[5.25673,50.75073],[5.25636,50.75018],[5.25744,50.74972],[5.25802,50.74973],[5.25889,50.75095],[5.25933,50.75133],[5.26059,50.75208],[5.2629,50.75282],[5.26373,50.7524],[5.26407,50.7521],[5.26572,50.75299],[5.26618,50.75254],[5.2673,50.75219],[5.26838,50.75201],[5.26858,50.74996],[5.26913,50.75],[5.27119,50.74982],[5.27246,50.75052],[5.27276,50.74991],[5.27335,50.74911],[5.27462,50.7491],[5.27514,50.74935],[5.27558,50.75001],[5.27605,50.75042],[5.27467,50.75119],[5.27394,50.75149],[5.27077,50.75236],[5.26841,50.75317],[5.26778,50.7535],[5.26687,50.75452],[5.26586,50.75546],[5.2668,50.75545],[5.26716,50.75688],[5.26635,50.75707],[5.26641,50.75738],[5.26705,50.75794],[5.26777,50.75959],[5.26774,50.76011],[5.26844,50.7612],[5.26882,50.76208],[5.26931,50.76262],[5.27,50.76428],[5.26882,50.76491],[5.2694,50.76551],[5.27043,50.76623],[5.27108,50.76681],[5.27174,50.76805],[5.27172,50.76956],[5.27053,50.76944],[5.27021,50.76975],[5.27037,50.77033],[5.26997,50.77038],[5.26957,50.76998],[5.26801,50.77032],[5.26743,50.77055],[5.26884,50.77081],[5.27145,50.77315],[5.27256,50.77378],[5.27239,50.77393],[5.27078,50.77407],[5.27013,50.77431],[5.26997,50.77409],[5.26848,50.77452],[5.26594,50.77509],[5.26691,50.77582],[5.26784,50.77602],[5.2693,50.77606],[5.27208,50.7768],[5.27265,50.77703],[5.27302,50.77677],[5.27442,50.77742],[5.27466,50.7772],[5.27883,50.77842],[5.28229,50.77917],[5.28259,50.77919],[5.28465,50.77876],[5.2857,50.77916],[5.28629,50.77987],[5.28627,50.7804],[5.28667,50.78092],[5.28655,50.78118],[5.2868,50.78177],[5.28667,50.78215],[5.2868,50.78289],[5.28646,50.78309],[5.28661,50.78333],[5.286,50.78389],[5.28498,50.78457],[5.28491,50.78479],[5.28242,50.78631],[5.28228,50.78764],[5.2821,50.78851],[5.28139,50.78909],[5.28032,50.78956],[5.27999,50.79025],[5.27994,50.79096],[5.27963,50.79187],[5.2785,50.79188],[5.27754,50.79164],[5.27549,50.79171],[5.27446,50.79154],[5.27265,50.79152],[5.27131,50.79136],[5.26879,50.79163],[5.26689,50.79175],[5.2655,50.79203],[5.26511,50.79219],[5.26314,50.79205],[5.25878,50.79181],[5.25597,50.79185],[5.25194,50.79183],[5.2517,50.79301],[5.25198,50.79295],[5.25224,50.79346],[5.25145,50.79378],[5.25179,50.79407],[5.25053,50.79488],[5.25091,50.79546],[5.25139,50.79712],[5.25173,50.79733],[5.25301,50.79777],[5.25229,50.79909],[5.25248,50.79916],[5.25113,50.801],[5.25208,50.80127],[5.25156,50.80239],[5.2519,50.80243],[5.25166,50.80344],[5.25201,50.80349],[5.25038,50.80723],[5.25132,50.80749],[5.25091,50.80797],[5.25215,50.80828],[5.25204,50.80841],[5.2553,50.809],[5.25502,50.81091],[5.255,50.81173],[5.2532,50.81364],[5.25488,50.81424],[5.25803,50.81528],[5.25928,50.81582],[5.26142,50.8165],[5.2639,50.81758],[5.26543,50.81809],[5.26582,50.81833],[5.26969,50.82026],[5.27148,50.82079],[5.27266,50.82131],[5.27428,50.82215],[5.27549,50.82291],[5.27743,50.82385],[5.27703,50.82462],[5.27749,50.82481],[5.27866,50.82554],[5.27934,50.82588],[5.28042,50.82617],[5.28128,50.82538],[5.28242,50.82591],[5.28352,50.82665],[5.2841,50.82725],[5.2867,50.83082],[5.28568,50.83146],[5.28507,50.83217],[5.28229,50.83673],[5.28127,50.83759],[5.2784,50.83936],[5.27657,50.84044],[5.27591,50.84091],[5.27672,50.84136],[5.27476,50.84233],[5.27435,50.84263],[5.27392,50.84335],[5.27263,50.84333],[5.27238,50.84405],[5.27198,50.84392],[5.27108,50.84463],[5.26976,50.84501],[5.27041,50.84535],[5.27005,50.84557],[5.26967,50.84536],[5.2692,50.84565],[5.27025,50.84621],[5.26991,50.84634],[5.26911,50.846],[5.26892,50.84625],[5.2696,50.84648],[5.26843,50.84718],[5.26793,50.84783],[5.26733,50.84829],[5.26679,50.84975],[5.26648,50.85082],[5.26534,50.85301],[5.26478,50.85435],[5.2636,50.85467],[5.26176,50.85569],[5.26099,50.85639],[5.2601,50.85735],[5.25968,50.85764],[5.25867,50.85808],[5.2573,50.85813],[5.2557,50.85883],[5.25406,50.85974],[5.25266,50.86146],[5.25146,50.8624],[5.25024,50.86303],[5.24823,50.86387],[5.2461,50.86568],[5.24571,50.86556],[5.24459,50.8666],[5.24395,50.86703],[5.24375,50.86765],[5.24273,50.86703],[5.24222,50.86671],[5.24244,50.86662],[5.24135,50.86623],[5.24152,50.86608],[5.24074,50.86563],[5.24023,50.86652],[5.23918,50.8663],[5.23645,50.86552],[5.23629,50.86589],[5.23468,50.86705],[5.23429,50.86806],[5.23372,50.8691],[5.23373,50.86951],[5.23248,50.87043],[5.23223,50.87113],[5.23254,50.87179],[5.2322,50.87216],[5.23109,50.87407],[5.23035,50.87564],[5.22973,50.87641],[5.23006,50.87732],[5.22446,50.87665],[5.22436,50.87599],[5.22413,50.87577],[5.22411,50.87486],[5.2243,50.87437],[5.22424,50.87382],[5.22388,50.87367],[5.22315,50.87382],[5.22053,50.87407],[5.21974,50.87436],[5.21878,50.87437],[5.21851,50.87422],[5.21791,50.87429],[5.21611,50.87471],[5.21442,50.8748],[5.21325,50.87527],[5.21179,50.87549],[5.20894,50.87502],[5.20771,50.87508],[5.2072,50.87498],[5.2083,50.87407],[5.20834,50.87338],[5.20863,50.87103],[5.2088,50.86935],[5.2095,50.86745],[5.20958,50.86621],[5.20917,50.86476],[5.2085,50.86311],[5.20826,50.86226],[5.2074,50.86205],[5.20656,50.86169],[5.20516,50.86088],[5.2023,50.85936],[5.20244,50.85875],[5.203,50.8576],[5.20273,50.85542],[5.19954,50.85537],[5.19611,50.85537],[5.19637,50.85465],[5.19384,50.85464],[5.19107,50.8548],[5.19024,50.85459],[5.18876,50.8544],[5.18755,50.85441],[5.1875,50.85524],[5.18723,50.85607],[5.18693,50.85602],[5.1865,50.85745],[5.18587,50.86047],[5.18425,50.8603],[5.18307,50.85969],[5.18264,50.85964],[5.18188,50.85915],[5.18046,50.85842],[5.17899,50.85806],[5.17755,50.85789],[5.17478,50.85781],[5.17326,50.85768],[5.1719,50.8574],[5.16734,50.85611],[5.16552,50.85576],[5.16452,50.85432],[5.16455,50.85393],[5.16309,50.8541],[5.16284,50.8532],[5.16259,50.85281],[5.16276,50.85255],[5.1624,50.85244],[5.16144,50.85268],[5.16063,50.8527],[5.15981,50.85223],[5.15898,50.85197],[5.15785,50.85176],[5.15755,50.85227],[5.15785,50.85246],[5.15834,50.85242],[5.15838,50.85289],[5.15871,50.85313],[5.16015,50.85482],[5.16028,50.85528],[5.15966,50.8562],[5.15909,50.85664],[5.15805,50.85658],[5.15709,50.85678],[5.15662,50.85665],[5.15573,50.85697],[5.15426,50.85709],[5.1539,50.8573],[5.1533,50.85725],[5.15316,50.85758],[5.15267,50.85739],[5.15246,50.8577],[5.15097,50.85809],[5.15073,50.85835],[5.15048,50.85797]]]}},{"type":"Feature","id":"71066","bbox":[5.301042,50.962832,5.465966,51.012492],"properties":{"nis":"71066","name":"Zonhoven","nameNl":"Zonhoven","nameFr":"Zonhoven","nameDe":"Zonhoven","province":"limburg","region":"flanders","areaKm2":39.56},"geometry":{"type":"Polygon","coordinates":[[[5.40133,50.96754],[5.42352,50.97487],[5.4243,50.97582],[5.42462,50.9758],[5.42842,50.98059],[5.43035,50.98319],[5.43252,50.9844],[5.43564,50.98622],[5.43765,50.98721],[5.43763,50.9871],[5.44103,50.98864],[5.44467,50.99051],[5.44814,50.99196],[5.44823,50.99192],[5.45006,50.99256],[5.45012,50.99269],[5.45521,50.99562],[5.45964,50.99786],[5.46517,51.0007],[5.46597,51.00123],[5.45786,51.00267],[5.45673,51.0029],[5.44016,51.00609],[5.4259,51.00888],[5.42451,51.00919],[5.41953,51.01012],[5.41821,51.01032],[5.41602,51.01083],[5.41332,51.01129],[5.41084,51.01166],[5.4097,51.01187],[5.40916,51.01207],[5.40848,51.01207],[5.40405,51.0123],[5.40018,51.01241],[5.39602,51.01249],[5.39101,51.01244],[5.38653,51.01242],[5.3835,51.01235],[5.3748,51.01234],[5.37194,51.01225],[5.36786,51.01228],[5.36217,51.01226],[5.36125,51.01232],[5.35644,51.01229],[5.35598,51.01222],[5.34834,51.01213],[5.34798,51.01219],[5.34736,51.01223],[5.3417,51.01215],[5.33745,51.01211],[5.32725,51.01206],[5.32642,51.01207],[5.32605,51.0116],[5.3252,51.01088],[5.3248,51.01069],[5.32549,51.00998],[5.32943,51.00534],[5.32251,51.00292],[5.32208,51.00282],[5.30633,50.99729],[5.30268,50.99668],[5.30104,50.99622],[5.3015,50.99572],[5.30193,50.99482],[5.30176,50.99474],[5.30259,50.99221],[5.3024,50.99214],[5.30277,50.98997],[5.30297,50.98937],[5.30297,50.9887],[5.30347,50.98873],[5.30454,50.98575],[5.30721,50.98614],[5.30868,50.98651],[5.30987,50.98666],[5.31009,50.98512],[5.3098,50.98488],[5.31034,50.98422],[5.31013,50.98415],[5.31065,50.98159],[5.3119,50.9798],[5.31227,50.97645],[5.31311,50.97681],[5.31353,50.97659],[5.31345,50.9771],[5.31384,50.97727],[5.31387,50.97763],[5.31482,50.97752],[5.31502,50.97769],[5.31748,50.97775],[5.31839,50.97789],[5.31907,50.97821],[5.32127,50.97882],[5.32434,50.97793],[5.32619,50.97582],[5.33324,50.9672],[5.33435,50.96605],[5.33553,50.96461],[5.33694,50.96464],[5.33641,50.96365],[5.338,50.96426],[5.33919,50.96353],[5.33977,50.96283],[5.34083,50.96301],[5.34182,50.96335],[5.34166,50.9645],[5.34197,50.96481],[5.34342,50.96542],[5.34505,50.96635],[5.34884,50.96726],[5.34993,50.96767],[5.35078,50.9682],[5.3523,50.9682],[5.35425,50.96802],[5.35511,50.96813],[5.35572,50.96882],[5.35728,50.96924],[5.35755,50.96953],[5.3585,50.96947],[5.35934,50.97054],[5.36031,50.9704],[5.36068,50.97097],[5.36377,50.97112],[5.37035,50.97295],[5.37101,50.97322],[5.37076,50.97412],[5.37162,50.97433],[5.37244,50.97413],[5.37358,50.9743],[5.37543,50.97514],[5.37633,50.97541],[5.37816,50.97575],[5.37843,50.97604],[5.3799,50.97598],[5.38179,50.97629],[5.38221,50.97653],[5.38381,50.97666],[5.38466,50.97643],[5.3856,50.9765],[5.38573,50.97664],[5.38846,50.97755],[5.3886,50.97784],[5.39458,50.97341],[5.39457,50.97314],[5.3951,50.97305],[5.39729,50.97141],[5.39868,50.96998],[5.39995,50.96903],[5.40087,50.96825],[5.40133,50.96754]]]}},{"type":"Feature","id":"71067","bbox":[5.528231,50.895066,5.613705,50.977342],"properties":{"nis":"71067","name":"Zutendaal","nameNl":"Zutendaal","nameFr":"Zutendaal","nameDe":"Zutendaal","province":"limburg","region":"flanders","areaKm2":31.96},"geometry":{"type":"Polygon","coordinates":[[[5.59516,50.97734],[5.59447,50.97712],[5.57631,50.97007],[5.56251,50.96466],[5.56034,50.96082],[5.5598,50.96026],[5.55833,50.9618],[5.55372,50.96432],[5.55151,50.96358],[5.54983,50.9625],[5.54803,50.96023],[5.54694,50.95872],[5.54658,50.95615],[5.5467,50.95177],[5.54582,50.94997],[5.54572,50.94578],[5.54631,50.94559],[5.5455,50.94117],[5.54586,50.9365],[5.5446,50.93413],[5.54387,50.93205],[5.54352,50.93043],[5.54363,50.92534],[5.53661,50.92005],[5.53262,50.91724],[5.53122,50.91613],[5.53007,50.91534],[5.52823,50.91396],[5.52989,50.91267],[5.531,50.91064],[5.53206,50.90881],[5.53204,50.90836],[5.53271,50.90736],[5.53288,50.90565],[5.5338,50.9052],[5.53464,50.9058],[5.53578,50.90555],[5.53905,50.90494],[5.54078,50.90493],[5.54413,50.90506],[5.54436,50.90518],[5.54619,50.90523],[5.54943,50.90506],[5.55011,50.90498],[5.55142,50.90432],[5.55217,50.90479],[5.55209,50.90518],[5.5529,50.90579],[5.55437,50.90647],[5.55482,50.90686],[5.55691,50.90763],[5.5587,50.90804],[5.5589,50.90874],[5.55981,50.90913],[5.56024,50.90916],[5.56232,50.90901],[5.56251,50.90878],[5.56313,50.90886],[5.56337,50.90871],[5.56423,50.90888],[5.56763,50.90905],[5.57308,50.90728],[5.5778,50.90552],[5.58277,50.90307],[5.5874,50.90132],[5.58807,50.90137],[5.58812,50.90088],[5.58841,50.90073],[5.58856,50.90076],[5.59266,50.89848],[5.59435,50.89742],[5.5962,50.89636],[5.59805,50.89524],[5.59919,50.89507],[5.60027,50.89508],[5.60267,50.89526],[5.60312,50.89535],[5.60784,50.89669],[5.61371,50.89792],[5.61257,50.90047],[5.61171,50.90275],[5.61177,50.90309],[5.61162,50.90588],[5.61146,50.90816],[5.61146,50.91032],[5.61122,50.91133],[5.60932,50.91786],[5.60943,50.91789],[5.60843,50.92006],[5.60713,50.9216],[5.60569,50.92458],[5.60542,50.92615],[5.60552,50.92618],[5.60475,50.9303],[5.60405,50.93353],[5.60433,50.93364],[5.60426,50.93445],[5.60407,50.93677],[5.60359,50.94162],[5.60218,50.94722],[5.60198,50.94843],[5.60186,50.94857],[5.59788,50.96604],[5.59532,50.9773],[5.59516,50.97734]]]}},{"type":"Feature","id":"71070","bbox":[5.224276,50.975178,5.351954,51.072668],"properties":{"nis":"71070","name":"Heusden-Zolder","nameNl":"Heusden-Zolder","nameFr":"Heusden-Zolder","nameDe":"Heusden-Zolder","province":"limburg","region":"flanders","areaKm2":53.2},"geometry":{"type":"Polygon","coordinates":[[[5.22509,51.03085],[5.22428,51.0305],[5.22625,51.02871],[5.22767,51.02717],[5.22834,51.02624],[5.229,51.02566],[5.22992,51.02456],[5.23013,51.02388],[5.23173,51.02233],[5.23277,51.02156],[5.23387,51.02094],[5.23533,51.02021],[5.23598,51.01951],[5.23738,51.01829],[5.23821,51.01737],[5.23893,51.01634],[5.23954,51.01666],[5.24063,51.01505],[5.24046,51.01495],[5.24205,51.01414],[5.24214,51.01418],[5.24465,51.01298],[5.24564,51.01239],[5.2472,51.013],[5.24915,51.01338],[5.2499,51.01292],[5.25029,51.013],[5.25133,51.01188],[5.25142,51.01164],[5.25291,51.01053],[5.2525,51.0105],[5.25208,51.01001],[5.25202,51.00938],[5.25166,51.00924],[5.25164,51.00886],[5.25021,51.00804],[5.24932,51.00738],[5.24786,51.00705],[5.24683,51.00625],[5.24568,51.00576],[5.24466,51.00554],[5.24422,51.0048],[5.2434,51.0041],[5.24285,51.00411],[5.2414,51.00362],[5.24055,51.00341],[5.23914,51.00289],[5.23835,51.00296],[5.2365,51.00265],[5.23631,51.00286],[5.23544,51.0026],[5.23496,51.00286],[5.23435,51.00298],[5.23331,51.00285],[5.23319,51.00268],[5.23212,51.00293],[5.23072,51.00234],[5.23063,51.00165],[5.23006,51.00134],[5.22931,51.00163],[5.23003,50.99971],[5.23095,50.99771],[5.23364,50.99692],[5.2341,50.99675],[5.23614,50.99501],[5.23797,50.99295],[5.23781,50.99288],[5.2393,50.9917],[5.24019,50.99083],[5.2389,50.99013],[5.23913,50.98973],[5.23887,50.98966],[5.23817,50.98906],[5.23932,50.98759],[5.23964,50.98669],[5.23943,50.98642],[5.2406,50.98584],[5.24041,50.98571],[5.24189,50.9838],[5.24206,50.98381],[5.24432,50.98096],[5.24467,50.98026],[5.24579,50.9805],[5.25,50.98086],[5.25391,50.98124],[5.25727,50.97969],[5.25759,50.97865],[5.25878,50.97873],[5.25908,50.97824],[5.26011,50.97771],[5.26063,50.97822],[5.26027,50.97839],[5.26084,50.97894],[5.26149,50.97934],[5.26255,50.97902],[5.26256,50.97926],[5.26453,50.97999],[5.26513,50.98001],[5.26659,50.97808],[5.26698,50.97816],[5.26796,50.97806],[5.26824,50.97752],[5.26923,50.97641],[5.27012,50.97679],[5.274,50.97829],[5.27337,50.97522],[5.27396,50.97518],[5.27644,50.97581],[5.27722,50.97654],[5.27815,50.97698],[5.28057,50.9784],[5.28164,50.97865],[5.28535,50.97976],[5.28851,50.97905],[5.28854,50.97829],[5.29029,50.97886],[5.29228,50.97928],[5.29306,50.97627],[5.29416,50.97698],[5.29503,50.97783],[5.29623,50.97843],[5.29714,50.97875],[5.29947,50.9799],[5.30161,50.97735],[5.3017,50.97715],[5.3028,50.97743],[5.30326,50.97692],[5.30354,50.97689],[5.3048,50.97734],[5.30389,50.97787],[5.30685,50.97955],[5.31065,50.98159],[5.31013,50.98415],[5.31034,50.98422],[5.3098,50.98488],[5.31009,50.98512],[5.30987,50.98666],[5.30868,50.98651],[5.30721,50.98614],[5.30454,50.98575],[5.30347,50.98873],[5.30297,50.9887],[5.30297,50.98937],[5.30277,50.98997],[5.3024,50.99214],[5.30259,50.99221],[5.30176,50.99474],[5.30193,50.99482],[5.3015,50.99572],[5.30104,50.99622],[5.30268,50.99668],[5.30633,50.99729],[5.32208,51.00282],[5.32251,51.00292],[5.32943,51.00534],[5.32549,51.00998],[5.3248,51.01069],[5.3252,51.01088],[5.32605,51.0116],[5.32642,51.01207],[5.32725,51.01206],[5.33745,51.01211],[5.3417,51.01215],[5.34736,51.01223],[5.34798,51.01219],[5.34848,51.01499],[5.34899,51.01626],[5.34921,51.01739],[5.35015,51.02091],[5.35084,51.02267],[5.35165,51.02504],[5.35195,51.02567],[5.35033,51.02802],[5.34965,51.02908],[5.34852,51.03101],[5.34701,51.03303],[5.34681,51.03343],[5.34619,51.03389],[5.34412,51.03571],[5.34114,51.0375],[5.34048,51.037],[5.33986,51.03749],[5.34069,51.03806],[5.33958,51.03913],[5.33892,51.03888],[5.33802,51.03986],[5.33834,51.04009],[5.33825,51.04055],[5.33742,51.04149],[5.33725,51.04186],[5.3372,51.04409],[5.33731,51.04445],[5.3371,51.04559],[5.33654,51.04724],[5.33559,51.05082],[5.33553,51.05228],[5.33613,51.05577],[5.33736,51.06262],[5.33833,51.0677],[5.33921,51.07246],[5.33937,51.07267],[5.33902,51.07239],[5.33685,51.07114],[5.3332,51.06913],[5.33315,51.06915],[5.32739,51.0659],[5.32611,51.0646],[5.32447,51.06398],[5.32212,51.06296],[5.31942,51.06168],[5.31831,51.06108],[5.31834,51.06081],[5.31767,51.06044],[5.31661,51.06002],[5.31617,51.06012],[5.31307,51.05896],[5.31104,51.05806],[5.31035,51.05799],[5.30921,51.05816],[5.30838,51.05805],[5.30649,51.05758],[5.30453,51.05729],[5.30439,51.05748],[5.30322,51.05717],[5.30177,51.0569],[5.30241,51.05651],[5.30193,51.05616],[5.30202,51.05578],[5.30148,51.05557],[5.30103,51.05507],[5.30037,51.05466],[5.29755,51.05401],[5.29622,51.05357],[5.29297,51.05295],[5.29212,51.05268],[5.29082,51.05197],[5.28932,51.05143],[5.28817,51.05115],[5.28471,51.04979],[5.28298,51.04923],[5.28146,51.04859],[5.28127,51.04887],[5.27942,51.0487],[5.27848,51.04847],[5.27786,51.04764],[5.27734,51.04787],[5.27644,51.04791],[5.27469,51.04758],[5.27326,51.04755],[5.27275,51.04763],[5.27226,51.04887],[5.2694,51.04942],[5.26793,51.04911],[5.26751,51.04812],[5.26796,51.0477],[5.26743,51.04738],[5.26578,51.04766],[5.26618,51.0486],[5.26531,51.04885],[5.26349,51.04919],[5.26447,51.04988],[5.2624,51.05028],[5.26118,51.05036],[5.25819,51.05017],[5.25657,51.05011],[5.25579,51.05015],[5.25538,51.05049],[5.25272,51.04944],[5.25088,51.04853],[5.24861,51.04768],[5.24939,51.04642],[5.24864,51.04639],[5.24732,51.04566],[5.24675,51.04557],[5.24595,51.04511],[5.2468,51.04434],[5.24733,51.04453],[5.24852,51.04296],[5.2498,51.0414],[5.24991,51.04138],[5.25099,51.04001],[5.25187,51.03833],[5.252,51.03717],[5.25167,51.03716],[5.24841,51.03643],[5.24743,51.03606],[5.24622,51.03541],[5.24407,51.03484],[5.24266,51.03419],[5.24215,51.03407],[5.24094,51.0343],[5.24023,51.03422],[5.23842,51.0343],[5.23711,51.03416],[5.2363,51.03384],[5.23515,51.03305],[5.23393,51.03254],[5.23112,51.032],[5.23018,51.03146],[5.22853,51.03135],[5.22774,51.03113],[5.22509,51.03085]]]}},{"type":"Feature","id":"71071","bbox":[4.98008,51.015452,5.23035,51.140592],"properties":{"nis":"71071","name":"Tessenderlo-Ham","nameNl":"Tessenderlo-Ham","nameFr":"Tessenderlo-Ham","nameDe":"Tessenderlo-Ham","province":"limburg","region":"flanders","areaKm2":84.11},"geometry":{"type":"Polygon","coordinates":[[[5.20534,51.10066],[5.20444,51.10207],[5.20333,51.10368],[5.20325,51.1037],[5.20217,51.10518],[5.20216,51.10542],[5.20148,51.10796],[5.20226,51.10832],[5.20327,51.10842],[5.206,51.1089],[5.20593,51.10927],[5.20884,51.10999],[5.20897,51.11043],[5.21281,51.11857],[5.21336,51.11956],[5.21537,51.12394],[5.21544,51.12399],[5.21782,51.12899],[5.22833,51.13206],[5.22908,51.13231],[5.23035,51.13395],[5.23011,51.13455],[5.2295,51.13483],[5.22936,51.13507],[5.22874,51.13475],[5.22782,51.13529],[5.2266,51.13624],[5.22497,51.13721],[5.22516,51.13759],[5.22508,51.13798],[5.22472,51.13801],[5.22427,51.1384],[5.22324,51.13847],[5.22288,51.13863],[5.22266,51.13905],[5.22217,51.13899],[5.22131,51.13931],[5.22095,51.13927],[5.22018,51.13949],[5.21984,51.13941],[5.21873,51.13986],[5.21841,51.1397],[5.21799,51.14001],[5.21743,51.13984],[5.2169,51.1399],[5.2163,51.13967],[5.21562,51.13981],[5.21512,51.14011],[5.21394,51.14009],[5.21215,51.14053],[5.21171,51.14049],[5.21073,51.14015],[5.21027,51.14047],[5.20964,51.14021],[5.20858,51.13999],[5.20814,51.14033],[5.20727,51.14019],[5.2071,51.13994],[5.20644,51.14008],[5.20615,51.13981],[5.20557,51.13967],[5.20544,51.13988],[5.20461,51.13961],[5.20547,51.1383],[5.20583,51.13751],[5.20464,51.13407],[5.20452,51.13403],[5.20387,51.13115],[5.20342,51.12935],[5.20203,51.1278],[5.19923,51.12488],[5.19785,51.12382],[5.19664,51.12401],[5.19537,51.12338],[5.19502,51.12342],[5.19427,51.12288],[5.19071,51.12176],[5.18795,51.12048],[5.18627,51.11995],[5.18473,51.11929],[5.18374,51.11907],[5.18192,51.1182],[5.18163,51.11883],[5.18103,51.11865],[5.1807,51.1188],[5.17996,51.1184],[5.17941,51.1185],[5.17764,51.1182],[5.17702,51.11799],[5.17601,51.11786],[5.17506,51.11794],[5.17365,51.11769],[5.172,51.11774],[5.17199,51.11799],[5.17141,51.11804],[5.17137,51.11863],[5.17015,51.11857],[5.16943,51.11906],[5.16839,51.11939],[5.16734,51.11945],[5.16665,51.11911],[5.16551,51.11896],[5.16559,51.1185],[5.16273,51.11858],[5.16249,51.11803],[5.1614,51.11783],[5.16005,51.11774],[5.15961,51.11785],[5.15837,51.11864],[5.15499,51.11919],[5.15371,51.11929],[5.15132,51.11937],[5.14974,51.11894],[5.14822,51.11844],[5.14735,51.11828],[5.1467,51.11725],[5.14419,51.11678],[5.14207,51.11611],[5.14104,51.11665],[5.13981,51.11683],[5.13741,51.11701],[5.13652,51.11726],[5.13589,51.11762],[5.13389,51.11796],[5.13171,51.11757],[5.13103,51.11722],[5.13022,51.11659],[5.12984,51.11244],[5.12922,51.11178],[5.12824,51.11028],[5.12727,51.10983],[5.12654,51.10934],[5.12637,51.109],[5.12683,51.10834],[5.12658,51.10811],[5.12574,51.10775],[5.1241,51.10692],[5.12219,51.10612],[5.12195,51.10594],[5.12038,51.10525],[5.1192,51.10453],[5.11845,51.10381],[5.11762,51.10346],[5.11746,51.10365],[5.11697,51.10345],[5.11667,51.10299],[5.11604,51.10274],[5.11459,51.10254],[5.11305,51.10194],[5.11252,51.10161],[5.11094,51.10038],[5.11001,51.09955],[5.10914,51.0992],[5.10849,51.09862],[5.10482,51.09756],[5.10375,51.09712],[5.10285,51.09654],[5.10229,51.09578],[5.10206,51.09522],[5.10192,51.0944],[5.10118,51.0943],[5.10045,51.09402],[5.10038,51.09375],[5.09958,51.09254],[5.09899,51.09196],[5.09788,51.09141],[5.09714,51.0909],[5.09691,51.09048],[5.0968,51.0893],[5.09659,51.0891],[5.09662,51.0885],[5.09614,51.08733],[5.09516,51.08643],[5.09493,51.08539],[5.09425,51.08546],[5.09113,51.08499],[5.08974,51.08487],[5.08841,51.08462],[5.08688,51.08355],[5.08616,51.08358],[5.08607,51.08343],[5.08463,51.0832],[5.08428,51.08335],[5.08367,51.08325],[5.08266,51.08333],[5.08176,51.08297],[5.08151,51.08312],[5.08119,51.0829],[5.08079,51.08307],[5.08044,51.08284],[5.07995,51.08307],[5.07951,51.08278],[5.07843,51.0831],[5.07725,51.08276],[5.07672,51.08276],[5.07568,51.08247],[5.07567,51.08268],[5.07482,51.08257],[5.0745,51.08277],[5.07358,51.08241],[5.07352,51.08192],[5.07307,51.08184],[5.07245,51.08217],[5.07122,51.08207],[5.07099,51.08229],[5.07076,51.082],[5.07018,51.08191],[5.06967,51.08163],[5.06915,51.0817],[5.06834,51.08155],[5.067,51.08145],[5.06657,51.0811],[5.06528,51.08095],[5.06498,51.08115],[5.06328,51.08102],[5.0633,51.08079],[5.06285,51.08064],[5.06251,51.0803],[5.06215,51.08025],[5.06199,51.0796],[5.06129,51.07953],[5.06115,51.07968],[5.05908,51.07934],[5.05859,51.07898],[5.05804,51.07907],[5.05671,51.07899],[5.05596,51.0785],[5.0559,51.07804],[5.05523,51.07767],[5.05498,51.07736],[5.05429,51.07743],[5.05427,51.07769],[5.053,51.07743],[5.05225,51.07776],[5.05153,51.07714],[5.05127,51.0772],[5.05035,51.07698],[5.05006,51.07666],[5.04943,51.07665],[5.04932,51.07633],[5.04849,51.0763],[5.04825,51.07612],[5.04724,51.07622],[5.04741,51.07642],[5.04689,51.07664],[5.04627,51.07651],[5.04586,51.07674],[5.04574,51.07643],[5.04537,51.07646],[5.04464,51.07609],[5.04421,51.07614],[5.04349,51.07559],[5.04331,51.0758],[5.04301,51.07551],[5.04197,51.07535],[5.04175,51.07547],[5.0405,51.07551],[5.04006,51.07581],[5.04,51.07538],[5.03927,51.0756],[5.0389,51.07549],[5.03827,51.07562],[5.03717,51.07538],[5.03661,51.07453],[5.03619,51.07426],[5.03581,51.07439],[5.0353,51.07414],[5.03492,51.07374],[5.03398,51.07384],[5.03022,51.0736],[5.02991,51.07326],[5.02948,51.07344],[5.02903,51.07408],[5.02834,51.07406],[5.0278,51.07356],[5.02754,51.07372],[5.02669,51.07311],[5.02654,51.07328],[5.02577,51.07312],[5.02385,51.07316],[5.02389,51.07289],[5.02297,51.07297],[5.02281,51.0733],[5.02223,51.07342],[5.02207,51.07322],[5.02158,51.07327],[5.02131,51.07303],[5.02099,51.07326],[5.02006,51.07328],[5.02006,51.07373],[5.01963,51.07353],[5.01838,51.07368],[5.01769,51.07339],[5.01731,51.07365],[5.01654,51.07354],[5.01536,51.07422],[5.01436,51.07396],[5.014,51.07405],[5.01357,51.07384],[5.01293,51.07409],[5.01072,51.07387],[5.01095,51.07162],[5.01122,51.07015],[5.01138,51.06967],[5.01226,51.06886],[5.01206,51.06871],[5.01179,51.06771],[5.01141,51.06725],[5.01078,51.06575],[5.01022,51.06579],[5.00974,51.06479],[5.00919,51.06326],[5.0091,51.06203],[5.00877,51.05953],[5.00843,51.05891],[5.00869,51.05737],[5.00663,51.05709],[5.00395,51.05683],[5.00189,51.05644],[5.00016,51.05624],[4.99915,51.0562],[4.99819,51.05626],[4.99729,51.05614],[4.99787,51.05488],[4.99787,51.05417],[4.99755,51.05372],[4.99637,51.05245],[4.99037,51.04537],[4.98714,51.0415],[4.98279,51.03634],[4.9816,51.03488],[4.98023,51.03329],[4.98009,51.03319],[4.98012,51.03234],[4.98437,51.03068],[4.99819,51.03398],[5.00104,51.03461],[5.0013,51.03443],[5.00301,51.03496],[5.00326,51.03531],[5.00445,51.03636],[5.00691,51.03728],[5.00704,51.03714],[5.00787,51.03763],[5.00832,51.03817],[5.00911,51.03886],[5.00947,51.0389],[5.00967,51.03653],[5.01,51.03552],[5.01055,51.03463],[5.01309,51.03251],[5.01449,51.0314],[5.01653,51.02911],[5.01791,51.02761],[5.01842,51.02497],[5.01882,51.02402],[5.02069,51.02182],[5.02223,51.01991],[5.0223,51.01994],[5.03411,51.0217],[5.04037,51.02241],[5.04097,51.02259],[5.04131,51.02292],[5.04366,51.02443],[5.04809,51.02358],[5.05099,51.02296],[5.05581,51.02186],[5.05689,51.01952],[5.05721,51.01893],[5.05744,51.01744],[5.05821,51.01545],[5.05963,51.01634],[5.06091,51.01649],[5.06182,51.01687],[5.06272,51.01671],[5.06344,51.017],[5.06434,51.01715],[5.06508,51.01714],[5.06542,51.01743],[5.06592,51.01729],[5.06655,51.01747],[5.06724,51.01801],[5.06879,51.01857],[5.06952,51.0192],[5.0702,51.01938],[5.07072,51.01977],[5.0707,51.01998],[5.07155,51.02076],[5.07225,51.02105],[5.07318,51.02098],[5.07397,51.02139],[5.07442,51.02121],[5.07499,51.02139],[5.07619,51.0212],[5.07641,51.0216],[5.07775,51.0215],[5.07843,51.02176],[5.07887,51.02149],[5.07971,51.02162],[5.07949,51.02197],[5.08036,51.02211],[5.08022,51.02245],[5.0812,51.02307],[5.08148,51.02294],[5.08192,51.02313],[5.0823,51.02362],[5.08294,51.02366],[5.08345,51.02391],[5.08353,51.02426],[5.08303,51.02525],[5.08228,51.0252],[5.08249,51.02549],[5.08261,51.02636],[5.08243,51.02827],[5.08111,51.02811],[5.07948,51.02759],[5.07948,51.02814],[5.07968,51.02907],[5.08044,51.02914],[5.08032,51.02995],[5.08049,51.02999],[5.08035,51.0314],[5.08063,51.03142],[5.08038,51.03309],[5.08044,51.03345],[5.07917,51.03673],[5.0792,51.03735],[5.07883,51.0373],[5.07872,51.03767],[5.07892,51.03846],[5.07867,51.03952],[5.07847,51.04081],[5.0781,51.04192],[5.07796,51.0428],[5.07815,51.04299],[5.07844,51.04436],[5.07842,51.04568],[5.07863,51.04664],[5.07937,51.04746],[5.0801,51.04783],[5.08131,51.0482],[5.08378,51.04867],[5.0839,51.04865],[5.08528,51.04926],[5.08666,51.04967],[5.08873,51.04982],[5.08949,51.0491],[5.09116,51.0494],[5.09339,51.04913],[5.09868,51.04844],[5.09917,51.04835],[5.10039,51.04858],[5.10067,51.04828],[5.1027,51.04828],[5.10273,51.04797],[5.10556,51.04807],[5.1056,51.04803],[5.11017,51.04803],[5.11267,51.0483],[5.11533,51.04911],[5.11664,51.04956],[5.11913,51.04902],[5.1197,51.04876],[5.11995,51.04885],[5.12162,51.04764],[5.12314,51.04873],[5.12528,51.05052],[5.12594,51.05152],[5.12625,51.05125],[5.12945,51.05262],[5.13018,51.05316],[5.13144,51.05377],[5.13126,51.05414],[5.12866,51.05365],[5.12877,51.05413],[5.12949,51.05433],[5.12936,51.05444],[5.13031,51.05467],[5.13167,51.05519],[5.13466,51.05593],[5.13687,51.05622],[5.13852,51.0565],[5.14129,51.05679],[5.14341,51.0571],[5.14548,51.05759],[5.14614,51.05743],[5.14767,51.05729],[5.14948,51.0579],[5.14971,51.05777],[5.15028,51.05831],[5.15072,51.05823],[5.1525,51.05819],[5.15261,51.05843],[5.15217,51.05918],[5.15247,51.05943],[5.15332,51.05965],[5.15474,51.05981],[5.15644,51.06049],[5.15744,51.06055],[5.15812,51.06047],[5.15996,51.06051],[5.16046,51.06065],[5.16083,51.06036],[5.16152,51.0604],[5.163,51.06074],[5.16515,51.06172],[5.16689,51.06206],[5.16726,51.06233],[5.1679,51.06331],[5.16658,51.06389],[5.16687,51.06425],[5.16649,51.06492],[5.16618,51.06515],[5.16637,51.06539],[5.16932,51.06776],[5.17029,51.0691],[5.17019,51.06919],[5.17194,51.07022],[5.17248,51.07061],[5.17364,51.07179],[5.17487,51.07213],[5.17709,51.07306],[5.17867,51.07401],[5.1822,51.07587],[5.18302,51.07634],[5.18389,51.07702],[5.18755,51.07816],[5.1886,51.07857],[5.18969,51.07875],[5.18994,51.07764],[5.19272,51.07752],[5.19279,51.07796],[5.1938,51.0787],[5.19174,51.08036],[5.193,51.08203],[5.19318,51.08219],[5.19528,51.08492],[5.19729,51.08747],[5.19716,51.08798],[5.19776,51.08805],[5.19787,51.08961],[5.19908,51.0898],[5.20001,51.09018],[5.20125,51.09131],[5.20149,51.09178],[5.20272,51.09235],[5.203,51.09235],[5.2028,51.0929],[5.20367,51.09323],[5.20364,51.09372],[5.20321,51.09397],[5.20334,51.09426],[5.20324,51.09496],[5.2029,51.09595],[5.20368,51.09628],[5.20461,51.09636],[5.2054,51.09691],[5.20652,51.09737],[5.20627,51.0979],[5.20615,51.09944],[5.20534,51.10066]]]}},{"type":"Feature","id":"71072","bbox":[5.212126,50.807774,5.450137,50.981595],"properties":{"nis":"71072","name":"Hasselt","nameNl":"Hasselt","nameFr":"Hasselt","nameDe":"Hasselt","province":"limburg","region":"flanders","areaKm2":136.07},"geometry":{"type":"Polygon","coordinates":[[[5.2492,50.89425],[5.24912,50.89459],[5.24955,50.89756],[5.24941,50.89908],[5.24918,50.8996],[5.24952,50.90026],[5.25048,50.9011],[5.25175,50.9019],[5.25253,50.90216],[5.25336,50.90223],[5.2535,50.90249],[5.254,50.90255],[5.25464,50.90308],[5.25581,50.90349],[5.25637,50.90354],[5.25852,50.90406],[5.25968,50.90409],[5.26013,50.90438],[5.26161,50.90456],[5.26232,50.90453],[5.26249,50.90497],[5.26317,50.90497],[5.26417,50.90525],[5.26409,50.90555],[5.26491,50.90561],[5.26576,50.90611],[5.26614,50.90618],[5.2661,50.90647],[5.26657,50.90658],[5.26668,50.9069],[5.26754,50.90785],[5.2684,50.90787],[5.26928,50.90801],[5.26966,50.90784],[5.27042,50.90842],[5.27147,50.90943],[5.27254,50.9099],[5.27316,50.91029],[5.2744,50.91015],[5.27495,50.91034],[5.27595,50.90977],[5.27692,50.90993],[5.27733,50.90986],[5.27736,50.90953],[5.27807,50.90852],[5.27854,50.90851],[5.2793,50.90812],[5.27969,50.90738],[5.28039,50.90731],[5.28104,50.90741],[5.28112,50.90715],[5.28187,50.90681],[5.28181,50.90619],[5.28224,50.90603],[5.28226,50.90575],[5.28292,50.90556],[5.28317,50.90511],[5.28388,50.90478],[5.28345,50.90429],[5.28376,50.9041],[5.28407,50.90345],[5.28386,50.90317],[5.28331,50.90324],[5.28207,50.90283],[5.28216,50.90259],[5.28278,50.9022],[5.28263,50.90149],[5.28321,50.90149],[5.28357,50.90102],[5.28435,50.90084],[5.28469,50.90038],[5.28514,50.90016],[5.2859,50.90044],[5.28658,50.90012],[5.28633,50.89985],[5.28675,50.89952],[5.2867,50.89928],[5.28712,50.89887],[5.2886,50.89923],[5.28938,50.89901],[5.29162,50.89813],[5.29291,50.89802],[5.29347,50.89745],[5.29346,50.89796],[5.29414,50.89793],[5.29535,50.89834],[5.29563,50.89794],[5.29692,50.89838],[5.29748,50.89816],[5.29838,50.89753],[5.29846,50.89775],[5.29933,50.89776],[5.29992,50.89758],[5.30097,50.89802],[5.30115,50.89763],[5.30181,50.8975],[5.30232,50.89757],[5.30328,50.89709],[5.30385,50.89712],[5.30486,50.89672],[5.30569,50.89681],[5.30586,50.89655],[5.30637,50.89673],[5.30693,50.89651],[5.3084,50.89573],[5.30882,50.89531],[5.30958,50.89522],[5.31013,50.8948],[5.31017,50.89443],[5.3111,50.89423],[5.31089,50.89391],[5.31137,50.89326],[5.31169,50.89324],[5.31162,50.89287],[5.3123,50.89233],[5.31203,50.89216],[5.3127,50.89207],[5.31352,50.89139],[5.31402,50.8913],[5.31451,50.89096],[5.31508,50.89104],[5.31578,50.89038],[5.31677,50.88991],[5.3169,50.88964],[5.3176,50.88958],[5.31754,50.88941],[5.31809,50.88901],[5.31926,50.88883],[5.31997,50.8889],[5.32132,50.8883],[5.32193,50.88843],[5.32615,50.88775],[5.3259,50.88706],[5.32643,50.88718],[5.32732,50.88677],[5.32831,50.88658],[5.3289,50.88662],[5.32964,50.88691],[5.33027,50.88669],[5.33106,50.88659],[5.33203,50.88661],[5.33359,50.88632],[5.33382,50.88683],[5.33471,50.88711],[5.33624,50.88716],[5.3367,50.88702],[5.33794,50.88621],[5.33883,50.88638],[5.33948,50.88621],[5.33951,50.88573],[5.34054,50.88586],[5.34082,50.88579],[5.34259,50.88601],[5.34314,50.88571],[5.34365,50.88566],[5.34643,50.88581],[5.34663,50.88528],[5.34563,50.8852],[5.34567,50.88492],[5.34673,50.885],[5.34719,50.88389],[5.34701,50.8816],[5.34708,50.88154],[5.34692,50.87962],[5.34694,50.8781],[5.34712,50.8776],[5.34874,50.87583],[5.34946,50.87483],[5.35069,50.872],[5.35094,50.87113],[5.35121,50.86955],[5.35201,50.86756],[5.35246,50.8676],[5.35398,50.86546],[5.35497,50.86413],[5.35499,50.86372],[5.3545,50.86253],[5.35477,50.86187],[5.35541,50.86179],[5.35711,50.86104],[5.35903,50.86072],[5.3594,50.85955],[5.35973,50.8589],[5.36064,50.85798],[5.36196,50.85745],[5.36314,50.85615],[5.36378,50.85527],[5.36247,50.8537],[5.36332,50.85172],[5.36361,50.85079],[5.36419,50.85006],[5.36516,50.84932],[5.3664,50.84819],[5.36681,50.84799],[5.36789,50.84716],[5.36994,50.84645],[5.37143,50.84568],[5.37118,50.84472],[5.37124,50.8437],[5.37226,50.8427],[5.3736,50.8419],[5.37458,50.84111],[5.37557,50.84044],[5.3756,50.84067],[5.37647,50.84136],[5.37664,50.84187],[5.3794,50.84427],[5.38094,50.84515],[5.38158,50.84534],[5.38298,50.84543],[5.38413,50.84532],[5.38591,50.84531],[5.38683,50.84377],[5.38575,50.84269],[5.38526,50.84182],[5.38489,50.8414],[5.38427,50.84099],[5.3844,50.84061],[5.38547,50.84034],[5.38676,50.83986],[5.38798,50.83979],[5.38903,50.83944],[5.38962,50.83912],[5.38898,50.83858],[5.39022,50.83795],[5.38959,50.83708],[5.39247,50.83596],[5.39573,50.8346],[5.39757,50.83395],[5.39956,50.83319],[5.3998,50.83291],[5.39961,50.83269],[5.40053,50.8324],[5.40133,50.832],[5.4009,50.83166],[5.40027,50.83195],[5.39958,50.83144],[5.4014,50.83008],[5.40317,50.83161],[5.40362,50.83142],[5.40339,50.83123],[5.40477,50.83075],[5.40535,50.83126],[5.40596,50.83057],[5.40509,50.82995],[5.40484,50.82958],[5.40406,50.82887],[5.40377,50.82817],[5.4032,50.82769],[5.40327,50.82699],[5.40367,50.82665],[5.40363,50.82527],[5.40305,50.82406],[5.40223,50.82346],[5.40154,50.82325],[5.40137,50.82273],[5.40103,50.82259],[5.40109,50.82187],[5.40051,50.82179],[5.40019,50.8213],[5.40024,50.82088],[5.40053,50.82067],[5.40071,50.82011],[5.40011,50.82021],[5.40006,50.81982],[5.40034,50.81971],[5.40051,50.81901],[5.40095,50.81887],[5.40133,50.81843],[5.40115,50.81798],[5.40158,50.81745],[5.40152,50.8169],[5.40219,50.81637],[5.40201,50.81571],[5.40201,50.81506],[5.40157,50.81428],[5.40262,50.81282],[5.40238,50.81225],[5.40255,50.81206],[5.40217,50.81182],[5.40245,50.81157],[5.40221,50.81118],[5.40259,50.81104],[5.40262,50.81072],[5.40314,50.81073],[5.40291,50.81051],[5.40349,50.80998],[5.40341,50.80964],[5.40377,50.80948],[5.40487,50.80981],[5.40583,50.80937],[5.40671,50.80876],[5.40723,50.80811],[5.40754,50.80805],[5.40851,50.8087],[5.40975,50.8085],[5.41008,50.80777],[5.41109,50.80798],[5.41209,50.80891],[5.41339,50.80835],[5.414,50.80889],[5.41495,50.80857],[5.41586,50.80816],[5.41685,50.80863],[5.4179,50.80949],[5.41942,50.81092],[5.42157,50.81258],[5.42277,50.81361],[5.42283,50.81382],[5.4235,50.81437],[5.42514,50.81544],[5.42563,50.81601],[5.42566,50.81632],[5.42644,50.816],[5.42727,50.81637],[5.4279,50.81685],[5.42897,50.81712],[5.43138,50.81801],[5.43195,50.81814],[5.43128,50.81858],[5.43188,50.8192],[5.43211,50.81894],[5.43316,50.81915],[5.43328,50.81939],[5.43228,50.82005],[5.43205,50.82002],[5.43064,50.82067],[5.42979,50.82114],[5.42927,50.82112],[5.42916,50.82134],[5.43009,50.82188],[5.43125,50.82112],[5.4318,50.8215],[5.43211,50.82133],[5.43258,50.82183],[5.43314,50.82171],[5.43331,50.8219],[5.43432,50.82162],[5.43502,50.8223],[5.43551,50.82304],[5.43587,50.82498],[5.43567,50.82502],[5.43687,50.82643],[5.43638,50.82666],[5.43761,50.82765],[5.43749,50.82772],[5.43966,50.82883],[5.43961,50.82887],[5.44167,50.82989],[5.44249,50.8302],[5.44163,50.8312],[5.44335,50.83172],[5.44354,50.83155],[5.44479,50.83218],[5.44146,50.83478],[5.44074,50.83565],[5.43999,50.83742],[5.4391,50.83901],[5.43852,50.83976],[5.43795,50.84069],[5.43651,50.84221],[5.43614,50.84276],[5.43564,50.84391],[5.43653,50.84647],[5.43729,50.84612],[5.43804,50.84683],[5.4392,50.84641],[5.44002,50.84698],[5.44057,50.84677],[5.44078,50.84695],[5.44236,50.84748],[5.44417,50.84792],[5.44441,50.8477],[5.44505,50.84777],[5.44484,50.84852],[5.44899,50.85038],[5.45014,50.85074],[5.44921,50.85169],[5.44899,50.8517],[5.44865,50.85223],[5.44884,50.85229],[5.44778,50.8536],[5.44745,50.85348],[5.447,50.8539],[5.44717,50.854],[5.44577,50.85532],[5.44563,50.85645],[5.44516,50.85841],[5.44526,50.86016],[5.44516,50.86106],[5.44518,50.8621],[5.44546,50.86319],[5.44535,50.86367],[5.44539,50.86509],[5.44551,50.8652],[5.44577,50.86655],[5.44585,50.86859],[5.44615,50.86992],[5.44762,50.87358],[5.44775,50.87446],[5.44843,50.87566],[5.44927,50.87651],[5.44819,50.87701],[5.44515,50.87864],[5.44402,50.87917],[5.44234,50.87964],[5.43966,50.88046],[5.43787,50.88094],[5.43697,50.88128],[5.4369,50.88157],[5.43645,50.88196],[5.43586,50.88214],[5.43438,50.88171],[5.43154,50.88116],[5.42989,50.88111],[5.42865,50.8808],[5.42651,50.88051],[5.42515,50.88001],[5.42386,50.87962],[5.42457,50.87892],[5.42309,50.87875],[5.42241,50.87807],[5.42154,50.87759],[5.41987,50.87712],[5.41803,50.87679],[5.41643,50.87686],[5.41593,50.87674],[5.41341,50.87646],[5.41251,50.87655],[5.40957,50.87614],[5.40911,50.87533],[5.40885,50.87546],[5.40772,50.87495],[5.40713,50.87419],[5.40519,50.87548],[5.40424,50.8759],[5.40278,50.8768],[5.40092,50.87809],[5.40064,50.87811],[5.40056,50.87872],[5.39904,50.87928],[5.39819,50.87946],[5.39788,50.87982],[5.39709,50.8803],[5.39586,50.88061],[5.39508,50.88053],[5.39467,50.88029],[5.39402,50.88016],[5.39336,50.87985],[5.39255,50.87998],[5.39091,50.88009],[5.39073,50.87995],[5.38954,50.87999],[5.38899,50.88021],[5.3876,50.88034],[5.38677,50.88019],[5.38612,50.87994],[5.38514,50.87986],[5.38205,50.87927],[5.38135,50.87951],[5.37968,50.87958],[5.37942,50.87944],[5.37817,50.87957],[5.37789,50.87979],[5.37704,50.87983],[5.37706,50.88006],[5.37649,50.88026],[5.37622,50.88079],[5.37548,50.88114],[5.37419,50.88134],[5.37274,50.88225],[5.37128,50.88251],[5.37051,50.88291],[5.3706,50.8831],[5.36936,50.88336],[5.36703,50.88335],[5.36678,50.88341],[5.36793,50.88469],[5.36843,50.88449],[5.36957,50.88601],[5.36774,50.88688],[5.36821,50.88731],[5.36788,50.88775],[5.36871,50.8889],[5.36908,50.89025],[5.36891,50.89035],[5.36913,50.89093],[5.36968,50.89148],[5.37082,50.89237],[5.37172,50.89284],[5.37205,50.89333],[5.37367,50.89411],[5.37362,50.89453],[5.37134,50.89619],[5.37035,50.89702],[5.3682,50.89846],[5.36771,50.89928],[5.3669,50.90133],[5.36584,50.90344],[5.36692,50.90372],[5.36617,50.90477],[5.36544,50.90481],[5.36518,50.90548],[5.36575,50.90668],[5.3656,50.90697],[5.36621,50.90757],[5.36673,50.90763],[5.3675,50.90834],[5.36826,50.90853],[5.36851,50.90886],[5.36942,50.90917],[5.36993,50.90906],[5.37071,50.90928],[5.37091,50.90959],[5.3718,50.90986],[5.37247,50.91018],[5.37272,50.91052],[5.37318,50.91062],[5.37344,50.91093],[5.37414,50.91128],[5.37475,50.91122],[5.37526,50.91201],[5.37651,50.91296],[5.37685,50.91352],[5.37666,50.91362],[5.37706,50.91434],[5.37844,50.91481],[5.37833,50.91503],[5.3789,50.91524],[5.37951,50.9152],[5.37999,50.9155],[5.38025,50.91613],[5.38079,50.9165],[5.38086,50.91675],[5.37952,50.91802],[5.37939,50.91857],[5.37886,50.91906],[5.37867,50.91957],[5.37829,50.91986],[5.37723,50.9202],[5.37607,50.92041],[5.37609,50.9206],[5.37523,50.9215],[5.37534,50.92168],[5.37509,50.92245],[5.37515,50.92307],[5.37475,50.92318],[5.37471,50.92366],[5.37505,50.9243],[5.37565,50.92464],[5.37572,50.92521],[5.37625,50.92562],[5.37654,50.92632],[5.37687,50.92655],[5.37683,50.92686],[5.37625,50.92694],[5.37645,50.92718],[5.37538,50.92769],[5.37422,50.92791],[5.37427,50.92768],[5.3734,50.92807],[5.37354,50.92829],[5.37326,50.9288],[5.3737,50.92932],[5.37513,50.93072],[5.37606,50.93153],[5.37764,50.93202],[5.37772,50.93197],[5.3797,50.93227],[5.38162,50.93274],[5.38296,50.93331],[5.38401,50.93342],[5.38408,50.93392],[5.38459,50.93392],[5.38753,50.93428],[5.38971,50.93479],[5.39302,50.9358],[5.39342,50.93556],[5.39443,50.93578],[5.39784,50.93633],[5.40171,50.93797],[5.40346,50.9388],[5.40819,50.94008],[5.40962,50.94102],[5.41494,50.9437],[5.41294,50.94496],[5.41182,50.94575],[5.40501,50.95089],[5.40331,50.9523],[5.40085,50.95417],[5.3985,50.95393],[5.39474,50.95377],[5.3873,50.95716],[5.38432,50.95949],[5.38841,50.96223],[5.39352,50.96491],[5.3965,50.96599],[5.40133,50.96754],[5.40087,50.96825],[5.39995,50.96903],[5.39868,50.96998],[5.39729,50.97141],[5.3951,50.97305],[5.39457,50.97314],[5.39458,50.97341],[5.3886,50.97784],[5.38846,50.97755],[5.38573,50.97664],[5.3856,50.9765],[5.38466,50.97643],[5.38381,50.97666],[5.38221,50.97653],[5.38179,50.97629],[5.3799,50.97598],[5.37843,50.97604],[5.37816,50.97575],[5.37633,50.97541],[5.37543,50.97514],[5.37358,50.9743],[5.37244,50.97413],[5.37162,50.97433],[5.37076,50.97412],[5.37101,50.97322],[5.37035,50.97295],[5.36377,50.97112],[5.36068,50.97097],[5.36031,50.9704],[5.35934,50.97054],[5.3585,50.96947],[5.35755,50.96953],[5.35728,50.96924],[5.35572,50.96882],[5.35511,50.96813],[5.35425,50.96802],[5.3523,50.9682],[5.35078,50.9682],[5.34993,50.96767],[5.34884,50.96726],[5.34505,50.96635],[5.34342,50.96542],[5.34197,50.96481],[5.34166,50.9645],[5.34182,50.96335],[5.34083,50.96301],[5.33977,50.96283],[5.33919,50.96353],[5.338,50.96426],[5.33641,50.96365],[5.33694,50.96464],[5.33553,50.96461],[5.33435,50.96605],[5.33324,50.9672],[5.32619,50.97582],[5.32434,50.97793],[5.32127,50.97882],[5.31907,50.97821],[5.31839,50.97789],[5.31748,50.97775],[5.31502,50.97769],[5.31482,50.97752],[5.31387,50.97763],[5.31384,50.97727],[5.31345,50.9771],[5.31353,50.97659],[5.31311,50.97681],[5.31227,50.97645],[5.3119,50.9798],[5.31065,50.98159],[5.30685,50.97955],[5.30389,50.97787],[5.3048,50.97734],[5.30354,50.97689],[5.30326,50.97692],[5.3028,50.97743],[5.3017,50.97715],[5.30161,50.97735],[5.29947,50.9799],[5.29714,50.97875],[5.29623,50.97843],[5.29503,50.97783],[5.29416,50.97698],[5.29306,50.97627],[5.29228,50.97928],[5.29029,50.97886],[5.28854,50.97829],[5.28851,50.97905],[5.28535,50.97976],[5.28164,50.97865],[5.28057,50.9784],[5.27815,50.97698],[5.27722,50.97654],[5.27644,50.97581],[5.27396,50.97518],[5.27337,50.97522],[5.274,50.97829],[5.27012,50.97679],[5.26923,50.97641],[5.26824,50.97752],[5.26796,50.97806],[5.26698,50.97816],[5.26659,50.97808],[5.26513,50.98001],[5.26453,50.97999],[5.26256,50.97926],[5.26255,50.97902],[5.26149,50.97934],[5.26084,50.97894],[5.26027,50.97839],[5.26063,50.97822],[5.26011,50.97771],[5.25908,50.97824],[5.25878,50.97873],[5.25759,50.97865],[5.25727,50.97969],[5.25391,50.98124],[5.25,50.98086],[5.24579,50.9805],[5.24467,50.98026],[5.24612,50.97828],[5.24766,50.97628],[5.249,50.97307],[5.24953,50.97257],[5.24562,50.97299],[5.24459,50.97332],[5.24354,50.9724],[5.24243,50.97155],[5.23965,50.96926],[5.23921,50.96932],[5.23859,50.96851],[5.23825,50.96736],[5.23879,50.96657],[5.23895,50.96604],[5.23872,50.9653],[5.23835,50.96549],[5.23762,50.96538],[5.23729,50.96547],[5.23656,50.96523],[5.23474,50.96514],[5.23129,50.96505],[5.23113,50.96511],[5.23047,50.96419],[5.2299,50.9642],[5.22859,50.96476],[5.22813,50.96462],[5.22762,50.96493],[5.22721,50.96493],[5.22686,50.9655],[5.22709,50.96569],[5.22625,50.96578],[5.22556,50.96613],[5.22547,50.9665],[5.22502,50.96647],[5.22429,50.96693],[5.22356,50.96679],[5.22327,50.96642],[5.22254,50.9661],[5.22259,50.96539],[5.22249,50.9644],[5.22135,50.96367],[5.22201,50.96358],[5.22218,50.96126],[5.22341,50.9601],[5.22553,50.95915],[5.22605,50.9586],[5.22754,50.95773],[5.22694,50.95697],[5.2273,50.95679],[5.22563,50.95437],[5.2253,50.95406],[5.22428,50.95376],[5.22398,50.95257],[5.22295,50.9509],[5.22249,50.95083],[5.22231,50.9505],[5.22184,50.95021],[5.22134,50.9504],[5.22074,50.95008],[5.2204,50.94964],[5.21946,50.94877],[5.21906,50.94886],[5.21874,50.94848],[5.21867,50.94799],[5.21899,50.94728],[5.21873,50.94713],[5.21834,50.94644],[5.21864,50.94634],[5.21767,50.9452],[5.21706,50.94295],[5.21676,50.94213],[5.21598,50.93884],[5.21486,50.9365],[5.21396,50.93409],[5.21396,50.9336],[5.21285,50.93096],[5.21293,50.93094],[5.21213,50.92944],[5.21215,50.92928],[5.21296,50.9295],[5.21362,50.92984],[5.21475,50.92944],[5.21503,50.92959],[5.21571,50.92931],[5.216,50.9286],[5.21706,50.92836],[5.21709,50.92796],[5.21737,50.92783],[5.21753,50.9283],[5.21812,50.92803],[5.21886,50.9279],[5.21981,50.92748],[5.2218,50.92674],[5.22328,50.92667],[5.22405,50.92586],[5.22466,50.92568],[5.22576,50.92557],[5.22685,50.92532],[5.22774,50.92446],[5.22796,50.92442],[5.22729,50.92396],[5.22588,50.92189],[5.22596,50.92067],[5.22569,50.92054],[5.22666,50.92024],[5.22605,50.91995],[5.22628,50.91974],[5.22594,50.9194],[5.22578,50.91879],[5.22604,50.91833],[5.22782,50.91699],[5.22938,50.91623],[5.22997,50.9143],[5.22983,50.91362],[5.22927,50.91253],[5.22857,50.91185],[5.22838,50.91112],[5.22803,50.91033],[5.22837,50.90964],[5.22905,50.90879],[5.22871,50.90861],[5.22884,50.90815],[5.22829,50.90789],[5.22848,50.90718],[5.22814,50.90679],[5.22812,50.90639],[5.22772,50.90617],[5.22856,50.90555],[5.22907,50.90475],[5.22822,50.904],[5.22818,50.90364],[5.22733,50.903],[5.22688,50.90229],[5.227,50.90179],[5.22663,50.90151],[5.22678,50.90124],[5.22632,50.90071],[5.22599,50.90056],[5.22546,50.89993],[5.22514,50.89979],[5.22498,50.89919],[5.22551,50.89907],[5.22568,50.89802],[5.22512,50.89761],[5.22617,50.89733],[5.22595,50.89681],[5.22714,50.89667],[5.22786,50.89715],[5.22885,50.89694],[5.23008,50.89623],[5.23031,50.89593],[5.23153,50.89516],[5.23238,50.89442],[5.23233,50.89382],[5.23291,50.89378],[5.23494,50.89388],[5.23717,50.89388],[5.24101,50.89393],[5.2439,50.89402],[5.24591,50.89416],[5.2492,50.89425]]]}},{"type":"Feature","id":"72003","bbox":[5.477444,51.130542,5.65946,51.222902],"properties":{"nis":"72003","name":"Bocholt","nameNl":"Bocholt","nameFr":"Bocholt","nameDe":"Bocholt","province":"limburg","region":"flanders","areaKm2":59.07},"geometry":{"type":"Polygon","coordinates":[[[5.65819,51.18447],[5.65804,51.18474],[5.64974,51.19362],[5.65408,51.19424],[5.65273,51.19766],[5.64647,51.19994],[5.63638,51.20286],[5.61616,51.20807],[5.58757,51.21541],[5.57563,51.21848],[5.56045,51.22232],[5.56031,51.2229],[5.55811,51.22252],[5.5557,51.22178],[5.55303,51.22072],[5.55079,51.21976],[5.54728,51.21883],[5.54536,51.21836],[5.54295,51.21809],[5.53962,51.21713],[5.53894,51.21668],[5.53839,51.21609],[5.53656,51.21482],[5.5359,51.21407],[5.53611,51.21382],[5.53463,51.21261],[5.53214,51.21111],[5.53064,51.20993],[5.52853,51.21169],[5.52462,51.2147],[5.52392,51.21435],[5.52319,51.21376],[5.52069,51.21104],[5.51143,51.21335],[5.49797,51.21341],[5.49847,51.21097],[5.49921,51.20787],[5.49833,51.2072],[5.49737,51.2071],[5.4965,51.20672],[5.49469,51.20674],[5.49125,51.20605],[5.49041,51.20623],[5.48986,51.20531],[5.48934,51.20466],[5.48913,51.204],[5.48951,51.20289],[5.48946,51.20193],[5.48917,51.20077],[5.4886,51.20036],[5.48802,51.19943],[5.48825,51.19861],[5.48735,51.19778],[5.48692,51.197],[5.48625,51.19617],[5.48628,51.19498],[5.48613,51.19428],[5.48536,51.19347],[5.4852,51.19315],[5.4842,51.19228],[5.48339,51.19124],[5.48198,51.19057],[5.47982,51.1898],[5.47913,51.18943],[5.47775,51.18851],[5.47744,51.18822],[5.47802,51.18815],[5.48093,51.1846],[5.48162,51.1837],[5.48289,51.1822],[5.48606,51.1795],[5.48682,51.17893],[5.4886,51.1774],[5.49236,51.17761],[5.4969,51.17789],[5.49897,51.17797],[5.5015,51.17787],[5.50452,51.17734],[5.5066,51.17686],[5.51083,51.17582],[5.51087,51.17578],[5.51423,51.17495],[5.52146,51.17413],[5.52931,51.17321],[5.53137,51.17382],[5.5331,51.17425],[5.53539,51.17509],[5.53573,51.17474],[5.53533,51.17481],[5.5336,51.1741],[5.53689,51.16839],[5.53789,51.16673],[5.54057,51.16201],[5.54049,51.16192],[5.54156,51.15752],[5.54194,51.15641],[5.54223,51.15597],[5.54318,51.15381],[5.54484,51.15197],[5.54499,51.15194],[5.54762,51.14998],[5.54671,51.14994],[5.54621,51.14926],[5.54461,51.14918],[5.54451,51.14881],[5.5441,51.14869],[5.54391,51.14834],[5.54357,51.14854],[5.54314,51.14826],[5.5424,51.14804],[5.54201,51.14856],[5.54148,51.14863],[5.54123,51.14826],[5.54071,51.14835],[5.54008,51.14799],[5.53933,51.14788],[5.53888,51.14799],[5.53782,51.14775],[5.53714,51.1478],[5.53716,51.14742],[5.53643,51.14748],[5.53489,51.14722],[5.53432,51.14734],[5.53353,51.14717],[5.53284,51.14643],[5.53233,51.14634],[5.53338,51.14537],[5.53965,51.13833],[5.54045,51.13752],[5.54218,51.1355],[5.54644,51.13059],[5.54645,51.13054],[5.55726,51.13772],[5.5575,51.13791],[5.5576,51.1388],[5.56171,51.14193],[5.56418,51.14342],[5.56582,51.14347],[5.56974,51.14605],[5.56989,51.14619],[5.57596,51.15019],[5.57701,51.15082],[5.57687,51.15098],[5.57885,51.15218],[5.57735,51.15401],[5.57684,51.15478],[5.5748,51.15605],[5.57515,51.15632],[5.5757,51.15646],[5.57602,51.15623],[5.57667,51.15645],[5.57678,51.15685],[5.57523,51.15825],[5.57406,51.15893],[5.5761,51.16057],[5.57634,51.1607],[5.57761,51.1618],[5.57913,51.16301],[5.58039,51.16225],[5.58154,51.16315],[5.58203,51.1634],[5.58308,51.16238],[5.58476,51.16316],[5.58722,51.16414],[5.59231,51.16554],[5.59274,51.16532],[5.59332,51.16536],[5.59477,51.16614],[5.59606,51.16651],[5.59848,51.16748],[5.59844,51.16753],[5.60083,51.1686],[5.60117,51.1685],[5.60127,51.16884],[5.60196,51.16899],[5.60244,51.16925],[5.60215,51.16967],[5.60229,51.16984],[5.60347,51.17029],[5.60388,51.17027],[5.60466,51.17048],[5.604,51.17113],[5.60519,51.1718],[5.60624,51.17292],[5.60697,51.17302],[5.60797,51.17269],[5.60873,51.17324],[5.6085,51.17373],[5.60921,51.17412],[5.60962,51.17485],[5.61043,51.17538],[5.6111,51.17512],[5.61213,51.17546],[5.61277,51.17578],[5.61272,51.17601],[5.61334,51.17635],[5.6138,51.17631],[5.6149,51.1769],[5.6156,51.17692],[5.61565,51.17707],[5.61659,51.17737],[5.61767,51.1773],[5.61873,51.17757],[5.61889,51.17787],[5.61982,51.1779],[5.62121,51.17814],[5.6215,51.17835],[5.62188,51.17816],[5.6227,51.17822],[5.6238,51.17844],[5.62389,51.17869],[5.62505,51.1787],[5.62716,51.17915],[5.62829,51.17892],[5.62883,51.17912],[5.62905,51.17882],[5.62966,51.17867],[5.63062,51.17915],[5.63127,51.1793],[5.63165,51.17959],[5.63253,51.17933],[5.63331,51.17966],[5.63538,51.17947],[5.63591,51.17965],[5.63674,51.17923],[5.63787,51.17919],[5.63886,51.1789],[5.63899,51.17914],[5.6458,51.18028],[5.65039,51.18109],[5.65734,51.18225],[5.65946,51.18264],[5.65851,51.18351],[5.65847,51.18395],[5.65819,51.18447]]]}},{"type":"Feature","id":"72004","bbox":[5.546453,51.102516,5.718485,51.184465],"properties":{"nis":"72004","name":"Bree","nameNl":"Bree","nameFr":"Brée","nameDe":"Bree","province":"limburg","region":"flanders","areaKm2":64.75},"geometry":{"type":"Polygon","coordinates":[[[5.65819,51.18447],[5.65847,51.18395],[5.65851,51.18351],[5.65946,51.18264],[5.65734,51.18225],[5.65039,51.18109],[5.6458,51.18028],[5.63899,51.17914],[5.63886,51.1789],[5.63787,51.17919],[5.63674,51.17923],[5.63591,51.17965],[5.63538,51.17947],[5.63331,51.17966],[5.63253,51.17933],[5.63165,51.17959],[5.63127,51.1793],[5.63062,51.17915],[5.62966,51.17867],[5.62905,51.17882],[5.62883,51.17912],[5.62829,51.17892],[5.62716,51.17915],[5.62505,51.1787],[5.62389,51.17869],[5.6238,51.17844],[5.6227,51.17822],[5.62188,51.17816],[5.6215,51.17835],[5.62121,51.17814],[5.61982,51.1779],[5.61889,51.17787],[5.61873,51.17757],[5.61767,51.1773],[5.61659,51.17737],[5.61565,51.17707],[5.6156,51.17692],[5.6149,51.1769],[5.6138,51.17631],[5.61334,51.17635],[5.61272,51.17601],[5.61277,51.17578],[5.61213,51.17546],[5.6111,51.17512],[5.61043,51.17538],[5.60962,51.17485],[5.60921,51.17412],[5.6085,51.17373],[5.60873,51.17324],[5.60797,51.17269],[5.60697,51.17302],[5.60624,51.17292],[5.60519,51.1718],[5.604,51.17113],[5.60466,51.17048],[5.60388,51.17027],[5.60347,51.17029],[5.60229,51.16984],[5.60215,51.16967],[5.60244,51.16925],[5.60196,51.16899],[5.60127,51.16884],[5.60117,51.1685],[5.60083,51.1686],[5.59844,51.16753],[5.59848,51.16748],[5.59606,51.16651],[5.59477,51.16614],[5.59332,51.16536],[5.59274,51.16532],[5.59231,51.16554],[5.58722,51.16414],[5.58476,51.16316],[5.58308,51.16238],[5.58203,51.1634],[5.58154,51.16315],[5.58039,51.16225],[5.57913,51.16301],[5.57761,51.1618],[5.57634,51.1607],[5.5761,51.16057],[5.57406,51.15893],[5.57523,51.15825],[5.57678,51.15685],[5.57667,51.15645],[5.57602,51.15623],[5.5757,51.15646],[5.57515,51.15632],[5.5748,51.15605],[5.57684,51.15478],[5.57735,51.15401],[5.57885,51.15218],[5.57687,51.15098],[5.57701,51.15082],[5.57596,51.15019],[5.56989,51.14619],[5.56974,51.14605],[5.56582,51.14347],[5.56418,51.14342],[5.56171,51.14193],[5.5576,51.1388],[5.5575,51.13791],[5.55726,51.13772],[5.54645,51.13054],[5.54788,51.12885],[5.55129,51.1249],[5.55291,51.12461],[5.55259,51.12332],[5.55265,51.12296],[5.55329,51.12238],[5.55574,51.12108],[5.55673,51.12084],[5.55768,51.12086],[5.56155,51.11643],[5.56662,51.11067],[5.56941,51.10784],[5.57007,51.10749],[5.57094,51.10783],[5.57297,51.10838],[5.57413,51.10852],[5.57485,51.10886],[5.57654,51.10912],[5.57718,51.10942],[5.57799,51.10953],[5.58251,51.10969],[5.58638,51.11024],[5.58735,51.11034],[5.58829,51.11063],[5.592,51.11118],[5.5937,51.11154],[5.59384,51.11166],[5.59558,51.11191],[5.59731,51.11223],[5.59929,51.11266],[5.60141,51.11304],[5.6038,51.11301],[5.60501,51.1131],[5.60558,51.11334],[5.60708,51.11344],[5.60843,51.11376],[5.60929,51.11374],[5.6109,51.11397],[5.61136,51.11395],[5.61213,51.11429],[5.61342,51.11458],[5.61523,51.11455],[5.61624,51.11437],[5.61698,51.11412],[5.61841,51.1138],[5.61948,51.11378],[5.62001,51.11389],[5.62006,51.11409],[5.62109,51.1141],[5.6221,51.11396],[5.62243,51.11413],[5.6236,51.11408],[5.62655,51.11423],[5.62785,51.11459],[5.62922,51.11423],[5.6299,51.11415],[5.63024,51.11427],[5.63187,51.11439],[5.63222,51.11395],[5.63216,51.11338],[5.63176,51.11281],[5.63116,51.11235],[5.63008,51.1121],[5.63012,51.11135],[5.62999,51.11094],[5.63104,51.10971],[5.63231,51.10849],[5.63246,51.10816],[5.6332,51.10743],[5.63374,51.10762],[5.6343,51.10706],[5.63568,51.10419],[5.63548,51.10381],[5.63883,51.10305],[5.63938,51.10398],[5.64312,51.10318],[5.64371,51.10486],[5.64395,51.10482],[5.64528,51.10547],[5.64685,51.1066],[5.64703,51.10691],[5.64815,51.10619],[5.65209,51.10432],[5.65341,51.10499],[5.65401,51.10465],[5.65606,51.10587],[5.65703,51.10497],[5.65794,51.10399],[5.65843,51.10373],[5.6587,51.10336],[5.65908,51.10391],[5.65971,51.10522],[5.6603,51.10522],[5.66194,51.10319],[5.66286,51.10254],[5.6629,51.10252],[5.66632,51.1046],[5.6671,51.1063],[5.66652,51.10698],[5.66621,51.10793],[5.66624,51.1083],[5.66739,51.11081],[5.66835,51.11237],[5.66856,51.11352],[5.66719,51.11406],[5.66622,51.11482],[5.66684,51.1151],[5.66731,51.11548],[5.66876,51.11539],[5.67001,51.11565],[5.67066,51.11559],[5.6723,51.11614],[5.6731,51.1168],[5.67437,51.11722],[5.67734,51.11789],[5.67784,51.11816],[5.67805,51.11869],[5.67666,51.12021],[5.6756,51.12078],[5.67511,51.12121],[5.67507,51.12176],[5.6739,51.12248],[5.67662,51.12308],[5.67522,51.1256],[5.67495,51.12559],[5.67452,51.12649],[5.67469,51.12653],[5.67398,51.12755],[5.675,51.12773],[5.6766,51.12827],[5.67784,51.12819],[5.67798,51.1284],[5.67946,51.12817],[5.67999,51.12781],[5.68186,51.12826],[5.68234,51.12866],[5.68399,51.12912],[5.68504,51.129],[5.68548,51.12928],[5.68724,51.12911],[5.68779,51.12932],[5.68833,51.12899],[5.68896,51.12889],[5.69011,51.12896],[5.69046,51.12876],[5.69268,51.12886],[5.69482,51.12911],[5.69491,51.12946],[5.69589,51.12933],[5.69664,51.12939],[5.69805,51.12915],[5.69823,51.12896],[5.69888,51.12905],[5.69972,51.12895],[5.70183,51.12854],[5.70274,51.12867],[5.7051,51.12959],[5.70585,51.12961],[5.70764,51.12894],[5.70835,51.12892],[5.70829,51.12866],[5.70881,51.12837],[5.71086,51.12762],[5.71145,51.12781],[5.71243,51.12736],[5.71237,51.12723],[5.71398,51.12688],[5.71563,51.12687],[5.71599,51.12704],[5.71659,51.12701],[5.71697,51.12655],[5.71792,51.12648],[5.71848,51.12692],[5.71817,51.12763],[5.71728,51.12884],[5.71626,51.13037],[5.71612,51.1304],[5.7142,51.13321],[5.71227,51.13598],[5.70751,51.13781],[5.70677,51.13812],[5.70709,51.13848],[5.70601,51.13851],[5.70705,51.13964],[5.70887,51.14076],[5.7104,51.14213],[5.71251,51.14439],[5.7131,51.1455],[5.71312,51.14586],[5.71251,51.14581],[5.7105,51.14792],[5.70977,51.1486],[5.70365,51.15488],[5.70102,51.15577],[5.69828,51.15664],[5.69855,51.15671],[5.68335,51.16693],[5.68267,51.16823],[5.68135,51.16975],[5.68127,51.16998],[5.68154,51.17093],[5.67733,51.17447],[5.67666,51.17472],[5.67579,51.17584],[5.67555,51.17633],[5.65892,51.18424],[5.65819,51.18447]]]}},{"type":"Feature","id":"72018","bbox":[5.658042,51.119846,5.855783,51.189499],"properties":{"nis":"72018","name":"Kinrooi","nameNl":"Kinrooi","nameFr":"Kinrooi","nameDe":"Kinrooi","province":"limburg","region":"flanders","areaKm2":54.6},"geometry":{"type":"Polygon","coordinates":[[[5.81418,51.12085],[5.81597,51.12217],[5.81768,51.12365],[5.81822,51.12457],[5.8207,51.12675],[5.82274,51.12806],[5.82375,51.12876],[5.8249,51.12934],[5.82628,51.12968],[5.82753,51.13011],[5.82877,51.13033],[5.83033,51.13046],[5.83181,51.13048],[5.83321,51.13067],[5.83473,51.13066],[5.8362,51.13076],[5.83763,51.13067],[5.83897,51.13068],[5.84012,51.13084],[5.84135,51.13148],[5.84233,51.13221],[5.84294,51.13291],[5.84339,51.13376],[5.84399,51.13551],[5.84386,51.1364],[5.84351,51.13733],[5.84378,51.13833],[5.84429,51.13921],[5.84584,51.14076],[5.84679,51.14138],[5.84914,51.14238],[5.85164,51.143],[5.85532,51.14436],[5.85578,51.14463],[5.84885,51.14764],[5.84822,51.14814],[5.84723,51.14866],[5.84648,51.14887],[5.846,51.14872],[5.8437,51.14999],[5.84382,51.15021],[5.84286,51.15047],[5.84141,51.15157],[5.84029,51.15233],[5.83679,51.15349],[5.83635,51.15368],[5.83688,51.15497],[5.83726,51.15571],[5.83764,51.15564],[5.83861,51.15709],[5.83627,51.15747],[5.83582,51.15761],[5.8352,51.15836],[5.83446,51.15866],[5.83375,51.1587],[5.83301,51.15895],[5.83268,51.15975],[5.83316,51.16085],[5.8337,51.1611],[5.83331,51.1613],[5.83261,51.16247],[5.8322,51.16243],[5.83197,51.16278],[5.83111,51.16341],[5.83019,51.1637],[5.8299,51.16414],[5.8292,51.16427],[5.82852,51.16414],[5.8281,51.16434],[5.82771,51.16485],[5.82787,51.16504],[5.82755,51.16531],[5.82756,51.16613],[5.82653,51.1668],[5.82431,51.16784],[5.82357,51.1676],[5.82305,51.16717],[5.82234,51.16632],[5.82028,51.16526],[5.81869,51.16428],[5.81683,51.16362],[5.81597,51.16317],[5.81572,51.16278],[5.81575,51.16169],[5.81505,51.16118],[5.81469,51.16107],[5.81464,51.16023],[5.81473,51.1592],[5.81506,51.15885],[5.81386,51.15875],[5.81293,51.15919],[5.8114,51.16029],[5.80908,51.16128],[5.80734,51.16221],[5.80626,51.16284],[5.80579,51.16238],[5.80494,51.16288],[5.80402,51.16222],[5.80403,51.1621],[5.80307,51.16137],[5.80211,51.16093],[5.80246,51.16034],[5.80199,51.16004],[5.80258,51.15948],[5.799,51.1578],[5.79864,51.15766],[5.7984,51.15785],[5.79676,51.15738],[5.79649,51.15716],[5.79517,51.15723],[5.79412,51.15742],[5.79356,51.15717],[5.79335,51.15735],[5.7923,51.15705],[5.79198,51.15713],[5.79159,51.15682],[5.79074,51.15641],[5.79051,51.15609],[5.78907,51.15564],[5.78892,51.15544],[5.78749,51.1552],[5.78651,51.15474],[5.78573,51.15376],[5.78509,51.15311],[5.78387,51.15288],[5.7837,51.15264],[5.78172,51.15204],[5.78133,51.15207],[5.77938,51.15165],[5.77899,51.15171],[5.77858,51.15147],[5.77764,51.1513],[5.77667,51.1544],[5.77481,51.15471],[5.77576,51.15564],[5.77565,51.15569],[5.77716,51.15741],[5.77645,51.15771],[5.77749,51.15843],[5.77824,51.15871],[5.77948,51.15938],[5.77957,51.16075],[5.7794,51.16332],[5.77844,51.1633],[5.77782,51.16254],[5.77684,51.16293],[5.77596,51.16305],[5.77613,51.16324],[5.77679,51.1632],[5.77636,51.16533],[5.77404,51.16529],[5.77446,51.16394],[5.77329,51.16444],[5.77253,51.16438],[5.77246,51.16452],[5.77143,51.16445],[5.77102,51.16429],[5.77019,51.16422],[5.76969,51.16796],[5.76957,51.16908],[5.76968,51.16939],[5.77045,51.17002],[5.77148,51.17005],[5.77196,51.16952],[5.77261,51.1695],[5.77295,51.16987],[5.77575,51.17055],[5.7766,51.17047],[5.77704,51.17055],[5.77836,51.1712],[5.77974,51.1718],[5.77937,51.17216],[5.77741,51.17242],[5.77527,51.17253],[5.77362,51.17276],[5.77295,51.17337],[5.77431,51.17472],[5.77545,51.17656],[5.77532,51.17667],[5.77673,51.17849],[5.76716,51.18369],[5.76378,51.18406],[5.76196,51.18405],[5.75596,51.18446],[5.75687,51.1854],[5.75314,51.1861],[5.75337,51.18634],[5.74909,51.18868],[5.74899,51.18857],[5.74564,51.1895],[5.74328,51.18826],[5.74308,51.18753],[5.74212,51.18765],[5.7401,51.18655],[5.73974,51.18475],[5.73963,51.18476],[5.73867,51.18623],[5.73823,51.18652],[5.73803,51.18635],[5.73606,51.18619],[5.73383,51.1862],[5.73345,51.18529],[5.73178,51.18523],[5.73006,51.18492],[5.7295,51.18559],[5.72847,51.18574],[5.72834,51.18556],[5.72655,51.18548],[5.72677,51.18493],[5.7253,51.18464],[5.72519,51.18527],[5.72445,51.18527],[5.72392,51.18511],[5.72187,51.1849],[5.72171,51.18452],[5.71968,51.1847],[5.71778,51.18438],[5.71616,51.18376],[5.71448,51.18351],[5.70934,51.18042],[5.70871,51.18103],[5.70908,51.18146],[5.70796,51.18185],[5.708,51.18205],[5.70556,51.18211],[5.70129,51.18248],[5.70161,51.18379],[5.69936,51.18374],[5.69941,51.18391],[5.69821,51.18398],[5.69786,51.1836],[5.69644,51.18394],[5.69533,51.18258],[5.69418,51.18288],[5.69408,51.18309],[5.69265,51.18335],[5.69154,51.18374],[5.69179,51.18394],[5.69139,51.18424],[5.69036,51.18465],[5.69046,51.1851],[5.6897,51.18538],[5.68787,51.1854],[5.68722,51.18477],[5.68532,51.18448],[5.68405,51.18414],[5.68286,51.18396],[5.68116,51.18445],[5.68086,51.18439],[5.6805,51.18352],[5.67659,51.18273],[5.67636,51.18443],[5.67623,51.18465],[5.67508,51.18503],[5.67247,51.1856],[5.67062,51.1858],[5.66953,51.18557],[5.66863,51.18565],[5.66806,51.18589],[5.66659,51.18589],[5.66579,51.18598],[5.66534,51.18619],[5.66397,51.18625],[5.6622,51.18569],[5.66098,51.18577],[5.66022,51.18551],[5.65848,51.18473],[5.65804,51.18474],[5.65819,51.18447],[5.65892,51.18424],[5.67555,51.17633],[5.67579,51.17584],[5.67666,51.17472],[5.67733,51.17447],[5.68154,51.17093],[5.68127,51.16998],[5.68135,51.16975],[5.68267,51.16823],[5.68335,51.16693],[5.69855,51.15671],[5.69828,51.15664],[5.70102,51.15577],[5.70365,51.15488],[5.70977,51.1486],[5.7105,51.14792],[5.71251,51.14581],[5.71312,51.14586],[5.7131,51.1455],[5.71251,51.14439],[5.7104,51.14213],[5.70887,51.14076],[5.70705,51.13964],[5.70601,51.13851],[5.70709,51.13848],[5.70677,51.13812],[5.70751,51.13781],[5.71227,51.13598],[5.7142,51.13321],[5.71612,51.1304],[5.71626,51.13037],[5.71728,51.12884],[5.71817,51.12763],[5.71848,51.12692],[5.71944,51.12691],[5.72104,51.12649],[5.72173,51.12639],[5.72233,51.12661],[5.72225,51.12689],[5.72325,51.12737],[5.72462,51.12731],[5.72535,51.12806],[5.7257,51.12805],[5.72609,51.12834],[5.72878,51.12864],[5.72945,51.12826],[5.7305,51.12881],[5.7333,51.12886],[5.73371,51.12891],[5.73687,51.1297],[5.73777,51.12986],[5.73831,51.12974],[5.74037,51.1289],[5.74113,51.12868],[5.74285,51.12833],[5.74986,51.12722],[5.75117,51.12704],[5.75309,51.12701],[5.7531,51.12709],[5.75453,51.12697],[5.76043,51.12635],[5.76269,51.1253],[5.76538,51.12418],[5.77062,51.12183],[5.77879,51.12106],[5.78132,51.12084],[5.7872,51.11993],[5.79222,51.12001],[5.80056,51.11992],[5.80534,51.11985],[5.81113,51.12054],[5.81324,51.12117],[5.81418,51.12085]]]}},{"type":"Feature","id":"72020","bbox":[5.214631,51.157627,5.41741,51.275764],"properties":{"nis":"72020","name":"Lommel","nameNl":"Lommel","nameFr":"Lommel","nameDe":"Lommel","province":"limburg","region":"flanders","areaKm2":101.87},"geometry":{"type":"Polygon","coordinates":[[[5.32014,51.18123],[5.32193,51.18262],[5.3223,51.18279],[5.32841,51.18755],[5.3284,51.1876],[5.33182,51.19028],[5.33387,51.19182],[5.34003,51.19666],[5.34728,51.20238],[5.35091,51.20541],[5.3555,51.20952],[5.35976,51.21325],[5.36007,51.21342],[5.36146,51.21471],[5.36279,51.21575],[5.36514,51.21778],[5.36696,51.21927],[5.37151,51.22314],[5.37274,51.22422],[5.37766,51.22843],[5.37868,51.22926],[5.38504,51.23472],[5.3874,51.23659],[5.38853,51.23754],[5.38886,51.23801],[5.39141,51.24014],[5.39345,51.24173],[5.39578,51.2437],[5.40253,51.24951],[5.40406,51.25079],[5.40891,51.25502],[5.41027,51.25624],[5.41326,51.2588],[5.41626,51.26128],[5.41741,51.26228],[5.39612,51.26694],[5.38618,51.2687],[5.35854,51.27358],[5.34614,51.27576],[5.34606,51.2754],[5.34549,51.27483],[5.3458,51.27451],[5.34556,51.27372],[5.34604,51.27348],[5.34634,51.27305],[5.3461,51.27255],[5.34561,51.2721],[5.34496,51.27095],[5.34395,51.26994],[5.34413,51.2699],[5.34343,51.26935],[5.34295,51.26951],[5.34299,51.26864],[5.34311,51.26857],[5.3427,51.26706],[5.34265,51.26593],[5.34229,51.2655],[5.34144,51.26571],[5.34035,51.26451],[5.34012,51.26436],[5.33812,51.26357],[5.33648,51.26307],[5.31598,51.26353],[5.31557,51.2635],[5.29615,51.26148],[5.27794,51.26442],[5.27054,51.2656],[5.26312,51.2668],[5.23791,51.26135],[5.23789,51.26136],[5.23716,51.2612],[5.22418,51.25249],[5.21649,51.24729],[5.21601,51.24708],[5.2161,51.2465],[5.21606,51.24543],[5.21569,51.23825],[5.21549,51.23722],[5.21547,51.23601],[5.21474,51.22256],[5.21479,51.22241],[5.21463,51.22073],[5.21718,51.21141],[5.22223,51.21111],[5.22832,51.20419],[5.22979,51.20381],[5.23134,51.2032],[5.23867,51.201],[5.23886,51.20098],[5.24792,51.19396],[5.24808,51.1938],[5.25242,51.19037],[5.25251,51.19022],[5.25436,51.1887],[5.25816,51.18566],[5.25832,51.18542],[5.26025,51.18381],[5.26096,51.18191],[5.26103,51.17836],[5.26099,51.17601],[5.26055,51.17595],[5.26053,51.17546],[5.26068,51.17196],[5.26076,51.17166],[5.2609,51.16725],[5.26094,51.16252],[5.26108,51.15918],[5.26134,51.15844],[5.26381,51.15806],[5.26417,51.15861],[5.26629,51.15859],[5.26661,51.15879],[5.26677,51.1585],[5.26734,51.15848],[5.26838,51.15885],[5.26864,51.15864],[5.26922,51.15878],[5.26964,51.15908],[5.27121,51.15911],[5.27135,51.15888],[5.27238,51.15901],[5.27265,51.15893],[5.27372,51.15911],[5.27433,51.15895],[5.27567,51.15933],[5.27566,51.15904],[5.27816,51.15911],[5.27827,51.15933],[5.27892,51.15941],[5.27922,51.15915],[5.27936,51.15942],[5.28004,51.15964],[5.2808,51.1596],[5.28147,51.15914],[5.28278,51.1592],[5.283,51.15879],[5.28558,51.15853],[5.28569,51.15839],[5.28656,51.15835],[5.28675,51.15806],[5.28753,51.15778],[5.28779,51.15794],[5.28847,51.15763],[5.28892,51.15792],[5.2892,51.15925],[5.29373,51.16111],[5.29412,51.16131],[5.30268,51.1678],[5.30968,51.17314],[5.31333,51.17596],[5.32012,51.18124],[5.32014,51.18123]]]}},{"type":"Feature","id":"72021","bbox":[5.60732,51.018778,5.833827,51.129861],"properties":{"nis":"72021","name":"Maaseik","nameNl":"Maaseik","nameFr":"Maaseik","nameDe":"Maaseik","province":"limburg","region":"flanders","areaKm2":76.91},"geometry":{"type":"Polygon","coordinates":[[[5.79755,51.07356],[5.79925,51.07501],[5.8005,51.07568],[5.80214,51.07601],[5.80419,51.07693],[5.80488,51.07793],[5.80497,51.07879],[5.80487,51.07963],[5.80451,51.08053],[5.804,51.0814],[5.80339,51.08221],[5.80173,51.08373],[5.79968,51.08508],[5.79885,51.08578],[5.79713,51.08618],[5.79643,51.08699],[5.79582,51.08785],[5.79534,51.08885],[5.79511,51.08962],[5.79544,51.09072],[5.79602,51.09148],[5.79875,51.09352],[5.80006,51.0942],[5.80259,51.09515],[5.80534,51.09592],[5.80678,51.09618],[5.80826,51.09634],[5.80975,51.09631],[5.81126,51.09618],[5.81262,51.09593],[5.81399,51.09559],[5.81782,51.09427],[5.819,51.09377],[5.82028,51.09335],[5.82133,51.09267],[5.82266,51.09232],[5.82414,51.09235],[5.82556,51.09269],[5.82685,51.09324],[5.82793,51.09381],[5.83003,51.09507],[5.831,51.09572],[5.83179,51.09652],[5.83242,51.09736],[5.83335,51.0991],[5.83367,51.10003],[5.83383,51.10097],[5.83375,51.10187],[5.83378,51.10279],[5.83341,51.10375],[5.83278,51.1046],[5.83193,51.10528],[5.82997,51.10649],[5.82889,51.10704],[5.8265,51.10787],[5.825,51.10814],[5.82357,51.10815],[5.82011,51.10791],[5.81622,51.10767],[5.81466,51.10764],[5.81297,51.10789],[5.81192,51.10835],[5.81,51.10965],[5.80956,51.11006],[5.80854,51.11131],[5.80794,51.11304],[5.80785,51.11359],[5.80809,51.11403],[5.8082,51.11495],[5.8085,51.11581],[5.80985,51.11842],[5.81111,51.11906],[5.81273,51.12044],[5.81418,51.12085],[5.81324,51.12117],[5.81113,51.12054],[5.80534,51.11985],[5.80056,51.11992],[5.79222,51.12001],[5.7872,51.11993],[5.78132,51.12084],[5.77879,51.12106],[5.77062,51.12183],[5.76538,51.12418],[5.76269,51.1253],[5.76043,51.12635],[5.75453,51.12697],[5.7531,51.12709],[5.75309,51.12701],[5.75117,51.12704],[5.74986,51.12722],[5.74285,51.12833],[5.74113,51.12868],[5.74037,51.1289],[5.73831,51.12974],[5.73777,51.12986],[5.73687,51.1297],[5.73371,51.12891],[5.7333,51.12886],[5.7305,51.12881],[5.72945,51.12826],[5.72878,51.12864],[5.72609,51.12834],[5.7257,51.12805],[5.72535,51.12806],[5.72462,51.12731],[5.72325,51.12737],[5.72225,51.12689],[5.72233,51.12661],[5.72173,51.12639],[5.72104,51.12649],[5.71944,51.12691],[5.71848,51.12692],[5.71792,51.12648],[5.71697,51.12655],[5.71659,51.12701],[5.71599,51.12704],[5.71563,51.12687],[5.71398,51.12688],[5.71237,51.12723],[5.71243,51.12736],[5.71145,51.12781],[5.71086,51.12762],[5.70881,51.12837],[5.70829,51.12866],[5.70835,51.12892],[5.70764,51.12894],[5.70585,51.12961],[5.7051,51.12959],[5.70274,51.12867],[5.70183,51.12854],[5.69972,51.12895],[5.69888,51.12905],[5.69823,51.12896],[5.69805,51.12915],[5.69664,51.12939],[5.69589,51.12933],[5.69491,51.12946],[5.69482,51.12911],[5.69268,51.12886],[5.69046,51.12876],[5.69011,51.12896],[5.68896,51.12889],[5.68833,51.12899],[5.68779,51.12932],[5.68724,51.12911],[5.68548,51.12928],[5.68504,51.129],[5.68399,51.12912],[5.68234,51.12866],[5.68186,51.12826],[5.67999,51.12781],[5.67946,51.12817],[5.67798,51.1284],[5.67784,51.12819],[5.6766,51.12827],[5.675,51.12773],[5.67398,51.12755],[5.67469,51.12653],[5.67452,51.12649],[5.67495,51.12559],[5.67522,51.1256],[5.67662,51.12308],[5.6739,51.12248],[5.67507,51.12176],[5.67511,51.12121],[5.6756,51.12078],[5.67666,51.12021],[5.67805,51.11869],[5.67784,51.11816],[5.67734,51.11789],[5.67437,51.11722],[5.6731,51.1168],[5.6723,51.11614],[5.67066,51.11559],[5.67001,51.11565],[5.66876,51.11539],[5.66731,51.11548],[5.66684,51.1151],[5.66622,51.11482],[5.66719,51.11406],[5.66856,51.11352],[5.66835,51.11237],[5.66739,51.11081],[5.66624,51.1083],[5.66621,51.10793],[5.66652,51.10698],[5.6671,51.1063],[5.66632,51.1046],[5.6629,51.10252],[5.66286,51.10254],[5.66147,51.10166],[5.6623,51.10043],[5.66251,51.09984],[5.66247,51.09945],[5.66194,51.09759],[5.66156,51.09679],[5.6615,51.09602],[5.66167,51.09503],[5.66113,51.09381],[5.66033,51.09266],[5.65961,51.09183],[5.65967,51.09161],[5.66073,51.09036],[5.66233,51.08981],[5.66347,51.08983],[5.66607,51.08916],[5.66591,51.08835],[5.6649,51.08792],[5.66455,51.08752],[5.66513,51.08633],[5.66383,51.08614],[5.66134,51.08537],[5.66043,51.08427],[5.66039,51.08327],[5.65479,51.08261],[5.65443,51.08138],[5.65381,51.07985],[5.65222,51.07954],[5.65208,51.0783],[5.65347,51.07822],[5.65139,51.07718],[5.64684,51.07533],[5.64577,51.07477],[5.64244,51.07361],[5.64033,51.07278],[5.63853,51.0722],[5.63873,51.07181],[5.63683,51.07143],[5.63573,51.07042],[5.63488,51.06977],[5.63468,51.06895],[5.63535,51.06741],[5.63523,51.06714],[5.63324,51.06715],[5.62898,51.0674],[5.62693,51.06745],[5.62625,51.06733],[5.62611,51.06708],[5.62675,51.06525],[5.62694,51.06503],[5.63231,51.06377],[5.62712,51.05915],[5.62541,51.05768],[5.62672,51.05779],[5.62771,51.05752],[5.62848,51.0575],[5.62935,51.05707],[5.62936,51.05642],[5.62855,51.05507],[5.62968,51.05417],[5.62869,51.05361],[5.6276,51.05283],[5.62655,51.05239],[5.62551,51.05173],[5.62449,51.0513],[5.62404,51.05142],[5.62334,51.051],[5.62231,51.04994],[5.62443,51.04934],[5.62487,51.0493],[5.62547,51.04899],[5.62508,51.04901],[5.6249,51.04869],[5.62521,51.04851],[5.62494,51.04808],[5.62339,51.04797],[5.62209,51.04781],[5.62123,51.04725],[5.62103,51.04634],[5.62054,51.04619],[5.62077,51.04592],[5.61956,51.04593],[5.61936,51.04562],[5.61861,51.04531],[5.61865,51.04509],[5.61794,51.04461],[5.61846,51.04429],[5.61833,51.04395],[5.61771,51.04364],[5.61741,51.04382],[5.61659,51.04303],[5.61535,51.04237],[5.6148,51.04217],[5.61475,51.04193],[5.61535,51.04183],[5.61532,51.04098],[5.61491,51.04104],[5.61448,51.04075],[5.61395,51.04065],[5.61385,51.0404],[5.61434,51.04051],[5.61414,51.04024],[5.61436,51.03993],[5.61383,51.03959],[5.61343,51.03983],[5.61346,51.03953],[5.61286,51.03965],[5.61233,51.03943],[5.61187,51.03865],[5.61155,51.03884],[5.61099,51.03869],[5.61061,51.03839],[5.60987,51.0381],[5.60934,51.03831],[5.60856,51.03826],[5.6085,51.03791],[5.60812,51.03794],[5.60734,51.03746],[5.60761,51.03725],[5.60732,51.03706],[5.61572,51.03276],[5.62157,51.02975],[5.62709,51.02694],[5.63649,51.0221],[5.64303,51.01878],[5.64524,51.02057],[5.64667,51.02166],[5.65604,51.02924],[5.66061,51.03286],[5.66486,51.03631],[5.66645,51.04266],[5.66804,51.04911],[5.66952,51.05535],[5.67041,51.05895],[5.67106,51.0617],[5.67547,51.06964],[5.68125,51.06648],[5.68133,51.06648],[5.68607,51.06393],[5.6864,51.0637],[5.68982,51.06188],[5.69,51.06181],[5.69433,51.05951],[5.69478,51.05923],[5.69549,51.06004],[5.69704,51.06167],[5.69833,51.0631],[5.69844,51.06312],[5.70343,51.06854],[5.70794,51.07341],[5.7149,51.07503],[5.71611,51.07533],[5.72264,51.07683],[5.7302,51.07858],[5.74116,51.08108],[5.74494,51.08112],[5.74571,51.08119],[5.74629,51.07958],[5.74956,51.07933],[5.75015,51.0792],[5.75103,51.07919],[5.75204,51.07942],[5.75472,51.08019],[5.75618,51.08087],[5.75705,51.08116],[5.76015,51.08187],[5.76059,51.0819],[5.76165,51.08235],[5.76239,51.08193],[5.76202,51.08096],[5.76352,51.08081],[5.76386,51.08085],[5.76431,51.08055],[5.76463,51.08077],[5.7651,51.08073],[5.76521,51.08051],[5.76605,51.08029],[5.76657,51.07989],[5.76705,51.0797],[5.76814,51.07954],[5.76795,51.07925],[5.76921,51.07922],[5.77015,51.07839],[5.77066,51.07751],[5.77103,51.07735],[5.77301,51.07693],[5.77417,51.0766],[5.77475,51.07633],[5.77541,51.07635],[5.77617,51.07614],[5.7772,51.07562],[5.77857,51.07549],[5.77932,51.07559],[5.77949,51.07579],[5.78058,51.07606],[5.78066,51.07574],[5.78116,51.07573],[5.78268,51.07602],[5.78368,51.07598],[5.7846,51.07615],[5.78485,51.07554],[5.78301,51.07115],[5.78093,51.07066],[5.77853,51.07049],[5.77734,51.07006],[5.77696,51.06828],[5.77781,51.0679],[5.7803,51.06697],[5.77988,51.06626],[5.78043,51.06451],[5.78094,51.06442],[5.78145,51.06487],[5.7817,51.0648],[5.78536,51.06211],[5.78654,51.06117],[5.78772,51.06166],[5.78809,51.06151],[5.78878,51.06191],[5.78991,51.06181],[5.79071,51.06202],[5.79137,51.06244],[5.79209,51.06326],[5.79248,51.06388],[5.79283,51.06392],[5.79295,51.06479],[5.7932,51.0649],[5.79323,51.0654],[5.79354,51.06604],[5.79356,51.06664],[5.79378,51.06676],[5.79335,51.06709],[5.79366,51.06738],[5.79398,51.06812],[5.79415,51.06902],[5.79478,51.069],[5.79427,51.06975],[5.79416,51.07015],[5.79433,51.07071],[5.79574,51.07241],[5.79647,51.07349],[5.79755,51.07356]]]}},{"type":"Feature","id":"72030","bbox":[5.389209,51.054994,5.547618,51.189498],"properties":{"nis":"72030","name":"Peer","nameNl":"Peer","nameFr":"Peer","nameDe":"Peer","province":"limburg","region":"flanders","areaKm2":86.92},"geometry":{"type":"Polygon","coordinates":[[[5.47744,51.18822],[5.47687,51.18825],[5.47023,51.18878],[5.47011,51.18872],[5.46612,51.18905],[5.46614,51.18912],[5.46165,51.1895],[5.45891,51.189],[5.45373,51.18794],[5.45368,51.18801],[5.44685,51.18655],[5.4462,51.18629],[5.44266,51.18437],[5.4395,51.18258],[5.43931,51.18234],[5.4383,51.18224],[5.43831,51.18209],[5.4376,51.18204],[5.43767,51.18112],[5.43735,51.18019],[5.43706,51.17787],[5.43717,51.17669],[5.43794,51.17527],[5.4381,51.17454],[5.43748,51.17238],[5.43718,51.17094],[5.43699,51.17069],[5.43618,51.17041],[5.43622,51.17028],[5.43625,51.17004],[5.4368,51.17003],[5.43671,51.16973],[5.437,51.16927],[5.43758,51.16895],[5.43699,51.16875],[5.43748,51.16801],[5.43714,51.16754],[5.43661,51.16748],[5.43684,51.16721],[5.43642,51.16709],[5.43704,51.16652],[5.43747,51.16637],[5.43686,51.16611],[5.43647,51.16574],[5.43676,51.16498],[5.4367,51.16469],[5.43621,51.16447],[5.43713,51.16407],[5.43623,51.16371],[5.43613,51.1631],[5.43546,51.16313],[5.4351,51.16288],[5.43562,51.16242],[5.43543,51.1621],[5.43442,51.16218],[5.4347,51.16165],[5.4346,51.16135],[5.43392,51.16141],[5.43362,51.16093],[5.4332,51.16084],[5.43328,51.16039],[5.43281,51.16028],[5.43277,51.15996],[5.43229,51.15978],[5.43192,51.15938],[5.43158,51.15947],[5.43108,51.15906],[5.43117,51.15871],[5.43045,51.15821],[5.42966,51.15832],[5.4295,51.1579],[5.42904,51.15823],[5.42789,51.15784],[5.4275,51.15784],[5.42751,51.15741],[5.42608,51.15638],[5.42565,51.15621],[5.42548,51.15582],[5.42571,51.15533],[5.42544,51.15498],[5.42484,51.15493],[5.4245,51.15516],[5.42392,51.15521],[5.42254,51.15473],[5.42259,51.15452],[5.42209,51.15437],[5.42173,51.15402],[5.42153,51.15412],[5.42087,51.15352],[5.42057,51.15307],[5.42012,51.1529],[5.41952,51.15301],[5.41891,51.15245],[5.41767,51.15162],[5.41744,51.15],[5.41793,51.14957],[5.41777,51.14932],[5.418,51.14887],[5.41833,51.1487],[5.4176,51.14779],[5.41711,51.14762],[5.41725,51.14726],[5.41661,51.14702],[5.41622,51.14629],[5.41569,51.14611],[5.4152,51.14565],[5.41434,51.14538],[5.41401,51.14491],[5.41331,51.14475],[5.41308,51.14449],[5.4114,51.14405],[5.41076,51.14396],[5.41073,51.14377],[5.4099,51.14343],[5.4095,51.14279],[5.4087,51.14285],[5.40857,51.14267],[5.40691,51.14249],[5.40661,51.14207],[5.40641,51.14215],[5.40557,51.14164],[5.40351,51.14081],[5.40153,51.14016],[5.40005,51.13932],[5.39943,51.13886],[5.39638,51.13586],[5.39608,51.13515],[5.39614,51.13399],[5.39655,51.13317],[5.39603,51.13277],[5.39607,51.13253],[5.39769,51.13009],[5.39802,51.12977],[5.39778,51.12953],[5.39824,51.12913],[5.398,51.12895],[5.39707,51.12873],[5.39723,51.12807],[5.39607,51.12609],[5.39304,51.12246],[5.3937,51.12213],[5.39398,51.12177],[5.39351,51.12078],[5.39375,51.12069],[5.39316,51.11993],[5.39207,51.11925],[5.39183,51.11897],[5.39158,51.11765],[5.39167,51.11683],[5.3916,51.11567],[5.39126,51.11509],[5.38959,51.11326],[5.38921,51.11189],[5.38982,51.1111],[5.39142,51.11095],[5.39281,51.11008],[5.39258,51.1095],[5.39284,51.10636],[5.39507,51.10477],[5.39623,51.10402],[5.39972,51.10164],[5.40373,51.09899],[5.40436,51.09809],[5.4055,51.09662],[5.41105,51.08924],[5.41112,51.08923],[5.41675,51.08337],[5.41726,51.08279],[5.42096,51.07908],[5.4232,51.0768],[5.42332,51.07684],[5.42567,51.07644],[5.42655,51.07614],[5.42938,51.07397],[5.4394,51.06638],[5.44709,51.06058],[5.4544,51.05499],[5.46924,51.05873],[5.48119,51.06186],[5.48236,51.06212],[5.48323,51.06982],[5.48464,51.08104],[5.48486,51.08292],[5.48219,51.08598],[5.48159,51.08675],[5.48191,51.08728],[5.48378,51.09087],[5.48283,51.09281],[5.47947,51.09384],[5.47905,51.09445],[5.47833,51.09513],[5.47815,51.09597],[5.47748,51.09631],[5.47704,51.0969],[5.47699,51.09744],[5.47636,51.09895],[5.4763,51.09928],[5.47535,51.09979],[5.47455,51.10003],[5.4742,51.10031],[5.47424,51.10072],[5.47474,51.1014],[5.47516,51.10162],[5.47523,51.10234],[5.47556,51.1033],[5.47506,51.10478],[5.47573,51.10597],[5.47728,51.10638],[5.47959,51.10737],[5.48097,51.10811],[5.48354,51.10968],[5.48495,51.11071],[5.48972,51.11358],[5.49002,51.11334],[5.49058,51.11366],[5.49128,51.11448],[5.49334,51.11512],[5.49649,51.1164],[5.49679,51.1163],[5.49779,51.11682],[5.49958,51.11754],[5.50033,51.1177],[5.50121,51.1183],[5.5019,51.11865],[5.50263,51.11867],[5.50389,51.11904],[5.50394,51.11914],[5.50553,51.11966],[5.50633,51.11964],[5.50675,51.11977],[5.50766,51.11978],[5.50834,51.11963],[5.50854,51.12022],[5.50956,51.12057],[5.50936,51.12095],[5.51027,51.12208],[5.51078,51.12219],[5.51116,51.12266],[5.5121,51.12288],[5.51289,51.12329],[5.51296,51.12367],[5.51369,51.12389],[5.5151,51.12456],[5.51552,51.1246],[5.51303,51.1263],[5.51283,51.12664],[5.51488,51.12739],[5.5168,51.12784],[5.51732,51.12781],[5.51821,51.12936],[5.51532,51.12969],[5.5122,51.13001],[5.51164,51.13016],[5.51004,51.13103],[5.51032,51.13147],[5.51012,51.13169],[5.51159,51.13264],[5.51282,51.13305],[5.51507,51.13362],[5.51568,51.13403],[5.5164,51.13425],[5.51668,51.13411],[5.51752,51.13432],[5.51813,51.13459],[5.51933,51.13494],[5.5194,51.13508],[5.52029,51.13501],[5.52047,51.13552],[5.52136,51.13549],[5.52116,51.13589],[5.52164,51.13596],[5.52125,51.1363],[5.5217,51.13644],[5.52199,51.13696],[5.52165,51.13717],[5.52182,51.13752],[5.52219,51.13758],[5.52184,51.13784],[5.52235,51.13806],[5.52285,51.13858],[5.52276,51.13874],[5.5232,51.13908],[5.52382,51.13916],[5.52429,51.13961],[5.52403,51.13996],[5.52434,51.14028],[5.52488,51.14021],[5.52507,51.1405],[5.52561,51.14078],[5.52647,51.14189],[5.5268,51.14204],[5.52682,51.14247],[5.52742,51.14271],[5.52837,51.14335],[5.52856,51.14367],[5.52932,51.14415],[5.52986,51.14476],[5.53078,51.14518],[5.53109,51.14569],[5.53182,51.14575],[5.53194,51.14617],[5.53233,51.14634],[5.53284,51.14643],[5.53353,51.14717],[5.53432,51.14734],[5.53489,51.14722],[5.53643,51.14748],[5.53716,51.14742],[5.53714,51.1478],[5.53782,51.14775],[5.53888,51.14799],[5.53933,51.14788],[5.54008,51.14799],[5.54071,51.14835],[5.54123,51.14826],[5.54148,51.14863],[5.54201,51.14856],[5.5424,51.14804],[5.54314,51.14826],[5.54357,51.14854],[5.54391,51.14834],[5.5441,51.14869],[5.54451,51.14881],[5.54461,51.14918],[5.54621,51.14926],[5.54671,51.14994],[5.54762,51.14998],[5.54499,51.15194],[5.54484,51.15197],[5.54318,51.15381],[5.54223,51.15597],[5.54194,51.15641],[5.54156,51.15752],[5.54049,51.16192],[5.54057,51.16201],[5.53789,51.16673],[5.53689,51.16839],[5.5336,51.1741],[5.53533,51.17481],[5.53573,51.17474],[5.53539,51.17509],[5.5331,51.17425],[5.53137,51.17382],[5.52931,51.17321],[5.52146,51.17413],[5.51423,51.17495],[5.51087,51.17578],[5.51083,51.17582],[5.5066,51.17686],[5.50452,51.17734],[5.5015,51.17787],[5.49897,51.17797],[5.4969,51.17789],[5.49236,51.17761],[5.4886,51.1774],[5.48682,51.17893],[5.48606,51.1795],[5.48289,51.1822],[5.48162,51.1837],[5.48093,51.1846],[5.47802,51.18815],[5.47744,51.18822]]]}},{"type":"Feature","id":"72037","bbox":[5.43839,51.209932,5.56031,51.300165],"properties":{"nis":"72037","name":"Hamont-Achel","nameNl":"Hamont-Achel","nameFr":"Hamont-Achel","nameDe":"Hamont-Achel","province":"limburg","region":"flanders","areaKm2":43.57},"geometry":{"type":"Polygon","coordinates":[[[5.43839,51.27606],[5.44082,51.27452],[5.44282,51.27271],[5.44291,51.27271],[5.44531,51.27053],[5.44528,51.27045],[5.45074,51.26551],[5.4509,51.26541],[5.45507,51.26157],[5.46066,51.25836],[5.46152,51.25802],[5.46375,51.25679],[5.46476,51.25642],[5.46589,51.25565],[5.46776,51.25487],[5.46775,51.25407],[5.46791,51.25281],[5.46773,51.25075],[5.46819,51.24977],[5.46829,51.24921],[5.46802,51.2476],[5.46772,51.24714],[5.46733,51.24617],[5.46685,51.24422],[5.46644,51.24227],[5.46638,51.24102],[5.46647,51.24068],[5.46757,51.23973],[5.46774,51.23882],[5.46986,51.23925],[5.4704,51.23952],[5.47358,51.23995],[5.49642,51.24434],[5.50094,51.24522],[5.50449,51.23948],[5.5091,51.23565],[5.51528,51.23049],[5.51535,51.23045],[5.51881,51.23036],[5.52002,51.22864],[5.52087,51.22794],[5.52102,51.22796],[5.52389,51.22579],[5.52389,51.22575],[5.52646,51.22381],[5.52615,51.22358],[5.52692,51.22305],[5.52819,51.22351],[5.52906,51.2227],[5.52524,51.22135],[5.52706,51.21991],[5.52345,51.21572],[5.52462,51.2147],[5.52853,51.21169],[5.53064,51.20993],[5.53214,51.21111],[5.53463,51.21261],[5.53611,51.21382],[5.5359,51.21407],[5.53656,51.21482],[5.53839,51.21609],[5.53894,51.21668],[5.53962,51.21713],[5.54295,51.21809],[5.54536,51.21836],[5.54728,51.21883],[5.55079,51.21976],[5.55303,51.22072],[5.5557,51.22178],[5.55811,51.22252],[5.56031,51.2229],[5.55866,51.23014],[5.55756,51.23466],[5.55642,51.23927],[5.55521,51.2444],[5.55487,51.2445],[5.55537,51.24567],[5.55538,51.24662],[5.55526,51.24744],[5.55562,51.24809],[5.55659,51.25024],[5.55655,51.25275],[5.55633,51.25274],[5.55623,51.25382],[5.55599,51.25439],[5.55633,51.25528],[5.55691,51.25581],[5.55648,51.2563],[5.5575,51.25734],[5.55648,51.2575],[5.55679,51.25851],[5.55677,51.26006],[5.55755,51.26003],[5.55772,51.26032],[5.55767,51.26105],[5.55792,51.26235],[5.55787,51.26278],[5.55678,51.26277],[5.55662,51.26326],[5.55705,51.26422],[5.55693,51.26499],[5.55619,51.26666],[5.55524,51.26685],[5.55316,51.26772],[5.54446,51.27129],[5.54467,51.27188],[5.54371,51.27174],[5.54109,51.27338],[5.52868,51.28176],[5.51901,51.28948],[5.51577,51.2952],[5.5019,51.2974],[5.4993,51.29778],[5.49521,51.29849],[5.49161,51.29906],[5.48757,51.29974],[5.4852,51.29998],[5.48302,51.30016],[5.4832,51.29865],[5.48292,51.29843],[5.48189,51.298],[5.47944,51.29677],[5.47761,51.29497],[5.47707,51.29366],[5.47689,51.29139],[5.47423,51.29021],[5.47023,51.28815],[5.46895,51.2874],[5.46561,51.28524],[5.46484,51.28457],[5.44178,51.28211],[5.44131,51.28082],[5.4412,51.27971],[5.44061,51.27859],[5.43976,51.27786],[5.43839,51.27606]]]}},{"type":"Feature","id":"72038","bbox":[5.26094,51.087747,5.437584,51.181885],"properties":{"nis":"72038","name":"Hechtel-Eksel","nameNl":"Hechtel-Eksel","nameFr":"Hechtel-Eksel","nameDe":"Hechtel-Eksel","province":"limburg","region":"flanders","areaKm2":76.4},"geometry":{"type":"Polygon","coordinates":[[[5.30087,51.10576],[5.30113,51.10571],[5.3061,51.1028],[5.3109,51.09995],[5.31393,51.0983],[5.32647,51.09479],[5.33261,51.09313],[5.33313,51.0931],[5.33352,51.09336],[5.3343,51.09346],[5.33541,51.0941],[5.33682,51.0944],[5.33731,51.09514],[5.33876,51.09552],[5.33972,51.09536],[5.34104,51.09538],[5.34184,51.09516],[5.34338,51.0953],[5.34409,51.09518],[5.34423,51.09536],[5.34558,51.0953],[5.34662,51.09575],[5.34757,51.09583],[5.34864,51.09572],[5.34894,51.09559],[5.34966,51.09564],[5.35071,51.09596],[5.35157,51.09583],[5.35217,51.09562],[5.35221,51.09543],[5.35312,51.09513],[5.35436,51.09513],[5.35471,51.09502],[5.35625,51.09493],[5.35683,51.09497],[5.35767,51.09457],[5.35883,51.09415],[5.35955,51.09413],[5.3604,51.09385],[5.36131,51.09375],[5.36085,51.09278],[5.36066,51.09278],[5.36129,51.09189],[5.36216,51.09207],[5.36239,51.09016],[5.36412,51.09045],[5.36988,51.09149],[5.3725,51.09204],[5.37591,51.09267],[5.3771,51.08775],[5.39037,51.08879],[5.39128,51.09045],[5.3928,51.09298],[5.3935,51.09449],[5.39385,51.0955],[5.39491,51.09908],[5.39592,51.10279],[5.39623,51.10402],[5.39507,51.10477],[5.39284,51.10636],[5.39258,51.1095],[5.39281,51.11008],[5.39142,51.11095],[5.38982,51.1111],[5.38921,51.11189],[5.38959,51.11326],[5.39126,51.11509],[5.3916,51.11567],[5.39167,51.11683],[5.39158,51.11765],[5.39183,51.11897],[5.39207,51.11925],[5.39316,51.11993],[5.39375,51.12069],[5.39351,51.12078],[5.39398,51.12177],[5.3937,51.12213],[5.39304,51.12246],[5.39607,51.12609],[5.39723,51.12807],[5.39707,51.12873],[5.398,51.12895],[5.39824,51.12913],[5.39778,51.12953],[5.39802,51.12977],[5.39769,51.13009],[5.39607,51.13253],[5.39603,51.13277],[5.39655,51.13317],[5.39614,51.13399],[5.39608,51.13515],[5.39638,51.13586],[5.39943,51.13886],[5.40005,51.13932],[5.40153,51.14016],[5.40351,51.14081],[5.40557,51.14164],[5.40641,51.14215],[5.40661,51.14207],[5.40691,51.14249],[5.40857,51.14267],[5.4087,51.14285],[5.4095,51.14279],[5.4099,51.14343],[5.41073,51.14377],[5.41076,51.14396],[5.4114,51.14405],[5.41308,51.14449],[5.41331,51.14475],[5.41401,51.14491],[5.41434,51.14538],[5.4152,51.14565],[5.41569,51.14611],[5.41622,51.14629],[5.41661,51.14702],[5.41725,51.14726],[5.41711,51.14762],[5.4176,51.14779],[5.41833,51.1487],[5.418,51.14887],[5.41777,51.14932],[5.41793,51.14957],[5.41744,51.15],[5.41767,51.15162],[5.41891,51.15245],[5.41952,51.15301],[5.42012,51.1529],[5.42057,51.15307],[5.42087,51.15352],[5.42153,51.15412],[5.42173,51.15402],[5.42209,51.15437],[5.42259,51.15452],[5.42254,51.15473],[5.42392,51.15521],[5.4245,51.15516],[5.42484,51.15493],[5.42544,51.15498],[5.42571,51.15533],[5.42548,51.15582],[5.42565,51.15621],[5.42608,51.15638],[5.42751,51.15741],[5.4275,51.15784],[5.42789,51.15784],[5.42904,51.15823],[5.4295,51.1579],[5.42966,51.15832],[5.43045,51.15821],[5.43117,51.15871],[5.43108,51.15906],[5.43158,51.15947],[5.43192,51.15938],[5.43229,51.15978],[5.43277,51.15996],[5.43281,51.16028],[5.43328,51.16039],[5.4332,51.16084],[5.43362,51.16093],[5.43392,51.16141],[5.4346,51.16135],[5.4347,51.16165],[5.43442,51.16218],[5.43543,51.1621],[5.43562,51.16242],[5.4351,51.16288],[5.43546,51.16313],[5.43613,51.1631],[5.43623,51.16371],[5.43713,51.16407],[5.43621,51.16447],[5.4367,51.16469],[5.43676,51.16498],[5.43647,51.16574],[5.43686,51.16611],[5.43747,51.16637],[5.43704,51.16652],[5.43642,51.16709],[5.43684,51.16721],[5.43661,51.16748],[5.43714,51.16754],[5.43748,51.16801],[5.43699,51.16875],[5.43758,51.16895],[5.437,51.16927],[5.43671,51.16973],[5.4368,51.17003],[5.43625,51.17004],[5.43622,51.17028],[5.43537,51.17055],[5.43403,51.17119],[5.43376,51.1718],[5.4325,51.17186],[5.43049,51.17226],[5.42933,51.1729],[5.42915,51.1728],[5.42806,51.1728],[5.42617,51.17247],[5.42574,51.17325],[5.42171,51.17295],[5.42039,51.17299],[5.41929,51.17247],[5.41868,51.172],[5.41794,51.17127],[5.41734,51.1705],[5.41545,51.16933],[5.41479,51.16879],[5.41264,51.16662],[5.41137,51.16563],[5.40989,51.16426],[5.40822,51.16496],[5.40888,51.16554],[5.40795,51.16572],[5.40812,51.16645],[5.40759,51.16629],[5.40788,51.16767],[5.4047,51.16737],[5.40292,51.16991],[5.40279,51.16998],[5.40007,51.17071],[5.3994,51.16859],[5.39892,51.16773],[5.3978,51.16644],[5.39633,51.16485],[5.39497,51.16436],[5.39474,51.16445],[5.39297,51.16696],[5.39201,51.16724],[5.39023,51.16819],[5.38843,51.16891],[5.38634,51.16991],[5.38654,51.17004],[5.38583,51.17077],[5.38542,51.17179],[5.38538,51.17221],[5.38602,51.17224],[5.38586,51.17264],[5.38598,51.17336],[5.38581,51.17369],[5.38529,51.17372],[5.38422,51.17556],[5.38338,51.17678],[5.38045,51.17741],[5.37772,51.17792],[5.37328,51.17884],[5.36388,51.18083],[5.35883,51.18189],[5.35703,51.18146],[5.34706,51.1793],[5.34314,51.17839],[5.34257,51.17829],[5.33231,51.17601],[5.33137,51.17637],[5.32814,51.17779],[5.32014,51.18123],[5.32012,51.18124],[5.31333,51.17596],[5.30968,51.17314],[5.30268,51.1678],[5.29412,51.16131],[5.29373,51.16111],[5.2892,51.15925],[5.28892,51.15792],[5.28847,51.15763],[5.28779,51.15794],[5.28753,51.15778],[5.28675,51.15806],[5.28656,51.15835],[5.28569,51.15839],[5.28558,51.15853],[5.283,51.15879],[5.28278,51.1592],[5.28147,51.15914],[5.2808,51.1596],[5.28004,51.15964],[5.27936,51.15942],[5.27922,51.15915],[5.27892,51.15941],[5.27827,51.15933],[5.27816,51.15911],[5.27566,51.15904],[5.27567,51.15933],[5.27433,51.15895],[5.27372,51.15911],[5.27265,51.15893],[5.27238,51.15901],[5.27135,51.15888],[5.27121,51.15911],[5.26964,51.15908],[5.26922,51.15878],[5.26864,51.15864],[5.26838,51.15885],[5.26734,51.15848],[5.26677,51.1585],[5.26661,51.15879],[5.26629,51.15859],[5.26417,51.15861],[5.26381,51.15806],[5.26134,51.15844],[5.26149,51.1551],[5.26198,51.14996],[5.26213,51.14967],[5.26225,51.14863],[5.26176,51.14819],[5.26094,51.14705],[5.26098,51.14697],[5.26254,51.14571],[5.26522,51.1435],[5.26785,51.14113],[5.26804,51.14105],[5.27509,51.13532],[5.2802,51.131],[5.28172,51.12921],[5.28464,51.12537],[5.28884,51.11993],[5.28875,51.11969],[5.29137,51.11638],[5.3002,51.10621],[5.30087,51.10576]]]}},{"type":"Feature","id":"72039","bbox":[5.335519,51.001227,5.522174,51.104018],"properties":{"nis":"72039","name":"Houthalen-Helchteren","nameNl":"Houthalen-Helchteren","nameFr":"Houthalen-Helchteren","nameDe":"Houthalen-Helchteren","province":"limburg","region":"flanders","areaKm2":77.96},"geometry":{"type":"Polygon","coordinates":[[[5.33937,51.07267],[5.33921,51.07246],[5.33833,51.0677],[5.33736,51.06262],[5.33613,51.05577],[5.33553,51.05228],[5.33559,51.05082],[5.33654,51.04724],[5.3371,51.04559],[5.33731,51.04445],[5.3372,51.04409],[5.33725,51.04186],[5.33742,51.04149],[5.33825,51.04055],[5.33834,51.04009],[5.33802,51.03986],[5.33892,51.03888],[5.33958,51.03913],[5.34069,51.03806],[5.33986,51.03749],[5.34048,51.037],[5.34114,51.0375],[5.34412,51.03571],[5.34619,51.03389],[5.34681,51.03343],[5.34701,51.03303],[5.34852,51.03101],[5.34965,51.02908],[5.35033,51.02802],[5.35195,51.02567],[5.35165,51.02504],[5.35084,51.02267],[5.35015,51.02091],[5.34921,51.01739],[5.34899,51.01626],[5.34848,51.01499],[5.34798,51.01219],[5.34834,51.01213],[5.35598,51.01222],[5.35644,51.01229],[5.36125,51.01232],[5.36217,51.01226],[5.36786,51.01228],[5.37194,51.01225],[5.3748,51.01234],[5.3835,51.01235],[5.38653,51.01242],[5.39101,51.01244],[5.39602,51.01249],[5.40018,51.01241],[5.40405,51.0123],[5.40848,51.01207],[5.40916,51.01207],[5.4097,51.01187],[5.41084,51.01166],[5.41332,51.01129],[5.41602,51.01083],[5.41821,51.01032],[5.41953,51.01012],[5.42451,51.00919],[5.4259,51.00888],[5.44016,51.00609],[5.45673,51.0029],[5.45786,51.00267],[5.46597,51.00123],[5.46634,51.00152],[5.46807,51.00336],[5.46824,51.00339],[5.48364,51.01278],[5.48456,51.01332],[5.48662,51.01465],[5.48706,51.01481],[5.48725,51.0154],[5.48768,51.01562],[5.49366,51.01963],[5.49362,51.01968],[5.49504,51.02064],[5.49508,51.02077],[5.49615,51.0206],[5.4963,51.02043],[5.49822,51.02014],[5.50667,51.01875],[5.51828,51.01881],[5.52217,51.02952],[5.52182,51.0295],[5.51789,51.03005],[5.50875,51.03014],[5.50908,51.03161],[5.50937,51.03331],[5.50715,51.03358],[5.50712,51.03365],[5.50436,51.03393],[5.50055,51.0344],[5.49207,51.03542],[5.47948,51.03689],[5.47528,51.03742],[5.46733,51.04395],[5.45438,51.05493],[5.4544,51.05499],[5.44709,51.06058],[5.4394,51.06638],[5.42938,51.07397],[5.42655,51.07614],[5.42567,51.07644],[5.42332,51.07684],[5.4232,51.0768],[5.42096,51.07908],[5.41726,51.08279],[5.41675,51.08337],[5.41112,51.08923],[5.41105,51.08924],[5.4055,51.09662],[5.40436,51.09809],[5.40373,51.09899],[5.39972,51.10164],[5.39623,51.10402],[5.39592,51.10279],[5.39491,51.09908],[5.39385,51.0955],[5.3935,51.09449],[5.3928,51.09298],[5.39128,51.09045],[5.39037,51.08879],[5.3771,51.08775],[5.37591,51.09267],[5.3725,51.09204],[5.36988,51.09149],[5.36412,51.09045],[5.36239,51.09016],[5.36216,51.09207],[5.36129,51.09189],[5.36066,51.09278],[5.36085,51.09278],[5.36131,51.09375],[5.3604,51.09385],[5.35955,51.09413],[5.35883,51.09415],[5.35767,51.09457],[5.35683,51.09497],[5.35625,51.09493],[5.35471,51.09502],[5.35436,51.09513],[5.35312,51.09513],[5.35221,51.09543],[5.35217,51.09562],[5.35157,51.09583],[5.35071,51.09596],[5.34966,51.09564],[5.34894,51.09559],[5.34864,51.09572],[5.34757,51.09583],[5.34662,51.09575],[5.34558,51.0953],[5.34423,51.09536],[5.34409,51.09518],[5.34338,51.0953],[5.34184,51.09516],[5.34059,51.09351],[5.34111,51.09367],[5.3414,51.09257],[5.34419,51.084],[5.34076,51.07583],[5.33937,51.07267]]]}},{"type":"Feature","id":"72041","bbox":[5.622476,50.995851,5.801168,51.082352],"properties":{"nis":"72041","name":"Dilsen-Stokkem","nameNl":"Dilsen-Stokkem","nameFr":"Dilsen-Stokkem","nameDe":"Dilsen-Stockheim","province":"limburg","region":"flanders","areaKm2":65.64},"geometry":{"type":"Polygon","coordinates":[[[5.64303,51.01878],[5.64215,51.01807],[5.63805,51.01795],[5.63804,51.01792],[5.63188,51.01781],[5.63187,51.01777],[5.62623,51.01765],[5.62552,51.0177],[5.62546,51.01683],[5.62504,51.01441],[5.62389,51.00806],[5.62374,51.00765],[5.62262,51.00103],[5.62248,50.99922],[5.62324,50.99907],[5.62675,50.99813],[5.63573,50.99585],[5.64056,50.99602],[5.64085,50.99597],[5.64585,50.99616],[5.66013,50.99661],[5.66397,50.99806],[5.66494,50.99845],[5.66732,50.99919],[5.67028,51],[5.67198,51.00061],[5.6734,51.00103],[5.67612,51.00171],[5.68261,51.00212],[5.68756,51.00228],[5.71254,51.00403],[5.71087,51.00023],[5.71146,50.99972],[5.71173,50.99911],[5.71289,50.99889],[5.71328,50.99869],[5.7138,50.99813],[5.71577,50.99802],[5.71583,50.99843],[5.71705,51.0002],[5.7182,51.00086],[5.72182,51.00024],[5.72336,50.99991],[5.72456,51.00138],[5.72774,51.00052],[5.72797,51.00155],[5.7283,51.00245],[5.72936,51.00245],[5.73013,51.00297],[5.73072,51.00317],[5.73136,51.00294],[5.73206,51.00358],[5.73372,51.00348],[5.73455,51.00376],[5.73182,51.00514],[5.7346,51.00669],[5.73467,51.00653],[5.73638,51.00686],[5.7377,51.00572],[5.73867,51.00624],[5.74037,51.00697],[5.74087,51.00732],[5.7413,51.00859],[5.74192,51.00962],[5.74214,51.0103],[5.74275,51.01109],[5.7437,51.01166],[5.74425,51.01227],[5.74533,51.01189],[5.74497,51.01143],[5.74811,51.01052],[5.74938,51.01026],[5.74932,51.01007],[5.75034,51.01038],[5.75051,51.01033],[5.74929,51.00921],[5.7491,51.00857],[5.74921,51.0076],[5.74954,51.0071],[5.74993,51.00687],[5.75117,51.0065],[5.7519,51.00673],[5.75281,51.0074],[5.75406,51.00768],[5.75454,51.00725],[5.75522,51.00727],[5.7574,51.00748],[5.75913,51.00741],[5.76022,51.00759],[5.7613,51.00795],[5.76192,51.00803],[5.7631,51.00777],[5.76357,51.00846],[5.76413,51.0089],[5.76601,51.00879],[5.76597,51.00964],[5.76697,51.01237],[5.76749,51.01325],[5.76817,51.01394],[5.76934,51.01471],[5.76985,51.01559],[5.77056,51.0163],[5.77156,51.01699],[5.77203,51.01788],[5.77375,51.01929],[5.77564,51.02068],[5.77643,51.02245],[5.77641,51.02331],[5.77586,51.02424],[5.77549,51.02511],[5.77491,51.02599],[5.77397,51.02674],[5.77285,51.02743],[5.77057,51.02834],[5.76923,51.02878],[5.76797,51.02906],[5.76643,51.02925],[5.76381,51.0297],[5.76243,51.03003],[5.76082,51.03001],[5.75973,51.03062],[5.7589,51.0313],[5.7583,51.03205],[5.758,51.03366],[5.75839,51.03501],[5.75909,51.03588],[5.75961,51.03674],[5.76063,51.03737],[5.76241,51.03876],[5.76278,51.03966],[5.76345,51.04046],[5.76558,51.04172],[5.76641,51.04253],[5.76756,51.04416],[5.76806,51.04498],[5.76827,51.04589],[5.76912,51.04666],[5.76973,51.04747],[5.77076,51.04919],[5.7709,51.05013],[5.77181,51.05184],[5.77202,51.05273],[5.77228,51.05457],[5.77207,51.05547],[5.77256,51.0563],[5.77239,51.05716],[5.7725,51.05808],[5.77231,51.05898],[5.77167,51.05989],[5.77257,51.06161],[5.77356,51.06235],[5.77466,51.06298],[5.77622,51.06311],[5.77769,51.06303],[5.77906,51.06286],[5.78048,51.06259],[5.78324,51.06186],[5.7844,51.06145],[5.7868,51.06037],[5.78784,51.0597],[5.78919,51.05947],[5.79046,51.05891],[5.79318,51.05853],[5.79612,51.05885],[5.79745,51.05916],[5.79877,51.05967],[5.79972,51.06034],[5.80034,51.06119],[5.80089,51.06211],[5.80117,51.06306],[5.80106,51.06402],[5.80025,51.06578],[5.79979,51.06666],[5.79913,51.06743],[5.79826,51.06817],[5.79804,51.06911],[5.79813,51.07011],[5.79767,51.0709],[5.79661,51.07182],[5.7969,51.07275],[5.79755,51.07356],[5.79647,51.07349],[5.79574,51.07241],[5.79433,51.07071],[5.79416,51.07015],[5.79427,51.06975],[5.79478,51.069],[5.79415,51.06902],[5.79398,51.06812],[5.79366,51.06738],[5.79335,51.06709],[5.79378,51.06676],[5.79356,51.06664],[5.79354,51.06604],[5.79323,51.0654],[5.7932,51.0649],[5.79295,51.06479],[5.79283,51.06392],[5.79248,51.06388],[5.79209,51.06326],[5.79137,51.06244],[5.79071,51.06202],[5.78991,51.06181],[5.78878,51.06191],[5.78809,51.06151],[5.78772,51.06166],[5.78654,51.06117],[5.78536,51.06211],[5.7817,51.0648],[5.78145,51.06487],[5.78094,51.06442],[5.78043,51.06451],[5.77988,51.06626],[5.7803,51.06697],[5.77781,51.0679],[5.77696,51.06828],[5.77734,51.07006],[5.77853,51.07049],[5.78093,51.07066],[5.78301,51.07115],[5.78485,51.07554],[5.7846,51.07615],[5.78368,51.07598],[5.78268,51.07602],[5.78116,51.07573],[5.78066,51.07574],[5.78058,51.07606],[5.77949,51.07579],[5.77932,51.07559],[5.77857,51.07549],[5.7772,51.07562],[5.77617,51.07614],[5.77541,51.07635],[5.77475,51.07633],[5.77417,51.0766],[5.77301,51.07693],[5.77103,51.07735],[5.77066,51.07751],[5.77015,51.07839],[5.76921,51.07922],[5.76795,51.07925],[5.76814,51.07954],[5.76705,51.0797],[5.76657,51.07989],[5.76605,51.08029],[5.76521,51.08051],[5.7651,51.08073],[5.76463,51.08077],[5.76431,51.08055],[5.76386,51.08085],[5.76352,51.08081],[5.76202,51.08096],[5.76239,51.08193],[5.76165,51.08235],[5.76059,51.0819],[5.76015,51.08187],[5.75705,51.08116],[5.75618,51.08087],[5.75472,51.08019],[5.75204,51.07942],[5.75103,51.07919],[5.75015,51.0792],[5.74956,51.07933],[5.74629,51.07958],[5.74571,51.08119],[5.74494,51.08112],[5.74116,51.08108],[5.7302,51.07858],[5.72264,51.07683],[5.71611,51.07533],[5.7149,51.07503],[5.70794,51.07341],[5.70343,51.06854],[5.69844,51.06312],[5.69833,51.0631],[5.69704,51.06167],[5.69549,51.06004],[5.69478,51.05923],[5.69433,51.05951],[5.69,51.06181],[5.68982,51.06188],[5.6864,51.0637],[5.68607,51.06393],[5.68133,51.06648],[5.68125,51.06648],[5.67547,51.06964],[5.67106,51.0617],[5.67041,51.05895],[5.66952,51.05535],[5.66804,51.04911],[5.66645,51.04266],[5.66486,51.03631],[5.66061,51.03286],[5.65604,51.02924],[5.64667,51.02166],[5.64524,51.02057],[5.64303,51.01878]]]}},{"type":"Feature","id":"72042","bbox":[5.454384,51.018767,5.666067,51.146348],"properties":{"nis":"72042","name":"Oudsbergen","nameNl":"Oudsbergen","nameFr":"Oudsbergen","nameDe":"Oudsbergen","province":"limburg","region":"flanders","areaKm2":115.95},"geometry":{"type":"Polygon","coordinates":[[[5.60734,51.03746],[5.60812,51.03794],[5.6085,51.03791],[5.60856,51.03826],[5.60934,51.03831],[5.60987,51.0381],[5.61061,51.03839],[5.61099,51.03869],[5.61155,51.03884],[5.61187,51.03865],[5.61233,51.03943],[5.61286,51.03965],[5.61346,51.03953],[5.61343,51.03983],[5.61383,51.03959],[5.61436,51.03993],[5.61414,51.04024],[5.61434,51.04051],[5.61385,51.0404],[5.61395,51.04065],[5.61448,51.04075],[5.61491,51.04104],[5.61532,51.04098],[5.61535,51.04183],[5.61475,51.04193],[5.6148,51.04217],[5.61535,51.04237],[5.61659,51.04303],[5.61741,51.04382],[5.61771,51.04364],[5.61833,51.04395],[5.61846,51.04429],[5.61794,51.04461],[5.61865,51.04509],[5.61861,51.04531],[5.61936,51.04562],[5.61956,51.04593],[5.62077,51.04592],[5.62054,51.04619],[5.62103,51.04634],[5.62123,51.04725],[5.62209,51.04781],[5.62339,51.04797],[5.62494,51.04808],[5.62521,51.04851],[5.6249,51.04869],[5.62508,51.04901],[5.62547,51.04899],[5.62487,51.0493],[5.62443,51.04934],[5.62231,51.04994],[5.62334,51.051],[5.62404,51.05142],[5.62449,51.0513],[5.62551,51.05173],[5.62655,51.05239],[5.6276,51.05283],[5.62869,51.05361],[5.62968,51.05417],[5.62855,51.05507],[5.62936,51.05642],[5.62935,51.05707],[5.62848,51.0575],[5.62771,51.05752],[5.62672,51.05779],[5.62541,51.05768],[5.62712,51.05915],[5.63231,51.06377],[5.62694,51.06503],[5.62675,51.06525],[5.62611,51.06708],[5.62625,51.06733],[5.62693,51.06745],[5.62898,51.0674],[5.63324,51.06715],[5.63523,51.06714],[5.63535,51.06741],[5.63468,51.06895],[5.63488,51.06977],[5.63573,51.07042],[5.63683,51.07143],[5.63873,51.07181],[5.63853,51.0722],[5.64033,51.07278],[5.64244,51.07361],[5.64577,51.07477],[5.64684,51.07533],[5.65139,51.07718],[5.65347,51.07822],[5.65208,51.0783],[5.65222,51.07954],[5.65381,51.07985],[5.65443,51.08138],[5.65479,51.08261],[5.66039,51.08327],[5.66043,51.08427],[5.66134,51.08537],[5.66383,51.08614],[5.66513,51.08633],[5.66455,51.08752],[5.6649,51.08792],[5.66591,51.08835],[5.66607,51.08916],[5.66347,51.08983],[5.66233,51.08981],[5.66073,51.09036],[5.65967,51.09161],[5.65961,51.09183],[5.66033,51.09266],[5.66113,51.09381],[5.66167,51.09503],[5.6615,51.09602],[5.66156,51.09679],[5.66194,51.09759],[5.66247,51.09945],[5.66251,51.09984],[5.6623,51.10043],[5.66147,51.10166],[5.66286,51.10254],[5.66194,51.10319],[5.6603,51.10522],[5.65971,51.10522],[5.65908,51.10391],[5.6587,51.10336],[5.65843,51.10373],[5.65794,51.10399],[5.65703,51.10497],[5.65606,51.10587],[5.65401,51.10465],[5.65341,51.10499],[5.65209,51.10432],[5.64815,51.10619],[5.64703,51.10691],[5.64685,51.1066],[5.64528,51.10547],[5.64395,51.10482],[5.64371,51.10486],[5.64312,51.10318],[5.63938,51.10398],[5.63883,51.10305],[5.63548,51.10381],[5.63568,51.10419],[5.6343,51.10706],[5.63374,51.10762],[5.6332,51.10743],[5.63246,51.10816],[5.63231,51.10849],[5.63104,51.10971],[5.62999,51.11094],[5.63012,51.11135],[5.63008,51.1121],[5.63116,51.11235],[5.63176,51.11281],[5.63216,51.11338],[5.63222,51.11395],[5.63187,51.11439],[5.63024,51.11427],[5.6299,51.11415],[5.62922,51.11423],[5.62785,51.11459],[5.62655,51.11423],[5.6236,51.11408],[5.62243,51.11413],[5.6221,51.11396],[5.62109,51.1141],[5.62006,51.11409],[5.62001,51.11389],[5.61948,51.11378],[5.61841,51.1138],[5.61698,51.11412],[5.61624,51.11437],[5.61523,51.11455],[5.61342,51.11458],[5.61213,51.11429],[5.61136,51.11395],[5.6109,51.11397],[5.60929,51.11374],[5.60843,51.11376],[5.60708,51.11344],[5.60558,51.11334],[5.60501,51.1131],[5.6038,51.11301],[5.60141,51.11304],[5.59929,51.11266],[5.59731,51.11223],[5.59558,51.11191],[5.59384,51.11166],[5.5937,51.11154],[5.592,51.11118],[5.58829,51.11063],[5.58735,51.11034],[5.58638,51.11024],[5.58251,51.10969],[5.57799,51.10953],[5.57718,51.10942],[5.57654,51.10912],[5.57485,51.10886],[5.57413,51.10852],[5.57297,51.10838],[5.57094,51.10783],[5.57007,51.10749],[5.56941,51.10784],[5.56662,51.11067],[5.56155,51.11643],[5.55768,51.12086],[5.55673,51.12084],[5.55574,51.12108],[5.55329,51.12238],[5.55265,51.12296],[5.55259,51.12332],[5.55291,51.12461],[5.55129,51.1249],[5.54788,51.12885],[5.54645,51.13054],[5.54644,51.13059],[5.54218,51.1355],[5.54045,51.13752],[5.53965,51.13833],[5.53338,51.14537],[5.53233,51.14634],[5.53194,51.14617],[5.53182,51.14575],[5.53109,51.14569],[5.53078,51.14518],[5.52986,51.14476],[5.52932,51.14415],[5.52856,51.14367],[5.52837,51.14335],[5.52742,51.14271],[5.52682,51.14247],[5.5268,51.14204],[5.52647,51.14189],[5.52561,51.14078],[5.52507,51.1405],[5.52488,51.14021],[5.52434,51.14028],[5.52403,51.13996],[5.52429,51.13961],[5.52382,51.13916],[5.5232,51.13908],[5.52276,51.13874],[5.52285,51.13858],[5.52235,51.13806],[5.52184,51.13784],[5.52219,51.13758],[5.52182,51.13752],[5.52165,51.13717],[5.52199,51.13696],[5.5217,51.13644],[5.52125,51.1363],[5.52164,51.13596],[5.52116,51.13589],[5.52136,51.13549],[5.52047,51.13552],[5.52029,51.13501],[5.5194,51.13508],[5.51933,51.13494],[5.51813,51.13459],[5.51752,51.13432],[5.51668,51.13411],[5.5164,51.13425],[5.51568,51.13403],[5.51507,51.13362],[5.51282,51.13305],[5.51159,51.13264],[5.51012,51.13169],[5.51032,51.13147],[5.51004,51.13103],[5.51164,51.13016],[5.5122,51.13001],[5.51532,51.12969],[5.51821,51.12936],[5.51732,51.12781],[5.5168,51.12784],[5.51488,51.12739],[5.51283,51.12664],[5.51303,51.1263],[5.51552,51.1246],[5.5151,51.12456],[5.51369,51.12389],[5.51296,51.12367],[5.51289,51.12329],[5.5121,51.12288],[5.51116,51.12266],[5.51078,51.12219],[5.51027,51.12208],[5.50936,51.12095],[5.50956,51.12057],[5.50854,51.12022],[5.50834,51.11963],[5.50766,51.11978],[5.50675,51.11977],[5.50633,51.11964],[5.50553,51.11966],[5.50394,51.11914],[5.50389,51.11904],[5.50263,51.11867],[5.5019,51.11865],[5.50121,51.1183],[5.50033,51.1177],[5.49958,51.11754],[5.49779,51.11682],[5.49679,51.1163],[5.49649,51.1164],[5.49334,51.11512],[5.49128,51.11448],[5.49058,51.11366],[5.49002,51.11334],[5.48972,51.11358],[5.48495,51.11071],[5.48354,51.10968],[5.48097,51.10811],[5.47959,51.10737],[5.47728,51.10638],[5.47573,51.10597],[5.47506,51.10478],[5.47556,51.1033],[5.47523,51.10234],[5.47516,51.10162],[5.47474,51.1014],[5.47424,51.10072],[5.4742,51.10031],[5.47455,51.10003],[5.47535,51.09979],[5.4763,51.09928],[5.47636,51.09895],[5.47699,51.09744],[5.47704,51.0969],[5.47748,51.09631],[5.47815,51.09597],[5.47833,51.09513],[5.47905,51.09445],[5.47947,51.09384],[5.48283,51.09281],[5.48378,51.09087],[5.48191,51.08728],[5.48159,51.08675],[5.48219,51.08598],[5.48486,51.08292],[5.48464,51.08104],[5.48323,51.06982],[5.48236,51.06212],[5.48119,51.06186],[5.46924,51.05873],[5.4544,51.05499],[5.45438,51.05493],[5.46733,51.04395],[5.47528,51.03742],[5.47948,51.03689],[5.49207,51.03542],[5.50055,51.0344],[5.50436,51.03393],[5.50712,51.03365],[5.50715,51.03358],[5.50937,51.03331],[5.50908,51.03161],[5.50875,51.03014],[5.51789,51.03005],[5.52182,51.0295],[5.52217,51.02952],[5.51828,51.01881],[5.52436,51.01883],[5.5289,51.01888],[5.52893,51.01895],[5.54503,51.02053],[5.54503,51.02049],[5.55759,51.02175],[5.56246,51.02223],[5.56275,51.02223],[5.56684,51.02259],[5.57154,51.02359],[5.57302,51.02328],[5.58085,51.02139],[5.58132,51.02134],[5.5868,51.02008],[5.58883,51.01927],[5.58996,51.01877],[5.59047,51.01893],[5.59165,51.01986],[5.59211,51.01985],[5.59243,51.0202],[5.59335,51.02052],[5.59365,51.02098],[5.59424,51.0208],[5.59439,51.02113],[5.59486,51.02131],[5.59535,51.02198],[5.5959,51.02233],[5.59584,51.02294],[5.5963,51.02316],[5.59631,51.02339],[5.5968,51.02328],[5.59679,51.02363],[5.59745,51.02408],[5.5978,51.02446],[5.59843,51.02458],[5.59879,51.02516],[5.59902,51.02514],[5.5987,51.02593],[5.6003,51.02641],[5.60069,51.02663],[5.6008,51.02705],[5.60141,51.02785],[5.60214,51.02804],[5.60264,51.0284],[5.60312,51.02914],[5.60279,51.0296],[5.60317,51.02972],[5.60358,51.03041],[5.60324,51.03071],[5.60368,51.03077],[5.6036,51.03132],[5.60446,51.032],[5.60438,51.03264],[5.60404,51.03284],[5.60428,51.03318],[5.6041,51.03339],[5.60476,51.03372],[5.60467,51.03452],[5.60438,51.03502],[5.60513,51.03497],[5.60477,51.03515],[5.60496,51.0358],[5.60552,51.03601],[5.60592,51.03674],[5.60655,51.03686],[5.60663,51.0371],[5.60734,51.03746]]]}},{"type":"Feature","id":"72043","bbox":[5.320141,51.164261,5.529057,51.276399],"properties":{"nis":"72043","name":"Pelt","nameNl":"Pelt","nameFr":"Pelt","nameDe":"Pelt","province":"limburg","region":"flanders","areaKm2":83.48},"geometry":{"type":"Polygon","coordinates":[[[5.43839,51.27606],[5.43771,51.27603],[5.43612,51.2764],[5.4333,51.27633],[5.42564,51.26925],[5.41741,51.26228],[5.41626,51.26128],[5.41326,51.2588],[5.41027,51.25624],[5.40891,51.25502],[5.40406,51.25079],[5.40253,51.24951],[5.39578,51.2437],[5.39345,51.24173],[5.39141,51.24014],[5.38886,51.23801],[5.38853,51.23754],[5.3874,51.23659],[5.38504,51.23472],[5.37868,51.22926],[5.37766,51.22843],[5.37274,51.22422],[5.37151,51.22314],[5.36696,51.21927],[5.36514,51.21778],[5.36279,51.21575],[5.36146,51.21471],[5.36007,51.21342],[5.35976,51.21325],[5.3555,51.20952],[5.35091,51.20541],[5.34728,51.20238],[5.34003,51.19666],[5.33387,51.19182],[5.33182,51.19028],[5.3284,51.1876],[5.32841,51.18755],[5.3223,51.18279],[5.32193,51.18262],[5.32014,51.18123],[5.32814,51.17779],[5.33137,51.17637],[5.33231,51.17601],[5.34257,51.17829],[5.34314,51.17839],[5.34706,51.1793],[5.35703,51.18146],[5.35883,51.18189],[5.36388,51.18083],[5.37328,51.17884],[5.37772,51.17792],[5.38045,51.17741],[5.38338,51.17678],[5.38422,51.17556],[5.38529,51.17372],[5.38581,51.17369],[5.38598,51.17336],[5.38586,51.17264],[5.38602,51.17224],[5.38538,51.17221],[5.38542,51.17179],[5.38583,51.17077],[5.38654,51.17004],[5.38634,51.16991],[5.38843,51.16891],[5.39023,51.16819],[5.39201,51.16724],[5.39297,51.16696],[5.39474,51.16445],[5.39497,51.16436],[5.39633,51.16485],[5.3978,51.16644],[5.39892,51.16773],[5.3994,51.16859],[5.40007,51.17071],[5.40279,51.16998],[5.40292,51.16991],[5.4047,51.16737],[5.40788,51.16767],[5.40759,51.16629],[5.40812,51.16645],[5.40795,51.16572],[5.40888,51.16554],[5.40822,51.16496],[5.40989,51.16426],[5.41137,51.16563],[5.41264,51.16662],[5.41479,51.16879],[5.41545,51.16933],[5.41734,51.1705],[5.41794,51.17127],[5.41868,51.172],[5.41929,51.17247],[5.42039,51.17299],[5.42171,51.17295],[5.42574,51.17325],[5.42617,51.17247],[5.42806,51.1728],[5.42915,51.1728],[5.42933,51.1729],[5.43049,51.17226],[5.4325,51.17186],[5.43376,51.1718],[5.43403,51.17119],[5.43537,51.17055],[5.43622,51.17028],[5.43618,51.17041],[5.43699,51.17069],[5.43718,51.17094],[5.43748,51.17238],[5.4381,51.17454],[5.43794,51.17527],[5.43717,51.17669],[5.43706,51.17787],[5.43735,51.18019],[5.43767,51.18112],[5.4376,51.18204],[5.43831,51.18209],[5.4383,51.18224],[5.43931,51.18234],[5.4395,51.18258],[5.44266,51.18437],[5.4462,51.18629],[5.44685,51.18655],[5.45368,51.18801],[5.45373,51.18794],[5.45891,51.189],[5.46165,51.1895],[5.46614,51.18912],[5.46612,51.18905],[5.47011,51.18872],[5.47023,51.18878],[5.47687,51.18825],[5.47744,51.18822],[5.47775,51.18851],[5.47913,51.18943],[5.47982,51.1898],[5.48198,51.19057],[5.48339,51.19124],[5.4842,51.19228],[5.4852,51.19315],[5.48536,51.19347],[5.48613,51.19428],[5.48628,51.19498],[5.48625,51.19617],[5.48692,51.197],[5.48735,51.19778],[5.48825,51.19861],[5.48802,51.19943],[5.4886,51.20036],[5.48917,51.20077],[5.48946,51.20193],[5.48951,51.20289],[5.48913,51.204],[5.48934,51.20466],[5.48986,51.20531],[5.49041,51.20623],[5.49125,51.20605],[5.49469,51.20674],[5.4965,51.20672],[5.49737,51.2071],[5.49833,51.2072],[5.49921,51.20787],[5.49847,51.21097],[5.49797,51.21341],[5.51143,51.21335],[5.52069,51.21104],[5.52319,51.21376],[5.52392,51.21435],[5.52462,51.2147],[5.52345,51.21572],[5.52706,51.21991],[5.52524,51.22135],[5.52906,51.2227],[5.52819,51.22351],[5.52692,51.22305],[5.52615,51.22358],[5.52646,51.22381],[5.52389,51.22575],[5.52389,51.22579],[5.52102,51.22796],[5.52087,51.22794],[5.52002,51.22864],[5.51881,51.23036],[5.51535,51.23045],[5.51528,51.23049],[5.5091,51.23565],[5.50449,51.23948],[5.50094,51.24522],[5.49642,51.24434],[5.47358,51.23995],[5.4704,51.23952],[5.46986,51.23925],[5.46774,51.23882],[5.46757,51.23973],[5.46647,51.24068],[5.46638,51.24102],[5.46644,51.24227],[5.46685,51.24422],[5.46733,51.24617],[5.46772,51.24714],[5.46802,51.2476],[5.46829,51.24921],[5.46819,51.24977],[5.46773,51.25075],[5.46791,51.25281],[5.46775,51.25407],[5.46776,51.25487],[5.46589,51.25565],[5.46476,51.25642],[5.46375,51.25679],[5.46152,51.25802],[5.46066,51.25836],[5.45507,51.26157],[5.4509,51.26541],[5.45074,51.26551],[5.44528,51.27045],[5.44531,51.27053],[5.44291,51.27271],[5.44282,51.27271],[5.44082,51.27452],[5.43839,51.27606]]]}},{"type":"Feature","id":"73001","bbox":[5.242123,50.853666,5.352005,50.910384],"properties":{"nis":"73001","name":"Alken","nameNl":"Alken","nameFr":"Alken","nameDe":"Alken","province":"limburg","region":"flanders","areaKm2":28.13},"geometry":{"type":"Polygon","coordinates":[[[5.2492,50.89425],[5.25003,50.89329],[5.2511,50.89296],[5.25159,50.89297],[5.25307,50.89269],[5.25377,50.89272],[5.25516,50.89294],[5.25642,50.89272],[5.25783,50.89296],[5.25932,50.89247],[5.25995,50.89216],[5.26124,50.89204],[5.26208,50.89222],[5.2629,50.89211],[5.26359,50.89171],[5.26314,50.89131],[5.26329,50.89121],[5.26246,50.89092],[5.26246,50.89046],[5.2616,50.88943],[5.26201,50.88867],[5.26243,50.88849],[5.26213,50.88814],[5.26234,50.88797],[5.26134,50.88762],[5.2609,50.88706],[5.26059,50.88639],[5.25999,50.88618],[5.25946,50.8857],[5.25823,50.88562],[5.25719,50.88498],[5.25676,50.88453],[5.25613,50.88471],[5.25505,50.88389],[5.25331,50.88327],[5.25339,50.88314],[5.25251,50.88281],[5.25125,50.88219],[5.2511,50.88202],[5.24997,50.88153],[5.24966,50.88072],[5.24875,50.88018],[5.24889,50.87921],[5.24875,50.87653],[5.24974,50.87631],[5.24979,50.87619],[5.24877,50.87494],[5.24826,50.87529],[5.2479,50.87472],[5.2471,50.87426],[5.24587,50.87395],[5.24506,50.8735],[5.24507,50.8729],[5.24481,50.87201],[5.24445,50.8716],[5.24359,50.87033],[5.24343,50.8697],[5.24349,50.86866],[5.24212,50.86798],[5.24273,50.86703],[5.24375,50.86765],[5.24395,50.86703],[5.24459,50.8666],[5.24571,50.86556],[5.2461,50.86568],[5.24823,50.86387],[5.25024,50.86303],[5.25146,50.8624],[5.25266,50.86146],[5.25406,50.85974],[5.2557,50.85883],[5.2573,50.85813],[5.25867,50.85808],[5.25968,50.85764],[5.2601,50.85735],[5.26099,50.85639],[5.26176,50.85569],[5.2636,50.85467],[5.26478,50.85435],[5.26483,50.85449],[5.26611,50.85444],[5.26847,50.85408],[5.27026,50.85392],[5.27325,50.8539],[5.27449,50.85397],[5.27612,50.85388],[5.283,50.85367],[5.28397,50.85384],[5.28678,50.85407],[5.28773,50.85443],[5.29062,50.85504],[5.29224,50.8551],[5.29232,50.85499],[5.29478,50.85554],[5.29513,50.85495],[5.29593,50.85517],[5.29583,50.85547],[5.29719,50.85577],[5.30065,50.85602],[5.30143,50.8564],[5.30257,50.85717],[5.3041,50.85769],[5.30535,50.85796],[5.3067,50.85808],[5.30725,50.85836],[5.30769,50.85882],[5.30876,50.85927],[5.30932,50.85971],[5.30978,50.85982],[5.31021,50.86021],[5.31051,50.86076],[5.3103,50.86092],[5.31111,50.86196],[5.31201,50.86247],[5.31249,50.86385],[5.31541,50.86531],[5.31724,50.86566],[5.31899,50.86582],[5.3224,50.86606],[5.32347,50.86609],[5.32433,50.86599],[5.32515,50.86613],[5.32546,50.86606],[5.32665,50.86617],[5.32863,50.8665],[5.32896,50.86663],[5.33032,50.86628],[5.33162,50.86627],[5.33247,50.86644],[5.33366,50.8665],[5.33433,50.86681],[5.33574,50.86703],[5.33656,50.86694],[5.33711,50.86707],[5.3402,50.86667],[5.34285,50.86693],[5.34631,50.86662],[5.34814,50.86676],[5.35089,50.86727],[5.35201,50.86756],[5.35121,50.86955],[5.35094,50.87113],[5.35069,50.872],[5.34946,50.87483],[5.34874,50.87583],[5.34712,50.8776],[5.34694,50.8781],[5.34692,50.87962],[5.34708,50.88154],[5.34701,50.8816],[5.34719,50.88389],[5.34673,50.885],[5.34567,50.88492],[5.34563,50.8852],[5.34663,50.88528],[5.34643,50.88581],[5.34365,50.88566],[5.34314,50.88571],[5.34259,50.88601],[5.34082,50.88579],[5.34054,50.88586],[5.33951,50.88573],[5.33948,50.88621],[5.33883,50.88638],[5.33794,50.88621],[5.3367,50.88702],[5.33624,50.88716],[5.33471,50.88711],[5.33382,50.88683],[5.33359,50.88632],[5.33203,50.88661],[5.33106,50.88659],[5.33027,50.88669],[5.32964,50.88691],[5.3289,50.88662],[5.32831,50.88658],[5.32732,50.88677],[5.32643,50.88718],[5.3259,50.88706],[5.32615,50.88775],[5.32193,50.88843],[5.32132,50.8883],[5.31997,50.8889],[5.31926,50.88883],[5.31809,50.88901],[5.31754,50.88941],[5.3176,50.88958],[5.3169,50.88964],[5.31677,50.88991],[5.31578,50.89038],[5.31508,50.89104],[5.31451,50.89096],[5.31402,50.8913],[5.31352,50.89139],[5.3127,50.89207],[5.31203,50.89216],[5.3123,50.89233],[5.31162,50.89287],[5.31169,50.89324],[5.31137,50.89326],[5.31089,50.89391],[5.3111,50.89423],[5.31017,50.89443],[5.31013,50.8948],[5.30958,50.89522],[5.30882,50.89531],[5.3084,50.89573],[5.30693,50.89651],[5.30637,50.89673],[5.30586,50.89655],[5.30569,50.89681],[5.30486,50.89672],[5.30385,50.89712],[5.30328,50.89709],[5.30232,50.89757],[5.30181,50.8975],[5.30115,50.89763],[5.30097,50.89802],[5.29992,50.89758],[5.29933,50.89776],[5.29846,50.89775],[5.29838,50.89753],[5.29748,50.89816],[5.29692,50.89838],[5.29563,50.89794],[5.29535,50.89834],[5.29414,50.89793],[5.29346,50.89796],[5.29347,50.89745],[5.29291,50.89802],[5.29162,50.89813],[5.28938,50.89901],[5.2886,50.89923],[5.28712,50.89887],[5.2867,50.89928],[5.28675,50.89952],[5.28633,50.89985],[5.28658,50.90012],[5.2859,50.90044],[5.28514,50.90016],[5.28469,50.90038],[5.28435,50.90084],[5.28357,50.90102],[5.28321,50.90149],[5.28263,50.90149],[5.28278,50.9022],[5.28216,50.90259],[5.28207,50.90283],[5.28331,50.90324],[5.28386,50.90317],[5.28407,50.90345],[5.28376,50.9041],[5.28345,50.90429],[5.28388,50.90478],[5.28317,50.90511],[5.28292,50.90556],[5.28226,50.90575],[5.28224,50.90603],[5.28181,50.90619],[5.28187,50.90681],[5.28112,50.90715],[5.28104,50.90741],[5.28039,50.90731],[5.27969,50.90738],[5.2793,50.90812],[5.27854,50.90851],[5.27807,50.90852],[5.27736,50.90953],[5.27733,50.90986],[5.27692,50.90993],[5.27595,50.90977],[5.27495,50.91034],[5.2744,50.91015],[5.27316,50.91029],[5.27254,50.9099],[5.27147,50.90943],[5.27042,50.90842],[5.26966,50.90784],[5.26928,50.90801],[5.2684,50.90787],[5.26754,50.90785],[5.26668,50.9069],[5.26657,50.90658],[5.2661,50.90647],[5.26614,50.90618],[5.26576,50.90611],[5.26491,50.90561],[5.26409,50.90555],[5.26417,50.90525],[5.26317,50.90497],[5.26249,50.90497],[5.26232,50.90453],[5.26161,50.90456],[5.26013,50.90438],[5.25968,50.90409],[5.25852,50.90406],[5.25637,50.90354],[5.25581,50.90349],[5.25464,50.90308],[5.254,50.90255],[5.2535,50.90249],[5.25336,50.90223],[5.25253,50.90216],[5.25175,50.9019],[5.25048,50.9011],[5.24952,50.90026],[5.24918,50.8996],[5.24941,50.89908],[5.24955,50.89756],[5.24912,50.89459],[5.2492,50.89425]]]}},{"type":"Feature","id":"73022","bbox":[5.234356,50.7151,5.402205,50.791873],"properties":{"nis":"73022","name":"Heers","nameNl":"Heers","nameFr":"Heers","nameDe":"Heers","province":"limburg","region":"flanders","areaKm2":52.88},"geometry":{"type":"Polygon","coordinates":[[[5.27963,50.79187],[5.27994,50.79096],[5.27999,50.79025],[5.28032,50.78956],[5.28139,50.78909],[5.2821,50.78851],[5.28228,50.78764],[5.28242,50.78631],[5.28491,50.78479],[5.28498,50.78457],[5.286,50.78389],[5.28661,50.78333],[5.28646,50.78309],[5.2868,50.78289],[5.28667,50.78215],[5.2868,50.78177],[5.28655,50.78118],[5.28667,50.78092],[5.28627,50.7804],[5.28629,50.77987],[5.2857,50.77916],[5.28465,50.77876],[5.28259,50.77919],[5.28229,50.77917],[5.27883,50.77842],[5.27466,50.7772],[5.27442,50.77742],[5.27302,50.77677],[5.27265,50.77703],[5.27208,50.7768],[5.2693,50.77606],[5.26784,50.77602],[5.26691,50.77582],[5.26594,50.77509],[5.26848,50.77452],[5.26997,50.77409],[5.27013,50.77431],[5.27078,50.77407],[5.27239,50.77393],[5.27256,50.77378],[5.27145,50.77315],[5.26884,50.77081],[5.26743,50.77055],[5.26801,50.77032],[5.26957,50.76998],[5.26997,50.77038],[5.27037,50.77033],[5.27021,50.76975],[5.27053,50.76944],[5.27172,50.76956],[5.27174,50.76805],[5.27108,50.76681],[5.27043,50.76623],[5.2694,50.76551],[5.26882,50.76491],[5.27,50.76428],[5.26931,50.76262],[5.26882,50.76208],[5.26844,50.7612],[5.26774,50.76011],[5.26777,50.75959],[5.26705,50.75794],[5.26641,50.75738],[5.26635,50.75707],[5.26716,50.75688],[5.2668,50.75545],[5.26586,50.75546],[5.26687,50.75452],[5.26778,50.7535],[5.26841,50.75317],[5.27077,50.75236],[5.27394,50.75149],[5.27467,50.75119],[5.27605,50.75042],[5.27558,50.75001],[5.27514,50.74935],[5.27462,50.7491],[5.27335,50.74911],[5.27276,50.74991],[5.27246,50.75052],[5.27119,50.74982],[5.26913,50.75],[5.26858,50.74996],[5.26838,50.75201],[5.2673,50.75219],[5.26618,50.75254],[5.26572,50.75299],[5.26407,50.7521],[5.26373,50.7524],[5.2629,50.75282],[5.26059,50.75208],[5.25933,50.75133],[5.25889,50.75095],[5.25802,50.74973],[5.25744,50.74972],[5.25636,50.75018],[5.25673,50.75073],[5.25562,50.75119],[5.25461,50.75041],[5.25429,50.75059],[5.25326,50.74983],[5.25226,50.75042],[5.25203,50.75025],[5.25157,50.75058],[5.25109,50.75023],[5.25058,50.75055],[5.24955,50.74993],[5.24907,50.75031],[5.24813,50.74986],[5.24726,50.75029],[5.24697,50.75001],[5.24561,50.7492],[5.24465,50.74997],[5.24366,50.74936],[5.24321,50.74964],[5.24249,50.74924],[5.24227,50.74939],[5.24152,50.74889],[5.24339,50.74767],[5.24293,50.74726],[5.24396,50.74694],[5.24316,50.74621],[5.24345,50.74608],[5.24245,50.74513],[5.24345,50.74462],[5.24251,50.74407],[5.24301,50.74377],[5.24197,50.74284],[5.24113,50.74327],[5.24039,50.74269],[5.23978,50.74205],[5.24138,50.74138],[5.24099,50.74095],[5.24044,50.74106],[5.23955,50.7396],[5.24011,50.73943],[5.2383,50.73827],[5.23868,50.73782],[5.23698,50.73613],[5.23742,50.73524],[5.23436,50.73507],[5.23493,50.73297],[5.2353,50.73235],[5.23592,50.73098],[5.23629,50.72975],[5.23635,50.72909],[5.2367,50.72768],[5.23691,50.72722],[5.23733,50.72659],[5.23746,50.72537],[5.23798,50.72401],[5.23883,50.72284],[5.23871,50.72231],[5.2381,50.72171],[5.23806,50.72143],[5.23896,50.7199],[5.24021,50.71856],[5.24065,50.71743],[5.24113,50.71672],[5.24305,50.71677],[5.24383,50.71668],[5.24506,50.71639],[5.24589,50.71628],[5.24857,50.71619],[5.24993,50.71601],[5.2525,50.71554],[5.2557,50.71512],[5.25745,50.71512],[5.25758,50.71584],[5.25868,50.71609],[5.25953,50.71645],[5.26013,50.71651],[5.26016,50.71632],[5.26162,50.71641],[5.26159,50.71658],[5.26329,50.71694],[5.26508,50.7177],[5.26402,50.71794],[5.26477,50.71847],[5.26409,50.71877],[5.2649,50.71946],[5.26444,50.71963],[5.26606,50.72065],[5.26623,50.72054],[5.26718,50.72098],[5.26681,50.72128],[5.26879,50.72242],[5.2686,50.72268],[5.27031,50.72277],[5.27034,50.7246],[5.26998,50.7257],[5.27318,50.72603],[5.27399,50.72623],[5.27438,50.72682],[5.27513,50.72765],[5.27543,50.72781],[5.27593,50.72742],[5.27631,50.72769],[5.27631,50.72903],[5.2817,50.72752],[5.28134,50.72725],[5.2826,50.72677],[5.2825,50.72669],[5.28343,50.72632],[5.28301,50.7259],[5.28479,50.72528],[5.28433,50.72475],[5.2865,50.72409],[5.28708,50.72482],[5.28823,50.72464],[5.28903,50.72506],[5.28975,50.72455],[5.29122,50.72519],[5.29197,50.72383],[5.29427,50.7243],[5.29523,50.72297],[5.29651,50.72358],[5.29706,50.72295],[5.29808,50.72208],[5.29728,50.72165],[5.29787,50.72121],[5.29924,50.72192],[5.30066,50.72061],[5.29962,50.72008],[5.30087,50.71886],[5.30075,50.71881],[5.30137,50.71799],[5.30164,50.71806],[5.3039,50.71594],[5.30422,50.71626],[5.30404,50.71644],[5.30475,50.71682],[5.30587,50.71722],[5.30611,50.71798],[5.307,50.7181],[5.30698,50.71762],[5.30729,50.71742],[5.30775,50.71757],[5.30765,50.71791],[5.30804,50.71821],[5.3091,50.71802],[5.30946,50.71815],[5.31031,50.71917],[5.30989,50.7195],[5.30904,50.72048],[5.31005,50.7211],[5.30842,50.72299],[5.30872,50.7231],[5.30809,50.72381],[5.30941,50.72448],[5.30987,50.72527],[5.31125,50.7264],[5.31385,50.72925],[5.31625,50.72825],[5.325,50.73224],[5.33321,50.73529],[5.33369,50.73548],[5.3373,50.7378],[5.33742,50.73785],[5.3435,50.74192],[5.35029,50.74639],[5.36803,50.74697],[5.36876,50.74657],[5.37004,50.74667],[5.37186,50.74616],[5.37349,50.74488],[5.37475,50.74373],[5.37522,50.74276],[5.37605,50.74204],[5.38243,50.74512],[5.38818,50.74737],[5.38959,50.74797],[5.38898,50.74876],[5.39064,50.74927],[5.39025,50.74971],[5.39138,50.75007],[5.39131,50.75014],[5.39258,50.75063],[5.39307,50.75007],[5.39216,50.74973],[5.39256,50.7494],[5.39485,50.7504],[5.39402,50.75127],[5.39345,50.75154],[5.39372,50.75195],[5.39426,50.75222],[5.39654,50.753],[5.39827,50.75389],[5.39801,50.75411],[5.39985,50.75488],[5.39948,50.75515],[5.40074,50.75566],[5.40153,50.75611],[5.40029,50.75674],[5.39961,50.75624],[5.39837,50.75692],[5.39895,50.75734],[5.39811,50.75771],[5.39913,50.75873],[5.39901,50.75878],[5.39988,50.75958],[5.39953,50.75975],[5.39992,50.76005],[5.40001,50.76046],[5.40049,50.76089],[5.40031,50.76231],[5.40107,50.76319],[5.40133,50.76306],[5.4022,50.76377],[5.40182,50.76412],[5.40117,50.7644],[5.40048,50.76449],[5.4003,50.76353],[5.39984,50.76399],[5.39877,50.76348],[5.3979,50.76428],[5.39871,50.76481],[5.3986,50.76526],[5.39824,50.76526],[5.39754,50.76482],[5.39768,50.76471],[5.39686,50.76421],[5.39578,50.76508],[5.3954,50.7649],[5.39454,50.76542],[5.39426,50.76534],[5.39384,50.76559],[5.39255,50.76605],[5.3918,50.76654],[5.39263,50.76713],[5.39179,50.76782],[5.39256,50.76814],[5.39215,50.7685],[5.39172,50.76827],[5.39043,50.76924],[5.38905,50.77001],[5.3845,50.76975],[5.38085,50.76946],[5.38047,50.77006],[5.37879,50.77418],[5.37807,50.77468],[5.37381,50.77828],[5.3734,50.77851],[5.37141,50.77988],[5.36847,50.78159],[5.36746,50.7824],[5.36631,50.78312],[5.36162,50.78512],[5.36108,50.78523],[5.36109,50.78478],[5.36147,50.78327],[5.35954,50.78269],[5.3597,50.78212],[5.35905,50.7807],[5.3597,50.78023],[5.36003,50.77979],[5.35816,50.77967],[5.35615,50.77927],[5.35476,50.7791],[5.35026,50.77903],[5.35024,50.77875],[5.34863,50.77852],[5.34815,50.77944],[5.34747,50.77922],[5.34701,50.77884],[5.34481,50.77765],[5.34367,50.77715],[5.34383,50.77693],[5.34123,50.7763],[5.34086,50.77539],[5.33943,50.77499],[5.33727,50.77422],[5.33715,50.77431],[5.33705,50.77537],[5.33661,50.77566],[5.33631,50.77629],[5.33517,50.77711],[5.33375,50.77872],[5.33357,50.77916],[5.3329,50.77965],[5.33102,50.7801],[5.33026,50.78046],[5.3302,50.7807],[5.32944,50.78118],[5.33013,50.78162],[5.32978,50.78192],[5.32804,50.78296],[5.3277,50.78273],[5.32638,50.78283],[5.32474,50.78309],[5.3239,50.78366],[5.32263,50.7848],[5.32187,50.78501],[5.32155,50.78537],[5.32063,50.78596],[5.31968,50.78636],[5.31846,50.78699],[5.31796,50.78687],[5.31816,50.78658],[5.31731,50.78598],[5.31715,50.78606],[5.316,50.78496],[5.31306,50.78617],[5.31255,50.7857],[5.31103,50.78631],[5.31022,50.78533],[5.31141,50.78471],[5.31172,50.78494],[5.31246,50.78458],[5.31192,50.78413],[5.3116,50.78429],[5.31087,50.78368],[5.31021,50.78397],[5.30922,50.78316],[5.30865,50.78348],[5.30799,50.78285],[5.30621,50.78381],[5.30641,50.78394],[5.30445,50.78516],[5.30429,50.78504],[5.30337,50.78552],[5.30428,50.78626],[5.30343,50.78671],[5.30166,50.78739],[5.30009,50.78825],[5.29919,50.78928],[5.29818,50.78906],[5.29774,50.79043],[5.2973,50.79037],[5.29686,50.79102],[5.29568,50.79104],[5.29565,50.79131],[5.28862,50.79147],[5.28794,50.79153],[5.28264,50.79171],[5.27963,50.79187]]]}},{"type":"Feature","id":"73028","bbox":[5.415437,50.718107,5.436275,50.735432],"properties":{"nis":"73028","name":"Herstappe","nameNl":"Herstappe","nameFr":"Herstappe","nameDe":"Herstappe","province":"limburg","region":"flanders","areaKm2":1.34},"geometry":{"type":"Polygon","coordinates":[[[5.43582,50.72209],[5.43628,50.72256],[5.43524,50.72306],[5.43518,50.7226],[5.43231,50.72436],[5.43276,50.72464],[5.43195,50.72528],[5.43219,50.72531],[5.432,50.72609],[5.43068,50.72842],[5.4306,50.72864],[5.43081,50.73132],[5.43033,50.73158],[5.43106,50.73199],[5.42975,50.73263],[5.4266,50.73331],[5.42696,50.7342],[5.42619,50.73437],[5.42634,50.73469],[5.42439,50.73543],[5.42379,50.73481],[5.42353,50.73429],[5.41628,50.72282],[5.41544,50.72148],[5.41677,50.72102],[5.41642,50.7207],[5.42057,50.71902],[5.42198,50.71999],[5.4216,50.72023],[5.42194,50.72047],[5.423,50.71991],[5.42515,50.72138],[5.4275,50.72273],[5.42809,50.72318],[5.42999,50.72173],[5.4314,50.72045],[5.43174,50.71972],[5.43189,50.71905],[5.43235,50.71811],[5.43524,50.72118],[5.435,50.72132],[5.43567,50.72219],[5.43582,50.72209]]]}},{"type":"Feature","id":"73042","bbox":[5.570531,50.83325,5.724546,50.944525],"properties":{"nis":"73042","name":"Lanaken","nameNl":"Lanaken","nameFr":"Lanaken","nameDe":"Lanaken","province":"limburg","region":"flanders","areaKm2":58.72},"geometry":{"type":"Polygon","coordinates":[[[5.58841,50.90073],[5.58772,50.89978],[5.58526,50.89922],[5.58429,50.89918],[5.58212,50.89847],[5.58165,50.89846],[5.5787,50.89752],[5.57748,50.89701],[5.57664,50.89616],[5.57638,50.89603],[5.57636,50.89561],[5.57548,50.89486],[5.57501,50.89465],[5.57443,50.89403],[5.57431,50.89357],[5.57377,50.89336],[5.57214,50.89323],[5.57145,50.89336],[5.57053,50.89337],[5.57138,50.89241],[5.57201,50.89277],[5.57275,50.89276],[5.57449,50.89331],[5.57531,50.89329],[5.579,50.89059],[5.57992,50.89013],[5.58032,50.8894],[5.58109,50.88888],[5.58357,50.8887],[5.58482,50.88867],[5.58583,50.88852],[5.58864,50.88842],[5.58923,50.88734],[5.58932,50.88561],[5.58968,50.88418],[5.58967,50.88377],[5.58904,50.88268],[5.58924,50.88186],[5.58939,50.88074],[5.58974,50.88021],[5.59063,50.87932],[5.59133,50.87911],[5.59226,50.87832],[5.59304,50.87621],[5.5929,50.87622],[5.59279,50.875],[5.59324,50.87379],[5.59394,50.87306],[5.59428,50.87255],[5.59339,50.86786],[5.59244,50.86499],[5.59332,50.86474],[5.59386,50.8642],[5.59506,50.86273],[5.59656,50.86117],[5.59729,50.86115],[5.59805,50.86138],[5.59884,50.86137],[5.60187,50.85971],[5.60199,50.85975],[5.60416,50.85879],[5.60643,50.85766],[5.60665,50.85771],[5.60873,50.85746],[5.60963,50.8566],[5.61064,50.85684],[5.61113,50.85639],[5.61185,50.85657],[5.6117,50.85686],[5.6138,50.85718],[5.61457,50.85666],[5.61694,50.85533],[5.61706,50.85543],[5.61911,50.85412],[5.61968,50.85446],[5.62036,50.85428],[5.6206,50.85403],[5.62018,50.85365],[5.62211,50.85159],[5.62337,50.85038],[5.62369,50.84996],[5.62483,50.84797],[5.62503,50.847],[5.62374,50.8467],[5.62402,50.84634],[5.62304,50.84602],[5.62393,50.84481],[5.62241,50.84401],[5.62284,50.84359],[5.61958,50.84213],[5.61833,50.84119],[5.6171,50.84055],[5.61751,50.84022],[5.61729,50.83994],[5.61545,50.83897],[5.61481,50.8387],[5.61635,50.83773],[5.62104,50.83488],[5.6254,50.83568],[5.62755,50.83595],[5.63026,50.83641],[5.63084,50.83575],[5.63388,50.83325],[5.63441,50.83341],[5.63753,50.83468],[5.64033,50.83556],[5.6422,50.83595],[5.64334,50.83633],[5.64491,50.83674],[5.6454,50.83711],[5.64373,50.83794],[5.64534,50.8394],[5.64403,50.83986],[5.64185,50.84079],[5.64279,50.84147],[5.64123,50.84289],[5.64229,50.84309],[5.64046,50.84484],[5.63922,50.84633],[5.63887,50.84768],[5.64077,50.8477],[5.64029,50.84946],[5.64081,50.84955],[5.64271,50.85008],[5.64188,50.85116],[5.64169,50.85254],[5.64034,50.85374],[5.64129,50.85452],[5.64192,50.85524],[5.64351,50.85678],[5.64169,50.85756],[5.64379,50.85888],[5.6418,50.85925],[5.64197,50.85952],[5.64362,50.86048],[5.64228,50.86141],[5.64331,50.86216],[5.64314,50.86224],[5.64401,50.86292],[5.64167,50.86416],[5.6449,50.86586],[5.6473,50.86693],[5.64947,50.86834],[5.64903,50.86866],[5.64796,50.86899],[5.64552,50.87072],[5.64416,50.87135],[5.64685,50.87313],[5.64694,50.87308],[5.64789,50.87371],[5.64855,50.87333],[5.65132,50.87509],[5.65334,50.87398],[5.65447,50.87479],[5.65644,50.87657],[5.6567,50.87638],[5.65699,50.87655],[5.65728,50.87631],[5.65791,50.87666],[5.6586,50.87618],[5.66101,50.8774],[5.66066,50.87773],[5.66155,50.8782],[5.66168,50.87866],[5.66392,50.87902],[5.66463,50.87934],[5.66602,50.8798],[5.66762,50.88043],[5.66909,50.88124],[5.66964,50.88182],[5.67198,50.88111],[5.67641,50.88088],[5.67675,50.88054],[5.67935,50.88049],[5.67895,50.88164],[5.6789,50.88256],[5.6791,50.88347],[5.68015,50.88516],[5.68251,50.88852],[5.68359,50.88916],[5.68528,50.8906],[5.68742,50.89171],[5.6888,50.89216],[5.68995,50.89266],[5.69126,50.89312],[5.69234,50.89371],[5.69314,50.89451],[5.6937,50.89535],[5.69442,50.89613],[5.69574,50.89774],[5.69625,50.8986],[5.6963,50.89955],[5.69687,50.90039],[5.69709,50.90129],[5.69718,50.90226],[5.69674,50.90318],[5.69683,50.90406],[5.69657,50.90497],[5.69578,50.9058],[5.69633,50.90678],[5.69625,50.90771],[5.69654,50.90861],[5.69738,50.90948],[5.69826,50.91015],[5.69947,50.91076],[5.70096,50.91099],[5.70342,50.91171],[5.70487,50.91194],[5.70643,50.912],[5.7079,50.91185],[5.70927,50.91159],[5.71056,50.91105],[5.71244,50.90972],[5.7136,50.90914],[5.71468,50.90849],[5.71603,50.90823],[5.71732,50.90809],[5.71892,50.90781],[5.72038,50.90807],[5.72143,50.9088],[5.72278,50.90916],[5.7243,50.91041],[5.72122,50.91136],[5.72337,50.9136],[5.72353,50.91431],[5.72271,50.91436],[5.72168,50.9146],[5.7229,50.91586],[5.7236,50.9167],[5.72389,50.91733],[5.7238,50.918],[5.72455,50.91997],[5.72339,50.91993],[5.71782,50.9205],[5.71634,50.9195],[5.71573,50.91918],[5.71198,50.91669],[5.7034,50.91483],[5.69653,50.91332],[5.69713,50.91383],[5.69914,50.91573],[5.70326,50.91955],[5.70741,50.92348],[5.70882,50.92486],[5.71157,50.92738],[5.71227,50.92837],[5.71249,50.92896],[5.71254,50.93],[5.71186,50.93619],[5.71119,50.936],[5.71028,50.93552],[5.70977,50.93543],[5.70913,50.93509],[5.70711,50.93489],[5.70563,50.93409],[5.7032,50.93508],[5.70041,50.93876],[5.69118,50.93624],[5.69072,50.93609],[5.68696,50.93506],[5.68698,50.93449],[5.68769,50.9338],[5.68841,50.93345],[5.68197,50.93318],[5.68168,50.93443],[5.68041,50.93473],[5.67858,50.93499],[5.67861,50.93512],[5.67729,50.93543],[5.66877,50.9366],[5.66793,50.93743],[5.66573,50.93695],[5.66153,50.93754],[5.66144,50.93762],[5.6623,50.93827],[5.66143,50.93843],[5.66171,50.9402],[5.64633,50.94127],[5.64083,50.94219],[5.63883,50.9425],[5.63788,50.94326],[5.63778,50.9439],[5.63675,50.94408],[5.63196,50.94453],[5.62768,50.94288],[5.61621,50.93863],[5.60426,50.93445],[5.60433,50.93364],[5.60405,50.93353],[5.60475,50.9303],[5.60552,50.92618],[5.60542,50.92615],[5.60569,50.92458],[5.60713,50.9216],[5.60843,50.92006],[5.60943,50.91789],[5.60932,50.91786],[5.61122,50.91133],[5.61146,50.91032],[5.61146,50.90816],[5.61162,50.90588],[5.61177,50.90309],[5.61171,50.90275],[5.61257,50.90047],[5.61371,50.89792],[5.60784,50.89669],[5.60312,50.89535],[5.60267,50.89526],[5.60027,50.89508],[5.59919,50.89507],[5.59805,50.89524],[5.5962,50.89636],[5.59435,50.89742],[5.59266,50.89848],[5.58856,50.90076],[5.58841,50.90073]]]}},{"type":"Feature","id":"73066","bbox":[5.513576,50.763557,5.68816,50.843387],"properties":{"nis":"73066","name":"Riemst","nameNl":"Riemst","nameFr":"Riemst","nameDe":"Riemst","province":"limburg","region":"flanders","areaKm2":57.86},"geometry":{"type":"Polygon","coordinates":[[[5.55296,50.76401],[5.5546,50.76367],[5.55576,50.76356],[5.55605,50.76386],[5.55652,50.76481],[5.55773,50.76445],[5.559,50.76424],[5.55911,50.76442],[5.56022,50.76415],[5.56131,50.76399],[5.56137,50.76415],[5.56236,50.76404],[5.56242,50.76433],[5.56357,50.76429],[5.56355,50.76405],[5.56534,50.76403],[5.56529,50.7638],[5.56603,50.76377],[5.56606,50.76394],[5.56727,50.76415],[5.56898,50.76424],[5.56992,50.76415],[5.56963,50.76484],[5.57009,50.76649],[5.57079,50.76719],[5.57159,50.76688],[5.57171,50.76745],[5.5725,50.76735],[5.57227,50.76823],[5.57265,50.7691],[5.57202,50.76926],[5.57215,50.76952],[5.57277,50.76937],[5.57341,50.77093],[5.57407,50.77094],[5.57442,50.7715],[5.57544,50.7717],[5.57712,50.77181],[5.57848,50.77198],[5.58031,50.77315],[5.58083,50.77284],[5.58177,50.77249],[5.58344,50.77199],[5.58405,50.7717],[5.5838,50.7714],[5.5848,50.77102],[5.58526,50.77142],[5.58566,50.7712],[5.58641,50.7718],[5.58731,50.77232],[5.58803,50.77168],[5.58899,50.7722],[5.58926,50.77171],[5.59001,50.77108],[5.59155,50.77002],[5.59291,50.77064],[5.59203,50.77137],[5.59218,50.77145],[5.59064,50.77261],[5.59139,50.77311],[5.59117,50.7733],[5.59207,50.77373],[5.59334,50.77398],[5.5945,50.7731],[5.59439,50.77344],[5.59791,50.77485],[5.60266,50.77672],[5.60378,50.77571],[5.60437,50.77618],[5.60585,50.77718],[5.60639,50.77687],[5.60699,50.77718],[5.61022,50.77514],[5.61056,50.77534],[5.60909,50.77677],[5.61006,50.77741],[5.60875,50.77826],[5.60792,50.77779],[5.60636,50.77906],[5.6077,50.77963],[5.61039,50.78108],[5.61075,50.78088],[5.61241,50.78222],[5.61572,50.78423],[5.61678,50.7837],[5.6169,50.784],[5.61858,50.78316],[5.6192,50.78366],[5.62003,50.7832],[5.62043,50.78369],[5.62379,50.78222],[5.62434,50.78312],[5.62554,50.78294],[5.62681,50.7823],[5.62798,50.78289],[5.62744,50.78321],[5.62838,50.78388],[5.63177,50.78568],[5.63377,50.78584],[5.63622,50.78619],[5.63707,50.78664],[5.63768,50.78731],[5.63794,50.78719],[5.63978,50.78855],[5.64056,50.78922],[5.64322,50.79118],[5.64572,50.79266],[5.64624,50.79304],[5.64774,50.79543],[5.65129,50.79935],[5.65007,50.7998],[5.64987,50.80019],[5.64952,50.80032],[5.65017,50.80106],[5.65005,50.80112],[5.65088,50.80183],[5.65038,50.8022],[5.65095,50.8026],[5.65162,50.80338],[5.65152,50.80342],[5.6532,50.80544],[5.65364,50.8052],[5.65615,50.80498],[5.65632,50.80585],[5.6587,50.80572],[5.65862,50.80542],[5.65991,50.80544],[5.6599,50.8053],[5.66093,50.80537],[5.66568,50.80486],[5.66834,50.80474],[5.66836,50.80501],[5.66965,50.80562],[5.67148,50.80593],[5.67077,50.80733],[5.67301,50.80776],[5.67369,50.80688],[5.67361,50.80662],[5.67386,50.8061],[5.67357,50.80583],[5.67386,50.80553],[5.67381,50.80522],[5.67503,50.80511],[5.67647,50.80525],[5.67625,50.80592],[5.68028,50.80639],[5.68135,50.80592],[5.68366,50.80448],[5.6843,50.8044],[5.68499,50.80404],[5.68594,50.80388],[5.68608,50.80408],[5.68719,50.8041],[5.68741,50.80453],[5.68801,50.80507],[5.68816,50.80586],[5.68811,50.80628],[5.6876,50.80733],[5.68813,50.80786],[5.68787,50.80859],[5.68721,50.80938],[5.6871,50.80993],[5.68788,50.81192],[5.68688,50.81207],[5.68692,50.81231],[5.68599,50.81222],[5.68593,50.81249],[5.68452,50.81283],[5.68427,50.81309],[5.68436,50.81342],[5.68292,50.81313],[5.68221,50.81242],[5.68155,50.81211],[5.68053,50.81206],[5.68004,50.81249],[5.67959,50.81357],[5.67962,50.81411],[5.67942,50.81471],[5.67845,50.81507],[5.67828,50.81647],[5.67475,50.81619],[5.67317,50.816],[5.67293,50.8163],[5.67275,50.81694],[5.67042,50.81709],[5.6699,50.81725],[5.66945,50.81785],[5.66808,50.81774],[5.66794,50.81678],[5.6677,50.81654],[5.66639,50.81683],[5.66673,50.81725],[5.66532,50.81722],[5.66519,50.81704],[5.66427,50.81719],[5.66373,50.81781],[5.66264,50.81818],[5.661,50.81835],[5.65901,50.81848],[5.65696,50.81923],[5.65586,50.81936],[5.65399,50.82008],[5.65523,50.82094],[5.65434,50.82127],[5.65546,50.82215],[5.65646,50.82316],[5.65551,50.8238],[5.65618,50.82429],[5.65302,50.82653],[5.65186,50.82751],[5.64928,50.82636],[5.64885,50.82691],[5.64951,50.82784],[5.64998,50.82835],[5.65033,50.82917],[5.6503,50.82995],[5.65109,50.83097],[5.65138,50.83199],[5.6508,50.83295],[5.65003,50.83389],[5.64833,50.83322],[5.64805,50.83469],[5.64786,50.83514],[5.64721,50.83583],[5.64742,50.83593],[5.64677,50.83638],[5.6454,50.83711],[5.64491,50.83674],[5.64334,50.83633],[5.6422,50.83595],[5.64033,50.83556],[5.63753,50.83468],[5.63441,50.83341],[5.63388,50.83325],[5.63084,50.83575],[5.63026,50.83641],[5.62755,50.83595],[5.6254,50.83568],[5.62104,50.83488],[5.61635,50.83773],[5.61481,50.8387],[5.61233,50.83793],[5.61145,50.83775],[5.61069,50.83813],[5.61021,50.83775],[5.60808,50.83867],[5.60474,50.84029],[5.60272,50.84142],[5.60056,50.84283],[5.60005,50.84339],[5.59889,50.84291],[5.5971,50.84202],[5.59656,50.84254],[5.59558,50.84221],[5.5958,50.84192],[5.59368,50.84142],[5.59416,50.84074],[5.59296,50.84042],[5.5884,50.83937],[5.5886,50.83887],[5.58676,50.83877],[5.58534,50.83822],[5.58491,50.83876],[5.58369,50.8385],[5.5833,50.83919],[5.58137,50.83878],[5.58071,50.83854],[5.58097,50.8382],[5.58058,50.83807],[5.57983,50.8386],[5.57884,50.83823],[5.57913,50.83802],[5.57586,50.83699],[5.57307,50.8372],[5.57161,50.83755],[5.56916,50.83824],[5.569,50.83802],[5.5671,50.83851],[5.56502,50.83876],[5.56524,50.83798],[5.56504,50.83741],[5.56639,50.83758],[5.5672,50.83567],[5.56542,50.83555],[5.56546,50.83523],[5.56731,50.83542],[5.56737,50.83527],[5.56548,50.83508],[5.56574,50.83504],[5.56578,50.83433],[5.56716,50.83441],[5.56723,50.83397],[5.56576,50.83395],[5.56575,50.83279],[5.56529,50.83273],[5.56523,50.83204],[5.56426,50.83164],[5.56362,50.83186],[5.56326,50.83144],[5.56109,50.82985],[5.5623,50.82921],[5.56358,50.82842],[5.56499,50.82764],[5.56582,50.82694],[5.56609,50.82711],[5.56693,50.82645],[5.56871,50.82537],[5.56988,50.8245],[5.5696,50.82441],[5.54733,50.8164],[5.54509,50.81651],[5.54306,50.81714],[5.54214,50.81737],[5.54274,50.81793],[5.54044,50.82017],[5.53943,50.82089],[5.53888,50.82168],[5.53844,50.82129],[5.53827,50.82039],[5.53762,50.8198],[5.53688,50.81949],[5.53611,50.82021],[5.53532,50.82075],[5.5344,50.82125],[5.53295,50.82151],[5.53131,50.82141],[5.52793,50.82081],[5.52618,50.82084],[5.52621,50.82118],[5.52583,50.82123],[5.52517,50.82163],[5.52367,50.82226],[5.52307,50.82264],[5.52284,50.82448],[5.51897,50.82231],[5.51714,50.82153],[5.51595,50.82093],[5.51452,50.82081],[5.51358,50.82111],[5.51444,50.81828],[5.51536,50.81504],[5.51713,50.80947],[5.51817,50.80668],[5.51894,50.80502],[5.52006,50.80302],[5.52061,50.80222],[5.52284,50.79943],[5.52484,50.79749],[5.52596,50.79659],[5.5283,50.79484],[5.53157,50.7927],[5.53418,50.79096],[5.53646,50.78975],[5.53836,50.78848],[5.53931,50.78774],[5.54094,50.7866],[5.54242,50.78569],[5.5407,50.78423],[5.5373,50.78076],[5.53534,50.77857],[5.5337,50.77681],[5.53296,50.77614],[5.53385,50.77579],[5.53592,50.77521],[5.5368,50.77485],[5.54082,50.77276],[5.54322,50.77203],[5.54477,50.77173],[5.54547,50.77144],[5.54688,50.7703],[5.54682,50.77013],[5.5494,50.76862],[5.54952,50.76868],[5.5508,50.76766],[5.55126,50.76771],[5.5506,50.76696],[5.55184,50.76589],[5.55171,50.76499],[5.55236,50.76458],[5.55213,50.7642],[5.55296,50.76401]]]}},{"type":"Feature","id":"73098","bbox":[5.264773,50.811755,5.372255,50.867595],"properties":{"nis":"73098","name":"Wellen","nameNl":"Wellen","nameFr":"Wellen","nameDe":"Wellen","province":"limburg","region":"flanders","areaKm2":26.71},"geometry":{"type":"Polygon","coordinates":[[[5.37226,50.8427],[5.37124,50.8437],[5.37118,50.84472],[5.37143,50.84568],[5.36994,50.84645],[5.36789,50.84716],[5.36681,50.84799],[5.3664,50.84819],[5.36516,50.84932],[5.36419,50.85006],[5.36361,50.85079],[5.36332,50.85172],[5.36247,50.8537],[5.36378,50.85527],[5.36314,50.85615],[5.36196,50.85745],[5.36064,50.85798],[5.35973,50.8589],[5.3594,50.85955],[5.35903,50.86072],[5.35711,50.86104],[5.35541,50.86179],[5.35477,50.86187],[5.3545,50.86253],[5.35499,50.86372],[5.35497,50.86413],[5.35398,50.86546],[5.35246,50.8676],[5.35201,50.86756],[5.35089,50.86727],[5.34814,50.86676],[5.34631,50.86662],[5.34285,50.86693],[5.3402,50.86667],[5.33711,50.86707],[5.33656,50.86694],[5.33574,50.86703],[5.33433,50.86681],[5.33366,50.8665],[5.33247,50.86644],[5.33162,50.86627],[5.33032,50.86628],[5.32896,50.86663],[5.32863,50.8665],[5.32665,50.86617],[5.32546,50.86606],[5.32515,50.86613],[5.32433,50.86599],[5.32347,50.86609],[5.3224,50.86606],[5.31899,50.86582],[5.31724,50.86566],[5.31541,50.86531],[5.31249,50.86385],[5.31201,50.86247],[5.31111,50.86196],[5.3103,50.86092],[5.31051,50.86076],[5.31021,50.86021],[5.30978,50.85982],[5.30932,50.85971],[5.30876,50.85927],[5.30769,50.85882],[5.30725,50.85836],[5.3067,50.85808],[5.30535,50.85796],[5.3041,50.85769],[5.30257,50.85717],[5.30143,50.8564],[5.30065,50.85602],[5.29719,50.85577],[5.29583,50.85547],[5.29593,50.85517],[5.29513,50.85495],[5.29478,50.85554],[5.29232,50.85499],[5.29224,50.8551],[5.29062,50.85504],[5.28773,50.85443],[5.28678,50.85407],[5.28397,50.85384],[5.283,50.85367],[5.27612,50.85388],[5.27449,50.85397],[5.27325,50.8539],[5.27026,50.85392],[5.26847,50.85408],[5.26611,50.85444],[5.26483,50.85449],[5.26478,50.85435],[5.26534,50.85301],[5.26648,50.85082],[5.26679,50.84975],[5.26733,50.84829],[5.26793,50.84783],[5.26843,50.84718],[5.2696,50.84648],[5.26892,50.84625],[5.26911,50.846],[5.26991,50.84634],[5.27025,50.84621],[5.2692,50.84565],[5.26967,50.84536],[5.27005,50.84557],[5.27041,50.84535],[5.26976,50.84501],[5.27108,50.84463],[5.27198,50.84392],[5.27238,50.84405],[5.27263,50.84333],[5.27392,50.84335],[5.27435,50.84263],[5.27476,50.84233],[5.27672,50.84136],[5.27591,50.84091],[5.27657,50.84044],[5.2784,50.83936],[5.28127,50.83759],[5.28229,50.83673],[5.28507,50.83217],[5.28568,50.83146],[5.2867,50.83082],[5.28711,50.83108],[5.28862,50.83183],[5.29034,50.8306],[5.2919,50.83101],[5.29234,50.83136],[5.2936,50.83058],[5.29455,50.83042],[5.29442,50.83032],[5.29525,50.82873],[5.29536,50.82876],[5.29616,50.82707],[5.29633,50.82711],[5.29692,50.82618],[5.29884,50.82363],[5.30289,50.82263],[5.29878,50.82066],[5.30003,50.81982],[5.29813,50.81871],[5.30187,50.81607],[5.30042,50.81574],[5.30183,50.81476],[5.30381,50.81369],[5.30429,50.81331],[5.30404,50.81313],[5.30501,50.81246],[5.3054,50.81232],[5.30618,50.81175],[5.30658,50.8121],[5.30676,50.81286],[5.30715,50.81323],[5.30763,50.81341],[5.30885,50.81486],[5.31028,50.8159],[5.31054,50.81626],[5.31238,50.81742],[5.313,50.81737],[5.31367,50.81763],[5.31392,50.8182],[5.31413,50.81785],[5.31487,50.81777],[5.31525,50.8185],[5.31584,50.81875],[5.3169,50.8189],[5.31798,50.81919],[5.31879,50.81952],[5.31884,50.81976],[5.32072,50.82111],[5.32156,50.82188],[5.32189,50.82201],[5.3223,50.82266],[5.32218,50.8231],[5.32271,50.82411],[5.32314,50.82402],[5.32377,50.82433],[5.32403,50.82477],[5.32589,50.82399],[5.32575,50.82385],[5.32782,50.82298],[5.32776,50.82289],[5.32948,50.82204],[5.32914,50.82179],[5.3319,50.82041],[5.33328,50.81978],[5.33399,50.82046],[5.33575,50.81932],[5.3356,50.8192],[5.33667,50.81858],[5.33832,50.81961],[5.34049,50.82158],[5.34133,50.82095],[5.34307,50.82202],[5.34488,50.81974],[5.34542,50.81929],[5.34872,50.82167],[5.35018,50.8226],[5.35177,50.8238],[5.35332,50.82529],[5.3538,50.8256],[5.35469,50.82588],[5.35469,50.82694],[5.35495,50.82719],[5.35579,50.82754],[5.35647,50.82817],[5.35749,50.82889],[5.35897,50.8301],[5.35966,50.83057],[5.36091,50.83127],[5.3635,50.83334],[5.36428,50.83401],[5.36494,50.83472],[5.36589,50.83538],[5.3683,50.83756],[5.36919,50.83849],[5.36952,50.83927],[5.37057,50.8401],[5.37028,50.84021],[5.37226,50.8427]]]}},{"type":"Feature","id":"73107","bbox":[5.595319,50.910406,5.767673,51.012275],"properties":{"nis":"73107","name":"Maasmechelen","nameNl":"Maasmechelen","nameFr":"Maasmechelen","nameDe":"Maasmechelen","province":"limburg","region":"flanders","areaKm2":76.62},"geometry":{"type":"Polygon","coordinates":[[[5.59532,50.9773],[5.59788,50.96604],[5.60186,50.94857],[5.60198,50.94843],[5.60218,50.94722],[5.60359,50.94162],[5.60407,50.93677],[5.60426,50.93445],[5.61621,50.93863],[5.62768,50.94288],[5.63196,50.94453],[5.63675,50.94408],[5.63778,50.9439],[5.63788,50.94326],[5.63883,50.9425],[5.64083,50.94219],[5.64633,50.94127],[5.66171,50.9402],[5.66143,50.93843],[5.6623,50.93827],[5.66144,50.93762],[5.66153,50.93754],[5.66573,50.93695],[5.66793,50.93743],[5.66877,50.9366],[5.67729,50.93543],[5.67861,50.93512],[5.67858,50.93499],[5.68041,50.93473],[5.68168,50.93443],[5.68197,50.93318],[5.68841,50.93345],[5.68769,50.9338],[5.68698,50.93449],[5.68696,50.93506],[5.69072,50.93609],[5.69118,50.93624],[5.70041,50.93876],[5.7032,50.93508],[5.70563,50.93409],[5.70711,50.93489],[5.70913,50.93509],[5.70977,50.93543],[5.71028,50.93552],[5.71119,50.936],[5.71186,50.93619],[5.71254,50.93],[5.71249,50.92896],[5.71227,50.92837],[5.71157,50.92738],[5.70882,50.92486],[5.70741,50.92348],[5.70326,50.91955],[5.69914,50.91573],[5.69713,50.91383],[5.69653,50.91332],[5.7034,50.91483],[5.71198,50.91669],[5.71573,50.91918],[5.71634,50.9195],[5.71782,50.9205],[5.72339,50.91993],[5.72455,50.91997],[5.7238,50.918],[5.72389,50.91733],[5.7236,50.9167],[5.7229,50.91586],[5.72168,50.9146],[5.72271,50.91436],[5.72353,50.91431],[5.72337,50.9136],[5.72122,50.91136],[5.7243,50.91041],[5.72523,50.91139],[5.72665,50.91307],[5.72681,50.91399],[5.72726,50.9158],[5.72707,50.91674],[5.72655,50.91851],[5.72652,50.91933],[5.72609,50.92024],[5.72591,50.9212],[5.72613,50.92205],[5.72693,50.92384],[5.72809,50.92559],[5.72904,50.9263],[5.72975,50.92706],[5.73028,50.92789],[5.73153,50.92846],[5.73209,50.92925],[5.73254,50.93022],[5.73551,50.93223],[5.73654,50.93285],[5.73788,50.93328],[5.73885,50.93392],[5.7397,50.9346],[5.74088,50.93522],[5.74271,50.93765],[5.74357,50.93835],[5.74402,50.93925],[5.74422,50.94117],[5.74467,50.94202],[5.74532,50.9428],[5.74616,50.94357],[5.74633,50.94543],[5.74588,50.9465],[5.74659,50.9473],[5.74777,50.94786],[5.74909,50.94828],[5.75158,50.94924],[5.75295,50.9496],[5.75445,50.94979],[5.75567,50.94984],[5.75692,50.95025],[5.7581,50.95075],[5.75882,50.95166],[5.75918,50.95254],[5.75912,50.95357],[5.7588,50.95442],[5.75823,50.95525],[5.75605,50.95772],[5.75383,50.95899],[5.75284,50.95966],[5.75052,50.96074],[5.74762,50.96143],[5.74623,50.96165],[5.74463,50.96154],[5.74333,50.96109],[5.74204,50.96056],[5.74002,50.9592],[5.73931,50.95842],[5.73902,50.95743],[5.73775,50.95689],[5.73528,50.95606],[5.73416,50.95545],[5.73124,50.95488],[5.7281,50.95496],[5.72688,50.95518],[5.72532,50.95556],[5.72412,50.95595],[5.72308,50.95645],[5.72201,50.95713],[5.72126,50.95792],[5.7199,50.95959],[5.71963,50.96053],[5.71979,50.96151],[5.72013,50.96242],[5.721,50.96318],[5.72178,50.9641],[5.72427,50.96621],[5.72567,50.96669],[5.72646,50.96744],[5.72704,50.96832],[5.72802,50.96903],[5.72854,50.96987],[5.73071,50.97103],[5.73193,50.97158],[5.73336,50.97186],[5.7343,50.97274],[5.73539,50.97437],[5.73555,50.9753],[5.73638,50.97791],[5.73729,50.97869],[5.73832,50.97937],[5.73978,50.9798],[5.74117,50.97989],[5.74263,50.98008],[5.74528,50.98027],[5.74664,50.98066],[5.74775,50.98125],[5.74985,50.9825],[5.75082,50.98328],[5.7515,50.98414],[5.75239,50.98579],[5.75265,50.98672],[5.75377,50.98737],[5.75513,50.98898],[5.75502,50.99012],[5.75652,50.99161],[5.75747,50.99233],[5.75968,50.99347],[5.7607,50.99417],[5.76373,50.99599],[5.76494,50.99652],[5.7665,50.9981],[5.76708,50.99884],[5.76763,50.99974],[5.76767,51.00065],[5.76759,51.0034],[5.76744,51.00435],[5.76645,51.00608],[5.76607,51.00691],[5.76601,51.00879],[5.76413,51.0089],[5.76357,51.00846],[5.7631,51.00777],[5.76192,51.00803],[5.7613,51.00795],[5.76022,51.00759],[5.75913,51.00741],[5.7574,51.00748],[5.75522,51.00727],[5.75454,51.00725],[5.75406,51.00768],[5.75281,51.0074],[5.7519,51.00673],[5.75117,51.0065],[5.74993,51.00687],[5.74954,51.0071],[5.74921,51.0076],[5.7491,51.00857],[5.74929,51.00921],[5.75051,51.01033],[5.75034,51.01038],[5.74932,51.01007],[5.74938,51.01026],[5.74811,51.01052],[5.74497,51.01143],[5.74533,51.01189],[5.74425,51.01227],[5.7437,51.01166],[5.74275,51.01109],[5.74214,51.0103],[5.74192,51.00962],[5.7413,51.00859],[5.74087,51.00732],[5.74037,51.00697],[5.73867,51.00624],[5.7377,51.00572],[5.73638,51.00686],[5.73467,51.00653],[5.7346,51.00669],[5.73182,51.00514],[5.73455,51.00376],[5.73372,51.00348],[5.73206,51.00358],[5.73136,51.00294],[5.73072,51.00317],[5.73013,51.00297],[5.72936,51.00245],[5.7283,51.00245],[5.72797,51.00155],[5.72774,51.00052],[5.72456,51.00138],[5.72336,50.99991],[5.72182,51.00024],[5.7182,51.00086],[5.71705,51.0002],[5.71583,50.99843],[5.71577,50.99802],[5.7138,50.99813],[5.71328,50.99869],[5.71289,50.99889],[5.71173,50.99911],[5.71146,50.99972],[5.71087,51.00023],[5.71254,51.00403],[5.68756,51.00228],[5.68261,51.00212],[5.67612,51.00171],[5.6734,51.00103],[5.67198,51.00061],[5.67028,51],[5.66732,50.99919],[5.66494,50.99845],[5.66397,50.99806],[5.66013,50.99661],[5.64585,50.99616],[5.64085,50.99597],[5.64056,50.99602],[5.63573,50.99585],[5.62675,50.99813],[5.62324,50.99907],[5.62248,50.99922],[5.6097,51.00245],[5.60352,51.00572],[5.60079,51.00428],[5.59736,51.00257],[5.5968,50.99656],[5.59532,50.9773]]]}},{"type":"Feature","id":"73109","bbox":[5.682172,50.709865,5.91111,50.783245],"properties":{"nis":"73109","name":"Voeren","nameNl":"Voeren","nameFr":"Fourons","nameDe":"Vuren","province":"limburg","region":"flanders","areaKm2":50.43},"geometry":{"type":"Polygon","coordinates":[[[5.89211,50.75522],[5.89065,50.75582],[5.88974,50.75633],[5.88921,50.75711],[5.88929,50.75795],[5.89022,50.76013],[5.89016,50.76199],[5.88935,50.7655],[5.88871,50.76665],[5.88773,50.76789],[5.88711,50.76887],[5.88648,50.77016],[5.87623,50.76562],[5.87506,50.76534],[5.87311,50.76534],[5.87241,50.76515],[5.87078,50.76488],[5.86997,50.76504],[5.86896,50.76494],[5.86802,50.76459],[5.86706,50.76449],[5.86627,50.76429],[5.8649,50.76367],[5.86346,50.76351],[5.86219,50.76278],[5.86031,50.76201],[5.85788,50.76063],[5.85397,50.7582],[5.85327,50.75792],[5.8523,50.75722],[5.85178,50.75668],[5.84892,50.75341],[5.84827,50.75492],[5.84802,50.75594],[5.84789,50.75767],[5.84729,50.75915],[5.84622,50.76156],[5.84593,50.76234],[5.84536,50.76448],[5.84504,50.76537],[5.83938,50.76386],[5.83771,50.76313],[5.83643,50.76247],[5.83321,50.76055],[5.83266,50.76015],[5.83178,50.75929],[5.83068,50.75854],[5.83001,50.75856],[5.82636,50.75894],[5.8244,50.75896],[5.82271,50.75882],[5.82158,50.75864],[5.81985,50.75812],[5.8169,50.75689],[5.81514,50.75633],[5.81442,50.75616],[5.81259,50.75601],[5.80923,50.75589],[5.80748,50.75609],[5.80724,50.7563],[5.80017,50.76327],[5.79322,50.7702],[5.79145,50.76949],[5.78866,50.76816],[5.78754,50.76777],[5.7845,50.76717],[5.78189,50.77141],[5.78135,50.77134],[5.78085,50.77238],[5.7804,50.7731],[5.78027,50.77356],[5.77968,50.77434],[5.77877,50.77762],[5.77811,50.77945],[5.77665,50.78225],[5.77709,50.78289],[5.77737,50.78296],[5.77358,50.78324],[5.77279,50.78306],[5.76856,50.78279],[5.76581,50.78255],[5.76083,50.77886],[5.7601,50.77851],[5.75956,50.77796],[5.75882,50.7782],[5.75848,50.77793],[5.75809,50.77731],[5.75585,50.77515],[5.75578,50.77502],[5.75456,50.77519],[5.75234,50.77343],[5.75187,50.77368],[5.75115,50.77283],[5.75003,50.77191],[5.7488,50.77151],[5.74709,50.77048],[5.74606,50.76955],[5.74608,50.76921],[5.7449,50.76882],[5.74527,50.7684],[5.74436,50.76801],[5.74326,50.767],[5.74217,50.76532],[5.74189,50.7647],[5.74163,50.76475],[5.74052,50.76301],[5.74115,50.76301],[5.74109,50.76267],[5.74131,50.76207],[5.74088,50.76189],[5.74043,50.76142],[5.74157,50.76116],[5.74083,50.76017],[5.74085,50.75999],[5.73942,50.75763],[5.73918,50.75707],[5.73828,50.75711],[5.73491,50.75747],[5.73402,50.75735],[5.73275,50.7573],[5.73057,50.75736],[5.73039,50.75742],[5.73026,50.75827],[5.729,50.75855],[5.7264,50.75942],[5.7249,50.76041],[5.72401,50.76091],[5.72465,50.76142],[5.72449,50.7616],[5.72361,50.76198],[5.72389,50.76223],[5.72339,50.76232],[5.72232,50.76278],[5.72278,50.76313],[5.72203,50.76349],[5.72285,50.76378],[5.72215,50.76411],[5.72027,50.76472],[5.71941,50.7633],[5.71733,50.76126],[5.71602,50.76033],[5.71563,50.75988],[5.71356,50.76015],[5.71367,50.76068],[5.71229,50.76096],[5.71215,50.76048],[5.71157,50.76047],[5.71063,50.76079],[5.71024,50.75981],[5.7089,50.75994],[5.70868,50.75901],[5.70741,50.75901],[5.70705,50.75829],[5.7053,50.75834],[5.70255,50.75891],[5.70196,50.7578],[5.7014,50.75703],[5.70079,50.75647],[5.69941,50.75541],[5.69882,50.75526],[5.69788,50.75535],[5.69479,50.75478],[5.69239,50.75515],[5.68847,50.75571],[5.68794,50.75616],[5.68806,50.75734],[5.68776,50.75769],[5.68657,50.75755],[5.68514,50.75768],[5.68445,50.75751],[5.68217,50.75753],[5.68219,50.75727],[5.68305,50.75503],[5.68323,50.75482],[5.68532,50.7551],[5.68697,50.75335],[5.68735,50.75285],[5.68816,50.75229],[5.68952,50.75215],[5.68951,50.75192],[5.69079,50.75179],[5.69063,50.7511],[5.69215,50.75103],[5.69243,50.75174],[5.69441,50.75144],[5.69419,50.75089],[5.6955,50.75068],[5.69642,50.7502],[5.6991,50.74999],[5.69927,50.75052],[5.70076,50.75027],[5.70086,50.75051],[5.7035,50.74988],[5.70319,50.7506],[5.70653,50.74989],[5.70641,50.74964],[5.70877,50.74909],[5.70875,50.749],[5.71114,50.74827],[5.71097,50.74809],[5.7123,50.74769],[5.71217,50.74748],[5.7135,50.74715],[5.71386,50.74792],[5.7148,50.74767],[5.71498,50.74787],[5.71885,50.74668],[5.7191,50.74739],[5.72112,50.74718],[5.7206,50.74602],[5.72228,50.74571],[5.72293,50.74683],[5.72425,50.74607],[5.72549,50.74604],[5.72539,50.74622],[5.72576,50.74671],[5.72485,50.74844],[5.7268,50.74906],[5.72639,50.74995],[5.72678,50.75009],[5.72603,50.75168],[5.72658,50.75198],[5.7265,50.75239],[5.7283,50.75305],[5.7292,50.75176],[5.73127,50.75196],[5.73064,50.75306],[5.73205,50.75342],[5.73095,50.75433],[5.73129,50.75442],[5.73158,50.75416],[5.73257,50.75409],[5.73206,50.75495],[5.73298,50.75531],[5.73322,50.75444],[5.73454,50.7545],[5.73522,50.75473],[5.73715,50.75479],[5.73729,50.75546],[5.74112,50.75504],[5.74106,50.75482],[5.74274,50.75462],[5.74366,50.75445],[5.74351,50.75318],[5.74361,50.75319],[5.747,50.75224],[5.74648,50.75157],[5.74582,50.75174],[5.74574,50.75138],[5.74516,50.75092],[5.74569,50.75068],[5.74517,50.75024],[5.74588,50.74985],[5.74477,50.74911],[5.74603,50.74831],[5.74563,50.74811],[5.74661,50.74737],[5.74632,50.74725],[5.74609,50.74664],[5.74808,50.74543],[5.74857,50.74564],[5.7489,50.74524],[5.75013,50.74552],[5.75299,50.74605],[5.75461,50.74653],[5.75598,50.74708],[5.75787,50.74752],[5.76056,50.74831],[5.7625,50.74905],[5.76452,50.74972],[5.76558,50.74991],[5.76682,50.75027],[5.76816,50.75093],[5.7688,50.75115],[5.76986,50.75135],[5.77062,50.75135],[5.7709,50.75117],[5.77182,50.75017],[5.77261,50.7497],[5.77392,50.74934],[5.77764,50.74848],[5.77984,50.74774],[5.78252,50.74669],[5.7839,50.74621],[5.78549,50.74575],[5.78685,50.74509],[5.78817,50.74411],[5.78945,50.74376],[5.79063,50.74261],[5.79059,50.74189],[5.79124,50.74201],[5.79206,50.74064],[5.79344,50.73901],[5.79592,50.73758],[5.7963,50.73796],[5.79842,50.73633],[5.79888,50.7359],[5.79951,50.73661],[5.80163,50.73657],[5.80241,50.73632],[5.80182,50.73588],[5.80325,50.73488],[5.80304,50.73431],[5.80169,50.73392],[5.80212,50.73298],[5.80058,50.73255],[5.8007,50.73231],[5.80015,50.73212],[5.80053,50.73163],[5.80211,50.73033],[5.80934,50.72375],[5.81111,50.72343],[5.81183,50.72213],[5.81227,50.72088],[5.8126,50.71917],[5.81278,50.71869],[5.8142,50.7176],[5.81417,50.71736],[5.81295,50.71533],[5.81477,50.7151],[5.81752,50.71481],[5.81876,50.7144],[5.81987,50.71398],[5.82268,50.71368],[5.82518,50.7139],[5.82717,50.71416],[5.82864,50.71426],[5.83109,50.71426],[5.83227,50.71444],[5.83477,50.7145],[5.83643,50.71466],[5.84028,50.71554],[5.84172,50.71617],[5.84452,50.71643],[5.84799,50.71681],[5.85262,50.71667],[5.85418,50.71681],[5.85607,50.71716],[5.85842,50.71751],[5.86129,50.71744],[5.86395,50.71704],[5.86678,50.71648],[5.86702,50.71626],[5.8685,50.71528],[5.86977,50.71481],[5.8736,50.71399],[5.87483,50.71363],[5.87578,50.71323],[5.88142,50.71049],[5.88215,50.71019],[5.88336,50.70987],[5.8846,50.71173],[5.88578,50.71391],[5.88596,50.71454],[5.8866,50.71559],[5.88927,50.71806],[5.88954,50.7182],[5.89065,50.71918],[5.8917,50.7195],[5.89277,50.72059],[5.89288,50.72104],[5.89395,50.72179],[5.89401,50.72198],[5.89701,50.72426],[5.89713,50.7245],[5.89885,50.72574],[5.89949,50.72627],[5.90008,50.72633],[5.90121,50.72709],[5.90233,50.72768],[5.90232,50.72803],[5.90302,50.72858],[5.90377,50.72892],[5.90377,50.72911],[5.90445,50.72974],[5.9045,50.73015],[5.90493,50.73058],[5.91111,50.73515],[5.9104,50.7357],[5.91022,50.73598],[5.90989,50.73738],[5.90908,50.73908],[5.90885,50.73935],[5.90727,50.74014],[5.90594,50.74074],[5.90661,50.7415],[5.90677,50.7422],[5.90471,50.74287],[5.90341,50.74318],[5.90249,50.74308],[5.90147,50.74353],[5.90105,50.74489],[5.8995,50.74475],[5.89718,50.74443],[5.89588,50.74541],[5.89533,50.74555],[5.89488,50.74705],[5.89107,50.75061],[5.89047,50.75199],[5.8899,50.75354],[5.89211,50.75522]]]}},{"type":"Feature","id":"73110","bbox":[5.429118,50.813737,5.62503,50.922642],"properties":{"nis":"73110","name":"Bilzen-Hoeselt","nameNl":"Bilzen-Hoeselt","nameFr":"Bilzen-Hoeselt","nameDe":"Bilzen-Hoeselt","province":"limburg","region":"flanders","areaKm2":105.71},"geometry":{"type":"Polygon","coordinates":[[[5.51358,50.82111],[5.51452,50.82081],[5.51595,50.82093],[5.51714,50.82153],[5.51897,50.82231],[5.52284,50.82448],[5.52307,50.82264],[5.52367,50.82226],[5.52517,50.82163],[5.52583,50.82123],[5.52621,50.82118],[5.52618,50.82084],[5.52793,50.82081],[5.53131,50.82141],[5.53295,50.82151],[5.5344,50.82125],[5.53532,50.82075],[5.53611,50.82021],[5.53688,50.81949],[5.53762,50.8198],[5.53827,50.82039],[5.53844,50.82129],[5.53888,50.82168],[5.53943,50.82089],[5.54044,50.82017],[5.54274,50.81793],[5.54214,50.81737],[5.54306,50.81714],[5.54509,50.81651],[5.54733,50.8164],[5.5696,50.82441],[5.56988,50.8245],[5.56871,50.82537],[5.56693,50.82645],[5.56609,50.82711],[5.56582,50.82694],[5.56499,50.82764],[5.56358,50.82842],[5.5623,50.82921],[5.56109,50.82985],[5.56326,50.83144],[5.56362,50.83186],[5.56426,50.83164],[5.56523,50.83204],[5.56529,50.83273],[5.56575,50.83279],[5.56576,50.83395],[5.56723,50.83397],[5.56716,50.83441],[5.56578,50.83433],[5.56574,50.83504],[5.56548,50.83508],[5.56737,50.83527],[5.56731,50.83542],[5.56546,50.83523],[5.56542,50.83555],[5.5672,50.83567],[5.56639,50.83758],[5.56504,50.83741],[5.56524,50.83798],[5.56502,50.83876],[5.5671,50.83851],[5.569,50.83802],[5.56916,50.83824],[5.57161,50.83755],[5.57307,50.8372],[5.57586,50.83699],[5.57913,50.83802],[5.57884,50.83823],[5.57983,50.8386],[5.58058,50.83807],[5.58097,50.8382],[5.58071,50.83854],[5.58137,50.83878],[5.5833,50.83919],[5.58369,50.8385],[5.58491,50.83876],[5.58534,50.83822],[5.58676,50.83877],[5.5886,50.83887],[5.5884,50.83937],[5.59296,50.84042],[5.59416,50.84074],[5.59368,50.84142],[5.5958,50.84192],[5.59558,50.84221],[5.59656,50.84254],[5.5971,50.84202],[5.59889,50.84291],[5.60005,50.84339],[5.60056,50.84283],[5.60272,50.84142],[5.60474,50.84029],[5.60808,50.83867],[5.61021,50.83775],[5.61069,50.83813],[5.61145,50.83775],[5.61233,50.83793],[5.61481,50.8387],[5.61545,50.83897],[5.61729,50.83994],[5.61751,50.84022],[5.6171,50.84055],[5.61833,50.84119],[5.61958,50.84213],[5.62284,50.84359],[5.62241,50.84401],[5.62393,50.84481],[5.62304,50.84602],[5.62402,50.84634],[5.62374,50.8467],[5.62503,50.847],[5.62483,50.84797],[5.62369,50.84996],[5.62337,50.85038],[5.62211,50.85159],[5.62018,50.85365],[5.6206,50.85403],[5.62036,50.85428],[5.61968,50.85446],[5.61911,50.85412],[5.61706,50.85543],[5.61694,50.85533],[5.61457,50.85666],[5.6138,50.85718],[5.6117,50.85686],[5.61185,50.85657],[5.61113,50.85639],[5.61064,50.85684],[5.60963,50.8566],[5.60873,50.85746],[5.60665,50.85771],[5.60643,50.85766],[5.60416,50.85879],[5.60199,50.85975],[5.60187,50.85971],[5.59884,50.86137],[5.59805,50.86138],[5.59729,50.86115],[5.59656,50.86117],[5.59506,50.86273],[5.59386,50.8642],[5.59332,50.86474],[5.59244,50.86499],[5.59339,50.86786],[5.59428,50.87255],[5.59394,50.87306],[5.59324,50.87379],[5.59279,50.875],[5.5929,50.87622],[5.59304,50.87621],[5.59226,50.87832],[5.59133,50.87911],[5.59063,50.87932],[5.58974,50.88021],[5.58939,50.88074],[5.58924,50.88186],[5.58904,50.88268],[5.58967,50.88377],[5.58968,50.88418],[5.58932,50.88561],[5.58923,50.88734],[5.58864,50.88842],[5.58583,50.88852],[5.58482,50.88867],[5.58357,50.8887],[5.58109,50.88888],[5.58032,50.8894],[5.57992,50.89013],[5.579,50.89059],[5.57531,50.89329],[5.57449,50.89331],[5.57275,50.89276],[5.57201,50.89277],[5.57138,50.89241],[5.57053,50.89337],[5.57145,50.89336],[5.57214,50.89323],[5.57377,50.89336],[5.57431,50.89357],[5.57443,50.89403],[5.57501,50.89465],[5.57548,50.89486],[5.57636,50.89561],[5.57638,50.89603],[5.57664,50.89616],[5.57748,50.89701],[5.5787,50.89752],[5.58165,50.89846],[5.58212,50.89847],[5.58429,50.89918],[5.58526,50.89922],[5.58772,50.89978],[5.58841,50.90073],[5.58812,50.90088],[5.58807,50.90137],[5.5874,50.90132],[5.58277,50.90307],[5.5778,50.90552],[5.57308,50.90728],[5.56763,50.90905],[5.56423,50.90888],[5.56337,50.90871],[5.56313,50.90886],[5.56251,50.90878],[5.56232,50.90901],[5.56024,50.90916],[5.55981,50.90913],[5.5589,50.90874],[5.5587,50.90804],[5.55691,50.90763],[5.55482,50.90686],[5.55437,50.90647],[5.5529,50.90579],[5.55209,50.90518],[5.55217,50.90479],[5.55142,50.90432],[5.55011,50.90498],[5.54943,50.90506],[5.54619,50.90523],[5.54436,50.90518],[5.54413,50.90506],[5.54078,50.90493],[5.53905,50.90494],[5.53578,50.90555],[5.53464,50.9058],[5.5338,50.9052],[5.53288,50.90565],[5.53271,50.90736],[5.53204,50.90836],[5.53206,50.90881],[5.531,50.91064],[5.52989,50.91267],[5.52823,50.91396],[5.52694,50.91548],[5.52573,50.91546],[5.52336,50.91532],[5.5191,50.91528],[5.51241,50.91384],[5.51076,50.91376],[5.50881,50.91345],[5.50855,50.91306],[5.50409,50.91333],[5.50149,50.91347],[5.49806,50.91383],[5.49484,50.91429],[5.49333,50.91471],[5.49169,50.91484],[5.48889,50.91704],[5.48702,50.9178],[5.48569,50.91934],[5.48266,50.92162],[5.48143,50.92237],[5.47908,50.92264],[5.47909,50.9225],[5.47222,50.91826],[5.46361,50.91304],[5.45974,50.91089],[5.45769,50.91028],[5.45683,50.90993],[5.45218,50.90948],[5.45217,50.90891],[5.4525,50.90836],[5.45318,50.90786],[5.45381,50.90686],[5.45299,50.90574],[5.45387,50.90546],[5.45334,50.9051],[5.45275,50.9055],[5.4523,50.90486],[5.45267,50.90368],[5.45204,50.90153],[5.45164,50.90097],[5.45095,50.90031],[5.44988,50.89902],[5.44988,50.89888],[5.44896,50.89775],[5.44838,50.89735],[5.44731,50.89689],[5.44655,50.89616],[5.44486,50.89421],[5.44449,50.89359],[5.44439,50.89244],[5.44303,50.89137],[5.44188,50.89075],[5.44191,50.89046],[5.44057,50.88862],[5.44048,50.88744],[5.44117,50.88708],[5.44283,50.88581],[5.44493,50.8848],[5.44634,50.88423],[5.44761,50.88324],[5.44841,50.88272],[5.44955,50.88138],[5.44984,50.88035],[5.45018,50.87955],[5.4513,50.87824],[5.4518,50.87799],[5.4509,50.8774],[5.44972,50.87684],[5.44927,50.87651],[5.44843,50.87566],[5.44775,50.87446],[5.44762,50.87358],[5.44615,50.86992],[5.44585,50.86859],[5.44577,50.86655],[5.44551,50.8652],[5.44539,50.86509],[5.44535,50.86367],[5.44546,50.86319],[5.44518,50.8621],[5.44516,50.86106],[5.44526,50.86016],[5.44516,50.85841],[5.44563,50.85645],[5.44577,50.85532],[5.44717,50.854],[5.447,50.8539],[5.44745,50.85348],[5.44778,50.8536],[5.44884,50.85229],[5.44865,50.85223],[5.44899,50.8517],[5.44921,50.85169],[5.45014,50.85074],[5.44899,50.85038],[5.44484,50.84852],[5.44505,50.84777],[5.44441,50.8477],[5.44417,50.84792],[5.44236,50.84748],[5.44078,50.84695],[5.44057,50.84677],[5.44002,50.84698],[5.4392,50.84641],[5.43804,50.84683],[5.43729,50.84612],[5.43653,50.84647],[5.43564,50.84391],[5.43614,50.84276],[5.43651,50.84221],[5.43795,50.84069],[5.43852,50.83976],[5.4391,50.83901],[5.43999,50.83742],[5.44074,50.83565],[5.44146,50.83478],[5.44479,50.83218],[5.44354,50.83155],[5.44335,50.83172],[5.44163,50.8312],[5.44249,50.8302],[5.44167,50.82989],[5.43961,50.82887],[5.43966,50.82883],[5.43749,50.82772],[5.43761,50.82765],[5.43638,50.82666],[5.43687,50.82643],[5.43567,50.82502],[5.43587,50.82498],[5.43551,50.82304],[5.43502,50.8223],[5.43432,50.82162],[5.43331,50.8219],[5.43314,50.82171],[5.43258,50.82183],[5.43211,50.82133],[5.4318,50.8215],[5.43125,50.82112],[5.43009,50.82188],[5.42916,50.82134],[5.42927,50.82112],[5.42979,50.82114],[5.43064,50.82067],[5.43205,50.82002],[5.43228,50.82005],[5.43328,50.81939],[5.43316,50.81915],[5.43376,50.81861],[5.43384,50.8183],[5.43481,50.81779],[5.43661,50.81653],[5.43787,50.81713],[5.43856,50.8177],[5.43908,50.81796],[5.44105,50.81997],[5.44544,50.81989],[5.44739,50.81968],[5.44859,50.82032],[5.44881,50.81948],[5.44896,50.81783],[5.4489,50.8174],[5.44945,50.81745],[5.45071,50.8179],[5.45288,50.8178],[5.45367,50.8177],[5.4527,50.81633],[5.45829,50.81522],[5.45847,50.81531],[5.46134,50.81374],[5.46235,50.81434],[5.46359,50.81405],[5.46436,50.81408],[5.46576,50.81427],[5.46665,50.81422],[5.46623,50.81611],[5.46631,50.81674],[5.46704,50.81844],[5.46902,50.81826],[5.46928,50.81818],[5.46945,50.81774],[5.47052,50.81766],[5.47089,50.81744],[5.47186,50.8173],[5.47317,50.81733],[5.47507,50.81671],[5.47559,50.81618],[5.47739,50.81553],[5.47846,50.81529],[5.47939,50.8152],[5.48296,50.81471],[5.48427,50.8144],[5.48501,50.81474],[5.486,50.81484],[5.4873,50.81509],[5.48849,50.81522],[5.48977,50.81522],[5.49006,50.81496],[5.49145,50.81537],[5.49219,50.81542],[5.49463,50.81528],[5.49605,50.81577],[5.49839,50.81627],[5.49849,50.81556],[5.50094,50.81636],[5.50282,50.81676],[5.50359,50.81736],[5.50497,50.81829],[5.50575,50.81814],[5.50679,50.81858],[5.50695,50.81886],[5.50919,50.82235],[5.5106,50.82183],[5.51241,50.82148],[5.51358,50.82111]]]}},{"type":"Feature","id":"73111","bbox":[5.250376,50.720158,5.552954,50.845427],"properties":{"nis":"73111","name":"Tongeren-Borgloon","nameNl":"Tongeren-Borgloon","nameFr":"Tongres-Looz","nameDe":"Tongern-Borgloon","province":"limburg","region":"flanders","areaKm2":138.66},"geometry":{"type":"Polygon","coordinates":[[[5.38959,50.74797],[5.3907,50.74686],[5.39227,50.74438],[5.39277,50.74324],[5.39305,50.74126],[5.39333,50.7399],[5.39334,50.7393],[5.39289,50.7385],[5.3938,50.73679],[5.39403,50.73565],[5.39377,50.73522],[5.39447,50.73485],[5.39608,50.73538],[5.39676,50.73545],[5.39757,50.73534],[5.39903,50.73538],[5.40022,50.73507],[5.40087,50.73505],[5.40175,50.73521],[5.40275,50.73161],[5.40273,50.73],[5.40229,50.72805],[5.4035,50.72802],[5.40346,50.72767],[5.40392,50.72767],[5.40377,50.72738],[5.40475,50.72729],[5.40469,50.72686],[5.40802,50.72672],[5.40803,50.72624],[5.40832,50.72622],[5.40804,50.72587],[5.40911,50.72525],[5.40862,50.72483],[5.40982,50.72417],[5.41186,50.72366],[5.41628,50.72282],[5.42353,50.73429],[5.42379,50.73481],[5.42439,50.73543],[5.42634,50.73469],[5.42619,50.73437],[5.42696,50.7342],[5.4266,50.73331],[5.42975,50.73263],[5.43106,50.73199],[5.43033,50.73158],[5.43081,50.73132],[5.4306,50.72864],[5.43068,50.72842],[5.432,50.72609],[5.43219,50.72531],[5.43195,50.72528],[5.43276,50.72464],[5.43231,50.72436],[5.43518,50.7226],[5.43524,50.72306],[5.43628,50.72256],[5.43582,50.72209],[5.43758,50.72109],[5.43851,50.72167],[5.43961,50.72257],[5.4398,50.72199],[5.44026,50.72191],[5.44278,50.72179],[5.44284,50.7222],[5.44778,50.72188],[5.44833,50.72154],[5.44797,50.72143],[5.44831,50.72041],[5.44913,50.72053],[5.44935,50.72016],[5.45061,50.72042],[5.45207,50.72063],[5.45323,50.7209],[5.45483,50.72172],[5.45458,50.72196],[5.45245,50.72315],[5.45474,50.72491],[5.45346,50.72572],[5.45451,50.72715],[5.45648,50.7265],[5.45705,50.72781],[5.45855,50.72849],[5.45989,50.72941],[5.46152,50.73006],[5.46317,50.73058],[5.46257,50.73151],[5.46193,50.73304],[5.46164,50.73399],[5.46124,50.73489],[5.4601,50.73641],[5.46259,50.73677],[5.46209,50.7388],[5.46706,50.7391],[5.46719,50.73888],[5.46748,50.73742],[5.46795,50.73702],[5.46756,50.73655],[5.47001,50.73541],[5.47102,50.73483],[5.473,50.73507],[5.47471,50.73392],[5.47566,50.73355],[5.47564,50.73115],[5.47574,50.73003],[5.47544,50.72912],[5.47473,50.72811],[5.47562,50.72741],[5.47478,50.72682],[5.47504,50.72658],[5.47409,50.72592],[5.47862,50.72354],[5.47885,50.7237],[5.48037,50.72477],[5.48119,50.72542],[5.48185,50.72579],[5.48363,50.72642],[5.48642,50.72707],[5.48764,50.72725],[5.48895,50.72755],[5.49028,50.72733],[5.49107,50.72747],[5.49149,50.72776],[5.49181,50.72823],[5.49194,50.72883],[5.49272,50.72966],[5.49375,50.73033],[5.49558,50.7312],[5.49614,50.73132],[5.49906,50.73262],[5.50143,50.73337],[5.50255,50.73389],[5.50398,50.73438],[5.50894,50.73627],[5.50994,50.7368],[5.51081,50.73738],[5.51213,50.73799],[5.51292,50.73826],[5.51628,50.7404],[5.5187,50.74179],[5.5204,50.74076],[5.52093,50.74134],[5.52107,50.74121],[5.52196,50.74209],[5.52255,50.74148],[5.52436,50.74234],[5.52367,50.74303],[5.52455,50.74361],[5.52377,50.74415],[5.52276,50.74472],[5.52293,50.74485],[5.52097,50.74595],[5.5212,50.74617],[5.51928,50.74722],[5.52019,50.74768],[5.51959,50.7482],[5.52044,50.74853],[5.51967,50.74934],[5.52095,50.74999],[5.52065,50.75019],[5.52155,50.75067],[5.52093,50.75092],[5.52016,50.7517],[5.52017,50.75185],[5.51939,50.75207],[5.52012,50.75336],[5.52026,50.75333],[5.52073,50.75433],[5.52141,50.75428],[5.52277,50.75526],[5.5216,50.75645],[5.52198,50.75766],[5.52235,50.75847],[5.52258,50.75865],[5.5232,50.75865],[5.52446,50.7589],[5.52454,50.75875],[5.52516,50.759],[5.52637,50.75923],[5.5273,50.75882],[5.5275,50.75851],[5.52747,50.75795],[5.5283,50.75787],[5.52858,50.75814],[5.53027,50.7576],[5.53073,50.75701],[5.53196,50.75713],[5.53264,50.75694],[5.53242,50.75782],[5.53205,50.75813],[5.53264,50.75903],[5.53357,50.75884],[5.53368,50.759],[5.53419,50.75878],[5.53551,50.75871],[5.53768,50.7587],[5.5377,50.75888],[5.5383,50.75886],[5.53959,50.75851],[5.541,50.75829],[5.54441,50.75835],[5.54586,50.7585],[5.54647,50.75867],[5.54769,50.75882],[5.54829,50.75904],[5.54864,50.75948],[5.5487,50.75987],[5.54958,50.75981],[5.54968,50.76053],[5.55124,50.76032],[5.55154,50.76086],[5.55296,50.76401],[5.55213,50.7642],[5.55236,50.76458],[5.55171,50.76499],[5.55184,50.76589],[5.5506,50.76696],[5.55126,50.76771],[5.5508,50.76766],[5.54952,50.76868],[5.5494,50.76862],[5.54682,50.77013],[5.54688,50.7703],[5.54547,50.77144],[5.54477,50.77173],[5.54322,50.77203],[5.54082,50.77276],[5.5368,50.77485],[5.53592,50.77521],[5.53385,50.77579],[5.53296,50.77614],[5.5337,50.77681],[5.53534,50.77857],[5.5373,50.78076],[5.5407,50.78423],[5.54242,50.78569],[5.54094,50.7866],[5.53931,50.78774],[5.53836,50.78848],[5.53646,50.78975],[5.53418,50.79096],[5.53157,50.7927],[5.5283,50.79484],[5.52596,50.79659],[5.52484,50.79749],[5.52284,50.79943],[5.52061,50.80222],[5.52006,50.80302],[5.51894,50.80502],[5.51817,50.80668],[5.51713,50.80947],[5.51536,50.81504],[5.51444,50.81828],[5.51358,50.82111],[5.51241,50.82148],[5.5106,50.82183],[5.50919,50.82235],[5.50695,50.81886],[5.50679,50.81858],[5.50575,50.81814],[5.50497,50.81829],[5.50359,50.81736],[5.50282,50.81676],[5.50094,50.81636],[5.49849,50.81556],[5.49839,50.81627],[5.49605,50.81577],[5.49463,50.81528],[5.49219,50.81542],[5.49145,50.81537],[5.49006,50.81496],[5.48977,50.81522],[5.48849,50.81522],[5.4873,50.81509],[5.486,50.81484],[5.48501,50.81474],[5.48427,50.8144],[5.48296,50.81471],[5.47939,50.8152],[5.47846,50.81529],[5.47739,50.81553],[5.47559,50.81618],[5.47507,50.81671],[5.47317,50.81733],[5.47186,50.8173],[5.47089,50.81744],[5.47052,50.81766],[5.46945,50.81774],[5.46928,50.81818],[5.46902,50.81826],[5.46704,50.81844],[5.46631,50.81674],[5.46623,50.81611],[5.46665,50.81422],[5.46576,50.81427],[5.46436,50.81408],[5.46359,50.81405],[5.46235,50.81434],[5.46134,50.81374],[5.45847,50.81531],[5.45829,50.81522],[5.4527,50.81633],[5.45367,50.8177],[5.45288,50.8178],[5.45071,50.8179],[5.44945,50.81745],[5.4489,50.8174],[5.44896,50.81783],[5.44881,50.81948],[5.44859,50.82032],[5.44739,50.81968],[5.44544,50.81989],[5.44105,50.81997],[5.43908,50.81796],[5.43856,50.8177],[5.43787,50.81713],[5.43661,50.81653],[5.43481,50.81779],[5.43384,50.8183],[5.43376,50.81861],[5.43316,50.81915],[5.43211,50.81894],[5.43188,50.8192],[5.43128,50.81858],[5.43195,50.81814],[5.43138,50.81801],[5.42897,50.81712],[5.4279,50.81685],[5.42727,50.81637],[5.42644,50.816],[5.42566,50.81632],[5.42563,50.81601],[5.42514,50.81544],[5.4235,50.81437],[5.42283,50.81382],[5.42277,50.81361],[5.42157,50.81258],[5.41942,50.81092],[5.4179,50.80949],[5.41685,50.80863],[5.41586,50.80816],[5.41495,50.80857],[5.414,50.80889],[5.41339,50.80835],[5.41209,50.80891],[5.41109,50.80798],[5.41008,50.80777],[5.40975,50.8085],[5.40851,50.8087],[5.40754,50.80805],[5.40723,50.80811],[5.40671,50.80876],[5.40583,50.80937],[5.40487,50.80981],[5.40377,50.80948],[5.40341,50.80964],[5.40349,50.80998],[5.40291,50.81051],[5.40314,50.81073],[5.40262,50.81072],[5.40259,50.81104],[5.40221,50.81118],[5.40245,50.81157],[5.40217,50.81182],[5.40255,50.81206],[5.40238,50.81225],[5.40262,50.81282],[5.40157,50.81428],[5.40201,50.81506],[5.40201,50.81571],[5.40219,50.81637],[5.40152,50.8169],[5.40158,50.81745],[5.40115,50.81798],[5.40133,50.81843],[5.40095,50.81887],[5.40051,50.81901],[5.40034,50.81971],[5.40006,50.81982],[5.40011,50.82021],[5.40071,50.82011],[5.40053,50.82067],[5.40024,50.82088],[5.40019,50.8213],[5.40051,50.82179],[5.40109,50.82187],[5.40103,50.82259],[5.40137,50.82273],[5.40154,50.82325],[5.40223,50.82346],[5.40305,50.82406],[5.40363,50.82527],[5.40367,50.82665],[5.40327,50.82699],[5.4032,50.82769],[5.40377,50.82817],[5.40406,50.82887],[5.40484,50.82958],[5.40509,50.82995],[5.40596,50.83057],[5.40535,50.83126],[5.40477,50.83075],[5.40339,50.83123],[5.40362,50.83142],[5.40317,50.83161],[5.4014,50.83008],[5.39958,50.83144],[5.40027,50.83195],[5.4009,50.83166],[5.40133,50.832],[5.40053,50.8324],[5.39961,50.83269],[5.3998,50.83291],[5.39956,50.83319],[5.39757,50.83395],[5.39573,50.8346],[5.39247,50.83596],[5.38959,50.83708],[5.39022,50.83795],[5.38898,50.83858],[5.38962,50.83912],[5.38903,50.83944],[5.38798,50.83979],[5.38676,50.83986],[5.38547,50.84034],[5.3844,50.84061],[5.38427,50.84099],[5.38489,50.8414],[5.38526,50.84182],[5.38575,50.84269],[5.38683,50.84377],[5.38591,50.84531],[5.38413,50.84532],[5.38298,50.84543],[5.38158,50.84534],[5.38094,50.84515],[5.3794,50.84427],[5.37664,50.84187],[5.37647,50.84136],[5.3756,50.84067],[5.37557,50.84044],[5.37458,50.84111],[5.3736,50.8419],[5.37226,50.8427],[5.37028,50.84021],[5.37057,50.8401],[5.36952,50.83927],[5.36919,50.83849],[5.3683,50.83756],[5.36589,50.83538],[5.36494,50.83472],[5.36428,50.83401],[5.3635,50.83334],[5.36091,50.83127],[5.35966,50.83057],[5.35897,50.8301],[5.35749,50.82889],[5.35647,50.82817],[5.35579,50.82754],[5.35495,50.82719],[5.35469,50.82694],[5.35469,50.82588],[5.3538,50.8256],[5.35332,50.82529],[5.35177,50.8238],[5.35018,50.8226],[5.34872,50.82167],[5.34542,50.81929],[5.34488,50.81974],[5.34307,50.82202],[5.34133,50.82095],[5.34049,50.82158],[5.33832,50.81961],[5.33667,50.81858],[5.3356,50.8192],[5.33575,50.81932],[5.33399,50.82046],[5.33328,50.81978],[5.3319,50.82041],[5.32914,50.82179],[5.32948,50.82204],[5.32776,50.82289],[5.32782,50.82298],[5.32575,50.82385],[5.32589,50.82399],[5.32403,50.82477],[5.32377,50.82433],[5.32314,50.82402],[5.32271,50.82411],[5.32218,50.8231],[5.3223,50.82266],[5.32189,50.82201],[5.32156,50.82188],[5.32072,50.82111],[5.31884,50.81976],[5.31879,50.81952],[5.31798,50.81919],[5.3169,50.8189],[5.31584,50.81875],[5.31525,50.8185],[5.31487,50.81777],[5.31413,50.81785],[5.31392,50.8182],[5.31367,50.81763],[5.313,50.81737],[5.31238,50.81742],[5.31054,50.81626],[5.31028,50.8159],[5.30885,50.81486],[5.30763,50.81341],[5.30715,50.81323],[5.30676,50.81286],[5.30658,50.8121],[5.30618,50.81175],[5.3054,50.81232],[5.30501,50.81246],[5.30404,50.81313],[5.30429,50.81331],[5.30381,50.81369],[5.30183,50.81476],[5.30042,50.81574],[5.30187,50.81607],[5.29813,50.81871],[5.30003,50.81982],[5.29878,50.82066],[5.30289,50.82263],[5.29884,50.82363],[5.29692,50.82618],[5.29633,50.82711],[5.29616,50.82707],[5.29536,50.82876],[5.29525,50.82873],[5.29442,50.83032],[5.29455,50.83042],[5.2936,50.83058],[5.29234,50.83136],[5.2919,50.83101],[5.29034,50.8306],[5.28862,50.83183],[5.28711,50.83108],[5.2867,50.83082],[5.2841,50.82725],[5.28352,50.82665],[5.28242,50.82591],[5.28128,50.82538],[5.28042,50.82617],[5.27934,50.82588],[5.27866,50.82554],[5.27749,50.82481],[5.27703,50.82462],[5.27743,50.82385],[5.27549,50.82291],[5.27428,50.82215],[5.27266,50.82131],[5.27148,50.82079],[5.26969,50.82026],[5.26582,50.81833],[5.26543,50.81809],[5.2639,50.81758],[5.26142,50.8165],[5.25928,50.81582],[5.25803,50.81528],[5.25488,50.81424],[5.2532,50.81364],[5.255,50.81173],[5.25502,50.81091],[5.2553,50.809],[5.25204,50.80841],[5.25215,50.80828],[5.25091,50.80797],[5.25132,50.80749],[5.25038,50.80723],[5.25201,50.80349],[5.25166,50.80344],[5.2519,50.80243],[5.25156,50.80239],[5.25208,50.80127],[5.25113,50.801],[5.25248,50.79916],[5.25229,50.79909],[5.25301,50.79777],[5.25173,50.79733],[5.25139,50.79712],[5.25091,50.79546],[5.25053,50.79488],[5.25179,50.79407],[5.25145,50.79378],[5.25224,50.79346],[5.25198,50.79295],[5.2517,50.79301],[5.25194,50.79183],[5.25597,50.79185],[5.25878,50.79181],[5.26314,50.79205],[5.26511,50.79219],[5.2655,50.79203],[5.26689,50.79175],[5.26879,50.79163],[5.27131,50.79136],[5.27265,50.79152],[5.27446,50.79154],[5.27549,50.79171],[5.27754,50.79164],[5.2785,50.79188],[5.27963,50.79187],[5.28264,50.79171],[5.28794,50.79153],[5.28862,50.79147],[5.29565,50.79131],[5.29568,50.79104],[5.29686,50.79102],[5.2973,50.79037],[5.29774,50.79043],[5.29818,50.78906],[5.29919,50.78928],[5.30009,50.78825],[5.30166,50.78739],[5.30343,50.78671],[5.30428,50.78626],[5.30337,50.78552],[5.30429,50.78504],[5.30445,50.78516],[5.30641,50.78394],[5.30621,50.78381],[5.30799,50.78285],[5.30865,50.78348],[5.30922,50.78316],[5.31021,50.78397],[5.31087,50.78368],[5.3116,50.78429],[5.31192,50.78413],[5.31246,50.78458],[5.31172,50.78494],[5.31141,50.78471],[5.31022,50.78533],[5.31103,50.78631],[5.31255,50.7857],[5.31306,50.78617],[5.316,50.78496],[5.31715,50.78606],[5.31731,50.78598],[5.31816,50.78658],[5.31796,50.78687],[5.31846,50.78699],[5.31968,50.78636],[5.32063,50.78596],[5.32155,50.78537],[5.32187,50.78501],[5.32263,50.7848],[5.3239,50.78366],[5.32474,50.78309],[5.32638,50.78283],[5.3277,50.78273],[5.32804,50.78296],[5.32978,50.78192],[5.33013,50.78162],[5.32944,50.78118],[5.3302,50.7807],[5.33026,50.78046],[5.33102,50.7801],[5.3329,50.77965],[5.33357,50.77916],[5.33375,50.77872],[5.33517,50.77711],[5.33631,50.77629],[5.33661,50.77566],[5.33705,50.77537],[5.33715,50.77431],[5.33727,50.77422],[5.33943,50.77499],[5.34086,50.77539],[5.34123,50.7763],[5.34383,50.77693],[5.34367,50.77715],[5.34481,50.77765],[5.34701,50.77884],[5.34747,50.77922],[5.34815,50.77944],[5.34863,50.77852],[5.35024,50.77875],[5.35026,50.77903],[5.35476,50.7791],[5.35615,50.77927],[5.35816,50.77967],[5.36003,50.77979],[5.3597,50.78023],[5.35905,50.7807],[5.3597,50.78212],[5.35954,50.78269],[5.36147,50.78327],[5.36109,50.78478],[5.36108,50.78523],[5.36162,50.78512],[5.36631,50.78312],[5.36746,50.7824],[5.36847,50.78159],[5.37141,50.77988],[5.3734,50.77851],[5.37381,50.77828],[5.37807,50.77468],[5.37879,50.77418],[5.38047,50.77006],[5.38085,50.76946],[5.3845,50.76975],[5.38905,50.77001],[5.39043,50.76924],[5.39172,50.76827],[5.39215,50.7685],[5.39256,50.76814],[5.39179,50.76782],[5.39263,50.76713],[5.3918,50.76654],[5.39255,50.76605],[5.39384,50.76559],[5.39426,50.76534],[5.39454,50.76542],[5.3954,50.7649],[5.39578,50.76508],[5.39686,50.76421],[5.39768,50.76471],[5.39754,50.76482],[5.39824,50.76526],[5.3986,50.76526],[5.39871,50.76481],[5.3979,50.76428],[5.39877,50.76348],[5.39984,50.76399],[5.4003,50.76353],[5.40048,50.76449],[5.40117,50.7644],[5.40182,50.76412],[5.4022,50.76377],[5.40133,50.76306],[5.40107,50.76319],[5.40031,50.76231],[5.40049,50.76089],[5.40001,50.76046],[5.39992,50.76005],[5.39953,50.75975],[5.39988,50.75958],[5.39901,50.75878],[5.39913,50.75873],[5.39811,50.75771],[5.39895,50.75734],[5.39837,50.75692],[5.39961,50.75624],[5.40029,50.75674],[5.40153,50.75611],[5.40074,50.75566],[5.39948,50.75515],[5.39985,50.75488],[5.39801,50.75411],[5.39827,50.75389],[5.39654,50.753],[5.39426,50.75222],[5.39372,50.75195],[5.39345,50.75154],[5.39402,50.75127],[5.39485,50.7504],[5.39256,50.7494],[5.39216,50.74973],[5.39307,50.75007],[5.39258,50.75063],[5.39131,50.75014],[5.39138,50.75007],[5.39025,50.74971],[5.39064,50.74927],[5.38898,50.74876],[5.38959,50.74797]]]}}]}