{"type":"FeatureCollection","bbox":[4.968553,49.496982,6.034388,50.430613],"license":"Open Database License (ODbL) v1.0","attribution":"© OpenStreetMap contributors","generatedAt":"2026-09-20T12:46:12.453Z","features":[{"type":"Feature","id":"81001","bbox":[5.678462,49.621875,5.910675,49.727215],"properties":{"nis":"81001","name":"Arlon","nameNl":"Aarlen","nameFr":"Arlon","nameDe":"Arel","province":"luxembourg","region":"wallonia","areaKm2":118.71},"geometry":{"type":"Polygon","coordinates":[[[5.70928,49.70752],[5.70681,49.70732],[5.7055,49.70748],[5.70452,49.70828],[5.7037,49.70861],[5.70136,49.70897],[5.70075,49.71034],[5.70065,49.71138],[5.70171,49.71201],[5.70101,49.71271],[5.69942,49.7131],[5.69837,49.71162],[5.69797,49.71168],[5.69768,49.71131],[5.69806,49.71088],[5.69913,49.71011],[5.6989,49.71002],[5.69825,49.71035],[5.69763,49.7104],[5.69698,49.71071],[5.69601,49.71093],[5.69504,49.71104],[5.69515,49.71056],[5.69488,49.71055],[5.69633,49.70892],[5.69475,49.70841],[5.69404,49.70811],[5.69468,49.7071],[5.69484,49.70643],[5.69466,49.70581],[5.69442,49.70562],[5.69342,49.7053],[5.69315,49.7054],[5.69272,49.70471],[5.69243,49.70466],[5.69364,49.70291],[5.69259,49.70262],[5.69331,49.70149],[5.69281,49.70139],[5.693,49.7005],[5.69316,49.69903],[5.69249,49.69904],[5.69314,49.69731],[5.69288,49.69726],[5.69273,49.69647],[5.69279,49.6961],[5.69321,49.6954],[5.69072,49.69499],[5.68919,49.69446],[5.68773,49.69402],[5.6878,49.69378],[5.68712,49.69362],[5.68737,49.6926],[5.68772,49.69161],[5.68732,49.69145],[5.68747,49.69116],[5.68678,49.6912],[5.68668,49.691],[5.68432,49.69085],[5.68505,49.68999],[5.68497,49.68928],[5.68237,49.68921],[5.6821,49.68845],[5.68183,49.68832],[5.6813,49.68757],[5.6788,49.68743],[5.67846,49.68733],[5.6789,49.68698],[5.67889,49.68659],[5.6799,49.6852],[5.68056,49.68521],[5.68152,49.68502],[5.68122,49.6845],[5.68158,49.68414],[5.68132,49.68408],[5.68197,49.68371],[5.68207,49.68311],[5.68296,49.68282],[5.68388,49.6824],[5.68411,49.68193],[5.68395,49.68157],[5.68405,49.68113],[5.68453,49.68072],[5.68457,49.68021],[5.68432,49.67954],[5.68469,49.67932],[5.6853,49.67868],[5.6857,49.67871],[5.68603,49.67815],[5.68651,49.67796],[5.68668,49.6782],[5.68747,49.67797],[5.68764,49.67746],[5.68791,49.67737],[5.68809,49.67688],[5.68779,49.67651],[5.68812,49.67601],[5.68791,49.67562],[5.68807,49.67525],[5.68852,49.67217],[5.68887,49.67095],[5.68984,49.66966],[5.69273,49.66704],[5.69411,49.66626],[5.69485,49.66434],[5.69519,49.66325],[5.69586,49.66055],[5.69589,49.65847],[5.69529,49.65752],[5.69532,49.65724],[5.69931,49.65686],[5.69922,49.65603],[5.69818,49.65502],[5.69811,49.65334],[5.69797,49.65217],[5.69814,49.65064],[5.69767,49.64962],[5.69586,49.64833],[5.69527,49.64772],[5.69427,49.64629],[5.69363,49.64579],[5.69541,49.64569],[5.6976,49.64563],[5.69823,49.64574],[5.69912,49.64607],[5.70015,49.64621],[5.70203,49.64568],[5.70394,49.64564],[5.70588,49.64579],[5.7071,49.64509],[5.70762,49.64499],[5.70788,49.64469],[5.70921,49.64458],[5.70925,49.6443],[5.70968,49.64394],[5.71042,49.64363],[5.71092,49.6432],[5.71124,49.6432],[5.71191,49.64231],[5.71298,49.64144],[5.71381,49.64129],[5.71439,49.64102],[5.7153,49.64102],[5.71591,49.64117],[5.71588,49.64144],[5.71655,49.64159],[5.71737,49.64209],[5.71755,49.64239],[5.71899,49.64282],[5.71989,49.64278],[5.72408,49.64225],[5.72825,49.64157],[5.72917,49.63928],[5.73068,49.63696],[5.73168,49.63732],[5.73304,49.63822],[5.7346,49.63954],[5.73488,49.6399],[5.73533,49.64095],[5.73649,49.641],[5.73731,49.64067],[5.7377,49.64002],[5.73787,49.63938],[5.73757,49.63908],[5.73696,49.63799],[5.73734,49.63778],[5.73677,49.63725],[5.73651,49.63661],[5.73855,49.6361],[5.73951,49.6358],[5.73912,49.6355],[5.73901,49.63496],[5.73795,49.63105],[5.7386,49.631],[5.73844,49.63044],[5.7389,49.62995],[5.73878,49.62913],[5.73927,49.62832],[5.73971,49.62733],[5.7396,49.62669],[5.74097,49.62601],[5.74197,49.62642],[5.74314,49.62552],[5.7379,49.62373],[5.73883,49.62253],[5.7413,49.62319],[5.74387,49.6238],[5.74378,49.62393],[5.74521,49.62419],[5.74618,49.62359],[5.74572,49.62327],[5.7473,49.62187],[5.74809,49.62204],[5.74863,49.62236],[5.75014,49.62296],[5.75071,49.62279],[5.75156,49.62218],[5.75181,49.62214],[5.75256,49.62248],[5.75315,49.62296],[5.75463,49.62381],[5.75637,49.6251],[5.75729,49.62555],[5.75804,49.62499],[5.75921,49.62548],[5.7595,49.62519],[5.7612,49.62582],[5.76208,49.62491],[5.76241,49.62432],[5.76274,49.62436],[5.76465,49.62427],[5.76542,49.62443],[5.76648,49.62418],[5.76746,49.62411],[5.76824,49.62382],[5.76936,49.62416],[5.76996,49.624],[5.77133,49.62392],[5.77162,49.62403],[5.77265,49.62368],[5.77346,49.62387],[5.77507,49.62339],[5.77542,49.6238],[5.77598,49.62363],[5.77824,49.6265],[5.77768,49.6268],[5.77819,49.62728],[5.77758,49.62765],[5.77838,49.62801],[5.7788,49.62879],[5.77787,49.62886],[5.77794,49.62925],[5.77767,49.62925],[5.77763,49.63082],[5.7788,49.6309],[5.77854,49.63231],[5.77914,49.63252],[5.78,49.63379],[5.7806,49.6337],[5.78156,49.6334],[5.78246,49.63411],[5.78356,49.63419],[5.78399,49.63384],[5.78418,49.6327],[5.78454,49.63224],[5.78633,49.63207],[5.78724,49.63216],[5.78782,49.63199],[5.78841,49.63211],[5.78862,49.63236],[5.7883,49.63251],[5.7887,49.63315],[5.78769,49.63329],[5.78854,49.63468],[5.78911,49.63457],[5.78923,49.63509],[5.78822,49.63614],[5.78768,49.63694],[5.7873,49.63719],[5.78708,49.63771],[5.78653,49.63779],[5.78653,49.63838],[5.78583,49.6389],[5.78536,49.63876],[5.78456,49.63899],[5.78401,49.6396],[5.78324,49.64],[5.78379,49.64036],[5.78324,49.64112],[5.78258,49.64163],[5.78372,49.64221],[5.78417,49.6418],[5.78674,49.64278],[5.78639,49.6445],[5.78704,49.64471],[5.78661,49.64529],[5.78621,49.6478],[5.78633,49.64848],[5.7861,49.64886],[5.78638,49.64992],[5.78638,49.65177],[5.78667,49.65328],[5.78797,49.65348],[5.78933,49.6539],[5.79234,49.65537],[5.79336,49.65314],[5.79353,49.65237],[5.79329,49.65175],[5.79265,49.65087],[5.79291,49.64986],[5.79344,49.64917],[5.79422,49.64845],[5.79441,49.64764],[5.79429,49.64723],[5.79944,49.64634],[5.79947,49.647],[5.79971,49.64701],[5.79951,49.64762],[5.79908,49.64838],[5.79873,49.64864],[5.80092,49.64841],[5.80132,49.64825],[5.80163,49.64782],[5.80185,49.64708],[5.80233,49.64714],[5.80227,49.64751],[5.80257,49.64758],[5.80292,49.64728],[5.80356,49.64922],[5.80345,49.65062],[5.80408,49.6516],[5.80436,49.65226],[5.80471,49.65253],[5.80481,49.65393],[5.80707,49.65394],[5.80708,49.65373],[5.80856,49.65386],[5.80838,49.65455],[5.80897,49.65463],[5.80873,49.65613],[5.80908,49.65777],[5.80965,49.65885],[5.80973,49.66003],[5.81101,49.66006],[5.81322,49.65765],[5.81348,49.6573],[5.81242,49.65703],[5.8128,49.65633],[5.81316,49.65594],[5.81323,49.65547],[5.81362,49.65553],[5.81401,49.65492],[5.81475,49.65425],[5.81576,49.65301],[5.81627,49.65315],[5.81656,49.65275],[5.81742,49.65107],[5.81807,49.6511],[5.81819,49.65023],[5.81883,49.65021],[5.81681,49.64394],[5.81582,49.6438],[5.81458,49.64343],[5.81317,49.64258],[5.8132,49.64248],[5.81163,49.64151],[5.8124,49.64015],[5.81436,49.64025],[5.81808,49.64026],[5.81826,49.64189],[5.82272,49.64288],[5.82273,49.64428],[5.82493,49.64489],[5.82618,49.64543],[5.82621,49.64646],[5.8286,49.64684],[5.82933,49.64523],[5.83004,49.64527],[5.83102,49.64666],[5.83293,49.64532],[5.83583,49.6455],[5.83667,49.64365],[5.83759,49.64388],[5.84075,49.64205],[5.84183,49.64329],[5.84395,49.64554],[5.84564,49.64509],[5.84494,49.64419],[5.84797,49.64348],[5.84797,49.64226],[5.85348,49.64213],[5.85341,49.64087],[5.85882,49.64066],[5.86344,49.64141],[5.86419,49.64025],[5.86451,49.63946],[5.86743,49.63515],[5.86811,49.63458],[5.86861,49.63467],[5.86835,49.63389],[5.86787,49.6333],[5.86671,49.63148],[5.86723,49.63118],[5.86662,49.63065],[5.86633,49.62979],[5.87185,49.6281],[5.87403,49.62789],[5.87643,49.6269],[5.87572,49.62611],[5.87705,49.62578],[5.87806,49.62519],[5.88009,49.6233],[5.88017,49.62397],[5.88075,49.62406],[5.88085,49.6244],[5.88124,49.6243],[5.88162,49.62475],[5.88241,49.62498],[5.8826,49.6253],[5.88287,49.62522],[5.88321,49.62558],[5.88376,49.62567],[5.88442,49.62622],[5.88471,49.62621],[5.88554,49.62656],[5.88568,49.62683],[5.88633,49.62725],[5.88678,49.62732],[5.88609,49.62796],[5.88549,49.62889],[5.88582,49.62902],[5.88478,49.62978],[5.88414,49.63006],[5.88337,49.63061],[5.88271,49.63095],[5.88386,49.63298],[5.88455,49.63336],[5.88487,49.6333],[5.88562,49.63347],[5.88645,49.63395],[5.88691,49.63495],[5.88966,49.63539],[5.89229,49.63624],[5.89435,49.63629],[5.89531,49.63627],[5.89762,49.63582],[5.89841,49.63505],[5.89896,49.63438],[5.90102,49.63525],[5.90278,49.63592],[5.90319,49.63616],[5.90423,49.63705],[5.90612,49.63837],[5.90771,49.63907],[5.90682,49.63963],[5.90549,49.64016],[5.90537,49.64076],[5.90435,49.64139],[5.90415,49.64186],[5.90422,49.64227],[5.90421,49.64383],[5.90412,49.64561],[5.90291,49.64554],[5.90222,49.64595],[5.90254,49.64692],[5.90269,49.64692],[5.90223,49.6489],[5.90221,49.64942],[5.9024,49.65048],[5.90284,49.65135],[5.90173,49.65144],[5.90188,49.65181],[5.90222,49.65179],[5.90261,49.65324],[5.90296,49.65383],[5.90452,49.65449],[5.90541,49.65476],[5.90443,49.65559],[5.90376,49.65662],[5.90297,49.65759],[5.90433,49.65954],[5.9045,49.65998],[5.90506,49.66072],[5.90487,49.66108],[5.90692,49.66187],[5.90786,49.66214],[5.90876,49.66216],[5.91068,49.66247],[5.90998,49.66331],[5.9095,49.66429],[5.90865,49.6655],[5.9078,49.66577],[5.90601,49.6656],[5.90548,49.66539],[5.90501,49.66495],[5.90405,49.66475],[5.90348,49.6642],[5.90239,49.66404],[5.90167,49.66441],[5.9015,49.66506],[5.90153,49.66563],[5.90128,49.66581],[5.90146,49.66632],[5.90301,49.66702],[5.90303,49.66737],[5.90261,49.6676],[5.90253,49.66802],[5.90216,49.66819],[5.90161,49.66811],[5.90121,49.66765],[5.90067,49.66736],[5.90089,49.66676],[5.89999,49.66595],[5.89907,49.66597],[5.89809,49.66635],[5.89747,49.6669],[5.89731,49.66736],[5.89633,49.66822],[5.89634,49.66851],[5.89581,49.66875],[5.89513,49.6685],[5.89418,49.6678],[5.89374,49.66629],[5.89293,49.6662],[5.89215,49.66653],[5.89188,49.66693],[5.89212,49.66756],[5.89144,49.66816],[5.8914,49.66863],[5.89086,49.6689],[5.89029,49.6694],[5.89011,49.66976],[5.89015,49.67047],[5.88969,49.6705],[5.88897,49.67019],[5.88748,49.66972],[5.88741,49.66928],[5.88704,49.66869],[5.8873,49.66845],[5.8871,49.6679],[5.8865,49.66789],[5.88509,49.66867],[5.88473,49.66903],[5.88463,49.66942],[5.885,49.66985],[5.88506,49.67048],[5.88432,49.67054],[5.88333,49.67022],[5.88239,49.6703],[5.88242,49.67169],[5.88147,49.67199],[5.88089,49.67204],[5.88021,49.67231],[5.87917,49.67288],[5.87884,49.67281],[5.87785,49.67332],[5.87761,49.67324],[5.87694,49.67343],[5.87391,49.67326],[5.87107,49.67494],[5.87019,49.67535],[5.86891,49.67518],[5.8675,49.67515],[5.86694,49.67531],[5.86538,49.67609],[5.86245,49.67966],[5.86182,49.68107],[5.86235,49.68158],[5.86235,49.68218],[5.86287,49.68306],[5.86251,49.68398],[5.86265,49.68456],[5.86388,49.68646],[5.86427,49.68658],[5.86409,49.68716],[5.86455,49.68736],[5.86425,49.68798],[5.86431,49.68826],[5.8634,49.6885],[5.86468,49.68949],[5.86525,49.69004],[5.86568,49.69078],[5.86688,49.69169],[5.86698,49.69215],[5.86648,49.69268],[5.86573,49.693],[5.8667,49.69436],[5.86743,49.69451],[5.86819,49.69445],[5.86903,49.69477],[5.87011,49.69621],[5.87057,49.69716],[5.87135,49.6979],[5.87181,49.69846],[5.87226,49.69839],[5.87312,49.69857],[5.87469,49.69936],[5.87574,49.70003],[5.87794,49.70121],[5.87966,49.70281],[5.88089,49.70439],[5.88136,49.70475],[5.88193,49.70543],[5.88317,49.70649],[5.88501,49.70767],[5.88651,49.70903],[5.88698,49.70931],[5.88597,49.70971],[5.88485,49.71034],[5.88363,49.71126],[5.88344,49.71168],[5.88261,49.71199],[5.88185,49.71293],[5.88021,49.71356],[5.87839,49.71445],[5.87733,49.71488],[5.87589,49.71522],[5.87502,49.71561],[5.87473,49.71599],[5.87474,49.71678],[5.8742,49.71745],[5.8766,49.71812],[5.87558,49.71941],[5.87531,49.71963],[5.87492,49.72047],[5.87504,49.72072],[5.87562,49.72098],[5.87543,49.72158],[5.87517,49.72188],[5.87351,49.7216],[5.87069,49.72162],[5.87029,49.72255],[5.87048,49.72338],[5.8696,49.72378],[5.86977,49.72391],[5.86729,49.72565],[5.86682,49.7262],[5.86619,49.72635],[5.86586,49.72661],[5.86479,49.72695],[5.86295,49.72671],[5.86163,49.72627],[5.86038,49.72686],[5.86002,49.72721],[5.85962,49.72692],[5.85776,49.72634],[5.85696,49.72598],[5.8559,49.72521],[5.85447,49.72466],[5.85191,49.7244],[5.85002,49.72395],[5.84713,49.72273],[5.84646,49.72225],[5.84459,49.72134],[5.84284,49.72126],[5.84086,49.72149],[5.83964,49.72205],[5.83893,49.72227],[5.83785,49.72301],[5.83831,49.7236],[5.83761,49.72402],[5.83666,49.72405],[5.83551,49.72431],[5.83526,49.72451],[5.83469,49.72442],[5.83447,49.72406],[5.83345,49.72418],[5.83251,49.72442],[5.83159,49.72451],[5.83009,49.72422],[5.82825,49.72374],[5.82679,49.72355],[5.82629,49.72356],[5.8266,49.72192],[5.82646,49.71989],[5.82634,49.71895],[5.82567,49.71865],[5.82465,49.71842],[5.823,49.71843],[5.82243,49.71802],[5.82123,49.71809],[5.82075,49.71762],[5.81936,49.71695],[5.81865,49.71716],[5.81734,49.7169],[5.8162,49.71644],[5.81538,49.71625],[5.815,49.7166],[5.81436,49.71685],[5.81251,49.71709],[5.81228,49.71748],[5.8124,49.71783],[5.81211,49.71838],[5.81144,49.71864],[5.8095,49.71855],[5.80907,49.71868],[5.80823,49.71859],[5.80766,49.71875],[5.80659,49.71861],[5.80597,49.71833],[5.8047,49.71812],[5.80403,49.71849],[5.80313,49.71856],[5.80211,49.71902],[5.79983,49.71879],[5.79905,49.71852],[5.7997,49.71814],[5.80066,49.71724],[5.8015,49.71552],[5.79907,49.71469],[5.79877,49.71512],[5.79666,49.71454],[5.79435,49.71348],[5.79423,49.71319],[5.79533,49.71121],[5.79564,49.71048],[5.7947,49.71018],[5.79393,49.70976],[5.79229,49.70911],[5.79205,49.70913],[5.79182,49.70997],[5.79131,49.71003],[5.79135,49.71047],[5.79078,49.71064],[5.78912,49.71135],[5.7881,49.71154],[5.78818,49.71174],[5.78702,49.71132],[5.78654,49.71172],[5.78701,49.71202],[5.78561,49.71294],[5.78566,49.71448],[5.78462,49.71496],[5.78602,49.71592],[5.78717,49.7166],[5.78639,49.71722],[5.78575,49.71801],[5.78569,49.71876],[5.78679,49.72023],[5.78517,49.72124],[5.78489,49.72201],[5.7836,49.72221],[5.78105,49.72229],[5.77952,49.72213],[5.7783,49.72236],[5.77765,49.72234],[5.7769,49.72216],[5.77554,49.7214],[5.77476,49.72107],[5.77399,49.72087],[5.77207,49.72021],[5.7707,49.72045],[5.76978,49.72038],[5.76856,49.71991],[5.76813,49.71944],[5.76834,49.71863],[5.7682,49.71828],[5.76754,49.71813],[5.76621,49.71898],[5.76467,49.71927],[5.76308,49.71914],[5.76316,49.71852],[5.76229,49.71721],[5.76195,49.71633],[5.76135,49.71567],[5.76128,49.71484],[5.76107,49.71417],[5.76038,49.71313],[5.76063,49.71276],[5.75997,49.71231],[5.75968,49.71246],[5.75884,49.71119],[5.75865,49.7112],[5.75789,49.71022],[5.75694,49.71011],[5.75642,49.71072],[5.75555,49.71116],[5.75476,49.7108],[5.75141,49.70957],[5.75121,49.70976],[5.74946,49.7091],[5.74854,49.70993],[5.74789,49.70984],[5.74778,49.70998],[5.7469,49.70976],[5.74627,49.70939],[5.74594,49.70894],[5.7453,49.70852],[5.74426,49.7093],[5.74359,49.70883],[5.74393,49.70864],[5.74346,49.70845],[5.74114,49.70798],[5.73889,49.70693],[5.73868,49.70661],[5.73793,49.70612],[5.7369,49.70506],[5.73653,49.70339],[5.73597,49.70337],[5.73577,49.7022],[5.73608,49.70213],[5.73563,49.70186],[5.73491,49.70208],[5.7338,49.70136],[5.73129,49.7006],[5.73047,49.7002],[5.72995,49.69969],[5.72916,49.69922],[5.72938,49.69863],[5.7294,49.6977],[5.72844,49.69775],[5.72832,49.69663],[5.72621,49.6967],[5.7253,49.69683],[5.72368,49.69786],[5.72126,49.69791],[5.71733,49.69899],[5.7148,49.69977],[5.71315,49.70018],[5.7111,49.70285],[5.70971,49.70538],[5.70955,49.70638],[5.70928,49.70752]]]}},{"type":"Feature","id":"81003","bbox":[5.676425,49.696635,5.832646,49.79665],"properties":{"nis":"81003","name":"Attert","nameNl":"Attert","nameFr":"Attert","nameDe":"Attert","province":"luxembourg","region":"wallonia","areaKm2":70.86},"geometry":{"type":"Polygon","coordinates":[[[5.82629,49.72356],[5.82599,49.72397],[5.82516,49.72464],[5.82472,49.72524],[5.82433,49.72607],[5.8254,49.72646],[5.82691,49.7269],[5.82659,49.72784],[5.82657,49.72833],[5.82715,49.7289],[5.82648,49.7298],[5.82579,49.73104],[5.82537,49.73204],[5.82685,49.73239],[5.82755,49.73263],[5.82808,49.73296],[5.82826,49.7334],[5.82809,49.73382],[5.82821,49.73566],[5.82787,49.73697],[5.82849,49.73718],[5.82781,49.73802],[5.82744,49.73913],[5.82995,49.74054],[5.83141,49.741],[5.83264,49.74147],[5.8317,49.74219],[5.83039,49.74337],[5.83136,49.74482],[5.83236,49.74694],[5.83191,49.74767],[5.8316,49.74782],[5.83083,49.74867],[5.83046,49.74962],[5.82889,49.75009],[5.82798,49.75026],[5.82403,49.74932],[5.82302,49.74947],[5.82234,49.75017],[5.82139,49.75085],[5.82046,49.75127],[5.82086,49.75326],[5.81962,49.75373],[5.81785,49.75398],[5.81791,49.75473],[5.81663,49.75802],[5.81597,49.76221],[5.81453,49.76311],[5.81111,49.76536],[5.80944,49.76533],[5.80864,49.76699],[5.80863,49.76771],[5.8082,49.76839],[5.80783,49.76986],[5.80763,49.7716],[5.80724,49.77247],[5.80599,49.77387],[5.80513,49.77472],[5.80414,49.77616],[5.80343,49.7766],[5.79989,49.77771],[5.79943,49.77807],[5.79899,49.77989],[5.79887,49.7808],[5.79847,49.78184],[5.79805,49.78235],[5.79708,49.78315],[5.79465,49.78463],[5.79443,49.785],[5.79193,49.78713],[5.79164,49.7879],[5.79191,49.78867],[5.7933,49.79057],[5.79147,49.79383],[5.79097,49.79445],[5.79036,49.79576],[5.79004,49.79581],[5.78839,49.79665],[5.78691,49.7964],[5.78588,49.79637],[5.78519,49.79617],[5.78492,49.79526],[5.78412,49.79445],[5.7825,49.79327],[5.78212,49.79321],[5.78193,49.79285],[5.78134,49.79227],[5.78059,49.7927],[5.77803,49.79381],[5.77741,49.79444],[5.7769,49.7946],[5.77479,49.79453],[5.7737,49.79427],[5.77217,49.79332],[5.7717,49.79319],[5.77114,49.79377],[5.77026,49.79424],[5.76984,49.79385],[5.76927,49.79427],[5.76828,49.79398],[5.76718,49.79382],[5.76604,49.79342],[5.76519,49.79382],[5.76443,49.7933],[5.76353,49.79318],[5.7629,49.79324],[5.76136,49.79305],[5.76141,49.79287],[5.75956,49.79255],[5.75772,49.79208],[5.75695,49.79182],[5.75516,49.79145],[5.7551,49.79115],[5.7535,49.791],[5.75343,49.79031],[5.75226,49.78986],[5.75076,49.78966],[5.75082,49.78855],[5.75112,49.78816],[5.74981,49.7878],[5.75043,49.78575],[5.75057,49.78337],[5.74517,49.77994],[5.74256,49.77997],[5.74227,49.77921],[5.74169,49.77917],[5.74126,49.77884],[5.74029,49.77842],[5.73985,49.77795],[5.73925,49.77778],[5.73796,49.77714],[5.73704,49.77682],[5.73685,49.77695],[5.73525,49.77635],[5.73464,49.77574],[5.73501,49.77516],[5.73417,49.77449],[5.73351,49.77418],[5.73045,49.77456],[5.72957,49.77478],[5.72893,49.77379],[5.72864,49.77291],[5.72834,49.7727],[5.7258,49.77206],[5.72393,49.77285],[5.7227,49.77376],[5.72208,49.77393],[5.72053,49.77251],[5.71801,49.77311],[5.71777,49.77485],[5.7178,49.77517],[5.71742,49.77519],[5.71746,49.77589],[5.71581,49.77566],[5.71434,49.77588],[5.71193,49.77535],[5.71285,49.77495],[5.71275,49.77485],[5.71318,49.77189],[5.71318,49.77091],[5.71305,49.77002],[5.71163,49.76826],[5.71124,49.76748],[5.70698,49.76429],[5.70877,49.76221],[5.70821,49.76194],[5.70775,49.76119],[5.70809,49.76104],[5.70602,49.75794],[5.70338,49.75666],[5.70404,49.75616],[5.69342,49.75414],[5.69053,49.75208],[5.69004,49.74995],[5.68912,49.74862],[5.68777,49.74697],[5.68615,49.7459],[5.68632,49.74487],[5.68513,49.7441],[5.68366,49.74358],[5.682,49.74352],[5.68084,49.7434],[5.67989,49.743],[5.67918,49.74258],[5.67642,49.74144],[5.6781,49.74126],[5.67946,49.74097],[5.67968,49.74044],[5.67832,49.74027],[5.67736,49.73996],[5.67937,49.73785],[5.68211,49.7356],[5.68246,49.73501],[5.68275,49.73424],[5.68281,49.73365],[5.68323,49.73283],[5.68466,49.73048],[5.68531,49.72964],[5.68608,49.72953],[5.68596,49.72843],[5.68888,49.72892],[5.68962,49.72861],[5.69064,49.72797],[5.69097,49.72751],[5.69116,49.72467],[5.6918,49.7244],[5.69207,49.72445],[5.69329,49.72392],[5.69395,49.72411],[5.6947,49.72393],[5.69512,49.72397],[5.69564,49.72377],[5.6957,49.72355],[5.69647,49.72369],[5.69683,49.72361],[5.6974,49.72295],[5.69832,49.72254],[5.69852,49.72227],[5.69833,49.72127],[5.69868,49.72119],[5.69973,49.72124],[5.69957,49.72059],[5.69927,49.72005],[5.69856,49.72029],[5.69888,49.71921],[5.69842,49.71917],[5.69869,49.7184],[5.69892,49.71814],[5.69886,49.71771],[5.69984,49.7168],[5.70073,49.71689],[5.70145,49.71681],[5.70139,49.71652],[5.70193,49.7161],[5.70263,49.71611],[5.70322,49.71588],[5.70347,49.71603],[5.70412,49.71591],[5.70444,49.71561],[5.70573,49.71522],[5.70626,49.71474],[5.70592,49.71432],[5.70626,49.71424],[5.70672,49.71361],[5.70649,49.71327],[5.70612,49.71318],[5.7063,49.71295],[5.70589,49.71249],[5.70553,49.71174],[5.7058,49.71133],[5.70628,49.71148],[5.70664,49.71092],[5.70735,49.71089],[5.70867,49.70995],[5.70928,49.70752],[5.70955,49.70638],[5.70971,49.70538],[5.7111,49.70285],[5.71315,49.70018],[5.7148,49.69977],[5.71733,49.69899],[5.72126,49.69791],[5.72368,49.69786],[5.7253,49.69683],[5.72621,49.6967],[5.72832,49.69663],[5.72844,49.69775],[5.7294,49.6977],[5.72938,49.69863],[5.72916,49.69922],[5.72995,49.69969],[5.73047,49.7002],[5.73129,49.7006],[5.7338,49.70136],[5.73491,49.70208],[5.73563,49.70186],[5.73608,49.70213],[5.73577,49.7022],[5.73597,49.70337],[5.73653,49.70339],[5.7369,49.70506],[5.73793,49.70612],[5.73868,49.70661],[5.73889,49.70693],[5.74114,49.70798],[5.74346,49.70845],[5.74393,49.70864],[5.74359,49.70883],[5.74426,49.7093],[5.7453,49.70852],[5.74594,49.70894],[5.74627,49.70939],[5.7469,49.70976],[5.74778,49.70998],[5.74789,49.70984],[5.74854,49.70993],[5.74946,49.7091],[5.75121,49.70976],[5.75141,49.70957],[5.75476,49.7108],[5.75555,49.71116],[5.75642,49.71072],[5.75694,49.71011],[5.75789,49.71022],[5.75865,49.7112],[5.75884,49.71119],[5.75968,49.71246],[5.75997,49.71231],[5.76063,49.71276],[5.76038,49.71313],[5.76107,49.71417],[5.76128,49.71484],[5.76135,49.71567],[5.76195,49.71633],[5.76229,49.71721],[5.76316,49.71852],[5.76308,49.71914],[5.76467,49.71927],[5.76621,49.71898],[5.76754,49.71813],[5.7682,49.71828],[5.76834,49.71863],[5.76813,49.71944],[5.76856,49.71991],[5.76978,49.72038],[5.7707,49.72045],[5.77207,49.72021],[5.77399,49.72087],[5.77476,49.72107],[5.77554,49.7214],[5.7769,49.72216],[5.77765,49.72234],[5.7783,49.72236],[5.77952,49.72213],[5.78105,49.72229],[5.7836,49.72221],[5.78489,49.72201],[5.78517,49.72124],[5.78679,49.72023],[5.78569,49.71876],[5.78575,49.71801],[5.78639,49.71722],[5.78717,49.7166],[5.78602,49.71592],[5.78462,49.71496],[5.78566,49.71448],[5.78561,49.71294],[5.78701,49.71202],[5.78654,49.71172],[5.78702,49.71132],[5.78818,49.71174],[5.7881,49.71154],[5.78912,49.71135],[5.79078,49.71064],[5.79135,49.71047],[5.79131,49.71003],[5.79182,49.70997],[5.79205,49.70913],[5.79229,49.70911],[5.79393,49.70976],[5.7947,49.71018],[5.79564,49.71048],[5.79533,49.71121],[5.79423,49.71319],[5.79435,49.71348],[5.79666,49.71454],[5.79877,49.71512],[5.79907,49.71469],[5.8015,49.71552],[5.80066,49.71724],[5.7997,49.71814],[5.79905,49.71852],[5.79983,49.71879],[5.80211,49.71902],[5.80313,49.71856],[5.80403,49.71849],[5.8047,49.71812],[5.80597,49.71833],[5.80659,49.71861],[5.80766,49.71875],[5.80823,49.71859],[5.80907,49.71868],[5.8095,49.71855],[5.81144,49.71864],[5.81211,49.71838],[5.8124,49.71783],[5.81228,49.71748],[5.81251,49.71709],[5.81436,49.71685],[5.815,49.7166],[5.81538,49.71625],[5.8162,49.71644],[5.81734,49.7169],[5.81865,49.71716],[5.81936,49.71695],[5.82075,49.71762],[5.82123,49.71809],[5.82243,49.71802],[5.823,49.71843],[5.82465,49.71842],[5.82567,49.71865],[5.82634,49.71895],[5.82646,49.71989],[5.8266,49.72192],[5.82629,49.72356]]]}},{"type":"Feature","id":"81004","bbox":[5.703645,49.5388,5.873276,49.611762],"properties":{"nis":"81004","name":"Aubange","nameNl":"Aubange","nameFr":"Aubange","nameDe":"Ibingen","province":"luxembourg","region":"wallonia","areaKm2":45.95},"geometry":{"type":"Polygon","coordinates":[[[5.8486,49.59725],[5.84798,49.59697],[5.84459,49.59372],[5.84413,49.59339],[5.84315,49.59237],[5.8418,49.5904],[5.84036,49.58906],[5.83926,49.58831],[5.83906,49.58797],[5.83904,49.58745],[5.83849,49.58674],[5.83924,49.58611],[5.83992,49.58538],[5.83972,49.58532],[5.84072,49.58413],[5.83991,49.58397],[5.84047,49.58333],[5.84027,49.58325],[5.8407,49.58282],[5.8402,49.5826],[5.84186,49.58134],[5.8415,49.58119],[5.8422,49.58037],[5.8416,49.58013],[5.84218,49.5796],[5.84182,49.57947],[5.84018,49.57815],[5.84048,49.57796],[5.8402,49.57767],[5.84146,49.57663],[5.8419,49.57615],[5.84163,49.57603],[5.84226,49.57534],[5.84086,49.57489],[5.84181,49.57306],[5.84051,49.57266],[5.83897,49.57248],[5.83814,49.57216],[5.83809,49.57195],[5.83745,49.57206],[5.83609,49.57195],[5.83482,49.57201],[5.83318,49.57246],[5.83245,49.57301],[5.8323,49.5737],[5.83181,49.57407],[5.83176,49.5744],[5.83117,49.57433],[5.83124,49.57509],[5.83114,49.57579],[5.8306,49.57618],[5.82998,49.57627],[5.82909,49.57537],[5.82836,49.57434],[5.82794,49.57394],[5.82691,49.57325],[5.82666,49.57338],[5.8257,49.57273],[5.82532,49.57296],[5.8249,49.57274],[5.82384,49.57354],[5.8229,49.57407],[5.82272,49.57466],[5.82247,49.57462],[5.82241,49.57516],[5.82193,49.57507],[5.82166,49.57537],[5.82125,49.57525],[5.81971,49.57694],[5.81924,49.57678],[5.819,49.57701],[5.81866,49.5769],[5.81766,49.57775],[5.81785,49.57786],[5.81634,49.57823],[5.81523,49.57877],[5.81465,49.57941],[5.81221,49.58047],[5.81215,49.58073],[5.81124,49.58058],[5.80995,49.58121],[5.80749,49.58199],[5.80604,49.58278],[5.80543,49.58347],[5.8039,49.58453],[5.80338,49.5847],[5.80115,49.58587],[5.80028,49.58624],[5.79777,49.58773],[5.7975,49.58773],[5.79788,49.58814],[5.79774,49.58847],[5.79827,49.58921],[5.79692,49.58817],[5.79586,49.58882],[5.79493,49.58806],[5.79303,49.58878],[5.79113,49.58836],[5.79,49.58941],[5.78963,49.58935],[5.78963,49.58982],[5.789,49.58984],[5.78867,49.5904],[5.78728,49.59122],[5.78662,49.59104],[5.78562,49.59166],[5.78458,49.59282],[5.78236,49.59385],[5.78133,49.5931],[5.78027,49.59394],[5.77984,49.5938],[5.77844,49.59439],[5.77614,49.59268],[5.77636,49.59253],[5.77485,49.59139],[5.77333,49.59226],[5.77197,49.59296],[5.76976,49.59485],[5.76891,49.59474],[5.76796,49.59446],[5.76742,49.59417],[5.76727,49.59472],[5.76619,49.59769],[5.76507,49.59716],[5.76393,49.59673],[5.76258,49.5965],[5.762,49.59694],[5.76027,49.59746],[5.75993,49.59722],[5.75964,49.59744],[5.7594,49.59728],[5.75761,49.59769],[5.75769,49.5978],[5.7561,49.59859],[5.75515,49.59883],[5.75488,49.59862],[5.75417,49.59863],[5.75248,49.599],[5.75041,49.59818],[5.74964,49.59776],[5.74803,49.59641],[5.74788,49.59597],[5.74712,49.59484],[5.74507,49.59405],[5.74423,49.59405],[5.74421,49.59487],[5.74487,49.59499],[5.74465,49.59632],[5.74445,49.5967],[5.74485,49.59711],[5.74537,49.59874],[5.74539,49.5993],[5.74356,49.59945],[5.74335,49.59813],[5.74308,49.59785],[5.74201,49.59725],[5.74066,49.59664],[5.73985,49.59641],[5.73861,49.59653],[5.73808,49.5969],[5.73806,49.5977],[5.73888,49.59806],[5.74021,49.59893],[5.73996,49.59956],[5.73896,49.5996],[5.73801,49.5999],[5.73809,49.60073],[5.73832,49.60108],[5.73946,49.60156],[5.7394,49.60171],[5.74045,49.60198],[5.74138,49.60232],[5.74095,49.60254],[5.74029,49.60313],[5.74112,49.60337],[5.74231,49.6039],[5.74218,49.6051],[5.74146,49.60492],[5.74041,49.60615],[5.74108,49.60672],[5.74172,49.6071],[5.73952,49.60871],[5.73959,49.60876],[5.73777,49.60967],[5.73689,49.61022],[5.73481,49.61018],[5.73347,49.61023],[5.72996,49.61105],[5.72943,49.61125],[5.72861,49.61176],[5.72815,49.61163],[5.72544,49.61152],[5.72546,49.6113],[5.72144,49.61039],[5.72131,49.61058],[5.71932,49.61011],[5.71932,49.60967],[5.71861,49.60853],[5.71824,49.60857],[5.71816,49.60782],[5.71733,49.6056],[5.71638,49.60563],[5.71604,49.60577],[5.71602,49.60627],[5.71661,49.60715],[5.7177,49.60795],[5.71557,49.60844],[5.71397,49.6091],[5.71377,49.60895],[5.71319,49.60916],[5.71291,49.60904],[5.71135,49.60877],[5.71081,49.60927],[5.7098,49.61043],[5.70875,49.61065],[5.70797,49.61012],[5.70727,49.60994],[5.70647,49.60998],[5.70444,49.61045],[5.70395,49.61001],[5.70386,49.60908],[5.70425,49.60829],[5.70515,49.60728],[5.7051,49.60658],[5.70492,49.60313],[5.7041,49.60198],[5.70364,49.59945],[5.7044,49.5988],[5.70687,49.59788],[5.70537,49.59698],[5.70452,49.596],[5.70444,49.59544],[5.70457,49.59406],[5.7065,49.59081],[5.70609,49.58998],[5.7056,49.58948],[5.70731,49.58783],[5.70715,49.58775],[5.70594,49.58626],[5.70522,49.5855],[5.70435,49.58305],[5.70437,49.58175],[5.70526,49.58188],[5.70648,49.58194],[5.70692,49.58078],[5.70764,49.58049],[5.70977,49.58076],[5.71039,49.57942],[5.71107,49.57934],[5.71228,49.57896],[5.71292,49.57862],[5.71355,49.57811],[5.71463,49.57786],[5.71478,49.57822],[5.71529,49.57811],[5.71553,49.57826],[5.71613,49.57812],[5.71599,49.5776],[5.71742,49.57743],[5.7193,49.5771],[5.72123,49.57683],[5.72138,49.57758],[5.72221,49.57854],[5.7233,49.57919],[5.72462,49.57908],[5.72799,49.5795],[5.72877,49.57973],[5.73011,49.58029],[5.73191,49.58116],[5.7324,49.58146],[5.73267,49.58096],[5.73355,49.5803],[5.7334,49.58006],[5.73252,49.57948],[5.7325,49.57906],[5.73279,49.57861],[5.73272,49.57827],[5.73194,49.57765],[5.73185,49.5774],[5.73192,49.57607],[5.73229,49.57158],[5.73032,49.57081],[5.72896,49.57042],[5.72941,49.56964],[5.72866,49.56947],[5.72786,49.56894],[5.72766,49.56772],[5.72725,49.56304],[5.72762,49.56068],[5.72759,49.56023],[5.72789,49.5575],[5.72866,49.5527],[5.7289,49.551],[5.729,49.54976],[5.72965,49.54915],[5.73004,49.54898],[5.73158,49.54875],[5.73231,49.54751],[5.73293,49.5471],[5.73353,49.5464],[5.73472,49.54569],[5.73402,49.54546],[5.73239,49.54445],[5.73216,49.54408],[5.73306,49.5438],[5.73434,49.54363],[5.73514,49.5434],[5.73724,49.54138],[5.73774,49.54081],[5.73813,49.53884],[5.73842,49.53882],[5.74164,49.53923],[5.74239,49.53917],[5.74337,49.53929],[5.744,49.53925],[5.74504,49.53943],[5.74634,49.53941],[5.74762,49.53953],[5.75053,49.5403],[5.75163,49.54093],[5.75217,49.54167],[5.7546,49.54232],[5.755,49.54296],[5.75563,49.54247],[5.75689,49.54265],[5.75766,49.543],[5.75662,49.54425],[5.75614,49.54521],[5.75571,49.54579],[5.75574,49.54622],[5.75671,49.54712],[5.7577,49.54867],[5.75746,49.54868],[5.75731,49.55001],[5.75792,49.55034],[5.75717,49.5517],[5.75756,49.55211],[5.75717,49.55322],[5.75637,49.55313],[5.75603,49.55419],[5.75611,49.55501],[5.75684,49.55612],[5.75587,49.55643],[5.7564,49.55698],[5.75637,49.55719],[5.75775,49.55785],[5.75985,49.5583],[5.75832,49.5614],[5.75884,49.56143],[5.75997,49.56191],[5.76046,49.56152],[5.76229,49.56109],[5.76344,49.56118],[5.76488,49.56166],[5.76502,49.56154],[5.76802,49.56255],[5.77063,49.56322],[5.77126,49.56331],[5.77446,49.5632],[5.77541,49.56268],[5.77604,49.56221],[5.77647,49.56143],[5.77687,49.56096],[5.77738,49.55988],[5.77728,49.55977],[5.77908,49.55867],[5.7809,49.55989],[5.78191,49.55947],[5.78167,49.55872],[5.78277,49.55813],[5.78344,49.55799],[5.78369,49.55778],[5.78491,49.5577],[5.78569,49.55779],[5.78523,49.5574],[5.78683,49.55603],[5.78667,49.55583],[5.7875,49.55541],[5.78757,49.5552],[5.78921,49.55402],[5.79061,49.5534],[5.79083,49.55284],[5.79115,49.55305],[5.79226,49.55239],[5.79209,49.55183],[5.79252,49.55162],[5.79382,49.55132],[5.79453,49.55107],[5.79601,49.55071],[5.79722,49.55065],[5.79887,49.55008],[5.79967,49.54991],[5.79982,49.55008],[5.80044,49.54973],[5.80117,49.54952],[5.8024,49.5495],[5.80394,49.54962],[5.80497,49.54988],[5.80644,49.55051],[5.80692,49.5502],[5.80786,49.55083],[5.80985,49.54973],[5.81032,49.54938],[5.81091,49.54854],[5.81189,49.54766],[5.81235,49.54741],[5.81349,49.54747],[5.81586,49.54848],[5.81681,49.54717],[5.81857,49.54638],[5.81908,49.54709],[5.82008,49.54755],[5.81985,49.54809],[5.82007,49.54908],[5.82147,49.54985],[5.82227,49.54962],[5.82265,49.54968],[5.82304,49.55023],[5.82396,49.55116],[5.8249,49.55177],[5.82605,49.55221],[5.82739,49.55059],[5.828,49.54999],[5.8295,49.55056],[5.83027,49.55077],[5.83092,49.55078],[5.8322,49.55124],[5.83478,49.55205],[5.83559,49.55245],[5.83779,49.55286],[5.84196,49.5531],[5.84216,49.55365],[5.84199,49.55451],[5.84277,49.55431],[5.84366,49.55442],[5.84355,49.55523],[5.84435,49.55549],[5.84497,49.55612],[5.8461,49.55626],[5.84621,49.55687],[5.84589,49.5575],[5.84631,49.55771],[5.84532,49.55858],[5.84585,49.55877],[5.84521,49.55927],[5.84376,49.56004],[5.84285,49.56076],[5.84281,49.56093],[5.8436,49.56068],[5.84504,49.56099],[5.8459,49.56141],[5.84651,49.5621],[5.84762,49.56219],[5.84996,49.56316],[5.85105,49.56293],[5.85094,49.56383],[5.85161,49.56486],[5.85208,49.56527],[5.85374,49.56517],[5.85479,49.5656],[5.85583,49.56624],[5.8566,49.56628],[5.85799,49.56621],[5.85979,49.56652],[5.86109,49.56704],[5.86118,49.56754],[5.86107,49.56823],[5.86043,49.56969],[5.8605,49.57015],[5.86125,49.5708],[5.86192,49.5706],[5.86238,49.5707],[5.86325,49.57049],[5.86423,49.57101],[5.86753,49.57304],[5.8675,49.57324],[5.86805,49.57365],[5.86871,49.57332],[5.87049,49.57387],[5.87183,49.57408],[5.87275,49.57434],[5.87238,49.57522],[5.87125,49.57591],[5.86974,49.57674],[5.87117,49.57772],[5.87182,49.579],[5.8719,49.57961],[5.8711,49.57977],[5.86892,49.57966],[5.86728,49.58026],[5.86597,49.58053],[5.86641,49.58087],[5.86769,49.58143],[5.86827,49.58209],[5.86975,49.58278],[5.87105,49.5829],[5.87272,49.58317],[5.87328,49.58359],[5.87313,49.58404],[5.87257,49.58485],[5.87156,49.5861],[5.87147,49.58663],[5.87156,49.58763],[5.87101,49.58835],[5.86978,49.5892],[5.86916,49.5887],[5.86776,49.58964],[5.86689,49.58917],[5.86587,49.5884],[5.86626,49.58812],[5.86519,49.58749],[5.8654,49.58735],[5.86476,49.58697],[5.86429,49.58646],[5.86389,49.58667],[5.86334,49.5866],[5.86291,49.58626],[5.86204,49.58678],[5.86128,49.58642],[5.861,49.58659],[5.85957,49.58602],[5.85875,49.58596],[5.85824,49.58609],[5.85657,49.58609],[5.85508,49.58656],[5.85329,49.58696],[5.8524,49.58682],[5.85085,49.58698],[5.85009,49.58693],[5.85009,49.58781],[5.85027,49.58824],[5.84963,49.58895],[5.84933,49.58973],[5.84883,49.59061],[5.8488,49.59154],[5.84861,49.59288],[5.8484,49.59366],[5.84863,49.59402],[5.84862,49.59457],[5.84776,49.59594],[5.84879,49.59674],[5.8486,49.59725]]]}},{"type":"Feature","id":"81013","bbox":[5.684563,49.772057,5.758543,49.85778],"properties":{"nis":"81013","name":"Martelange","nameNl":"Martelange","nameFr":"Martelange","nameDe":"Martelingen","province":"luxembourg","region":"wallonia","areaKm2":29.91},"geometry":{"type":"Polygon","coordinates":[[[5.74627,49.85418],[5.74789,49.85513],[5.74772,49.85537],[5.7471,49.85553],[5.74606,49.85609],[5.74517,49.85608],[5.74439,49.85659],[5.74321,49.85715],[5.74223,49.85778],[5.74011,49.85705],[5.73927,49.85688],[5.73887,49.85731],[5.73845,49.85734],[5.73673,49.85703],[5.73695,49.85642],[5.73423,49.85581],[5.73071,49.85481],[5.72973,49.85463],[5.72933,49.8556],[5.72736,49.85503],[5.72684,49.85563],[5.72479,49.85498],[5.72371,49.8548],[5.72366,49.85504],[5.72218,49.8551],[5.72034,49.85496],[5.71923,49.85471],[5.71762,49.85387],[5.71676,49.85323],[5.71625,49.85182],[5.71609,49.8519],[5.71556,49.85139],[5.71464,49.85071],[5.71493,49.85008],[5.71476,49.8496],[5.71545,49.84958],[5.71567,49.84911],[5.71566,49.8485],[5.71591,49.84809],[5.71603,49.84748],[5.71556,49.84609],[5.71564,49.8458],[5.71641,49.84507],[5.71624,49.84425],[5.71647,49.84402],[5.71593,49.84408],[5.71587,49.84341],[5.71389,49.84336],[5.71405,49.84276],[5.71331,49.8426],[5.71371,49.8419],[5.70954,49.84019],[5.70997,49.83966],[5.71019,49.83914],[5.70871,49.83894],[5.70858,49.83883],[5.70889,49.83831],[5.70835,49.83728],[5.7084,49.83613],[5.70827,49.83515],[5.70729,49.83454],[5.706,49.83398],[5.70495,49.8336],[5.70369,49.83298],[5.70288,49.83179],[5.70225,49.83072],[5.70189,49.83047],[5.70203,49.82983],[5.70247,49.82945],[5.70329,49.82918],[5.70366,49.82842],[5.70439,49.82782],[5.70449,49.82723],[5.70379,49.82424],[5.7035,49.82398],[5.70331,49.8229],[5.70317,49.82295],[5.70252,49.82229],[5.70181,49.82172],[5.70054,49.82048],[5.70121,49.82013],[5.70152,49.82018],[5.702,49.81895],[5.70534,49.81087],[5.69538,49.79695],[5.68607,49.78356],[5.6857,49.78311],[5.68456,49.78243],[5.69751,49.77599],[5.69812,49.7758],[5.71063,49.77551],[5.71193,49.77535],[5.71434,49.77588],[5.71581,49.77566],[5.71746,49.77589],[5.71742,49.77519],[5.7178,49.77517],[5.71777,49.77485],[5.71801,49.77311],[5.72053,49.77251],[5.72208,49.77393],[5.7227,49.77376],[5.72393,49.77285],[5.7258,49.77206],[5.72834,49.7727],[5.72864,49.77291],[5.72893,49.77379],[5.72957,49.77478],[5.73045,49.77456],[5.73351,49.77418],[5.73417,49.77449],[5.73501,49.77516],[5.73464,49.77574],[5.73525,49.77635],[5.73685,49.77695],[5.73704,49.77682],[5.73796,49.77714],[5.73925,49.77778],[5.73985,49.77795],[5.74029,49.77842],[5.74126,49.77884],[5.74169,49.77917],[5.74227,49.77921],[5.74256,49.77997],[5.74517,49.77994],[5.75057,49.78337],[5.75043,49.78575],[5.74981,49.7878],[5.75112,49.78816],[5.75082,49.78855],[5.75076,49.78966],[5.75226,49.78986],[5.75343,49.79031],[5.7535,49.791],[5.7551,49.79115],[5.75516,49.79145],[5.75484,49.79262],[5.75412,49.79264],[5.75421,49.79342],[5.75309,49.7934],[5.75325,49.79447],[5.75355,49.79512],[5.75333,49.79609],[5.75315,49.79622],[5.75353,49.79671],[5.7529,49.79695],[5.75155,49.80328],[5.75099,49.80576],[5.75035,49.80626],[5.75089,49.8071],[5.75037,49.80719],[5.75052,49.80805],[5.75003,49.80907],[5.75052,49.80926],[5.75005,49.81114],[5.75045,49.81127],[5.74995,49.81197],[5.75081,49.81218],[5.75049,49.81259],[5.75091,49.81341],[5.75079,49.81357],[5.75125,49.81404],[5.75117,49.81489],[5.75004,49.8149],[5.74851,49.8153],[5.74725,49.81527],[5.74661,49.81546],[5.74624,49.81577],[5.74585,49.81645],[5.74565,49.81714],[5.74501,49.81786],[5.74405,49.81927],[5.74365,49.82008],[5.74339,49.82098],[5.74745,49.82295],[5.7481,49.82342],[5.74832,49.82427],[5.74819,49.82466],[5.74708,49.8254],[5.74631,49.82639],[5.746,49.82794],[5.74584,49.82828],[5.74485,49.82955],[5.74453,49.8301],[5.74414,49.83115],[5.74385,49.83148],[5.7427,49.83215],[5.74116,49.83281],[5.73931,49.83367],[5.73964,49.83421],[5.7397,49.83484],[5.74004,49.83587],[5.73967,49.83645],[5.74002,49.83681],[5.74062,49.83799],[5.74079,49.83875],[5.74182,49.83929],[5.74296,49.83956],[5.74417,49.83955],[5.74553,49.83881],[5.74592,49.83871],[5.74777,49.8385],[5.74854,49.83863],[5.74932,49.83889],[5.75002,49.83941],[5.75057,49.84025],[5.75064,49.84067],[5.75024,49.84124],[5.74931,49.8416],[5.74858,49.84234],[5.74841,49.84284],[5.74829,49.8442],[5.74861,49.84494],[5.74858,49.84543],[5.7482,49.84597],[5.74846,49.84657],[5.7493,49.84709],[5.75032,49.84728],[5.75134,49.84729],[5.7516,49.84718],[5.75229,49.84629],[5.75266,49.84537],[5.75412,49.84484],[5.75579,49.84514],[5.75706,49.8455],[5.75816,49.84624],[5.75836,49.84666],[5.75842,49.84821],[5.75854,49.84873],[5.75821,49.84934],[5.75592,49.85096],[5.75553,49.85137],[5.75492,49.85172],[5.75425,49.85183],[5.75346,49.8518],[5.75249,49.85152],[5.75122,49.85175],[5.75006,49.85141],[5.74955,49.85146],[5.74847,49.85202],[5.74768,49.85206],[5.74727,49.85181],[5.74625,49.85213],[5.74584,49.85256],[5.74591,49.85307],[5.74572,49.85341],[5.74589,49.85396],[5.74627,49.85418]]]}},{"type":"Feature","id":"81015","bbox":[5.728616,49.571946,5.880085,49.660059],"properties":{"nis":"81015","name":"Messancy","nameNl":"Messancy","nameFr":"Messancy","nameDe":"Messancy","province":"luxembourg","region":"wallonia","areaKm2":52.39},"geometry":{"type":"Polygon","coordinates":[[[5.7379,49.62373],[5.73661,49.62331],[5.7371,49.62158],[5.73663,49.62147],[5.73633,49.6221],[5.73535,49.62169],[5.73393,49.62088],[5.73289,49.62048],[5.73382,49.62005],[5.73514,49.62005],[5.73619,49.62053],[5.73654,49.61987],[5.7355,49.61905],[5.73484,49.61875],[5.73525,49.61826],[5.73409,49.61788],[5.73263,49.61713],[5.73196,49.61667],[5.73108,49.61542],[5.73039,49.61498],[5.73006,49.61434],[5.72962,49.61248],[5.72861,49.61176],[5.72943,49.61125],[5.72996,49.61105],[5.73347,49.61023],[5.73481,49.61018],[5.73689,49.61022],[5.73777,49.60967],[5.73959,49.60876],[5.73952,49.60871],[5.74172,49.6071],[5.74108,49.60672],[5.74041,49.60615],[5.74146,49.60492],[5.74218,49.6051],[5.74231,49.6039],[5.74112,49.60337],[5.74029,49.60313],[5.74095,49.60254],[5.74138,49.60232],[5.74045,49.60198],[5.7394,49.60171],[5.73946,49.60156],[5.73832,49.60108],[5.73809,49.60073],[5.73801,49.5999],[5.73896,49.5996],[5.73996,49.59956],[5.74021,49.59893],[5.73888,49.59806],[5.73806,49.5977],[5.73808,49.5969],[5.73861,49.59653],[5.73985,49.59641],[5.74066,49.59664],[5.74201,49.59725],[5.74308,49.59785],[5.74335,49.59813],[5.74356,49.59945],[5.74539,49.5993],[5.74537,49.59874],[5.74485,49.59711],[5.74445,49.5967],[5.74465,49.59632],[5.74487,49.59499],[5.74421,49.59487],[5.74423,49.59405],[5.74507,49.59405],[5.74712,49.59484],[5.74788,49.59597],[5.74803,49.59641],[5.74964,49.59776],[5.75041,49.59818],[5.75248,49.599],[5.75417,49.59863],[5.75488,49.59862],[5.75515,49.59883],[5.7561,49.59859],[5.75769,49.5978],[5.75761,49.59769],[5.7594,49.59728],[5.75964,49.59744],[5.75993,49.59722],[5.76027,49.59746],[5.762,49.59694],[5.76258,49.5965],[5.76393,49.59673],[5.76507,49.59716],[5.76619,49.59769],[5.76727,49.59472],[5.76742,49.59417],[5.76796,49.59446],[5.76891,49.59474],[5.76976,49.59485],[5.77197,49.59296],[5.77333,49.59226],[5.77485,49.59139],[5.77636,49.59253],[5.77614,49.59268],[5.77844,49.59439],[5.77984,49.5938],[5.78027,49.59394],[5.78133,49.5931],[5.78236,49.59385],[5.78458,49.59282],[5.78562,49.59166],[5.78662,49.59104],[5.78728,49.59122],[5.78867,49.5904],[5.789,49.58984],[5.78963,49.58982],[5.78963,49.58935],[5.79,49.58941],[5.79113,49.58836],[5.79303,49.58878],[5.79493,49.58806],[5.79586,49.58882],[5.79692,49.58817],[5.79827,49.58921],[5.79774,49.58847],[5.79788,49.58814],[5.7975,49.58773],[5.79777,49.58773],[5.80028,49.58624],[5.80115,49.58587],[5.80338,49.5847],[5.8039,49.58453],[5.80543,49.58347],[5.80604,49.58278],[5.80749,49.58199],[5.80995,49.58121],[5.81124,49.58058],[5.81215,49.58073],[5.81221,49.58047],[5.81465,49.57941],[5.81523,49.57877],[5.81634,49.57823],[5.81785,49.57786],[5.81766,49.57775],[5.81866,49.5769],[5.819,49.57701],[5.81924,49.57678],[5.81971,49.57694],[5.82125,49.57525],[5.82166,49.57537],[5.82193,49.57507],[5.82241,49.57516],[5.82247,49.57462],[5.82272,49.57466],[5.8229,49.57407],[5.82384,49.57354],[5.8249,49.57274],[5.82532,49.57296],[5.8257,49.57273],[5.82666,49.57338],[5.82691,49.57325],[5.82794,49.57394],[5.82836,49.57434],[5.82909,49.57537],[5.82998,49.57627],[5.8306,49.57618],[5.83114,49.57579],[5.83124,49.57509],[5.83117,49.57433],[5.83176,49.5744],[5.83181,49.57407],[5.8323,49.5737],[5.83245,49.57301],[5.83318,49.57246],[5.83482,49.57201],[5.83609,49.57195],[5.83745,49.57206],[5.83809,49.57195],[5.83814,49.57216],[5.83897,49.57248],[5.84051,49.57266],[5.84181,49.57306],[5.84086,49.57489],[5.84226,49.57534],[5.84163,49.57603],[5.8419,49.57615],[5.84146,49.57663],[5.8402,49.57767],[5.84048,49.57796],[5.84018,49.57815],[5.84182,49.57947],[5.84218,49.5796],[5.8416,49.58013],[5.8422,49.58037],[5.8415,49.58119],[5.84186,49.58134],[5.8402,49.5826],[5.8407,49.58282],[5.84027,49.58325],[5.84047,49.58333],[5.83991,49.58397],[5.84072,49.58413],[5.83972,49.58532],[5.83992,49.58538],[5.83924,49.58611],[5.83849,49.58674],[5.83904,49.58745],[5.83906,49.58797],[5.83926,49.58831],[5.84036,49.58906],[5.8418,49.5904],[5.84315,49.59237],[5.84413,49.59339],[5.84459,49.59372],[5.84798,49.59697],[5.8486,49.59725],[5.84907,49.59771],[5.85172,49.59883],[5.85302,49.59926],[5.85467,49.59973],[5.85568,49.59984],[5.85711,49.6006],[5.85969,49.60164],[5.86057,49.60212],[5.86313,49.6034],[5.86327,49.60327],[5.86441,49.60394],[5.86584,49.60515],[5.86697,49.60528],[5.86733,49.60542],[5.87012,49.60577],[5.87134,49.60622],[5.87248,49.60649],[5.87415,49.60746],[5.87432,49.60733],[5.87559,49.6078],[5.87578,49.60809],[5.87652,49.60848],[5.87658,49.60908],[5.87628,49.60914],[5.87632,49.60961],[5.87595,49.60988],[5.87631,49.61031],[5.87582,49.61103],[5.87575,49.61136],[5.8761,49.61167],[5.87718,49.61231],[5.87703,49.61332],[5.87611,49.61374],[5.87565,49.61412],[5.87544,49.61457],[5.8759,49.61571],[5.87557,49.61571],[5.8757,49.61645],[5.87563,49.61889],[5.87611,49.62001],[5.87665,49.6207],[5.87766,49.62147],[5.87919,49.62277],[5.88009,49.6233],[5.87806,49.62519],[5.87705,49.62578],[5.87572,49.62611],[5.87643,49.6269],[5.87403,49.62789],[5.87185,49.6281],[5.86633,49.62979],[5.86662,49.63065],[5.86723,49.63118],[5.86671,49.63148],[5.86787,49.6333],[5.86835,49.63389],[5.86861,49.63467],[5.86811,49.63458],[5.86743,49.63515],[5.86451,49.63946],[5.86419,49.64025],[5.86344,49.64141],[5.85882,49.64066],[5.85341,49.64087],[5.85348,49.64213],[5.84797,49.64226],[5.84797,49.64348],[5.84494,49.64419],[5.84564,49.64509],[5.84395,49.64554],[5.84183,49.64329],[5.84075,49.64205],[5.83759,49.64388],[5.83667,49.64365],[5.83583,49.6455],[5.83293,49.64532],[5.83102,49.64666],[5.83004,49.64527],[5.82933,49.64523],[5.8286,49.64684],[5.82621,49.64646],[5.82618,49.64543],[5.82493,49.64489],[5.82273,49.64428],[5.82272,49.64288],[5.81826,49.64189],[5.81808,49.64026],[5.81436,49.64025],[5.8124,49.64015],[5.81163,49.64151],[5.8132,49.64248],[5.81317,49.64258],[5.81458,49.64343],[5.81582,49.6438],[5.81681,49.64394],[5.81883,49.65021],[5.81819,49.65023],[5.81807,49.6511],[5.81742,49.65107],[5.81656,49.65275],[5.81627,49.65315],[5.81576,49.65301],[5.81475,49.65425],[5.81401,49.65492],[5.81362,49.65553],[5.81323,49.65547],[5.81316,49.65594],[5.8128,49.65633],[5.81242,49.65703],[5.81348,49.6573],[5.81322,49.65765],[5.81101,49.66006],[5.80973,49.66003],[5.80965,49.65885],[5.80908,49.65777],[5.80873,49.65613],[5.80897,49.65463],[5.80838,49.65455],[5.80856,49.65386],[5.80708,49.65373],[5.80707,49.65394],[5.80481,49.65393],[5.80471,49.65253],[5.80436,49.65226],[5.80408,49.6516],[5.80345,49.65062],[5.80356,49.64922],[5.80292,49.64728],[5.80257,49.64758],[5.80227,49.64751],[5.80233,49.64714],[5.80185,49.64708],[5.80163,49.64782],[5.80132,49.64825],[5.80092,49.64841],[5.79873,49.64864],[5.79908,49.64838],[5.79951,49.64762],[5.79971,49.64701],[5.79947,49.647],[5.79944,49.64634],[5.79429,49.64723],[5.79441,49.64764],[5.79422,49.64845],[5.79344,49.64917],[5.79291,49.64986],[5.79265,49.65087],[5.79329,49.65175],[5.79353,49.65237],[5.79336,49.65314],[5.79234,49.65537],[5.78933,49.6539],[5.78797,49.65348],[5.78667,49.65328],[5.78638,49.65177],[5.78638,49.64992],[5.7861,49.64886],[5.78633,49.64848],[5.78621,49.6478],[5.78661,49.64529],[5.78704,49.64471],[5.78639,49.6445],[5.78674,49.64278],[5.78417,49.6418],[5.78372,49.64221],[5.78258,49.64163],[5.78324,49.64112],[5.78379,49.64036],[5.78324,49.64],[5.78401,49.6396],[5.78456,49.63899],[5.78536,49.63876],[5.78583,49.6389],[5.78653,49.63838],[5.78653,49.63779],[5.78708,49.63771],[5.7873,49.63719],[5.78768,49.63694],[5.78822,49.63614],[5.78923,49.63509],[5.78911,49.63457],[5.78854,49.63468],[5.78769,49.63329],[5.7887,49.63315],[5.7883,49.63251],[5.78862,49.63236],[5.78841,49.63211],[5.78782,49.63199],[5.78724,49.63216],[5.78633,49.63207],[5.78454,49.63224],[5.78418,49.6327],[5.78399,49.63384],[5.78356,49.63419],[5.78246,49.63411],[5.78156,49.6334],[5.7806,49.6337],[5.78,49.63379],[5.77914,49.63252],[5.77854,49.63231],[5.7788,49.6309],[5.77763,49.63082],[5.77767,49.62925],[5.77794,49.62925],[5.77787,49.62886],[5.7788,49.62879],[5.77838,49.62801],[5.77758,49.62765],[5.77819,49.62728],[5.77768,49.6268],[5.77824,49.6265],[5.77598,49.62363],[5.77542,49.6238],[5.77507,49.62339],[5.77346,49.62387],[5.77265,49.62368],[5.77162,49.62403],[5.77133,49.62392],[5.76996,49.624],[5.76936,49.62416],[5.76824,49.62382],[5.76746,49.62411],[5.76648,49.62418],[5.76542,49.62443],[5.76465,49.62427],[5.76274,49.62436],[5.76241,49.62432],[5.76208,49.62491],[5.7612,49.62582],[5.7595,49.62519],[5.75921,49.62548],[5.75804,49.62499],[5.75729,49.62555],[5.75637,49.6251],[5.75463,49.62381],[5.75315,49.62296],[5.75256,49.62248],[5.75181,49.62214],[5.75156,49.62218],[5.75071,49.62279],[5.75014,49.62296],[5.74863,49.62236],[5.74809,49.62204],[5.7473,49.62187],[5.74572,49.62327],[5.74618,49.62359],[5.74521,49.62419],[5.74378,49.62393],[5.74387,49.6238],[5.7413,49.62319],[5.73883,49.62253],[5.7379,49.62373]]]}},{"type":"Feature","id":"82009","bbox":[5.614329,49.819614,5.78403,49.942021],"properties":{"nis":"82009","name":"Fauvillers","nameNl":"Fauvillers","nameFr":"Fauvillers","nameDe":"Feitweiler","province":"luxembourg","region":"wallonia","areaKm2":74.54},"geometry":{"type":"Polygon","coordinates":[[[5.7481,49.90944],[5.74757,49.9097],[5.74704,49.91021],[5.74583,49.90956],[5.74441,49.90936],[5.74373,49.90953],[5.7434,49.91027],[5.74278,49.91067],[5.74261,49.91096],[5.74096,49.91231],[5.74025,49.91259],[5.73994,49.91291],[5.73909,49.91322],[5.73741,49.91307],[5.73474,49.91334],[5.7326,49.91325],[5.73207,49.91332],[5.73217,49.91371],[5.72788,49.91493],[5.72798,49.91504],[5.72704,49.91538],[5.72721,49.91559],[5.72605,49.91598],[5.72526,49.91606],[5.72533,49.91631],[5.72434,49.91637],[5.72394,49.91706],[5.72339,49.91833],[5.72318,49.91832],[5.72257,49.91959],[5.7231,49.91964],[5.72307,49.91993],[5.72432,49.92003],[5.72389,49.92133],[5.72331,49.92228],[5.72461,49.92265],[5.72436,49.92343],[5.72374,49.92339],[5.72344,49.92413],[5.72328,49.92526],[5.72481,49.92518],[5.72489,49.92616],[5.72564,49.92607],[5.72599,49.92547],[5.72758,49.92585],[5.72748,49.92633],[5.72697,49.92689],[5.72609,49.92719],[5.72682,49.92829],[5.72588,49.92839],[5.72553,49.92731],[5.72395,49.92779],[5.72327,49.92793],[5.72219,49.92831],[5.72121,49.92902],[5.72071,49.92951],[5.72,49.92942],[5.72152,49.92994],[5.72153,49.93011],[5.72064,49.93049],[5.72121,49.93095],[5.72129,49.93145],[5.72081,49.93182],[5.72067,49.93229],[5.72027,49.93289],[5.72023,49.93334],[5.72055,49.9337],[5.72179,49.93431],[5.72305,49.93522],[5.72385,49.93559],[5.72563,49.93586],[5.72631,49.9359],[5.72827,49.93627],[5.72634,49.93696],[5.72599,49.93719],[5.72532,49.93813],[5.72475,49.93988],[5.72428,49.94038],[5.72301,49.94026],[5.72164,49.94021],[5.72083,49.9403],[5.71932,49.94035],[5.71659,49.93965],[5.71547,49.94095],[5.71486,49.94126],[5.71156,49.94166],[5.71019,49.94192],[5.70922,49.94202],[5.70902,49.9411],[5.70849,49.93952],[5.70765,49.93962],[5.70809,49.9409],[5.70537,49.94093],[5.70515,49.93957],[5.70478,49.93913],[5.70397,49.93918],[5.70439,49.9406],[5.70089,49.94005],[5.69993,49.93972],[5.69807,49.93892],[5.69666,49.9386],[5.69543,49.93703],[5.69492,49.93536],[5.69565,49.93426],[5.69632,49.93376],[5.69666,49.93389],[5.69703,49.93352],[5.69618,49.93335],[5.69497,49.93418],[5.69399,49.93351],[5.69423,49.93305],[5.69447,49.93307],[5.69502,49.93252],[5.69285,49.93155],[5.69376,49.93073],[5.69507,49.93028],[5.69596,49.92968],[5.69438,49.92912],[5.69382,49.92866],[5.69322,49.92792],[5.69251,49.92772],[5.6924,49.92733],[5.69205,49.9271],[5.69212,49.92648],[5.69304,49.92656],[5.69248,49.92618],[5.69243,49.92559],[5.69218,49.9248],[5.69169,49.92457],[5.69162,49.9242],[5.69215,49.92418],[5.69184,49.92389],[5.6921,49.92354],[5.69167,49.92309],[5.69215,49.92261],[5.69228,49.9221],[5.69263,49.9219],[5.68702,49.92263],[5.68599,49.91769],[5.68435,49.91668],[5.68327,49.91577],[5.68152,49.91459],[5.68057,49.91429],[5.67707,49.91249],[5.67383,49.91077],[5.67243,49.91028],[5.67172,49.90982],[5.66967,49.90876],[5.6691,49.90829],[5.668,49.90791],[5.66542,49.90774],[5.665,49.90656],[5.66467,49.90622],[5.66451,49.90575],[5.66405,49.90564],[5.66151,49.90467],[5.66077,49.90536],[5.66062,49.90535],[5.66021,49.90447],[5.66007,49.90378],[5.66028,49.90369],[5.66008,49.90326],[5.6594,49.90267],[5.65974,49.90253],[5.65879,49.90176],[5.6586,49.90139],[5.65709,49.90073],[5.65659,49.90039],[5.6569,49.90019],[5.65662,49.89949],[5.65658,49.899],[5.65615,49.89836],[5.65566,49.89825],[5.65414,49.89842],[5.65377,49.89812],[5.65345,49.89697],[5.65285,49.89656],[5.65238,49.89577],[5.65218,49.89468],[5.65237,49.8941],[5.65227,49.89346],[5.65249,49.89327],[5.65198,49.89275],[5.65162,49.89259],[5.65106,49.89149],[5.65035,49.89148],[5.64922,49.89041],[5.64986,49.8904],[5.64978,49.8899],[5.65013,49.88934],[5.65023,49.8886],[5.65043,49.88831],[5.65045,49.88701],[5.64982,49.88696],[5.64999,49.88666],[5.64929,49.88626],[5.64744,49.88557],[5.64656,49.88548],[5.64616,49.88584],[5.64535,49.88615],[5.64352,49.88618],[5.64325,49.88588],[5.6427,49.88582],[5.64241,49.88602],[5.64227,49.88559],[5.64157,49.88553],[5.64125,49.88527],[5.64045,49.88531],[5.63973,49.88482],[5.63938,49.88433],[5.63886,49.88447],[5.63841,49.88439],[5.63834,49.88408],[5.63717,49.88334],[5.63619,49.88283],[5.63603,49.88256],[5.63669,49.88242],[5.63722,49.88259],[5.63781,49.88234],[5.63927,49.88188],[5.64002,49.88122],[5.63972,49.88098],[5.63849,49.87954],[5.6382,49.87808],[5.63774,49.87748],[5.63667,49.87705],[5.6354,49.87642],[5.63528,49.87588],[5.63553,49.87463],[5.63564,49.87348],[5.63549,49.87252],[5.63425,49.8703],[5.63391,49.8703],[5.634,49.86989],[5.63441,49.87008],[5.63507,49.87009],[5.63554,49.86939],[5.63498,49.86932],[5.63553,49.86812],[5.63722,49.86638],[5.63732,49.86617],[5.63625,49.86564],[5.63608,49.86515],[5.6352,49.86462],[5.63477,49.86392],[5.63405,49.86316],[5.63386,49.86239],[5.63349,49.86222],[5.63271,49.86157],[5.63272,49.85997],[5.63248,49.85981],[5.63305,49.85958],[5.63329,49.85891],[5.63348,49.85891],[5.6337,49.85833],[5.63501,49.85871],[5.63702,49.8589],[5.63624,49.85795],[5.63597,49.85708],[5.63609,49.85679],[5.63695,49.85592],[5.63727,49.85528],[5.63699,49.85516],[5.63694,49.85424],[5.63711,49.8538],[5.63679,49.85276],[5.63656,49.85149],[5.63624,49.85094],[5.63636,49.85046],[5.63564,49.84951],[5.63552,49.84852],[5.63577,49.84808],[5.63707,49.84761],[5.63689,49.84744],[5.63773,49.84699],[5.63713,49.84638],[5.63618,49.84577],[5.63616,49.84489],[5.63563,49.84502],[5.63475,49.845],[5.63344,49.8453],[5.63191,49.84543],[5.63089,49.84578],[5.62904,49.84557],[5.62918,49.84511],[5.62966,49.84451],[5.62993,49.84366],[5.6297,49.84179],[5.62988,49.84132],[5.63054,49.84068],[5.63145,49.84047],[5.63209,49.84009],[5.6327,49.83916],[5.63348,49.83827],[5.63292,49.83792],[5.6321,49.83771],[5.63104,49.8378],[5.62987,49.83716],[5.6292,49.83715],[5.62912,49.83676],[5.6277,49.83669],[5.6271,49.83653],[5.62639,49.83651],[5.62536,49.83634],[5.62511,49.83611],[5.62414,49.83612],[5.62002,49.83606],[5.6181,49.83591],[5.61811,49.83432],[5.61784,49.83363],[5.61653,49.83282],[5.61487,49.83172],[5.61433,49.83033],[5.61659,49.83041],[5.61953,49.82962],[5.62045,49.83036],[5.62076,49.83163],[5.62202,49.83308],[5.6219,49.83349],[5.62254,49.83411],[5.62407,49.8353],[5.62614,49.83611],[5.62838,49.83631],[5.63275,49.83732],[5.63379,49.83717],[5.63414,49.83689],[5.6328,49.83445],[5.63289,49.83347],[5.63398,49.83178],[5.63565,49.83176],[5.63647,49.8313],[5.63589,49.83027],[5.63469,49.8296],[5.63575,49.82981],[5.63614,49.82918],[5.63654,49.82926],[5.63642,49.82985],[5.63736,49.83204],[5.63952,49.83273],[5.64187,49.83253],[5.64253,49.83083],[5.64161,49.83015],[5.64183,49.83002],[5.6427,49.83019],[5.6434,49.83068],[5.64379,49.8306],[5.64408,49.83165],[5.64464,49.83181],[5.64583,49.83189],[5.6459,49.83154],[5.64644,49.83142],[5.64789,49.83153],[5.64805,49.83134],[5.64769,49.8309],[5.64844,49.83116],[5.64894,49.83105],[5.64881,49.83145],[5.65043,49.83245],[5.65189,49.83134],[5.65628,49.83189],[5.65837,49.83143],[5.66319,49.83162],[5.6665,49.83288],[5.66757,49.83258],[5.66869,49.83258],[5.67339,49.8335],[5.67483,49.83074],[5.67401,49.82995],[5.67224,49.82943],[5.67303,49.82872],[5.67656,49.82885],[5.67883,49.8284],[5.6825,49.82815],[5.68058,49.82721],[5.68061,49.82656],[5.68192,49.82698],[5.68307,49.82724],[5.68383,49.82726],[5.6854,49.82662],[5.68574,49.82591],[5.68553,49.82558],[5.68406,49.82458],[5.68287,49.82384],[5.6832,49.82351],[5.6826,49.82264],[5.68124,49.82263],[5.68162,49.82191],[5.6817,49.82112],[5.68194,49.82051],[5.68304,49.81961],[5.68313,49.81968],[5.6825,49.82082],[5.68247,49.82137],[5.68276,49.82155],[5.68297,49.82249],[5.68364,49.82293],[5.68443,49.82324],[5.68478,49.82413],[5.68508,49.82426],[5.68557,49.82411],[5.68636,49.82366],[5.68652,49.82392],[5.6858,49.82446],[5.68657,49.8253],[5.68724,49.82586],[5.68723,49.82611],[5.68797,49.82671],[5.68954,49.82705],[5.69193,49.82682],[5.69267,49.82609],[5.69309,49.82593],[5.69329,49.82548],[5.6937,49.82582],[5.6941,49.82643],[5.69509,49.82691],[5.69597,49.82712],[5.69699,49.82622],[5.69729,49.82586],[5.6972,49.82495],[5.69642,49.82469],[5.69672,49.82416],[5.69653,49.82365],[5.69742,49.82279],[5.6984,49.82222],[5.69915,49.8215],[5.69939,49.82108],[5.70054,49.82048],[5.70181,49.82172],[5.70252,49.82229],[5.70317,49.82295],[5.70331,49.8229],[5.7035,49.82398],[5.70379,49.82424],[5.70449,49.82723],[5.70439,49.82782],[5.70366,49.82842],[5.70329,49.82918],[5.70247,49.82945],[5.70203,49.82983],[5.70189,49.83047],[5.70225,49.83072],[5.70288,49.83179],[5.70369,49.83298],[5.70495,49.8336],[5.706,49.83398],[5.70729,49.83454],[5.70827,49.83515],[5.7084,49.83613],[5.70835,49.83728],[5.70889,49.83831],[5.70858,49.83883],[5.70871,49.83894],[5.71019,49.83914],[5.70997,49.83966],[5.70954,49.84019],[5.71371,49.8419],[5.71331,49.8426],[5.71405,49.84276],[5.71389,49.84336],[5.71587,49.84341],[5.71593,49.84408],[5.71647,49.84402],[5.71624,49.84425],[5.71641,49.84507],[5.71564,49.8458],[5.71556,49.84609],[5.71603,49.84748],[5.71591,49.84809],[5.71566,49.8485],[5.71567,49.84911],[5.71545,49.84958],[5.71476,49.8496],[5.71493,49.85008],[5.71464,49.85071],[5.71556,49.85139],[5.71609,49.8519],[5.71625,49.85182],[5.71676,49.85323],[5.71762,49.85387],[5.71923,49.85471],[5.72034,49.85496],[5.72218,49.8551],[5.72366,49.85504],[5.72371,49.8548],[5.72479,49.85498],[5.72684,49.85563],[5.72736,49.85503],[5.72933,49.8556],[5.72973,49.85463],[5.73071,49.85481],[5.73423,49.85581],[5.73695,49.85642],[5.73673,49.85703],[5.73845,49.85734],[5.73887,49.85731],[5.73927,49.85688],[5.74011,49.85705],[5.74223,49.85778],[5.74321,49.85715],[5.74439,49.85659],[5.74517,49.85608],[5.74606,49.85609],[5.7471,49.85553],[5.74772,49.85537],[5.74789,49.85513],[5.74627,49.85418],[5.74787,49.85457],[5.74898,49.85457],[5.74983,49.85433],[5.7507,49.85451],[5.751,49.85473],[5.7517,49.85488],[5.75265,49.85551],[5.75349,49.8559],[5.75455,49.85655],[5.75553,49.85653],[5.75648,49.85635],[5.75707,49.85591],[5.75755,49.85578],[5.75868,49.85579],[5.76066,49.8563],[5.76077,49.85649],[5.76047,49.85701],[5.75913,49.85807],[5.75815,49.85867],[5.75743,49.85893],[5.7569,49.85978],[5.75605,49.86047],[5.75565,49.86054],[5.75525,49.86096],[5.75535,49.86126],[5.75456,49.86187],[5.75449,49.86221],[5.75615,49.8641],[5.75692,49.86477],[5.75697,49.86511],[5.75603,49.8668],[5.75549,49.86715],[5.75464,49.86752],[5.75356,49.86779],[5.75298,49.86819],[5.7527,49.86884],[5.7534,49.86975],[5.75357,49.87071],[5.75399,49.87122],[5.75393,49.87192],[5.75615,49.87317],[5.75667,49.87326],[5.75873,49.8728],[5.75954,49.87217],[5.76008,49.8719],[5.76064,49.87138],[5.76127,49.87099],[5.76142,49.87052],[5.76293,49.86946],[5.76466,49.86932],[5.76556,49.86936],[5.76716,49.86986],[5.76812,49.87065],[5.76873,49.87162],[5.76891,49.87227],[5.76948,49.87257],[5.7702,49.87246],[5.77157,49.87188],[5.77206,49.8714],[5.77295,49.86968],[5.77377,49.8676],[5.77443,49.86729],[5.77507,49.86778],[5.77545,49.8688],[5.77643,49.8702],[5.77648,49.87101],[5.77722,49.87132],[5.77747,49.87204],[5.77808,49.87224],[5.77999,49.87228],[5.78113,49.87208],[5.7829,49.87187],[5.78322,49.87191],[5.78396,49.87275],[5.784,49.87306],[5.78339,49.8734],[5.7813,49.87413],[5.77985,49.87471],[5.77895,49.8749],[5.77819,49.8756],[5.77806,49.87605],[5.77872,49.87682],[5.77914,49.87715],[5.77991,49.87714],[5.78058,49.8769],[5.78126,49.87641],[5.78257,49.87572],[5.78293,49.87588],[5.78357,49.87753],[5.78339,49.87869],[5.78297,49.87911],[5.78231,49.87942],[5.78182,49.87949],[5.78095,49.87989],[5.78063,49.88023],[5.78021,49.88027],[5.77993,49.88064],[5.77884,49.88114],[5.77863,49.88175],[5.77843,49.88166],[5.77805,49.8822],[5.77834,49.88282],[5.77817,49.88332],[5.77843,49.88349],[5.77793,49.88388],[5.77585,49.88427],[5.77435,49.88436],[5.77271,49.88463],[5.77183,49.88507],[5.77145,49.88556],[5.77101,49.88646],[5.7705,49.88697],[5.77061,49.88735],[5.77007,49.88699],[5.76925,49.88693],[5.76821,49.88704],[5.76735,49.88729],[5.76654,49.888],[5.76578,49.88824],[5.76513,49.88805],[5.76485,49.88815],[5.76319,49.8883],[5.76145,49.88892],[5.7601,49.88929],[5.75838,49.88947],[5.75742,49.88945],[5.7571,49.88981],[5.7566,49.88981],[5.75555,49.89079],[5.75409,49.89134],[5.75304,49.89147],[5.75292,49.8913],[5.75171,49.8913],[5.75013,49.89157],[5.74904,49.89192],[5.74782,49.89242],[5.7476,49.89281],[5.74653,49.89368],[5.74638,49.89418],[5.74541,49.89423],[5.74422,49.89458],[5.74382,49.89484],[5.74292,49.89497],[5.74272,49.89512],[5.74188,49.89505],[5.74069,49.89512],[5.73976,49.895],[5.73799,49.89624],[5.73673,49.89666],[5.73598,49.89675],[5.73578,49.89709],[5.73658,49.89783],[5.73671,49.89827],[5.73621,49.89901],[5.73714,49.90043],[5.73783,49.90116],[5.73891,49.90173],[5.74046,49.90218],[5.74065,49.90266],[5.74057,49.90312],[5.73979,49.904],[5.73989,49.9042],[5.74238,49.905],[5.7438,49.90525],[5.74472,49.90582],[5.74613,49.90629],[5.74667,49.90631],[5.74663,49.90704],[5.74606,49.90779],[5.74664,49.90804],[5.74649,49.90828],[5.74721,49.90846],[5.74788,49.90879],[5.74835,49.90925],[5.7481,49.90944]]]}},{"type":"Feature","id":"82014","bbox":[5.65189,50.061609,5.895514,50.236133],"properties":{"nis":"82014","name":"Houffalize","nameNl":"Houffalize","nameFr":"Houffalize","nameDe":"Hohenfels","province":"luxembourg","region":"wallonia","areaKm2":166.83},"geometry":{"type":"Polygon","coordinates":[[[5.85667,50.06161],[5.85645,50.06211],[5.8566,50.06242],[5.85664,50.06349],[5.85677,50.06408],[5.85735,50.06515],[5.85844,50.06681],[5.86041,50.06885],[5.86066,50.06921],[5.86208,50.06939],[5.86291,50.06957],[5.86384,50.06995],[5.86466,50.07014],[5.86575,50.07056],[5.86658,50.07106],[5.86789,50.07209],[5.86772,50.07335],[5.86882,50.07375],[5.8729,50.07506],[5.87406,50.07536],[5.87852,50.07641],[5.88222,50.07687],[5.88235,50.07614],[5.88298,50.07669],[5.88411,50.07723],[5.885,50.07752],[5.88645,50.07839],[5.88729,50.07932],[5.88745,50.07971],[5.88755,50.08192],[5.88724,50.08387],[5.88733,50.08483],[5.88718,50.08641],[5.88685,50.08753],[5.88656,50.08911],[5.88645,50.09041],[5.88658,50.09078],[5.88845,50.09354],[5.88878,50.0942],[5.88928,50.09555],[5.8907,50.0971],[5.8913,50.09831],[5.89208,50.09942],[5.89328,50.10012],[5.89415,50.10074],[5.89461,50.10133],[5.89438,50.10292],[5.89444,50.1033],[5.8953,50.10528],[5.89533,50.10592],[5.89507,50.10733],[5.89504,50.10918],[5.89551,50.11128],[5.89531,50.11216],[5.89346,50.11125],[5.89184,50.11023],[5.89056,50.11135],[5.8891,50.11236],[5.88833,50.11322],[5.88739,50.11286],[5.88734,50.11253],[5.88635,50.11273],[5.88634,50.11356],[5.88603,50.11477],[5.88557,50.11467],[5.88518,50.11522],[5.88427,50.11569],[5.8839,50.11632],[5.88328,50.11641],[5.8829,50.11663],[5.88253,50.11659],[5.88222,50.11706],[5.88177,50.11741],[5.88145,50.11736],[5.88067,50.11821],[5.87974,50.11842],[5.87765,50.1187],[5.87721,50.11893],[5.8762,50.12011],[5.8778,50.12068],[5.87714,50.12144],[5.87527,50.12302],[5.87485,50.1239],[5.8751,50.12435],[5.87477,50.12456],[5.87502,50.12478],[5.8742,50.12535],[5.873,50.12576],[5.87287,50.12594],[5.87103,50.1278],[5.87008,50.12892],[5.86927,50.13076],[5.86848,50.13086],[5.86746,50.13269],[5.8674,50.13304],[5.86607,50.13508],[5.86579,50.13612],[5.86508,50.13616],[5.86422,50.13645],[5.86404,50.13635],[5.86301,50.13667],[5.86198,50.13688],[5.85843,50.13701],[5.85884,50.13607],[5.85842,50.13604],[5.85703,50.13627],[5.85653,50.13652],[5.85496,50.13661],[5.85396,50.13631],[5.85422,50.13691],[5.85371,50.13719],[5.8532,50.13779],[5.85272,50.13885],[5.85233,50.13927],[5.85157,50.1406],[5.85153,50.14093],[5.85109,50.14141],[5.85107,50.1418],[5.85068,50.14202],[5.84981,50.14285],[5.84866,50.14373],[5.8479,50.14378],[5.84619,50.1437],[5.84496,50.14453],[5.84465,50.14438],[5.84573,50.14358],[5.84503,50.14325],[5.84408,50.14381],[5.84397,50.14374],[5.84477,50.14316],[5.84519,50.14266],[5.84583,50.1413],[5.84549,50.14022],[5.84461,50.14011],[5.84239,50.14273],[5.84136,50.1431],[5.84051,50.14301],[5.83978,50.14338],[5.83856,50.1432],[5.83807,50.14299],[5.83725,50.14226],[5.83662,50.14188],[5.83564,50.14179],[5.83531,50.1419],[5.83534,50.14234],[5.8351,50.14244],[5.8341,50.14228],[5.83306,50.1417],[5.83224,50.14164],[5.83184,50.14147],[5.83158,50.1411],[5.83065,50.14075],[5.8304,50.14046],[5.82949,50.14009],[5.82859,50.14036],[5.829,50.14096],[5.82948,50.14128],[5.83091,50.14251],[5.83061,50.14305],[5.83292,50.14397],[5.83168,50.14558],[5.83569,50.14788],[5.83646,50.14823],[5.83618,50.14856],[5.83673,50.14872],[5.83573,50.15005],[5.83528,50.15087],[5.83611,50.15102],[5.83891,50.15164],[5.83764,50.15266],[5.83702,50.15385],[5.83686,50.15485],[5.83766,50.15588],[5.83808,50.15716],[5.83801,50.15791],[5.83753,50.15907],[5.83754,50.15935],[5.83677,50.16063],[5.83563,50.16235],[5.8337,50.16374],[5.83292,50.1646],[5.83233,50.16584],[5.83167,50.16667],[5.83079,50.16743],[5.83015,50.1682],[5.82937,50.16866],[5.82778,50.16742],[5.82526,50.16921],[5.82336,50.17095],[5.82197,50.17168],[5.82134,50.17376],[5.82106,50.17524],[5.82066,50.17616],[5.82039,50.1772],[5.81954,50.17833],[5.81668,50.18079],[5.81603,50.1814],[5.81575,50.18187],[5.81479,50.183],[5.813,50.18552],[5.81173,50.18667],[5.80988,50.1881],[5.80882,50.18934],[5.80766,50.19047],[5.8065,50.19097],[5.80639,50.19263],[5.80801,50.19318],[5.80874,50.19331],[5.80778,50.19367],[5.80569,50.19491],[5.80461,50.19502],[5.80291,50.19547],[5.80165,50.19628],[5.80109,50.1974],[5.79966,50.19872],[5.7994,50.19927],[5.79994,50.20022],[5.79984,50.2006],[5.79749,50.20028],[5.79658,50.20086],[5.79586,50.20101],[5.79235,50.20223],[5.7894,50.20477],[5.7881,50.20632],[5.78873,50.207],[5.78934,50.20719],[5.79156,50.20814],[5.79237,50.20699],[5.7933,50.20649],[5.79696,50.20589],[5.79759,50.20622],[5.79672,50.20681],[5.79719,50.20727],[5.79749,50.20791],[5.79213,50.20912],[5.78944,50.2097],[5.78981,50.21185],[5.78987,50.21435],[5.7926,50.21459],[5.79836,50.21392],[5.80037,50.21346],[5.8006,50.21697],[5.79746,50.21728],[5.79533,50.21778],[5.79554,50.21965],[5.79508,50.21944],[5.79467,50.21956],[5.79424,50.21942],[5.79345,50.2196],[5.79212,50.2195],[5.79226,50.21963],[5.79128,50.21965],[5.79058,50.21952],[5.78955,50.21949],[5.78918,50.21961],[5.7882,50.21926],[5.78812,50.21942],[5.78652,50.21925],[5.78494,50.21917],[5.78476,50.21901],[5.78319,50.21889],[5.78279,50.21915],[5.78233,50.21904],[5.78173,50.21951],[5.78116,50.21966],[5.78071,50.21951],[5.78059,50.2198],[5.78015,50.21986],[5.77944,50.2203],[5.77918,50.22064],[5.77887,50.22061],[5.7782,50.2212],[5.77654,50.22207],[5.77523,50.22417],[5.77518,50.22468],[5.77478,50.22519],[5.77373,50.22528],[5.77179,50.22659],[5.77122,50.22686],[5.7707,50.22687],[5.76998,50.22851],[5.76861,50.22864],[5.76709,50.22903],[5.7663,50.22935],[5.76083,50.22976],[5.76088,50.2301],[5.74847,50.23268],[5.7434,50.23503],[5.7429,50.23515],[5.74252,50.23493],[5.74109,50.2352],[5.74007,50.23547],[5.73902,50.23593],[5.73676,50.23597],[5.73605,50.23613],[5.73529,50.23598],[5.73517,50.23557],[5.73488,50.23555],[5.73353,50.23504],[5.73334,50.23452],[5.73288,50.23428],[5.73234,50.23423],[5.73209,50.23377],[5.7318,50.23389],[5.73092,50.23376],[5.72993,50.23327],[5.72962,50.23286],[5.72905,50.2331],[5.72771,50.23331],[5.72496,50.23337],[5.72062,50.23325],[5.71728,50.2331],[5.71629,50.23298],[5.71418,50.23254],[5.71252,50.23193],[5.71047,50.23086],[5.70967,50.23062],[5.71248,50.22721],[5.71309,50.22625],[5.71365,50.22578],[5.71272,50.22578],[5.71216,50.22489],[5.7114,50.22405],[5.71364,50.22332],[5.71372,50.22299],[5.71467,50.22293],[5.71492,50.22274],[5.71657,50.22252],[5.71816,50.22215],[5.71952,50.22169],[5.71959,50.22138],[5.72088,50.22079],[5.72147,50.22084],[5.72216,50.22073],[5.72348,50.22032],[5.72663,50.21883],[5.72854,50.21817],[5.72859,50.21768],[5.72823,50.21718],[5.72829,50.21688],[5.72787,50.2155],[5.72787,50.21494],[5.72863,50.21404],[5.72859,50.21368],[5.72881,50.21304],[5.72921,50.21291],[5.73007,50.21197],[5.72989,50.21176],[5.72979,50.211],[5.73012,50.20965],[5.72957,50.20844],[5.72887,50.20753],[5.72861,50.20691],[5.72846,50.2056],[5.73019,50.20543],[5.72984,50.20479],[5.73003,50.20421],[5.73076,50.20395],[5.7319,50.20309],[5.73253,50.20284],[5.73361,50.20281],[5.73457,50.20225],[5.73562,50.20219],[5.73668,50.20226],[5.7377,50.20188],[5.73865,50.20185],[5.73939,50.20132],[5.74081,50.20054],[5.74158,50.20058],[5.74252,50.20025],[5.74304,50.19984],[5.74364,50.19957],[5.74419,50.1988],[5.74432,50.19774],[5.7441,50.19708],[5.74356,50.1966],[5.7429,50.19632],[5.74257,50.1956],[5.74267,50.1948],[5.74244,50.19414],[5.74272,50.19332],[5.74263,50.19297],[5.74079,50.19257],[5.73963,50.19216],[5.7379,50.19193],[5.735,50.19142],[5.73295,50.19098],[5.73142,50.1905],[5.72923,50.19003],[5.72696,50.18924],[5.72514,50.18904],[5.72432,50.1891],[5.72292,50.18864],[5.72217,50.18816],[5.72028,50.18729],[5.71867,50.18727],[5.71652,50.18668],[5.71631,50.18727],[5.71653,50.18818],[5.71643,50.18869],[5.7158,50.18958],[5.71613,50.19044],[5.71577,50.1911],[5.71601,50.19143],[5.71574,50.19289],[5.71543,50.19309],[5.71543,50.19409],[5.71512,50.19415],[5.71503,50.19551],[5.71534,50.1957],[5.71541,50.19619],[5.71517,50.19666],[5.71534,50.19714],[5.71535,50.19838],[5.71564,50.19892],[5.71499,50.19972],[5.71492,50.20015],[5.71391,50.20107],[5.71287,50.20218],[5.7127,50.20218],[5.71174,50.20124],[5.71075,50.20048],[5.70978,50.19996],[5.70747,50.19955],[5.70418,50.19951],[5.70195,50.19959],[5.70051,50.19953],[5.69982,50.19932],[5.69892,50.19924],[5.69806,50.19878],[5.69745,50.19832],[5.69674,50.19731],[5.69604,50.19672],[5.69465,50.19466],[5.6944,50.1935],[5.69381,50.1922],[5.69326,50.19141],[5.69114,50.18941],[5.6899,50.18779],[5.6882,50.18594],[5.68736,50.18525],[5.68654,50.18477],[5.68595,50.18468],[5.685,50.18393],[5.68491,50.18337],[5.68522,50.18323],[5.68514,50.18201],[5.68437,50.18148],[5.68338,50.18125],[5.68279,50.18093],[5.68272,50.1801],[5.68324,50.1798],[5.68331,50.1794],[5.68257,50.17937],[5.68079,50.17962],[5.67997,50.17948],[5.67815,50.17935],[5.67675,50.17916],[5.67434,50.17854],[5.67242,50.17781],[5.67093,50.17707],[5.67072,50.17723],[5.66789,50.17719],[5.66762,50.17623],[5.66766,50.17598],[5.66935,50.17626],[5.66956,50.17589],[5.6687,50.17571],[5.66993,50.17419],[5.6702,50.17428],[5.6704,50.1739],[5.66905,50.17362],[5.66861,50.17373],[5.66856,50.17339],[5.66822,50.17331],[5.66801,50.17395],[5.66542,50.17441],[5.66494,50.17433],[5.66539,50.17415],[5.66544,50.1739],[5.66327,50.17358],[5.66258,50.1729],[5.66236,50.17284],[5.66146,50.17197],[5.66082,50.17216],[5.66016,50.17141],[5.65969,50.17018],[5.65946,50.16997],[5.6578,50.16922],[5.65671,50.16834],[5.65629,50.16769],[5.65624,50.16733],[5.65564,50.16646],[5.65639,50.16624],[5.65699,50.16586],[5.65746,50.16517],[5.65887,50.16362],[5.66071,50.16194],[5.66103,50.16141],[5.6608,50.16074],[5.65928,50.16056],[5.65766,50.16057],[5.65691,50.16036],[5.65655,50.15975],[5.65717,50.15847],[5.65812,50.15774],[5.65844,50.15725],[5.65865,50.15631],[5.65753,50.15479],[5.65655,50.15417],[5.65448,50.15317],[5.65353,50.15259],[5.65216,50.15147],[5.65189,50.15065],[5.65229,50.1499],[5.65469,50.14848],[5.65538,50.1479],[5.65599,50.14719],[5.65644,50.14685],[5.65772,50.14641],[5.65832,50.14637],[5.65904,50.14674],[5.65909,50.1472],[5.65864,50.14772],[5.65774,50.1482],[5.65638,50.14873],[5.65593,50.14904],[5.65533,50.15026],[5.65532,50.15077],[5.6559,50.15165],[5.65737,50.15319],[5.65791,50.15361],[5.65886,50.1539],[5.65986,50.15401],[5.66071,50.1539],[5.66153,50.15345],[5.66181,50.15298],[5.66162,50.15193],[5.66172,50.15111],[5.66235,50.1501],[5.6633,50.14972],[5.66397,50.1498],[5.66445,50.15006],[5.665,50.15072],[5.6659,50.15149],[5.66695,50.15205],[5.66868,50.15271],[5.66993,50.15301],[5.67105,50.15313],[5.67189,50.15306],[5.67262,50.1527],[5.67424,50.1513],[5.67465,50.15075],[5.67474,50.14936],[5.67496,50.14844],[5.67549,50.14553],[5.67588,50.14432],[5.67604,50.14291],[5.67584,50.14207],[5.675,50.14056],[5.67421,50.13988],[5.67329,50.1396],[5.67271,50.13959],[5.67202,50.13992],[5.67151,50.14077],[5.67136,50.14131],[5.67132,50.14217],[5.67103,50.14269],[5.6703,50.14355],[5.6692,50.14439],[5.66829,50.14457],[5.66758,50.14457],[5.66652,50.14441],[5.66578,50.14409],[5.66526,50.14364],[5.66486,50.14294],[5.66477,50.14196],[5.66551,50.1411],[5.66731,50.14036],[5.66894,50.13939],[5.66929,50.139],[5.66951,50.13793],[5.66964,50.13669],[5.66997,50.13622],[5.67106,50.13595],[5.67225,50.13604],[5.67332,50.13636],[5.67553,50.1373],[5.67603,50.13743],[5.6776,50.13735],[5.67827,50.13711],[5.67875,50.13676],[5.67913,50.13602],[5.679,50.13547],[5.67859,50.13517],[5.67781,50.1349],[5.67728,50.13442],[5.67791,50.13279],[5.67807,50.13182],[5.67711,50.12855],[5.67732,50.12785],[5.67808,50.12708],[5.67813,50.12654],[5.67794,50.1261],[5.67706,50.12534],[5.67564,50.12479],[5.67434,50.12472],[5.67288,50.12478],[5.67194,50.12473],[5.67136,50.12442],[5.6712,50.12398],[5.67119,50.12329],[5.67137,50.12261],[5.67187,50.12172],[5.67204,50.121],[5.67215,50.11929],[5.67231,50.11877],[5.67262,50.11842],[5.67407,50.11728],[5.67618,50.11606],[5.67798,50.11461],[5.67961,50.1152],[5.68147,50.11529],[5.68184,50.11506],[5.68232,50.11443],[5.68248,50.11389],[5.68294,50.11364],[5.68387,50.11343],[5.68554,50.11286],[5.6869,50.11217],[5.68773,50.11151],[5.68915,50.1112],[5.6903,50.11125],[5.69183,50.11156],[5.69182,50.11136],[5.69302,50.11128],[5.69401,50.11136],[5.69521,50.11113],[5.69595,50.11078],[5.69606,50.1105],[5.6969,50.10973],[5.69742,50.10902],[5.69749,50.10867],[5.69687,50.10866],[5.69685,50.10841],[5.69633,50.10753],[5.6963,50.10634],[5.69653,50.10592],[5.69831,50.10502],[5.69899,50.10437],[5.69867,50.10431],[5.6995,50.10315],[5.69974,50.10303],[5.70044,50.10187],[5.70046,50.10155],[5.7019,50.10034],[5.70367,50.09987],[5.70407,50.1],[5.70613,50.09773],[5.70688,50.09702],[5.70723,50.09651],[5.70911,50.09723],[5.70915,50.09534],[5.71003,50.0941],[5.711,50.09296],[5.71212,50.09328],[5.71261,50.09296],[5.71325,50.09177],[5.71429,50.09204],[5.71393,50.09179],[5.71406,50.09086],[5.71515,50.09113],[5.7152,50.09101],[5.71604,50.09105],[5.71714,50.09131],[5.71733,50.09061],[5.71731,50.08992],[5.71692,50.08979],[5.71718,50.08938],[5.72037,50.0903],[5.7209,50.08973],[5.72087,50.08945],[5.72143,50.08955],[5.72279,50.09032],[5.72309,50.08981],[5.72371,50.08986],[5.72318,50.08964],[5.72364,50.08938],[5.7229,50.08916],[5.72361,50.08882],[5.72206,50.08785],[5.7218,50.08697],[5.72241,50.08709],[5.72319,50.08544],[5.72362,50.08498],[5.72552,50.08445],[5.72718,50.08485],[5.72812,50.08521],[5.73019,50.08555],[5.72976,50.08593],[5.73155,50.08659],[5.73236,50.08683],[5.7338,50.0874],[5.73666,50.08901],[5.73865,50.09005],[5.73905,50.08926],[5.73941,50.08887],[5.74033,50.08837],[5.74092,50.08838],[5.74173,50.08812],[5.74162,50.08752],[5.74233,50.0875],[5.74213,50.08691],[5.74318,50.08583],[5.74393,50.08476],[5.74415,50.08418],[5.74417,50.08352],[5.74444,50.08276],[5.74495,50.08279],[5.74526,50.08357],[5.74596,50.08397],[5.74641,50.08443],[5.74666,50.08497],[5.74703,50.08531],[5.74747,50.08522],[5.74772,50.08574],[5.74622,50.08584],[5.74659,50.08648],[5.74587,50.08706],[5.74656,50.08727],[5.74783,50.08784],[5.74806,50.08761],[5.74886,50.08833],[5.75114,50.08986],[5.75156,50.09035],[5.753,50.09111],[5.75488,50.09018],[5.75647,50.08965],[5.75935,50.08906],[5.76186,50.0898],[5.76149,50.09048],[5.76138,50.09116],[5.76104,50.09204],[5.76121,50.09209],[5.76135,50.09423],[5.76124,50.09548],[5.7617,50.09643],[5.76234,50.09704],[5.76429,50.09816],[5.76526,50.09899],[5.76567,50.10024],[5.76624,50.10143],[5.76728,50.10298],[5.76913,50.1036],[5.76943,50.10424],[5.76862,50.1065],[5.76894,50.1071],[5.76929,50.10734],[5.77124,50.10791],[5.77294,50.1083],[5.77449,50.10875],[5.77566,50.10963],[5.77722,50.11097],[5.7774,50.11122],[5.77895,50.11147],[5.77886,50.11184],[5.77805,50.11179],[5.77762,50.11192],[5.77777,50.11288],[5.77643,50.11265],[5.77641,50.11325],[5.77558,50.11396],[5.77527,50.11496],[5.77559,50.11472],[5.77756,50.11494],[5.78068,50.11605],[5.78021,50.1168],[5.78165,50.11722],[5.78248,50.11622],[5.78321,50.11635],[5.78324,50.11524],[5.78505,50.11572],[5.78488,50.11618],[5.78813,50.11644],[5.78861,50.11639],[5.78935,50.11592],[5.7908,50.113],[5.79187,50.11124],[5.79236,50.1102],[5.79235,50.10984],[5.79295,50.10834],[5.79356,50.10737],[5.79437,50.10628],[5.79585,50.10282],[5.79683,50.10186],[5.79747,50.10189],[5.79776,50.10141],[5.79815,50.10137],[5.79874,50.10074],[5.79808,50.10038],[5.79846,50.10012],[5.79873,50.1002],[5.79902,50.09985],[5.79999,50.0991],[5.80003,50.09873],[5.80087,50.09852],[5.80154,50.09812],[5.80306,50.09822],[5.80386,50.09813],[5.80448,50.0985],[5.80478,50.09893],[5.8056,50.09935],[5.80594,50.09968],[5.80832,50.10031],[5.80949,50.09976],[5.80931,50.09932],[5.81002,50.09898],[5.80968,50.09872],[5.81056,50.09822],[5.8111,50.09778],[5.81179,50.09762],[5.81269,50.09715],[5.81279,50.09691],[5.81352,50.09668],[5.81426,50.09629],[5.81492,50.0949],[5.81526,50.09461],[5.81497,50.09444],[5.81598,50.09393],[5.81736,50.09342],[5.81707,50.09317],[5.81881,50.09208],[5.82078,50.09016],[5.82459,50.08567],[5.82177,50.08464],[5.81975,50.08417],[5.81765,50.08298],[5.81735,50.08244],[5.81775,50.08084],[5.81683,50.07979],[5.81654,50.07895],[5.81934,50.07841],[5.82032,50.07807],[5.8213,50.07737],[5.82145,50.07747],[5.8221,50.07723],[5.82227,50.07685],[5.82332,50.07611],[5.82448,50.07557],[5.82474,50.07457],[5.82488,50.07451],[5.825,50.07364],[5.82424,50.07322],[5.82432,50.07134],[5.82487,50.07018],[5.82541,50.07037],[5.82599,50.06978],[5.82719,50.0694],[5.82749,50.06905],[5.82695,50.06913],[5.82641,50.06891],[5.82648,50.06863],[5.82583,50.06869],[5.82515,50.06859],[5.82432,50.06831],[5.82542,50.06665],[5.82604,50.06555],[5.82722,50.06409],[5.82857,50.06445],[5.83041,50.06471],[5.83243,50.06487],[5.8335,50.06507],[5.83371,50.06522],[5.83473,50.0654],[5.8356,50.06578],[5.83612,50.06618],[5.83679,50.06572],[5.83752,50.06604],[5.83854,50.06631],[5.83954,50.06637],[5.84046,50.06622],[5.84092,50.06642],[5.84262,50.06597],[5.84339,50.06583],[5.84374,50.06533],[5.84341,50.06485],[5.84411,50.0648],[5.84405,50.06416],[5.84428,50.06343],[5.84547,50.06352],[5.84733,50.0639],[5.84938,50.06422],[5.85026,50.06336],[5.84881,50.06315],[5.84916,50.06271],[5.84976,50.06284],[5.85043,50.06321],[5.85086,50.063],[5.85312,50.06252],[5.85405,50.06242],[5.85534,50.06194],[5.85667,50.06161]]]}},{"type":"Feature","id":"82032","bbox":[5.709667,50.218895,6.017284,50.348295],"properties":{"nis":"82032","name":"Vielsalm","nameNl":"Vielsalm","nameFr":"Vielsalm","nameDe":"Vielsalm","province":"luxembourg","region":"wallonia","areaKm2":140.25},"geometry":{"type":"Polygon","coordinates":[[[6.01239,50.24417],[6.01349,50.24553],[6.01396,50.24661],[6.01418,50.24755],[6.01498,50.24749],[6.01502,50.24854],[6.01448,50.24859],[6.01511,50.25027],[6.01527,50.25038],[6.01604,50.25225],[6.01675,50.2523],[6.01651,50.2527],[6.01537,50.2557],[6.01541,50.25586],[6.01463,50.25758],[6.01452,50.25833],[6.01396,50.25939],[6.01355,50.26095],[6.01245,50.26461],[6.01253,50.26749],[6.01237,50.26828],[6.01175,50.26962],[6.01146,50.27007],[6.01213,50.27007],[6.01215,50.27054],[6.01168,50.27054],[6.01214,50.27118],[6.012,50.27297],[6.01199,50.27492],[6.01183,50.27533],[6.01205,50.27674],[6.01258,50.2776],[6.0131,50.27799],[6.01295,50.27855],[6.01287,50.28001],[6.01318,50.28252],[6.01379,50.28468],[6.01412,50.28527],[6.01521,50.28663],[6.01532,50.28728],[6.01498,50.28821],[6.01473,50.28974],[6.01494,50.29188],[6.01497,50.29273],[6.01523,50.29451],[6.01548,50.29543],[6.01632,50.29698],[6.01663,50.29846],[6.01695,50.29886],[6.01729,50.30019],[6.01664,50.30061],[6.01563,50.30105],[6.01565,50.30171],[6.01532,50.302],[6.01404,50.30209],[6.01412,50.30283],[6.01442,50.30338],[6.01391,50.30446],[6.01375,50.30546],[6.01343,50.30674],[6.01297,50.30806],[6.01291,50.30847],[6.01336,50.30918],[6.01372,50.31063],[6.01314,50.31058],[6.01277,50.31135],[6.01173,50.31238],[6.01096,50.31324],[6.00991,50.31393],[6.00935,50.31418],[6.00591,50.31522],[6.00386,50.31556],[6.00132,50.31577],[5.99852,50.31647],[5.99678,50.31724],[5.99578,50.31739],[5.99473,50.31775],[5.99268,50.31825],[5.99111,50.31868],[5.98872,50.31916],[5.98651,50.31947],[5.98582,50.31978],[5.98508,50.31989],[5.98337,50.32038],[5.983,50.32077],[5.98282,50.32156],[5.9824,50.32248],[5.98139,50.32315],[5.98062,50.32402],[5.97998,50.32539],[5.97866,50.327],[5.98035,50.32797],[5.98017,50.32983],[5.97612,50.32936],[5.97222,50.32896],[5.9686,50.32832],[5.96576,50.32805],[5.96269,50.32771],[5.96089,50.32742],[5.96014,50.32787],[5.96019,50.32813],[5.95966,50.32917],[5.95946,50.32922],[5.9587,50.33029],[5.95766,50.33085],[5.95752,50.33116],[5.95664,50.33197],[5.95636,50.33251],[5.95536,50.33356],[5.95439,50.33397],[5.95355,50.33446],[5.95276,50.33458],[5.95195,50.33523],[5.95115,50.33553],[5.95026,50.33561],[5.95001,50.33592],[5.94932,50.33638],[5.94846,50.33653],[5.94773,50.33633],[5.94659,50.33622],[5.94548,50.33647],[5.94456,50.33649],[5.9442,50.33635],[5.94381,50.33669],[5.94323,50.33687],[5.94257,50.33679],[5.94196,50.33721],[5.94151,50.33713],[5.94099,50.33732],[5.9401,50.33745],[5.93929,50.33801],[5.93873,50.33815],[5.93716,50.3383],[5.93593,50.33778],[5.93538,50.33682],[5.93523,50.33627],[5.93463,50.33593],[5.93461,50.33562],[5.93387,50.335],[5.93362,50.33463],[5.93228,50.33401],[5.93156,50.33399],[5.93029,50.3335],[5.93022,50.33321],[5.92922,50.33295],[5.92854,50.33243],[5.92745,50.33259],[5.92615,50.33227],[5.92455,50.33253],[5.92412,50.33246],[5.92365,50.33264],[5.92185,50.33281],[5.92013,50.33335],[5.91945,50.33374],[5.91825,50.33378],[5.9173,50.33431],[5.91689,50.33418],[5.91652,50.33444],[5.91499,50.33466],[5.91411,50.33454],[5.91357,50.33484],[5.9122,50.33469],[5.91218,50.33482],[5.91076,50.33515],[5.91046,50.33549],[5.91007,50.33555],[5.90943,50.33617],[5.90866,50.3365],[5.90759,50.33661],[5.9071,50.33645],[5.90622,50.33685],[5.90568,50.3374],[5.90497,50.33775],[5.9044,50.33784],[5.90329,50.33822],[5.90314,50.33841],[5.90257,50.33839],[5.90204,50.33862],[5.9017,50.33921],[5.90092,50.3394],[5.89964,50.33928],[5.89844,50.33953],[5.89749,50.33921],[5.89625,50.33973],[5.89526,50.33966],[5.89409,50.33943],[5.89247,50.33924],[5.89076,50.33882],[5.88957,50.33866],[5.88862,50.33885],[5.88816,50.33931],[5.8871,50.33963],[5.88481,50.33985],[5.88317,50.34021],[5.88204,50.34063],[5.88038,50.34154],[5.87835,50.34204],[5.87681,50.34233],[5.8726,50.34336],[5.87145,50.34369],[5.86879,50.34474],[5.86769,50.34527],[5.86568,50.3459],[5.86385,50.3469],[5.86279,50.34783],[5.86201,50.34829],[5.86175,50.34782],[5.86163,50.34715],[5.86117,50.34683],[5.86121,50.34658],[5.86042,50.34565],[5.86105,50.34529],[5.86011,50.34445],[5.85977,50.34392],[5.85885,50.34315],[5.8578,50.34211],[5.85562,50.3407],[5.85624,50.34015],[5.85395,50.33843],[5.85334,50.33758],[5.85255,50.33668],[5.85172,50.33595],[5.85124,50.33536],[5.85109,50.33314],[5.8509,50.33122],[5.85111,50.33084],[5.85085,50.33022],[5.8511,50.32979],[5.85087,50.32948],[5.85112,50.32933],[5.85086,50.32906],[5.85074,50.3284],[5.85031,50.32779],[5.85042,50.32681],[5.85139,50.3271],[5.85245,50.32727],[5.85404,50.32782],[5.85814,50.32643],[5.8624,50.32522],[5.8633,50.32442],[5.86401,50.32336],[5.86527,50.32131],[5.86595,50.32067],[5.86656,50.31966],[5.8667,50.31897],[5.86929,50.31931],[5.86756,50.31497],[5.86882,50.31452],[5.86908,50.3143],[5.86892,50.31399],[5.86689,50.3134],[5.86438,50.30668],[5.86414,50.30594],[5.86327,50.30419],[5.86182,50.30419],[5.86108,50.30402],[5.8603,50.30362],[5.86047,50.30337],[5.8602,50.3018],[5.85805,50.30129],[5.85721,50.30116],[5.85639,50.30088],[5.85486,50.30001],[5.8556,50.29845],[5.85707,50.29841],[5.85727,50.29781],[5.85813,50.29657],[5.8588,50.296],[5.85906,50.29554],[5.85782,50.29533],[5.85542,50.29456],[5.85372,50.29381],[5.85378,50.29375],[5.85075,50.292],[5.85231,50.29154],[5.85178,50.29085],[5.85134,50.28972],[5.85066,50.28887],[5.84881,50.28896],[5.84768,50.28878],[5.84623,50.28842],[5.84707,50.28648],[5.84743,50.28605],[5.84671,50.28575],[5.84512,50.28487],[5.84713,50.28359],[5.84544,50.28196],[5.84553,50.28193],[5.84503,50.28063],[5.84903,50.28066],[5.85386,50.2819],[5.85919,50.28226],[5.86516,50.28255],[5.86898,50.28176],[5.87313,50.2814],[5.87594,50.28074],[5.87771,50.28046],[5.88125,50.28014],[5.88138,50.27947],[5.88119,50.27851],[5.87796,50.27892],[5.87744,50.27715],[5.87686,50.27599],[5.87367,50.27666],[5.87253,50.27459],[5.87208,50.27429],[5.87182,50.2736],[5.87112,50.27252],[5.87091,50.27131],[5.87054,50.27003],[5.87071,50.27],[5.87043,50.26838],[5.86714,50.26844],[5.86196,50.26848],[5.85825,50.2674],[5.85654,50.26687],[5.85481,50.26621],[5.85159,50.26484],[5.84833,50.26352],[5.84762,50.26334],[5.84566,50.26337],[5.84387,50.26328],[5.8427,50.26289],[5.84077,50.26165],[5.8403,50.26145],[5.83943,50.26135],[5.83888,50.26143],[5.83663,50.26194],[5.83658,50.26267],[5.83565,50.26315],[5.83119,50.26584],[5.82748,50.26659],[5.82451,50.26519],[5.82154,50.26428],[5.81662,50.26428],[5.81665,50.2641],[5.81561,50.26417],[5.81213,50.26418],[5.80987,50.26432],[5.80901,50.26325],[5.81027,50.26249],[5.80924,50.26185],[5.80985,50.26113],[5.80987,50.26083],[5.81034,50.26035],[5.80934,50.25997],[5.80821,50.25671],[5.80768,50.2542],[5.80695,50.25436],[5.80593,50.25494],[5.8061,50.25554],[5.80593,50.25645],[5.80618,50.25737],[5.80626,50.25871],[5.80585,50.25934],[5.80598,50.26095],[5.80276,50.26108],[5.80215,50.26121],[5.80158,50.2619],[5.8021,50.26201],[5.80301,50.26284],[5.80219,50.26381],[5.80161,50.26414],[5.80126,50.26386],[5.79987,50.26502],[5.79808,50.26468],[5.79784,50.26485],[5.79682,50.26476],[5.79612,50.265],[5.79236,50.26483],[5.78871,50.26461],[5.78685,50.26431],[5.78618,50.2641],[5.78542,50.2637],[5.7841,50.2635],[5.78215,50.2634],[5.78179,50.26268],[5.77902,50.26302],[5.77809,50.26366],[5.77565,50.26487],[5.77506,50.26527],[5.77329,50.26573],[5.77161,50.26653],[5.77068,50.26704],[5.7685,50.26769],[5.76355,50.2681],[5.76238,50.26779],[5.75997,50.26767],[5.75925,50.26713],[5.75729,50.26648],[5.75616,50.26628],[5.75484,50.26629],[5.75462,50.26637],[5.75308,50.26627],[5.75275,50.26633],[5.75199,50.26612],[5.751,50.26601],[5.75082,50.26558],[5.75048,50.26538],[5.75029,50.26471],[5.74997,50.26442],[5.7501,50.26365],[5.74955,50.26313],[5.74854,50.26247],[5.74818,50.26186],[5.74768,50.26133],[5.74582,50.26084],[5.74457,50.26059],[5.74359,50.26065],[5.74282,50.26087],[5.7417,50.26066],[5.7407,50.2603],[5.73865,50.26032],[5.73666,50.26024],[5.73614,50.26038],[5.73537,50.26038],[5.73361,50.26021],[5.73286,50.26045],[5.73056,50.26091],[5.72866,50.26155],[5.72369,50.26088],[5.72108,50.2622],[5.7223,50.26012],[5.72382,50.25682],[5.72445,50.25556],[5.72564,50.25296],[5.72617,50.25168],[5.72385,50.24862],[5.72327,50.2478],[5.71844,50.24134],[5.715,50.2369],[5.71413,50.23595],[5.71042,50.23142],[5.70967,50.23062],[5.71047,50.23086],[5.71252,50.23193],[5.71418,50.23254],[5.71629,50.23298],[5.71728,50.2331],[5.72062,50.23325],[5.72496,50.23337],[5.72771,50.23331],[5.72905,50.2331],[5.72962,50.23286],[5.72993,50.23327],[5.73092,50.23376],[5.7318,50.23389],[5.73209,50.23377],[5.73234,50.23423],[5.73288,50.23428],[5.73334,50.23452],[5.73353,50.23504],[5.73488,50.23555],[5.73517,50.23557],[5.73529,50.23598],[5.73605,50.23613],[5.73676,50.23597],[5.73902,50.23593],[5.74007,50.23547],[5.74109,50.2352],[5.74252,50.23493],[5.7429,50.23515],[5.7434,50.23503],[5.74847,50.23268],[5.76088,50.2301],[5.76083,50.22976],[5.7663,50.22935],[5.76709,50.22903],[5.76861,50.22864],[5.76998,50.22851],[5.7707,50.22687],[5.77122,50.22686],[5.77179,50.22659],[5.77373,50.22528],[5.77478,50.22519],[5.77518,50.22468],[5.77523,50.22417],[5.77654,50.22207],[5.7782,50.2212],[5.77887,50.22061],[5.77918,50.22064],[5.77944,50.2203],[5.78015,50.21986],[5.78059,50.2198],[5.78071,50.21951],[5.78116,50.21966],[5.78173,50.21951],[5.78233,50.21904],[5.78279,50.21915],[5.78319,50.21889],[5.78476,50.21901],[5.78494,50.21917],[5.78652,50.21925],[5.78812,50.21942],[5.7882,50.21926],[5.78918,50.21961],[5.78955,50.21949],[5.79058,50.21952],[5.79128,50.21965],[5.79226,50.21963],[5.79212,50.2195],[5.79345,50.2196],[5.79424,50.21942],[5.79467,50.21956],[5.79508,50.21944],[5.79554,50.21965],[5.79591,50.21956],[5.79686,50.21978],[5.79782,50.21983],[5.79856,50.21998],[5.79869,50.21979],[5.79992,50.21974],[5.80022,50.22016],[5.80064,50.22022],[5.80107,50.22003],[5.80172,50.22025],[5.80185,50.2205],[5.80232,50.22037],[5.80274,50.22077],[5.80338,50.22064],[5.80327,50.22084],[5.80498,50.22133],[5.80605,50.22148],[5.8063,50.2214],[5.80721,50.22169],[5.8075,50.22225],[5.80806,50.2226],[5.80881,50.22276],[5.80922,50.22329],[5.80973,50.22339],[5.81013,50.22415],[5.81082,50.2242],[5.81239,50.2225],[5.8157,50.22375],[5.81911,50.22523],[5.82119,50.22696],[5.82387,50.2279],[5.82582,50.22781],[5.8262,50.22905],[5.82687,50.23024],[5.82626,50.23101],[5.82678,50.23143],[5.82785,50.23145],[5.82925,50.23201],[5.83115,50.23259],[5.83245,50.2331],[5.83354,50.2337],[5.83386,50.23405],[5.83435,50.23517],[5.83444,50.23605],[5.83546,50.2364],[5.83652,50.2356],[5.83667,50.23607],[5.8366,50.23663],[5.83677,50.23674],[5.83823,50.23639],[5.83901,50.23637],[5.84186,50.23646],[5.84274,50.23641],[5.84278,50.23667],[5.84382,50.23657],[5.84495,50.23656],[5.84501,50.23692],[5.84486,50.23818],[5.84785,50.23818],[5.85049,50.23853],[5.85326,50.23914],[5.85505,50.23915],[5.85507,50.23885],[5.85655,50.23849],[5.8574,50.23837],[5.85879,50.23839],[5.86046,50.23863],[5.86148,50.23908],[5.86245,50.23965],[5.86309,50.23982],[5.86358,50.23863],[5.86325,50.23733],[5.8636,50.23617],[5.86468,50.23569],[5.86511,50.236],[5.8657,50.23616],[5.86612,50.23593],[5.86662,50.23616],[5.86786,50.23622],[5.86832,50.23641],[5.86948,50.23667],[5.87011,50.23713],[5.87125,50.23744],[5.87173,50.23743],[5.8726,50.23771],[5.87493,50.2387],[5.87591,50.23889],[5.87622,50.23871],[5.87736,50.23889],[5.87966,50.23849],[5.88026,50.23808],[5.88088,50.23813],[5.88183,50.23802],[5.88359,50.23855],[5.88435,50.2392],[5.88572,50.23925],[5.88644,50.23961],[5.88737,50.23992],[5.88806,50.2403],[5.88889,50.24018],[5.8893,50.24029],[5.88957,50.24068],[5.89026,50.24073],[5.89213,50.24123],[5.89286,50.24134],[5.89536,50.24256],[5.89646,50.24258],[5.89732,50.24276],[5.89781,50.24262],[5.89855,50.24279],[5.90029,50.24223],[5.90118,50.2423],[5.90232,50.24227],[5.90312,50.24249],[5.90424,50.24296],[5.90442,50.24328],[5.90567,50.24384],[5.90668,50.24419],[5.90716,50.24417],[5.90793,50.24439],[5.90895,50.24444],[5.90954,50.24464],[5.91051,50.2456],[5.91027,50.24693],[5.91006,50.24729],[5.91023,50.24792],[5.91087,50.24853],[5.91192,50.24933],[5.91247,50.25003],[5.91285,50.25024],[5.91346,50.25016],[5.91368,50.25068],[5.91414,50.25094],[5.91488,50.2511],[5.91515,50.25203],[5.91459,50.25268],[5.9146,50.25332],[5.91484,50.25369],[5.91467,50.25398],[5.91326,50.25389],[5.91192,50.25351],[5.91129,50.2536],[5.91057,50.25406],[5.91049,50.25462],[5.91208,50.25519],[5.91325,50.25543],[5.91433,50.25574],[5.91634,50.25621],[5.91739,50.25632],[5.91883,50.25627],[5.92205,50.25574],[5.92418,50.25554],[5.92676,50.25432],[5.92726,50.25398],[5.92777,50.25332],[5.93013,50.25416],[5.93875,50.25727],[5.9459,50.25981],[5.94654,50.26009],[5.95064,50.26318],[5.9514,50.26378],[5.95485,50.26466],[5.96331,50.26677],[5.96522,50.2673],[5.96788,50.26778],[5.9759,50.2697],[5.9787,50.27034],[5.97936,50.26977],[5.97928,50.26959],[5.97977,50.26914],[5.97977,50.2686],[5.98063,50.26735],[5.97941,50.26681],[5.97847,50.26653],[5.97695,50.26577],[5.97636,50.26533],[5.97447,50.2645],[5.97348,50.26424],[5.97179,50.26423],[5.97047,50.26364],[5.96992,50.26306],[5.96901,50.26285],[5.96876,50.26215],[5.96911,50.26106],[5.96964,50.26063],[5.9701,50.25998],[5.97242,50.25754],[5.97269,50.25696],[5.97331,50.25652],[5.97426,50.25525],[5.97465,50.25425],[5.97616,50.25318],[5.97764,50.25186],[5.9784,50.25102],[5.97858,50.25043],[5.97861,50.24961],[5.97879,50.24881],[5.97999,50.24779],[5.97711,50.24606],[5.97522,50.2454],[5.97432,50.24463],[5.97316,50.24413],[5.97246,50.24365],[5.97127,50.24325],[5.97061,50.24285],[5.96942,50.24239],[5.96828,50.24215],[5.96691,50.24156],[5.96712,50.24091],[5.96709,50.23949],[5.96772,50.23928],[5.96821,50.23928],[5.96951,50.23907],[5.97111,50.23836],[5.97292,50.23783],[5.97385,50.23823],[5.9746,50.23816],[5.97629,50.23833],[5.97696,50.2385],[5.97675,50.23908],[5.97724,50.23913],[5.97825,50.23945],[5.97866,50.23805],[5.97938,50.23793],[5.98062,50.23733],[5.9803,50.23702],[5.98033,50.23629],[5.98121,50.2353],[5.98197,50.23479],[5.98277,50.23443],[5.98359,50.23455],[5.99079,50.23643],[5.99295,50.23673],[5.99341,50.2367],[5.99451,50.23716],[5.99611,50.23597],[5.99853,50.23486],[5.999,50.23589],[5.99874,50.236],[6.00009,50.23678],[6.00131,50.23722],[6.00142,50.23746],[6.00236,50.2378],[6.00351,50.23853],[6.00382,50.23854],[6.00443,50.23908],[6.0047,50.23908],[6.00605,50.23978],[6.007,50.24043],[6.00722,50.24092],[6.00802,50.24169],[6.00826,50.24246],[6.00888,50.24322],[6.00993,50.24487],[6.00997,50.24518],[6.0109,50.24487],[6.01239,50.24417]]]}},{"type":"Feature","id":"82036","bbox":[5.495154,49.866953,5.713467,50.011823],"properties":{"nis":"82036","name":"Vaux-sur-Sûre","nameNl":"Vaux-sur-Sûre","nameFr":"Vaux-sur-Sûre","nameDe":"Vaux-sur-Sûre","province":"luxembourg","region":"wallonia","areaKm2":135.3},"geometry":{"type":"Polygon","coordinates":[[[5.62256,50.01182],[5.6207,50.01117],[5.6187,50.01053],[5.61761,50.01034],[5.61495,50.00949],[5.61216,50.00815],[5.60945,50.00697],[5.60951,50.00642],[5.61224,50.00264],[5.61085,50.0012],[5.60446,49.99776],[5.60332,49.99922],[5.6015,49.99841],[5.60347,49.9962],[5.6025,49.99551],[5.60216,49.99515],[5.60255,49.99446],[5.60066,49.99382],[5.59929,49.99311],[5.59759,49.99234],[5.59777,49.99217],[5.59678,49.99132],[5.59641,49.99076],[5.59569,49.99025],[5.59418,49.98901],[5.59208,49.99006],[5.59184,49.98955],[5.59273,49.98904],[5.59064,49.98754],[5.5901,49.98797],[5.5896,49.98784],[5.58915,49.98792],[5.58798,49.98715],[5.58645,49.98654],[5.58636,49.98568],[5.58674,49.98424],[5.58698,49.98408],[5.58877,49.98346],[5.58759,49.98245],[5.58687,49.98207],[5.58707,49.98145],[5.58542,49.98109],[5.58621,49.97978],[5.58633,49.97908],[5.58639,49.97794],[5.58633,49.97713],[5.58658,49.97619],[5.58633,49.97517],[5.58611,49.97465],[5.58437,49.97301],[5.58506,49.97275],[5.58406,49.97171],[5.58372,49.97208],[5.58287,49.97117],[5.5835,49.97038],[5.58133,49.96963],[5.58117,49.9689],[5.57993,49.96818],[5.58021,49.96792],[5.57975,49.96775],[5.57889,49.96683],[5.57856,49.96608],[5.57882,49.96567],[5.57915,49.96462],[5.57845,49.96337],[5.5775,49.96262],[5.57687,49.96184],[5.57663,49.96078],[5.57605,49.9592],[5.5725,49.95921],[5.5714,49.9593],[5.57027,49.95883],[5.56942,49.9597],[5.56862,49.96025],[5.5672,49.95911],[5.56719,49.95952],[5.56677,49.95914],[5.56676,49.95841],[5.56728,49.95752],[5.56612,49.95735],[5.56456,49.95691],[5.56209,49.95541],[5.56202,49.95545],[5.56101,49.9576],[5.56008,49.96066],[5.56213,49.96172],[5.56159,49.96255],[5.56282,49.96329],[5.56398,49.9638],[5.56441,49.96385],[5.56267,49.96484],[5.56277,49.96567],[5.56229,49.96574],[5.55922,49.96539],[5.55765,49.96509],[5.55698,49.96506],[5.5537,49.96516],[5.55348,49.96538],[5.55284,49.96533],[5.55212,49.96553],[5.55171,49.96582],[5.55082,49.96614],[5.54925,49.96631],[5.54481,49.96424],[5.54211,49.96209],[5.54738,49.95737],[5.55321,49.95258],[5.54963,49.95211],[5.54884,49.94884],[5.53507,49.94577],[5.5307,49.94592],[5.52723,49.9435],[5.52614,49.94173],[5.52433,49.94009],[5.52414,49.93981],[5.52425,49.93903],[5.52484,49.93833],[5.52513,49.9378],[5.52479,49.93726],[5.52347,49.93633],[5.5236,49.93586],[5.52313,49.93458],[5.52316,49.93415],[5.52407,49.93281],[5.52485,49.93225],[5.52602,49.93185],[5.52717,49.93127],[5.52798,49.93118],[5.52507,49.92822],[5.52411,49.92747],[5.52228,49.9265],[5.51983,49.92537],[5.51877,49.92493],[5.51737,49.92412],[5.51691,49.92142],[5.51602,49.91974],[5.51446,49.91863],[5.50645,49.91205],[5.5062,49.91143],[5.50555,49.91057],[5.50222,49.90778],[5.49989,49.90566],[5.49716,49.90325],[5.49516,49.90303],[5.49615,49.90242],[5.49682,49.90186],[5.49734,49.9012],[5.49824,49.90071],[5.49894,49.89995],[5.49959,49.89995],[5.50109,49.89934],[5.50168,49.89935],[5.50247,49.89883],[5.50241,49.89859],[5.50292,49.89842],[5.50287,49.89759],[5.50365,49.89694],[5.50423,49.89675],[5.50436,49.89637],[5.50499,49.89593],[5.50521,49.89537],[5.50518,49.89457],[5.5054,49.89431],[5.505,49.894],[5.50495,49.89329],[5.50416,49.89283],[5.50637,49.89192],[5.50794,49.89097],[5.50952,49.88937],[5.51003,49.88894],[5.5115,49.88712],[5.51203,49.88702],[5.51401,49.88795],[5.51579,49.8865],[5.51644,49.8868],[5.51718,49.88574],[5.51914,49.88376],[5.51956,49.88307],[5.5201,49.88273],[5.52164,49.88309],[5.52235,49.88246],[5.52279,49.88145],[5.52431,49.88178],[5.52512,49.88172],[5.52609,49.88125],[5.52609,49.8811],[5.52843,49.88051],[5.52867,49.87903],[5.52858,49.87745],[5.5283,49.87727],[5.52704,49.87713],[5.52568,49.87707],[5.52525,49.87689],[5.52601,49.87624],[5.52576,49.87548],[5.5259,49.8747],[5.52673,49.87315],[5.52792,49.87195],[5.52875,49.87204],[5.52936,49.87012],[5.53048,49.86998],[5.532,49.87022],[5.53327,49.86962],[5.53428,49.86922],[5.53493,49.86886],[5.53552,49.8687],[5.5364,49.86817],[5.53764,49.86799],[5.53974,49.86791],[5.54114,49.8676],[5.54299,49.86769],[5.54245,49.86723],[5.54445,49.86695],[5.54544,49.86745],[5.54765,49.8681],[5.55045,49.8693],[5.55063,49.86951],[5.55136,49.86951],[5.55146,49.8697],[5.55305,49.87023],[5.55443,49.87078],[5.5567,49.86956],[5.55681,49.86961],[5.55845,49.86814],[5.55887,49.86765],[5.55987,49.86819],[5.56062,49.869],[5.56084,49.86852],[5.56299,49.86885],[5.56315,49.86929],[5.56483,49.86967],[5.56471,49.8698],[5.56787,49.8697],[5.56839,49.86904],[5.56923,49.86847],[5.57006,49.86872],[5.57058,49.86791],[5.57212,49.86883],[5.57314,49.86849],[5.57395,49.86811],[5.57493,49.86843],[5.57529,49.86818],[5.57649,49.86886],[5.57687,49.86954],[5.57805,49.87029],[5.57843,49.87036],[5.57987,49.87103],[5.57996,49.87094],[5.58182,49.87207],[5.58257,49.87272],[5.58211,49.87355],[5.58388,49.87515],[5.58425,49.87595],[5.58592,49.87688],[5.58893,49.87816],[5.59174,49.87853],[5.59445,49.87919],[5.59737,49.88024],[5.60223,49.88247],[5.60604,49.88336],[5.60586,49.88418],[5.60693,49.88437],[5.60788,49.88483],[5.60927,49.88538],[5.61173,49.88612],[5.61329,49.88681],[5.61337,49.88676],[5.61583,49.88792],[5.6159,49.88786],[5.61724,49.8888],[5.61893,49.88967],[5.62164,49.89056],[5.62463,49.89159],[5.62446,49.89179],[5.62676,49.89268],[5.62686,49.89259],[5.62773,49.89296],[5.63045,49.89372],[5.63173,49.89402],[5.63461,49.8948],[5.63688,49.89523],[5.63761,49.89526],[5.63791,49.8951],[5.63932,49.89541],[5.63942,49.89581],[5.64034,49.89635],[5.64281,49.89726],[5.6459,49.89808],[5.65131,49.89961],[5.65347,49.90014],[5.65568,49.90091],[5.65659,49.90039],[5.65709,49.90073],[5.6586,49.90139],[5.65879,49.90176],[5.65974,49.90253],[5.6594,49.90267],[5.66008,49.90326],[5.66028,49.90369],[5.66007,49.90378],[5.66021,49.90447],[5.66062,49.90535],[5.66077,49.90536],[5.66151,49.90467],[5.66405,49.90564],[5.66451,49.90575],[5.66467,49.90622],[5.665,49.90656],[5.66542,49.90774],[5.668,49.90791],[5.6691,49.90829],[5.66967,49.90876],[5.67172,49.90982],[5.67243,49.91028],[5.67383,49.91077],[5.67707,49.91249],[5.68057,49.91429],[5.68152,49.91459],[5.68327,49.91577],[5.68435,49.91668],[5.68599,49.91769],[5.68702,49.92263],[5.69263,49.9219],[5.69228,49.9221],[5.69215,49.92261],[5.69167,49.92309],[5.6921,49.92354],[5.69184,49.92389],[5.69215,49.92418],[5.69162,49.9242],[5.69169,49.92457],[5.69218,49.9248],[5.69243,49.92559],[5.69248,49.92618],[5.69304,49.92656],[5.69212,49.92648],[5.69205,49.9271],[5.6924,49.92733],[5.69251,49.92772],[5.69322,49.92792],[5.69382,49.92866],[5.69438,49.92912],[5.69596,49.92968],[5.69507,49.93028],[5.69376,49.93073],[5.69285,49.93155],[5.69502,49.93252],[5.69447,49.93307],[5.69423,49.93305],[5.69399,49.93351],[5.69497,49.93418],[5.69618,49.93335],[5.69703,49.93352],[5.69666,49.93389],[5.69632,49.93376],[5.69565,49.93426],[5.69492,49.93536],[5.69543,49.93703],[5.69666,49.9386],[5.69807,49.93892],[5.69993,49.93972],[5.70089,49.94005],[5.70439,49.9406],[5.70397,49.93918],[5.70478,49.93913],[5.70515,49.93957],[5.70537,49.94093],[5.70809,49.9409],[5.70765,49.93962],[5.70849,49.93952],[5.70902,49.9411],[5.70922,49.94202],[5.70999,49.94461],[5.7104,49.94659],[5.71105,49.94878],[5.71117,49.94939],[5.71178,49.95131],[5.71317,49.95676],[5.71347,49.95781],[5.71216,49.95855],[5.71111,49.95878],[5.71003,49.95892],[5.70842,49.95927],[5.70967,49.96005],[5.70863,49.96058],[5.7077,49.95959],[5.70785,49.95948],[5.70555,49.95923],[5.70464,49.96032],[5.70376,49.96184],[5.70329,49.96169],[5.70254,49.96203],[5.70304,49.9635],[5.70311,49.96416],[5.70334,49.96447],[5.70355,49.96545],[5.70418,49.96585],[5.70486,49.96665],[5.70696,49.96759],[5.70936,49.9688],[5.70987,49.96912],[5.71097,49.97028],[5.7107,49.97053],[5.70889,49.97006],[5.70681,49.96936],[5.7053,49.96832],[5.70474,49.96767],[5.70409,49.96724],[5.7021,49.96626],[5.70165,49.96717],[5.70117,49.96753],[5.70017,49.96796],[5.69943,49.96864],[5.69927,49.96935],[5.69952,49.9694],[5.70048,49.97004],[5.7006,49.97029],[5.70002,49.97131],[5.69969,49.97125],[5.6987,49.9716],[5.69773,49.97142],[5.69788,49.97093],[5.69456,49.97053],[5.69392,49.97037],[5.69509,49.9694],[5.69582,49.9678],[5.69431,49.96733],[5.69276,49.96659],[5.69151,49.96618],[5.69105,49.96631],[5.68906,49.96728],[5.68874,49.96765],[5.68859,49.96835],[5.68872,49.96841],[5.6892,49.96957],[5.68975,49.97109],[5.69268,49.97296],[5.69224,49.97395],[5.69149,49.97502],[5.69095,49.97545],[5.68962,49.97439],[5.68819,49.97709],[5.68517,49.97896],[5.68412,49.97966],[5.68137,49.98417],[5.68043,49.98664],[5.67886,49.98607],[5.67896,49.98538],[5.67538,49.98473],[5.67371,49.98449],[5.67323,49.98474],[5.6743,49.98501],[5.67216,49.98665],[5.66953,49.9883],[5.66899,49.98919],[5.66753,49.99249],[5.66602,49.99216],[5.66196,49.99163],[5.66037,49.99137],[5.65778,49.99113],[5.65776,49.99106],[5.65593,49.99074],[5.6528,49.98999],[5.65145,49.99139],[5.65065,49.99201],[5.64942,49.99325],[5.64916,49.99372],[5.64899,49.99501],[5.64784,49.99642],[5.64658,49.99876],[5.64619,49.99968],[5.64568,50.00064],[5.64551,50.00179],[5.64416,50.00185],[5.64415,50.00251],[5.64315,50.00282],[5.64126,50.00314],[5.64118,50.0033],[5.64002,50.00336],[5.64026,50.00585],[5.64005,50.00598],[5.63876,50.00781],[5.63835,50.00848],[5.63781,50.00796],[5.63732,50.00775],[5.63661,50.00712],[5.63267,50.00781],[5.62744,50.00914],[5.62707,50.00855],[5.62626,50.00858],[5.62493,50.00906],[5.62346,50.01034],[5.62256,50.01182]]]}},{"type":"Feature","id":"82037","bbox":[5.788094,50.110228,6.034388,50.270339],"properties":{"nis":"82037","name":"Gouvy","nameNl":"Gouvy","nameFr":"Gouvy","nameDe":"Geilich","province":"luxembourg","region":"wallonia","areaKm2":164.81},"geometry":{"type":"Polygon","coordinates":[[[5.89531,50.11216],[5.89831,50.11367],[5.89901,50.11429],[5.90026,50.11567],[5.90101,50.1162],[5.9024,50.11662],[5.90349,50.11721],[5.90769,50.11859],[5.90869,50.11879],[5.90952,50.11909],[5.91042,50.11978],[5.91119,50.12074],[5.91125,50.12067],[5.91409,50.1219],[5.91555,50.1216],[5.91741,50.12154],[5.92149,50.12313],[5.92164,50.12322],[5.9259,50.12441],[5.92966,50.12619],[5.93162,50.12642],[5.93357,50.12687],[5.93414,50.12695],[5.93431,50.12675],[5.93551,50.12684],[5.93629,50.12701],[5.93717,50.12694],[5.93761,50.12728],[5.93903,50.12783],[5.94234,50.12877],[5.94264,50.129],[5.94426,50.12922],[5.94511,50.1291],[5.94635,50.12924],[5.94729,50.12925],[5.94839,50.12912],[5.95022,50.12921],[5.95214,50.12965],[5.95401,50.13019],[5.95374,50.13068],[5.95401,50.13097],[5.95467,50.13109],[5.95701,50.13104],[5.95764,50.13112],[5.95913,50.131],[5.95995,50.13104],[5.96133,50.13136],[5.96046,50.13275],[5.95983,50.13427],[5.95954,50.13556],[5.95854,50.13886],[5.96135,50.14256],[5.961,50.14484],[5.96065,50.14561],[5.9602,50.14709],[5.96037,50.14823],[5.96063,50.149],[5.96121,50.14981],[5.95973,50.15032],[5.9587,50.15053],[5.95882,50.15118],[5.95814,50.15139],[5.96034,50.15239],[5.96044,50.15231],[5.96269,50.15333],[5.96293,50.15306],[5.96449,50.15342],[5.96571,50.15385],[5.9664,50.15432],[5.96713,50.15501],[5.96707,50.15543],[5.96431,50.15824],[5.96319,50.16094],[5.96177,50.16076],[5.96195,50.1613],[5.96235,50.16178],[5.96394,50.16405],[5.96418,50.16489],[5.9642,50.16608],[5.96406,50.16658],[5.96433,50.16761],[5.96423,50.16865],[5.96429,50.16946],[5.9642,50.17153],[5.96368,50.17263],[5.9651,50.17306],[5.96631,50.17303],[5.96741,50.17287],[5.96836,50.17285],[5.96949,50.1734],[5.9705,50.17443],[5.97068,50.1748],[5.97107,50.17502],[5.98062,50.17512],[5.98498,50.17514],[5.98504,50.17519],[5.99095,50.17522],[5.99974,50.17585],[6.0017,50.17609],[6.0042,50.17663],[6.00805,50.17776],[6.00966,50.17829],[6.0115,50.1785],[6.01321,50.17898],[6.01487,50.17984],[6.01625,50.18028],[6.01721,50.18069],[6.01757,50.18117],[6.0182,50.18138],[6.01972,50.18161],[6.02049,50.18181],[6.02154,50.18227],[6.0222,50.18243],[6.0237,50.1826],[6.02478,50.1828],[6.02619,50.18329],[6.02498,50.18493],[6.02432,50.1863],[6.02381,50.18697],[6.02333,50.1878],[6.02202,50.18969],[6.02036,50.19173],[6.02077,50.19363],[6.02145,50.19382],[6.0237,50.19467],[6.02515,50.19559],[6.02745,50.19676],[6.02874,50.19761],[6.02933,50.19814],[6.02999,50.19925],[6.03054,50.19985],[6.03131,50.20033],[6.0331,50.2012],[6.03249,50.20281],[6.03246,50.20315],[6.03271,50.20404],[6.03295,50.20423],[6.03296,50.20473],[6.03439,50.20595],[6.03169,50.20732],[6.02862,50.20763],[6.02815,50.20786],[6.02654,50.20912],[6.02745,50.20956],[6.02711,50.20992],[6.02449,50.20882],[6.02365,50.20872],[6.02335,50.20835],[6.02211,50.20793],[6.0207,50.20713],[6.02046,50.2064],[6.0207,50.20568],[6.02027,50.20563],[6.02,50.20592],[6.01919,50.20625],[6.01821,50.20647],[6.01853,50.2067],[6.01664,50.20647],[6.01501,50.20607],[6.01447,50.20552],[6.01338,50.20636],[6.01236,50.20601],[6.01202,50.20777],[6.01207,50.20844],[6.01237,50.20927],[6.01289,50.20983],[6.01398,50.21195],[6.01479,50.21345],[6.01507,50.21443],[6.0148,50.21542],[6.0141,50.21583],[6.01342,50.21672],[6.01248,50.21773],[6.0122,50.21817],[6.01193,50.22041],[6.01256,50.22055],[6.01262,50.221],[6.012,50.22105],[6.01188,50.22226],[6.01208,50.22275],[6.01225,50.22375],[6.01254,50.22446],[6.01281,50.22567],[6.01243,50.22652],[6.01184,50.22745],[6.0112,50.22802],[6.01064,50.22835],[6.00986,50.229],[6.00953,50.23025],[6.00933,50.23207],[6.01006,50.23318],[6.01014,50.23393],[6.01007,50.23449],[6.00976,50.23534],[6.00895,50.23713],[6.00869,50.23814],[6.00877,50.23848],[6.00922,50.2384],[6.00934,50.2387],[6.00895,50.23936],[6.00979,50.24057],[6.01019,50.24039],[6.01202,50.24321],[6.01239,50.24417],[6.0109,50.24487],[6.00997,50.24518],[6.00993,50.24487],[6.00888,50.24322],[6.00826,50.24246],[6.00802,50.24169],[6.00722,50.24092],[6.007,50.24043],[6.00605,50.23978],[6.0047,50.23908],[6.00443,50.23908],[6.00382,50.23854],[6.00351,50.23853],[6.00236,50.2378],[6.00142,50.23746],[6.00131,50.23722],[6.00009,50.23678],[5.99874,50.236],[5.999,50.23589],[5.99853,50.23486],[5.99611,50.23597],[5.99451,50.23716],[5.99341,50.2367],[5.99295,50.23673],[5.99079,50.23643],[5.98359,50.23455],[5.98277,50.23443],[5.98197,50.23479],[5.98121,50.2353],[5.98033,50.23629],[5.9803,50.23702],[5.98062,50.23733],[5.97938,50.23793],[5.97866,50.23805],[5.97825,50.23945],[5.97724,50.23913],[5.97675,50.23908],[5.97696,50.2385],[5.97629,50.23833],[5.9746,50.23816],[5.97385,50.23823],[5.97292,50.23783],[5.97111,50.23836],[5.96951,50.23907],[5.96821,50.23928],[5.96772,50.23928],[5.96709,50.23949],[5.96712,50.24091],[5.96691,50.24156],[5.96828,50.24215],[5.96942,50.24239],[5.97061,50.24285],[5.97127,50.24325],[5.97246,50.24365],[5.97316,50.24413],[5.97432,50.24463],[5.97522,50.2454],[5.97711,50.24606],[5.97999,50.24779],[5.97879,50.24881],[5.97861,50.24961],[5.97858,50.25043],[5.9784,50.25102],[5.97764,50.25186],[5.97616,50.25318],[5.97465,50.25425],[5.97426,50.25525],[5.97331,50.25652],[5.97269,50.25696],[5.97242,50.25754],[5.9701,50.25998],[5.96964,50.26063],[5.96911,50.26106],[5.96876,50.26215],[5.96901,50.26285],[5.96992,50.26306],[5.97047,50.26364],[5.97179,50.26423],[5.97348,50.26424],[5.97447,50.2645],[5.97636,50.26533],[5.97695,50.26577],[5.97847,50.26653],[5.97941,50.26681],[5.98063,50.26735],[5.97977,50.2686],[5.97977,50.26914],[5.97928,50.26959],[5.97936,50.26977],[5.9787,50.27034],[5.9759,50.2697],[5.96788,50.26778],[5.96522,50.2673],[5.96331,50.26677],[5.95485,50.26466],[5.9514,50.26378],[5.95064,50.26318],[5.94654,50.26009],[5.9459,50.25981],[5.93875,50.25727],[5.93013,50.25416],[5.92777,50.25332],[5.92726,50.25398],[5.92676,50.25432],[5.92418,50.25554],[5.92205,50.25574],[5.91883,50.25627],[5.91739,50.25632],[5.91634,50.25621],[5.91433,50.25574],[5.91325,50.25543],[5.91208,50.25519],[5.91049,50.25462],[5.91057,50.25406],[5.91129,50.2536],[5.91192,50.25351],[5.91326,50.25389],[5.91467,50.25398],[5.91484,50.25369],[5.9146,50.25332],[5.91459,50.25268],[5.91515,50.25203],[5.91488,50.2511],[5.91414,50.25094],[5.91368,50.25068],[5.91346,50.25016],[5.91285,50.25024],[5.91247,50.25003],[5.91192,50.24933],[5.91087,50.24853],[5.91023,50.24792],[5.91006,50.24729],[5.91027,50.24693],[5.91051,50.2456],[5.90954,50.24464],[5.90895,50.24444],[5.90793,50.24439],[5.90716,50.24417],[5.90668,50.24419],[5.90567,50.24384],[5.90442,50.24328],[5.90424,50.24296],[5.90312,50.24249],[5.90232,50.24227],[5.90118,50.2423],[5.90029,50.24223],[5.89855,50.24279],[5.89781,50.24262],[5.89732,50.24276],[5.89646,50.24258],[5.89536,50.24256],[5.89286,50.24134],[5.89213,50.24123],[5.89026,50.24073],[5.88957,50.24068],[5.8893,50.24029],[5.88889,50.24018],[5.88806,50.2403],[5.88737,50.23992],[5.88644,50.23961],[5.88572,50.23925],[5.88435,50.2392],[5.88359,50.23855],[5.88183,50.23802],[5.88088,50.23813],[5.88026,50.23808],[5.87966,50.23849],[5.87736,50.23889],[5.87622,50.23871],[5.87591,50.23889],[5.87493,50.2387],[5.8726,50.23771],[5.87173,50.23743],[5.87125,50.23744],[5.87011,50.23713],[5.86948,50.23667],[5.86832,50.23641],[5.86786,50.23622],[5.86662,50.23616],[5.86612,50.23593],[5.8657,50.23616],[5.86511,50.236],[5.86468,50.23569],[5.8636,50.23617],[5.86325,50.23733],[5.86358,50.23863],[5.86309,50.23982],[5.86245,50.23965],[5.86148,50.23908],[5.86046,50.23863],[5.85879,50.23839],[5.8574,50.23837],[5.85655,50.23849],[5.85507,50.23885],[5.85505,50.23915],[5.85326,50.23914],[5.85049,50.23853],[5.84785,50.23818],[5.84486,50.23818],[5.84501,50.23692],[5.84495,50.23656],[5.84382,50.23657],[5.84278,50.23667],[5.84274,50.23641],[5.84186,50.23646],[5.83901,50.23637],[5.83823,50.23639],[5.83677,50.23674],[5.8366,50.23663],[5.83667,50.23607],[5.83652,50.2356],[5.83546,50.2364],[5.83444,50.23605],[5.83435,50.23517],[5.83386,50.23405],[5.83354,50.2337],[5.83245,50.2331],[5.83115,50.23259],[5.82925,50.23201],[5.82785,50.23145],[5.82678,50.23143],[5.82626,50.23101],[5.82687,50.23024],[5.8262,50.22905],[5.82582,50.22781],[5.82387,50.2279],[5.82119,50.22696],[5.81911,50.22523],[5.8157,50.22375],[5.81239,50.2225],[5.81082,50.2242],[5.81013,50.22415],[5.80973,50.22339],[5.80922,50.22329],[5.80881,50.22276],[5.80806,50.2226],[5.8075,50.22225],[5.80721,50.22169],[5.8063,50.2214],[5.80605,50.22148],[5.80498,50.22133],[5.80327,50.22084],[5.80338,50.22064],[5.80274,50.22077],[5.80232,50.22037],[5.80185,50.2205],[5.80172,50.22025],[5.80107,50.22003],[5.80064,50.22022],[5.80022,50.22016],[5.79992,50.21974],[5.79869,50.21979],[5.79856,50.21998],[5.79782,50.21983],[5.79686,50.21978],[5.79591,50.21956],[5.79554,50.21965],[5.79533,50.21778],[5.79746,50.21728],[5.8006,50.21697],[5.80037,50.21346],[5.79836,50.21392],[5.7926,50.21459],[5.78987,50.21435],[5.78981,50.21185],[5.78944,50.2097],[5.79213,50.20912],[5.79749,50.20791],[5.79719,50.20727],[5.79672,50.20681],[5.79759,50.20622],[5.79696,50.20589],[5.7933,50.20649],[5.79237,50.20699],[5.79156,50.20814],[5.78934,50.20719],[5.78873,50.207],[5.7881,50.20632],[5.7894,50.20477],[5.79235,50.20223],[5.79586,50.20101],[5.79658,50.20086],[5.79749,50.20028],[5.79984,50.2006],[5.79994,50.20022],[5.7994,50.19927],[5.79966,50.19872],[5.80109,50.1974],[5.80165,50.19628],[5.80291,50.19547],[5.80461,50.19502],[5.80569,50.19491],[5.80778,50.19367],[5.80874,50.19331],[5.80801,50.19318],[5.80639,50.19263],[5.8065,50.19097],[5.80766,50.19047],[5.80882,50.18934],[5.80988,50.1881],[5.81173,50.18667],[5.813,50.18552],[5.81479,50.183],[5.81575,50.18187],[5.81603,50.1814],[5.81668,50.18079],[5.81954,50.17833],[5.82039,50.1772],[5.82066,50.17616],[5.82106,50.17524],[5.82134,50.17376],[5.82197,50.17168],[5.82336,50.17095],[5.82526,50.16921],[5.82778,50.16742],[5.82937,50.16866],[5.83015,50.1682],[5.83079,50.16743],[5.83167,50.16667],[5.83233,50.16584],[5.83292,50.1646],[5.8337,50.16374],[5.83563,50.16235],[5.83677,50.16063],[5.83754,50.15935],[5.83753,50.15907],[5.83801,50.15791],[5.83808,50.15716],[5.83766,50.15588],[5.83686,50.15485],[5.83702,50.15385],[5.83764,50.15266],[5.83891,50.15164],[5.83611,50.15102],[5.83528,50.15087],[5.83573,50.15005],[5.83673,50.14872],[5.83618,50.14856],[5.83646,50.14823],[5.83569,50.14788],[5.83168,50.14558],[5.83292,50.14397],[5.83061,50.14305],[5.83091,50.14251],[5.82948,50.14128],[5.829,50.14096],[5.82859,50.14036],[5.82949,50.14009],[5.8304,50.14046],[5.83065,50.14075],[5.83158,50.1411],[5.83184,50.14147],[5.83224,50.14164],[5.83306,50.1417],[5.8341,50.14228],[5.8351,50.14244],[5.83534,50.14234],[5.83531,50.1419],[5.83564,50.14179],[5.83662,50.14188],[5.83725,50.14226],[5.83807,50.14299],[5.83856,50.1432],[5.83978,50.14338],[5.84051,50.14301],[5.84136,50.1431],[5.84239,50.14273],[5.84461,50.14011],[5.84549,50.14022],[5.84583,50.1413],[5.84519,50.14266],[5.84477,50.14316],[5.84397,50.14374],[5.84408,50.14381],[5.84503,50.14325],[5.84573,50.14358],[5.84465,50.14438],[5.84496,50.14453],[5.84619,50.1437],[5.8479,50.14378],[5.84866,50.14373],[5.84981,50.14285],[5.85068,50.14202],[5.85107,50.1418],[5.85109,50.14141],[5.85153,50.14093],[5.85157,50.1406],[5.85233,50.13927],[5.85272,50.13885],[5.8532,50.13779],[5.85371,50.13719],[5.85422,50.13691],[5.85396,50.13631],[5.85496,50.13661],[5.85653,50.13652],[5.85703,50.13627],[5.85842,50.13604],[5.85884,50.13607],[5.85843,50.13701],[5.86198,50.13688],[5.86301,50.13667],[5.86404,50.13635],[5.86422,50.13645],[5.86508,50.13616],[5.86579,50.13612],[5.86607,50.13508],[5.8674,50.13304],[5.86746,50.13269],[5.86848,50.13086],[5.86927,50.13076],[5.87008,50.12892],[5.87103,50.1278],[5.87287,50.12594],[5.873,50.12576],[5.8742,50.12535],[5.87502,50.12478],[5.87477,50.12456],[5.8751,50.12435],[5.87485,50.1239],[5.87527,50.12302],[5.87714,50.12144],[5.8778,50.12068],[5.8762,50.12011],[5.87721,50.11893],[5.87765,50.1187],[5.87974,50.11842],[5.88067,50.11821],[5.88145,50.11736],[5.88177,50.11741],[5.88222,50.11706],[5.88253,50.11659],[5.8829,50.11663],[5.88328,50.11641],[5.8839,50.11632],[5.88427,50.11569],[5.88518,50.11522],[5.88557,50.11467],[5.88603,50.11477],[5.88634,50.11356],[5.88635,50.11273],[5.88734,50.11253],[5.88739,50.11286],[5.88833,50.11322],[5.8891,50.11236],[5.89056,50.11135],[5.89184,50.11023],[5.89346,50.11125],[5.89531,50.11216]]]}},{"type":"Feature","id":"82038","bbox":[5.414797,49.955406,5.62971,50.077719],"properties":{"nis":"82038","name":"Sainte-Ode","nameNl":"Sainte-Ode","nameFr":"Sainte-Ode","nameDe":"Sainte-Ode","province":"luxembourg","region":"wallonia","areaKm2":97.56},"geometry":{"type":"Polygon","coordinates":[[[5.62256,50.01182],[5.62478,50.01242],[5.62437,50.01268],[5.62364,50.01354],[5.62605,50.01491],[5.62834,50.01631],[5.62971,50.01697],[5.62706,50.01842],[5.62614,50.02001],[5.62484,50.01934],[5.6239,50.01877],[5.62278,50.01832],[5.62195,50.01821],[5.61979,50.01927],[5.62187,50.01989],[5.62213,50.02009],[5.62285,50.02118],[5.62302,50.02183],[5.6225,50.02186],[5.62144,50.02146],[5.6209,50.02099],[5.62049,50.02129],[5.62016,50.02117],[5.61803,50.02115],[5.61632,50.02062],[5.61485,50.02025],[5.6142,50.02085],[5.61399,50.02081],[5.61269,50.02196],[5.61514,50.02277],[5.61327,50.02441],[5.61251,50.02521],[5.61086,50.02452],[5.6098,50.02544],[5.6091,50.02644],[5.60764,50.02645],[5.60601,50.02614],[5.60385,50.02555],[5.60366,50.02543],[5.60233,50.02619],[5.60214,50.02666],[5.60015,50.02774],[5.59663,50.02975],[5.59726,50.03034],[5.59654,50.03099],[5.59638,50.03137],[5.59402,50.03328],[5.59369,50.03367],[5.59186,50.03373],[5.59026,50.03437],[5.58928,50.0347],[5.58843,50.03512],[5.587,50.03567],[5.5857,50.03642],[5.58368,50.03764],[5.58476,50.03896],[5.5853,50.03995],[5.58551,50.041],[5.58511,50.04281],[5.58409,50.04423],[5.58317,50.04526],[5.58368,50.04549],[5.58215,50.0466],[5.57988,50.04762],[5.57821,50.04858],[5.57722,50.04923],[5.57648,50.05],[5.57495,50.05273],[5.574,50.05478],[5.57328,50.05777],[5.57281,50.05811],[5.56507,50.06337],[5.56445,50.06296],[5.56401,50.06248],[5.56258,50.06141],[5.56214,50.06081],[5.56195,50.06002],[5.56163,50.05969],[5.55956,50.06154],[5.55693,50.06146],[5.55596,50.06159],[5.55349,50.06171],[5.55272,50.06169],[5.55165,50.06259],[5.54939,50.0603],[5.54718,50.05901],[5.54732,50.05854],[5.54657,50.05852],[5.54497,50.05865],[5.54306,50.05922],[5.54226,50.05902],[5.53875,50.061],[5.53921,50.06113],[5.53854,50.06207],[5.53836,50.06264],[5.53857,50.06357],[5.54015,50.06558],[5.54189,50.06733],[5.54219,50.06779],[5.5405,50.06802],[5.54026,50.06833],[5.53965,50.06764],[5.53889,50.06719],[5.53828,50.06811],[5.5366,50.06773],[5.53523,50.0675],[5.53499,50.06737],[5.53421,50.06767],[5.53392,50.06854],[5.53296,50.06799],[5.53271,50.06836],[5.53025,50.06695],[5.53037,50.06766],[5.52803,50.06836],[5.52695,50.06899],[5.52507,50.06896],[5.52455,50.06874],[5.52368,50.0691],[5.52362,50.07013],[5.52301,50.07084],[5.52197,50.07154],[5.52248,50.07209],[5.52315,50.07253],[5.52364,50.07264],[5.52386,50.07298],[5.52332,50.07301],[5.52195,50.07286],[5.52164,50.07309],[5.52144,50.07374],[5.52067,50.07436],[5.51932,50.07459],[5.5178,50.07533],[5.51725,50.07537],[5.51642,50.07584],[5.51439,50.07647],[5.51328,50.07657],[5.51208,50.07716],[5.51116,50.07742],[5.51031,50.07749],[5.50816,50.07707],[5.5076,50.07708],[5.50654,50.07661],[5.5053,50.07652],[5.50402,50.07692],[5.503,50.07707],[5.50221,50.07703],[5.50162,50.07681],[5.5014,50.07697],[5.5009,50.07659],[5.49932,50.07648],[5.49904,50.07627],[5.4982,50.07644],[5.49792,50.07663],[5.49712,50.07665],[5.49603,50.07704],[5.49487,50.07689],[5.49427,50.07694],[5.49319,50.07752],[5.49162,50.07772],[5.49188,50.07661],[5.4922,50.07627],[5.49156,50.07557],[5.48934,50.07478],[5.48793,50.07415],[5.48649,50.07377],[5.48528,50.07313],[5.48434,50.07248],[5.48331,50.07232],[5.48067,50.07217],[5.48056,50.07248],[5.47915,50.07278],[5.47823,50.07311],[5.4775,50.07278],[5.47689,50.07266],[5.47527,50.07215],[5.47453,50.07234],[5.47436,50.07204],[5.47342,50.07228],[5.47276,50.07227],[5.47286,50.07264],[5.47243,50.07279],[5.47182,50.07273],[5.47061,50.07239],[5.47021,50.07256],[5.47015,50.07295],[5.46931,50.07277],[5.46768,50.07291],[5.46692,50.07256],[5.46587,50.07266],[5.4652,50.07243],[5.46489,50.07197],[5.46436,50.07206],[5.46368,50.07198],[5.46251,50.07136],[5.46265,50.07104],[5.46183,50.07111],[5.46164,50.07127],[5.46075,50.07097],[5.46089,50.0708],[5.46025,50.07033],[5.46018,50.06995],[5.45819,50.06889],[5.45606,50.06719],[5.45432,50.06456],[5.4521,50.06285],[5.44837,50.06017],[5.44002,50.05581],[5.43789,50.05399],[5.43667,50.05207],[5.4331,50.05109],[5.43114,50.05081],[5.42855,50.05078],[5.42799,50.05097],[5.42742,50.05097],[5.4268,50.05076],[5.42637,50.0508],[5.42549,50.05044],[5.42453,50.05038],[5.42228,50.05008],[5.42103,50.04968],[5.42042,50.04959],[5.41866,50.04905],[5.4182,50.04908],[5.41791,50.04886],[5.41774,50.04842],[5.41678,50.04801],[5.41547,50.04728],[5.4148,50.04664],[5.41615,50.04523],[5.41758,50.04427],[5.4193,50.04325],[5.42172,50.04231],[5.42264,50.04133],[5.4227,50.04092],[5.42365,50.03932],[5.4253,50.03765],[5.42704,50.03598],[5.42785,50.03558],[5.42865,50.03503],[5.42857,50.03438],[5.42861,50.03352],[5.42742,50.03324],[5.42697,50.03261],[5.4275,50.03065],[5.42884,50.03058],[5.43076,50.03058],[5.43295,50.02915],[5.43792,50.02609],[5.43921,50.02512],[5.44044,50.02449],[5.44168,50.02416],[5.44337,50.0233],[5.44461,50.02297],[5.44789,50.02336],[5.44908,50.02327],[5.45066,50.02326],[5.45294,50.0237],[5.45417,50.02466],[5.45443,50.02477],[5.45663,50.02496],[5.45831,50.02502],[5.46034,50.02519],[5.46281,50.02505],[5.46335,50.02516],[5.4644,50.0251],[5.46694,50.02443],[5.46916,50.02406],[5.47249,50.02359],[5.47654,50.02331],[5.47827,50.02341],[5.48102,50.02375],[5.48336,50.02409],[5.48422,50.02414],[5.48565,50.02407],[5.48698,50.0239],[5.48914,50.02307],[5.49159,50.02265],[5.49519,50.02186],[5.49714,50.02209],[5.49846,50.02212],[5.49853,50.02178],[5.49662,50.02107],[5.49596,50.02118],[5.49443,50.02117],[5.49355,50.02065],[5.49245,50.02018],[5.49091,50.01857],[5.48978,50.01638],[5.48932,50.01601],[5.48971,50.01536],[5.48944,50.01503],[5.48861,50.01475],[5.48706,50.01315],[5.48721,50.01297],[5.48752,50.01104],[5.48813,50.01019],[5.48912,50.00921],[5.48939,50.00403],[5.48999,50.00372],[5.48997,50.00342],[5.49045,50.00332],[5.49099,50.0029],[5.4906,50.00206],[5.49275,50.00118],[5.49516,50.00003],[5.49603,49.99954],[5.50004,49.99803],[5.50013,49.99807],[5.50344,49.99578],[5.50477,49.9949],[5.50603,49.99423],[5.51399,49.99086],[5.51585,49.98987],[5.51593,49.98988],[5.51876,49.98856],[5.52015,49.98799],[5.52114,49.98737],[5.52264,49.98612],[5.52325,49.98529],[5.52627,49.98327],[5.52674,49.98244],[5.52718,49.98141],[5.52874,49.97982],[5.5299,49.97759],[5.53162,49.97643],[5.53201,49.97592],[5.53129,49.97566],[5.53029,49.97434],[5.5302,49.97072],[5.52979,49.96879],[5.53065,49.96854],[5.53152,49.96813],[5.53192,49.96782],[5.53218,49.967],[5.53268,49.96651],[5.53382,49.96639],[5.53447,49.9662],[5.53998,49.9668],[5.54098,49.96707],[5.54132,49.9669],[5.54265,49.96713],[5.5446,49.96768],[5.54686,49.96734],[5.54757,49.96681],[5.5483,49.96695],[5.54925,49.96631],[5.55082,49.96614],[5.55171,49.96582],[5.55212,49.96553],[5.55284,49.96533],[5.55348,49.96538],[5.5537,49.96516],[5.55698,49.96506],[5.55765,49.96509],[5.55922,49.96539],[5.56229,49.96574],[5.56277,49.96567],[5.56267,49.96484],[5.56441,49.96385],[5.56398,49.9638],[5.56282,49.96329],[5.56159,49.96255],[5.56213,49.96172],[5.56008,49.96066],[5.56101,49.9576],[5.56202,49.95545],[5.56209,49.95541],[5.56456,49.95691],[5.56612,49.95735],[5.56728,49.95752],[5.56676,49.95841],[5.56677,49.95914],[5.56719,49.95952],[5.5672,49.95911],[5.56862,49.96025],[5.56942,49.9597],[5.57027,49.95883],[5.5714,49.9593],[5.5725,49.95921],[5.57605,49.9592],[5.57663,49.96078],[5.57687,49.96184],[5.5775,49.96262],[5.57845,49.96337],[5.57915,49.96462],[5.57882,49.96567],[5.57856,49.96608],[5.57889,49.96683],[5.57975,49.96775],[5.58021,49.96792],[5.57993,49.96818],[5.58117,49.9689],[5.58133,49.96963],[5.5835,49.97038],[5.58287,49.97117],[5.58372,49.97208],[5.58406,49.97171],[5.58506,49.97275],[5.58437,49.97301],[5.58611,49.97465],[5.58633,49.97517],[5.58658,49.97619],[5.58633,49.97713],[5.58639,49.97794],[5.58633,49.97908],[5.58621,49.97978],[5.58542,49.98109],[5.58707,49.98145],[5.58687,49.98207],[5.58759,49.98245],[5.58877,49.98346],[5.58698,49.98408],[5.58674,49.98424],[5.58636,49.98568],[5.58645,49.98654],[5.58798,49.98715],[5.58915,49.98792],[5.5896,49.98784],[5.5901,49.98797],[5.59064,49.98754],[5.59273,49.98904],[5.59184,49.98955],[5.59208,49.99006],[5.59418,49.98901],[5.59569,49.99025],[5.59641,49.99076],[5.59678,49.99132],[5.59777,49.99217],[5.59759,49.99234],[5.59929,49.99311],[5.60066,49.99382],[5.60255,49.99446],[5.60216,49.99515],[5.6025,49.99551],[5.60347,49.9962],[5.6015,49.99841],[5.60332,49.99922],[5.60446,49.99776],[5.61085,50.0012],[5.61224,50.00264],[5.60951,50.00642],[5.60945,50.00697],[5.61216,50.00815],[5.61495,50.00949],[5.61761,50.01034],[5.6187,50.01053],[5.6207,50.01117],[5.62256,50.01182]]]}},{"type":"Feature","id":"82039","bbox":[5.538363,49.909358,5.869925,50.117224],"properties":{"nis":"82039","name":"Bastogne","nameNl":"Bastenaken","nameFr":"Bastogne","nameDe":"Bastnach","province":"luxembourg","region":"wallonia","areaKm2":263.84},"geometry":{"type":"Polygon","coordinates":[[[5.85667,50.06161],[5.85534,50.06194],[5.85405,50.06242],[5.85312,50.06252],[5.85086,50.063],[5.85043,50.06321],[5.84976,50.06284],[5.84916,50.06271],[5.84881,50.06315],[5.85026,50.06336],[5.84938,50.06422],[5.84733,50.0639],[5.84547,50.06352],[5.84428,50.06343],[5.84405,50.06416],[5.84411,50.0648],[5.84341,50.06485],[5.84374,50.06533],[5.84339,50.06583],[5.84262,50.06597],[5.84092,50.06642],[5.84046,50.06622],[5.83954,50.06637],[5.83854,50.06631],[5.83752,50.06604],[5.83679,50.06572],[5.83612,50.06618],[5.8356,50.06578],[5.83473,50.0654],[5.83371,50.06522],[5.8335,50.06507],[5.83243,50.06487],[5.83041,50.06471],[5.82857,50.06445],[5.82722,50.06409],[5.82604,50.06555],[5.82542,50.06665],[5.82432,50.06831],[5.82515,50.06859],[5.82583,50.06869],[5.82648,50.06863],[5.82641,50.06891],[5.82695,50.06913],[5.82749,50.06905],[5.82719,50.0694],[5.82599,50.06978],[5.82541,50.07037],[5.82487,50.07018],[5.82432,50.07134],[5.82424,50.07322],[5.825,50.07364],[5.82488,50.07451],[5.82474,50.07457],[5.82448,50.07557],[5.82332,50.07611],[5.82227,50.07685],[5.8221,50.07723],[5.82145,50.07747],[5.8213,50.07737],[5.82032,50.07807],[5.81934,50.07841],[5.81654,50.07895],[5.81683,50.07979],[5.81775,50.08084],[5.81735,50.08244],[5.81765,50.08298],[5.81975,50.08417],[5.82177,50.08464],[5.82459,50.08567],[5.82078,50.09016],[5.81881,50.09208],[5.81707,50.09317],[5.81736,50.09342],[5.81598,50.09393],[5.81497,50.09444],[5.81526,50.09461],[5.81492,50.0949],[5.81426,50.09629],[5.81352,50.09668],[5.81279,50.09691],[5.81269,50.09715],[5.81179,50.09762],[5.8111,50.09778],[5.81056,50.09822],[5.80968,50.09872],[5.81002,50.09898],[5.80931,50.09932],[5.80949,50.09976],[5.80832,50.10031],[5.80594,50.09968],[5.8056,50.09935],[5.80478,50.09893],[5.80448,50.0985],[5.80386,50.09813],[5.80306,50.09822],[5.80154,50.09812],[5.80087,50.09852],[5.80003,50.09873],[5.79999,50.0991],[5.79902,50.09985],[5.79873,50.1002],[5.79846,50.10012],[5.79808,50.10038],[5.79874,50.10074],[5.79815,50.10137],[5.79776,50.10141],[5.79747,50.10189],[5.79683,50.10186],[5.79585,50.10282],[5.79437,50.10628],[5.79356,50.10737],[5.79295,50.10834],[5.79235,50.10984],[5.79236,50.1102],[5.79187,50.11124],[5.7908,50.113],[5.78935,50.11592],[5.78861,50.11639],[5.78813,50.11644],[5.78488,50.11618],[5.78505,50.11572],[5.78324,50.11524],[5.78321,50.11635],[5.78248,50.11622],[5.78165,50.11722],[5.78021,50.1168],[5.78068,50.11605],[5.77756,50.11494],[5.77559,50.11472],[5.77527,50.11496],[5.77558,50.11396],[5.77641,50.11325],[5.77643,50.11265],[5.77777,50.11288],[5.77762,50.11192],[5.77805,50.11179],[5.77886,50.11184],[5.77895,50.11147],[5.7774,50.11122],[5.77722,50.11097],[5.77566,50.10963],[5.77449,50.10875],[5.77294,50.1083],[5.77124,50.10791],[5.76929,50.10734],[5.76894,50.1071],[5.76862,50.1065],[5.76943,50.10424],[5.76913,50.1036],[5.76728,50.10298],[5.76624,50.10143],[5.76567,50.10024],[5.76526,50.09899],[5.76429,50.09816],[5.76234,50.09704],[5.7617,50.09643],[5.76124,50.09548],[5.76135,50.09423],[5.76121,50.09209],[5.76104,50.09204],[5.76138,50.09116],[5.76149,50.09048],[5.76186,50.0898],[5.75935,50.08906],[5.75647,50.08965],[5.75488,50.09018],[5.753,50.09111],[5.75156,50.09035],[5.75114,50.08986],[5.74886,50.08833],[5.74806,50.08761],[5.74783,50.08784],[5.74656,50.08727],[5.74587,50.08706],[5.74659,50.08648],[5.74622,50.08584],[5.74772,50.08574],[5.74747,50.08522],[5.74703,50.08531],[5.74666,50.08497],[5.74641,50.08443],[5.74596,50.08397],[5.74526,50.08357],[5.74495,50.08279],[5.74444,50.08276],[5.74417,50.08352],[5.74415,50.08418],[5.74393,50.08476],[5.74318,50.08583],[5.74213,50.08691],[5.74233,50.0875],[5.74162,50.08752],[5.74173,50.08812],[5.74092,50.08838],[5.74033,50.08837],[5.73941,50.08887],[5.73905,50.08926],[5.73865,50.09005],[5.73666,50.08901],[5.7338,50.0874],[5.73236,50.08683],[5.73155,50.08659],[5.72976,50.08593],[5.73019,50.08555],[5.72812,50.08521],[5.72718,50.08485],[5.72552,50.08445],[5.72362,50.08498],[5.72319,50.08544],[5.72241,50.08709],[5.7218,50.08697],[5.72206,50.08785],[5.72361,50.08882],[5.7229,50.08916],[5.72364,50.08938],[5.72318,50.08964],[5.72371,50.08986],[5.72309,50.08981],[5.72279,50.09032],[5.72143,50.08955],[5.72087,50.08945],[5.7209,50.08973],[5.72037,50.0903],[5.71718,50.08938],[5.71692,50.08979],[5.71731,50.08992],[5.71733,50.09061],[5.71714,50.09131],[5.71604,50.09105],[5.7152,50.09101],[5.71515,50.09113],[5.71406,50.09086],[5.71393,50.09179],[5.71429,50.09204],[5.71325,50.09177],[5.71261,50.09296],[5.71212,50.09328],[5.711,50.09296],[5.71003,50.0941],[5.70915,50.09534],[5.70911,50.09723],[5.70723,50.09651],[5.70688,50.09702],[5.70613,50.09773],[5.70407,50.1],[5.70367,50.09987],[5.7019,50.10034],[5.70046,50.10155],[5.70044,50.10187],[5.69974,50.10303],[5.6995,50.10315],[5.69867,50.10431],[5.69899,50.10437],[5.69831,50.10502],[5.69653,50.10592],[5.6963,50.10634],[5.69633,50.10753],[5.69685,50.10841],[5.69687,50.10866],[5.69749,50.10867],[5.69742,50.10902],[5.6969,50.10973],[5.69606,50.1105],[5.69595,50.11078],[5.69521,50.11113],[5.69401,50.11136],[5.69302,50.11128],[5.69182,50.11136],[5.69183,50.11156],[5.6903,50.11125],[5.68915,50.1112],[5.68773,50.11151],[5.6869,50.11217],[5.68554,50.11286],[5.68387,50.11343],[5.68294,50.11364],[5.68248,50.11389],[5.68232,50.11443],[5.68184,50.11506],[5.68147,50.11529],[5.67961,50.1152],[5.67798,50.11461],[5.67821,50.11425],[5.67806,50.11368],[5.67761,50.11324],[5.67685,50.11294],[5.67564,50.11301],[5.67484,50.11359],[5.6738,50.11484],[5.67284,50.1159],[5.67176,50.11641],[5.67115,50.11654],[5.67049,50.11647],[5.66972,50.11616],[5.66905,50.11544],[5.66827,50.11403],[5.66805,50.11317],[5.66788,50.11204],[5.66762,50.11162],[5.66638,50.11109],[5.66438,50.11058],[5.66342,50.11056],[5.66217,50.11098],[5.66036,50.11234],[5.65962,50.11368],[5.65944,50.11415],[5.65889,50.11468],[5.65846,50.11475],[5.65801,50.11453],[5.65736,50.11395],[5.65725,50.1136],[5.65756,50.11241],[5.65719,50.11117],[5.65672,50.1106],[5.65665,50.11013],[5.65695,50.10903],[5.6574,50.10787],[5.65852,50.106],[5.65853,50.10564],[5.65808,50.10466],[5.65747,50.10404],[5.65682,50.10358],[5.6557,50.10316],[5.65506,50.10309],[5.654,50.10317],[5.65355,50.10335],[5.65317,50.10384],[5.65348,50.10443],[5.65329,50.1057],[5.65332,50.10633],[5.65355,50.1071],[5.65353,50.10773],[5.65331,50.10814],[5.6528,50.10848],[5.6516,50.10875],[5.64991,50.10888],[5.64829,50.10857],[5.64734,50.10806],[5.6464,50.10722],[5.64618,50.10527],[5.64596,50.1041],[5.64583,50.10277],[5.64566,50.102],[5.64502,50.10119],[5.64408,50.10064],[5.64359,50.10048],[5.64297,50.1005],[5.64068,50.10084],[5.6399,50.10103],[5.63882,50.10156],[5.63811,50.10201],[5.63694,50.10231],[5.6349,50.1023],[5.63283,50.10253],[5.6316,50.10224],[5.63121,50.10201],[5.63076,50.10047],[5.63029,50.09947],[5.63006,50.09927],[5.62988,50.09798],[5.62972,50.09754],[5.62976,50.09647],[5.62929,50.09612],[5.62694,50.09587],[5.62568,50.09608],[5.6251,50.09632],[5.62408,50.09695],[5.62221,50.09769],[5.62067,50.09797],[5.61956,50.0979],[5.61869,50.09768],[5.61821,50.09725],[5.61803,50.09633],[5.61742,50.09488],[5.61719,50.09466],[5.61411,50.09306],[5.61261,50.09297],[5.61177,50.09273],[5.60933,50.09262],[5.60784,50.09232],[5.60656,50.09132],[5.60455,50.09025],[5.60399,50.09014],[5.60304,50.09019],[5.60214,50.0899],[5.60156,50.08986],[5.60088,50.09015],[5.6004,50.09082],[5.60024,50.09133],[5.60034,50.09196],[5.60059,50.09242],[5.60073,50.09345],[5.59982,50.09501],[5.59954,50.09535],[5.5987,50.09587],[5.59779,50.09617],[5.59731,50.09617],[5.59693,50.09609],[5.59457,50.09532],[5.59401,50.09485],[5.59402,50.09404],[5.59473,50.09273],[5.59542,50.09224],[5.59552,50.09157],[5.59536,50.0908],[5.59471,50.09012],[5.59383,50.08946],[5.5927,50.08887],[5.59118,50.08832],[5.5904,50.08793],[5.58948,50.08761],[5.58674,50.08695],[5.58566,50.08653],[5.58455,50.08568],[5.58403,50.08444],[5.58356,50.08372],[5.58264,50.08342],[5.58139,50.08327],[5.58041,50.08334],[5.57957,50.08372],[5.57871,50.08483],[5.57669,50.08507],[5.57618,50.08564],[5.57582,50.0857],[5.57427,50.08539],[5.57366,50.08572],[5.57134,50.08537],[5.57051,50.08535],[5.56988,50.08492],[5.56858,50.08454],[5.56841,50.08407],[5.56862,50.08222],[5.5685,50.08196],[5.56753,50.08112],[5.56662,50.08067],[5.56565,50.07997],[5.56435,50.07962],[5.564,50.07902],[5.56342,50.07859],[5.56279,50.07853],[5.56138,50.07863],[5.5596,50.07824],[5.55883,50.07717],[5.55823,50.0772],[5.55841,50.07677],[5.55721,50.07629],[5.55678,50.07584],[5.55695,50.07563],[5.55674,50.07512],[5.55615,50.07448],[5.55569,50.07423],[5.55482,50.07432],[5.55356,50.07431],[5.5521,50.07413],[5.55092,50.07418],[5.5504,50.07449],[5.54906,50.07461],[5.54733,50.07508],[5.54615,50.07523],[5.54579,50.0744],[5.54467,50.07472],[5.5437,50.07478],[5.54289,50.07444],[5.54277,50.07408],[5.54291,50.07362],[5.54245,50.07343],[5.54204,50.07385],[5.54265,50.06948],[5.54265,50.06884],[5.54219,50.06779],[5.54189,50.06733],[5.54015,50.06558],[5.53857,50.06357],[5.53836,50.06264],[5.53854,50.06207],[5.53921,50.06113],[5.53875,50.061],[5.54226,50.05902],[5.54306,50.05922],[5.54497,50.05865],[5.54657,50.05852],[5.54732,50.05854],[5.54718,50.05901],[5.54939,50.0603],[5.55165,50.06259],[5.55272,50.06169],[5.55349,50.06171],[5.55596,50.06159],[5.55693,50.06146],[5.55956,50.06154],[5.56163,50.05969],[5.56195,50.06002],[5.56214,50.06081],[5.56258,50.06141],[5.56401,50.06248],[5.56445,50.06296],[5.56507,50.06337],[5.57281,50.05811],[5.57328,50.05777],[5.574,50.05478],[5.57495,50.05273],[5.57648,50.05],[5.57722,50.04923],[5.57821,50.04858],[5.57988,50.04762],[5.58215,50.0466],[5.58368,50.04549],[5.58317,50.04526],[5.58409,50.04423],[5.58511,50.04281],[5.58551,50.041],[5.5853,50.03995],[5.58476,50.03896],[5.58368,50.03764],[5.5857,50.03642],[5.587,50.03567],[5.58843,50.03512],[5.58928,50.0347],[5.59026,50.03437],[5.59186,50.03373],[5.59369,50.03367],[5.59402,50.03328],[5.59638,50.03137],[5.59654,50.03099],[5.59726,50.03034],[5.59663,50.02975],[5.60015,50.02774],[5.60214,50.02666],[5.60233,50.02619],[5.60366,50.02543],[5.60385,50.02555],[5.60601,50.02614],[5.60764,50.02645],[5.6091,50.02644],[5.6098,50.02544],[5.61086,50.02452],[5.61251,50.02521],[5.61327,50.02441],[5.61514,50.02277],[5.61269,50.02196],[5.61399,50.02081],[5.6142,50.02085],[5.61485,50.02025],[5.61632,50.02062],[5.61803,50.02115],[5.62016,50.02117],[5.62049,50.02129],[5.6209,50.02099],[5.62144,50.02146],[5.6225,50.02186],[5.62302,50.02183],[5.62285,50.02118],[5.62213,50.02009],[5.62187,50.01989],[5.61979,50.01927],[5.62195,50.01821],[5.62278,50.01832],[5.6239,50.01877],[5.62484,50.01934],[5.62614,50.02001],[5.62706,50.01842],[5.62971,50.01697],[5.62834,50.01631],[5.62605,50.01491],[5.62364,50.01354],[5.62437,50.01268],[5.62478,50.01242],[5.62256,50.01182],[5.62346,50.01034],[5.62493,50.00906],[5.62626,50.00858],[5.62707,50.00855],[5.62744,50.00914],[5.63267,50.00781],[5.63661,50.00712],[5.63732,50.00775],[5.63781,50.00796],[5.63835,50.00848],[5.63876,50.00781],[5.64005,50.00598],[5.64026,50.00585],[5.64002,50.00336],[5.64118,50.0033],[5.64126,50.00314],[5.64315,50.00282],[5.64415,50.00251],[5.64416,50.00185],[5.64551,50.00179],[5.64568,50.00064],[5.64619,49.99968],[5.64658,49.99876],[5.64784,49.99642],[5.64899,49.99501],[5.64916,49.99372],[5.64942,49.99325],[5.65065,49.99201],[5.65145,49.99139],[5.6528,49.98999],[5.65593,49.99074],[5.65776,49.99106],[5.65778,49.99113],[5.66037,49.99137],[5.66196,49.99163],[5.66602,49.99216],[5.66753,49.99249],[5.66899,49.98919],[5.66953,49.9883],[5.67216,49.98665],[5.6743,49.98501],[5.67323,49.98474],[5.67371,49.98449],[5.67538,49.98473],[5.67896,49.98538],[5.67886,49.98607],[5.68043,49.98664],[5.68137,49.98417],[5.68412,49.97966],[5.68517,49.97896],[5.68819,49.97709],[5.68962,49.97439],[5.69095,49.97545],[5.69149,49.97502],[5.69224,49.97395],[5.69268,49.97296],[5.68975,49.97109],[5.6892,49.96957],[5.68872,49.96841],[5.68859,49.96835],[5.68874,49.96765],[5.68906,49.96728],[5.69105,49.96631],[5.69151,49.96618],[5.69276,49.96659],[5.69431,49.96733],[5.69582,49.9678],[5.69509,49.9694],[5.69392,49.97037],[5.69456,49.97053],[5.69788,49.97093],[5.69773,49.97142],[5.6987,49.9716],[5.69969,49.97125],[5.70002,49.97131],[5.7006,49.97029],[5.70048,49.97004],[5.69952,49.9694],[5.69927,49.96935],[5.69943,49.96864],[5.70017,49.96796],[5.70117,49.96753],[5.70165,49.96717],[5.7021,49.96626],[5.70409,49.96724],[5.70474,49.96767],[5.7053,49.96832],[5.70681,49.96936],[5.70889,49.97006],[5.7107,49.97053],[5.71097,49.97028],[5.70987,49.96912],[5.70936,49.9688],[5.70696,49.96759],[5.70486,49.96665],[5.70418,49.96585],[5.70355,49.96545],[5.70334,49.96447],[5.70311,49.96416],[5.70304,49.9635],[5.70254,49.96203],[5.70329,49.96169],[5.70376,49.96184],[5.70464,49.96032],[5.70555,49.95923],[5.70785,49.95948],[5.7077,49.95959],[5.70863,49.96058],[5.70967,49.96005],[5.70842,49.95927],[5.71003,49.95892],[5.71111,49.95878],[5.71216,49.95855],[5.71347,49.95781],[5.71317,49.95676],[5.71178,49.95131],[5.71117,49.94939],[5.71105,49.94878],[5.7104,49.94659],[5.70999,49.94461],[5.70922,49.94202],[5.71019,49.94192],[5.71156,49.94166],[5.71486,49.94126],[5.71547,49.94095],[5.71659,49.93965],[5.71932,49.94035],[5.72083,49.9403],[5.72164,49.94021],[5.72301,49.94026],[5.72428,49.94038],[5.72475,49.93988],[5.72532,49.93813],[5.72599,49.93719],[5.72634,49.93696],[5.72827,49.93627],[5.72631,49.9359],[5.72563,49.93586],[5.72385,49.93559],[5.72305,49.93522],[5.72179,49.93431],[5.72055,49.9337],[5.72023,49.93334],[5.72027,49.93289],[5.72067,49.93229],[5.72081,49.93182],[5.72129,49.93145],[5.72121,49.93095],[5.72064,49.93049],[5.72153,49.93011],[5.72152,49.92994],[5.72,49.92942],[5.72071,49.92951],[5.72121,49.92902],[5.72219,49.92831],[5.72327,49.92793],[5.72395,49.92779],[5.72553,49.92731],[5.72588,49.92839],[5.72682,49.92829],[5.72609,49.92719],[5.72697,49.92689],[5.72748,49.92633],[5.72758,49.92585],[5.72599,49.92547],[5.72564,49.92607],[5.72489,49.92616],[5.72481,49.92518],[5.72328,49.92526],[5.72344,49.92413],[5.72374,49.92339],[5.72436,49.92343],[5.72461,49.92265],[5.72331,49.92228],[5.72389,49.92133],[5.72432,49.92003],[5.72307,49.91993],[5.7231,49.91964],[5.72257,49.91959],[5.72318,49.91832],[5.72339,49.91833],[5.72394,49.91706],[5.72434,49.91637],[5.72533,49.91631],[5.72526,49.91606],[5.72605,49.91598],[5.72721,49.91559],[5.72704,49.91538],[5.72798,49.91504],[5.72788,49.91493],[5.73217,49.91371],[5.73207,49.91332],[5.7326,49.91325],[5.73474,49.91334],[5.73741,49.91307],[5.73909,49.91322],[5.73994,49.91291],[5.74025,49.91259],[5.74096,49.91231],[5.74261,49.91096],[5.74278,49.91067],[5.7434,49.91027],[5.74373,49.90953],[5.74441,49.90936],[5.74583,49.90956],[5.74704,49.91021],[5.74757,49.9097],[5.7481,49.90944],[5.75308,49.91198],[5.75715,49.91324],[5.76368,49.9154],[5.76401,49.91577],[5.76069,49.91743],[5.76098,49.91851],[5.76157,49.91895],[5.76203,49.91969],[5.7622,49.92069],[5.76221,49.92166],[5.76198,49.92216],[5.7621,49.92245],[5.7619,49.92314],[5.76168,49.92325],[5.76339,49.92391],[5.76449,49.92412],[5.76359,49.9245],[5.76442,49.92568],[5.76479,49.92643],[5.76361,49.92647],[5.76365,49.927],[5.76342,49.92738],[5.76372,49.92791],[5.7643,49.9282],[5.7641,49.92845],[5.76493,49.92899],[5.76457,49.92906],[5.76383,49.92978],[5.76452,49.93002],[5.76463,49.93052],[5.76406,49.93101],[5.76395,49.93146],[5.76586,49.93132],[5.7665,49.93122],[5.76753,49.93131],[5.76892,49.93165],[5.77097,49.93164],[5.77036,49.9326],[5.76977,49.93311],[5.77007,49.9332],[5.77039,49.93494],[5.77036,49.9357],[5.7707,49.93579],[5.77043,49.93668],[5.77251,49.93673],[5.77251,49.93716],[5.77302,49.93722],[5.77313,49.93769],[5.77516,49.93771],[5.77478,49.93861],[5.77389,49.94144],[5.77228,49.9437],[5.77178,49.94447],[5.77325,49.94475],[5.77271,49.9456],[5.77281,49.94651],[5.77133,49.94613],[5.77079,49.94783],[5.77078,49.9486],[5.77037,49.94959],[5.77149,49.95012],[5.77119,49.95061],[5.77174,49.95116],[5.77246,49.95166],[5.77392,49.9523],[5.77503,49.95314],[5.77444,49.95366],[5.77452,49.95426],[5.77495,49.95462],[5.77486,49.95493],[5.77424,49.95572],[5.77398,49.95626],[5.77367,49.9565],[5.77517,49.9572],[5.77533,49.95706],[5.77723,49.95773],[5.77629,49.95864],[5.77567,49.95946],[5.77503,49.96079],[5.7768,49.96148],[5.78061,49.96269],[5.78179,49.96243],[5.78319,49.96199],[5.78336,49.96209],[5.78435,49.96144],[5.78473,49.96159],[5.78563,49.96099],[5.78819,49.96128],[5.78923,49.96155],[5.79064,49.96178],[5.79119,49.9618],[5.79132,49.9623],[5.79104,49.96278],[5.79094,49.96388],[5.79292,49.96449],[5.79459,49.96529],[5.79578,49.96569],[5.79608,49.96563],[5.79674,49.96513],[5.79743,49.96435],[5.79832,49.96408],[5.79929,49.96344],[5.80022,49.96295],[5.80269,49.96303],[5.80309,49.96333],[5.80427,49.96314],[5.80654,49.9623],[5.80704,49.9624],[5.80803,49.96302],[5.81054,49.96409],[5.81046,49.96445],[5.81014,49.96456],[5.81058,49.96494],[5.81091,49.96584],[5.81053,49.96617],[5.80983,49.96714],[5.80962,49.96765],[5.80999,49.96802],[5.81035,49.96898],[5.81081,49.96987],[5.81044,49.97068],[5.81065,49.97094],[5.81233,49.97214],[5.81315,49.97258],[5.81395,49.97248],[5.81519,49.97254],[5.81552,49.97236],[5.81651,49.97241],[5.81683,49.97259],[5.81746,49.97242],[5.81847,49.97238],[5.81948,49.97205],[5.82007,49.97257],[5.81999,49.97278],[5.82055,49.97331],[5.82027,49.9738],[5.82158,49.97428],[5.82353,49.97517],[5.8242,49.97529],[5.82476,49.97518],[5.82551,49.97523],[5.82631,49.97467],[5.82696,49.97508],[5.82792,49.97597],[5.82891,49.97603],[5.83043,49.97594],[5.83183,49.97651],[5.8326,49.9776],[5.83352,49.97851],[5.83415,49.97823],[5.83514,49.97903],[5.83577,49.97888],[5.83636,49.97992],[5.83749,49.98093],[5.83826,49.98239],[5.83858,49.9823],[5.83947,49.98407],[5.83876,49.98436],[5.83878,49.98531],[5.83897,49.98681],[5.83942,49.98748],[5.83911,49.98813],[5.83922,49.98886],[5.84013,49.98933],[5.83942,49.98965],[5.83835,49.99029],[5.83705,49.99088],[5.83664,49.99116],[5.83581,49.9912],[5.83556,49.99107],[5.8342,49.99093],[5.83316,49.9906],[5.83242,49.99051],[5.83102,49.99226],[5.83045,49.9932],[5.82964,49.99414],[5.82754,49.99556],[5.82673,49.99597],[5.82469,49.99675],[5.82359,49.99699],[5.82155,49.99927],[5.82079,50.00026],[5.82068,50.00081],[5.8217,50.00181],[5.82167,50.00284],[5.82083,50.00351],[5.82135,50.00374],[5.82043,50.00517],[5.82158,50.00545],[5.82224,50.00589],[5.82128,50.00696],[5.82078,50.00776],[5.8204,50.00866],[5.82,50.00935],[5.81957,50.01033],[5.81937,50.01122],[5.82006,50.0112],[5.81899,50.01281],[5.81957,50.01321],[5.82174,50.01406],[5.82229,50.0144],[5.82289,50.01401],[5.82416,50.01497],[5.82546,50.0144],[5.82586,50.01492],[5.82744,50.01407],[5.82775,50.01485],[5.82891,50.01475],[5.83014,50.01484],[5.8293,50.01577],[5.83152,50.01655],[5.83287,50.0173],[5.83239,50.01795],[5.83377,50.01835],[5.83375,50.01842],[5.83602,50.01873],[5.83747,50.01867],[5.83847,50.01893],[5.83837,50.01921],[5.83954,50.01923],[5.8402,50.01941],[5.84015,50.01912],[5.84068,50.01903],[5.84078,50.0183],[5.84113,50.01833],[5.8415,50.01872],[5.84186,50.01883],[5.84257,50.0195],[5.84381,50.01937],[5.84411,50.0196],[5.84638,50.02078],[5.84977,50.02222],[5.85066,50.02256],[5.85246,50.0229],[5.85246,50.02321],[5.85175,50.02562],[5.85152,50.0261],[5.8537,50.0266],[5.85358,50.02723],[5.85324,50.02757],[5.85702,50.02837],[5.85909,50.02846],[5.85987,50.02887],[5.85973,50.02925],[5.85924,50.02976],[5.85905,50.03053],[5.85941,50.03099],[5.85909,50.031],[5.85894,50.03134],[5.85926,50.03137],[5.85888,50.03199],[5.85774,50.03287],[5.85757,50.03366],[5.85807,50.03469],[5.85734,50.03512],[5.85651,50.0354],[5.85685,50.0357],[5.85612,50.03604],[5.85611,50.03631],[5.85765,50.03695],[5.858,50.0373],[5.85904,50.038],[5.85982,50.0384],[5.86119,50.03888],[5.8627,50.03907],[5.86365,50.03938],[5.8633,50.0394],[5.86257,50.04009],[5.86296,50.04021],[5.8623,50.04113],[5.86295,50.04167],[5.86331,50.04178],[5.86325,50.04221],[5.86425,50.04225],[5.86537,50.04243],[5.8653,50.0427],[5.86616,50.04296],[5.86719,50.04342],[5.86744,50.04326],[5.8685,50.04395],[5.86748,50.04534],[5.86992,50.04593],[5.86948,50.04647],[5.86868,50.04769],[5.8676,50.04952],[5.86734,50.05016],[5.86611,50.05091],[5.86538,50.05148],[5.86352,50.05314],[5.86132,50.05452],[5.861,50.055],[5.86058,50.05441],[5.86014,50.05446],[5.85867,50.05498],[5.85751,50.05502],[5.85683,50.05645],[5.85647,50.05768],[5.85564,50.05784],[5.85424,50.05888],[5.85482,50.06002],[5.85667,50.06161]]]}},{"type":"Feature","id":"83012","bbox":[5.341702,50.298985,5.6373,50.430613],"properties":{"nis":"83012","name":"Durbuy","nameNl":"Durbuy","nameFr":"Durbuy","nameDe":"Durbuy","province":"luxembourg","region":"wallonia","areaKm2":156.51},"geometry":{"type":"Polygon","coordinates":[[[5.63061,50.37204],[5.63098,50.37229],[5.63094,50.37269],[5.6313,50.37278],[5.6321,50.37342],[5.63262,50.3734],[5.63299,50.37366],[5.63399,50.37399],[5.63451,50.37393],[5.6346,50.37414],[5.63579,50.3744],[5.63594,50.37464],[5.63679,50.37475],[5.63672,50.37496],[5.6373,50.37508],[5.6362,50.37604],[5.63502,50.3763],[5.62926,50.37717],[5.62682,50.37807],[5.62225,50.37982],[5.61429,50.38236],[5.61393,50.38249],[5.61299,50.38322],[5.60782,50.38684],[5.60603,50.38877],[5.60455,50.39045],[5.604,50.39077],[5.60305,50.39166],[5.60245,50.39211],[5.60158,50.39214],[5.60063,50.3923],[5.59956,50.39264],[5.59954,50.39284],[5.59898,50.39312],[5.59737,50.39355],[5.59672,50.39403],[5.59734,50.39501],[5.59604,50.39623],[5.59548,50.39652],[5.59428,50.39754],[5.59363,50.39819],[5.59298,50.39794],[5.59254,50.39821],[5.5914,50.39834],[5.58908,50.39869],[5.58866,50.39905],[5.58758,50.39923],[5.5868,50.39947],[5.58637,50.39938],[5.58615,50.39896],[5.585,50.3987],[5.58476,50.39902],[5.58227,50.39817],[5.58025,50.39762],[5.58002,50.398],[5.57869,50.39763],[5.5779,50.39732],[5.57637,50.39706],[5.57454,50.39691],[5.57436,50.39728],[5.57319,50.39717],[5.57206,50.39691],[5.57181,50.39719],[5.57044,50.3969],[5.57034,50.39699],[5.56925,50.39656],[5.56939,50.39636],[5.56776,50.39557],[5.56799,50.39556],[5.56884,50.39482],[5.56727,50.39396],[5.56679,50.39444],[5.56629,50.39431],[5.56242,50.39187],[5.55892,50.39069],[5.55385,50.38853],[5.55127,50.39047],[5.55047,50.3905],[5.54923,50.3902],[5.54769,50.38994],[5.5457,50.39049],[5.5407,50.39096],[5.53932,50.39113],[5.53856,50.3917],[5.53738,50.39196],[5.53602,50.39206],[5.53622,50.39247],[5.53598,50.39279],[5.53525,50.39317],[5.53267,50.39401],[5.53118,50.39419],[5.52998,50.39513],[5.52933,50.39589],[5.52891,50.39739],[5.52946,50.39825],[5.52997,50.3985],[5.53143,50.39884],[5.53238,50.39897],[5.53437,50.39911],[5.53629,50.39989],[5.53692,50.40068],[5.53648,50.40155],[5.53589,50.40218],[5.53473,50.40317],[5.53322,50.40412],[5.53245,50.40417],[5.53012,50.40319],[5.52735,50.4017],[5.52541,50.40164],[5.52219,50.40206],[5.51942,50.40287],[5.51875,50.40364],[5.51865,50.40395],[5.51871,50.40482],[5.52091,50.40616],[5.52118,50.40669],[5.52095,50.40697],[5.52011,50.40717],[5.52004,50.40777],[5.5199,50.40848],[5.51917,50.4102],[5.51873,50.4105],[5.51705,50.41092],[5.51109,50.41269],[5.51045,50.41319],[5.50933,50.41452],[5.50963,50.4151],[5.51033,50.41608],[5.51152,50.41711],[5.51331,50.41802],[5.51234,50.41866],[5.51133,50.41897],[5.51065,50.41939],[5.51104,50.41966],[5.51493,50.42052],[5.51435,50.4208],[5.51245,50.42122],[5.51117,50.42216],[5.51108,50.42289],[5.5112,50.42361],[5.51205,50.42461],[5.51287,50.42501],[5.51254,50.42516],[5.51176,50.42509],[5.51103,50.42516],[5.50988,50.4249],[5.50894,50.42491],[5.50743,50.42436],[5.50712,50.42409],[5.50618,50.42426],[5.50519,50.42428],[5.50464,50.42405],[5.50393,50.42404],[5.50174,50.42364],[5.50128,50.42319],[5.50079,50.42335],[5.50058,50.42266],[5.50017,50.42243],[5.50032,50.42207],[5.4991,50.42105],[5.49866,50.42057],[5.49871,50.42032],[5.49814,50.42029],[5.49747,50.42042],[5.49735,50.42005],[5.49638,50.41963],[5.49599,50.41975],[5.49519,50.4196],[5.49468,50.41987],[5.49398,50.41989],[5.49332,50.41962],[5.49286,50.41975],[5.49217,50.41959],[5.49229,50.41924],[5.49169,50.4193],[5.49153,50.41894],[5.49081,50.41885],[5.4902,50.41839],[5.48987,50.41745],[5.48943,50.41715],[5.48762,50.4164],[5.48696,50.41636],[5.48628,50.41613],[5.48523,50.41606],[5.48404,50.41629],[5.4834,50.41574],[5.48283,50.41568],[5.48243,50.41602],[5.48206,50.41556],[5.4811,50.41559],[5.4794,50.41485],[5.47919,50.41446],[5.47875,50.4145],[5.4786,50.41485],[5.47815,50.4146],[5.47823,50.41425],[5.47798,50.41411],[5.47739,50.41442],[5.47667,50.41426],[5.47648,50.41375],[5.47589,50.41336],[5.47552,50.4133],[5.47552,50.41247],[5.47489,50.41235],[5.47418,50.41194],[5.47395,50.41145],[5.47363,50.41157],[5.47379,50.41188],[5.47277,50.41169],[5.47299,50.4113],[5.47209,50.41082],[5.472,50.4106],[5.47122,50.41064],[5.47102,50.41043],[5.47037,50.41034],[5.46936,50.40999],[5.46945,50.40975],[5.469,50.40966],[5.46856,50.40893],[5.46867,50.40862],[5.46815,50.40843],[5.46824,50.40801],[5.46772,50.40763],[5.46709,50.4078],[5.46643,50.40777],[5.46487,50.40926],[5.46401,50.40951],[5.46402,50.40991],[5.46269,50.41035],[5.46179,50.41024],[5.46094,50.41042],[5.46046,50.41031],[5.46023,50.41003],[5.45954,50.40991],[5.45867,50.41013],[5.45802,50.41018],[5.45787,50.40983],[5.45603,50.40988],[5.45587,50.41022],[5.45531,50.41048],[5.45545,50.41083],[5.45524,50.41134],[5.45572,50.41133],[5.45609,50.41203],[5.4564,50.41227],[5.45706,50.41244],[5.45873,50.4124],[5.45915,50.41259],[5.45904,50.41286],[5.45791,50.4135],[5.45638,50.4142],[5.45592,50.41489],[5.45576,50.41549],[5.45476,50.41612],[5.45323,50.41667],[5.45134,50.41714],[5.45083,50.41758],[5.45077,50.41806],[5.45126,50.42003],[5.45195,50.42045],[5.45354,50.42098],[5.45321,50.42143],[5.45204,50.42144],[5.45135,50.42125],[5.44884,50.42026],[5.44667,50.42006],[5.44536,50.42008],[5.44374,50.42051],[5.44282,50.42048],[5.44126,50.42072],[5.44082,50.42107],[5.43737,50.42229],[5.43574,50.42304],[5.43499,50.42357],[5.43378,50.42393],[5.43354,50.4242],[5.43374,50.42502],[5.43541,50.42602],[5.4334,50.42782],[5.43095,50.42947],[5.42952,50.43028],[5.42896,50.43029],[5.42191,50.43061],[5.41868,50.42998],[5.41869,50.42983],[5.414,50.42844],[5.41047,50.42742],[5.40652,50.42566],[5.40712,50.42126],[5.4074,50.41947],[5.40709,50.41675],[5.40875,50.41498],[5.4059,50.41379],[5.40645,50.41324],[5.40668,50.41224],[5.40778,50.41206],[5.40855,50.41205],[5.4091,50.41157],[5.41045,50.41125],[5.41159,50.41133],[5.41537,50.41224],[5.41607,50.41222],[5.41695,50.41236],[5.41884,50.41286],[5.42102,50.41295],[5.42228,50.41273],[5.42245,50.41236],[5.42429,50.41107],[5.42483,50.41096],[5.42513,50.40955],[5.42577,50.40789],[5.42614,50.40799],[5.42789,50.40642],[5.4278,50.40615],[5.42843,50.40523],[5.42864,50.40351],[5.42941,50.4028],[5.4285,50.40268],[5.42768,50.40228],[5.42736,50.4014],[5.42757,50.40078],[5.42724,50.4001],[5.42639,50.3994],[5.42644,50.39911],[5.42555,50.39906],[5.42519,50.39868],[5.42379,50.39859],[5.42287,50.3982],[5.42252,50.39774],[5.42171,50.39768],[5.42148,50.3971],[5.41992,50.39669],[5.42009,50.39639],[5.41964,50.39622],[5.41781,50.39622],[5.41772,50.396],[5.41658,50.39582],[5.41588,50.39553],[5.41476,50.39472],[5.41418,50.39401],[5.41269,50.39353],[5.41185,50.39252],[5.41147,50.3925],[5.41072,50.39199],[5.41003,50.39236],[5.40946,50.39222],[5.4095,50.39202],[5.40871,50.39188],[5.40875,50.39168],[5.40819,50.39135],[5.40786,50.39135],[5.40751,50.39076],[5.40668,50.39046],[5.40453,50.38891],[5.40372,50.38848],[5.40286,50.38818],[5.4015,50.38736],[5.40111,50.38629],[5.40032,50.3864],[5.39989,50.38606],[5.39805,50.38498],[5.39734,50.38471],[5.39641,50.38402],[5.39555,50.38366],[5.39554,50.38284],[5.39619,50.38222],[5.39722,50.38155],[5.39708,50.38095],[5.39596,50.38071],[5.39503,50.38],[5.39344,50.37931],[5.39294,50.37944],[5.39538,50.37663],[5.39716,50.37709],[5.39958,50.37472],[5.40165,50.37359],[5.39932,50.37235],[5.4003,50.37092],[5.39975,50.37081],[5.39767,50.36925],[5.39882,50.36901],[5.39983,50.36833],[5.40148,50.36761],[5.40225,50.36804],[5.40267,50.36774],[5.40021,50.36631],[5.39974,50.36449],[5.39934,50.3638],[5.39939,50.36306],[5.39771,50.36222],[5.39763,50.36197],[5.39615,50.36125],[5.39538,50.362],[5.39343,50.36115],[5.39373,50.36089],[5.39204,50.36017],[5.39229,50.35976],[5.39157,50.35871],[5.39106,50.35882],[5.3892,50.35629],[5.38687,50.3554],[5.38585,50.35454],[5.38276,50.35313],[5.38115,50.35173],[5.38094,50.35103],[5.38144,50.3506],[5.3814,50.34996],[5.38217,50.3496],[5.38343,50.34888],[5.38331,50.34834],[5.38432,50.34669],[5.38441,50.34554],[5.38513,50.34465],[5.38648,50.34376],[5.38856,50.3428],[5.38934,50.34308],[5.39021,50.34289],[5.39365,50.34268],[5.39606,50.34128],[5.39653,50.34072],[5.39476,50.34026],[5.3953,50.3392],[5.3954,50.33777],[5.39527,50.33758],[5.39524,50.3363],[5.39577,50.33566],[5.39513,50.33543],[5.39386,50.33532],[5.39297,50.33559],[5.3917,50.335],[5.39127,50.33554],[5.38712,50.33349],[5.38562,50.33251],[5.38758,50.33233],[5.38678,50.33195],[5.38064,50.32996],[5.38111,50.32931],[5.37843,50.32872],[5.37831,50.32912],[5.37661,50.32858],[5.37708,50.32799],[5.37695,50.32689],[5.37496,50.32632],[5.37208,50.32527],[5.36729,50.32433],[5.36297,50.32376],[5.36043,50.32309],[5.35522,50.32212],[5.35221,50.32142],[5.35114,50.32136],[5.35023,50.32075],[5.3473,50.31907],[5.34344,50.31678],[5.34234,50.31587],[5.34238,50.31465],[5.342,50.31379],[5.34213,50.31263],[5.3417,50.31169],[5.34221,50.3101],[5.34611,50.30775],[5.34738,50.305],[5.34874,50.30557],[5.34907,50.30592],[5.34967,50.30805],[5.3525,50.30902],[5.35361,50.31007],[5.35467,50.3101],[5.35535,50.31058],[5.35598,50.31136],[5.3553,50.31228],[5.35611,50.31309],[5.35945,50.31673],[5.36098,50.31694],[5.36161,50.31762],[5.36386,50.3181],[5.36598,50.31832],[5.36738,50.31759],[5.36958,50.31737],[5.3714,50.31675],[5.37195,50.31643],[5.37297,50.31654],[5.37488,50.31603],[5.37564,50.31546],[5.3778,50.31551],[5.37903,50.31532],[5.38022,50.31468],[5.38072,50.3139],[5.38314,50.31454],[5.3845,50.31513],[5.38658,50.31662],[5.38818,50.3178],[5.38843,50.3183],[5.38903,50.31844],[5.39047,50.31858],[5.3901,50.31779],[5.38998,50.31722],[5.39052,50.31723],[5.39101,50.31674],[5.39198,50.31641],[5.39293,50.31637],[5.39304,50.31552],[5.3928,50.3143],[5.39649,50.31405],[5.39817,50.31402],[5.39826,50.31426],[5.40022,50.3143],[5.40024,50.3147],[5.40056,50.31471],[5.40056,50.31518],[5.4037,50.31547],[5.40419,50.31479],[5.40576,50.31535],[5.40592,50.31524],[5.40685,50.31604],[5.40695,50.31737],[5.40711,50.31792],[5.40769,50.31826],[5.40841,50.31903],[5.41019,50.31784],[5.41139,50.31663],[5.41304,50.31531],[5.41514,50.31339],[5.41315,50.31313],[5.41182,50.31203],[5.41049,50.31135],[5.41068,50.31115],[5.40812,50.30994],[5.40768,50.30961],[5.40749,50.30893],[5.40648,50.30802],[5.40709,50.30789],[5.40818,50.30738],[5.40915,50.30667],[5.40963,50.30594],[5.41014,50.3054],[5.41093,50.305],[5.4116,50.30489],[5.4115,50.3042],[5.41182,50.30479],[5.41222,50.3051],[5.41315,50.30525],[5.41451,50.30666],[5.41491,50.30734],[5.41593,50.30699],[5.41731,50.30755],[5.41868,50.30792],[5.41878,50.30757],[5.41989,50.30795],[5.42076,50.30838],[5.4217,50.30762],[5.42555,50.30484],[5.42698,50.30479],[5.42791,50.30512],[5.42864,50.30557],[5.42976,50.30532],[5.43025,50.30534],[5.4323,50.3047],[5.43594,50.304],[5.44002,50.30382],[5.44106,50.30354],[5.44186,50.30361],[5.44446,50.30487],[5.44571,50.30512],[5.4468,50.30549],[5.44903,50.3061],[5.45058,50.30686],[5.45295,50.30775],[5.4536,50.30808],[5.45461,50.30821],[5.45517,50.30848],[5.4563,50.30857],[5.45684,50.30849],[5.45865,50.3088],[5.45941,50.30914],[5.4599,50.30951],[5.46541,50.31216],[5.46612,50.31285],[5.46542,50.31393],[5.46372,50.31579],[5.46258,50.31713],[5.4621,50.31782],[5.46148,50.31844],[5.46178,50.31878],[5.46238,50.31899],[5.46257,50.31984],[5.46336,50.32066],[5.46462,50.32136],[5.4678,50.32249],[5.46844,50.32336],[5.46862,50.32396],[5.46897,50.32456],[5.46733,50.32544],[5.4696,50.32695],[5.47046,50.32739],[5.47062,50.32781],[5.47028,50.32829],[5.47054,50.32871],[5.47262,50.3272],[5.47446,50.32522],[5.47559,50.32413],[5.4765,50.32389],[5.47813,50.32457],[5.4802,50.3229],[5.48053,50.32276],[5.48253,50.32434],[5.4828,50.3248],[5.48263,50.32516],[5.48298,50.32521],[5.48417,50.32445],[5.48649,50.32347],[5.48692,50.32303],[5.48755,50.3226],[5.48811,50.3219],[5.48859,50.32159],[5.48874,50.32122],[5.48866,50.3206],[5.48885,50.32059],[5.48941,50.32133],[5.49064,50.32216],[5.49143,50.32168],[5.49171,50.32187],[5.49199,50.32166],[5.49125,50.32004],[5.48976,50.31798],[5.48883,50.31704],[5.48803,50.31634],[5.48966,50.3156],[5.49149,50.31512],[5.49125,50.31472],[5.49239,50.31452],[5.49218,50.31409],[5.49209,50.3133],[5.49155,50.31215],[5.49388,50.3116],[5.49359,50.31056],[5.49243,50.30726],[5.49238,50.30677],[5.49278,50.30678],[5.49433,50.30601],[5.49495,50.30476],[5.49512,50.30425],[5.49571,50.30401],[5.49708,50.30444],[5.49816,50.30377],[5.49922,50.30349],[5.49916,50.30334],[5.50004,50.30334],[5.50014,50.30227],[5.50103,50.30226],[5.50393,50.3019],[5.50605,50.30183],[5.50729,50.30145],[5.5086,50.30117],[5.50958,50.30073],[5.51032,50.30065],[5.51119,50.30017],[5.51215,50.29951],[5.51332,50.29908],[5.51382,50.29898],[5.51321,50.30043],[5.5144,50.30061],[5.51612,50.30096],[5.51632,50.3006],[5.5198,50.30171],[5.51957,50.30203],[5.52076,50.30235],[5.52119,50.30262],[5.5228,50.30311],[5.52179,50.30441],[5.52335,50.30495],[5.52276,50.30555],[5.52406,50.30611],[5.52443,50.30653],[5.52589,50.30603],[5.52539,50.3067],[5.52512,50.30757],[5.52801,50.30855],[5.52766,50.30874],[5.52926,50.30927],[5.53059,50.30943],[5.53185,50.3094],[5.53276,50.30922],[5.53361,50.30893],[5.53554,50.30889],[5.5375,50.30859],[5.5391,50.30918],[5.54015,50.30871],[5.54301,50.30782],[5.54315,50.30764],[5.54392,50.30756],[5.54457,50.30845],[5.54405,50.3091],[5.54491,50.30962],[5.54519,50.30995],[5.54524,50.31052],[5.54603,50.3111],[5.54513,50.31176],[5.5456,50.3119],[5.54542,50.31256],[5.54578,50.31281],[5.5464,50.31277],[5.54683,50.31304],[5.54708,50.31285],[5.54715,50.3135],[5.54956,50.31489],[5.54958,50.31565],[5.55064,50.31645],[5.55112,50.31693],[5.55055,50.31788],[5.55067,50.31823],[5.54984,50.31881],[5.55029,50.31942],[5.5514,50.31899],[5.55169,50.31874],[5.55221,50.31779],[5.55252,50.31775],[5.55347,50.31723],[5.55371,50.31732],[5.55332,50.31779],[5.55392,50.3176],[5.55469,50.31755],[5.55579,50.31867],[5.54839,50.32278],[5.5459,50.32421],[5.54644,50.32483],[5.54697,50.32441],[5.5487,50.32593],[5.55032,50.32713],[5.55066,50.32921],[5.55079,50.33123],[5.5524,50.33275],[5.55342,50.33458],[5.55728,50.33228],[5.567,50.32652],[5.56801,50.32789],[5.56857,50.32907],[5.56853,50.32924],[5.56752,50.32953],[5.56763,50.33163],[5.568,50.33197],[5.56794,50.33239],[5.56724,50.33293],[5.56694,50.33344],[5.56687,50.33446],[5.56761,50.3348],[5.56841,50.33418],[5.56852,50.33347],[5.56845,50.33298],[5.56914,50.33278],[5.56971,50.33298],[5.57048,50.33355],[5.5706,50.334],[5.5715,50.33478],[5.57182,50.33436],[5.57214,50.33428],[5.57252,50.3338],[5.57249,50.33339],[5.57285,50.33307],[5.57304,50.33256],[5.57348,50.33247],[5.57574,50.33312],[5.57688,50.33251],[5.57745,50.33292],[5.57877,50.33265],[5.57937,50.33244],[5.57972,50.33291],[5.58029,50.33264],[5.58067,50.33308],[5.58042,50.33321],[5.5813,50.33401],[5.582,50.3338],[5.58303,50.33372],[5.58333,50.33383],[5.58323,50.33432],[5.58331,50.33495],[5.58363,50.33536],[5.5839,50.33608],[5.58317,50.33672],[5.58346,50.33693],[5.58435,50.33687],[5.58529,50.33701],[5.58565,50.33772],[5.58553,50.33809],[5.585,50.3384],[5.58563,50.33832],[5.58597,50.3386],[5.58638,50.33859],[5.58674,50.3391],[5.58775,50.3394],[5.58793,50.33965],[5.58779,50.34083],[5.58725,50.34128],[5.58593,50.3419],[5.58648,50.3422],[5.5883,50.34197],[5.58882,50.3415],[5.58948,50.34147],[5.59003,50.34099],[5.59032,50.34037],[5.58995,50.33983],[5.59107,50.33917],[5.59141,50.33943],[5.59202,50.33995],[5.59224,50.34057],[5.59148,50.34183],[5.59146,50.34276],[5.59126,50.34334],[5.59126,50.34409],[5.59106,50.3442],[5.59058,50.34502],[5.59034,50.34578],[5.58966,50.34655],[5.58995,50.34672],[5.5893,50.34734],[5.5885,50.34756],[5.58823,50.34779],[5.58836,50.34851],[5.5886,50.34881],[5.58764,50.34969],[5.58812,50.34996],[5.58812,50.35021],[5.58853,50.35033],[5.58901,50.35008],[5.58959,50.35006],[5.59154,50.3505],[5.60837,50.35749],[5.60863,50.35762],[5.61697,50.36227],[5.61939,50.36192],[5.61945,50.36241],[5.61813,50.36256],[5.61801,50.36284],[5.62043,50.36419],[5.62273,50.36506],[5.62414,50.36553],[5.62511,50.36612],[5.62469,50.36651],[5.6232,50.36744],[5.62145,50.36793],[5.62149,50.36806],[5.62304,50.36857],[5.62329,50.36886],[5.62373,50.36885],[5.62521,50.36933],[5.62627,50.36948],[5.62637,50.36928],[5.62719,50.36952],[5.62746,50.36973],[5.628,50.36978],[5.62832,50.37016],[5.62905,50.37039],[5.62918,50.37071],[5.63011,50.37113],[5.63061,50.37204]]]}},{"type":"Feature","id":"83013","bbox":[5.44102,50.24693,5.654901,50.342195],"properties":{"nis":"83013","name":"Érezée","nameNl":"Érezée","nameFr":"Érezée","nameDe":"Érezée","province":"luxembourg","region":"wallonia","areaKm2":78.64},"geometry":{"type":"Polygon","coordinates":[[[5.50049,50.26036],[5.50187,50.26105],[5.50286,50.26167],[5.50342,50.26222],[5.50521,50.2637],[5.50536,50.26364],[5.50631,50.26444],[5.50729,50.26441],[5.50856,50.26418],[5.50868,50.26481],[5.51042,50.26474],[5.51166,50.26481],[5.51229,50.26465],[5.5128,50.26435],[5.51259,50.26412],[5.51421,50.26421],[5.51521,50.26448],[5.51638,50.26506],[5.51722,50.26501],[5.51773,50.26448],[5.51841,50.26421],[5.51935,50.26362],[5.51971,50.26321],[5.51951,50.26304],[5.52078,50.26274],[5.52228,50.26198],[5.52172,50.26156],[5.52284,50.26105],[5.52241,50.26073],[5.52333,50.26058],[5.52414,50.2601],[5.52484,50.26047],[5.52525,50.26052],[5.52636,50.25931],[5.52717,50.25888],[5.52834,50.25847],[5.52883,50.2581],[5.52958,50.25776],[5.53175,50.25736],[5.53269,50.25728],[5.53339,50.25686],[5.53385,50.25736],[5.53505,50.25824],[5.53571,50.25815],[5.53697,50.25925],[5.53832,50.26017],[5.53814,50.26024],[5.5389,50.26086],[5.53904,50.26078],[5.54,50.26162],[5.54024,50.2615],[5.54096,50.26203],[5.54122,50.26123],[5.54195,50.26048],[5.54216,50.2596],[5.54289,50.25823],[5.54299,50.25754],[5.54293,50.25663],[5.54345,50.25554],[5.54522,50.25478],[5.54622,50.25441],[5.5483,50.25326],[5.54941,50.25248],[5.55052,50.25191],[5.55412,50.25038],[5.55791,50.24881],[5.56039,50.24774],[5.56096,50.24758],[5.5621,50.24746],[5.56386,50.24717],[5.56422,50.24697],[5.56461,50.24727],[5.56495,50.24795],[5.56781,50.24811],[5.56887,50.2481],[5.56997,50.24797],[5.57118,50.24746],[5.57171,50.24734],[5.57428,50.24704],[5.57559,50.24693],[5.57532,50.24787],[5.57423,50.24874],[5.57425,50.24929],[5.57446,50.24978],[5.57393,50.25072],[5.57393,50.25094],[5.57439,50.25114],[5.57459,50.25155],[5.57436,50.25212],[5.57469,50.25243],[5.57456,50.25269],[5.57478,50.25333],[5.57477,50.25378],[5.5751,50.25411],[5.57517,50.25452],[5.5757,50.25488],[5.57587,50.25534],[5.57636,50.25553],[5.57652,50.25597],[5.57767,50.25659],[5.57764,50.25686],[5.57805,50.25701],[5.57828,50.25813],[5.578,50.25928],[5.57845,50.26072],[5.57929,50.26065],[5.57978,50.26024],[5.58081,50.25959],[5.58189,50.25904],[5.58337,50.25874],[5.58537,50.25808],[5.58657,50.25801],[5.58943,50.25758],[5.59003,50.25753],[5.59148,50.25687],[5.59157,50.25674],[5.59332,50.25688],[5.59385,50.25701],[5.59429,50.25688],[5.59566,50.25681],[5.59606,50.25644],[5.59615,50.25712],[5.59634,50.25736],[5.59595,50.25811],[5.5953,50.25832],[5.5957,50.25965],[5.59718,50.26069],[5.599,50.26217],[5.59998,50.26392],[5.6026,50.26597],[5.60322,50.26697],[5.60324,50.26772],[5.6057,50.27016],[5.60803,50.2718],[5.60937,50.27243],[5.61092,50.27303],[5.61131,50.27305],[5.61004,50.27562],[5.61353,50.2776],[5.61283,50.27951],[5.61138,50.28313],[5.6109,50.28421],[5.61109,50.2844],[5.61255,50.28736],[5.61422,50.28768],[5.6162,50.28849],[5.61733,50.29318],[5.61813,50.29665],[5.61836,50.29713],[5.62167,50.30034],[5.62298,50.30193],[5.62649,50.3061],[5.62841,50.3081],[5.62919,50.30836],[5.63058,50.3094],[5.63412,50.3118],[5.63675,50.3125],[5.64256,50.3141],[5.64368,50.31439],[5.6492,50.31591],[5.65121,50.31649],[5.65318,50.32814],[5.65351,50.33037],[5.65389,50.33259],[5.6549,50.33895],[5.65428,50.33863],[5.65368,50.33851],[5.65348,50.33817],[5.65306,50.33799],[5.65249,50.33803],[5.65189,50.33771],[5.6516,50.33787],[5.65102,50.33742],[5.64908,50.33696],[5.64864,50.33677],[5.6481,50.33685],[5.64639,50.33646],[5.64492,50.33645],[5.64456,50.33611],[5.64345,50.33595],[5.64205,50.33553],[5.64128,50.33541],[5.64039,50.33543],[5.63999,50.33556],[5.63944,50.33542],[5.63882,50.33547],[5.63842,50.33521],[5.63748,50.33519],[5.63601,50.33569],[5.63496,50.33565],[5.63422,50.3352],[5.63307,50.33534],[5.63256,50.3352],[5.63262,50.33484],[5.63178,50.33491],[5.63163,50.33468],[5.63064,50.33454],[5.63036,50.33465],[5.62836,50.33435],[5.6262,50.3345],[5.62586,50.33467],[5.6249,50.3347],[5.62468,50.33484],[5.6232,50.335],[5.6227,50.33555],[5.62219,50.33588],[5.62145,50.33693],[5.62106,50.33722],[5.62069,50.33776],[5.61989,50.3383],[5.6193,50.33809],[5.61771,50.33802],[5.61706,50.33853],[5.61596,50.33868],[5.61509,50.33894],[5.61485,50.33914],[5.6139,50.33937],[5.61328,50.3392],[5.61287,50.33951],[5.61287,50.33978],[5.61149,50.33998],[5.61134,50.3402],[5.61043,50.34034],[5.61038,50.3406],[5.60985,50.34076],[5.60975,50.3413],[5.60862,50.34153],[5.60721,50.34116],[5.60641,50.3406],[5.6052,50.34033],[5.60453,50.34057],[5.60409,50.34041],[5.60407,50.34015],[5.603,50.3399],[5.60267,50.33965],[5.60248,50.33994],[5.60215,50.3395],[5.60119,50.33918],[5.6005,50.33947],[5.59955,50.33939],[5.5992,50.33961],[5.59906,50.33935],[5.5985,50.33929],[5.59848,50.33955],[5.59768,50.33911],[5.59694,50.33902],[5.59593,50.33929],[5.59594,50.33945],[5.59429,50.33995],[5.59419,50.34029],[5.5932,50.34001],[5.5923,50.33961],[5.59141,50.33943],[5.59107,50.33917],[5.58995,50.33983],[5.59032,50.34037],[5.59003,50.34099],[5.58948,50.34147],[5.58882,50.3415],[5.5883,50.34197],[5.58648,50.3422],[5.58593,50.3419],[5.58725,50.34128],[5.58779,50.34083],[5.58793,50.33965],[5.58775,50.3394],[5.58674,50.3391],[5.58638,50.33859],[5.58597,50.3386],[5.58563,50.33832],[5.585,50.3384],[5.58553,50.33809],[5.58565,50.33772],[5.58529,50.33701],[5.58435,50.33687],[5.58346,50.33693],[5.58317,50.33672],[5.5839,50.33608],[5.58363,50.33536],[5.58331,50.33495],[5.58323,50.33432],[5.58333,50.33383],[5.58303,50.33372],[5.582,50.3338],[5.5813,50.33401],[5.58042,50.33321],[5.58067,50.33308],[5.58029,50.33264],[5.57972,50.33291],[5.57937,50.33244],[5.57877,50.33265],[5.57745,50.33292],[5.57688,50.33251],[5.57574,50.33312],[5.57348,50.33247],[5.57304,50.33256],[5.57285,50.33307],[5.57249,50.33339],[5.57252,50.3338],[5.57214,50.33428],[5.57182,50.33436],[5.5715,50.33478],[5.5706,50.334],[5.57048,50.33355],[5.56971,50.33298],[5.56914,50.33278],[5.56845,50.33298],[5.56852,50.33347],[5.56841,50.33418],[5.56761,50.3348],[5.56687,50.33446],[5.56694,50.33344],[5.56724,50.33293],[5.56794,50.33239],[5.568,50.33197],[5.56763,50.33163],[5.56752,50.32953],[5.56853,50.32924],[5.56857,50.32907],[5.56801,50.32789],[5.567,50.32652],[5.55728,50.33228],[5.55342,50.33458],[5.5524,50.33275],[5.55079,50.33123],[5.55066,50.32921],[5.55032,50.32713],[5.5487,50.32593],[5.54697,50.32441],[5.54644,50.32483],[5.5459,50.32421],[5.54839,50.32278],[5.55579,50.31867],[5.55469,50.31755],[5.55392,50.3176],[5.55332,50.31779],[5.55371,50.31732],[5.55347,50.31723],[5.55252,50.31775],[5.55221,50.31779],[5.55169,50.31874],[5.5514,50.31899],[5.55029,50.31942],[5.54984,50.31881],[5.55067,50.31823],[5.55055,50.31788],[5.55112,50.31693],[5.55064,50.31645],[5.54958,50.31565],[5.54956,50.31489],[5.54715,50.3135],[5.54708,50.31285],[5.54683,50.31304],[5.5464,50.31277],[5.54578,50.31281],[5.54542,50.31256],[5.5456,50.3119],[5.54513,50.31176],[5.54603,50.3111],[5.54524,50.31052],[5.54519,50.30995],[5.54491,50.30962],[5.54405,50.3091],[5.54457,50.30845],[5.54392,50.30756],[5.54315,50.30764],[5.54301,50.30782],[5.54015,50.30871],[5.5391,50.30918],[5.5375,50.30859],[5.53554,50.30889],[5.53361,50.30893],[5.53276,50.30922],[5.53185,50.3094],[5.53059,50.30943],[5.52926,50.30927],[5.52766,50.30874],[5.52801,50.30855],[5.52512,50.30757],[5.52539,50.3067],[5.52589,50.30603],[5.52443,50.30653],[5.52406,50.30611],[5.52276,50.30555],[5.52335,50.30495],[5.52179,50.30441],[5.5228,50.30311],[5.52119,50.30262],[5.52076,50.30235],[5.51957,50.30203],[5.5198,50.30171],[5.51632,50.3006],[5.51612,50.30096],[5.5144,50.30061],[5.51321,50.30043],[5.51382,50.29898],[5.51332,50.29908],[5.51215,50.29951],[5.51119,50.30017],[5.51032,50.30065],[5.50958,50.30073],[5.5086,50.30117],[5.50729,50.30145],[5.50605,50.30183],[5.50393,50.3019],[5.50103,50.30226],[5.50014,50.30227],[5.50004,50.30334],[5.49916,50.30334],[5.49922,50.30349],[5.49816,50.30377],[5.49708,50.30444],[5.49571,50.30401],[5.49512,50.30425],[5.49495,50.30476],[5.49433,50.30601],[5.49278,50.30678],[5.49238,50.30677],[5.49243,50.30726],[5.49359,50.31056],[5.49388,50.3116],[5.49155,50.31215],[5.49209,50.3133],[5.49218,50.31409],[5.49239,50.31452],[5.49125,50.31472],[5.49149,50.31512],[5.48966,50.3156],[5.48803,50.31634],[5.48883,50.31704],[5.48976,50.31798],[5.49125,50.32004],[5.49199,50.32166],[5.49171,50.32187],[5.49143,50.32168],[5.49064,50.32216],[5.48941,50.32133],[5.48885,50.32059],[5.48866,50.3206],[5.48874,50.32122],[5.48859,50.32159],[5.48811,50.3219],[5.48755,50.3226],[5.48692,50.32303],[5.48649,50.32347],[5.48417,50.32445],[5.48298,50.32521],[5.48263,50.32516],[5.4828,50.3248],[5.48253,50.32434],[5.48053,50.32276],[5.4802,50.3229],[5.47813,50.32457],[5.4765,50.32389],[5.47559,50.32413],[5.47446,50.32522],[5.47262,50.3272],[5.47054,50.32871],[5.47028,50.32829],[5.47062,50.32781],[5.47046,50.32739],[5.4696,50.32695],[5.46733,50.32544],[5.46897,50.32456],[5.46862,50.32396],[5.46844,50.32336],[5.4678,50.32249],[5.46462,50.32136],[5.46336,50.32066],[5.46257,50.31984],[5.46238,50.31899],[5.46178,50.31878],[5.46148,50.31844],[5.4621,50.31782],[5.46258,50.31713],[5.46372,50.31579],[5.46542,50.31393],[5.46612,50.31285],[5.46541,50.31216],[5.4599,50.30951],[5.45941,50.30914],[5.45865,50.3088],[5.45684,50.30849],[5.4563,50.30857],[5.45517,50.30848],[5.45461,50.30821],[5.4536,50.30808],[5.45295,50.30775],[5.45058,50.30686],[5.44903,50.3061],[5.4468,50.30549],[5.44571,50.30512],[5.44446,50.30487],[5.44186,50.30361],[5.44195,50.30346],[5.44102,50.30305],[5.44187,50.30284],[5.44338,50.30263],[5.44454,50.30258],[5.44529,50.30243],[5.44766,50.30171],[5.44863,50.30102],[5.44903,50.30037],[5.45043,50.29965],[5.45142,50.29906],[5.45115,50.29894],[5.45195,50.29825],[5.45218,50.29765],[5.45243,50.29751],[5.4535,50.29749],[5.45463,50.29678],[5.45484,50.29623],[5.45514,50.29598],[5.45572,50.29474],[5.45581,50.29411],[5.45626,50.29309],[5.45697,50.29223],[5.45708,50.29133],[5.45763,50.29062],[5.45894,50.28975],[5.45962,50.29011],[5.46129,50.2881],[5.46409,50.29218],[5.46445,50.29294],[5.46501,50.29613],[5.46598,50.29545],[5.46684,50.29505],[5.4683,50.29423],[5.47124,50.29326],[5.47287,50.2928],[5.47359,50.29249],[5.47457,50.29189],[5.47653,50.29101],[5.47732,50.29077],[5.47875,50.28937],[5.48011,50.28873],[5.48075,50.28815],[5.48095,50.28769],[5.48158,50.28686],[5.48194,50.28717],[5.48213,50.28818],[5.48228,50.28843],[5.48366,50.28831],[5.48531,50.28838],[5.48578,50.28847],[5.48462,50.28681],[5.48464,50.28644],[5.48428,50.28611],[5.48368,50.28511],[5.48448,50.28448],[5.48454,50.28427],[5.48385,50.28342],[5.48313,50.28271],[5.48207,50.28058],[5.48136,50.27945],[5.4811,50.27868],[5.48137,50.27854],[5.48727,50.27917],[5.48161,50.27613],[5.48282,50.27559],[5.48325,50.27508],[5.48282,50.27486],[5.48364,50.27457],[5.4843,50.27485],[5.48522,50.27482],[5.48682,50.27535],[5.48746,50.27508],[5.48797,50.27506],[5.48954,50.27338],[5.4892,50.27285],[5.48945,50.27282],[5.49146,50.27167],[5.49182,50.27158],[5.4916,50.27134],[5.4937,50.27045],[5.49349,50.27014],[5.49394,50.26965],[5.49371,50.26939],[5.49432,50.26832],[5.49465,50.26745],[5.49555,50.26634],[5.49646,50.26444],[5.49676,50.26394],[5.49756,50.26307],[5.49833,50.26262],[5.49967,50.26162],[5.50049,50.26036]]]}},{"type":"Feature","id":"83028","bbox":[5.369511,50.216312,5.503406,50.319035],"properties":{"nis":"83028","name":"Hotton","nameNl":"Hotton","nameFr":"Hotton","nameDe":"Hotton","province":"luxembourg","region":"wallonia","areaKm2":56.83},"geometry":{"type":"Polygon","coordinates":[[[5.44208,50.21631],[5.44199,50.21696],[5.44237,50.21872],[5.44279,50.21945],[5.44289,50.22071],[5.44286,50.22166],[5.4431,50.2222],[5.44231,50.22376],[5.44235,50.22402],[5.44198,50.22504],[5.44243,50.22609],[5.44323,50.22655],[5.44396,50.22711],[5.4445,50.22731],[5.44584,50.22838],[5.44733,50.22746],[5.44786,50.22678],[5.44976,50.22693],[5.45136,50.22714],[5.45225,50.22751],[5.45322,50.22863],[5.45388,50.23022],[5.45436,50.23098],[5.4545,50.23144],[5.45392,50.23298],[5.45399,50.23339],[5.45297,50.23585],[5.45358,50.23649],[5.45417,50.23684],[5.45446,50.23731],[5.45533,50.23782],[5.45615,50.23876],[5.4579,50.24058],[5.45889,50.24181],[5.4594,50.2426],[5.45998,50.24276],[5.46136,50.24138],[5.46389,50.23911],[5.46407,50.2393],[5.46451,50.23913],[5.46667,50.23856],[5.46628,50.23834],[5.4667,50.2381],[5.46851,50.23924],[5.46926,50.23963],[5.46998,50.24027],[5.47064,50.23999],[5.47117,50.23996],[5.47308,50.24051],[5.47406,50.2411],[5.4732,50.24116],[5.4739,50.24206],[5.47384,50.2427],[5.47429,50.2423],[5.47526,50.24212],[5.47614,50.24243],[5.47678,50.24299],[5.47677,50.24334],[5.47753,50.24366],[5.4785,50.24385],[5.47921,50.24451],[5.47938,50.24405],[5.47972,50.24415],[5.48007,50.24394],[5.48092,50.24376],[5.48149,50.24383],[5.48117,50.24439],[5.48132,50.24488],[5.48281,50.24678],[5.48315,50.24708],[5.48323,50.24755],[5.48373,50.24858],[5.48402,50.24941],[5.48425,50.25071],[5.48443,50.25114],[5.48495,50.2509],[5.48641,50.25051],[5.48774,50.25026],[5.48831,50.25085],[5.48897,50.25096],[5.4888,50.25111],[5.48936,50.25141],[5.49089,50.25043],[5.49286,50.24923],[5.49342,50.24934],[5.49438,50.24919],[5.4947,50.2493],[5.49663,50.25046],[5.49699,50.25085],[5.49963,50.2513],[5.5022,50.25242],[5.5026,50.25247],[5.50321,50.25293],[5.50323,50.25343],[5.50256,50.25384],[5.50258,50.25414],[5.50137,50.25453],[5.5013,50.25464],[5.50226,50.25525],[5.50301,50.25618],[5.50209,50.25632],[5.5024,50.25708],[5.50255,50.25709],[5.50279,50.2581],[5.50341,50.25895],[5.50145,50.26003],[5.50049,50.26036],[5.49967,50.26162],[5.49833,50.26262],[5.49756,50.26307],[5.49676,50.26394],[5.49646,50.26444],[5.49555,50.26634],[5.49465,50.26745],[5.49432,50.26832],[5.49371,50.26939],[5.49394,50.26965],[5.49349,50.27014],[5.4937,50.27045],[5.4916,50.27134],[5.49182,50.27158],[5.49146,50.27167],[5.48945,50.27282],[5.4892,50.27285],[5.48954,50.27338],[5.48797,50.27506],[5.48746,50.27508],[5.48682,50.27535],[5.48522,50.27482],[5.4843,50.27485],[5.48364,50.27457],[5.48282,50.27486],[5.48325,50.27508],[5.48282,50.27559],[5.48161,50.27613],[5.48727,50.27917],[5.48137,50.27854],[5.4811,50.27868],[5.48136,50.27945],[5.48207,50.28058],[5.48313,50.28271],[5.48385,50.28342],[5.48454,50.28427],[5.48448,50.28448],[5.48368,50.28511],[5.48428,50.28611],[5.48464,50.28644],[5.48462,50.28681],[5.48578,50.28847],[5.48531,50.28838],[5.48366,50.28831],[5.48228,50.28843],[5.48213,50.28818],[5.48194,50.28717],[5.48158,50.28686],[5.48095,50.28769],[5.48075,50.28815],[5.48011,50.28873],[5.47875,50.28937],[5.47732,50.29077],[5.47653,50.29101],[5.47457,50.29189],[5.47359,50.29249],[5.47287,50.2928],[5.47124,50.29326],[5.4683,50.29423],[5.46684,50.29505],[5.46598,50.29545],[5.46501,50.29613],[5.46445,50.29294],[5.46409,50.29218],[5.46129,50.2881],[5.45962,50.29011],[5.45894,50.28975],[5.45763,50.29062],[5.45708,50.29133],[5.45697,50.29223],[5.45626,50.29309],[5.45581,50.29411],[5.45572,50.29474],[5.45514,50.29598],[5.45484,50.29623],[5.45463,50.29678],[5.4535,50.29749],[5.45243,50.29751],[5.45218,50.29765],[5.45195,50.29825],[5.45115,50.29894],[5.45142,50.29906],[5.45043,50.29965],[5.44903,50.30037],[5.44863,50.30102],[5.44766,50.30171],[5.44529,50.30243],[5.44454,50.30258],[5.44338,50.30263],[5.44187,50.30284],[5.44102,50.30305],[5.44195,50.30346],[5.44186,50.30361],[5.44106,50.30354],[5.44002,50.30382],[5.43594,50.304],[5.4323,50.3047],[5.43025,50.30534],[5.42976,50.30532],[5.42864,50.30557],[5.42791,50.30512],[5.42698,50.30479],[5.42555,50.30484],[5.4217,50.30762],[5.42076,50.30838],[5.41989,50.30795],[5.41878,50.30757],[5.41868,50.30792],[5.41731,50.30755],[5.41593,50.30699],[5.41491,50.30734],[5.41451,50.30666],[5.41315,50.30525],[5.41222,50.3051],[5.41182,50.30479],[5.4115,50.3042],[5.4116,50.30489],[5.41093,50.305],[5.41014,50.3054],[5.40963,50.30594],[5.40915,50.30667],[5.40818,50.30738],[5.40709,50.30789],[5.40648,50.30802],[5.40749,50.30893],[5.40768,50.30961],[5.40812,50.30994],[5.41068,50.31115],[5.41049,50.31135],[5.41182,50.31203],[5.41315,50.31313],[5.41514,50.31339],[5.41304,50.31531],[5.41139,50.31663],[5.41019,50.31784],[5.40841,50.31903],[5.40769,50.31826],[5.40711,50.31792],[5.40695,50.31737],[5.40685,50.31604],[5.40592,50.31524],[5.40576,50.31535],[5.40419,50.31479],[5.4037,50.31547],[5.40056,50.31518],[5.40056,50.31471],[5.40024,50.3147],[5.40022,50.3143],[5.39826,50.31426],[5.39817,50.31402],[5.39649,50.31405],[5.3928,50.3143],[5.39304,50.31552],[5.39293,50.31637],[5.39198,50.31641],[5.39101,50.31674],[5.39052,50.31723],[5.38998,50.31722],[5.3901,50.31779],[5.39047,50.31858],[5.38903,50.31844],[5.38843,50.3183],[5.38818,50.3178],[5.38658,50.31662],[5.38718,50.31627],[5.38812,50.31629],[5.38843,50.31598],[5.38862,50.31489],[5.38856,50.31434],[5.38881,50.31366],[5.3892,50.31309],[5.38937,50.31249],[5.39043,50.31155],[5.39095,50.3113],[5.3931,50.3098],[5.39204,50.30895],[5.391,50.30801],[5.39016,50.3066],[5.39053,50.30562],[5.39225,50.30185],[5.39327,50.30071],[5.39375,50.30003],[5.39384,50.29947],[5.3935,50.29887],[5.39291,50.29863],[5.39228,50.29861],[5.39046,50.299],[5.38972,50.29892],[5.3886,50.2982],[5.38931,50.29763],[5.39058,50.29715],[5.3908,50.29655],[5.39126,50.29657],[5.39157,50.29696],[5.39288,50.29719],[5.39326,50.29713],[5.39369,50.29663],[5.39353,50.2963],[5.39378,50.29611],[5.39466,50.29485],[5.39438,50.2945],[5.39446,50.29422],[5.39536,50.29407],[5.39499,50.29342],[5.39479,50.2927],[5.39577,50.29216],[5.39559,50.29146],[5.39588,50.29107],[5.39599,50.2899],[5.39569,50.28948],[5.39532,50.28841],[5.39485,50.28778],[5.39502,50.28747],[5.39471,50.28716],[5.39413,50.28713],[5.39338,50.28689],[5.39316,50.28712],[5.39268,50.28709],[5.39248,50.2868],[5.39268,50.28658],[5.39205,50.2863],[5.39158,50.2856],[5.39106,50.28546],[5.39078,50.28514],[5.39019,50.28501],[5.3898,50.28539],[5.38923,50.28547],[5.38801,50.28519],[5.38691,50.28503],[5.38669,50.28481],[5.38697,50.28442],[5.38645,50.28419],[5.38591,50.28435],[5.3855,50.28418],[5.38533,50.28327],[5.38429,50.28237],[5.38348,50.28265],[5.3826,50.28248],[5.38308,50.28173],[5.38295,50.28145],[5.38208,50.28138],[5.38177,50.28091],[5.38121,50.28096],[5.3805,50.28068],[5.38007,50.28007],[5.37957,50.28003],[5.37901,50.27973],[5.37911,50.27922],[5.37804,50.27894],[5.37727,50.27888],[5.37701,50.27827],[5.37613,50.27836],[5.37593,50.2786],[5.37542,50.27847],[5.37584,50.27755],[5.37625,50.27688],[5.37457,50.27615],[5.374,50.276],[5.37261,50.27593],[5.37214,50.27531],[5.37163,50.27494],[5.3707,50.27386],[5.36951,50.27303],[5.37201,50.27027],[5.3742,50.268],[5.37354,50.26748],[5.37795,50.26433],[5.38028,50.2628],[5.38287,50.2615],[5.3854,50.25952],[5.38737,50.25764],[5.38837,50.25792],[5.38916,50.25854],[5.39087,50.25918],[5.39272,50.25995],[5.39205,50.26053],[5.39561,50.26162],[5.39717,50.26199],[5.39839,50.26237],[5.39959,50.26282],[5.40138,50.26391],[5.40341,50.26255],[5.40302,50.26241],[5.40283,50.26209],[5.40211,50.26211],[5.40209,50.26188],[5.4015,50.26141],[5.40097,50.26134],[5.40039,50.26151],[5.4001,50.261],[5.39935,50.26058],[5.3982,50.26029],[5.39735,50.25968],[5.39652,50.25942],[5.39546,50.25835],[5.395,50.25802],[5.39432,50.25789],[5.39288,50.25657],[5.39303,50.25628],[5.39249,50.2558],[5.39176,50.25483],[5.39149,50.25383],[5.39114,50.25361],[5.39089,50.25295],[5.3906,50.25279],[5.39055,50.25238],[5.39012,50.25156],[5.38953,50.25097],[5.38807,50.25069],[5.38739,50.24965],[5.38687,50.24945],[5.38596,50.24947],[5.38578,50.249],[5.38531,50.24883],[5.38499,50.24819],[5.38424,50.24776],[5.38376,50.24775],[5.38281,50.24752],[5.3816,50.24696],[5.38062,50.24685],[5.37963,50.24655],[5.37838,50.24582],[5.37736,50.24554],[5.37538,50.24474],[5.37323,50.24398],[5.37344,50.24387],[5.37287,50.24325],[5.37334,50.24273],[5.3718,50.24214],[5.37256,50.24154],[5.37324,50.2407],[5.37304,50.24037],[5.37343,50.23955],[5.37457,50.23986],[5.37466,50.23864],[5.37499,50.23802],[5.37389,50.2377],[5.37415,50.23727],[5.37461,50.23745],[5.37691,50.23811],[5.37716,50.23736],[5.37772,50.23746],[5.37787,50.23714],[5.37815,50.23722],[5.37853,50.23691],[5.38143,50.23546],[5.38294,50.23604],[5.38344,50.23601],[5.38511,50.23645],[5.38497,50.23661],[5.38632,50.23728],[5.3868,50.23761],[5.38837,50.2382],[5.38861,50.23842],[5.38963,50.23888],[5.3903,50.23899],[5.39175,50.23974],[5.39188,50.24004],[5.39295,50.24072],[5.39475,50.24156],[5.39524,50.2416],[5.39663,50.24245],[5.39686,50.24272],[5.39774,50.24316],[5.39928,50.24413],[5.39954,50.2438],[5.3993,50.24367],[5.39997,50.24281],[5.40012,50.24291],[5.40087,50.24244],[5.40131,50.24262],[5.40381,50.24093],[5.40703,50.23811],[5.40532,50.23715],[5.40631,50.23629],[5.40852,50.23292],[5.41031,50.2311],[5.4135,50.23185],[5.41595,50.23164],[5.41669,50.23172],[5.41745,50.23164],[5.41779,50.23178],[5.42071,50.2294],[5.42138,50.22863],[5.42251,50.22714],[5.42342,50.22638],[5.42491,50.22487],[5.42569,50.22498],[5.42698,50.22559],[5.42785,50.22615],[5.42823,50.22626],[5.43081,50.2275],[5.43434,50.22492],[5.4362,50.22337],[5.43594,50.22301],[5.43536,50.22264],[5.4343,50.22226],[5.43411,50.22202],[5.43299,50.22146],[5.43233,50.22091],[5.43223,50.22054],[5.43147,50.22025],[5.43028,50.21943],[5.42943,50.21905],[5.42919,50.21873],[5.43089,50.21883],[5.4309,50.21858],[5.43151,50.21845],[5.43256,50.21898],[5.43308,50.21891],[5.43342,50.21862],[5.43323,50.21842],[5.43384,50.21786],[5.43441,50.21786],[5.43449,50.21761],[5.43602,50.21719],[5.43707,50.2171],[5.43811,50.21723],[5.43927,50.21661],[5.43973,50.21647],[5.44208,50.21631]]]}},{"type":"Feature","id":"83031","bbox":[5.45963,50.089857,5.744326,50.23062],"properties":{"nis":"83031","name":"La Roche-en-Ardenne","nameNl":"La Roche-en-Ardenne","nameFr":"La Roche-en-Ardenne","nameDe":"La Roche-en-Ardenne","province":"luxembourg","region":"wallonia","areaKm2":148.05},"geometry":{"type":"Polygon","coordinates":[[[5.47315,50.16364],[5.47183,50.16343],[5.47051,50.16282],[5.46951,50.16201],[5.46916,50.16097],[5.46863,50.16044],[5.46872,50.16021],[5.46823,50.15973],[5.46605,50.15851],[5.46342,50.15805],[5.4618,50.15817],[5.46332,50.1571],[5.4652,50.15541],[5.46657,50.15413],[5.46552,50.15367],[5.4652,50.15288],[5.46448,50.15259],[5.46355,50.15268],[5.46285,50.15232],[5.46084,50.15207],[5.46015,50.15176],[5.45998,50.15138],[5.45963,50.15129],[5.46046,50.15146],[5.46087,50.15112],[5.4614,50.15093],[5.46137,50.15075],[5.46219,50.15048],[5.46244,50.15016],[5.4644,50.14976],[5.46498,50.14976],[5.46646,50.14957],[5.4681,50.14903],[5.46822,50.14868],[5.46881,50.14859],[5.46936,50.14829],[5.46858,50.14593],[5.4688,50.14556],[5.46947,50.145],[5.47081,50.14435],[5.47167,50.14374],[5.47323,50.14294],[5.4745,50.14235],[5.47629,50.14104],[5.47717,50.13959],[5.47786,50.13889],[5.47861,50.13865],[5.47915,50.13862],[5.48061,50.13764],[5.48053,50.13745],[5.48223,50.13682],[5.48319,50.13677],[5.48468,50.13648],[5.48572,50.13613],[5.48639,50.13576],[5.48791,50.13549],[5.48827,50.13527],[5.48948,50.13503],[5.49063,50.13445],[5.49168,50.13561],[5.49238,50.13613],[5.49349,50.13753],[5.49532,50.13881],[5.49654,50.13973],[5.49765,50.13981],[5.4986,50.13999],[5.50153,50.14021],[5.50279,50.14016],[5.5063,50.14034],[5.50728,50.14022],[5.50869,50.14024],[5.51143,50.13992],[5.51193,50.13992],[5.51371,50.13969],[5.51583,50.14001],[5.51654,50.14025],[5.51728,50.14016],[5.51763,50.13991],[5.52002,50.1393],[5.52076,50.13917],[5.521,50.13803],[5.5236,50.13775],[5.52394,50.13734],[5.52461,50.13771],[5.52568,50.13803],[5.52556,50.13711],[5.52608,50.13707],[5.52664,50.13637],[5.52697,50.13653],[5.52798,50.13569],[5.52675,50.13458],[5.52644,50.13422],[5.52528,50.13374],[5.52498,50.13343],[5.52414,50.13318],[5.52435,50.13306],[5.52571,50.13293],[5.52602,50.13277],[5.52724,50.13269],[5.52815,50.13272],[5.52952,50.13251],[5.53041,50.13217],[5.52977,50.1312],[5.53,50.13089],[5.53066,50.13046],[5.53014,50.1291],[5.52998,50.12824],[5.53005,50.1273],[5.53059,50.12737],[5.53109,50.12655],[5.53174,50.12608],[5.53176,50.12572],[5.53279,50.12552],[5.53443,50.12485],[5.53491,50.12457],[5.53571,50.12379],[5.53841,50.12509],[5.53853,50.12555],[5.54072,50.12647],[5.54279,50.12761],[5.54455,50.12805],[5.54583,50.12816],[5.54649,50.1283],[5.54638,50.12885],[5.54714,50.12872],[5.54701,50.12974],[5.54964,50.13124],[5.54989,50.13166],[5.55015,50.13269],[5.5506,50.13333],[5.55173,50.13445],[5.55091,50.13473],[5.55015,50.13513],[5.54939,50.13572],[5.54907,50.13624],[5.54915,50.13663],[5.55021,50.13649],[5.55082,50.13658],[5.55215,50.13708],[5.55445,50.13807],[5.55813,50.14023],[5.55864,50.1403],[5.55847,50.13861],[5.55853,50.13701],[5.55874,50.13608],[5.55869,50.13463],[5.55876,50.13388],[5.55914,50.13309],[5.56112,50.13376],[5.5642,50.13447],[5.56449,50.13411],[5.56565,50.13446],[5.56674,50.13499],[5.56737,50.1348],[5.56748,50.13502],[5.56842,50.13562],[5.56799,50.13488],[5.56765,50.13368],[5.56716,50.13294],[5.56785,50.13247],[5.5701,50.13032],[5.57085,50.12873],[5.57253,50.12618],[5.57312,50.12536],[5.57637,50.12622],[5.57758,50.1264],[5.57957,50.12691],[5.58065,50.12564],[5.58146,50.12441],[5.58194,50.12398],[5.58217,50.12331],[5.58367,50.12064],[5.58582,50.12097],[5.58608,50.12047],[5.58612,50.1194],[5.58703,50.11839],[5.58803,50.11637],[5.58834,50.11603],[5.5876,50.1158],[5.58797,50.11393],[5.58777,50.1138],[5.59035,50.11246],[5.59041,50.11181],[5.58942,50.11132],[5.58866,50.1104],[5.58836,50.1103],[5.58738,50.10919],[5.58693,50.10856],[5.58699,50.10786],[5.58674,50.10745],[5.58732,50.10659],[5.58774,50.10654],[5.58911,50.10579],[5.58947,50.10529],[5.58992,50.10498],[5.59155,50.10443],[5.59256,50.10294],[5.59302,50.1025],[5.59254,50.10198],[5.59245,50.10151],[5.59301,50.10099],[5.59302,50.1008],[5.59448,50.10024],[5.59541,50.09937],[5.59605,50.09863],[5.59643,50.09777],[5.5966,50.09706],[5.5973,50.09639],[5.59731,50.09617],[5.59779,50.09617],[5.5987,50.09587],[5.59954,50.09535],[5.59982,50.09501],[5.60073,50.09345],[5.60059,50.09242],[5.60034,50.09196],[5.60024,50.09133],[5.6004,50.09082],[5.60088,50.09015],[5.60156,50.08986],[5.60214,50.0899],[5.60304,50.09019],[5.60399,50.09014],[5.60455,50.09025],[5.60656,50.09132],[5.60784,50.09232],[5.60933,50.09262],[5.61177,50.09273],[5.61261,50.09297],[5.61411,50.09306],[5.61719,50.09466],[5.61742,50.09488],[5.61803,50.09633],[5.61821,50.09725],[5.61869,50.09768],[5.61956,50.0979],[5.62067,50.09797],[5.62221,50.09769],[5.62408,50.09695],[5.6251,50.09632],[5.62568,50.09608],[5.62694,50.09587],[5.62929,50.09612],[5.62976,50.09647],[5.62972,50.09754],[5.62988,50.09798],[5.63006,50.09927],[5.63029,50.09947],[5.63076,50.10047],[5.63121,50.10201],[5.6316,50.10224],[5.63283,50.10253],[5.6349,50.1023],[5.63694,50.10231],[5.63811,50.10201],[5.63882,50.10156],[5.6399,50.10103],[5.64068,50.10084],[5.64297,50.1005],[5.64359,50.10048],[5.64408,50.10064],[5.64502,50.10119],[5.64566,50.102],[5.64583,50.10277],[5.64596,50.1041],[5.64618,50.10527],[5.6464,50.10722],[5.64734,50.10806],[5.64829,50.10857],[5.64991,50.10888],[5.6516,50.10875],[5.6528,50.10848],[5.65331,50.10814],[5.65353,50.10773],[5.65355,50.1071],[5.65332,50.10633],[5.65329,50.1057],[5.65348,50.10443],[5.65317,50.10384],[5.65355,50.10335],[5.654,50.10317],[5.65506,50.10309],[5.6557,50.10316],[5.65682,50.10358],[5.65747,50.10404],[5.65808,50.10466],[5.65853,50.10564],[5.65852,50.106],[5.6574,50.10787],[5.65695,50.10903],[5.65665,50.11013],[5.65672,50.1106],[5.65719,50.11117],[5.65756,50.11241],[5.65725,50.1136],[5.65736,50.11395],[5.65801,50.11453],[5.65846,50.11475],[5.65889,50.11468],[5.65944,50.11415],[5.65962,50.11368],[5.66036,50.11234],[5.66217,50.11098],[5.66342,50.11056],[5.66438,50.11058],[5.66638,50.11109],[5.66762,50.11162],[5.66788,50.11204],[5.66805,50.11317],[5.66827,50.11403],[5.66905,50.11544],[5.66972,50.11616],[5.67049,50.11647],[5.67115,50.11654],[5.67176,50.11641],[5.67284,50.1159],[5.6738,50.11484],[5.67484,50.11359],[5.67564,50.11301],[5.67685,50.11294],[5.67761,50.11324],[5.67806,50.11368],[5.67821,50.11425],[5.67798,50.11461],[5.67618,50.11606],[5.67407,50.11728],[5.67262,50.11842],[5.67231,50.11877],[5.67215,50.11929],[5.67204,50.121],[5.67187,50.12172],[5.67137,50.12261],[5.67119,50.12329],[5.6712,50.12398],[5.67136,50.12442],[5.67194,50.12473],[5.67288,50.12478],[5.67434,50.12472],[5.67564,50.12479],[5.67706,50.12534],[5.67794,50.1261],[5.67813,50.12654],[5.67808,50.12708],[5.67732,50.12785],[5.67711,50.12855],[5.67807,50.13182],[5.67791,50.13279],[5.67728,50.13442],[5.67781,50.1349],[5.67859,50.13517],[5.679,50.13547],[5.67913,50.13602],[5.67875,50.13676],[5.67827,50.13711],[5.6776,50.13735],[5.67603,50.13743],[5.67553,50.1373],[5.67332,50.13636],[5.67225,50.13604],[5.67106,50.13595],[5.66997,50.13622],[5.66964,50.13669],[5.66951,50.13793],[5.66929,50.139],[5.66894,50.13939],[5.66731,50.14036],[5.66551,50.1411],[5.66477,50.14196],[5.66486,50.14294],[5.66526,50.14364],[5.66578,50.14409],[5.66652,50.14441],[5.66758,50.14457],[5.66829,50.14457],[5.6692,50.14439],[5.6703,50.14355],[5.67103,50.14269],[5.67132,50.14217],[5.67136,50.14131],[5.67151,50.14077],[5.67202,50.13992],[5.67271,50.13959],[5.67329,50.1396],[5.67421,50.13988],[5.675,50.14056],[5.67584,50.14207],[5.67604,50.14291],[5.67588,50.14432],[5.67549,50.14553],[5.67496,50.14844],[5.67474,50.14936],[5.67465,50.15075],[5.67424,50.1513],[5.67262,50.1527],[5.67189,50.15306],[5.67105,50.15313],[5.66993,50.15301],[5.66868,50.15271],[5.66695,50.15205],[5.6659,50.15149],[5.665,50.15072],[5.66445,50.15006],[5.66397,50.1498],[5.6633,50.14972],[5.66235,50.1501],[5.66172,50.15111],[5.66162,50.15193],[5.66181,50.15298],[5.66153,50.15345],[5.66071,50.1539],[5.65986,50.15401],[5.65886,50.1539],[5.65791,50.15361],[5.65737,50.15319],[5.6559,50.15165],[5.65532,50.15077],[5.65533,50.15026],[5.65593,50.14904],[5.65638,50.14873],[5.65774,50.1482],[5.65864,50.14772],[5.65909,50.1472],[5.65904,50.14674],[5.65832,50.14637],[5.65772,50.14641],[5.65644,50.14685],[5.65599,50.14719],[5.65538,50.1479],[5.65469,50.14848],[5.65229,50.1499],[5.65189,50.15065],[5.65216,50.15147],[5.65353,50.15259],[5.65448,50.15317],[5.65655,50.15417],[5.65753,50.15479],[5.65865,50.15631],[5.65844,50.15725],[5.65812,50.15774],[5.65717,50.15847],[5.65655,50.15975],[5.65691,50.16036],[5.65766,50.16057],[5.65928,50.16056],[5.6608,50.16074],[5.66103,50.16141],[5.66071,50.16194],[5.65887,50.16362],[5.65746,50.16517],[5.65699,50.16586],[5.65639,50.16624],[5.65564,50.16646],[5.65624,50.16733],[5.65629,50.16769],[5.65671,50.16834],[5.6578,50.16922],[5.65946,50.16997],[5.65969,50.17018],[5.66016,50.17141],[5.66082,50.17216],[5.66146,50.17197],[5.66236,50.17284],[5.66258,50.1729],[5.66327,50.17358],[5.66544,50.1739],[5.66539,50.17415],[5.66494,50.17433],[5.66542,50.17441],[5.66801,50.17395],[5.66822,50.17331],[5.66856,50.17339],[5.66861,50.17373],[5.66905,50.17362],[5.6704,50.1739],[5.6702,50.17428],[5.66993,50.17419],[5.6687,50.17571],[5.66956,50.17589],[5.66935,50.17626],[5.66766,50.17598],[5.66762,50.17623],[5.66789,50.17719],[5.67072,50.17723],[5.67093,50.17707],[5.67242,50.17781],[5.67434,50.17854],[5.67675,50.17916],[5.67815,50.17935],[5.67997,50.17948],[5.68079,50.17962],[5.68257,50.17937],[5.68331,50.1794],[5.68324,50.1798],[5.68272,50.1801],[5.68279,50.18093],[5.68338,50.18125],[5.68437,50.18148],[5.68514,50.18201],[5.68522,50.18323],[5.68491,50.18337],[5.685,50.18393],[5.68595,50.18468],[5.68654,50.18477],[5.68736,50.18525],[5.6882,50.18594],[5.6899,50.18779],[5.69114,50.18941],[5.69326,50.19141],[5.69381,50.1922],[5.6944,50.1935],[5.69465,50.19466],[5.69604,50.19672],[5.69674,50.19731],[5.69745,50.19832],[5.69806,50.19878],[5.69892,50.19924],[5.69982,50.19932],[5.70051,50.19953],[5.70195,50.19959],[5.70418,50.19951],[5.70747,50.19955],[5.70978,50.19996],[5.71075,50.20048],[5.71174,50.20124],[5.7127,50.20218],[5.71287,50.20218],[5.71391,50.20107],[5.71492,50.20015],[5.71499,50.19972],[5.71564,50.19892],[5.71535,50.19838],[5.71534,50.19714],[5.71517,50.19666],[5.71541,50.19619],[5.71534,50.1957],[5.71503,50.19551],[5.71512,50.19415],[5.71543,50.19409],[5.71543,50.19309],[5.71574,50.19289],[5.71601,50.19143],[5.71577,50.1911],[5.71613,50.19044],[5.7158,50.18958],[5.71643,50.18869],[5.71653,50.18818],[5.71631,50.18727],[5.71652,50.18668],[5.71867,50.18727],[5.72028,50.18729],[5.72217,50.18816],[5.72292,50.18864],[5.72432,50.1891],[5.72514,50.18904],[5.72696,50.18924],[5.72923,50.19003],[5.73142,50.1905],[5.73295,50.19098],[5.735,50.19142],[5.7379,50.19193],[5.73963,50.19216],[5.74079,50.19257],[5.74263,50.19297],[5.74272,50.19332],[5.74244,50.19414],[5.74267,50.1948],[5.74257,50.1956],[5.7429,50.19632],[5.74356,50.1966],[5.7441,50.19708],[5.74432,50.19774],[5.74419,50.1988],[5.74364,50.19957],[5.74304,50.19984],[5.74252,50.20025],[5.74158,50.20058],[5.74081,50.20054],[5.73939,50.20132],[5.73865,50.20185],[5.7377,50.20188],[5.73668,50.20226],[5.73562,50.20219],[5.73457,50.20225],[5.73361,50.20281],[5.73253,50.20284],[5.7319,50.20309],[5.73076,50.20395],[5.73003,50.20421],[5.72984,50.20479],[5.73019,50.20543],[5.72846,50.2056],[5.72861,50.20691],[5.72887,50.20753],[5.72957,50.20844],[5.73012,50.20965],[5.72979,50.211],[5.72989,50.21176],[5.73007,50.21197],[5.72921,50.21291],[5.72881,50.21304],[5.72859,50.21368],[5.72863,50.21404],[5.72787,50.21494],[5.72787,50.2155],[5.72829,50.21688],[5.72823,50.21718],[5.72859,50.21768],[5.72854,50.21817],[5.72663,50.21883],[5.72348,50.22032],[5.72216,50.22073],[5.72147,50.22084],[5.72088,50.22079],[5.71959,50.22138],[5.71952,50.22169],[5.71816,50.22215],[5.71657,50.22252],[5.71492,50.22274],[5.71467,50.22293],[5.71372,50.22299],[5.71364,50.22332],[5.7114,50.22405],[5.71216,50.22489],[5.71272,50.22578],[5.71365,50.22578],[5.71309,50.22625],[5.71248,50.22721],[5.70967,50.23062],[5.70738,50.23006],[5.70203,50.22865],[5.69713,50.22695],[5.69378,50.2254],[5.69236,50.22529],[5.68784,50.22553],[5.6823,50.2255],[5.67822,50.22584],[5.67441,50.22612],[5.6684,50.22564],[5.66353,50.22511],[5.65819,50.22299],[5.65551,50.22208],[5.65395,50.22216],[5.65233,50.22235],[5.65144,50.22258],[5.65039,50.22313],[5.64909,50.22354],[5.64817,50.22412],[5.64731,50.22483],[5.64564,50.22544],[5.64454,50.2257],[5.64358,50.22572],[5.64264,50.22628],[5.64169,50.22642],[5.63796,50.22625],[5.63593,50.226],[5.63406,50.22506],[5.6327,50.22651],[5.63142,50.22714],[5.63032,50.22624],[5.63028,50.22589],[5.63056,50.22525],[5.62998,50.2245],[5.62992,50.22417],[5.63013,50.22366],[5.63098,50.22243],[5.6302,50.22215],[5.62925,50.22227],[5.62918,50.22194],[5.62697,50.22265],[5.62594,50.22194],[5.62495,50.22305],[5.62356,50.22272],[5.62327,50.2233],[5.62266,50.22502],[5.62272,50.22575],[5.62256,50.22661],[5.62051,50.22617],[5.6188,50.22572],[5.61656,50.22484],[5.61574,50.22432],[5.61524,50.22375],[5.61618,50.2234],[5.61446,50.22143],[5.61349,50.22164],[5.61215,50.22001],[5.61187,50.21883],[5.61051,50.21687],[5.60925,50.21699],[5.60893,50.2172],[5.608,50.21742],[5.60681,50.21784],[5.60602,50.2176],[5.60486,50.21655],[5.60404,50.2164],[5.60273,50.21593],[5.60132,50.21555],[5.60015,50.21498],[5.59952,50.21342],[5.59968,50.21271],[5.5995,50.2123],[5.59873,50.21178],[5.59781,50.21154],[5.59699,50.21092],[5.59605,50.21064],[5.59424,50.20953],[5.5936,50.20898],[5.59228,50.209],[5.5916,50.20871],[5.59121,50.20834],[5.58996,50.20771],[5.58971,50.20727],[5.5887,50.2064],[5.58821,50.20611],[5.58796,50.20566],[5.58799,50.20487],[5.58735,50.20376],[5.58638,50.20342],[5.58568,50.20266],[5.58498,50.20233],[5.58461,50.20198],[5.58345,50.20189],[5.58292,50.20162],[5.58247,50.20161],[5.581,50.20108],[5.5799,50.20109],[5.57894,50.2008],[5.57819,50.20101],[5.5787,50.20143],[5.57901,50.2031],[5.579,50.20434],[5.57881,50.20521],[5.57831,50.20568],[5.57749,50.20616],[5.57744,50.20674],[5.57799,50.20815],[5.57775,50.20848],[5.5769,50.20876],[5.5751,50.20977],[5.57376,50.21061],[5.57273,50.21136],[5.57046,50.21105],[5.5706,50.21058],[5.5701,50.21065],[5.56802,50.20976],[5.56615,50.2091],[5.56488,50.20911],[5.56307,50.20856],[5.56195,50.20869],[5.56137,50.20896],[5.55912,50.20913],[5.55811,50.20909],[5.55671,50.20848],[5.55645,50.20817],[5.55545,50.20793],[5.5549,50.2081],[5.55364,50.20764],[5.55317,50.20757],[5.55058,50.20771],[5.55071,50.20677],[5.55036,50.20597],[5.54971,50.20513],[5.54962,50.20481],[5.55016,50.20441],[5.55036,50.20401],[5.54986,50.20347],[5.54804,50.20295],[5.54746,50.20262],[5.54582,50.20202],[5.54424,50.20127],[5.54354,50.20013],[5.54305,50.20009],[5.54209,50.20056],[5.54246,50.19989],[5.54322,50.19959],[5.54483,50.19946],[5.54395,50.19934],[5.54309,50.19935],[5.5422,50.19949],[5.54122,50.19978],[5.54022,50.19987],[5.53865,50.19951],[5.53924,50.19908],[5.54057,50.19777],[5.54167,50.19635],[5.54146,50.19607],[5.54046,50.19533],[5.54023,50.19497],[5.54015,50.19411],[5.54047,50.19355],[5.5403,50.19217],[5.54034,50.19176],[5.54,50.19139],[5.53994,50.19099],[5.54017,50.19044],[5.53979,50.18975],[5.53912,50.18978],[5.53875,50.18942],[5.53792,50.18918],[5.53673,50.18835],[5.536,50.18812],[5.53554,50.18769],[5.53481,50.18735],[5.53392,50.18756],[5.53353,50.18783],[5.53186,50.18756],[5.53091,50.18726],[5.52885,50.1871],[5.52782,50.18691],[5.52665,50.1865],[5.52579,50.18604],[5.52568,50.18587],[5.52481,50.18571],[5.52314,50.18607],[5.5225,50.18607],[5.52232,50.1863],[5.52207,50.18606],[5.52106,50.18618],[5.51986,50.18613],[5.5191,50.18596],[5.51869,50.18603],[5.51685,50.18569],[5.51657,50.18534],[5.51587,50.18507],[5.51555,50.18477],[5.51483,50.18482],[5.51401,50.18468],[5.51334,50.18441],[5.51222,50.18426],[5.51176,50.184],[5.51059,50.18397],[5.50975,50.18375],[5.50881,50.18369],[5.50839,50.18379],[5.50769,50.18368],[5.50671,50.18373],[5.50654,50.18316],[5.50467,50.18328],[5.50372,50.18351],[5.50309,50.18327],[5.50248,50.18329],[5.50224,50.183],[5.50148,50.18301],[5.50057,50.18274],[5.49945,50.18224],[5.49935,50.18207],[5.49738,50.18092],[5.49665,50.18058],[5.49627,50.18059],[5.49512,50.1802],[5.4931,50.17972],[5.49285,50.17942],[5.4918,50.17904],[5.49112,50.17897],[5.4905,50.17858],[5.49015,50.17802],[5.48941,50.17762],[5.4893,50.17712],[5.48889,50.17648],[5.48853,50.17629],[5.48852,50.17544],[5.4879,50.17514],[5.48717,50.17413],[5.48668,50.17382],[5.48651,50.17332],[5.48641,50.17235],[5.48589,50.1721],[5.48525,50.17114],[5.48521,50.17015],[5.48456,50.16921],[5.48498,50.16834],[5.48545,50.16768],[5.48518,50.16715],[5.48479,50.16694],[5.48382,50.16684],[5.48232,50.16692],[5.48198,50.16671],[5.4811,50.16661],[5.4809,50.16627],[5.47997,50.16592],[5.47969,50.16546],[5.47806,50.16474],[5.47768,50.16447],[5.47732,50.16463],[5.47674,50.16437],[5.47443,50.16378],[5.47315,50.16364]]]}},{"type":"Feature","id":"83034","bbox":[5.206552,50.157327,5.47315,50.278946],"properties":{"nis":"83034","name":"Marche-en-Famenne","nameNl":"Marche-en-Famenne","nameFr":"Marche-en-Famenne","nameDe":"Marche-en-Famenne","province":"luxembourg","region":"wallonia","areaKm2":121.71},"geometry":{"type":"Polygon","coordinates":[[[5.4618,50.15817],[5.46342,50.15805],[5.46605,50.15851],[5.46823,50.15973],[5.46872,50.16021],[5.46863,50.16044],[5.46916,50.16097],[5.46951,50.16201],[5.47051,50.16282],[5.47183,50.16343],[5.47315,50.16364],[5.47267,50.16469],[5.47194,50.16471],[5.47231,50.16551],[5.47019,50.16706],[5.46947,50.16718],[5.46837,50.16772],[5.46672,50.16928],[5.46706,50.16981],[5.46888,50.17089],[5.46852,50.1716],[5.46843,50.1727],[5.4679,50.17376],[5.46774,50.1751],[5.46839,50.17596],[5.46896,50.17616],[5.46916,50.1775],[5.46935,50.17775],[5.46915,50.17862],[5.46874,50.17937],[5.46832,50.17974],[5.46645,50.17994],[5.46305,50.18361],[5.46233,50.18502],[5.46218,50.18695],[5.46227,50.18713],[5.46125,50.18736],[5.46027,50.18741],[5.46066,50.1881],[5.46057,50.18866],[5.46134,50.18969],[5.4614,50.19021],[5.45963,50.1906],[5.46012,50.19122],[5.46019,50.19192],[5.46,50.19272],[5.46034,50.19367],[5.46048,50.19502],[5.46045,50.19633],[5.45857,50.19718],[5.45909,50.19781],[5.45764,50.19835],[5.45663,50.19862],[5.45674,50.19892],[5.45572,50.19961],[5.45504,50.19993],[5.4537,50.20033],[5.45283,50.20051],[5.45295,50.20074],[5.45189,50.20202],[5.45105,50.20262],[5.45084,50.2031],[5.45014,50.20384],[5.44883,50.205],[5.44802,50.20534],[5.44725,50.20663],[5.44713,50.20701],[5.44582,50.20829],[5.44501,50.20869],[5.44471,50.209],[5.44405,50.21007],[5.44484,50.21063],[5.44563,50.21038],[5.4467,50.21121],[5.44579,50.2115],[5.44382,50.21252],[5.44297,50.21273],[5.44352,50.21352],[5.44274,50.21379],[5.44486,50.21444],[5.44391,50.21481],[5.44349,50.21543],[5.44203,50.21578],[5.44208,50.21631],[5.43973,50.21647],[5.43927,50.21661],[5.43811,50.21723],[5.43707,50.2171],[5.43602,50.21719],[5.43449,50.21761],[5.43441,50.21786],[5.43384,50.21786],[5.43323,50.21842],[5.43342,50.21862],[5.43308,50.21891],[5.43256,50.21898],[5.43151,50.21845],[5.4309,50.21858],[5.43089,50.21883],[5.42919,50.21873],[5.42943,50.21905],[5.43028,50.21943],[5.43147,50.22025],[5.43223,50.22054],[5.43233,50.22091],[5.43299,50.22146],[5.43411,50.22202],[5.4343,50.22226],[5.43536,50.22264],[5.43594,50.22301],[5.4362,50.22337],[5.43434,50.22492],[5.43081,50.2275],[5.42823,50.22626],[5.42785,50.22615],[5.42698,50.22559],[5.42569,50.22498],[5.42491,50.22487],[5.42342,50.22638],[5.42251,50.22714],[5.42138,50.22863],[5.42071,50.2294],[5.41779,50.23178],[5.41745,50.23164],[5.41669,50.23172],[5.41595,50.23164],[5.4135,50.23185],[5.41031,50.2311],[5.40852,50.23292],[5.40631,50.23629],[5.40532,50.23715],[5.40703,50.23811],[5.40381,50.24093],[5.40131,50.24262],[5.40087,50.24244],[5.40012,50.24291],[5.39997,50.24281],[5.3993,50.24367],[5.39954,50.2438],[5.39928,50.24413],[5.39774,50.24316],[5.39686,50.24272],[5.39663,50.24245],[5.39524,50.2416],[5.39475,50.24156],[5.39295,50.24072],[5.39188,50.24004],[5.39175,50.23974],[5.3903,50.23899],[5.38963,50.23888],[5.38861,50.23842],[5.38837,50.2382],[5.3868,50.23761],[5.38632,50.23728],[5.38497,50.23661],[5.38511,50.23645],[5.38344,50.23601],[5.38294,50.23604],[5.38143,50.23546],[5.37853,50.23691],[5.37815,50.23722],[5.37787,50.23714],[5.37772,50.23746],[5.37716,50.23736],[5.37691,50.23811],[5.37461,50.23745],[5.37415,50.23727],[5.37389,50.2377],[5.37499,50.23802],[5.37466,50.23864],[5.37457,50.23986],[5.37343,50.23955],[5.37304,50.24037],[5.37324,50.2407],[5.37256,50.24154],[5.3718,50.24214],[5.37334,50.24273],[5.37287,50.24325],[5.37344,50.24387],[5.37323,50.24398],[5.37538,50.24474],[5.37736,50.24554],[5.37838,50.24582],[5.37963,50.24655],[5.38062,50.24685],[5.3816,50.24696],[5.38281,50.24752],[5.38376,50.24775],[5.38424,50.24776],[5.38499,50.24819],[5.38531,50.24883],[5.38578,50.249],[5.38596,50.24947],[5.38687,50.24945],[5.38739,50.24965],[5.38807,50.25069],[5.38953,50.25097],[5.39012,50.25156],[5.39055,50.25238],[5.3906,50.25279],[5.39089,50.25295],[5.39114,50.25361],[5.39149,50.25383],[5.39176,50.25483],[5.39249,50.2558],[5.39303,50.25628],[5.39288,50.25657],[5.39432,50.25789],[5.395,50.25802],[5.39546,50.25835],[5.39652,50.25942],[5.39735,50.25968],[5.3982,50.26029],[5.39935,50.26058],[5.4001,50.261],[5.40039,50.26151],[5.40097,50.26134],[5.4015,50.26141],[5.40209,50.26188],[5.40211,50.26211],[5.40283,50.26209],[5.40302,50.26241],[5.40341,50.26255],[5.40138,50.26391],[5.39959,50.26282],[5.39839,50.26237],[5.39717,50.26199],[5.39561,50.26162],[5.39205,50.26053],[5.39272,50.25995],[5.39087,50.25918],[5.38916,50.25854],[5.38837,50.25792],[5.38737,50.25764],[5.3854,50.25952],[5.38287,50.2615],[5.38028,50.2628],[5.37795,50.26433],[5.37354,50.26748],[5.3742,50.268],[5.37201,50.27027],[5.36951,50.27303],[5.3707,50.27386],[5.37163,50.27494],[5.37214,50.27531],[5.37261,50.27593],[5.374,50.276],[5.37457,50.27615],[5.37625,50.27688],[5.37584,50.27755],[5.37542,50.27847],[5.37496,50.27869],[5.37362,50.27895],[5.37336,50.27847],[5.37226,50.27841],[5.37205,50.27751],[5.36977,50.27767],[5.3672,50.27792],[5.36577,50.2773],[5.36383,50.27698],[5.3617,50.2758],[5.36014,50.27578],[5.35878,50.27522],[5.35945,50.27453],[5.35857,50.27403],[5.35825,50.27423],[5.35741,50.27373],[5.35658,50.27304],[5.35642,50.27257],[5.35595,50.27224],[5.35532,50.27254],[5.35498,50.27245],[5.35531,50.27215],[5.35481,50.27201],[5.3541,50.27146],[5.35449,50.27122],[5.3543,50.27105],[5.35462,50.27078],[5.35439,50.27047],[5.3538,50.2704],[5.35342,50.26979],[5.35269,50.26968],[5.35249,50.26948],[5.3526,50.26902],[5.35176,50.2689],[5.35151,50.26834],[5.3511,50.26823],[5.35093,50.26791],[5.34977,50.26785],[5.34986,50.26749],[5.34889,50.26738],[5.34921,50.26712],[5.34838,50.26653],[5.3479,50.26697],[5.34756,50.26703],[5.34768,50.26644],[5.34721,50.2663],[5.34649,50.2669],[5.34575,50.26648],[5.34571,50.26606],[5.34594,50.26549],[5.34579,50.26531],[5.34479,50.26502],[5.34464,50.26547],[5.34401,50.26522],[5.34371,50.26558],[5.34313,50.26501],[5.34331,50.26463],[5.34263,50.2645],[5.34232,50.26411],[5.34232,50.26365],[5.34153,50.26337],[5.34044,50.26323],[5.34063,50.26307],[5.33994,50.26284],[5.34005,50.26202],[5.34022,50.26178],[5.33959,50.26155],[5.33906,50.26172],[5.33851,50.26167],[5.33878,50.26121],[5.33844,50.2612],[5.33806,50.26056],[5.33651,50.25895],[5.33455,50.25699],[5.33121,50.25439],[5.32485,50.25189],[5.3226,50.25074],[5.31869,50.24846],[5.31563,50.24696],[5.31475,50.24635],[5.31448,50.24632],[5.3134,50.2455],[5.31306,50.24567],[5.31137,50.2451],[5.30444,50.24371],[5.29979,50.2421],[5.29814,50.24164],[5.29683,50.24108],[5.29393,50.239],[5.29288,50.23977],[5.29142,50.24131],[5.28831,50.24377],[5.28505,50.2463],[5.28465,50.24672],[5.28387,50.24805],[5.28312,50.249],[5.28234,50.24863],[5.282,50.24827],[5.27912,50.24626],[5.27588,50.24384],[5.27383,50.24281],[5.27129,50.24177],[5.2655,50.24074],[5.2602,50.24029],[5.2572,50.23952],[5.25633,50.2394],[5.25495,50.23981],[5.25446,50.23962],[5.25202,50.23819],[5.25268,50.23783],[5.25344,50.23758],[5.25568,50.23665],[5.25732,50.23575],[5.25891,50.2341],[5.2603,50.23246],[5.26153,50.23016],[5.25765,50.22839],[5.25871,50.2274],[5.25773,50.22701],[5.2346,50.22161],[5.23395,50.22219],[5.23367,50.22267],[5.23296,50.22335],[5.23231,50.22381],[5.23108,50.22509],[5.22959,50.22654],[5.22859,50.22779],[5.22809,50.22763],[5.22765,50.22719],[5.22643,50.22697],[5.22607,50.22631],[5.22549,50.22605],[5.22505,50.22606],[5.2241,50.22573],[5.22377,50.22532],[5.22226,50.22466],[5.22166,50.22463],[5.22136,50.22427],[5.22087,50.22448],[5.21999,50.22401],[5.21994,50.22383],[5.21869,50.22372],[5.21805,50.22338],[5.21677,50.22337],[5.21627,50.22311],[5.21611,50.2228],[5.21656,50.22268],[5.21645,50.22247],[5.21556,50.22267],[5.21353,50.22219],[5.21305,50.22124],[5.21293,50.22059],[5.21248,50.22064],[5.21226,50.22033],[5.2113,50.21995],[5.21142,50.21973],[5.21101,50.2196],[5.2103,50.21964],[5.21035,50.21936],[5.20877,50.21864],[5.20885,50.21849],[5.20814,50.21811],[5.20818,50.21784],[5.20694,50.21711],[5.20678,50.21686],[5.20655,50.21576],[5.20719,50.21602],[5.2087,50.21626],[5.20993,50.21624],[5.21156,50.21608],[5.21508,50.21603],[5.2191,50.21496],[5.22179,50.21428],[5.22532,50.21491],[5.23056,50.21485],[5.23174,50.21497],[5.23219,50.21352],[5.23323,50.21127],[5.23527,50.20934],[5.24184,50.20557],[5.24543,50.20443],[5.24612,50.20401],[5.24431,50.20265],[5.24226,50.20193],[5.24085,50.2004],[5.23852,50.19933],[5.23711,50.19771],[5.23704,50.19771],[5.23463,50.19587],[5.23788,50.19472],[5.24121,50.19359],[5.24208,50.19252],[5.24259,50.19308],[5.24554,50.19461],[5.2472,50.19566],[5.24956,50.1935],[5.24882,50.19321],[5.24939,50.19271],[5.24918,50.19125],[5.24902,50.19106],[5.24674,50.18995],[5.2447,50.18878],[5.24292,50.1873],[5.24599,50.18461],[5.24765,50.18388],[5.24845,50.18343],[5.25086,50.18118],[5.25143,50.18077],[5.25382,50.17945],[5.25426,50.17911],[5.25541,50.17741],[5.25616,50.17613],[5.25647,50.17573],[5.25777,50.17487],[5.25972,50.17245],[5.26034,50.1718],[5.26052,50.1714],[5.2605,50.17057],[5.26642,50.1683],[5.26668,50.16828],[5.26721,50.16329],[5.26759,50.16326],[5.26749,50.16289],[5.27167,50.15971],[5.27237,50.15922],[5.27373,50.15922],[5.27521,50.15878],[5.27703,50.15891],[5.2788,50.15928],[5.27948,50.15929],[5.28046,50.159],[5.2811,50.1587],[5.28157,50.15838],[5.28335,50.15798],[5.28554,50.15794],[5.28663,50.15768],[5.28776,50.15752],[5.28858,50.15752],[5.2896,50.15765],[5.29243,50.15847],[5.29354,50.15861],[5.29523,50.15893],[5.29685,50.15892],[5.29794,50.15884],[5.30292,50.15812],[5.30364,50.15741],[5.31057,50.16017],[5.31889,50.16138],[5.32,50.16336],[5.32035,50.16441],[5.31954,50.1645],[5.31841,50.16432],[5.31789,50.16453],[5.31446,50.16462],[5.3137,50.16524],[5.31244,50.16704],[5.31504,50.16844],[5.31874,50.16879],[5.3208,50.17047],[5.32058,50.17083],[5.32068,50.17162],[5.32181,50.17272],[5.32337,50.1734],[5.32518,50.17409],[5.32612,50.17546],[5.32598,50.17582],[5.32558,50.17602],[5.3276,50.17842],[5.32838,50.17814],[5.32891,50.17769],[5.33012,50.17751],[5.33056,50.17756],[5.33094,50.17785],[5.33144,50.1775],[5.33341,50.17752],[5.33415,50.17746],[5.33418,50.17726],[5.33309,50.17685],[5.3336,50.17651],[5.33456,50.17665],[5.33536,50.17695],[5.33614,50.17693],[5.33636,50.17739],[5.33698,50.17768],[5.33763,50.17778],[5.33799,50.17816],[5.33785,50.1786],[5.33814,50.17951],[5.33788,50.18129],[5.33755,50.18159],[5.33788,50.18229],[5.33769,50.18275],[5.3387,50.18394],[5.33901,50.18524],[5.33916,50.1866],[5.33953,50.1868],[5.33955,50.18785],[5.34007,50.18799],[5.34175,50.18804],[5.34298,50.18823],[5.34353,50.18852],[5.3432,50.18889],[5.34396,50.18889],[5.34403,50.18929],[5.34435,50.18964],[5.34598,50.18996],[5.34795,50.18992],[5.34859,50.19021],[5.34983,50.19035],[5.35094,50.19081],[5.35093,50.19119],[5.35167,50.19106],[5.35322,50.19155],[5.35317,50.19182],[5.35352,50.19209],[5.35393,50.1921],[5.3552,50.19266],[5.35552,50.19319],[5.35616,50.19328],[5.35631,50.19352],[5.35745,50.19373],[5.35814,50.19407],[5.35781,50.19447],[5.35846,50.19436],[5.35932,50.19479],[5.35969,50.19513],[5.36013,50.19509],[5.36038,50.19544],[5.36127,50.19542],[5.36157,50.19566],[5.36127,50.19587],[5.36178,50.19664],[5.36245,50.19714],[5.36281,50.19686],[5.36471,50.19799],[5.36466,50.19815],[5.36564,50.1986],[5.36671,50.19862],[5.36863,50.19957],[5.36859,50.19984],[5.36962,50.19948],[5.36907,50.19743],[5.37077,50.19743],[5.37087,50.19791],[5.3723,50.19784],[5.37443,50.19787],[5.37389,50.19672],[5.375,50.19635],[5.3759,50.19642],[5.37654,50.19659],[5.37827,50.19681],[5.37875,50.19658],[5.37867,50.19537],[5.37906,50.19451],[5.38024,50.19376],[5.38142,50.19358],[5.38187,50.19404],[5.38176,50.19433],[5.3829,50.19417],[5.38406,50.19367],[5.38596,50.1938],[5.38649,50.19407],[5.38717,50.19382],[5.38732,50.19361],[5.38687,50.19315],[5.38586,50.19297],[5.38546,50.19278],[5.3846,50.1927],[5.38416,50.19233],[5.38459,50.19194],[5.38478,50.19142],[5.38523,50.19126],[5.38507,50.19088],[5.38525,50.19037],[5.38551,50.19041],[5.38587,50.19007],[5.38575,50.18989],[5.38595,50.18922],[5.38584,50.18882],[5.38714,50.18778],[5.39084,50.18643],[5.39244,50.186],[5.3931,50.18384],[5.39145,50.18361],[5.39146,50.18324],[5.38949,50.18224],[5.39002,50.18],[5.39076,50.17941],[5.38947,50.17704],[5.39082,50.17601],[5.39208,50.17529],[5.39125,50.17394],[5.39035,50.17224],[5.38872,50.16797],[5.38756,50.16721],[5.38725,50.1667],[5.38649,50.16645],[5.3858,50.1659],[5.39148,50.16488],[5.39534,50.16476],[5.39675,50.16517],[5.39628,50.16532],[5.39621,50.16644],[5.39587,50.16706],[5.39738,50.16711],[5.39816,50.16752],[5.39916,50.1671],[5.40571,50.17087],[5.40504,50.17193],[5.40849,50.1735],[5.41248,50.17497],[5.41369,50.17514],[5.41826,50.176],[5.41996,50.17718],[5.4217,50.17872],[5.42361,50.1788],[5.4249,50.17915],[5.42695,50.17848],[5.42818,50.17744],[5.42964,50.17693],[5.43116,50.17592],[5.43285,50.1737],[5.4353,50.17113],[5.43714,50.17225],[5.43975,50.17036],[5.44272,50.16818],[5.4415,50.16731],[5.44817,50.1575],[5.45477,50.15733],[5.45722,50.15762],[5.4594,50.15757],[5.4618,50.15817]]]}},{"type":"Feature","id":"83040","bbox":[5.242235,50.078515,5.466564,50.199837],"properties":{"nis":"83040","name":"Nassogne","nameNl":"Nassogne","nameFr":"Nassogne","nameDe":"Nassogne","province":"luxembourg","region":"wallonia","areaKm2":112.67},"geometry":{"type":"Polygon","coordinates":[[[5.45963,50.15129],[5.45998,50.15138],[5.46015,50.15176],[5.46084,50.15207],[5.46285,50.15232],[5.46355,50.15268],[5.46448,50.15259],[5.4652,50.15288],[5.46552,50.15367],[5.46657,50.15413],[5.4652,50.15541],[5.46332,50.1571],[5.4618,50.15817],[5.4594,50.15757],[5.45722,50.15762],[5.45477,50.15733],[5.44817,50.1575],[5.4415,50.16731],[5.44272,50.16818],[5.43975,50.17036],[5.43714,50.17225],[5.4353,50.17113],[5.43285,50.1737],[5.43116,50.17592],[5.42964,50.17693],[5.42818,50.17744],[5.42695,50.17848],[5.4249,50.17915],[5.42361,50.1788],[5.4217,50.17872],[5.41996,50.17718],[5.41826,50.176],[5.41369,50.17514],[5.41248,50.17497],[5.40849,50.1735],[5.40504,50.17193],[5.40571,50.17087],[5.39916,50.1671],[5.39816,50.16752],[5.39738,50.16711],[5.39587,50.16706],[5.39621,50.16644],[5.39628,50.16532],[5.39675,50.16517],[5.39534,50.16476],[5.39148,50.16488],[5.3858,50.1659],[5.38649,50.16645],[5.38725,50.1667],[5.38756,50.16721],[5.38872,50.16797],[5.39035,50.17224],[5.39125,50.17394],[5.39208,50.17529],[5.39082,50.17601],[5.38947,50.17704],[5.39076,50.17941],[5.39002,50.18],[5.38949,50.18224],[5.39146,50.18324],[5.39145,50.18361],[5.3931,50.18384],[5.39244,50.186],[5.39084,50.18643],[5.38714,50.18778],[5.38584,50.18882],[5.38595,50.18922],[5.38575,50.18989],[5.38587,50.19007],[5.38551,50.19041],[5.38525,50.19037],[5.38507,50.19088],[5.38523,50.19126],[5.38478,50.19142],[5.38459,50.19194],[5.38416,50.19233],[5.3846,50.1927],[5.38546,50.19278],[5.38586,50.19297],[5.38687,50.19315],[5.38732,50.19361],[5.38717,50.19382],[5.38649,50.19407],[5.38596,50.1938],[5.38406,50.19367],[5.3829,50.19417],[5.38176,50.19433],[5.38187,50.19404],[5.38142,50.19358],[5.38024,50.19376],[5.37906,50.19451],[5.37867,50.19537],[5.37875,50.19658],[5.37827,50.19681],[5.37654,50.19659],[5.3759,50.19642],[5.375,50.19635],[5.37389,50.19672],[5.37443,50.19787],[5.3723,50.19784],[5.37087,50.19791],[5.37077,50.19743],[5.36907,50.19743],[5.36962,50.19948],[5.36859,50.19984],[5.36863,50.19957],[5.36671,50.19862],[5.36564,50.1986],[5.36466,50.19815],[5.36471,50.19799],[5.36281,50.19686],[5.36245,50.19714],[5.36178,50.19664],[5.36127,50.19587],[5.36157,50.19566],[5.36127,50.19542],[5.36038,50.19544],[5.36013,50.19509],[5.35969,50.19513],[5.35932,50.19479],[5.35846,50.19436],[5.35781,50.19447],[5.35814,50.19407],[5.35745,50.19373],[5.35631,50.19352],[5.35616,50.19328],[5.35552,50.19319],[5.3552,50.19266],[5.35393,50.1921],[5.35352,50.19209],[5.35317,50.19182],[5.35322,50.19155],[5.35167,50.19106],[5.35093,50.19119],[5.35094,50.19081],[5.34983,50.19035],[5.34859,50.19021],[5.34795,50.18992],[5.34598,50.18996],[5.34435,50.18964],[5.34403,50.18929],[5.34396,50.18889],[5.3432,50.18889],[5.34353,50.18852],[5.34298,50.18823],[5.34175,50.18804],[5.34007,50.18799],[5.33955,50.18785],[5.33953,50.1868],[5.33916,50.1866],[5.33901,50.18524],[5.3387,50.18394],[5.33769,50.18275],[5.33788,50.18229],[5.33755,50.18159],[5.33788,50.18129],[5.33814,50.17951],[5.33785,50.1786],[5.33799,50.17816],[5.33763,50.17778],[5.33698,50.17768],[5.33636,50.17739],[5.33614,50.17693],[5.33536,50.17695],[5.33456,50.17665],[5.3336,50.17651],[5.33309,50.17685],[5.33418,50.17726],[5.33415,50.17746],[5.33341,50.17752],[5.33144,50.1775],[5.33094,50.17785],[5.33056,50.17756],[5.33012,50.17751],[5.32891,50.17769],[5.32838,50.17814],[5.3276,50.17842],[5.32558,50.17602],[5.32598,50.17582],[5.32612,50.17546],[5.32518,50.17409],[5.32337,50.1734],[5.32181,50.17272],[5.32068,50.17162],[5.32058,50.17083],[5.3208,50.17047],[5.31874,50.16879],[5.31504,50.16844],[5.31244,50.16704],[5.3137,50.16524],[5.31446,50.16462],[5.31789,50.16453],[5.31841,50.16432],[5.31954,50.1645],[5.32035,50.16441],[5.32,50.16336],[5.31889,50.16138],[5.31057,50.16017],[5.30364,50.15741],[5.30292,50.15812],[5.29794,50.15884],[5.29685,50.15892],[5.29523,50.15893],[5.29354,50.15861],[5.29243,50.15847],[5.2896,50.15765],[5.28858,50.15752],[5.28776,50.15752],[5.28663,50.15768],[5.28554,50.15794],[5.28335,50.15798],[5.28157,50.15838],[5.2811,50.1587],[5.27849,50.15841],[5.27418,50.15607],[5.27771,50.15544],[5.27934,50.15643],[5.28117,50.15612],[5.2828,50.15486],[5.28299,50.15377],[5.28136,50.15291],[5.28184,50.15238],[5.28141,50.15196],[5.28185,50.15157],[5.28172,50.15142],[5.28294,50.1509],[5.284,50.14994],[5.28371,50.1498],[5.28347,50.14929],[5.28382,50.14862],[5.28288,50.14775],[5.28249,50.14791],[5.28162,50.14799],[5.28035,50.14774],[5.27774,50.14688],[5.27786,50.14659],[5.27741,50.14636],[5.27607,50.14596],[5.27566,50.14624],[5.27379,50.1455],[5.27349,50.14433],[5.27353,50.14302],[5.2737,50.14259],[5.2715,50.14058],[5.26911,50.13988],[5.26619,50.14275],[5.26295,50.14157],[5.25261,50.13792],[5.25018,50.13701],[5.24799,50.13595],[5.24231,50.1342],[5.24226,50.13353],[5.24297,50.1322],[5.24558,50.12879],[5.24608,50.1289],[5.2473,50.12716],[5.24842,50.12736],[5.24874,50.12679],[5.24911,50.12684],[5.25164,50.12751],[5.25153,50.12765],[5.25372,50.1282],[5.25407,50.12783],[5.25567,50.12725],[5.25734,50.12494],[5.25827,50.12375],[5.25847,50.12368],[5.26251,50.12052],[5.26466,50.12198],[5.26609,50.12129],[5.2664,50.12081],[5.2669,50.12061],[5.26752,50.12004],[5.26833,50.11958],[5.26876,50.11921],[5.2701,50.11762],[5.26979,50.11721],[5.26901,50.11549],[5.26921,50.11432],[5.26894,50.11369],[5.27016,50.11329],[5.26975,50.11241],[5.26926,50.11174],[5.26842,50.11126],[5.26719,50.11115],[5.26656,50.11094],[5.26609,50.11034],[5.26507,50.10973],[5.26457,50.1093],[5.26337,50.10858],[5.26257,50.10853],[5.2634,50.10854],[5.27077,50.10613],[5.2782,50.10362],[5.28418,50.10264],[5.28929,50.1005],[5.28965,50.10065],[5.29153,50.09988],[5.2915,50.09967],[5.29094,50.09919],[5.28971,50.09855],[5.29023,50.09756],[5.29096,50.097],[5.29191,50.09596],[5.29341,50.09544],[5.29382,50.09506],[5.29426,50.09429],[5.29598,50.0948],[5.29648,50.09436],[5.29673,50.09388],[5.29834,50.09338],[5.29863,50.09305],[5.29877,50.0924],[5.29911,50.09175],[5.30024,50.09203],[5.3016,50.09025],[5.30342,50.09105],[5.30384,50.09116],[5.30376,50.09066],[5.30482,50.08999],[5.30602,50.0896],[5.30691,50.08918],[5.30818,50.08846],[5.30882,50.08834],[5.31115,50.08831],[5.31159,50.0897],[5.3122,50.09053],[5.31432,50.08977],[5.31611,50.08841],[5.31644,50.08696],[5.31662,50.08557],[5.32133,50.08506],[5.32353,50.08537],[5.32313,50.08716],[5.32225,50.08849],[5.32261,50.08858],[5.3221,50.08897],[5.32338,50.08937],[5.32353,50.08922],[5.32435,50.08973],[5.32625,50.08975],[5.32767,50.08956],[5.32821,50.09015],[5.32928,50.09045],[5.33043,50.0913],[5.33028,50.09144],[5.33087,50.09163],[5.33069,50.09201],[5.33164,50.09314],[5.33105,50.0934],[5.33134,50.09395],[5.33093,50.09423],[5.33132,50.09467],[5.33245,50.09412],[5.33251,50.09374],[5.3332,50.09332],[5.33475,50.09303],[5.33646,50.09306],[5.33712,50.09281],[5.33913,50.09239],[5.34283,50.09177],[5.34423,50.09207],[5.34682,50.09215],[5.34926,50.0925],[5.35162,50.09353],[5.3538,50.09425],[5.35629,50.09447],[5.35907,50.09555],[5.36141,50.09592],[5.36719,50.09408],[5.37418,50.09054],[5.37543,50.09011],[5.37618,50.09005],[5.37843,50.08936],[5.38068,50.08765],[5.3813,50.08659],[5.38258,50.0857],[5.38303,50.08497],[5.38451,50.08346],[5.38592,50.083],[5.38761,50.08066],[5.388,50.07983],[5.39024,50.07852],[5.39048,50.07901],[5.391,50.07951],[5.39169,50.07986],[5.39263,50.08013],[5.3938,50.08098],[5.3944,50.08167],[5.39562,50.08249],[5.39696,50.08273],[5.39782,50.084],[5.39783,50.08492],[5.39675,50.08693],[5.39542,50.09381],[5.39582,50.09472],[5.39717,50.09602],[5.39879,50.09727],[5.39966,50.09944],[5.40127,50.10148],[5.40229,50.10334],[5.40337,50.10632],[5.40485,50.10746],[5.40561,50.10852],[5.40643,50.11],[5.40746,50.11127],[5.40851,50.11284],[5.40968,50.11354],[5.41537,50.1156],[5.41694,50.11628],[5.41695,50.11636],[5.41941,50.11548],[5.42157,50.11545],[5.42584,50.11414],[5.42747,50.11389],[5.4278,50.11403],[5.42893,50.11392],[5.42925,50.11371],[5.43052,50.11396],[5.43358,50.11335],[5.43355,50.11303],[5.43458,50.11269],[5.43506,50.11221],[5.43544,50.11228],[5.43629,50.11202],[5.43668,50.11159],[5.43715,50.11167],[5.43714,50.11198],[5.43766,50.11248],[5.4379,50.11246],[5.43803,50.11305],[5.43831,50.11303],[5.43789,50.11375],[5.43845,50.11473],[5.43914,50.11501],[5.43966,50.11605],[5.44016,50.1164],[5.44004,50.11678],[5.44032,50.11702],[5.44105,50.11712],[5.44102,50.11745],[5.44169,50.11771],[5.44269,50.11789],[5.44339,50.11783],[5.44421,50.11737],[5.44547,50.11645],[5.44647,50.11612],[5.44706,50.11638],[5.44781,50.11619],[5.44938,50.11624],[5.44949,50.11637],[5.45166,50.11701],[5.45251,50.11706],[5.45297,50.11721],[5.45424,50.11798],[5.45429,50.11851],[5.45517,50.11883],[5.4553,50.11916],[5.45617,50.11985],[5.45672,50.11986],[5.45726,50.12039],[5.45736,50.12071],[5.45791,50.12097],[5.45918,50.12176],[5.45941,50.12235],[5.45969,50.1224],[5.4602,50.1233],[5.46048,50.12334],[5.4602,50.12401],[5.46027,50.12439],[5.45906,50.12651],[5.4569,50.12742],[5.45662,50.12778],[5.45426,50.12858],[5.4543,50.12916],[5.45356,50.13001],[5.45357,50.13045],[5.45387,50.13118],[5.45332,50.13172],[5.45312,50.13168],[5.45255,50.13342],[5.45222,50.13464],[5.45252,50.13506],[5.45227,50.13596],[5.45282,50.13669],[5.45335,50.13706],[5.45386,50.13815],[5.45385,50.13859],[5.45319,50.13858],[5.45316,50.1392],[5.45262,50.13947],[5.45225,50.14037],[5.45231,50.14113],[5.45184,50.14144],[5.45123,50.14333],[5.45064,50.14372],[5.4502,50.14484],[5.44982,50.14531],[5.44944,50.14537],[5.44739,50.14684],[5.44637,50.1475],[5.44649,50.14791],[5.44627,50.14838],[5.44672,50.14846],[5.44715,50.14883],[5.44752,50.14893],[5.44789,50.14941],[5.44873,50.14957],[5.44933,50.14983],[5.4497,50.1502],[5.45062,50.1505],[5.45273,50.15045],[5.45335,50.15073],[5.45394,50.15068],[5.45496,50.15115],[5.45539,50.15096],[5.4562,50.15123],[5.45672,50.15126],[5.45751,50.15104],[5.45825,50.15118],[5.45887,50.15101],[5.45963,50.15129]]]}},{"type":"Feature","id":"83044","bbox":[5.441983,50.163639,5.612152,50.265075],"properties":{"nis":"83044","name":"Rendeux","nameNl":"Rendeux","nameFr":"Rendeux","nameDe":"Rendeux","province":"luxembourg","region":"wallonia","areaKm2":69},"geometry":{"type":"Polygon","coordinates":[[[5.44208,50.21631],[5.44203,50.21578],[5.44349,50.21543],[5.44391,50.21481],[5.44486,50.21444],[5.44274,50.21379],[5.44352,50.21352],[5.44297,50.21273],[5.44382,50.21252],[5.44579,50.2115],[5.4467,50.21121],[5.44563,50.21038],[5.44484,50.21063],[5.44405,50.21007],[5.44471,50.209],[5.44501,50.20869],[5.44582,50.20829],[5.44713,50.20701],[5.44725,50.20663],[5.44802,50.20534],[5.44883,50.205],[5.45014,50.20384],[5.45084,50.2031],[5.45105,50.20262],[5.45189,50.20202],[5.45295,50.20074],[5.45283,50.20051],[5.4537,50.20033],[5.45504,50.19993],[5.45572,50.19961],[5.45674,50.19892],[5.45663,50.19862],[5.45764,50.19835],[5.45909,50.19781],[5.45857,50.19718],[5.46045,50.19633],[5.46048,50.19502],[5.46034,50.19367],[5.46,50.19272],[5.46019,50.19192],[5.46012,50.19122],[5.45963,50.1906],[5.4614,50.19021],[5.46134,50.18969],[5.46057,50.18866],[5.46066,50.1881],[5.46027,50.18741],[5.46125,50.18736],[5.46227,50.18713],[5.46218,50.18695],[5.46233,50.18502],[5.46305,50.18361],[5.46645,50.17994],[5.46832,50.17974],[5.46874,50.17937],[5.46915,50.17862],[5.46935,50.17775],[5.46916,50.1775],[5.46896,50.17616],[5.46839,50.17596],[5.46774,50.1751],[5.4679,50.17376],[5.46843,50.1727],[5.46852,50.1716],[5.46888,50.17089],[5.46706,50.16981],[5.46672,50.16928],[5.46837,50.16772],[5.46947,50.16718],[5.47019,50.16706],[5.47231,50.16551],[5.47194,50.16471],[5.47267,50.16469],[5.47315,50.16364],[5.47443,50.16378],[5.47674,50.16437],[5.47732,50.16463],[5.47768,50.16447],[5.47806,50.16474],[5.47969,50.16546],[5.47997,50.16592],[5.4809,50.16627],[5.4811,50.16661],[5.48198,50.16671],[5.48232,50.16692],[5.48382,50.16684],[5.48479,50.16694],[5.48518,50.16715],[5.48545,50.16768],[5.48498,50.16834],[5.48456,50.16921],[5.48521,50.17015],[5.48525,50.17114],[5.48589,50.1721],[5.48641,50.17235],[5.48651,50.17332],[5.48668,50.17382],[5.48717,50.17413],[5.4879,50.17514],[5.48852,50.17544],[5.48853,50.17629],[5.48889,50.17648],[5.4893,50.17712],[5.48941,50.17762],[5.49015,50.17802],[5.4905,50.17858],[5.49112,50.17897],[5.4918,50.17904],[5.49285,50.17942],[5.4931,50.17972],[5.49512,50.1802],[5.49627,50.18059],[5.49665,50.18058],[5.49738,50.18092],[5.49935,50.18207],[5.49945,50.18224],[5.50057,50.18274],[5.50148,50.18301],[5.50224,50.183],[5.50248,50.18329],[5.50309,50.18327],[5.50372,50.18351],[5.50467,50.18328],[5.50654,50.18316],[5.50671,50.18373],[5.50769,50.18368],[5.50839,50.18379],[5.50881,50.18369],[5.50975,50.18375],[5.51059,50.18397],[5.51176,50.184],[5.51222,50.18426],[5.51334,50.18441],[5.51401,50.18468],[5.51483,50.18482],[5.51555,50.18477],[5.51587,50.18507],[5.51657,50.18534],[5.51685,50.18569],[5.51869,50.18603],[5.5191,50.18596],[5.51986,50.18613],[5.52106,50.18618],[5.52207,50.18606],[5.52232,50.1863],[5.5225,50.18607],[5.52314,50.18607],[5.52481,50.18571],[5.52568,50.18587],[5.52579,50.18604],[5.52665,50.1865],[5.52782,50.18691],[5.52885,50.1871],[5.53091,50.18726],[5.53186,50.18756],[5.53353,50.18783],[5.53392,50.18756],[5.53481,50.18735],[5.53554,50.18769],[5.536,50.18812],[5.53673,50.18835],[5.53792,50.18918],[5.53875,50.18942],[5.53912,50.18978],[5.53979,50.18975],[5.54017,50.19044],[5.53994,50.19099],[5.54,50.19139],[5.54034,50.19176],[5.5403,50.19217],[5.54047,50.19355],[5.54015,50.19411],[5.54023,50.19497],[5.54046,50.19533],[5.54146,50.19607],[5.54167,50.19635],[5.54057,50.19777],[5.53924,50.19908],[5.53865,50.19951],[5.54022,50.19987],[5.54122,50.19978],[5.5422,50.19949],[5.54309,50.19935],[5.54395,50.19934],[5.54483,50.19946],[5.54322,50.19959],[5.54246,50.19989],[5.54209,50.20056],[5.54305,50.20009],[5.54354,50.20013],[5.54424,50.20127],[5.54582,50.20202],[5.54746,50.20262],[5.54804,50.20295],[5.54986,50.20347],[5.55036,50.20401],[5.55016,50.20441],[5.54962,50.20481],[5.54971,50.20513],[5.55036,50.20597],[5.55071,50.20677],[5.55058,50.20771],[5.55317,50.20757],[5.55364,50.20764],[5.5549,50.2081],[5.55545,50.20793],[5.55645,50.20817],[5.55671,50.20848],[5.55811,50.20909],[5.55912,50.20913],[5.56137,50.20896],[5.56195,50.20869],[5.56307,50.20856],[5.56488,50.20911],[5.56615,50.2091],[5.56802,50.20976],[5.5701,50.21065],[5.5706,50.21058],[5.57046,50.21105],[5.57273,50.21136],[5.57376,50.21061],[5.5751,50.20977],[5.5769,50.20876],[5.57775,50.20848],[5.57799,50.20815],[5.57744,50.20674],[5.57749,50.20616],[5.57831,50.20568],[5.57881,50.20521],[5.579,50.20434],[5.57901,50.2031],[5.5787,50.20143],[5.57819,50.20101],[5.57894,50.2008],[5.5799,50.20109],[5.581,50.20108],[5.58247,50.20161],[5.58292,50.20162],[5.58345,50.20189],[5.58461,50.20198],[5.58498,50.20233],[5.58568,50.20266],[5.58638,50.20342],[5.58735,50.20376],[5.58799,50.20487],[5.58796,50.20566],[5.58821,50.20611],[5.5887,50.2064],[5.58971,50.20727],[5.58996,50.20771],[5.59121,50.20834],[5.5916,50.20871],[5.59228,50.209],[5.5936,50.20898],[5.59424,50.20953],[5.59605,50.21064],[5.59699,50.21092],[5.59781,50.21154],[5.59873,50.21178],[5.5995,50.2123],[5.59968,50.21271],[5.59952,50.21342],[5.60015,50.21498],[5.60132,50.21555],[5.60273,50.21593],[5.60404,50.2164],[5.60486,50.21655],[5.60602,50.2176],[5.60681,50.21784],[5.608,50.21742],[5.60893,50.2172],[5.60925,50.21699],[5.61051,50.21687],[5.61187,50.21883],[5.61215,50.22001],[5.60437,50.22083],[5.60661,50.22369],[5.60427,50.2239],[5.606,50.22597],[5.60221,50.22682],[5.59928,50.22781],[5.59587,50.22938],[5.59498,50.22997],[5.59278,50.23383],[5.59023,50.23566],[5.58836,50.23687],[5.5878,50.23728],[5.58681,50.23764],[5.5856,50.23824],[5.5843,50.23898],[5.582,50.23954],[5.57915,50.24028],[5.57863,50.24026],[5.57859,50.2406],[5.58022,50.24234],[5.58035,50.24286],[5.58089,50.24372],[5.58097,50.24483],[5.58013,50.24584],[5.57922,50.2462],[5.57778,50.24628],[5.57659,50.24674],[5.57559,50.24693],[5.57428,50.24704],[5.57171,50.24734],[5.57118,50.24746],[5.56997,50.24797],[5.56887,50.2481],[5.56781,50.24811],[5.56495,50.24795],[5.56461,50.24727],[5.56422,50.24697],[5.56386,50.24717],[5.5621,50.24746],[5.56096,50.24758],[5.56039,50.24774],[5.55791,50.24881],[5.55412,50.25038],[5.55052,50.25191],[5.54941,50.25248],[5.5483,50.25326],[5.54622,50.25441],[5.54522,50.25478],[5.54345,50.25554],[5.54293,50.25663],[5.54299,50.25754],[5.54289,50.25823],[5.54216,50.2596],[5.54195,50.26048],[5.54122,50.26123],[5.54096,50.26203],[5.54024,50.2615],[5.54,50.26162],[5.53904,50.26078],[5.5389,50.26086],[5.53814,50.26024],[5.53832,50.26017],[5.53697,50.25925],[5.53571,50.25815],[5.53505,50.25824],[5.53385,50.25736],[5.53339,50.25686],[5.53269,50.25728],[5.53175,50.25736],[5.52958,50.25776],[5.52883,50.2581],[5.52834,50.25847],[5.52717,50.25888],[5.52636,50.25931],[5.52525,50.26052],[5.52484,50.26047],[5.52414,50.2601],[5.52333,50.26058],[5.52241,50.26073],[5.52284,50.26105],[5.52172,50.26156],[5.52228,50.26198],[5.52078,50.26274],[5.51951,50.26304],[5.51971,50.26321],[5.51935,50.26362],[5.51841,50.26421],[5.51773,50.26448],[5.51722,50.26501],[5.51638,50.26506],[5.51521,50.26448],[5.51421,50.26421],[5.51259,50.26412],[5.5128,50.26435],[5.51229,50.26465],[5.51166,50.26481],[5.51042,50.26474],[5.50868,50.26481],[5.50856,50.26418],[5.50729,50.26441],[5.50631,50.26444],[5.50536,50.26364],[5.50521,50.2637],[5.50342,50.26222],[5.50286,50.26167],[5.50187,50.26105],[5.50049,50.26036],[5.50145,50.26003],[5.50341,50.25895],[5.50279,50.2581],[5.50255,50.25709],[5.5024,50.25708],[5.50209,50.25632],[5.50301,50.25618],[5.50226,50.25525],[5.5013,50.25464],[5.50137,50.25453],[5.50258,50.25414],[5.50256,50.25384],[5.50323,50.25343],[5.50321,50.25293],[5.5026,50.25247],[5.5022,50.25242],[5.49963,50.2513],[5.49699,50.25085],[5.49663,50.25046],[5.4947,50.2493],[5.49438,50.24919],[5.49342,50.24934],[5.49286,50.24923],[5.49089,50.25043],[5.48936,50.25141],[5.4888,50.25111],[5.48897,50.25096],[5.48831,50.25085],[5.48774,50.25026],[5.48641,50.25051],[5.48495,50.2509],[5.48443,50.25114],[5.48425,50.25071],[5.48402,50.24941],[5.48373,50.24858],[5.48323,50.24755],[5.48315,50.24708],[5.48281,50.24678],[5.48132,50.24488],[5.48117,50.24439],[5.48149,50.24383],[5.48092,50.24376],[5.48007,50.24394],[5.47972,50.24415],[5.47938,50.24405],[5.47921,50.24451],[5.4785,50.24385],[5.47753,50.24366],[5.47677,50.24334],[5.47678,50.24299],[5.47614,50.24243],[5.47526,50.24212],[5.47429,50.2423],[5.47384,50.2427],[5.4739,50.24206],[5.4732,50.24116],[5.47406,50.2411],[5.47308,50.24051],[5.47117,50.23996],[5.47064,50.23999],[5.46998,50.24027],[5.46926,50.23963],[5.46851,50.23924],[5.4667,50.2381],[5.46628,50.23834],[5.46667,50.23856],[5.46451,50.23913],[5.46407,50.2393],[5.46389,50.23911],[5.46136,50.24138],[5.45998,50.24276],[5.4594,50.2426],[5.45889,50.24181],[5.4579,50.24058],[5.45615,50.23876],[5.45533,50.23782],[5.45446,50.23731],[5.45417,50.23684],[5.45358,50.23649],[5.45297,50.23585],[5.45399,50.23339],[5.45392,50.23298],[5.4545,50.23144],[5.45436,50.23098],[5.45388,50.23022],[5.45322,50.22863],[5.45225,50.22751],[5.45136,50.22714],[5.44976,50.22693],[5.44786,50.22678],[5.44733,50.22746],[5.44584,50.22838],[5.4445,50.22731],[5.44396,50.22711],[5.44323,50.22655],[5.44243,50.22609],[5.44198,50.22504],[5.44235,50.22402],[5.44231,50.22376],[5.4431,50.2222],[5.44286,50.22166],[5.44289,50.22071],[5.44279,50.21945],[5.44237,50.21872],[5.44199,50.21696],[5.44208,50.21631]]]}},{"type":"Feature","id":"83049","bbox":[5.39024,50.047801,5.597345,50.151462],"properties":{"nis":"83049","name":"Tenneville","nameNl":"Tenneville","nameFr":"Tenneville","nameDe":"Tenneville","province":"luxembourg","region":"wallonia","areaKm2":91.69},"geometry":{"type":"Polygon","coordinates":[[[5.45963,50.15129],[5.45887,50.15101],[5.45825,50.15118],[5.45751,50.15104],[5.45672,50.15126],[5.4562,50.15123],[5.45539,50.15096],[5.45496,50.15115],[5.45394,50.15068],[5.45335,50.15073],[5.45273,50.15045],[5.45062,50.1505],[5.4497,50.1502],[5.44933,50.14983],[5.44873,50.14957],[5.44789,50.14941],[5.44752,50.14893],[5.44715,50.14883],[5.44672,50.14846],[5.44627,50.14838],[5.44649,50.14791],[5.44637,50.1475],[5.44739,50.14684],[5.44944,50.14537],[5.44982,50.14531],[5.4502,50.14484],[5.45064,50.14372],[5.45123,50.14333],[5.45184,50.14144],[5.45231,50.14113],[5.45225,50.14037],[5.45262,50.13947],[5.45316,50.1392],[5.45319,50.13858],[5.45385,50.13859],[5.45386,50.13815],[5.45335,50.13706],[5.45282,50.13669],[5.45227,50.13596],[5.45252,50.13506],[5.45222,50.13464],[5.45255,50.13342],[5.45312,50.13168],[5.45332,50.13172],[5.45387,50.13118],[5.45357,50.13045],[5.45356,50.13001],[5.4543,50.12916],[5.45426,50.12858],[5.45662,50.12778],[5.4569,50.12742],[5.45906,50.12651],[5.46027,50.12439],[5.4602,50.12401],[5.46048,50.12334],[5.4602,50.1233],[5.45969,50.1224],[5.45941,50.12235],[5.45918,50.12176],[5.45791,50.12097],[5.45736,50.12071],[5.45726,50.12039],[5.45672,50.11986],[5.45617,50.11985],[5.4553,50.11916],[5.45517,50.11883],[5.45429,50.11851],[5.45424,50.11798],[5.45297,50.11721],[5.45251,50.11706],[5.45166,50.11701],[5.44949,50.11637],[5.44938,50.11624],[5.44781,50.11619],[5.44706,50.11638],[5.44647,50.11612],[5.44547,50.11645],[5.44421,50.11737],[5.44339,50.11783],[5.44269,50.11789],[5.44169,50.11771],[5.44102,50.11745],[5.44105,50.11712],[5.44032,50.11702],[5.44004,50.11678],[5.44016,50.1164],[5.43966,50.11605],[5.43914,50.11501],[5.43845,50.11473],[5.43789,50.11375],[5.43831,50.11303],[5.43803,50.11305],[5.4379,50.11246],[5.43766,50.11248],[5.43714,50.11198],[5.43715,50.11167],[5.43668,50.11159],[5.43629,50.11202],[5.43544,50.11228],[5.43506,50.11221],[5.43458,50.11269],[5.43355,50.11303],[5.43358,50.11335],[5.43052,50.11396],[5.42925,50.11371],[5.42893,50.11392],[5.4278,50.11403],[5.42747,50.11389],[5.42584,50.11414],[5.42157,50.11545],[5.41941,50.11548],[5.41695,50.11636],[5.41694,50.11628],[5.41537,50.1156],[5.40968,50.11354],[5.40851,50.11284],[5.40746,50.11127],[5.40643,50.11],[5.40561,50.10852],[5.40485,50.10746],[5.40337,50.10632],[5.40229,50.10334],[5.40127,50.10148],[5.39966,50.09944],[5.39879,50.09727],[5.39717,50.09602],[5.39582,50.09472],[5.39542,50.09381],[5.39675,50.08693],[5.39783,50.08492],[5.39782,50.084],[5.39696,50.08273],[5.39562,50.08249],[5.3944,50.08167],[5.3938,50.08098],[5.39263,50.08013],[5.39169,50.07986],[5.391,50.07951],[5.39048,50.07901],[5.39024,50.07852],[5.39111,50.07671],[5.39162,50.07616],[5.39162,50.07451],[5.39193,50.07359],[5.39252,50.07307],[5.39296,50.07248],[5.39591,50.07044],[5.39695,50.06986],[5.40059,50.06868],[5.40113,50.06732],[5.40186,50.0665],[5.40405,50.06593],[5.40474,50.0656],[5.40524,50.06551],[5.40571,50.06498],[5.40569,50.06433],[5.40545,50.06319],[5.40548,50.06171],[5.40544,50.06045],[5.40669,50.05924],[5.40776,50.05781],[5.40789,50.05776],[5.41094,50.05307],[5.41187,50.05183],[5.41274,50.04921],[5.41364,50.0478],[5.41444,50.04791],[5.41552,50.04838],[5.41636,50.0489],[5.41714,50.04911],[5.41791,50.04886],[5.4182,50.04908],[5.41866,50.04905],[5.42042,50.04959],[5.42103,50.04968],[5.42228,50.05008],[5.42453,50.05038],[5.42549,50.05044],[5.42637,50.0508],[5.4268,50.05076],[5.42742,50.05097],[5.42799,50.05097],[5.42855,50.05078],[5.43114,50.05081],[5.4331,50.05109],[5.43667,50.05207],[5.43789,50.05399],[5.44002,50.05581],[5.44837,50.06017],[5.4521,50.06285],[5.45432,50.06456],[5.45606,50.06719],[5.45819,50.06889],[5.46018,50.06995],[5.46025,50.07033],[5.46089,50.0708],[5.46075,50.07097],[5.46164,50.07127],[5.46183,50.07111],[5.46265,50.07104],[5.46251,50.07136],[5.46368,50.07198],[5.46436,50.07206],[5.46489,50.07197],[5.4652,50.07243],[5.46587,50.07266],[5.46692,50.07256],[5.46768,50.07291],[5.46931,50.07277],[5.47015,50.07295],[5.47021,50.07256],[5.47061,50.07239],[5.47182,50.07273],[5.47243,50.07279],[5.47286,50.07264],[5.47276,50.07227],[5.47342,50.07228],[5.47436,50.07204],[5.47453,50.07234],[5.47527,50.07215],[5.47689,50.07266],[5.4775,50.07278],[5.47823,50.07311],[5.47915,50.07278],[5.48056,50.07248],[5.48067,50.07217],[5.48331,50.07232],[5.48434,50.07248],[5.48528,50.07313],[5.48649,50.07377],[5.48793,50.07415],[5.48934,50.07478],[5.49156,50.07557],[5.4922,50.07627],[5.49188,50.07661],[5.49162,50.07772],[5.49319,50.07752],[5.49427,50.07694],[5.49487,50.07689],[5.49603,50.07704],[5.49712,50.07665],[5.49792,50.07663],[5.4982,50.07644],[5.49904,50.07627],[5.49932,50.07648],[5.5009,50.07659],[5.5014,50.07697],[5.50162,50.07681],[5.50221,50.07703],[5.503,50.07707],[5.50402,50.07692],[5.5053,50.07652],[5.50654,50.07661],[5.5076,50.07708],[5.50816,50.07707],[5.51031,50.07749],[5.51116,50.07742],[5.51208,50.07716],[5.51328,50.07657],[5.51439,50.07647],[5.51642,50.07584],[5.51725,50.07537],[5.5178,50.07533],[5.51932,50.07459],[5.52067,50.07436],[5.52144,50.07374],[5.52164,50.07309],[5.52195,50.07286],[5.52332,50.07301],[5.52386,50.07298],[5.52364,50.07264],[5.52315,50.07253],[5.52248,50.07209],[5.52197,50.07154],[5.52301,50.07084],[5.52362,50.07013],[5.52368,50.0691],[5.52455,50.06874],[5.52507,50.06896],[5.52695,50.06899],[5.52803,50.06836],[5.53037,50.06766],[5.53025,50.06695],[5.53271,50.06836],[5.53296,50.06799],[5.53392,50.06854],[5.53421,50.06767],[5.53499,50.06737],[5.53523,50.0675],[5.5366,50.06773],[5.53828,50.06811],[5.53889,50.06719],[5.53965,50.06764],[5.54026,50.06833],[5.5405,50.06802],[5.54219,50.06779],[5.54265,50.06884],[5.54265,50.06948],[5.54204,50.07385],[5.54245,50.07343],[5.54291,50.07362],[5.54277,50.07408],[5.54289,50.07444],[5.5437,50.07478],[5.54467,50.07472],[5.54579,50.0744],[5.54615,50.07523],[5.54733,50.07508],[5.54906,50.07461],[5.5504,50.07449],[5.55092,50.07418],[5.5521,50.07413],[5.55356,50.07431],[5.55482,50.07432],[5.55569,50.07423],[5.55615,50.07448],[5.55674,50.07512],[5.55695,50.07563],[5.55678,50.07584],[5.55721,50.07629],[5.55841,50.07677],[5.55823,50.0772],[5.55883,50.07717],[5.5596,50.07824],[5.56138,50.07863],[5.56279,50.07853],[5.56342,50.07859],[5.564,50.07902],[5.56435,50.07962],[5.56565,50.07997],[5.56662,50.08067],[5.56753,50.08112],[5.5685,50.08196],[5.56862,50.08222],[5.56841,50.08407],[5.56858,50.08454],[5.56988,50.08492],[5.57051,50.08535],[5.57134,50.08537],[5.57366,50.08572],[5.57427,50.08539],[5.57582,50.0857],[5.57618,50.08564],[5.57669,50.08507],[5.57871,50.08483],[5.57957,50.08372],[5.58041,50.08334],[5.58139,50.08327],[5.58264,50.08342],[5.58356,50.08372],[5.58403,50.08444],[5.58455,50.08568],[5.58566,50.08653],[5.58674,50.08695],[5.58948,50.08761],[5.5904,50.08793],[5.59118,50.08832],[5.5927,50.08887],[5.59383,50.08946],[5.59471,50.09012],[5.59536,50.0908],[5.59552,50.09157],[5.59542,50.09224],[5.59473,50.09273],[5.59402,50.09404],[5.59401,50.09485],[5.59457,50.09532],[5.59693,50.09609],[5.59731,50.09617],[5.5973,50.09639],[5.5966,50.09706],[5.59643,50.09777],[5.59605,50.09863],[5.59541,50.09937],[5.59448,50.10024],[5.59302,50.1008],[5.59301,50.10099],[5.59245,50.10151],[5.59254,50.10198],[5.59302,50.1025],[5.59256,50.10294],[5.59155,50.10443],[5.58992,50.10498],[5.58947,50.10529],[5.58911,50.10579],[5.58774,50.10654],[5.58732,50.10659],[5.58674,50.10745],[5.58699,50.10786],[5.58693,50.10856],[5.58738,50.10919],[5.58836,50.1103],[5.58866,50.1104],[5.58942,50.11132],[5.59041,50.11181],[5.59035,50.11246],[5.58777,50.1138],[5.58797,50.11393],[5.5876,50.1158],[5.58834,50.11603],[5.58803,50.11637],[5.58703,50.11839],[5.58612,50.1194],[5.58608,50.12047],[5.58582,50.12097],[5.58367,50.12064],[5.58217,50.12331],[5.58194,50.12398],[5.58146,50.12441],[5.58065,50.12564],[5.57957,50.12691],[5.57758,50.1264],[5.57637,50.12622],[5.57312,50.12536],[5.57253,50.12618],[5.57085,50.12873],[5.5701,50.13032],[5.56785,50.13247],[5.56716,50.13294],[5.56765,50.13368],[5.56799,50.13488],[5.56842,50.13562],[5.56748,50.13502],[5.56737,50.1348],[5.56674,50.13499],[5.56565,50.13446],[5.56449,50.13411],[5.5642,50.13447],[5.56112,50.13376],[5.55914,50.13309],[5.55876,50.13388],[5.55869,50.13463],[5.55874,50.13608],[5.55853,50.13701],[5.55847,50.13861],[5.55864,50.1403],[5.55813,50.14023],[5.55445,50.13807],[5.55215,50.13708],[5.55082,50.13658],[5.55021,50.13649],[5.54915,50.13663],[5.54907,50.13624],[5.54939,50.13572],[5.55015,50.13513],[5.55091,50.13473],[5.55173,50.13445],[5.5506,50.13333],[5.55015,50.13269],[5.54989,50.13166],[5.54964,50.13124],[5.54701,50.12974],[5.54714,50.12872],[5.54638,50.12885],[5.54649,50.1283],[5.54583,50.12816],[5.54455,50.12805],[5.54279,50.12761],[5.54072,50.12647],[5.53853,50.12555],[5.53841,50.12509],[5.53571,50.12379],[5.53491,50.12457],[5.53443,50.12485],[5.53279,50.12552],[5.53176,50.12572],[5.53174,50.12608],[5.53109,50.12655],[5.53059,50.12737],[5.53005,50.1273],[5.52998,50.12824],[5.53014,50.1291],[5.53066,50.13046],[5.53,50.13089],[5.52977,50.1312],[5.53041,50.13217],[5.52952,50.13251],[5.52815,50.13272],[5.52724,50.13269],[5.52602,50.13277],[5.52571,50.13293],[5.52435,50.13306],[5.52414,50.13318],[5.52498,50.13343],[5.52528,50.13374],[5.52644,50.13422],[5.52675,50.13458],[5.52798,50.13569],[5.52697,50.13653],[5.52664,50.13637],[5.52608,50.13707],[5.52556,50.13711],[5.52568,50.13803],[5.52461,50.13771],[5.52394,50.13734],[5.5236,50.13775],[5.521,50.13803],[5.52076,50.13917],[5.52002,50.1393],[5.51763,50.13991],[5.51728,50.14016],[5.51654,50.14025],[5.51583,50.14001],[5.51371,50.13969],[5.51193,50.13992],[5.51143,50.13992],[5.50869,50.14024],[5.50728,50.14022],[5.5063,50.14034],[5.50279,50.14016],[5.50153,50.14021],[5.4986,50.13999],[5.49765,50.13981],[5.49654,50.13973],[5.49532,50.13881],[5.49349,50.13753],[5.49238,50.13613],[5.49168,50.13561],[5.49063,50.13445],[5.48948,50.13503],[5.48827,50.13527],[5.48791,50.13549],[5.48639,50.13576],[5.48572,50.13613],[5.48468,50.13648],[5.48319,50.13677],[5.48223,50.13682],[5.48053,50.13745],[5.48061,50.13764],[5.47915,50.13862],[5.47861,50.13865],[5.47786,50.13889],[5.47717,50.13959],[5.47629,50.14104],[5.4745,50.14235],[5.47323,50.14294],[5.47167,50.14374],[5.47081,50.14435],[5.46947,50.145],[5.4688,50.14556],[5.46858,50.14593],[5.46936,50.14829],[5.46881,50.14859],[5.46822,50.14868],[5.4681,50.14903],[5.46646,50.14957],[5.46498,50.14976],[5.4644,50.14976],[5.46244,50.15016],[5.46219,50.15048],[5.46137,50.15075],[5.4614,50.15093],[5.46087,50.15112],[5.46046,50.15146],[5.45963,50.15129]]]}},{"type":"Feature","id":"83055","bbox":[5.573915,50.22001,5.748819,50.37204],"properties":{"nis":"83055","name":"Manhay","nameNl":"Manhay","nameFr":"Manhay","nameDe":"Manhay","province":"luxembourg","region":"wallonia","areaKm2":119.75},"geometry":{"type":"Polygon","coordinates":[[[5.57559,50.24693],[5.57659,50.24674],[5.57778,50.24628],[5.57922,50.2462],[5.58013,50.24584],[5.58097,50.24483],[5.58089,50.24372],[5.58035,50.24286],[5.58022,50.24234],[5.57859,50.2406],[5.57863,50.24026],[5.57915,50.24028],[5.582,50.23954],[5.5843,50.23898],[5.5856,50.23824],[5.58681,50.23764],[5.5878,50.23728],[5.58836,50.23687],[5.59023,50.23566],[5.59278,50.23383],[5.59498,50.22997],[5.59587,50.22938],[5.59928,50.22781],[5.60221,50.22682],[5.606,50.22597],[5.60427,50.2239],[5.60661,50.22369],[5.60437,50.22083],[5.61215,50.22001],[5.61349,50.22164],[5.61446,50.22143],[5.61618,50.2234],[5.61524,50.22375],[5.61574,50.22432],[5.61656,50.22484],[5.6188,50.22572],[5.62051,50.22617],[5.62256,50.22661],[5.62272,50.22575],[5.62266,50.22502],[5.62327,50.2233],[5.62356,50.22272],[5.62495,50.22305],[5.62594,50.22194],[5.62697,50.22265],[5.62918,50.22194],[5.62925,50.22227],[5.6302,50.22215],[5.63098,50.22243],[5.63013,50.22366],[5.62992,50.22417],[5.62998,50.2245],[5.63056,50.22525],[5.63028,50.22589],[5.63032,50.22624],[5.63142,50.22714],[5.6327,50.22651],[5.63406,50.22506],[5.63593,50.226],[5.63796,50.22625],[5.64169,50.22642],[5.64264,50.22628],[5.64358,50.22572],[5.64454,50.2257],[5.64564,50.22544],[5.64731,50.22483],[5.64817,50.22412],[5.64909,50.22354],[5.65039,50.22313],[5.65144,50.22258],[5.65233,50.22235],[5.65395,50.22216],[5.65551,50.22208],[5.65819,50.22299],[5.66353,50.22511],[5.6684,50.22564],[5.67441,50.22612],[5.67822,50.22584],[5.6823,50.2255],[5.68784,50.22553],[5.69236,50.22529],[5.69378,50.2254],[5.69713,50.22695],[5.70203,50.22865],[5.70738,50.23006],[5.70967,50.23062],[5.71042,50.23142],[5.71413,50.23595],[5.715,50.2369],[5.71844,50.24134],[5.72327,50.2478],[5.72385,50.24862],[5.72617,50.25168],[5.72564,50.25296],[5.72445,50.25556],[5.72382,50.25682],[5.7223,50.26012],[5.72108,50.2622],[5.72032,50.26363],[5.71913,50.26484],[5.71922,50.26491],[5.71747,50.26668],[5.72439,50.27007],[5.72637,50.27146],[5.72776,50.27268],[5.73143,50.27525],[5.7331,50.27866],[5.73405,50.28146],[5.734,50.28147],[5.73567,50.28641],[5.7364,50.28732],[5.73536,50.28864],[5.73544,50.28874],[5.73866,50.2911],[5.73846,50.29127],[5.73953,50.2923],[5.74016,50.2926],[5.74077,50.29309],[5.742,50.29364],[5.74342,50.29381],[5.74502,50.29444],[5.74687,50.29528],[5.74768,50.29552],[5.74766,50.29663],[5.7482,50.29729],[5.74823,50.29812],[5.74787,50.29843],[5.74778,50.29962],[5.7485,50.29985],[5.74865,50.30086],[5.74857,50.30124],[5.74789,50.30173],[5.74788,50.30238],[5.73758,50.30304],[5.72873,50.30369],[5.7271,50.30374],[5.72632,50.30332],[5.72582,50.30262],[5.72527,50.30258],[5.72459,50.30144],[5.72415,50.30146],[5.72322,50.30176],[5.72247,50.30175],[5.72127,50.30374],[5.71868,50.30576],[5.71619,50.30844],[5.71323,50.30981],[5.71261,50.3106],[5.71242,50.31107],[5.71218,50.31101],[5.71178,50.31171],[5.71057,50.3129],[5.70991,50.31363],[5.7099,50.31486],[5.70964,50.3149],[5.70932,50.31541],[5.70851,50.31568],[5.70759,50.31765],[5.70648,50.31939],[5.70597,50.32084],[5.7061,50.32095],[5.70575,50.32209],[5.70604,50.32238],[5.70563,50.32244],[5.70506,50.32438],[5.70379,50.32698],[5.70282,50.32934],[5.70324,50.33046],[5.70409,50.33034],[5.70415,50.32932],[5.70479,50.32873],[5.70889,50.3293],[5.7098,50.33018],[5.71058,50.33076],[5.71084,50.3311],[5.71201,50.33064],[5.71223,50.33263],[5.71389,50.33321],[5.71302,50.33357],[5.71454,50.33445],[5.71401,50.33507],[5.71392,50.3354],[5.71389,50.33696],[5.71358,50.3386],[5.71259,50.34012],[5.71197,50.34067],[5.71036,50.34171],[5.70985,50.34264],[5.71087,50.34262],[5.71149,50.34284],[5.71263,50.34386],[5.71323,50.34422],[5.71428,50.34576],[5.71442,50.34671],[5.71331,50.34701],[5.71248,50.34753],[5.71077,50.34763],[5.71105,50.34842],[5.71311,50.34898],[5.71402,50.34912],[5.71512,50.34949],[5.71515,50.34971],[5.71705,50.35075],[5.71954,50.35241],[5.72036,50.35345],[5.72148,50.35527],[5.72098,50.35644],[5.72045,50.35743],[5.72025,50.35818],[5.71962,50.35812],[5.71866,50.35774],[5.71713,50.35769],[5.7161,50.35789],[5.71371,50.3581],[5.7114,50.35789],[5.71059,50.35824],[5.71076,50.35833],[5.70767,50.36067],[5.70667,50.3611],[5.70612,50.36074],[5.70547,50.36063],[5.70479,50.36027],[5.70322,50.35973],[5.69973,50.35823],[5.69596,50.35724],[5.69437,50.35775],[5.69283,50.35784],[5.68971,50.35664],[5.68639,50.35675],[5.68249,50.35785],[5.68023,50.35795],[5.67714,50.3579],[5.67558,50.35738],[5.67391,50.35646],[5.67311,50.35625],[5.67253,50.35654],[5.67016,50.35725],[5.67078,50.3595],[5.67118,50.36212],[5.67115,50.36381],[5.67145,50.36431],[5.6731,50.36618],[5.67558,50.36845],[5.67315,50.36796],[5.67106,50.36749],[5.67035,50.36727],[5.66642,50.36668],[5.66508,50.36643],[5.66385,50.36604],[5.66119,50.36573],[5.65799,50.3656],[5.65402,50.36534],[5.65024,50.36552],[5.64742,50.36553],[5.64615,50.36581],[5.64567,50.36602],[5.64298,50.36783],[5.64081,50.36875],[5.63916,50.36925],[5.63814,50.3697],[5.63727,50.3703],[5.63563,50.37099],[5.63386,50.37169],[5.63359,50.37154],[5.63207,50.37164],[5.63139,50.37158],[5.63152,50.37175],[5.63061,50.37204],[5.63011,50.37113],[5.62918,50.37071],[5.62905,50.37039],[5.62832,50.37016],[5.628,50.36978],[5.62746,50.36973],[5.62719,50.36952],[5.62637,50.36928],[5.62627,50.36948],[5.62521,50.36933],[5.62373,50.36885],[5.62329,50.36886],[5.62304,50.36857],[5.62149,50.36806],[5.62145,50.36793],[5.6232,50.36744],[5.62469,50.36651],[5.62511,50.36612],[5.62414,50.36553],[5.62273,50.36506],[5.62043,50.36419],[5.61801,50.36284],[5.61813,50.36256],[5.61945,50.36241],[5.61939,50.36192],[5.61697,50.36227],[5.60863,50.35762],[5.60837,50.35749],[5.59154,50.3505],[5.58959,50.35006],[5.58901,50.35008],[5.58853,50.35033],[5.58812,50.35021],[5.58812,50.34996],[5.58764,50.34969],[5.5886,50.34881],[5.58836,50.34851],[5.58823,50.34779],[5.5885,50.34756],[5.5893,50.34734],[5.58995,50.34672],[5.58966,50.34655],[5.59034,50.34578],[5.59058,50.34502],[5.59106,50.3442],[5.59126,50.34409],[5.59126,50.34334],[5.59146,50.34276],[5.59148,50.34183],[5.59224,50.34057],[5.59202,50.33995],[5.59141,50.33943],[5.5923,50.33961],[5.5932,50.34001],[5.59419,50.34029],[5.59429,50.33995],[5.59594,50.33945],[5.59593,50.33929],[5.59694,50.33902],[5.59768,50.33911],[5.59848,50.33955],[5.5985,50.33929],[5.59906,50.33935],[5.5992,50.33961],[5.59955,50.33939],[5.6005,50.33947],[5.60119,50.33918],[5.60215,50.3395],[5.60248,50.33994],[5.60267,50.33965],[5.603,50.3399],[5.60407,50.34015],[5.60409,50.34041],[5.60453,50.34057],[5.6052,50.34033],[5.60641,50.3406],[5.60721,50.34116],[5.60862,50.34153],[5.60975,50.3413],[5.60985,50.34076],[5.61038,50.3406],[5.61043,50.34034],[5.61134,50.3402],[5.61149,50.33998],[5.61287,50.33978],[5.61287,50.33951],[5.61328,50.3392],[5.6139,50.33937],[5.61485,50.33914],[5.61509,50.33894],[5.61596,50.33868],[5.61706,50.33853],[5.61771,50.33802],[5.6193,50.33809],[5.61989,50.3383],[5.62069,50.33776],[5.62106,50.33722],[5.62145,50.33693],[5.62219,50.33588],[5.6227,50.33555],[5.6232,50.335],[5.62468,50.33484],[5.6249,50.3347],[5.62586,50.33467],[5.6262,50.3345],[5.62836,50.33435],[5.63036,50.33465],[5.63064,50.33454],[5.63163,50.33468],[5.63178,50.33491],[5.63262,50.33484],[5.63256,50.3352],[5.63307,50.33534],[5.63422,50.3352],[5.63496,50.33565],[5.63601,50.33569],[5.63748,50.33519],[5.63842,50.33521],[5.63882,50.33547],[5.63944,50.33542],[5.63999,50.33556],[5.64039,50.33543],[5.64128,50.33541],[5.64205,50.33553],[5.64345,50.33595],[5.64456,50.33611],[5.64492,50.33645],[5.64639,50.33646],[5.6481,50.33685],[5.64864,50.33677],[5.64908,50.33696],[5.65102,50.33742],[5.6516,50.33787],[5.65189,50.33771],[5.65249,50.33803],[5.65306,50.33799],[5.65348,50.33817],[5.65368,50.33851],[5.65428,50.33863],[5.6549,50.33895],[5.65389,50.33259],[5.65351,50.33037],[5.65318,50.32814],[5.65121,50.31649],[5.6492,50.31591],[5.64368,50.31439],[5.64256,50.3141],[5.63675,50.3125],[5.63412,50.3118],[5.63058,50.3094],[5.62919,50.30836],[5.62841,50.3081],[5.62649,50.3061],[5.62298,50.30193],[5.62167,50.30034],[5.61836,50.29713],[5.61813,50.29665],[5.61733,50.29318],[5.6162,50.28849],[5.61422,50.28768],[5.61255,50.28736],[5.61109,50.2844],[5.6109,50.28421],[5.61138,50.28313],[5.61283,50.27951],[5.61353,50.2776],[5.61004,50.27562],[5.61131,50.27305],[5.61092,50.27303],[5.60937,50.27243],[5.60803,50.2718],[5.6057,50.27016],[5.60324,50.26772],[5.60322,50.26697],[5.6026,50.26597],[5.59998,50.26392],[5.599,50.26217],[5.59718,50.26069],[5.5957,50.25965],[5.5953,50.25832],[5.59595,50.25811],[5.59634,50.25736],[5.59615,50.25712],[5.59606,50.25644],[5.59566,50.25681],[5.59429,50.25688],[5.59385,50.25701],[5.59332,50.25688],[5.59157,50.25674],[5.59148,50.25687],[5.59003,50.25753],[5.58943,50.25758],[5.58657,50.25801],[5.58537,50.25808],[5.58337,50.25874],[5.58189,50.25904],[5.58081,50.25959],[5.57978,50.26024],[5.57929,50.26065],[5.57845,50.26072],[5.578,50.25928],[5.57828,50.25813],[5.57805,50.25701],[5.57764,50.25686],[5.57767,50.25659],[5.57652,50.25597],[5.57636,50.25553],[5.57587,50.25534],[5.5757,50.25488],[5.57517,50.25452],[5.5751,50.25411],[5.57477,50.25378],[5.57478,50.25333],[5.57456,50.25269],[5.57469,50.25243],[5.57436,50.25212],[5.57459,50.25155],[5.57439,50.25114],[5.57393,50.25094],[5.57393,50.25072],[5.57446,50.24978],[5.57425,50.24929],[5.57423,50.24874],[5.57532,50.24787],[5.57559,50.24693]]]}},{"type":"Feature","id":"84009","bbox":[5.158179,49.771533,5.366417,49.931892],"properties":{"nis":"84009","name":"Bertrix","nameNl":"Bertrix","nameFr":"Bertrix","nameDe":"Bertrix","province":"luxembourg","region":"wallonia","areaKm2":137.53},"geometry":{"type":"Polygon","coordinates":[[[5.18543,49.77547],[5.19824,49.77551],[5.19905,49.77593],[5.20409,49.77473],[5.20607,49.7731],[5.20996,49.77251],[5.21118,49.77238],[5.21233,49.77258],[5.21678,49.77458],[5.22147,49.77156],[5.22224,49.77165],[5.22191,49.77337],[5.22252,49.77542],[5.2237,49.77623],[5.22497,49.77689],[5.22873,49.77722],[5.23119,49.7778],[5.23253,49.77885],[5.23307,49.78042],[5.23251,49.78197],[5.23059,49.78531],[5.22743,49.78887],[5.2269,49.79107],[5.22691,49.7916],[5.22808,49.79412],[5.22824,49.79495],[5.22808,49.79579],[5.2272,49.79652],[5.22658,49.79677],[5.22577,49.79689],[5.22445,49.79633],[5.22428,49.79606],[5.22433,49.79537],[5.22302,49.79283],[5.22196,49.79251],[5.22063,49.79385],[5.22035,49.79479],[5.22016,49.795],[5.21923,49.79715],[5.21896,49.79916],[5.21804,49.80011],[5.21652,49.80108],[5.21563,49.80225],[5.2154,49.80358],[5.21537,49.80428],[5.2168,49.80431],[5.2174,49.80311],[5.21783,49.80284],[5.21744,49.80269],[5.21793,49.80231],[5.21878,49.80205],[5.2189,49.80172],[5.21943,49.80137],[5.22062,49.80104],[5.22133,49.80103],[5.22165,49.80087],[5.22132,49.80067],[5.22185,49.80028],[5.22363,49.80014],[5.22446,49.80031],[5.22442,49.80075],[5.22478,49.80093],[5.22648,49.80125],[5.22726,49.80131],[5.22762,49.80148],[5.22806,49.80208],[5.2286,49.80236],[5.22977,49.80244],[5.23043,49.80272],[5.23075,49.80353],[5.23107,49.80364],[5.23139,49.80411],[5.23194,49.80426],[5.23197,49.80468],[5.23269,49.80505],[5.23311,49.80511],[5.23327,49.8054],[5.23399,49.80583],[5.23447,49.80573],[5.23595,49.80588],[5.23657,49.80573],[5.23679,49.80586],[5.23766,49.8058],[5.23895,49.80622],[5.23919,49.8065],[5.24011,49.8069],[5.24008,49.80726],[5.24041,49.80778],[5.24133,49.80818],[5.2423,49.80832],[5.24339,49.80923],[5.24466,49.80976],[5.24653,49.80983],[5.24895,49.81034],[5.2526,49.81016],[5.25464,49.81132],[5.25833,49.81159],[5.26097,49.81208],[5.26139,49.81208],[5.263,49.81158],[5.26317,49.81145],[5.26516,49.8117],[5.26761,49.81223],[5.26913,49.81245],[5.26943,49.81226],[5.27006,49.81238],[5.27038,49.81167],[5.27088,49.81131],[5.27079,49.81094],[5.27104,49.81075],[5.27098,49.81032],[5.27126,49.80939],[5.27186,49.80901],[5.2729,49.8089],[5.2737,49.80892],[5.27539,49.80877],[5.27655,49.80837],[5.27758,49.80787],[5.27897,49.80836],[5.27908,49.80895],[5.2795,49.80928],[5.28054,49.80932],[5.28106,49.81009],[5.28115,49.81062],[5.28154,49.81093],[5.28162,49.81149],[5.2814,49.81237],[5.28148,49.81293],[5.28186,49.81318],[5.28242,49.81308],[5.28368,49.81322],[5.28588,49.81382],[5.28778,49.81414],[5.28888,49.81456],[5.29023,49.81485],[5.29076,49.81506],[5.29153,49.81493],[5.29178,49.81524],[5.29258,49.81511],[5.29393,49.81517],[5.29491,49.81561],[5.29563,49.81532],[5.29619,49.81523],[5.29714,49.81565],[5.29741,49.8168],[5.29763,49.81707],[5.29857,49.81718],[5.29909,49.81735],[5.30055,49.81832],[5.30125,49.81896],[5.30121,49.81971],[5.30265,49.82214],[5.30351,49.82318],[5.30634,49.82421],[5.30901,49.82546],[5.31354,49.82683],[5.31624,49.82786],[5.31753,49.82635],[5.31886,49.82689],[5.31824,49.82772],[5.3179,49.82796],[5.31801,49.82826],[5.319,49.82837],[5.31967,49.82827],[5.31956,49.82985],[5.32633,49.83207],[5.32842,49.83223],[5.32891,49.83064],[5.3342,49.82945],[5.33716,49.82866],[5.34023,49.82572],[5.34196,49.82485],[5.34503,49.82556],[5.34836,49.82366],[5.35004,49.8208],[5.35093,49.81954],[5.35259,49.81779],[5.35252,49.81672],[5.35216,49.81615],[5.35195,49.81507],[5.35294,49.81532],[5.35387,49.81567],[5.35507,49.81634],[5.35576,49.8165],[5.3562,49.81719],[5.35675,49.8173],[5.3577,49.8184],[5.35873,49.81923],[5.35979,49.81901],[5.36016,49.81921],[5.36045,49.8205],[5.35903,49.82069],[5.35833,49.82159],[5.36017,49.82374],[5.36501,49.82545],[5.36642,49.82755],[5.36279,49.82818],[5.36071,49.82921],[5.36046,49.83092],[5.36095,49.83258],[5.36369,49.83315],[5.3615,49.83508],[5.3615,49.83583],[5.36261,49.83666],[5.36003,49.83745],[5.35806,49.83793],[5.35247,49.83947],[5.35094,49.84034],[5.35039,49.84149],[5.35168,49.84332],[5.3526,49.84439],[5.35088,49.84605],[5.35082,49.8472],[5.35352,49.85147],[5.35125,49.85456],[5.34738,49.85726],[5.34496,49.85867],[5.34189,49.86028],[5.34056,49.86042],[5.33936,49.86062],[5.33887,49.86081],[5.3377,49.8617],[5.33586,49.86271],[5.33541,49.86318],[5.33411,49.86521],[5.33377,49.86557],[5.33251,49.86655],[5.33146,49.86686],[5.33014,49.86704],[5.32763,49.86797],[5.32701,49.86837],[5.32675,49.86899],[5.327,49.87003],[5.32694,49.87069],[5.3267,49.87121],[5.3259,49.87212],[5.32553,49.87277],[5.32443,49.87306],[5.32282,49.87391],[5.32206,49.87463],[5.3211,49.87486],[5.31952,49.87705],[5.31836,49.87827],[5.31728,49.87927],[5.31777,49.8793],[5.31903,49.87896],[5.3197,49.87862],[5.31974,49.87903],[5.31756,49.88003],[5.31677,49.87973],[5.31623,49.8797],[5.31521,49.88102],[5.31496,49.88194],[5.31553,49.88248],[5.31675,49.88315],[5.31748,49.88319],[5.31816,49.88347],[5.3183,49.88427],[5.31896,49.88452],[5.3193,49.8851],[5.31886,49.88533],[5.32,49.88578],[5.32026,49.886],[5.31958,49.88662],[5.31774,49.88665],[5.31509,49.8864],[5.31331,49.88657],[5.31203,49.88652],[5.31033,49.88654],[5.30936,49.8864],[5.30706,49.88661],[5.30559,49.88662],[5.30496,49.88693],[5.30413,49.88697],[5.30301,49.88743],[5.30259,49.88819],[5.30082,49.89087],[5.30078,49.89274],[5.3,49.89619],[5.29595,49.8993],[5.29464,49.90116],[5.29425,49.90606],[5.29146,49.90775],[5.29784,49.91111],[5.29886,49.91182],[5.29874,49.91226],[5.29925,49.91241],[5.29836,49.91323],[5.29757,49.91278],[5.29687,49.91318],[5.29632,49.91317],[5.29427,49.91289],[5.2931,49.91259],[5.29156,49.91187],[5.28727,49.91196],[5.28332,49.91086],[5.28162,49.91057],[5.28008,49.91056],[5.27878,49.90972],[5.27585,49.90904],[5.27417,49.90909],[5.27097,49.90782],[5.26902,49.90798],[5.26611,49.90811],[5.26459,49.90852],[5.26219,49.90891],[5.26217,49.90879],[5.26108,49.90879],[5.26112,49.9092],[5.25942,49.9097],[5.2583,49.90968],[5.25693,49.91012],[5.25571,49.91033],[5.25538,49.91019],[5.25366,49.90999],[5.25279,49.91001],[5.2512,49.91071],[5.24779,49.912],[5.24816,49.91249],[5.24774,49.91279],[5.24708,49.91281],[5.24639,49.91222],[5.24491,49.91272],[5.24309,49.91353],[5.23755,49.91655],[5.23702,49.91677],[5.23329,49.91755],[5.23332,49.91784],[5.2328,49.91848],[5.23204,49.91857],[5.23188,49.91906],[5.23061,49.91994],[5.22884,49.92084],[5.22879,49.92147],[5.22839,49.92159],[5.22829,49.92245],[5.22909,49.92379],[5.22893,49.92483],[5.22779,49.9254],[5.22666,49.9258],[5.22672,49.92538],[5.22618,49.9256],[5.22568,49.92527],[5.22518,49.92562],[5.22569,49.9264],[5.22432,49.92611],[5.22367,49.9268],[5.22306,49.92701],[5.21999,49.92773],[5.20621,49.93051],[5.20427,49.93074],[5.19511,49.93189],[5.19467,49.93189],[5.19085,49.93168],[5.18906,49.93152],[5.18782,49.92848],[5.18761,49.92826],[5.18625,49.92836],[5.18538,49.92779],[5.18336,49.92659],[5.18166,49.92553],[5.18132,49.92512],[5.18121,49.9241],[5.18161,49.92329],[5.1811,49.92221],[5.18127,49.92133],[5.18099,49.92083],[5.18164,49.92061],[5.18107,49.92032],[5.18096,49.92004],[5.18036,49.92011],[5.17983,49.9198],[5.17632,49.91932],[5.17587,49.91869],[5.17466,49.91838],[5.17545,49.91765],[5.17542,49.91695],[5.17432,49.91713],[5.17234,49.91522],[5.17186,49.91396],[5.17006,49.91211],[5.16935,49.91077],[5.16932,49.90985],[5.16873,49.90958],[5.16974,49.90902],[5.16946,49.90879],[5.17071,49.90821],[5.17226,49.90834],[5.17229,49.90789],[5.17157,49.90796],[5.17204,49.90699],[5.16997,49.90614],[5.16863,49.90757],[5.16469,49.90701],[5.16575,49.90351],[5.16588,49.90279],[5.16611,49.90018],[5.16235,49.9],[5.16398,49.89893],[5.1651,49.89801],[5.1662,49.89722],[5.16708,49.89768],[5.1672,49.89805],[5.16978,49.90004],[5.17069,49.90057],[5.17099,49.9018],[5.1714,49.9027],[5.17132,49.90326],[5.17096,49.90409],[5.17145,49.90418],[5.17134,49.90443],[5.17347,49.90431],[5.17314,49.90319],[5.17325,49.9025],[5.17383,49.90231],[5.17469,49.90222],[5.17542,49.90164],[5.17599,49.90149],[5.17645,49.90049],[5.17669,49.90021],[5.17817,49.90094],[5.17883,49.90051],[5.17942,49.9003],[5.17905,49.89953],[5.18141,49.89877],[5.18139,49.89863],[5.18409,49.89715],[5.18649,49.89599],[5.18797,49.89537],[5.1884,49.89506],[5.18797,49.89412],[5.18954,49.89433],[5.19049,49.8943],[5.19055,49.89373],[5.19216,49.89363],[5.19373,49.89309],[5.19552,49.89255],[5.19642,49.89192],[5.19784,49.89071],[5.19919,49.88933],[5.1999,49.8889],[5.20102,49.88742],[5.20144,49.88652],[5.20152,49.88531],[5.20003,49.88474],[5.19991,49.88446],[5.19812,49.88456],[5.19795,49.8842],[5.19594,49.88428],[5.19522,49.88275],[5.19645,49.88245],[5.19647,49.88172],[5.19619,49.88088],[5.19718,49.88033],[5.19783,49.8803],[5.19787,49.87977],[5.19722,49.87969],[5.19639,49.8794],[5.19626,49.87954],[5.19515,49.87932],[5.19451,49.87891],[5.19372,49.8786],[5.19304,49.8782],[5.19306,49.87792],[5.19367,49.87721],[5.19439,49.87673],[5.19465,49.87609],[5.19305,49.87537],[5.19442,49.87438],[5.1926,49.87365],[5.19181,49.86938],[5.19149,49.86776],[5.19166,49.8672],[5.19218,49.86612],[5.19232,49.86381],[5.19268,49.86344],[5.19343,49.86195],[5.19344,49.86139],[5.1929,49.86039],[5.19237,49.85991],[5.1927,49.85913],[5.1927,49.85868],[5.19149,49.85801],[5.18891,49.8571],[5.18739,49.85605],[5.18616,49.85534],[5.18387,49.85426],[5.18326,49.85406],[5.18388,49.85241],[5.18503,49.85234],[5.18544,49.85213],[5.18377,49.85132],[5.18377,49.85028],[5.1839,49.84881],[5.18377,49.84819],[5.18413,49.84743],[5.18562,49.84572],[5.187,49.84307],[5.18925,49.8424],[5.18794,49.84208],[5.18541,49.84158],[5.18444,49.84062],[5.18408,49.84007],[5.18398,49.83946],[5.18274,49.83987],[5.18138,49.83989],[5.1806,49.83969],[5.17964,49.83914],[5.18113,49.83854],[5.18094,49.83811],[5.18119,49.83704],[5.18183,49.83643],[5.18271,49.83598],[5.18266,49.83539],[5.18211,49.83514],[5.18089,49.83574],[5.17986,49.83601],[5.17816,49.83597],[5.17754,49.83572],[5.17712,49.83514],[5.17621,49.83487],[5.17457,49.83363],[5.17437,49.83297],[5.17395,49.83232],[5.17265,49.83273],[5.172,49.83333],[5.16972,49.83171],[5.1696,49.83108],[5.16921,49.83072],[5.16805,49.83049],[5.16743,49.83015],[5.16678,49.8302],[5.16621,49.83054],[5.16435,49.83069],[5.16381,49.83002],[5.16381,49.82966],[5.16441,49.82772],[5.16424,49.82734],[5.16435,49.82639],[5.16473,49.82576],[5.16435,49.82535],[5.16426,49.8249],[5.1638,49.82452],[5.16364,49.82369],[5.16192,49.82315],[5.16149,49.82294],[5.16118,49.82234],[5.16113,49.82112],[5.1598,49.82031],[5.15847,49.81979],[5.15818,49.8195],[5.15822,49.81904],[5.15923,49.81864],[5.16011,49.8185],[5.1609,49.81862],[5.16144,49.81886],[5.16178,49.81995],[5.16344,49.82098],[5.16499,49.82087],[5.16525,49.82067],[5.16455,49.81959],[5.16503,49.81877],[5.16508,49.81796],[5.16449,49.81731],[5.16412,49.81532],[5.16369,49.81433],[5.16313,49.81372],[5.16183,49.81296],[5.15901,49.81255],[5.15875,49.81228],[5.16025,49.81124],[5.16124,49.81119],[5.1624,49.81142],[5.16353,49.81185],[5.1648,49.81176],[5.16567,49.81185],[5.16661,49.81153],[5.16734,49.81108],[5.16745,49.81045],[5.16632,49.80989],[5.16559,49.80988],[5.16488,49.80955],[5.16463,49.80847],[5.16536,49.80817],[5.1657,49.80765],[5.1661,49.80648],[5.16714,49.8056],[5.16785,49.80395],[5.1689,49.80222],[5.16918,49.8012],[5.17019,49.79845],[5.17022,49.79805],[5.16934,49.79742],[5.16886,49.79676],[5.16898,49.79577],[5.16968,49.79511],[5.17008,49.79417],[5.17262,49.79133],[5.17339,49.79008],[5.17437,49.78925],[5.17525,49.78907],[5.17669,49.789],[5.17872,49.78927],[5.18053,49.78986],[5.18282,49.79106],[5.18649,49.79406],[5.18787,49.79506],[5.18866,49.79538],[5.1892,49.79402],[5.18911,49.79358],[5.18939,49.79268],[5.18926,49.79256],[5.18961,49.79209],[5.189,49.79049],[5.18754,49.78939],[5.1868,49.78921],[5.18502,49.78786],[5.18418,49.7867],[5.18347,49.78621],[5.18209,49.78465],[5.18163,49.784],[5.18149,49.78327],[5.18115,49.78298],[5.18076,49.78195],[5.18087,49.78097],[5.18138,49.78023],[5.18245,49.77964],[5.18384,49.77931],[5.18426,49.77815],[5.18392,49.77708],[5.18543,49.77547]]]}},{"type":"Feature","id":"84010","bbox":[4.968553,49.709198,5.18961,49.883683],"properties":{"nis":"84010","name":"Bouillon","nameNl":"Bouillon","nameFr":"Bouillon","nameDe":"Bouillon","province":"luxembourg","region":"wallonia","areaKm2":148.24},"geometry":{"type":"Polygon","coordinates":[[[5.15309,49.71859],[5.15189,49.71988],[5.1512,49.72177],[5.15099,49.72221],[5.15037,49.72293],[5.1489,49.72363],[5.1485,49.72405],[5.14816,49.72527],[5.14776,49.72573],[5.14748,49.72573],[5.14709,49.72728],[5.14711,49.72786],[5.14771,49.72884],[5.14802,49.72877],[5.14878,49.72945],[5.15104,49.73104],[5.15232,49.73046],[5.15228,49.7303],[5.15381,49.72981],[5.15593,49.72951],[5.15816,49.7282],[5.15909,49.72827],[5.15774,49.72976],[5.15711,49.73077],[5.15689,49.73231],[5.15768,49.73389],[5.15822,49.73533],[5.15776,49.73603],[5.15624,49.73705],[5.15553,49.7377],[5.15598,49.74009],[5.1557,49.74158],[5.15469,49.74235],[5.15384,49.74244],[5.15378,49.74284],[5.15316,49.74327],[5.15364,49.74349],[5.15268,49.74388],[5.15248,49.74527],[5.15285,49.74602],[5.15245,49.74654],[5.15257,49.74719],[5.15356,49.74857],[5.15438,49.74897],[5.15514,49.74999],[5.15539,49.75055],[5.15528,49.75098],[5.15452,49.75128],[5.15432,49.75186],[5.15367,49.75249],[5.1537,49.75292],[5.15398,49.75328],[5.1539,49.75419],[5.15508,49.75502],[5.15514,49.75583],[5.15548,49.75653],[5.15548,49.7575],[5.15537,49.75802],[5.15483,49.7584],[5.16375,49.76072],[5.16429,49.76063],[5.16672,49.7607],[5.16833,49.76093],[5.16983,49.76144],[5.17149,49.76255],[5.17211,49.76284],[5.17308,49.76372],[5.17321,49.76442],[5.17426,49.76494],[5.17655,49.76559],[5.17774,49.76571],[5.1794,49.76612],[5.18042,49.76605],[5.1811,49.76631],[5.1818,49.76686],[5.18226,49.76677],[5.18248,49.76704],[5.18497,49.76772],[5.18511,49.7681],[5.18644,49.76916],[5.18639,49.76959],[5.1859,49.77081],[5.18605,49.77155],[5.18604,49.77226],[5.18511,49.77331],[5.18494,49.77367],[5.18543,49.77547],[5.18392,49.77708],[5.18426,49.77815],[5.18384,49.77931],[5.18245,49.77964],[5.18138,49.78023],[5.18087,49.78097],[5.18076,49.78195],[5.18115,49.78298],[5.18149,49.78327],[5.18163,49.784],[5.18209,49.78465],[5.18347,49.78621],[5.18418,49.7867],[5.18502,49.78786],[5.1868,49.78921],[5.18754,49.78939],[5.189,49.79049],[5.18961,49.79209],[5.18926,49.79256],[5.18939,49.79268],[5.18911,49.79358],[5.1892,49.79402],[5.18866,49.79538],[5.18787,49.79506],[5.18649,49.79406],[5.18282,49.79106],[5.18053,49.78986],[5.17872,49.78927],[5.17669,49.789],[5.17525,49.78907],[5.17437,49.78925],[5.17339,49.79008],[5.17262,49.79133],[5.17008,49.79417],[5.16968,49.79511],[5.16898,49.79577],[5.16886,49.79676],[5.16934,49.79742],[5.17022,49.79805],[5.17019,49.79845],[5.16918,49.8012],[5.1689,49.80222],[5.16785,49.80395],[5.16714,49.8056],[5.1661,49.80648],[5.1657,49.80765],[5.16536,49.80817],[5.16463,49.80847],[5.16488,49.80955],[5.16559,49.80988],[5.16632,49.80989],[5.16745,49.81045],[5.16734,49.81108],[5.16661,49.81153],[5.16567,49.81185],[5.1648,49.81176],[5.16353,49.81185],[5.1624,49.81142],[5.16124,49.81119],[5.16025,49.81124],[5.15875,49.81228],[5.15901,49.81255],[5.16183,49.81296],[5.16313,49.81372],[5.16369,49.81433],[5.16412,49.81532],[5.16449,49.81731],[5.16508,49.81796],[5.16503,49.81877],[5.16455,49.81959],[5.16525,49.82067],[5.16499,49.82087],[5.16344,49.82098],[5.16178,49.81995],[5.16144,49.81886],[5.1609,49.81862],[5.16011,49.8185],[5.15923,49.81864],[5.15822,49.81904],[5.15818,49.8195],[5.15847,49.81979],[5.1598,49.82031],[5.16113,49.82112],[5.16118,49.82234],[5.16149,49.82294],[5.16192,49.82315],[5.16364,49.82369],[5.1638,49.82452],[5.16426,49.8249],[5.16435,49.82535],[5.164,49.8259],[5.16366,49.82601],[5.16358,49.82642],[5.16214,49.82723],[5.16129,49.82752],[5.16197,49.82773],[5.16168,49.82837],[5.16081,49.8293],[5.1593,49.82939],[5.15731,49.82961],[5.15644,49.82995],[5.15583,49.83008],[5.1539,49.83004],[5.15319,49.82993],[5.15268,49.83058],[5.15137,49.83144],[5.15027,49.83285],[5.15001,49.83352],[5.15009,49.83432],[5.14947,49.83549],[5.14859,49.83581],[5.14798,49.83564],[5.14827,49.83623],[5.14942,49.83586],[5.14969,49.83599],[5.1507,49.83569],[5.1511,49.83595],[5.15049,49.83701],[5.14896,49.83862],[5.1471,49.83827],[5.14659,49.8386],[5.14625,49.83932],[5.1465,49.83976],[5.14587,49.84062],[5.14692,49.84121],[5.14174,49.84252],[5.14256,49.8428],[5.1429,49.84315],[5.14477,49.8438],[5.14468,49.84463],[5.14443,49.84528],[5.14167,49.84709],[5.13998,49.84802],[5.14052,49.84839],[5.1405,49.84907],[5.14021,49.84949],[5.14021,49.85026],[5.14055,49.8511],[5.14115,49.85141],[5.14139,49.85196],[5.14016,49.85183],[5.14005,49.85196],[5.13875,49.85043],[5.13784,49.85006],[5.13773,49.8496],[5.13811,49.84924],[5.13881,49.84903],[5.13901,49.84862],[5.13864,49.84809],[5.13862,49.84719],[5.13773,49.84639],[5.13892,49.84606],[5.14036,49.84641],[5.14077,49.84581],[5.14182,49.84511],[5.14229,49.84466],[5.14176,49.84461],[5.14002,49.84418],[5.13888,49.84331],[5.13773,49.84318],[5.13773,49.84401],[5.13454,49.84416],[5.13489,49.84275],[5.1307,49.84331],[5.13075,49.84542],[5.13038,49.84649],[5.12987,49.84708],[5.12638,49.84814],[5.12384,49.8487],[5.12316,49.84927],[5.12248,49.85005],[5.1229,49.85038],[5.1218,49.85008],[5.12193,49.84978],[5.12129,49.84965],[5.11828,49.85005],[5.11663,49.84965],[5.11443,49.8497],[5.11239,49.84908],[5.11185,49.85005],[5.10888,49.84957],[5.09994,49.8501],[5.09871,49.85032],[5.09829,49.85002],[5.09422,49.85153],[5.09634,49.85318],[5.09367,49.85687],[5.0935,49.85725],[5.09249,49.8575],[5.09168,49.85755],[5.09193,49.8582],[5.09261,49.85894],[5.09202,49.85959],[5.09057,49.85997],[5.08778,49.86245],[5.0889,49.86248],[5.08963,49.8624],[5.08973,49.86256],[5.09082,49.86252],[5.09092,49.86323],[5.09075,49.86366],[5.09044,49.86366],[5.08988,49.86494],[5.08998,49.86541],[5.08927,49.86602],[5.09025,49.86648],[5.08955,49.86686],[5.08875,49.86707],[5.08813,49.86708],[5.08752,49.86743],[5.0875,49.86775],[5.08668,49.86787],[5.08589,49.86775],[5.08468,49.8679],[5.08437,49.86813],[5.08354,49.86811],[5.08298,49.86886],[5.08193,49.86922],[5.08099,49.86982],[5.08102,49.87036],[5.0804,49.87119],[5.07989,49.87135],[5.07889,49.87142],[5.07861,49.87108],[5.07774,49.87169],[5.07659,49.87201],[5.0758,49.87256],[5.07551,49.8724],[5.07503,49.87274],[5.07411,49.87301],[5.07319,49.87339],[5.07264,49.87345],[5.07248,49.87375],[5.07147,49.87468],[5.06918,49.87433],[5.06384,49.87506],[5.06592,49.87684],[5.0671,49.87827],[5.0674,49.87921],[5.06693,49.88042],[5.06617,49.88158],[5.06503,49.88217],[5.06498,49.8832],[5.06397,49.88368],[5.06265,49.88366],[5.06138,49.88271],[5.06143,49.88228],[5.05944,49.8812],[5.05838,49.88163],[5.05706,49.88134],[5.05689,49.8808],[5.05723,49.8801],[5.05579,49.8791],[5.05439,49.87856],[5.05316,49.87773],[5.05151,49.87727],[5.05003,49.87635],[5.04741,49.8786],[5.04458,49.87684],[5.04289,49.87553],[5.04192,49.87525],[5.04078,49.8751],[5.03954,49.87481],[5.0377,49.87398],[5.03737,49.87299],[5.03603,49.87325],[5.03509,49.87312],[5.03453,49.87322],[5.0338,49.87281],[5.02823,49.87325],[5.023,49.87325],[5.02173,49.87317],[5.02054,49.8729],[5.02186,49.87174],[5.0224,49.87072],[5.02634,49.87079],[5.02604,49.86832],[5.02584,49.86619],[5.02566,49.86546],[5.02379,49.86427],[5.02271,49.86375],[5.021,49.86279],[5.01972,49.86233],[5.01792,49.86196],[5.01622,49.86091],[5.01537,49.86026],[5.01469,49.85934],[5.0128,49.85815],[5.01127,49.85769],[5.00979,49.85746],[5.00916,49.85747],[5.00541,49.85778],[5.00488,49.85779],[5.00355,49.85748],[5.00021,49.85687],[4.99892,49.85639],[4.99621,49.85481],[4.99582,49.85405],[4.99573,49.85311],[4.98947,49.85285],[4.98936,49.8514],[4.9889,49.84983],[4.98892,49.84858],[4.98852,49.84858],[4.98864,49.84793],[4.98852,49.84737],[4.98791,49.84684],[4.9871,49.84586],[4.98637,49.84552],[4.98513,49.84475],[4.9846,49.84386],[4.98344,49.84299],[4.98227,49.84304],[4.9812,49.84288],[4.98209,49.84163],[4.98525,49.8388],[4.98547,49.83821],[4.98538,49.83788],[4.98459,49.83678],[4.98368,49.83509],[4.98306,49.83317],[4.98344,49.82873],[4.98443,49.82633],[4.98506,49.82574],[4.98598,49.82516],[4.98702,49.82475],[4.98793,49.82449],[4.9905,49.82437],[4.99057,49.82407],[4.98976,49.824],[4.98892,49.82367],[4.98806,49.8232],[4.98762,49.82257],[4.98776,49.82204],[4.98785,49.82094],[4.98801,49.82041],[4.98742,49.82032],[4.98594,49.82083],[4.98276,49.82099],[4.97971,49.82045],[4.97939,49.82045],[4.97707,49.81996],[4.97718,49.81922],[4.97705,49.8184],[4.97988,49.81814],[4.9812,49.81646],[4.97988,49.81574],[4.97738,49.81493],[4.97558,49.81447],[4.9725,49.8133],[4.97242,49.81311],[4.97112,49.81254],[4.97091,49.81219],[4.96919,49.81064],[4.96978,49.80876],[4.97021,49.80769],[4.97033,49.80551],[4.97019,49.80399],[4.96945,49.80421],[4.96872,49.80337],[4.96893,49.80331],[4.96859,49.80281],[4.96923,49.80263],[4.96864,49.80159],[4.97117,49.80177],[4.9727,49.80173],[4.97339,49.8014],[4.97452,49.80123],[4.97709,49.80121],[4.97787,49.80078],[4.97828,49.80069],[4.97901,49.80029],[4.98099,49.8007],[4.98286,49.80027],[4.98467,49.79967],[4.98574,49.79967],[4.98671,49.79992],[4.98783,49.79993],[4.98951,49.80007],[4.99,49.8002],[4.99238,49.80033],[4.9933,49.80069],[4.99424,49.8009],[4.99474,49.80064],[4.99753,49.80006],[4.99843,49.79961],[4.99797,49.7985],[4.99815,49.7972],[4.99865,49.79662],[4.99848,49.79615],[4.99712,49.79546],[4.99741,49.79483],[4.99884,49.79421],[5.00104,49.79392],[5.00144,49.79329],[5.00173,49.79233],[5.00229,49.79176],[5.00229,49.79145],[5.0036,49.79055],[5.00393,49.79004],[5.00429,49.78986],[5.00434,49.78908],[5.00671,49.78748],[5.00713,49.78738],[5.00687,49.78675],[5.00679,49.78588],[5.00654,49.78547],[5.00647,49.78473],[5.00678,49.78395],[5.00739,49.78306],[5.00801,49.78261],[5.00855,49.78206],[5.0093,49.78203],[5.0112,49.78155],[5.01188,49.78132],[5.01307,49.78054],[5.01445,49.77999],[5.01814,49.77884],[5.01885,49.77847],[5.01977,49.77813],[5.02152,49.77768],[5.02296,49.77737],[5.02459,49.77641],[5.0262,49.77586],[5.02973,49.77511],[5.03071,49.77465],[5.03455,49.7732],[5.037,49.77192],[5.03806,49.77173],[5.03874,49.77185],[5.03958,49.77164],[5.04025,49.77125],[5.04385,49.77016],[5.04393,49.77035],[5.04567,49.77025],[5.04784,49.77021],[5.04817,49.77035],[5.04917,49.77018],[5.04989,49.76992],[5.05146,49.76949],[5.05289,49.76867],[5.05338,49.76845],[5.05425,49.76829],[5.0571,49.76759],[5.05827,49.76735],[5.05939,49.7672],[5.06079,49.76721],[5.06161,49.76736],[5.06263,49.76568],[5.06279,49.76483],[5.06269,49.76403],[5.06295,49.76343],[5.06308,49.7623],[5.06388,49.76214],[5.06635,49.76186],[5.06853,49.76178],[5.07,49.76161],[5.07071,49.76139],[5.07183,49.7609],[5.07493,49.7619],[5.0765,49.76209],[5.07823,49.7625],[5.07932,49.76262],[5.08126,49.7625],[5.08295,49.76267],[5.08477,49.76306],[5.08541,49.76328],[5.08801,49.76631],[5.08844,49.76607],[5.0893,49.76586],[5.08986,49.76544],[5.08984,49.76524],[5.0905,49.76484],[5.09213,49.76422],[5.09307,49.76403],[5.09439,49.76346],[5.09492,49.76245],[5.09486,49.76199],[5.09562,49.76145],[5.09568,49.76093],[5.09598,49.76044],[5.09644,49.76034],[5.09738,49.75947],[5.09789,49.75918],[5.09903,49.75807],[5.09979,49.75753],[5.10009,49.75712],[5.10151,49.75577],[5.10214,49.75527],[5.10285,49.75452],[5.10406,49.7529],[5.10533,49.75213],[5.10617,49.75126],[5.10792,49.75008],[5.11022,49.7478],[5.11287,49.74422],[5.11511,49.74253],[5.11539,49.74224],[5.11619,49.74065],[5.11768,49.73949],[5.11888,49.73849],[5.11914,49.73749],[5.11888,49.73652],[5.11903,49.7355],[5.11973,49.73495],[5.11988,49.73412],[5.12028,49.73355],[5.12167,49.73211],[5.12197,49.73142],[5.12216,49.73062],[5.12265,49.72944],[5.12325,49.72848],[5.12365,49.72807],[5.12505,49.72709],[5.12509,49.72683],[5.12439,49.72468],[5.12404,49.72338],[5.12334,49.7215],[5.12328,49.72076],[5.12303,49.71975],[5.12281,49.71705],[5.12418,49.71727],[5.12517,49.71674],[5.12579,49.71623],[5.1261,49.71413],[5.12582,49.7125],[5.12661,49.71266],[5.12763,49.71324],[5.12905,49.71363],[5.13063,49.71378],[5.13174,49.71367],[5.13386,49.71304],[5.13463,49.71305],[5.13573,49.71332],[5.13684,49.71369],[5.13798,49.71372],[5.13916,49.71357],[5.14115,49.71351],[5.14118,49.71279],[5.14157,49.71257],[5.14176,49.71207],[5.14215,49.71192],[5.14254,49.71125],[5.14235,49.71083],[5.14286,49.71043],[5.14278,49.70994],[5.14372,49.7092],[5.14438,49.70963],[5.14446,49.71013],[5.14512,49.71029],[5.14646,49.71106],[5.14752,49.71176],[5.14877,49.71332],[5.14998,49.71416],[5.1509,49.7153],[5.1513,49.71744],[5.15178,49.71789],[5.15309,49.71859]]]}},{"type":"Feature","id":"84016","bbox":[4.973024,49.961287,5.15206,50.045425],"properties":{"nis":"84016","name":"Daverdisse","nameNl":"Daverdisse","nameFr":"Daverdisse","nameDe":"Daverdisse","province":"luxembourg","region":"wallonia","areaKm2":56.69},"geometry":{"type":"Polygon","coordinates":[[[5.01097,50.03798],[5.00981,50.03827],[5.00821,50.03897],[5.00806,50.03897],[5.00662,50.0397],[5.00625,50.04],[5.00568,50.04075],[5.00428,50.04151],[5.00329,50.04222],[5.00267,50.04253],[5.00181,50.04349],[5.00149,50.0437],[5.00099,50.04443],[4.99978,50.04457],[4.99902,50.04477],[4.99807,50.04478],[4.99737,50.04543],[4.99743,50.04512],[4.99681,50.04451],[4.99599,50.04422],[4.99516,50.04343],[4.9948,50.04256],[4.99523,50.04207],[4.99492,50.04161],[4.99463,50.04009],[4.99477,50.03979],[4.99388,50.03861],[4.99398,50.03837],[4.99354,50.03758],[4.99377,50.03749],[4.99344,50.0369],[4.99331,50.03634],[4.99381,50.0347],[4.99371,50.03422],[4.9942,50.03257],[4.99387,50.0321],[4.99388,50.03142],[4.99333,50.03148],[4.99237,50.03117],[4.9919,50.03086],[4.99164,50.03046],[4.99121,50.0302],[4.99074,50.0296],[4.99023,50.02931],[4.9896,50.02846],[4.98911,50.02821],[4.98909,50.02799],[4.98818,50.02722],[4.98692,50.02762],[4.98414,50.02794],[4.98243,50.02893],[4.98226,50.02962],[4.98277,50.02965],[4.98305,50.03003],[4.98229,50.03032],[4.97884,50.03082],[4.97732,50.0301],[4.97564,50.02898],[4.97303,50.02889],[4.97375,50.02831],[4.9796,50.02514],[4.98032,50.02508],[4.98269,50.02414],[4.98527,50.02154],[4.98622,50.02005],[4.98789,50.01863],[4.98801,50.01825],[4.98884,50.01794],[4.99006,50.01692],[4.99032,50.01683],[4.99089,50.01601],[4.99123,50.01584],[4.9928,50.01538],[4.99395,50.01519],[4.9953,50.01511],[4.99693,50.01463],[4.997,50.01428],[4.99759,50.0139],[4.9978,50.01323],[4.99729,50.01153],[4.99653,50.00943],[4.99547,50.00894],[4.99437,50.00773],[4.99433,50.00713],[4.99556,50.00635],[4.99725,50.00581],[4.99857,50.00579],[4.99946,50.00554],[5.00081,50.00439],[5.00179,50.00315],[5.00403,50.00088],[5.00848,49.99816],[5.00903,49.99754],[5.00975,49.99716],[5.01145,49.99741],[5.01242,49.9973],[5.01229,49.996],[5.01255,49.99423],[5.01255,49.99239],[5.01039,49.99153],[5.00992,49.99129],[5.00645,49.98881],[5.00691,49.98867],[5.00755,49.98781],[5.00755,49.98646],[5.00721,49.98541],[5.00776,49.98401],[5.00712,49.98299],[5.00785,49.9824],[5.00878,49.98137],[5.0095,49.98118],[5.01123,49.98032],[5.01378,49.98011],[5.01517,49.97954],[5.01615,49.97878],[5.01722,49.97909],[5.0192,49.97752],[5.02113,49.97789],[5.02345,49.97827],[5.02651,49.97771],[5.03116,49.9784],[5.03235,49.97947],[5.03571,49.98054],[5.04243,49.98117],[5.04243,49.98123],[5.04441,49.98179],[5.0451,49.98356],[5.04658,49.98513],[5.04777,49.986],[5.04866,49.9862],[5.04862,49.98654],[5.04957,49.98675],[5.05007,49.98644],[5.05085,49.98661],[5.05175,49.98533],[5.05157,49.98527],[5.05244,49.98408],[5.05285,49.98337],[5.05772,49.98409],[5.06051,49.98442],[5.06088,49.98388],[5.06171,49.98322],[5.06298,49.98262],[5.06381,49.98235],[5.06694,49.98186],[5.06506,49.97959],[5.06562,49.97673],[5.06605,49.97556],[5.06772,49.97342],[5.06932,49.97254],[5.07082,49.9719],[5.07279,49.97046],[5.07503,49.96976],[5.07606,49.96927],[5.07655,49.96919],[5.07785,49.96828],[5.07899,49.96689],[5.08073,49.96689],[5.08351,49.96654],[5.08704,49.96479],[5.09071,49.96255],[5.09375,49.96129],[5.09495,49.96129],[5.09685,49.96165],[5.09827,49.96165],[5.09961,49.96183],[5.10059,49.96266],[5.10044,49.96423],[5.10094,49.96518],[5.10066,49.96608],[5.10002,49.96657],[5.1008,49.96859],[5.10178,49.969],[5.10284,49.96994],[5.10567,49.96976],[5.10666,49.97021],[5.11076,49.97147],[5.1116,49.97259],[5.11202,49.97376],[5.11153,49.97492],[5.11096,49.97677],[5.10934,49.97722],[5.10814,49.97811],[5.10864,49.97843],[5.10985,49.97852],[5.11139,49.9791],[5.11264,49.97924],[5.11357,49.97948],[5.11424,49.97999],[5.11493,49.98037],[5.11651,49.98104],[5.11909,49.98191],[5.12168,49.9826],[5.12233,49.98202],[5.12291,49.98214],[5.12396,49.98166],[5.12456,49.98108],[5.12514,49.98027],[5.12586,49.97972],[5.12671,49.9803],[5.12886,49.9807],[5.12952,49.98033],[5.13034,49.97957],[5.13036,49.9789],[5.1308,49.97862],[5.1316,49.97857],[5.13227,49.97878],[5.13282,49.97919],[5.13328,49.97979],[5.13331,49.98026],[5.13362,49.98105],[5.13408,49.98156],[5.13386,49.98229],[5.13402,49.98299],[5.13496,49.98399],[5.13618,49.98435],[5.13674,49.98464],[5.13764,49.98532],[5.13798,49.98591],[5.13841,49.98624],[5.13848,49.98674],[5.13823,49.98716],[5.13717,49.98723],[5.13657,49.98779],[5.13526,49.98831],[5.13496,49.98898],[5.13506,49.98991],[5.13416,49.98993],[5.13249,49.98957],[5.13056,49.98901],[5.12983,49.98863],[5.12942,49.98818],[5.12875,49.98891],[5.12812,49.98924],[5.12671,49.99043],[5.12749,49.9907],[5.12828,49.99271],[5.12845,49.99404],[5.12932,49.99525],[5.12912,49.99587],[5.12918,49.99667],[5.12936,49.99742],[5.13096,49.99762],[5.13178,49.99798],[5.1335,49.99804],[5.13436,49.99825],[5.13503,49.9982],[5.13526,49.99898],[5.13522,49.9998],[5.13263,50.00179],[5.13143,50.00336],[5.1312,50.00331],[5.13007,50.00374],[5.12858,50.00407],[5.12787,50.00444],[5.12768,50.00515],[5.1285,50.00615],[5.1284,50.00669],[5.1256,50.00785],[5.12435,50.00865],[5.12397,50.00912],[5.12388,50.00963],[5.12539,50.01105],[5.1284,50.0114],[5.12935,50.01192],[5.12983,50.01277],[5.12818,50.0172],[5.13009,50.01679],[5.13616,50.01778],[5.13758,50.01841],[5.1387,50.02052],[5.139,50.02086],[5.13978,50.02133],[5.14026,50.02142],[5.14566,50.02044],[5.14643,50.02026],[5.14701,50.02031],[5.14822,50.02072],[5.14867,50.021],[5.14903,50.02097],[5.15169,50.02252],[5.15134,50.023],[5.15064,50.02488],[5.15087,50.02694],[5.15123,50.02755],[5.15206,50.02856],[5.15134,50.0287],[5.1503,50.02909],[5.14828,50.02907],[5.14736,50.02927],[5.14708,50.02945],[5.14665,50.03048],[5.14654,50.03137],[5.14615,50.03219],[5.14545,50.03255],[5.1456,50.03272],[5.14505,50.03336],[5.14495,50.03382],[5.14431,50.03449],[5.14324,50.03515],[5.14174,50.03564],[5.14104,50.03603],[5.13993,50.03637],[5.13841,50.03661],[5.13773,50.03682],[5.13681,50.03734],[5.13656,50.03779],[5.13676,50.03803],[5.13657,50.03845],[5.13786,50.03879],[5.13724,50.03893],[5.13583,50.03874],[5.13474,50.03875],[5.13342,50.0389],[5.13247,50.03928],[5.13142,50.03951],[5.12937,50.04027],[5.12852,50.04038],[5.12713,50.04024],[5.12609,50.03985],[5.12541,50.03924],[5.12518,50.03868],[5.12573,50.03721],[5.12574,50.03585],[5.1259,50.03516],[5.12669,50.03373],[5.1267,50.03294],[5.12605,50.03215],[5.12616,50.03166],[5.12451,50.03108],[5.12284,50.02969],[5.12187,50.02941],[5.11914,50.02828],[5.11748,50.02755],[5.11685,50.02761],[5.11498,50.02822],[5.11428,50.02809],[5.11252,50.02741],[5.11214,50.02668],[5.11166,50.02641],[5.11147,50.02558],[5.11102,50.02512],[5.11017,50.02471],[5.10834,50.0246],[5.10786,50.02474],[5.10739,50.0244],[5.10654,50.02424],[5.10446,50.02427],[5.10403,50.02395],[5.10307,50.02358],[5.10165,50.02332],[5.10091,50.02354],[5.09808,50.02402],[5.09731,50.0242],[5.09646,50.02424],[5.09416,50.02377],[5.09159,50.02308],[5.09087,50.02314],[5.09022,50.02306],[5.08829,50.02222],[5.08739,50.02161],[5.08663,50.02069],[5.08604,50.01981],[5.0859,50.01927],[5.08633,50.01851],[5.08675,50.01733],[5.08667,50.01662],[5.08636,50.01636],[5.08513,50.01607],[5.08373,50.01599],[5.08331,50.01654],[5.08256,50.01675],[5.08062,50.01756],[5.0795,50.01745],[5.07689,50.01791],[5.07585,50.01767],[5.07246,50.01825],[5.07146,50.0191],[5.06996,50.01953],[5.06821,50.01955],[5.06582,50.01986],[5.06407,50.0205],[5.0622,50.02067],[5.06178,50.02082],[5.06092,50.02055],[5.05918,50.02087],[5.05748,50.02096],[5.05685,50.02111],[5.05622,50.02102],[5.05524,50.0213],[5.05572,50.02179],[5.05585,50.02213],[5.05545,50.02291],[5.05178,50.02516],[5.04867,50.02597],[5.04119,50.02642],[5.0361,50.02714],[5.0337,50.03001],[5.02664,50.03082],[5.01873,50.03396],[5.01746,50.03549],[5.01718,50.03549],[5.01348,50.03649],[5.01165,50.03771],[5.01097,50.03798]]]}},{"type":"Feature","id":"84029","bbox":[5.215368,49.759379,5.396509,49.832232],"properties":{"nis":"84029","name":"Herbeumont","nameNl":"Herbeumont","nameFr":"Herbeumont","nameDe":"Herbeumont","province":"luxembourg","region":"wallonia","areaKm2":58.52},"geometry":{"type":"Polygon","coordinates":[[[5.22224,49.77165],[5.22238,49.77058],[5.22505,49.76637],[5.22493,49.76147],[5.22612,49.76011],[5.22812,49.75938],[5.22961,49.7598],[5.2298,49.76077],[5.22931,49.76222],[5.22921,49.76339],[5.22991,49.7692],[5.22955,49.77242],[5.22891,49.7746],[5.22958,49.77528],[5.23049,49.77536],[5.23128,49.7748],[5.23286,49.77002],[5.23296,49.77002],[5.23416,49.76861],[5.23456,49.76849],[5.23583,49.76838],[5.23949,49.77077],[5.23958,49.77077],[5.24473,49.77215],[5.2468,49.7719],[5.24789,49.77102],[5.2467,49.7692],[5.2469,49.7692],[5.2471,49.76807],[5.24858,49.7675],[5.25115,49.76782],[5.25303,49.76731],[5.256,49.76379],[5.26025,49.76341],[5.26321,49.76511],[5.26687,49.76549],[5.26845,49.76505],[5.26865,49.76392],[5.26817,49.75998],[5.26933,49.7599],[5.27034,49.75962],[5.27238,49.75989],[5.27298,49.75976],[5.27496,49.75957],[5.2757,49.75969],[5.2762,49.75993],[5.2765,49.76046],[5.27633,49.76124],[5.27653,49.76148],[5.27775,49.76215],[5.27837,49.76238],[5.27866,49.76284],[5.27897,49.76296],[5.27931,49.76391],[5.28121,49.76439],[5.2823,49.76441],[5.28355,49.76486],[5.28441,49.76565],[5.28554,49.76705],[5.28565,49.76739],[5.28568,49.76968],[5.28691,49.77075],[5.28799,49.7713],[5.28946,49.77165],[5.29012,49.77201],[5.29032,49.77248],[5.29095,49.77558],[5.29145,49.7762],[5.29484,49.77754],[5.29551,49.77814],[5.29606,49.7797],[5.29652,49.78022],[5.29727,49.78047],[5.30736,49.77785],[5.30988,49.77882],[5.31897,49.77939],[5.32569,49.78127],[5.33557,49.77922],[5.33585,49.7791],[5.33856,49.77711],[5.33928,49.77666],[5.34022,49.77631],[5.34133,49.77617],[5.34317,49.77606],[5.3453,49.7764],[5.34699,49.77611],[5.34969,49.77582],[5.35088,49.77594],[5.35361,49.77637],[5.35551,49.77719],[5.35761,49.77794],[5.36345,49.77743],[5.36315,49.77619],[5.36278,49.77518],[5.37784,49.77628],[5.39302,49.77722],[5.39213,49.77853],[5.39167,49.779],[5.3926,49.77874],[5.39287,49.77894],[5.39211,49.77986],[5.39132,49.7802],[5.39099,49.78055],[5.39066,49.78049],[5.39038,49.7808],[5.39039,49.78129],[5.39071,49.78194],[5.39055,49.78239],[5.39111,49.78327],[5.39101,49.78383],[5.39116,49.78435],[5.39343,49.78652],[5.39408,49.78728],[5.39465,49.78773],[5.39536,49.78852],[5.39526,49.78996],[5.39487,49.79079],[5.39415,49.79177],[5.39477,49.79164],[5.39498,49.79218],[5.39586,49.79265],[5.39614,49.79342],[5.39651,49.79365],[5.39636,49.794],[5.39585,49.79432],[5.39602,49.79523],[5.39632,49.7959],[5.39606,49.79692],[5.39611,49.79756],[5.39486,49.79842],[5.39462,49.79872],[5.39411,49.80016],[5.39012,49.8004],[5.39046,49.80222],[5.39142,49.805],[5.3935,49.80615],[5.39297,49.80789],[5.3935,49.80904],[5.39436,49.80963],[5.39375,49.80987],[5.3913,49.80813],[5.39046,49.80872],[5.38917,49.80817],[5.3884,49.81158],[5.38656,49.81233],[5.3806,49.81309],[5.37859,49.81402],[5.37825,49.81465],[5.37916,49.81458],[5.37913,49.81526],[5.37882,49.81545],[5.37794,49.81535],[5.3777,49.81576],[5.37715,49.81582],[5.37695,49.81634],[5.37835,49.81647],[5.37842,49.81677],[5.37731,49.81726],[5.37565,49.81694],[5.37526,49.81673],[5.37472,49.81595],[5.37393,49.81749],[5.37338,49.81733],[5.37306,49.81765],[5.3728,49.81759],[5.37285,49.81832],[5.37312,49.81919],[5.37267,49.8192],[5.37183,49.81878],[5.36844,49.82232],[5.36574,49.82422],[5.36501,49.82545],[5.36017,49.82374],[5.35833,49.82159],[5.35903,49.82069],[5.36045,49.8205],[5.36016,49.81921],[5.35979,49.81901],[5.35873,49.81923],[5.3577,49.8184],[5.35675,49.8173],[5.3562,49.81719],[5.35576,49.8165],[5.35507,49.81634],[5.35387,49.81567],[5.35294,49.81532],[5.35195,49.81507],[5.35216,49.81615],[5.35252,49.81672],[5.35259,49.81779],[5.35093,49.81954],[5.35004,49.8208],[5.34836,49.82366],[5.34503,49.82556],[5.34196,49.82485],[5.34023,49.82572],[5.33716,49.82866],[5.3342,49.82945],[5.32891,49.83064],[5.32842,49.83223],[5.32633,49.83207],[5.31956,49.82985],[5.31967,49.82827],[5.319,49.82837],[5.31801,49.82826],[5.3179,49.82796],[5.31824,49.82772],[5.31886,49.82689],[5.31753,49.82635],[5.31624,49.82786],[5.31354,49.82683],[5.30901,49.82546],[5.30634,49.82421],[5.30351,49.82318],[5.30265,49.82214],[5.30121,49.81971],[5.30125,49.81896],[5.30055,49.81832],[5.29909,49.81735],[5.29857,49.81718],[5.29763,49.81707],[5.29741,49.8168],[5.29714,49.81565],[5.29619,49.81523],[5.29563,49.81532],[5.29491,49.81561],[5.29393,49.81517],[5.29258,49.81511],[5.29178,49.81524],[5.29153,49.81493],[5.29076,49.81506],[5.29023,49.81485],[5.28888,49.81456],[5.28778,49.81414],[5.28588,49.81382],[5.28368,49.81322],[5.28242,49.81308],[5.28186,49.81318],[5.28148,49.81293],[5.2814,49.81237],[5.28162,49.81149],[5.28154,49.81093],[5.28115,49.81062],[5.28106,49.81009],[5.28054,49.80932],[5.2795,49.80928],[5.27908,49.80895],[5.27897,49.80836],[5.27758,49.80787],[5.27655,49.80837],[5.27539,49.80877],[5.2737,49.80892],[5.2729,49.8089],[5.27186,49.80901],[5.27126,49.80939],[5.27098,49.81032],[5.27104,49.81075],[5.27079,49.81094],[5.27088,49.81131],[5.27038,49.81167],[5.27006,49.81238],[5.26943,49.81226],[5.26913,49.81245],[5.26761,49.81223],[5.26516,49.8117],[5.26317,49.81145],[5.263,49.81158],[5.26139,49.81208],[5.26097,49.81208],[5.25833,49.81159],[5.25464,49.81132],[5.2526,49.81016],[5.24895,49.81034],[5.24653,49.80983],[5.24466,49.80976],[5.24339,49.80923],[5.2423,49.80832],[5.24133,49.80818],[5.24041,49.80778],[5.24008,49.80726],[5.24011,49.8069],[5.23919,49.8065],[5.23895,49.80622],[5.23766,49.8058],[5.23679,49.80586],[5.23657,49.80573],[5.23595,49.80588],[5.23447,49.80573],[5.23399,49.80583],[5.23327,49.8054],[5.23311,49.80511],[5.23269,49.80505],[5.23197,49.80468],[5.23194,49.80426],[5.23139,49.80411],[5.23107,49.80364],[5.23075,49.80353],[5.23043,49.80272],[5.22977,49.80244],[5.2286,49.80236],[5.22806,49.80208],[5.22762,49.80148],[5.22726,49.80131],[5.22648,49.80125],[5.22478,49.80093],[5.22442,49.80075],[5.22446,49.80031],[5.22363,49.80014],[5.22185,49.80028],[5.22132,49.80067],[5.22165,49.80087],[5.22133,49.80103],[5.22062,49.80104],[5.21943,49.80137],[5.2189,49.80172],[5.21878,49.80205],[5.21793,49.80231],[5.21744,49.80269],[5.21783,49.80284],[5.2174,49.80311],[5.2168,49.80431],[5.21537,49.80428],[5.2154,49.80358],[5.21563,49.80225],[5.21652,49.80108],[5.21804,49.80011],[5.21896,49.79916],[5.21923,49.79715],[5.22016,49.795],[5.22035,49.79479],[5.22063,49.79385],[5.22196,49.79251],[5.22302,49.79283],[5.22433,49.79537],[5.22428,49.79606],[5.22445,49.79633],[5.22577,49.79689],[5.22658,49.79677],[5.2272,49.79652],[5.22808,49.79579],[5.22824,49.79495],[5.22808,49.79412],[5.22691,49.7916],[5.2269,49.79107],[5.22743,49.78887],[5.23059,49.78531],[5.23251,49.78197],[5.23307,49.78042],[5.23253,49.77885],[5.23119,49.7778],[5.22873,49.77722],[5.22497,49.77689],[5.2237,49.77623],[5.22252,49.77542],[5.22191,49.77337],[5.22224,49.77165]]]}},{"type":"Feature","id":"84033","bbox":[5.411652,49.734325,5.705341,49.900915],"properties":{"nis":"84033","name":"Léglise","nameNl":"Léglise","nameFr":"Léglise","nameDe":"Léglise","province":"luxembourg","region":"wallonia","areaKm2":173.16},"geometry":{"type":"Polygon","coordinates":[[[5.41165,49.79047],[5.41204,49.78937],[5.41274,49.78839],[5.4125,49.78733],[5.41272,49.78644],[5.41357,49.78567],[5.41367,49.78544],[5.41458,49.78515],[5.41567,49.78538],[5.41589,49.7857],[5.41709,49.78688],[5.41789,49.7875],[5.41918,49.78836],[5.41949,49.78802],[5.41832,49.78705],[5.41728,49.7861],[5.41694,49.78545],[5.41835,49.7847],[5.41957,49.7842],[5.42125,49.78373],[5.42205,49.78362],[5.42428,49.78375],[5.42505,49.78361],[5.42597,49.78321],[5.42684,49.78247],[5.42743,49.78225],[5.42858,49.78256],[5.43035,49.78291],[5.43102,49.78297],[5.43212,49.78287],[5.4327,49.78271],[5.43387,49.78274],[5.43509,49.78319],[5.43811,49.78342],[5.43886,49.78353],[5.43975,49.7835],[5.43979,49.78327],[5.44034,49.78336],[5.44804,49.7814],[5.4475,49.77878],[5.44757,49.77806],[5.44827,49.77623],[5.44928,49.77507],[5.4494,49.77395],[5.44997,49.77329],[5.45271,49.77081],[5.45312,49.77056],[5.45406,49.77031],[5.45688,49.76892],[5.45748,49.76843],[5.45793,49.76719],[5.45907,49.76644],[5.45939,49.76578],[5.46039,49.76467],[5.4612,49.76396],[5.46177,49.76307],[5.46355,49.76194],[5.46404,49.76148],[5.46455,49.76048],[5.46552,49.75994],[5.4663,49.75936],[5.46664,49.75843],[5.46814,49.75664],[5.46971,49.75559],[5.47057,49.75516],[5.47318,49.75431],[5.47822,49.75191],[5.47822,49.75045],[5.47851,49.74956],[5.47876,49.74917],[5.4786,49.74853],[5.47883,49.74836],[5.47863,49.74782],[5.47935,49.74726],[5.47963,49.74669],[5.48105,49.74562],[5.48159,49.74485],[5.48185,49.74471],[5.48298,49.7435],[5.48394,49.74289],[5.48436,49.74278],[5.48477,49.74237],[5.48539,49.74224],[5.48624,49.74171],[5.48712,49.74152],[5.48793,49.7412],[5.4886,49.74125],[5.48904,49.74096],[5.49164,49.74035],[5.49232,49.73961],[5.49297,49.73934],[5.49385,49.73925],[5.49435,49.73858],[5.49513,49.73826],[5.49569,49.7375],[5.49606,49.73751],[5.49626,49.73713],[5.49654,49.73715],[5.49795,49.73639],[5.49895,49.73607],[5.49977,49.73533],[5.49963,49.73525],[5.50077,49.73433],[5.50094,49.73439],[5.50117,49.73454],[5.50275,49.7351],[5.50446,49.73594],[5.50529,49.73624],[5.50677,49.73661],[5.50761,49.73715],[5.50831,49.73824],[5.50825,49.73921],[5.50811,49.7394],[5.5081,49.74038],[5.50843,49.74109],[5.50963,49.74236],[5.51018,49.74335],[5.51445,49.74367],[5.51717,49.74367],[5.51781,49.74323],[5.51938,49.74316],[5.52085,49.74274],[5.5235,49.74279],[5.52614,49.74344],[5.52666,49.74353],[5.5269,49.7432],[5.52689,49.74252],[5.52752,49.74188],[5.52768,49.74148],[5.52839,49.74105],[5.52878,49.74201],[5.52873,49.74275],[5.52896,49.74334],[5.53011,49.7437],[5.53129,49.7438],[5.53566,49.74523],[5.53776,49.7455],[5.5404,49.74483],[5.54455,49.74348],[5.54586,49.74308],[5.54654,49.74371],[5.54689,49.74419],[5.54674,49.7451],[5.54698,49.74556],[5.54682,49.74669],[5.54702,49.74695],[5.54889,49.7471],[5.5495,49.74759],[5.54915,49.74883],[5.54934,49.74972],[5.54956,49.74987],[5.55083,49.75026],[5.55162,49.75022],[5.5524,49.75063],[5.55224,49.75092],[5.55238,49.75136],[5.55222,49.75192],[5.55243,49.75231],[5.55232,49.75259],[5.55294,49.75328],[5.553,49.75375],[5.55335,49.75441],[5.55341,49.75519],[5.55308,49.75618],[5.55255,49.75691],[5.55232,49.75742],[5.55221,49.75844],[5.55248,49.75848],[5.55255,49.75948],[5.55298,49.75966],[5.55509,49.7598],[5.55806,49.75708],[5.56219,49.75896],[5.56327,49.76114],[5.56418,49.76252],[5.56652,49.76449],[5.56448,49.76704],[5.5644,49.76764],[5.56591,49.76985],[5.56479,49.77538],[5.56804,49.77479],[5.57229,49.77563],[5.5813,49.77477],[5.58358,49.77534],[5.58873,49.77455],[5.59373,49.77127],[5.59497,49.77132],[5.60455,49.77318],[5.60679,49.77371],[5.60722,49.77348],[5.6078,49.77352],[5.60775,49.77414],[5.6088,49.77427],[5.60902,49.77452],[5.60876,49.77489],[5.60909,49.7754],[5.60968,49.77592],[5.61047,49.77683],[5.61053,49.7766],[5.61104,49.77641],[5.61198,49.77834],[5.6124,49.77796],[5.6134,49.77881],[5.61516,49.77811],[5.617,49.77877],[5.61638,49.7802],[5.61837,49.78046],[5.61942,49.77931],[5.62006,49.77977],[5.62072,49.78007],[5.62117,49.77964],[5.62244,49.78],[5.62292,49.77936],[5.62311,49.7794],[5.62402,49.77855],[5.62429,49.77806],[5.62369,49.77732],[5.62401,49.77719],[5.6246,49.77759],[5.62512,49.7773],[5.62458,49.77673],[5.62523,49.77677],[5.62636,49.77649],[5.62726,49.77612],[5.62749,49.77622],[5.6299,49.7766],[5.62963,49.77798],[5.63038,49.77694],[5.63055,49.77698],[5.6315,49.77572],[5.63123,49.77571],[5.63157,49.77513],[5.63118,49.77375],[5.63076,49.77337],[5.63183,49.7728],[5.63248,49.77296],[5.63771,49.77363],[5.63846,49.77403],[5.63949,49.77378],[5.64105,49.77286],[5.64231,49.77171],[5.64357,49.77001],[5.64409,49.7692],[5.6445,49.76885],[5.64597,49.7688],[5.64674,49.76885],[5.64824,49.76752],[5.65024,49.76847],[5.65186,49.76992],[5.65187,49.77051],[5.65136,49.77262],[5.65234,49.77405],[5.65355,49.77405],[5.65383,49.77371],[5.65461,49.77436],[5.65453,49.77524],[5.65367,49.7758],[5.65348,49.77622],[5.65403,49.77724],[5.65445,49.7778],[5.65538,49.7781],[5.65614,49.77857],[5.66006,49.77941],[5.66486,49.78136],[5.66693,49.78098],[5.66747,49.78136],[5.66685,49.78211],[5.66897,49.78254],[5.66894,49.7836],[5.67222,49.78274],[5.67728,49.78257],[5.68018,49.78399],[5.68456,49.78243],[5.6857,49.78311],[5.68607,49.78356],[5.69538,49.79695],[5.70534,49.81087],[5.702,49.81895],[5.70152,49.82018],[5.70121,49.82013],[5.70054,49.82048],[5.69939,49.82108],[5.69915,49.8215],[5.6984,49.82222],[5.69742,49.82279],[5.69653,49.82365],[5.69672,49.82416],[5.69642,49.82469],[5.6972,49.82495],[5.69729,49.82586],[5.69699,49.82622],[5.69597,49.82712],[5.69509,49.82691],[5.6941,49.82643],[5.6937,49.82582],[5.69329,49.82548],[5.69309,49.82593],[5.69267,49.82609],[5.69193,49.82682],[5.68954,49.82705],[5.68797,49.82671],[5.68723,49.82611],[5.68724,49.82586],[5.68657,49.8253],[5.6858,49.82446],[5.68652,49.82392],[5.68636,49.82366],[5.68557,49.82411],[5.68508,49.82426],[5.68478,49.82413],[5.68443,49.82324],[5.68364,49.82293],[5.68297,49.82249],[5.68276,49.82155],[5.68247,49.82137],[5.6825,49.82082],[5.68313,49.81968],[5.68304,49.81961],[5.68194,49.82051],[5.6817,49.82112],[5.68162,49.82191],[5.68124,49.82263],[5.6826,49.82264],[5.6832,49.82351],[5.68287,49.82384],[5.68406,49.82458],[5.68553,49.82558],[5.68574,49.82591],[5.6854,49.82662],[5.68383,49.82726],[5.68307,49.82724],[5.68192,49.82698],[5.68061,49.82656],[5.68058,49.82721],[5.6825,49.82815],[5.67883,49.8284],[5.67656,49.82885],[5.67303,49.82872],[5.67224,49.82943],[5.67401,49.82995],[5.67483,49.83074],[5.67339,49.8335],[5.66869,49.83258],[5.66757,49.83258],[5.6665,49.83288],[5.66319,49.83162],[5.65837,49.83143],[5.65628,49.83189],[5.65189,49.83134],[5.65043,49.83245],[5.64881,49.83145],[5.64894,49.83105],[5.64844,49.83116],[5.64769,49.8309],[5.64805,49.83134],[5.64789,49.83153],[5.64644,49.83142],[5.6459,49.83154],[5.64583,49.83189],[5.64464,49.83181],[5.64408,49.83165],[5.64379,49.8306],[5.6434,49.83068],[5.6427,49.83019],[5.64183,49.83002],[5.64161,49.83015],[5.64253,49.83083],[5.64187,49.83253],[5.63952,49.83273],[5.63736,49.83204],[5.63642,49.82985],[5.63654,49.82926],[5.63614,49.82918],[5.63575,49.82981],[5.63469,49.8296],[5.63589,49.83027],[5.63647,49.8313],[5.63565,49.83176],[5.63398,49.83178],[5.63289,49.83347],[5.6328,49.83445],[5.63414,49.83689],[5.63379,49.83717],[5.63275,49.83732],[5.62838,49.83631],[5.62614,49.83611],[5.62407,49.8353],[5.62254,49.83411],[5.6219,49.83349],[5.62202,49.83308],[5.62076,49.83163],[5.62045,49.83036],[5.61953,49.82962],[5.61659,49.83041],[5.61433,49.83033],[5.61487,49.83172],[5.61653,49.83282],[5.61784,49.83363],[5.61811,49.83432],[5.6181,49.83591],[5.62002,49.83606],[5.62414,49.83612],[5.62511,49.83611],[5.62536,49.83634],[5.62639,49.83651],[5.6271,49.83653],[5.6277,49.83669],[5.62912,49.83676],[5.6292,49.83715],[5.62987,49.83716],[5.63104,49.8378],[5.6321,49.83771],[5.63292,49.83792],[5.63348,49.83827],[5.6327,49.83916],[5.63209,49.84009],[5.63145,49.84047],[5.63054,49.84068],[5.62988,49.84132],[5.6297,49.84179],[5.62993,49.84366],[5.62966,49.84451],[5.62918,49.84511],[5.62904,49.84557],[5.63089,49.84578],[5.63191,49.84543],[5.63344,49.8453],[5.63475,49.845],[5.63563,49.84502],[5.63616,49.84489],[5.63618,49.84577],[5.63713,49.84638],[5.63773,49.84699],[5.63689,49.84744],[5.63707,49.84761],[5.63577,49.84808],[5.63552,49.84852],[5.63564,49.84951],[5.63636,49.85046],[5.63624,49.85094],[5.63656,49.85149],[5.63679,49.85276],[5.63711,49.8538],[5.63694,49.85424],[5.63699,49.85516],[5.63727,49.85528],[5.63695,49.85592],[5.63609,49.85679],[5.63597,49.85708],[5.63624,49.85795],[5.63702,49.8589],[5.63501,49.85871],[5.6337,49.85833],[5.63348,49.85891],[5.63329,49.85891],[5.63305,49.85958],[5.63248,49.85981],[5.63272,49.85997],[5.63271,49.86157],[5.63349,49.86222],[5.63386,49.86239],[5.63405,49.86316],[5.63477,49.86392],[5.6352,49.86462],[5.63608,49.86515],[5.63625,49.86564],[5.63732,49.86617],[5.63722,49.86638],[5.63553,49.86812],[5.63498,49.86932],[5.63554,49.86939],[5.63507,49.87009],[5.63441,49.87008],[5.634,49.86989],[5.63391,49.8703],[5.63425,49.8703],[5.63549,49.87252],[5.63564,49.87348],[5.63553,49.87463],[5.63528,49.87588],[5.6354,49.87642],[5.63667,49.87705],[5.63774,49.87748],[5.6382,49.87808],[5.63849,49.87954],[5.63972,49.88098],[5.64002,49.88122],[5.63927,49.88188],[5.63781,49.88234],[5.63722,49.88259],[5.63669,49.88242],[5.63603,49.88256],[5.63619,49.88283],[5.63717,49.88334],[5.63834,49.88408],[5.63841,49.88439],[5.63886,49.88447],[5.63938,49.88433],[5.63973,49.88482],[5.64045,49.88531],[5.64125,49.88527],[5.64157,49.88553],[5.64227,49.88559],[5.64241,49.88602],[5.6427,49.88582],[5.64325,49.88588],[5.64352,49.88618],[5.64535,49.88615],[5.64616,49.88584],[5.64656,49.88548],[5.64744,49.88557],[5.64929,49.88626],[5.64999,49.88666],[5.64982,49.88696],[5.65045,49.88701],[5.65043,49.88831],[5.65023,49.8886],[5.65013,49.88934],[5.64978,49.8899],[5.64986,49.8904],[5.64922,49.89041],[5.65035,49.89148],[5.65106,49.89149],[5.65162,49.89259],[5.65198,49.89275],[5.65249,49.89327],[5.65227,49.89346],[5.65237,49.8941],[5.65218,49.89468],[5.65238,49.89577],[5.65285,49.89656],[5.65345,49.89697],[5.65377,49.89812],[5.65414,49.89842],[5.65566,49.89825],[5.65615,49.89836],[5.65658,49.899],[5.65662,49.89949],[5.6569,49.90019],[5.65659,49.90039],[5.65568,49.90091],[5.65347,49.90014],[5.65131,49.89961],[5.6459,49.89808],[5.64281,49.89726],[5.64034,49.89635],[5.63942,49.89581],[5.63932,49.89541],[5.63791,49.8951],[5.63761,49.89526],[5.63688,49.89523],[5.63461,49.8948],[5.63173,49.89402],[5.63045,49.89372],[5.62773,49.89296],[5.62686,49.89259],[5.62676,49.89268],[5.62446,49.89179],[5.62463,49.89159],[5.62164,49.89056],[5.61893,49.88967],[5.61724,49.8888],[5.6159,49.88786],[5.61583,49.88792],[5.61337,49.88676],[5.61329,49.88681],[5.61173,49.88612],[5.60927,49.88538],[5.60788,49.88483],[5.60693,49.88437],[5.60586,49.88418],[5.60604,49.88336],[5.60223,49.88247],[5.59737,49.88024],[5.59445,49.87919],[5.59174,49.87853],[5.58893,49.87816],[5.58592,49.87688],[5.58425,49.87595],[5.58388,49.87515],[5.58211,49.87355],[5.58257,49.87272],[5.58182,49.87207],[5.57996,49.87094],[5.57987,49.87103],[5.57843,49.87036],[5.57805,49.87029],[5.57687,49.86954],[5.57649,49.86886],[5.57529,49.86818],[5.57493,49.86843],[5.57395,49.86811],[5.57314,49.86849],[5.57212,49.86883],[5.57058,49.86791],[5.57006,49.86872],[5.56923,49.86847],[5.56839,49.86904],[5.56787,49.8697],[5.56471,49.8698],[5.56483,49.86967],[5.56315,49.86929],[5.56299,49.86885],[5.56084,49.86852],[5.56062,49.869],[5.55987,49.86819],[5.55887,49.86765],[5.55845,49.86814],[5.55681,49.86961],[5.5567,49.86956],[5.55443,49.87078],[5.55305,49.87023],[5.55146,49.8697],[5.55136,49.86951],[5.55063,49.86951],[5.55045,49.8693],[5.54765,49.8681],[5.54544,49.86745],[5.54445,49.86695],[5.54245,49.86723],[5.54299,49.86769],[5.54114,49.8676],[5.53974,49.86791],[5.53764,49.86799],[5.5364,49.86817],[5.53552,49.8687],[5.53493,49.86886],[5.53428,49.86922],[5.53327,49.86962],[5.532,49.87022],[5.53048,49.86998],[5.52936,49.87012],[5.52942,49.86992],[5.52785,49.86948],[5.5259,49.86876],[5.5253,49.8687],[5.52549,49.86817],[5.52453,49.86709],[5.52446,49.86642],[5.52336,49.86627],[5.5229,49.86575],[5.52308,49.86518],[5.52194,49.865],[5.52234,49.86461],[5.52163,49.86452],[5.52133,49.86397],[5.52079,49.86408],[5.52068,49.86384],[5.52002,49.86395],[5.51751,49.86392],[5.51679,49.86396],[5.5158,49.86381],[5.51588,49.86337],[5.51479,49.86282],[5.51432,49.86242],[5.51413,49.86162],[5.51367,49.86156],[5.51081,49.86026],[5.50647,49.85893],[5.50499,49.85857],[5.50425,49.85848],[5.50397,49.85741],[5.50435,49.85641],[5.50598,49.85505],[5.50634,49.85399],[5.50707,49.85282],[5.5074,49.85176],[5.50754,49.85062],[5.50677,49.84813],[5.50682,49.84713],[5.507,49.84633],[5.5085,49.84613],[5.51098,49.84547],[5.51236,49.84451],[5.51225,49.84441],[5.51347,49.84369],[5.51536,49.843],[5.51597,49.84289],[5.51749,49.84299],[5.51829,49.84224],[5.51921,49.84109],[5.51946,49.84063],[5.51947,49.83885],[5.51899,49.83786],[5.51932,49.8374],[5.51915,49.83617],[5.51921,49.83542],[5.51975,49.83419],[5.52071,49.83325],[5.52267,49.83294],[5.52324,49.8324],[5.52443,49.83197],[5.52514,49.83184],[5.52456,49.83113],[5.52443,49.83061],[5.5241,49.83024],[5.52155,49.82931],[5.52014,49.82897],[5.51722,49.82836],[5.5169,49.82811],[5.51665,49.8275],[5.51601,49.82666],[5.51512,49.82581],[5.51353,49.82264],[5.51207,49.82171],[5.51149,49.82097],[5.51128,49.81995],[5.50938,49.81984],[5.50725,49.81901],[5.50761,49.81835],[5.50801,49.81836],[5.5078,49.81808],[5.50863,49.81725],[5.50869,49.81671],[5.50825,49.81647],[5.50857,49.81628],[5.50834,49.81594],[5.5089,49.8153],[5.50873,49.81513],[5.50903,49.81476],[5.50876,49.81464],[5.50877,49.81426],[5.50709,49.81466],[5.50552,49.81484],[5.50435,49.8152],[5.50308,49.81536],[5.50162,49.81522],[5.5011,49.81563],[5.50137,49.8157],[5.50056,49.81662],[5.4994,49.81772],[5.49857,49.81755],[5.49814,49.81788],[5.49872,49.81793],[5.49842,49.81825],[5.49777,49.81821],[5.49698,49.81881],[5.49603,49.81862],[5.49434,49.81809],[5.49409,49.81837],[5.49367,49.8182],[5.49304,49.81882],[5.49232,49.81851],[5.49101,49.8195],[5.49083,49.81923],[5.48627,49.81888],[5.48322,49.81905],[5.48177,49.81754],[5.4806,49.81573],[5.4796,49.81378],[5.479,49.81352],[5.47968,49.8133],[5.47952,49.81316],[5.47866,49.81323],[5.47812,49.8128],[5.47736,49.81296],[5.47639,49.81343],[5.47516,49.81295],[5.47386,49.81432],[5.47252,49.81522],[5.47181,49.81448],[5.47211,49.81411],[5.47005,49.8138],[5.46794,49.8136],[5.46794,49.81383],[5.46608,49.8136],[5.46353,49.81359],[5.46443,49.81476],[5.4637,49.81516],[5.46329,49.81514],[5.46147,49.81528],[5.46067,49.81551],[5.45882,49.81551],[5.45898,49.81494],[5.45645,49.81471],[5.45716,49.81365],[5.45595,49.81321],[5.45653,49.81235],[5.45383,49.81165],[5.45427,49.81087],[5.45205,49.8104],[5.45144,49.81014],[5.45154,49.80988],[5.44902,49.80912],[5.44912,49.8088],[5.44811,49.80861],[5.44816,49.80812],[5.44741,49.80798],[5.44765,49.80704],[5.44518,49.80623],[5.44481,49.8062],[5.4452,49.80535],[5.44391,49.80504],[5.44297,49.80444],[5.44196,49.80325],[5.44186,49.80285],[5.44142,49.80233],[5.44086,49.8012],[5.44038,49.80049],[5.44031,49.79983],[5.4411,49.7988],[5.43991,49.79822],[5.43888,49.79799],[5.43847,49.79775],[5.43684,49.79709],[5.43595,49.79699],[5.43384,49.7959],[5.43019,49.79487],[5.43056,49.79424],[5.42984,49.7937],[5.42887,49.79364],[5.42818,49.79378],[5.42683,49.7944],[5.42498,49.79454],[5.42446,49.79437],[5.42354,49.79437],[5.42245,49.79395],[5.42146,49.79367],[5.42042,49.79349],[5.41872,49.79298],[5.41784,49.7925],[5.41533,49.79137],[5.41444,49.79105],[5.41368,49.79089],[5.41225,49.79081],[5.41165,49.79047]]]}},{"type":"Feature","id":"84035","bbox":[5.123878,49.907817,5.330341,50.045755],"properties":{"nis":"84035","name":"Libin","nameNl":"Libin","nameFr":"Libin","nameDe":"Libin","province":"luxembourg","region":"wallonia","areaKm2":140.06},"geometry":{"type":"Polygon","coordinates":[[[5.17821,50.04507],[5.17313,50.0441],[5.16967,50.04332],[5.16775,50.0427],[5.1632,50.04402],[5.16296,50.04465],[5.16255,50.04499],[5.16128,50.04552],[5.15962,50.04528],[5.15886,50.04491],[5.15798,50.0447],[5.15682,50.04479],[5.15577,50.04498],[5.15552,50.04464],[5.15498,50.04439],[5.15395,50.04449],[5.15304,50.04442],[5.15271,50.04424],[5.15224,50.04437],[5.15069,50.04406],[5.14944,50.04409],[5.14855,50.04446],[5.1476,50.0451],[5.14581,50.04576],[5.1437,50.0456],[5.14302,50.04571],[5.14132,50.04555],[5.14041,50.04534],[5.13906,50.04486],[5.13868,50.04455],[5.13818,50.04443],[5.13773,50.04374],[5.1388,50.04334],[5.13954,50.04285],[5.14013,50.04203],[5.13993,50.04115],[5.13925,50.03995],[5.13876,50.0394],[5.13786,50.03879],[5.13657,50.03845],[5.13676,50.03803],[5.13656,50.03779],[5.13681,50.03734],[5.13773,50.03682],[5.13841,50.03661],[5.13993,50.03637],[5.14104,50.03603],[5.14174,50.03564],[5.14324,50.03515],[5.14431,50.03449],[5.14495,50.03382],[5.14505,50.03336],[5.1456,50.03272],[5.14545,50.03255],[5.14615,50.03219],[5.14654,50.03137],[5.14665,50.03048],[5.14708,50.02945],[5.14736,50.02927],[5.14828,50.02907],[5.1503,50.02909],[5.15134,50.0287],[5.15206,50.02856],[5.15123,50.02755],[5.15087,50.02694],[5.15064,50.02488],[5.15134,50.023],[5.15169,50.02252],[5.14903,50.02097],[5.14867,50.021],[5.14822,50.02072],[5.14701,50.02031],[5.14643,50.02026],[5.14566,50.02044],[5.14026,50.02142],[5.13978,50.02133],[5.139,50.02086],[5.1387,50.02052],[5.13758,50.01841],[5.13616,50.01778],[5.13009,50.01679],[5.12818,50.0172],[5.12983,50.01277],[5.12935,50.01192],[5.1284,50.0114],[5.12539,50.01105],[5.12388,50.00963],[5.12397,50.00912],[5.12435,50.00865],[5.1256,50.00785],[5.1284,50.00669],[5.1285,50.00615],[5.12768,50.00515],[5.12787,50.00444],[5.12858,50.00407],[5.13007,50.00374],[5.1312,50.00331],[5.13143,50.00336],[5.13263,50.00179],[5.13522,49.9998],[5.13526,49.99898],[5.13503,49.9982],[5.13436,49.99825],[5.1335,49.99804],[5.13178,49.99798],[5.13096,49.99762],[5.12936,49.99742],[5.12918,49.99667],[5.12912,49.99587],[5.12932,49.99525],[5.12845,49.99404],[5.12828,49.99271],[5.12749,49.9907],[5.12671,49.99043],[5.12812,49.98924],[5.12875,49.98891],[5.12942,49.98818],[5.12983,49.98863],[5.13056,49.98901],[5.13249,49.98957],[5.13416,49.98993],[5.13506,49.98991],[5.1355,49.99041],[5.13541,49.99067],[5.13596,49.99115],[5.13582,49.9919],[5.13596,49.99241],[5.13644,49.99295],[5.13703,49.9932],[5.13678,49.99223],[5.13732,49.99187],[5.13937,49.99196],[5.13986,49.99203],[5.14065,49.99237],[5.14087,49.99061],[5.13874,49.99047],[5.13794,49.98984],[5.13786,49.98891],[5.14076,49.98855],[5.14156,49.98853],[5.14227,49.9887],[5.14367,49.98876],[5.14371,49.98848],[5.14295,49.98728],[5.14276,49.98591],[5.14276,49.98458],[5.14624,49.98314],[5.14991,49.97995],[5.15144,49.97865],[5.15203,49.97832],[5.15227,49.97785],[5.15214,49.97751],[5.16083,49.97963],[5.15967,49.98135],[5.15895,49.9819],[5.15827,49.9826],[5.15623,49.98404],[5.15679,49.98455],[5.15732,49.98484],[5.15787,49.98494],[5.15908,49.98489],[5.16002,49.98533],[5.16081,49.98535],[5.16162,49.98459],[5.16228,49.98385],[5.1663,49.98267],[5.16729,49.9828],[5.1676,49.9835],[5.1674,49.98445],[5.167,49.98539],[5.1666,49.98566],[5.1655,49.98688],[5.16496,49.98815],[5.16501,49.98844],[5.1655,49.98862],[5.16677,49.98884],[5.16855,49.98936],[5.17012,49.99008],[5.17077,49.99025],[5.17195,49.98885],[5.17337,49.98766],[5.17407,49.98694],[5.17368,49.98614],[5.17431,49.98604],[5.1757,49.98563],[5.17715,49.98486],[5.17843,49.98426],[5.17962,49.98388],[5.17957,49.98353],[5.18013,49.98285],[5.18033,49.9821],[5.1807,49.98177],[5.18141,49.98163],[5.182,49.98127],[5.18232,49.98087],[5.18228,49.97968],[5.18243,49.97906],[5.18311,49.97858],[5.18333,49.97791],[5.18384,49.97748],[5.18474,49.97708],[5.18565,49.97577],[5.18615,49.97543],[5.18624,49.975],[5.187,49.97408],[5.18799,49.97406],[5.18807,49.97367],[5.18844,49.9736],[5.18889,49.97388],[5.19076,49.97413],[5.19079,49.97444],[5.19189,49.97475],[5.19262,49.97462],[5.19268,49.97401],[5.19358,49.97361],[5.19353,49.97273],[5.19234,49.97155],[5.19223,49.97115],[5.19152,49.9706],[5.19141,49.96984],[5.19059,49.96977],[5.19033,49.96932],[5.19084,49.96894],[5.19135,49.96885],[5.19245,49.96837],[5.19251,49.96779],[5.19375,49.96697],[5.19364,49.96664],[5.19545,49.96544],[5.19542,49.96504],[5.19583,49.96466],[5.19398,49.96396],[5.19306,49.96348],[5.19184,49.96298],[5.18906,49.96267],[5.18918,49.96231],[5.1885,49.96229],[5.18717,49.96206],[5.18641,49.96174],[5.1855,49.96093],[5.185,49.96097],[5.18517,49.96055],[5.18488,49.96009],[5.18457,49.95998],[5.185,49.95937],[5.18469,49.95903],[5.18452,49.95818],[5.18577,49.95796],[5.18777,49.95708],[5.1884,49.95642],[5.18919,49.9554],[5.18884,49.95509],[5.18959,49.95479],[5.18997,49.95489],[5.19074,49.95467],[5.1914,49.95395],[5.19115,49.9528],[5.19136,49.95274],[5.19127,49.9521],[5.19091,49.95165],[5.19137,49.95147],[5.19119,49.95102],[5.19132,49.95071],[5.19247,49.94996],[5.19353,49.94952],[5.19376,49.94918],[5.19376,49.9483],[5.19343,49.94792],[5.19352,49.94768],[5.19324,49.94682],[5.194,49.94624],[5.19345,49.94602],[5.19378,49.94578],[5.1927,49.9452],[5.19048,49.9442],[5.18726,49.94264],[5.18505,49.94107],[5.18153,49.93903],[5.1797,49.9381],[5.17668,49.93585],[5.17589,49.93494],[5.17857,49.93501],[5.18003,49.93415],[5.18093,49.93413],[5.18215,49.93384],[5.18318,49.93408],[5.18479,49.9343],[5.18622,49.93428],[5.1871,49.93389],[5.18913,49.93274],[5.18906,49.93152],[5.19085,49.93168],[5.19467,49.93189],[5.19511,49.93189],[5.20427,49.93074],[5.20621,49.93051],[5.21999,49.92773],[5.22306,49.92701],[5.22367,49.9268],[5.22432,49.92611],[5.22569,49.9264],[5.22518,49.92562],[5.22568,49.92527],[5.22618,49.9256],[5.22672,49.92538],[5.22666,49.9258],[5.22779,49.9254],[5.22893,49.92483],[5.22909,49.92379],[5.22829,49.92245],[5.22839,49.92159],[5.22879,49.92147],[5.22884,49.92084],[5.23061,49.91994],[5.23188,49.91906],[5.23204,49.91857],[5.2328,49.91848],[5.23332,49.91784],[5.23329,49.91755],[5.23702,49.91677],[5.23755,49.91655],[5.24309,49.91353],[5.24491,49.91272],[5.24639,49.91222],[5.24708,49.91281],[5.24774,49.91279],[5.24816,49.91249],[5.24779,49.912],[5.2512,49.91071],[5.25279,49.91001],[5.25366,49.90999],[5.25538,49.91019],[5.25571,49.91033],[5.25693,49.91012],[5.2583,49.90968],[5.25942,49.9097],[5.26112,49.9092],[5.26108,49.90879],[5.26217,49.90879],[5.26219,49.90891],[5.26459,49.90852],[5.26611,49.90811],[5.26902,49.90798],[5.27097,49.90782],[5.27417,49.90909],[5.27585,49.90904],[5.27878,49.90972],[5.28008,49.91056],[5.28162,49.91057],[5.28332,49.91086],[5.28727,49.91196],[5.29156,49.91187],[5.2931,49.91259],[5.29427,49.91289],[5.29632,49.91317],[5.29687,49.91318],[5.29757,49.91278],[5.29836,49.91323],[5.301,49.91329],[5.30217,49.91307],[5.30305,49.9132],[5.30496,49.91313],[5.30578,49.91322],[5.30706,49.91305],[5.30772,49.91317],[5.3082,49.9131],[5.30986,49.9134],[5.31146,49.91313],[5.31144,49.91291],[5.31461,49.913],[5.31608,49.91268],[5.31751,49.91264],[5.31807,49.9129],[5.31988,49.91311],[5.32001,49.91328],[5.32118,49.9136],[5.32264,49.91431],[5.3241,49.91586],[5.32585,49.91627],[5.32661,49.91834],[5.3276,49.9204],[5.32982,49.92232],[5.32981,49.92467],[5.3295,49.9262],[5.32913,49.92676],[5.32834,49.92747],[5.32763,49.9283],[5.32646,49.93014],[5.32591,49.93122],[5.32537,49.93261],[5.32526,49.93347],[5.32569,49.93547],[5.3258,49.93623],[5.32555,49.93699],[5.32576,49.93841],[5.32601,49.94112],[5.32658,49.94173],[5.32682,49.94404],[5.32709,49.94438],[5.32701,49.94495],[5.32681,49.94509],[5.32708,49.9457],[5.32688,49.94584],[5.32667,49.94695],[5.32586,49.94923],[5.32368,49.95111],[5.32374,49.95186],[5.32318,49.95203],[5.32324,49.95238],[5.32299,49.9531],[5.32318,49.95344],[5.32288,49.95399],[5.32295,49.95453],[5.32343,49.95585],[5.3234,49.95638],[5.32365,49.95645],[5.32359,49.95688],[5.32394,49.9572],[5.32523,49.95797],[5.32538,49.9583],[5.3259,49.95833],[5.32653,49.95883],[5.32689,49.95887],[5.32633,49.96034],[5.3272,49.96164],[5.32862,49.96407],[5.33034,49.96561],[5.32979,49.96671],[5.3274,49.96774],[5.32672,49.9692],[5.32703,49.97117],[5.32905,49.97267],[5.32757,49.97418],[5.32667,49.97439],[5.32624,49.97428],[5.32582,49.97442],[5.32527,49.97495],[5.32466,49.97603],[5.32491,49.97648],[5.32441,49.97677],[5.32453,49.97714],[5.32424,49.97784],[5.32444,49.97804],[5.32404,49.97834],[5.32479,49.97871],[5.32435,49.97913],[5.32382,49.97933],[5.3234,49.97976],[5.32317,49.97975],[5.32276,49.98038],[5.32281,49.98085],[5.32242,49.98093],[5.32191,49.98188],[5.32244,49.98282],[5.32208,49.98306],[5.32214,49.98348],[5.32168,49.98381],[5.32167,49.98427],[5.32145,49.98443],[5.32057,49.98608],[5.32098,49.9863],[5.32119,49.98677],[5.32078,49.98762],[5.32114,49.98779],[5.32028,49.98888],[5.31795,49.98975],[5.31758,49.99101],[5.31722,49.992],[5.31574,49.99227],[5.31482,49.99302],[5.31501,49.99487],[5.31194,49.99724],[5.31004,49.99963],[5.31011,50.0002],[5.31137,50.00074],[5.31139,50.00101],[5.31077,50.00267],[5.3105,50.0031],[5.30935,50.00309],[5.30882,50.00334],[5.30804,50.00307],[5.30743,50.00303],[5.30697,50.00274],[5.3065,50.00271],[5.30551,50.0029],[5.30455,50.00331],[5.3041,50.00372],[5.30398,50.00458],[5.30437,50.00548],[5.30471,50.00562],[5.30498,50.00628],[5.30489,50.00736],[5.30507,50.00793],[5.30471,50.00777],[5.30477,50.00708],[5.30407,50.00774],[5.30391,50.00753],[5.30365,50.00791],[5.30309,50.00778],[5.30258,50.0074],[5.30195,50.00749],[5.30171,50.00774],[5.30011,50.00694],[5.29922,50.00691],[5.29825,50.00659],[5.29706,50.00651],[5.29547,50.00591],[5.29432,50.00561],[5.29435,50.0055],[5.29341,50.00526],[5.29297,50.00474],[5.29206,50.00457],[5.29019,50.00376],[5.28832,50.00319],[5.2897,50.0043],[5.28993,50.00586],[5.28977,50.00648],[5.28884,50.00762],[5.28854,50.00725],[5.2867,50.00651],[5.28551,50.00622],[5.28424,50.00605],[5.28245,50.00605],[5.28139,50.00622],[5.28022,50.00651],[5.27969,50.00679],[5.27965,50.00721],[5.28001,50.00737],[5.27991,50.00763],[5.28018,50.00801],[5.27993,50.00863],[5.28028,50.00857],[5.28036,50.01022],[5.28012,50.01091],[5.28042,50.01112],[5.27946,50.01213],[5.27887,50.01252],[5.27923,50.0133],[5.28002,50.01359],[5.28063,50.01403],[5.28154,50.0144],[5.28211,50.01487],[5.28136,50.01529],[5.28202,50.01612],[5.28195,50.01706],[5.28175,50.01753],[5.28099,50.01807],[5.28062,50.01801],[5.28015,50.01895],[5.28035,50.02011],[5.28111,50.0207],[5.28131,50.0214],[5.28103,50.02231],[5.27958,50.02254],[5.27891,50.02235],[5.27811,50.02233],[5.27677,50.02247],[5.27612,50.02268],[5.27564,50.02327],[5.27459,50.02405],[5.27433,50.02461],[5.2744,50.02521],[5.27521,50.02715],[5.27526,50.02769],[5.2756,50.02812],[5.27546,50.02911],[5.27489,50.03036],[5.27415,50.03072],[5.27305,50.03103],[5.27251,50.03096],[5.27146,50.03145],[5.27073,50.03196],[5.2703,50.03251],[5.27105,50.03351],[5.27126,50.03515],[5.27145,50.03556],[5.27019,50.03595],[5.26083,50.03678],[5.25158,50.03756],[5.24705,50.03735],[5.23988,50.03786],[5.23854,50.03776],[5.2375,50.0378],[5.23744,50.03738],[5.23595,50.03667],[5.23602,50.03613],[5.23543,50.03593],[5.23645,50.03474],[5.23765,50.03407],[5.23796,50.03335],[5.23856,50.03312],[5.2307,50.031],[5.23042,50.03092],[5.23003,50.02982],[5.2296,50.0281],[5.2283,50.0258],[5.22726,50.02651],[5.22544,50.02724],[5.22447,50.02773],[5.22358,50.02846],[5.22309,50.02937],[5.22261,50.02951],[5.22201,50.02939],[5.21932,50.0309],[5.21845,50.03151],[5.21681,50.032],[5.2142,50.03247],[5.21397,50.0323],[5.21298,50.03271],[5.21202,50.03289],[5.20977,50.03596],[5.20665,50.03573],[5.20125,50.03638],[5.19731,50.03821],[5.18679,50.03691],[5.18533,50.03677],[5.18417,50.03673],[5.17905,50.03628],[5.17848,50.04054],[5.17821,50.04507]]]}},{"type":"Feature","id":"84043","bbox":[5.314958,49.778866,5.529419,49.903032],"properties":{"nis":"84043","name":"Neufchâteau","nameNl":"Neufchâteau","nameFr":"Neufchâteau","nameDe":"Neufchâteau","province":"luxembourg","region":"wallonia","areaKm2":114.3},"geometry":{"type":"Polygon","coordinates":[[[5.52936,49.87012],[5.52875,49.87204],[5.52792,49.87195],[5.52673,49.87315],[5.5259,49.8747],[5.52576,49.87548],[5.52601,49.87624],[5.52525,49.87689],[5.52568,49.87707],[5.52704,49.87713],[5.5283,49.87727],[5.52858,49.87745],[5.52867,49.87903],[5.52843,49.88051],[5.52609,49.8811],[5.52609,49.88125],[5.52512,49.88172],[5.52431,49.88178],[5.52279,49.88145],[5.52235,49.88246],[5.52164,49.88309],[5.5201,49.88273],[5.51956,49.88307],[5.51914,49.88376],[5.51718,49.88574],[5.51644,49.8868],[5.51579,49.8865],[5.51401,49.88795],[5.51203,49.88702],[5.5115,49.88712],[5.51003,49.88894],[5.50952,49.88937],[5.50794,49.89097],[5.50637,49.89192],[5.50416,49.89283],[5.50495,49.89329],[5.505,49.894],[5.5054,49.89431],[5.50518,49.89457],[5.50521,49.89537],[5.50499,49.89593],[5.50436,49.89637],[5.50423,49.89675],[5.50365,49.89694],[5.50287,49.89759],[5.50292,49.89842],[5.50241,49.89859],[5.50247,49.89883],[5.50168,49.89935],[5.50109,49.89934],[5.49959,49.89995],[5.49894,49.89995],[5.49824,49.90071],[5.49734,49.9012],[5.49682,49.90186],[5.49615,49.90242],[5.49516,49.90303],[5.49301,49.90299],[5.49212,49.90283],[5.49072,49.90235],[5.48927,49.90247],[5.4882,49.9027],[5.48544,49.90272],[5.48141,49.90252],[5.47986,49.90249],[5.47862,49.90236],[5.47356,49.90038],[5.46976,49.89957],[5.4676,49.89914],[5.46584,49.89809],[5.46578,49.89737],[5.46435,49.89757],[5.46226,49.89766],[5.46177,49.89761],[5.46074,49.89774],[5.45951,49.89775],[5.45814,49.8979],[5.4572,49.8978],[5.4554,49.89793],[5.4543,49.89791],[5.45207,49.8971],[5.45148,49.89776],[5.45096,49.89772],[5.44871,49.89909],[5.44392,49.90057],[5.44157,49.9004],[5.43879,49.90089],[5.43718,49.90025],[5.43685,49.89902],[5.43461,49.89794],[5.43014,49.89501],[5.4311,49.89372],[5.42793,49.89287],[5.42672,49.89282],[5.42443,49.89247],[5.42418,49.89219],[5.42225,49.89193],[5.42073,49.89187],[5.42027,49.89168],[5.41943,49.89196],[5.41888,49.89282],[5.41818,49.89229],[5.4175,49.89204],[5.4168,49.89233],[5.41607,49.89238],[5.41451,49.89214],[5.41271,49.89173],[5.41177,49.89098],[5.41045,49.89049],[5.40946,49.88977],[5.40889,49.89019],[5.40714,49.88957],[5.40656,49.88991],[5.40563,49.88954],[5.40365,49.88888],[5.39976,49.88791],[5.3994,49.88741],[5.39891,49.88765],[5.39747,49.88739],[5.39833,49.8866],[5.39734,49.88586],[5.39641,49.88571],[5.39624,49.88526],[5.39546,49.88517],[5.39549,49.88547],[5.39458,49.8855],[5.39443,49.88497],[5.39342,49.88413],[5.39291,49.88399],[5.39183,49.88401],[5.39152,49.88378],[5.39117,49.88389],[5.39088,49.88366],[5.39051,49.88382],[5.38983,49.88375],[5.39022,49.88343],[5.38942,49.88302],[5.38902,49.88263],[5.38691,49.88166],[5.38635,49.88124],[5.37944,49.87822],[5.37806,49.87733],[5.37591,49.87658],[5.37454,49.87653],[5.37437,49.87661],[5.37255,49.8764],[5.37048,49.87604],[5.36928,49.87591],[5.36731,49.87594],[5.36556,49.87568],[5.36455,49.87533],[5.36331,49.87515],[5.36112,49.87593],[5.3597,49.87688],[5.3574,49.87796],[5.35597,49.87875],[5.3552,49.87904],[5.35262,49.88032],[5.35298,49.88034],[5.35229,49.88072],[5.35207,49.8811],[5.34823,49.8827],[5.34692,49.88434],[5.34499,49.88688],[5.34144,49.88772],[5.33884,49.88741],[5.33591,49.88656],[5.33375,49.88567],[5.33329,49.88599],[5.33296,49.88564],[5.33141,49.88621],[5.33121,49.8866],[5.3301,49.88687],[5.32961,49.88711],[5.326,49.88741],[5.32575,49.88775],[5.32486,49.8874],[5.32429,49.88689],[5.3228,49.88598],[5.32097,49.88429],[5.3196,49.8838],[5.31824,49.8834],[5.31816,49.88347],[5.31748,49.88319],[5.31675,49.88315],[5.31553,49.88248],[5.31496,49.88194],[5.31521,49.88102],[5.31623,49.8797],[5.31677,49.87973],[5.31756,49.88003],[5.31974,49.87903],[5.3197,49.87862],[5.31903,49.87896],[5.31777,49.8793],[5.31728,49.87927],[5.31836,49.87827],[5.31952,49.87705],[5.3211,49.87486],[5.32206,49.87463],[5.32282,49.87391],[5.32443,49.87306],[5.32553,49.87277],[5.3259,49.87212],[5.3267,49.87121],[5.32694,49.87069],[5.327,49.87003],[5.32675,49.86899],[5.32701,49.86837],[5.32763,49.86797],[5.33014,49.86704],[5.33146,49.86686],[5.33251,49.86655],[5.33377,49.86557],[5.33411,49.86521],[5.33541,49.86318],[5.33586,49.86271],[5.3377,49.8617],[5.33887,49.86081],[5.33936,49.86062],[5.34056,49.86042],[5.34189,49.86028],[5.34496,49.85867],[5.34738,49.85726],[5.35125,49.85456],[5.35352,49.85147],[5.35082,49.8472],[5.35088,49.84605],[5.3526,49.84439],[5.35168,49.84332],[5.35039,49.84149],[5.35094,49.84034],[5.35247,49.83947],[5.35806,49.83793],[5.36003,49.83745],[5.36261,49.83666],[5.3615,49.83583],[5.3615,49.83508],[5.36369,49.83315],[5.36095,49.83258],[5.36046,49.83092],[5.36071,49.82921],[5.36279,49.82818],[5.36642,49.82755],[5.36501,49.82545],[5.36574,49.82422],[5.36844,49.82232],[5.37183,49.81878],[5.37267,49.8192],[5.37312,49.81919],[5.37285,49.81832],[5.3728,49.81759],[5.37306,49.81765],[5.37338,49.81733],[5.37393,49.81749],[5.37472,49.81595],[5.37526,49.81673],[5.37565,49.81694],[5.37731,49.81726],[5.37842,49.81677],[5.37835,49.81647],[5.37695,49.81634],[5.37715,49.81582],[5.3777,49.81576],[5.37794,49.81535],[5.37882,49.81545],[5.37913,49.81526],[5.37916,49.81458],[5.37825,49.81465],[5.37859,49.81402],[5.3806,49.81309],[5.38656,49.81233],[5.3884,49.81158],[5.38917,49.80817],[5.39046,49.80872],[5.3913,49.80813],[5.39375,49.80987],[5.39436,49.80963],[5.3935,49.80904],[5.39297,49.80789],[5.3935,49.80615],[5.39142,49.805],[5.39046,49.80222],[5.39012,49.8004],[5.39411,49.80016],[5.39462,49.79872],[5.39486,49.79842],[5.39611,49.79756],[5.39606,49.79692],[5.39632,49.7959],[5.39602,49.79523],[5.39585,49.79432],[5.39636,49.794],[5.39651,49.79365],[5.39614,49.79342],[5.39586,49.79265],[5.39498,49.79218],[5.39477,49.79164],[5.39415,49.79177],[5.39487,49.79079],[5.39526,49.78996],[5.39536,49.78852],[5.39465,49.78773],[5.39408,49.78728],[5.39343,49.78652],[5.39116,49.78435],[5.39101,49.78383],[5.39111,49.78327],[5.39055,49.78239],[5.39071,49.78194],[5.39039,49.78129],[5.39038,49.7808],[5.39066,49.78049],[5.39099,49.78055],[5.39224,49.78102],[5.39329,49.78054],[5.39478,49.78064],[5.39541,49.78098],[5.39507,49.78061],[5.394,49.78021],[5.3936,49.77995],[5.39405,49.77925],[5.39448,49.77894],[5.39552,49.77887],[5.39683,49.77909],[5.39757,49.77903],[5.39918,49.77946],[5.40015,49.77995],[5.4006,49.78041],[5.4012,49.78054],[5.40168,49.78103],[5.40346,49.78134],[5.40413,49.78136],[5.40485,49.78169],[5.40531,49.78232],[5.40577,49.7823],[5.4064,49.78263],[5.40681,49.78304],[5.40784,49.78317],[5.4084,49.78385],[5.40938,49.78454],[5.40979,49.78445],[5.4109,49.78478],[5.41166,49.78432],[5.41211,49.78472],[5.41321,49.7845],[5.41276,49.78539],[5.41255,49.78548],[5.41196,49.78679],[5.41192,49.78725],[5.41222,49.78816],[5.41147,49.7897],[5.41165,49.79047],[5.41225,49.79081],[5.41368,49.79089],[5.41444,49.79105],[5.41533,49.79137],[5.41784,49.7925],[5.41872,49.79298],[5.42042,49.79349],[5.42146,49.79367],[5.42245,49.79395],[5.42354,49.79437],[5.42446,49.79437],[5.42498,49.79454],[5.42683,49.7944],[5.42818,49.79378],[5.42887,49.79364],[5.42984,49.7937],[5.43056,49.79424],[5.43019,49.79487],[5.43384,49.7959],[5.43595,49.79699],[5.43684,49.79709],[5.43847,49.79775],[5.43888,49.79799],[5.43991,49.79822],[5.4411,49.7988],[5.44031,49.79983],[5.44038,49.80049],[5.44086,49.8012],[5.44142,49.80233],[5.44186,49.80285],[5.44196,49.80325],[5.44297,49.80444],[5.44391,49.80504],[5.4452,49.80535],[5.44481,49.8062],[5.44518,49.80623],[5.44765,49.80704],[5.44741,49.80798],[5.44816,49.80812],[5.44811,49.80861],[5.44912,49.8088],[5.44902,49.80912],[5.45154,49.80988],[5.45144,49.81014],[5.45205,49.8104],[5.45427,49.81087],[5.45383,49.81165],[5.45653,49.81235],[5.45595,49.81321],[5.45716,49.81365],[5.45645,49.81471],[5.45898,49.81494],[5.45882,49.81551],[5.46067,49.81551],[5.46147,49.81528],[5.46329,49.81514],[5.4637,49.81516],[5.46443,49.81476],[5.46353,49.81359],[5.46608,49.8136],[5.46794,49.81383],[5.46794,49.8136],[5.47005,49.8138],[5.47211,49.81411],[5.47181,49.81448],[5.47252,49.81522],[5.47386,49.81432],[5.47516,49.81295],[5.47639,49.81343],[5.47736,49.81296],[5.47812,49.8128],[5.47866,49.81323],[5.47952,49.81316],[5.47968,49.8133],[5.479,49.81352],[5.4796,49.81378],[5.4806,49.81573],[5.48177,49.81754],[5.48322,49.81905],[5.48627,49.81888],[5.49083,49.81923],[5.49101,49.8195],[5.49232,49.81851],[5.49304,49.81882],[5.49367,49.8182],[5.49409,49.81837],[5.49434,49.81809],[5.49603,49.81862],[5.49698,49.81881],[5.49777,49.81821],[5.49842,49.81825],[5.49872,49.81793],[5.49814,49.81788],[5.49857,49.81755],[5.4994,49.81772],[5.50056,49.81662],[5.50137,49.8157],[5.5011,49.81563],[5.50162,49.81522],[5.50308,49.81536],[5.50435,49.8152],[5.50552,49.81484],[5.50709,49.81466],[5.50877,49.81426],[5.50876,49.81464],[5.50903,49.81476],[5.50873,49.81513],[5.5089,49.8153],[5.50834,49.81594],[5.50857,49.81628],[5.50825,49.81647],[5.50869,49.81671],[5.50863,49.81725],[5.5078,49.81808],[5.50801,49.81836],[5.50761,49.81835],[5.50725,49.81901],[5.50938,49.81984],[5.51128,49.81995],[5.51149,49.82097],[5.51207,49.82171],[5.51353,49.82264],[5.51512,49.82581],[5.51601,49.82666],[5.51665,49.8275],[5.5169,49.82811],[5.51722,49.82836],[5.52014,49.82897],[5.52155,49.82931],[5.5241,49.83024],[5.52443,49.83061],[5.52456,49.83113],[5.52514,49.83184],[5.52443,49.83197],[5.52324,49.8324],[5.52267,49.83294],[5.52071,49.83325],[5.51975,49.83419],[5.51921,49.83542],[5.51915,49.83617],[5.51932,49.8374],[5.51899,49.83786],[5.51947,49.83885],[5.51946,49.84063],[5.51921,49.84109],[5.51829,49.84224],[5.51749,49.84299],[5.51597,49.84289],[5.51536,49.843],[5.51347,49.84369],[5.51225,49.84441],[5.51236,49.84451],[5.51098,49.84547],[5.5085,49.84613],[5.507,49.84633],[5.50682,49.84713],[5.50677,49.84813],[5.50754,49.85062],[5.5074,49.85176],[5.50707,49.85282],[5.50634,49.85399],[5.50598,49.85505],[5.50435,49.85641],[5.50397,49.85741],[5.50425,49.85848],[5.50499,49.85857],[5.50647,49.85893],[5.51081,49.86026],[5.51367,49.86156],[5.51413,49.86162],[5.51432,49.86242],[5.51479,49.86282],[5.51588,49.86337],[5.5158,49.86381],[5.51679,49.86396],[5.51751,49.86392],[5.52002,49.86395],[5.52068,49.86384],[5.52079,49.86408],[5.52133,49.86397],[5.52163,49.86452],[5.52234,49.86461],[5.52194,49.865],[5.52308,49.86518],[5.5229,49.86575],[5.52336,49.86627],[5.52446,49.86642],[5.52453,49.86709],[5.52549,49.86817],[5.5253,49.8687],[5.5259,49.86876],[5.52785,49.86948],[5.52942,49.86992],[5.52936,49.87012]]]}},{"type":"Feature","id":"84050","bbox":[5.042324,49.825354,5.20152,49.993198],"properties":{"nis":"84050","name":"Paliseul","nameNl":"Paliseul","nameFr":"Paliseul","nameDe":"Paliseul","province":"luxembourg","region":"wallonia","areaKm2":110.96},"geometry":{"type":"Polygon","coordinates":[[[5.18906,49.93152],[5.18913,49.93274],[5.1871,49.93389],[5.18622,49.93428],[5.18479,49.9343],[5.18318,49.93408],[5.18215,49.93384],[5.18093,49.93413],[5.18003,49.93415],[5.17857,49.93501],[5.17589,49.93494],[5.17668,49.93585],[5.1797,49.9381],[5.18153,49.93903],[5.18505,49.94107],[5.18726,49.94264],[5.19048,49.9442],[5.1927,49.9452],[5.19378,49.94578],[5.19345,49.94602],[5.194,49.94624],[5.19324,49.94682],[5.19352,49.94768],[5.19343,49.94792],[5.19376,49.9483],[5.19376,49.94918],[5.19353,49.94952],[5.19247,49.94996],[5.19132,49.95071],[5.19119,49.95102],[5.19137,49.95147],[5.19091,49.95165],[5.19127,49.9521],[5.19136,49.95274],[5.19115,49.9528],[5.1914,49.95395],[5.19074,49.95467],[5.18997,49.95489],[5.18959,49.95479],[5.18884,49.95509],[5.18919,49.9554],[5.1884,49.95642],[5.18777,49.95708],[5.18577,49.95796],[5.18452,49.95818],[5.18469,49.95903],[5.185,49.95937],[5.18457,49.95998],[5.18488,49.96009],[5.18517,49.96055],[5.185,49.96097],[5.1855,49.96093],[5.18641,49.96174],[5.18717,49.96206],[5.1885,49.96229],[5.18918,49.96231],[5.18906,49.96267],[5.19184,49.96298],[5.19306,49.96348],[5.19398,49.96396],[5.19583,49.96466],[5.19542,49.96504],[5.19545,49.96544],[5.19364,49.96664],[5.19375,49.96697],[5.19251,49.96779],[5.19245,49.96837],[5.19135,49.96885],[5.19084,49.96894],[5.19033,49.96932],[5.19059,49.96977],[5.19141,49.96984],[5.19152,49.9706],[5.19223,49.97115],[5.19234,49.97155],[5.19353,49.97273],[5.19358,49.97361],[5.19268,49.97401],[5.19262,49.97462],[5.19189,49.97475],[5.19079,49.97444],[5.19076,49.97413],[5.18889,49.97388],[5.18844,49.9736],[5.18807,49.97367],[5.18799,49.97406],[5.187,49.97408],[5.18624,49.975],[5.18615,49.97543],[5.18565,49.97577],[5.18474,49.97708],[5.18384,49.97748],[5.18333,49.97791],[5.18311,49.97858],[5.18243,49.97906],[5.18228,49.97968],[5.18232,49.98087],[5.182,49.98127],[5.18141,49.98163],[5.1807,49.98177],[5.18033,49.9821],[5.18013,49.98285],[5.17957,49.98353],[5.17962,49.98388],[5.17843,49.98426],[5.17715,49.98486],[5.1757,49.98563],[5.17431,49.98604],[5.17368,49.98614],[5.17407,49.98694],[5.17337,49.98766],[5.17195,49.98885],[5.17077,49.99025],[5.17012,49.99008],[5.16855,49.98936],[5.16677,49.98884],[5.1655,49.98862],[5.16501,49.98844],[5.16496,49.98815],[5.1655,49.98688],[5.1666,49.98566],[5.167,49.98539],[5.1674,49.98445],[5.1676,49.9835],[5.16729,49.9828],[5.1663,49.98267],[5.16228,49.98385],[5.16162,49.98459],[5.16081,49.98535],[5.16002,49.98533],[5.15908,49.98489],[5.15787,49.98494],[5.15732,49.98484],[5.15679,49.98455],[5.15623,49.98404],[5.15827,49.9826],[5.15895,49.9819],[5.15967,49.98135],[5.16083,49.97963],[5.15214,49.97751],[5.15227,49.97785],[5.15203,49.97832],[5.15144,49.97865],[5.14991,49.97995],[5.14624,49.98314],[5.14276,49.98458],[5.14276,49.98591],[5.14295,49.98728],[5.14371,49.98848],[5.14367,49.98876],[5.14227,49.9887],[5.14156,49.98853],[5.14076,49.98855],[5.13786,49.98891],[5.13794,49.98984],[5.13874,49.99047],[5.14087,49.99061],[5.14065,49.99237],[5.13986,49.99203],[5.13937,49.99196],[5.13732,49.99187],[5.13678,49.99223],[5.13703,49.9932],[5.13644,49.99295],[5.13596,49.99241],[5.13582,49.9919],[5.13596,49.99115],[5.13541,49.99067],[5.1355,49.99041],[5.13506,49.98991],[5.13496,49.98898],[5.13526,49.98831],[5.13657,49.98779],[5.13717,49.98723],[5.13823,49.98716],[5.13848,49.98674],[5.13841,49.98624],[5.13798,49.98591],[5.13764,49.98532],[5.13674,49.98464],[5.13618,49.98435],[5.13496,49.98399],[5.13402,49.98299],[5.13386,49.98229],[5.13408,49.98156],[5.13362,49.98105],[5.13331,49.98026],[5.13328,49.97979],[5.13282,49.97919],[5.13227,49.97878],[5.1316,49.97857],[5.1308,49.97862],[5.13036,49.9789],[5.13034,49.97957],[5.12952,49.98033],[5.12886,49.9807],[5.12671,49.9803],[5.12586,49.97972],[5.12514,49.98027],[5.12456,49.98108],[5.12396,49.98166],[5.12291,49.98214],[5.12233,49.98202],[5.12168,49.9826],[5.11909,49.98191],[5.11651,49.98104],[5.11493,49.98037],[5.11424,49.97999],[5.11357,49.97948],[5.11264,49.97924],[5.11139,49.9791],[5.10985,49.97852],[5.10864,49.97843],[5.10814,49.97811],[5.10934,49.97722],[5.11096,49.97677],[5.11153,49.97492],[5.11202,49.97376],[5.1116,49.97259],[5.11076,49.97147],[5.10666,49.97021],[5.10567,49.96976],[5.10284,49.96994],[5.10178,49.969],[5.1008,49.96859],[5.10002,49.96657],[5.10066,49.96608],[5.10094,49.96518],[5.10044,49.96423],[5.10059,49.96266],[5.09961,49.96183],[5.10037,49.96092],[5.1013,49.96129],[5.10236,49.96057],[5.1021,49.95949],[5.10091,49.95693],[5.10024,49.95617],[5.1013,49.95267],[5.10204,49.95204],[5.10248,49.95127],[5.10235,49.95091],[5.10244,49.94925],[5.10282,49.94801],[5.10261,49.94661],[5.09922,49.94299],[5.09888,49.94221],[5.09892,49.94035],[5.0982,49.93771],[5.09837,49.93677],[5.10142,49.93294],[5.10295,49.9317],[5.1032,49.931],[5.10468,49.92992],[5.10744,49.92855],[5.10964,49.92796],[5.11019,49.92739],[5.10985,49.92669],[5.10977,49.92583],[5.1099,49.92534],[5.11159,49.9244],[5.11303,49.92416],[5.11443,49.9241],[5.11621,49.92348],[5.11714,49.92324],[5.11782,49.92356],[5.11939,49.92321],[5.1196,49.92243],[5.11896,49.92235],[5.11824,49.92208],[5.11731,49.92138],[5.11726,49.92107],[5.1164,49.9207],[5.11607,49.92079],[5.11367,49.92003],[5.11248,49.92028],[5.11108,49.92068],[5.11032,49.92071],[5.10935,49.92033],[5.10808,49.92055],[5.10608,49.92041],[5.10464,49.92049],[5.10384,49.92012],[5.10265,49.92001],[5.10074,49.92055],[5.09837,49.92047],[5.0971,49.91982],[5.09591,49.91985],[5.09473,49.91923],[5.09117,49.91877],[5.08922,49.9172],[5.0874,49.91696],[5.08651,49.91613],[5.08663,49.9151],[5.08481,49.91472],[5.0846,49.91411],[5.08168,49.9134],[5.08124,49.91286],[5.08034,49.91286],[5.07943,49.91312],[5.07864,49.91303],[5.07816,49.91279],[5.07785,49.91312],[5.07684,49.91303],[5.07624,49.91274],[5.07604,49.91308],[5.07531,49.9129],[5.07415,49.91306],[5.07359,49.91294],[5.07325,49.91267],[5.072,49.91252],[5.07181,49.91197],[5.07138,49.91184],[5.07042,49.91008],[5.06963,49.9096],[5.06782,49.90812],[5.06641,49.90733],[5.06559,49.9066],[5.06472,49.90474],[5.06503,49.90307],[5.06477,49.90257],[5.06528,49.90205],[5.06565,49.90203],[5.0648,49.90138],[5.06412,49.90119],[5.06263,49.9],[5.0589,49.89811],[5.0572,49.89738],[5.05675,49.89768],[5.05599,49.89772],[5.05463,49.89761],[5.05226,49.89811],[5.05068,49.89811],[5.04946,49.89765],[5.0487,49.89759],[5.048,49.89781],[5.04731,49.89773],[5.04705,49.89815],[5.04659,49.89808],[5.04689,49.89781],[5.04685,49.89718],[5.04705,49.89719],[5.04596,49.89568],[5.04431,49.89369],[5.04422,49.89324],[5.043,49.89246],[5.04232,49.89229],[5.04486,49.89111],[5.04567,49.89082],[5.04879,49.89],[5.04693,49.8896],[5.04818,49.88819],[5.04963,49.88823],[5.05311,49.88728],[5.05599,49.88699],[5.06127,49.88665],[5.06237,49.8867],[5.06263,49.88633],[5.05774,49.88272],[5.05551,49.88142],[5.05429,49.88126],[5.052,49.88079],[5.05016,49.88012],[5.04746,49.87859],[5.04741,49.8786],[5.05003,49.87635],[5.05151,49.87727],[5.05316,49.87773],[5.05439,49.87856],[5.05579,49.8791],[5.05723,49.8801],[5.05689,49.8808],[5.05706,49.88134],[5.05838,49.88163],[5.05944,49.8812],[5.06143,49.88228],[5.06138,49.88271],[5.06265,49.88366],[5.06397,49.88368],[5.06498,49.8832],[5.06503,49.88217],[5.06617,49.88158],[5.06693,49.88042],[5.0674,49.87921],[5.0671,49.87827],[5.06592,49.87684],[5.06384,49.87506],[5.06918,49.87433],[5.07147,49.87468],[5.07248,49.87375],[5.07264,49.87345],[5.07319,49.87339],[5.07411,49.87301],[5.07503,49.87274],[5.07551,49.8724],[5.0758,49.87256],[5.07659,49.87201],[5.07774,49.87169],[5.07861,49.87108],[5.07889,49.87142],[5.07989,49.87135],[5.0804,49.87119],[5.08102,49.87036],[5.08099,49.86982],[5.08193,49.86922],[5.08298,49.86886],[5.08354,49.86811],[5.08437,49.86813],[5.08468,49.8679],[5.08589,49.86775],[5.08668,49.86787],[5.0875,49.86775],[5.08752,49.86743],[5.08813,49.86708],[5.08875,49.86707],[5.08955,49.86686],[5.09025,49.86648],[5.08927,49.86602],[5.08998,49.86541],[5.08988,49.86494],[5.09044,49.86366],[5.09075,49.86366],[5.09092,49.86323],[5.09082,49.86252],[5.08973,49.86256],[5.08963,49.8624],[5.0889,49.86248],[5.08778,49.86245],[5.09057,49.85997],[5.09202,49.85959],[5.09261,49.85894],[5.09193,49.8582],[5.09168,49.85755],[5.09249,49.8575],[5.0935,49.85725],[5.09367,49.85687],[5.09634,49.85318],[5.09422,49.85153],[5.09829,49.85002],[5.09871,49.85032],[5.09994,49.8501],[5.10888,49.84957],[5.11185,49.85005],[5.11239,49.84908],[5.11443,49.8497],[5.11663,49.84965],[5.11828,49.85005],[5.12129,49.84965],[5.12193,49.84978],[5.1218,49.85008],[5.1229,49.85038],[5.12248,49.85005],[5.12316,49.84927],[5.12384,49.8487],[5.12638,49.84814],[5.12987,49.84708],[5.13038,49.84649],[5.13075,49.84542],[5.1307,49.84331],[5.13489,49.84275],[5.13454,49.84416],[5.13773,49.84401],[5.13773,49.84318],[5.13888,49.84331],[5.14002,49.84418],[5.14176,49.84461],[5.14229,49.84466],[5.14182,49.84511],[5.14077,49.84581],[5.14036,49.84641],[5.13892,49.84606],[5.13773,49.84639],[5.13862,49.84719],[5.13864,49.84809],[5.13901,49.84862],[5.13881,49.84903],[5.13811,49.84924],[5.13773,49.8496],[5.13784,49.85006],[5.13875,49.85043],[5.14005,49.85196],[5.14016,49.85183],[5.14139,49.85196],[5.14115,49.85141],[5.14055,49.8511],[5.14021,49.85026],[5.14021,49.84949],[5.1405,49.84907],[5.14052,49.84839],[5.13998,49.84802],[5.14167,49.84709],[5.14443,49.84528],[5.14468,49.84463],[5.14477,49.8438],[5.1429,49.84315],[5.14256,49.8428],[5.14174,49.84252],[5.14692,49.84121],[5.14587,49.84062],[5.1465,49.83976],[5.14625,49.83932],[5.14659,49.8386],[5.1471,49.83827],[5.14896,49.83862],[5.15049,49.83701],[5.1511,49.83595],[5.1507,49.83569],[5.14969,49.83599],[5.14942,49.83586],[5.14827,49.83623],[5.14798,49.83564],[5.14859,49.83581],[5.14947,49.83549],[5.15009,49.83432],[5.15001,49.83352],[5.15027,49.83285],[5.15137,49.83144],[5.15268,49.83058],[5.15319,49.82993],[5.1539,49.83004],[5.15583,49.83008],[5.15644,49.82995],[5.15731,49.82961],[5.1593,49.82939],[5.16081,49.8293],[5.16168,49.82837],[5.16197,49.82773],[5.16129,49.82752],[5.16214,49.82723],[5.16358,49.82642],[5.16366,49.82601],[5.164,49.8259],[5.16435,49.82535],[5.16473,49.82576],[5.16435,49.82639],[5.16424,49.82734],[5.16441,49.82772],[5.16381,49.82966],[5.16381,49.83002],[5.16435,49.83069],[5.16621,49.83054],[5.16678,49.8302],[5.16743,49.83015],[5.16805,49.83049],[5.16921,49.83072],[5.1696,49.83108],[5.16972,49.83171],[5.172,49.83333],[5.17265,49.83273],[5.17395,49.83232],[5.17437,49.83297],[5.17457,49.83363],[5.17621,49.83487],[5.17712,49.83514],[5.17754,49.83572],[5.17816,49.83597],[5.17986,49.83601],[5.18089,49.83574],[5.18211,49.83514],[5.18266,49.83539],[5.18271,49.83598],[5.18183,49.83643],[5.18119,49.83704],[5.18094,49.83811],[5.18113,49.83854],[5.17964,49.83914],[5.1806,49.83969],[5.18138,49.83989],[5.18274,49.83987],[5.18398,49.83946],[5.18408,49.84007],[5.18444,49.84062],[5.18541,49.84158],[5.18794,49.84208],[5.18925,49.8424],[5.187,49.84307],[5.18562,49.84572],[5.18413,49.84743],[5.18377,49.84819],[5.1839,49.84881],[5.18377,49.85028],[5.18377,49.85132],[5.18544,49.85213],[5.18503,49.85234],[5.18388,49.85241],[5.18326,49.85406],[5.18387,49.85426],[5.18616,49.85534],[5.18739,49.85605],[5.18891,49.8571],[5.19149,49.85801],[5.1927,49.85868],[5.1927,49.85913],[5.19237,49.85991],[5.1929,49.86039],[5.19344,49.86139],[5.19343,49.86195],[5.19268,49.86344],[5.19232,49.86381],[5.19218,49.86612],[5.19166,49.8672],[5.19149,49.86776],[5.19181,49.86938],[5.1926,49.87365],[5.19442,49.87438],[5.19305,49.87537],[5.19465,49.87609],[5.19439,49.87673],[5.19367,49.87721],[5.19306,49.87792],[5.19304,49.8782],[5.19372,49.8786],[5.19451,49.87891],[5.19515,49.87932],[5.19626,49.87954],[5.19639,49.8794],[5.19722,49.87969],[5.19787,49.87977],[5.19783,49.8803],[5.19718,49.88033],[5.19619,49.88088],[5.19647,49.88172],[5.19645,49.88245],[5.19522,49.88275],[5.19594,49.88428],[5.19795,49.8842],[5.19812,49.88456],[5.19991,49.88446],[5.20003,49.88474],[5.20152,49.88531],[5.20144,49.88652],[5.20102,49.88742],[5.1999,49.8889],[5.19919,49.88933],[5.19784,49.89071],[5.19642,49.89192],[5.19552,49.89255],[5.19373,49.89309],[5.19216,49.89363],[5.19055,49.89373],[5.19049,49.8943],[5.18954,49.89433],[5.18797,49.89412],[5.1884,49.89506],[5.18797,49.89537],[5.18649,49.89599],[5.18409,49.89715],[5.18139,49.89863],[5.18141,49.89877],[5.17905,49.89953],[5.17942,49.9003],[5.17883,49.90051],[5.17817,49.90094],[5.17669,49.90021],[5.17645,49.90049],[5.17599,49.90149],[5.17542,49.90164],[5.17469,49.90222],[5.17383,49.90231],[5.17325,49.9025],[5.17314,49.90319],[5.17347,49.90431],[5.17134,49.90443],[5.17145,49.90418],[5.17096,49.90409],[5.17132,49.90326],[5.1714,49.9027],[5.17099,49.9018],[5.17069,49.90057],[5.16978,49.90004],[5.1672,49.89805],[5.16708,49.89768],[5.1662,49.89722],[5.1651,49.89801],[5.16398,49.89893],[5.16235,49.9],[5.16611,49.90018],[5.16588,49.90279],[5.16575,49.90351],[5.16469,49.90701],[5.16863,49.90757],[5.16997,49.90614],[5.17204,49.90699],[5.17157,49.90796],[5.17229,49.90789],[5.17226,49.90834],[5.17071,49.90821],[5.16946,49.90879],[5.16974,49.90902],[5.16873,49.90958],[5.16932,49.90985],[5.16935,49.91077],[5.17006,49.91211],[5.17186,49.91396],[5.17234,49.91522],[5.17432,49.91713],[5.17542,49.91695],[5.17545,49.91765],[5.17466,49.91838],[5.17587,49.91869],[5.17632,49.91932],[5.17983,49.9198],[5.18036,49.92011],[5.18096,49.92004],[5.18107,49.92032],[5.18164,49.92061],[5.18099,49.92083],[5.18127,49.92133],[5.1811,49.92221],[5.18161,49.92329],[5.18121,49.9241],[5.18132,49.92512],[5.18166,49.92553],[5.18336,49.92659],[5.18538,49.92779],[5.18625,49.92836],[5.18761,49.92826],[5.18782,49.92848],[5.18906,49.93152]]]}},{"type":"Feature","id":"84059","bbox":[5.229158,49.979747,5.460338,50.09592],"properties":{"nis":"84059","name":"Saint-Hubert","nameNl":"Saint-Hubert","nameFr":"Saint-Hubert","nameDe":"Saint-Hubert","province":"luxembourg","region":"wallonia","areaKm2":111.63},"geometry":{"type":"Polygon","coordinates":[[[5.46034,50.02519],[5.45831,50.02502],[5.45663,50.02496],[5.45443,50.02477],[5.45417,50.02466],[5.45294,50.0237],[5.45066,50.02326],[5.44908,50.02327],[5.44789,50.02336],[5.44461,50.02297],[5.44337,50.0233],[5.44168,50.02416],[5.44044,50.02449],[5.43921,50.02512],[5.43792,50.02609],[5.43295,50.02915],[5.43076,50.03058],[5.42884,50.03058],[5.4275,50.03065],[5.42697,50.03261],[5.42742,50.03324],[5.42861,50.03352],[5.42857,50.03438],[5.42865,50.03503],[5.42785,50.03558],[5.42704,50.03598],[5.4253,50.03765],[5.42365,50.03932],[5.4227,50.04092],[5.42264,50.04133],[5.42172,50.04231],[5.4193,50.04325],[5.41758,50.04427],[5.41615,50.04523],[5.4148,50.04664],[5.41547,50.04728],[5.41678,50.04801],[5.41774,50.04842],[5.41791,50.04886],[5.41714,50.04911],[5.41636,50.0489],[5.41552,50.04838],[5.41444,50.04791],[5.41364,50.0478],[5.41274,50.04921],[5.41187,50.05183],[5.41094,50.05307],[5.40789,50.05776],[5.40776,50.05781],[5.40669,50.05924],[5.40544,50.06045],[5.40548,50.06171],[5.40545,50.06319],[5.40569,50.06433],[5.40571,50.06498],[5.40524,50.06551],[5.40474,50.0656],[5.40405,50.06593],[5.40186,50.0665],[5.40113,50.06732],[5.40059,50.06868],[5.39695,50.06986],[5.39591,50.07044],[5.39296,50.07248],[5.39252,50.07307],[5.39193,50.07359],[5.39162,50.07451],[5.39162,50.07616],[5.39111,50.07671],[5.39024,50.07852],[5.388,50.07983],[5.38761,50.08066],[5.38592,50.083],[5.38451,50.08346],[5.38303,50.08497],[5.38258,50.0857],[5.3813,50.08659],[5.38068,50.08765],[5.37843,50.08936],[5.37618,50.09005],[5.37543,50.09011],[5.37418,50.09054],[5.36719,50.09408],[5.36141,50.09592],[5.35907,50.09555],[5.35629,50.09447],[5.3538,50.09425],[5.35162,50.09353],[5.34926,50.0925],[5.34682,50.09215],[5.34423,50.09207],[5.34283,50.09177],[5.33913,50.09239],[5.33712,50.09281],[5.33646,50.09306],[5.33475,50.09303],[5.3332,50.09332],[5.33251,50.09374],[5.33245,50.09412],[5.33132,50.09467],[5.33093,50.09423],[5.33134,50.09395],[5.33105,50.0934],[5.33164,50.09314],[5.33069,50.09201],[5.33087,50.09163],[5.33028,50.09144],[5.33043,50.0913],[5.32928,50.09045],[5.32821,50.09015],[5.32767,50.08956],[5.32625,50.08975],[5.32435,50.08973],[5.32353,50.08922],[5.32338,50.08937],[5.3221,50.08897],[5.32261,50.08858],[5.32225,50.08849],[5.32313,50.08716],[5.32353,50.08537],[5.32133,50.08506],[5.31662,50.08557],[5.31586,50.08427],[5.31577,50.0834],[5.31514,50.08209],[5.31417,50.08217],[5.31288,50.08213],[5.31223,50.08193],[5.30966,50.08182],[5.30828,50.08142],[5.30756,50.08089],[5.30627,50.08042],[5.30334,50.07951],[5.30163,50.07903],[5.30096,50.07871],[5.29983,50.07856],[5.29875,50.07858],[5.29845,50.07871],[5.2981,50.07919],[5.2974,50.07926],[5.29589,50.07774],[5.29549,50.07722],[5.29532,50.07614],[5.29554,50.07524],[5.29507,50.07481],[5.29456,50.0746],[5.29242,50.07485],[5.2908,50.0748],[5.2896,50.07464],[5.28922,50.07468],[5.28953,50.07524],[5.28866,50.07534],[5.28738,50.07499],[5.28723,50.07476],[5.28547,50.07466],[5.28549,50.07447],[5.28284,50.07405],[5.28287,50.07396],[5.28098,50.07356],[5.27979,50.07318],[5.2796,50.0736],[5.27849,50.07333],[5.27853,50.07218],[5.27823,50.07186],[5.27673,50.07202],[5.2765,50.07231],[5.27583,50.0721],[5.27457,50.07157],[5.2739,50.07137],[5.27298,50.07086],[5.27252,50.07046],[5.27155,50.07029],[5.27094,50.0705],[5.27051,50.07083],[5.27083,50.07135],[5.27032,50.07097],[5.2697,50.07091],[5.26907,50.07009],[5.26906,50.069],[5.26875,50.06866],[5.2678,50.06823],[5.26727,50.06783],[5.26663,50.06716],[5.26688,50.0651],[5.26612,50.06383],[5.2651,50.06277],[5.26293,50.06265],[5.26043,50.06174],[5.25937,50.06184],[5.25792,50.06115],[5.25775,50.06081],[5.25722,50.06063],[5.25645,50.05945],[5.25534,50.05919],[5.25239,50.06018],[5.25021,50.05928],[5.2497,50.05841],[5.2494,50.05695],[5.24838,50.0555],[5.24931,50.05475],[5.24532,50.053],[5.24483,50.05275],[5.24401,50.05176],[5.2439,50.05094],[5.24364,50.05061],[5.24333,50.04966],[5.24236,50.04912],[5.24096,50.04806],[5.23947,50.04709],[5.23654,50.04546],[5.23608,50.04512],[5.23455,50.04512],[5.2344,50.04444],[5.23395,50.04405],[5.23351,50.04402],[5.23241,50.04293],[5.23201,50.04219],[5.2318,50.04109],[5.2326,50.04041],[5.23446,50.03826],[5.2305,50.03692],[5.22992,50.03797],[5.22942,50.03808],[5.22916,50.03745],[5.23025,50.03526],[5.23099,50.03356],[5.23137,50.03301],[5.23143,50.03255],[5.2307,50.031],[5.23856,50.03312],[5.23796,50.03335],[5.23765,50.03407],[5.23645,50.03474],[5.23543,50.03593],[5.23602,50.03613],[5.23595,50.03667],[5.23744,50.03738],[5.2375,50.0378],[5.23854,50.03776],[5.23988,50.03786],[5.24705,50.03735],[5.25158,50.03756],[5.26083,50.03678],[5.27019,50.03595],[5.27145,50.03556],[5.27126,50.03515],[5.27105,50.03351],[5.2703,50.03251],[5.27073,50.03196],[5.27146,50.03145],[5.27251,50.03096],[5.27305,50.03103],[5.27415,50.03072],[5.27489,50.03036],[5.27546,50.02911],[5.2756,50.02812],[5.27526,50.02769],[5.27521,50.02715],[5.2744,50.02521],[5.27433,50.02461],[5.27459,50.02405],[5.27564,50.02327],[5.27612,50.02268],[5.27677,50.02247],[5.27811,50.02233],[5.27891,50.02235],[5.27958,50.02254],[5.28103,50.02231],[5.28131,50.0214],[5.28111,50.0207],[5.28035,50.02011],[5.28015,50.01895],[5.28062,50.01801],[5.28099,50.01807],[5.28175,50.01753],[5.28195,50.01706],[5.28202,50.01612],[5.28136,50.01529],[5.28211,50.01487],[5.28154,50.0144],[5.28063,50.01403],[5.28002,50.01359],[5.27923,50.0133],[5.27887,50.01252],[5.27946,50.01213],[5.28042,50.01112],[5.28012,50.01091],[5.28036,50.01022],[5.28028,50.00857],[5.27993,50.00863],[5.28018,50.00801],[5.27991,50.00763],[5.28001,50.00737],[5.27965,50.00721],[5.27969,50.00679],[5.28022,50.00651],[5.28139,50.00622],[5.28245,50.00605],[5.28424,50.00605],[5.28551,50.00622],[5.2867,50.00651],[5.28854,50.00725],[5.28884,50.00762],[5.28977,50.00648],[5.28993,50.00586],[5.2897,50.0043],[5.28832,50.00319],[5.29019,50.00376],[5.29206,50.00457],[5.29297,50.00474],[5.29341,50.00526],[5.29435,50.0055],[5.29432,50.00561],[5.29547,50.00591],[5.29706,50.00651],[5.29825,50.00659],[5.29922,50.00691],[5.30011,50.00694],[5.30171,50.00774],[5.30195,50.00749],[5.30258,50.0074],[5.30309,50.00778],[5.30365,50.00791],[5.30391,50.00753],[5.30407,50.00774],[5.30477,50.00708],[5.30471,50.00777],[5.30507,50.00793],[5.30489,50.00736],[5.30498,50.00628],[5.30471,50.00562],[5.30437,50.00548],[5.30398,50.00458],[5.3041,50.00372],[5.30455,50.00331],[5.30551,50.0029],[5.3065,50.00271],[5.30697,50.00274],[5.30743,50.00303],[5.30804,50.00307],[5.30882,50.00334],[5.30935,50.00309],[5.3105,50.0031],[5.31077,50.00267],[5.31139,50.00101],[5.31137,50.00074],[5.31011,50.0002],[5.31004,49.99963],[5.31194,49.99724],[5.31501,49.99487],[5.31482,49.99302],[5.31574,49.99227],[5.31722,49.992],[5.31758,49.99101],[5.31795,49.98975],[5.32028,49.98888],[5.32114,49.98779],[5.32078,49.98762],[5.32119,49.98677],[5.32098,49.9863],[5.32057,49.98608],[5.32145,49.98443],[5.32167,49.98427],[5.32168,49.98381],[5.32214,49.98348],[5.32208,49.98306],[5.32244,49.98282],[5.32191,49.98188],[5.32242,49.98093],[5.32281,49.98085],[5.32276,49.98038],[5.32317,49.97975],[5.3234,49.97976],[5.32416,49.97999],[5.32532,49.98022],[5.32495,49.9807],[5.32693,49.98154],[5.32903,49.98192],[5.32968,49.98216],[5.33104,49.98243],[5.33268,49.98261],[5.33651,49.98277],[5.33725,49.98285],[5.33867,49.98341],[5.33929,49.98355],[5.34088,49.98344],[5.34307,49.98344],[5.34349,49.98337],[5.34442,49.98286],[5.34576,49.98345],[5.34926,49.98513],[5.35131,49.98656],[5.35335,49.98826],[5.35262,49.98854],[5.35335,49.9901],[5.35416,49.9907],[5.35469,49.99134],[5.35542,49.99165],[5.3593,49.99175],[5.36005,49.99184],[5.36103,49.99217],[5.36311,49.99488],[5.36499,49.99623],[5.36695,49.9983],[5.36692,49.99846],[5.3654,49.99839],[5.36525,49.99927],[5.36628,49.999],[5.36653,49.99954],[5.36792,49.99913],[5.3689,49.99917],[5.37159,49.99809],[5.37132,49.9978],[5.37429,49.99631],[5.37681,49.99458],[5.37797,49.9949],[5.3791,49.99409],[5.37871,49.99374],[5.38031,49.99338],[5.38044,49.99354],[5.38159,49.9933],[5.38282,49.99347],[5.38716,49.99372],[5.39043,49.99383],[5.39355,49.99399],[5.39411,49.99395],[5.39445,49.99356],[5.3948,49.99347],[5.39488,49.99314],[5.39464,49.99273],[5.39516,49.99288],[5.39764,49.9929],[5.39792,49.99253],[5.39926,49.9924],[5.39904,49.9914],[5.40162,49.99143],[5.40156,49.99128],[5.40573,49.99062],[5.40697,49.99059],[5.40923,49.99034],[5.41064,49.99095],[5.41374,49.99171],[5.41591,49.99306],[5.41612,49.99379],[5.41724,49.99516],[5.4184,49.99584],[5.41945,49.99619],[5.4229,49.99699],[5.42522,49.99798],[5.4264,49.99813],[5.43016,49.99949],[5.43067,50.00008],[5.43113,50.00029],[5.43286,50.00195],[5.43429,50.00294],[5.43501,50.00395],[5.43705,50.00883],[5.43718,50.01095],[5.4381,50.01149],[5.4382,50.0125],[5.4377,50.01343],[5.43709,50.01412],[5.43655,50.01501],[5.43813,50.01591],[5.43908,50.0167],[5.44053,50.01808],[5.44137,50.01869],[5.44234,50.01916],[5.44328,50.01978],[5.44651,50.02067],[5.44757,50.0208],[5.44941,50.02081],[5.45052,50.02103],[5.45161,50.02112],[5.45232,50.0213],[5.45437,50.02144],[5.45549,50.02176],[5.4574,50.02163],[5.45907,50.0219],[5.46012,50.02189],[5.45974,50.02259],[5.45983,50.02369],[5.46034,50.02519]]]}},{"type":"Feature","id":"84068","bbox":[5.152411,50.025804,5.31662,50.110189],"properties":{"nis":"84068","name":"Tellin","nameNl":"Tellin","nameFr":"Tellin","nameDe":"Tellin","province":"luxembourg","region":"wallonia","areaKm2":56.82},"geometry":{"type":"Polygon","coordinates":[[[5.31662,50.08557],[5.31644,50.08696],[5.31611,50.08841],[5.31432,50.08977],[5.3122,50.09053],[5.31159,50.0897],[5.31115,50.08831],[5.30882,50.08834],[5.30818,50.08846],[5.30691,50.08918],[5.30602,50.0896],[5.30482,50.08999],[5.30376,50.09066],[5.30384,50.09116],[5.30342,50.09105],[5.3016,50.09025],[5.30024,50.09203],[5.29911,50.09175],[5.29877,50.0924],[5.29863,50.09305],[5.29834,50.09338],[5.29673,50.09388],[5.29648,50.09436],[5.29598,50.0948],[5.29426,50.09429],[5.29382,50.09506],[5.29341,50.09544],[5.29191,50.09596],[5.29096,50.097],[5.29023,50.09756],[5.28971,50.09855],[5.29094,50.09919],[5.2915,50.09967],[5.29153,50.09988],[5.28965,50.10065],[5.28929,50.1005],[5.28418,50.10264],[5.2782,50.10362],[5.27077,50.10613],[5.2634,50.10854],[5.26257,50.10853],[5.26147,50.10947],[5.26156,50.10965],[5.261,50.10995],[5.26031,50.10987],[5.25979,50.11019],[5.25886,50.11014],[5.24932,50.10931],[5.23647,50.11017],[5.22666,50.10767],[5.22687,50.10218],[5.21921,50.10104],[5.21226,50.09996],[5.20732,50.09913],[5.20018,50.09679],[5.19958,50.09833],[5.19928,50.09943],[5.19903,50.0997],[5.19919,50.10005],[5.19796,50.09994],[5.19832,50.09891],[5.19824,50.09859],[5.19766,50.09849],[5.19749,50.09814],[5.19775,50.09773],[5.19706,50.09778],[5.19706,50.09812],[5.19526,50.09836],[5.19515,50.09788],[5.19355,50.09781],[5.1929,50.09799],[5.19248,50.09837],[5.19175,50.09849],[5.18977,50.09823],[5.18827,50.09777],[5.18772,50.09819],[5.18885,50.09916],[5.18863,50.1008],[5.18688,50.10064],[5.18633,50.10066],[5.18329,50.1006],[5.1818,50.10073],[5.18096,50.10072],[5.17949,50.10038],[5.17883,50.10035],[5.17745,50.10008],[5.17551,50.10008],[5.17467,50.09981],[5.17513,50.10027],[5.17476,50.1002],[5.17195,50.10012],[5.17105,50.10004],[5.16901,50.09999],[5.16939,50.09977],[5.16654,50.09995],[5.16315,50.10024],[5.1609,50.10035],[5.15837,50.10034],[5.15861,50.09789],[5.15593,50.09627],[5.15474,50.0965],[5.15356,50.09663],[5.15241,50.09666],[5.15259,50.09584],[5.15271,50.09441],[5.15422,50.0939],[5.16049,50.0922],[5.16021,50.09108],[5.16078,50.08942],[5.16042,50.08483],[5.15852,50.08362],[5.16261,50.07729],[5.16395,50.07657],[5.16664,50.07617],[5.16755,50.07482],[5.16763,50.07347],[5.16946,50.07262],[5.16944,50.07148],[5.16953,50.06956],[5.17101,50.06615],[5.17088,50.06224],[5.17335,50.05528],[5.17511,50.05488],[5.17476,50.05119],[5.17591,50.04846],[5.17693,50.04638],[5.17821,50.04507],[5.17848,50.04054],[5.17905,50.03628],[5.18417,50.03673],[5.18533,50.03677],[5.18679,50.03691],[5.19731,50.03821],[5.20125,50.03638],[5.20665,50.03573],[5.20977,50.03596],[5.21202,50.03289],[5.21298,50.03271],[5.21397,50.0323],[5.2142,50.03247],[5.21681,50.032],[5.21845,50.03151],[5.21932,50.0309],[5.22201,50.02939],[5.22261,50.02951],[5.22309,50.02937],[5.22358,50.02846],[5.22447,50.02773],[5.22544,50.02724],[5.22726,50.02651],[5.2283,50.0258],[5.2296,50.0281],[5.23003,50.02982],[5.23042,50.03092],[5.2307,50.031],[5.23143,50.03255],[5.23137,50.03301],[5.23099,50.03356],[5.23025,50.03526],[5.22916,50.03745],[5.22942,50.03808],[5.22992,50.03797],[5.2305,50.03692],[5.23446,50.03826],[5.2326,50.04041],[5.2318,50.04109],[5.23201,50.04219],[5.23241,50.04293],[5.23351,50.04402],[5.23395,50.04405],[5.2344,50.04444],[5.23455,50.04512],[5.23608,50.04512],[5.23654,50.04546],[5.23947,50.04709],[5.24096,50.04806],[5.24236,50.04912],[5.24333,50.04966],[5.24364,50.05061],[5.2439,50.05094],[5.24401,50.05176],[5.24483,50.05275],[5.24532,50.053],[5.24931,50.05475],[5.24838,50.0555],[5.2494,50.05695],[5.2497,50.05841],[5.25021,50.05928],[5.25239,50.06018],[5.25534,50.05919],[5.25645,50.05945],[5.25722,50.06063],[5.25775,50.06081],[5.25792,50.06115],[5.25937,50.06184],[5.26043,50.06174],[5.26293,50.06265],[5.2651,50.06277],[5.26612,50.06383],[5.26688,50.0651],[5.26663,50.06716],[5.26727,50.06783],[5.2678,50.06823],[5.26875,50.06866],[5.26906,50.069],[5.26907,50.07009],[5.2697,50.07091],[5.27032,50.07097],[5.27083,50.07135],[5.27051,50.07083],[5.27094,50.0705],[5.27155,50.07029],[5.27252,50.07046],[5.27298,50.07086],[5.2739,50.07137],[5.27457,50.07157],[5.27583,50.0721],[5.2765,50.07231],[5.27673,50.07202],[5.27823,50.07186],[5.27853,50.07218],[5.27849,50.07333],[5.2796,50.0736],[5.27979,50.07318],[5.28098,50.07356],[5.28287,50.07396],[5.28284,50.07405],[5.28549,50.07447],[5.28547,50.07466],[5.28723,50.07476],[5.28738,50.07499],[5.28866,50.07534],[5.28953,50.07524],[5.28922,50.07468],[5.2896,50.07464],[5.2908,50.0748],[5.29242,50.07485],[5.29456,50.0746],[5.29507,50.07481],[5.29554,50.07524],[5.29532,50.07614],[5.29549,50.07722],[5.29589,50.07774],[5.2974,50.07926],[5.2981,50.07919],[5.29845,50.07871],[5.29875,50.07858],[5.29983,50.07856],[5.30096,50.07871],[5.30163,50.07903],[5.30334,50.07951],[5.30627,50.08042],[5.30756,50.08089],[5.30828,50.08142],[5.30966,50.08182],[5.31223,50.08193],[5.31288,50.08213],[5.31417,50.08217],[5.31514,50.08209],[5.31577,50.0834],[5.31586,50.08427],[5.31662,50.08557]]]}},{"type":"Feature","id":"84075","bbox":[5.010974,50.01599,5.178206,50.122784],"properties":{"nis":"84075","name":"Wellin","nameNl":"Wellin","nameFr":"Wellin","nameDe":"Wellin","province":"luxembourg","region":"wallonia","areaKm2":67.58},"geometry":{"type":"Polygon","coordinates":[[[5.0657,50.12278],[5.06562,50.12179],[5.06524,50.12112],[5.06482,50.12083],[5.06442,50.12026],[5.0628,50.11695],[5.06209,50.1151],[5.06092,50.11108],[5.06038,50.11033],[5.05968,50.10878],[5.05925,50.10814],[5.05908,50.10731],[5.0594,50.10386],[5.05731,50.10136],[5.0555,50.09983],[5.05474,50.09971],[5.05497,50.09892],[5.05547,50.09874],[5.05533,50.0985],[5.05556,50.09725],[5.05669,50.09592],[5.0566,50.09541],[5.05618,50.0955],[5.05683,50.09437],[5.05646,50.09381],[5.05536,50.09306],[5.05454,50.09126],[5.05375,50.09015],[5.05364,50.08939],[5.05307,50.08886],[5.05274,50.08832],[5.05259,50.08774],[5.05367,50.0865],[5.05389,50.08602],[5.05361,50.08481],[5.0527,50.08366],[5.05293,50.08269],[5.05395,50.08185],[5.05457,50.0816],[5.05816,50.08106],[5.06087,50.08012],[5.06104,50.07973],[5.06078,50.07894],[5.06058,50.07764],[5.05974,50.07649],[5.05932,50.07631],[5.05903,50.07565],[5.05841,50.07509],[5.05694,50.07577],[5.05545,50.07664],[5.05381,50.07736],[5.05062,50.07782],[5.04917,50.07787],[5.04878,50.07729],[5.04858,50.07671],[5.04858,50.07613],[5.04892,50.07561],[5.04915,50.07599],[5.04999,50.07577],[5.05217,50.07504],[5.05188,50.0747],[5.05369,50.07396],[5.05358,50.07351],[5.05448,50.07321],[5.05309,50.07181],[5.05265,50.07025],[5.05311,50.06949],[5.05313,50.06906],[5.05354,50.06876],[5.05353,50.06837],[5.05388,50.06767],[5.05365,50.067],[5.05284,50.06713],[5.05184,50.06703],[5.05143,50.06537],[5.05114,50.06468],[5.05082,50.0643],[5.05051,50.06432],[5.04939,50.06375],[5.04871,50.06303],[5.04809,50.06211],[5.04762,50.06178],[5.04692,50.06153],[5.04675,50.06114],[5.0463,50.06101],[5.04577,50.06128],[5.04543,50.06176],[5.04481,50.06193],[5.04359,50.0618],[5.04273,50.06161],[5.04226,50.06172],[5.04208,50.06154],[5.04226,50.06107],[5.04211,50.06041],[5.04238,50.05918],[5.0428,50.05881],[5.04351,50.05753],[5.04349,50.05679],[5.04299,50.05545],[5.04252,50.05477],[5.04189,50.05419],[5.04146,50.05312],[5.03818,50.05245],[5.0368,50.05233],[5.03569,50.05214],[5.03473,50.05182],[5.03354,50.05124],[5.03282,50.05057],[5.03218,50.05053],[5.03062,50.05],[5.02864,50.04997],[5.02831,50.04943],[5.02904,50.04807],[5.02895,50.04739],[5.0283,50.04629],[5.02776,50.04622],[5.02745,50.04539],[5.02697,50.04534],[5.02536,50.04381],[5.02333,50.04311],[5.02005,50.04275],[5.01949,50.04255],[5.01889,50.04254],[5.01802,50.04221],[5.01644,50.042],[5.01599,50.04144],[5.01519,50.04126],[5.01404,50.04043],[5.01327,50.03979],[5.01263,50.03905],[5.01177,50.03876],[5.01097,50.03798],[5.01165,50.03771],[5.01348,50.03649],[5.01718,50.03549],[5.01746,50.03549],[5.01873,50.03396],[5.02664,50.03082],[5.0337,50.03001],[5.0361,50.02714],[5.04119,50.02642],[5.04867,50.02597],[5.05178,50.02516],[5.05545,50.02291],[5.05585,50.02213],[5.05572,50.02179],[5.05524,50.0213],[5.05622,50.02102],[5.05685,50.02111],[5.05748,50.02096],[5.05918,50.02087],[5.06092,50.02055],[5.06178,50.02082],[5.0622,50.02067],[5.06407,50.0205],[5.06582,50.01986],[5.06821,50.01955],[5.06996,50.01953],[5.07146,50.0191],[5.07246,50.01825],[5.07585,50.01767],[5.07689,50.01791],[5.0795,50.01745],[5.08062,50.01756],[5.08256,50.01675],[5.08331,50.01654],[5.08373,50.01599],[5.08513,50.01607],[5.08636,50.01636],[5.08667,50.01662],[5.08675,50.01733],[5.08633,50.01851],[5.0859,50.01927],[5.08604,50.01981],[5.08663,50.02069],[5.08739,50.02161],[5.08829,50.02222],[5.09022,50.02306],[5.09087,50.02314],[5.09159,50.02308],[5.09416,50.02377],[5.09646,50.02424],[5.09731,50.0242],[5.09808,50.02402],[5.10091,50.02354],[5.10165,50.02332],[5.10307,50.02358],[5.10403,50.02395],[5.10446,50.02427],[5.10654,50.02424],[5.10739,50.0244],[5.10786,50.02474],[5.10834,50.0246],[5.11017,50.02471],[5.11102,50.02512],[5.11147,50.02558],[5.11166,50.02641],[5.11214,50.02668],[5.11252,50.02741],[5.11428,50.02809],[5.11498,50.02822],[5.11685,50.02761],[5.11748,50.02755],[5.11914,50.02828],[5.12187,50.02941],[5.12284,50.02969],[5.12451,50.03108],[5.12616,50.03166],[5.12605,50.03215],[5.1267,50.03294],[5.12669,50.03373],[5.1259,50.03516],[5.12574,50.03585],[5.12573,50.03721],[5.12518,50.03868],[5.12541,50.03924],[5.12609,50.03985],[5.12713,50.04024],[5.12852,50.04038],[5.12937,50.04027],[5.13142,50.03951],[5.13247,50.03928],[5.13342,50.0389],[5.13474,50.03875],[5.13583,50.03874],[5.13724,50.03893],[5.13786,50.03879],[5.13876,50.0394],[5.13925,50.03995],[5.13993,50.04115],[5.14013,50.04203],[5.13954,50.04285],[5.1388,50.04334],[5.13773,50.04374],[5.13818,50.04443],[5.13868,50.04455],[5.13906,50.04486],[5.14041,50.04534],[5.14132,50.04555],[5.14302,50.04571],[5.1437,50.0456],[5.14581,50.04576],[5.1476,50.0451],[5.14855,50.04446],[5.14944,50.04409],[5.15069,50.04406],[5.15224,50.04437],[5.15271,50.04424],[5.15304,50.04442],[5.15395,50.04449],[5.15498,50.04439],[5.15552,50.04464],[5.15577,50.04498],[5.15682,50.04479],[5.15798,50.0447],[5.15886,50.04491],[5.15962,50.04528],[5.16128,50.04552],[5.16255,50.04499],[5.16296,50.04465],[5.1632,50.04402],[5.16775,50.0427],[5.16967,50.04332],[5.17313,50.0441],[5.17821,50.04507],[5.17693,50.04638],[5.17591,50.04846],[5.17476,50.05119],[5.17511,50.05488],[5.17335,50.05528],[5.17088,50.06224],[5.17101,50.06615],[5.16953,50.06956],[5.16944,50.07148],[5.16946,50.07262],[5.16763,50.07347],[5.16755,50.07482],[5.16664,50.07617],[5.16395,50.07657],[5.16261,50.07729],[5.15852,50.08362],[5.16042,50.08483],[5.16078,50.08942],[5.16021,50.09108],[5.16049,50.0922],[5.15422,50.0939],[5.15271,50.09441],[5.15194,50.09456],[5.14979,50.09447],[5.14974,50.09474],[5.14716,50.09478],[5.14713,50.09488],[5.14432,50.09444],[5.14397,50.09456],[5.13821,50.09438],[5.13647,50.0944],[5.13659,50.09546],[5.13453,50.09542],[5.13443,50.09562],[5.13386,50.09564],[5.13379,50.09714],[5.13398,50.09776],[5.13293,50.09831],[5.13266,50.09877],[5.13235,50.09883],[5.13138,50.09854],[5.1305,50.09839],[5.12983,50.09842],[5.12888,50.09826],[5.12657,50.09821],[5.12584,50.09794],[5.12531,50.09791],[5.12502,50.09811],[5.12372,50.09867],[5.12323,50.09972],[5.12106,50.09955],[5.11978,50.0995],[5.11649,50.099],[5.11577,50.0988],[5.09687,50.09499],[5.09498,50.09493],[5.08402,50.09435],[5.08239,50.09421],[5.08209,50.0951],[5.07855,50.09453],[5.074,50.09347],[5.07169,50.09345],[5.07092,50.09543],[5.0705,50.09529],[5.06945,50.09674],[5.0703,50.09701],[5.06881,50.09838],[5.06951,50.09895],[5.06886,50.09906],[5.06855,50.09929],[5.06872,50.09964],[5.06838,50.10019],[5.06762,50.10007],[5.0664,50.10183],[5.06497,50.10335],[5.06338,50.10452],[5.06146,50.10531],[5.06032,50.10764],[5.06071,50.10813],[5.06313,50.11091],[5.06432,50.11249],[5.06655,50.11471],[5.06815,50.11736],[5.06583,50.1188],[5.06622,50.11953],[5.06727,50.12112],[5.06841,50.1224],[5.06685,50.1225],[5.0657,50.12278]]]}},{"type":"Feature","id":"84077","bbox":[5.291465,49.875154,5.553212,50.025186],"properties":{"nis":"84077","name":"Libramont-Chevigny","nameNl":"Libramont-Chevigny","nameFr":"Libramont-Chevigny","nameDe":"Libramont-Chevigny","province":"luxembourg","region":"wallonia","areaKm2":178.53},"geometry":{"type":"Polygon","coordinates":[[[5.54925,49.96631],[5.5483,49.96695],[5.54757,49.96681],[5.54686,49.96734],[5.5446,49.96768],[5.54265,49.96713],[5.54132,49.9669],[5.54098,49.96707],[5.53998,49.9668],[5.53447,49.9662],[5.53382,49.96639],[5.53268,49.96651],[5.53218,49.967],[5.53192,49.96782],[5.53152,49.96813],[5.53065,49.96854],[5.52979,49.96879],[5.5302,49.97072],[5.53029,49.97434],[5.53129,49.97566],[5.53201,49.97592],[5.53162,49.97643],[5.5299,49.97759],[5.52874,49.97982],[5.52718,49.98141],[5.52674,49.98244],[5.52627,49.98327],[5.52325,49.98529],[5.52264,49.98612],[5.52114,49.98737],[5.52015,49.98799],[5.51876,49.98856],[5.51593,49.98988],[5.51585,49.98987],[5.51399,49.99086],[5.50603,49.99423],[5.50477,49.9949],[5.50344,49.99578],[5.50013,49.99807],[5.50004,49.99803],[5.49603,49.99954],[5.49516,50.00003],[5.49275,50.00118],[5.4906,50.00206],[5.49099,50.0029],[5.49045,50.00332],[5.48997,50.00342],[5.48999,50.00372],[5.48939,50.00403],[5.48912,50.00921],[5.48813,50.01019],[5.48752,50.01104],[5.48721,50.01297],[5.48706,50.01315],[5.48861,50.01475],[5.48944,50.01503],[5.48971,50.01536],[5.48932,50.01601],[5.48978,50.01638],[5.49091,50.01857],[5.49245,50.02018],[5.49355,50.02065],[5.49443,50.02117],[5.49596,50.02118],[5.49662,50.02107],[5.49853,50.02178],[5.49846,50.02212],[5.49714,50.02209],[5.49519,50.02186],[5.49159,50.02265],[5.48914,50.02307],[5.48698,50.0239],[5.48565,50.02407],[5.48422,50.02414],[5.48336,50.02409],[5.48102,50.02375],[5.47827,50.02341],[5.47654,50.02331],[5.47249,50.02359],[5.46916,50.02406],[5.46694,50.02443],[5.4644,50.0251],[5.46335,50.02516],[5.46281,50.02505],[5.46034,50.02519],[5.45983,50.02369],[5.45974,50.02259],[5.46012,50.02189],[5.45907,50.0219],[5.4574,50.02163],[5.45549,50.02176],[5.45437,50.02144],[5.45232,50.0213],[5.45161,50.02112],[5.45052,50.02103],[5.44941,50.02081],[5.44757,50.0208],[5.44651,50.02067],[5.44328,50.01978],[5.44234,50.01916],[5.44137,50.01869],[5.44053,50.01808],[5.43908,50.0167],[5.43813,50.01591],[5.43655,50.01501],[5.43709,50.01412],[5.4377,50.01343],[5.4382,50.0125],[5.4381,50.01149],[5.43718,50.01095],[5.43705,50.00883],[5.43501,50.00395],[5.43429,50.00294],[5.43286,50.00195],[5.43113,50.00029],[5.43067,50.00008],[5.43016,49.99949],[5.4264,49.99813],[5.42522,49.99798],[5.4229,49.99699],[5.41945,49.99619],[5.4184,49.99584],[5.41724,49.99516],[5.41612,49.99379],[5.41591,49.99306],[5.41374,49.99171],[5.41064,49.99095],[5.40923,49.99034],[5.40697,49.99059],[5.40573,49.99062],[5.40156,49.99128],[5.40162,49.99143],[5.39904,49.9914],[5.39926,49.9924],[5.39792,49.99253],[5.39764,49.9929],[5.39516,49.99288],[5.39464,49.99273],[5.39488,49.99314],[5.3948,49.99347],[5.39445,49.99356],[5.39411,49.99395],[5.39355,49.99399],[5.39043,49.99383],[5.38716,49.99372],[5.38282,49.99347],[5.38159,49.9933],[5.38044,49.99354],[5.38031,49.99338],[5.37871,49.99374],[5.3791,49.99409],[5.37797,49.9949],[5.37681,49.99458],[5.37429,49.99631],[5.37132,49.9978],[5.37159,49.99809],[5.3689,49.99917],[5.36792,49.99913],[5.36653,49.99954],[5.36628,49.999],[5.36525,49.99927],[5.3654,49.99839],[5.36692,49.99846],[5.36695,49.9983],[5.36499,49.99623],[5.36311,49.99488],[5.36103,49.99217],[5.36005,49.99184],[5.3593,49.99175],[5.35542,49.99165],[5.35469,49.99134],[5.35416,49.9907],[5.35335,49.9901],[5.35262,49.98854],[5.35335,49.98826],[5.35131,49.98656],[5.34926,49.98513],[5.34576,49.98345],[5.34442,49.98286],[5.34349,49.98337],[5.34307,49.98344],[5.34088,49.98344],[5.33929,49.98355],[5.33867,49.98341],[5.33725,49.98285],[5.33651,49.98277],[5.33268,49.98261],[5.33104,49.98243],[5.32968,49.98216],[5.32903,49.98192],[5.32693,49.98154],[5.32495,49.9807],[5.32532,49.98022],[5.32416,49.97999],[5.3234,49.97976],[5.32382,49.97933],[5.32435,49.97913],[5.32479,49.97871],[5.32404,49.97834],[5.32444,49.97804],[5.32424,49.97784],[5.32453,49.97714],[5.32441,49.97677],[5.32491,49.97648],[5.32466,49.97603],[5.32527,49.97495],[5.32582,49.97442],[5.32624,49.97428],[5.32667,49.97439],[5.32757,49.97418],[5.32905,49.97267],[5.32703,49.97117],[5.32672,49.9692],[5.3274,49.96774],[5.32979,49.96671],[5.33034,49.96561],[5.32862,49.96407],[5.3272,49.96164],[5.32633,49.96034],[5.32689,49.95887],[5.32653,49.95883],[5.3259,49.95833],[5.32538,49.9583],[5.32523,49.95797],[5.32394,49.9572],[5.32359,49.95688],[5.32365,49.95645],[5.3234,49.95638],[5.32343,49.95585],[5.32295,49.95453],[5.32288,49.95399],[5.32318,49.95344],[5.32299,49.9531],[5.32324,49.95238],[5.32318,49.95203],[5.32374,49.95186],[5.32368,49.95111],[5.32586,49.94923],[5.32667,49.94695],[5.32688,49.94584],[5.32708,49.9457],[5.32681,49.94509],[5.32701,49.94495],[5.32709,49.94438],[5.32682,49.94404],[5.32658,49.94173],[5.32601,49.94112],[5.32576,49.93841],[5.32555,49.93699],[5.3258,49.93623],[5.32569,49.93547],[5.32526,49.93347],[5.32537,49.93261],[5.32591,49.93122],[5.32646,49.93014],[5.32763,49.9283],[5.32834,49.92747],[5.32913,49.92676],[5.3295,49.9262],[5.32981,49.92467],[5.32982,49.92232],[5.3276,49.9204],[5.32661,49.91834],[5.32585,49.91627],[5.3241,49.91586],[5.32264,49.91431],[5.32118,49.9136],[5.32001,49.91328],[5.31988,49.91311],[5.31807,49.9129],[5.31751,49.91264],[5.31608,49.91268],[5.31461,49.913],[5.31144,49.91291],[5.31146,49.91313],[5.30986,49.9134],[5.3082,49.9131],[5.30772,49.91317],[5.30706,49.91305],[5.30578,49.91322],[5.30496,49.91313],[5.30305,49.9132],[5.30217,49.91307],[5.301,49.91329],[5.29836,49.91323],[5.29925,49.91241],[5.29874,49.91226],[5.29886,49.91182],[5.29784,49.91111],[5.29146,49.90775],[5.29425,49.90606],[5.29464,49.90116],[5.29595,49.8993],[5.3,49.89619],[5.30078,49.89274],[5.30082,49.89087],[5.30259,49.88819],[5.30301,49.88743],[5.30413,49.88697],[5.30496,49.88693],[5.30559,49.88662],[5.30706,49.88661],[5.30936,49.8864],[5.31033,49.88654],[5.31203,49.88652],[5.31331,49.88657],[5.31509,49.8864],[5.31774,49.88665],[5.31958,49.88662],[5.32026,49.886],[5.32,49.88578],[5.31886,49.88533],[5.3193,49.8851],[5.31896,49.88452],[5.3183,49.88427],[5.31816,49.88347],[5.31824,49.8834],[5.3196,49.8838],[5.32097,49.88429],[5.3228,49.88598],[5.32429,49.88689],[5.32486,49.8874],[5.32575,49.88775],[5.326,49.88741],[5.32961,49.88711],[5.3301,49.88687],[5.33121,49.8866],[5.33141,49.88621],[5.33296,49.88564],[5.33329,49.88599],[5.33375,49.88567],[5.33591,49.88656],[5.33884,49.88741],[5.34144,49.88772],[5.34499,49.88688],[5.34692,49.88434],[5.34823,49.8827],[5.35207,49.8811],[5.35229,49.88072],[5.35298,49.88034],[5.35262,49.88032],[5.3552,49.87904],[5.35597,49.87875],[5.3574,49.87796],[5.3597,49.87688],[5.36112,49.87593],[5.36331,49.87515],[5.36455,49.87533],[5.36556,49.87568],[5.36731,49.87594],[5.36928,49.87591],[5.37048,49.87604],[5.37255,49.8764],[5.37437,49.87661],[5.37454,49.87653],[5.37591,49.87658],[5.37806,49.87733],[5.37944,49.87822],[5.38635,49.88124],[5.38691,49.88166],[5.38902,49.88263],[5.38942,49.88302],[5.39022,49.88343],[5.38983,49.88375],[5.39051,49.88382],[5.39088,49.88366],[5.39117,49.88389],[5.39152,49.88378],[5.39183,49.88401],[5.39291,49.88399],[5.39342,49.88413],[5.39443,49.88497],[5.39458,49.8855],[5.39549,49.88547],[5.39546,49.88517],[5.39624,49.88526],[5.39641,49.88571],[5.39734,49.88586],[5.39833,49.8866],[5.39747,49.88739],[5.39891,49.88765],[5.3994,49.88741],[5.39976,49.88791],[5.40365,49.88888],[5.40563,49.88954],[5.40656,49.88991],[5.40714,49.88957],[5.40889,49.89019],[5.40946,49.88977],[5.41045,49.89049],[5.41177,49.89098],[5.41271,49.89173],[5.41451,49.89214],[5.41607,49.89238],[5.4168,49.89233],[5.4175,49.89204],[5.41818,49.89229],[5.41888,49.89282],[5.41943,49.89196],[5.42027,49.89168],[5.42073,49.89187],[5.42225,49.89193],[5.42418,49.89219],[5.42443,49.89247],[5.42672,49.89282],[5.42793,49.89287],[5.4311,49.89372],[5.43014,49.89501],[5.43461,49.89794],[5.43685,49.89902],[5.43718,49.90025],[5.43879,49.90089],[5.44157,49.9004],[5.44392,49.90057],[5.44871,49.89909],[5.45096,49.89772],[5.45148,49.89776],[5.45207,49.8971],[5.4543,49.89791],[5.4554,49.89793],[5.4572,49.8978],[5.45814,49.8979],[5.45951,49.89775],[5.46074,49.89774],[5.46177,49.89761],[5.46226,49.89766],[5.46435,49.89757],[5.46578,49.89737],[5.46584,49.89809],[5.4676,49.89914],[5.46976,49.89957],[5.47356,49.90038],[5.47862,49.90236],[5.47986,49.90249],[5.48141,49.90252],[5.48544,49.90272],[5.4882,49.9027],[5.48927,49.90247],[5.49072,49.90235],[5.49212,49.90283],[5.49301,49.90299],[5.49516,49.90303],[5.49716,49.90325],[5.49989,49.90566],[5.50222,49.90778],[5.50555,49.91057],[5.5062,49.91143],[5.50645,49.91205],[5.51446,49.91863],[5.51602,49.91974],[5.51691,49.92142],[5.51737,49.92412],[5.51877,49.92493],[5.51983,49.92537],[5.52228,49.9265],[5.52411,49.92747],[5.52507,49.92822],[5.52798,49.93118],[5.52717,49.93127],[5.52602,49.93185],[5.52485,49.93225],[5.52407,49.93281],[5.52316,49.93415],[5.52313,49.93458],[5.5236,49.93586],[5.52347,49.93633],[5.52479,49.93726],[5.52513,49.9378],[5.52484,49.93833],[5.52425,49.93903],[5.52414,49.93981],[5.52433,49.94009],[5.52614,49.94173],[5.52723,49.9435],[5.5307,49.94592],[5.53507,49.94577],[5.54884,49.94884],[5.54963,49.95211],[5.55321,49.95258],[5.54738,49.95737],[5.54211,49.96209],[5.54481,49.96424],[5.54925,49.96631]]]}},{"type":"Feature","id":"85007","bbox":[5.308887,49.652236,5.482044,49.790468],"properties":{"nis":"85007","name":"Chiny","nameNl":"Chiny","nameFr":"Chiny","nameDe":"Chiny","province":"luxembourg","region":"wallonia","areaKm2":113.59},"geometry":{"type":"Polygon","coordinates":[[[5.43979,49.78327],[5.43975,49.7835],[5.43886,49.78353],[5.43811,49.78342],[5.43509,49.78319],[5.43387,49.78274],[5.4327,49.78271],[5.43212,49.78287],[5.43102,49.78297],[5.43035,49.78291],[5.42858,49.78256],[5.42743,49.78225],[5.42684,49.78247],[5.42597,49.78321],[5.42505,49.78361],[5.42428,49.78375],[5.42205,49.78362],[5.42125,49.78373],[5.41957,49.7842],[5.41835,49.7847],[5.41694,49.78545],[5.41728,49.7861],[5.41832,49.78705],[5.41949,49.78802],[5.41918,49.78836],[5.41789,49.7875],[5.41709,49.78688],[5.41589,49.7857],[5.41567,49.78538],[5.41458,49.78515],[5.41367,49.78544],[5.41357,49.78567],[5.41272,49.78644],[5.4125,49.78733],[5.41274,49.78839],[5.41204,49.78937],[5.41165,49.79047],[5.41147,49.7897],[5.41222,49.78816],[5.41192,49.78725],[5.41196,49.78679],[5.41255,49.78548],[5.41276,49.78539],[5.41321,49.7845],[5.41211,49.78472],[5.41166,49.78432],[5.4109,49.78478],[5.40979,49.78445],[5.40938,49.78454],[5.4084,49.78385],[5.40784,49.78317],[5.40681,49.78304],[5.4064,49.78263],[5.40577,49.7823],[5.40531,49.78232],[5.40485,49.78169],[5.40413,49.78136],[5.40346,49.78134],[5.40168,49.78103],[5.4012,49.78054],[5.4006,49.78041],[5.40015,49.77995],[5.39918,49.77946],[5.39757,49.77903],[5.39683,49.77909],[5.39552,49.77887],[5.39448,49.77894],[5.39405,49.77925],[5.3936,49.77995],[5.394,49.78021],[5.39507,49.78061],[5.39541,49.78098],[5.39478,49.78064],[5.39329,49.78054],[5.39224,49.78102],[5.39099,49.78055],[5.39132,49.7802],[5.39211,49.77986],[5.39287,49.77894],[5.3926,49.77874],[5.39167,49.779],[5.39213,49.77853],[5.39302,49.77722],[5.37784,49.77628],[5.36278,49.77518],[5.36315,49.77619],[5.36345,49.77743],[5.35761,49.77794],[5.35551,49.77719],[5.35361,49.77637],[5.35088,49.77594],[5.34969,49.77582],[5.34699,49.77611],[5.3453,49.7764],[5.34317,49.77606],[5.34133,49.77617],[5.34022,49.77631],[5.33928,49.77666],[5.33856,49.77711],[5.33585,49.7791],[5.33557,49.77922],[5.3343,49.77863],[5.32742,49.77565],[5.3265,49.77484],[5.32381,49.76987],[5.3228,49.76818],[5.31719,49.75822],[5.31069,49.74661],[5.30943,49.7443],[5.30889,49.74354],[5.3162,49.74518],[5.31917,49.74266],[5.31838,49.73939],[5.3165,49.73725],[5.32006,49.73675],[5.32154,49.73575],[5.32016,49.73254],[5.31551,49.72946],[5.31432,49.72782],[5.31432,49.72682],[5.32095,49.72285],[5.32233,49.72116],[5.32213,49.72015],[5.32174,49.71487],[5.32461,49.71512],[5.32777,49.71518],[5.32876,49.71581],[5.33014,49.71631],[5.33242,49.7177],[5.33617,49.71732],[5.33706,49.7165],[5.33696,49.71355],[5.33845,49.71349],[5.33851,49.71242],[5.3388,49.71232],[5.3406,49.71274],[5.34093,49.71241],[5.34266,49.71183],[5.34365,49.71226],[5.34407,49.71214],[5.34334,49.71108],[5.34294,49.71121],[5.3426,49.71079],[5.34161,49.71029],[5.34237,49.71033],[5.34324,49.70999],[5.34434,49.70991],[5.3439,49.70918],[5.34399,49.70822],[5.34586,49.70689],[5.34628,49.7065],[5.34655,49.70677],[5.34831,49.7059],[5.348,49.70554],[5.34851,49.70519],[5.34914,49.70548],[5.34986,49.70496],[5.35018,49.70399],[5.35092,49.70388],[5.35105,49.70371],[5.35259,49.70317],[5.35373,49.70257],[5.35426,49.70242],[5.35479,49.70191],[5.35525,49.70182],[5.35524,49.70145],[5.35596,49.70036],[5.35735,49.69962],[5.358,49.69956],[5.35826,49.69972],[5.35869,49.69954],[5.35923,49.69959],[5.35953,49.69905],[5.35993,49.69908],[5.35993,49.69878],[5.36047,49.69887],[5.36033,49.6986],[5.36054,49.69821],[5.35981,49.69801],[5.35975,49.69775],[5.35859,49.69745],[5.35859,49.69696],[5.35817,49.69675],[5.35767,49.69524],[5.35709,49.69512],[5.3569,49.69437],[5.35706,49.69418],[5.35632,49.69369],[5.3548,49.69289],[5.35399,49.69282],[5.35376,49.69244],[5.35303,49.69206],[5.35269,49.69157],[5.35253,49.69102],[5.35224,49.69082],[5.35202,49.69021],[5.35248,49.68963],[5.3517,49.68928],[5.351,49.68803],[5.34824,49.68726],[5.34675,49.68519],[5.34705,49.68424],[5.34339,49.6828],[5.34141,49.68154],[5.34121,49.67852],[5.33934,49.67808],[5.34052,49.6745],[5.33815,49.66928],[5.3338,49.66789],[5.33489,49.66387],[5.33578,49.6623],[5.33825,49.65959],[5.3428,49.65733],[5.35377,49.65752],[5.36366,49.66029],[5.36435,49.66129],[5.36445,49.66129],[5.36395,49.66343],[5.36702,49.6662],[5.36761,49.6684],[5.36939,49.66896],[5.37008,49.66714],[5.36919,49.66431],[5.36929,49.66431],[5.36989,49.66324],[5.37335,49.66211],[5.37512,49.66268],[5.3776,49.66167],[5.38264,49.66142],[5.38461,49.66035],[5.38461,49.65959],[5.38541,49.65878],[5.38778,49.65884],[5.38788,49.65821],[5.38916,49.65871],[5.39144,49.6579],[5.39193,49.65651],[5.39203,49.65651],[5.39144,49.65538],[5.39272,49.65224],[5.40142,49.65507],[5.40152,49.655],[5.40795,49.65783],[5.41348,49.65903],[5.41506,49.65972],[5.41655,49.66098],[5.4198,49.66099],[5.43424,49.66087],[5.43444,49.66322],[5.43818,49.66314],[5.43909,49.66718],[5.44207,49.66727],[5.44516,49.66715],[5.4473,49.66732],[5.44823,49.66753],[5.44943,49.66823],[5.4495,49.6687],[5.44893,49.67118],[5.44787,49.67216],[5.44811,49.67283],[5.4481,49.67333],[5.44914,49.67525],[5.44925,49.67567],[5.44892,49.67573],[5.44837,49.67675],[5.44855,49.67706],[5.44803,49.67712],[5.4477,49.67758],[5.44849,49.6779],[5.4482,49.6783],[5.44842,49.67851],[5.44818,49.67879],[5.4486,49.67923],[5.44832,49.67972],[5.4492,49.68009],[5.44941,49.68044],[5.449,49.68065],[5.44913,49.68097],[5.44839,49.68114],[5.44845,49.6818],[5.44809,49.68209],[5.44711,49.68229],[5.44661,49.68272],[5.44627,49.68253],[5.44612,49.68311],[5.44635,49.68323],[5.44616,49.68421],[5.4465,49.68461],[5.44667,49.68587],[5.44642,49.68659],[5.44724,49.68864],[5.44857,49.69022],[5.44926,49.69058],[5.45092,49.69081],[5.45099,49.69099],[5.45236,49.69099],[5.45258,49.69123],[5.45377,49.69109],[5.45418,49.69126],[5.45648,49.69097],[5.4574,49.69129],[5.45792,49.69118],[5.4583,49.69082],[5.45858,49.69105],[5.45949,49.69106],[5.46005,49.69063],[5.46025,49.69091],[5.461,49.69116],[5.46051,49.69263],[5.45883,49.69424],[5.46063,49.69505],[5.46051,49.69519],[5.46098,49.69637],[5.46208,49.69624],[5.46402,49.69623],[5.46543,49.69644],[5.46703,49.69723],[5.46752,49.69765],[5.46802,49.69784],[5.46764,49.6985],[5.46846,49.69895],[5.46814,49.69926],[5.46688,49.69952],[5.46589,49.6999],[5.46612,49.70031],[5.46656,49.70047],[5.46767,49.70061],[5.4682,49.7005],[5.46864,49.70061],[5.46829,49.70164],[5.46829,49.70245],[5.46848,49.70336],[5.46884,49.70408],[5.47014,49.70502],[5.47095,49.70512],[5.47135,49.70445],[5.47128,49.70365],[5.47157,49.70325],[5.47203,49.70333],[5.4724,49.70406],[5.47275,49.70437],[5.47433,49.70519],[5.47508,49.70522],[5.47585,49.70477],[5.47647,49.70377],[5.47714,49.7031],[5.47762,49.70284],[5.47878,49.70311],[5.47917,49.70423],[5.47979,49.70429],[5.48055,49.70419],[5.48192,49.7038],[5.48202,49.70435],[5.48182,49.70474],[5.48101,49.70534],[5.48048,49.70514],[5.48056,49.70543],[5.48013,49.70798],[5.47994,49.70802],[5.48068,49.70988],[5.48074,49.71054],[5.48047,49.71146],[5.48012,49.71187],[5.47917,49.71263],[5.47881,49.71241],[5.47851,49.71294],[5.47791,49.71345],[5.47778,49.71336],[5.47678,49.7137],[5.47596,49.71372],[5.47564,49.71418],[5.47518,49.71418],[5.47473,49.7151],[5.47436,49.7155],[5.47532,49.71603],[5.47431,49.71622],[5.47379,49.71657],[5.47297,49.71689],[5.4722,49.71664],[5.47104,49.71735],[5.46967,49.71662],[5.46974,49.7181],[5.4689,49.718],[5.46843,49.71931],[5.46835,49.72039],[5.46685,49.72057],[5.46776,49.72224],[5.46588,49.72242],[5.46423,49.72281],[5.46303,49.72341],[5.4631,49.72348],[5.46151,49.72479],[5.4618,49.7256],[5.46228,49.72587],[5.45758,49.72659],[5.44729,49.72822],[5.44835,49.73228],[5.44864,49.73273],[5.45249,49.73767],[5.45759,49.74431],[5.44446,49.75144],[5.43792,49.75506],[5.43233,49.75812],[5.43026,49.75932],[5.42962,49.75944],[5.42667,49.7593],[5.4283,49.7613],[5.42088,49.76096],[5.42064,49.76107],[5.41732,49.76363],[5.41866,49.76381],[5.41985,49.76419],[5.42027,49.76494],[5.42174,49.76549],[5.42359,49.766],[5.42503,49.76661],[5.4253,49.76715],[5.4269,49.76748],[5.42789,49.76802],[5.42791,49.76843],[5.42764,49.76874],[5.42787,49.76903],[5.42907,49.76916],[5.42934,49.76966],[5.42929,49.77006],[5.43012,49.7711],[5.42975,49.77149],[5.42875,49.77125],[5.428,49.77127],[5.42683,49.77178],[5.42654,49.77241],[5.42618,49.77271],[5.42571,49.77255],[5.42497,49.77258],[5.42436,49.77284],[5.4247,49.77437],[5.42515,49.77529],[5.42505,49.77603],[5.42924,49.77952],[5.43241,49.78201],[5.43345,49.78225],[5.43487,49.78268],[5.43832,49.78291],[5.43896,49.78302],[5.43959,49.78289],[5.43979,49.78327]]]}},{"type":"Feature","id":"85009","bbox":[5.527507,49.621347,5.699307,49.711431],"properties":{"nis":"85009","name":"Étalle","nameNl":"Étalle","nameFr":"Étalle","nameDe":"Étalle","province":"luxembourg","region":"wallonia","areaKm2":79.15},"geometry":{"type":"Polygon","coordinates":[[[5.69363,49.64579],[5.69427,49.64629],[5.69527,49.64772],[5.69586,49.64833],[5.69767,49.64962],[5.69814,49.65064],[5.69797,49.65217],[5.69811,49.65334],[5.69818,49.65502],[5.69922,49.65603],[5.69931,49.65686],[5.69532,49.65724],[5.69529,49.65752],[5.69589,49.65847],[5.69586,49.66055],[5.69519,49.66325],[5.69485,49.66434],[5.69411,49.66626],[5.69273,49.66704],[5.68984,49.66966],[5.68887,49.67095],[5.68852,49.67217],[5.68807,49.67525],[5.68791,49.67562],[5.68812,49.67601],[5.68779,49.67651],[5.68809,49.67688],[5.68791,49.67737],[5.68764,49.67746],[5.68747,49.67797],[5.68668,49.6782],[5.68651,49.67796],[5.68603,49.67815],[5.6857,49.67871],[5.6853,49.67868],[5.68469,49.67932],[5.68432,49.67954],[5.68457,49.68021],[5.68453,49.68072],[5.68405,49.68113],[5.68395,49.68157],[5.68411,49.68193],[5.68388,49.6824],[5.68296,49.68282],[5.68207,49.68311],[5.68197,49.68371],[5.68132,49.68408],[5.68158,49.68414],[5.68122,49.6845],[5.68152,49.68502],[5.68056,49.68521],[5.6799,49.6852],[5.67889,49.68659],[5.6789,49.68698],[5.67846,49.68733],[5.6771,49.68889],[5.67622,49.68912],[5.67612,49.68931],[5.67472,49.68968],[5.67403,49.68963],[5.67055,49.6888],[5.66957,49.68853],[5.66907,49.68919],[5.66848,49.68921],[5.66753,49.68899],[5.66701,49.68963],[5.6649,49.69009],[5.66358,49.69004],[5.66333,49.6906],[5.66136,49.69056],[5.66092,49.69133],[5.65913,49.69114],[5.65906,49.69128],[5.65821,49.69097],[5.65815,49.6905],[5.6543,49.69043],[5.6538,49.69027],[5.65356,49.69063],[5.6533,49.69037],[5.6527,49.69033],[5.65087,49.69113],[5.65005,49.6911],[5.65011,49.69088],[5.64967,49.69065],[5.64988,49.69044],[5.64914,49.69029],[5.6486,49.68987],[5.6482,49.68999],[5.64752,49.68926],[5.64636,49.69046],[5.64597,49.69095],[5.64537,49.69082],[5.64554,49.69051],[5.64454,49.69028],[5.64371,49.69022],[5.64369,49.69058],[5.64276,49.69058],[5.64262,49.69029],[5.63992,49.69073],[5.63992,49.69053],[5.63937,49.69012],[5.63886,49.69005],[5.63063,49.69187],[5.62995,49.69249],[5.62924,49.69222],[5.62718,49.69256],[5.62614,49.69283],[5.6261,49.69266],[5.62492,49.69319],[5.6247,49.69299],[5.62412,49.69329],[5.62416,49.69361],[5.62276,49.69428],[5.62266,49.69442],[5.62127,49.69405],[5.62085,49.69452],[5.61944,49.69419],[5.61854,49.69386],[5.61807,49.69418],[5.61711,49.69353],[5.61603,49.69425],[5.61514,49.69369],[5.61335,49.69404],[5.61327,49.69392],[5.6116,49.69447],[5.61079,49.69456],[5.61088,49.69475],[5.60874,49.69515],[5.60881,49.69547],[5.60637,49.69569],[5.60625,49.69597],[5.60416,49.69552],[5.60281,49.69704],[5.60089,49.69679],[5.59912,49.69662],[5.59942,49.69741],[5.59931,49.69779],[5.59871,49.69835],[5.59766,49.70148],[5.59737,49.70206],[5.59733,49.70254],[5.59802,49.70439],[5.59774,49.70591],[5.59745,49.7065],[5.59729,49.70727],[5.59759,49.70836],[5.59845,49.70927],[5.59905,49.70971],[5.59883,49.71001],[5.59784,49.71],[5.59772,49.70974],[5.59662,49.71006],[5.59604,49.70985],[5.59588,49.71081],[5.59564,49.71097],[5.59481,49.71064],[5.59457,49.71076],[5.59296,49.70991],[5.5922,49.71038],[5.59204,49.7103],[5.59106,49.71085],[5.58978,49.71143],[5.58892,49.71094],[5.58819,49.71013],[5.58781,49.71008],[5.58769,49.71081],[5.58652,49.71049],[5.58615,49.71022],[5.58602,49.71095],[5.58433,49.71129],[5.58423,49.7111],[5.58285,49.7101],[5.58223,49.7089],[5.58144,49.70914],[5.58196,49.70985],[5.58094,49.71042],[5.58107,49.71055],[5.58046,49.71086],[5.58015,49.71038],[5.58,49.71072],[5.57962,49.71077],[5.57974,49.71019],[5.57855,49.71017],[5.57719,49.70996],[5.57672,49.71052],[5.57565,49.71012],[5.57476,49.70991],[5.57466,49.70913],[5.57385,49.70943],[5.57346,49.70906],[5.57251,49.7092],[5.57246,49.70894],[5.57205,49.70896],[5.57198,49.70868],[5.57128,49.70877],[5.57113,49.70846],[5.5716,49.70828],[5.56959,49.70853],[5.56904,49.70829],[5.56907,49.70809],[5.56745,49.70794],[5.56603,49.70856],[5.56493,49.70759],[5.56419,49.70802],[5.5631,49.70728],[5.56246,49.70706],[5.56162,49.70704],[5.56052,49.70722],[5.55734,49.70614],[5.55695,49.70645],[5.55625,49.70656],[5.55494,49.70641],[5.54943,49.7052],[5.54773,49.70462],[5.54433,49.70361],[5.54279,49.7037],[5.54026,49.70324],[5.53882,49.70269],[5.53687,49.70244],[5.53387,49.70195],[5.5327,49.7017],[5.53144,49.70134],[5.53049,49.70122],[5.52869,49.70085],[5.52906,49.70127],[5.52851,49.70099],[5.52751,49.7005],[5.52767,49.70039],[5.52788,49.69942],[5.52846,49.69977],[5.52991,49.69885],[5.53116,49.69982],[5.53205,49.69899],[5.5325,49.69903],[5.53513,49.69727],[5.53595,49.69764],[5.53678,49.69779],[5.5374,49.69745],[5.53798,49.69672],[5.53826,49.69611],[5.53829,49.69565],[5.53917,49.69574],[5.54035,49.69531],[5.54067,49.69441],[5.54168,49.69423],[5.54172,49.69381],[5.54248,49.69392],[5.5435,49.69351],[5.54405,49.69359],[5.54728,49.69044],[5.54757,49.68802],[5.54803,49.68775],[5.54939,49.68759],[5.55072,49.68775],[5.55085,49.68733],[5.55165,49.68695],[5.55201,49.68699],[5.55207,49.68734],[5.55154,49.68768],[5.55149,49.68808],[5.5518,49.68845],[5.55265,49.68857],[5.55387,49.68792],[5.55294,49.68739],[5.55386,49.68685],[5.55434,49.68673],[5.5548,49.68684],[5.55485,49.68655],[5.5558,49.68628],[5.55616,49.68537],[5.5561,49.68506],[5.55666,49.68409],[5.55662,49.68352],[5.55601,49.68344],[5.55453,49.68304],[5.55433,49.68263],[5.5522,49.68162],[5.55172,49.68125],[5.55112,49.68099],[5.54968,49.68078],[5.54928,49.67996],[5.54864,49.67953],[5.54786,49.67836],[5.54781,49.67748],[5.54681,49.67664],[5.5467,49.67626],[5.546,49.67604],[5.54574,49.67564],[5.54587,49.67535],[5.54631,49.67526],[5.54657,49.67476],[5.54655,49.67389],[5.54707,49.67362],[5.54762,49.67315],[5.54833,49.67289],[5.54867,49.67201],[5.54916,49.67157],[5.54907,49.67115],[5.55015,49.66985],[5.54961,49.66838],[5.54868,49.66834],[5.54904,49.6653],[5.54893,49.66391],[5.54905,49.66164],[5.55,49.66015],[5.54979,49.65921],[5.5495,49.65868],[5.54873,49.65808],[5.54772,49.6575],[5.5386,49.65663],[5.53486,49.65696],[5.53276,49.6572],[5.53236,49.6566],[5.53221,49.65589],[5.53131,49.65464],[5.53119,49.65417],[5.53138,49.65358],[5.53201,49.65256],[5.53218,49.65198],[5.5317,49.65072],[5.53199,49.6501],[5.53286,49.64943],[5.53325,49.64876],[5.53285,49.64793],[5.53294,49.64605],[5.53318,49.64466],[5.53397,49.6437],[5.53493,49.64266],[5.53588,49.64149],[5.53593,49.64012],[5.53582,49.63992],[5.53631,49.63839],[5.53691,49.6377],[5.53735,49.63685],[5.5383,49.63562],[5.53883,49.63477],[5.53872,49.63435],[5.53912,49.63413],[5.53936,49.63337],[5.53928,49.63228],[5.53864,49.63123],[5.53966,49.63094],[5.54038,49.63057],[5.54119,49.62954],[5.54131,49.62912],[5.54221,49.62795],[5.54445,49.62709],[5.54474,49.62687],[5.54795,49.6259],[5.54921,49.62513],[5.55118,49.62459],[5.55223,49.62443],[5.55391,49.62405],[5.55604,49.62406],[5.55861,49.62386],[5.55981,49.62382],[5.56234,49.6234],[5.56334,49.62315],[5.56495,49.62288],[5.56586,49.623],[5.56707,49.62299],[5.56956,49.62256],[5.57113,49.6221],[5.57342,49.62178],[5.57465,49.62135],[5.57469,49.62321],[5.57621,49.62639],[5.57444,49.62954],[5.57401,49.62994],[5.57278,49.63029],[5.57211,49.6332],[5.57232,49.63576],[5.57266,49.6377],[5.57418,49.63889],[5.57558,49.63937],[5.57702,49.63943],[5.578,49.63916],[5.57821,49.63843],[5.58189,49.63843],[5.58266,49.63824],[5.58333,49.63851],[5.58439,49.63857],[5.58482,49.63838],[5.58583,49.63846],[5.58672,49.63765],[5.58727,49.63671],[5.58999,49.63595],[5.59136,49.63528],[5.59182,49.63478],[5.5915,49.63357],[5.59194,49.63218],[5.59139,49.63187],[5.59092,49.63111],[5.5908,49.6301],[5.59151,49.6296],[5.59191,49.62914],[5.59227,49.62846],[5.59288,49.62779],[5.59341,49.62744],[5.59346,49.62716],[5.5951,49.62687],[5.59625,49.6272],[5.59799,49.6272],[5.5985,49.62738],[5.59909,49.62703],[5.60007,49.62692],[5.60219,49.62561],[5.60314,49.62558],[5.60409,49.62593],[5.60689,49.62582],[5.60853,49.62501],[5.60862,49.62464],[5.60895,49.62455],[5.60888,49.62406],[5.60914,49.6238],[5.6099,49.62355],[5.61052,49.62374],[5.61136,49.62348],[5.61265,49.62337],[5.61473,49.62361],[5.61791,49.62419],[5.61953,49.62457],[5.62113,49.6245],[5.62231,49.62415],[5.62373,49.62467],[5.62473,49.62524],[5.62513,49.62593],[5.62617,49.62626],[5.62709,49.62626],[5.62704,49.62684],[5.62753,49.62667],[5.62788,49.62704],[5.62842,49.62683],[5.62908,49.62696],[5.62989,49.62705],[5.63173,49.6271],[5.63283,49.62742],[5.63366,49.62756],[5.63568,49.6275],[5.63599,49.62716],[5.63675,49.62702],[5.63683,49.6274],[5.6372,49.62742],[5.63799,49.62799],[5.63837,49.62878],[5.63869,49.62906],[5.63977,49.62956],[5.64142,49.62995],[5.64243,49.63035],[5.64423,49.63065],[5.64482,49.63108],[5.645,49.63162],[5.64392,49.63349],[5.64315,49.63397],[5.64174,49.63531],[5.64123,49.63596],[5.64116,49.63656],[5.6407,49.63773],[5.641,49.63919],[5.64146,49.63982],[5.64231,49.6401],[5.64309,49.64009],[5.64483,49.64047],[5.64745,49.64168],[5.64891,49.64224],[5.64957,49.64396],[5.65047,49.64516],[5.65278,49.64389],[5.65297,49.64341],[5.65427,49.64292],[5.65545,49.64228],[5.65695,49.64177],[5.65824,49.6415],[5.65938,49.64049],[5.6636,49.63662],[5.66438,49.63725],[5.66604,49.63736],[5.66698,49.63749],[5.66749,49.63645],[5.66832,49.63565],[5.6698,49.63529],[5.67085,49.6349],[5.67211,49.63428],[5.67238,49.63334],[5.67173,49.63209],[5.67177,49.63154],[5.67301,49.63043],[5.6729,49.63106],[5.67471,49.63259],[5.67584,49.63317],[5.67868,49.63488],[5.68094,49.63668],[5.68159,49.6374],[5.68353,49.63892],[5.68403,49.63961],[5.68494,49.64024],[5.68558,49.64118],[5.68662,49.64227],[5.68739,49.6426],[5.69121,49.64368],[5.692,49.64413],[5.69363,49.64579]]]}},{"type":"Feature","id":"85011","bbox":[5.147088,49.610778,5.42495,49.781272],"properties":{"nis":"85011","name":"Florenville","nameNl":"Florenville","nameFr":"Florenville","nameDe":"Florenville","province":"luxembourg","region":"wallonia","areaKm2":147.69},"geometry":{"type":"Polygon","coordinates":[[[5.33557,49.77922],[5.32569,49.78127],[5.31897,49.77939],[5.30988,49.77882],[5.30736,49.77785],[5.29727,49.78047],[5.29652,49.78022],[5.29606,49.7797],[5.29551,49.77814],[5.29484,49.77754],[5.29145,49.7762],[5.29095,49.77558],[5.29032,49.77248],[5.29012,49.77201],[5.28946,49.77165],[5.28799,49.7713],[5.28691,49.77075],[5.28568,49.76968],[5.28565,49.76739],[5.28554,49.76705],[5.28441,49.76565],[5.28355,49.76486],[5.2823,49.76441],[5.28121,49.76439],[5.27931,49.76391],[5.27897,49.76296],[5.27866,49.76284],[5.27837,49.76238],[5.27775,49.76215],[5.27653,49.76148],[5.27633,49.76124],[5.2765,49.76046],[5.2762,49.75993],[5.2757,49.75969],[5.27496,49.75957],[5.27298,49.75976],[5.27238,49.75989],[5.27034,49.75962],[5.26933,49.7599],[5.26817,49.75998],[5.26865,49.76392],[5.26845,49.76505],[5.26687,49.76549],[5.26321,49.76511],[5.26025,49.76341],[5.256,49.76379],[5.25303,49.76731],[5.25115,49.76782],[5.24858,49.7675],[5.2471,49.76807],[5.2469,49.7692],[5.2467,49.7692],[5.24789,49.77102],[5.2468,49.7719],[5.24473,49.77215],[5.23958,49.77077],[5.23949,49.77077],[5.23583,49.76838],[5.23456,49.76849],[5.23416,49.76861],[5.23296,49.77002],[5.23286,49.77002],[5.23128,49.7748],[5.23049,49.77536],[5.22958,49.77528],[5.22891,49.7746],[5.22955,49.77242],[5.22991,49.7692],[5.22921,49.76339],[5.22931,49.76222],[5.2298,49.76077],[5.22961,49.7598],[5.22812,49.75938],[5.22612,49.76011],[5.22493,49.76147],[5.22505,49.76637],[5.22238,49.77058],[5.22224,49.77165],[5.22147,49.77156],[5.21678,49.77458],[5.21233,49.77258],[5.21118,49.77238],[5.20996,49.77251],[5.20607,49.7731],[5.20409,49.77473],[5.19905,49.77593],[5.19824,49.77551],[5.18543,49.77547],[5.18494,49.77367],[5.18511,49.77331],[5.18604,49.77226],[5.18605,49.77155],[5.1859,49.77081],[5.18639,49.76959],[5.18644,49.76916],[5.18511,49.7681],[5.18497,49.76772],[5.18248,49.76704],[5.18226,49.76677],[5.1818,49.76686],[5.1811,49.76631],[5.18042,49.76605],[5.1794,49.76612],[5.17774,49.76571],[5.17655,49.76559],[5.17426,49.76494],[5.17321,49.76442],[5.17308,49.76372],[5.17211,49.76284],[5.17149,49.76255],[5.16983,49.76144],[5.16833,49.76093],[5.16672,49.7607],[5.16429,49.76063],[5.16375,49.76072],[5.15483,49.7584],[5.15537,49.75802],[5.15548,49.7575],[5.15548,49.75653],[5.15514,49.75583],[5.15508,49.75502],[5.1539,49.75419],[5.15398,49.75328],[5.1537,49.75292],[5.15367,49.75249],[5.15432,49.75186],[5.15452,49.75128],[5.15528,49.75098],[5.15539,49.75055],[5.15514,49.74999],[5.15438,49.74897],[5.15356,49.74857],[5.15257,49.74719],[5.15245,49.74654],[5.15285,49.74602],[5.15248,49.74527],[5.15268,49.74388],[5.15364,49.74349],[5.15316,49.74327],[5.15378,49.74284],[5.15384,49.74244],[5.15469,49.74235],[5.1557,49.74158],[5.15598,49.74009],[5.15553,49.7377],[5.15624,49.73705],[5.15776,49.73603],[5.15822,49.73533],[5.15768,49.73389],[5.15689,49.73231],[5.15711,49.73077],[5.15774,49.72976],[5.15909,49.72827],[5.15816,49.7282],[5.15593,49.72951],[5.15381,49.72981],[5.15228,49.7303],[5.15232,49.73046],[5.15104,49.73104],[5.14878,49.72945],[5.14802,49.72877],[5.14771,49.72884],[5.14711,49.72786],[5.14709,49.72728],[5.14748,49.72573],[5.14776,49.72573],[5.14816,49.72527],[5.1485,49.72405],[5.1489,49.72363],[5.15037,49.72293],[5.15099,49.72221],[5.1512,49.72177],[5.15189,49.71988],[5.15309,49.71859],[5.15432,49.71846],[5.15715,49.71737],[5.15895,49.7169],[5.1597,49.71614],[5.16104,49.71526],[5.16206,49.71491],[5.1625,49.71435],[5.16303,49.7133],[5.1633,49.71299],[5.16465,49.71255],[5.16603,49.71175],[5.1661,49.71098],[5.16592,49.70995],[5.16613,49.70866],[5.16627,49.7086],[5.16657,49.70752],[5.16632,49.70676],[5.16582,49.70579],[5.16519,49.70486],[5.16502,49.70412],[5.16466,49.70314],[5.16464,49.70228],[5.16397,49.70095],[5.16381,49.70032],[5.16395,49.70012],[5.16411,49.69911],[5.16404,49.6986],[5.1648,49.69853],[5.16462,49.6979],[5.16468,49.69689],[5.16489,49.69613],[5.16482,49.69547],[5.1645,49.69422],[5.16417,49.69345],[5.16628,49.69303],[5.16694,49.69316],[5.17028,49.69347],[5.17371,49.69322],[5.17639,49.69421],[5.17877,49.69407],[5.1806,49.69453],[5.18708,49.69351],[5.19158,49.69474],[5.19403,49.6946],[5.19452,49.69433],[5.19641,49.69367],[5.19594,49.69195],[5.19942,49.69233],[5.20063,49.69253],[5.20184,49.69321],[5.20255,49.69429],[5.20312,49.69468],[5.20461,49.69544],[5.20574,49.69631],[5.20623,49.69605],[5.20829,49.69543],[5.20866,49.69515],[5.20996,49.69391],[5.21111,49.69296],[5.21165,49.69207],[5.21266,49.69177],[5.21395,49.69094],[5.21496,49.68975],[5.21625,49.68857],[5.21812,49.68765],[5.21908,49.68806],[5.22032,49.6882],[5.22127,49.68851],[5.22221,49.68909],[5.22298,49.6894],[5.22501,49.68988],[5.22593,49.6902],[5.22652,49.69057],[5.22752,49.69103],[5.22829,49.69126],[5.23126,49.69163],[5.23211,49.6916],[5.23371,49.6911],[5.23496,49.69026],[5.23622,49.68994],[5.23769,49.6898],[5.23965,49.68984],[5.24074,49.68975],[5.24303,49.68917],[5.24306,49.68865],[5.24293,49.68706],[5.2428,49.6865],[5.24275,49.68537],[5.24446,49.68587],[5.24697,49.68655],[5.24756,49.6868],[5.24832,49.68746],[5.24995,49.68823],[5.25063,49.68863],[5.25134,49.68983],[5.25345,49.69155],[5.25409,49.69229],[5.25522,49.69281],[5.25561,49.69368],[5.25603,49.69407],[5.25871,49.69448],[5.26031,49.69458],[5.2625,49.6948],[5.26419,49.69505],[5.26462,49.69564],[5.26547,49.69606],[5.26628,49.69628],[5.26851,49.69657],[5.26991,49.69578],[5.27199,49.69429],[5.273,49.69373],[5.27599,49.69229],[5.2773,49.69134],[5.27967,49.69012],[5.28119,49.68906],[5.28171,49.68688],[5.2814,49.68647],[5.28126,49.68588],[5.28203,49.68578],[5.28387,49.68573],[5.28425,49.68393],[5.28536,49.68289],[5.28696,49.682],[5.28859,49.68166],[5.2889,49.68174],[5.29008,49.68111],[5.29048,49.68039],[5.29038,49.68],[5.29195,49.67944],[5.29272,49.67891],[5.29336,49.67787],[5.29356,49.67718],[5.2947,49.67701],[5.29581,49.6764],[5.29657,49.6764],[5.29701,49.67624],[5.29811,49.67629],[5.29931,49.67519],[5.3001,49.6749],[5.30077,49.67493],[5.30155,49.6748],[5.30235,49.67449],[5.30321,49.67337],[5.30475,49.67331],[5.3065,49.67289],[5.30733,49.67244],[5.30912,49.67201],[5.30962,49.67094],[5.31024,49.67059],[5.31114,49.66947],[5.31187,49.66902],[5.31318,49.66864],[5.31313,49.66847],[5.31375,49.66836],[5.31474,49.66727],[5.31467,49.66695],[5.31615,49.66667],[5.3162,49.66636],[5.31671,49.66578],[5.31691,49.66521],[5.31714,49.66526],[5.3185,49.66489],[5.31869,49.6646],[5.31909,49.66457],[5.31945,49.66413],[5.3194,49.66387],[5.32003,49.66395],[5.32022,49.66351],[5.32061,49.66351],[5.32137,49.66276],[5.3225,49.66209],[5.32277,49.66172],[5.32388,49.66092],[5.32425,49.66046],[5.32558,49.65943],[5.32621,49.65915],[5.32703,49.65913],[5.32756,49.65877],[5.32872,49.65831],[5.32904,49.65765],[5.3295,49.65727],[5.32979,49.65674],[5.33034,49.65623],[5.33025,49.65578],[5.3318,49.65452],[5.33217,49.65449],[5.33237,49.65402],[5.33243,49.65263],[5.33073,49.65178],[5.32991,49.65149],[5.32905,49.65102],[5.32795,49.65027],[5.32701,49.64982],[5.32503,49.64956],[5.32353,49.64866],[5.323,49.64843],[5.32203,49.64775],[5.32035,49.64706],[5.31814,49.6464],[5.31841,49.64556],[5.3189,49.64452],[5.31761,49.64411],[5.31729,49.64387],[5.31604,49.64246],[5.31502,49.64122],[5.31378,49.64067],[5.31252,49.63878],[5.30923,49.63712],[5.30882,49.63672],[5.30885,49.63519],[5.30806,49.6339],[5.30715,49.63279],[5.30616,49.63186],[5.30501,49.63029],[5.30517,49.62964],[5.30512,49.62773],[5.30566,49.62613],[5.30565,49.6255],[5.30468,49.62459],[5.30523,49.62403],[5.30586,49.62371],[5.30664,49.62309],[5.3069,49.62262],[5.3071,49.62168],[5.30773,49.62063],[5.30866,49.61988],[5.30943,49.61966],[5.30988,49.6192],[5.31061,49.61885],[5.31113,49.61803],[5.3113,49.61704],[5.31171,49.61674],[5.31176,49.6162],[5.31104,49.61587],[5.31168,49.61495],[5.31178,49.61387],[5.31194,49.61344],[5.31191,49.61228],[5.31251,49.612],[5.31211,49.61165],[5.31351,49.61078],[5.31461,49.61145],[5.31544,49.61136],[5.31565,49.61149],[5.31522,49.61186],[5.316,49.61191],[5.31588,49.61204],[5.3164,49.61246],[5.3162,49.61278],[5.31671,49.6127],[5.31737,49.61294],[5.31795,49.61335],[5.31793,49.61399],[5.31847,49.614],[5.31836,49.61459],[5.31884,49.61456],[5.31939,49.61476],[5.31967,49.61444],[5.32015,49.61445],[5.32019,49.61488],[5.3222,49.61401],[5.32277,49.61495],[5.32335,49.61531],[5.32594,49.61623],[5.32634,49.61612],[5.327,49.61632],[5.32836,49.61648],[5.33037,49.61682],[5.33144,49.61644],[5.33176,49.61621],[5.33284,49.61584],[5.33459,49.61561],[5.33682,49.61554],[5.33799,49.61573],[5.33934,49.61633],[5.34044,49.61668],[5.33795,49.61824],[5.33854,49.61851],[5.34003,49.61843],[5.34141,49.61972],[5.34247,49.62042],[5.34257,49.6208],[5.34302,49.62125],[5.34294,49.62155],[5.34354,49.62198],[5.34322,49.62221],[5.34328,49.62296],[5.34356,49.62338],[5.34304,49.62337],[5.34306,49.62407],[5.34327,49.62455],[5.3436,49.62445],[5.3437,49.62492],[5.34337,49.62593],[5.34409,49.62604],[5.34353,49.62651],[5.344,49.627],[5.34445,49.62709],[5.34431,49.62732],[5.34476,49.62754],[5.34441,49.62773],[5.34482,49.62844],[5.34527,49.62894],[5.34632,49.62947],[5.3464,49.62988],[5.3469,49.63026],[5.34661,49.63038],[5.3468,49.63084],[5.34753,49.63124],[5.34836,49.63122],[5.34958,49.63105],[5.35001,49.63108],[5.35156,49.63076],[5.35214,49.63098],[5.35335,49.63043],[5.3539,49.62962],[5.3547,49.62862],[5.35648,49.62768],[5.36013,49.62644],[5.36038,49.62609],[5.36085,49.62598],[5.36102,49.6263],[5.36161,49.6262],[5.36187,49.62577],[5.36267,49.62523],[5.36322,49.62498],[5.36331,49.62428],[5.3631,49.62374],[5.36381,49.62321],[5.36539,49.62326],[5.36737,49.62347],[5.36796,49.62306],[5.36864,49.62306],[5.37008,49.62266],[5.37098,49.62268],[5.37178,49.623],[5.37209,49.62291],[5.37384,49.62354],[5.37457,49.62358],[5.37443,49.6232],[5.37522,49.62333],[5.37657,49.62401],[5.37734,49.62363],[5.37768,49.62276],[5.3809,49.62106],[5.38213,49.62018],[5.38416,49.62007],[5.38598,49.6198],[5.38797,49.6191],[5.38901,49.61867],[5.39201,49.61862],[5.39338,49.61835],[5.39364,49.61925],[5.39389,49.61961],[5.39455,49.62001],[5.39595,49.62061],[5.39837,49.62191],[5.40177,49.62417],[5.40268,49.62467],[5.40327,49.62538],[5.40491,49.62785],[5.40555,49.62859],[5.4058,49.62923],[5.40627,49.62944],[5.40745,49.62944],[5.40842,49.62919],[5.40963,49.62854],[5.41174,49.62796],[5.41279,49.62775],[5.41318,49.62746],[5.41431,49.62778],[5.41543,49.62822],[5.41603,49.6286],[5.41627,49.62933],[5.41654,49.62959],[5.41734,49.63325],[5.41922,49.63589],[5.4205,49.64186],[5.42495,49.64727],[5.41961,49.65331],[5.41655,49.66098],[5.41506,49.65972],[5.41348,49.65903],[5.40795,49.65783],[5.40152,49.655],[5.40142,49.65507],[5.39272,49.65224],[5.39144,49.65538],[5.39203,49.65651],[5.39193,49.65651],[5.39144,49.6579],[5.38916,49.65871],[5.38788,49.65821],[5.38778,49.65884],[5.38541,49.65878],[5.38461,49.65959],[5.38461,49.66035],[5.38264,49.66142],[5.3776,49.66167],[5.37512,49.66268],[5.37335,49.66211],[5.36989,49.66324],[5.36929,49.66431],[5.36919,49.66431],[5.37008,49.66714],[5.36939,49.66896],[5.36761,49.6684],[5.36702,49.6662],[5.36395,49.66343],[5.36445,49.66129],[5.36435,49.66129],[5.36366,49.66029],[5.35377,49.65752],[5.3428,49.65733],[5.33825,49.65959],[5.33578,49.6623],[5.33489,49.66387],[5.3338,49.66789],[5.33815,49.66928],[5.34052,49.6745],[5.33934,49.67808],[5.34121,49.67852],[5.34141,49.68154],[5.34339,49.6828],[5.34705,49.68424],[5.34675,49.68519],[5.34824,49.68726],[5.351,49.68803],[5.3517,49.68928],[5.35248,49.68963],[5.35202,49.69021],[5.35224,49.69082],[5.35253,49.69102],[5.35269,49.69157],[5.35303,49.69206],[5.35376,49.69244],[5.35399,49.69282],[5.3548,49.69289],[5.35632,49.69369],[5.35706,49.69418],[5.3569,49.69437],[5.35709,49.69512],[5.35767,49.69524],[5.35817,49.69675],[5.35859,49.69696],[5.35859,49.69745],[5.35975,49.69775],[5.35981,49.69801],[5.36054,49.69821],[5.36033,49.6986],[5.36047,49.69887],[5.35993,49.69878],[5.35993,49.69908],[5.35953,49.69905],[5.35923,49.69959],[5.35869,49.69954],[5.35826,49.69972],[5.358,49.69956],[5.35735,49.69962],[5.35596,49.70036],[5.35524,49.70145],[5.35525,49.70182],[5.35479,49.70191],[5.35426,49.70242],[5.35373,49.70257],[5.35259,49.70317],[5.35105,49.70371],[5.35092,49.70388],[5.35018,49.70399],[5.34986,49.70496],[5.34914,49.70548],[5.34851,49.70519],[5.348,49.70554],[5.34831,49.7059],[5.34655,49.70677],[5.34628,49.7065],[5.34586,49.70689],[5.34399,49.70822],[5.3439,49.70918],[5.34434,49.70991],[5.34324,49.70999],[5.34237,49.71033],[5.34161,49.71029],[5.3426,49.71079],[5.34294,49.71121],[5.34334,49.71108],[5.34407,49.71214],[5.34365,49.71226],[5.34266,49.71183],[5.34093,49.71241],[5.3406,49.71274],[5.3388,49.71232],[5.33851,49.71242],[5.33845,49.71349],[5.33696,49.71355],[5.33706,49.7165],[5.33617,49.71732],[5.33242,49.7177],[5.33014,49.71631],[5.32876,49.71581],[5.32777,49.71518],[5.32461,49.71512],[5.32174,49.71487],[5.32213,49.72015],[5.32233,49.72116],[5.32095,49.72285],[5.31432,49.72682],[5.31432,49.72782],[5.31551,49.72946],[5.32016,49.73254],[5.32154,49.73575],[5.32006,49.73675],[5.3165,49.73725],[5.31838,49.73939],[5.31917,49.74266],[5.3162,49.74518],[5.30889,49.74354],[5.30943,49.7443],[5.31069,49.74661],[5.31719,49.75822],[5.3228,49.76818],[5.32381,49.76987],[5.3265,49.77484],[5.32742,49.77565],[5.3343,49.77863],[5.33557,49.77922]]]}},{"type":"Feature","id":"85024","bbox":[5.375221,49.563701,5.533126,49.639917],"properties":{"nis":"85024","name":"Meix-devant-Virton","nameNl":"Meix-devant-Virton","nameFr":"Meix-devant-Virton","nameDe":"Meix-devant-Virton","province":"luxembourg","region":"wallonia","areaKm2":54.82},"geometry":{"type":"Polygon","coordinates":[[[5.41654,49.62959],[5.41627,49.62933],[5.41603,49.6286],[5.41543,49.62822],[5.41431,49.62778],[5.41318,49.62746],[5.41279,49.62775],[5.41174,49.62796],[5.40963,49.62854],[5.40842,49.62919],[5.40745,49.62944],[5.40627,49.62944],[5.4058,49.62923],[5.40555,49.62859],[5.40491,49.62785],[5.40327,49.62538],[5.40268,49.62467],[5.40177,49.62417],[5.39837,49.62191],[5.39595,49.62061],[5.39455,49.62001],[5.39389,49.61961],[5.39364,49.61925],[5.39338,49.61835],[5.39201,49.61862],[5.38901,49.61867],[5.38797,49.6191],[5.38598,49.6198],[5.38416,49.62007],[5.38213,49.62018],[5.3809,49.62106],[5.37768,49.62276],[5.37734,49.62363],[5.37657,49.62401],[5.37522,49.62333],[5.37607,49.62263],[5.37745,49.62171],[5.37906,49.62151],[5.37988,49.62076],[5.38059,49.62058],[5.38076,49.6202],[5.38191,49.61986],[5.38191,49.61963],[5.38278,49.61957],[5.38381,49.61974],[5.38456,49.6192],[5.38524,49.61952],[5.38575,49.61931],[5.38651,49.61927],[5.38693,49.61879],[5.38789,49.61885],[5.38826,49.61845],[5.38877,49.61858],[5.38905,49.61835],[5.38979,49.61851],[5.39015,49.61829],[5.39058,49.61834],[5.39101,49.618],[5.39266,49.61786],[5.39334,49.61767],[5.39356,49.6173],[5.39416,49.61684],[5.39503,49.61686],[5.39536,49.61653],[5.39588,49.61654],[5.39586,49.61622],[5.39649,49.61618],[5.39715,49.61594],[5.39809,49.61585],[5.39806,49.6152],[5.39945,49.61308],[5.40004,49.61239],[5.40076,49.61094],[5.40228,49.60989],[5.40481,49.60992],[5.40837,49.6093],[5.41121,49.60828],[5.41347,49.60602],[5.41405,49.60534],[5.4166,49.60195],[5.41737,49.60132],[5.41789,49.60047],[5.41798,49.59984],[5.41821,49.59984],[5.4234,49.59895],[5.42401,49.59864],[5.42499,49.59838],[5.42572,49.59786],[5.42706,49.59716],[5.42784,49.59658],[5.42865,49.59583],[5.42928,49.59497],[5.43037,49.59372],[5.43114,49.59251],[5.42879,49.59017],[5.42934,49.58783],[5.43123,49.58481],[5.43299,49.58188],[5.43469,49.5776],[5.43609,49.57482],[5.43748,49.57039],[5.43767,49.56994],[5.4437,49.56761],[5.44826,49.56706],[5.45179,49.56705],[5.45377,49.56709],[5.45707,49.567],[5.45765,49.56685],[5.4596,49.56612],[5.46039,49.56573],[5.46149,49.56494],[5.46264,49.56423],[5.46379,49.56371],[5.46465,49.56371],[5.4658,49.56405],[5.46629,49.56382],[5.46744,49.56499],[5.4691,49.56454],[5.47066,49.56723],[5.471,49.56707],[5.47167,49.56737],[5.47197,49.56693],[5.47354,49.56651],[5.47462,49.56572],[5.475,49.56572],[5.47699,49.56536],[5.47763,49.56481],[5.48273,49.56584],[5.48356,49.56614],[5.48383,49.56645],[5.48371,49.56711],[5.48419,49.56745],[5.48531,49.56806],[5.48405,49.5687],[5.48357,49.56907],[5.48327,49.56961],[5.48354,49.5697],[5.4841,49.57076],[5.48435,49.57182],[5.48412,49.5723],[5.48363,49.57231],[5.48347,49.5727],[5.4844,49.57358],[5.48522,49.57409],[5.48614,49.57446],[5.48822,49.57463],[5.48973,49.5749],[5.49087,49.57487],[5.4918,49.57467],[5.49271,49.57492],[5.4935,49.57432],[5.49342,49.57393],[5.49414,49.57365],[5.49399,49.57322],[5.49452,49.57299],[5.49442,49.57281],[5.49487,49.57233],[5.4949,49.57183],[5.49462,49.57161],[5.49504,49.5714],[5.49543,49.57055],[5.49496,49.57005],[5.49523,49.56982],[5.49521,49.56946],[5.49575,49.56888],[5.49712,49.56889],[5.49719,49.56778],[5.49914,49.56787],[5.49941,49.56804],[5.50244,49.56795],[5.50304,49.5693],[5.50368,49.57022],[5.50461,49.56993],[5.50468,49.57006],[5.50564,49.56971],[5.50772,49.56907],[5.50829,49.56912],[5.50874,49.57001],[5.5107,49.56939],[5.51063,49.56909],[5.51179,49.56877],[5.51239,49.56972],[5.51183,49.5703],[5.51381,49.57063],[5.51339,49.57175],[5.51435,49.57224],[5.51472,49.57273],[5.51509,49.57269],[5.51549,49.57527],[5.51527,49.57582],[5.51452,49.57664],[5.51407,49.57742],[5.5134,49.57822],[5.51346,49.57864],[5.51395,49.57934],[5.5137,49.57943],[5.51456,49.58048],[5.51703,49.58261],[5.5177,49.58304],[5.51795,49.58344],[5.51863,49.5837],[5.51958,49.58428],[5.52288,49.58517],[5.52268,49.5861],[5.52302,49.58617],[5.52321,49.58671],[5.52449,49.58805],[5.52386,49.58961],[5.52826,49.59302],[5.52563,49.59451],[5.52423,49.5955],[5.52414,49.59588],[5.52694,49.59658],[5.52757,49.59717],[5.52753,49.5979],[5.52766,49.59981],[5.52863,49.60308],[5.52902,49.60359],[5.53042,49.60448],[5.53313,49.60472],[5.53274,49.60843],[5.53192,49.60905],[5.53092,49.60934],[5.5298,49.60986],[5.5282,49.61029],[5.52466,49.61077],[5.52408,49.61072],[5.52337,49.61044],[5.52291,49.61007],[5.52245,49.60997],[5.52296,49.61086],[5.52297,49.61144],[5.5225,49.61203],[5.52172,49.61278],[5.52177,49.61337],[5.5222,49.61412],[5.52199,49.61481],[5.52221,49.61568],[5.52255,49.61605],[5.52532,49.61701],[5.52834,49.61879],[5.52896,49.61906],[5.53054,49.61936],[5.52969,49.61946],[5.52892,49.61941],[5.52832,49.61952],[5.5282,49.61997],[5.52828,49.62056],[5.52888,49.62115],[5.52998,49.62198],[5.53019,49.62249],[5.53003,49.62333],[5.52972,49.62437],[5.52905,49.62589],[5.52863,49.62714],[5.5279,49.62808],[5.52653,49.62857],[5.52606,49.6297],[5.52554,49.63065],[5.52509,49.63112],[5.52362,49.63081],[5.52325,49.63157],[5.5224,49.63218],[5.52108,49.63364],[5.51993,49.63415],[5.51761,49.63479],[5.51612,49.63466],[5.51476,49.63482],[5.51385,49.6347],[5.51114,49.63473],[5.50497,49.63378],[5.50161,49.63273],[5.50046,49.63255],[5.49834,49.63284],[5.49716,49.63319],[5.49597,49.63381],[5.49424,49.63314],[5.49233,49.63209],[5.49224,49.63082],[5.49,49.62936],[5.48936,49.62874],[5.48758,49.62834],[5.4872,49.62748],[5.48652,49.62734],[5.48508,49.62772],[5.48411,49.62826],[5.48368,49.62977],[5.48428,49.63009],[5.4841,49.63111],[5.48418,49.63158],[5.48371,49.63195],[5.48356,49.63263],[5.48296,49.63263],[5.48292,49.63346],[5.48245,49.63389],[5.4814,49.63368],[5.47686,49.63195],[5.47479,49.63144],[5.47358,49.63124],[5.47156,49.63103],[5.46942,49.63106],[5.46816,49.63123],[5.46552,49.63214],[5.46169,49.63301],[5.46073,49.63355],[5.45954,49.63281],[5.45888,49.6326],[5.45776,49.63149],[5.45672,49.63142],[5.45294,49.63247],[5.45274,49.63223],[5.45201,49.63261],[5.45132,49.63342],[5.45106,49.63342],[5.45008,49.63437],[5.45007,49.63541],[5.45044,49.63597],[5.4504,49.63633],[5.44957,49.63708],[5.4498,49.63816],[5.44886,49.63915],[5.4484,49.63941],[5.44681,49.63989],[5.4461,49.63989],[5.44508,49.63921],[5.44354,49.63877],[5.44263,49.63832],[5.44213,49.63791],[5.44167,49.63779],[5.44095,49.63661],[5.43951,49.63585],[5.43811,49.63549],[5.43713,49.63564],[5.43586,49.63538],[5.43539,49.63514],[5.43454,49.635],[5.4338,49.635],[5.43276,49.63465],[5.43055,49.63365],[5.42937,49.63331],[5.4286,49.633],[5.42772,49.63192],[5.42714,49.63137],[5.42652,49.63115],[5.42363,49.63101],[5.42258,49.6315],[5.42184,49.63168],[5.42185,49.63154],[5.4188,49.63009],[5.41654,49.62959]]]}},{"type":"Feature","id":"85026","bbox":[5.616556,49.538826,5.734722,49.60779],"properties":{"nis":"85026","name":"Musson","nameNl":"Musson","nameFr":"Musson","nameDe":"Musson","province":"luxembourg","region":"wallonia","areaKm2":35.16},"geometry":{"type":"Polygon","coordinates":[[[5.63556,49.54485],[5.6372,49.54527],[5.63816,49.54538],[5.64154,49.5466],[5.6427,49.54687],[5.64342,49.54692],[5.64327,49.54795],[5.64293,49.54952],[5.64264,49.55044],[5.64331,49.55064],[5.64437,49.55018],[5.64635,49.54997],[5.64841,49.54998],[5.64863,49.55092],[5.64926,49.5511],[5.64965,49.55084],[5.6499,49.55107],[5.65086,49.55126],[5.65123,49.55102],[5.65186,49.55089],[5.65198,49.55063],[5.6515,49.55032],[5.65235,49.55026],[5.65416,49.55078],[5.65481,49.55108],[5.65577,49.5509],[5.65608,49.55105],[5.65697,49.55115],[5.65734,49.55158],[5.65805,49.55154],[5.65901,49.55193],[5.65949,49.55263],[5.66,49.55281],[5.66053,49.55347],[5.66084,49.55361],[5.66159,49.55284],[5.66255,49.55275],[5.66299,49.55248],[5.66435,49.55312],[5.66549,49.55173],[5.6659,49.55147],[5.66682,49.55115],[5.66809,49.54995],[5.66875,49.54901],[5.66906,49.549],[5.66898,49.54861],[5.66933,49.54858],[5.6693,49.54826],[5.67047,49.54865],[5.67306,49.54905],[5.67586,49.54915],[5.67933,49.54886],[5.68207,49.54798],[5.68127,49.54641],[5.68112,49.54541],[5.68501,49.54582],[5.68908,49.54618],[5.69063,49.54623],[5.69067,49.54531],[5.69149,49.54495],[5.69174,49.54507],[5.69235,49.54481],[5.69409,49.54434],[5.69469,49.54396],[5.69489,49.54327],[5.69599,49.54332],[5.69671,49.54302],[5.69711,49.54262],[5.69792,49.5424],[5.69867,49.54272],[5.69963,49.5425],[5.69883,49.54143],[5.69877,49.54096],[5.69913,49.54058],[5.70051,49.53987],[5.701,49.53995],[5.70185,49.53948],[5.70262,49.53929],[5.70376,49.53927],[5.70497,49.53883],[5.7052,49.53985],[5.70671,49.53993],[5.70694,49.53915],[5.70734,49.53889],[5.71094,49.5398],[5.71196,49.54017],[5.71215,49.54051],[5.71375,49.54076],[5.71434,49.54029],[5.715,49.53918],[5.71669,49.54001],[5.7179,49.54028],[5.71887,49.53946],[5.72,49.5398],[5.72039,49.5398],[5.72269,49.54086],[5.72344,49.54145],[5.72306,49.5419],[5.72271,49.54262],[5.72406,49.54418],[5.72441,49.54441],[5.72521,49.5446],[5.72567,49.54453],[5.72618,49.54375],[5.72733,49.54391],[5.72896,49.54443],[5.73005,49.54469],[5.73177,49.54489],[5.7338,49.5456],[5.73402,49.54546],[5.73472,49.54569],[5.73353,49.5464],[5.73293,49.5471],[5.73231,49.54751],[5.73158,49.54875],[5.73004,49.54898],[5.72965,49.54915],[5.729,49.54976],[5.7289,49.551],[5.72866,49.5527],[5.72789,49.5575],[5.72759,49.56023],[5.72762,49.56068],[5.72725,49.56304],[5.72766,49.56772],[5.72786,49.56894],[5.72866,49.56947],[5.72941,49.56964],[5.72896,49.57042],[5.73032,49.57081],[5.73229,49.57158],[5.73192,49.57607],[5.73185,49.5774],[5.73194,49.57765],[5.73272,49.57827],[5.73279,49.57861],[5.7325,49.57906],[5.73252,49.57948],[5.7334,49.58006],[5.73355,49.5803],[5.73267,49.58096],[5.7324,49.58146],[5.73191,49.58116],[5.73011,49.58029],[5.72877,49.57973],[5.72799,49.5795],[5.72462,49.57908],[5.7233,49.57919],[5.72221,49.57854],[5.72138,49.57758],[5.72123,49.57683],[5.7193,49.5771],[5.71742,49.57743],[5.71599,49.5776],[5.71613,49.57812],[5.71553,49.57826],[5.71529,49.57811],[5.71478,49.57822],[5.71463,49.57786],[5.71355,49.57811],[5.71292,49.57862],[5.71228,49.57896],[5.71107,49.57934],[5.71039,49.57942],[5.70977,49.58076],[5.70764,49.58049],[5.70692,49.58078],[5.70648,49.58194],[5.70526,49.58188],[5.70437,49.58175],[5.70435,49.58305],[5.70522,49.5855],[5.70594,49.58626],[5.70715,49.58775],[5.70731,49.58783],[5.7056,49.58948],[5.70609,49.58998],[5.7065,49.59081],[5.70457,49.59406],[5.70444,49.59544],[5.70452,49.596],[5.70537,49.59698],[5.70687,49.59788],[5.7044,49.5988],[5.70364,49.59945],[5.7041,49.60198],[5.70492,49.60313],[5.7051,49.60658],[5.704,49.60628],[5.70112,49.60499],[5.70036,49.60531],[5.69972,49.60533],[5.69901,49.60469],[5.69858,49.6041],[5.69844,49.60355],[5.69806,49.60319],[5.69748,49.60211],[5.69512,49.60263],[5.6963,49.60407],[5.69655,49.60655],[5.69587,49.60736],[5.69468,49.60779],[5.69406,49.60721],[5.69282,49.60748],[5.69071,49.60587],[5.68967,49.60499],[5.68879,49.60404],[5.68852,49.60333],[5.68879,49.60325],[5.68866,49.60263],[5.68777,49.60273],[5.68665,49.60205],[5.68606,49.60231],[5.68543,49.60163],[5.68518,49.60214],[5.68371,49.60272],[5.68269,49.60279],[5.68103,49.60153],[5.68076,49.60084],[5.6803,49.60025],[5.67873,49.59965],[5.67767,49.59885],[5.67722,49.59799],[5.67746,49.59734],[5.67886,49.59624],[5.67991,49.59554],[5.68023,49.59521],[5.68131,49.59484],[5.6812,49.59436],[5.68204,49.59298],[5.68234,49.59207],[5.68187,49.59093],[5.68103,49.59026],[5.67926,49.58914],[5.67668,49.5879],[5.67508,49.58731],[5.67452,49.58692],[5.67368,49.58754],[5.67262,49.58699],[5.67011,49.58665],[5.66958,49.58649],[5.66835,49.58659],[5.66777,49.58653],[5.66513,49.58703],[5.66453,49.58682],[5.66339,49.58777],[5.66309,49.58771],[5.66124,49.58815],[5.66054,49.58866],[5.6603,49.58915],[5.65807,49.59033],[5.65716,49.59002],[5.65693,49.59049],[5.6564,49.59038],[5.65503,49.59042],[5.65396,49.5907],[5.65301,49.58961],[5.65174,49.58891],[5.64902,49.58819],[5.64843,49.58872],[5.64758,49.58968],[5.64541,49.58897],[5.64638,49.58836],[5.64553,49.58828],[5.64549,49.5881],[5.6449,49.58866],[5.64307,49.58995],[5.64247,49.59068],[5.64198,49.59103],[5.64095,49.59152],[5.64025,49.59215],[5.63956,49.59244],[5.63866,49.59216],[5.6387,49.59198],[5.63809,49.59157],[5.63737,49.59089],[5.63669,49.59063],[5.63599,49.59137],[5.6346,49.59352],[5.63607,49.59466],[5.63485,49.59554],[5.6348,49.59605],[5.63419,49.59638],[5.63321,49.59593],[5.63243,49.59522],[5.63174,49.59489],[5.63046,49.59591],[5.62953,49.59629],[5.62822,49.5973],[5.62619,49.59775],[5.6245,49.59789],[5.6235,49.59772],[5.62271,49.598],[5.62199,49.59955],[5.62209,49.60009],[5.62352,49.60086],[5.62424,49.60157],[5.62489,49.60258],[5.62458,49.60276],[5.62394,49.60233],[5.62241,49.60164],[5.62144,49.60094],[5.61939,49.60063],[5.61887,49.60031],[5.6178,49.59886],[5.61769,49.59757],[5.61718,49.59624],[5.61656,49.59413],[5.61953,49.59465],[5.62062,49.59429],[5.6208,49.5913],[5.62384,49.59188],[5.6241,49.59183],[5.62493,49.591],[5.62505,49.59049],[5.62545,49.58987],[5.62587,49.58817],[5.62702,49.58723],[5.62821,49.58653],[5.62876,49.58561],[5.62939,49.58556],[5.62918,49.58521],[5.6296,49.58451],[5.63053,49.58432],[5.63231,49.58434],[5.63367,49.58448],[5.63422,49.58416],[5.6363,49.58399],[5.63719,49.58284],[5.63621,49.58222],[5.63689,49.5817],[5.63592,49.58138],[5.63676,49.57955],[5.63744,49.57928],[5.6377,49.57788],[5.63973,49.57634],[5.64007,49.57564],[5.64104,49.57499],[5.64418,49.57321],[5.64397,49.572],[5.64358,49.57152],[5.6438,49.57109],[5.64202,49.5682],[5.64036,49.56615],[5.63964,49.56494],[5.63829,49.56456],[5.63558,49.56273],[5.63473,49.5623],[5.63384,49.5616],[5.63341,49.56176],[5.63287,49.56125],[5.6324,49.56155],[5.63227,49.56082],[5.63176,49.56009],[5.62947,49.56033],[5.62863,49.55853],[5.62829,49.55826],[5.62778,49.5585],[5.62698,49.5585],[5.62642,49.55767],[5.62685,49.55742],[5.62669,49.55714],[5.62617,49.55449],[5.62715,49.55378],[5.6271,49.55209],[5.62748,49.55139],[5.6285,49.55133],[5.62922,49.54915],[5.63007,49.54877],[5.6302,49.54839],[5.62973,49.54802],[5.63048,49.54693],[5.63183,49.54746],[5.6323,49.54744],[5.63236,49.54699],[5.63295,49.54704],[5.6335,49.54547],[5.63507,49.54489],[5.63556,49.54485]]]}},{"type":"Feature","id":"85034","bbox":[5.615437,49.586491,5.743138,49.646211],"properties":{"nis":"85034","name":"Saint-Léger","nameNl":"Saint-Léger","nameFr":"Saint-Léger","nameDe":"Zillig","province":"luxembourg","region":"wallonia","areaKm2":36.11},"geometry":{"type":"Polygon","coordinates":[[[5.7051,49.60658],[5.70515,49.60728],[5.70425,49.60829],[5.70386,49.60908],[5.70395,49.61001],[5.70444,49.61045],[5.70647,49.60998],[5.70727,49.60994],[5.70797,49.61012],[5.70875,49.61065],[5.7098,49.61043],[5.71081,49.60927],[5.71135,49.60877],[5.71291,49.60904],[5.71319,49.60916],[5.71377,49.60895],[5.71397,49.6091],[5.71557,49.60844],[5.7177,49.60795],[5.71661,49.60715],[5.71602,49.60627],[5.71604,49.60577],[5.71638,49.60563],[5.71733,49.6056],[5.71816,49.60782],[5.71824,49.60857],[5.71861,49.60853],[5.71932,49.60967],[5.71932,49.61011],[5.72131,49.61058],[5.72144,49.61039],[5.72546,49.6113],[5.72544,49.61152],[5.72815,49.61163],[5.72861,49.61176],[5.72962,49.61248],[5.73006,49.61434],[5.73039,49.61498],[5.73108,49.61542],[5.73196,49.61667],[5.73263,49.61713],[5.73409,49.61788],[5.73525,49.61826],[5.73484,49.61875],[5.7355,49.61905],[5.73654,49.61987],[5.73619,49.62053],[5.73514,49.62005],[5.73382,49.62005],[5.73289,49.62048],[5.73393,49.62088],[5.73535,49.62169],[5.73633,49.6221],[5.73663,49.62147],[5.7371,49.62158],[5.73661,49.62331],[5.7379,49.62373],[5.74314,49.62552],[5.74197,49.62642],[5.74097,49.62601],[5.7396,49.62669],[5.73971,49.62733],[5.73927,49.62832],[5.73878,49.62913],[5.7389,49.62995],[5.73844,49.63044],[5.7386,49.631],[5.73795,49.63105],[5.73901,49.63496],[5.73912,49.6355],[5.73951,49.6358],[5.73855,49.6361],[5.73651,49.63661],[5.73677,49.63725],[5.73734,49.63778],[5.73696,49.63799],[5.73757,49.63908],[5.73787,49.63938],[5.7377,49.64002],[5.73731,49.64067],[5.73649,49.641],[5.73533,49.64095],[5.73488,49.6399],[5.7346,49.63954],[5.73304,49.63822],[5.73168,49.63732],[5.73068,49.63696],[5.72917,49.63928],[5.72825,49.64157],[5.72408,49.64225],[5.71989,49.64278],[5.71899,49.64282],[5.71755,49.64239],[5.71737,49.64209],[5.71655,49.64159],[5.71588,49.64144],[5.71591,49.64117],[5.7153,49.64102],[5.71439,49.64102],[5.71381,49.64129],[5.71298,49.64144],[5.71191,49.64231],[5.71124,49.6432],[5.71092,49.6432],[5.71042,49.64363],[5.70968,49.64394],[5.70925,49.6443],[5.70921,49.64458],[5.70788,49.64469],[5.70762,49.64499],[5.7071,49.64509],[5.70588,49.64579],[5.70394,49.64564],[5.70203,49.64568],[5.70015,49.64621],[5.69912,49.64607],[5.69823,49.64574],[5.6976,49.64563],[5.69541,49.64569],[5.69363,49.64579],[5.692,49.64413],[5.69121,49.64368],[5.68739,49.6426],[5.68662,49.64227],[5.68558,49.64118],[5.68494,49.64024],[5.68403,49.63961],[5.68353,49.63892],[5.68159,49.6374],[5.68094,49.63668],[5.67868,49.63488],[5.67584,49.63317],[5.67471,49.63259],[5.6729,49.63106],[5.67301,49.63043],[5.67177,49.63154],[5.67173,49.63209],[5.67238,49.63334],[5.67211,49.63428],[5.67085,49.6349],[5.6698,49.63529],[5.66832,49.63565],[5.66749,49.63645],[5.66698,49.63749],[5.66604,49.63736],[5.66438,49.63725],[5.6636,49.63662],[5.65938,49.64049],[5.65824,49.6415],[5.65695,49.64177],[5.65545,49.64228],[5.65427,49.64292],[5.65297,49.64341],[5.65278,49.64389],[5.65047,49.64516],[5.64957,49.64396],[5.64891,49.64224],[5.64745,49.64168],[5.64483,49.64047],[5.64309,49.64009],[5.64231,49.6401],[5.64146,49.63982],[5.641,49.63919],[5.6407,49.63773],[5.64116,49.63656],[5.64123,49.63596],[5.64174,49.63531],[5.64315,49.63397],[5.64392,49.63349],[5.645,49.63162],[5.64482,49.63108],[5.64423,49.63065],[5.64243,49.63035],[5.64142,49.62995],[5.63977,49.62956],[5.63869,49.62906],[5.63837,49.62878],[5.63799,49.62799],[5.6372,49.62742],[5.63683,49.6274],[5.63675,49.62702],[5.63599,49.62716],[5.63568,49.6275],[5.63366,49.62756],[5.63283,49.62742],[5.63173,49.6271],[5.62989,49.62705],[5.62908,49.62696],[5.62916,49.62662],[5.62833,49.62657],[5.62821,49.62613],[5.62674,49.62426],[5.62666,49.62392],[5.62694,49.62344],[5.6276,49.62305],[5.62843,49.62223],[5.6302,49.62114],[5.63085,49.61992],[5.63083,49.61922],[5.62733,49.61875],[5.62556,49.6181],[5.62429,49.61825],[5.6227,49.61809],[5.62125,49.61765],[5.61969,49.6176],[5.61895,49.61769],[5.61843,49.61793],[5.61798,49.6177],[5.61707,49.61647],[5.61638,49.61602],[5.61544,49.6157],[5.61672,49.61466],[5.61682,49.61342],[5.61675,49.61295],[5.61616,49.61117],[5.61613,49.61021],[5.61661,49.60937],[5.61755,49.60843],[5.6182,49.60735],[5.62072,49.60539],[5.62147,49.60459],[5.62309,49.60395],[5.62458,49.60276],[5.62489,49.60258],[5.62424,49.60157],[5.62352,49.60086],[5.62209,49.60009],[5.62199,49.59955],[5.62271,49.598],[5.6235,49.59772],[5.6245,49.59789],[5.62619,49.59775],[5.62822,49.5973],[5.62953,49.59629],[5.63046,49.59591],[5.63174,49.59489],[5.63243,49.59522],[5.63321,49.59593],[5.63419,49.59638],[5.6348,49.59605],[5.63485,49.59554],[5.63607,49.59466],[5.6346,49.59352],[5.63599,49.59137],[5.63669,49.59063],[5.63737,49.59089],[5.63809,49.59157],[5.6387,49.59198],[5.63866,49.59216],[5.63956,49.59244],[5.64025,49.59215],[5.64095,49.59152],[5.64198,49.59103],[5.64247,49.59068],[5.64307,49.58995],[5.6449,49.58866],[5.64549,49.5881],[5.64553,49.58828],[5.64638,49.58836],[5.64541,49.58897],[5.64758,49.58968],[5.64843,49.58872],[5.64902,49.58819],[5.65174,49.58891],[5.65301,49.58961],[5.65396,49.5907],[5.65503,49.59042],[5.6564,49.59038],[5.65693,49.59049],[5.65716,49.59002],[5.65807,49.59033],[5.6603,49.58915],[5.66054,49.58866],[5.66124,49.58815],[5.66309,49.58771],[5.66339,49.58777],[5.66453,49.58682],[5.66513,49.58703],[5.66777,49.58653],[5.66835,49.58659],[5.66958,49.58649],[5.67011,49.58665],[5.67262,49.58699],[5.67368,49.58754],[5.67452,49.58692],[5.67508,49.58731],[5.67668,49.5879],[5.67926,49.58914],[5.68103,49.59026],[5.68187,49.59093],[5.68234,49.59207],[5.68204,49.59298],[5.6812,49.59436],[5.68131,49.59484],[5.68023,49.59521],[5.67991,49.59554],[5.67886,49.59624],[5.67746,49.59734],[5.67722,49.59799],[5.67767,49.59885],[5.67873,49.59965],[5.6803,49.60025],[5.68076,49.60084],[5.68103,49.60153],[5.68269,49.60279],[5.68371,49.60272],[5.68518,49.60214],[5.68543,49.60163],[5.68606,49.60231],[5.68665,49.60205],[5.68777,49.60273],[5.68866,49.60263],[5.68879,49.60325],[5.68852,49.60333],[5.68879,49.60404],[5.68967,49.60499],[5.69071,49.60587],[5.69282,49.60748],[5.69406,49.60721],[5.69468,49.60779],[5.69587,49.60736],[5.69655,49.60655],[5.6963,49.60407],[5.69512,49.60263],[5.69748,49.60211],[5.69806,49.60319],[5.69844,49.60355],[5.69858,49.6041],[5.69901,49.60469],[5.69972,49.60533],[5.70036,49.60531],[5.70112,49.60499],[5.704,49.60628],[5.7051,49.60658]]]}},{"type":"Feature","id":"85039","bbox":[5.416538,49.619357,5.556657,49.783365],"properties":{"nis":"85039","name":"Tintigny","nameNl":"Tintigny","nameFr":"Tintigny","nameDe":"Tintigny","province":"luxembourg","region":"wallonia","areaKm2":81.57},"geometry":{"type":"Polygon","coordinates":[[[5.50094,49.73439],[5.50077,49.73433],[5.49963,49.73525],[5.49977,49.73533],[5.49895,49.73607],[5.49795,49.73639],[5.49654,49.73715],[5.49626,49.73713],[5.49606,49.73751],[5.49569,49.7375],[5.49513,49.73826],[5.49435,49.73858],[5.49385,49.73925],[5.49297,49.73934],[5.49232,49.73961],[5.49164,49.74035],[5.48904,49.74096],[5.4886,49.74125],[5.48793,49.7412],[5.48712,49.74152],[5.48624,49.74171],[5.48539,49.74224],[5.48477,49.74237],[5.48436,49.74278],[5.48394,49.74289],[5.48298,49.7435],[5.48185,49.74471],[5.48159,49.74485],[5.48105,49.74562],[5.47963,49.74669],[5.47935,49.74726],[5.47863,49.74782],[5.47883,49.74836],[5.4786,49.74853],[5.47876,49.74917],[5.47851,49.74956],[5.47822,49.75045],[5.47822,49.75191],[5.47318,49.75431],[5.47057,49.75516],[5.46971,49.75559],[5.46814,49.75664],[5.46664,49.75843],[5.4663,49.75936],[5.46552,49.75994],[5.46455,49.76048],[5.46404,49.76148],[5.46355,49.76194],[5.46177,49.76307],[5.4612,49.76396],[5.46039,49.76467],[5.45939,49.76578],[5.45907,49.76644],[5.45793,49.76719],[5.45748,49.76843],[5.45688,49.76892],[5.45406,49.77031],[5.45312,49.77056],[5.45271,49.77081],[5.44997,49.77329],[5.4494,49.77395],[5.44928,49.77507],[5.44827,49.77623],[5.44757,49.77806],[5.4475,49.77878],[5.44804,49.7814],[5.44034,49.78336],[5.43979,49.78327],[5.43959,49.78289],[5.43896,49.78302],[5.43832,49.78291],[5.43487,49.78268],[5.43345,49.78225],[5.43241,49.78201],[5.42924,49.77952],[5.42505,49.77603],[5.42515,49.77529],[5.4247,49.77437],[5.42436,49.77284],[5.42497,49.77258],[5.42571,49.77255],[5.42618,49.77271],[5.42654,49.77241],[5.42683,49.77178],[5.428,49.77127],[5.42875,49.77125],[5.42975,49.77149],[5.43012,49.7711],[5.42929,49.77006],[5.42934,49.76966],[5.42907,49.76916],[5.42787,49.76903],[5.42764,49.76874],[5.42791,49.76843],[5.42789,49.76802],[5.4269,49.76748],[5.4253,49.76715],[5.42503,49.76661],[5.42359,49.766],[5.42174,49.76549],[5.42027,49.76494],[5.41985,49.76419],[5.41866,49.76381],[5.41732,49.76363],[5.42064,49.76107],[5.42088,49.76096],[5.4283,49.7613],[5.42667,49.7593],[5.42962,49.75944],[5.43026,49.75932],[5.43233,49.75812],[5.43792,49.75506],[5.44446,49.75144],[5.45759,49.74431],[5.45249,49.73767],[5.44864,49.73273],[5.44835,49.73228],[5.44729,49.72822],[5.45758,49.72659],[5.46228,49.72587],[5.4618,49.7256],[5.46151,49.72479],[5.4631,49.72348],[5.46303,49.72341],[5.46423,49.72281],[5.46588,49.72242],[5.46776,49.72224],[5.46685,49.72057],[5.46835,49.72039],[5.46843,49.71931],[5.4689,49.718],[5.46974,49.7181],[5.46967,49.71662],[5.47104,49.71735],[5.4722,49.71664],[5.47297,49.71689],[5.47379,49.71657],[5.47431,49.71622],[5.47532,49.71603],[5.47436,49.7155],[5.47473,49.7151],[5.47518,49.71418],[5.47564,49.71418],[5.47596,49.71372],[5.47678,49.7137],[5.47778,49.71336],[5.47791,49.71345],[5.47851,49.71294],[5.47881,49.71241],[5.47917,49.71263],[5.48012,49.71187],[5.48047,49.71146],[5.48074,49.71054],[5.48068,49.70988],[5.47994,49.70802],[5.48013,49.70798],[5.48056,49.70543],[5.48048,49.70514],[5.48101,49.70534],[5.48182,49.70474],[5.48202,49.70435],[5.48192,49.7038],[5.48055,49.70419],[5.47979,49.70429],[5.47917,49.70423],[5.47878,49.70311],[5.47762,49.70284],[5.47714,49.7031],[5.47647,49.70377],[5.47585,49.70477],[5.47508,49.70522],[5.47433,49.70519],[5.47275,49.70437],[5.4724,49.70406],[5.47203,49.70333],[5.47157,49.70325],[5.47128,49.70365],[5.47135,49.70445],[5.47095,49.70512],[5.47014,49.70502],[5.46884,49.70408],[5.46848,49.70336],[5.46829,49.70245],[5.46829,49.70164],[5.46864,49.70061],[5.4682,49.7005],[5.46767,49.70061],[5.46656,49.70047],[5.46612,49.70031],[5.46589,49.6999],[5.46688,49.69952],[5.46814,49.69926],[5.46846,49.69895],[5.46764,49.6985],[5.46802,49.69784],[5.46752,49.69765],[5.46703,49.69723],[5.46543,49.69644],[5.46402,49.69623],[5.46208,49.69624],[5.46098,49.69637],[5.46051,49.69519],[5.46063,49.69505],[5.45883,49.69424],[5.46051,49.69263],[5.461,49.69116],[5.46025,49.69091],[5.46005,49.69063],[5.45949,49.69106],[5.45858,49.69105],[5.4583,49.69082],[5.45792,49.69118],[5.4574,49.69129],[5.45648,49.69097],[5.45418,49.69126],[5.45377,49.69109],[5.45258,49.69123],[5.45236,49.69099],[5.45099,49.69099],[5.45092,49.69081],[5.44926,49.69058],[5.44857,49.69022],[5.44724,49.68864],[5.44642,49.68659],[5.44667,49.68587],[5.4465,49.68461],[5.44616,49.68421],[5.44635,49.68323],[5.44612,49.68311],[5.44627,49.68253],[5.44661,49.68272],[5.44711,49.68229],[5.44809,49.68209],[5.44845,49.6818],[5.44839,49.68114],[5.44913,49.68097],[5.449,49.68065],[5.44941,49.68044],[5.4492,49.68009],[5.44832,49.67972],[5.4486,49.67923],[5.44818,49.67879],[5.44842,49.67851],[5.4482,49.6783],[5.44849,49.6779],[5.4477,49.67758],[5.44803,49.67712],[5.44855,49.67706],[5.44837,49.67675],[5.44892,49.67573],[5.44925,49.67567],[5.44914,49.67525],[5.4481,49.67333],[5.44811,49.67283],[5.44787,49.67216],[5.44893,49.67118],[5.4495,49.6687],[5.44943,49.66823],[5.44823,49.66753],[5.4473,49.66732],[5.44516,49.66715],[5.44207,49.66727],[5.43909,49.66718],[5.43818,49.66314],[5.43444,49.66322],[5.43424,49.66087],[5.4198,49.66099],[5.41655,49.66098],[5.41961,49.65331],[5.42495,49.64727],[5.4205,49.64186],[5.41922,49.63589],[5.41734,49.63325],[5.41654,49.62959],[5.4188,49.63009],[5.42185,49.63154],[5.42184,49.63168],[5.42258,49.6315],[5.42363,49.63101],[5.42652,49.63115],[5.42714,49.63137],[5.42772,49.63192],[5.4286,49.633],[5.42937,49.63331],[5.43055,49.63365],[5.43276,49.63465],[5.4338,49.635],[5.43454,49.635],[5.43539,49.63514],[5.43586,49.63538],[5.43713,49.63564],[5.43811,49.63549],[5.43951,49.63585],[5.44095,49.63661],[5.44167,49.63779],[5.44213,49.63791],[5.44263,49.63832],[5.44354,49.63877],[5.44508,49.63921],[5.4461,49.63989],[5.44681,49.63989],[5.4484,49.63941],[5.44886,49.63915],[5.4498,49.63816],[5.44957,49.63708],[5.4504,49.63633],[5.45044,49.63597],[5.45007,49.63541],[5.45008,49.63437],[5.45106,49.63342],[5.45132,49.63342],[5.45201,49.63261],[5.45274,49.63223],[5.45294,49.63247],[5.45672,49.63142],[5.45776,49.63149],[5.45888,49.6326],[5.45954,49.63281],[5.46073,49.63355],[5.46169,49.63301],[5.46552,49.63214],[5.46816,49.63123],[5.46942,49.63106],[5.47156,49.63103],[5.47358,49.63124],[5.47479,49.63144],[5.47686,49.63195],[5.4814,49.63368],[5.48245,49.63389],[5.48292,49.63346],[5.48296,49.63263],[5.48356,49.63263],[5.48371,49.63195],[5.48418,49.63158],[5.4841,49.63111],[5.48428,49.63009],[5.48368,49.62977],[5.48411,49.62826],[5.48508,49.62772],[5.48652,49.62734],[5.4872,49.62748],[5.48758,49.62834],[5.48936,49.62874],[5.49,49.62936],[5.49224,49.63082],[5.49233,49.63209],[5.49424,49.63314],[5.49597,49.63381],[5.49716,49.63319],[5.49834,49.63284],[5.50046,49.63255],[5.50161,49.63273],[5.50497,49.63378],[5.51114,49.63473],[5.51385,49.6347],[5.51476,49.63482],[5.51612,49.63466],[5.51761,49.63479],[5.51993,49.63415],[5.52108,49.63364],[5.5224,49.63218],[5.52325,49.63157],[5.52362,49.63081],[5.52509,49.63112],[5.52554,49.63065],[5.52606,49.6297],[5.52653,49.62857],[5.5279,49.62808],[5.52863,49.62714],[5.52905,49.62589],[5.52972,49.62437],[5.53003,49.62333],[5.53019,49.62249],[5.52998,49.62198],[5.52888,49.62115],[5.52828,49.62056],[5.5282,49.61997],[5.52832,49.61952],[5.52892,49.61941],[5.52969,49.61946],[5.53054,49.61936],[5.53266,49.61965],[5.53313,49.62003],[5.53203,49.62116],[5.53186,49.62207],[5.53143,49.62264],[5.53139,49.62509],[5.53308,49.62684],[5.53609,49.62814],[5.53673,49.62951],[5.53745,49.63048],[5.53864,49.63123],[5.53928,49.63228],[5.53936,49.63337],[5.53912,49.63413],[5.53872,49.63435],[5.53883,49.63477],[5.5383,49.63562],[5.53735,49.63685],[5.53691,49.6377],[5.53631,49.63839],[5.53582,49.63992],[5.53593,49.64012],[5.53588,49.64149],[5.53493,49.64266],[5.53397,49.6437],[5.53318,49.64466],[5.53294,49.64605],[5.53285,49.64793],[5.53325,49.64876],[5.53286,49.64943],[5.53199,49.6501],[5.5317,49.65072],[5.53218,49.65198],[5.53201,49.65256],[5.53138,49.65358],[5.53119,49.65417],[5.53131,49.65464],[5.53221,49.65589],[5.53236,49.6566],[5.53276,49.6572],[5.53486,49.65696],[5.5386,49.65663],[5.54772,49.6575],[5.54873,49.65808],[5.5495,49.65868],[5.54979,49.65921],[5.55,49.66015],[5.54905,49.66164],[5.54893,49.66391],[5.54904,49.6653],[5.54868,49.66834],[5.54961,49.66838],[5.55015,49.66985],[5.54907,49.67115],[5.54916,49.67157],[5.54867,49.67201],[5.54833,49.67289],[5.54762,49.67315],[5.54707,49.67362],[5.54655,49.67389],[5.54657,49.67476],[5.54631,49.67526],[5.54587,49.67535],[5.54574,49.67564],[5.546,49.67604],[5.5467,49.67626],[5.54681,49.67664],[5.54781,49.67748],[5.54786,49.67836],[5.54864,49.67953],[5.54928,49.67996],[5.54968,49.68078],[5.55112,49.68099],[5.55172,49.68125],[5.5522,49.68162],[5.55433,49.68263],[5.55453,49.68304],[5.55601,49.68344],[5.55662,49.68352],[5.55666,49.68409],[5.5561,49.68506],[5.55616,49.68537],[5.5558,49.68628],[5.55485,49.68655],[5.5548,49.68684],[5.55434,49.68673],[5.55386,49.68685],[5.55294,49.68739],[5.55387,49.68792],[5.55265,49.68857],[5.5518,49.68845],[5.55149,49.68808],[5.55154,49.68768],[5.55207,49.68734],[5.55201,49.68699],[5.55165,49.68695],[5.55085,49.68733],[5.55072,49.68775],[5.54939,49.68759],[5.54803,49.68775],[5.54757,49.68802],[5.54728,49.69044],[5.54405,49.69359],[5.5435,49.69351],[5.54248,49.69392],[5.54172,49.69381],[5.54168,49.69423],[5.54067,49.69441],[5.54035,49.69531],[5.53917,49.69574],[5.53829,49.69565],[5.53826,49.69611],[5.53798,49.69672],[5.5374,49.69745],[5.53678,49.69779],[5.53595,49.69764],[5.53513,49.69727],[5.5325,49.69903],[5.53205,49.69899],[5.53116,49.69982],[5.52991,49.69885],[5.52846,49.69977],[5.52788,49.69942],[5.52767,49.70039],[5.52751,49.7005],[5.52851,49.70099],[5.52825,49.70141],[5.52718,49.70132],[5.52571,49.70091],[5.52513,49.7013],[5.52432,49.70122],[5.52332,49.70161],[5.52355,49.70177],[5.52312,49.70194],[5.52269,49.70162],[5.52035,49.70241],[5.51882,49.70306],[5.51931,49.70338],[5.51876,49.70375],[5.5184,49.70374],[5.51908,49.70473],[5.51983,49.70552],[5.51962,49.70575],[5.51971,49.70629],[5.52054,49.70661],[5.5212,49.70671],[5.52117,49.70712],[5.52079,49.70739],[5.52035,49.70807],[5.52031,49.70862],[5.51871,49.70865],[5.5178,49.7086],[5.51541,49.71082],[5.51509,49.71127],[5.51517,49.7119],[5.51541,49.71231],[5.5138,49.71235],[5.51365,49.71305],[5.51329,49.71276],[5.513,49.71283],[5.51237,49.71199],[5.51049,49.71266],[5.50989,49.7128],[5.51024,49.71328],[5.50994,49.71339],[5.50997,49.71399],[5.51019,49.7141],[5.51048,49.71495],[5.51088,49.71519],[5.51135,49.71522],[5.51138,49.71565],[5.51225,49.71619],[5.51187,49.71789],[5.51147,49.71889],[5.51169,49.71898],[5.51174,49.71945],[5.51166,49.72105],[5.51111,49.72181],[5.51117,49.72218],[5.51089,49.7225],[5.51123,49.72295],[5.51051,49.72331],[5.51027,49.72361],[5.51055,49.7237],[5.50978,49.72465],[5.51015,49.72491],[5.50972,49.72531],[5.50916,49.72521],[5.50885,49.7254],[5.50851,49.72612],[5.50826,49.7263],[5.5083,49.72668],[5.50804,49.72668],[5.50742,49.72726],[5.50617,49.7274],[5.50534,49.7279],[5.50421,49.7283],[5.50346,49.72871],[5.50357,49.72899],[5.50257,49.72923],[5.50265,49.72945],[5.50163,49.73018],[5.50082,49.73094],[5.50121,49.73139],[5.50077,49.73167],[5.50117,49.73201],[5.50121,49.73263],[5.50077,49.73324],[5.50122,49.73365],[5.50065,49.73406],[5.50094,49.73439]]]}},{"type":"Feature","id":"85045","bbox":[5.500803,49.505968,5.644178,49.63943],"properties":{"nis":"85045","name":"Virton","nameNl":"Virton","nameFr":"Virton","nameDe":"Wirten","province":"luxembourg","region":"wallonia","areaKm2":95.39},"geometry":{"type":"Polygon","coordinates":[[[5.53354,49.51324],[5.53455,49.51401],[5.53552,49.51463],[5.53705,49.51491],[5.53913,49.51507],[5.53991,49.51506],[5.54111,49.51522],[5.54219,49.51643],[5.54357,49.51738],[5.54395,49.51787],[5.54436,49.51894],[5.54407,49.51981],[5.54452,49.52132],[5.545,49.52239],[5.54526,49.52328],[5.54586,49.52394],[5.54789,49.52528],[5.54949,49.52654],[5.55055,49.52719],[5.55228,49.52752],[5.55317,49.52796],[5.55401,49.5282],[5.55655,49.52923],[5.55752,49.52879],[5.55885,49.52808],[5.55993,49.52764],[5.56076,49.52746],[5.56038,49.52666],[5.56084,49.52625],[5.56251,49.52586],[5.56341,49.52558],[5.56435,49.52551],[5.56482,49.52578],[5.56562,49.52656],[5.56621,49.52755],[5.5661,49.52769],[5.56743,49.52756],[5.5687,49.52785],[5.56987,49.52726],[5.57123,49.52795],[5.57187,49.5274],[5.57294,49.52671],[5.57419,49.52612],[5.57552,49.52578],[5.57677,49.52536],[5.57757,49.5253],[5.58124,49.52439],[5.58108,49.52406],[5.584,49.5231],[5.58446,49.52359],[5.58577,49.52303],[5.58623,49.52294],[5.58735,49.52245],[5.58857,49.52162],[5.58936,49.52188],[5.58969,49.52225],[5.59042,49.52269],[5.59121,49.52292],[5.59225,49.52227],[5.59307,49.52207],[5.59494,49.52074],[5.59705,49.51971],[5.59859,49.5185],[5.59884,49.51856],[5.60029,49.51721],[5.60098,49.51677],[5.60075,49.51644],[5.60178,49.51595],[5.60214,49.51548],[5.60088,49.51349],[5.60315,49.51241],[5.60403,49.51207],[5.60345,49.51091],[5.60454,49.51062],[5.60356,49.50913],[5.60394,49.50873],[5.60727,49.50725],[5.61026,49.50636],[5.61105,49.50597],[5.61215,49.50722],[5.61299,49.50945],[5.61424,49.51089],[5.61547,49.51179],[5.61711,49.51421],[5.61812,49.51436],[5.6203,49.51752],[5.62098,49.51839],[5.62132,49.51901],[5.62147,49.51972],[5.62111,49.52033],[5.62091,49.52114],[5.62034,49.52184],[5.62061,49.52266],[5.62056,49.52298],[5.62007,49.5237],[5.61907,49.52444],[5.61933,49.52465],[5.61913,49.52494],[5.61725,49.52606],[5.61555,49.52723],[5.6169,49.52877],[5.61717,49.5293],[5.61839,49.53086],[5.61992,49.53262],[5.62205,49.53441],[5.62397,49.53572],[5.6267,49.53752],[5.62826,49.53778],[5.62835,49.53839],[5.63007,49.53915],[5.63213,49.5397],[5.63293,49.53952],[5.63314,49.53973],[5.63175,49.54063],[5.63128,49.54111],[5.63081,49.54203],[5.63232,49.54247],[5.63439,49.5429],[5.63367,49.54438],[5.63435,49.54439],[5.63556,49.54485],[5.63507,49.54489],[5.6335,49.54547],[5.63295,49.54704],[5.63236,49.54699],[5.6323,49.54744],[5.63183,49.54746],[5.63048,49.54693],[5.62973,49.54802],[5.6302,49.54839],[5.63007,49.54877],[5.62922,49.54915],[5.6285,49.55133],[5.62748,49.55139],[5.6271,49.55209],[5.62715,49.55378],[5.62617,49.55449],[5.62669,49.55714],[5.62685,49.55742],[5.62642,49.55767],[5.62698,49.5585],[5.62778,49.5585],[5.62829,49.55826],[5.62863,49.55853],[5.62947,49.56033],[5.63176,49.56009],[5.63227,49.56082],[5.6324,49.56155],[5.63287,49.56125],[5.63341,49.56176],[5.63384,49.5616],[5.63473,49.5623],[5.63558,49.56273],[5.63829,49.56456],[5.63964,49.56494],[5.64036,49.56615],[5.64202,49.5682],[5.6438,49.57109],[5.64358,49.57152],[5.64397,49.572],[5.64418,49.57321],[5.64104,49.57499],[5.64007,49.57564],[5.63973,49.57634],[5.6377,49.57788],[5.63744,49.57928],[5.63676,49.57955],[5.63592,49.58138],[5.63689,49.5817],[5.63621,49.58222],[5.63719,49.58284],[5.6363,49.58399],[5.63422,49.58416],[5.63367,49.58448],[5.63231,49.58434],[5.63053,49.58432],[5.6296,49.58451],[5.62918,49.58521],[5.62939,49.58556],[5.62876,49.58561],[5.62821,49.58653],[5.62702,49.58723],[5.62587,49.58817],[5.62545,49.58987],[5.62505,49.59049],[5.62493,49.591],[5.6241,49.59183],[5.62384,49.59188],[5.6208,49.5913],[5.62062,49.59429],[5.61953,49.59465],[5.61656,49.59413],[5.61718,49.59624],[5.61769,49.59757],[5.6178,49.59886],[5.61887,49.60031],[5.61939,49.60063],[5.62144,49.60094],[5.62241,49.60164],[5.62394,49.60233],[5.62458,49.60276],[5.62309,49.60395],[5.62147,49.60459],[5.62072,49.60539],[5.6182,49.60735],[5.61755,49.60843],[5.61661,49.60937],[5.61613,49.61021],[5.61616,49.61117],[5.61675,49.61295],[5.61682,49.61342],[5.61672,49.61466],[5.61544,49.6157],[5.61638,49.61602],[5.61707,49.61647],[5.61798,49.6177],[5.61843,49.61793],[5.61895,49.61769],[5.61969,49.6176],[5.62125,49.61765],[5.6227,49.61809],[5.62429,49.61825],[5.62556,49.6181],[5.62733,49.61875],[5.63083,49.61922],[5.63085,49.61992],[5.6302,49.62114],[5.62843,49.62223],[5.6276,49.62305],[5.62694,49.62344],[5.62666,49.62392],[5.62674,49.62426],[5.62821,49.62613],[5.62833,49.62657],[5.62916,49.62662],[5.62908,49.62696],[5.62842,49.62683],[5.62788,49.62704],[5.62753,49.62667],[5.62704,49.62684],[5.62709,49.62626],[5.62617,49.62626],[5.62513,49.62593],[5.62473,49.62524],[5.62373,49.62467],[5.62231,49.62415],[5.62113,49.6245],[5.61953,49.62457],[5.61791,49.62419],[5.61473,49.62361],[5.61265,49.62337],[5.61136,49.62348],[5.61052,49.62374],[5.6099,49.62355],[5.60914,49.6238],[5.60888,49.62406],[5.60895,49.62455],[5.60862,49.62464],[5.60853,49.62501],[5.60689,49.62582],[5.60409,49.62593],[5.60314,49.62558],[5.60219,49.62561],[5.60007,49.62692],[5.59909,49.62703],[5.5985,49.62738],[5.59799,49.6272],[5.59625,49.6272],[5.5951,49.62687],[5.59346,49.62716],[5.59341,49.62744],[5.59288,49.62779],[5.59227,49.62846],[5.59191,49.62914],[5.59151,49.6296],[5.5908,49.6301],[5.59092,49.63111],[5.59139,49.63187],[5.59194,49.63218],[5.5915,49.63357],[5.59182,49.63478],[5.59136,49.63528],[5.58999,49.63595],[5.58727,49.63671],[5.58672,49.63765],[5.58583,49.63846],[5.58482,49.63838],[5.58439,49.63857],[5.58333,49.63851],[5.58266,49.63824],[5.58189,49.63843],[5.57821,49.63843],[5.578,49.63916],[5.57702,49.63943],[5.57558,49.63937],[5.57418,49.63889],[5.57266,49.6377],[5.57232,49.63576],[5.57211,49.6332],[5.57278,49.63029],[5.57401,49.62994],[5.57444,49.62954],[5.57621,49.62639],[5.57469,49.62321],[5.57465,49.62135],[5.57342,49.62178],[5.57113,49.6221],[5.56956,49.62256],[5.56707,49.62299],[5.56586,49.623],[5.56495,49.62288],[5.56334,49.62315],[5.56234,49.6234],[5.55981,49.62382],[5.55861,49.62386],[5.55604,49.62406],[5.55391,49.62405],[5.55223,49.62443],[5.55118,49.62459],[5.54921,49.62513],[5.54795,49.6259],[5.54474,49.62687],[5.54445,49.62709],[5.54221,49.62795],[5.54131,49.62912],[5.54119,49.62954],[5.54038,49.63057],[5.53966,49.63094],[5.53864,49.63123],[5.53745,49.63048],[5.53673,49.62951],[5.53609,49.62814],[5.53308,49.62684],[5.53139,49.62509],[5.53143,49.62264],[5.53186,49.62207],[5.53203,49.62116],[5.53313,49.62003],[5.53266,49.61965],[5.53054,49.61936],[5.52896,49.61906],[5.52834,49.61879],[5.52532,49.61701],[5.52255,49.61605],[5.52221,49.61568],[5.52199,49.61481],[5.5222,49.61412],[5.52177,49.61337],[5.52172,49.61278],[5.5225,49.61203],[5.52297,49.61144],[5.52296,49.61086],[5.52245,49.60997],[5.52291,49.61007],[5.52337,49.61044],[5.52408,49.61072],[5.52466,49.61077],[5.5282,49.61029],[5.5298,49.60986],[5.53092,49.60934],[5.53192,49.60905],[5.53274,49.60843],[5.53313,49.60472],[5.53042,49.60448],[5.52902,49.60359],[5.52863,49.60308],[5.52766,49.59981],[5.52753,49.5979],[5.52757,49.59717],[5.52694,49.59658],[5.52414,49.59588],[5.52423,49.5955],[5.52563,49.59451],[5.52826,49.59302],[5.52386,49.58961],[5.52449,49.58805],[5.52321,49.58671],[5.52302,49.58617],[5.52268,49.5861],[5.52288,49.58517],[5.51958,49.58428],[5.51863,49.5837],[5.51795,49.58344],[5.5177,49.58304],[5.51703,49.58261],[5.51456,49.58048],[5.5137,49.57943],[5.51395,49.57934],[5.51346,49.57864],[5.5134,49.57822],[5.51407,49.57742],[5.51452,49.57664],[5.51527,49.57582],[5.51549,49.57527],[5.51509,49.57269],[5.51472,49.57273],[5.51435,49.57224],[5.51339,49.57175],[5.51381,49.57063],[5.51183,49.5703],[5.51239,49.56972],[5.51179,49.56877],[5.51063,49.56909],[5.5107,49.56939],[5.50874,49.57001],[5.50829,49.56912],[5.50772,49.56907],[5.50564,49.56971],[5.50468,49.57006],[5.50461,49.56993],[5.50368,49.57022],[5.50304,49.5693],[5.50244,49.56795],[5.50235,49.56738],[5.5008,49.56536],[5.50333,49.56405],[5.50279,49.56346],[5.50331,49.56308],[5.50388,49.56301],[5.50277,49.56126],[5.50522,49.56208],[5.50516,49.56215],[5.50713,49.56285],[5.50871,49.56316],[5.50974,49.56317],[5.50966,49.56168],[5.50941,49.56165],[5.50962,49.56123],[5.50932,49.5607],[5.50903,49.56054],[5.50856,49.56066],[5.50739,49.56021],[5.50706,49.55982],[5.50647,49.55991],[5.50571,49.5592],[5.50562,49.55833],[5.50488,49.55822],[5.50483,49.55777],[5.50523,49.5576],[5.50469,49.5572],[5.50505,49.55679],[5.50422,49.55671],[5.50373,49.55601],[5.50333,49.55606],[5.50315,49.55557],[5.50335,49.55525],[5.50263,49.55542],[5.50318,49.55447],[5.50376,49.55433],[5.50374,49.55385],[5.50316,49.55388],[5.50273,49.55356],[5.50164,49.5534],[5.50105,49.55266],[5.50104,49.55238],[5.50304,49.55112],[5.5041,49.55062],[5.50547,49.55018],[5.50533,49.55002],[5.50701,49.54925],[5.50819,49.54852],[5.50704,49.54778],[5.50587,49.54686],[5.5075,49.54644],[5.50717,49.54527],[5.50732,49.54416],[5.50782,49.54341],[5.50845,49.54388],[5.50893,49.54355],[5.50825,49.54301],[5.5087,49.54255],[5.50824,49.54182],[5.5079,49.54095],[5.50814,49.54092],[5.50833,49.54008],[5.50997,49.54004],[5.51133,49.54012],[5.51124,49.53919],[5.51139,49.53882],[5.51103,49.53822],[5.51187,49.53845],[5.51237,49.5376],[5.51249,49.53695],[5.51325,49.53705],[5.51358,49.53596],[5.51416,49.53598],[5.51473,49.53498],[5.51565,49.53478],[5.5156,49.53427],[5.51503,49.53437],[5.51481,49.53202],[5.51539,49.52991],[5.51251,49.52933],[5.51257,49.52888],[5.51309,49.52842],[5.51389,49.52797],[5.51484,49.52671],[5.51592,49.52588],[5.51594,49.52561],[5.51664,49.52465],[5.5174,49.52346],[5.51746,49.52299],[5.51718,49.52143],[5.51725,49.52104],[5.5171,49.52029],[5.51648,49.51897],[5.51655,49.51857],[5.51732,49.51786],[5.51785,49.51696],[5.51837,49.51677],[5.51992,49.51639],[5.52076,49.51551],[5.52119,49.5146],[5.5214,49.51326],[5.52199,49.51318],[5.52435,49.5133],[5.52565,49.51317],[5.53042,49.513],[5.5317,49.51326],[5.53265,49.51312],[5.53355,49.51335],[5.53354,49.51324]]]}},{"type":"Feature","id":"85046","bbox":[5.500648,49.687245,5.713182,49.783989],"properties":{"nis":"85046","name":"Habay","nameNl":"Habay","nameFr":"Habay","nameDe":"Habich","province":"luxembourg","region":"wallonia","areaKm2":103.11},"geometry":{"type":"Polygon","coordinates":[[[5.67846,49.68733],[5.6788,49.68743],[5.6813,49.68757],[5.68183,49.68832],[5.6821,49.68845],[5.68237,49.68921],[5.68497,49.68928],[5.68505,49.68999],[5.68432,49.69085],[5.68668,49.691],[5.68678,49.6912],[5.68747,49.69116],[5.68732,49.69145],[5.68772,49.69161],[5.68737,49.6926],[5.68712,49.69362],[5.6878,49.69378],[5.68773,49.69402],[5.68919,49.69446],[5.69072,49.69499],[5.69321,49.6954],[5.69279,49.6961],[5.69273,49.69647],[5.69288,49.69726],[5.69314,49.69731],[5.69249,49.69904],[5.69316,49.69903],[5.693,49.7005],[5.69281,49.70139],[5.69331,49.70149],[5.69259,49.70262],[5.69364,49.70291],[5.69243,49.70466],[5.69272,49.70471],[5.69315,49.7054],[5.69342,49.7053],[5.69442,49.70562],[5.69466,49.70581],[5.69484,49.70643],[5.69468,49.7071],[5.69404,49.70811],[5.69475,49.70841],[5.69633,49.70892],[5.69488,49.71055],[5.69515,49.71056],[5.69504,49.71104],[5.69601,49.71093],[5.69698,49.71071],[5.69763,49.7104],[5.69825,49.71035],[5.6989,49.71002],[5.69913,49.71011],[5.69806,49.71088],[5.69768,49.71131],[5.69797,49.71168],[5.69837,49.71162],[5.69942,49.7131],[5.70101,49.71271],[5.70171,49.71201],[5.70065,49.71138],[5.70075,49.71034],[5.70136,49.70897],[5.7037,49.70861],[5.70452,49.70828],[5.7055,49.70748],[5.70681,49.70732],[5.70928,49.70752],[5.70867,49.70995],[5.70735,49.71089],[5.70664,49.71092],[5.70628,49.71148],[5.7058,49.71133],[5.70553,49.71174],[5.70589,49.71249],[5.7063,49.71295],[5.70612,49.71318],[5.70649,49.71327],[5.70672,49.71361],[5.70626,49.71424],[5.70592,49.71432],[5.70626,49.71474],[5.70573,49.71522],[5.70444,49.71561],[5.70412,49.71591],[5.70347,49.71603],[5.70322,49.71588],[5.70263,49.71611],[5.70193,49.7161],[5.70139,49.71652],[5.70145,49.71681],[5.70073,49.71689],[5.69984,49.7168],[5.69886,49.71771],[5.69892,49.71814],[5.69869,49.7184],[5.69842,49.71917],[5.69888,49.71921],[5.69856,49.72029],[5.69927,49.72005],[5.69957,49.72059],[5.69973,49.72124],[5.69868,49.72119],[5.69833,49.72127],[5.69852,49.72227],[5.69832,49.72254],[5.6974,49.72295],[5.69683,49.72361],[5.69647,49.72369],[5.6957,49.72355],[5.69564,49.72377],[5.69512,49.72397],[5.6947,49.72393],[5.69395,49.72411],[5.69329,49.72392],[5.69207,49.72445],[5.6918,49.7244],[5.69116,49.72467],[5.69097,49.72751],[5.69064,49.72797],[5.68962,49.72861],[5.68888,49.72892],[5.68596,49.72843],[5.68608,49.72953],[5.68531,49.72964],[5.68466,49.73048],[5.68323,49.73283],[5.68281,49.73365],[5.68275,49.73424],[5.68246,49.73501],[5.68211,49.7356],[5.67937,49.73785],[5.67736,49.73996],[5.67832,49.74027],[5.67968,49.74044],[5.67946,49.74097],[5.6781,49.74126],[5.67642,49.74144],[5.67918,49.74258],[5.67989,49.743],[5.68084,49.7434],[5.682,49.74352],[5.68366,49.74358],[5.68513,49.7441],[5.68632,49.74487],[5.68615,49.7459],[5.68777,49.74697],[5.68912,49.74862],[5.69004,49.74995],[5.69053,49.75208],[5.69342,49.75414],[5.70404,49.75616],[5.70338,49.75666],[5.70602,49.75794],[5.70809,49.76104],[5.70775,49.76119],[5.70821,49.76194],[5.70877,49.76221],[5.70698,49.76429],[5.71124,49.76748],[5.71163,49.76826],[5.71305,49.77002],[5.71318,49.77091],[5.71318,49.77189],[5.71275,49.77485],[5.71285,49.77495],[5.71193,49.77535],[5.71063,49.77551],[5.69812,49.7758],[5.69751,49.77599],[5.68456,49.78243],[5.68018,49.78399],[5.67728,49.78257],[5.67222,49.78274],[5.66894,49.7836],[5.66897,49.78254],[5.66685,49.78211],[5.66747,49.78136],[5.66693,49.78098],[5.66486,49.78136],[5.66006,49.77941],[5.65614,49.77857],[5.65538,49.7781],[5.65445,49.7778],[5.65403,49.77724],[5.65348,49.77622],[5.65367,49.7758],[5.65453,49.77524],[5.65461,49.77436],[5.65383,49.77371],[5.65355,49.77405],[5.65234,49.77405],[5.65136,49.77262],[5.65187,49.77051],[5.65186,49.76992],[5.65024,49.76847],[5.64824,49.76752],[5.64674,49.76885],[5.64597,49.7688],[5.6445,49.76885],[5.64409,49.7692],[5.64357,49.77001],[5.64231,49.77171],[5.64105,49.77286],[5.63949,49.77378],[5.63846,49.77403],[5.63771,49.77363],[5.63248,49.77296],[5.63183,49.7728],[5.63076,49.77337],[5.63118,49.77375],[5.63157,49.77513],[5.63123,49.77571],[5.6315,49.77572],[5.63055,49.77698],[5.63038,49.77694],[5.62963,49.77798],[5.6299,49.7766],[5.62749,49.77622],[5.62726,49.77612],[5.62636,49.77649],[5.62523,49.77677],[5.62458,49.77673],[5.62512,49.7773],[5.6246,49.77759],[5.62401,49.77719],[5.62369,49.77732],[5.62429,49.77806],[5.62402,49.77855],[5.62311,49.7794],[5.62292,49.77936],[5.62244,49.78],[5.62117,49.77964],[5.62072,49.78007],[5.62006,49.77977],[5.61942,49.77931],[5.61837,49.78046],[5.61638,49.7802],[5.617,49.77877],[5.61516,49.77811],[5.6134,49.77881],[5.6124,49.77796],[5.61198,49.77834],[5.61104,49.77641],[5.61053,49.7766],[5.61047,49.77683],[5.60968,49.77592],[5.60909,49.7754],[5.60876,49.77489],[5.60902,49.77452],[5.6088,49.77427],[5.60775,49.77414],[5.6078,49.77352],[5.60722,49.77348],[5.60679,49.77371],[5.60455,49.77318],[5.59497,49.77132],[5.59373,49.77127],[5.58873,49.77455],[5.58358,49.77534],[5.5813,49.77477],[5.57229,49.77563],[5.56804,49.77479],[5.56479,49.77538],[5.56591,49.76985],[5.5644,49.76764],[5.56448,49.76704],[5.56652,49.76449],[5.56418,49.76252],[5.56327,49.76114],[5.56219,49.75896],[5.55806,49.75708],[5.55509,49.7598],[5.55298,49.75966],[5.55255,49.75948],[5.55248,49.75848],[5.55221,49.75844],[5.55232,49.75742],[5.55255,49.75691],[5.55308,49.75618],[5.55341,49.75519],[5.55335,49.75441],[5.553,49.75375],[5.55294,49.75328],[5.55232,49.75259],[5.55243,49.75231],[5.55222,49.75192],[5.55238,49.75136],[5.55224,49.75092],[5.5524,49.75063],[5.55162,49.75022],[5.55083,49.75026],[5.54956,49.74987],[5.54934,49.74972],[5.54915,49.74883],[5.5495,49.74759],[5.54889,49.7471],[5.54702,49.74695],[5.54682,49.74669],[5.54698,49.74556],[5.54674,49.7451],[5.54689,49.74419],[5.54654,49.74371],[5.54586,49.74308],[5.54455,49.74348],[5.5404,49.74483],[5.53776,49.7455],[5.53566,49.74523],[5.53129,49.7438],[5.53011,49.7437],[5.52896,49.74334],[5.52873,49.74275],[5.52878,49.74201],[5.52839,49.74105],[5.52768,49.74148],[5.52752,49.74188],[5.52689,49.74252],[5.5269,49.7432],[5.52666,49.74353],[5.52614,49.74344],[5.5235,49.74279],[5.52085,49.74274],[5.51938,49.74316],[5.51781,49.74323],[5.51717,49.74367],[5.51445,49.74367],[5.51018,49.74335],[5.50963,49.74236],[5.50843,49.74109],[5.5081,49.74038],[5.50811,49.7394],[5.50825,49.73921],[5.50831,49.73824],[5.50761,49.73715],[5.50677,49.73661],[5.50529,49.73624],[5.50446,49.73594],[5.50275,49.7351],[5.50117,49.73454],[5.50094,49.73439],[5.50065,49.73406],[5.50122,49.73365],[5.50077,49.73324],[5.50121,49.73263],[5.50117,49.73201],[5.50077,49.73167],[5.50121,49.73139],[5.50082,49.73094],[5.50163,49.73018],[5.50265,49.72945],[5.50257,49.72923],[5.50357,49.72899],[5.50346,49.72871],[5.50421,49.7283],[5.50534,49.7279],[5.50617,49.7274],[5.50742,49.72726],[5.50804,49.72668],[5.5083,49.72668],[5.50826,49.7263],[5.50851,49.72612],[5.50885,49.7254],[5.50916,49.72521],[5.50972,49.72531],[5.51015,49.72491],[5.50978,49.72465],[5.51055,49.7237],[5.51027,49.72361],[5.51051,49.72331],[5.51123,49.72295],[5.51089,49.7225],[5.51117,49.72218],[5.51111,49.72181],[5.51166,49.72105],[5.51174,49.71945],[5.51169,49.71898],[5.51147,49.71889],[5.51187,49.71789],[5.51225,49.71619],[5.51138,49.71565],[5.51135,49.71522],[5.51088,49.71519],[5.51048,49.71495],[5.51019,49.7141],[5.50997,49.71399],[5.50994,49.71339],[5.51024,49.71328],[5.50989,49.7128],[5.51049,49.71266],[5.51237,49.71199],[5.513,49.71283],[5.51329,49.71276],[5.51365,49.71305],[5.5138,49.71235],[5.51541,49.71231],[5.51517,49.7119],[5.51509,49.71127],[5.51541,49.71082],[5.5178,49.7086],[5.51871,49.70865],[5.52031,49.70862],[5.52035,49.70807],[5.52079,49.70739],[5.52117,49.70712],[5.5212,49.70671],[5.52054,49.70661],[5.51971,49.70629],[5.51962,49.70575],[5.51983,49.70552],[5.51908,49.70473],[5.5184,49.70374],[5.51876,49.70375],[5.51931,49.70338],[5.51882,49.70306],[5.52035,49.70241],[5.52269,49.70162],[5.52312,49.70194],[5.52355,49.70177],[5.52332,49.70161],[5.52432,49.70122],[5.52513,49.7013],[5.52571,49.70091],[5.52718,49.70132],[5.52825,49.70141],[5.52851,49.70099],[5.52906,49.70127],[5.52869,49.70085],[5.53049,49.70122],[5.53144,49.70134],[5.5327,49.7017],[5.53387,49.70195],[5.53687,49.70244],[5.53882,49.70269],[5.54026,49.70324],[5.54279,49.7037],[5.54433,49.70361],[5.54773,49.70462],[5.54943,49.7052],[5.55494,49.70641],[5.55625,49.70656],[5.55695,49.70645],[5.55734,49.70614],[5.56052,49.70722],[5.56162,49.70704],[5.56246,49.70706],[5.5631,49.70728],[5.56419,49.70802],[5.56493,49.70759],[5.56603,49.70856],[5.56745,49.70794],[5.56907,49.70809],[5.56904,49.70829],[5.56959,49.70853],[5.5716,49.70828],[5.57113,49.70846],[5.57128,49.70877],[5.57198,49.70868],[5.57205,49.70896],[5.57246,49.70894],[5.57251,49.7092],[5.57346,49.70906],[5.57385,49.70943],[5.57466,49.70913],[5.57476,49.70991],[5.57565,49.71012],[5.57672,49.71052],[5.57719,49.70996],[5.57855,49.71017],[5.57974,49.71019],[5.57962,49.71077],[5.58,49.71072],[5.58015,49.71038],[5.58046,49.71086],[5.58107,49.71055],[5.58094,49.71042],[5.58196,49.70985],[5.58144,49.70914],[5.58223,49.7089],[5.58285,49.7101],[5.58423,49.7111],[5.58433,49.71129],[5.58602,49.71095],[5.58615,49.71022],[5.58652,49.71049],[5.58769,49.71081],[5.58781,49.71008],[5.58819,49.71013],[5.58892,49.71094],[5.58978,49.71143],[5.59106,49.71085],[5.59204,49.7103],[5.5922,49.71038],[5.59296,49.70991],[5.59457,49.71076],[5.59481,49.71064],[5.59564,49.71097],[5.59588,49.71081],[5.59604,49.70985],[5.59662,49.71006],[5.59772,49.70974],[5.59784,49.71],[5.59883,49.71001],[5.59905,49.70971],[5.59845,49.70927],[5.59759,49.70836],[5.59729,49.70727],[5.59745,49.7065],[5.59774,49.70591],[5.59802,49.70439],[5.59733,49.70254],[5.59737,49.70206],[5.59766,49.70148],[5.59871,49.69835],[5.59931,49.69779],[5.59942,49.69741],[5.59912,49.69662],[5.60089,49.69679],[5.60281,49.69704],[5.60416,49.69552],[5.60625,49.69597],[5.60637,49.69569],[5.60881,49.69547],[5.60874,49.69515],[5.61088,49.69475],[5.61079,49.69456],[5.6116,49.69447],[5.61327,49.69392],[5.61335,49.69404],[5.61514,49.69369],[5.61603,49.69425],[5.61711,49.69353],[5.61807,49.69418],[5.61854,49.69386],[5.61944,49.69419],[5.62085,49.69452],[5.62127,49.69405],[5.62266,49.69442],[5.62276,49.69428],[5.62416,49.69361],[5.62412,49.69329],[5.6247,49.69299],[5.62492,49.69319],[5.6261,49.69266],[5.62614,49.69283],[5.62718,49.69256],[5.62924,49.69222],[5.62995,49.69249],[5.63063,49.69187],[5.63886,49.69005],[5.63937,49.69012],[5.63992,49.69053],[5.63992,49.69073],[5.64262,49.69029],[5.64276,49.69058],[5.64369,49.69058],[5.64371,49.69022],[5.64454,49.69028],[5.64554,49.69051],[5.64537,49.69082],[5.64597,49.69095],[5.64636,49.69046],[5.64752,49.68926],[5.6482,49.68999],[5.6486,49.68987],[5.64914,49.69029],[5.64988,49.69044],[5.64967,49.69065],[5.65011,49.69088],[5.65005,49.6911],[5.65087,49.69113],[5.6527,49.69033],[5.6533,49.69037],[5.65356,49.69063],[5.6538,49.69027],[5.6543,49.69043],[5.65815,49.6905],[5.65821,49.69097],[5.65906,49.69128],[5.65913,49.69114],[5.66092,49.69133],[5.66136,49.69056],[5.66333,49.6906],[5.66358,49.69004],[5.6649,49.69009],[5.66701,49.68963],[5.66753,49.68899],[5.66848,49.68921],[5.66907,49.68919],[5.66957,49.68853],[5.67055,49.6888],[5.67403,49.68963],[5.67472,49.68968],[5.67612,49.68931],[5.67622,49.68912],[5.6771,49.68889],[5.67846,49.68733]]]}},{"type":"Feature","id":"85047","bbox":[5.441427,49.496982,5.533547,49.574926],"properties":{"nis":"85047","name":"Rouvroy","nameNl":"Rouvroy","nameFr":"Rouvroy","nameDe":"Rouvroy","province":"luxembourg","region":"wallonia","areaKm2":27.99},"geometry":{"type":"Polygon","coordinates":[[[5.50244,49.56795],[5.49941,49.56804],[5.49914,49.56787],[5.49719,49.56778],[5.49712,49.56889],[5.49575,49.56888],[5.49521,49.56946],[5.49523,49.56982],[5.49496,49.57005],[5.49543,49.57055],[5.49504,49.5714],[5.49462,49.57161],[5.4949,49.57183],[5.49487,49.57233],[5.49442,49.57281],[5.49452,49.57299],[5.49399,49.57322],[5.49414,49.57365],[5.49342,49.57393],[5.4935,49.57432],[5.49271,49.57492],[5.4918,49.57467],[5.49087,49.57487],[5.48973,49.5749],[5.48822,49.57463],[5.48614,49.57446],[5.48522,49.57409],[5.4844,49.57358],[5.48347,49.5727],[5.48363,49.57231],[5.48412,49.5723],[5.48435,49.57182],[5.4841,49.57076],[5.48354,49.5697],[5.48327,49.56961],[5.48357,49.56907],[5.48405,49.5687],[5.48531,49.56806],[5.48419,49.56745],[5.48371,49.56711],[5.48383,49.56645],[5.48356,49.56614],[5.48273,49.56584],[5.47763,49.56481],[5.47699,49.56536],[5.475,49.56572],[5.47462,49.56572],[5.47354,49.56651],[5.47197,49.56693],[5.47167,49.56737],[5.471,49.56707],[5.47066,49.56723],[5.4691,49.56454],[5.46744,49.56499],[5.46629,49.56382],[5.4658,49.56405],[5.46465,49.56371],[5.46379,49.56371],[5.46264,49.56423],[5.46149,49.56494],[5.46039,49.56573],[5.4596,49.56612],[5.45765,49.56685],[5.45707,49.567],[5.45525,49.56475],[5.45495,49.56423],[5.45307,49.56238],[5.45118,49.55959],[5.44989,49.5582],[5.44819,49.55684],[5.44809,49.55656],[5.4477,49.5543],[5.44669,49.55357],[5.44527,49.55305],[5.44143,49.55238],[5.44212,49.5507],[5.44277,49.5502],[5.44431,49.55014],[5.44714,49.54861],[5.44907,49.54818],[5.45176,49.54619],[5.4549,49.5442],[5.45497,49.54375],[5.45609,49.54384],[5.45915,49.54155],[5.46115,49.54095],[5.46537,49.53891],[5.46626,49.53626],[5.46602,49.53404],[5.4652,49.53386],[5.46529,49.5323],[5.46655,49.52803],[5.46704,49.52594],[5.46391,49.52578],[5.4622,49.52565],[5.46153,49.5259],[5.46096,49.52577],[5.46083,49.52523],[5.46113,49.52496],[5.46071,49.52442],[5.45985,49.52431],[5.45945,49.52399],[5.4594,49.52335],[5.4588,49.52275],[5.45804,49.52245],[5.45742,49.52239],[5.45705,49.52263],[5.45677,49.52237],[5.45667,49.52166],[5.45591,49.52173],[5.45545,49.52131],[5.45534,49.52049],[5.45515,49.52013],[5.45479,49.52004],[5.4542,49.5202],[5.45357,49.51955],[5.45294,49.51972],[5.45244,49.51966],[5.45235,49.51907],[5.45178,49.51868],[5.45096,49.51873],[5.45083,49.51912],[5.44964,49.51838],[5.4492,49.51876],[5.44836,49.51823],[5.4475,49.51792],[5.44786,49.51767],[5.4479,49.51704],[5.44863,49.51698],[5.44914,49.51718],[5.45016,49.51662],[5.45006,49.51638],[5.44948,49.51609],[5.44952,49.51593],[5.45146,49.51548],[5.45147,49.51511],[5.45189,49.51474],[5.45264,49.51504],[5.45428,49.51443],[5.45437,49.51422],[5.45382,49.51349],[5.45392,49.51283],[5.45419,49.51263],[5.45565,49.51225],[5.45634,49.51329],[5.45687,49.51317],[5.45679,49.51285],[5.45712,49.51257],[5.45776,49.51261],[5.45811,49.5119],[5.45969,49.51146],[5.46138,49.51117],[5.46158,49.51095],[5.46128,49.51056],[5.46155,49.51021],[5.46302,49.50983],[5.46339,49.5096],[5.46479,49.50947],[5.46571,49.50902],[5.46594,49.50872],[5.46559,49.50817],[5.46564,49.50752],[5.46545,49.50688],[5.46504,49.50626],[5.46532,49.50583],[5.46455,49.50514],[5.4648,49.50471],[5.46477,49.50436],[5.46438,49.50369],[5.46451,49.50155],[5.46501,49.50111],[5.46615,49.50071],[5.46632,49.50033],[5.4657,49.4997],[5.46496,49.49918],[5.46512,49.4988],[5.46603,49.4987],[5.46821,49.49817],[5.46943,49.49779],[5.47137,49.49706],[5.47273,49.49699],[5.47435,49.49729],[5.4777,49.49929],[5.47854,49.49972],[5.47932,49.50035],[5.48033,49.50216],[5.48017,49.50229],[5.48004,49.50368],[5.48051,49.50437],[5.48217,49.50584],[5.48361,49.50613],[5.48386,49.50742],[5.48482,49.50729],[5.48598,49.50731],[5.48644,49.50748],[5.48858,49.50776],[5.48994,49.50777],[5.49262,49.50747],[5.4939,49.50725],[5.49623,49.50696],[5.49915,49.50679],[5.49959,49.5066],[5.50098,49.50683],[5.50598,49.50751],[5.51162,49.50833],[5.51212,49.50837],[5.5171,49.50909],[5.52349,49.51066],[5.52923,49.51216],[5.53354,49.51324],[5.53355,49.51335],[5.53265,49.51312],[5.5317,49.51326],[5.53042,49.513],[5.52565,49.51317],[5.52435,49.5133],[5.52199,49.51318],[5.5214,49.51326],[5.52119,49.5146],[5.52076,49.51551],[5.51992,49.51639],[5.51837,49.51677],[5.51785,49.51696],[5.51732,49.51786],[5.51655,49.51857],[5.51648,49.51897],[5.5171,49.52029],[5.51725,49.52104],[5.51718,49.52143],[5.51746,49.52299],[5.5174,49.52346],[5.51664,49.52465],[5.51594,49.52561],[5.51592,49.52588],[5.51484,49.52671],[5.51389,49.52797],[5.51309,49.52842],[5.51257,49.52888],[5.51251,49.52933],[5.51539,49.52991],[5.51481,49.53202],[5.51503,49.53437],[5.5156,49.53427],[5.51565,49.53478],[5.51473,49.53498],[5.51416,49.53598],[5.51358,49.53596],[5.51325,49.53705],[5.51249,49.53695],[5.51237,49.5376],[5.51187,49.53845],[5.51103,49.53822],[5.51139,49.53882],[5.51124,49.53919],[5.51133,49.54012],[5.50997,49.54004],[5.50833,49.54008],[5.50814,49.54092],[5.5079,49.54095],[5.50824,49.54182],[5.5087,49.54255],[5.50825,49.54301],[5.50893,49.54355],[5.50845,49.54388],[5.50782,49.54341],[5.50732,49.54416],[5.50717,49.54527],[5.5075,49.54644],[5.50587,49.54686],[5.50704,49.54778],[5.50819,49.54852],[5.50701,49.54925],[5.50533,49.55002],[5.50547,49.55018],[5.5041,49.55062],[5.50304,49.55112],[5.50104,49.55238],[5.50105,49.55266],[5.50164,49.5534],[5.50273,49.55356],[5.50316,49.55388],[5.50374,49.55385],[5.50376,49.55433],[5.50318,49.55447],[5.50263,49.55542],[5.50335,49.55525],[5.50315,49.55557],[5.50333,49.55606],[5.50373,49.55601],[5.50422,49.55671],[5.50505,49.55679],[5.50469,49.5572],[5.50523,49.5576],[5.50483,49.55777],[5.50488,49.55822],[5.50562,49.55833],[5.50571,49.5592],[5.50647,49.55991],[5.50706,49.55982],[5.50739,49.56021],[5.50856,49.56066],[5.50903,49.56054],[5.50932,49.5607],[5.50962,49.56123],[5.50941,49.56165],[5.50966,49.56168],[5.50974,49.56317],[5.50871,49.56316],[5.50713,49.56285],[5.50516,49.56215],[5.50522,49.56208],[5.50277,49.56126],[5.50388,49.56301],[5.50331,49.56308],[5.50279,49.56346],[5.50333,49.56405],[5.5008,49.56536],[5.50235,49.56738],[5.50244,49.56795]]]}}]}