{"type":"FeatureCollection","bbox":[4.285752,49.785545,5.402671,50.648445],"license":"Open Database License (ODbL) v1.0","attribution":"© OpenStreetMap contributors","generatedAt":"2026-09-20T12:46:12.453Z","features":[{"type":"Feature","id":"91005","bbox":[4.726419,50.280099,4.896865,50.361749],"properties":{"nis":"91005","name":"Anhée","nameNl":"Anhée","nameFr":"Anhée","nameDe":"Anhée","province":"namur","region":"wallonia","areaKm2":65.81},"geometry":{"type":"Polygon","coordinates":[[[4.8616,50.351],[4.86105,50.35385],[4.85542,50.35374],[4.85325,50.35329],[4.85173,50.35261],[4.84991,50.35156],[4.84607,50.35354],[4.84796,50.35463],[4.84724,50.35517],[4.84605,50.3555],[4.84599,50.35562],[4.84659,50.35701],[4.84681,50.35811],[4.84334,50.35946],[4.83105,50.36175],[4.82927,50.36105],[4.82626,50.35954],[4.82296,50.36005],[4.8219,50.35984],[4.81953,50.35862],[4.82271,50.35668],[4.81804,50.35512],[4.81614,50.35321],[4.80953,50.35544],[4.80784,50.35447],[4.80766,50.35409],[4.80673,50.35342],[4.80504,50.35431],[4.80321,50.3549],[4.80241,50.3549],[4.79062,50.35646],[4.78866,50.3552],[4.7885,50.35417],[4.78983,50.35073],[4.79076,50.34744],[4.79148,50.34666],[4.79186,50.34585],[4.79173,50.34542],[4.79122,50.34509],[4.79152,50.34445],[4.79296,50.34348],[4.79199,50.34318],[4.78974,50.34321],[4.78864,50.34286],[4.78635,50.34302],[4.785,50.34342],[4.78343,50.3435],[4.78262,50.34326],[4.78152,50.34329],[4.77957,50.34353],[4.77686,50.34334],[4.77627,50.34356],[4.77445,50.3431],[4.77182,50.3428],[4.77139,50.34318],[4.77055,50.34296],[4.76818,50.34315],[4.76457,50.34332],[4.76203,50.34305],[4.76085,50.34337],[4.7586,50.34321],[4.75843,50.34299],[4.75754,50.34299],[4.75668,50.34351],[4.75295,50.33955],[4.74816,50.33587],[4.74395,50.3339],[4.73692,50.3309],[4.73693,50.32989],[4.73782,50.32775],[4.73472,50.32266],[4.73248,50.31909],[4.73063,50.31749],[4.73047,50.31685],[4.73003,50.31626],[4.72927,50.31553],[4.72642,50.315],[4.72678,50.31413],[4.72734,50.31309],[4.72777,50.31158],[4.7285,50.30992],[4.72859,50.30833],[4.72794,50.30822],[4.72823,50.30684],[4.7289,50.30739],[4.72952,50.3064],[4.73223,50.30579],[4.73514,50.30589],[4.73777,50.30658],[4.73816,50.30509],[4.7383,50.30349],[4.73794,50.30258],[4.73808,50.30173],[4.73692,50.30175],[4.73689,50.30231],[4.73523,50.30177],[4.73494,50.30132],[4.73398,50.30105],[4.73438,50.30078],[4.73568,50.30098],[4.73627,50.30135],[4.73712,50.30146],[4.73799,50.3013],[4.73825,50.3011],[4.73686,50.30015],[4.73712,50.29963],[4.7359,50.29861],[4.73438,50.29717],[4.73452,50.29661],[4.73573,50.29661],[4.73593,50.29616],[4.73511,50.29613],[4.73542,50.29496],[4.73511,50.2949],[4.73523,50.2944],[4.73226,50.29365],[4.73313,50.29223],[4.73369,50.29171],[4.73416,50.29041],[4.73417,50.28909],[4.73465,50.28848],[4.73603,50.28802],[4.73684,50.28737],[4.7374,50.28714],[4.73921,50.28703],[4.73986,50.2861],[4.74079,50.28407],[4.74133,50.28355],[4.74333,50.2801],[4.75742,50.28251],[4.76286,50.2832],[4.76305,50.28433],[4.76009,50.29175],[4.76177,50.292],[4.76167,50.29294],[4.76533,50.29364],[4.7678,50.29357],[4.77709,50.29219],[4.7767,50.29112],[4.77877,50.29169],[4.77996,50.29131],[4.77946,50.2903],[4.77828,50.28961],[4.77907,50.28904],[4.77868,50.2871],[4.78461,50.28823],[4.78777,50.29156],[4.78915,50.29188],[4.78955,50.29282],[4.79079,50.29401],[4.79084,50.29533],[4.7939,50.29728],[4.79499,50.29722],[4.79547,50.29795],[4.79574,50.29867],[4.79501,50.29896],[4.79344,50.29983],[4.79164,50.30027],[4.79138,50.3002],[4.79055,50.30043],[4.79091,50.30098],[4.79216,50.30085],[4.79338,50.3013],[4.79416,50.30174],[4.79325,50.30269],[4.79527,50.30361],[4.79518,50.30398],[4.79687,50.30407],[4.79637,50.30552],[4.79746,50.30621],[4.79736,50.30816],[4.79664,50.30965],[4.79673,50.31019],[4.79939,50.31028],[4.80298,50.31106],[4.8031,50.31061],[4.803,50.30927],[4.80271,50.30908],[4.80196,50.30823],[4.8024,50.30646],[4.80388,50.30332],[4.81305,50.30211],[4.82125,50.30168],[4.82089,50.30141],[4.82029,50.30146],[4.8198,50.30087],[4.8203,50.29986],[4.81944,50.299],[4.81863,50.2987],[4.81778,50.2986],[4.81724,50.29895],[4.81554,50.2983],[4.81486,50.29795],[4.81482,50.29665],[4.81512,50.29661],[4.81572,50.29604],[4.81576,50.29577],[4.81485,50.29524],[4.81474,50.29476],[4.81486,50.29439],[4.81536,50.29404],[4.8166,50.2942],[4.81719,50.29375],[4.81654,50.29292],[4.81719,50.29235],[4.8192,50.29196],[4.81964,50.29066],[4.81982,50.28992],[4.82035,50.28937],[4.82042,50.28908],[4.82092,50.28877],[4.82328,50.28836],[4.82354,50.28803],[4.82295,50.28762],[4.82279,50.28712],[4.82397,50.28639],[4.82427,50.28566],[4.82512,50.28509],[4.82778,50.28491],[4.82957,50.28515],[4.83092,50.28481],[4.83215,50.28491],[4.833,50.28547],[4.83406,50.28569],[4.83393,50.28685],[4.83334,50.28722],[4.83444,50.28795],[4.8334,50.28849],[4.83459,50.28906],[4.83444,50.29011],[4.83562,50.29056],[4.83546,50.29124],[4.83494,50.29162],[4.83372,50.29207],[4.83156,50.29178],[4.82923,50.29294],[4.83249,50.29296],[4.83681,50.29512],[4.83732,50.29482],[4.83851,50.29825],[4.83897,50.29989],[4.84215,50.29512],[4.84626,50.29663],[4.84736,50.2979],[4.85122,50.29652],[4.85295,50.29722],[4.85308,50.29771],[4.85376,50.29782],[4.85435,50.29765],[4.85593,50.29768],[4.857,50.29784],[4.85726,50.29709],[4.85838,50.29717],[4.85884,50.2973],[4.85882,50.29644],[4.85866,50.296],[4.85933,50.29529],[4.85832,50.29531],[4.85736,50.29436],[4.85965,50.29331],[4.86062,50.29307],[4.86016,50.29237],[4.86003,50.29102],[4.85876,50.29035],[4.86253,50.28757],[4.86215,50.28631],[4.86011,50.28483],[4.86393,50.28232],[4.86482,50.28256],[4.86629,50.28166],[4.87414,50.28323],[4.87617,50.28334],[4.88384,50.2859],[4.88356,50.28644],[4.88504,50.28703],[4.88455,50.28748],[4.88271,50.28797],[4.8813,50.28824],[4.8813,50.2886],[4.88278,50.28882],[4.88304,50.28903],[4.88285,50.28932],[4.88384,50.28945],[4.88511,50.2899],[4.88518,50.29048],[4.88257,50.29206],[4.8933,50.29309],[4.89365,50.29367],[4.89563,50.29403],[4.8958,50.29437],[4.89552,50.29625],[4.89571,50.29733],[4.89651,50.29915],[4.89687,50.30088],[4.89664,50.30205],[4.89578,50.30326],[4.89462,50.30452],[4.89371,50.30509],[4.89244,50.30563],[4.8914,50.30616],[4.88918,50.3076],[4.88645,50.30914],[4.88391,50.31045],[4.88094,50.31225],[4.87877,50.31401],[4.87807,50.31478],[4.87743,50.31574],[4.87669,50.3188],[4.87654,50.31966],[4.87523,50.32314],[4.87497,50.32357],[4.87406,50.32459],[4.8728,50.32559],[4.87228,50.32631],[4.87207,50.32695],[4.87189,50.32842],[4.87223,50.33029],[4.87251,50.33106],[4.8729,50.33377],[4.87286,50.33468],[4.87263,50.33537],[4.87214,50.33615],[4.8714,50.33689],[4.8697,50.33756],[4.8688,50.33769],[4.86763,50.33772],[4.86726,50.3379],[4.8657,50.33821],[4.86247,50.33904],[4.86036,50.34062],[4.85502,50.34572],[4.85404,50.34733],[4.85374,50.34895],[4.85421,50.35008],[4.85574,50.35076],[4.85751,50.35105],[4.8616,50.351]]]}},{"type":"Feature","id":"91013","bbox":[4.819088,50.017697,5.08081,50.165272],"properties":{"nis":"91013","name":"Beauraing","nameNl":"Beauraing","nameFr":"Beauraing","nameDe":"Beauraing","province":"namur","region":"wallonia","areaKm2":174.02},"geometry":{"type":"Polygon","coordinates":[[[4.87759,50.15371],[4.87746,50.15317],[4.87847,50.15305],[4.87817,50.15238],[4.87916,50.15211],[4.87911,50.15138],[4.87869,50.15049],[4.87855,50.1499],[4.8806,50.14951],[4.88026,50.14898],[4.87961,50.14844],[4.87969,50.14749],[4.88004,50.14661],[4.88058,50.14552],[4.88147,50.14477],[4.88249,50.14376],[4.88249,50.14279],[4.88184,50.14198],[4.88139,50.14125],[4.88205,50.14087],[4.88355,50.14094],[4.88478,50.14084],[4.88515,50.14065],[4.88628,50.14058],[4.88696,50.14008],[4.88757,50.1401],[4.88819,50.13985],[4.8893,50.14014],[4.89018,50.14028],[4.89112,50.14023],[4.89225,50.14037],[4.89421,50.1403],[4.89513,50.14017],[4.89575,50.13929],[4.89711,50.13792],[4.89643,50.13723],[4.89559,50.13598],[4.895,50.1349],[4.89406,50.1347],[4.89317,50.1347],[4.89132,50.13433],[4.89076,50.13405],[4.89042,50.13366],[4.89029,50.1332],[4.8896,50.1327],[4.88871,50.13223],[4.8881,50.13177],[4.88719,50.13155],[4.88682,50.13079],[4.88558,50.1311],[4.88513,50.13048],[4.88392,50.13061],[4.88323,50.13091],[4.88124,50.13117],[4.87969,50.13161],[4.87841,50.13178],[4.87851,50.12932],[4.87848,50.12722],[4.87761,50.12723],[4.87701,50.12709],[4.87694,50.12676],[4.8763,50.12674],[4.87473,50.12626],[4.87307,50.12586],[4.87109,50.12488],[4.87084,50.12456],[4.87095,50.12316],[4.86818,50.12065],[4.86706,50.11881],[4.86719,50.1182],[4.8677,50.11788],[4.86834,50.11716],[4.86967,50.11529],[4.86966,50.11454],[4.86983,50.11429],[4.87159,50.11236],[4.87204,50.11127],[4.87279,50.11041],[4.87303,50.10983],[4.87337,50.10964],[4.87347,50.10896],[4.87333,50.10807],[4.87302,50.10768],[4.87372,50.10747],[4.87073,50.10365],[4.87044,50.10197],[4.87046,50.10127],[4.86992,50.10058],[4.8699,50.09994],[4.86906,50.09865],[4.86871,50.09782],[4.86789,50.09749],[4.8671,50.09733],[4.86697,50.09704],[4.86753,50.09674],[4.86793,50.09676],[4.86845,50.09654],[4.86878,50.09614],[4.86939,50.09621],[4.87036,50.0961],[4.87079,50.09622],[4.87109,50.09606],[4.87259,50.09584],[4.87278,50.09589],[4.87403,50.09558],[4.87475,50.09521],[4.87538,50.09444],[4.87577,50.09424],[4.87483,50.0932],[4.87432,50.09285],[4.87285,50.09045],[4.87242,50.08778],[4.87124,50.08791],[4.86985,50.08831],[4.8687,50.08831],[4.86848,50.08872],[4.86745,50.08905],[4.86654,50.08977],[4.86627,50.08986],[4.86596,50.09034],[4.86498,50.09105],[4.86407,50.09137],[4.86284,50.09209],[4.86224,50.09224],[4.86083,50.09294],[4.86056,50.09294],[4.86014,50.09332],[4.86047,50.09411],[4.86112,50.09511],[4.86163,50.09515],[4.8616,50.0956],[4.86107,50.0962],[4.86126,50.09639],[4.86147,50.09721],[4.86095,50.0975],[4.86072,50.09798],[4.86088,50.09816],[4.86001,50.09901],[4.85848,50.09992],[4.85792,50.10011],[4.85652,50.10011],[4.85571,50.10043],[4.85537,50.10072],[4.85451,50.10094],[4.85407,50.10078],[4.8534,50.10101],[4.8527,50.10097],[4.85249,50.10126],[4.85106,50.10117],[4.84968,50.10116],[4.84939,50.10066],[4.85042,50.10004],[4.85038,50.09966],[4.84993,50.09884],[4.84901,50.09816],[4.84723,50.09721],[4.84489,50.09623],[4.84465,50.09602],[4.8431,50.09563],[4.84268,50.09518],[4.8401,50.0951],[4.83933,50.09465],[4.8386,50.09381],[4.83815,50.09352],[4.83771,50.09348],[4.83741,50.09321],[4.8383,50.09296],[4.83871,50.0927],[4.83966,50.09267],[4.84006,50.09243],[4.84204,50.09179],[4.84269,50.09037],[4.8432,50.08881],[4.8439,50.08812],[4.8438,50.08778],[4.8462,50.08532],[4.84646,50.0847],[4.84687,50.08431],[4.84696,50.08356],[4.84625,50.08342],[4.84335,50.08352],[4.84141,50.08324],[4.84059,50.083],[4.84249,50.08099],[4.84149,50.08025],[4.84127,50.07965],[4.84172,50.07925],[4.84234,50.07832],[4.84295,50.07779],[4.84255,50.07739],[4.84172,50.07602],[4.84172,50.07436],[4.84127,50.07436],[4.84056,50.07311],[4.84108,50.07296],[4.84006,50.07163],[4.83962,50.07073],[4.83904,50.06996],[4.83899,50.06965],[4.83846,50.06863],[4.83813,50.06724],[4.83676,50.06719],[4.83634,50.0673],[4.8356,50.06701],[4.83501,50.06692],[4.83423,50.06701],[4.83315,50.06734],[4.8322,50.0673],[4.83101,50.06761],[4.83047,50.06764],[4.82808,50.06751],[4.82658,50.06704],[4.82611,50.06696],[4.82426,50.06712],[4.82222,50.06672],[4.82022,50.06624],[4.81938,50.06593],[4.8208,50.06551],[4.82165,50.065],[4.82221,50.06444],[4.82118,50.06289],[4.82007,50.06251],[4.81945,50.06219],[4.81909,50.06142],[4.81991,50.0606],[4.82123,50.05984],[4.82518,50.06006],[4.82759,50.0594],[4.82793,50.05819],[4.8293,50.0573],[4.82827,50.05565],[4.82673,50.05201],[4.82707,50.05003],[4.82793,50.04981],[4.82879,50.04837],[4.83085,50.04794],[4.83205,50.04683],[4.83325,50.04727],[4.83445,50.04694],[4.83685,50.04727],[4.83857,50.04705],[4.83943,50.04683],[4.84063,50.04606],[4.84132,50.04485],[4.84029,50.04441],[4.84149,50.04396],[4.84144,50.04262],[4.84315,50.0422],[4.84595,50.04436],[4.84747,50.04427],[4.84852,50.04394],[4.84917,50.0431],[4.85015,50.04031],[4.85155,50.04021],[4.85355,50.03957],[4.85414,50.03908],[4.85577,50.03815],[4.8567,50.0369],[4.85694,50.03574],[4.85788,50.03529],[4.86085,50.03561],[4.86239,50.03679],[4.8621,50.03837],[4.86289,50.03868],[4.87023,50.03787],[4.87121,50.03799],[4.87202,50.03852],[4.87307,50.03934],[4.87321,50.03985],[4.87462,50.04046],[4.87673,50.04083],[4.87788,50.04065],[4.87891,50.04022],[4.87949,50.03908],[4.88044,50.03843],[4.88161,50.03835],[4.88257,50.03755],[4.88416,50.03701],[4.8854,50.03718],[4.88585,50.03665],[4.88688,50.03753],[4.88905,50.03835],[4.89015,50.03798],[4.89102,50.03713],[4.89396,50.03773],[4.89778,50.04178],[4.90053,50.04447],[4.90071,50.04642],[4.90206,50.04719],[4.90454,50.04764],[4.90597,50.04758],[4.91156,50.04963],[4.91529,50.05061],[4.91893,50.05164],[4.92088,50.05124],[4.9232,50.04973],[4.92595,50.04636],[4.92723,50.04457],[4.92716,50.04453],[4.92973,50.04328],[4.93106,50.04289],[4.93355,50.04238],[4.93532,50.0455],[4.94607,50.04582],[4.96175,50.04795],[4.96463,50.04785],[4.96555,50.04775],[4.96512,50.04705],[4.96497,50.04624],[4.96451,50.04488],[4.96281,50.04245],[4.96232,50.03946],[4.95447,50.03776],[4.95292,50.0366],[4.95158,50.03571],[4.9492,50.03321],[4.94629,50.0318],[4.94431,50.02989],[4.94036,50.02898],[4.93907,50.02729],[4.93886,50.02607],[4.93893,50.02538],[4.93775,50.02434],[4.93544,50.02356],[4.9342,50.0235],[4.93483,50.02187],[4.93467,50.02094],[4.93571,50.01899],[4.9363,50.01851],[4.93687,50.0177],[4.93821,50.01808],[4.93944,50.01803],[4.94163,50.01914],[4.94207,50.02205],[4.94713,50.02466],[4.95259,50.0248],[4.95547,50.02616],[4.96093,50.02726],[4.96288,50.02848],[4.96709,50.02911],[4.96837,50.02954],[4.97029,50.02975],[4.971,50.02943],[4.97303,50.02889],[4.97564,50.02898],[4.97732,50.0301],[4.97884,50.03082],[4.98229,50.03032],[4.98305,50.03003],[4.98277,50.02965],[4.98226,50.02962],[4.98243,50.02893],[4.98414,50.02794],[4.98692,50.02762],[4.98818,50.02722],[4.98909,50.02799],[4.98911,50.02821],[4.9896,50.02846],[4.99023,50.02931],[4.99074,50.0296],[4.99121,50.0302],[4.99164,50.03046],[4.9919,50.03086],[4.99237,50.03117],[4.99333,50.03148],[4.99388,50.03142],[4.99387,50.0321],[4.9942,50.03257],[4.99371,50.03422],[4.99381,50.0347],[4.99331,50.03634],[4.99344,50.0369],[4.99377,50.03749],[4.99354,50.03758],[4.99398,50.03837],[4.99388,50.03861],[4.99477,50.03979],[4.99463,50.04009],[4.99492,50.04161],[4.99523,50.04207],[4.9948,50.04256],[4.99516,50.04343],[4.99599,50.04422],[4.99681,50.04451],[4.99743,50.04512],[4.99737,50.04543],[4.99807,50.04478],[4.99902,50.04477],[4.99978,50.04457],[5.00099,50.04443],[5.00149,50.0437],[5.00181,50.04349],[5.00267,50.04253],[5.00329,50.04222],[5.00428,50.04151],[5.00568,50.04075],[5.00625,50.04],[5.00662,50.0397],[5.00806,50.03897],[5.00821,50.03897],[5.00981,50.03827],[5.01097,50.03798],[5.01177,50.03876],[5.01263,50.03905],[5.01327,50.03979],[5.01404,50.04043],[5.01519,50.04126],[5.01599,50.04144],[5.01644,50.042],[5.01802,50.04221],[5.01889,50.04254],[5.01949,50.04255],[5.02005,50.04275],[5.02333,50.04311],[5.02536,50.04381],[5.02697,50.04534],[5.02745,50.04539],[5.02776,50.04622],[5.0283,50.04629],[5.02895,50.04739],[5.02904,50.04807],[5.02831,50.04943],[5.02864,50.04997],[5.03062,50.05],[5.03218,50.05053],[5.03282,50.05057],[5.03354,50.05124],[5.03473,50.05182],[5.03569,50.05214],[5.0368,50.05233],[5.03818,50.05245],[5.04146,50.05312],[5.04189,50.05419],[5.04252,50.05477],[5.04299,50.05545],[5.04349,50.05679],[5.04351,50.05753],[5.0428,50.05881],[5.04238,50.05918],[5.04211,50.06041],[5.04226,50.06107],[5.04208,50.06154],[5.04226,50.06172],[5.04273,50.06161],[5.04359,50.0618],[5.04481,50.06193],[5.04543,50.06176],[5.04577,50.06128],[5.0463,50.06101],[5.04675,50.06114],[5.04692,50.06153],[5.04762,50.06178],[5.04809,50.06211],[5.04871,50.06303],[5.04939,50.06375],[5.05051,50.06432],[5.05082,50.0643],[5.05114,50.06468],[5.05143,50.06537],[5.05184,50.06703],[5.05284,50.06713],[5.05365,50.067],[5.05388,50.06767],[5.05353,50.06837],[5.05354,50.06876],[5.05313,50.06906],[5.05311,50.06949],[5.05265,50.07025],[5.05309,50.07181],[5.05448,50.07321],[5.05358,50.07351],[5.05369,50.07396],[5.05188,50.0747],[5.05217,50.07504],[5.04999,50.07577],[5.04915,50.07599],[5.04892,50.07561],[5.04858,50.07613],[5.04858,50.07671],[5.04878,50.07729],[5.04917,50.07787],[5.05062,50.07782],[5.05381,50.07736],[5.05545,50.07664],[5.05694,50.07577],[5.05841,50.07509],[5.05903,50.07565],[5.05932,50.07631],[5.05974,50.07649],[5.06058,50.07764],[5.06078,50.07894],[5.06104,50.07973],[5.06087,50.08012],[5.05816,50.08106],[5.05457,50.0816],[5.05395,50.08185],[5.05293,50.08269],[5.0527,50.08366],[5.05361,50.08481],[5.05389,50.08602],[5.05367,50.0865],[5.05259,50.08774],[5.05274,50.08832],[5.05307,50.08886],[5.05364,50.08939],[5.05375,50.09015],[5.05454,50.09126],[5.05536,50.09306],[5.05646,50.09381],[5.05683,50.09437],[5.05618,50.0955],[5.0566,50.09541],[5.05669,50.09592],[5.05556,50.09725],[5.05533,50.0985],[5.05547,50.09874],[5.05497,50.09892],[5.05474,50.09971],[5.0555,50.09983],[5.05731,50.10136],[5.0594,50.10386],[5.05908,50.10731],[5.05925,50.10814],[5.05968,50.10878],[5.06038,50.11033],[5.06092,50.11108],[5.06209,50.1151],[5.0628,50.11695],[5.06442,50.12026],[5.06482,50.12083],[5.06524,50.12112],[5.06562,50.12179],[5.0657,50.12278],[5.06573,50.1231],[5.06522,50.12398],[5.0652,50.12519],[5.06461,50.12802],[5.06502,50.12904],[5.06509,50.12957],[5.06609,50.13015],[5.0662,50.12998],[5.06887,50.1281],[5.07077,50.12705],[5.07193,50.12606],[5.07282,50.12542],[5.07377,50.12497],[5.07763,50.12375],[5.08081,50.12679],[5.07968,50.12804],[5.07358,50.13549],[5.07263,50.13549],[5.07194,50.13524],[5.07128,50.13482],[5.0701,50.1346],[5.07004,50.13473],[5.06834,50.13474],[5.0676,50.13497],[5.06728,50.13581],[5.06677,50.13614],[5.06708,50.13699],[5.06674,50.13707],[5.0666,50.13746],[5.06685,50.13794],[5.06538,50.13841],[5.06494,50.13838],[5.065,50.1387],[5.06401,50.13991],[5.06431,50.13991],[5.0639,50.1404],[5.0631,50.14071],[5.06306,50.14101],[5.06235,50.14126],[5.06215,50.1417],[5.06186,50.14176],[5.05975,50.14322],[5.05951,50.1432],[5.05919,50.14379],[5.05692,50.1441],[5.05456,50.14414],[5.05376,50.14402],[5.05364,50.14462],[5.05325,50.14499],[5.05208,50.14534],[5.04748,50.14227],[5.04252,50.13908],[5.03905,50.13622],[5.03508,50.13419],[5.03351,50.13222],[5.033,50.13214],[5.03105,50.13289],[5.03005,50.13322],[5.02871,50.13421],[5.02767,50.13477],[5.02518,50.13574],[5.02418,50.13634],[5.02265,50.13678],[5.02026,50.13753],[5.01895,50.13786],[5.01745,50.1387],[5.01786,50.13879],[5.01704,50.14028],[5.01626,50.14135],[5.01496,50.14145],[5.01461,50.14192],[5.01369,50.14257],[5.01305,50.14316],[5.01246,50.14347],[5.01193,50.14393],[5.01144,50.14411],[5.01117,50.14446],[5.0107,50.14465],[5.00978,50.1456],[5.00809,50.14501],[5.00778,50.14525],[5.0073,50.1452],[5.00664,50.14557],[5.00572,50.14638],[5.00512,50.14663],[5.00468,50.14811],[5.00374,50.14973],[5.0033,50.15002],[5.00275,50.15133],[5.00196,50.1513],[5.00155,50.15199],[5.00061,50.15264],[4.99959,50.15397],[4.99937,50.15492],[5.00055,50.15617],[5.00063,50.15745],[4.99858,50.15732],[4.99119,50.15619],[4.98622,50.15591],[4.98251,50.156],[4.9804,50.15609],[4.97887,50.15496],[4.97813,50.15454],[4.97747,50.15443],[4.97656,50.15573],[4.97101,50.15532],[4.96812,50.15477],[4.96363,50.1542],[4.96259,50.15385],[4.95501,50.15109],[4.9539,50.15088],[4.95387,50.15035],[4.95414,50.14861],[4.95411,50.14758],[4.95491,50.14627],[4.95508,50.14576],[4.95425,50.14576],[4.9544,50.14504],[4.9551,50.14447],[4.95482,50.14394],[4.95486,50.14344],[4.95576,50.14246],[4.95594,50.14201],[4.95659,50.14107],[4.95704,50.1397],[4.95699,50.13943],[4.95808,50.13622],[4.95634,50.13509],[4.9556,50.13512],[4.95566,50.13588],[4.95382,50.13646],[4.95249,50.13703],[4.94291,50.14218],[4.93692,50.14312],[4.93297,50.14395],[4.93323,50.14552],[4.93497,50.14935],[4.93208,50.14978],[4.93082,50.1498],[4.92781,50.15007],[4.92781,50.15447],[4.92696,50.15735],[4.92641,50.15994],[4.92323,50.15996],[4.92336,50.16196],[4.92565,50.16371],[4.92361,50.16471],[4.92056,50.16306],[4.91938,50.16277],[4.91891,50.16341],[4.91802,50.16376],[4.91747,50.16436],[4.91603,50.16511],[4.91484,50.16527],[4.91272,50.16258],[4.91272,50.16252],[4.91078,50.16134],[4.90789,50.16161],[4.90624,50.16198],[4.90527,50.16182],[4.90259,50.16127],[4.8997,50.16149],[4.89912,50.16128],[4.89696,50.16099],[4.89612,50.1604],[4.89497,50.15988],[4.89416,50.15932],[4.89413,50.1588],[4.89442,50.15762],[4.89421,50.15716],[4.89319,50.15662],[4.89133,50.15649],[4.89095,50.15622],[4.88908,50.15581],[4.88832,50.15527],[4.88768,50.15538],[4.8873,50.15579],[4.88536,50.15584],[4.88455,50.1556],[4.88379,50.15505],[4.88307,50.15471],[4.88193,50.15384],[4.88153,50.15373],[4.8811,50.15311],[4.88072,50.15331],[4.87848,50.15344],[4.87759,50.15371]]]}},{"type":"Feature","id":"91015","bbox":[4.930648,49.842875,5.119599,50.016012],"properties":{"nis":"91015","name":"Bièvre","nameNl":"Bièvre","nameFr":"Bièvre","nameDe":"Bièvre","province":"namur","region":"wallonia","areaKm2":109.11},"geometry":{"type":"Polygon","coordinates":[[[5.09961,49.96183],[5.09827,49.96165],[5.09685,49.96165],[5.09495,49.96129],[5.09375,49.96129],[5.09071,49.96255],[5.08704,49.96479],[5.08351,49.96654],[5.08073,49.96689],[5.07899,49.96689],[5.07785,49.96828],[5.07655,49.96919],[5.07606,49.96927],[5.07503,49.96976],[5.07279,49.97046],[5.07082,49.9719],[5.06932,49.97254],[5.06772,49.97342],[5.06605,49.97556],[5.06562,49.97673],[5.06506,49.97959],[5.06694,49.98186],[5.06381,49.98235],[5.06298,49.98262],[5.06171,49.98322],[5.06088,49.98388],[5.06051,49.98442],[5.05772,49.98409],[5.05285,49.98337],[5.05244,49.98408],[5.05157,49.98527],[5.05175,49.98533],[5.05085,49.98661],[5.05007,49.98644],[5.04957,49.98675],[5.04862,49.98654],[5.04866,49.9862],[5.04777,49.986],[5.04658,49.98513],[5.0451,49.98356],[5.04441,49.98179],[5.04243,49.98123],[5.04243,49.98117],[5.03571,49.98054],[5.03235,49.97947],[5.03116,49.9784],[5.02651,49.97771],[5.02345,49.97827],[5.02113,49.97789],[5.0192,49.97752],[5.01722,49.97909],[5.01615,49.97878],[5.01517,49.97954],[5.01378,49.98011],[5.01123,49.98032],[5.0095,49.98118],[5.00878,49.98137],[5.00785,49.9824],[5.00712,49.98299],[5.00776,49.98401],[5.00721,49.98541],[5.00755,49.98646],[5.00755,49.98781],[5.00691,49.98867],[5.00645,49.98881],[5.00992,49.99129],[5.01039,49.99153],[5.01255,49.99239],[5.01255,49.99423],[5.01229,49.996],[5.01242,49.9973],[5.01145,49.99741],[5.00975,49.99716],[5.00903,49.99754],[5.00848,49.99816],[5.00403,50.00088],[5.00179,50.00315],[5.00081,50.00439],[4.99946,50.00554],[4.99857,50.00579],[4.99725,50.00581],[4.99556,50.00635],[4.99433,50.00713],[4.99437,50.00773],[4.99547,50.00894],[4.99653,50.00943],[4.99729,50.01153],[4.9978,50.01323],[4.99759,50.0139],[4.997,50.01428],[4.99693,50.01463],[4.9953,50.01511],[4.99395,50.01519],[4.9928,50.01538],[4.99123,50.01584],[4.99089,50.01601],[4.98727,50.01505],[4.98587,50.01241],[4.98579,50.01198],[4.98727,50.00904],[4.99032,50.00484],[4.99265,50.00282],[4.99337,50.00185],[4.99676,49.99924],[4.99735,49.99864],[4.99722,49.99808],[4.99591,49.99773],[4.99502,49.99713],[4.99473,49.99657],[4.99599,49.99501],[4.99693,49.99309],[4.99549,49.99204],[4.99409,49.99042],[4.99337,49.98889],[4.99163,49.988],[4.9918,49.98692],[4.99265,49.98641],[4.99286,49.98571],[4.99384,49.98517],[4.994,49.98452],[4.99485,49.98361],[4.99549,49.98269],[4.99587,49.9811],[4.99608,49.97814],[4.99599,49.97698],[5.00354,49.9762],[5.00456,49.97579],[5.00566,49.97487],[5.00667,49.97342],[5.00858,49.9728],[5.00943,49.97285],[5.0085,49.97161],[5.00765,49.97091],[5.00684,49.97053],[5.00396,49.96973],[5.00307,49.96954],[4.99993,49.96838],[4.99388,49.96628],[4.99362,49.96539],[4.99371,49.96461],[4.99502,49.96272],[4.99498,49.96073],[4.99773,49.95914],[4.99803,49.95787],[4.99629,49.95676],[4.9943,49.95601],[4.99498,49.95485],[4.99587,49.95418],[4.99566,49.95323],[4.99528,49.95253],[4.99515,49.95162],[4.994,49.95154],[4.99074,49.95054],[4.98905,49.95016],[4.98816,49.94917],[4.98701,49.94828],[4.98456,49.94712],[4.98057,49.94604],[4.97634,49.94483],[4.97621,49.94359],[4.97579,49.94308],[4.97676,49.94051],[4.97685,49.94051],[4.97731,49.93847],[4.97488,49.93589],[4.97419,49.93404],[4.97384,49.93343],[4.97186,49.93319],[4.96929,49.93406],[4.96717,49.93456],[4.96617,49.93249],[4.96481,49.93141],[4.96312,49.93073],[4.96109,49.93054],[4.95913,49.92917],[4.95808,49.92868],[4.95769,49.92804],[4.95625,49.92731],[4.95604,49.92685],[4.95358,49.92666],[4.95269,49.92599],[4.95125,49.92532],[4.94956,49.92491],[4.94926,49.92418],[4.94977,49.92292],[4.9485,49.92181],[4.94824,49.92092],[4.94752,49.92025],[4.94583,49.92001],[4.9452,49.91898],[4.94464,49.91791],[4.94306,49.9169],[4.94302,49.91642],[4.9445,49.91674],[4.94569,49.9172],[4.94726,49.91669],[4.94929,49.91523],[4.95052,49.91391],[4.95107,49.91243],[4.95251,49.91089],[4.95246,49.90945],[4.95128,49.90946],[4.94959,49.90901],[4.9485,49.90751],[4.94843,49.90638],[4.94755,49.90396],[4.94633,49.90345],[4.94518,49.90238],[4.94395,49.90162],[4.94332,49.90084],[4.94353,49.89995],[4.9445,49.89898],[4.94527,49.89874],[4.94522,49.89747],[4.94459,49.89726],[4.94175,49.89553],[4.94069,49.89556],[4.93904,49.89623],[4.93463,49.89542],[4.93323,49.89526],[4.93192,49.89451],[4.93166,49.89367],[4.93065,49.89316],[4.93082,49.89216],[4.93285,49.89041],[4.93374,49.89047],[4.93387,49.88998],[4.93281,49.88866],[4.93446,49.88809],[4.93476,49.88774],[4.93425,49.88586],[4.93438,49.88508],[4.93404,49.88459],[4.93421,49.88359],[4.93628,49.88341],[4.93535,49.88192],[4.93552,49.88141],[4.93679,49.88076],[4.93891,49.88058],[4.94141,49.88163],[4.94298,49.88168],[4.9445,49.88106],[4.94463,49.88014],[4.94518,49.8792],[4.94464,49.87818],[4.95391,49.87624],[4.96776,49.86611],[4.97478,49.85866],[4.97738,49.85766],[4.97686,49.85743],[4.9782,49.85676],[4.9786,49.85642],[4.97753,49.8556],[4.97536,49.85332],[4.97376,49.85188],[4.97467,49.84983],[4.97526,49.84929],[4.97582,49.84797],[4.97613,49.84752],[4.97717,49.84762],[4.97886,49.84702],[4.97988,49.8457],[4.97997,49.8457],[4.9809,49.84393],[4.9812,49.84288],[4.98227,49.84304],[4.98344,49.84299],[4.9846,49.84386],[4.98513,49.84475],[4.98637,49.84552],[4.9871,49.84586],[4.98791,49.84684],[4.98852,49.84737],[4.98864,49.84793],[4.98852,49.84858],[4.98892,49.84858],[4.9889,49.84983],[4.98936,49.8514],[4.98947,49.85285],[4.99573,49.85311],[4.99582,49.85405],[4.99621,49.85481],[4.99892,49.85639],[5.00021,49.85687],[5.00355,49.85748],[5.00488,49.85779],[5.00541,49.85778],[5.00916,49.85747],[5.00979,49.85746],[5.01127,49.85769],[5.0128,49.85815],[5.01469,49.85934],[5.01537,49.86026],[5.01622,49.86091],[5.01792,49.86196],[5.01972,49.86233],[5.021,49.86279],[5.02271,49.86375],[5.02379,49.86427],[5.02566,49.86546],[5.02584,49.86619],[5.02604,49.86832],[5.02634,49.87079],[5.0224,49.87072],[5.02186,49.87174],[5.02054,49.8729],[5.02173,49.87317],[5.023,49.87325],[5.02823,49.87325],[5.0338,49.87281],[5.03453,49.87322],[5.03509,49.87312],[5.03603,49.87325],[5.03737,49.87299],[5.0377,49.87398],[5.03954,49.87481],[5.04078,49.8751],[5.04192,49.87525],[5.04289,49.87553],[5.04458,49.87684],[5.04741,49.8786],[5.04746,49.87859],[5.05016,49.88012],[5.052,49.88079],[5.05429,49.88126],[5.05551,49.88142],[5.05774,49.88272],[5.06263,49.88633],[5.06237,49.8867],[5.06127,49.88665],[5.05599,49.88699],[5.05311,49.88728],[5.04963,49.88823],[5.04818,49.88819],[5.04693,49.8896],[5.04879,49.89],[5.04567,49.89082],[5.04486,49.89111],[5.04232,49.89229],[5.043,49.89246],[5.04422,49.89324],[5.04431,49.89369],[5.04596,49.89568],[5.04705,49.89719],[5.04685,49.89718],[5.04689,49.89781],[5.04659,49.89808],[5.04705,49.89815],[5.04731,49.89773],[5.048,49.89781],[5.0487,49.89759],[5.04946,49.89765],[5.05068,49.89811],[5.05226,49.89811],[5.05463,49.89761],[5.05599,49.89772],[5.05675,49.89768],[5.0572,49.89738],[5.0589,49.89811],[5.06263,49.9],[5.06412,49.90119],[5.0648,49.90138],[5.06565,49.90203],[5.06528,49.90205],[5.06477,49.90257],[5.06503,49.90307],[5.06472,49.90474],[5.06559,49.9066],[5.06641,49.90733],[5.06782,49.90812],[5.06963,49.9096],[5.07042,49.91008],[5.07138,49.91184],[5.07181,49.91197],[5.072,49.91252],[5.07325,49.91267],[5.07359,49.91294],[5.07415,49.91306],[5.07531,49.9129],[5.07604,49.91308],[5.07624,49.91274],[5.07684,49.91303],[5.07785,49.91312],[5.07816,49.91279],[5.07864,49.91303],[5.07943,49.91312],[5.08034,49.91286],[5.08124,49.91286],[5.08168,49.9134],[5.0846,49.91411],[5.08481,49.91472],[5.08663,49.9151],[5.08651,49.91613],[5.0874,49.91696],[5.08922,49.9172],[5.09117,49.91877],[5.09473,49.91923],[5.09591,49.91985],[5.0971,49.91982],[5.09837,49.92047],[5.10074,49.92055],[5.10265,49.92001],[5.10384,49.92012],[5.10464,49.92049],[5.10608,49.92041],[5.10808,49.92055],[5.10935,49.92033],[5.11032,49.92071],[5.11108,49.92068],[5.11248,49.92028],[5.11367,49.92003],[5.11607,49.92079],[5.1164,49.9207],[5.11726,49.92107],[5.11731,49.92138],[5.11824,49.92208],[5.11896,49.92235],[5.1196,49.92243],[5.11939,49.92321],[5.11782,49.92356],[5.11714,49.92324],[5.11621,49.92348],[5.11443,49.9241],[5.11303,49.92416],[5.11159,49.9244],[5.1099,49.92534],[5.10977,49.92583],[5.10985,49.92669],[5.11019,49.92739],[5.10964,49.92796],[5.10744,49.92855],[5.10468,49.92992],[5.1032,49.931],[5.10295,49.9317],[5.10142,49.93294],[5.09837,49.93677],[5.0982,49.93771],[5.09892,49.94035],[5.09888,49.94221],[5.09922,49.94299],[5.10261,49.94661],[5.10282,49.94801],[5.10244,49.94925],[5.10235,49.95091],[5.10248,49.95127],[5.10204,49.95204],[5.1013,49.95267],[5.10024,49.95617],[5.10091,49.95693],[5.1021,49.95949],[5.10236,49.96057],[5.1013,49.96129],[5.10037,49.96092],[5.09961,49.96183]]]}},{"type":"Feature","id":"91030","bbox":[5.002476,50.208465,5.261531,50.340432],"properties":{"nis":"91030","name":"Ciney","nameNl":"Ciney","nameFr":"Ciney","nameDe":"Ciney","province":"namur","region":"wallonia","areaKm2":147.59},"geometry":{"type":"Polygon","coordinates":[[[5.21427,50.2905],[5.21244,50.29134],[5.2102,50.29301],[5.20889,50.29415],[5.20774,50.29489],[5.20624,50.29356],[5.20593,50.29335],[5.20418,50.29265],[5.20297,50.29347],[5.19983,50.29479],[5.1981,50.29508],[5.19654,50.29557],[5.19478,50.29666],[5.19388,50.29743],[5.19353,50.29793],[5.18939,50.29951],[5.18853,50.30004],[5.18243,50.29819],[5.18151,50.29816],[5.17875,50.29969],[5.1643,50.31033],[5.16045,50.30934],[5.15675,50.3095],[5.15133,50.30951],[5.14547,50.31117],[5.14333,50.31195],[5.14336,50.31214],[5.14135,50.31248],[5.13881,50.31363],[5.13722,50.31286],[5.13702,50.31303],[5.13568,50.31229],[5.13376,50.31209],[5.12997,50.31199],[5.12488,50.31279],[5.12385,50.31303],[5.122,50.31309],[5.1206,50.31333],[5.11696,50.31496],[5.11573,50.31602],[5.11421,50.31531],[5.10537,50.32042],[5.1041,50.32123],[5.10198,50.32053],[5.10199,50.31997],[5.10373,50.31916],[5.10338,50.31886],[5.10328,50.31838],[5.10347,50.31791],[5.10318,50.31719],[5.10364,50.3169],[5.10141,50.31553],[5.10031,50.31615],[5.10016,50.31633],[5.09886,50.31862],[5.09757,50.32019],[5.09491,50.32423],[5.09462,50.32609],[5.09425,50.32659],[5.08995,50.32418],[5.08692,50.32681],[5.08528,50.3291],[5.08422,50.32995],[5.08164,50.33211],[5.08258,50.33254],[5.0826,50.33305],[5.0817,50.33421],[5.08074,50.33525],[5.08002,50.33531],[5.07943,50.33487],[5.07843,50.33394],[5.07754,50.33329],[5.07642,50.33229],[5.07541,50.33126],[5.07486,50.33083],[5.07404,50.33115],[5.07368,50.33105],[5.07303,50.33049],[5.07202,50.33016],[5.07125,50.33032],[5.07056,50.3303],[5.06933,50.32994],[5.06887,50.3296],[5.06884,50.32902],[5.06845,50.32878],[5.06665,50.3285],[5.06599,50.32853],[5.06584,50.32835],[5.06509,50.32819],[5.06495,50.32836],[5.0638,50.32848],[5.06342,50.32807],[5.06273,50.32791],[5.06266,50.32773],[5.0616,50.32739],[5.06053,50.32746],[5.05963,50.32709],[5.05952,50.32661],[5.05926,50.32638],[5.05948,50.32613],[5.05935,50.3256],[5.05854,50.3256],[5.05607,50.32521],[5.05648,50.32464],[5.05562,50.32457],[5.05594,50.32387],[5.05355,50.32354],[5.05438,50.32205],[5.05493,50.32126],[5.05557,50.32148],[5.05608,50.32086],[5.05708,50.32111],[5.0579,50.3198],[5.05545,50.31875],[5.05504,50.3197],[5.05221,50.31885],[5.04726,50.31687],[5.04572,50.31791],[5.04386,50.31926],[5.04083,50.32307],[5.04343,50.32389],[5.04243,50.32478],[5.04113,50.32547],[5.04057,50.32552],[5.03933,50.32623],[5.03839,50.32626],[5.03763,50.32613],[5.0382,50.32744],[5.03807,50.32789],[5.03766,50.32799],[5.03692,50.32788],[5.03687,50.32812],[5.03595,50.32983],[5.03535,50.33077],[5.03453,50.3317],[5.03954,50.33273],[5.03671,50.33776],[5.03407,50.34043],[5.03081,50.33905],[5.02735,50.33865],[5.02497,50.33743],[5.02567,50.33358],[5.02311,50.33296],[5.02222,50.32824],[5.02319,50.32665],[5.02337,50.32592],[5.02474,50.3231],[5.02049,50.3212],[5.02039,50.32166],[5.01795,50.3211],[5.01826,50.31934],[5.01793,50.31826],[5.01754,50.31825],[5.0155,50.31721],[5.01512,50.31679],[5.01445,50.31671],[5.01534,50.31512],[5.01579,50.31379],[5.01667,50.31402],[5.01745,50.3131],[5.01905,50.31353],[5.02003,50.31255],[5.02176,50.31317],[5.02303,50.3134],[5.02388,50.31265],[5.02301,50.31198],[5.0213,50.31095],[5.02102,50.31049],[5.00256,50.3],[5.00248,50.29995],[5.00416,50.29878],[5.00605,50.29717],[5.00755,50.29619],[5.00889,50.29502],[5.01036,50.29281],[5.01112,50.29211],[5.01344,50.29021],[5.01406,50.28994],[5.01522,50.29007],[5.01681,50.28947],[5.01761,50.28756],[5.01852,50.28583],[5.0223,50.28082],[5.03803,50.26497],[5.04792,50.25471],[5.0472,50.25425],[5.04554,50.25252],[5.04515,50.25102],[5.04396,50.25036],[5.04234,50.24968],[5.04223,50.24956],[5.04199,50.24815],[5.04115,50.2451],[5.03977,50.24294],[5.03761,50.23991],[5.0372,50.23787],[5.0374,50.23604],[5.03888,50.23649],[5.03983,50.23481],[5.04179,50.23526],[5.04225,50.23458],[5.04511,50.23076],[5.04729,50.22957],[5.05015,50.229],[5.05419,50.22566],[5.06281,50.22844],[5.06488,50.22856],[5.06617,50.22894],[5.06696,50.22831],[5.06933,50.22907],[5.0716,50.22668],[5.07408,50.22516],[5.07354,50.22505],[5.07398,50.22479],[5.07457,50.22475],[5.07609,50.22523],[5.07725,50.22429],[5.07858,50.22408],[5.07966,50.2235],[5.0806,50.22253],[5.08143,50.22081],[5.08347,50.21844],[5.08446,50.21605],[5.08535,50.21529],[5.08663,50.21498],[5.08896,50.21383],[5.09065,50.21434],[5.09218,50.21386],[5.09375,50.2121],[5.09455,50.21237],[5.09506,50.21159],[5.09552,50.21181],[5.09663,50.21068],[5.0976,50.21103],[5.09841,50.21111],[5.09819,50.20984],[5.0987,50.20898],[5.09997,50.20847],[5.1018,50.20865],[5.10124,50.20933],[5.09963,50.21003],[5.09904,50.21051],[5.09993,50.21065],[5.10429,50.21111],[5.1073,50.21194],[5.11887,50.21233],[5.12654,50.21248],[5.12938,50.21264],[5.13099,50.21251],[5.13236,50.21249],[5.13611,50.21267],[5.13816,50.21295],[5.14028,50.21363],[5.1458,50.21589],[5.14687,50.21642],[5.14945,50.21809],[5.15357,50.22081],[5.15594,50.22135],[5.15527,50.22771],[5.15611,50.22752],[5.15721,50.22779],[5.15798,50.22817],[5.15938,50.22859],[5.15963,50.22846],[5.16035,50.22902],[5.16044,50.22972],[5.16136,50.23005],[5.16217,50.23011],[5.16292,50.23002],[5.16373,50.23019],[5.16502,50.23087],[5.16531,50.23113],[5.16532,50.23152],[5.16576,50.23188],[5.1676,50.23275],[5.16836,50.23342],[5.16929,50.23358],[5.17026,50.23431],[5.17179,50.23533],[5.17259,50.2362],[5.17577,50.2377],[5.17641,50.23773],[5.17721,50.23827],[5.17793,50.23733],[5.17908,50.23665],[5.18052,50.23609],[5.18157,50.23595],[5.18243,50.23496],[5.18374,50.23423],[5.18746,50.23434],[5.19035,50.23458],[5.20721,50.23493],[5.20717,50.23407],[5.20933,50.23364],[5.21056,50.23409],[5.21149,50.23409],[5.21259,50.23366],[5.21433,50.23372],[5.21467,50.23291],[5.21711,50.22621],[5.21869,50.22372],[5.21994,50.22383],[5.21999,50.22401],[5.22087,50.22448],[5.22136,50.22427],[5.22166,50.22463],[5.22226,50.22466],[5.22377,50.22532],[5.2241,50.22573],[5.22505,50.22606],[5.22549,50.22605],[5.22607,50.22631],[5.22643,50.22697],[5.22765,50.22719],[5.22809,50.22763],[5.22859,50.22779],[5.22959,50.22654],[5.23108,50.22509],[5.23231,50.22381],[5.23296,50.22335],[5.23367,50.22267],[5.23395,50.22219],[5.2346,50.22161],[5.25773,50.22701],[5.25871,50.2274],[5.25765,50.22839],[5.26153,50.23016],[5.2603,50.23246],[5.25891,50.2341],[5.25732,50.23575],[5.25568,50.23665],[5.25344,50.23758],[5.25268,50.23783],[5.25202,50.23819],[5.25446,50.23962],[5.25495,50.23981],[5.25703,50.24105],[5.2594,50.24231],[5.25575,50.2464],[5.25525,50.2491],[5.25644,50.25352],[5.24942,50.25369],[5.24853,50.25482],[5.24487,50.25658],[5.24477,50.25671],[5.2425,50.25721],[5.23953,50.25979],[5.23805,50.26042],[5.23676,50.26224],[5.23419,50.26532],[5.23044,50.26463],[5.22806,50.26337],[5.22718,50.26444],[5.22283,50.26231],[5.22016,50.26161],[5.21966,50.26281],[5.21707,50.26513],[5.22006,50.2674],[5.21858,50.2701],[5.22184,50.27092],[5.22124,50.27256],[5.22579,50.27759],[5.22945,50.27922],[5.22876,50.28048],[5.23034,50.2823],[5.22984,50.28293],[5.22342,50.28218],[5.21828,50.28337],[5.21759,50.28633],[5.21427,50.2905]]]}},{"type":"Feature","id":"91034","bbox":[4.854427,50.180238,5.047919,50.304678],"properties":{"nis":"91034","name":"Dinant","nameNl":"Dinant","nameFr":"Dinant","nameDe":"Dinant","province":"namur","region":"wallonia","areaKm2":99.55},"geometry":{"type":"Polygon","coordinates":[[[5.00256,50.3],[4.99819,50.30177],[4.99479,50.30132],[4.99346,50.3008],[4.99322,50.30118],[4.99241,50.3018],[4.98787,50.30078],[4.98579,50.30009],[4.98283,50.29977],[4.97591,50.2987],[4.97591,50.29789],[4.96869,50.2982],[4.96859,50.29996],[4.96661,50.29984],[4.96503,50.29908],[4.96128,50.30208],[4.96009,50.30323],[4.95376,50.30468],[4.95149,50.30304],[4.94595,50.30311],[4.94239,50.30179],[4.94032,50.30355],[4.93518,50.30053],[4.93241,50.30065],[4.92845,50.29883],[4.92498,50.29768],[4.92483,50.2966],[4.92492,50.29572],[4.92534,50.29568],[4.92515,50.2951],[4.92461,50.29444],[4.92371,50.29385],[4.92172,50.29366],[4.91858,50.29294],[4.91779,50.29258],[4.918,50.29227],[4.91821,50.2909],[4.91744,50.29111],[4.91653,50.29094],[4.9159,50.29049],[4.91536,50.29045],[4.91458,50.29061],[4.9136,50.29052],[4.91239,50.29008],[4.91165,50.28999],[4.91032,50.29006],[4.90582,50.28928],[4.90336,50.28891],[4.90187,50.28843],[4.90051,50.28808],[4.89689,50.28888],[4.89643,50.28767],[4.89636,50.28723],[4.89654,50.28639],[4.89675,50.28224],[4.89685,50.28113],[4.89419,50.28091],[4.89339,50.28372],[4.89314,50.28495],[4.89302,50.28618],[4.89302,50.28797],[4.89358,50.29035],[4.89456,50.29172],[4.89563,50.29403],[4.89365,50.29367],[4.8933,50.29309],[4.88257,50.29206],[4.88518,50.29048],[4.88511,50.2899],[4.88384,50.28945],[4.88285,50.28932],[4.88304,50.28903],[4.88278,50.28882],[4.8813,50.2886],[4.8813,50.28824],[4.88271,50.28797],[4.88455,50.28748],[4.88504,50.28703],[4.88356,50.28644],[4.88384,50.2859],[4.88609,50.28658],[4.88994,50.28256],[4.88998,50.28256],[4.89189,50.27682],[4.89193,50.27682],[4.89367,50.27423],[4.89375,50.27154],[4.89299,50.27122],[4.89252,50.27173],[4.89146,50.27213],[4.89049,50.27213],[4.89036,50.27259],[4.88935,50.27259],[4.88939,50.27313],[4.8863,50.27334],[4.88596,50.27364],[4.88384,50.27372],[4.87282,50.26917],[4.87075,50.26806],[4.86913,50.26756],[4.86863,50.26693],[4.86931,50.26672],[4.86812,50.26556],[4.86956,50.2648],[4.86871,50.26391],[4.87541,50.26164],[4.87701,50.26118],[4.87806,50.26096],[4.87947,50.26085],[4.88087,50.26087],[4.87947,50.25917],[4.8788,50.2592],[4.87744,50.25771],[4.87494,50.25728],[4.87439,50.25613],[4.87316,50.2555],[4.87253,50.25545],[4.87223,50.25513],[4.87376,50.25459],[4.87447,50.25375],[4.87799,50.253],[4.87799,50.25219],[4.87871,50.25187],[4.88291,50.25143],[4.88507,50.25108],[4.88541,50.25049],[4.88409,50.24925],[4.88346,50.24842],[4.88312,50.24747],[4.88225,50.24707],[4.88484,50.24742],[4.88742,50.24607],[4.89378,50.24564],[4.89848,50.2451],[4.90035,50.24475],[4.89967,50.24429],[4.89691,50.24367],[4.89421,50.24317],[4.89289,50.2423],[4.89317,50.24113],[4.88976,50.23974],[4.88865,50.23896],[4.88859,50.23762],[4.88891,50.23629],[4.88823,50.23472],[4.88797,50.23127],[4.88802,50.23127],[4.88887,50.22863],[4.89086,50.2254],[4.89196,50.22435],[4.89242,50.22343],[4.89225,50.22244],[4.89149,50.22125],[4.8909,50.22066],[4.88747,50.21842],[4.88641,50.21802],[4.88505,50.21785],[4.87721,50.21715],[4.87725,50.2171],[4.87552,50.21683],[4.8742,50.21643],[4.87251,50.21551],[4.87132,50.2143],[4.86959,50.20963],[4.87065,50.20939],[4.87043,50.20832],[4.87082,50.20821],[4.87111,50.20861],[4.87192,50.20826],[4.87149,50.20791],[4.87196,50.20627],[4.87183,50.20395],[4.87137,50.204],[4.87082,50.20328],[4.86848,50.2019],[4.86912,50.20158],[4.86959,50.20077],[4.86925,50.19932],[4.86861,50.19837],[4.86717,50.19832],[4.86497,50.19799],[4.85909,50.1939],[4.85832,50.19332],[4.8577,50.19259],[4.8585,50.19237],[4.85878,50.1919],[4.85878,50.19048],[4.85688,50.18937],[4.857,50.18921],[4.85679,50.18862],[4.85514,50.18759],[4.85472,50.18659],[4.8548,50.18608],[4.85443,50.18567],[4.85747,50.18514],[4.86135,50.18465],[4.86039,50.18296],[4.85997,50.18115],[4.86142,50.18129],[4.86316,50.18086],[4.87193,50.18229],[4.87235,50.18161],[4.87316,50.18172],[4.8737,50.18134],[4.8751,50.18185],[4.87744,50.18172],[4.87837,50.18118],[4.87939,50.18202],[4.87922,50.1825],[4.88074,50.18266],[4.88366,50.18204],[4.88375,50.18167],[4.88764,50.18177],[4.88981,50.18242],[4.89273,50.18193],[4.89383,50.18191],[4.89544,50.18161],[4.89938,50.18185],[4.90075,50.1815],[4.9029,50.18148],[4.90777,50.18247],[4.91044,50.18024],[4.92828,50.1991],[4.93035,50.19899],[4.93027,50.1994],[4.92891,50.20002],[4.92824,50.20112],[4.92891,50.20088],[4.93006,50.20083],[4.93277,50.20204],[4.93285,50.20357],[4.93539,50.20379],[4.93548,50.20482],[4.93726,50.20576],[4.93591,50.20681],[4.93595,50.20719],[4.93476,50.20802],[4.93451,50.21174],[4.93353,50.21198],[4.93366,50.21266],[4.93315,50.2129],[4.93366,50.21382],[4.93294,50.21435],[4.93158,50.21665],[4.93264,50.21743],[4.93366,50.21748],[4.93476,50.21713],[4.93625,50.21716],[4.93739,50.21789],[4.93951,50.2184],[4.94082,50.21877],[4.94175,50.21961],[4.94277,50.22066],[4.944,50.22077],[4.94514,50.22109],[4.94692,50.22171],[4.94828,50.22182],[4.95014,50.22139],[4.95099,50.22096],[4.95141,50.21643],[4.95031,50.21419],[4.94891,50.21411],[4.94887,50.21344],[4.94938,50.2122],[4.94866,50.21088],[4.94921,50.21021],[4.95095,50.20964],[4.9537,50.20932],[4.9551,50.20937],[4.95578,50.21053],[4.95671,50.21325],[4.95756,50.214],[4.95861,50.21403],[4.95785,50.21519],[4.96069,50.21592],[4.96192,50.21538],[4.9623,50.21484],[4.96069,50.21368],[4.96086,50.21185],[4.96128,50.21185],[4.96217,50.21061],[4.96171,50.21015],[4.96204,50.20948],[4.96196,50.20797],[4.96217,50.20522],[4.96171,50.20449],[4.9623,50.20419],[4.96069,50.20366],[4.96078,50.20304],[4.95853,50.20201],[4.95688,50.20074],[4.95624,50.20064],[4.95726,50.19953],[4.96184,50.20199],[4.96217,50.20252],[4.96306,50.20312],[4.96476,50.20374],[4.96527,50.20428],[4.96518,50.20506],[4.96472,50.20635],[4.96446,50.20746],[4.96353,50.20899],[4.96327,50.21185],[4.96455,50.21144],[4.96692,50.21134],[4.96819,50.2118],[4.969,50.21249],[4.96963,50.214],[4.97008,50.21423],[4.96859,50.21598],[4.97047,50.22718],[4.98243,50.23001],[4.98144,50.23164],[4.98292,50.23277],[4.98718,50.2312],[4.98678,50.23057],[4.98985,50.22938],[4.99064,50.22661],[4.99202,50.22617],[4.9939,50.22712],[4.99489,50.22473],[4.99489,50.2246],[4.99677,50.22542],[4.99904,50.22567],[5.00003,50.22686],[5.00151,50.22793],[5.00033,50.2285],[4.99934,50.23001],[4.99736,50.23146],[4.99785,50.23202],[4.99956,50.23201],[4.99934,50.23416],[5.00033,50.23516],[5.00013,50.2363],[5.00092,50.23699],[5.00151,50.24019],[5.00003,50.24202],[5.00102,50.24221],[5.00003,50.24466],[4.99795,50.24623],[5.00121,50.24604],[5.003,50.24699],[5.00873,50.24787],[5.00843,50.24869],[5.01249,50.25],[5.01545,50.25051],[5.02307,50.24699],[5.02672,50.24787],[5.02969,50.24787],[5.03493,50.24956],[5.03542,50.24894],[5.04076,50.25139],[5.04234,50.24968],[5.04396,50.25036],[5.04515,50.25102],[5.04554,50.25252],[5.0472,50.25425],[5.04792,50.25471],[5.03803,50.26497],[5.0223,50.28082],[5.01852,50.28583],[5.01761,50.28756],[5.01681,50.28947],[5.01522,50.29007],[5.01406,50.28994],[5.01344,50.29021],[5.01112,50.29211],[5.01036,50.29281],[5.00889,50.29502],[5.00755,50.29619],[5.00605,50.29717],[5.00416,50.29878],[5.00248,50.29995],[5.00256,50.3]]]}},{"type":"Feature","id":"91054","bbox":[4.790163,49.916903,5.009427,50.051645],"properties":{"nis":"91054","name":"Gedinne","nameNl":"Gedinne","nameFr":"Gedinne","nameDe":"Gedinne","province":"namur","region":"wallonia","areaKm2":151.18},"geometry":{"type":"Polygon","coordinates":[[[4.84144,50.04262],[4.84097,50.04077],[4.84149,50.03966],[4.84063,50.03779],[4.83874,50.03647],[4.83496,50.0346],[4.82999,50.03426],[4.82896,50.03283],[4.82776,50.0304],[4.82621,50.02875],[4.82346,50.0282],[4.82261,50.0271],[4.82003,50.02588],[4.82037,50.02423],[4.82123,50.02324],[4.82244,50.02202],[4.8202,50.02125],[4.81849,50.02026],[4.81849,50.01894],[4.81797,50.01651],[4.81677,50.01507],[4.81883,50.01441],[4.82003,50.01276],[4.82106,50.01176],[4.81952,50.0089],[4.81643,50.00283],[4.81591,50.00106],[4.81591,49.99863],[4.81917,49.99522],[4.81488,49.99157],[4.81385,49.98926],[4.81059,49.98815],[4.80698,49.98484],[4.80681,49.98418],[4.80424,49.98296],[4.80064,49.98274],[4.79755,49.98285],[4.79463,49.98263],[4.79325,49.98186],[4.79497,49.97811],[4.79497,49.97579],[4.79325,49.97424],[4.79222,49.97314],[4.79136,49.97093],[4.79033,49.96983],[4.79016,49.9674],[4.79085,49.96254],[4.7905,49.96044],[4.79119,49.95978],[4.79117,49.958],[4.7916,49.95793],[4.79313,49.9581],[4.79583,49.95817],[4.79633,49.95811],[4.79847,49.9573],[4.79989,49.95681],[4.80031,49.95655],[4.80106,49.95639],[4.80201,49.95593],[4.80312,49.95573],[4.80397,49.95538],[4.80474,49.95523],[4.80654,49.9545],[4.80704,49.95441],[4.80806,49.95446],[4.80959,49.95437],[4.81161,49.95453],[4.81299,49.95455],[4.81513,49.95409],[4.81827,49.95306],[4.81913,49.95259],[4.82001,49.95234],[4.82057,49.95205],[4.82202,49.95175],[4.82312,49.95165],[4.82569,49.95177],[4.82667,49.95168],[4.82717,49.95139],[4.82833,49.95013],[4.82963,49.94954],[4.83059,49.94945],[4.8326,49.94941],[4.83387,49.95013],[4.83474,49.95044],[4.83636,49.95057],[4.83757,49.95058],[4.83882,49.95114],[4.83975,49.95123],[4.84068,49.95111],[4.84169,49.95049],[4.84245,49.95038],[4.84426,49.94983],[4.84542,49.94971],[4.8464,49.94972],[4.84693,49.94949],[4.84694,49.94912],[4.84852,49.94834],[4.849,49.94819],[4.84912,49.94777],[4.85008,49.94635],[4.85127,49.94378],[4.85221,49.94264],[4.8532,49.9413],[4.85367,49.93949],[4.85394,49.93912],[4.85406,49.93855],[4.85484,49.93778],[4.85543,49.9365],[4.85647,49.93526],[4.85669,49.93477],[4.85855,49.93241],[4.85914,49.9319],[4.86089,49.93156],[4.86205,49.93101],[4.86413,49.93028],[4.86504,49.92984],[4.86588,49.9296],[4.86763,49.92895],[4.86922,49.92813],[4.86874,49.92787],[4.86941,49.92766],[4.87101,49.92734],[4.87319,49.92598],[4.8757,49.92474],[4.87693,49.92545],[4.87866,49.92453],[4.88213,49.92359],[4.88226,49.92399],[4.88582,49.92396],[4.88709,49.92348],[4.88756,49.92299],[4.8887,49.92294],[4.88968,49.9234],[4.8909,49.92329],[4.89137,49.92388],[4.89188,49.92477],[4.89285,49.92528],[4.89451,49.92558],[4.89506,49.92601],[4.8965,49.92607],[4.89726,49.92571],[4.90014,49.9248],[4.90158,49.92391],[4.90243,49.92547],[4.90408,49.9258],[4.90578,49.92634],[4.90713,49.92698],[4.90806,49.92774],[4.91065,49.9269],[4.91099,49.92768],[4.91154,49.92768],[4.91188,49.92811],[4.9109,49.92873],[4.91239,49.92933],[4.91252,49.93032],[4.91378,49.93092],[4.91497,49.93092],[4.9173,49.93051],[4.9201,49.92995],[4.92098,49.92853],[4.92054,49.92392],[4.92171,49.92421],[4.9237,49.92415],[4.92577,49.92485],[4.92671,49.92528],[4.92726,49.92531],[4.92832,49.92555],[4.92874,49.9252],[4.92963,49.92523],[4.93128,49.92429],[4.93298,49.92386],[4.9334,49.92334],[4.93514,49.92254],[4.93734,49.92369],[4.94222,49.91744],[4.94306,49.9169],[4.94464,49.91791],[4.9452,49.91898],[4.94583,49.92001],[4.94752,49.92025],[4.94824,49.92092],[4.9485,49.92181],[4.94977,49.92292],[4.94926,49.92418],[4.94956,49.92491],[4.95125,49.92532],[4.95269,49.92599],[4.95358,49.92666],[4.95604,49.92685],[4.95625,49.92731],[4.95769,49.92804],[4.95808,49.92868],[4.95913,49.92917],[4.96109,49.93054],[4.96312,49.93073],[4.96481,49.93141],[4.96617,49.93249],[4.96717,49.93456],[4.96929,49.93406],[4.97186,49.93319],[4.97384,49.93343],[4.97419,49.93404],[4.97488,49.93589],[4.97731,49.93847],[4.97685,49.94051],[4.97676,49.94051],[4.97579,49.94308],[4.97621,49.94359],[4.97634,49.94483],[4.98057,49.94604],[4.98456,49.94712],[4.98701,49.94828],[4.98816,49.94917],[4.98905,49.95016],[4.99074,49.95054],[4.994,49.95154],[4.99515,49.95162],[4.99528,49.95253],[4.99566,49.95323],[4.99587,49.95418],[4.99498,49.95485],[4.9943,49.95601],[4.99629,49.95676],[4.99803,49.95787],[4.99773,49.95914],[4.99498,49.96073],[4.99502,49.96272],[4.99371,49.96461],[4.99362,49.96539],[4.99388,49.96628],[4.99993,49.96838],[5.00307,49.96954],[5.00396,49.96973],[5.00684,49.97053],[5.00765,49.97091],[5.0085,49.97161],[5.00943,49.97285],[5.00858,49.9728],[5.00667,49.97342],[5.00566,49.97487],[5.00456,49.97579],[5.00354,49.9762],[4.99599,49.97698],[4.99608,49.97814],[4.99587,49.9811],[4.99549,49.98269],[4.99485,49.98361],[4.994,49.98452],[4.99384,49.98517],[4.99286,49.98571],[4.99265,49.98641],[4.9918,49.98692],[4.99163,49.988],[4.99337,49.98889],[4.99409,49.99042],[4.99549,49.99204],[4.99693,49.99309],[4.99599,49.99501],[4.99473,49.99657],[4.99502,49.99713],[4.99591,49.99773],[4.99722,49.99808],[4.99735,49.99864],[4.99676,49.99924],[4.99337,50.00185],[4.99265,50.00282],[4.99032,50.00484],[4.98727,50.00904],[4.98579,50.01198],[4.98587,50.01241],[4.98727,50.01505],[4.99089,50.01601],[4.99032,50.01683],[4.99006,50.01692],[4.98884,50.01794],[4.98801,50.01825],[4.98789,50.01863],[4.98622,50.02005],[4.98527,50.02154],[4.98269,50.02414],[4.98032,50.02508],[4.9796,50.02514],[4.97375,50.02831],[4.97303,50.02889],[4.971,50.02943],[4.97029,50.02975],[4.96837,50.02954],[4.96709,50.02911],[4.96288,50.02848],[4.96093,50.02726],[4.95547,50.02616],[4.95259,50.0248],[4.94713,50.02466],[4.94207,50.02205],[4.94163,50.01914],[4.93944,50.01803],[4.93821,50.01808],[4.93687,50.0177],[4.9363,50.01851],[4.93571,50.01899],[4.93467,50.02094],[4.93483,50.02187],[4.9342,50.0235],[4.93544,50.02356],[4.93775,50.02434],[4.93893,50.02538],[4.93886,50.02607],[4.93907,50.02729],[4.94036,50.02898],[4.94431,50.02989],[4.94629,50.0318],[4.9492,50.03321],[4.95158,50.03571],[4.95292,50.0366],[4.95447,50.03776],[4.96232,50.03946],[4.96281,50.04245],[4.96451,50.04488],[4.96497,50.04624],[4.96512,50.04705],[4.96555,50.04775],[4.96463,50.04785],[4.96175,50.04795],[4.94607,50.04582],[4.93532,50.0455],[4.93355,50.04238],[4.93106,50.04289],[4.92973,50.04328],[4.92716,50.04453],[4.92723,50.04457],[4.92595,50.04636],[4.9232,50.04973],[4.92088,50.05124],[4.91893,50.05164],[4.91529,50.05061],[4.91156,50.04963],[4.90597,50.04758],[4.90454,50.04764],[4.90206,50.04719],[4.90071,50.04642],[4.90053,50.04447],[4.89778,50.04178],[4.89396,50.03773],[4.89102,50.03713],[4.89015,50.03798],[4.88905,50.03835],[4.88688,50.03753],[4.88585,50.03665],[4.8854,50.03718],[4.88416,50.03701],[4.88257,50.03755],[4.88161,50.03835],[4.88044,50.03843],[4.87949,50.03908],[4.87891,50.04022],[4.87788,50.04065],[4.87673,50.04083],[4.87462,50.04046],[4.87321,50.03985],[4.87307,50.03934],[4.87202,50.03852],[4.87121,50.03799],[4.87023,50.03787],[4.86289,50.03868],[4.8621,50.03837],[4.86239,50.03679],[4.86085,50.03561],[4.85788,50.03529],[4.85694,50.03574],[4.8567,50.0369],[4.85577,50.03815],[4.85414,50.03908],[4.85355,50.03957],[4.85155,50.04021],[4.85015,50.04031],[4.84917,50.0431],[4.84852,50.04394],[4.84747,50.04427],[4.84595,50.04436],[4.84315,50.0422],[4.84144,50.04262]]]}},{"type":"Feature","id":"91059","bbox":[5.024183,50.290501,5.238149,50.383513],"properties":{"nis":"91059","name":"Hamois","nameNl":"Hamois","nameFr":"Hamois","nameDe":"Hamois","province":"namur","region":"wallonia","areaKm2":76.16},"geometry":{"type":"Polygon","coordinates":[[[5.12997,50.38351],[5.1296,50.38336],[5.12761,50.38206],[5.12942,50.38072],[5.12751,50.37983],[5.12681,50.38044],[5.12185,50.37843],[5.11973,50.378],[5.11919,50.37831],[5.11835,50.37927],[5.11676,50.38032],[5.11664,50.38076],[5.11621,50.3812],[5.11298,50.38001],[5.11137,50.37959],[5.11031,50.37939],[5.10948,50.3786],[5.10783,50.3778],[5.1062,50.37727],[5.10064,50.37501],[5.09888,50.3741],[5.09724,50.37313],[5.09576,50.372],[5.0921,50.37036],[5.09652,50.36686],[5.09693,50.36704],[5.09752,50.36659],[5.09778,50.36672],[5.09956,50.36524],[5.10025,50.36535],[5.1009,50.36468],[5.09997,50.36457],[5.09694,50.36344],[5.09728,50.36293],[5.0977,50.36261],[5.08647,50.35826],[5.08646,50.35829],[5.08291,50.35678],[5.08123,50.35464],[5.08093,50.3559],[5.07935,50.35534],[5.07935,50.35471],[5.07668,50.35339],[5.07618,50.35389],[5.0746,50.3532],[5.07312,50.3537],[5.07025,50.35118],[5.06857,50.35068],[5.06679,50.35225],[5.06788,50.35301],[5.06669,50.35401],[5.06561,50.3537],[5.06403,50.35458],[5.06462,50.35515],[5.06373,50.35571],[5.06096,50.35515],[5.05789,50.35754],[5.05523,50.36018],[5.05355,50.36156],[5.05295,50.36244],[5.04999,50.36363],[5.04188,50.35958],[5.04137,50.35906],[5.03595,50.3564],[5.02893,50.35382],[5.02418,50.35282],[5.02527,50.3498],[5.02952,50.34597],[5.0352,50.34688],[5.0359,50.34625],[5.03675,50.34586],[5.03931,50.34376],[5.03595,50.34263],[5.03239,50.34181],[5.03407,50.34043],[5.03671,50.33776],[5.03954,50.33273],[5.03453,50.3317],[5.03535,50.33077],[5.03595,50.32983],[5.03687,50.32812],[5.03692,50.32788],[5.03766,50.32799],[5.03807,50.32789],[5.0382,50.32744],[5.03763,50.32613],[5.03839,50.32626],[5.03933,50.32623],[5.04057,50.32552],[5.04113,50.32547],[5.04243,50.32478],[5.04343,50.32389],[5.04083,50.32307],[5.04386,50.31926],[5.04572,50.31791],[5.04726,50.31687],[5.05221,50.31885],[5.05504,50.3197],[5.05545,50.31875],[5.0579,50.3198],[5.05708,50.32111],[5.05608,50.32086],[5.05557,50.32148],[5.05493,50.32126],[5.05438,50.32205],[5.05355,50.32354],[5.05594,50.32387],[5.05562,50.32457],[5.05648,50.32464],[5.05607,50.32521],[5.05854,50.3256],[5.05935,50.3256],[5.05948,50.32613],[5.05926,50.32638],[5.05952,50.32661],[5.05963,50.32709],[5.06053,50.32746],[5.0616,50.32739],[5.06266,50.32773],[5.06273,50.32791],[5.06342,50.32807],[5.0638,50.32848],[5.06495,50.32836],[5.06509,50.32819],[5.06584,50.32835],[5.06599,50.32853],[5.06665,50.3285],[5.06845,50.32878],[5.06884,50.32902],[5.06887,50.3296],[5.06933,50.32994],[5.07056,50.3303],[5.07125,50.33032],[5.07202,50.33016],[5.07303,50.33049],[5.07368,50.33105],[5.07404,50.33115],[5.07486,50.33083],[5.07541,50.33126],[5.07642,50.33229],[5.07754,50.33329],[5.07843,50.33394],[5.07943,50.33487],[5.08002,50.33531],[5.08074,50.33525],[5.0817,50.33421],[5.0826,50.33305],[5.08258,50.33254],[5.08164,50.33211],[5.08422,50.32995],[5.08528,50.3291],[5.08692,50.32681],[5.08995,50.32418],[5.09425,50.32659],[5.09462,50.32609],[5.09491,50.32423],[5.09757,50.32019],[5.09886,50.31862],[5.10016,50.31633],[5.10031,50.31615],[5.10141,50.31553],[5.10364,50.3169],[5.10318,50.31719],[5.10347,50.31791],[5.10328,50.31838],[5.10338,50.31886],[5.10373,50.31916],[5.10199,50.31997],[5.10198,50.32053],[5.1041,50.32123],[5.10537,50.32042],[5.11421,50.31531],[5.11573,50.31602],[5.11696,50.31496],[5.1206,50.31333],[5.122,50.31309],[5.12385,50.31303],[5.12488,50.31279],[5.12997,50.31199],[5.13376,50.31209],[5.13568,50.31229],[5.13702,50.31303],[5.13722,50.31286],[5.13881,50.31363],[5.14135,50.31248],[5.14336,50.31214],[5.14333,50.31195],[5.14547,50.31117],[5.15133,50.30951],[5.15675,50.3095],[5.16045,50.30934],[5.1643,50.31033],[5.17875,50.29969],[5.18151,50.29816],[5.18243,50.29819],[5.18853,50.30004],[5.18939,50.29951],[5.19353,50.29793],[5.19388,50.29743],[5.19478,50.29666],[5.19654,50.29557],[5.1981,50.29508],[5.19983,50.29479],[5.20297,50.29347],[5.20418,50.29265],[5.20593,50.29335],[5.20624,50.29356],[5.20774,50.29489],[5.20889,50.29415],[5.2102,50.29301],[5.21244,50.29134],[5.21427,50.2905],[5.21576,50.2912],[5.21645,50.29184],[5.21726,50.29133],[5.21811,50.29157],[5.21831,50.29192],[5.21996,50.29251],[5.22297,50.29396],[5.2252,50.29449],[5.22762,50.29484],[5.22992,50.29456],[5.23166,50.29459],[5.23202,50.29447],[5.23279,50.29458],[5.23216,50.29518],[5.23248,50.29538],[5.23207,50.29574],[5.23244,50.29603],[5.23259,50.29786],[5.2334,50.29925],[5.23539,50.30084],[5.23815,50.30379],[5.23691,50.30484],[5.23386,50.30817],[5.23197,50.31042],[5.23659,50.31305],[5.23099,50.31649],[5.2305,50.31723],[5.22878,50.32028],[5.22683,50.32286],[5.22609,50.32214],[5.22435,50.32156],[5.21989,50.32071],[5.22072,50.31979],[5.21937,50.31915],[5.2179,50.31868],[5.21444,50.31739],[5.21353,50.31887],[5.21084,50.32025],[5.21066,50.32086],[5.22001,50.3269],[5.21576,50.32993],[5.21439,50.33105],[5.21394,50.33166],[5.21394,50.33198],[5.21277,50.3337],[5.21182,50.33665],[5.20964,50.33835],[5.20892,50.33998],[5.21411,50.34265],[5.21282,50.34433],[5.21167,50.34548],[5.21003,50.347],[5.2072,50.34886],[5.20728,50.35025],[5.20827,50.35087],[5.21047,50.35235],[5.2122,50.35372],[5.20734,50.35459],[5.20659,50.35467],[5.20586,50.35427],[5.20298,50.35306],[5.20213,50.35275],[5.19846,50.35443],[5.19564,50.35602],[5.19303,50.35487],[5.19213,50.3555],[5.19338,50.35616],[5.19139,50.35805],[5.1871,50.35883],[5.18234,50.35702],[5.18033,50.35993],[5.17842,50.36262],[5.17754,50.36376],[5.17539,50.36443],[5.17457,50.36614],[5.17298,50.36551],[5.16839,50.36892],[5.16455,50.36706],[5.16203,50.36855],[5.16138,50.36811],[5.15917,50.36888],[5.15874,50.36856],[5.15737,50.36937],[5.15647,50.36877],[5.15669,50.36857],[5.15623,50.36849],[5.15388,50.37022],[5.15245,50.37114],[5.14919,50.37266],[5.14727,50.37143],[5.14447,50.37369],[5.14317,50.37309],[5.14491,50.37145],[5.14387,50.37089],[5.1428,50.37164],[5.14117,50.37112],[5.13993,50.37234],[5.1405,50.37335],[5.13986,50.37387],[5.13852,50.37447],[5.13743,50.37404],[5.13598,50.37322],[5.1346,50.37467],[5.13237,50.37646],[5.13419,50.37757],[5.13686,50.37889],[5.13473,50.38057],[5.13363,50.38136],[5.13415,50.38157],[5.13294,50.38261],[5.13172,50.38206],[5.12997,50.38351]]]}},{"type":"Feature","id":"91064","bbox":[5.129974,50.294079,5.363184,50.417279],"properties":{"nis":"91064","name":"Havelange","nameNl":"Havelange","nameFr":"Havelange","nameDe":"Havelange","province":"namur","region":"wallonia","areaKm2":104.49},"geometry":{"type":"Polygon","coordinates":[[[5.34645,50.38651],[5.34536,50.38627],[5.34085,50.38298],[5.33738,50.38053],[5.33038,50.37768],[5.31905,50.37302],[5.31806,50.37285],[5.30874,50.37118],[5.30723,50.37031],[5.30576,50.36935],[5.30193,50.36771],[5.29717,50.36495],[5.29631,50.3665],[5.29306,50.36968],[5.28805,50.37434],[5.2848,50.3769],[5.2834,50.37615],[5.28217,50.37704],[5.28245,50.37742],[5.28105,50.37824],[5.28099,50.38252],[5.28089,50.38646],[5.28018,50.3875],[5.27925,50.38913],[5.28055,50.39],[5.28113,50.39025],[5.28293,50.39154],[5.28285,50.39154],[5.28655,50.39406],[5.28741,50.39451],[5.28684,50.39476],[5.28017,50.39649],[5.27577,50.39438],[5.27569,50.3959],[5.2749,50.3974],[5.27502,50.39795],[5.27446,50.39897],[5.27339,50.39894],[5.27043,50.39862],[5.26895,50.40076],[5.2682,50.40085],[5.26486,50.40061],[5.26389,50.40042],[5.26259,50.40102],[5.26145,50.40188],[5.26167,50.40199],[5.26002,50.40342],[5.25756,50.40226],[5.25687,50.40206],[5.25587,50.40132],[5.25502,50.40103],[5.25457,50.40062],[5.25387,50.40029],[5.2531,50.4008],[5.24833,50.4025],[5.24254,50.40269],[5.23693,50.40298],[5.2346,50.4039],[5.23368,50.40418],[5.23323,50.40688],[5.22955,50.40849],[5.22673,50.41141],[5.22394,50.41437],[5.2211,50.41728],[5.21956,50.41641],[5.21827,50.41548],[5.21538,50.41239],[5.21149,50.41059],[5.21008,50.41095],[5.20824,50.4118],[5.20542,50.41391],[5.20019,50.4123],[5.19963,50.41153],[5.20132,50.40911],[5.20246,50.40708],[5.20521,50.4048],[5.20111,50.40255],[5.20274,50.40003],[5.20337,50.39922],[5.20457,50.39873],[5.20224,50.39765],[5.20132,50.39819],[5.20069,50.39797],[5.20055,50.39851],[5.19807,50.39869],[5.1961,50.399],[5.19278,50.40159],[5.19232,50.40155],[5.19166,50.40119],[5.19087,50.40039],[5.1908,50.39996],[5.18882,50.40093],[5.18805,50.40044],[5.186,50.39967],[5.18445,50.4012],[5.18699,50.40224],[5.1841,50.40511],[5.18219,50.40457],[5.18162,50.40529],[5.18028,50.40488],[5.1783,50.40408],[5.17724,50.40322],[5.17658,50.40361],[5.1728,50.40152],[5.17121,50.40027],[5.16987,50.40103],[5.1684,50.4017],[5.16743,50.40157],[5.1667,50.40192],[5.16581,50.40161],[5.16467,50.40188],[5.16351,50.40243],[5.16333,50.40274],[5.16347,50.40327],[5.16291,50.4039],[5.16157,50.40336],[5.16023,50.4043],[5.15945,50.40466],[5.15994,50.4052],[5.15959,50.4055],[5.15861,50.40565],[5.15458,50.40682],[5.15129,50.40789],[5.14984,50.40718],[5.14646,50.40623],[5.1436,50.40472],[5.13925,50.40258],[5.13658,50.40189],[5.13796,50.39988],[5.13253,50.39774],[5.13292,50.39686],[5.13154,50.39636],[5.13391,50.39384],[5.13213,50.39283],[5.1347,50.39051],[5.13638,50.3912],[5.13806,50.38912],[5.1344,50.38774],[5.13569,50.38724],[5.13322,50.38648],[5.1344,50.38529],[5.13084,50.3839],[5.12997,50.38351],[5.13172,50.38206],[5.13294,50.38261],[5.13415,50.38157],[5.13363,50.38136],[5.13473,50.38057],[5.13686,50.37889],[5.13419,50.37757],[5.13237,50.37646],[5.1346,50.37467],[5.13598,50.37322],[5.13743,50.37404],[5.13852,50.37447],[5.13986,50.37387],[5.1405,50.37335],[5.13993,50.37234],[5.14117,50.37112],[5.1428,50.37164],[5.14387,50.37089],[5.14491,50.37145],[5.14317,50.37309],[5.14447,50.37369],[5.14727,50.37143],[5.14919,50.37266],[5.15245,50.37114],[5.15388,50.37022],[5.15623,50.36849],[5.15669,50.36857],[5.15647,50.36877],[5.15737,50.36937],[5.15874,50.36856],[5.15917,50.36888],[5.16138,50.36811],[5.16203,50.36855],[5.16455,50.36706],[5.16839,50.36892],[5.17298,50.36551],[5.17457,50.36614],[5.17539,50.36443],[5.17754,50.36376],[5.17842,50.36262],[5.18033,50.35993],[5.18234,50.35702],[5.1871,50.35883],[5.19139,50.35805],[5.19338,50.35616],[5.19213,50.3555],[5.19303,50.35487],[5.19564,50.35602],[5.19846,50.35443],[5.20213,50.35275],[5.20298,50.35306],[5.20586,50.35427],[5.20659,50.35467],[5.20734,50.35459],[5.2122,50.35372],[5.21047,50.35235],[5.20827,50.35087],[5.20728,50.35025],[5.2072,50.34886],[5.21003,50.347],[5.21167,50.34548],[5.21282,50.34433],[5.21411,50.34265],[5.20892,50.33998],[5.20964,50.33835],[5.21182,50.33665],[5.21277,50.3337],[5.21394,50.33198],[5.21394,50.33166],[5.21439,50.33105],[5.21576,50.32993],[5.22001,50.3269],[5.21066,50.32086],[5.21084,50.32025],[5.21353,50.31887],[5.21444,50.31739],[5.2179,50.31868],[5.21937,50.31915],[5.22072,50.31979],[5.21989,50.32071],[5.22435,50.32156],[5.22609,50.32214],[5.22683,50.32286],[5.22878,50.32028],[5.2305,50.31723],[5.23099,50.31649],[5.23659,50.31305],[5.23197,50.31042],[5.23386,50.30817],[5.23691,50.30484],[5.23815,50.30379],[5.23539,50.30084],[5.2334,50.29925],[5.23259,50.29786],[5.23244,50.29603],[5.23207,50.29574],[5.23248,50.29538],[5.23216,50.29518],[5.23279,50.29458],[5.23366,50.29441],[5.23424,50.29408],[5.23463,50.2944],[5.23532,50.29465],[5.23683,50.29535],[5.23929,50.29697],[5.24162,50.29789],[5.24514,50.29856],[5.24908,50.29991],[5.25217,50.30039],[5.25369,50.30058],[5.25666,50.30314],[5.25662,50.30379],[5.25741,50.30405],[5.25886,50.3043],[5.26285,50.30608],[5.26501,50.30729],[5.26497,50.30786],[5.2645,50.30939],[5.26509,50.31104],[5.26602,50.31204],[5.26641,50.31309],[5.26891,50.3136],[5.27191,50.31109],[5.27369,50.31193],[5.2756,50.3123],[5.27696,50.31128],[5.27878,50.31093],[5.28018,50.31096],[5.28208,50.30999],[5.28331,50.30985],[5.28339,50.30923],[5.28494,50.30877],[5.28425,50.30798],[5.28359,50.30757],[5.28479,50.30764],[5.28547,50.3076],[5.28667,50.30773],[5.28668,50.30752],[5.2877,50.30758],[5.28754,50.30782],[5.28968,50.30827],[5.29157,50.30862],[5.29294,50.309],[5.2933,50.30867],[5.29653,50.30929],[5.29932,50.30921],[5.30077,50.30939],[5.29958,50.31031],[5.29929,50.31091],[5.29988,50.31188],[5.29992,50.31279],[5.30051,50.31384],[5.30132,50.31441],[5.30077,50.31484],[5.30174,50.3157],[5.30331,50.31605],[5.30378,50.31629],[5.30577,50.31705],[5.30797,50.31805],[5.30928,50.31915],[5.31174,50.31926],[5.31253,50.31944],[5.31325,50.31991],[5.31436,50.3204],[5.31536,50.32097],[5.31567,50.3213],[5.31462,50.32211],[5.3122,50.32387],[5.31229,50.32419],[5.31081,50.32548],[5.30983,50.32616],[5.31127,50.32753],[5.31195,50.32869],[5.31246,50.33044],[5.31072,50.33365],[5.30995,50.33681],[5.31204,50.33739],[5.31246,50.3385],[5.3136,50.3392],[5.31449,50.33947],[5.31657,50.34049],[5.31742,50.33993],[5.32026,50.34152],[5.32369,50.33925],[5.3256,50.33901],[5.32725,50.33815],[5.3275,50.33737],[5.32716,50.33678],[5.32627,50.33632],[5.32793,50.332],[5.32886,50.33252],[5.33008,50.33276],[5.33058,50.33261],[5.33108,50.33212],[5.33298,50.33306],[5.33314,50.33373],[5.33356,50.33438],[5.33409,50.33423],[5.3349,50.3346],[5.33652,50.33469],[5.33714,50.33531],[5.33793,50.33594],[5.33841,50.33612],[5.3384,50.33639],[5.33977,50.33596],[5.34027,50.33558],[5.3411,50.33545],[5.34163,50.33567],[5.34249,50.3368],[5.34293,50.33702],[5.34371,50.33785],[5.34376,50.33834],[5.34548,50.3391],[5.34788,50.33888],[5.34856,50.33861],[5.35176,50.33883],[5.35281,50.33887],[5.35165,50.34031],[5.35161,50.34128],[5.3522,50.34238],[5.35326,50.34351],[5.355,50.34429],[5.35559,50.34472],[5.35555,50.34594],[5.3575,50.34672],[5.36127,50.34696],[5.36216,50.34731],[5.36318,50.35015],[5.3617,50.35009],[5.36034,50.3516],[5.35869,50.3544],[5.35271,50.36275],[5.35097,50.36663],[5.35047,50.36949],[5.35081,50.37033],[5.35056,50.37349],[5.34645,50.38651]]]}},{"type":"Feature","id":"91072","bbox":[4.852562,50.132139,5.119894,50.251388],"properties":{"nis":"91072","name":"Houyet","nameNl":"Houyet","nameFr":"Houyet","nameDe":"Houyet","province":"namur","region":"wallonia","areaKm2":122.39},"geometry":{"type":"Polygon","coordinates":[[[5.08896,50.21383],[5.08663,50.21498],[5.08535,50.21529],[5.08446,50.21605],[5.08347,50.21844],[5.08143,50.22081],[5.0806,50.22253],[5.07966,50.2235],[5.07858,50.22408],[5.07725,50.22429],[5.07609,50.22523],[5.07457,50.22475],[5.07398,50.22479],[5.07354,50.22505],[5.07408,50.22516],[5.0716,50.22668],[5.06933,50.22907],[5.06696,50.22831],[5.06617,50.22894],[5.06488,50.22856],[5.06281,50.22844],[5.05419,50.22566],[5.05015,50.229],[5.04729,50.22957],[5.04511,50.23076],[5.04225,50.23458],[5.04179,50.23526],[5.03983,50.23481],[5.03888,50.23649],[5.0374,50.23604],[5.0372,50.23787],[5.03761,50.23991],[5.03977,50.24294],[5.04115,50.2451],[5.04199,50.24815],[5.04223,50.24956],[5.04234,50.24968],[5.04076,50.25139],[5.03542,50.24894],[5.03493,50.24956],[5.02969,50.24787],[5.02672,50.24787],[5.02307,50.24699],[5.01545,50.25051],[5.01249,50.25],[5.00843,50.24869],[5.00873,50.24787],[5.003,50.24699],[5.00121,50.24604],[4.99795,50.24623],[5.00003,50.24466],[5.00102,50.24221],[5.00003,50.24202],[5.00151,50.24019],[5.00092,50.23699],[5.00013,50.2363],[5.00033,50.23516],[4.99934,50.23416],[4.99956,50.23201],[4.99785,50.23202],[4.99736,50.23146],[4.99934,50.23001],[5.00033,50.2285],[5.00151,50.22793],[5.00003,50.22686],[4.99904,50.22567],[4.99677,50.22542],[4.99489,50.2246],[4.99489,50.22473],[4.9939,50.22712],[4.99202,50.22617],[4.99064,50.22661],[4.98985,50.22938],[4.98678,50.23057],[4.98718,50.2312],[4.98292,50.23277],[4.98144,50.23164],[4.98243,50.23001],[4.97047,50.22718],[4.96859,50.21598],[4.97008,50.21423],[4.96963,50.214],[4.969,50.21249],[4.96819,50.2118],[4.96692,50.21134],[4.96455,50.21144],[4.96327,50.21185],[4.96353,50.20899],[4.96446,50.20746],[4.96472,50.20635],[4.96518,50.20506],[4.96527,50.20428],[4.96476,50.20374],[4.96306,50.20312],[4.96217,50.20252],[4.96184,50.20199],[4.95726,50.19953],[4.95624,50.20064],[4.95688,50.20074],[4.95853,50.20201],[4.96078,50.20304],[4.96069,50.20366],[4.9623,50.20419],[4.96171,50.20449],[4.96217,50.20522],[4.96196,50.20797],[4.96204,50.20948],[4.96171,50.21015],[4.96217,50.21061],[4.96128,50.21185],[4.96086,50.21185],[4.96069,50.21368],[4.9623,50.21484],[4.96192,50.21538],[4.96069,50.21592],[4.95785,50.21519],[4.95861,50.21403],[4.95756,50.214],[4.95671,50.21325],[4.95578,50.21053],[4.9551,50.20937],[4.9537,50.20932],[4.95095,50.20964],[4.94921,50.21021],[4.94866,50.21088],[4.94938,50.2122],[4.94887,50.21344],[4.94891,50.21411],[4.95031,50.21419],[4.95141,50.21643],[4.95099,50.22096],[4.95014,50.22139],[4.94828,50.22182],[4.94692,50.22171],[4.94514,50.22109],[4.944,50.22077],[4.94277,50.22066],[4.94175,50.21961],[4.94082,50.21877],[4.93951,50.2184],[4.93739,50.21789],[4.93625,50.21716],[4.93476,50.21713],[4.93366,50.21748],[4.93264,50.21743],[4.93158,50.21665],[4.93294,50.21435],[4.93366,50.21382],[4.93315,50.2129],[4.93366,50.21266],[4.93353,50.21198],[4.93451,50.21174],[4.93476,50.20802],[4.93595,50.20719],[4.93591,50.20681],[4.93726,50.20576],[4.93548,50.20482],[4.93539,50.20379],[4.93285,50.20357],[4.93277,50.20204],[4.93006,50.20083],[4.92891,50.20088],[4.92824,50.20112],[4.92891,50.20002],[4.93027,50.1994],[4.93035,50.19899],[4.92828,50.1991],[4.91044,50.18024],[4.90777,50.18247],[4.9029,50.18148],[4.90075,50.1815],[4.89938,50.18185],[4.89544,50.18161],[4.89383,50.18191],[4.89273,50.18193],[4.88981,50.18242],[4.88764,50.18177],[4.88375,50.18167],[4.88366,50.18204],[4.88074,50.18266],[4.87922,50.1825],[4.87939,50.18202],[4.87837,50.18118],[4.87744,50.18172],[4.8751,50.18185],[4.8737,50.18134],[4.87316,50.18172],[4.87235,50.18161],[4.87193,50.18229],[4.86316,50.18086],[4.86142,50.18129],[4.85997,50.18115],[4.85874,50.18155],[4.85747,50.18107],[4.85603,50.18161],[4.85395,50.18136],[4.85442,50.18045],[4.85273,50.17859],[4.85256,50.17833],[4.85306,50.17812],[4.85436,50.17809],[4.85568,50.17857],[4.85607,50.17775],[4.85637,50.17779],[4.857,50.17744],[4.85972,50.17722],[4.85949,50.17614],[4.85857,50.17527],[4.85873,50.17501],[4.85811,50.17401],[4.85886,50.17259],[4.85964,50.17179],[4.8597,50.17148],[4.85928,50.17095],[4.8584,50.17121],[4.85746,50.17114],[4.85601,50.17052],[4.85664,50.16988],[4.85705,50.16992],[4.86001,50.1678],[4.85953,50.16648],[4.85909,50.16635],[4.8585,50.16568],[4.86038,50.16551],[4.86124,50.16532],[4.86586,50.16207],[4.86755,50.16083],[4.86933,50.15935],[4.87039,50.1583],[4.87128,50.15813],[4.87128,50.15738],[4.87183,50.1569],[4.87171,50.15576],[4.87137,50.15544],[4.87154,50.15458],[4.87192,50.15425],[4.87198,50.15373],[4.87274,50.15389],[4.8743,50.15383],[4.87558,50.15408],[4.87696,50.15369],[4.87759,50.15371],[4.87848,50.15344],[4.88072,50.15331],[4.8811,50.15311],[4.88153,50.15373],[4.88193,50.15384],[4.88307,50.15471],[4.88379,50.15505],[4.88455,50.1556],[4.88536,50.15584],[4.8873,50.15579],[4.88768,50.15538],[4.88832,50.15527],[4.88908,50.15581],[4.89095,50.15622],[4.89133,50.15649],[4.89319,50.15662],[4.89421,50.15716],[4.89442,50.15762],[4.89413,50.1588],[4.89416,50.15932],[4.89497,50.15988],[4.89612,50.1604],[4.89696,50.16099],[4.89912,50.16128],[4.8997,50.16149],[4.90259,50.16127],[4.90527,50.16182],[4.90624,50.16198],[4.90789,50.16161],[4.91078,50.16134],[4.91272,50.16252],[4.91272,50.16258],[4.91484,50.16527],[4.91603,50.16511],[4.91747,50.16436],[4.91802,50.16376],[4.91891,50.16341],[4.91938,50.16277],[4.92056,50.16306],[4.92361,50.16471],[4.92565,50.16371],[4.92336,50.16196],[4.92323,50.15996],[4.92641,50.15994],[4.92696,50.15735],[4.92781,50.15447],[4.92781,50.15007],[4.93082,50.1498],[4.93208,50.14978],[4.93497,50.14935],[4.93323,50.14552],[4.93297,50.14395],[4.93692,50.14312],[4.94291,50.14218],[4.95249,50.13703],[4.95382,50.13646],[4.95566,50.13588],[4.9556,50.13512],[4.95634,50.13509],[4.95808,50.13622],[4.95699,50.13943],[4.95704,50.1397],[4.95659,50.14107],[4.95594,50.14201],[4.95576,50.14246],[4.95486,50.14344],[4.95482,50.14394],[4.9551,50.14447],[4.9544,50.14504],[4.95425,50.14576],[4.95508,50.14576],[4.95491,50.14627],[4.95411,50.14758],[4.95414,50.14861],[4.95387,50.15035],[4.9539,50.15088],[4.95501,50.15109],[4.96259,50.15385],[4.96363,50.1542],[4.96812,50.15477],[4.97101,50.15532],[4.97656,50.15573],[4.97747,50.15443],[4.97813,50.15454],[4.97887,50.15496],[4.9804,50.15609],[4.98251,50.156],[4.98622,50.15591],[4.99119,50.15619],[4.99858,50.15732],[5.00063,50.15745],[5.00055,50.15617],[4.99937,50.15492],[4.99959,50.15397],[5.00061,50.15264],[5.00155,50.15199],[5.00196,50.1513],[5.00275,50.15133],[5.0033,50.15002],[5.00374,50.14973],[5.00468,50.14811],[5.00512,50.14663],[5.00572,50.14638],[5.00664,50.14557],[5.0073,50.1452],[5.00778,50.14525],[5.00809,50.14501],[5.00978,50.1456],[5.0107,50.14465],[5.01117,50.14446],[5.01144,50.14411],[5.01193,50.14393],[5.01246,50.14347],[5.01305,50.14316],[5.01369,50.14257],[5.01461,50.14192],[5.01496,50.14145],[5.01626,50.14135],[5.01704,50.14028],[5.01786,50.13879],[5.01745,50.1387],[5.01895,50.13786],[5.02026,50.13753],[5.02265,50.13678],[5.02418,50.13634],[5.02518,50.13574],[5.02767,50.13477],[5.02871,50.13421],[5.03005,50.13322],[5.03105,50.13289],[5.033,50.13214],[5.03351,50.13222],[5.03508,50.13419],[5.03905,50.13622],[5.04252,50.13908],[5.04748,50.14227],[5.05208,50.14534],[5.05325,50.14499],[5.05364,50.14462],[5.05376,50.14402],[5.05456,50.14414],[5.05692,50.1441],[5.05919,50.14379],[5.05951,50.1432],[5.05975,50.14322],[5.06186,50.14176],[5.06215,50.1417],[5.06235,50.14126],[5.06306,50.14101],[5.0631,50.14071],[5.0639,50.1404],[5.06431,50.13991],[5.06401,50.13991],[5.065,50.1387],[5.06494,50.13838],[5.06538,50.13841],[5.06685,50.13794],[5.0666,50.13746],[5.06674,50.13707],[5.06708,50.13699],[5.06677,50.13614],[5.06728,50.13581],[5.0676,50.13497],[5.06834,50.13474],[5.07004,50.13473],[5.0701,50.1346],[5.07128,50.13482],[5.07194,50.13524],[5.07263,50.13549],[5.07358,50.13549],[5.07585,50.13522],[5.0796,50.13559],[5.08484,50.13723],[5.08445,50.14006],[5.08326,50.14383],[5.08267,50.14622],[5.08168,50.14748],[5.07733,50.14962],[5.07772,50.15131],[5.07763,50.15131],[5.07552,50.15334],[5.07347,50.1537],[5.0711,50.15527],[5.07011,50.15672],[5.06932,50.1588],[5.06952,50.15948],[5.07036,50.15985],[5.0712,50.16037],[5.06981,50.16188],[5.06918,50.16292],[5.06976,50.16343],[5.06794,50.16377],[5.06616,50.16458],[5.06498,50.16494],[5.06347,50.16497],[5.06176,50.16647],[5.06066,50.16686],[5.05881,50.16655],[5.0579,50.16655],[5.05787,50.16687],[5.0559,50.16707],[5.05645,50.16779],[5.05605,50.16876],[5.05599,50.16988],[5.05545,50.1706],[5.05531,50.17132],[5.05971,50.17224],[5.06335,50.17358],[5.06399,50.17377],[5.06572,50.17447],[5.06774,50.17544],[5.07007,50.17648],[5.07117,50.17662],[5.07246,50.17687],[5.07315,50.1766],[5.0744,50.17628],[5.0747,50.17587],[5.07456,50.17553],[5.07361,50.17533],[5.07289,50.17533],[5.07322,50.17498],[5.07319,50.1744],[5.07381,50.1742],[5.07394,50.17373],[5.07456,50.17292],[5.07594,50.17222],[5.07638,50.17117],[5.07625,50.17084],[5.07778,50.17087],[5.07813,50.16974],[5.07827,50.16974],[5.07867,50.16893],[5.07775,50.16834],[5.07732,50.16844],[5.0776,50.16755],[5.07781,50.16726],[5.07876,50.16678],[5.07881,50.16637],[5.07837,50.16505],[5.07919,50.165],[5.07885,50.16458],[5.07948,50.16426],[5.07971,50.16448],[5.08107,50.16504],[5.08186,50.16491],[5.0839,50.16424],[5.08725,50.16307],[5.08833,50.16259],[5.09148,50.16268],[5.09252,50.16293],[5.09378,50.16266],[5.09453,50.1628],[5.09551,50.16329],[5.09705,50.16443],[5.0988,50.16497],[5.10217,50.16564],[5.10489,50.16575],[5.10592,50.16564],[5.10801,50.16529],[5.10871,50.16505],[5.10938,50.16438],[5.10949,50.16409],[5.11107,50.16387],[5.11098,50.16363],[5.11164,50.16335],[5.11181,50.16371],[5.11268,50.16425],[5.11173,50.16545],[5.11197,50.16554],[5.11087,50.16684],[5.11103,50.16687],[5.10995,50.16917],[5.11133,50.16955],[5.11195,50.16955],[5.10994,50.17117],[5.11103,50.1719],[5.1127,50.17279],[5.11315,50.17328],[5.11183,50.17421],[5.11048,50.17552],[5.11097,50.176],[5.11183,50.17616],[5.11296,50.17673],[5.11366,50.17689],[5.11443,50.17729],[5.11589,50.17756],[5.11654,50.17816],[5.118,50.179],[5.11844,50.17909],[5.11989,50.17963],[5.11889,50.18129],[5.11887,50.18253],[5.11847,50.18277],[5.1186,50.18313],[5.1183,50.18437],[5.11867,50.18444],[5.1181,50.18556],[5.11744,50.18635],[5.1169,50.18663],[5.11645,50.18741],[5.1166,50.18786],[5.1164,50.18853],[5.11559,50.18892],[5.11714,50.19033],[5.11707,50.19049],[5.11512,50.19178],[5.11494,50.19205],[5.11367,50.19252],[5.11349,50.19278],[5.11257,50.19342],[5.11224,50.19379],[5.11173,50.19376],[5.11105,50.19406],[5.11002,50.19368],[5.10992,50.19351],[5.10888,50.19307],[5.10778,50.19294],[5.10649,50.19228],[5.10573,50.19232],[5.10469,50.19276],[5.10386,50.19293],[5.10347,50.19386],[5.10398,50.19418],[5.10407,50.19445],[5.10293,50.19532],[5.10269,50.19636],[5.10279,50.19739],[5.10228,50.19779],[5.10061,50.19882],[5.10026,50.19869],[5.09979,50.19898],[5.09914,50.19904],[5.09772,50.19987],[5.09631,50.20077],[5.09606,50.20071],[5.09489,50.20168],[5.09098,50.20019],[5.08943,50.19954],[5.08762,50.19894],[5.08463,50.19818],[5.08398,50.19811],[5.08187,50.19758],[5.08179,50.19764],[5.07798,50.19706],[5.07655,50.19697],[5.07609,50.19758],[5.07566,50.19738],[5.07478,50.19761],[5.07609,50.1981],[5.07708,50.19904],[5.07868,50.19958],[5.07968,50.20001],[5.08054,50.2005],[5.0814,50.20082],[5.0826,50.20098],[5.08267,50.20137],[5.08247,50.20195],[5.08385,50.20351],[5.08237,50.20426],[5.08276,50.20546],[5.08079,50.20759],[5.08138,50.20879],[5.08109,50.20986],[5.08187,50.21111],[5.08375,50.21137],[5.08603,50.21218],[5.08711,50.21306],[5.08896,50.21383]]]}},{"type":"Feature","id":"91103","bbox":[4.736492,50.214696,4.893754,50.311063],"properties":{"nis":"91103","name":"Onhaye","nameNl":"Onhaye","nameFr":"Onhaye","nameDe":"Onhaye","province":"namur","region":"wallonia","areaKm2":65.36},"geometry":{"type":"Polygon","coordinates":[[[4.75742,50.28251],[4.75327,50.27517],[4.76115,50.27509],[4.76569,50.27496],[4.76375,50.27155],[4.76166,50.26778],[4.75936,50.26603],[4.74437,50.25644],[4.73649,50.24958],[4.74124,50.24728],[4.74323,50.24577],[4.74323,50.24571],[4.74654,50.24409],[4.74708,50.24353],[4.7473,50.24243],[4.74886,50.24021],[4.74961,50.23931],[4.74911,50.23805],[4.74924,50.23745],[4.74965,50.23643],[4.74889,50.23636],[4.74883,50.23596],[4.7497,50.23487],[4.74919,50.23414],[4.7493,50.23353],[4.75122,50.23013],[4.75145,50.22965],[4.75106,50.22911],[4.75064,50.22891],[4.74933,50.22855],[4.7491,50.22833],[4.74947,50.22683],[4.74886,50.22613],[4.74826,50.22573],[4.74811,50.22302],[4.74898,50.22239],[4.75075,50.22214],[4.75823,50.22282],[4.75984,50.22356],[4.76244,50.22347],[4.76899,50.22453],[4.7694,50.22374],[4.76937,50.22341],[4.76708,50.22214],[4.7668,50.22167],[4.7668,50.22101],[4.767,50.2204],[4.767,50.21953],[4.76683,50.21896],[4.76649,50.21883],[4.76578,50.2181],[4.76418,50.21776],[4.76341,50.21752],[4.76324,50.21644],[4.76276,50.21578],[4.7655,50.21601],[4.76515,50.21519],[4.7652,50.2147],[4.77059,50.21551],[4.77064,50.21594],[4.77138,50.21655],[4.77199,50.21784],[4.77201,50.2183],[4.77332,50.2185],[4.7744,50.2183],[4.77528,50.21829],[4.77699,50.21866],[4.77834,50.21907],[4.78111,50.22053],[4.78252,50.22077],[4.78289,50.22111],[4.78353,50.22198],[4.78469,50.22253],[4.7854,50.22277],[4.78517,50.22326],[4.7847,50.22352],[4.78489,50.22408],[4.78585,50.22395],[4.78565,50.22537],[4.78543,50.22539],[4.78506,50.22643],[4.78633,50.22648],[4.78537,50.22807],[4.79088,50.23144],[4.79228,50.2316],[4.79364,50.23313],[4.79423,50.23346],[4.79245,50.23626],[4.79448,50.23675],[4.79428,50.23738],[4.79392,50.23966],[4.79753,50.2392],[4.80485,50.23944],[4.8052,50.23828],[4.8063,50.23602],[4.80711,50.2361],[4.81003,50.23235],[4.81012,50.23235],[4.81113,50.22986],[4.8116,50.2288],[4.81105,50.22661],[4.81084,50.22473],[4.81533,50.22473],[4.81647,50.2251],[4.81749,50.22491],[4.81766,50.22446],[4.81687,50.2241],[4.81749,50.2234],[4.81888,50.22364],[4.81978,50.22419],[4.82058,50.22379],[4.82074,50.22329],[4.82169,50.22322],[4.82263,50.22357],[4.82285,50.22382],[4.82405,50.22416],[4.82449,50.22446],[4.82637,50.22435],[4.82642,50.22404],[4.82548,50.22352],[4.82624,50.22308],[4.82815,50.2237],[4.82935,50.2227],[4.83333,50.22139],[4.83713,50.22252],[4.84392,50.22513],[4.8495,50.22726],[4.8584,50.23812],[4.85726,50.24073],[4.86247,50.24019],[4.86497,50.23966],[4.86595,50.23957],[4.86836,50.23955],[4.87128,50.23995],[4.8731,50.2427],[4.87679,50.24367],[4.87823,50.244],[4.87899,50.24402],[4.87963,50.24521],[4.88039,50.24602],[4.88225,50.24707],[4.88312,50.24747],[4.88346,50.24842],[4.88409,50.24925],[4.88541,50.25049],[4.88507,50.25108],[4.88291,50.25143],[4.87871,50.25187],[4.87799,50.25219],[4.87799,50.253],[4.87447,50.25375],[4.87376,50.25459],[4.87223,50.25513],[4.87253,50.25545],[4.87316,50.2555],[4.87439,50.25613],[4.87494,50.25728],[4.87744,50.25771],[4.8788,50.2592],[4.87947,50.25917],[4.88087,50.26087],[4.87947,50.26085],[4.87806,50.26096],[4.87701,50.26118],[4.87541,50.26164],[4.86871,50.26391],[4.86956,50.2648],[4.86812,50.26556],[4.86931,50.26672],[4.86863,50.26693],[4.86913,50.26756],[4.87075,50.26806],[4.87282,50.26917],[4.88384,50.27372],[4.88596,50.27364],[4.8863,50.27334],[4.88939,50.27313],[4.88935,50.27259],[4.89036,50.27259],[4.89049,50.27213],[4.89146,50.27213],[4.89252,50.27173],[4.89299,50.27122],[4.89375,50.27154],[4.89367,50.27423],[4.89193,50.27682],[4.89189,50.27682],[4.88998,50.28256],[4.88994,50.28256],[4.88609,50.28658],[4.88384,50.2859],[4.87617,50.28334],[4.87414,50.28323],[4.86629,50.28166],[4.86482,50.28256],[4.86393,50.28232],[4.86011,50.28483],[4.86215,50.28631],[4.86253,50.28757],[4.85876,50.29035],[4.86003,50.29102],[4.86016,50.29237],[4.86062,50.29307],[4.85965,50.29331],[4.85736,50.29436],[4.85832,50.29531],[4.85933,50.29529],[4.85866,50.296],[4.85882,50.29644],[4.85884,50.2973],[4.85838,50.29717],[4.85726,50.29709],[4.857,50.29784],[4.85593,50.29768],[4.85435,50.29765],[4.85376,50.29782],[4.85308,50.29771],[4.85295,50.29722],[4.85122,50.29652],[4.84736,50.2979],[4.84626,50.29663],[4.84215,50.29512],[4.83897,50.29989],[4.83851,50.29825],[4.83732,50.29482],[4.83681,50.29512],[4.83249,50.29296],[4.82923,50.29294],[4.83156,50.29178],[4.83372,50.29207],[4.83494,50.29162],[4.83546,50.29124],[4.83562,50.29056],[4.83444,50.29011],[4.83459,50.28906],[4.8334,50.28849],[4.83444,50.28795],[4.83334,50.28722],[4.83393,50.28685],[4.83406,50.28569],[4.833,50.28547],[4.83215,50.28491],[4.83092,50.28481],[4.82957,50.28515],[4.82778,50.28491],[4.82512,50.28509],[4.82427,50.28566],[4.82397,50.28639],[4.82279,50.28712],[4.82295,50.28762],[4.82354,50.28803],[4.82328,50.28836],[4.82092,50.28877],[4.82042,50.28908],[4.82035,50.28937],[4.81982,50.28992],[4.81964,50.29066],[4.8192,50.29196],[4.81719,50.29235],[4.81654,50.29292],[4.81719,50.29375],[4.8166,50.2942],[4.81536,50.29404],[4.81486,50.29439],[4.81474,50.29476],[4.81485,50.29524],[4.81576,50.29577],[4.81572,50.29604],[4.81512,50.29661],[4.81482,50.29665],[4.81486,50.29795],[4.81554,50.2983],[4.81724,50.29895],[4.81778,50.2986],[4.81863,50.2987],[4.81944,50.299],[4.8203,50.29986],[4.8198,50.30087],[4.82029,50.30146],[4.82089,50.30141],[4.82125,50.30168],[4.81305,50.30211],[4.80388,50.30332],[4.8024,50.30646],[4.80196,50.30823],[4.80271,50.30908],[4.803,50.30927],[4.8031,50.31061],[4.80298,50.31106],[4.79939,50.31028],[4.79673,50.31019],[4.79664,50.30965],[4.79736,50.30816],[4.79746,50.30621],[4.79637,50.30552],[4.79687,50.30407],[4.79518,50.30398],[4.79527,50.30361],[4.79325,50.30269],[4.79416,50.30174],[4.79338,50.3013],[4.79216,50.30085],[4.79091,50.30098],[4.79055,50.30043],[4.79138,50.3002],[4.79164,50.30027],[4.79344,50.29983],[4.79501,50.29896],[4.79574,50.29867],[4.79547,50.29795],[4.79499,50.29722],[4.7939,50.29728],[4.79084,50.29533],[4.79079,50.29401],[4.78955,50.29282],[4.78915,50.29188],[4.78777,50.29156],[4.78461,50.28823],[4.77868,50.2871],[4.77907,50.28904],[4.77828,50.28961],[4.77946,50.2903],[4.77996,50.29131],[4.77877,50.29169],[4.7767,50.29112],[4.77709,50.29219],[4.7678,50.29357],[4.76533,50.29364],[4.76167,50.29294],[4.76177,50.292],[4.76009,50.29175],[4.76305,50.28433],[4.76286,50.2832],[4.75742,50.28251]]]}},{"type":"Feature","id":"91114","bbox":[5.05531,50.093455,5.284004,50.238272],"properties":{"nis":"91114","name":"Rochefort","nameNl":"Rochefort","nameFr":"Rochefort","nameDe":"Rochefort","province":"namur","region":"wallonia","areaKm2":165.85},"geometry":{"type":"Polygon","coordinates":[[[5.0657,50.12278],[5.06685,50.1225],[5.06841,50.1224],[5.06727,50.12112],[5.06622,50.11953],[5.06583,50.1188],[5.06815,50.11736],[5.06655,50.11471],[5.06432,50.11249],[5.06313,50.11091],[5.06071,50.10813],[5.06032,50.10764],[5.06146,50.10531],[5.06338,50.10452],[5.06497,50.10335],[5.0664,50.10183],[5.06762,50.10007],[5.06838,50.10019],[5.06872,50.09964],[5.06855,50.09929],[5.06886,50.09906],[5.06951,50.09895],[5.06881,50.09838],[5.0703,50.09701],[5.06945,50.09674],[5.0705,50.09529],[5.07092,50.09543],[5.07169,50.09345],[5.074,50.09347],[5.07855,50.09453],[5.08209,50.0951],[5.08239,50.09421],[5.08402,50.09435],[5.09498,50.09493],[5.09687,50.09499],[5.11577,50.0988],[5.11649,50.099],[5.11978,50.0995],[5.12106,50.09955],[5.12323,50.09972],[5.12372,50.09867],[5.12502,50.09811],[5.12531,50.09791],[5.12584,50.09794],[5.12657,50.09821],[5.12888,50.09826],[5.12983,50.09842],[5.1305,50.09839],[5.13138,50.09854],[5.13235,50.09883],[5.13266,50.09877],[5.13293,50.09831],[5.13398,50.09776],[5.13379,50.09714],[5.13386,50.09564],[5.13443,50.09562],[5.13453,50.09542],[5.13659,50.09546],[5.13647,50.0944],[5.13821,50.09438],[5.14397,50.09456],[5.14432,50.09444],[5.14713,50.09488],[5.14716,50.09478],[5.14974,50.09474],[5.14979,50.09447],[5.15194,50.09456],[5.15271,50.09441],[5.15259,50.09584],[5.15241,50.09666],[5.15356,50.09663],[5.15474,50.0965],[5.15593,50.09627],[5.15861,50.09789],[5.15837,50.10034],[5.1609,50.10035],[5.16315,50.10024],[5.16654,50.09995],[5.16939,50.09977],[5.16901,50.09999],[5.17105,50.10004],[5.17195,50.10012],[5.17476,50.1002],[5.17513,50.10027],[5.17467,50.09981],[5.17551,50.10008],[5.17745,50.10008],[5.17883,50.10035],[5.17949,50.10038],[5.18096,50.10072],[5.1818,50.10073],[5.18329,50.1006],[5.18633,50.10066],[5.18688,50.10064],[5.18863,50.1008],[5.18885,50.09916],[5.18772,50.09819],[5.18827,50.09777],[5.18977,50.09823],[5.19175,50.09849],[5.19248,50.09837],[5.1929,50.09799],[5.19355,50.09781],[5.19515,50.09788],[5.19526,50.09836],[5.19706,50.09812],[5.19706,50.09778],[5.19775,50.09773],[5.19749,50.09814],[5.19766,50.09849],[5.19824,50.09859],[5.19832,50.09891],[5.19796,50.09994],[5.19919,50.10005],[5.19903,50.0997],[5.19928,50.09943],[5.19958,50.09833],[5.20018,50.09679],[5.20732,50.09913],[5.21226,50.09996],[5.21921,50.10104],[5.22687,50.10218],[5.22666,50.10767],[5.23647,50.11017],[5.24932,50.10931],[5.25886,50.11014],[5.25979,50.11019],[5.26031,50.10987],[5.261,50.10995],[5.26156,50.10965],[5.26147,50.10947],[5.26257,50.10853],[5.26337,50.10858],[5.26457,50.1093],[5.26507,50.10973],[5.26609,50.11034],[5.26656,50.11094],[5.26719,50.11115],[5.26842,50.11126],[5.26926,50.11174],[5.26975,50.11241],[5.27016,50.11329],[5.26894,50.11369],[5.26921,50.11432],[5.26901,50.11549],[5.26979,50.11721],[5.2701,50.11762],[5.26876,50.11921],[5.26833,50.11958],[5.26752,50.12004],[5.2669,50.12061],[5.2664,50.12081],[5.26609,50.12129],[5.26466,50.12198],[5.26251,50.12052],[5.25847,50.12368],[5.25827,50.12375],[5.25734,50.12494],[5.25567,50.12725],[5.25407,50.12783],[5.25372,50.1282],[5.25153,50.12765],[5.25164,50.12751],[5.24911,50.12684],[5.24874,50.12679],[5.24842,50.12736],[5.2473,50.12716],[5.24608,50.1289],[5.24558,50.12879],[5.24297,50.1322],[5.24226,50.13353],[5.24231,50.1342],[5.24799,50.13595],[5.25018,50.13701],[5.25261,50.13792],[5.26295,50.14157],[5.26619,50.14275],[5.26911,50.13988],[5.2715,50.14058],[5.2737,50.14259],[5.27353,50.14302],[5.27349,50.14433],[5.27379,50.1455],[5.27566,50.14624],[5.27607,50.14596],[5.27741,50.14636],[5.27786,50.14659],[5.27774,50.14688],[5.28035,50.14774],[5.28162,50.14799],[5.28249,50.14791],[5.28288,50.14775],[5.28382,50.14862],[5.28347,50.14929],[5.28371,50.1498],[5.284,50.14994],[5.28294,50.1509],[5.28172,50.15142],[5.28185,50.15157],[5.28141,50.15196],[5.28184,50.15238],[5.28136,50.15291],[5.28299,50.15377],[5.2828,50.15486],[5.28117,50.15612],[5.27934,50.15643],[5.27771,50.15544],[5.27418,50.15607],[5.27849,50.15841],[5.2811,50.1587],[5.28046,50.159],[5.27948,50.15929],[5.2788,50.15928],[5.27703,50.15891],[5.27521,50.15878],[5.27373,50.15922],[5.27237,50.15922],[5.27167,50.15971],[5.26749,50.16289],[5.26759,50.16326],[5.26721,50.16329],[5.26668,50.16828],[5.26642,50.1683],[5.2605,50.17057],[5.26052,50.1714],[5.26034,50.1718],[5.25972,50.17245],[5.25777,50.17487],[5.25647,50.17573],[5.25616,50.17613],[5.25541,50.17741],[5.25426,50.17911],[5.25382,50.17945],[5.25143,50.18077],[5.25086,50.18118],[5.24845,50.18343],[5.24765,50.18388],[5.24599,50.18461],[5.24292,50.1873],[5.2447,50.18878],[5.24674,50.18995],[5.24902,50.19106],[5.24918,50.19125],[5.24939,50.19271],[5.24882,50.19321],[5.24956,50.1935],[5.2472,50.19566],[5.24554,50.19461],[5.24259,50.19308],[5.24208,50.19252],[5.24121,50.19359],[5.23788,50.19472],[5.23463,50.19587],[5.23704,50.19771],[5.23711,50.19771],[5.23852,50.19933],[5.24085,50.2004],[5.24226,50.20193],[5.24431,50.20265],[5.24612,50.20401],[5.24543,50.20443],[5.24184,50.20557],[5.23527,50.20934],[5.23323,50.21127],[5.23219,50.21352],[5.23174,50.21497],[5.23056,50.21485],[5.22532,50.21491],[5.22179,50.21428],[5.2191,50.21496],[5.21508,50.21603],[5.21156,50.21608],[5.20993,50.21624],[5.2087,50.21626],[5.20719,50.21602],[5.20655,50.21576],[5.20678,50.21686],[5.20694,50.21711],[5.20818,50.21784],[5.20814,50.21811],[5.20885,50.21849],[5.20877,50.21864],[5.21035,50.21936],[5.2103,50.21964],[5.21101,50.2196],[5.21142,50.21973],[5.2113,50.21995],[5.21226,50.22033],[5.21248,50.22064],[5.21293,50.22059],[5.21305,50.22124],[5.21353,50.22219],[5.21556,50.22267],[5.21645,50.22247],[5.21656,50.22268],[5.21611,50.2228],[5.21627,50.22311],[5.21677,50.22337],[5.21805,50.22338],[5.21869,50.22372],[5.21711,50.22621],[5.21467,50.23291],[5.21433,50.23372],[5.21259,50.23366],[5.21149,50.23409],[5.21056,50.23409],[5.20933,50.23364],[5.20717,50.23407],[5.20721,50.23493],[5.19035,50.23458],[5.18746,50.23434],[5.18374,50.23423],[5.18243,50.23496],[5.18157,50.23595],[5.18052,50.23609],[5.17908,50.23665],[5.17793,50.23733],[5.17721,50.23827],[5.17641,50.23773],[5.17577,50.2377],[5.17259,50.2362],[5.17179,50.23533],[5.17026,50.23431],[5.16929,50.23358],[5.16836,50.23342],[5.1676,50.23275],[5.16576,50.23188],[5.16532,50.23152],[5.16531,50.23113],[5.16502,50.23087],[5.16373,50.23019],[5.16292,50.23002],[5.16217,50.23011],[5.16136,50.23005],[5.16044,50.22972],[5.16035,50.22902],[5.15963,50.22846],[5.15938,50.22859],[5.15798,50.22817],[5.15721,50.22779],[5.15611,50.22752],[5.15527,50.22771],[5.15594,50.22135],[5.15357,50.22081],[5.14945,50.21809],[5.14687,50.21642],[5.1458,50.21589],[5.14028,50.21363],[5.13816,50.21295],[5.13611,50.21267],[5.13236,50.21249],[5.13099,50.21251],[5.12938,50.21264],[5.12654,50.21248],[5.11887,50.21233],[5.1073,50.21194],[5.10429,50.21111],[5.09993,50.21065],[5.09904,50.21051],[5.09963,50.21003],[5.10124,50.20933],[5.1018,50.20865],[5.09997,50.20847],[5.0987,50.20898],[5.09819,50.20984],[5.09841,50.21111],[5.0976,50.21103],[5.09663,50.21068],[5.09552,50.21181],[5.09506,50.21159],[5.09455,50.21237],[5.09375,50.2121],[5.09218,50.21386],[5.09065,50.21434],[5.08896,50.21383],[5.08711,50.21306],[5.08603,50.21218],[5.08375,50.21137],[5.08187,50.21111],[5.08109,50.20986],[5.08138,50.20879],[5.08079,50.20759],[5.08276,50.20546],[5.08237,50.20426],[5.08385,50.20351],[5.08247,50.20195],[5.08267,50.20137],[5.0826,50.20098],[5.0814,50.20082],[5.08054,50.2005],[5.07968,50.20001],[5.07868,50.19958],[5.07708,50.19904],[5.07609,50.1981],[5.07478,50.19761],[5.07566,50.19738],[5.07609,50.19758],[5.07655,50.19697],[5.07798,50.19706],[5.08179,50.19764],[5.08187,50.19758],[5.08398,50.19811],[5.08463,50.19818],[5.08762,50.19894],[5.08943,50.19954],[5.09098,50.20019],[5.09489,50.20168],[5.09606,50.20071],[5.09631,50.20077],[5.09772,50.19987],[5.09914,50.19904],[5.09979,50.19898],[5.10026,50.19869],[5.10061,50.19882],[5.10228,50.19779],[5.10279,50.19739],[5.10269,50.19636],[5.10293,50.19532],[5.10407,50.19445],[5.10398,50.19418],[5.10347,50.19386],[5.10386,50.19293],[5.10469,50.19276],[5.10573,50.19232],[5.10649,50.19228],[5.10778,50.19294],[5.10888,50.19307],[5.10992,50.19351],[5.11002,50.19368],[5.11105,50.19406],[5.11173,50.19376],[5.11224,50.19379],[5.11257,50.19342],[5.11349,50.19278],[5.11367,50.19252],[5.11494,50.19205],[5.11512,50.19178],[5.11707,50.19049],[5.11714,50.19033],[5.11559,50.18892],[5.1164,50.18853],[5.1166,50.18786],[5.11645,50.18741],[5.1169,50.18663],[5.11744,50.18635],[5.1181,50.18556],[5.11867,50.18444],[5.1183,50.18437],[5.1186,50.18313],[5.11847,50.18277],[5.11887,50.18253],[5.11889,50.18129],[5.11989,50.17963],[5.11844,50.17909],[5.118,50.179],[5.11654,50.17816],[5.11589,50.17756],[5.11443,50.17729],[5.11366,50.17689],[5.11296,50.17673],[5.11183,50.17616],[5.11097,50.176],[5.11048,50.17552],[5.11183,50.17421],[5.11315,50.17328],[5.1127,50.17279],[5.11103,50.1719],[5.10994,50.17117],[5.11195,50.16955],[5.11133,50.16955],[5.10995,50.16917],[5.11103,50.16687],[5.11087,50.16684],[5.11197,50.16554],[5.11173,50.16545],[5.11268,50.16425],[5.11181,50.16371],[5.11164,50.16335],[5.11098,50.16363],[5.11107,50.16387],[5.10949,50.16409],[5.10938,50.16438],[5.10871,50.16505],[5.10801,50.16529],[5.10592,50.16564],[5.10489,50.16575],[5.10217,50.16564],[5.0988,50.16497],[5.09705,50.16443],[5.09551,50.16329],[5.09453,50.1628],[5.09378,50.16266],[5.09252,50.16293],[5.09148,50.16268],[5.08833,50.16259],[5.08725,50.16307],[5.0839,50.16424],[5.08186,50.16491],[5.08107,50.16504],[5.07971,50.16448],[5.07948,50.16426],[5.07885,50.16458],[5.07919,50.165],[5.07837,50.16505],[5.07881,50.16637],[5.07876,50.16678],[5.07781,50.16726],[5.0776,50.16755],[5.07732,50.16844],[5.07775,50.16834],[5.07867,50.16893],[5.07827,50.16974],[5.07813,50.16974],[5.07778,50.17087],[5.07625,50.17084],[5.07638,50.17117],[5.07594,50.17222],[5.07456,50.17292],[5.07394,50.17373],[5.07381,50.1742],[5.07319,50.1744],[5.07322,50.17498],[5.07289,50.17533],[5.07361,50.17533],[5.07456,50.17553],[5.0747,50.17587],[5.0744,50.17628],[5.07315,50.1766],[5.07246,50.17687],[5.07117,50.17662],[5.07007,50.17648],[5.06774,50.17544],[5.06572,50.17447],[5.06399,50.17377],[5.06335,50.17358],[5.05971,50.17224],[5.05531,50.17132],[5.05545,50.1706],[5.05599,50.16988],[5.05605,50.16876],[5.05645,50.16779],[5.0559,50.16707],[5.05787,50.16687],[5.0579,50.16655],[5.05881,50.16655],[5.06066,50.16686],[5.06176,50.16647],[5.06347,50.16497],[5.06498,50.16494],[5.06616,50.16458],[5.06794,50.16377],[5.06976,50.16343],[5.06918,50.16292],[5.06981,50.16188],[5.0712,50.16037],[5.07036,50.15985],[5.06952,50.15948],[5.06932,50.1588],[5.07011,50.15672],[5.0711,50.15527],[5.07347,50.1537],[5.07552,50.15334],[5.07763,50.15131],[5.07772,50.15131],[5.07733,50.14962],[5.08168,50.14748],[5.08267,50.14622],[5.08326,50.14383],[5.08445,50.14006],[5.08484,50.13723],[5.0796,50.13559],[5.07585,50.13522],[5.07358,50.13549],[5.07968,50.12804],[5.08081,50.12679],[5.07763,50.12375],[5.07377,50.12497],[5.07282,50.12542],[5.07193,50.12606],[5.07077,50.12705],[5.06887,50.1281],[5.0662,50.12998],[5.06609,50.13015],[5.06509,50.12957],[5.06502,50.12904],[5.06461,50.12802],[5.0652,50.12519],[5.06522,50.12398],[5.06573,50.1231],[5.0657,50.12278]]]}},{"type":"Feature","id":"91120","bbox":[5.21427,50.238999,5.402671,50.388368],"properties":{"nis":"91120","name":"Somme-Leuze","nameNl":"Somme-Leuze","nameFr":"Somme-Leuze","nameDe":"Somme-Leuze","province":"namur","region":"wallonia","areaKm2":94.83},"geometry":{"type":"Polygon","coordinates":[[[5.25495,50.23981],[5.25633,50.2394],[5.2572,50.23952],[5.2602,50.24029],[5.2655,50.24074],[5.27129,50.24177],[5.27383,50.24281],[5.27588,50.24384],[5.27912,50.24626],[5.282,50.24827],[5.28234,50.24863],[5.28312,50.249],[5.28387,50.24805],[5.28465,50.24672],[5.28505,50.2463],[5.28831,50.24377],[5.29142,50.24131],[5.29288,50.23977],[5.29393,50.239],[5.29683,50.24108],[5.29814,50.24164],[5.29979,50.2421],[5.30444,50.24371],[5.31137,50.2451],[5.31306,50.24567],[5.3134,50.2455],[5.31448,50.24632],[5.31475,50.24635],[5.31563,50.24696],[5.31869,50.24846],[5.3226,50.25074],[5.32485,50.25189],[5.33121,50.25439],[5.33455,50.25699],[5.33651,50.25895],[5.33806,50.26056],[5.33844,50.2612],[5.33878,50.26121],[5.33851,50.26167],[5.33906,50.26172],[5.33959,50.26155],[5.34022,50.26178],[5.34005,50.26202],[5.33994,50.26284],[5.34063,50.26307],[5.34044,50.26323],[5.34153,50.26337],[5.34232,50.26365],[5.34232,50.26411],[5.34263,50.2645],[5.34331,50.26463],[5.34313,50.26501],[5.34371,50.26558],[5.34401,50.26522],[5.34464,50.26547],[5.34479,50.26502],[5.34579,50.26531],[5.34594,50.26549],[5.34571,50.26606],[5.34575,50.26648],[5.34649,50.2669],[5.34721,50.2663],[5.34768,50.26644],[5.34756,50.26703],[5.3479,50.26697],[5.34838,50.26653],[5.34921,50.26712],[5.34889,50.26738],[5.34986,50.26749],[5.34977,50.26785],[5.35093,50.26791],[5.3511,50.26823],[5.35151,50.26834],[5.35176,50.2689],[5.3526,50.26902],[5.35249,50.26948],[5.35269,50.26968],[5.35342,50.26979],[5.3538,50.2704],[5.35439,50.27047],[5.35462,50.27078],[5.3543,50.27105],[5.35449,50.27122],[5.3541,50.27146],[5.35481,50.27201],[5.35531,50.27215],[5.35498,50.27245],[5.35532,50.27254],[5.35595,50.27224],[5.35642,50.27257],[5.35658,50.27304],[5.35741,50.27373],[5.35825,50.27423],[5.35857,50.27403],[5.35945,50.27453],[5.35878,50.27522],[5.36014,50.27578],[5.3617,50.2758],[5.36383,50.27698],[5.36577,50.2773],[5.3672,50.27792],[5.36977,50.27767],[5.37205,50.27751],[5.37226,50.27841],[5.37336,50.27847],[5.37362,50.27895],[5.37496,50.27869],[5.37542,50.27847],[5.37593,50.2786],[5.37613,50.27836],[5.37701,50.27827],[5.37727,50.27888],[5.37804,50.27894],[5.37911,50.27922],[5.37901,50.27973],[5.37957,50.28003],[5.38007,50.28007],[5.3805,50.28068],[5.38121,50.28096],[5.38177,50.28091],[5.38208,50.28138],[5.38295,50.28145],[5.38308,50.28173],[5.3826,50.28248],[5.38348,50.28265],[5.38429,50.28237],[5.38533,50.28327],[5.3855,50.28418],[5.38591,50.28435],[5.38645,50.28419],[5.38697,50.28442],[5.38669,50.28481],[5.38691,50.28503],[5.38801,50.28519],[5.38923,50.28547],[5.3898,50.28539],[5.39019,50.28501],[5.39078,50.28514],[5.39106,50.28546],[5.39158,50.2856],[5.39205,50.2863],[5.39268,50.28658],[5.39248,50.2868],[5.39268,50.28709],[5.39316,50.28712],[5.39338,50.28689],[5.39413,50.28713],[5.39471,50.28716],[5.39502,50.28747],[5.39485,50.28778],[5.39532,50.28841],[5.39569,50.28948],[5.39599,50.2899],[5.39588,50.29107],[5.39559,50.29146],[5.39577,50.29216],[5.39479,50.2927],[5.39499,50.29342],[5.39536,50.29407],[5.39446,50.29422],[5.39438,50.2945],[5.39466,50.29485],[5.39378,50.29611],[5.39353,50.2963],[5.39369,50.29663],[5.39326,50.29713],[5.39288,50.29719],[5.39157,50.29696],[5.39126,50.29657],[5.3908,50.29655],[5.39058,50.29715],[5.38931,50.29763],[5.3886,50.2982],[5.38972,50.29892],[5.39046,50.299],[5.39228,50.29861],[5.39291,50.29863],[5.3935,50.29887],[5.39384,50.29947],[5.39375,50.30003],[5.39327,50.30071],[5.39225,50.30185],[5.39053,50.30562],[5.39016,50.3066],[5.391,50.30801],[5.39204,50.30895],[5.3931,50.3098],[5.39095,50.3113],[5.39043,50.31155],[5.38937,50.31249],[5.3892,50.31309],[5.38881,50.31366],[5.38856,50.31434],[5.38862,50.31489],[5.38843,50.31598],[5.38812,50.31629],[5.38718,50.31627],[5.38658,50.31662],[5.3845,50.31513],[5.38314,50.31454],[5.38072,50.3139],[5.38022,50.31468],[5.37903,50.31532],[5.3778,50.31551],[5.37564,50.31546],[5.37488,50.31603],[5.37297,50.31654],[5.37195,50.31643],[5.3714,50.31675],[5.36958,50.31737],[5.36738,50.31759],[5.36598,50.31832],[5.36386,50.3181],[5.36161,50.31762],[5.36098,50.31694],[5.35945,50.31673],[5.35611,50.31309],[5.3553,50.31228],[5.35598,50.31136],[5.35535,50.31058],[5.35467,50.3101],[5.35361,50.31007],[5.3525,50.30902],[5.34967,50.30805],[5.34907,50.30592],[5.34874,50.30557],[5.34738,50.305],[5.34611,50.30775],[5.34221,50.3101],[5.3417,50.31169],[5.34213,50.31263],[5.342,50.31379],[5.34238,50.31465],[5.34234,50.31587],[5.34344,50.31678],[5.3473,50.31907],[5.35023,50.32075],[5.35114,50.32136],[5.35221,50.32142],[5.35522,50.32212],[5.36043,50.32309],[5.36297,50.32376],[5.36729,50.32433],[5.37208,50.32527],[5.37496,50.32632],[5.37695,50.32689],[5.37708,50.32799],[5.37661,50.32858],[5.37831,50.32912],[5.37843,50.32872],[5.38111,50.32931],[5.38064,50.32996],[5.38678,50.33195],[5.38758,50.33233],[5.38562,50.33251],[5.38712,50.33349],[5.39127,50.33554],[5.3917,50.335],[5.39297,50.33559],[5.39386,50.33532],[5.39513,50.33543],[5.39577,50.33566],[5.39524,50.3363],[5.39527,50.33758],[5.3954,50.33777],[5.3953,50.3392],[5.39476,50.34026],[5.39653,50.34072],[5.39606,50.34128],[5.39365,50.34268],[5.39021,50.34289],[5.38934,50.34308],[5.38856,50.3428],[5.38648,50.34376],[5.38513,50.34465],[5.38441,50.34554],[5.38432,50.34669],[5.38331,50.34834],[5.38343,50.34888],[5.38217,50.3496],[5.3814,50.34996],[5.38144,50.3506],[5.38094,50.35103],[5.38115,50.35173],[5.38276,50.35313],[5.38585,50.35454],[5.38687,50.3554],[5.3892,50.35629],[5.39106,50.35882],[5.39157,50.35871],[5.39229,50.35976],[5.39204,50.36017],[5.39373,50.36089],[5.39343,50.36115],[5.39538,50.362],[5.39615,50.36125],[5.39763,50.36197],[5.39771,50.36222],[5.39939,50.36306],[5.39934,50.3638],[5.39974,50.36449],[5.40021,50.36631],[5.40267,50.36774],[5.40225,50.36804],[5.40148,50.36761],[5.39983,50.36833],[5.39882,50.36901],[5.39767,50.36925],[5.39975,50.37081],[5.4003,50.37092],[5.39932,50.37235],[5.40165,50.37359],[5.39958,50.37472],[5.39716,50.37709],[5.39538,50.37663],[5.39294,50.37944],[5.391,50.38241],[5.38567,50.38522],[5.38256,50.38682],[5.38019,50.38672],[5.37855,50.38562],[5.37888,50.38483],[5.37922,50.3845],[5.37792,50.38321],[5.37579,50.38224],[5.37558,50.38249],[5.37493,50.38226],[5.37398,50.38172],[5.37232,50.38097],[5.3721,50.38119],[5.37122,50.38094],[5.37105,50.38036],[5.36837,50.37986],[5.36731,50.38004],[5.36659,50.38042],[5.36606,50.38111],[5.3641,50.38091],[5.36376,50.38133],[5.36345,50.38139],[5.36224,50.38129],[5.36146,50.3811],[5.36275,50.38198],[5.36217,50.3837],[5.36321,50.38404],[5.36261,50.38486],[5.35859,50.38725],[5.35504,50.38782],[5.35139,50.38837],[5.34997,50.38774],[5.34645,50.38651],[5.35056,50.37349],[5.35081,50.37033],[5.35047,50.36949],[5.35097,50.36663],[5.35271,50.36275],[5.35869,50.3544],[5.36034,50.3516],[5.3617,50.35009],[5.36318,50.35015],[5.36216,50.34731],[5.36127,50.34696],[5.3575,50.34672],[5.35555,50.34594],[5.35559,50.34472],[5.355,50.34429],[5.35326,50.34351],[5.3522,50.34238],[5.35161,50.34128],[5.35165,50.34031],[5.35281,50.33887],[5.35176,50.33883],[5.34856,50.33861],[5.34788,50.33888],[5.34548,50.3391],[5.34376,50.33834],[5.34371,50.33785],[5.34293,50.33702],[5.34249,50.3368],[5.34163,50.33567],[5.3411,50.33545],[5.34027,50.33558],[5.33977,50.33596],[5.3384,50.33639],[5.33841,50.33612],[5.33793,50.33594],[5.33714,50.33531],[5.33652,50.33469],[5.3349,50.3346],[5.33409,50.33423],[5.33356,50.33438],[5.33314,50.33373],[5.33298,50.33306],[5.33108,50.33212],[5.33058,50.33261],[5.33008,50.33276],[5.32886,50.33252],[5.32793,50.332],[5.32627,50.33632],[5.32716,50.33678],[5.3275,50.33737],[5.32725,50.33815],[5.3256,50.33901],[5.32369,50.33925],[5.32026,50.34152],[5.31742,50.33993],[5.31657,50.34049],[5.31449,50.33947],[5.3136,50.3392],[5.31246,50.3385],[5.31204,50.33739],[5.30995,50.33681],[5.31072,50.33365],[5.31246,50.33044],[5.31195,50.32869],[5.31127,50.32753],[5.30983,50.32616],[5.31081,50.32548],[5.31229,50.32419],[5.3122,50.32387],[5.31462,50.32211],[5.31567,50.3213],[5.31536,50.32097],[5.31436,50.3204],[5.31325,50.31991],[5.31253,50.31944],[5.31174,50.31926],[5.30928,50.31915],[5.30797,50.31805],[5.30577,50.31705],[5.30378,50.31629],[5.30331,50.31605],[5.30174,50.3157],[5.30077,50.31484],[5.30132,50.31441],[5.30051,50.31384],[5.29992,50.31279],[5.29988,50.31188],[5.29929,50.31091],[5.29958,50.31031],[5.30077,50.30939],[5.29932,50.30921],[5.29653,50.30929],[5.2933,50.30867],[5.29294,50.309],[5.29157,50.30862],[5.28968,50.30827],[5.28754,50.30782],[5.2877,50.30758],[5.28668,50.30752],[5.28667,50.30773],[5.28547,50.3076],[5.28479,50.30764],[5.28359,50.30757],[5.28425,50.30798],[5.28494,50.30877],[5.28339,50.30923],[5.28331,50.30985],[5.28208,50.30999],[5.28018,50.31096],[5.27878,50.31093],[5.27696,50.31128],[5.2756,50.3123],[5.27369,50.31193],[5.27191,50.31109],[5.26891,50.3136],[5.26641,50.31309],[5.26602,50.31204],[5.26509,50.31104],[5.2645,50.30939],[5.26497,50.30786],[5.26501,50.30729],[5.26285,50.30608],[5.25886,50.3043],[5.25741,50.30405],[5.25662,50.30379],[5.25666,50.30314],[5.25369,50.30058],[5.25217,50.30039],[5.24908,50.29991],[5.24514,50.29856],[5.24162,50.29789],[5.23929,50.29697],[5.23683,50.29535],[5.23532,50.29465],[5.23463,50.2944],[5.23424,50.29408],[5.23366,50.29441],[5.23279,50.29458],[5.23202,50.29447],[5.23166,50.29459],[5.22992,50.29456],[5.22762,50.29484],[5.2252,50.29449],[5.22297,50.29396],[5.21996,50.29251],[5.21831,50.29192],[5.21811,50.29157],[5.21726,50.29133],[5.21645,50.29184],[5.21576,50.2912],[5.21427,50.2905],[5.21759,50.28633],[5.21828,50.28337],[5.22342,50.28218],[5.22984,50.28293],[5.23034,50.2823],[5.22876,50.28048],[5.22945,50.27922],[5.22579,50.27759],[5.22124,50.27256],[5.22184,50.27092],[5.21858,50.2701],[5.22006,50.2674],[5.21707,50.26513],[5.21966,50.26281],[5.22016,50.26161],[5.22283,50.26231],[5.22718,50.26444],[5.22806,50.26337],[5.23044,50.26463],[5.23419,50.26532],[5.23676,50.26224],[5.23805,50.26042],[5.23953,50.25979],[5.2425,50.25721],[5.24477,50.25671],[5.24487,50.25658],[5.24853,50.25482],[5.24942,50.25369],[5.25644,50.25352],[5.25525,50.2491],[5.25575,50.2464],[5.2594,50.24231],[5.25703,50.24105],[5.25495,50.23981]]]}},{"type":"Feature","id":"91141","bbox":[4.853746,50.280905,5.024738,50.364093],"properties":{"nis":"91141","name":"Yvoir","nameNl":"Yvoir","nameFr":"Yvoir","nameDe":"Yvoir","province":"namur","region":"wallonia","areaKm2":56.98},"geometry":{"type":"Polygon","coordinates":[[[5.00256,50.3],[5.02102,50.31049],[5.0213,50.31095],[5.02301,50.31198],[5.02388,50.31265],[5.02303,50.3134],[5.02176,50.31317],[5.02003,50.31255],[5.01905,50.31353],[5.01745,50.3131],[5.01667,50.31402],[5.01579,50.31379],[5.01534,50.31512],[5.01445,50.31671],[5.01512,50.31679],[5.0155,50.31721],[5.01754,50.31825],[5.01793,50.31826],[5.01826,50.31934],[5.01795,50.3211],[5.02039,50.32166],[5.02049,50.3212],[5.02474,50.3231],[5.02337,50.32592],[5.02319,50.32665],[5.02222,50.32824],[5.02311,50.33296],[5.02186,50.33761],[5.02044,50.34202],[5.01767,50.34164],[5.01471,50.34635],[5.01332,50.35107],[5.00897,50.34994],[5.00561,50.35057],[5.00195,50.34969],[4.99983,50.34968],[4.99879,50.34937],[4.99711,50.35032],[4.99365,50.35006],[4.99226,50.34573],[4.98603,50.34497],[4.9842,50.34444],[4.98419,50.34435],[4.97926,50.34362],[4.97415,50.34303],[4.97032,50.34271],[4.96656,50.34233],[4.95984,50.34277],[4.95984,50.34271],[4.95806,50.34189],[4.9493,50.34121],[4.94969,50.34153],[4.94891,50.34276],[4.93899,50.34212],[4.93894,50.34171],[4.93333,50.3403],[4.92688,50.33859],[4.92639,50.33832],[4.92534,50.3381],[4.92474,50.33835],[4.9243,50.33802],[4.92345,50.33813],[4.92279,50.33798],[4.92156,50.33818],[4.92109,50.33809],[4.92083,50.33781],[4.91983,50.33743],[4.9188,50.33723],[4.91819,50.33739],[4.91666,50.33817],[4.91451,50.33841],[4.91381,50.33858],[4.91273,50.33851],[4.91091,50.33887],[4.91009,50.33894],[4.90945,50.33925],[4.9087,50.33909],[4.90829,50.33914],[4.90739,50.33896],[4.90697,50.33834],[4.90602,50.33847],[4.90602,50.33933],[4.90632,50.33982],[4.90839,50.34039],[4.91171,50.33983],[4.91311,50.34031],[4.91447,50.34096],[4.91547,50.3416],[4.91537,50.3417],[4.91627,50.34231],[4.9168,50.34316],[4.91708,50.34388],[4.91659,50.34451],[4.91638,50.34452],[4.91665,50.34519],[4.91703,50.34736],[4.91659,50.34903],[4.91494,50.35042],[4.91451,50.3529],[4.91437,50.35487],[4.91486,50.35589],[4.91439,50.35694],[4.91199,50.35843],[4.90971,50.35824],[4.90052,50.35818],[4.89943,50.36126],[4.89583,50.36409],[4.8924,50.36269],[4.88918,50.36199],[4.88592,50.36102],[4.88486,50.36091],[4.88325,50.3611],[4.8815,50.36154],[4.88067,50.36152],[4.87737,50.36085],[4.87524,50.36024],[4.87482,50.36064],[4.87321,50.36037],[4.87355,50.35978],[4.87473,50.35843],[4.87808,50.35625],[4.87867,50.35525],[4.87872,50.35442],[4.87749,50.35326],[4.87291,50.35232],[4.86867,50.35164],[4.86668,50.35089],[4.8616,50.351],[4.85751,50.35105],[4.85574,50.35076],[4.85421,50.35008],[4.85374,50.34895],[4.85404,50.34733],[4.85502,50.34572],[4.86036,50.34062],[4.86247,50.33904],[4.8657,50.33821],[4.86726,50.3379],[4.86763,50.33772],[4.8688,50.33769],[4.8697,50.33756],[4.8714,50.33689],[4.87214,50.33615],[4.87263,50.33537],[4.87286,50.33468],[4.8729,50.33377],[4.87251,50.33106],[4.87223,50.33029],[4.87189,50.32842],[4.87207,50.32695],[4.87228,50.32631],[4.8728,50.32559],[4.87406,50.32459],[4.87497,50.32357],[4.87523,50.32314],[4.87654,50.31966],[4.87669,50.3188],[4.87743,50.31574],[4.87807,50.31478],[4.87877,50.31401],[4.88094,50.31225],[4.88391,50.31045],[4.88645,50.30914],[4.88918,50.3076],[4.8914,50.30616],[4.89244,50.30563],[4.89371,50.30509],[4.89462,50.30452],[4.89578,50.30326],[4.89664,50.30205],[4.89687,50.30088],[4.89651,50.29915],[4.89571,50.29733],[4.89552,50.29625],[4.8958,50.29437],[4.89563,50.29403],[4.89456,50.29172],[4.89358,50.29035],[4.89302,50.28797],[4.89302,50.28618],[4.89314,50.28495],[4.89339,50.28372],[4.89419,50.28091],[4.89685,50.28113],[4.89675,50.28224],[4.89654,50.28639],[4.89636,50.28723],[4.89643,50.28767],[4.89689,50.28888],[4.90051,50.28808],[4.90187,50.28843],[4.90336,50.28891],[4.90582,50.28928],[4.91032,50.29006],[4.91165,50.28999],[4.91239,50.29008],[4.9136,50.29052],[4.91458,50.29061],[4.91536,50.29045],[4.9159,50.29049],[4.91653,50.29094],[4.91744,50.29111],[4.91821,50.2909],[4.918,50.29227],[4.91779,50.29258],[4.91858,50.29294],[4.92172,50.29366],[4.92371,50.29385],[4.92461,50.29444],[4.92515,50.2951],[4.92534,50.29568],[4.92492,50.29572],[4.92483,50.2966],[4.92498,50.29768],[4.92845,50.29883],[4.93241,50.30065],[4.93518,50.30053],[4.94032,50.30355],[4.94239,50.30179],[4.94595,50.30311],[4.95149,50.30304],[4.95376,50.30468],[4.96009,50.30323],[4.96128,50.30208],[4.96503,50.29908],[4.96661,50.29984],[4.96859,50.29996],[4.96869,50.2982],[4.97591,50.29789],[4.97591,50.2987],[4.98283,50.29977],[4.98579,50.30009],[4.98787,50.30078],[4.99241,50.3018],[4.99322,50.30118],[4.99346,50.3008],[4.99479,50.30132],[4.99819,50.30177],[5.00256,50.3]]]}},{"type":"Feature","id":"91142","bbox":[4.752365,50.148294,4.900347,50.247418],"properties":{"nis":"91142","name":"Hastière","nameNl":"Hastière","nameFr":"Hastière","nameDe":"Hastière","province":"namur","region":"wallonia","areaKm2":56.56},"geometry":{"type":"Polygon","coordinates":[[[4.79637,50.14829],[4.79702,50.14856],[4.80655,50.1527],[4.80959,50.15553],[4.82301,50.16824],[4.82338,50.16898],[4.82418,50.16932],[4.82496,50.16923],[4.82384,50.16617],[4.82401,50.16514],[4.82401,50.16417],[4.82367,50.16245],[4.82411,50.16114],[4.82501,50.16013],[4.82628,50.15902],[4.8269,50.15859],[4.82832,50.15779],[4.82993,50.15705],[4.83056,50.15654],[4.8312,50.15571],[4.83244,50.15317],[4.83302,50.15327],[4.83354,50.15367],[4.83397,50.15349],[4.83455,50.1536],[4.83527,50.15336],[4.83561,50.1535],[4.83634,50.15346],[4.83664,50.1533],[4.83781,50.15319],[4.8391,50.1536],[4.83987,50.15406],[4.8408,50.15409],[4.84114,50.15347],[4.84173,50.15318],[4.84258,50.15305],[4.84271,50.15328],[4.84347,50.15353],[4.8443,50.15352],[4.84511,50.15389],[4.84655,50.15324],[4.84692,50.15331],[4.84779,50.15319],[4.84859,50.15331],[4.84948,50.15316],[4.84917,50.15257],[4.85028,50.15221],[4.85195,50.15225],[4.85229,50.1524],[4.8538,50.15239],[4.85443,50.15276],[4.85493,50.15259],[4.85622,50.15273],[4.85734,50.15265],[4.85836,50.15274],[4.85927,50.15254],[4.86099,50.15262],[4.86294,50.15237],[4.86387,50.15244],[4.86398,50.15282],[4.86456,50.15313],[4.86571,50.15307],[4.86695,50.15319],[4.86749,50.15368],[4.86857,50.15378],[4.86913,50.15342],[4.87038,50.1534],[4.87198,50.15373],[4.87192,50.15425],[4.87154,50.15458],[4.87137,50.15544],[4.87171,50.15576],[4.87183,50.1569],[4.87128,50.15738],[4.87128,50.15813],[4.87039,50.1583],[4.86933,50.15935],[4.86755,50.16083],[4.86586,50.16207],[4.86124,50.16532],[4.86038,50.16551],[4.8585,50.16568],[4.85909,50.16635],[4.85953,50.16648],[4.86001,50.1678],[4.85705,50.16992],[4.85664,50.16988],[4.85601,50.17052],[4.85746,50.17114],[4.8584,50.17121],[4.85928,50.17095],[4.8597,50.17148],[4.85964,50.17179],[4.85886,50.17259],[4.85811,50.17401],[4.85873,50.17501],[4.85857,50.17527],[4.85949,50.17614],[4.85972,50.17722],[4.857,50.17744],[4.85637,50.17779],[4.85607,50.17775],[4.85568,50.17857],[4.85436,50.17809],[4.85306,50.17812],[4.85256,50.17833],[4.85273,50.17859],[4.85442,50.18045],[4.85395,50.18136],[4.85603,50.18161],[4.85747,50.18107],[4.85874,50.18155],[4.85997,50.18115],[4.86039,50.18296],[4.86135,50.18465],[4.85747,50.18514],[4.85443,50.18567],[4.8548,50.18608],[4.85472,50.18659],[4.85514,50.18759],[4.85679,50.18862],[4.857,50.18921],[4.85688,50.18937],[4.85878,50.19048],[4.85878,50.1919],[4.8585,50.19237],[4.8577,50.19259],[4.85832,50.19332],[4.85909,50.1939],[4.86497,50.19799],[4.86717,50.19832],[4.86861,50.19837],[4.86925,50.19932],[4.86959,50.20077],[4.86912,50.20158],[4.86848,50.2019],[4.87082,50.20328],[4.87137,50.204],[4.87183,50.20395],[4.87196,50.20627],[4.87149,50.20791],[4.87192,50.20826],[4.87111,50.20861],[4.87082,50.20821],[4.87043,50.20832],[4.87065,50.20939],[4.86959,50.20963],[4.87132,50.2143],[4.87251,50.21551],[4.8742,50.21643],[4.87552,50.21683],[4.87725,50.2171],[4.87721,50.21715],[4.88505,50.21785],[4.88641,50.21802],[4.88747,50.21842],[4.8909,50.22066],[4.89149,50.22125],[4.89225,50.22244],[4.89242,50.22343],[4.89196,50.22435],[4.89086,50.2254],[4.88887,50.22863],[4.88802,50.23127],[4.88797,50.23127],[4.88823,50.23472],[4.88891,50.23629],[4.88859,50.23762],[4.88865,50.23896],[4.88976,50.23974],[4.89317,50.24113],[4.89289,50.2423],[4.89421,50.24317],[4.89691,50.24367],[4.89967,50.24429],[4.90035,50.24475],[4.89848,50.2451],[4.89378,50.24564],[4.88742,50.24607],[4.88484,50.24742],[4.88225,50.24707],[4.88039,50.24602],[4.87963,50.24521],[4.87899,50.24402],[4.87823,50.244],[4.87679,50.24367],[4.8731,50.2427],[4.87128,50.23995],[4.86836,50.23955],[4.86595,50.23957],[4.86497,50.23966],[4.86247,50.24019],[4.85726,50.24073],[4.8584,50.23812],[4.8495,50.22726],[4.84392,50.22513],[4.83713,50.22252],[4.83333,50.22139],[4.82935,50.2227],[4.82815,50.2237],[4.82624,50.22308],[4.82548,50.22352],[4.82642,50.22404],[4.82637,50.22435],[4.82449,50.22446],[4.82405,50.22416],[4.82285,50.22382],[4.82263,50.22357],[4.82169,50.22322],[4.82074,50.22329],[4.82058,50.22379],[4.81978,50.22419],[4.81888,50.22364],[4.81749,50.2234],[4.81687,50.2241],[4.81766,50.22446],[4.81749,50.22491],[4.81647,50.2251],[4.81533,50.22473],[4.81084,50.22473],[4.81105,50.22661],[4.8116,50.2288],[4.81113,50.22986],[4.81012,50.23235],[4.81003,50.23235],[4.80711,50.2361],[4.8063,50.23602],[4.8052,50.23828],[4.80485,50.23944],[4.79753,50.2392],[4.79392,50.23966],[4.79428,50.23738],[4.79448,50.23675],[4.79245,50.23626],[4.79423,50.23346],[4.79364,50.23313],[4.79228,50.2316],[4.79088,50.23144],[4.78537,50.22807],[4.78633,50.22648],[4.78506,50.22643],[4.78543,50.22539],[4.78565,50.22537],[4.78585,50.22395],[4.78489,50.22408],[4.7847,50.22352],[4.78517,50.22326],[4.7854,50.22277],[4.78469,50.22253],[4.78353,50.22198],[4.78289,50.22111],[4.78252,50.22077],[4.78111,50.22053],[4.77834,50.21907],[4.77699,50.21866],[4.77528,50.21829],[4.7744,50.2183],[4.77332,50.2185],[4.77201,50.2183],[4.77199,50.21784],[4.77138,50.21655],[4.77064,50.21594],[4.77059,50.21551],[4.77084,50.21537],[4.77453,50.21039],[4.7747,50.20974],[4.77766,50.20896],[4.77923,50.20904],[4.78008,50.20901],[4.78156,50.20866],[4.78211,50.20829],[4.78317,50.20815],[4.78393,50.20759],[4.78457,50.20635],[4.78542,50.20556],[4.78622,50.20535],[4.78721,50.20587],[4.78769,50.20596],[4.78781,50.20534],[4.78822,50.20452],[4.78767,50.20392],[4.78647,50.20399],[4.78525,50.20428],[4.78348,50.20435],[4.78296,50.20522],[4.7831,50.20564],[4.78255,50.2057],[4.7814,50.20514],[4.78113,50.20476],[4.78161,50.20432],[4.78282,50.20397],[4.78397,50.20311],[4.7835,50.20262],[4.78363,50.20194],[4.78342,50.20142],[4.78298,50.20114],[4.78137,50.20114],[4.78058,50.20136],[4.78027,50.19975],[4.78133,50.19794],[4.78129,50.19603],[4.78209,50.19468],[4.78184,50.19366],[4.78378,50.19056],[4.78349,50.18805],[4.78421,50.18724],[4.78404,50.18601],[4.78663,50.18627],[4.79175,50.18436],[4.79183,50.18388],[4.79434,50.18369],[4.79705,50.18126],[4.79946,50.17841],[4.79903,50.17813],[4.797,50.17725],[4.79603,50.17661],[4.79474,50.17603],[4.79037,50.17436],[4.78469,50.17191],[4.78303,50.17137],[4.78227,50.17124],[4.78095,50.17072],[4.78008,50.16992],[4.77922,50.16948],[4.77875,50.16957],[4.77789,50.16873],[4.77646,50.16814],[4.77035,50.16717],[4.76587,50.16593],[4.76315,50.16633],[4.76027,50.16717],[4.75693,50.16809],[4.75519,50.16511],[4.75237,50.1618],[4.75544,50.16084],[4.75743,50.15923],[4.76481,50.15693],[4.76671,50.15288],[4.76885,50.15083],[4.79459,50.14908],[4.79637,50.14829]]]}},{"type":"Feature","id":"91143","bbox":[4.847535,49.785545,4.990566,49.930916],"properties":{"nis":"91143","name":"Vresse-sur-Semois","nameNl":"Vresse-sur-Semois","nameFr":"Vresse-sur-Semois","nameDe":"Vresse-sur-Semois","province":"namur","region":"wallonia","areaKm2":100.91},"geometry":{"type":"Polygon","coordinates":[[[4.8757,49.92474],[4.87838,49.92352],[4.87976,49.92306],[4.88158,49.9221],[4.88169,49.92182],[4.88131,49.91893],[4.88064,49.91674],[4.88064,49.91633],[4.88123,49.91591],[4.88307,49.91442],[4.8851,49.91292],[4.8901,49.90897],[4.88981,49.90847],[4.88853,49.90804],[4.88814,49.90767],[4.88792,49.90704],[4.88785,49.90638],[4.88737,49.90617],[4.8855,49.90562],[4.88337,49.90569],[4.88279,49.90564],[4.88073,49.90593],[4.87869,49.90523],[4.87774,49.90465],[4.87752,49.90317],[4.87713,49.90242],[4.8768,49.90225],[4.87637,49.90151],[4.87875,49.90163],[4.88043,49.90186],[4.88143,49.90178],[4.88317,49.9018],[4.88437,49.90212],[4.88535,49.9021],[4.88673,49.90078],[4.88752,49.8997],[4.88773,49.89905],[4.88762,49.89857],[4.88727,49.89827],[4.88701,49.89776],[4.88619,49.89736],[4.88563,49.89692],[4.88378,49.89633],[4.88176,49.89592],[4.88111,49.89564],[4.87957,49.89536],[4.87943,49.89522],[4.87795,49.89459],[4.87774,49.89433],[4.8777,49.89289],[4.87717,49.89205],[4.87711,49.89171],[4.8765,49.89129],[4.87524,49.89063],[4.87457,49.89002],[4.87393,49.88914],[4.87274,49.888],[4.87217,49.887],[4.87148,49.88617],[4.87118,49.88541],[4.87008,49.88422],[4.86941,49.88374],[4.86931,49.88344],[4.86959,49.88287],[4.87008,49.88221],[4.87015,49.88175],[4.8707,49.8809],[4.87148,49.88024],[4.87181,49.87981],[4.87174,49.87936],[4.87114,49.87861],[4.86954,49.87909],[4.86851,49.87914],[4.86765,49.87892],[4.86687,49.8786],[4.86633,49.87812],[4.86511,49.87663],[4.86331,49.87422],[4.8621,49.8721],[4.86162,49.8709],[4.86152,49.8702],[4.86218,49.869],[4.86288,49.86814],[4.86308,49.86758],[4.8621,49.86657],[4.85961,49.86527],[4.8571,49.86474],[4.85629,49.86471],[4.85429,49.86479],[4.85282,49.86515],[4.8512,49.8659],[4.8503,49.86641],[4.84935,49.86726],[4.8487,49.86819],[4.84753,49.86809],[4.84765,49.86773],[4.84836,49.86702],[4.84913,49.86681],[4.84997,49.86628],[4.85086,49.86556],[4.85061,49.86519],[4.85087,49.86378],[4.85116,49.86302],[4.85124,49.86098],[4.85165,49.86091],[4.85151,49.86055],[4.85198,49.85955],[4.85216,49.85851],[4.85199,49.85788],[4.85204,49.85703],[4.85166,49.85572],[4.85173,49.85421],[4.85168,49.85359],[4.8519,49.85268],[4.85216,49.85215],[4.85391,49.84999],[4.85477,49.84932],[4.85512,49.84866],[4.85578,49.84806],[4.85705,49.84758],[4.85759,49.84714],[4.85779,49.84668],[4.85735,49.84599],[4.85677,49.84485],[4.85672,49.84443],[4.85714,49.84346],[4.8573,49.84219],[4.85703,49.84152],[4.85722,49.8413],[4.85783,49.84182],[4.86043,49.84178],[4.86236,49.84203],[4.8657,49.8418],[4.86717,49.84206],[4.86925,49.8342],[4.869,49.83405],[4.86754,49.83368],[4.86637,49.83317],[4.86637,49.83258],[4.86691,49.83195],[4.86794,49.83132],[4.86849,49.83131],[4.86888,49.83096],[4.86847,49.82961],[4.86855,49.82926],[4.86825,49.82916],[4.86848,49.82856],[4.86906,49.82823],[4.86933,49.82833],[4.86915,49.82787],[4.86971,49.82772],[4.86927,49.82641],[4.86918,49.82576],[4.8694,49.8254],[4.86948,49.82482],[4.86907,49.82433],[4.86942,49.82386],[4.86918,49.82304],[4.86945,49.8228],[4.87152,49.8217],[4.87324,49.82097],[4.87468,49.82066],[4.87542,49.82003],[4.87613,49.8198],[4.87638,49.81894],[4.87593,49.81826],[4.87614,49.8174],[4.87587,49.81706],[4.87477,49.81657],[4.87359,49.81641],[4.87229,49.81592],[4.87179,49.816],[4.8714,49.81562],[4.87023,49.81556],[4.86918,49.81531],[4.86925,49.81498],[4.86892,49.8147],[4.86771,49.81452],[4.86707,49.81355],[4.86657,49.81334],[4.86526,49.81329],[4.86549,49.81143],[4.86582,49.81115],[4.86582,49.81074],[4.86544,49.8102],[4.86483,49.80866],[4.86441,49.80731],[4.86453,49.80694],[4.86478,49.80536],[4.86439,49.80497],[4.86314,49.80451],[4.8634,49.80351],[4.86304,49.8031],[4.86273,49.80242],[4.86306,49.80175],[4.86145,49.80128],[4.86045,49.80083],[4.85946,49.80019],[4.85922,49.79977],[4.85934,49.79852],[4.85922,49.79691],[4.85629,49.79494],[4.85476,49.79439],[4.85164,49.79344],[4.85214,49.79294],[4.85331,49.79248],[4.85485,49.79217],[4.85612,49.79208],[4.85733,49.79154],[4.85826,49.791],[4.85948,49.78993],[4.86083,49.78924],[4.8629,49.78881],[4.8637,49.78875],[4.86533,49.78913],[4.86655,49.78926],[4.86809,49.7892],[4.86993,49.78922],[4.87133,49.78931],[4.87113,49.78947],[4.87009,49.79321],[4.86995,49.79356],[4.87147,49.79341],[4.87339,49.79348],[4.87529,49.79346],[4.87584,49.79353],[4.87669,49.79343],[4.8797,49.79295],[4.88045,49.79271],[4.88141,49.79181],[4.88536,49.78954],[4.88624,49.78891],[4.88779,49.78815],[4.88897,49.7888],[4.88945,49.78886],[4.88998,49.78868],[4.8915,49.78878],[4.89224,49.7885],[4.89314,49.78866],[4.89414,49.78835],[4.89485,49.78835],[4.89612,49.78875],[4.89671,49.78912],[4.89783,49.78922],[4.89893,49.78803],[4.90018,49.78655],[4.9009,49.78612],[4.90278,49.78596],[4.90393,49.78567],[4.90485,49.78556],[4.90617,49.78557],[4.90858,49.78577],[4.90988,49.78612],[4.91069,49.78645],[4.91245,49.78699],[4.91381,49.78716],[4.9167,49.78765],[4.91744,49.78758],[4.91851,49.78822],[4.91966,49.78864],[4.92056,49.78873],[4.92152,49.78869],[4.92398,49.7883],[4.92539,49.78767],[4.92825,49.78729],[4.9291,49.78729],[4.93079,49.787],[4.93111,49.7875],[4.93222,49.78838],[4.93197,49.78909],[4.93192,49.78986],[4.93892,49.79309],[4.94206,49.79267],[4.94285,49.79149],[4.94287,49.79049],[4.94359,49.79166],[4.94508,49.79323],[4.94587,49.79419],[4.94653,49.79553],[4.94667,49.79608],[4.94676,49.79811],[4.94716,49.7991],[4.94769,49.79901],[4.94809,49.79926],[4.94877,49.79925],[4.94968,49.79963],[4.95061,49.79987],[4.95127,49.79991],[4.95216,49.80036],[4.95353,49.80066],[4.95406,49.80093],[4.95502,49.80114],[4.95598,49.80118],[4.95681,49.80185],[4.95692,49.80151],[4.95669,49.80085],[4.95698,49.80047],[4.95748,49.80029],[4.95757,49.80005],[4.95888,49.79946],[4.9598,49.79874],[4.96069,49.7984],[4.96123,49.79837],[4.9623,49.79782],[4.96387,49.7982],[4.96509,49.79826],[4.96653,49.7982],[4.96702,49.79826],[4.96754,49.79856],[4.96784,49.79994],[4.96864,49.80159],[4.96923,49.80263],[4.96859,49.80281],[4.96893,49.80331],[4.96872,49.80337],[4.96945,49.80421],[4.97019,49.80399],[4.97033,49.80551],[4.97021,49.80769],[4.96978,49.80876],[4.96919,49.81064],[4.97091,49.81219],[4.97112,49.81254],[4.97242,49.81311],[4.9725,49.8133],[4.97558,49.81447],[4.97738,49.81493],[4.97988,49.81574],[4.9812,49.81646],[4.97988,49.81814],[4.97705,49.8184],[4.97718,49.81922],[4.97707,49.81996],[4.97939,49.82045],[4.97971,49.82045],[4.98276,49.82099],[4.98594,49.82083],[4.98742,49.82032],[4.98801,49.82041],[4.98785,49.82094],[4.98776,49.82204],[4.98762,49.82257],[4.98806,49.8232],[4.98892,49.82367],[4.98976,49.824],[4.99057,49.82407],[4.9905,49.82437],[4.98793,49.82449],[4.98702,49.82475],[4.98598,49.82516],[4.98506,49.82574],[4.98443,49.82633],[4.98344,49.82873],[4.98306,49.83317],[4.98368,49.83509],[4.98459,49.83678],[4.98538,49.83788],[4.98547,49.83821],[4.98525,49.8388],[4.98209,49.84163],[4.9812,49.84288],[4.9809,49.84393],[4.97997,49.8457],[4.97988,49.8457],[4.97886,49.84702],[4.97717,49.84762],[4.97613,49.84752],[4.97582,49.84797],[4.97526,49.84929],[4.97467,49.84983],[4.97376,49.85188],[4.97536,49.85332],[4.97753,49.8556],[4.9786,49.85642],[4.9782,49.85676],[4.97686,49.85743],[4.97738,49.85766],[4.97478,49.85866],[4.96776,49.86611],[4.95391,49.87624],[4.94464,49.87818],[4.94518,49.8792],[4.94463,49.88014],[4.9445,49.88106],[4.94298,49.88168],[4.94141,49.88163],[4.93891,49.88058],[4.93679,49.88076],[4.93552,49.88141],[4.93535,49.88192],[4.93628,49.88341],[4.93421,49.88359],[4.93404,49.88459],[4.93438,49.88508],[4.93425,49.88586],[4.93476,49.88774],[4.93446,49.88809],[4.93281,49.88866],[4.93387,49.88998],[4.93374,49.89047],[4.93285,49.89041],[4.93082,49.89216],[4.93065,49.89316],[4.93166,49.89367],[4.93192,49.89451],[4.93323,49.89526],[4.93463,49.89542],[4.93904,49.89623],[4.94069,49.89556],[4.94175,49.89553],[4.94459,49.89726],[4.94522,49.89747],[4.94527,49.89874],[4.9445,49.89898],[4.94353,49.89995],[4.94332,49.90084],[4.94395,49.90162],[4.94518,49.90238],[4.94633,49.90345],[4.94755,49.90396],[4.94843,49.90638],[4.9485,49.90751],[4.94959,49.90901],[4.95128,49.90946],[4.95246,49.90945],[4.95251,49.91089],[4.95107,49.91243],[4.95052,49.91391],[4.94929,49.91523],[4.94726,49.91669],[4.94569,49.9172],[4.9445,49.91674],[4.94302,49.91642],[4.94306,49.9169],[4.94222,49.91744],[4.93734,49.92369],[4.93514,49.92254],[4.9334,49.92334],[4.93298,49.92386],[4.93128,49.92429],[4.92963,49.92523],[4.92874,49.9252],[4.92832,49.92555],[4.92726,49.92531],[4.92671,49.92528],[4.92577,49.92485],[4.9237,49.92415],[4.92171,49.92421],[4.92054,49.92392],[4.92098,49.92853],[4.9201,49.92995],[4.9173,49.93051],[4.91497,49.93092],[4.91378,49.93092],[4.91252,49.93032],[4.91239,49.92933],[4.9109,49.92873],[4.91188,49.92811],[4.91154,49.92768],[4.91099,49.92768],[4.91065,49.9269],[4.90806,49.92774],[4.90713,49.92698],[4.90578,49.92634],[4.90408,49.9258],[4.90243,49.92547],[4.90158,49.92391],[4.90014,49.9248],[4.89726,49.92571],[4.8965,49.92607],[4.89506,49.92601],[4.89451,49.92558],[4.89285,49.92528],[4.89188,49.92477],[4.89137,49.92388],[4.8909,49.92329],[4.88968,49.9234],[4.8887,49.92294],[4.88756,49.92299],[4.88709,49.92348],[4.88582,49.92396],[4.88226,49.92399],[4.88213,49.92359],[4.87866,49.92453],[4.87693,49.92545],[4.8757,49.92474]]]}},{"type":"Feature","id":"92003","bbox":[4.961849,50.447375,5.16409,50.531783],"properties":{"nis":"92003","name":"Andenne","nameNl":"Andenne","nameFr":"Andenne","nameDe":"Andenne","province":"namur","region":"wallonia","areaKm2":85.84},"geometry":{"type":"Polygon","coordinates":[[[5.14494,50.50858],[5.14489,50.50858],[5.14286,50.51114],[5.14235,50.51211],[5.13638,50.50998],[5.13413,50.51041],[5.13388,50.51014],[5.13447,50.50939],[5.13312,50.50876],[5.1313,50.50836],[5.13002,50.50787],[5.12901,50.50766],[5.12871,50.50804],[5.12727,50.50761],[5.12698,50.50691],[5.12579,50.50612],[5.12447,50.50558],[5.12278,50.50529],[5.12007,50.50456],[5.11969,50.50575],[5.11909,50.50573],[5.11941,50.50417],[5.11813,50.50365],[5.11738,50.50351],[5.11725,50.5037],[5.11633,50.50356],[5.11494,50.50358],[5.11514,50.50402],[5.11302,50.50685],[5.11154,50.50649],[5.11083,50.5073],[5.10893,50.507],[5.10844,50.50803],[5.10669,50.50781],[5.10445,50.50735],[5.10364,50.50813],[5.10194,50.50847],[5.10017,50.51085],[5.09967,50.51228],[5.09784,50.5122],[5.0948,50.5152],[5.09537,50.51601],[5.09798,50.51664],[5.096,50.51853],[5.09438,50.51799],[5.09417,50.51848],[5.0953,50.51902],[5.0953,50.51911],[5.09805,50.52006],[5.09657,50.52163],[5.09373,50.52407],[5.09109,50.52446],[5.09004,50.52577],[5.09039,50.52611],[5.09174,50.52666],[5.09243,50.52581],[5.09498,50.52651],[5.09438,50.52732],[5.09407,50.52725],[5.09236,50.5293],[5.08806,50.52932],[5.08232,50.52954],[5.07441,50.52989],[5.06226,50.5305],[5.05968,50.5306],[5.03425,50.53178],[5.03309,50.53102],[5.03146,50.53012],[5.02963,50.52936],[5.02956,50.52837],[5.02814,50.52698],[5.02765,50.52536],[5.02641,50.52353],[5.02549,50.52313],[5.02829,50.51975],[5.02723,50.51939],[5.02807,50.51822],[5.02588,50.51718],[5.02426,50.51683],[5.022,50.51543],[5.02172,50.51471],[5.02008,50.514],[5.02025,50.51289],[5.01902,50.51433],[5.0159,50.51367],[5.01664,50.51314],[5.01487,50.5122],[5.01282,50.51148],[5.01211,50.51198],[5.00971,50.51108],[5.00753,50.51296],[5.00555,50.51552],[5.00279,50.51476],[4.99954,50.51557],[4.99644,50.5144],[4.99524,50.51566],[4.99263,50.51498],[4.99149,50.51503],[4.98934,50.51492],[4.98779,50.51399],[4.98655,50.51319],[4.98415,50.51234],[4.98189,50.51207],[4.98182,50.51108],[4.98048,50.5104],[4.9797,50.50915],[4.97912,50.50898],[4.97877,50.50865],[4.97398,50.50793],[4.97209,50.51043],[4.97022,50.5088],[4.96519,50.50709],[4.96513,50.50702],[4.96689,50.50557],[4.97049,50.5039],[4.98209,50.50021],[4.9825,50.49994],[4.98222,50.49978],[4.98204,50.4993],[4.98231,50.49877],[4.98217,50.49812],[4.98257,50.49778],[4.98302,50.49766],[4.98353,50.49715],[4.98426,50.49701],[4.98436,50.49664],[4.98405,50.49614],[4.98341,50.49543],[4.98304,50.49547],[4.98154,50.49385],[4.98154,50.49325],[4.98202,50.49268],[4.982,50.492],[4.98261,50.49101],[4.98391,50.49006],[4.98404,50.48976],[4.98321,50.4889],[4.98265,50.48787],[4.98308,50.48684],[4.98154,50.48512],[4.98197,50.48482],[4.98011,50.48288],[4.97882,50.4812],[4.97755,50.48019],[4.97583,50.47843],[4.97514,50.47779],[4.97497,50.4772],[4.97223,50.4783],[4.97168,50.47752],[4.97168,50.47679],[4.96973,50.47525],[4.96846,50.47415],[4.96668,50.47248],[4.96469,50.47129],[4.96236,50.47067],[4.96282,50.46959],[4.96596,50.46558],[4.96731,50.46553],[4.97011,50.46377],[4.96922,50.4634],[4.96774,50.462],[4.96714,50.45933],[4.96587,50.45784],[4.96536,50.45688],[4.96488,50.45683],[4.96397,50.45704],[4.96185,50.45464],[4.96405,50.45264],[4.96477,50.45092],[4.96662,50.45158],[4.96769,50.45194],[4.96712,50.45266],[4.97129,50.45439],[4.97181,50.45401],[4.97397,50.45361],[4.97541,50.45394],[4.9764,50.45287],[4.97808,50.45237],[4.98283,50.45212],[4.9854,50.45212],[4.98747,50.4518],[4.98975,50.45275],[4.98757,50.45451],[4.99133,50.45438],[4.99192,50.45495],[4.99439,50.45507],[4.99509,50.45595],[4.99845,50.45514],[5.00172,50.45557],[5.00438,50.45354],[5.00557,50.45254],[5.00631,50.45229],[5.00703,50.45227],[5.00826,50.45309],[5.00873,50.4532],[5.01051,50.45275],[5.01116,50.45237],[5.01173,50.45181],[5.01278,50.4518],[5.01397,50.4508],[5.01851,50.4518],[5.0198,50.45268],[5.02346,50.45356],[5.03182,50.45724],[5.04699,50.45727],[5.05974,50.4576],[5.06622,50.45779],[5.06806,50.4586],[5.06992,50.45962],[5.07065,50.4603],[5.07107,50.46174],[5.07143,50.46188],[5.07192,50.46242],[5.07323,50.46166],[5.07718,50.46049],[5.08085,50.46049],[5.08354,50.45788],[5.08665,50.45896],[5.09046,50.45546],[5.09611,50.44998],[5.09921,50.44926],[5.10049,50.44738],[5.11298,50.45101],[5.11718,50.4522],[5.11871,50.45272],[5.11891,50.45452],[5.12236,50.45627],[5.12475,50.45708],[5.12569,50.4577],[5.12676,50.45819],[5.12713,50.45876],[5.12758,50.45907],[5.12852,50.4592],[5.12915,50.45892],[5.13175,50.45952],[5.13393,50.46059],[5.13475,50.46076],[5.13619,50.4608],[5.13848,50.46065],[5.14439,50.46077],[5.14738,50.46207],[5.15007,50.46355],[5.15078,50.463],[5.15307,50.46427],[5.15747,50.46611],[5.16409,50.46767],[5.16375,50.47025],[5.16349,50.47031],[5.15799,50.47249],[5.15706,50.47346],[5.15634,50.47378],[5.15604,50.47441],[5.15701,50.47591],[5.15651,50.47713],[5.15651,50.47783],[5.15574,50.4788],[5.15278,50.47923],[5.15172,50.4799],[5.15095,50.48125],[5.14969,50.48249],[5.15176,50.48311],[5.1529,50.4837],[5.1546,50.4847],[5.15803,50.48632],[5.15892,50.48656],[5.1596,50.48721],[5.15807,50.48793],[5.15761,50.48882],[5.15744,50.48958],[5.15663,50.48968],[5.15587,50.48901],[5.15439,50.48852],[5.1529,50.48855],[5.15125,50.4882],[5.14994,50.48739],[5.14875,50.4875],[5.1474,50.48715],[5.14723,50.48653],[5.14634,50.48656],[5.14502,50.48691],[5.14452,50.48672],[5.1432,50.48696],[5.14269,50.48729],[5.14058,50.48699],[5.13952,50.48669],[5.13888,50.48699],[5.13795,50.48726],[5.13791,50.48796],[5.13562,50.48834],[5.13426,50.48874],[5.13371,50.48917],[5.13354,50.48977],[5.13257,50.49238],[5.13324,50.49354],[5.13333,50.49391],[5.13435,50.49613],[5.13354,50.49704],[5.13333,50.49815],[5.13261,50.49976],[5.12986,50.50211],[5.12898,50.50266],[5.12918,50.50292],[5.13388,50.50386],[5.13909,50.50505],[5.14494,50.50858]]]}},{"type":"Feature","id":"92006","bbox":[4.895835,50.33296,5.100901,50.418499],"properties":{"nis":"92006","name":"Assesse","nameNl":"Assesse","nameFr":"Assesse","nameDe":"Assesse","province":"namur","region":"wallonia","areaKm2":78.28},"geometry":{"type":"Polygon","coordinates":[[[4.91919,50.38756],[4.91816,50.38489],[4.91723,50.3828],[4.91659,50.3828],[4.91613,50.38177],[4.91566,50.38177],[4.91558,50.38056],[4.91405,50.37697],[4.91507,50.37673],[4.91532,50.377],[4.91647,50.37662],[4.91664,50.37587],[4.91622,50.37476],[4.9173,50.37438],[4.91783,50.37485],[4.91796,50.37396],[4.91885,50.37353],[4.91842,50.37318],[4.91859,50.37245],[4.91787,50.37175],[4.91723,50.37148],[4.91532,50.37191],[4.9149,50.37229],[4.91532,50.37363],[4.9141,50.37355],[4.91333,50.37255],[4.91215,50.37204],[4.91164,50.37158],[4.91236,50.3711],[4.91211,50.37021],[4.91083,50.37061],[4.91057,50.37024],[4.91185,50.36973],[4.91172,50.36921],[4.90994,50.36946],[4.91073,50.36804],[4.90955,50.36793],[4.90742,50.3679],[4.90677,50.36876],[4.9057,50.36832],[4.90496,50.36819],[4.90397,50.36759],[4.90335,50.36787],[4.90177,50.36808],[4.90049,50.36741],[4.8996,50.36789],[4.89698,50.36571],[4.8977,50.36506],[4.89583,50.36409],[4.89943,50.36126],[4.90052,50.35818],[4.90971,50.35824],[4.91199,50.35843],[4.91439,50.35694],[4.91486,50.35589],[4.91437,50.35487],[4.91451,50.3529],[4.91494,50.35042],[4.91659,50.34903],[4.91703,50.34736],[4.91665,50.34519],[4.91638,50.34452],[4.91659,50.34451],[4.91708,50.34388],[4.9168,50.34316],[4.91627,50.34231],[4.91537,50.3417],[4.91547,50.3416],[4.91447,50.34096],[4.91311,50.34031],[4.91171,50.33983],[4.90839,50.34039],[4.90632,50.33982],[4.90602,50.33933],[4.90602,50.33847],[4.90697,50.33834],[4.90739,50.33896],[4.90829,50.33914],[4.9087,50.33909],[4.90945,50.33925],[4.91009,50.33894],[4.91091,50.33887],[4.91273,50.33851],[4.91381,50.33858],[4.91451,50.33841],[4.91666,50.33817],[4.91819,50.33739],[4.9188,50.33723],[4.91983,50.33743],[4.92083,50.33781],[4.92109,50.33809],[4.92156,50.33818],[4.92279,50.33798],[4.92345,50.33813],[4.9243,50.33802],[4.92474,50.33835],[4.92534,50.3381],[4.92639,50.33832],[4.92688,50.33859],[4.93333,50.3403],[4.93894,50.34171],[4.93899,50.34212],[4.94891,50.34276],[4.94969,50.34153],[4.9493,50.34121],[4.95806,50.34189],[4.95984,50.34271],[4.95984,50.34277],[4.96656,50.34233],[4.97032,50.34271],[4.97415,50.34303],[4.97926,50.34362],[4.98419,50.34435],[4.9842,50.34444],[4.98603,50.34497],[4.99226,50.34573],[4.99365,50.35006],[4.99711,50.35032],[4.99879,50.34937],[4.99983,50.34968],[5.00195,50.34969],[5.00561,50.35057],[5.00897,50.34994],[5.01332,50.35107],[5.01471,50.34635],[5.01767,50.34164],[5.02044,50.34202],[5.02186,50.33761],[5.02311,50.33296],[5.02567,50.33358],[5.02497,50.33743],[5.02735,50.33865],[5.03081,50.33905],[5.03407,50.34043],[5.03239,50.34181],[5.03595,50.34263],[5.03931,50.34376],[5.03675,50.34586],[5.0359,50.34625],[5.0352,50.34688],[5.02952,50.34597],[5.02527,50.3498],[5.02418,50.35282],[5.02893,50.35382],[5.03595,50.3564],[5.04137,50.35906],[5.04188,50.35958],[5.04999,50.36363],[5.05295,50.36244],[5.05355,50.36156],[5.05523,50.36018],[5.05789,50.35754],[5.06096,50.35515],[5.06373,50.35571],[5.06462,50.35515],[5.06403,50.35458],[5.06561,50.3537],[5.06669,50.35401],[5.06788,50.35301],[5.06679,50.35225],[5.06857,50.35068],[5.07025,50.35118],[5.07312,50.3537],[5.0746,50.3532],[5.07618,50.35389],[5.07668,50.35339],[5.07935,50.35471],[5.07935,50.35534],[5.08093,50.3559],[5.08123,50.35464],[5.08291,50.35678],[5.08646,50.35829],[5.08647,50.35826],[5.0977,50.36261],[5.09728,50.36293],[5.09694,50.36344],[5.09997,50.36457],[5.1009,50.36468],[5.10025,50.36535],[5.09956,50.36524],[5.09778,50.36672],[5.09752,50.36659],[5.09693,50.36704],[5.09652,50.36686],[5.0921,50.37036],[5.09576,50.372],[5.09724,50.37313],[5.09319,50.37684],[5.09497,50.37778],[5.09383,50.37933],[5.09673,50.38142],[5.09535,50.38265],[5.09658,50.38327],[5.09491,50.38459],[5.0971,50.38577],[5.09527,50.38684],[5.09342,50.38896],[5.09079,50.39226],[5.0907,50.39245],[5.08624,50.38951],[5.08357,50.38873],[5.08134,50.38763],[5.08094,50.38731],[5.08026,50.38649],[5.07988,50.38631],[5.07744,50.38582],[5.07693,50.38565],[5.0746,50.38801],[5.07276,50.38913],[5.07072,50.39111],[5.07015,50.39322],[5.06705,50.39268],[5.06062,50.39102],[5.05624,50.389],[5.05427,50.38823],[5.05222,50.38796],[5.05187,50.38862],[5.04874,50.38746],[5.04601,50.38975],[5.03965,50.39726],[5.03713,50.39908],[5.0362,50.39947],[5.03518,50.40002],[5.03435,50.40027],[5.0342,50.40137],[5.0334,50.4017],[5.03341,50.40195],[5.03213,50.40357],[5.03199,50.40441],[5.0316,50.40516],[5.02888,50.4061],[5.02849,50.40826],[5.02764,50.40885],[5.02369,50.41123],[5.02071,50.41236],[5.02021,50.41286],[5.01979,50.41292],[5.01977,50.41327],[5.01932,50.4135],[5.01938,50.41399],[5.018,50.41468],[5.01566,50.4173],[5.01366,50.41621],[5.00999,50.415],[5.00787,50.41352],[5.00681,50.41091],[5.00717,50.40921],[5.00568,50.40773],[5.00575,50.40768],[5.00377,50.40687],[5.00279,50.40858],[4.99756,50.40831],[4.99474,50.40871],[4.9929,50.41249],[4.99099,50.41253],[4.99163,50.4088],[4.99036,50.40934],[4.9881,50.40862],[4.98718,50.40786],[4.9852,50.40844],[4.98287,50.40939],[4.98226,50.40953],[4.98436,50.41204],[4.98407,50.41325],[4.97955,50.41707],[4.97659,50.41653],[4.97547,50.4185],[4.9701,50.41598],[4.96672,50.4154],[4.96481,50.41455],[4.96318,50.41464],[4.96163,50.41437],[4.96078,50.41356],[4.95815,50.41176],[4.95536,50.40968],[4.94361,50.41706],[4.94306,50.41567],[4.94369,50.41378],[4.94567,50.41172],[4.94235,50.40956],[4.94157,50.40943],[4.93953,50.40839],[4.93995,50.40664],[4.9427,50.40664],[4.94118,50.40322],[4.94073,50.40229],[4.93939,50.40089],[4.93734,50.3999],[4.93691,50.39892],[4.93522,50.39797],[4.93508,50.39676],[4.92379,50.39581],[4.9242,50.39142],[4.92279,50.38863],[4.92081,50.38728],[4.91919,50.38756]]]}},{"type":"Feature","id":"92035","bbox":[4.787032,50.525938,4.98978,50.648445],"properties":{"nis":"92035","name":"Éghezée","nameNl":"Éghezée","nameFr":"Éghezée","nameDe":"Éghezée","province":"namur","region":"wallonia","areaKm2":102.85},"geometry":{"type":"Polygon","coordinates":[[[4.97931,50.6186],[4.98158,50.61978],[4.98388,50.62102],[4.98701,50.62444],[4.98793,50.62584],[4.98642,50.62805],[4.98491,50.63018],[4.9819,50.63451],[4.98374,50.63546],[4.98455,50.63576],[4.98723,50.63652],[4.98805,50.63666],[4.98978,50.63677],[4.98537,50.64081],[4.98333,50.6423],[4.98281,50.64175],[4.9803,50.64028],[4.97889,50.63956],[4.97645,50.64114],[4.97427,50.64267],[4.97325,50.64359],[4.97257,50.6441],[4.97016,50.64557],[4.96875,50.64648],[4.96676,50.64791],[4.96522,50.64844],[4.96206,50.64681],[4.96028,50.64611],[4.95681,50.64487],[4.95543,50.64627],[4.95367,50.64772],[4.9506,50.64692],[4.9426,50.6423],[4.94111,50.6434],[4.94088,50.64286],[4.94066,50.64172],[4.94082,50.64068],[4.9405,50.63872],[4.94102,50.63605],[4.93994,50.63541],[4.93682,50.63456],[4.93632,50.63428],[4.92958,50.62924],[4.92929,50.6274],[4.9259,50.62682],[4.92485,50.62673],[4.92065,50.6257],[4.91837,50.62573],[4.91472,50.62586],[4.90014,50.62881],[4.89765,50.62798],[4.89839,50.62663],[4.89817,50.62657],[4.90009,50.6235],[4.90065,50.6225],[4.89819,50.6225],[4.89691,50.62237],[4.89537,50.62209],[4.89441,50.62209],[4.89297,50.6223],[4.89037,50.62215],[4.88863,50.62199],[4.88598,50.62151],[4.8829,50.62089],[4.87965,50.62013],[4.87673,50.61954],[4.87548,50.61933],[4.87266,50.61867],[4.87118,50.61837],[4.86947,50.61821],[4.86478,50.61803],[4.86282,50.61783],[4.85885,50.61696],[4.85665,50.61653],[4.85243,50.61539],[4.85078,50.61481],[4.84605,50.61292],[4.8447,50.61228],[4.84465,50.61207],[4.84164,50.61052],[4.83982,50.60993],[4.83757,50.60948],[4.8342,50.60907],[4.83266,50.60886],[4.83131,50.60852],[4.82972,50.60865],[4.82789,50.60865],[4.82674,50.60877],[4.82415,50.6089],[4.82154,50.60919],[4.81791,50.60941],[4.81701,50.60935],[4.81152,50.60793],[4.80956,50.60735],[4.80805,50.60704],[4.80721,50.60678],[4.80563,50.60544],[4.80575,50.60534],[4.80328,50.60386],[4.80182,50.60308],[4.80036,50.60244],[4.79998,50.60377],[4.79964,50.60455],[4.79857,50.60425],[4.79501,50.60347],[4.79457,50.60344],[4.79248,50.60289],[4.7883,50.60211],[4.79445,50.59681],[4.7958,50.59567],[4.79961,50.59223],[4.80665,50.58514],[4.80635,50.58469],[4.80199,50.58318],[4.79949,50.58256],[4.79682,50.58237],[4.79644,50.58328],[4.7933,50.58336],[4.79176,50.58496],[4.78835,50.58045],[4.78915,50.57957],[4.78979,50.579],[4.78843,50.57711],[4.78767,50.57706],[4.78771,50.57671],[4.78703,50.57644],[4.78996,50.57385],[4.79098,50.57212],[4.79344,50.5723],[4.79598,50.57284],[4.79721,50.57336],[4.80441,50.56913],[4.80233,50.5678],[4.80848,50.56371],[4.81597,50.55632],[4.81568,50.55576],[4.81799,50.55387],[4.82775,50.55922],[4.83271,50.55456],[4.83245,50.55337],[4.83288,50.55283],[4.83271,50.55229],[4.83334,50.55024],[4.83279,50.54812],[4.83288,50.54534],[4.83465,50.54526],[4.83614,50.54661],[4.83825,50.55165],[4.83851,50.55392],[4.84026,50.55296],[4.84899,50.54928],[4.85045,50.54869],[4.85542,50.54701],[4.85638,50.54675],[4.85758,50.54661],[4.85957,50.5455],[4.86033,50.5444],[4.86093,50.54397],[4.86208,50.54434],[4.86269,50.54593],[4.86359,50.54634],[4.86453,50.54659],[4.86523,50.54561],[4.8661,50.54564],[4.86682,50.54533],[4.87204,50.54564],[4.87217,50.54505],[4.87497,50.5445],[4.8749,50.54412],[4.87518,50.544],[4.87602,50.54309],[4.87567,50.54224],[4.87499,50.54192],[4.87406,50.54165],[4.873,50.5417],[4.87388,50.54068],[4.87418,50.54014],[4.87541,50.53912],[4.87478,50.53682],[4.87376,50.53658],[4.87423,50.53604],[4.87258,50.53467],[4.87427,50.53365],[4.87626,50.53383],[4.87669,50.53329],[4.88393,50.5309],[4.88507,50.53138],[4.88719,50.53311],[4.88804,50.53445],[4.88821,50.53496],[4.89156,50.53346],[4.89029,50.53273],[4.89291,50.53017],[4.89448,50.52893],[4.89585,50.52676],[4.90307,50.5296],[4.90343,50.5307],[4.90457,50.5311],[4.90804,50.52796],[4.91109,50.53003],[4.91177,50.52936],[4.91905,50.52594],[4.93464,50.53375],[4.93528,50.53381],[4.93988,50.53707],[4.93833,50.54063],[4.93522,50.54909],[4.9325,50.55038],[4.93144,50.55069],[4.93058,50.55109],[4.93092,50.55202],[4.9307,50.55421],[4.9302,50.55496],[4.93134,50.55553],[4.93172,50.55677],[4.93128,50.55825],[4.93058,50.55962],[4.93181,50.56],[4.93249,50.56148],[4.93422,50.5613],[4.93481,50.5624],[4.9371,50.56208],[4.93838,50.56423],[4.93799,50.56536],[4.93988,50.56791],[4.9407,50.56881],[4.94765,50.57302],[4.95232,50.57612],[4.95316,50.57749],[4.95655,50.5811],[4.95901,50.58108],[4.96316,50.58485],[4.96651,50.58636],[4.96867,50.58778],[4.97108,50.58908],[4.97468,50.58636],[4.98113,50.58307],[4.98346,50.58469],[4.98036,50.58973],[4.981,50.59097],[4.98591,50.59583],[4.98617,50.59606],[4.97553,50.59778],[4.9738,50.59706],[4.97151,50.59641],[4.96663,50.60088],[4.96354,50.60557],[4.9788,50.61817],[4.97931,50.6186]]]}},{"type":"Feature","id":"92045","bbox":[4.695183,50.392882,4.829612,50.471913],"properties":{"nis":"92045","name":"Floreffe","nameNl":"Floreffe","nameFr":"Floreffe","nameDe":"Floreffe","province":"namur","region":"wallonia","areaKm2":38.93},"geometry":{"type":"Polygon","coordinates":[[[4.79898,50.39288],[4.80106,50.39385],[4.80432,50.39589],[4.80779,50.39886],[4.80953,50.39996],[4.81084,50.40107],[4.81188,50.40089],[4.81275,50.40204],[4.81491,50.40279],[4.81487,50.40285],[4.81652,50.40408],[4.81881,50.40532],[4.81927,50.40573],[4.82215,50.40673],[4.82338,50.40761],[4.82432,50.40923],[4.8255,50.40883],[4.82961,50.40858],[4.82906,50.40942],[4.82838,50.41066],[4.82925,50.4109],[4.82246,50.42403],[4.82157,50.42372],[4.8196,50.42272],[4.81885,50.42215],[4.81841,50.42164],[4.81775,50.42055],[4.81555,50.42109],[4.81481,50.41985],[4.81539,50.41949],[4.81468,50.41859],[4.81405,50.41886],[4.81037,50.41675],[4.80875,50.41675],[4.80933,50.41735],[4.80783,50.41765],[4.80465,50.4163],[4.8043,50.41571],[4.80035,50.41374],[4.79843,50.41475],[4.79639,50.41468],[4.79569,50.41495],[4.79364,50.41428],[4.78954,50.41477],[4.78768,50.41463],[4.78764,50.415],[4.78716,50.4152],[4.78518,50.41471],[4.78455,50.41464],[4.78439,50.41571],[4.78445,50.41624],[4.78474,50.41649],[4.7849,50.41728],[4.78552,50.41917],[4.78457,50.42347],[4.78416,50.42433],[4.78425,50.42554],[4.78347,50.42793],[4.78366,50.42841],[4.78404,50.43027],[4.78481,50.43323],[4.7882,50.44024],[4.78947,50.44046],[4.79126,50.44103],[4.79272,50.44203],[4.79265,50.44284],[4.79187,50.44352],[4.79074,50.44388],[4.79011,50.44455],[4.79124,50.44572],[4.79343,50.44876],[4.79081,50.44931],[4.78414,50.45559],[4.78119,50.45825],[4.7781,50.46112],[4.77669,50.46368],[4.77231,50.46812],[4.77143,50.46858],[4.77196,50.4689],[4.77034,50.46966],[4.76249,50.46921],[4.7507,50.46458],[4.7387,50.46526],[4.73368,50.4662],[4.73432,50.4675],[4.73312,50.47011],[4.73347,50.47119],[4.73299,50.47191],[4.73172,50.47147],[4.72625,50.4707],[4.72265,50.47008],[4.71967,50.46974],[4.7192,50.46974],[4.7187,50.46951],[4.71821,50.4687],[4.71677,50.468],[4.71562,50.46794],[4.71442,50.46746],[4.71291,50.46743],[4.71189,50.4673],[4.71185,50.46703],[4.71253,50.4666],[4.71329,50.46525],[4.7141,50.46479],[4.71477,50.46414],[4.71564,50.46285],[4.71621,50.46215],[4.71515,50.46185],[4.71651,50.46119],[4.71676,50.46019],[4.71562,50.45851],[4.71566,50.45773],[4.71634,50.4577],[4.71605,50.45719],[4.71588,50.45638],[4.71456,50.45517],[4.71338,50.45477],[4.713,50.45447],[4.71295,50.45385],[4.71397,50.45167],[4.71359,50.45083],[4.71126,50.44921],[4.71037,50.44816],[4.70965,50.44779],[4.70906,50.44711],[4.70929,50.44582],[4.70952,50.4452],[4.7091,50.44434],[4.7077,50.44283],[4.70456,50.44372],[4.70393,50.44323],[4.70283,50.44215],[4.70232,50.44113],[4.70232,50.43943],[4.70172,50.43852],[4.70066,50.43754],[4.69791,50.43471],[4.69842,50.43326],[4.69863,50.43207],[4.69859,50.43094],[4.69901,50.43054],[4.69817,50.42943],[4.69723,50.429],[4.69702,50.42862],[4.69583,50.42844],[4.69518,50.42817],[4.69937,50.42497],[4.70094,50.42432],[4.70149,50.42392],[4.70234,50.42268],[4.70628,50.42171],[4.70975,50.42061],[4.71153,50.41974],[4.71403,50.41875],[4.71479,50.41818],[4.71919,50.41313],[4.71948,50.41276],[4.72369,50.41592],[4.72488,50.416],[4.72589,50.41578],[4.73166,50.41988],[4.75331,50.41293],[4.75399,50.41249],[4.75782,50.41401],[4.75857,50.41219],[4.76013,50.40794],[4.78568,50.40559],[4.79898,50.39288]]]}},{"type":"Feature","id":"92048","bbox":[4.583799,50.358355,4.798982,50.428166],"properties":{"nis":"92048","name":"Fosses-la-Ville","nameNl":"Fosses-la-Ville","nameFr":"Fosses-la-Ville","nameDe":"Fosses-la-Ville","province":"namur","region":"wallonia","areaKm2":63.08},"geometry":{"type":"Polygon","coordinates":[[[4.6079,50.40864],[4.60671,50.40854],[4.60602,50.40865],[4.60459,50.40862],[4.60377,50.40795],[4.60328,50.40693],[4.60341,50.40551],[4.60327,50.40442],[4.60366,50.40284],[4.60115,50.40325],[4.60064,50.40364],[4.5995,50.40366],[4.59821,50.40315],[4.59841,50.40299],[4.59652,50.40211],[4.59596,50.40217],[4.59485,50.40174],[4.59371,50.40185],[4.59437,50.40069],[4.59437,50.40013],[4.59337,50.39871],[4.59343,50.39848],[4.58597,50.39973],[4.58573,50.39936],[4.58517,50.39922],[4.5851,50.39889],[4.58458,50.39836],[4.5838,50.39805],[4.58436,50.39759],[4.5846,50.39674],[4.5851,50.39638],[4.58655,50.39591],[4.58711,50.39563],[4.58759,50.39513],[4.58824,50.39494],[4.58871,50.39456],[4.58947,50.3944],[4.58994,50.39354],[4.59068,50.3932],[4.5909,50.39276],[4.59152,50.39235],[4.59233,50.3915],[4.59361,50.39124],[4.5937,50.39086],[4.59776,50.38906],[4.59853,50.3889],[4.60194,50.38857],[4.60241,50.3883],[4.60413,50.38768],[4.60502,50.38686],[4.60547,50.38682],[4.60582,50.38584],[4.60589,50.38484],[4.60616,50.3843],[4.60623,50.38346],[4.6057,50.38294],[4.60577,50.38276],[4.60524,50.38271],[4.60499,50.38288],[4.60411,50.38288],[4.60388,50.38242],[4.60327,50.38245],[4.60241,50.38225],[4.6018,50.38235],[4.6013,50.38213],[4.60052,50.382],[4.60004,50.38209],[4.59955,50.38175],[4.59898,50.38168],[4.59724,50.38107],[4.59604,50.38082],[4.59586,50.38088],[4.59492,50.38056],[4.5942,50.3805],[4.59168,50.37957],[4.59327,50.37941],[4.5947,50.37745],[4.59522,50.37714],[4.59432,50.37668],[4.59475,50.37626],[4.5942,50.37626],[4.59383,50.37601],[4.59411,50.37457],[4.59375,50.37433],[4.59273,50.37372],[4.593,50.37368],[4.59427,50.37271],[4.59412,50.37213],[4.59371,50.37168],[4.59291,50.37126],[4.59224,50.37041],[4.58786,50.36789],[4.58443,50.36401],[4.5866,50.36547],[4.58809,50.36604],[4.58839,50.36639],[4.5897,50.36628],[4.58983,50.36588],[4.59245,50.36545],[4.59423,50.36499],[4.59555,50.36669],[4.59572,50.36798],[4.59627,50.36849],[4.59953,50.36749],[4.6005,50.36741],[4.60161,50.36706],[4.60279,50.36736],[4.60618,50.36585],[4.60546,50.36499],[4.6069,50.36442],[4.60652,50.36378],[4.6061,50.36149],[4.60686,50.36065],[4.60767,50.35919],[4.60775,50.35841],[4.60885,50.35844],[4.6089,50.35895],[4.61055,50.35879],[4.61059,50.35847],[4.61131,50.35841],[4.61262,50.3603],[4.61436,50.36162],[4.61495,50.36138],[4.615,50.36097],[4.61538,50.36041],[4.61724,50.35941],[4.61872,50.35922],[4.62042,50.35973],[4.62101,50.36079],[4.6222,50.35984],[4.62333,50.35928],[4.62383,50.35929],[4.62445,50.35887],[4.6249,50.35872],[4.62625,50.35877],[4.62751,50.35864],[4.62826,50.35838],[4.62821,50.35917],[4.62783,50.36038],[4.62732,50.36049],[4.62724,50.361],[4.62561,50.36179],[4.62523,50.36243],[4.6249,50.36271],[4.62581,50.36316],[4.6272,50.36368],[4.62754,50.36393],[4.62776,50.36466],[4.62761,50.3651],[4.62799,50.36583],[4.62892,50.36651],[4.63031,50.36665],[4.6315,50.36652],[4.63187,50.36636],[4.63592,50.36507],[4.63843,50.36747],[4.63911,50.36731],[4.64264,50.36818],[4.64444,50.36836],[4.64847,50.36755],[4.65025,50.36744],[4.65109,50.36731],[4.65389,50.36593],[4.65602,50.36573],[4.65893,50.36634],[4.66139,50.36588],[4.66406,50.36399],[4.67071,50.3617],[4.67188,50.36165],[4.67272,50.36177],[4.67351,50.36238],[4.67393,50.36324],[4.67461,50.36318],[4.67524,50.36396],[4.67605,50.3644],[4.67694,50.36429],[4.67838,50.3655],[4.68012,50.36669],[4.68084,50.36696],[4.68241,50.3672],[4.68283,50.36749],[4.68372,50.36755],[4.68414,50.36833],[4.68541,50.36892],[4.68613,50.37008],[4.68592,50.37108],[4.68639,50.37135],[4.68728,50.37143],[4.68884,50.37094],[4.69041,50.37108],[4.69067,50.3713],[4.69571,50.37138],[4.69609,50.37159],[4.69766,50.37181],[4.69867,50.37167],[4.70062,50.37127],[4.70198,50.37132],[4.7046,50.37167],[4.70556,50.3731],[4.70592,50.37391],[4.7066,50.37439],[4.70795,50.37485],[4.70948,50.37553],[4.7102,50.37607],[4.71452,50.37779],[4.71467,50.37896],[4.71487,50.37978],[4.71567,50.37945],[4.71622,50.37899],[4.71863,50.37814],[4.72214,50.37788],[4.72473,50.37814],[4.72681,50.37824],[4.72912,50.37813],[4.72951,50.37829],[4.73052,50.37823],[4.73202,50.37875],[4.73395,50.37922],[4.73738,50.37986],[4.73771,50.37907],[4.74097,50.37968],[4.74274,50.37996],[4.74234,50.38068],[4.74554,50.38134],[4.74839,50.38199],[4.74957,50.38244],[4.75462,50.38552],[4.75606,50.38614],[4.76076,50.38686],[4.7672,50.38843],[4.7689,50.38891],[4.76957,50.39007],[4.77424,50.39091],[4.77728,50.3912],[4.7819,50.39123],[4.79421,50.39117],[4.79546,50.39147],[4.79898,50.39288],[4.78568,50.40559],[4.76013,50.40794],[4.75857,50.41219],[4.75782,50.41401],[4.75399,50.41249],[4.75331,50.41293],[4.73166,50.41988],[4.72589,50.41578],[4.72488,50.416],[4.72369,50.41592],[4.71948,50.41276],[4.71919,50.41313],[4.71479,50.41818],[4.71403,50.41875],[4.71153,50.41974],[4.70975,50.42061],[4.70628,50.42171],[4.70234,50.42268],[4.70149,50.42392],[4.70094,50.42432],[4.69937,50.42497],[4.69518,50.42817],[4.69143,50.42732],[4.69219,50.42652],[4.6919,50.42587],[4.68931,50.4249],[4.68597,50.42333],[4.68541,50.42315],[4.68231,50.42184],[4.68173,50.42231],[4.68058,50.42196],[4.67923,50.42204],[4.67783,50.42193],[4.67647,50.42145],[4.67453,50.42125],[4.67359,50.42126],[4.6736,50.4214],[4.67218,50.42134],[4.67013,50.42093],[4.67027,50.41816],[4.66677,50.41735],[4.66618,50.41751],[4.66427,50.41716],[4.66376,50.41676],[4.65982,50.41703],[4.65923,50.41773],[4.65897,50.41826],[4.65922,50.41904],[4.65928,50.41986],[4.65916,50.41998],[4.65652,50.42089],[4.65482,50.42176],[4.65392,50.42274],[4.65323,50.42311],[4.6523,50.42318],[4.65112,50.42555],[4.65054,50.42554],[4.64758,50.42486],[4.64796,50.42424],[4.65022,50.42181],[4.64975,50.42153],[4.6474,50.421],[4.64699,50.41894],[4.64636,50.41737],[4.64584,50.41692],[4.64398,50.41549],[4.63728,50.41202],[4.6322,50.40894],[4.6283,50.407],[4.62805,50.40633],[4.62669,50.40598],[4.62606,50.40636],[4.62559,50.40631],[4.62512,50.40602],[4.62438,50.40619],[4.62378,50.40613],[4.62393,50.40567],[4.62339,50.40485],[4.62241,50.40428],[4.62161,50.40342],[4.61868,50.40205],[4.61669,50.40124],[4.61326,50.4001],[4.61216,50.40145],[4.61051,50.40277],[4.60919,50.40372],[4.60907,50.40528],[4.60822,50.40789],[4.6079,50.40864]]]}},{"type":"Feature","id":"92054","bbox":[4.959519,50.373131,5.145115,50.462421],"properties":{"nis":"92054","name":"Gesves","nameNl":"Gesves","nameFr":"Gesves","nameDe":"Gesves","province":"namur","region":"wallonia","areaKm2":64.78},"geometry":{"type":"Polygon","coordinates":[[[5.09724,50.37313],[5.09888,50.3741],[5.10064,50.37501],[5.1062,50.37727],[5.10783,50.3778],[5.10948,50.3786],[5.11031,50.37939],[5.11137,50.37959],[5.11298,50.38001],[5.11621,50.3812],[5.11664,50.38076],[5.11676,50.38032],[5.11835,50.37927],[5.11919,50.37831],[5.11973,50.378],[5.12185,50.37843],[5.12681,50.38044],[5.12751,50.37983],[5.12942,50.38072],[5.12761,50.38206],[5.1296,50.38336],[5.12997,50.38351],[5.13084,50.3839],[5.1344,50.38529],[5.13322,50.38648],[5.13569,50.38724],[5.1344,50.38774],[5.13806,50.38912],[5.13638,50.3912],[5.1347,50.39051],[5.13213,50.39283],[5.13391,50.39384],[5.13154,50.39636],[5.13292,50.39686],[5.13253,50.39774],[5.13796,50.39988],[5.13658,50.40189],[5.13925,50.40258],[5.1436,50.40472],[5.14285,50.40547],[5.14384,50.40592],[5.14363,50.40632],[5.14399,50.40668],[5.14512,50.40727],[5.14462,50.40839],[5.14505,50.40857],[5.14376,50.41041],[5.1413,50.4096],[5.13643,50.40843],[5.13607,50.40843],[5.13226,50.41167],[5.12993,50.41301],[5.12739,50.41221],[5.12074,50.40692],[5.11002,50.41544],[5.1043,50.42065],[5.10386,50.42102],[5.10112,50.42016],[5.09667,50.42056],[5.09053,50.42204],[5.07621,50.42739],[5.0771,50.42767],[5.08015,50.42882],[5.0803,50.42885],[5.09288,50.43308],[5.09938,50.43571],[5.10467,50.43774],[5.10628,50.4385],[5.10197,50.44131],[5.10218,50.4436],[5.10049,50.44738],[5.09921,50.44926],[5.09611,50.44998],[5.09046,50.45546],[5.08665,50.45896],[5.08354,50.45788],[5.08085,50.46049],[5.07718,50.46049],[5.07323,50.46166],[5.07192,50.46242],[5.07143,50.46188],[5.07107,50.46174],[5.07065,50.4603],[5.06992,50.45962],[5.06806,50.4586],[5.06622,50.45779],[5.05974,50.4576],[5.04699,50.45727],[5.03182,50.45724],[5.02346,50.45356],[5.0198,50.45268],[5.01851,50.4518],[5.01397,50.4508],[5.01278,50.4518],[5.01173,50.45181],[5.01116,50.45237],[5.01051,50.45275],[5.00873,50.4532],[5.00826,50.45309],[5.00703,50.45227],[5.00631,50.45229],[5.00557,50.45254],[5.00438,50.45354],[5.00172,50.45557],[4.99845,50.45514],[4.99509,50.45595],[4.99439,50.45507],[4.99192,50.45495],[4.99133,50.45438],[4.98757,50.45451],[4.98975,50.45275],[4.98747,50.4518],[4.9854,50.45212],[4.98283,50.45212],[4.97808,50.45237],[4.9764,50.45287],[4.97541,50.45394],[4.97397,50.45361],[4.97181,50.45401],[4.97129,50.45439],[4.96712,50.45266],[4.96769,50.45194],[4.96662,50.45158],[4.96803,50.44981],[4.96956,50.44876],[4.97007,50.44787],[4.96871,50.44615],[4.96791,50.44402],[4.96706,50.44227],[4.96443,50.44224],[4.9616,50.44186],[4.95952,50.44211],[4.96149,50.4401],[4.96488,50.43804],[4.96643,50.43763],[4.96728,50.43633],[4.9689,50.43606],[4.97143,50.43515],[4.97257,50.43418],[4.9766,50.43094],[4.97434,50.42964],[4.97362,50.42804],[4.96935,50.42621],[4.96853,50.4258],[4.9742,50.42074],[4.97547,50.4185],[4.97659,50.41653],[4.97955,50.41707],[4.98407,50.41325],[4.98436,50.41204],[4.98226,50.40953],[4.98287,50.40939],[4.9852,50.40844],[4.98718,50.40786],[4.9881,50.40862],[4.99036,50.40934],[4.99163,50.4088],[4.99099,50.41253],[4.9929,50.41249],[4.99474,50.40871],[4.99756,50.40831],[5.00279,50.40858],[5.00377,50.40687],[5.00575,50.40768],[5.00568,50.40773],[5.00717,50.40921],[5.00681,50.41091],[5.00787,50.41352],[5.00999,50.415],[5.01366,50.41621],[5.01566,50.4173],[5.018,50.41468],[5.01938,50.41399],[5.01932,50.4135],[5.01977,50.41327],[5.01979,50.41292],[5.02021,50.41286],[5.02071,50.41236],[5.02369,50.41123],[5.02764,50.40885],[5.02849,50.40826],[5.02888,50.4061],[5.0316,50.40516],[5.03199,50.40441],[5.03213,50.40357],[5.03341,50.40195],[5.0334,50.4017],[5.0342,50.40137],[5.03435,50.40027],[5.03518,50.40002],[5.0362,50.39947],[5.03713,50.39908],[5.03965,50.39726],[5.04601,50.38975],[5.04874,50.38746],[5.05187,50.38862],[5.05222,50.38796],[5.05427,50.38823],[5.05624,50.389],[5.06062,50.39102],[5.06705,50.39268],[5.07015,50.39322],[5.07072,50.39111],[5.07276,50.38913],[5.0746,50.38801],[5.07693,50.38565],[5.07744,50.38582],[5.07988,50.38631],[5.08026,50.38649],[5.08094,50.38731],[5.08134,50.38763],[5.08357,50.38873],[5.08624,50.38951],[5.0907,50.39245],[5.09079,50.39226],[5.09342,50.38896],[5.09527,50.38684],[5.0971,50.38577],[5.09491,50.38459],[5.09658,50.38327],[5.09535,50.38265],[5.09673,50.38142],[5.09383,50.37933],[5.09497,50.37778],[5.09319,50.37684],[5.09724,50.37313]]]}},{"type":"Feature","id":"92087","bbox":[4.582356,50.261421,4.767909,50.379857],"properties":{"nis":"92087","name":"Mettet","nameNl":"Mettet","nameFr":"Mettet","nameDe":"Mettet","province":"namur","region":"wallonia","areaKm2":116.57},"geometry":{"type":"Polygon","coordinates":[[[4.58443,50.36401],[4.58236,50.35729],[4.58264,50.35469],[4.58731,50.35121],[4.58785,50.351],[4.5884,50.3502],[4.58905,50.34977],[4.58612,50.3477],[4.58502,50.34678],[4.58528,50.34659],[4.58324,50.34465],[4.58257,50.34381],[4.5838,50.34357],[4.58236,50.34164],[4.58659,50.34141],[4.59388,50.33988],[4.59346,50.33872],[4.59294,50.33883],[4.59231,50.33745],[4.59384,50.33716],[4.5935,50.33551],[4.59434,50.33252],[4.59422,50.33072],[4.59371,50.32818],[4.59426,50.32818],[4.59409,50.3263],[4.5924,50.32468],[4.59019,50.32468],[4.59019,50.32433],[4.58952,50.32436],[4.5896,50.32403],[4.58922,50.32398],[4.58896,50.32333],[4.591,50.32306],[4.59125,50.32274],[4.59125,50.32231],[4.5907,50.32198],[4.58846,50.32196],[4.58867,50.32123],[4.58943,50.31969],[4.58943,50.31872],[4.59125,50.31444],[4.59104,50.31207],[4.59108,50.31207],[4.59244,50.30576],[4.59175,50.30258],[4.59147,50.30101],[4.58731,50.29714],[4.58659,50.29552],[4.58528,50.29342],[4.58557,50.29096],[4.58528,50.28956],[4.5852,50.2884],[4.58556,50.28825],[4.58725,50.28817],[4.58926,50.28776],[4.59193,50.28867],[4.59417,50.28916],[4.59434,50.28913],[4.59529,50.28963],[4.59608,50.29018],[4.59627,50.29074],[4.62075,50.29612],[4.62054,50.29571],[4.61857,50.29394],[4.61604,50.29146],[4.61159,50.28649],[4.61116,50.28555],[4.61057,50.28514],[4.60922,50.28466],[4.60769,50.28347],[4.606,50.28307],[4.60413,50.28234],[4.60367,50.28134],[4.60328,50.2808],[4.60201,50.28],[4.59888,50.27859],[4.5974,50.27765],[4.59672,50.27692],[4.59655,50.27639],[4.59604,50.27595],[4.59568,50.27475],[4.59482,50.27405],[4.59584,50.27395],[4.59687,50.27398],[4.59755,50.27463],[4.59778,50.27512],[4.59905,50.27558],[4.6004,50.27544],[4.6029,50.27598],[4.60578,50.27603],[4.60637,50.27627],[4.60857,50.27585],[4.60911,50.27585],[4.61843,50.27693],[4.61821,50.27627],[4.62014,50.27623],[4.62287,50.27596],[4.62599,50.27598],[4.62633,50.27574],[4.63036,50.27536],[4.63159,50.27552],[4.63205,50.27514],[4.63735,50.27671],[4.63748,50.27636],[4.63976,50.2766],[4.64006,50.27679],[4.64112,50.27695],[4.6418,50.27687],[4.64286,50.27404],[4.64273,50.27358],[4.64303,50.27342],[4.6426,50.27315],[4.64121,50.27199],[4.6404,50.27153],[4.6393,50.26994],[4.63938,50.26908],[4.64044,50.26787],[4.64244,50.26755],[4.64349,50.26765],[4.64582,50.26714],[4.64938,50.26574],[4.65273,50.26566],[4.65269,50.26531],[4.65332,50.26501],[4.65379,50.26458],[4.65375,50.26436],[4.65438,50.26426],[4.65515,50.26517],[4.65485,50.2655],[4.65625,50.26563],[4.65714,50.26525],[4.65764,50.26407],[4.65917,50.26361],[4.66315,50.2641],[4.66357,50.2626],[4.664,50.26142],[4.66534,50.26213],[4.66641,50.26245],[4.66905,50.26292],[4.6705,50.26284],[4.67111,50.26299],[4.66923,50.26517],[4.67133,50.26585],[4.67599,50.26633],[4.67608,50.26668],[4.67739,50.26676],[4.6773,50.26638],[4.67887,50.26679],[4.68234,50.26679],[4.68336,50.26932],[4.6829,50.26946],[4.68307,50.27024],[4.68434,50.2704],[4.68434,50.27075],[4.68726,50.27053],[4.68747,50.27115],[4.69029,50.27169],[4.69263,50.27223],[4.69252,50.27264],[4.69453,50.27301],[4.69585,50.27277],[4.69628,50.27242],[4.70149,50.27185],[4.70174,50.27299],[4.70165,50.27378],[4.70265,50.2756],[4.70268,50.27652],[4.70257,50.27763],[4.7051,50.27819],[4.70984,50.27708],[4.71255,50.27711],[4.71378,50.2767],[4.72844,50.27547],[4.73446,50.27503],[4.74412,50.27493],[4.74789,50.2746],[4.75035,50.27476],[4.75327,50.27517],[4.75742,50.28251],[4.74333,50.2801],[4.74133,50.28355],[4.74079,50.28407],[4.73986,50.2861],[4.73921,50.28703],[4.7374,50.28714],[4.73684,50.28737],[4.73603,50.28802],[4.73465,50.28848],[4.73417,50.28909],[4.73416,50.29041],[4.73369,50.29171],[4.73313,50.29223],[4.73226,50.29365],[4.73523,50.2944],[4.73511,50.2949],[4.73542,50.29496],[4.73511,50.29613],[4.73593,50.29616],[4.73573,50.29661],[4.73452,50.29661],[4.73438,50.29717],[4.7359,50.29861],[4.73712,50.29963],[4.73686,50.30015],[4.73825,50.3011],[4.73799,50.3013],[4.73712,50.30146],[4.73627,50.30135],[4.73568,50.30098],[4.73438,50.30078],[4.73398,50.30105],[4.73494,50.30132],[4.73523,50.30177],[4.73689,50.30231],[4.73692,50.30175],[4.73808,50.30173],[4.73794,50.30258],[4.7383,50.30349],[4.73816,50.30509],[4.73777,50.30658],[4.73514,50.30589],[4.73223,50.30579],[4.72952,50.3064],[4.7289,50.30739],[4.72823,50.30684],[4.72794,50.30822],[4.72859,50.30833],[4.7285,50.30992],[4.72777,50.31158],[4.72734,50.31309],[4.72678,50.31413],[4.72642,50.315],[4.72927,50.31553],[4.73003,50.31626],[4.73047,50.31685],[4.73063,50.31749],[4.73248,50.31909],[4.73472,50.32266],[4.73782,50.32775],[4.73693,50.32989],[4.73692,50.3309],[4.74395,50.3339],[4.74816,50.33587],[4.75295,50.33955],[4.75668,50.34351],[4.75863,50.35135],[4.75676,50.35553],[4.75613,50.35564],[4.75676,50.35618],[4.76062,50.35715],[4.76028,50.35744],[4.76134,50.35768],[4.76138,50.35796],[4.76392,50.35839],[4.76685,50.35806],[4.76785,50.35923],[4.76665,50.35996],[4.7658,50.3609],[4.76536,50.3617],[4.76404,50.36129],[4.76115,50.36071],[4.76046,50.36061],[4.76261,50.36272],[4.76145,50.36381],[4.75359,50.36894],[4.7507,50.37027],[4.75121,50.37165],[4.75265,50.37288],[4.75282,50.37326],[4.75049,50.37245],[4.74943,50.37472],[4.75007,50.37493],[4.74952,50.37528],[4.75422,50.37706],[4.75435,50.37771],[4.75426,50.37873],[4.75202,50.37897],[4.74097,50.37968],[4.73771,50.37907],[4.73738,50.37986],[4.73395,50.37922],[4.73202,50.37875],[4.73052,50.37823],[4.72951,50.37829],[4.72912,50.37813],[4.72681,50.37824],[4.72473,50.37814],[4.72214,50.37788],[4.71863,50.37814],[4.71622,50.37899],[4.71567,50.37945],[4.71487,50.37978],[4.71467,50.37896],[4.71452,50.37779],[4.7102,50.37607],[4.70948,50.37553],[4.70795,50.37485],[4.7066,50.37439],[4.70592,50.37391],[4.70556,50.3731],[4.7046,50.37167],[4.70198,50.37132],[4.70062,50.37127],[4.69867,50.37167],[4.69766,50.37181],[4.69609,50.37159],[4.69571,50.37138],[4.69067,50.3713],[4.69041,50.37108],[4.68884,50.37094],[4.68728,50.37143],[4.68639,50.37135],[4.68592,50.37108],[4.68613,50.37008],[4.68541,50.36892],[4.68414,50.36833],[4.68372,50.36755],[4.68283,50.36749],[4.68241,50.3672],[4.68084,50.36696],[4.68012,50.36669],[4.67838,50.3655],[4.67694,50.36429],[4.67605,50.3644],[4.67524,50.36396],[4.67461,50.36318],[4.67393,50.36324],[4.67351,50.36238],[4.67272,50.36177],[4.67188,50.36165],[4.67071,50.3617],[4.66406,50.36399],[4.66139,50.36588],[4.65893,50.36634],[4.65602,50.36573],[4.65389,50.36593],[4.65109,50.36731],[4.65025,50.36744],[4.64847,50.36755],[4.64444,50.36836],[4.64264,50.36818],[4.63911,50.36731],[4.63843,50.36747],[4.63592,50.36507],[4.63187,50.36636],[4.6315,50.36652],[4.63031,50.36665],[4.62892,50.36651],[4.62799,50.36583],[4.62761,50.3651],[4.62776,50.36466],[4.62754,50.36393],[4.6272,50.36368],[4.62581,50.36316],[4.6249,50.36271],[4.62523,50.36243],[4.62561,50.36179],[4.62724,50.361],[4.62732,50.36049],[4.62783,50.36038],[4.62821,50.35917],[4.62826,50.35838],[4.62751,50.35864],[4.62625,50.35877],[4.6249,50.35872],[4.62445,50.35887],[4.62383,50.35929],[4.62333,50.35928],[4.6222,50.35984],[4.62101,50.36079],[4.62042,50.35973],[4.61872,50.35922],[4.61724,50.35941],[4.61538,50.36041],[4.615,50.36097],[4.61495,50.36138],[4.61436,50.36162],[4.61262,50.3603],[4.61131,50.35841],[4.61059,50.35847],[4.61055,50.35879],[4.6089,50.35895],[4.60885,50.35844],[4.60775,50.35841],[4.60767,50.35919],[4.60686,50.36065],[4.6061,50.36149],[4.60652,50.36378],[4.6069,50.36442],[4.60546,50.36499],[4.60618,50.36585],[4.60279,50.36736],[4.60161,50.36706],[4.6005,50.36741],[4.59953,50.36749],[4.59627,50.36849],[4.59572,50.36798],[4.59555,50.36669],[4.59423,50.36499],[4.59245,50.36545],[4.58983,50.36588],[4.5897,50.36628],[4.58839,50.36639],[4.58809,50.36604],[4.5866,50.36547],[4.58443,50.36401]]]}},{"type":"Feature","id":"92094","bbox":[4.723053,50.387283,4.984358,50.531102],"properties":{"nis":"92094","name":"Namur","nameNl":"Namen","nameFr":"Namur","nameDe":"Namur","province":"namur","region":"wallonia","areaKm2":175.54},"geometry":{"type":"Polygon","coordinates":[[[4.72431,50.49706],[4.72456,50.49558],[4.72471,50.49425],[4.72458,50.49278],[4.72463,50.49206],[4.72535,50.48863],[4.72537,50.48823],[4.72512,50.48765],[4.72473,50.48593],[4.72412,50.48488],[4.72357,50.48349],[4.72313,50.48292],[4.72305,50.4824],[4.72325,50.48194],[4.72338,50.48056],[4.7239,50.47857],[4.72431,50.47783],[4.72487,50.47746],[4.72507,50.47706],[4.72643,50.47566],[4.72729,50.47547],[4.72774,50.47549],[4.72833,50.47491],[4.72919,50.4744],[4.73109,50.47374],[4.73165,50.47326],[4.7316,50.47286],[4.73278,50.47213],[4.73299,50.47191],[4.73347,50.47119],[4.73312,50.47011],[4.73432,50.4675],[4.73368,50.4662],[4.7387,50.46526],[4.7507,50.46458],[4.76249,50.46921],[4.77034,50.46966],[4.77196,50.4689],[4.77143,50.46858],[4.77231,50.46812],[4.77669,50.46368],[4.7781,50.46112],[4.78119,50.45825],[4.78414,50.45559],[4.79081,50.44931],[4.79343,50.44876],[4.79124,50.44572],[4.79011,50.44455],[4.79074,50.44388],[4.79187,50.44352],[4.79265,50.44284],[4.79272,50.44203],[4.79126,50.44103],[4.78947,50.44046],[4.7882,50.44024],[4.78481,50.43323],[4.78404,50.43027],[4.78366,50.42841],[4.78347,50.42793],[4.78425,50.42554],[4.78416,50.42433],[4.78457,50.42347],[4.78552,50.41917],[4.7849,50.41728],[4.78474,50.41649],[4.78445,50.41624],[4.78439,50.41571],[4.78455,50.41464],[4.78518,50.41471],[4.78716,50.4152],[4.78764,50.415],[4.78768,50.41463],[4.78954,50.41477],[4.79364,50.41428],[4.79569,50.41495],[4.79639,50.41468],[4.79843,50.41475],[4.80035,50.41374],[4.8043,50.41571],[4.80465,50.4163],[4.80783,50.41765],[4.80933,50.41735],[4.80875,50.41675],[4.81037,50.41675],[4.81405,50.41886],[4.81468,50.41859],[4.81539,50.41949],[4.81481,50.41985],[4.81555,50.42109],[4.81775,50.42055],[4.81841,50.42164],[4.81885,50.42215],[4.8196,50.42272],[4.82157,50.42372],[4.82246,50.42403],[4.82925,50.4109],[4.83805,50.40815],[4.8388,50.40655],[4.83953,50.40422],[4.83925,50.40179],[4.84586,50.39583],[4.85154,50.39406],[4.85366,50.39236],[4.85441,50.39122],[4.85512,50.39085],[4.85952,50.39088],[4.86369,50.38971],[4.87435,50.38953],[4.87753,50.3902],[4.88028,50.3902],[4.8812,50.39698],[4.88776,50.39662],[4.89306,50.39707],[4.9002,50.39645],[4.90217,50.39636],[4.9057,50.39496],[4.90549,50.39481],[4.90309,50.39177],[4.90309,50.3907],[4.90275,50.38991],[4.90486,50.38962],[4.90711,50.38872],[4.9081,50.38881],[4.90973,50.38814],[4.91064,50.38867],[4.91326,50.38859],[4.91919,50.38756],[4.92081,50.38728],[4.92279,50.38863],[4.9242,50.39142],[4.92379,50.39581],[4.93508,50.39676],[4.93522,50.39797],[4.93691,50.39892],[4.93734,50.3999],[4.93939,50.40089],[4.94073,50.40229],[4.94118,50.40322],[4.9427,50.40664],[4.93995,50.40664],[4.93953,50.40839],[4.94157,50.40943],[4.94235,50.40956],[4.94567,50.41172],[4.94369,50.41378],[4.94306,50.41567],[4.94361,50.41706],[4.95536,50.40968],[4.95815,50.41176],[4.96078,50.41356],[4.96163,50.41437],[4.96318,50.41464],[4.96481,50.41455],[4.96672,50.4154],[4.9701,50.41598],[4.97547,50.4185],[4.9742,50.42074],[4.96853,50.4258],[4.96935,50.42621],[4.97362,50.42804],[4.97434,50.42964],[4.9766,50.43094],[4.97257,50.43418],[4.97143,50.43515],[4.9689,50.43606],[4.96728,50.43633],[4.96643,50.43763],[4.96488,50.43804],[4.96149,50.4401],[4.95952,50.44211],[4.9616,50.44186],[4.96443,50.44224],[4.96706,50.44227],[4.96791,50.44402],[4.96871,50.44615],[4.97007,50.44787],[4.96956,50.44876],[4.96803,50.44981],[4.96662,50.45158],[4.96477,50.45092],[4.96405,50.45264],[4.96185,50.45464],[4.96397,50.45704],[4.96488,50.45683],[4.96536,50.45688],[4.96587,50.45784],[4.96714,50.45933],[4.96774,50.462],[4.96922,50.4634],[4.97011,50.46377],[4.96731,50.46553],[4.96596,50.46558],[4.96282,50.46959],[4.96236,50.47067],[4.96469,50.47129],[4.96668,50.47248],[4.96846,50.47415],[4.96973,50.47525],[4.97168,50.47679],[4.97168,50.47752],[4.97223,50.4783],[4.97497,50.4772],[4.97514,50.47779],[4.97583,50.47843],[4.97755,50.48019],[4.97882,50.4812],[4.98011,50.48288],[4.98197,50.48482],[4.98154,50.48512],[4.98308,50.48684],[4.98265,50.48787],[4.98321,50.4889],[4.98404,50.48976],[4.98391,50.49006],[4.98261,50.49101],[4.982,50.492],[4.98202,50.49268],[4.98154,50.49325],[4.98154,50.49385],[4.98304,50.49547],[4.98341,50.49543],[4.98405,50.49614],[4.98436,50.49664],[4.98426,50.49701],[4.98353,50.49715],[4.98302,50.49766],[4.98257,50.49778],[4.98217,50.49812],[4.98231,50.49877],[4.98204,50.4993],[4.98222,50.49978],[4.9825,50.49994],[4.98209,50.50021],[4.97049,50.5039],[4.96689,50.50557],[4.96513,50.50702],[4.96519,50.50709],[4.97022,50.5088],[4.97209,50.51043],[4.9736,50.51174],[4.96981,50.51482],[4.9674,50.51643],[4.96511,50.51565],[4.96422,50.51506],[4.96367,50.51565],[4.96316,50.51509],[4.96236,50.51589],[4.95965,50.51689],[4.96003,50.51969],[4.95617,50.51856],[4.955,50.52151],[4.9537,50.52124],[4.95312,50.52258],[4.95218,50.52233],[4.95025,50.52221],[4.95019,50.52228],[4.94807,50.52175],[4.94705,50.52099],[4.94608,50.51968],[4.94405,50.5173],[4.94287,50.51678],[4.94287,50.51554],[4.94329,50.51393],[4.9427,50.5132],[4.94321,50.51236],[4.94278,50.51096],[4.94189,50.51002],[4.94092,50.50913],[4.94054,50.50727],[4.93774,50.50474],[4.93685,50.50501],[4.93507,50.50641],[4.93194,50.50652],[4.93071,50.50611],[4.92952,50.50654],[4.9277,50.50673],[4.9263,50.50665],[4.92473,50.50816],[4.92414,50.50805],[4.923,50.50943],[4.92222,50.50895],[4.91961,50.51096],[4.92363,50.51317],[4.92622,50.51406],[4.92952,50.51439],[4.93227,50.51614],[4.92605,50.51986],[4.92526,50.51958],[4.92252,50.51928],[4.92012,50.51891],[4.91918,50.51824],[4.91702,50.51942],[4.91944,50.52169],[4.91935,50.52209],[4.9202,50.52225],[4.91905,50.52594],[4.91177,50.52936],[4.91109,50.53003],[4.90804,50.52796],[4.90457,50.5311],[4.90343,50.5307],[4.90307,50.5296],[4.89585,50.52676],[4.89853,50.52196],[4.89605,50.52058],[4.89342,50.52134],[4.8916,50.52075],[4.89139,50.52115],[4.89173,50.52198],[4.89198,50.52336],[4.89177,50.52465],[4.88893,50.52398],[4.88609,50.52293],[4.88326,50.52158],[4.88224,50.52142],[4.88139,50.52215],[4.88029,50.52182],[4.88033,50.52215],[4.87859,50.52223],[4.87927,50.52331],[4.87969,50.52333],[4.87949,50.52411],[4.87779,50.52554],[4.87838,50.52646],[4.87813,50.52702],[4.87673,50.52667],[4.87389,50.52576],[4.87088,50.52619],[4.86876,50.52538],[4.86703,50.526],[4.86644,50.5257],[4.86855,50.52484],[4.8677,50.52444],[4.8672,50.52393],[4.86565,50.5242],[4.8636,50.52362],[4.86212,50.52339],[4.86177,50.52415],[4.86035,50.52402],[4.85894,50.52451],[4.85767,50.52402],[4.85795,50.52335],[4.85202,50.52168],[4.85321,50.52127],[4.85385,50.52093],[4.8557,50.52036],[4.85617,50.52008],[4.85788,50.51855],[4.85825,50.51817],[4.86029,50.5152],[4.85298,50.51355],[4.8542,50.51067],[4.85515,50.5087],[4.85387,50.50832],[4.8521,50.5079],[4.85069,50.50767],[4.84898,50.50722],[4.84795,50.50706],[4.84825,50.50638],[4.8483,50.50565],[4.83479,50.50336],[4.83606,50.50219],[4.83451,50.50152],[4.83557,50.50053],[4.83656,50.50093],[4.83733,50.50026],[4.83599,50.49959],[4.83818,50.49738],[4.8338,50.49595],[4.83027,50.49267],[4.82957,50.49146],[4.82964,50.49074],[4.82794,50.48979],[4.8254,50.48917],[4.82549,50.48801],[4.82526,50.48688],[4.82432,50.48738],[4.82262,50.48802],[4.81952,50.48883],[4.81926,50.48876],[4.81667,50.48986],[4.81487,50.49121],[4.81476,50.49112],[4.81246,50.4925],[4.80485,50.49734],[4.80062,50.4959],[4.79525,50.49474],[4.7872,50.49411],[4.78536,50.49478],[4.78014,50.49559],[4.77978,50.49631],[4.77604,50.4951],[4.77611,50.49694],[4.77534,50.49855],[4.77421,50.49806],[4.77307,50.50008],[4.77421,50.50075],[4.77358,50.5019],[4.77156,50.50157],[4.76807,50.50139],[4.76681,50.50484],[4.76549,50.50481],[4.76518,50.50588],[4.7652,50.5069],[4.76498,50.50716],[4.76495,50.50773],[4.76472,50.5082],[4.76257,50.50736],[4.76041,50.50768],[4.76038,50.50792],[4.75807,50.50781],[4.75325,50.50731],[4.75319,50.50703],[4.7504,50.50691],[4.75043,50.50587],[4.74815,50.50678],[4.7433,50.50477],[4.74123,50.50288],[4.73767,50.50068],[4.73371,50.49986],[4.72719,50.49603],[4.72431,50.49706]]]}},{"type":"Feature","id":"92097","bbox":[5.076215,50.397653,5.237197,50.478927],"properties":{"nis":"92097","name":"Ohey","nameNl":"Ohey","nameFr":"Ohey","nameDe":"Ohey","province":"namur","region":"wallonia","areaKm2":56.52},"geometry":{"type":"Polygon","coordinates":[[[5.1436,50.40472],[5.14646,50.40623],[5.14984,50.40718],[5.15129,50.40789],[5.15458,50.40682],[5.15861,50.40565],[5.15959,50.4055],[5.15994,50.4052],[5.15945,50.40466],[5.16023,50.4043],[5.16157,50.40336],[5.16291,50.4039],[5.16347,50.40327],[5.16333,50.40274],[5.16351,50.40243],[5.16467,50.40188],[5.16581,50.40161],[5.1667,50.40192],[5.16743,50.40157],[5.1684,50.4017],[5.16987,50.40103],[5.17121,50.40027],[5.1728,50.40152],[5.17658,50.40361],[5.17724,50.40322],[5.1783,50.40408],[5.18028,50.40488],[5.18162,50.40529],[5.18219,50.40457],[5.1841,50.40511],[5.18699,50.40224],[5.18445,50.4012],[5.186,50.39967],[5.18805,50.40044],[5.18882,50.40093],[5.1908,50.39996],[5.19087,50.40039],[5.19166,50.40119],[5.19232,50.40155],[5.19278,50.40159],[5.1961,50.399],[5.19807,50.39869],[5.20055,50.39851],[5.20069,50.39797],[5.20132,50.39819],[5.20224,50.39765],[5.20457,50.39873],[5.20337,50.39922],[5.20274,50.40003],[5.20111,50.40255],[5.20521,50.4048],[5.20246,50.40708],[5.20132,50.40911],[5.19963,50.41153],[5.20019,50.4123],[5.20542,50.41391],[5.20824,50.4118],[5.21008,50.41095],[5.21149,50.41059],[5.21538,50.41239],[5.21827,50.41548],[5.21956,50.41641],[5.2211,50.41728],[5.22298,50.4183],[5.23004,50.42224],[5.23094,50.42276],[5.23168,50.42297],[5.23502,50.4246],[5.23649,50.4262],[5.23695,50.42691],[5.2372,50.42703],[5.2329,50.4311],[5.23383,50.43142],[5.23368,50.43191],[5.23428,50.43207],[5.23308,50.43386],[5.23472,50.43425],[5.23438,50.4346],[5.23506,50.43506],[5.23472,50.43546],[5.2362,50.43654],[5.23629,50.43794],[5.2368,50.43821],[5.23417,50.43996],[5.23472,50.44037],[5.23118,50.44314],[5.23006,50.44414],[5.22926,50.44376],[5.22858,50.44433],[5.2248,50.44247],[5.2226,50.4446],[5.22137,50.44597],[5.21701,50.45241],[5.21337,50.45582],[5.20959,50.46004],[5.20976,50.46133],[5.20629,50.46724],[5.20522,50.47023],[5.20443,50.47206],[5.20386,50.47372],[5.19885,50.47653],[5.19872,50.4779],[5.19893,50.47881],[5.19684,50.47893],[5.19659,50.47891],[5.19205,50.47818],[5.18995,50.47601],[5.18006,50.47599],[5.17892,50.47556],[5.17883,50.47457],[5.174,50.47044],[5.17252,50.46928],[5.16943,50.4684],[5.16409,50.46767],[5.15747,50.46611],[5.15307,50.46427],[5.15078,50.463],[5.15007,50.46355],[5.14738,50.46207],[5.14439,50.46077],[5.13848,50.46065],[5.13619,50.4608],[5.13475,50.46076],[5.13393,50.46059],[5.13175,50.45952],[5.12915,50.45892],[5.12852,50.4592],[5.12758,50.45907],[5.12713,50.45876],[5.12676,50.45819],[5.12569,50.4577],[5.12475,50.45708],[5.12236,50.45627],[5.11891,50.45452],[5.11871,50.45272],[5.11718,50.4522],[5.11298,50.45101],[5.10049,50.44738],[5.10218,50.4436],[5.10197,50.44131],[5.10628,50.4385],[5.10467,50.43774],[5.09938,50.43571],[5.09288,50.43308],[5.0803,50.42885],[5.08015,50.42882],[5.0771,50.42767],[5.07621,50.42739],[5.09053,50.42204],[5.09667,50.42056],[5.10112,50.42016],[5.10386,50.42102],[5.1043,50.42065],[5.11002,50.41544],[5.12074,50.40692],[5.12739,50.41221],[5.12993,50.41301],[5.13226,50.41167],[5.13607,50.40843],[5.13643,50.40843],[5.1413,50.4096],[5.14376,50.41041],[5.14505,50.40857],[5.14462,50.40839],[5.14512,50.40727],[5.14399,50.40668],[5.14363,50.40632],[5.14384,50.40592],[5.14285,50.40547],[5.1436,50.40472]]]}},{"type":"Feature","id":"92101","bbox":[4.740968,50.342803,4.91919,50.410901],"properties":{"nis":"92101","name":"Profondeville","nameNl":"Profondeville","nameFr":"Profondeville","nameDe":"Profondeville","province":"namur","region":"wallonia","areaKm2":50.16},"geometry":{"type":"Polygon","coordinates":[[[4.8616,50.351],[4.86668,50.35089],[4.86867,50.35164],[4.87291,50.35232],[4.87749,50.35326],[4.87872,50.35442],[4.87867,50.35525],[4.87808,50.35625],[4.87473,50.35843],[4.87355,50.35978],[4.87321,50.36037],[4.87482,50.36064],[4.87524,50.36024],[4.87737,50.36085],[4.88067,50.36152],[4.8815,50.36154],[4.88325,50.3611],[4.88486,50.36091],[4.88592,50.36102],[4.88918,50.36199],[4.8924,50.36269],[4.89583,50.36409],[4.8977,50.36506],[4.89698,50.36571],[4.8996,50.36789],[4.90049,50.36741],[4.90177,50.36808],[4.90335,50.36787],[4.90397,50.36759],[4.90496,50.36819],[4.9057,50.36832],[4.90677,50.36876],[4.90742,50.3679],[4.90955,50.36793],[4.91073,50.36804],[4.90994,50.36946],[4.91172,50.36921],[4.91185,50.36973],[4.91057,50.37024],[4.91083,50.37061],[4.91211,50.37021],[4.91236,50.3711],[4.91164,50.37158],[4.91215,50.37204],[4.91333,50.37255],[4.9141,50.37355],[4.91532,50.37363],[4.9149,50.37229],[4.91532,50.37191],[4.91723,50.37148],[4.91787,50.37175],[4.91859,50.37245],[4.91842,50.37318],[4.91885,50.37353],[4.91796,50.37396],[4.91783,50.37485],[4.9173,50.37438],[4.91622,50.37476],[4.91664,50.37587],[4.91647,50.37662],[4.91532,50.377],[4.91507,50.37673],[4.91405,50.37697],[4.91558,50.38056],[4.91566,50.38177],[4.91613,50.38177],[4.91659,50.3828],[4.91723,50.3828],[4.91816,50.38489],[4.91919,50.38756],[4.91326,50.38859],[4.91064,50.38867],[4.90973,50.38814],[4.9081,50.38881],[4.90711,50.38872],[4.90486,50.38962],[4.90275,50.38991],[4.90309,50.3907],[4.90309,50.39177],[4.90549,50.39481],[4.9057,50.39496],[4.90217,50.39636],[4.9002,50.39645],[4.89306,50.39707],[4.88776,50.39662],[4.8812,50.39698],[4.88028,50.3902],[4.87753,50.3902],[4.87435,50.38953],[4.86369,50.38971],[4.85952,50.39088],[4.85512,50.39085],[4.85441,50.39122],[4.85366,50.39236],[4.85154,50.39406],[4.84586,50.39583],[4.83925,50.40179],[4.83953,50.40422],[4.8388,50.40655],[4.83805,50.40815],[4.82925,50.4109],[4.82838,50.41066],[4.82906,50.40942],[4.82961,50.40858],[4.8255,50.40883],[4.82432,50.40923],[4.82338,50.40761],[4.82215,50.40673],[4.81927,50.40573],[4.81881,50.40532],[4.81652,50.40408],[4.81487,50.40285],[4.81491,50.40279],[4.81275,50.40204],[4.81188,50.40089],[4.81084,50.40107],[4.80953,50.39996],[4.80779,50.39886],[4.80432,50.39589],[4.80106,50.39385],[4.79898,50.39288],[4.79546,50.39147],[4.79421,50.39117],[4.7819,50.39123],[4.77728,50.3912],[4.77424,50.39091],[4.76957,50.39007],[4.7689,50.38891],[4.7672,50.38843],[4.76076,50.38686],[4.75606,50.38614],[4.75462,50.38552],[4.74957,50.38244],[4.74839,50.38199],[4.74554,50.38134],[4.74234,50.38068],[4.74274,50.37996],[4.74097,50.37968],[4.75202,50.37897],[4.75426,50.37873],[4.75435,50.37771],[4.75422,50.37706],[4.74952,50.37528],[4.75007,50.37493],[4.74943,50.37472],[4.75049,50.37245],[4.75282,50.37326],[4.75265,50.37288],[4.75121,50.37165],[4.7507,50.37027],[4.75359,50.36894],[4.76145,50.36381],[4.76261,50.36272],[4.76046,50.36061],[4.76115,50.36071],[4.76404,50.36129],[4.76536,50.3617],[4.7658,50.3609],[4.76665,50.35996],[4.76785,50.35923],[4.76685,50.35806],[4.76392,50.35839],[4.76138,50.35796],[4.76134,50.35768],[4.76028,50.35744],[4.76062,50.35715],[4.75676,50.35618],[4.75613,50.35564],[4.75676,50.35553],[4.75863,50.35135],[4.75668,50.34351],[4.75754,50.34299],[4.75843,50.34299],[4.7586,50.34321],[4.76085,50.34337],[4.76203,50.34305],[4.76457,50.34332],[4.76818,50.34315],[4.77055,50.34296],[4.77139,50.34318],[4.77182,50.3428],[4.77445,50.3431],[4.77627,50.34356],[4.77686,50.34334],[4.77957,50.34353],[4.78152,50.34329],[4.78262,50.34326],[4.78343,50.3435],[4.785,50.34342],[4.78635,50.34302],[4.78864,50.34286],[4.78974,50.34321],[4.79199,50.34318],[4.79296,50.34348],[4.79152,50.34445],[4.79122,50.34509],[4.79173,50.34542],[4.79186,50.34585],[4.79148,50.34666],[4.79076,50.34744],[4.78983,50.35073],[4.7885,50.35417],[4.78866,50.3552],[4.79062,50.35646],[4.80241,50.3549],[4.80321,50.3549],[4.80504,50.35431],[4.80673,50.35342],[4.80766,50.35409],[4.80784,50.35447],[4.80953,50.35544],[4.81614,50.35321],[4.81804,50.35512],[4.82271,50.35668],[4.81953,50.35862],[4.8219,50.35984],[4.82296,50.36005],[4.82626,50.35954],[4.82927,50.36105],[4.83105,50.36175],[4.84334,50.35946],[4.84681,50.35811],[4.84659,50.35701],[4.84599,50.35562],[4.84605,50.3555],[4.84724,50.35517],[4.84796,50.35463],[4.84607,50.35354],[4.84991,50.35156],[4.85173,50.35261],[4.85325,50.35329],[4.85542,50.35374],[4.86105,50.35385],[4.8616,50.351]]]}},{"type":"Feature","id":"92114","bbox":[4.557379,50.484216,4.644939,50.569572],"properties":{"nis":"92114","name":"Sombreffe","nameNl":"Sombreffe","nameFr":"Sombreffe","nameDe":"Sombreffe","province":"namur","region":"wallonia","areaKm2":35.75},"geometry":{"type":"Polygon","coordinates":[[[4.62803,50.56433],[4.62665,50.56429],[4.62647,50.56404],[4.62274,50.56209],[4.62135,50.56156],[4.61935,50.56369],[4.62015,50.56503],[4.62005,50.56576],[4.62016,50.56635],[4.62056,50.56714],[4.62014,50.56745],[4.61787,50.56957],[4.61327,50.5682],[4.61111,50.56733],[4.60971,50.56947],[4.60792,50.56926],[4.60668,50.56896],[4.60393,50.56899],[4.60395,50.56913],[4.60209,50.56931],[4.60183,50.56843],[4.60193,50.56769],[4.60021,50.56724],[4.59869,50.56677],[4.59803,50.56724],[4.59737,50.5673],[4.59574,50.56631],[4.59345,50.56507],[4.58986,50.56336],[4.58912,50.56252],[4.58744,50.56281],[4.58465,50.56241],[4.58109,50.56113],[4.58075,50.56191],[4.57503,50.56081],[4.57437,50.5567],[4.57428,50.55549],[4.57476,50.55397],[4.57525,50.553],[4.57598,50.55216],[4.5769,50.54771],[4.57737,50.54437],[4.57744,50.54231],[4.57859,50.53944],[4.57999,50.53569],[4.58044,50.53474],[4.58048,50.53023],[4.57968,50.5283],[4.57819,50.52833],[4.57752,50.52806],[4.5772,50.52758],[4.57699,50.5277],[4.57652,50.52687],[4.57561,50.52632],[4.57675,50.52505],[4.57618,50.52365],[4.57588,50.52322],[4.57467,50.52194],[4.57374,50.52112],[4.57272,50.52054],[4.57251,50.52066],[4.5687,50.5205],[4.56572,50.51951],[4.56663,50.51861],[4.56423,50.51745],[4.56474,50.51668],[4.56616,50.51556],[4.56418,50.51432],[4.56559,50.51367],[4.56192,50.51179],[4.56305,50.51102],[4.56234,50.50981],[4.5615,50.50936],[4.56256,50.50824],[4.55946,50.50635],[4.55738,50.50558],[4.55766,50.50539],[4.55928,50.50372],[4.55957,50.50199],[4.55967,50.50176],[4.55916,50.50159],[4.55931,50.50095],[4.55914,50.5002],[4.55945,50.4997],[4.5599,50.49942],[4.56375,50.49761],[4.56365,50.49688],[4.56306,50.49649],[4.56229,50.49547],[4.56064,50.49424],[4.55963,50.49323],[4.56121,50.4913],[4.56199,50.48937],[4.57888,50.49955],[4.58104,50.49818],[4.58175,50.49851],[4.58545,50.49574],[4.58852,50.49752],[4.58808,50.49785],[4.58857,50.49808],[4.58875,50.49792],[4.59139,50.49899],[4.59172,50.49867],[4.59365,50.49937],[4.59487,50.49798],[4.59253,50.49705],[4.59095,50.4963],[4.58635,50.49373],[4.59052,50.49087],[4.58885,50.49005],[4.58846,50.4903],[4.58745,50.48983],[4.5897,50.48828],[4.58935,50.48807],[4.59095,50.487],[4.59066,50.48683],[4.59159,50.48602],[4.59213,50.48422],[4.60072,50.48652],[4.60941,50.48901],[4.61475,50.49045],[4.6186,50.49135],[4.62224,50.49207],[4.62556,50.49264],[4.62326,50.49501],[4.62228,50.49469],[4.62151,50.49664],[4.62189,50.49667],[4.62061,50.49988],[4.62281,50.5001],[4.62152,50.50258],[4.62169,50.5035],[4.62232,50.50427],[4.62307,50.50418],[4.62316,50.50474],[4.62364,50.50529],[4.62731,50.50681],[4.62759,50.50663],[4.62916,50.5073],[4.62979,50.50686],[4.6307,50.5072],[4.63095,50.507],[4.63572,50.5091],[4.63623,50.50873],[4.6395,50.50986],[4.63974,50.50949],[4.6443,50.51028],[4.64331,50.51255],[4.64032,50.51813],[4.63706,50.52258],[4.63641,50.5249],[4.63401,50.52854],[4.63506,50.52973],[4.63621,50.53052],[4.63989,50.53504],[4.6401,50.53537],[4.64001,50.53616],[4.64033,50.53663],[4.64214,50.53853],[4.64494,50.54068],[4.6418,50.54211],[4.63858,50.54327],[4.63748,50.54392],[4.63625,50.54489],[4.63532,50.54547],[4.6343,50.5459],[4.63323,50.54618],[4.63102,50.54658],[4.62974,50.5472],[4.62795,50.54875],[4.62787,50.54954],[4.6277,50.54982],[4.62592,50.55084],[4.62633,50.55142],[4.62577,50.55413],[4.62528,50.55489],[4.62876,50.55586],[4.63211,50.55674],[4.63049,50.55944],[4.6293,50.55914],[4.62914,50.55976],[4.62858,50.55963],[4.62897,50.56057],[4.62837,50.5606],[4.6282,50.5603],[4.62748,50.56022],[4.62803,50.56433]]]}},{"type":"Feature","id":"92137","bbox":[4.572686,50.400105,4.67027,50.492643],"properties":{"nis":"92137","name":"Sambreville","nameNl":"Sambreville","nameFr":"Sambreville","nameDe":"Sambreville","province":"namur","region":"wallonia","areaKm2":34.17},"geometry":{"type":"Polygon","coordinates":[[[4.59213,50.48422],[4.59492,50.48246],[4.59526,50.48212],[4.59622,50.48067],[4.59709,50.4801],[4.59828,50.48048],[4.59906,50.47987],[4.59821,50.47963],[4.59858,50.47902],[4.5981,50.47884],[4.59934,50.47779],[4.59925,50.47773],[4.60072,50.47667],[4.59879,50.47478],[4.59981,50.47434],[4.59818,50.47238],[4.59767,50.47249],[4.59733,50.47177],[4.59655,50.46961],[4.59497,50.46786],[4.5948,50.4675],[4.59011,50.46412],[4.5901,50.46386],[4.58719,50.46301],[4.58869,50.46154],[4.58847,50.46087],[4.58784,50.45955],[4.58897,50.45744],[4.58551,50.4547],[4.58431,50.45479],[4.57687,50.45403],[4.57473,50.45379],[4.57314,50.45404],[4.573,50.45359],[4.57497,50.45284],[4.57701,50.45202],[4.57822,50.45111],[4.57929,50.45043],[4.57993,50.44939],[4.58104,50.44857],[4.58238,50.44792],[4.58305,50.44715],[4.58402,50.44576],[4.58146,50.44477],[4.58149,50.44204],[4.57868,50.44123],[4.5744,50.44223],[4.57292,50.44262],[4.57269,50.44188],[4.57621,50.43866],[4.57826,50.43837],[4.57921,50.43827],[4.58016,50.43828],[4.58145,50.43859],[4.58273,50.43869],[4.58368,50.43864],[4.58402,50.43844],[4.58446,50.43765],[4.5847,50.4365],[4.58463,50.43558],[4.58431,50.43426],[4.58353,50.43361],[4.58222,50.43341],[4.58144,50.43296],[4.58156,50.4325],[4.5825,50.43189],[4.58337,50.43178],[4.58412,50.43182],[4.58481,50.43167],[4.58594,50.4309],[4.58653,50.43077],[4.5875,50.43084],[4.58789,50.43104],[4.58798,50.43208],[4.5884,50.43241],[4.59013,50.433],[4.5907,50.43293],[4.59266,50.43184],[4.59308,50.43136],[4.59431,50.42927],[4.59464,50.42889],[4.59571,50.42843],[4.59662,50.42832],[4.5978,50.42799],[4.59987,50.4277],[4.60161,50.42736],[4.60328,50.42693],[4.60468,50.42647],[4.60554,50.42634],[4.60615,50.4265],[4.60702,50.42694],[4.60752,50.42735],[4.60857,50.4279],[4.60957,50.42852],[4.6104,50.42956],[4.61166,50.43006],[4.61343,50.43033],[4.61446,50.42915],[4.61503,50.42828],[4.61604,50.42655],[4.61727,50.42517],[4.61683,50.42438],[4.61606,50.42416],[4.61412,50.42383],[4.61231,50.42268],[4.61081,50.42207],[4.61063,50.42189],[4.61035,50.4202],[4.60992,50.41702],[4.60962,50.41447],[4.60912,50.41232],[4.60864,50.41149],[4.60884,50.41097],[4.60868,50.41035],[4.60843,50.41041],[4.60759,50.40984],[4.60748,50.40917],[4.6079,50.40864],[4.60822,50.40789],[4.60907,50.40528],[4.60919,50.40372],[4.61051,50.40277],[4.61216,50.40145],[4.61326,50.4001],[4.61669,50.40124],[4.61868,50.40205],[4.62161,50.40342],[4.62241,50.40428],[4.62339,50.40485],[4.62393,50.40567],[4.62378,50.40613],[4.62438,50.40619],[4.62512,50.40602],[4.62559,50.40631],[4.62606,50.40636],[4.62669,50.40598],[4.62805,50.40633],[4.6283,50.407],[4.6322,50.40894],[4.63728,50.41202],[4.64398,50.41549],[4.64584,50.41692],[4.64636,50.41737],[4.64699,50.41894],[4.6474,50.421],[4.64975,50.42153],[4.65022,50.42181],[4.64796,50.42424],[4.64758,50.42486],[4.65054,50.42554],[4.65112,50.42555],[4.6523,50.42318],[4.65323,50.42311],[4.65392,50.42274],[4.65482,50.42176],[4.65652,50.42089],[4.65916,50.41998],[4.65928,50.41986],[4.65922,50.41904],[4.65897,50.41826],[4.65923,50.41773],[4.65982,50.41703],[4.66376,50.41676],[4.66427,50.41716],[4.66618,50.41751],[4.66677,50.41735],[4.67027,50.41816],[4.67013,50.42093],[4.66813,50.42456],[4.66584,50.42671],[4.66427,50.42911],[4.66359,50.43054],[4.6633,50.43157],[4.66269,50.43263],[4.66141,50.43536],[4.66038,50.43769],[4.65928,50.43913],[4.65842,50.4407],[4.66004,50.44153],[4.66219,50.44248],[4.66126,50.44331],[4.65982,50.44407],[4.65864,50.44372],[4.65818,50.44389],[4.65784,50.44369],[4.65213,50.44581],[4.65161,50.44652],[4.65073,50.44708],[4.6485,50.44798],[4.64649,50.44829],[4.64507,50.44883],[4.64467,50.44913],[4.64379,50.45036],[4.64342,50.45177],[4.64174,50.45317],[4.63966,50.4546],[4.63794,50.45614],[4.63685,50.4581],[4.63561,50.45921],[4.63364,50.46288],[4.63338,50.46654],[4.63512,50.4677],[4.63563,50.46846],[4.63703,50.47131],[4.63766,50.47231],[4.63838,50.47288],[4.64097,50.47412],[4.64194,50.47535],[4.64351,50.47606],[4.64381,50.47695],[4.63932,50.48174],[4.63851,50.48252],[4.63406,50.48608],[4.63338,50.487],[4.63249,50.48716],[4.63097,50.48813],[4.63029,50.48813],[4.6294,50.48886],[4.62693,50.48878],[4.6265,50.48884],[4.62567,50.4895],[4.62613,50.4907],[4.62716,50.49169],[4.62712,50.49189],[4.62556,50.49264],[4.62224,50.49207],[4.6186,50.49135],[4.61475,50.49045],[4.60941,50.48901],[4.60072,50.48652],[4.59213,50.48422]]]}},{"type":"Feature","id":"92138","bbox":[4.917023,50.504737,5.05434,50.618604],"properties":{"nis":"92138","name":"Fernelmont","nameNl":"Fernelmont","nameFr":"Fernelmont","nameDe":"Fernelmont","province":"namur","region":"wallonia","areaKm2":65.61},"geometry":{"type":"Polygon","coordinates":[[[5.03425,50.53178],[5.03644,50.53268],[5.03664,50.53321],[5.0376,50.53367],[5.03834,50.53474],[5.03812,50.53611],[5.03831,50.53721],[5.04064,50.53659],[5.04283,50.53704],[5.04601,50.53747],[5.04619,50.53774],[5.04536,50.53904],[5.04696,50.53944],[5.05201,50.53982],[5.05434,50.54099],[5.05405,50.54259],[5.05293,50.54395],[5.05116,50.54705],[5.04912,50.54826],[5.04827,50.54949],[5.04664,50.55132],[5.04848,50.55356],[5.04966,50.55299],[5.05115,50.55535],[5.05006,50.5556],[5.0465,50.55666],[5.04448,50.55738],[5.0442,50.55768],[5.04856,50.56111],[5.0449,50.56395],[5.04226,50.56596],[5.03975,50.56796],[5.03354,50.57062],[5.03187,50.57463],[5.0311,50.57436],[5.03021,50.57955],[5.03161,50.5799],[5.03252,50.58045],[5.0344,50.58231],[5.03281,50.58346],[5.03072,50.58382],[5.02757,50.58451],[5.02746,50.58587],[5.02865,50.5887],[5.02489,50.58932],[5.02062,50.59036],[5.01906,50.5911],[5.01858,50.5908],[5.01639,50.59203],[5.0138,50.59336],[5.01387,50.59341],[5.01169,50.59418],[5.008,50.59556],[5.00825,50.596],[5.00505,50.59685],[5.00519,50.59708],[5.00437,50.59727],[5.00461,50.59784],[5.00187,50.59852],[4.99906,50.60011],[4.99997,50.60289],[4.99995,50.60568],[5.00095,50.60576],[5.00143,50.60637],[5.00299,50.60685],[5.00173,50.60861],[5.00033,50.61042],[4.99622,50.61228],[4.99449,50.61299],[4.99311,50.61363],[4.99241,50.61384],[4.99039,50.61418],[4.9893,50.61461],[4.98812,50.61526],[4.98722,50.61555],[4.98524,50.616],[4.98302,50.61636],[4.98198,50.61667],[4.97931,50.6186],[4.9788,50.61817],[4.96354,50.60557],[4.96663,50.60088],[4.97151,50.59641],[4.9738,50.59706],[4.97553,50.59778],[4.98617,50.59606],[4.98591,50.59583],[4.981,50.59097],[4.98036,50.58973],[4.98346,50.58469],[4.98113,50.58307],[4.97468,50.58636],[4.97108,50.58908],[4.96867,50.58778],[4.96651,50.58636],[4.96316,50.58485],[4.95901,50.58108],[4.95655,50.5811],[4.95316,50.57749],[4.95232,50.57612],[4.94765,50.57302],[4.9407,50.56881],[4.93988,50.56791],[4.93799,50.56536],[4.93838,50.56423],[4.9371,50.56208],[4.93481,50.5624],[4.93422,50.5613],[4.93249,50.56148],[4.93181,50.56],[4.93058,50.55962],[4.93128,50.55825],[4.93172,50.55677],[4.93134,50.55553],[4.9302,50.55496],[4.9307,50.55421],[4.93092,50.55202],[4.93058,50.55109],[4.93144,50.55069],[4.9325,50.55038],[4.93522,50.54909],[4.93833,50.54063],[4.93988,50.53707],[4.93528,50.53381],[4.93464,50.53375],[4.91905,50.52594],[4.9202,50.52225],[4.91935,50.52209],[4.91944,50.52169],[4.91702,50.51942],[4.91918,50.51824],[4.92012,50.51891],[4.92252,50.51928],[4.92526,50.51958],[4.92605,50.51986],[4.93227,50.51614],[4.92952,50.51439],[4.92622,50.51406],[4.92363,50.51317],[4.91961,50.51096],[4.92222,50.50895],[4.923,50.50943],[4.92414,50.50805],[4.92473,50.50816],[4.9263,50.50665],[4.9277,50.50673],[4.92952,50.50654],[4.93071,50.50611],[4.93194,50.50652],[4.93507,50.50641],[4.93685,50.50501],[4.93774,50.50474],[4.94054,50.50727],[4.94092,50.50913],[4.94189,50.51002],[4.94278,50.51096],[4.94321,50.51236],[4.9427,50.5132],[4.94329,50.51393],[4.94287,50.51554],[4.94287,50.51678],[4.94405,50.5173],[4.94608,50.51968],[4.94705,50.52099],[4.94807,50.52175],[4.95019,50.52228],[4.95025,50.52221],[4.95218,50.52233],[4.95312,50.52258],[4.9537,50.52124],[4.955,50.52151],[4.95617,50.51856],[4.96003,50.51969],[4.95965,50.51689],[4.96236,50.51589],[4.96316,50.51509],[4.96367,50.51565],[4.96422,50.51506],[4.96511,50.51565],[4.9674,50.51643],[4.96981,50.51482],[4.9736,50.51174],[4.97209,50.51043],[4.97398,50.50793],[4.97877,50.50865],[4.97912,50.50898],[4.9797,50.50915],[4.98048,50.5104],[4.98182,50.51108],[4.98189,50.51207],[4.98415,50.51234],[4.98655,50.51319],[4.98779,50.51399],[4.98934,50.51492],[4.99149,50.51503],[4.99263,50.51498],[4.99524,50.51566],[4.99644,50.5144],[4.99954,50.51557],[5.00279,50.51476],[5.00555,50.51552],[5.00753,50.51296],[5.00971,50.51108],[5.01211,50.51198],[5.01282,50.51148],[5.01487,50.5122],[5.01664,50.51314],[5.0159,50.51367],[5.01902,50.51433],[5.02025,50.51289],[5.02008,50.514],[5.02172,50.51471],[5.022,50.51543],[5.02426,50.51683],[5.02588,50.51718],[5.02807,50.51822],[5.02723,50.51939],[5.02829,50.51975],[5.02549,50.52313],[5.02641,50.52353],[5.02765,50.52536],[5.02814,50.52698],[5.02956,50.52837],[5.02963,50.52936],[5.03146,50.53012],[5.03309,50.53102],[5.03425,50.53178]]]}},{"type":"Feature","id":"92140","bbox":[4.62061,50.420934,4.732991,50.512994],"properties":{"nis":"92140","name":"Jemeppe-sur-Sambre","nameNl":"Jemeppe-sur-Sambre","nameFr":"Jemeppe-sur-Sambre","nameDe":"Jemeppe-sur-Sambre","province":"namur","region":"wallonia","areaKm2":46.81},"geometry":{"type":"Polygon","coordinates":[[[4.62556,50.49264],[4.62712,50.49189],[4.62716,50.49169],[4.62613,50.4907],[4.62567,50.4895],[4.6265,50.48884],[4.62693,50.48878],[4.6294,50.48886],[4.63029,50.48813],[4.63097,50.48813],[4.63249,50.48716],[4.63338,50.487],[4.63406,50.48608],[4.63851,50.48252],[4.63932,50.48174],[4.64381,50.47695],[4.64351,50.47606],[4.64194,50.47535],[4.64097,50.47412],[4.63838,50.47288],[4.63766,50.47231],[4.63703,50.47131],[4.63563,50.46846],[4.63512,50.4677],[4.63338,50.46654],[4.63364,50.46288],[4.63561,50.45921],[4.63685,50.4581],[4.63794,50.45614],[4.63966,50.4546],[4.64174,50.45317],[4.64342,50.45177],[4.64379,50.45036],[4.64467,50.44913],[4.64507,50.44883],[4.64649,50.44829],[4.6485,50.44798],[4.65073,50.44708],[4.65161,50.44652],[4.65213,50.44581],[4.65784,50.44369],[4.65818,50.44389],[4.65864,50.44372],[4.65982,50.44407],[4.66126,50.44331],[4.66219,50.44248],[4.66004,50.44153],[4.65842,50.4407],[4.65928,50.43913],[4.66038,50.43769],[4.66141,50.43536],[4.66269,50.43263],[4.6633,50.43157],[4.66359,50.43054],[4.66427,50.42911],[4.66584,50.42671],[4.66813,50.42456],[4.67013,50.42093],[4.67218,50.42134],[4.6736,50.4214],[4.67359,50.42126],[4.67453,50.42125],[4.67647,50.42145],[4.67783,50.42193],[4.67923,50.42204],[4.68058,50.42196],[4.68173,50.42231],[4.68231,50.42184],[4.68541,50.42315],[4.68597,50.42333],[4.68931,50.4249],[4.6919,50.42587],[4.69219,50.42652],[4.69143,50.42732],[4.69518,50.42817],[4.69583,50.42844],[4.69702,50.42862],[4.69723,50.429],[4.69817,50.42943],[4.69901,50.43054],[4.69859,50.43094],[4.69863,50.43207],[4.69842,50.43326],[4.69791,50.43471],[4.70066,50.43754],[4.70172,50.43852],[4.70232,50.43943],[4.70232,50.44113],[4.70283,50.44215],[4.70393,50.44323],[4.70456,50.44372],[4.7077,50.44283],[4.7091,50.44434],[4.70952,50.4452],[4.70929,50.44582],[4.70906,50.44711],[4.70965,50.44779],[4.71037,50.44816],[4.71126,50.44921],[4.71359,50.45083],[4.71397,50.45167],[4.71295,50.45385],[4.713,50.45447],[4.71338,50.45477],[4.71456,50.45517],[4.71588,50.45638],[4.71605,50.45719],[4.71634,50.4577],[4.71566,50.45773],[4.71562,50.45851],[4.71676,50.46019],[4.71651,50.46119],[4.71515,50.46185],[4.71621,50.46215],[4.71564,50.46285],[4.71477,50.46414],[4.7141,50.46479],[4.71329,50.46525],[4.71253,50.4666],[4.71185,50.46703],[4.71189,50.4673],[4.71291,50.46743],[4.71442,50.46746],[4.71562,50.46794],[4.71677,50.468],[4.71821,50.4687],[4.7187,50.46951],[4.7192,50.46974],[4.71967,50.46974],[4.72265,50.47008],[4.72625,50.4707],[4.73172,50.47147],[4.73299,50.47191],[4.73278,50.47213],[4.7316,50.47286],[4.73165,50.47326],[4.73109,50.47374],[4.72919,50.4744],[4.72833,50.47491],[4.72774,50.47549],[4.72729,50.47547],[4.72643,50.47566],[4.72507,50.47706],[4.72487,50.47746],[4.72431,50.47783],[4.7239,50.47857],[4.72338,50.48056],[4.72325,50.48194],[4.72305,50.4824],[4.72313,50.48292],[4.72357,50.48349],[4.72412,50.48488],[4.72473,50.48593],[4.72512,50.48765],[4.72537,50.48823],[4.72535,50.48863],[4.72463,50.49206],[4.72458,50.49278],[4.72471,50.49425],[4.72456,50.49558],[4.72431,50.49706],[4.71017,50.50156],[4.69898,50.50524],[4.68033,50.50035],[4.67317,50.50121],[4.66626,50.49952],[4.65997,50.5123],[4.65605,50.51238],[4.65304,50.51275],[4.65198,50.51259],[4.64618,50.51299],[4.64486,50.51291],[4.64331,50.51255],[4.6443,50.51028],[4.63974,50.50949],[4.6395,50.50986],[4.63623,50.50873],[4.63572,50.5091],[4.63095,50.507],[4.6307,50.5072],[4.62979,50.50686],[4.62916,50.5073],[4.62759,50.50663],[4.62731,50.50681],[4.62364,50.50529],[4.62316,50.50474],[4.62307,50.50418],[4.62232,50.50427],[4.62169,50.5035],[4.62152,50.50258],[4.62281,50.5001],[4.62061,50.49988],[4.62189,50.49667],[4.62151,50.49664],[4.62228,50.49469],[4.62326,50.49501],[4.62556,50.49264]]]}},{"type":"Feature","id":"92141","bbox":[4.744555,50.486875,4.898529,50.573355],"properties":{"nis":"92141","name":"La Bruyère","nameNl":"La Bruyère","nameFr":"La Bruyère","nameDe":"La Bruyère","province":"namur","region":"wallonia","areaKm2":52.88},"geometry":{"type":"Polygon","coordinates":[[[4.75807,50.50781],[4.76038,50.50792],[4.76041,50.50768],[4.76257,50.50736],[4.76472,50.5082],[4.76495,50.50773],[4.76498,50.50716],[4.7652,50.5069],[4.76518,50.50588],[4.76549,50.50481],[4.76681,50.50484],[4.76807,50.50139],[4.77156,50.50157],[4.77358,50.5019],[4.77421,50.50075],[4.77307,50.50008],[4.77421,50.49806],[4.77534,50.49855],[4.77611,50.49694],[4.77604,50.4951],[4.77978,50.49631],[4.78014,50.49559],[4.78536,50.49478],[4.7872,50.49411],[4.79525,50.49474],[4.80062,50.4959],[4.80485,50.49734],[4.81246,50.4925],[4.81476,50.49112],[4.81487,50.49121],[4.81667,50.48986],[4.81926,50.48876],[4.81952,50.48883],[4.82262,50.48802],[4.82432,50.48738],[4.82526,50.48688],[4.82549,50.48801],[4.8254,50.48917],[4.82794,50.48979],[4.82964,50.49074],[4.82957,50.49146],[4.83027,50.49267],[4.8338,50.49595],[4.83818,50.49738],[4.83599,50.49959],[4.83733,50.50026],[4.83656,50.50093],[4.83557,50.50053],[4.83451,50.50152],[4.83606,50.50219],[4.83479,50.50336],[4.8483,50.50565],[4.84825,50.50638],[4.84795,50.50706],[4.84898,50.50722],[4.85069,50.50767],[4.8521,50.5079],[4.85387,50.50832],[4.85515,50.5087],[4.8542,50.51067],[4.85298,50.51355],[4.86029,50.5152],[4.85825,50.51817],[4.85788,50.51855],[4.85617,50.52008],[4.8557,50.52036],[4.85385,50.52093],[4.85321,50.52127],[4.85202,50.52168],[4.85795,50.52335],[4.85767,50.52402],[4.85894,50.52451],[4.86035,50.52402],[4.86177,50.52415],[4.86212,50.52339],[4.8636,50.52362],[4.86565,50.5242],[4.8672,50.52393],[4.8677,50.52444],[4.86855,50.52484],[4.86644,50.5257],[4.86703,50.526],[4.86876,50.52538],[4.87088,50.52619],[4.87389,50.52576],[4.87673,50.52667],[4.87813,50.52702],[4.87838,50.52646],[4.87779,50.52554],[4.87949,50.52411],[4.87969,50.52333],[4.87927,50.52331],[4.87859,50.52223],[4.88033,50.52215],[4.88029,50.52182],[4.88139,50.52215],[4.88224,50.52142],[4.88326,50.52158],[4.88609,50.52293],[4.88893,50.52398],[4.89177,50.52465],[4.89198,50.52336],[4.89173,50.52198],[4.89139,50.52115],[4.8916,50.52075],[4.89342,50.52134],[4.89605,50.52058],[4.89853,50.52196],[4.89585,50.52676],[4.89448,50.52893],[4.89291,50.53017],[4.89029,50.53273],[4.89156,50.53346],[4.88821,50.53496],[4.88804,50.53445],[4.88719,50.53311],[4.88507,50.53138],[4.88393,50.5309],[4.87669,50.53329],[4.87626,50.53383],[4.87427,50.53365],[4.87258,50.53467],[4.87423,50.53604],[4.87376,50.53658],[4.87478,50.53682],[4.87541,50.53912],[4.87418,50.54014],[4.87388,50.54068],[4.873,50.5417],[4.87406,50.54165],[4.87499,50.54192],[4.87567,50.54224],[4.87602,50.54309],[4.87518,50.544],[4.8749,50.54412],[4.87497,50.5445],[4.87217,50.54505],[4.87204,50.54564],[4.86682,50.54533],[4.8661,50.54564],[4.86523,50.54561],[4.86453,50.54659],[4.86359,50.54634],[4.86269,50.54593],[4.86208,50.54434],[4.86093,50.54397],[4.86033,50.5444],[4.85957,50.5455],[4.85758,50.54661],[4.85638,50.54675],[4.85542,50.54701],[4.85045,50.54869],[4.84899,50.54928],[4.84026,50.55296],[4.83851,50.55392],[4.83825,50.55165],[4.83614,50.54661],[4.83465,50.54526],[4.83288,50.54534],[4.83279,50.54812],[4.83334,50.55024],[4.83271,50.55229],[4.83288,50.55283],[4.83245,50.55337],[4.83271,50.55456],[4.82775,50.55922],[4.81799,50.55387],[4.81568,50.55576],[4.81597,50.55632],[4.80848,50.56371],[4.80233,50.5678],[4.80441,50.56913],[4.79721,50.57336],[4.79598,50.57284],[4.79344,50.5723],[4.79098,50.57212],[4.78963,50.57182],[4.78366,50.56781],[4.78112,50.56616],[4.77955,50.56484],[4.77904,50.56403],[4.77849,50.56392],[4.77765,50.56322],[4.77549,50.56268],[4.77553,50.56206],[4.76998,50.56026],[4.76566,50.55937],[4.76447,50.56018],[4.76244,50.55921],[4.76273,50.55883],[4.76244,50.55845],[4.76371,50.55783],[4.76527,50.55651],[4.76464,50.55603],[4.76476,50.55511],[4.7643,50.55495],[4.76367,50.55414],[4.76197,50.55479],[4.76256,50.55544],[4.76324,50.55643],[4.76248,50.55641],[4.76091,50.55681],[4.75921,50.5574],[4.75837,50.55789],[4.75909,50.55805],[4.75862,50.55856],[4.75727,50.55827],[4.75672,50.55862],[4.75612,50.55999],[4.75515,50.56058],[4.75527,50.56115],[4.75315,50.56008],[4.7568,50.55692],[4.75375,50.55544],[4.75663,50.55498],[4.75515,50.5543],[4.75417,50.55366],[4.7518,50.55094],[4.75396,50.54926],[4.74456,50.54396],[4.7483,50.54247],[4.74985,50.54158],[4.75387,50.53719],[4.75428,50.53387],[4.75539,50.5341],[4.75587,50.53342],[4.75591,50.53245],[4.75642,50.5321],[4.75913,50.53188],[4.7607,50.53137],[4.76155,50.53083],[4.76176,50.52989],[4.76142,50.52851],[4.75833,50.52788],[4.7553,50.52642],[4.75638,50.52622],[4.76111,50.52322],[4.76171,50.52265],[4.76171,50.52243],[4.76349,50.52102],[4.76476,50.52045],[4.7658,50.51983],[4.76769,50.51898],[4.76628,50.51803],[4.76563,50.51769],[4.76525,50.51727],[4.7621,50.51512],[4.76046,50.5141],[4.75833,50.51352],[4.75737,50.51308],[4.75513,50.51216],[4.7554,50.51181],[4.75785,50.50925],[4.75807,50.50781]]]}},{"type":"Feature","id":"92142","bbox":[4.625279,50.496029,4.806649,50.611412],"properties":{"nis":"92142","name":"Gembloux","nameNl":"Gembloers","nameFr":"Gembloux","nameDe":"Gembloux","province":"namur","region":"wallonia","areaKm2":96.09},"geometry":{"type":"Polygon","coordinates":[[[4.79098,50.57212],[4.78996,50.57385],[4.78703,50.57644],[4.78771,50.57671],[4.78767,50.57706],[4.78843,50.57711],[4.78979,50.579],[4.78915,50.57957],[4.78835,50.58045],[4.79176,50.58496],[4.7933,50.58336],[4.79644,50.58328],[4.79682,50.58237],[4.79949,50.58256],[4.80199,50.58318],[4.80635,50.58469],[4.80665,50.58514],[4.79961,50.59223],[4.7958,50.59567],[4.79445,50.59681],[4.7883,50.60211],[4.78668,50.60186],[4.78608,50.60183],[4.78668,50.60151],[4.78687,50.60042],[4.78776,50.59842],[4.78835,50.59782],[4.7895,50.59699],[4.79121,50.59631],[4.79265,50.59557],[4.79327,50.59482],[4.79535,50.59306],[4.79701,50.59201],[4.79164,50.58966],[4.7912,50.58955],[4.7909,50.59061],[4.78999,50.59211],[4.78942,50.59293],[4.78856,50.59445],[4.78796,50.59581],[4.78719,50.59631],[4.78719,50.59753],[4.78695,50.59814],[4.78473,50.59977],[4.78276,50.60057],[4.78122,50.60088],[4.77967,50.60103],[4.77882,50.60096],[4.77808,50.60013],[4.77595,50.59935],[4.77537,50.5994],[4.77435,50.59972],[4.77191,50.6006],[4.77062,50.60075],[4.76957,50.60064],[4.76772,50.60004],[4.76607,50.5997],[4.76496,50.59919],[4.7644,50.59884],[4.76284,50.59838],[4.76131,50.59772],[4.75996,50.59692],[4.75895,50.59619],[4.75777,50.59557],[4.75647,50.5946],[4.75492,50.594],[4.75397,50.59341],[4.75299,50.59298],[4.75227,50.59221],[4.75176,50.59195],[4.75139,50.59198],[4.75124,50.59165],[4.74966,50.59021],[4.74905,50.58947],[4.74813,50.58925],[4.7472,50.58943],[4.74658,50.58968],[4.74537,50.59052],[4.74526,50.59024],[4.74592,50.58923],[4.74453,50.58884],[4.74337,50.5894],[4.74396,50.59102],[4.74555,50.59202],[4.74681,50.59256],[4.74524,50.59387],[4.74403,50.59339],[4.74098,50.59798],[4.74434,50.59953],[4.74407,50.59982],[4.74537,50.60102],[4.74484,50.60174],[4.74468,50.60171],[4.74384,50.60373],[4.74265,50.60346],[4.74128,50.60301],[4.74044,50.60368],[4.73849,50.60443],[4.73731,50.60531],[4.73832,50.60671],[4.73871,50.60809],[4.73901,50.60874],[4.73658,50.6096],[4.73451,50.61065],[4.73336,50.61077],[4.7327,50.61071],[4.73184,50.6103],[4.73126,50.60959],[4.73073,50.60859],[4.7282,50.6104],[4.72724,50.61134],[4.72687,50.61095],[4.7251,50.61141],[4.72489,50.61032],[4.72427,50.60905],[4.72381,50.60928],[4.72323,50.60848],[4.7194,50.60987],[4.71744,50.60785],[4.71689,50.60808],[4.71591,50.60758],[4.71415,50.60843],[4.71075,50.60571],[4.71005,50.60511],[4.70742,50.60399],[4.70826,50.60226],[4.71141,50.60124],[4.70959,50.59984],[4.71156,50.59809],[4.71191,50.59816],[4.712,50.59774],[4.71202,50.59624],[4.71087,50.59573],[4.70921,50.59578],[4.70796,50.59559],[4.70715,50.59555],[4.70496,50.59556],[4.70386,50.5957],[4.70549,50.59469],[4.70476,50.59423],[4.70112,50.59608],[4.70037,50.59655],[4.69777,50.59851],[4.69792,50.5986],[4.69703,50.5991],[4.69513,50.59804],[4.69097,50.60017],[4.69046,50.59945],[4.68811,50.60039],[4.68485,50.60182],[4.68162,50.60349],[4.68036,50.60434],[4.67871,50.60303],[4.67769,50.60367],[4.6766,50.60455],[4.67459,50.60659],[4.67261,50.60813],[4.66934,50.60688],[4.668,50.60667],[4.66649,50.6063],[4.66537,50.60616],[4.66558,50.60547],[4.66285,50.60482],[4.66294,50.60446],[4.66041,50.6045],[4.65926,50.60205],[4.65721,50.60246],[4.65686,50.60146],[4.65624,50.59987],[4.65603,50.59826],[4.65615,50.59747],[4.65584,50.59448],[4.65678,50.59225],[4.65613,50.59203],[4.65728,50.58973],[4.65772,50.58797],[4.65828,50.5869],[4.65764,50.58658],[4.65682,50.58588],[4.66135,50.57866],[4.66205,50.57648],[4.66516,50.57493],[4.67304,50.57088],[4.67056,50.56873],[4.66857,50.56688],[4.66846,50.56644],[4.6687,50.5658],[4.6646,50.5659],[4.66396,50.56563],[4.66245,50.56477],[4.66194,50.5646],[4.66059,50.5644],[4.65202,50.5621],[4.64441,50.56023],[4.64378,50.56279],[4.6437,50.5639],[4.64357,50.56435],[4.64319,50.56417],[4.64188,50.56504],[4.64138,50.56484],[4.64016,50.56361],[4.63761,50.56264],[4.63597,50.56432],[4.63366,50.56622],[4.63198,50.56538],[4.63224,50.56516],[4.62928,50.56388],[4.62923,50.56359],[4.62803,50.56433],[4.62748,50.56022],[4.6282,50.5603],[4.62837,50.5606],[4.62897,50.56057],[4.62858,50.55963],[4.62914,50.55976],[4.6293,50.55914],[4.63049,50.55944],[4.63211,50.55674],[4.62876,50.55586],[4.62528,50.55489],[4.62577,50.55413],[4.62633,50.55142],[4.62592,50.55084],[4.6277,50.54982],[4.62787,50.54954],[4.62795,50.54875],[4.62974,50.5472],[4.63102,50.54658],[4.63323,50.54618],[4.6343,50.5459],[4.63532,50.54547],[4.63625,50.54489],[4.63748,50.54392],[4.63858,50.54327],[4.6418,50.54211],[4.64494,50.54068],[4.64214,50.53853],[4.64033,50.53663],[4.64001,50.53616],[4.6401,50.53537],[4.63989,50.53504],[4.63621,50.53052],[4.63506,50.52973],[4.63401,50.52854],[4.63641,50.5249],[4.63706,50.52258],[4.64032,50.51813],[4.64331,50.51255],[4.64486,50.51291],[4.64618,50.51299],[4.65198,50.51259],[4.65304,50.51275],[4.65605,50.51238],[4.65997,50.5123],[4.66626,50.49952],[4.67317,50.50121],[4.68033,50.50035],[4.69898,50.50524],[4.71017,50.50156],[4.72431,50.49706],[4.72719,50.49603],[4.73371,50.49986],[4.73767,50.50068],[4.74123,50.50288],[4.7433,50.50477],[4.74815,50.50678],[4.75043,50.50587],[4.7504,50.50691],[4.75319,50.50703],[4.75325,50.50731],[4.75807,50.50781],[4.75785,50.50925],[4.7554,50.51181],[4.75513,50.51216],[4.75737,50.51308],[4.75833,50.51352],[4.76046,50.5141],[4.7621,50.51512],[4.76525,50.51727],[4.76563,50.51769],[4.76628,50.51803],[4.76769,50.51898],[4.7658,50.51983],[4.76476,50.52045],[4.76349,50.52102],[4.76171,50.52243],[4.76171,50.52265],[4.76111,50.52322],[4.75638,50.52622],[4.7553,50.52642],[4.75833,50.52788],[4.76142,50.52851],[4.76176,50.52989],[4.76155,50.53083],[4.7607,50.53137],[4.75913,50.53188],[4.75642,50.5321],[4.75591,50.53245],[4.75587,50.53342],[4.75539,50.5341],[4.75428,50.53387],[4.75387,50.53719],[4.74985,50.54158],[4.7483,50.54247],[4.74456,50.54396],[4.75396,50.54926],[4.7518,50.55094],[4.75417,50.55366],[4.75515,50.5543],[4.75663,50.55498],[4.75375,50.55544],[4.7568,50.55692],[4.75315,50.56008],[4.75527,50.56115],[4.75515,50.56058],[4.75612,50.55999],[4.75672,50.55862],[4.75727,50.55827],[4.75862,50.55856],[4.75909,50.55805],[4.75837,50.55789],[4.75921,50.5574],[4.76091,50.55681],[4.76248,50.55641],[4.76324,50.55643],[4.76256,50.55544],[4.76197,50.55479],[4.76367,50.55414],[4.7643,50.55495],[4.76476,50.55511],[4.76464,50.55603],[4.76527,50.55651],[4.76371,50.55783],[4.76244,50.55845],[4.76273,50.55883],[4.76244,50.55921],[4.76447,50.56018],[4.76566,50.55937],[4.76998,50.56026],[4.77553,50.56206],[4.77549,50.56268],[4.77765,50.56322],[4.77849,50.56392],[4.77904,50.56403],[4.77955,50.56484],[4.78112,50.56616],[4.78366,50.56781],[4.78963,50.57182],[4.79098,50.57212]]]}},{"type":"Feature","id":"93010","bbox":[4.361713,50.121726,4.518869,50.240735],"properties":{"nis":"93010","name":"Cerfontaine","nameNl":"Cerfontaine","nameFr":"Cerfontaine","nameDe":"Cerfontaine","province":"namur","region":"wallonia","areaKm2":83.17},"geometry":{"type":"Polygon","coordinates":[[[4.40068,50.12285],[4.40083,50.1231],[4.40122,50.12307],[4.40159,50.12267],[4.40273,50.12262],[4.40278,50.12285],[4.40407,50.12285],[4.40442,50.12245],[4.40548,50.12249],[4.40697,50.12173],[4.40805,50.12282],[4.41028,50.1237],[4.41042,50.12424],[4.41177,50.12424],[4.4129,50.12492],[4.41579,50.12595],[4.41862,50.12855],[4.42024,50.12899],[4.42101,50.12943],[4.42214,50.12974],[4.42264,50.12945],[4.42483,50.12739],[4.43104,50.12806],[4.43486,50.12981],[4.43945,50.13017],[4.44114,50.12963],[4.44227,50.12963],[4.4434,50.12999],[4.4434,50.13076],[4.44608,50.13246],[4.44552,50.13336],[4.44616,50.13453],[4.44566,50.13507],[4.44715,50.13507],[4.44735,50.1343],[4.45025,50.13412],[4.45209,50.13453],[4.45364,50.13525],[4.45456,50.13493],[4.45908,50.13592],[4.46028,50.13538],[4.46379,50.13464],[4.46529,50.13457],[4.46854,50.1356],[4.47227,50.13769],[4.47648,50.13933],[4.47622,50.14165],[4.47871,50.14425],[4.48231,50.1464],[4.48104,50.14842],[4.48375,50.1534],[4.48761,50.1557],[4.48871,50.15858],[4.49082,50.15905],[4.48973,50.1658],[4.49306,50.16838],[4.49526,50.16995],[4.49711,50.1705],[4.49628,50.17156],[4.49771,50.1718],[4.49704,50.17552],[4.49659,50.17729],[4.50265,50.17955],[4.50392,50.18346],[4.5071,50.18628],[4.512,50.18711],[4.51283,50.18757],[4.51445,50.18766],[4.51415,50.19008],[4.51339,50.19883],[4.51887,50.2059],[4.51696,50.20608],[4.51592,50.20606],[4.515,50.20593],[4.51307,50.20535],[4.51266,50.20497],[4.51078,50.20437],[4.50941,50.20379],[4.50853,50.20372],[4.508,50.20355],[4.50711,50.20308],[4.50619,50.2023],[4.50624,50.20215],[4.50203,50.20082],[4.50183,50.20099],[4.49902,50.2004],[4.49616,50.2014],[4.49504,50.20116],[4.49207,50.20395],[4.49175,50.20382],[4.49062,50.20469],[4.49042,50.2046],[4.49055,50.20544],[4.48999,50.20593],[4.48982,50.20653],[4.489,50.2068],[4.48746,50.20767],[4.48254,50.21734],[4.48197,50.21703],[4.47687,50.21601],[4.47579,50.21601],[4.47334,50.21612],[4.47237,50.21628],[4.47211,50.21667],[4.471,50.21662],[4.47083,50.21675],[4.47111,50.2181],[4.47113,50.2198],[4.47,50.22198],[4.4682,50.22327],[4.46807,50.22526],[4.45738,50.22665],[4.45145,50.22965],[4.44659,50.22965],[4.44535,50.22979],[4.44365,50.22809],[4.44272,50.22699],[4.44202,50.22679],[4.44145,50.22746],[4.44089,50.22782],[4.4404,50.22832],[4.44001,50.2285],[4.43817,50.22897],[4.43608,50.22924],[4.43543,50.22976],[4.43436,50.23083],[4.43317,50.23021],[4.43182,50.22933],[4.43111,50.22908],[4.43072,50.22918],[4.42961,50.23017],[4.42919,50.23098],[4.42831,50.2313],[4.42673,50.2317],[4.42586,50.23247],[4.42498,50.2324],[4.42447,50.23279],[4.42225,50.23382],[4.4213,50.23305],[4.42108,50.23303],[4.4208,50.23424],[4.42077,50.23605],[4.42122,50.23728],[4.42314,50.23928],[4.42306,50.2396],[4.4208,50.24005],[4.41913,50.23996],[4.41747,50.24073],[4.41702,50.24014],[4.41569,50.23989],[4.41439,50.2402],[4.41372,50.23974],[4.41309,50.238],[4.41139,50.23712],[4.41012,50.23682],[4.40834,50.23679],[4.40707,50.23686],[4.40529,50.23718],[4.39959,50.23842],[4.39611,50.23932],[4.39578,50.23865],[4.39578,50.23678],[4.39386,50.23316],[4.39503,50.23291],[4.40097,50.23306],[4.40093,50.23234],[4.40017,50.23185],[4.39928,50.23087],[4.39878,50.22938],[4.40051,50.22946],[4.40082,50.22792],[4.39978,50.22793],[4.39984,50.22588],[4.39875,50.22586],[4.39571,50.22561],[4.3955,50.22477],[4.39712,50.22444],[4.39733,50.22361],[4.3954,50.22326],[4.39556,50.22287],[4.39501,50.22275],[4.39487,50.22317],[4.39445,50.22309],[4.39515,50.22171],[4.39499,50.22139],[4.39412,50.22119],[4.39483,50.21989],[4.39547,50.21989],[4.39582,50.21962],[4.39631,50.21967],[4.39716,50.21872],[4.39752,50.21805],[4.39667,50.21796],[4.39518,50.21738],[4.39646,50.21562],[4.39766,50.21428],[4.39871,50.21347],[4.39836,50.21288],[4.39723,50.21257],[4.39589,50.21239],[4.39469,50.21235],[4.39356,50.21315],[4.39342,50.21243],[4.39257,50.21271],[4.39229,50.21243],[4.39257,50.21194],[4.39208,50.21163],[4.39151,50.21172],[4.39151,50.21136],[4.39116,50.21082],[4.39172,50.21037],[4.3913,50.20893],[4.39158,50.2079],[4.39158,50.20736],[4.39208,50.20664],[4.393,50.20691],[4.393,50.20655],[4.39243,50.20615],[4.39271,50.20421],[4.39208,50.20296],[4.39285,50.20228],[4.39165,50.20237],[4.39074,50.20157],[4.38925,50.20044],[4.38925,50.19972],[4.39046,50.19865],[4.39123,50.19779],[4.39257,50.19797],[4.39236,50.19703],[4.39059,50.19474],[4.39123,50.19389],[4.39419,50.1937],[4.39505,50.19375],[4.39589,50.19299],[4.39568,50.19146],[4.39596,50.19061],[4.39596,50.19007],[4.39674,50.1898],[4.39582,50.18881],[4.39533,50.1871],[4.39603,50.18634],[4.39752,50.18597],[4.39677,50.185],[4.3966,50.184],[4.39525,50.18315],[4.39462,50.18216],[4.3937,50.18131],[4.39242,50.1807],[4.3901,50.18059],[4.38643,50.17947],[4.38417,50.17812],[4.38276,50.17785],[4.37654,50.17439],[4.374,50.17403],[4.37153,50.17331],[4.368,50.17313],[4.36171,50.17066],[4.36341,50.16707],[4.36369,50.16438],[4.36503,50.16294],[4.36524,50.16213],[4.36334,50.16155],[4.36531,50.1571],[4.36623,50.15764],[4.37548,50.15669],[4.37591,50.15328],[4.38128,50.15324],[4.38339,50.15126],[4.38473,50.15059],[4.38749,50.14668],[4.38826,50.14434],[4.38848,50.14192],[4.38558,50.13729],[4.38516,50.13689],[4.38452,50.1368],[4.38431,50.13585],[4.38685,50.13459],[4.38812,50.13415],[4.38855,50.1328],[4.38862,50.131],[4.38996,50.12983],[4.39229,50.12983],[4.39441,50.12961],[4.39399,50.12862],[4.39497,50.12799],[4.39681,50.12732],[4.39794,50.12615],[4.39773,50.12507],[4.39801,50.12449],[4.39979,50.12331],[4.40068,50.12285]]]}},{"type":"Feature","id":"93014","bbox":[4.385621,49.937215,4.605248,50.139608],"properties":{"nis":"93014","name":"Couvin","nameNl":"Couvin","nameFr":"Couvin","nameDe":"Couvin","province":"namur","region":"wallonia","areaKm2":206.22},"geometry":{"type":"Polygon","coordinates":[[[4.40068,50.12285],[4.39956,50.12238],[4.39773,50.12206],[4.39702,50.1209],[4.39639,50.11793],[4.39511,50.11694],[4.39205,50.11626],[4.3901,50.11456],[4.38812,50.11299],[4.38826,50.11299],[4.38777,50.11178],[4.38706,50.11088],[4.38691,50.10987],[4.38562,50.10901],[4.38584,50.10781],[4.38635,50.10739],[4.38659,50.10689],[4.38729,50.10444],[4.38771,50.10407],[4.38815,50.10316],[4.38885,50.10122],[4.38926,50.09975],[4.38905,50.09869],[4.38909,50.09775],[4.38932,50.09705],[4.38993,50.09641],[4.3903,50.09537],[4.38981,50.09217],[4.3915,50.08907],[4.3915,50.08535],[4.39411,50.08109],[4.39383,50.07941],[4.39242,50.07771],[4.39206,50.076],[4.39249,50.07447],[4.39171,50.07083],[4.39093,50.06958],[4.39023,50.06733],[4.39016,50.06729],[4.39192,50.06208],[4.39482,50.06194],[4.39475,50.06024],[4.39369,50.05974],[4.39559,50.05749],[4.39221,50.05404],[4.39277,50.0535],[4.38959,50.05125],[4.3903,50.05076],[4.39002,50.05026],[4.39009,50.04988],[4.39157,50.04934],[4.39214,50.04894],[4.39353,50.04759],[4.39588,50.04838],[4.39879,50.04995],[4.3986,50.0502],[4.40016,50.05094],[4.40094,50.05101],[4.40195,50.04998],[4.40105,50.04837],[4.40143,50.04801],[4.40634,50.04961],[4.40957,50.04525],[4.40879,50.04213],[4.40774,50.04196],[4.40732,50.04129],[4.40674,50.03901],[4.40651,50.03689],[4.40864,50.03726],[4.4084,50.03677],[4.40866,50.03486],[4.40958,50.03378],[4.40961,50.03294],[4.41018,50.03104],[4.41014,50.03007],[4.40986,50.02919],[4.40984,50.02785],[4.41015,50.02724],[4.41106,50.02397],[4.41318,50.01821],[4.41473,50.01302],[4.41537,50.00817],[4.41431,50.00399],[4.41312,50.00087],[4.41328,49.99934],[4.41394,49.99798],[4.41488,49.99658],[4.41743,49.99476],[4.41811,49.99339],[4.41921,49.99035],[4.4196,49.98819],[4.42024,49.98742],[4.42448,49.98162],[4.43507,49.973],[4.44079,49.9633],[4.44333,49.95831],[4.44609,49.9536],[4.44185,49.94955],[4.43909,49.94672],[4.43733,49.94529],[4.43647,49.94472],[4.43385,49.94263],[4.4335,49.94251],[4.4327,49.94174],[4.4329,49.94134],[4.43397,49.94155],[4.43433,49.94125],[4.43558,49.94101],[4.43572,49.94069],[4.43771,49.94081],[4.43849,49.941],[4.43914,49.94089],[4.44084,49.94121],[4.44114,49.94109],[4.44401,49.93885],[4.44451,49.93841],[4.4451,49.93764],[4.44551,49.93759],[4.44551,49.93722],[4.44892,49.93827],[4.44907,49.93829],[4.45414,49.93978],[4.47927,49.94755],[4.48117,49.94813],[4.48195,49.94762],[4.48276,49.9474],[4.48345,49.94678],[4.48392,49.94674],[4.48409,49.9464],[4.48481,49.94635],[4.48547,49.94649],[4.48606,49.94616],[4.48694,49.94636],[4.48681,49.94669],[4.48733,49.94688],[4.48763,49.94719],[4.489,49.9469],[4.48937,49.94722],[4.48972,49.94707],[4.49019,49.94739],[4.49159,49.94761],[4.49236,49.94789],[4.4934,49.94794],[4.49353,49.94824],[4.49413,49.94824],[4.49524,49.94857],[4.4966,49.9484],[4.49852,49.94826],[4.50188,49.94775],[4.50553,49.94731],[4.50667,49.94736],[4.50982,49.94693],[4.51122,49.94652],[4.51153,49.9468],[4.51196,49.94758],[4.51309,49.9484],[4.51418,49.94909],[4.51466,49.94982],[4.51626,49.9506],[4.51831,49.95147],[4.51867,49.95168],[4.52095,49.95102],[4.52097,49.9509],[4.52358,49.95026],[4.52351,49.95044],[4.52433,49.95152],[4.52458,49.95172],[4.52462,49.95321],[4.52473,49.95371],[4.5252,49.95399],[4.52518,49.95425],[4.52569,49.95453],[4.52564,49.95473],[4.52602,49.95521],[4.52649,49.95523],[4.52639,49.95555],[4.52767,49.95661],[4.52738,49.95663],[4.52744,49.95701],[4.52804,49.9571],[4.52918,49.95818],[4.52979,49.9584],[4.53013,49.95874],[4.5305,49.9587],[4.53079,49.95973],[4.53141,49.95981],[4.53175,49.96049],[4.53123,49.9612],[4.53159,49.9614],[4.53192,49.96198],[4.53235,49.96214],[4.53237,49.96287],[4.53346,49.96273],[4.53447,49.96328],[4.53516,49.96378],[4.53594,49.96418],[4.53642,49.96499],[4.53668,49.96502],[4.53745,49.96557],[4.5377,49.9655],[4.53798,49.96605],[4.53856,49.96614],[4.53862,49.96637],[4.53927,49.9665],[4.53985,49.96714],[4.53974,49.96763],[4.54043,49.96795],[4.54081,49.96793],[4.54136,49.96831],[4.54098,49.96909],[4.54113,49.96954],[4.54269,49.96938],[4.54423,49.96903],[4.54465,49.96905],[4.5454,49.96875],[4.54634,49.96887],[4.54649,49.9687],[4.54696,49.96892],[4.54753,49.9685],[4.54751,49.96828],[4.54828,49.96847],[4.54971,49.96826],[4.55087,49.96841],[4.55271,49.96854],[4.55445,49.96883],[4.55499,49.96909],[4.55628,49.96929],[4.55736,49.96925],[4.55769,49.96943],[4.55883,49.96969],[4.55935,49.97002],[4.55997,49.96977],[4.56127,49.96985],[4.56265,49.97017],[4.56307,49.97037],[4.56377,49.97028],[4.56455,49.97049],[4.5647,49.9709],[4.56547,49.97125],[4.56604,49.97181],[4.56657,49.97205],[4.5665,49.97232],[4.56726,49.97248],[4.56797,49.97249],[4.56902,49.97316],[4.5694,49.97328],[4.56947,49.97375],[4.56984,49.97379],[4.5702,49.97414],[4.57192,49.97469],[4.57252,49.9758],[4.57321,49.9764],[4.57372,49.9774],[4.57381,49.9785],[4.5737,49.98009],[4.57524,49.98053],[4.57717,49.98143],[4.57909,49.98192],[4.58179,49.98358],[4.58381,49.98341],[4.58529,49.98363],[4.5866,49.98398],[4.58897,49.98431],[4.5897,49.9846],[4.59146,49.98502],[4.59281,49.98561],[4.59569,49.98612],[4.59668,49.98614],[4.59747,49.98635],[4.59872,49.98612],[4.59931,49.98614],[4.60024,49.98634],[4.60242,49.9876],[4.6044,49.98849],[4.60525,49.98908],[4.60292,49.99366],[4.60299,49.9937],[4.6032,49.99595],[4.60221,49.99725],[4.59882,49.99968],[4.59854,50.00053],[4.59995,50.00421],[4.60108,50.00565],[4.60094,50.00727],[4.60038,50.00875],[4.60087,50.01046],[4.60257,50.01154],[4.60306,50.01293],[4.60214,50.0154],[4.60197,50.01668],[4.60183,50.01706],[4.60195,50.01811],[4.60129,50.01814],[4.60054,50.01789],[4.59916,50.01768],[4.59605,50.01728],[4.59518,50.01744],[4.59391,50.0173],[4.59346,50.01711],[4.59177,50.0168],[4.59127,50.01625],[4.58971,50.01625],[4.58612,50.01523],[4.58531,50.01523],[4.58365,50.0148],[4.58093,50.01396],[4.57997,50.01352],[4.57926,50.01348],[4.57637,50.01249],[4.57524,50.01105],[4.57194,50.00888],[4.57065,50.00993],[4.57015,50.01092],[4.57072,50.01141],[4.56797,50.01554],[4.56832,50.01604],[4.56733,50.01671],[4.56761,50.01842],[4.56599,50.02179],[4.5626,50.0248],[4.55872,50.02731],[4.55787,50.02825],[4.55699,50.03091],[4.55635,50.0317],[4.5554,50.03212],[4.55229,50.03481],[4.55151,50.03683],[4.55038,50.04016],[4.55095,50.04187],[4.55017,50.04214],[4.54989,50.04353],[4.54495,50.04591],[4.54431,50.04766],[4.54262,50.04901],[4.54209,50.05052],[4.54177,50.05093],[4.54202,50.05192],[4.54176,50.0528],[4.54525,50.05395],[4.54535,50.05594],[4.54347,50.06235],[4.53511,50.06597],[4.53024,50.06646],[4.52655,50.07013],[4.52644,50.07037],[4.52849,50.07177],[4.52899,50.0719],[4.53072,50.07555],[4.53131,50.07674],[4.53259,50.07978],[4.53015,50.08418],[4.53112,50.08459],[4.53395,50.08504],[4.53738,50.08607],[4.54095,50.0871],[4.53893,50.09186],[4.53721,50.09505],[4.53517,50.09926],[4.53178,50.10531],[4.52765,50.11327],[4.52757,50.11377],[4.52738,50.11369],[4.52449,50.11328],[4.51606,50.11131],[4.51006,50.11081],[4.50519,50.11167],[4.49531,50.12075],[4.49268,50.12314],[4.49115,50.12325],[4.49041,50.1247],[4.48958,50.12564],[4.4898,50.13267],[4.48941,50.13348],[4.48914,50.13485],[4.48752,50.13678],[4.4876,50.13687],[4.4854,50.13792],[4.48413,50.13806],[4.482,50.13881],[4.47929,50.13922],[4.47764,50.13961],[4.47648,50.13933],[4.47227,50.13769],[4.46854,50.1356],[4.46529,50.13457],[4.46379,50.13464],[4.46028,50.13538],[4.45908,50.13592],[4.45456,50.13493],[4.45364,50.13525],[4.45209,50.13453],[4.45025,50.13412],[4.44735,50.1343],[4.44715,50.13507],[4.44566,50.13507],[4.44616,50.13453],[4.44552,50.13336],[4.44608,50.13246],[4.4434,50.13076],[4.4434,50.12999],[4.44227,50.12963],[4.44114,50.12963],[4.43945,50.13017],[4.43486,50.12981],[4.43104,50.12806],[4.42483,50.12739],[4.42264,50.12945],[4.42214,50.12974],[4.42101,50.12943],[4.42024,50.12899],[4.41862,50.12855],[4.41579,50.12595],[4.4129,50.12492],[4.41177,50.12424],[4.41042,50.12424],[4.41028,50.1237],[4.40805,50.12282],[4.40697,50.12173],[4.40548,50.12249],[4.40442,50.12245],[4.40407,50.12285],[4.40278,50.12285],[4.40273,50.12262],[4.40159,50.12267],[4.40122,50.12307],[4.40083,50.1231],[4.40068,50.12285]]]}},{"type":"Feature","id":"93018","bbox":[4.581971,50.092159,4.799454,50.209984],"properties":{"nis":"93018","name":"Doische","nameNl":"Doische","nameFr":"Doische","nameDe":"Doische","province":"namur","region":"wallonia","areaKm2":83.77},"geometry":{"type":"Polygon","coordinates":[[[4.79637,50.14829],[4.79459,50.14908],[4.76885,50.15083],[4.76671,50.15288],[4.76481,50.15693],[4.75743,50.15923],[4.75544,50.16084],[4.75237,50.1618],[4.75519,50.16511],[4.75693,50.16809],[4.76027,50.16717],[4.76315,50.16633],[4.76587,50.16593],[4.77035,50.16717],[4.77646,50.16814],[4.77789,50.16873],[4.77875,50.16957],[4.77922,50.16948],[4.78008,50.16992],[4.78095,50.17072],[4.78227,50.17124],[4.78303,50.17137],[4.78469,50.17191],[4.79037,50.17436],[4.79474,50.17603],[4.79603,50.17661],[4.797,50.17725],[4.79903,50.17813],[4.79946,50.17841],[4.79705,50.18126],[4.79434,50.18369],[4.79183,50.18388],[4.79175,50.18436],[4.78663,50.18627],[4.78404,50.18601],[4.78421,50.18724],[4.78349,50.18805],[4.78378,50.19056],[4.78184,50.19366],[4.78209,50.19468],[4.78129,50.19603],[4.78133,50.19794],[4.78027,50.19975],[4.78058,50.20136],[4.77977,50.20163],[4.77851,50.20184],[4.77793,50.20179],[4.77753,50.20152],[4.77713,50.20036],[4.77598,50.19973],[4.77622,50.19918],[4.77503,50.19876],[4.77238,50.19854],[4.77055,50.19855],[4.76974,50.19867],[4.76861,50.19915],[4.76861,50.19958],[4.76812,50.20021],[4.76851,50.20094],[4.76834,50.20138],[4.76877,50.20159],[4.76892,50.20204],[4.76886,50.20308],[4.76858,50.20332],[4.76761,50.2036],[4.76671,50.20322],[4.76647,50.20277],[4.76578,50.20217],[4.76525,50.20203],[4.7644,50.20134],[4.76353,50.20109],[4.76271,50.20145],[4.76221,50.20186],[4.76206,50.20328],[4.7619,50.20388],[4.76162,50.20428],[4.76109,50.20435],[4.76013,50.20374],[4.75951,50.20274],[4.75982,50.20194],[4.75885,50.20167],[4.75839,50.20133],[4.75828,50.20096],[4.75785,50.20078],[4.75713,50.20106],[4.75651,50.20116],[4.7569,50.20236],[4.75457,50.20392],[4.7541,50.2061],[4.75381,50.20653],[4.75207,50.20686],[4.74838,50.20686],[4.74529,50.20818],[4.74359,50.20958],[4.73923,50.20926],[4.7363,50.20998],[4.73571,50.20963],[4.734,50.2099],[4.7297,50.20411],[4.72741,50.20158],[4.72804,50.20131],[4.72792,50.20015],[4.72716,50.19961],[4.72677,50.1998],[4.72563,50.1998],[4.72368,50.19966],[4.72216,50.1995],[4.7205,50.19961],[4.71923,50.1998],[4.71842,50.19958],[4.71673,50.19864],[4.71521,50.19815],[4.71433,50.19756],[4.71549,50.19641],[4.71636,50.19534],[4.71659,50.19471],[4.716,50.19441],[4.71557,50.19393],[4.71549,50.19347],[4.71421,50.19326],[4.71294,50.19262],[4.7117,50.19238],[4.71197,50.19218],[4.71301,50.19203],[4.71323,50.19156],[4.71007,50.18899],[4.7136,50.18866],[4.71477,50.18843],[4.71571,50.18835],[4.71862,50.18765],[4.71727,50.18299],[4.71716,50.18241],[4.71598,50.1777],[4.71525,50.17435],[4.71741,50.17123],[4.71896,50.1693],[4.72078,50.16719],[4.72122,50.16472],[4.72477,50.16424],[4.72642,50.16345],[4.72786,50.16316],[4.7291,50.163],[4.72936,50.1547],[4.72845,50.15452],[4.72616,50.15367],[4.71581,50.15059],[4.71059,50.15046],[4.70938,50.15096],[4.70218,50.14958],[4.69756,50.14771],[4.69595,50.14769],[4.69444,50.14666],[4.69437,50.14578],[4.69452,50.14521],[4.6932,50.14502],[4.68844,50.146],[4.68018,50.15219],[4.67361,50.15408],[4.66724,50.15797],[4.65022,50.15294],[4.64842,50.15264],[4.64519,50.15253],[4.64166,50.15319],[4.63972,50.15381],[4.6378,50.15305],[4.63698,50.15326],[4.63549,50.15266],[4.63388,50.15262],[4.6333,50.15213],[4.6317,50.15182],[4.63056,50.15114],[4.6296,50.15183],[4.62916,50.15179],[4.62861,50.15231],[4.62754,50.15207],[4.62595,50.15206],[4.62417,50.15145],[4.62306,50.15089],[4.62216,50.15113],[4.62166,50.1515],[4.6214,50.15084],[4.62068,50.15095],[4.62033,50.15064],[4.61939,50.15025],[4.61913,50.1503],[4.61842,50.14988],[4.6176,50.14963],[4.61753,50.14942],[4.61701,50.14941],[4.61629,50.14915],[4.61564,50.14912],[4.60787,50.14549],[4.60768,50.14514],[4.60701,50.14482],[4.60652,50.1448],[4.60815,50.14222],[4.6037,50.13575],[4.60455,50.13481],[4.6018,50.13252],[4.6025,50.13148],[4.58219,50.1248],[4.58197,50.12471],[4.58494,50.12314],[4.58933,50.11226],[4.59021,50.10979],[4.59186,50.10895],[4.59317,50.1072],[4.59321,50.10698],[4.59393,50.106],[4.59431,50.10586],[4.59474,50.10621],[4.59687,50.10727],[4.59831,50.10699],[4.59896,50.10661],[4.60105,50.10666],[4.60341,50.1068],[4.60865,50.10745],[4.60951,50.10761],[4.61122,50.10511],[4.61382,50.1047],[4.61413,50.10423],[4.61493,50.10344],[4.61673,50.10194],[4.61762,50.1011],[4.61775,50.10114],[4.61858,50.10033],[4.61916,50.09941],[4.61804,50.0992],[4.61836,50.0982],[4.62023,50.09466],[4.6228,50.09216],[4.62647,50.09371],[4.62829,50.09574],[4.63004,50.09623],[4.63346,50.09753],[4.6384,50.09722],[4.63847,50.10112],[4.63886,50.10151],[4.64272,50.10227],[4.64569,50.10503],[4.64638,50.10617],[4.64796,50.10623],[4.65518,50.1073],[4.65646,50.10711],[4.66714,50.10934],[4.66784,50.11006],[4.67349,50.11149],[4.67392,50.11203],[4.67872,50.11392],[4.68056,50.11266],[4.68249,50.11173],[4.68492,50.11247],[4.68561,50.11183],[4.69225,50.11058],[4.69667,50.11138],[4.70163,50.11148],[4.70979,50.10925],[4.71459,50.11104],[4.71849,50.11152],[4.71929,50.11143],[4.71953,50.10975],[4.72023,50.10759],[4.72194,50.10377],[4.72081,50.10296],[4.7196,50.1018],[4.73111,50.10577],[4.73832,50.10764],[4.74622,50.11029],[4.75179,50.11199],[4.75277,50.11488],[4.75328,50.11655],[4.74823,50.12216],[4.74826,50.12233],[4.7561,50.12159],[4.76287,50.13439],[4.76217,50.13645],[4.77144,50.13971],[4.77271,50.14011],[4.77991,50.1415],[4.7805,50.14175],[4.79637,50.14829]]]}},{"type":"Feature","id":"93022","bbox":[4.504586,50.197558,4.788215,50.323089],"properties":{"nis":"93022","name":"Florennes","nameNl":"Florennes","nameFr":"Florennes","nameDe":"Florennes","province":"namur","region":"wallonia","areaKm2":133.73},"geometry":{"type":"Polygon","coordinates":[[[4.71433,50.19756],[4.71521,50.19815],[4.71673,50.19864],[4.71842,50.19958],[4.71923,50.1998],[4.7205,50.19961],[4.72216,50.1995],[4.72368,50.19966],[4.72563,50.1998],[4.72677,50.1998],[4.72716,50.19961],[4.72792,50.20015],[4.72804,50.20131],[4.72741,50.20158],[4.7297,50.20411],[4.734,50.2099],[4.73571,50.20963],[4.7363,50.20998],[4.73923,50.20926],[4.74359,50.20958],[4.74529,50.20818],[4.74838,50.20686],[4.75207,50.20686],[4.75381,50.20653],[4.7541,50.2061],[4.75457,50.20392],[4.7569,50.20236],[4.75651,50.20116],[4.75713,50.20106],[4.75785,50.20078],[4.75828,50.20096],[4.75839,50.20133],[4.75885,50.20167],[4.75982,50.20194],[4.75951,50.20274],[4.76013,50.20374],[4.76109,50.20435],[4.76162,50.20428],[4.7619,50.20388],[4.76206,50.20328],[4.76221,50.20186],[4.76271,50.20145],[4.76353,50.20109],[4.7644,50.20134],[4.76525,50.20203],[4.76578,50.20217],[4.76647,50.20277],[4.76671,50.20322],[4.76761,50.2036],[4.76858,50.20332],[4.76886,50.20308],[4.76892,50.20204],[4.76877,50.20159],[4.76834,50.20138],[4.76851,50.20094],[4.76812,50.20021],[4.76861,50.19958],[4.76861,50.19915],[4.76974,50.19867],[4.77055,50.19855],[4.77238,50.19854],[4.77503,50.19876],[4.77622,50.19918],[4.77598,50.19973],[4.77713,50.20036],[4.77753,50.20152],[4.77793,50.20179],[4.77851,50.20184],[4.77977,50.20163],[4.78058,50.20136],[4.78137,50.20114],[4.78298,50.20114],[4.78342,50.20142],[4.78363,50.20194],[4.7835,50.20262],[4.78397,50.20311],[4.78282,50.20397],[4.78161,50.20432],[4.78113,50.20476],[4.7814,50.20514],[4.78255,50.2057],[4.7831,50.20564],[4.78296,50.20522],[4.78348,50.20435],[4.78525,50.20428],[4.78647,50.20399],[4.78767,50.20392],[4.78822,50.20452],[4.78781,50.20534],[4.78769,50.20596],[4.78721,50.20587],[4.78622,50.20535],[4.78542,50.20556],[4.78457,50.20635],[4.78393,50.20759],[4.78317,50.20815],[4.78211,50.20829],[4.78156,50.20866],[4.78008,50.20901],[4.77923,50.20904],[4.77766,50.20896],[4.7747,50.20974],[4.77453,50.21039],[4.77084,50.21537],[4.77059,50.21551],[4.7652,50.2147],[4.76515,50.21519],[4.7655,50.21601],[4.76276,50.21578],[4.76324,50.21644],[4.76341,50.21752],[4.76418,50.21776],[4.76578,50.2181],[4.76649,50.21883],[4.76683,50.21896],[4.767,50.21953],[4.767,50.2204],[4.7668,50.22101],[4.7668,50.22167],[4.76708,50.22214],[4.76937,50.22341],[4.7694,50.22374],[4.76899,50.22453],[4.76244,50.22347],[4.75984,50.22356],[4.75823,50.22282],[4.75075,50.22214],[4.74898,50.22239],[4.74811,50.22302],[4.74826,50.22573],[4.74886,50.22613],[4.74947,50.22683],[4.7491,50.22833],[4.74933,50.22855],[4.75064,50.22891],[4.75106,50.22911],[4.75145,50.22965],[4.75122,50.23013],[4.7493,50.23353],[4.74919,50.23414],[4.7497,50.23487],[4.74883,50.23596],[4.74889,50.23636],[4.74965,50.23643],[4.74924,50.23745],[4.74911,50.23805],[4.74961,50.23931],[4.74886,50.24021],[4.7473,50.24243],[4.74708,50.24353],[4.74654,50.24409],[4.74323,50.24571],[4.74323,50.24577],[4.74124,50.24728],[4.73649,50.24958],[4.74437,50.25644],[4.75936,50.26603],[4.76166,50.26778],[4.76375,50.27155],[4.76569,50.27496],[4.76115,50.27509],[4.75327,50.27517],[4.75035,50.27476],[4.74789,50.2746],[4.74412,50.27493],[4.73446,50.27503],[4.72844,50.27547],[4.71378,50.2767],[4.71255,50.27711],[4.70984,50.27708],[4.7051,50.27819],[4.70257,50.27763],[4.70268,50.27652],[4.70265,50.2756],[4.70165,50.27378],[4.70174,50.27299],[4.70149,50.27185],[4.69628,50.27242],[4.69585,50.27277],[4.69453,50.27301],[4.69252,50.27264],[4.69263,50.27223],[4.69029,50.27169],[4.68747,50.27115],[4.68726,50.27053],[4.68434,50.27075],[4.68434,50.2704],[4.68307,50.27024],[4.6829,50.26946],[4.68336,50.26932],[4.68234,50.26679],[4.67887,50.26679],[4.6773,50.26638],[4.67739,50.26676],[4.67608,50.26668],[4.67599,50.26633],[4.67133,50.26585],[4.66923,50.26517],[4.67111,50.26299],[4.6705,50.26284],[4.66905,50.26292],[4.66641,50.26245],[4.66534,50.26213],[4.664,50.26142],[4.66357,50.2626],[4.66315,50.2641],[4.65917,50.26361],[4.65764,50.26407],[4.65714,50.26525],[4.65625,50.26563],[4.65485,50.2655],[4.65515,50.26517],[4.65438,50.26426],[4.65375,50.26436],[4.65379,50.26458],[4.65332,50.26501],[4.65269,50.26531],[4.65273,50.26566],[4.64938,50.26574],[4.64582,50.26714],[4.64349,50.26765],[4.64244,50.26755],[4.64044,50.26787],[4.63938,50.26908],[4.6393,50.26994],[4.6404,50.27153],[4.64121,50.27199],[4.6426,50.27315],[4.64303,50.27342],[4.64273,50.27358],[4.64286,50.27404],[4.6418,50.27687],[4.64112,50.27695],[4.64006,50.27679],[4.63976,50.2766],[4.63748,50.27636],[4.63735,50.27671],[4.63205,50.27514],[4.63159,50.27552],[4.63036,50.27536],[4.62633,50.27574],[4.62599,50.27598],[4.62287,50.27596],[4.62014,50.27623],[4.61821,50.27627],[4.61843,50.27693],[4.60911,50.27585],[4.60857,50.27585],[4.60637,50.27627],[4.60578,50.27603],[4.6029,50.27598],[4.6004,50.27544],[4.59905,50.27558],[4.59778,50.27512],[4.59755,50.27463],[4.59687,50.27398],[4.59584,50.27395],[4.59482,50.27405],[4.59568,50.27475],[4.59604,50.27595],[4.59655,50.27639],[4.59672,50.27692],[4.5974,50.27765],[4.59888,50.27859],[4.60201,50.28],[4.60328,50.2808],[4.60367,50.28134],[4.60413,50.28234],[4.606,50.28307],[4.60769,50.28347],[4.60922,50.28466],[4.61057,50.28514],[4.61116,50.28555],[4.61159,50.28649],[4.61604,50.29146],[4.61857,50.29394],[4.62054,50.29571],[4.62075,50.29612],[4.59627,50.29074],[4.59608,50.29018],[4.59529,50.28963],[4.59434,50.28913],[4.59417,50.28916],[4.59193,50.28867],[4.58926,50.28776],[4.58725,50.28817],[4.58556,50.28825],[4.5852,50.2884],[4.58528,50.28956],[4.58557,50.29096],[4.58528,50.29342],[4.58659,50.29552],[4.58731,50.29714],[4.59147,50.30101],[4.59175,50.30258],[4.59244,50.30576],[4.59108,50.31207],[4.59104,50.31207],[4.59125,50.31444],[4.58943,50.31872],[4.58943,50.31969],[4.58867,50.32123],[4.5749,50.32236],[4.57168,50.32201],[4.56884,50.32309],[4.56642,50.32303],[4.56358,50.32268],[4.56244,50.32225],[4.5574,50.31996],[4.55642,50.3201],[4.55134,50.31978],[4.54507,50.31829],[4.54193,50.3177],[4.53943,50.31764],[4.5282,50.31514],[4.52079,50.31498],[4.51809,50.31516],[4.51752,50.31457],[4.51815,50.31055],[4.51738,50.30714],[4.51887,50.3059],[4.51701,50.30479],[4.51632,50.30446],[4.51538,50.30382],[4.51272,50.30239],[4.51158,50.3016],[4.51084,50.30025],[4.50775,50.29715],[4.50601,50.29677],[4.50459,50.29586],[4.5051,50.29483],[4.50549,50.29354],[4.50563,50.2924],[4.50757,50.29009],[4.50829,50.28974],[4.51169,50.2892],[4.51342,50.28872],[4.51457,50.28678],[4.51274,50.28629],[4.51172,50.28559],[4.51115,50.28543],[4.5123,50.28436],[4.51338,50.28532],[4.51571,50.28589],[4.5169,50.28664],[4.51863,50.28656],[4.52101,50.28564],[4.52249,50.28392],[4.52259,50.28305],[4.52298,50.28336],[4.52323,50.28404],[4.52315,50.28524],[4.52279,50.28576],[4.52202,50.28633],[4.52131,50.28726],[4.52206,50.28711],[4.52458,50.28697],[4.52662,50.28625],[4.52758,50.2861],[4.52822,50.28611],[4.52899,50.28446],[4.52912,50.2839],[4.52864,50.28318],[4.5275,50.28247],[4.52692,50.28078],[4.52602,50.27974],[4.5254,50.27891],[4.52297,50.27737],[4.52236,50.27713],[4.52289,50.27649],[4.52401,50.27575],[4.52431,50.27473],[4.52337,50.27417],[4.5231,50.27194],[4.52305,50.27037],[4.52628,50.26846],[4.53061,50.26593],[4.5304,50.26488],[4.53156,50.26279],[4.53307,50.26276],[4.5335,50.26003],[4.53346,50.25942],[4.53246,50.2576],[4.53238,50.25713],[4.53254,50.25648],[4.53285,50.25622],[4.53272,50.25408],[4.53254,50.25375],[4.53256,50.2521],[4.53233,50.25159],[4.53267,50.25159],[4.53477,50.25],[4.53516,50.25001],[4.5361,50.24902],[4.53555,50.24889],[4.53645,50.24842],[4.53727,50.2476],[4.54405,50.24292],[4.54409,50.24253],[4.54393,50.24156],[4.54404,50.24147],[4.54195,50.23157],[4.54516,50.22872],[4.5409,50.22568],[4.54226,50.22453],[4.54265,50.2244],[4.54647,50.22167],[4.55316,50.21704],[4.55296,50.21652],[4.55305,50.21612],[4.55353,50.21599],[4.55406,50.21618],[4.55423,50.21598],[4.55271,50.21508],[4.5541,50.21344],[4.55345,50.21359],[4.55512,50.21099],[4.55564,50.21084],[4.56255,50.21235],[4.56299,50.212],[4.56508,50.21391],[4.568,50.21448],[4.57147,50.21349],[4.57601,50.21405],[4.57726,50.21407],[4.5785,50.21424],[4.58014,50.21416],[4.58141,50.21449],[4.58156,50.21526],[4.5814,50.21666],[4.58461,50.21689],[4.58476,50.21513],[4.59003,50.21378],[4.59215,50.2137],[4.59322,50.21355],[4.59406,50.21368],[4.5998,50.21368],[4.60087,50.21384],[4.60132,50.21413],[4.60242,50.21427],[4.60324,50.21476],[4.60516,50.21607],[4.60553,50.21675],[4.60774,50.21663],[4.61022,50.21679],[4.61084,50.21693],[4.61203,50.21688],[4.61364,50.217],[4.61383,50.21729],[4.62045,50.21815],[4.62101,50.21799],[4.62146,50.21743],[4.62293,50.21716],[4.62346,50.21684],[4.62378,50.21643],[4.62398,50.21582],[4.63581,50.21373],[4.63666,50.21415],[4.63809,50.21432],[4.64059,50.21435],[4.64221,50.21421],[4.64279,50.21472],[4.64332,50.21499],[4.64415,50.21515],[4.64569,50.21585],[4.64604,50.21552],[4.64783,50.21431],[4.64859,50.21432],[4.64997,50.21455],[4.6518,50.21515],[4.65298,50.21583],[4.65637,50.21755],[4.66064,50.2181],[4.66235,50.21565],[4.66577,50.21431],[4.66874,50.2135],[4.66853,50.21512],[4.67277,50.21512],[4.6734,50.21377],[4.67573,50.21242],[4.68336,50.21215],[4.6851,50.21032],[4.68571,50.20939],[4.68535,50.20922],[4.68615,50.20878],[4.68665,50.20887],[4.68698,50.20853],[4.68759,50.20854],[4.68812,50.20879],[4.68896,50.20864],[4.6893,50.20941],[4.69051,50.21092],[4.69411,50.21076],[4.69411,50.21106],[4.69295,50.21201],[4.69268,50.21246],[4.69141,50.21318],[4.69132,50.21451],[4.69155,50.21499],[4.69362,50.21632],[4.69437,50.2172],[4.69538,50.21693],[4.69712,50.21672],[4.69824,50.21702],[4.7015,50.21729],[4.70328,50.21703],[4.70433,50.21553],[4.70379,50.21538],[4.70224,50.21451],[4.70143,50.21377],[4.70157,50.2135],[4.70279,50.21294],[4.7031,50.21207],[4.70364,50.21165],[4.70524,50.21147],[4.7058,50.21126],[4.70644,50.21052],[4.70639,50.21026],[4.70693,50.20996],[4.70807,50.20899],[4.70877,50.20789],[4.70855,50.20725],[4.70799,50.20699],[4.70812,50.20679],[4.7075,50.20629],[4.70754,50.20597],[4.70686,50.20559],[4.70697,50.20503],[4.70762,50.20469],[4.70783,50.20428],[4.70863,50.20379],[4.70902,50.20339],[4.71075,50.20307],[4.71151,50.20307],[4.71279,50.20277],[4.71289,50.20248],[4.71642,50.2019],[4.71673,50.20145],[4.71625,50.20101],[4.71537,50.20055],[4.71511,50.19997],[4.71442,50.19943],[4.71368,50.19905],[4.71334,50.19806],[4.71433,50.19756]]]}},{"type":"Feature","id":"93056","bbox":[4.476214,50.091194,4.729364,50.231429],"properties":{"nis":"93056","name":"Philippeville","nameNl":"Philippeville","nameFr":"Philippeville","nameDe":"Philippeville","province":"namur","region":"wallonia","areaKm2":156.82},"geometry":{"type":"Polygon","coordinates":[[[4.5409,50.22568],[4.53853,50.22731],[4.53816,50.22767],[4.53833,50.22819],[4.53833,50.22945],[4.53788,50.23143],[4.53712,50.23112],[4.53551,50.23082],[4.53189,50.23026],[4.52353,50.22969],[4.51927,50.22949],[4.51921,50.22913],[4.51831,50.22942],[4.51737,50.22986],[4.51619,50.22965],[4.51455,50.22998],[4.50875,50.22846],[4.50891,50.22781],[4.50665,50.22665],[4.50686,50.2264],[4.50747,50.22615],[4.50805,50.22536],[4.50822,50.22485],[4.5078,50.22397],[4.50551,50.22351],[4.50551,50.22377],[4.50334,50.22347],[4.50249,50.22349],[4.49964,50.22376],[4.4993,50.22261],[4.49737,50.22254],[4.49421,50.22223],[4.49153,50.22034],[4.48772,50.21914],[4.48478,50.21786],[4.48289,50.2175],[4.48254,50.21734],[4.48746,50.20767],[4.489,50.2068],[4.48982,50.20653],[4.48999,50.20593],[4.49055,50.20544],[4.49042,50.2046],[4.49062,50.20469],[4.49175,50.20382],[4.49207,50.20395],[4.49504,50.20116],[4.49616,50.2014],[4.49902,50.2004],[4.50183,50.20099],[4.50203,50.20082],[4.50624,50.20215],[4.50619,50.2023],[4.50711,50.20308],[4.508,50.20355],[4.50853,50.20372],[4.50941,50.20379],[4.51078,50.20437],[4.51266,50.20497],[4.51307,50.20535],[4.515,50.20593],[4.51592,50.20606],[4.51696,50.20608],[4.51887,50.2059],[4.51339,50.19883],[4.51415,50.19008],[4.51445,50.18766],[4.51283,50.18757],[4.512,50.18711],[4.5071,50.18628],[4.50392,50.18346],[4.50265,50.17955],[4.49659,50.17729],[4.49704,50.17552],[4.49771,50.1718],[4.49628,50.17156],[4.49711,50.1705],[4.49526,50.16995],[4.49306,50.16838],[4.48973,50.1658],[4.49082,50.15905],[4.48871,50.15858],[4.48761,50.1557],[4.48375,50.1534],[4.48104,50.14842],[4.48231,50.1464],[4.47871,50.14425],[4.47622,50.14165],[4.47648,50.13933],[4.47764,50.13961],[4.47929,50.13922],[4.482,50.13881],[4.48413,50.13806],[4.4854,50.13792],[4.4876,50.13687],[4.48752,50.13678],[4.48914,50.13485],[4.48941,50.13348],[4.4898,50.13267],[4.48958,50.12564],[4.49041,50.1247],[4.49115,50.12325],[4.49268,50.12314],[4.49531,50.12075],[4.50519,50.11167],[4.51006,50.11081],[4.51606,50.11131],[4.52449,50.11328],[4.52738,50.11369],[4.52757,50.11377],[4.52765,50.11327],[4.53178,50.10531],[4.53517,50.09926],[4.53721,50.09505],[4.53893,50.09186],[4.5412,50.09174],[4.54282,50.0912],[4.556,50.09353],[4.55863,50.09387],[4.55932,50.09388],[4.56121,50.09412],[4.56224,50.09443],[4.56472,50.09355],[4.56788,50.09312],[4.56778,50.09355],[4.56858,50.09358],[4.57073,50.09393],[4.57414,50.09537],[4.58487,50.09975],[4.58841,50.10122],[4.58851,50.10153],[4.5877,50.10336],[4.58714,50.10382],[4.58441,50.1073],[4.58485,50.10766],[4.58665,50.10797],[4.58969,50.10867],[4.59186,50.10895],[4.59021,50.10979],[4.58933,50.11226],[4.58494,50.12314],[4.58197,50.12471],[4.58219,50.1248],[4.6025,50.13148],[4.6018,50.13252],[4.60455,50.13481],[4.6037,50.13575],[4.60815,50.14222],[4.60652,50.1448],[4.60701,50.14482],[4.60768,50.14514],[4.60787,50.14549],[4.61564,50.14912],[4.61629,50.14915],[4.61701,50.14941],[4.61753,50.14942],[4.6176,50.14963],[4.61842,50.14988],[4.61913,50.1503],[4.61939,50.15025],[4.62033,50.15064],[4.62068,50.15095],[4.6214,50.15084],[4.62166,50.1515],[4.62216,50.15113],[4.62306,50.15089],[4.62417,50.15145],[4.62595,50.15206],[4.62754,50.15207],[4.62861,50.15231],[4.62916,50.15179],[4.6296,50.15183],[4.63056,50.15114],[4.6317,50.15182],[4.6333,50.15213],[4.63388,50.15262],[4.63549,50.15266],[4.63698,50.15326],[4.6378,50.15305],[4.63972,50.15381],[4.64166,50.15319],[4.64519,50.15253],[4.64842,50.15264],[4.65022,50.15294],[4.66724,50.15797],[4.67361,50.15408],[4.68018,50.15219],[4.68844,50.146],[4.6932,50.14502],[4.69452,50.14521],[4.69437,50.14578],[4.69444,50.14666],[4.69595,50.14769],[4.69756,50.14771],[4.70218,50.14958],[4.70938,50.15096],[4.71059,50.15046],[4.71581,50.15059],[4.72616,50.15367],[4.72845,50.15452],[4.72936,50.1547],[4.7291,50.163],[4.72786,50.16316],[4.72642,50.16345],[4.72477,50.16424],[4.72122,50.16472],[4.72078,50.16719],[4.71896,50.1693],[4.71741,50.17123],[4.71525,50.17435],[4.71598,50.1777],[4.71716,50.18241],[4.71727,50.18299],[4.71862,50.18765],[4.71571,50.18835],[4.71477,50.18843],[4.7136,50.18866],[4.71007,50.18899],[4.71323,50.19156],[4.71301,50.19203],[4.71197,50.19218],[4.7117,50.19238],[4.71294,50.19262],[4.71421,50.19326],[4.71549,50.19347],[4.71557,50.19393],[4.716,50.19441],[4.71659,50.19471],[4.71636,50.19534],[4.71549,50.19641],[4.71433,50.19756],[4.71334,50.19806],[4.71368,50.19905],[4.71442,50.19943],[4.71511,50.19997],[4.71537,50.20055],[4.71625,50.20101],[4.71673,50.20145],[4.71642,50.2019],[4.71289,50.20248],[4.71279,50.20277],[4.71151,50.20307],[4.71075,50.20307],[4.70902,50.20339],[4.70863,50.20379],[4.70783,50.20428],[4.70762,50.20469],[4.70697,50.20503],[4.70686,50.20559],[4.70754,50.20597],[4.7075,50.20629],[4.70812,50.20679],[4.70799,50.20699],[4.70855,50.20725],[4.70877,50.20789],[4.70807,50.20899],[4.70693,50.20996],[4.70639,50.21026],[4.70644,50.21052],[4.7058,50.21126],[4.70524,50.21147],[4.70364,50.21165],[4.7031,50.21207],[4.70279,50.21294],[4.70157,50.2135],[4.70143,50.21377],[4.70224,50.21451],[4.70379,50.21538],[4.70433,50.21553],[4.70328,50.21703],[4.7015,50.21729],[4.69824,50.21702],[4.69712,50.21672],[4.69538,50.21693],[4.69437,50.2172],[4.69362,50.21632],[4.69155,50.21499],[4.69132,50.21451],[4.69141,50.21318],[4.69268,50.21246],[4.69295,50.21201],[4.69411,50.21106],[4.69411,50.21076],[4.69051,50.21092],[4.6893,50.20941],[4.68896,50.20864],[4.68812,50.20879],[4.68759,50.20854],[4.68698,50.20853],[4.68665,50.20887],[4.68615,50.20878],[4.68535,50.20922],[4.68571,50.20939],[4.6851,50.21032],[4.68336,50.21215],[4.67573,50.21242],[4.6734,50.21377],[4.67277,50.21512],[4.66853,50.21512],[4.66874,50.2135],[4.66577,50.21431],[4.66235,50.21565],[4.66064,50.2181],[4.65637,50.21755],[4.65298,50.21583],[4.6518,50.21515],[4.64997,50.21455],[4.64859,50.21432],[4.64783,50.21431],[4.64604,50.21552],[4.64569,50.21585],[4.64415,50.21515],[4.64332,50.21499],[4.64279,50.21472],[4.64221,50.21421],[4.64059,50.21435],[4.63809,50.21432],[4.63666,50.21415],[4.63581,50.21373],[4.62398,50.21582],[4.62378,50.21643],[4.62346,50.21684],[4.62293,50.21716],[4.62146,50.21743],[4.62101,50.21799],[4.62045,50.21815],[4.61383,50.21729],[4.61364,50.217],[4.61203,50.21688],[4.61084,50.21693],[4.61022,50.21679],[4.60774,50.21663],[4.60553,50.21675],[4.60516,50.21607],[4.60324,50.21476],[4.60242,50.21427],[4.60132,50.21413],[4.60087,50.21384],[4.5998,50.21368],[4.59406,50.21368],[4.59322,50.21355],[4.59215,50.2137],[4.59003,50.21378],[4.58476,50.21513],[4.58461,50.21689],[4.5814,50.21666],[4.58156,50.21526],[4.58141,50.21449],[4.58014,50.21416],[4.5785,50.21424],[4.57726,50.21407],[4.57601,50.21405],[4.57147,50.21349],[4.568,50.21448],[4.56508,50.21391],[4.56299,50.212],[4.56255,50.21235],[4.55564,50.21084],[4.55512,50.21099],[4.55345,50.21359],[4.5541,50.21344],[4.55271,50.21508],[4.55423,50.21598],[4.55406,50.21618],[4.55353,50.21599],[4.55305,50.21612],[4.55296,50.21652],[4.55316,50.21704],[4.54647,50.22167],[4.54265,50.2244],[4.54226,50.22453],[4.5409,50.22568]]]}},{"type":"Feature","id":"93088","bbox":[4.285752,50.216009,4.545161,50.328957],"properties":{"nis":"93088","name":"Walcourt","nameNl":"Walcourt","nameFr":"Walcourt","nameDe":"Walcourt","province":"namur","region":"wallonia","areaKm2":123.26},"geometry":{"type":"Polygon","coordinates":[[[4.48254,50.21734],[4.48289,50.2175],[4.48478,50.21786],[4.48772,50.21914],[4.49153,50.22034],[4.49421,50.22223],[4.49737,50.22254],[4.4993,50.22261],[4.49964,50.22376],[4.50249,50.22349],[4.50334,50.22347],[4.50551,50.22377],[4.50551,50.22351],[4.5078,50.22397],[4.50822,50.22485],[4.50805,50.22536],[4.50747,50.22615],[4.50686,50.2264],[4.50665,50.22665],[4.50891,50.22781],[4.50875,50.22846],[4.51455,50.22998],[4.51619,50.22965],[4.51737,50.22986],[4.51831,50.22942],[4.51921,50.22913],[4.51927,50.22949],[4.52353,50.22969],[4.53189,50.23026],[4.53551,50.23082],[4.53712,50.23112],[4.53788,50.23143],[4.53833,50.22945],[4.53833,50.22819],[4.53816,50.22767],[4.53853,50.22731],[4.5409,50.22568],[4.54516,50.22872],[4.54195,50.23157],[4.54404,50.24147],[4.54393,50.24156],[4.54409,50.24253],[4.54405,50.24292],[4.53727,50.2476],[4.53645,50.24842],[4.53555,50.24889],[4.5361,50.24902],[4.53516,50.25001],[4.53477,50.25],[4.53267,50.25159],[4.53233,50.25159],[4.53256,50.2521],[4.53254,50.25375],[4.53272,50.25408],[4.53285,50.25622],[4.53254,50.25648],[4.53238,50.25713],[4.53246,50.2576],[4.53346,50.25942],[4.5335,50.26003],[4.53307,50.26276],[4.53156,50.26279],[4.5304,50.26488],[4.53061,50.26593],[4.52628,50.26846],[4.52305,50.27037],[4.5231,50.27194],[4.52337,50.27417],[4.52431,50.27473],[4.52401,50.27575],[4.52289,50.27649],[4.52236,50.27713],[4.52297,50.27737],[4.5254,50.27891],[4.52602,50.27974],[4.52692,50.28078],[4.5275,50.28247],[4.52864,50.28318],[4.52912,50.2839],[4.52899,50.28446],[4.52822,50.28611],[4.52758,50.2861],[4.52662,50.28625],[4.52458,50.28697],[4.52206,50.28711],[4.52131,50.28726],[4.52202,50.28633],[4.52279,50.28576],[4.52315,50.28524],[4.52323,50.28404],[4.52298,50.28336],[4.52259,50.28305],[4.52249,50.28392],[4.52101,50.28564],[4.51863,50.28656],[4.5169,50.28664],[4.51571,50.28589],[4.51338,50.28532],[4.5123,50.28436],[4.51115,50.28543],[4.51172,50.28559],[4.51274,50.28629],[4.51457,50.28678],[4.51342,50.28872],[4.51169,50.2892],[4.50829,50.28974],[4.50757,50.29009],[4.50563,50.2924],[4.50549,50.29354],[4.5051,50.29483],[4.50459,50.29586],[4.50601,50.29677],[4.50775,50.29715],[4.51084,50.30025],[4.51158,50.3016],[4.51272,50.30239],[4.51538,50.30382],[4.51632,50.30446],[4.51701,50.30479],[4.51887,50.3059],[4.51738,50.30714],[4.51815,50.31055],[4.51752,50.31457],[4.51809,50.31516],[4.51822,50.31532],[4.51817,50.31779],[4.518,50.31782],[4.51786,50.31852],[4.51236,50.32075],[4.50778,50.32096],[4.50654,50.32145],[4.5052,50.32164],[4.50602,50.32278],[4.50684,50.32421],[4.50721,50.3246],[4.50785,50.32498],[4.50786,50.32516],[4.50671,50.32606],[4.50445,50.32893],[4.50266,50.32885],[4.50145,50.32896],[4.49985,50.32886],[4.4942,50.32879],[4.49352,50.32861],[4.49241,50.32857],[4.49054,50.32867],[4.48786,50.32804],[4.48557,50.32818],[4.48417,50.32892],[4.48336,50.32873],[4.47615,50.32663],[4.47495,50.3275],[4.47296,50.32633],[4.47289,50.32565],[4.4724,50.32525],[4.47289,50.32426],[4.47162,50.32341],[4.47148,50.32224],[4.47155,50.32071],[4.47134,50.31964],[4.47098,50.3186],[4.46936,50.31757],[4.46703,50.31627],[4.46329,50.31366],[4.46554,50.31184],[4.46556,50.31157],[4.46618,50.31018],[4.46476,50.30964],[4.46411,50.30922],[4.46317,50.30819],[4.46223,50.30844],[4.46004,50.30836],[4.4582,50.30675],[4.45884,50.30634],[4.45806,50.30549],[4.45665,50.3049],[4.45382,50.30486],[4.45192,50.30625],[4.44457,50.30805],[4.44259,50.30796],[4.43786,50.30749],[4.43744,50.30786],[4.43539,50.30806],[4.43492,50.30787],[4.43356,50.30922],[4.43193,50.31043],[4.42995,50.30827],[4.42889,50.30814],[4.42805,50.30764],[4.42607,50.308],[4.42536,50.30764],[4.42459,50.30648],[4.42296,50.30607],[4.42183,50.30661],[4.42135,50.30663],[4.42073,50.30638],[4.42007,50.30571],[4.4195,50.30554],[4.4186,50.30602],[4.41911,50.30681],[4.41958,50.30715],[4.41633,50.30764],[4.41633,50.30769],[4.41188,50.30805],[4.41018,50.30881],[4.40953,50.30897],[4.40709,50.30921],[4.40538,50.30984],[4.4039,50.31056],[4.40235,50.31115],[4.40072,50.31003],[4.40242,50.30908],[4.40114,50.3076],[4.40333,50.30513],[4.40453,50.30459],[4.40119,50.30072],[4.39743,50.29751],[4.39901,50.29694],[4.39694,50.29531],[4.39684,50.29531],[4.39416,50.29356],[4.39312,50.29306],[4.3917,50.2928],[4.3911,50.29235],[4.39011,50.29141],[4.38665,50.28997],[4.3828,50.29091],[4.37814,50.2911],[4.3778,50.29039],[4.37711,50.28958],[4.37492,50.29032],[4.37344,50.29112],[4.37216,50.29195],[4.3697,50.29166],[4.36937,50.29186],[4.36787,50.2888],[4.36925,50.28738],[4.36896,50.2864],[4.36797,50.28595],[4.36884,50.2851],[4.3685,50.28492],[4.36825,50.28435],[4.36565,50.28417],[4.366,50.28395],[4.36355,50.28258],[4.36336,50.28286],[4.36302,50.28265],[4.3621,50.28319],[4.36126,50.28235],[4.36197,50.28188],[4.36071,50.2807],[4.36221,50.28033],[4.36236,50.27925],[4.36074,50.27922],[4.35958,50.27796],[4.35867,50.27799],[4.35824,50.27743],[4.35988,50.27695],[4.35806,50.27498],[4.35719,50.27525],[4.35685,50.2749],[4.3539,50.27585],[4.35418,50.27693],[4.35414,50.27749],[4.35085,50.27738],[4.35064,50.27759],[4.3511,50.27834],[4.34144,50.27874],[4.34011,50.2774],[4.33975,50.27656],[4.3375,50.27484],[4.33694,50.27512],[4.33882,50.27676],[4.33795,50.27765],[4.33762,50.27761],[4.338,50.27722],[4.33727,50.27664],[4.33603,50.27725],[4.33539,50.27711],[4.33306,50.27569],[4.33139,50.27673],[4.33179,50.27698],[4.3305,50.27761],[4.32824,50.27757],[4.32612,50.27451],[4.32799,50.27392],[4.32713,50.27263],[4.32574,50.27297],[4.32416,50.27326],[4.32127,50.27354],[4.31933,50.27313],[4.31815,50.27163],[4.31587,50.27286],[4.31616,50.27185],[4.31986,50.26913],[4.31827,50.26806],[4.31705,50.269],[4.31475,50.26732],[4.31113,50.2685],[4.31134,50.26957],[4.30954,50.27001],[4.3094,50.26978],[4.30925,50.26883],[4.30875,50.2673],[4.30793,50.26709],[4.30808,50.26622],[4.30424,50.26367],[4.30319,50.265],[4.30184,50.26432],[4.30173,50.26442],[4.30065,50.26394],[4.29888,50.26299],[4.2984,50.26369],[4.29605,50.26304],[4.29596,50.26266],[4.29626,50.26212],[4.29522,50.2603],[4.29429,50.26063],[4.2905,50.25879],[4.28897,50.25767],[4.28816,50.25662],[4.28786,50.25636],[4.28675,50.25583],[4.28845,50.25463],[4.29001,50.25339],[4.2895,50.25328],[4.28726,50.25237],[4.28805,50.25129],[4.28712,50.25047],[4.28575,50.24972],[4.28628,50.24945],[4.28743,50.24916],[4.29013,50.24994],[4.29206,50.25013],[4.29299,50.25014],[4.29264,50.24929],[4.29542,50.24856],[4.29524,50.24728],[4.29575,50.24637],[4.29586,50.24561],[4.29669,50.24488],[4.29744,50.24453],[4.2978,50.24415],[4.2987,50.24355],[4.30032,50.24323],[4.30319,50.24228],[4.30426,50.24214],[4.30444,50.24236],[4.30514,50.24219],[4.30582,50.24217],[4.3058,50.24233],[4.30679,50.24227],[4.30678,50.24192],[4.3079,50.24191],[4.30831,50.24172],[4.30799,50.24026],[4.30919,50.23802],[4.31143,50.23766],[4.31299,50.2375],[4.31313,50.23808],[4.31625,50.23787],[4.31679,50.2372],[4.31754,50.23712],[4.31818,50.23735],[4.3186,50.23722],[4.31881,50.23652],[4.31877,50.23617],[4.31922,50.23608],[4.31963,50.23536],[4.32043,50.23456],[4.32233,50.23437],[4.32552,50.23401],[4.32882,50.23353],[4.33001,50.23324],[4.33105,50.23288],[4.33213,50.2324],[4.33386,50.23093],[4.3351,50.23022],[4.33709,50.22968],[4.33968,50.22878],[4.34321,50.228],[4.345,50.22737],[4.34624,50.22806],[4.34649,50.22892],[4.34612,50.2296],[4.34641,50.23003],[4.34751,50.2307],[4.34938,50.23114],[4.34993,50.2317],[4.35154,50.2327],[4.3534,50.23442],[4.35594,50.23547],[4.3576,50.2358],[4.35895,50.23659],[4.36001,50.23748],[4.35971,50.23767],[4.36053,50.23914],[4.36103,50.23955],[4.36365,50.24089],[4.36401,50.24098],[4.36437,50.24168],[4.36615,50.24242],[4.36698,50.24342],[4.36803,50.24291],[4.36888,50.24272],[4.37099,50.24258],[4.37122,50.24264],[4.37254,50.24188],[4.37304,50.24062],[4.37254,50.24031],[4.37571,50.24075],[4.3765,50.23924],[4.37917,50.23937],[4.37927,50.23855],[4.38704,50.23934],[4.38846,50.23729],[4.38807,50.23566],[4.38886,50.2339],[4.39064,50.23402],[4.39192,50.2339],[4.39386,50.23316],[4.39578,50.23678],[4.39578,50.23865],[4.39611,50.23932],[4.39959,50.23842],[4.40529,50.23718],[4.40707,50.23686],[4.40834,50.23679],[4.41012,50.23682],[4.41139,50.23712],[4.41309,50.238],[4.41372,50.23974],[4.41439,50.2402],[4.41569,50.23989],[4.41702,50.24014],[4.41747,50.24073],[4.41913,50.23996],[4.4208,50.24005],[4.42306,50.2396],[4.42314,50.23928],[4.42122,50.23728],[4.42077,50.23605],[4.4208,50.23424],[4.42108,50.23303],[4.4213,50.23305],[4.42225,50.23382],[4.42447,50.23279],[4.42498,50.2324],[4.42586,50.23247],[4.42673,50.2317],[4.42831,50.2313],[4.42919,50.23098],[4.42961,50.23017],[4.43072,50.22918],[4.43111,50.22908],[4.43182,50.22933],[4.43317,50.23021],[4.43436,50.23083],[4.43543,50.22976],[4.43608,50.22924],[4.43817,50.22897],[4.44001,50.2285],[4.4404,50.22832],[4.44089,50.22782],[4.44145,50.22746],[4.44202,50.22679],[4.44272,50.22699],[4.44365,50.22809],[4.44535,50.22979],[4.44659,50.22965],[4.45145,50.22965],[4.45738,50.22665],[4.46807,50.22526],[4.4682,50.22327],[4.47,50.22198],[4.47113,50.2198],[4.47111,50.2181],[4.47083,50.21675],[4.471,50.21662],[4.47211,50.21667],[4.47237,50.21628],[4.47334,50.21612],[4.47579,50.21601],[4.47687,50.21601],[4.48197,50.21703],[4.48254,50.21734]]]}},{"type":"Feature","id":"93090","bbox":[4.526444,49.985364,4.72194,50.11392],"properties":{"nis":"93090","name":"Viroinval","nameNl":"Viroinval","nameFr":"Viroinval","nameDe":"Viroinval","province":"namur","region":"wallonia","areaKm2":120.75},"geometry":{"type":"Polygon","coordinates":[[[4.7196,50.1018],[4.72081,50.10296],[4.72194,50.10377],[4.72023,50.10759],[4.71953,50.10975],[4.71929,50.11143],[4.71849,50.11152],[4.71459,50.11104],[4.70979,50.10925],[4.70163,50.11148],[4.69667,50.11138],[4.69225,50.11058],[4.68561,50.11183],[4.68492,50.11247],[4.68249,50.11173],[4.68056,50.11266],[4.67872,50.11392],[4.67392,50.11203],[4.67349,50.11149],[4.66784,50.11006],[4.66714,50.10934],[4.65646,50.10711],[4.65518,50.1073],[4.64796,50.10623],[4.64638,50.10617],[4.64569,50.10503],[4.64272,50.10227],[4.63886,50.10151],[4.63847,50.10112],[4.6384,50.09722],[4.63346,50.09753],[4.63004,50.09623],[4.62829,50.09574],[4.62647,50.09371],[4.6228,50.09216],[4.62023,50.09466],[4.61836,50.0982],[4.61804,50.0992],[4.61916,50.09941],[4.61858,50.10033],[4.61775,50.10114],[4.61762,50.1011],[4.61673,50.10194],[4.61493,50.10344],[4.61413,50.10423],[4.61382,50.1047],[4.61122,50.10511],[4.60951,50.10761],[4.60865,50.10745],[4.60341,50.1068],[4.60105,50.10666],[4.59896,50.10661],[4.59831,50.10699],[4.59687,50.10727],[4.59474,50.10621],[4.59431,50.10586],[4.59393,50.106],[4.59321,50.10698],[4.59317,50.1072],[4.59186,50.10895],[4.58969,50.10867],[4.58665,50.10797],[4.58485,50.10766],[4.58441,50.1073],[4.58714,50.10382],[4.5877,50.10336],[4.58851,50.10153],[4.58841,50.10122],[4.58487,50.09975],[4.57414,50.09537],[4.57073,50.09393],[4.56858,50.09358],[4.56778,50.09355],[4.56788,50.09312],[4.56472,50.09355],[4.56224,50.09443],[4.56121,50.09412],[4.55932,50.09388],[4.55863,50.09387],[4.556,50.09353],[4.54282,50.0912],[4.5412,50.09174],[4.53893,50.09186],[4.54095,50.0871],[4.53738,50.08607],[4.53395,50.08504],[4.53112,50.08459],[4.53015,50.08418],[4.53259,50.07978],[4.53131,50.07674],[4.53072,50.07555],[4.52899,50.0719],[4.52849,50.07177],[4.52644,50.07037],[4.52655,50.07013],[4.53024,50.06646],[4.53511,50.06597],[4.54347,50.06235],[4.54535,50.05594],[4.54525,50.05395],[4.54176,50.0528],[4.54202,50.05192],[4.54177,50.05093],[4.54209,50.05052],[4.54262,50.04901],[4.54431,50.04766],[4.54495,50.04591],[4.54989,50.04353],[4.55017,50.04214],[4.55095,50.04187],[4.55038,50.04016],[4.55151,50.03683],[4.55229,50.03481],[4.5554,50.03212],[4.55635,50.0317],[4.55699,50.03091],[4.55787,50.02825],[4.55872,50.02731],[4.5626,50.0248],[4.56599,50.02179],[4.56761,50.01842],[4.56733,50.01671],[4.56832,50.01604],[4.56797,50.01554],[4.57072,50.01141],[4.57015,50.01092],[4.57065,50.00993],[4.57194,50.00888],[4.57524,50.01105],[4.57637,50.01249],[4.57926,50.01348],[4.57997,50.01352],[4.58093,50.01396],[4.58365,50.0148],[4.58531,50.01523],[4.58612,50.01523],[4.58971,50.01625],[4.59127,50.01625],[4.59177,50.0168],[4.59346,50.01711],[4.59391,50.0173],[4.59518,50.01744],[4.59605,50.01728],[4.59916,50.01768],[4.60054,50.01789],[4.60129,50.01814],[4.60195,50.01811],[4.60183,50.01706],[4.60197,50.01668],[4.60214,50.0154],[4.60306,50.01293],[4.60257,50.01154],[4.60087,50.01046],[4.60038,50.00875],[4.60094,50.00727],[4.60108,50.00565],[4.59995,50.00421],[4.59854,50.00053],[4.59882,49.99968],[4.60221,49.99725],[4.6032,49.99595],[4.60299,49.9937],[4.60292,49.99366],[4.60525,49.98908],[4.6044,49.98849],[4.60242,49.9876],[4.60024,49.98634],[4.60275,49.98565],[4.60379,49.98549],[4.60517,49.98539],[4.60646,49.98558],[4.60784,49.98537],[4.60884,49.98585],[4.61,49.98572],[4.61236,49.98597],[4.61326,49.98621],[4.6148,49.98625],[4.61618,49.98614],[4.617,49.98625],[4.61909,49.98623],[4.61947,49.98611],[4.62034,49.98634],[4.6212,49.98641],[4.62179,49.9862],[4.62224,49.9863],[4.623,49.98668],[4.62363,49.98627],[4.62461,49.98643],[4.62578,49.98712],[4.62692,49.98739],[4.62818,49.98754],[4.62923,49.98789],[4.63004,49.9876],[4.63102,49.98747],[4.63205,49.98712],[4.63385,49.98738],[4.63413,49.98771],[4.63516,49.98836],[4.63539,49.98866],[4.63657,49.98902],[4.6372,49.9894],[4.63899,49.98951],[4.64071,49.98968],[4.64201,49.98968],[4.64264,49.99016],[4.64334,49.99038],[4.64327,49.99051],[4.64433,49.99084],[4.6454,49.99058],[4.64661,49.9907],[4.64744,49.99121],[4.64827,49.99153],[4.6491,49.99164],[4.65105,49.99212],[4.65189,49.99246],[4.65288,49.99266],[4.65417,49.99268],[4.65486,49.99291],[4.65561,49.9929],[4.6565,49.9935],[4.65733,49.99385],[4.65841,49.99393],[4.65885,49.99408],[4.66039,49.99392],[4.66087,49.99403],[4.66172,49.99396],[4.66226,49.99408],[4.66315,49.99398],[4.66456,49.99433],[4.66489,49.99471],[4.66523,49.99564],[4.66646,49.99647],[4.66803,49.99681],[4.66967,49.99685],[4.67103,49.99718],[4.67176,49.99718],[4.67388,49.99686],[4.67419,49.99647],[4.67485,49.99641],[4.67525,49.99616],[4.67734,49.9955],[4.67856,49.99563],[4.6802,49.9966],[4.68088,49.99663],[4.68197,49.99652],[4.68286,49.9963],[4.68376,49.99645],[4.68492,49.99679],[4.68531,49.99666],[4.68582,49.99619],[4.68812,49.9956],[4.6893,49.99554],[4.69044,49.99572],[4.69341,49.99541],[4.69399,49.99556],[4.69441,49.99625],[4.69409,49.99657],[4.69318,49.99703],[4.69287,49.99766],[4.6919,49.99798],[4.69063,49.99895],[4.68763,50.00069],[4.6864,50.00331],[4.68674,50.00354],[4.6871,50.00438],[4.68709,50.00489],[4.68614,50.00596],[4.68499,50.0066],[4.68493,50.00737],[4.6852,50.00809],[4.6858,50.00849],[4.68658,50.00929],[4.6872,50.01007],[4.68884,50.01125],[4.68671,50.01294],[4.6862,50.01349],[4.68606,50.01392],[4.68626,50.01517],[4.68608,50.01592],[4.68621,50.01732],[4.68649,50.01876],[4.68606,50.02016],[4.68591,50.02038],[4.68592,50.02117],[4.68661,50.02235],[4.68734,50.02437],[4.68704,50.02507],[4.68494,50.02626],[4.68475,50.02728],[4.68513,50.02727],[4.68602,50.02763],[4.68735,50.02836],[4.68823,50.02864],[4.68849,50.02917],[4.68834,50.02954],[4.6884,50.03053],[4.68893,50.03078],[4.68884,50.03118],[4.68927,50.03127],[4.68944,50.03173],[4.68932,50.0324],[4.69082,50.03381],[4.69104,50.03415],[4.69197,50.03768],[4.69386,50.04027],[4.69435,50.04067],[4.69558,50.04198],[4.69643,50.04264],[4.69575,50.04529],[4.69541,50.04738],[4.69661,50.04959],[4.69935,50.05157],[4.70004,50.053],[4.69979,50.0539],[4.69884,50.05398],[4.69815,50.05422],[4.69678,50.05521],[4.69748,50.05623],[4.69609,50.05774],[4.69705,50.05921],[4.69586,50.05908],[4.6949,50.0588],[4.69423,50.05829],[4.69225,50.05761],[4.68847,50.05748],[4.68601,50.05743],[4.68593,50.05865],[4.6855,50.06073],[4.68496,50.06141],[4.68454,50.0624],[4.68427,50.06333],[4.68311,50.06486],[4.68239,50.06461],[4.68135,50.0657],[4.68045,50.06623],[4.67952,50.067],[4.67976,50.06805],[4.68026,50.06851],[4.6813,50.06896],[4.68299,50.06929],[4.68436,50.06965],[4.68587,50.07018],[4.68638,50.07057],[4.68709,50.07177],[4.68853,50.0727],[4.68828,50.07278],[4.68814,50.07331],[4.6878,50.07378],[4.68787,50.07515],[4.6878,50.07631],[4.68861,50.07718],[4.6887,50.07778],[4.68965,50.07934],[4.69032,50.0813],[4.69108,50.08217],[4.69222,50.08418],[4.69249,50.08452],[4.69359,50.08496],[4.69476,50.08518],[4.69539,50.08616],[4.69557,50.08669],[4.69644,50.08788],[4.69845,50.09078],[4.69966,50.09213],[4.69949,50.09262],[4.70095,50.09309],[4.70094,50.09393],[4.70211,50.09556],[4.70397,50.09633],[4.70554,50.09643],[4.70789,50.09647],[4.70914,50.09681],[4.71071,50.09698],[4.71144,50.09673],[4.71326,50.09696],[4.71566,50.10092],[4.7196,50.1018]]]}}]}