{"type":"FeatureCollection","bbox":[3.331312,50.721012,4.356916,51.353967],"license":"Open Database License (ODbL) v1.0","attribution":"© OpenStreetMap contributors","generatedAt":"2026-09-20T12:46:12.453Z","features":[{"type":"Feature","id":"41002","bbox":[3.982447,50.899397,4.163432,50.994831],"properties":{"nis":"41002","name":"Aalst","nameNl":"Aalst","nameFr":"Alost","nameDe":"Aalst","province":"oost-vlaanderen","region":"flanders","areaKm2":78.38},"geometry":{"type":"Polygon","coordinates":[[[4.13897,50.91697],[4.13899,50.91794],[4.13922,50.91862],[4.13978,50.91928],[4.13994,50.91966],[4.14376,50.92064],[4.14399,50.92099],[4.14418,50.92177],[4.1442,50.92236],[4.144,50.92295],[4.14274,50.92385],[4.14402,50.92489],[4.14484,50.92538],[4.14524,50.92498],[4.14622,50.92465],[4.14786,50.92439],[4.14852,50.92452],[4.14932,50.92425],[4.15025,50.92458],[4.15085,50.92434],[4.15093,50.92369],[4.15158,50.92339],[4.15187,50.9231],[4.15246,50.92308],[4.15313,50.92344],[4.15298,50.92458],[4.15335,50.9246],[4.15335,50.92515],[4.15394,50.92594],[4.1535,50.92618],[4.15341,50.92735],[4.15326,50.92758],[4.15294,50.92895],[4.15414,50.92892],[4.15564,50.92833],[4.15676,50.92823],[4.15801,50.92843],[4.15833,50.92862],[4.15822,50.92963],[4.15939,50.93019],[4.15994,50.93084],[4.16245,50.93231],[4.16056,50.93378],[4.15407,50.9384],[4.15345,50.93892],[4.15598,50.93968],[4.15765,50.94033],[4.16263,50.94294],[4.1621,50.94405],[4.16051,50.94465],[4.15926,50.9453],[4.15986,50.94571],[4.16001,50.94653],[4.16027,50.94703],[4.16143,50.94779],[4.16262,50.94823],[4.16343,50.94871],[4.16331,50.94907],[4.16257,50.94896],[4.16206,50.94865],[4.16076,50.94817],[4.16048,50.94841],[4.15931,50.9486],[4.15923,50.94871],[4.15825,50.94872],[4.15762,50.94985],[4.15664,50.95104],[4.15481,50.95269],[4.15667,50.95384],[4.15576,50.95483],[4.15454,50.95629],[4.15373,50.95708],[4.15129,50.9593],[4.15074,50.95989],[4.14934,50.96113],[4.14788,50.96261],[4.14608,50.96353],[4.14374,50.96509],[4.14295,50.96544],[4.14323,50.96562],[4.14348,50.96617],[4.14395,50.96637],[4.14456,50.9664],[4.14409,50.9669],[4.1447,50.96728],[4.145,50.96794],[4.1459,50.96834],[4.14743,50.9693],[4.1475,50.96951],[4.14707,50.96929],[4.14662,50.96959],[4.14475,50.97038],[4.14435,50.97008],[4.1428,50.97079],[4.14202,50.97105],[4.14141,50.97048],[4.1409,50.97081],[4.14067,50.97126],[4.13795,50.9704],[4.13681,50.9718],[4.13418,50.97115],[4.13357,50.97172],[4.13351,50.97194],[4.13214,50.97269],[4.13036,50.97183],[4.12841,50.97045],[4.12664,50.97122],[4.12609,50.97158],[4.12543,50.97244],[4.12498,50.9727],[4.12465,50.97198],[4.1249,50.9717],[4.12442,50.97085],[4.1244,50.97048],[4.12401,50.97024],[4.12312,50.96935],[4.12307,50.96909],[4.12247,50.9687],[4.12216,50.96732],[4.12153,50.96703],[4.12032,50.9678],[4.11887,50.96929],[4.11846,50.96979],[4.11713,50.97056],[4.11598,50.97131],[4.11494,50.97108],[4.1143,50.97049],[4.11306,50.97074],[4.11134,50.97154],[4.11115,50.97153],[4.10761,50.97293],[4.10517,50.97409],[4.10466,50.97394],[4.10302,50.97321],[4.10253,50.97282],[4.10157,50.9733],[4.10101,50.97323],[4.10038,50.9728],[4.10003,50.9729],[4.09943,50.97245],[4.0938,50.97085],[4.09163,50.97087],[4.0882,50.97049],[4.08747,50.97019],[4.08576,50.96904],[4.08461,50.96789],[4.0838,50.96829],[4.08364,50.96862],[4.08231,50.96963],[4.08202,50.96974],[4.08195,50.97029],[4.08155,50.9706],[4.08117,50.97137],[4.08188,50.97139],[4.08278,50.97158],[4.08049,50.97376],[4.07917,50.97522],[4.07819,50.97489],[4.07789,50.97519],[4.07794,50.97575],[4.07703,50.97648],[4.07684,50.97749],[4.07636,50.97796],[4.07557,50.97852],[4.07587,50.97888],[4.07581,50.97923],[4.075,50.97988],[4.0747,50.98035],[4.07394,50.98079],[4.07382,50.98149],[4.07414,50.9827],[4.07442,50.98315],[4.07438,50.98484],[4.07353,50.98534],[4.07282,50.98542],[4.07304,50.98658],[4.07276,50.98687],[4.07296,50.98763],[4.07385,50.98928],[4.0722,50.98961],[4.07107,50.98968],[4.07064,50.98984],[4.06996,50.98925],[4.0696,50.98944],[4.0691,50.99005],[4.06857,50.98998],[4.06761,50.99007],[4.06702,50.98997],[4.0668,50.98971],[4.06716,50.98936],[4.06795,50.98912],[4.06845,50.98874],[4.06807,50.98861],[4.06739,50.98883],[4.06673,50.98882],[4.06672,50.98846],[4.06785,50.9877],[4.06786,50.98746],[4.0672,50.98777],[4.06616,50.98762],[4.06548,50.98737],[4.0647,50.98738],[4.0643,50.9868],[4.06272,50.9876],[4.06137,50.98908],[4.05956,50.9896],[4.05821,50.98991],[4.0573,50.99054],[4.05657,50.99157],[4.05556,50.99287],[4.05459,50.99386],[4.05467,50.99449],[4.05445,50.99469],[4.05363,50.99483],[4.0525,50.99436],[4.05166,50.99412],[4.05091,50.99342],[4.05079,50.99302],[4.05031,50.99271],[4.04971,50.9929],[4.04848,50.99288],[4.04773,50.99307],[4.04724,50.99334],[4.04565,50.99376],[4.04559,50.99419],[4.04481,50.99407],[4.0439,50.99413],[4.04295,50.99381],[4.04251,50.99344],[4.04149,50.99323],[4.04055,50.99243],[4.03977,50.9922],[4.03916,50.99254],[4.0387,50.99261],[4.03734,50.99183],[4.03572,50.9904],[4.03419,50.98964],[4.03307,50.989],[4.03295,50.98908],[4.03221,50.98855],[4.03249,50.98841],[4.03215,50.98815],[4.0316,50.98838],[4.0312,50.98795],[4.03014,50.98815],[4.02975,50.9881],[4.02919,50.98766],[4.02866,50.9875],[4.02743,50.98738],[4.02716,50.98758],[4.02658,50.98752],[4.02442,50.98804],[4.02405,50.98765],[4.02275,50.98731],[4.02135,50.98741],[4.02009,50.98812],[4.01812,50.98824],[4.01805,50.98798],[4.0169,50.98758],[4.01537,50.98717],[4.01531,50.98687],[4.0142,50.98569],[4.014,50.98482],[4.01375,50.98449],[4.01489,50.98326],[4.01588,50.98271],[4.01658,50.98271],[4.01858,50.98246],[4.01975,50.98218],[4.02062,50.98156],[4.02055,50.98102],[4.02233,50.98023],[4.02404,50.9796],[4.02387,50.97867],[4.02351,50.97801],[4.02265,50.9778],[4.02037,50.97877],[4.0193,50.97973],[4.01895,50.97987],[4.01833,50.97979],[4.01769,50.97942],[4.01669,50.97841],[4.01656,50.97847],[4.01553,50.9777],[4.01549,50.97718],[4.01471,50.97728],[4.01479,50.97667],[4.01459,50.97645],[4.01494,50.97592],[4.01487,50.97536],[4.01435,50.97503],[4.01294,50.97498],[4.013,50.97361],[4.01312,50.97244],[4.01384,50.97244],[4.0141,50.97182],[4.01373,50.97171],[4.01513,50.96991],[4.01458,50.96962],[4.01498,50.96929],[4.01395,50.96877],[4.01351,50.96774],[4.0115,50.9672],[4.01095,50.96691],[4.01046,50.9663],[4.01071,50.96554],[4.00939,50.96499],[4.00996,50.96444],[4.0104,50.96376],[4.01176,50.96381],[4.01203,50.96338],[4.0118,50.96294],[4.0125,50.96244],[4.01416,50.96145],[4.01506,50.96113],[4.01472,50.96054],[4.01359,50.95976],[4.01303,50.95912],[4.01047,50.95792],[4.00998,50.95778],[4.01279,50.95626],[4.01075,50.95616],[4.00941,50.95582],[4.00844,50.95535],[4.00812,50.95553],[4.00761,50.95617],[4.00648,50.95598],[4.00776,50.95415],[4.00784,50.95363],[4.00837,50.95335],[4.00966,50.95149],[4.01108,50.95013],[4.01124,50.94958],[4.01049,50.94879],[4.00978,50.94889],[4.00916,50.94868],[4.00844,50.94813],[4.00791,50.94838],[4.00611,50.94807],[4.00585,50.94749],[4.00424,50.94635],[4.00326,50.94629],[4.00128,50.94515],[4.00046,50.94496],[3.9992,50.94424],[3.99831,50.94352],[3.99771,50.94282],[3.99679,50.94267],[3.99548,50.94124],[3.99831,50.93996],[3.9993,50.93983],[4.00057,50.93935],[3.99835,50.9383],[3.99884,50.93797],[3.99665,50.93745],[3.99584,50.93823],[3.99512,50.93776],[3.99408,50.93751],[3.9936,50.93725],[3.99311,50.93674],[3.99289,50.93608],[3.99205,50.93512],[3.99119,50.93517],[3.99014,50.93455],[3.98968,50.93482],[3.98703,50.93313],[3.98869,50.93244],[3.99071,50.9308],[3.99157,50.92958],[3.98588,50.92768],[3.98635,50.92685],[3.98655,50.92615],[3.98558,50.92584],[3.98593,50.92535],[3.9849,50.92504],[3.98485,50.92457],[3.98517,50.92386],[3.98516,50.92335],[3.98561,50.92345],[3.98606,50.9227],[3.98539,50.92257],[3.98549,50.92173],[3.98411,50.921],[3.98329,50.92066],[3.98364,50.92034],[3.98299,50.91995],[3.98245,50.91942],[3.98337,50.91827],[3.98351,50.91786],[3.9852,50.91781],[3.98594,50.91698],[3.98604,50.91635],[3.98671,50.91444],[3.98665,50.91418],[3.98754,50.91341],[3.98802,50.91366],[3.98916,50.91209],[3.9894,50.91192],[3.9894,50.91145],[3.99263,50.91149],[3.99306,50.91176],[3.99386,50.91191],[3.99486,50.91251],[3.99507,50.9128],[3.99609,50.91334],[3.99664,50.91344],[3.99815,50.91416],[4.00035,50.91448],[4.00117,50.91357],[4.0019,50.91201],[4.00273,50.91215],[4.00842,50.91223],[4.00875,50.91162],[4.00859,50.91131],[4.00973,50.90942],[4.01064,50.90971],[4.01139,50.90873],[4.01163,50.90882],[4.01221,50.90818],[4.01238,50.90823],[4.01331,50.90712],[4.01579,50.90823],[4.01743,50.9095],[4.01907,50.90824],[4.01863,50.90793],[4.02031,50.90683],[4.02045,50.90711],[4.02176,50.90797],[4.02291,50.90832],[4.02308,50.90782],[4.024,50.90666],[4.02425,50.90683],[4.04148,50.90467],[4.04198,50.90485],[4.04283,50.90538],[4.04345,50.90605],[4.04398,50.90637],[4.04506,50.90593],[4.0459,50.90548],[4.0463,50.90509],[4.0469,50.90495],[4.04773,50.90558],[4.0498,50.90596],[4.05006,50.90611],[4.05101,50.90625],[4.05221,50.90735],[4.05263,50.90733],[4.05311,50.90773],[4.05332,50.90855],[4.0544,50.90906],[4.05453,50.90934],[4.05602,50.91005],[4.05615,50.9102],[4.05726,50.91034],[4.05798,50.91023],[4.05934,50.91085],[4.06014,50.91107],[4.06082,50.91092],[4.06118,50.91117],[4.06281,50.91078],[4.06518,50.91005],[4.06495,50.90942],[4.06523,50.90876],[4.06704,50.90579],[4.06779,50.90522],[4.06911,50.9044],[4.07049,50.90348],[4.07308,50.90132],[4.07326,50.90104],[4.07338,50.90008],[4.07424,50.8994],[4.0752,50.89977],[4.07647,50.90045],[4.07742,50.90069],[4.07904,50.90155],[4.08006,50.90159],[4.08364,50.90232],[4.08428,50.90201],[4.08479,50.90225],[4.08515,50.90199],[4.08818,50.90357],[4.0888,50.904],[4.08958,50.9043],[4.09028,50.90497],[4.09101,50.90533],[4.0922,50.90552],[4.09255,50.90576],[4.09881,50.90859],[4.10064,50.90958],[4.10113,50.90999],[4.09931,50.9113],[4.09863,50.91194],[4.09866,50.9127],[4.09739,50.91375],[4.09472,50.91367],[4.09478,50.91475],[4.09499,50.91548],[4.0922,50.91596],[4.09091,50.9193],[4.09058,50.92418],[4.08957,50.92515],[4.08919,50.92611],[4.08917,50.9265],[4.09133,50.92783],[4.09241,50.92816],[4.09266,50.92856],[4.09356,50.92947],[4.09411,50.92986],[4.09476,50.93005],[4.0952,50.93035],[4.09538,50.93087],[4.09539,50.93147],[4.09521,50.93225],[4.09599,50.93247],[4.1127,50.92618],[4.11351,50.92588],[4.11353,50.92562],[4.11547,50.92563],[4.11965,50.92621],[4.12071,50.92345],[4.12306,50.92253],[4.12634,50.92201],[4.12698,50.92184],[4.1277,50.92149],[4.12995,50.92101],[4.13247,50.9212],[4.13507,50.92086],[4.13583,50.92091],[4.13666,50.92076],[4.13771,50.92035],[4.13797,50.92009],[4.13851,50.91892],[4.1386,50.91725],[4.13897,50.91697]]]}},{"type":"Feature","id":"41011","bbox":[4.028659,50.864534,4.089654,50.911168],"properties":{"nis":"41011","name":"Denderleeuw","nameNl":"Denderleeuw","nameFr":"Denderleeuw","nameDe":"Denderleeuw","province":"oost-vlaanderen","region":"flanders","areaKm2":13.85},"geometry":{"type":"Polygon","coordinates":[[[4.06628,50.86564],[4.06913,50.86761],[4.0693,50.86817],[4.06844,50.86922],[4.06849,50.86963],[4.06954,50.87021],[4.0702,50.87035],[4.07115,50.87026],[4.072,50.86949],[4.07379,50.86952],[4.07367,50.87034],[4.07413,50.87066],[4.07491,50.87083],[4.07608,50.87059],[4.07651,50.87112],[4.0777,50.8713],[4.07779,50.87095],[4.07948,50.87105],[4.08022,50.8713],[4.08076,50.87166],[4.08113,50.87245],[4.0818,50.87306],[4.08339,50.87407],[4.08411,50.87529],[4.08506,50.8766],[4.08516,50.87733],[4.08477,50.8774],[4.08326,50.87688],[4.08277,50.87704],[4.08282,50.87755],[4.08223,50.87813],[4.08256,50.87846],[4.08366,50.87873],[4.08349,50.87914],[4.08443,50.87949],[4.08416,50.87979],[4.08473,50.88053],[4.08555,50.88083],[4.08497,50.8812],[4.08459,50.88115],[4.08468,50.88148],[4.08585,50.88139],[4.08615,50.88179],[4.08579,50.88217],[4.08622,50.88242],[4.08663,50.88238],[4.08795,50.88401],[4.08778,50.88417],[4.08672,50.8843],[4.08663,50.88448],[4.08736,50.88506],[4.08618,50.88556],[4.08675,50.88623],[4.08735,50.88736],[4.08882,50.8882],[4.08928,50.88881],[4.08965,50.8896],[4.08914,50.89017],[4.08841,50.89059],[4.08739,50.89097],[4.08643,50.89103],[4.08315,50.89104],[4.08241,50.89119],[4.08071,50.89273],[4.07989,50.89369],[4.07784,50.89679],[4.07701,50.89744],[4.07424,50.8994],[4.07338,50.90008],[4.07326,50.90104],[4.07308,50.90132],[4.07049,50.90348],[4.06911,50.9044],[4.06779,50.90522],[4.06704,50.90579],[4.06523,50.90876],[4.06495,50.90942],[4.06518,50.91005],[4.06281,50.91078],[4.06118,50.91117],[4.06082,50.91092],[4.06014,50.91107],[4.05934,50.91085],[4.05798,50.91023],[4.05726,50.91034],[4.05615,50.9102],[4.05602,50.91005],[4.05453,50.90934],[4.0544,50.90906],[4.05332,50.90855],[4.05311,50.90773],[4.05263,50.90733],[4.05221,50.90735],[4.05101,50.90625],[4.05006,50.90611],[4.0498,50.90596],[4.04773,50.90558],[4.0469,50.90495],[4.0463,50.90509],[4.0459,50.90548],[4.04506,50.90593],[4.04398,50.90637],[4.04345,50.90605],[4.04283,50.90538],[4.04198,50.90485],[4.04148,50.90467],[4.04134,50.9041],[4.03968,50.90347],[4.03928,50.90304],[4.03929,50.90269],[4.03878,50.9025],[4.03822,50.90067],[4.03769,50.90013],[4.0373,50.90005],[4.03647,50.89915],[4.03571,50.8988],[4.03456,50.89807],[4.03367,50.89772],[4.03237,50.89742],[4.03173,50.89635],[4.03254,50.89533],[4.03364,50.89423],[4.03464,50.89504],[4.03754,50.89328],[4.03835,50.89297],[4.03993,50.89256],[4.03971,50.89166],[4.03944,50.89144],[4.03968,50.89101],[4.03926,50.89066],[4.03874,50.88973],[4.03815,50.88911],[4.03583,50.88792],[4.03542,50.88808],[4.03432,50.88764],[4.03502,50.88625],[4.03541,50.88605],[4.03547,50.88543],[4.03605,50.8844],[4.03676,50.88378],[4.03614,50.88135],[4.03692,50.88116],[4.0364,50.88017],[4.03584,50.87965],[4.03417,50.8788],[4.03242,50.87814],[4.02981,50.87741],[4.02921,50.87709],[4.02996,50.87589],[4.0313,50.876],[4.03254,50.87421],[4.03299,50.87303],[4.03333,50.8718],[4.03269,50.87178],[4.03133,50.87194],[4.02866,50.87144],[4.02918,50.86948],[4.03035,50.86963],[4.03223,50.86999],[4.03442,50.87009],[4.03444,50.86978],[4.0354,50.86985],[4.03569,50.86837],[4.03605,50.86753],[4.03724,50.86677],[4.03882,50.86531],[4.04084,50.86643],[4.04171,50.86696],[4.04263,50.86724],[4.04282,50.86742],[4.04419,50.86799],[4.04648,50.86933],[4.04753,50.86923],[4.04693,50.86873],[4.04683,50.86841],[4.04645,50.86495],[4.047,50.86453],[4.04971,50.86591],[4.0512,50.86671],[4.0528,50.86751],[4.05484,50.86827],[4.05646,50.86881],[4.05776,50.8691],[4.06288,50.87181],[4.06281,50.87115],[4.06236,50.8703],[4.06234,50.86981],[4.06276,50.86944],[4.06276,50.86918],[4.06207,50.86863],[4.06054,50.86856],[4.05958,50.86808],[4.06209,50.8672],[4.06202,50.86713],[4.06413,50.86633],[4.0646,50.86681],[4.06628,50.86564]]]}},{"type":"Feature","id":"41018","bbox":[3.803676,50.727569,4.003831,50.836933],"properties":{"nis":"41018","name":"Geraardsbergen","nameNl":"Geraardsbergen","nameFr":"Grammont","nameDe":"Geraardsbergen","province":"oost-vlaanderen","region":"flanders","areaKm2":79.76},"geometry":{"type":"Polygon","coordinates":[[[3.86556,50.83114],[3.86497,50.82999],[3.86564,50.82991],[3.86565,50.82952],[3.86502,50.82831],[3.86458,50.8284],[3.86387,50.82728],[3.86394,50.82708],[3.86333,50.8259],[3.86336,50.82533],[3.8628,50.82474],[3.86418,50.82447],[3.86377,50.82366],[3.86474,50.82346],[3.86457,50.82292],[3.86504,50.8228],[3.86442,50.82188],[3.8634,50.82053],[3.85948,50.81871],[3.85947,50.81683],[3.8602,50.8167],[3.86085,50.81565],[3.86337,50.81554],[3.86338,50.81488],[3.86464,50.81475],[3.86527,50.81529],[3.8661,50.8157],[3.86694,50.81544],[3.86736,50.81544],[3.86758,50.81478],[3.868,50.81452],[3.8699,50.81451],[3.87255,50.81469],[3.87266,50.81447],[3.87252,50.81376],[3.87187,50.81384],[3.87165,50.81314],[3.87118,50.81234],[3.87319,50.81188],[3.87435,50.81187],[3.87657,50.81204],[3.87665,50.81176],[3.87788,50.812],[3.87798,50.81314],[3.87784,50.81369],[3.88114,50.81405],[3.88181,50.81431],[3.88173,50.81383],[3.8814,50.81319],[3.88102,50.81281],[3.88009,50.81232],[3.8789,50.81022],[3.87912,50.80949],[3.87993,50.80947],[3.88095,50.80978],[3.88172,50.80844],[3.88043,50.80805],[3.88084,50.80627],[3.87909,50.806],[3.87827,50.80564],[3.87746,50.80507],[3.87481,50.80485],[3.8721,50.80519],[3.87244,50.80223],[3.87204,50.8009],[3.87296,50.79986],[3.87225,50.79926],[3.8707,50.79695],[3.87003,50.79609],[3.86979,50.79545],[3.86901,50.79477],[3.86804,50.79416],[3.86668,50.79315],[3.86493,50.79267],[3.86561,50.79171],[3.86522,50.79158],[3.86568,50.79092],[3.86506,50.79068],[3.8656,50.78986],[3.8666,50.78779],[3.86845,50.78792],[3.86911,50.78775],[3.86976,50.78727],[3.86975,50.78701],[3.87024,50.78683],[3.86825,50.78496],[3.8643,50.78372],[3.86125,50.78366],[3.86122,50.78379],[3.85996,50.78388],[3.85781,50.78367],[3.85654,50.7832],[3.85584,50.78274],[3.85782,50.782],[3.85641,50.78138],[3.85584,50.78103],[3.85477,50.78089],[3.85099,50.77853],[3.85039,50.77839],[3.8485,50.77775],[3.84607,50.77571],[3.84588,50.7757],[3.84484,50.77473],[3.84091,50.77601],[3.83604,50.77539],[3.83473,50.77615],[3.83106,50.777],[3.83034,50.77814],[3.82631,50.77775],[3.82587,50.77892],[3.82442,50.77881],[3.82359,50.77957],[3.82194,50.78153],[3.82131,50.78179],[3.82007,50.7827],[3.81907,50.7836],[3.81798,50.78393],[3.81737,50.78446],[3.81433,50.78747],[3.81326,50.78714],[3.81384,50.78588],[3.81427,50.78446],[3.81481,50.7839],[3.81531,50.78357],[3.81701,50.78389],[3.81766,50.78321],[3.81817,50.78332],[3.81862,50.78247],[3.81979,50.78113],[3.8181,50.78037],[3.81693,50.7814],[3.81663,50.78119],[3.81438,50.78021],[3.811,50.78305],[3.81071,50.78325],[3.80967,50.78274],[3.80905,50.78314],[3.80865,50.78283],[3.80802,50.78313],[3.80789,50.78226],[3.80685,50.78117],[3.80564,50.78037],[3.80414,50.77954],[3.80368,50.77905],[3.80441,50.77865],[3.80483,50.77796],[3.8052,50.77775],[3.80509,50.77753],[3.8061,50.77628],[3.80633,50.7758],[3.80877,50.77641],[3.80907,50.77563],[3.80904,50.7753],[3.81029,50.77481],[3.80993,50.77444],[3.81124,50.77433],[3.81179,50.77418],[3.81228,50.77385],[3.81396,50.77233],[3.81431,50.77184],[3.81432,50.77131],[3.81229,50.77131],[3.81239,50.77092],[3.8115,50.77088],[3.81032,50.77054],[3.81107,50.76982],[3.81261,50.76872],[3.81361,50.76913],[3.8143,50.76846],[3.81679,50.76624],[3.81686,50.76568],[3.81591,50.76542],[3.81665,50.76474],[3.81621,50.76452],[3.81828,50.76276],[3.81991,50.76165],[3.81689,50.76092],[3.81612,50.76068],[3.81396,50.75944],[3.81323,50.75908],[3.81083,50.75816],[3.81278,50.7566],[3.81397,50.75523],[3.81462,50.75432],[3.81559,50.75314],[3.81583,50.75263],[3.81597,50.7513],[3.8155,50.75103],[3.81547,50.75071],[3.81614,50.74998],[3.81694,50.74655],[3.81746,50.74583],[3.81861,50.74492],[3.8188,50.74467],[3.81963,50.74484],[3.82115,50.74481],[3.82436,50.74433],[3.82672,50.7436],[3.82801,50.74304],[3.82841,50.74246],[3.82897,50.74223],[3.83019,50.74256],[3.83195,50.74287],[3.83325,50.74303],[3.83495,50.74336],[3.83836,50.74138],[3.84012,50.74231],[3.84143,50.74356],[3.84269,50.74465],[3.8441,50.74567],[3.84487,50.74586],[3.84664,50.74589],[3.84703,50.74583],[3.84834,50.74617],[3.84829,50.74633],[3.84999,50.74753],[3.85136,50.74841],[3.85173,50.74882],[3.8532,50.7484],[3.85432,50.74774],[3.85506,50.74751],[3.85583,50.7475],[3.85539,50.74856],[3.85553,50.74902],[3.85587,50.74934],[3.85662,50.74835],[3.85676,50.74763],[3.85715,50.74737],[3.8577,50.74747],[3.8583,50.74778],[3.85869,50.74831],[3.85815,50.74894],[3.85745,50.75015],[3.85734,50.75087],[3.85743,50.75146],[3.8577,50.75161],[3.85816,50.75145],[3.85865,50.75082],[3.85938,50.7494],[3.8599,50.74936],[3.86032,50.74973],[3.86037,50.75009],[3.86092,50.75076],[3.86144,50.75091],[3.86178,50.75065],[3.86217,50.7498],[3.86633,50.74794],[3.86654,50.74833],[3.86728,50.74918],[3.86845,50.74895],[3.86922,50.74854],[3.87053,50.748],[3.87136,50.74861],[3.87148,50.74858],[3.87293,50.74938],[3.87325,50.74922],[3.87463,50.74944],[3.87677,50.74971],[3.877,50.74988],[3.8798,50.75146],[3.88009,50.75132],[3.88342,50.75038],[3.88559,50.74968],[3.88626,50.7493],[3.88745,50.74847],[3.88796,50.74789],[3.88924,50.74619],[3.88971,50.74565],[3.89019,50.74557],[3.89028,50.7453],[3.8899,50.745],[3.88947,50.74408],[3.89068,50.74374],[3.89157,50.74303],[3.89214,50.7427],[3.89295,50.74251],[3.89422,50.74128],[3.89402,50.74109],[3.89442,50.74041],[3.89507,50.74055],[3.89703,50.73843],[3.89767,50.73851],[3.89908,50.73713],[3.89636,50.73629],[3.89254,50.73506],[3.89387,50.73343],[3.89567,50.73301],[3.89572,50.73304],[3.90354,50.7312],[3.90413,50.73051],[3.90605,50.72906],[3.90897,50.73026],[3.91,50.72916],[3.91091,50.73004],[3.91029,50.7306],[3.91324,50.73295],[3.91344,50.73212],[3.91386,50.73148],[3.91499,50.73013],[3.91654,50.72901],[3.91765,50.72848],[3.91915,50.72768],[3.9198,50.72757],[3.92028,50.72782],[3.92247,50.72967],[3.9249,50.72912],[3.92534,50.72908],[3.92683,50.72963],[3.92916,50.72977],[3.93038,50.72991],[3.93103,50.72978],[3.93293,50.73039],[3.93449,50.73078],[3.93457,50.73026],[3.93657,50.73082],[3.93712,50.73041],[3.9371,50.73011],[3.9375,50.72992],[3.93877,50.72965],[3.93992,50.72971],[3.94058,50.72961],[3.94124,50.72928],[3.94372,50.72906],[3.94389,50.72939],[3.94459,50.72967],[3.94446,50.73023],[3.94554,50.73135],[3.94552,50.73169],[3.94512,50.73194],[3.94553,50.73235],[3.94612,50.73225],[3.94671,50.73192],[3.94739,50.73197],[3.94819,50.73187],[3.94864,50.73151],[3.94912,50.73172],[3.9511,50.73184],[3.95158,50.73216],[3.95166,50.73274],[3.95254,50.73311],[3.9525,50.73366],[3.95262,50.73472],[3.95298,50.73537],[3.95374,50.73636],[3.95423,50.73745],[3.95136,50.73867],[3.95097,50.73864],[3.95013,50.73908],[3.95008,50.73938],[3.94954,50.73976],[3.94844,50.73984],[3.94787,50.73998],[3.94804,50.74053],[3.94764,50.74088],[3.94764,50.74122],[3.94839,50.74152],[3.94852,50.74206],[3.94818,50.74201],[3.94796,50.74249],[3.94813,50.74296],[3.94843,50.74304],[3.94775,50.7433],[3.94784,50.74357],[3.94762,50.74411],[3.94695,50.74417],[3.94664,50.74405],[3.94625,50.74438],[3.9463,50.74478],[3.94583,50.74503],[3.94548,50.74546],[3.94588,50.74592],[3.9464,50.74624],[3.94716,50.7464],[3.94674,50.7476],[3.94625,50.74798],[3.94635,50.74831],[3.94601,50.74903],[3.94529,50.74975],[3.94462,50.74961],[3.94429,50.74935],[3.94346,50.74926],[3.94287,50.74895],[3.94219,50.74895],[3.94197,50.74853],[3.94154,50.74858],[3.94111,50.74831],[3.9408,50.74865],[3.94029,50.74828],[3.9387,50.74778],[3.93748,50.74723],[3.93655,50.74697],[3.93569,50.74658],[3.93513,50.74647],[3.93478,50.74596],[3.93435,50.74592],[3.93406,50.74614],[3.93332,50.74629],[3.93295,50.74678],[3.93251,50.74949],[3.93306,50.75121],[3.93279,50.75204],[3.93234,50.75249],[3.93225,50.75305],[3.93243,50.75368],[3.93307,50.75417],[3.93336,50.75486],[3.93325,50.75533],[3.93239,50.75637],[3.93199,50.75754],[3.93183,50.75751],[3.93153,50.75842],[3.93104,50.75841],[3.9318,50.75972],[3.93295,50.76115],[3.93395,50.76191],[3.93457,50.76268],[3.93532,50.76402],[3.93712,50.76626],[3.93921,50.76839],[3.93935,50.76936],[3.93919,50.76995],[3.93936,50.77031],[3.94026,50.77091],[3.94193,50.77147],[3.9416,50.77265],[3.9435,50.77353],[3.94475,50.77387],[3.94423,50.77427],[3.94483,50.7746],[3.94498,50.77404],[3.94565,50.77415],[3.94607,50.77464],[3.94691,50.77511],[3.94791,50.77536],[3.94841,50.7756],[3.94825,50.77629],[3.94992,50.77702],[3.95216,50.77702],[3.95324,50.7777],[3.95453,50.77832],[3.95655,50.77905],[3.95764,50.77929],[3.96011,50.77972],[3.96093,50.7787],[3.96253,50.77727],[3.96291,50.77678],[3.96345,50.77574],[3.96381,50.77582],[3.96465,50.77628],[3.96542,50.77651],[3.96971,50.77641],[3.96971,50.77629],[3.97054,50.77597],[3.97125,50.7759],[3.97208,50.77558],[3.97163,50.77463],[3.9715,50.77357],[3.97182,50.77249],[3.97163,50.77152],[3.9711,50.77066],[3.97094,50.77013],[3.97026,50.76997],[3.96961,50.76874],[3.96853,50.76686],[3.97017,50.76642],[3.97114,50.76658],[3.97147,50.7668],[3.97304,50.767],[3.9735,50.7672],[3.97907,50.76676],[3.98328,50.76638],[3.98421,50.76638],[3.98531,50.76601],[3.98585,50.76616],[3.98597,50.76656],[3.98649,50.7667],[3.98658,50.76725],[3.98703,50.76727],[3.98736,50.76759],[3.98758,50.76742],[3.98876,50.76798],[3.99162,50.7702],[3.99174,50.77116],[3.99258,50.77219],[3.99322,50.77399],[3.99266,50.77438],[3.99366,50.77547],[3.99553,50.77688],[3.996,50.77663],[3.99673,50.77772],[3.99758,50.77837],[4.00114,50.77914],[4.00181,50.77903],[4.00383,50.77987],[4.0022,50.78112],[4.00093,50.78229],[3.99829,50.78439],[3.99643,50.7858],[3.99266,50.78875],[3.99107,50.7903],[3.99077,50.79022],[3.99035,50.79077],[3.9892,50.79159],[3.98901,50.79153],[3.98795,50.79248],[3.98756,50.79236],[3.98651,50.79396],[3.98547,50.79499],[3.98494,50.79508],[3.984,50.79574],[3.9831,50.79617],[3.98273,50.79703],[3.98181,50.79761],[3.98019,50.79843],[3.97969,50.79857],[3.97962,50.7991],[3.97909,50.79975],[3.97835,50.80041],[3.97849,50.8011],[3.97737,50.80157],[3.97502,50.80219],[3.97393,50.8027],[3.9711,50.80431],[3.97037,50.80409],[3.96923,50.8046],[3.96841,50.80517],[3.96919,50.80542],[3.96908,50.80568],[3.96852,50.80588],[3.96841,50.80627],[3.96881,50.80665],[3.9673,50.80835],[3.96601,50.80774],[3.96684,50.80753],[3.9645,50.80695],[3.96435,50.80711],[3.96264,50.80664],[3.96244,50.80716],[3.96197,50.80704],[3.96036,50.80736],[3.95912,50.80832],[3.95701,50.80943],[3.95619,50.81066],[3.95477,50.81023],[3.95484,50.80906],[3.95373,50.80879],[3.9536,50.80982],[3.95362,50.81154],[3.95341,50.8123],[3.95288,50.8129],[3.95232,50.81443],[3.95114,50.81565],[3.95001,50.81649],[3.9509,50.81696],[3.95025,50.81744],[3.94926,50.8169],[3.9488,50.81721],[3.94918,50.81745],[3.94848,50.81794],[3.94807,50.81771],[3.94712,50.81812],[3.94544,50.81711],[3.94564,50.81668],[3.94501,50.81654],[3.94457,50.81623],[3.94496,50.81596],[3.94535,50.81536],[3.94435,50.81517],[3.94453,50.81461],[3.945,50.81392],[3.94561,50.81278],[3.94594,50.81196],[3.94529,50.81221],[3.94456,50.8127],[3.94356,50.81295],[3.94251,50.81266],[3.94238,50.81347],[3.94155,50.81485],[3.94038,50.8164],[3.93968,50.8171],[3.93915,50.8179],[3.93905,50.81853],[3.93803,50.81914],[3.93704,50.81926],[3.93636,50.81895],[3.93617,50.81956],[3.93554,50.81992],[3.93531,50.82029],[3.93466,50.82083],[3.93455,50.82164],[3.9341,50.82237],[3.93119,50.82214],[3.93046,50.82359],[3.92898,50.82333],[3.92864,50.82409],[3.92744,50.82388],[3.9273,50.8252],[3.92713,50.82579],[3.92656,50.82569],[3.925,50.82762],[3.92442,50.82856],[3.92116,50.82808],[3.92167,50.82709],[3.92219,50.82659],[3.923,50.82547],[3.92179,50.82508],[3.91934,50.82467],[3.91698,50.82418],[3.91739,50.82308],[3.91671,50.82295],[3.91516,50.82376],[3.91464,50.82357],[3.91401,50.82415],[3.91369,50.824],[3.91396,50.82374],[3.91237,50.82299],[3.91128,50.82234],[3.91047,50.822],[3.91031,50.82228],[3.90913,50.82163],[3.90895,50.82215],[3.90851,50.82201],[3.90815,50.82241],[3.90733,50.82293],[3.90655,50.82359],[3.90581,50.82314],[3.90521,50.82374],[3.90579,50.82465],[3.90594,50.82524],[3.90589,50.82611],[3.90544,50.82759],[3.90384,50.8292],[3.90325,50.8289],[3.90256,50.82957],[3.9049,50.83022],[3.90362,50.83123],[3.90265,50.83182],[3.90182,50.83248],[3.89953,50.83475],[3.89855,50.8355],[3.89718,50.83633],[3.89564,50.83693],[3.89404,50.83491],[3.89297,50.83395],[3.89227,50.8332],[3.89071,50.83254],[3.89017,50.83278],[3.88839,50.83167],[3.88662,50.83256],[3.88628,50.83235],[3.88563,50.83227],[3.88466,50.83243],[3.88333,50.83223],[3.8825,50.83255],[3.88186,50.83215],[3.88029,50.83222],[3.87703,50.83127],[3.8759,50.83139],[3.87438,50.83135],[3.87329,50.83142],[3.87143,50.83127],[3.86973,50.83065],[3.86922,50.83054],[3.86809,50.83072],[3.86697,50.83104],[3.86664,50.83095],[3.86556,50.83114]]]}},{"type":"Feature","id":"41024","bbox":[3.937102,50.858534,4.04148,50.916351],"properties":{"nis":"41024","name":"Haaltert","nameNl":"Haaltert","nameFr":"Haaltert","nameDe":"Haaltert","province":"oost-vlaanderen","region":"flanders","areaKm2":30.41},"geometry":{"type":"Polygon","coordinates":[[[3.93764,50.87502],[3.9388,50.87457],[3.94044,50.87429],[3.94289,50.87377],[3.94283,50.87312],[3.94443,50.87185],[3.94187,50.87109],[3.94081,50.87085],[3.94088,50.87038],[3.94074,50.86984],[3.94487,50.86549],[3.94371,50.86498],[3.94074,50.86413],[3.94143,50.86288],[3.94256,50.86297],[3.94364,50.86315],[3.94499,50.86325],[3.94785,50.86327],[3.94866,50.86303],[3.95071,50.86273],[3.95137,50.86222],[3.95376,50.86114],[3.95662,50.86037],[3.95726,50.86034],[3.95842,50.86009],[3.95855,50.86097],[3.95836,50.86281],[3.9592,50.86313],[3.95907,50.86469],[3.95928,50.86673],[3.96096,50.8667],[3.96073,50.86734],[3.96372,50.86761],[3.96422,50.8678],[3.96475,50.86775],[3.96517,50.86793],[3.96636,50.86793],[3.9675,50.86803],[3.96875,50.86788],[3.96851,50.86823],[3.96961,50.86822],[3.96967,50.86793],[3.97086,50.86791],[3.97123,50.86775],[3.97291,50.86789],[3.9736,50.86777],[3.97451,50.8673],[3.97524,50.8673],[3.97538,50.8671],[3.97615,50.86681],[3.97743,50.8661],[3.97841,50.8658],[3.9787,50.8656],[3.97922,50.86575],[3.97965,50.86527],[3.9805,50.86467],[3.98113,50.86508],[3.98358,50.86575],[3.98512,50.8658],[3.98717,50.86595],[3.9885,50.86594],[3.98952,50.8658],[3.99114,50.8661],[3.99221,50.86637],[3.99265,50.86637],[3.99263,50.8654],[3.9923,50.86519],[3.99009,50.86474],[3.99135,50.86239],[3.9919,50.86187],[3.99221,50.86102],[3.99625,50.86115],[3.99718,50.86103],[3.99909,50.86109],[4.0023,50.86125],[4.00242,50.86022],[4.00237,50.85944],[4.00324,50.85886],[4.00426,50.85931],[4.00464,50.85975],[4.00636,50.86048],[4.00803,50.86069],[4.00943,50.86114],[4.01034,50.86159],[4.01207,50.86184],[4.01379,50.86178],[4.01401,50.86157],[4.01574,50.86144],[4.0183,50.86066],[4.01908,50.86007],[4.01954,50.8592],[4.02156,50.85881],[4.02162,50.8586],[4.02288,50.85854],[4.0231,50.85862],[4.02513,50.85894],[4.02742,50.85978],[4.02765,50.85993],[4.03083,50.86119],[4.03176,50.86194],[4.03436,50.86318],[4.03583,50.8638],[4.03882,50.86531],[4.03724,50.86677],[4.03605,50.86753],[4.03569,50.86837],[4.0354,50.86985],[4.03444,50.86978],[4.03442,50.87009],[4.03223,50.86999],[4.03035,50.86963],[4.02918,50.86948],[4.02866,50.87144],[4.03133,50.87194],[4.03269,50.87178],[4.03333,50.8718],[4.03299,50.87303],[4.03254,50.87421],[4.0313,50.876],[4.02996,50.87589],[4.02921,50.87709],[4.02981,50.87741],[4.03242,50.87814],[4.03417,50.8788],[4.03584,50.87965],[4.0364,50.88017],[4.03692,50.88116],[4.03614,50.88135],[4.03676,50.88378],[4.03605,50.8844],[4.03547,50.88543],[4.03541,50.88605],[4.03502,50.88625],[4.03432,50.88764],[4.03542,50.88808],[4.03583,50.88792],[4.03815,50.88911],[4.03874,50.88973],[4.03926,50.89066],[4.03968,50.89101],[4.03944,50.89144],[4.03971,50.89166],[4.03993,50.89256],[4.03835,50.89297],[4.03754,50.89328],[4.03464,50.89504],[4.03364,50.89423],[4.03254,50.89533],[4.03173,50.89635],[4.03237,50.89742],[4.03367,50.89772],[4.03456,50.89807],[4.03571,50.8988],[4.03647,50.89915],[4.0373,50.90005],[4.03769,50.90013],[4.03822,50.90067],[4.03878,50.9025],[4.03929,50.90269],[4.03928,50.90304],[4.03968,50.90347],[4.04134,50.9041],[4.04148,50.90467],[4.02425,50.90683],[4.024,50.90666],[4.02308,50.90782],[4.02291,50.90832],[4.02176,50.90797],[4.02045,50.90711],[4.02031,50.90683],[4.01863,50.90793],[4.01907,50.90824],[4.01743,50.9095],[4.01579,50.90823],[4.01331,50.90712],[4.01238,50.90823],[4.01221,50.90818],[4.01163,50.90882],[4.01139,50.90873],[4.01064,50.90971],[4.00973,50.90942],[4.00859,50.91131],[4.00875,50.91162],[4.00842,50.91223],[4.00273,50.91215],[4.0019,50.91201],[4.00117,50.91357],[4.00035,50.91448],[3.99815,50.91416],[3.99664,50.91344],[3.99609,50.91334],[3.99507,50.9128],[3.99486,50.91251],[3.99386,50.91191],[3.99306,50.91176],[3.99263,50.91149],[3.9894,50.91145],[3.9894,50.91192],[3.98916,50.91209],[3.98802,50.91366],[3.98754,50.91341],[3.98665,50.91418],[3.98671,50.91444],[3.98604,50.91635],[3.98478,50.91613],[3.98359,50.91602],[3.98135,50.91566],[3.98037,50.91542],[3.98162,50.91298],[3.98215,50.91237],[3.98176,50.91167],[3.98177,50.91079],[3.98189,50.90984],[3.9798,50.90977],[3.97903,50.90984],[3.9786,50.90925],[3.97973,50.90822],[3.98091,50.90758],[3.9817,50.90691],[3.98217,50.9063],[3.98272,50.90529],[3.98267,50.9044],[3.98251,50.9041],[3.98076,50.90262],[3.98055,50.90226],[3.97939,50.90233],[3.9763,50.90309],[3.97449,50.9036],[3.9729,50.90377],[3.97222,50.9042],[3.97146,50.90448],[3.97079,50.90459],[3.96986,50.90444],[3.96871,50.90398],[3.96695,50.90262],[3.96571,50.90276],[3.96248,50.90235],[3.96274,50.90151],[3.96312,50.90094],[3.96325,50.8999],[3.96308,50.89951],[3.96332,50.89917],[3.96421,50.89845],[3.9641,50.89797],[3.96356,50.89758],[3.96345,50.8969],[3.96302,50.89696],[3.9624,50.89628],[3.96155,50.8962],[3.96077,50.89532],[3.95995,50.89492],[3.95987,50.8945],[3.95926,50.89398],[3.95924,50.89362],[3.95864,50.89347],[3.95797,50.89298],[3.95737,50.89274],[3.95662,50.89214],[3.95667,50.89135],[3.95624,50.89065],[3.95595,50.89068],[3.95563,50.89032],[3.95512,50.89022],[3.95507,50.88996],[3.95415,50.88975],[3.95408,50.88945],[3.95339,50.88939],[3.9531,50.88907],[3.95288,50.8892],[3.95182,50.88909],[3.95012,50.88878],[3.94836,50.88834],[3.94687,50.88759],[3.94541,50.88694],[3.94465,50.8862],[3.94416,50.88604],[3.94336,50.88612],[3.94317,50.88588],[3.94211,50.88564],[3.9415,50.88567],[3.94046,50.88598],[3.93979,50.88591],[3.93941,50.88637],[3.9378,50.88675],[3.93778,50.88591],[3.93763,50.88516],[3.93897,50.88522],[3.93929,50.88453],[3.94052,50.88262],[3.9396,50.88244],[3.93986,50.88173],[3.94,50.88094],[3.93826,50.88046],[3.93867,50.87971],[3.9371,50.87921],[3.93805,50.87816],[3.93796,50.87804],[3.9391,50.87666],[3.93873,50.87604],[3.93767,50.87537],[3.93764,50.87502]]]}},{"type":"Feature","id":"41027","bbox":[3.837713,50.821633,3.949081,50.918147],"properties":{"nis":"41027","name":"Herzele","nameNl":"Herzele","nameFr":"Herzele","nameDe":"Herzele","province":"oost-vlaanderen","region":"flanders","areaKm2":47.73},"geometry":{"type":"Polygon","coordinates":[[[3.92116,50.82808],[3.91806,50.83097],[3.9193,50.83148],[3.91971,50.83216],[3.92017,50.83438],[3.9214,50.83551],[3.9238,50.83694],[3.92414,50.83707],[3.92531,50.83798],[3.92565,50.83838],[3.92613,50.83939],[3.92653,50.83941],[3.92666,50.83911],[3.92737,50.83905],[3.92725,50.83984],[3.92667,50.84074],[3.927,50.84091],[3.92656,50.84117],[3.92688,50.84201],[3.92682,50.84231],[3.92698,50.84387],[3.92689,50.84446],[3.92641,50.84488],[3.92649,50.84597],[3.92599,50.84737],[3.92567,50.84902],[3.92692,50.84888],[3.92861,50.84895],[3.92788,50.85043],[3.9286,50.85055],[3.92966,50.85093],[3.93108,50.8493],[3.9327,50.84944],[3.93367,50.84946],[3.93566,50.84932],[3.93576,50.84963],[3.9371,50.8496],[3.93843,50.84945],[3.94065,50.85025],[3.94189,50.85018],[3.94204,50.85141],[3.9433,50.85176],[3.94472,50.85225],[3.94658,50.85323],[3.94692,50.85381],[3.94512,50.8559],[3.94473,50.85658],[3.94548,50.8572],[3.94661,50.85796],[3.94753,50.85796],[3.94892,50.85869],[3.94908,50.8591],[3.94815,50.85992],[3.94777,50.86043],[3.94733,50.86073],[3.94771,50.86101],[3.94689,50.86176],[3.94753,50.86238],[3.94866,50.86303],[3.94785,50.86327],[3.94499,50.86325],[3.94364,50.86315],[3.94256,50.86297],[3.94143,50.86288],[3.94074,50.86413],[3.94371,50.86498],[3.94487,50.86549],[3.94074,50.86984],[3.94088,50.87038],[3.94081,50.87085],[3.94187,50.87109],[3.94443,50.87185],[3.94283,50.87312],[3.94289,50.87377],[3.94044,50.87429],[3.9388,50.87457],[3.93764,50.87502],[3.93716,50.8749],[3.93613,50.87499],[3.93598,50.87512],[3.93478,50.87545],[3.93351,50.87412],[3.93206,50.87428],[3.93135,50.87494],[3.92921,50.87561],[3.9266,50.87651],[3.9262,50.87721],[3.92642,50.87777],[3.92585,50.8784],[3.92392,50.87778],[3.92251,50.87762],[3.92104,50.87759],[3.92125,50.87821],[3.9205,50.87813],[3.91985,50.87863],[3.91768,50.87793],[3.91788,50.87771],[3.91643,50.87721],[3.91568,50.87804],[3.91589,50.87972],[3.91677,50.8798],[3.91683,50.88066],[3.91601,50.8815],[3.91739,50.88188],[3.91786,50.88209],[3.91852,50.88212],[3.91952,50.88243],[3.92147,50.88322],[3.92326,50.88319],[3.92345,50.88281],[3.92434,50.88301],[3.92347,50.88419],[3.92452,50.88466],[3.92497,50.885],[3.92514,50.88549],[3.92497,50.88596],[3.92249,50.88927],[3.92174,50.89111],[3.92266,50.89152],[3.92454,50.89192],[3.92423,50.89314],[3.92432,50.89377],[3.92372,50.89463],[3.92381,50.89671],[3.92449,50.8969],[3.92519,50.89831],[3.9261,50.89898],[3.92566,50.89929],[3.9237,50.89911],[3.92052,50.89904],[3.92,50.89923],[3.91858,50.89997],[3.91793,50.90018],[3.91725,50.90077],[3.91681,50.90141],[3.91642,50.90134],[3.91169,50.9051],[3.911,50.90577],[3.91022,50.90571],[3.91011,50.90674],[3.9103,50.90722],[3.91005,50.90805],[3.9102,50.90841],[3.90912,50.90909],[3.90845,50.91048],[3.90821,50.91132],[3.90772,50.91219],[3.90634,50.91342],[3.90523,50.91485],[3.89994,50.91344],[3.89944,50.91342],[3.89797,50.9162],[3.89665,50.91591],[3.89502,50.91663],[3.89353,50.91751],[3.89273,50.91815],[3.88908,50.91722],[3.8887,50.917],[3.88844,50.9172],[3.88673,50.91715],[3.88365,50.91605],[3.88461,50.91447],[3.88246,50.91411],[3.88017,50.91514],[3.8787,50.91624],[3.87508,50.91292],[3.86846,50.91057],[3.8674,50.90977],[3.86484,50.9085],[3.86787,50.9065],[3.86928,50.90546],[3.86782,50.90518],[3.86525,50.90441],[3.86436,50.9043],[3.86373,50.90462],[3.86235,50.90412],[3.86155,50.90495],[3.86111,50.90511],[3.85943,50.9055],[3.85855,50.90459],[3.85583,50.90326],[3.85468,50.90419],[3.85423,50.90394],[3.85344,50.90448],[3.85246,50.90386],[3.8507,50.90539],[3.85012,50.90504],[3.84996,50.90435],[3.84954,50.90414],[3.84916,50.90494],[3.84726,50.90425],[3.84855,50.90286],[3.84793,50.90253],[3.84566,50.90136],[3.84619,50.90079],[3.8456,50.90007],[3.84493,50.89966],[3.84504,50.8994],[3.84415,50.89931],[3.84208,50.8989],[3.84282,50.89799],[3.84175,50.89763],[3.84342,50.89597],[3.84371,50.89539],[3.84294,50.89518],[3.84141,50.8951],[3.84129,50.89523],[3.84038,50.89521],[3.84054,50.89497],[3.83899,50.89457],[3.83864,50.89484],[3.83771,50.89469],[3.83836,50.89342],[3.8381,50.89337],[3.8391,50.89058],[3.83961,50.88857],[3.84176,50.88862],[3.84372,50.88685],[3.84416,50.88704],[3.84479,50.88644],[3.84517,50.88643],[3.84658,50.88747],[3.84701,50.88697],[3.84773,50.88673],[3.84854,50.88596],[3.85007,50.88649],[3.85065,50.88616],[3.84985,50.8858],[3.85076,50.88507],[3.85081,50.8846],[3.85104,50.88452],[3.85594,50.88323],[3.8581,50.88262],[3.85902,50.88248],[3.86002,50.88206],[3.85936,50.88148],[3.85916,50.88113],[3.8604,50.88074],[3.86034,50.88042],[3.86067,50.88013],[3.86147,50.88011],[3.86055,50.8787],[3.86014,50.87767],[3.8596,50.87741],[3.85954,50.87686],[3.85996,50.87605],[3.86157,50.87606],[3.86261,50.87576],[3.86285,50.87599],[3.86356,50.87587],[3.86416,50.87514],[3.86705,50.8726],[3.86728,50.87226],[3.86662,50.87245],[3.86311,50.87175],[3.86275,50.87174],[3.86007,50.87208],[3.85971,50.87133],[3.8585,50.8713],[3.857,50.87097],[3.85693,50.87042],[3.85657,50.87013],[3.85729,50.86986],[3.85754,50.8696],[3.85722,50.86875],[3.85803,50.86855],[3.85802,50.86834],[3.85706,50.86789],[3.85592,50.86757],[3.8558,50.86664],[3.85508,50.86601],[3.85473,50.86609],[3.85392,50.86559],[3.85545,50.86435],[3.85597,50.86403],[3.85726,50.86391],[3.85814,50.86417],[3.85907,50.86466],[3.86096,50.86392],[3.86235,50.86359],[3.86352,50.86319],[3.86306,50.86253],[3.86221,50.86183],[3.86112,50.86161],[3.86076,50.86142],[3.85892,50.86099],[3.8588,50.86085],[3.85784,50.8606],[3.85717,50.86018],[3.85656,50.85998],[3.85643,50.85974],[3.85494,50.8588],[3.85478,50.85815],[3.85406,50.8574],[3.85352,50.85667],[3.85301,50.85476],[3.85255,50.85385],[3.85232,50.85379],[3.85173,50.85308],[3.8518,50.85183],[3.85208,50.85157],[3.85222,50.85073],[3.8519,50.85073],[3.85185,50.85038],[3.85143,50.84973],[3.85266,50.84917],[3.85382,50.8495],[3.85443,50.84863],[3.85543,50.84764],[3.8565,50.84691],[3.85751,50.84723],[3.85807,50.84758],[3.85823,50.84796],[3.8596,50.8472],[3.86046,50.84698],[3.86167,50.84649],[3.86352,50.84636],[3.86394,50.84614],[3.86456,50.8453],[3.86529,50.84453],[3.8636,50.84392],[3.86291,50.84382],[3.86242,50.84344],[3.86039,50.84351],[3.86002,50.84363],[3.85888,50.84282],[3.85492,50.84126],[3.85427,50.84113],[3.85364,50.8408],[3.85331,50.84046],[3.85324,50.8395],[3.85291,50.83915],[3.84946,50.83775],[3.85022,50.8376],[3.85092,50.83672],[3.85165,50.83598],[3.85313,50.83509],[3.85409,50.83493],[3.85514,50.83456],[3.85607,50.83441],[3.85688,50.83448],[3.85782,50.83427],[3.85884,50.83313],[3.86063,50.83255],[3.86181,50.83209],[3.86308,50.83144],[3.86556,50.83114],[3.86664,50.83095],[3.86697,50.83104],[3.86809,50.83072],[3.86922,50.83054],[3.86973,50.83065],[3.87143,50.83127],[3.87329,50.83142],[3.87438,50.83135],[3.8759,50.83139],[3.87703,50.83127],[3.88029,50.83222],[3.88186,50.83215],[3.8825,50.83255],[3.88333,50.83223],[3.88466,50.83243],[3.88563,50.83227],[3.88628,50.83235],[3.88662,50.83256],[3.88839,50.83167],[3.89017,50.83278],[3.89071,50.83254],[3.89227,50.8332],[3.89297,50.83395],[3.89404,50.83491],[3.89564,50.83693],[3.89718,50.83633],[3.89855,50.8355],[3.89953,50.83475],[3.90182,50.83248],[3.90265,50.83182],[3.90362,50.83123],[3.9049,50.83022],[3.90256,50.82957],[3.90325,50.8289],[3.90384,50.8292],[3.90544,50.82759],[3.90589,50.82611],[3.90594,50.82524],[3.90579,50.82465],[3.90521,50.82374],[3.90581,50.82314],[3.90655,50.82359],[3.90733,50.82293],[3.90815,50.82241],[3.90851,50.82201],[3.90895,50.82215],[3.90913,50.82163],[3.91031,50.82228],[3.91047,50.822],[3.91128,50.82234],[3.91237,50.82299],[3.91396,50.82374],[3.91369,50.824],[3.91401,50.82415],[3.91464,50.82357],[3.91516,50.82376],[3.91671,50.82295],[3.91739,50.82308],[3.91698,50.82418],[3.91934,50.82467],[3.92179,50.82508],[3.923,50.82547],[3.92219,50.82659],[3.92167,50.82709],[3.92116,50.82808]]]}},{"type":"Feature","id":"41034","bbox":[3.867538,50.94755,4.024039,50.98717],"properties":{"nis":"41034","name":"Lede","nameNl":"Lede","nameFr":"Lede","nameDe":"Lede","province":"oost-vlaanderen","region":"flanders","areaKm2":29.76},"geometry":{"type":"Polygon","coordinates":[[[3.9125,50.98354],[3.91183,50.98299],[3.91198,50.98185],[3.9111,50.98151],[3.91122,50.9809],[3.91076,50.97965],[3.9108,50.9794],[3.90955,50.97914],[3.90914,50.97931],[3.90848,50.97899],[3.90799,50.97938],[3.90776,50.97998],[3.90741,50.98036],[3.90693,50.98043],[3.90667,50.98072],[3.90485,50.9803],[3.9038,50.98014],[3.90224,50.98063],[3.90093,50.97933],[3.89799,50.97764],[3.89551,50.97823],[3.89405,50.97689],[3.89444,50.97646],[3.89396,50.97585],[3.89356,50.97567],[3.89328,50.97504],[3.89216,50.97376],[3.89213,50.97338],[3.89054,50.97328],[3.88997,50.97335],[3.88994,50.97288],[3.88954,50.97288],[3.88612,50.97182],[3.88477,50.97148],[3.88463,50.97132],[3.88358,50.97112],[3.88319,50.97079],[3.8825,50.97072],[3.88073,50.97107],[3.87931,50.97108],[3.87855,50.97049],[3.87866,50.97015],[3.8779,50.96935],[3.8791,50.9691],[3.87868,50.96844],[3.87891,50.96806],[3.87781,50.96738],[3.8773,50.96717],[3.87687,50.96667],[3.87614,50.96607],[3.87493,50.96493],[3.87291,50.96434],[3.87129,50.96415],[3.87075,50.96436],[3.86861,50.96396],[3.86876,50.96328],[3.86916,50.96333],[3.86977,50.96244],[3.87065,50.96183],[3.8704,50.96157],[3.87046,50.96102],[3.86993,50.96067],[3.87024,50.96021],[3.87013,50.95999],[3.87048,50.95947],[3.87012,50.95889],[3.86898,50.95799],[3.86885,50.95742],[3.86919,50.95731],[3.86899,50.95697],[3.86846,50.9567],[3.86851,50.95653],[3.86754,50.95604],[3.86802,50.95574],[3.86809,50.95518],[3.86843,50.95502],[3.86802,50.95426],[3.86891,50.95426],[3.86919,50.95382],[3.86996,50.95392],[3.87124,50.95316],[3.87095,50.95285],[3.87133,50.95224],[3.87172,50.95193],[3.87149,50.95175],[3.87194,50.95142],[3.87342,50.95108],[3.8747,50.95064],[3.87522,50.95123],[3.87784,50.95354],[3.87941,50.95394],[3.8799,50.95419],[3.88091,50.95343],[3.88233,50.95261],[3.88416,50.95101],[3.88565,50.95],[3.88626,50.94925],[3.88777,50.94987],[3.88926,50.95041],[3.89035,50.94987],[3.89006,50.94963],[3.89097,50.94909],[3.89112,50.94921],[3.89228,50.9486],[3.89255,50.94877],[3.89303,50.94839],[3.8929,50.94822],[3.89378,50.94755],[3.89563,50.94839],[3.89726,50.94771],[3.89975,50.94878],[3.90141,50.94995],[3.90391,50.94854],[3.90458,50.94796],[3.9057,50.94866],[3.90556,50.94885],[3.90684,50.94929],[3.90748,50.94929],[3.9084,50.94976],[3.9097,50.94994],[3.9108,50.95026],[3.91144,50.95054],[3.91312,50.9509],[3.91538,50.95169],[3.91668,50.9519],[3.91755,50.95236],[3.91852,50.95269],[3.91929,50.95336],[3.92611,50.95209],[3.93778,50.94986],[3.94009,50.95047],[3.94078,50.95083],[3.94183,50.95121],[3.94209,50.95141],[3.94409,50.95209],[3.94462,50.95219],[3.94563,50.95164],[3.94647,50.95189],[3.94685,50.95187],[3.94818,50.95234],[3.94856,50.95264],[3.94958,50.9529],[3.95011,50.95246],[3.95038,50.95262],[3.95064,50.95233],[3.95173,50.95181],[3.95228,50.9513],[3.95282,50.95127],[3.95292,50.95069],[3.95243,50.9503],[3.95272,50.95018],[3.95303,50.94951],[3.95332,50.94953],[3.95344,50.9492],[3.95388,50.94929],[3.95368,50.95028],[3.95381,50.95085],[3.9538,50.95167],[3.95295,50.95187],[3.95333,50.95243],[3.95315,50.95248],[3.95405,50.953],[3.95379,50.95353],[3.95488,50.95463],[3.95769,50.9538],[3.95796,50.95397],[3.95815,50.95366],[3.9592,50.95333],[3.96015,50.95338],[3.9605,50.95365],[3.9619,50.95405],[3.96318,50.95428],[3.9647,50.95433],[3.96519,50.95427],[3.96617,50.95384],[3.96626,50.95355],[3.96726,50.95396],[3.96778,50.95395],[3.96838,50.95352],[3.96863,50.95365],[3.96975,50.95311],[3.97078,50.95386],[3.97139,50.95355],[3.97203,50.95393],[3.97224,50.95379],[3.97294,50.95256],[3.97502,50.95315],[3.98,50.95473],[3.98016,50.9546],[3.98315,50.9556],[3.98386,50.95576],[3.98395,50.95549],[3.98506,50.9546],[3.98669,50.95301],[3.98843,50.95352],[3.9886,50.95337],[3.98981,50.95403],[3.98996,50.95392],[3.99091,50.95455],[3.9929,50.95355],[3.99387,50.95386],[3.99397,50.95368],[3.99601,50.95428],[3.99653,50.95422],[3.99704,50.95382],[3.99819,50.954],[3.99954,50.95453],[4.00082,50.95528],[4.00152,50.95579],[4.0029,50.95528],[4.00343,50.95529],[4.00648,50.95598],[4.00761,50.95617],[4.00812,50.95553],[4.00844,50.95535],[4.00941,50.95582],[4.01075,50.95616],[4.01279,50.95626],[4.00998,50.95778],[4.01047,50.95792],[4.01303,50.95912],[4.01359,50.95976],[4.01472,50.96054],[4.01506,50.96113],[4.01416,50.96145],[4.0125,50.96244],[4.0118,50.96294],[4.01203,50.96338],[4.01176,50.96381],[4.0104,50.96376],[4.00996,50.96444],[4.00939,50.96499],[4.01071,50.96554],[4.01046,50.9663],[4.01095,50.96691],[4.0115,50.9672],[4.01351,50.96774],[4.01395,50.96877],[4.01498,50.96929],[4.01458,50.96962],[4.01513,50.96991],[4.01373,50.97171],[4.0141,50.97182],[4.01384,50.97244],[4.01312,50.97244],[4.013,50.97361],[4.01294,50.97498],[4.01435,50.97503],[4.01487,50.97536],[4.01494,50.97592],[4.01459,50.97645],[4.01479,50.97667],[4.01471,50.97728],[4.01549,50.97718],[4.01553,50.9777],[4.01656,50.97847],[4.01669,50.97841],[4.01769,50.97942],[4.01833,50.97979],[4.01895,50.97987],[4.0193,50.97973],[4.02037,50.97877],[4.02265,50.9778],[4.02351,50.97801],[4.02387,50.97867],[4.02404,50.9796],[4.02233,50.98023],[4.02055,50.98102],[4.02062,50.98156],[4.01975,50.98218],[4.01858,50.98246],[4.01658,50.98271],[4.01588,50.98271],[4.01489,50.98326],[4.01375,50.98449],[4.014,50.98482],[4.0142,50.98569],[4.01531,50.98687],[4.01537,50.98717],[4.01349,50.98696],[4.00976,50.98624],[4.00798,50.98574],[4.00634,50.98512],[4.00559,50.98483],[4.00354,50.98423],[4.00084,50.98393],[4.00075,50.98371],[3.99886,50.98287],[3.99742,50.98266],[3.99496,50.98193],[3.99365,50.98138],[3.99266,50.98113],[3.99126,50.98112],[3.99096,50.98179],[3.99042,50.98168],[3.98908,50.98121],[3.98713,50.98044],[3.98494,50.98027],[3.98398,50.98051],[3.98355,50.98046],[3.98235,50.9808],[3.98052,50.9812],[3.97649,50.98153],[3.97454,50.98149],[3.97266,50.98214],[3.9708,50.98251],[3.96916,50.98272],[3.9688,50.98213],[3.96723,50.98228],[3.96563,50.98219],[3.96261,50.98231],[3.96254,50.98193],[3.96047,50.98196],[3.95763,50.98116],[3.95828,50.98368],[3.95523,50.9841],[3.95369,50.98399],[3.95356,50.98339],[3.95397,50.98287],[3.9539,50.98259],[3.95059,50.98263],[3.95075,50.98159],[3.95114,50.98115],[3.95149,50.98024],[3.9517,50.97891],[3.95165,50.97858],[3.95017,50.97708],[3.95052,50.97675],[3.95072,50.9759],[3.95119,50.97504],[3.95301,50.9746],[3.95142,50.97361],[3.95045,50.97239],[3.94961,50.97225],[3.94857,50.97156],[3.94841,50.97133],[3.9477,50.97131],[3.94697,50.9717],[3.94817,50.97313],[3.94745,50.97381],[3.9457,50.97498],[3.94479,50.97581],[3.94325,50.9769],[3.94091,50.97771],[3.94047,50.97767],[3.93946,50.97727],[3.93866,50.97719],[3.93751,50.97686],[3.93602,50.97661],[3.93569,50.97617],[3.93469,50.97683],[3.93358,50.97723],[3.93203,50.97727],[3.93001,50.97752],[3.92951,50.9784],[3.92872,50.97915],[3.928,50.97939],[3.92679,50.97925],[3.92607,50.97907],[3.92471,50.979],[3.92433,50.97879],[3.92341,50.97855],[3.92151,50.97911],[3.92077,50.97909],[3.91984,50.97927],[3.91851,50.9797],[3.91823,50.97988],[3.91669,50.98153],[3.91688,50.9817],[3.91588,50.98193],[3.91535,50.98219],[3.91496,50.98257],[3.9145,50.98258],[3.91312,50.98342],[3.9125,50.98354]]]}},{"type":"Feature","id":"41048","bbox":[3.91806,50.771169,4.075477,50.871812],"properties":{"nis":"41048","name":"Ninove","nameNl":"Ninove","nameFr":"Ninove","nameDe":"Ninove","province":"oost-vlaanderen","region":"flanders","areaKm2":72.92},"geometry":{"type":"Polygon","coordinates":[[[4.07466,50.81351],[4.07444,50.81514],[4.07467,50.81592],[4.07467,50.81885],[4.07546,50.8193],[4.07474,50.81978],[4.07439,50.82034],[4.07396,50.82046],[4.07381,50.82076],[4.07299,50.82123],[4.07262,50.82165],[4.0723,50.8223],[4.07199,50.82248],[4.07134,50.82364],[4.07025,50.82409],[4.06889,50.82527],[4.06877,50.82654],[4.06994,50.82822],[4.07013,50.82899],[4.06994,50.82937],[4.07001,50.83011],[4.0698,50.83068],[4.06971,50.83196],[4.06891,50.83272],[4.06905,50.83307],[4.06951,50.83346],[4.06863,50.83401],[4.06836,50.8343],[4.06762,50.83433],[4.06684,50.83471],[4.06689,50.8349],[4.06586,50.83475],[4.065,50.83451],[4.06417,50.83453],[4.06226,50.83389],[4.06171,50.83391],[4.0614,50.83372],[4.06038,50.83391],[4.05911,50.83402],[4.05844,50.8339],[4.05772,50.83465],[4.05742,50.83521],[4.05655,50.83487],[4.05497,50.8347],[4.05406,50.83405],[4.05113,50.83282],[4.05019,50.83265],[4.04915,50.83268],[4.04831,50.83252],[4.04752,50.83314],[4.04717,50.83357],[4.0465,50.83374],[4.04718,50.83402],[4.04647,50.83432],[4.04663,50.83465],[4.04608,50.8345],[4.04614,50.83529],[4.04523,50.8353],[4.04526,50.83584],[4.04474,50.83574],[4.0448,50.83595],[4.04412,50.83598],[4.0446,50.83636],[4.04414,50.83682],[4.04307,50.83696],[4.04158,50.83691],[4.0411,50.83723],[4.04119,50.83749],[4.04067,50.83774],[4.04225,50.83848],[4.04311,50.83924],[4.04382,50.83974],[4.04535,50.83993],[4.04636,50.84029],[4.04777,50.84109],[4.04934,50.84102],[4.05141,50.84175],[4.05192,50.84225],[4.05206,50.84326],[4.05396,50.84629],[4.05425,50.84652],[4.0584,50.8482],[4.05883,50.84862],[4.05994,50.85036],[4.05998,50.85067],[4.05946,50.85112],[4.05841,50.85159],[4.05802,50.85203],[4.05762,50.85317],[4.05782,50.85388],[4.05898,50.8548],[4.06111,50.85657],[4.06431,50.85904],[4.06471,50.85968],[4.06437,50.86181],[4.06412,50.86369],[4.06448,50.86437],[4.06628,50.86564],[4.0646,50.86681],[4.06413,50.86633],[4.06202,50.86713],[4.06209,50.8672],[4.05958,50.86808],[4.06054,50.86856],[4.06207,50.86863],[4.06276,50.86918],[4.06276,50.86944],[4.06234,50.86981],[4.06236,50.8703],[4.06281,50.87115],[4.06288,50.87181],[4.05776,50.8691],[4.05646,50.86881],[4.05484,50.86827],[4.0528,50.86751],[4.0512,50.86671],[4.04971,50.86591],[4.047,50.86453],[4.04645,50.86495],[4.04683,50.86841],[4.04693,50.86873],[4.04753,50.86923],[4.04648,50.86933],[4.04419,50.86799],[4.04282,50.86742],[4.04263,50.86724],[4.04171,50.86696],[4.04084,50.86643],[4.03882,50.86531],[4.03583,50.8638],[4.03436,50.86318],[4.03176,50.86194],[4.03083,50.86119],[4.02765,50.85993],[4.02742,50.85978],[4.02513,50.85894],[4.0231,50.85862],[4.02288,50.85854],[4.02162,50.8586],[4.02156,50.85881],[4.01954,50.8592],[4.01908,50.86007],[4.0183,50.86066],[4.01574,50.86144],[4.01401,50.86157],[4.01379,50.86178],[4.01207,50.86184],[4.01034,50.86159],[4.00943,50.86114],[4.00803,50.86069],[4.00636,50.86048],[4.00464,50.85975],[4.00426,50.85931],[4.00324,50.85886],[4.00237,50.85944],[4.00242,50.86022],[4.0023,50.86125],[3.99909,50.86109],[3.99718,50.86103],[3.99625,50.86115],[3.99221,50.86102],[3.9919,50.86187],[3.99135,50.86239],[3.99009,50.86474],[3.9923,50.86519],[3.99263,50.8654],[3.99265,50.86637],[3.99221,50.86637],[3.99114,50.8661],[3.98952,50.8658],[3.9885,50.86594],[3.98717,50.86595],[3.98512,50.8658],[3.98358,50.86575],[3.98113,50.86508],[3.9805,50.86467],[3.97965,50.86527],[3.97922,50.86575],[3.9787,50.8656],[3.97841,50.8658],[3.97743,50.8661],[3.97615,50.86681],[3.97538,50.8671],[3.97524,50.8673],[3.97451,50.8673],[3.9736,50.86777],[3.97291,50.86789],[3.97123,50.86775],[3.97086,50.86791],[3.96967,50.86793],[3.96961,50.86822],[3.96851,50.86823],[3.96875,50.86788],[3.9675,50.86803],[3.96636,50.86793],[3.96517,50.86793],[3.96475,50.86775],[3.96422,50.8678],[3.96372,50.86761],[3.96073,50.86734],[3.96096,50.8667],[3.95928,50.86673],[3.95907,50.86469],[3.9592,50.86313],[3.95836,50.86281],[3.95855,50.86097],[3.95842,50.86009],[3.95726,50.86034],[3.95662,50.86037],[3.95376,50.86114],[3.95137,50.86222],[3.95071,50.86273],[3.94866,50.86303],[3.94753,50.86238],[3.94689,50.86176],[3.94771,50.86101],[3.94733,50.86073],[3.94777,50.86043],[3.94815,50.85992],[3.94908,50.8591],[3.94892,50.85869],[3.94753,50.85796],[3.94661,50.85796],[3.94548,50.8572],[3.94473,50.85658],[3.94512,50.8559],[3.94692,50.85381],[3.94658,50.85323],[3.94472,50.85225],[3.9433,50.85176],[3.94204,50.85141],[3.94189,50.85018],[3.94065,50.85025],[3.93843,50.84945],[3.9371,50.8496],[3.93576,50.84963],[3.93566,50.84932],[3.93367,50.84946],[3.9327,50.84944],[3.93108,50.8493],[3.92966,50.85093],[3.9286,50.85055],[3.92788,50.85043],[3.92861,50.84895],[3.92692,50.84888],[3.92567,50.84902],[3.92599,50.84737],[3.92649,50.84597],[3.92641,50.84488],[3.92689,50.84446],[3.92698,50.84387],[3.92682,50.84231],[3.92688,50.84201],[3.92656,50.84117],[3.927,50.84091],[3.92667,50.84074],[3.92725,50.83984],[3.92737,50.83905],[3.92666,50.83911],[3.92653,50.83941],[3.92613,50.83939],[3.92565,50.83838],[3.92531,50.83798],[3.92414,50.83707],[3.9238,50.83694],[3.9214,50.83551],[3.92017,50.83438],[3.91971,50.83216],[3.9193,50.83148],[3.91806,50.83097],[3.92116,50.82808],[3.92442,50.82856],[3.925,50.82762],[3.92656,50.82569],[3.92713,50.82579],[3.9273,50.8252],[3.92744,50.82388],[3.92864,50.82409],[3.92898,50.82333],[3.93046,50.82359],[3.93119,50.82214],[3.9341,50.82237],[3.93455,50.82164],[3.93466,50.82083],[3.93531,50.82029],[3.93554,50.81992],[3.93617,50.81956],[3.93636,50.81895],[3.93704,50.81926],[3.93803,50.81914],[3.93905,50.81853],[3.93915,50.8179],[3.93968,50.8171],[3.94038,50.8164],[3.94155,50.81485],[3.94238,50.81347],[3.94251,50.81266],[3.94356,50.81295],[3.94456,50.8127],[3.94529,50.81221],[3.94594,50.81196],[3.94561,50.81278],[3.945,50.81392],[3.94453,50.81461],[3.94435,50.81517],[3.94535,50.81536],[3.94496,50.81596],[3.94457,50.81623],[3.94501,50.81654],[3.94564,50.81668],[3.94544,50.81711],[3.94712,50.81812],[3.94807,50.81771],[3.94848,50.81794],[3.94918,50.81745],[3.9488,50.81721],[3.94926,50.8169],[3.95025,50.81744],[3.9509,50.81696],[3.95001,50.81649],[3.95114,50.81565],[3.95232,50.81443],[3.95288,50.8129],[3.95341,50.8123],[3.95362,50.81154],[3.9536,50.80982],[3.95373,50.80879],[3.95484,50.80906],[3.95477,50.81023],[3.95619,50.81066],[3.95701,50.80943],[3.95912,50.80832],[3.96036,50.80736],[3.96197,50.80704],[3.96244,50.80716],[3.96264,50.80664],[3.96435,50.80711],[3.9645,50.80695],[3.96684,50.80753],[3.96601,50.80774],[3.9673,50.80835],[3.96881,50.80665],[3.96841,50.80627],[3.96852,50.80588],[3.96908,50.80568],[3.96919,50.80542],[3.96841,50.80517],[3.96923,50.8046],[3.97037,50.80409],[3.9711,50.80431],[3.97393,50.8027],[3.97502,50.80219],[3.97737,50.80157],[3.97849,50.8011],[3.97835,50.80041],[3.97909,50.79975],[3.97962,50.7991],[3.97969,50.79857],[3.98019,50.79843],[3.98181,50.79761],[3.98273,50.79703],[3.9831,50.79617],[3.984,50.79574],[3.98494,50.79508],[3.98547,50.79499],[3.98651,50.79396],[3.98756,50.79236],[3.98795,50.79248],[3.98901,50.79153],[3.9892,50.79159],[3.99035,50.79077],[3.99077,50.79022],[3.99107,50.7903],[3.99266,50.78875],[3.99643,50.7858],[3.99829,50.78439],[4.00093,50.78229],[4.0022,50.78112],[4.00383,50.77987],[4.00181,50.77903],[4.00298,50.77832],[4.00343,50.77743],[4.00425,50.77648],[4.00669,50.77519],[4.00708,50.7741],[4.00858,50.77351],[4.00971,50.77294],[4.01054,50.77242],[4.01191,50.77222],[4.01364,50.77138],[4.01436,50.77118],[4.015,50.77128],[4.01483,50.77236],[4.01535,50.77293],[4.01638,50.77332],[4.01706,50.77456],[4.01893,50.77668],[4.02064,50.7782],[4.02187,50.77923],[4.02294,50.77999],[4.02477,50.78051],[4.0258,50.78089],[4.02617,50.78171],[4.02694,50.78202],[4.02763,50.78134],[4.02814,50.78056],[4.02854,50.78028],[4.03023,50.77978],[4.03125,50.77966],[4.03183,50.7798],[4.03319,50.77887],[4.03626,50.77744],[4.03678,50.77737],[4.03863,50.77937],[4.03953,50.77979],[4.04052,50.77991],[4.04103,50.77979],[4.04113,50.78046],[4.0408,50.78061],[4.0404,50.78245],[4.04058,50.78271],[4.04134,50.78269],[4.04239,50.78251],[4.04286,50.7828],[4.04429,50.78416],[4.04522,50.7845],[4.04574,50.78484],[4.04625,50.78454],[4.04756,50.78506],[4.04929,50.78614],[4.05011,50.78537],[4.0508,50.78488],[4.05159,50.78455],[4.0531,50.78411],[4.0543,50.78551],[4.0549,50.78638],[4.05647,50.78846],[4.05753,50.78921],[4.05799,50.78939],[4.05998,50.78987],[4.06118,50.79054],[4.06162,50.79095],[4.06054,50.79199],[4.05964,50.79305],[4.06254,50.79474],[4.06301,50.79516],[4.06468,50.79691],[4.06579,50.79817],[4.06782,50.80033],[4.06791,50.80052],[4.06799,50.80229],[4.06819,50.80264],[4.06907,50.80357],[4.06996,50.80513],[4.07025,50.80623],[4.07117,50.80602],[4.07266,50.8091],[4.07285,50.81034],[4.0714,50.81017],[4.07157,50.81068],[4.07148,50.8113],[4.07193,50.81229],[4.07313,50.81314],[4.07466,50.81351]]]}},{"type":"Feature","id":"41063","bbox":[3.823479,50.902532,3.937775,50.95483],"properties":{"nis":"41063","name":"Sint-Lievens-Houtem","nameNl":"Sint-Lievens-Houtem","nameFr":"Hautem-Saint-Liévin","nameDe":"Sint-Lievens-Houtem","province":"oost-vlaanderen","region":"flanders","areaKm2":26.94},"geometry":{"type":"Polygon","coordinates":[[[3.82893,50.91286],[3.82982,50.91191],[3.83317,50.9095],[3.83346,50.90909],[3.83431,50.90831],[3.83469,50.90759],[3.83629,50.90805],[3.8367,50.90825],[3.83794,50.90784],[3.84009,50.90684],[3.84262,50.90609],[3.84365,50.90592],[3.84452,50.90621],[3.84544,50.90515],[3.84793,50.90253],[3.84855,50.90286],[3.84726,50.90425],[3.84916,50.90494],[3.84954,50.90414],[3.84996,50.90435],[3.85012,50.90504],[3.8507,50.90539],[3.85246,50.90386],[3.85344,50.90448],[3.85423,50.90394],[3.85468,50.90419],[3.85583,50.90326],[3.85855,50.90459],[3.85943,50.9055],[3.86111,50.90511],[3.86155,50.90495],[3.86235,50.90412],[3.86373,50.90462],[3.86436,50.9043],[3.86525,50.90441],[3.86782,50.90518],[3.86928,50.90546],[3.86787,50.9065],[3.86484,50.9085],[3.8674,50.90977],[3.86846,50.91057],[3.87508,50.91292],[3.8787,50.91624],[3.88017,50.91514],[3.88246,50.91411],[3.88461,50.91447],[3.88365,50.91605],[3.88673,50.91715],[3.88844,50.9172],[3.8887,50.917],[3.88908,50.91722],[3.89273,50.91815],[3.89335,50.91842],[3.89448,50.91856],[3.89604,50.9191],[3.89845,50.92018],[3.89977,50.92061],[3.90001,50.9204],[3.90115,50.92075],[3.90118,50.91986],[3.90173,50.92005],[3.90185,50.92043],[3.90216,50.92015],[3.90195,50.91889],[3.9021,50.91864],[3.90647,50.91999],[3.90673,50.92037],[3.90906,50.92086],[3.91239,50.92202],[3.91296,50.92229],[3.91534,50.92297],[3.91618,50.92301],[3.91675,50.92286],[3.91824,50.92294],[3.91948,50.92361],[3.91978,50.92342],[3.92137,50.9249],[3.9241,50.92496],[3.92566,50.92534],[3.92758,50.9263],[3.93012,50.92676],[3.93057,50.92678],[3.93012,50.92757],[3.92907,50.92884],[3.927,50.93152],[3.92674,50.93146],[3.92611,50.9323],[3.92496,50.93222],[3.92469,50.93269],[3.92515,50.93283],[3.92336,50.93365],[3.92335,50.93377],[3.92147,50.93552],[3.9201,50.93686],[3.92031,50.93695],[3.91959,50.93775],[3.92007,50.9379],[3.92096,50.93845],[3.92345,50.9393],[3.92614,50.93998],[3.92662,50.93996],[3.9268,50.93952],[3.92739,50.93953],[3.92837,50.93974],[3.9286,50.94033],[3.93021,50.94063],[3.93124,50.94088],[3.93031,50.94186],[3.92947,50.9432],[3.93135,50.94376],[3.93123,50.9439],[3.9315,50.94482],[3.93213,50.94498],[3.93121,50.94664],[3.93162,50.94668],[3.93096,50.94837],[3.93093,50.94891],[3.93172,50.94898],[3.93248,50.94888],[3.93268,50.94872],[3.93336,50.94879],[3.93364,50.94904],[3.93429,50.94925],[3.93574,50.94935],[3.93592,50.94921],[3.9369,50.94935],[3.93778,50.94986],[3.92611,50.95209],[3.91929,50.95336],[3.91852,50.95269],[3.91755,50.95236],[3.91668,50.9519],[3.91538,50.95169],[3.91312,50.9509],[3.91144,50.95054],[3.9108,50.95026],[3.9097,50.94994],[3.9084,50.94976],[3.90748,50.94929],[3.90684,50.94929],[3.90556,50.94885],[3.9057,50.94866],[3.90458,50.94796],[3.90391,50.94854],[3.90141,50.94995],[3.89975,50.94878],[3.89726,50.94771],[3.89563,50.94839],[3.89378,50.94755],[3.8929,50.94822],[3.89303,50.94839],[3.89255,50.94877],[3.89228,50.9486],[3.89112,50.94921],[3.89097,50.94909],[3.89006,50.94963],[3.89035,50.94987],[3.88926,50.95041],[3.88777,50.94987],[3.88626,50.94925],[3.88565,50.95],[3.88416,50.95101],[3.88233,50.95261],[3.88091,50.95343],[3.8799,50.95419],[3.87941,50.95394],[3.87784,50.95354],[3.87522,50.95123],[3.8747,50.95064],[3.87342,50.95108],[3.87194,50.95142],[3.87149,50.95175],[3.87172,50.95193],[3.87133,50.95224],[3.87095,50.95285],[3.87124,50.95316],[3.86996,50.95392],[3.86919,50.95382],[3.86891,50.95426],[3.86802,50.95426],[3.86804,50.9541],[3.86702,50.95357],[3.86695,50.95295],[3.8655,50.95318],[3.86515,50.95286],[3.86473,50.95281],[3.86291,50.95294],[3.86292,50.95197],[3.86121,50.95183],[3.86111,50.95154],[3.86019,50.9515],[3.85907,50.95121],[3.85893,50.95255],[3.85865,50.95311],[3.85886,50.95332],[3.8571,50.95396],[3.85637,50.95287],[3.85592,50.95252],[3.85397,50.95312],[3.85484,50.95408],[3.85252,50.95483],[3.8517,50.95358],[3.85212,50.95288],[3.85194,50.95273],[3.84769,50.9528],[3.84767,50.95245],[3.84725,50.95165],[3.84646,50.95145],[3.84618,50.95086],[3.8457,50.95062],[3.84517,50.95004],[3.84471,50.94983],[3.84511,50.94956],[3.84478,50.94921],[3.84476,50.94864],[3.84556,50.94791],[3.84691,50.94734],[3.84776,50.94723],[3.84951,50.94584],[3.84858,50.94508],[3.84889,50.94461],[3.8492,50.9437],[3.84914,50.94352],[3.85001,50.9421],[3.85045,50.94178],[3.84997,50.94138],[3.85041,50.93959],[3.8473,50.93837],[3.84574,50.93795],[3.8447,50.93735],[3.84383,50.93635],[3.84254,50.9366],[3.84214,50.93682],[3.84109,50.93665],[3.84084,50.93645],[3.84021,50.93635],[3.83953,50.9365],[3.83876,50.93644],[3.83709,50.93602],[3.83589,50.93583],[3.83402,50.93534],[3.83283,50.9351],[3.83136,50.93436],[3.83028,50.93396],[3.82882,50.93287],[3.82796,50.93259],[3.82742,50.9323],[3.82843,50.92896],[3.82897,50.92906],[3.82931,50.92762],[3.82963,50.92704],[3.83106,50.92631],[3.83207,50.92551],[3.83115,50.92492],[3.83082,50.92483],[3.83051,50.92431],[3.82972,50.92363],[3.82818,50.92297],[3.82762,50.92259],[3.82783,50.92232],[3.82689,50.92193],[3.82607,50.92146],[3.8257,50.92046],[3.82563,50.91994],[3.82508,50.91903],[3.8245,50.91838],[3.8239,50.91795],[3.82428,50.9178],[3.82348,50.91673],[3.82432,50.91643],[3.82523,50.91581],[3.82771,50.91441],[3.82826,50.91405],[3.82923,50.913],[3.82893,50.91286]]]}},{"type":"Feature","id":"41081","bbox":[3.746829,50.809933,3.867302,50.91848],"properties":{"nis":"41081","name":"Zottegem","nameNl":"Zottegem","nameFr":"Zottegem","nameDe":"Zottegem","province":"oost-vlaanderen","region":"flanders","areaKm2":57.32},"geometry":{"type":"Polygon","coordinates":[[[3.75568,50.91382],[3.75331,50.91045],[3.75283,50.91019],[3.75209,50.91008],[3.75119,50.9098],[3.74901,50.909],[3.74699,50.90793],[3.74686,50.90758],[3.74751,50.90669],[3.74925,50.90694],[3.75106,50.90465],[3.75087,50.90277],[3.75229,50.90093],[3.75153,50.90093],[3.7503,50.90045],[3.7503,50.9001],[3.74837,50.89917],[3.74924,50.89835],[3.75016,50.89849],[3.75038,50.89795],[3.74968,50.89747],[3.75408,50.89492],[3.75323,50.89396],[3.75685,50.89235],[3.75721,50.8926],[3.75877,50.89164],[3.75995,50.8904],[3.75958,50.89035],[3.75998,50.89001],[3.75959,50.88963],[3.75995,50.8894],[3.7595,50.8891],[3.75964,50.88894],[3.75885,50.88817],[3.7585,50.88797],[3.75851,50.88765],[3.75801,50.88755],[3.75803,50.88663],[3.75779,50.88617],[3.7586,50.88565],[3.75869,50.885],[3.75887,50.88495],[3.75822,50.88443],[3.75839,50.88374],[3.75723,50.88352],[3.75631,50.88325],[3.75679,50.88287],[3.7563,50.88208],[3.75566,50.88192],[3.75427,50.88057],[3.75348,50.87989],[3.75302,50.8797],[3.75314,50.87942],[3.75285,50.87921],[3.75263,50.87825],[3.75313,50.87781],[3.75252,50.87738],[3.75256,50.87667],[3.75221,50.87654],[3.75204,50.87612],[3.75165,50.87579],[3.75006,50.8755],[3.75087,50.87517],[3.75174,50.87497],[3.7536,50.87425],[3.75485,50.87344],[3.7553,50.87305],[3.75586,50.87288],[3.7565,50.87234],[3.75721,50.87155],[3.75797,50.87099],[3.7594,50.87014],[3.76067,50.86988],[3.76175,50.86907],[3.7627,50.86852],[3.76301,50.86775],[3.76331,50.86762],[3.76342,50.86681],[3.76414,50.86634],[3.76394,50.86601],[3.7643,50.86544],[3.7646,50.86466],[3.7651,50.86409],[3.76521,50.86359],[3.76617,50.86259],[3.76605,50.8625],[3.76677,50.86066],[3.76651,50.86069],[3.7666,50.86007],[3.76702,50.8587],[3.76736,50.85818],[3.76711,50.85735],[3.76708,50.85661],[3.76663,50.85484],[3.76628,50.85441],[3.76588,50.85356],[3.76557,50.85352],[3.76439,50.85259],[3.76348,50.85271],[3.76346,50.85156],[3.76303,50.85138],[3.76291,50.85099],[3.7623,50.85057],[3.76269,50.84972],[3.76256,50.84931],[3.76301,50.84898],[3.76255,50.8486],[3.76267,50.8482],[3.76183,50.84772],[3.76199,50.8475],[3.76243,50.84765],[3.76282,50.84729],[3.7624,50.84685],[3.76194,50.84689],[3.76203,50.84618],[3.76243,50.84627],[3.76285,50.84552],[3.7633,50.84524],[3.76395,50.84394],[3.76503,50.84213],[3.76508,50.84159],[3.76538,50.84082],[3.76716,50.84113],[3.76801,50.84104],[3.7682,50.84085],[3.76914,50.84109],[3.7719,50.84214],[3.77301,50.8423],[3.77499,50.84227],[3.77596,50.84164],[3.77707,50.84115],[3.77746,50.84075],[3.77831,50.84024],[3.77683,50.83956],[3.7774,50.83901],[3.77831,50.83853],[3.7789,50.83808],[3.77985,50.83764],[3.78038,50.83727],[3.78072,50.83674],[3.78017,50.8367],[3.77911,50.83618],[3.77893,50.83565],[3.78127,50.83431],[3.78227,50.83367],[3.7826,50.83391],[3.78403,50.83338],[3.78484,50.83331],[3.78466,50.83301],[3.785,50.83123],[3.78524,50.83126],[3.78569,50.83071],[3.78586,50.82983],[3.7856,50.82828],[3.78522,50.82721],[3.78483,50.8267],[3.78503,50.82551],[3.78406,50.82496],[3.78412,50.82473],[3.78487,50.82377],[3.78689,50.82397],[3.78711,50.82287],[3.78746,50.82163],[3.78866,50.82166],[3.78874,50.82126],[3.78925,50.82101],[3.78918,50.82026],[3.78932,50.81979],[3.78903,50.81964],[3.78903,50.81847],[3.78916,50.81689],[3.78788,50.81668],[3.78737,50.8167],[3.78727,50.81538],[3.78768,50.81439],[3.78876,50.81305],[3.78954,50.81239],[3.79065,50.81191],[3.79217,50.81083],[3.79332,50.80993],[3.79504,50.81026],[3.79734,50.8121],[3.79746,50.81206],[3.79806,50.81339],[3.79893,50.81468],[3.80028,50.81512],[3.80089,50.81567],[3.80105,50.81558],[3.80237,50.81644],[3.8032,50.81721],[3.80471,50.81792],[3.80601,50.81867],[3.81138,50.82237],[3.81256,50.82267],[3.81354,50.82369],[3.81577,50.82543],[3.81707,50.82599],[3.81859,50.82566],[3.81976,50.82556],[3.82231,50.82505],[3.82277,50.82506],[3.82461,50.82476],[3.8271,50.82427],[3.82859,50.82466],[3.82888,50.82539],[3.82772,50.82563],[3.82736,50.82698],[3.82744,50.82773],[3.82873,50.82782],[3.82978,50.82731],[3.83069,50.82696],[3.83119,50.82693],[3.83142,50.82653],[3.83272,50.8263],[3.83292,50.82726],[3.8325,50.82786],[3.83163,50.82832],[3.83226,50.82877],[3.83211,50.8289],[3.83264,50.82918],[3.83253,50.82951],[3.83337,50.83009],[3.83404,50.83104],[3.83416,50.83146],[3.83485,50.83255],[3.83514,50.83256],[3.83614,50.83317],[3.83637,50.83347],[3.83837,50.83437],[3.83916,50.83525],[3.83958,50.83516],[3.83982,50.83586],[3.83996,50.83669],[3.84046,50.83738],[3.84029,50.83762],[3.84135,50.83813],[3.84193,50.83823],[3.84314,50.83741],[3.84295,50.83793],[3.84497,50.83802],[3.84602,50.83818],[3.84791,50.83823],[3.84875,50.83803],[3.84946,50.83775],[3.85291,50.83915],[3.85324,50.8395],[3.85331,50.84046],[3.85364,50.8408],[3.85427,50.84113],[3.85492,50.84126],[3.85888,50.84282],[3.86002,50.84363],[3.86039,50.84351],[3.86242,50.84344],[3.86291,50.84382],[3.8636,50.84392],[3.86529,50.84453],[3.86456,50.8453],[3.86394,50.84614],[3.86352,50.84636],[3.86167,50.84649],[3.86046,50.84698],[3.8596,50.8472],[3.85823,50.84796],[3.85807,50.84758],[3.85751,50.84723],[3.8565,50.84691],[3.85543,50.84764],[3.85443,50.84863],[3.85382,50.8495],[3.85266,50.84917],[3.85143,50.84973],[3.85185,50.85038],[3.8519,50.85073],[3.85222,50.85073],[3.85208,50.85157],[3.8518,50.85183],[3.85173,50.85308],[3.85232,50.85379],[3.85255,50.85385],[3.85301,50.85476],[3.85352,50.85667],[3.85406,50.8574],[3.85478,50.85815],[3.85494,50.8588],[3.85643,50.85974],[3.85656,50.85998],[3.85717,50.86018],[3.85784,50.8606],[3.8588,50.86085],[3.85892,50.86099],[3.86076,50.86142],[3.86112,50.86161],[3.86221,50.86183],[3.86306,50.86253],[3.86352,50.86319],[3.86235,50.86359],[3.86096,50.86392],[3.85907,50.86466],[3.85814,50.86417],[3.85726,50.86391],[3.85597,50.86403],[3.85545,50.86435],[3.85392,50.86559],[3.85473,50.86609],[3.85508,50.86601],[3.8558,50.86664],[3.85592,50.86757],[3.85706,50.86789],[3.85802,50.86834],[3.85803,50.86855],[3.85722,50.86875],[3.85754,50.8696],[3.85729,50.86986],[3.85657,50.87013],[3.85693,50.87042],[3.857,50.87097],[3.8585,50.8713],[3.85971,50.87133],[3.86007,50.87208],[3.86275,50.87174],[3.86311,50.87175],[3.86662,50.87245],[3.86728,50.87226],[3.86705,50.8726],[3.86416,50.87514],[3.86356,50.87587],[3.86285,50.87599],[3.86261,50.87576],[3.86157,50.87606],[3.85996,50.87605],[3.85954,50.87686],[3.8596,50.87741],[3.86014,50.87767],[3.86055,50.8787],[3.86147,50.88011],[3.86067,50.88013],[3.86034,50.88042],[3.8604,50.88074],[3.85916,50.88113],[3.85936,50.88148],[3.86002,50.88206],[3.85902,50.88248],[3.8581,50.88262],[3.85594,50.88323],[3.85104,50.88452],[3.85081,50.8846],[3.85076,50.88507],[3.84985,50.8858],[3.85065,50.88616],[3.85007,50.88649],[3.84854,50.88596],[3.84773,50.88673],[3.84701,50.88697],[3.84658,50.88747],[3.84517,50.88643],[3.84479,50.88644],[3.84416,50.88704],[3.84372,50.88685],[3.84176,50.88862],[3.83961,50.88857],[3.8391,50.89058],[3.8381,50.89337],[3.83836,50.89342],[3.83771,50.89469],[3.83864,50.89484],[3.83899,50.89457],[3.84054,50.89497],[3.84038,50.89521],[3.84129,50.89523],[3.84141,50.8951],[3.84294,50.89518],[3.84371,50.89539],[3.84342,50.89597],[3.84175,50.89763],[3.84282,50.89799],[3.84208,50.8989],[3.84415,50.89931],[3.84504,50.8994],[3.84493,50.89966],[3.8456,50.90007],[3.84619,50.90079],[3.84566,50.90136],[3.84793,50.90253],[3.84544,50.90515],[3.84452,50.90621],[3.84365,50.90592],[3.84262,50.90609],[3.84009,50.90684],[3.83794,50.90784],[3.8367,50.90825],[3.83629,50.90805],[3.83469,50.90759],[3.83431,50.90831],[3.83346,50.90909],[3.83317,50.9095],[3.82982,50.91191],[3.82893,50.91286],[3.82704,50.91205],[3.82226,50.91088],[3.82115,50.91009],[3.82039,50.90973],[3.82083,50.90894],[3.81875,50.90782],[3.81967,50.90697],[3.81749,50.90583],[3.81795,50.90549],[3.81675,50.90483],[3.81851,50.9034],[3.81564,50.90196],[3.81624,50.90154],[3.81542,50.90101],[3.81742,50.89941],[3.81676,50.89888],[3.81522,50.89851],[3.8136,50.89804],[3.81238,50.89759],[3.81169,50.89707],[3.81149,50.8966],[3.81005,50.89578],[3.80653,50.89475],[3.80628,50.89525],[3.80496,50.89682],[3.80531,50.89799],[3.8049,50.89812],[3.80404,50.89763],[3.80224,50.89811],[3.80146,50.89778],[3.80067,50.89763],[3.79988,50.89771],[3.79915,50.89879],[3.7963,50.90113],[3.79472,50.90148],[3.7935,50.90128],[3.78941,50.90188],[3.78944,50.90204],[3.78743,50.90215],[3.78466,50.90217],[3.78413,50.90337],[3.7822,50.90642],[3.78151,50.90758],[3.7812,50.9086],[3.78028,50.909],[3.77531,50.91083],[3.77384,50.91232],[3.77286,50.91344],[3.77252,50.91402],[3.77124,50.91572],[3.77068,50.91607],[3.76614,50.91848],[3.76516,50.918],[3.76517,50.91767],[3.76315,50.91682],[3.75568,50.91382]]]}},{"type":"Feature","id":"41082","bbox":[3.892733,50.874124,4.011236,50.95598],"properties":{"nis":"41082","name":"Erpe-Mere","nameNl":"Erpe-Mere","nameFr":"Erpe-Mere","nameDe":"Erpe-Mere","province":"oost-vlaanderen","region":"flanders","areaKm2":34.28},"geometry":{"type":"Polygon","coordinates":[[[3.89273,50.91815],[3.89353,50.91751],[3.89502,50.91663],[3.89665,50.91591],[3.89797,50.9162],[3.89944,50.91342],[3.89994,50.91344],[3.90523,50.91485],[3.90634,50.91342],[3.90772,50.91219],[3.90821,50.91132],[3.90845,50.91048],[3.90912,50.90909],[3.9102,50.90841],[3.91005,50.90805],[3.9103,50.90722],[3.91011,50.90674],[3.91022,50.90571],[3.911,50.90577],[3.91169,50.9051],[3.91642,50.90134],[3.91681,50.90141],[3.91725,50.90077],[3.91793,50.90018],[3.91858,50.89997],[3.92,50.89923],[3.92052,50.89904],[3.9237,50.89911],[3.92566,50.89929],[3.9261,50.89898],[3.92519,50.89831],[3.92449,50.8969],[3.92381,50.89671],[3.92372,50.89463],[3.92432,50.89377],[3.92423,50.89314],[3.92454,50.89192],[3.92266,50.89152],[3.92174,50.89111],[3.92249,50.88927],[3.92497,50.88596],[3.92514,50.88549],[3.92497,50.885],[3.92452,50.88466],[3.92347,50.88419],[3.92434,50.88301],[3.92345,50.88281],[3.92326,50.88319],[3.92147,50.88322],[3.91952,50.88243],[3.91852,50.88212],[3.91786,50.88209],[3.91739,50.88188],[3.91601,50.8815],[3.91683,50.88066],[3.91677,50.8798],[3.91589,50.87972],[3.91568,50.87804],[3.91643,50.87721],[3.91788,50.87771],[3.91768,50.87793],[3.91985,50.87863],[3.9205,50.87813],[3.92125,50.87821],[3.92104,50.87759],[3.92251,50.87762],[3.92392,50.87778],[3.92585,50.8784],[3.92642,50.87777],[3.9262,50.87721],[3.9266,50.87651],[3.92921,50.87561],[3.93135,50.87494],[3.93206,50.87428],[3.93351,50.87412],[3.93478,50.87545],[3.93598,50.87512],[3.93613,50.87499],[3.93716,50.8749],[3.93764,50.87502],[3.93767,50.87537],[3.93873,50.87604],[3.9391,50.87666],[3.93796,50.87804],[3.93805,50.87816],[3.9371,50.87921],[3.93867,50.87971],[3.93826,50.88046],[3.94,50.88094],[3.93986,50.88173],[3.9396,50.88244],[3.94052,50.88262],[3.93929,50.88453],[3.93897,50.88522],[3.93763,50.88516],[3.93778,50.88591],[3.9378,50.88675],[3.93941,50.88637],[3.93979,50.88591],[3.94046,50.88598],[3.9415,50.88567],[3.94211,50.88564],[3.94317,50.88588],[3.94336,50.88612],[3.94416,50.88604],[3.94465,50.8862],[3.94541,50.88694],[3.94687,50.88759],[3.94836,50.88834],[3.95012,50.88878],[3.95182,50.88909],[3.95288,50.8892],[3.9531,50.88907],[3.95339,50.88939],[3.95408,50.88945],[3.95415,50.88975],[3.95507,50.88996],[3.95512,50.89022],[3.95563,50.89032],[3.95595,50.89068],[3.95624,50.89065],[3.95667,50.89135],[3.95662,50.89214],[3.95737,50.89274],[3.95797,50.89298],[3.95864,50.89347],[3.95924,50.89362],[3.95926,50.89398],[3.95987,50.8945],[3.95995,50.89492],[3.96077,50.89532],[3.96155,50.8962],[3.9624,50.89628],[3.96302,50.89696],[3.96345,50.8969],[3.96356,50.89758],[3.9641,50.89797],[3.96421,50.89845],[3.96332,50.89917],[3.96308,50.89951],[3.96325,50.8999],[3.96312,50.90094],[3.96274,50.90151],[3.96248,50.90235],[3.96571,50.90276],[3.96695,50.90262],[3.96871,50.90398],[3.96986,50.90444],[3.97079,50.90459],[3.97146,50.90448],[3.97222,50.9042],[3.9729,50.90377],[3.97449,50.9036],[3.9763,50.90309],[3.97939,50.90233],[3.98055,50.90226],[3.98076,50.90262],[3.98251,50.9041],[3.98267,50.9044],[3.98272,50.90529],[3.98217,50.9063],[3.9817,50.90691],[3.98091,50.90758],[3.97973,50.90822],[3.9786,50.90925],[3.97903,50.90984],[3.9798,50.90977],[3.98189,50.90984],[3.98177,50.91079],[3.98176,50.91167],[3.98215,50.91237],[3.98162,50.91298],[3.98037,50.91542],[3.98135,50.91566],[3.98359,50.91602],[3.98478,50.91613],[3.98604,50.91635],[3.98594,50.91698],[3.9852,50.91781],[3.98351,50.91786],[3.98337,50.91827],[3.98245,50.91942],[3.98299,50.91995],[3.98364,50.92034],[3.98329,50.92066],[3.98411,50.921],[3.98549,50.92173],[3.98539,50.92257],[3.98606,50.9227],[3.98561,50.92345],[3.98516,50.92335],[3.98517,50.92386],[3.98485,50.92457],[3.9849,50.92504],[3.98593,50.92535],[3.98558,50.92584],[3.98655,50.92615],[3.98635,50.92685],[3.98588,50.92768],[3.99157,50.92958],[3.99071,50.9308],[3.98869,50.93244],[3.98703,50.93313],[3.98968,50.93482],[3.99014,50.93455],[3.99119,50.93517],[3.99205,50.93512],[3.99289,50.93608],[3.99311,50.93674],[3.9936,50.93725],[3.99408,50.93751],[3.99512,50.93776],[3.99584,50.93823],[3.99665,50.93745],[3.99884,50.93797],[3.99835,50.9383],[4.00057,50.93935],[3.9993,50.93983],[3.99831,50.93996],[3.99548,50.94124],[3.99679,50.94267],[3.99771,50.94282],[3.99831,50.94352],[3.9992,50.94424],[4.00046,50.94496],[4.00128,50.94515],[4.00326,50.94629],[4.00424,50.94635],[4.00585,50.94749],[4.00611,50.94807],[4.00791,50.94838],[4.00844,50.94813],[4.00916,50.94868],[4.00978,50.94889],[4.01049,50.94879],[4.01124,50.94958],[4.01108,50.95013],[4.00966,50.95149],[4.00837,50.95335],[4.00784,50.95363],[4.00776,50.95415],[4.00648,50.95598],[4.00343,50.95529],[4.0029,50.95528],[4.00152,50.95579],[4.00082,50.95528],[3.99954,50.95453],[3.99819,50.954],[3.99704,50.95382],[3.99653,50.95422],[3.99601,50.95428],[3.99397,50.95368],[3.99387,50.95386],[3.9929,50.95355],[3.99091,50.95455],[3.98996,50.95392],[3.98981,50.95403],[3.9886,50.95337],[3.98843,50.95352],[3.98669,50.95301],[3.98506,50.9546],[3.98395,50.95549],[3.98386,50.95576],[3.98315,50.9556],[3.98016,50.9546],[3.98,50.95473],[3.97502,50.95315],[3.97294,50.95256],[3.97224,50.95379],[3.97203,50.95393],[3.97139,50.95355],[3.97078,50.95386],[3.96975,50.95311],[3.96863,50.95365],[3.96838,50.95352],[3.96778,50.95395],[3.96726,50.95396],[3.96626,50.95355],[3.96617,50.95384],[3.96519,50.95427],[3.9647,50.95433],[3.96318,50.95428],[3.9619,50.95405],[3.9605,50.95365],[3.96015,50.95338],[3.9592,50.95333],[3.95815,50.95366],[3.95796,50.95397],[3.95769,50.9538],[3.95488,50.95463],[3.95379,50.95353],[3.95405,50.953],[3.95315,50.95248],[3.95333,50.95243],[3.95295,50.95187],[3.9538,50.95167],[3.95381,50.95085],[3.95368,50.95028],[3.95388,50.94929],[3.95344,50.9492],[3.95332,50.94953],[3.95303,50.94951],[3.95272,50.95018],[3.95243,50.9503],[3.95292,50.95069],[3.95282,50.95127],[3.95228,50.9513],[3.95173,50.95181],[3.95064,50.95233],[3.95038,50.95262],[3.95011,50.95246],[3.94958,50.9529],[3.94856,50.95264],[3.94818,50.95234],[3.94685,50.95187],[3.94647,50.95189],[3.94563,50.95164],[3.94462,50.95219],[3.94409,50.95209],[3.94209,50.95141],[3.94183,50.95121],[3.94078,50.95083],[3.94009,50.95047],[3.93778,50.94986],[3.9369,50.94935],[3.93592,50.94921],[3.93574,50.94935],[3.93429,50.94925],[3.93364,50.94904],[3.93336,50.94879],[3.93268,50.94872],[3.93248,50.94888],[3.93172,50.94898],[3.93093,50.94891],[3.93096,50.94837],[3.93162,50.94668],[3.93121,50.94664],[3.93213,50.94498],[3.9315,50.94482],[3.93123,50.9439],[3.93135,50.94376],[3.92947,50.9432],[3.93031,50.94186],[3.93124,50.94088],[3.93021,50.94063],[3.9286,50.94033],[3.92837,50.93974],[3.92739,50.93953],[3.9268,50.93952],[3.92662,50.93996],[3.92614,50.93998],[3.92345,50.9393],[3.92096,50.93845],[3.92007,50.9379],[3.91959,50.93775],[3.92031,50.93695],[3.9201,50.93686],[3.92147,50.93552],[3.92335,50.93377],[3.92336,50.93365],[3.92515,50.93283],[3.92469,50.93269],[3.92496,50.93222],[3.92611,50.9323],[3.92674,50.93146],[3.927,50.93152],[3.92907,50.92884],[3.93012,50.92757],[3.93057,50.92678],[3.93012,50.92676],[3.92758,50.9263],[3.92566,50.92534],[3.9241,50.92496],[3.92137,50.9249],[3.91978,50.92342],[3.91948,50.92361],[3.91824,50.92294],[3.91675,50.92286],[3.91618,50.92301],[3.91534,50.92297],[3.91296,50.92229],[3.91239,50.92202],[3.90906,50.92086],[3.90673,50.92037],[3.90647,50.91999],[3.9021,50.91864],[3.90195,50.91889],[3.90216,50.92015],[3.90185,50.92043],[3.90173,50.92005],[3.90118,50.91986],[3.90115,50.92075],[3.90001,50.9204],[3.89977,50.92061],[3.89845,50.92018],[3.89604,50.9191],[3.89448,50.91856],[3.89335,50.91842],[3.89273,50.91815]]]}},{"type":"Feature","id":"42003","bbox":[3.928218,51.004029,4.04205,51.073943],"properties":{"nis":"42003","name":"Berlare","nameNl":"Berlare","nameFr":"Berlare","nameDe":"Berlare","province":"oost-vlaanderen","region":"flanders","areaKm2":38.06},"geometry":{"type":"Polygon","coordinates":[[[3.97182,51.07394],[3.93959,51.072],[3.92822,51.07129],[3.92912,51.07041],[3.92943,51.0697],[3.92979,51.06808],[3.93071,51.05817],[3.93138,51.05614],[3.93169,51.05409],[3.93219,51.0534],[3.9345,51.04661],[3.93498,51.04403],[3.93538,51.04219],[3.93563,51.0385],[3.93568,51.0364],[3.93623,51.03477],[3.93826,51.03451],[3.93809,51.03426],[3.94093,51.03303],[3.94148,51.03338],[3.94283,51.03135],[3.94343,51.02979],[3.94265,51.02868],[3.94103,51.0277],[3.94228,51.027],[3.94137,51.02684],[3.94207,51.02555],[3.94218,51.02513],[3.9416,51.02463],[3.94076,51.02321],[3.93955,51.02281],[3.93851,51.02221],[3.9368,51.02095],[3.93636,51.02075],[3.93611,51.02038],[3.93535,51.01984],[3.93475,51.0189],[3.93462,51.0184],[3.93343,51.01692],[3.93357,51.01655],[3.93304,51.01514],[3.93188,51.01464],[3.93095,51.01332],[3.93364,51.01184],[3.93591,51.01298],[3.93893,51.01058],[3.94133,51.00931],[3.94434,51.00844],[3.94531,51.00823],[3.94685,51.00819],[3.94722,51.00741],[3.9488,51.00764],[3.9493,51.0065],[3.94974,51.0062],[3.95034,51.00669],[3.95096,51.007],[3.95463,51.008],[3.95586,51.00861],[3.95622,51.00898],[3.95672,51.01056],[3.95709,51.01118],[3.95786,51.01182],[3.95935,51.01282],[3.9599,51.01327],[3.96054,51.01401],[3.96082,51.01469],[3.96101,51.01775],[3.96134,51.01923],[3.96168,51.01992],[3.96212,51.02042],[3.96281,51.02092],[3.9638,51.02127],[3.96438,51.02135],[3.96545,51.02134],[3.96633,51.02121],[3.9674,51.02092],[3.96938,51.01995],[3.97018,51.02087],[3.97073,51.02121],[3.97109,51.02166],[3.97243,51.02234],[3.9741,51.02293],[3.97481,51.02308],[3.97615,51.02313],[3.97955,51.02379],[3.97958,51.02356],[3.98072,51.02355],[3.98077,51.02221],[3.981,51.02183],[3.98069,51.02125],[3.97962,51.02075],[3.98049,51.01934],[3.98128,51.01846],[3.98088,51.01823],[3.9799,51.0181],[3.97944,51.01787],[3.98078,51.01715],[3.98034,51.01659],[3.97918,51.0157],[3.97813,51.01415],[3.97768,51.0139],[3.97773,51.01365],[3.97729,51.01355],[3.9773,51.0126],[3.97697,51.01229],[3.97732,51.01192],[3.97718,51.0115],[3.97747,51.01053],[3.97817,51.00937],[3.97854,51.00856],[3.97932,51.00823],[3.98009,51.00777],[3.98036,51.00742],[3.98092,51.00731],[3.98114,51.00699],[3.98173,51.00666],[3.98236,51.00651],[3.9826,51.00685],[3.98381,51.00658],[3.98475,51.00621],[3.98585,51.00596],[3.98644,51.00609],[3.98735,51.00591],[3.98847,51.00584],[3.98884,51.0055],[3.99009,51.00503],[3.99266,51.00459],[3.99456,51.00535],[3.99483,51.00567],[3.99534,51.00546],[3.9963,51.00541],[3.99648,51.00521],[3.99757,51.00522],[3.99781,51.00534],[3.9983,51.00472],[3.9986,51.00463],[3.99899,51.00403],[4.00071,51.0044],[4.00269,51.00471],[4.00831,51.00504],[4.01298,51.00556],[4.01727,51.00648],[4.01977,51.00774],[4.02132,51.00925],[4.02275,51.01052],[4.02641,51.01214],[4.02878,51.0131],[4.0329,51.0153],[4.03536,51.01636],[4.03806,51.0174],[4.03927,51.018],[4.03999,51.01848],[4.04142,51.01971],[4.04205,51.02222],[4.04146,51.02436],[4.04081,51.02603],[4.04041,51.02785],[4.04109,51.02891],[4.0413,51.03042],[4.04083,51.03275],[4.04023,51.0326],[4.03939,51.03211],[4.03852,51.03259],[4.03703,51.03288],[4.03554,51.03357],[4.03592,51.03398],[4.03413,51.03433],[4.03402,51.03464],[4.0342,51.03584],[4.03316,51.03694],[4.03263,51.03713],[4.03224,51.03819],[4.03208,51.03907],[4.03241,51.04013],[4.0318,51.04075],[4.0291,51.04086],[4.02717,51.04069],[4.02655,51.04167],[4.01257,51.0399],[4.01002,51.03926],[4.00824,51.03893],[4.00802,51.03897],[4.00819,51.03975],[4.00871,51.04141],[4.00858,51.04245],[4.00824,51.04339],[4.0086,51.04355],[4.01023,51.04382],[4.01075,51.04437],[4.01136,51.04604],[4.01312,51.04995],[4.01319,51.05067],[4.01214,51.05251],[4.01086,51.05514],[4.01049,51.05557],[4.00969,51.05606],[4.00667,51.05553],[3.99936,51.05384],[4.00003,51.05272],[3.99805,51.05196],[3.99705,51.05254],[3.99694,51.05244],[3.99555,51.05276],[3.9952,51.05303],[3.99345,51.05327],[3.99248,51.05331],[3.99166,51.05347],[3.98981,51.05364],[3.988,51.05361],[3.98717,51.05344],[3.98638,51.05346],[3.98447,51.0532],[3.98295,51.05274],[3.98205,51.0524],[3.9805,51.05148],[3.97999,51.05219],[3.98024,51.05233],[3.97875,51.05469],[3.97847,51.05523],[3.97929,51.05557],[3.98056,51.05626],[3.97937,51.057],[3.97885,51.05757],[3.98013,51.05823],[3.97893,51.05927],[3.98001,51.06001],[3.97774,51.06098],[3.97905,51.06147],[3.9779,51.06268],[3.97702,51.06403],[3.97586,51.06547],[3.97479,51.06616],[3.97388,51.06587],[3.97288,51.06745],[3.97341,51.06801],[3.97263,51.07175],[3.97182,51.07394]]]}},{"type":"Feature","id":"42004","bbox":[4.154077,50.982222,4.241122,51.043322],"properties":{"nis":"42004","name":"Buggenhout","nameNl":"Buggenhout","nameFr":"Buggenhout","nameDe":"Buggenhout","province":"oost-vlaanderen","region":"flanders","areaKm2":25.54},"geometry":{"type":"Polygon","coordinates":[[[4.18998,51.03969],[4.1901,51.03777],[4.18999,51.03684],[4.18953,51.03459],[4.19064,51.03385],[4.19104,51.03347],[4.19225,51.03262],[4.19401,51.03128],[4.19083,51.03069],[4.18096,51.02882],[4.17555,51.02764],[4.1742,51.0272],[4.1732,51.02698],[4.16899,51.02642],[4.1668,51.02594],[4.16451,51.02519],[4.16357,51.02494],[4.15909,51.02385],[4.15676,51.02256],[4.15586,51.0222],[4.15408,51.02165],[4.15434,51.02136],[4.15444,51.02023],[4.15492,51.01861],[4.15499,51.01745],[4.15555,51.0155],[4.15719,51.01325],[4.1579,51.01215],[4.15927,51.01059],[4.15861,51.01043],[4.1585,51.01018],[4.15915,51.00955],[4.16097,51.00802],[4.16439,51.00552],[4.16606,51.00433],[4.16767,51.00298],[4.16874,51.00076],[4.1689,50.99969],[4.16865,50.99904],[4.16865,50.99788],[4.16895,50.99747],[4.16887,50.99645],[4.16859,50.99529],[4.16896,50.99403],[4.16772,50.99307],[4.1654,50.99113],[4.16517,50.99111],[4.16375,50.99045],[4.16293,50.98954],[4.1637,50.98932],[4.16383,50.98897],[4.16405,50.98904],[4.16514,50.98843],[4.1653,50.98799],[4.16582,50.9879],[4.1666,50.988],[4.16739,50.98844],[4.16812,50.98832],[4.16871,50.98859],[4.16939,50.98851],[4.16966,50.98868],[4.17036,50.98871],[4.17057,50.98838],[4.17137,50.98818],[4.17164,50.98791],[4.17268,50.98797],[4.17273,50.98764],[4.17327,50.98753],[4.17403,50.98759],[4.17416,50.98735],[4.17524,50.98736],[4.17513,50.98698],[4.17548,50.98683],[4.17556,50.9862],[4.17592,50.98631],[4.17662,50.98587],[4.17716,50.98582],[4.17816,50.98544],[4.17924,50.98531],[4.17952,50.98505],[4.18017,50.98512],[4.18073,50.98462],[4.18132,50.98466],[4.18196,50.98437],[4.18281,50.98459],[4.18312,50.98421],[4.18413,50.98386],[4.18509,50.98292],[4.18594,50.98242],[4.18701,50.98222],[4.18779,50.98244],[4.1886,50.9829],[4.18938,50.98302],[4.1907,50.98272],[4.19063,50.98323],[4.19177,50.98333],[4.19232,50.98357],[4.19304,50.98335],[4.19344,50.98285],[4.19443,50.98375],[4.19506,50.98354],[4.19535,50.98319],[4.19771,50.98265],[4.19829,50.98295],[4.19964,50.98341],[4.20155,50.9838],[4.20264,50.98415],[4.20341,50.98372],[4.2041,50.98443],[4.20502,50.98613],[4.20626,50.98674],[4.20867,50.9877],[4.21037,50.9881],[4.2145,50.98887],[4.21501,50.98883],[4.21547,50.98962],[4.2179,50.99003],[4.22,50.99104],[4.22224,50.98958],[4.22248,50.99019],[4.22039,50.99194],[4.22247,50.99277],[4.22345,50.99334],[4.22432,50.9937],[4.22519,50.99463],[4.22445,50.99524],[4.22611,50.9961],[4.22634,50.99597],[4.22726,50.99656],[4.22773,50.99763],[4.22904,50.99853],[4.22955,50.99893],[4.23025,50.99987],[4.23219,51.00087],[4.23344,51.00231],[4.23477,51.00305],[4.23493,51.00406],[4.2338,51.00484],[4.23406,51.00524],[4.23473,51.00588],[4.23402,51.00642],[4.23443,51.00665],[4.2341,51.00697],[4.23277,51.0079],[4.23214,51.00812],[4.23071,51.00892],[4.23033,51.00927],[4.22941,51.00928],[4.22948,51.00958],[4.22878,51.01005],[4.22811,51.01078],[4.22715,51.01111],[4.22634,51.01196],[4.22535,51.0121],[4.2246,51.0124],[4.2246,51.01265],[4.22376,51.01296],[4.22375,51.01318],[4.2225,51.01345],[4.22193,51.0139],[4.22118,51.01417],[4.22344,51.01523],[4.22468,51.01575],[4.2276,51.0168],[4.22894,51.01716],[4.23278,51.0175],[4.23469,51.01782],[4.23611,51.01797],[4.23557,51.02012],[4.23804,51.02015],[4.23826,51.0201],[4.23845,51.02183],[4.23871,51.02244],[4.23895,51.02257],[4.23885,51.02306],[4.23942,51.02419],[4.23859,51.02485],[4.23807,51.02647],[4.23827,51.02673],[4.23801,51.02696],[4.2381,51.02844],[4.2381,51.03027],[4.23817,51.03142],[4.2393,51.03356],[4.24048,51.0362],[4.24112,51.03683],[4.24094,51.03748],[4.23939,51.041],[4.23716,51.04139],[4.23502,51.04157],[4.23419,51.04225],[4.23373,51.04238],[4.23302,51.04332],[4.23216,51.04263],[4.23193,51.04202],[4.23,51.04075],[4.22966,51.04043],[4.22891,51.0401],[4.22886,51.03981],[4.22817,51.03957],[4.22714,51.03945],[4.22604,51.039],[4.22541,51.03903],[4.22429,51.03855],[4.22383,51.03777],[4.22333,51.03764],[4.22328,51.03738],[4.22423,51.03673],[4.2241,51.03626],[4.22336,51.03582],[4.22264,51.03594],[4.22169,51.03559],[4.22024,51.03471],[4.22011,51.03414],[4.21875,51.03433],[4.21774,51.03412],[4.21675,51.03367],[4.21605,51.03286],[4.2152,51.03246],[4.21426,51.03225],[4.21349,51.03174],[4.21245,51.03303],[4.21219,51.03351],[4.21132,51.0332],[4.21015,51.03296],[4.20894,51.03302],[4.20747,51.03332],[4.20663,51.03324],[4.20547,51.03408],[4.2025,51.03604],[4.20147,51.03657],[4.19784,51.039],[4.19585,51.04012],[4.19338,51.04038],[4.19298,51.0403],[4.19298,51.0403],[4.19224,51.04004],[4.18998,51.03969]]]}},{"type":"Feature","id":"42006","bbox":[3.996659,50.985118,4.194008,51.072431],"properties":{"nis":"42006","name":"Dendermonde","nameNl":"Dendermonde","nameFr":"Termonde","nameDe":"Dendermonde","province":"oost-vlaanderen","region":"flanders","areaKm2":56.27},"geometry":{"type":"Polygon","coordinates":[[[4.15408,51.02165],[4.15586,51.0222],[4.15676,51.02256],[4.15909,51.02385],[4.16357,51.02494],[4.16451,51.02519],[4.1668,51.02594],[4.16899,51.02642],[4.1732,51.02698],[4.1742,51.0272],[4.17555,51.02764],[4.18096,51.02882],[4.19083,51.03069],[4.19401,51.03128],[4.19225,51.03262],[4.19104,51.03347],[4.19064,51.03385],[4.18953,51.03459],[4.18887,51.03335],[4.18802,51.03278],[4.18634,51.03224],[4.18559,51.03225],[4.18246,51.03255],[4.18061,51.03243],[4.17986,51.03232],[4.17776,51.03232],[4.17581,51.03263],[4.17411,51.03321],[4.17325,51.03367],[4.17098,51.03512],[4.16733,51.03784],[4.16495,51.03995],[4.16392,51.0411],[4.1631,51.04229],[4.1619,51.04449],[4.15915,51.04779],[4.1583,51.0493],[4.15785,51.0498],[4.15727,51.05017],[4.15589,51.05046],[4.15403,51.05032],[4.15323,51.05014],[4.15244,51.0501],[4.1513,51.05019],[4.1504,51.05079],[4.15027,51.05125],[4.15036,51.05173],[4.15066,51.05219],[4.1516,51.05257],[4.15531,51.05326],[4.15602,51.05349],[4.15699,51.05417],[4.15727,51.05454],[4.1572,51.05531],[4.15609,51.05634],[4.15491,51.05726],[4.15435,51.05751],[4.1533,51.05775],[4.15253,51.05776],[4.15081,51.05751],[4.14765,51.05667],[4.14639,51.05649],[4.14407,51.05644],[4.1425,51.05667],[4.14059,51.05707],[4.13896,51.0576],[4.1359,51.05845],[4.13501,51.05849],[4.13419,51.05835],[4.13136,51.05951],[4.13074,51.05925],[4.1304,51.05938],[4.13043,51.06026],[4.13015,51.0608],[4.13073,51.06134],[4.13087,51.06208],[4.13053,51.06243],[4.13063,51.06277],[4.13003,51.06316],[4.12942,51.063],[4.12916,51.06344],[4.12846,51.06367],[4.12761,51.06442],[4.12696,51.06445],[4.12681,51.06474],[4.12645,51.06469],[4.12618,51.06498],[4.12555,51.06513],[4.12517,51.06568],[4.12448,51.06571],[4.12297,51.06541],[4.12228,51.06551],[4.12184,51.06534],[4.12152,51.0655],[4.12018,51.06514],[4.11974,51.0653],[4.11896,51.06497],[4.11839,51.06487],[4.11717,51.06516],[4.1158,51.06599],[4.1155,51.06674],[4.11364,51.06768],[4.11206,51.0668],[4.10857,51.06508],[4.10821,51.06562],[4.10797,51.06636],[4.1078,51.06749],[4.10719,51.06864],[4.10735,51.06875],[4.10634,51.07243],[4.10379,51.07171],[4.10188,51.07102],[4.0995,51.06955],[4.09804,51.07056],[4.09525,51.06829],[4.09485,51.06788],[4.0943,51.06691],[4.09252,51.06639],[4.09056,51.06583],[4.08981,51.06552],[4.0898,51.06538],[4.09061,51.06426],[4.09098,51.06349],[4.08985,51.06272],[4.0899,51.06222],[4.08821,51.06168],[4.08713,51.06161],[4.0871,51.06104],[4.08633,51.06081],[4.08426,51.06007],[4.0828,51.06167],[4.08006,51.06114],[4.07958,51.06115],[4.0789,51.06077],[4.07763,51.05979],[4.0779,51.05931],[4.07906,51.0586],[4.07921,51.05822],[4.07978,51.05791],[4.08026,51.05724],[4.07949,51.05686],[4.07641,51.05571],[4.07276,51.05426],[4.07242,51.05389],[4.07268,51.05349],[4.07335,51.053],[4.07495,51.05291],[4.07554,51.05268],[4.07603,51.05229],[4.0764,51.05172],[4.07774,51.05145],[4.07803,51.05102],[4.0786,51.05069],[4.0785,51.04941],[4.07697,51.0496],[4.07347,51.05043],[4.07157,51.05004],[4.07051,51.04898],[4.06842,51.04871],[4.06636,51.04943],[4.06454,51.04976],[4.05891,51.04864],[4.05599,51.04789],[4.05252,51.04577],[4.05108,51.04497],[4.04961,51.04408],[4.04779,51.04256],[4.04636,51.04129],[4.04549,51.04009],[4.04454,51.03801],[4.04441,51.0375],[4.04255,51.03654],[4.04096,51.03562],[4.0404,51.03451],[4.04052,51.03358],[4.04083,51.03275],[4.0413,51.03042],[4.04109,51.02891],[4.04041,51.02785],[4.04081,51.02603],[4.04146,51.02436],[4.04205,51.02222],[4.04142,51.01971],[4.03999,51.01848],[4.03927,51.018],[4.03806,51.0174],[4.03536,51.01636],[4.0329,51.0153],[4.02878,51.0131],[4.02641,51.01214],[4.02275,51.01052],[4.02132,51.00925],[4.01977,51.00774],[4.01727,51.00648],[4.01298,51.00556],[4.00831,51.00504],[4.00269,51.00471],[4.00071,51.0044],[3.99899,51.00403],[3.99813,51.00385],[3.99859,51.00222],[3.99704,51.00215],[3.99688,51.00123],[3.99667,50.99817],[3.99673,50.99685],[3.99666,50.99605],[3.99691,50.99571],[3.99689,50.99475],[3.99729,50.99397],[3.99725,50.9936],[3.99879,50.9913],[4.00381,50.98803],[4.00634,50.98512],[4.00798,50.98574],[4.00976,50.98624],[4.01349,50.98696],[4.01537,50.98717],[4.0169,50.98758],[4.01805,50.98798],[4.01812,50.98824],[4.02009,50.98812],[4.02135,50.98741],[4.02275,50.98731],[4.02405,50.98765],[4.02442,50.98804],[4.02658,50.98752],[4.02716,50.98758],[4.02743,50.98738],[4.02866,50.9875],[4.02919,50.98766],[4.02975,50.9881],[4.03014,50.98815],[4.0312,50.98795],[4.0316,50.98838],[4.03215,50.98815],[4.03249,50.98841],[4.03221,50.98855],[4.03295,50.98908],[4.03307,50.989],[4.03419,50.98964],[4.03572,50.9904],[4.03734,50.99183],[4.0387,50.99261],[4.03916,50.99254],[4.03977,50.9922],[4.04055,50.99243],[4.04149,50.99323],[4.04251,50.99344],[4.04295,50.99381],[4.0439,50.99413],[4.04481,50.99407],[4.04559,50.99419],[4.04565,50.99376],[4.04724,50.99334],[4.04773,50.99307],[4.04848,50.99288],[4.04971,50.9929],[4.05031,50.99271],[4.05079,50.99302],[4.05091,50.99342],[4.05166,50.99412],[4.0525,50.99436],[4.05363,50.99483],[4.05445,50.99469],[4.05467,50.99449],[4.05459,50.99386],[4.05556,50.99287],[4.05657,50.99157],[4.0573,50.99054],[4.05821,50.98991],[4.05956,50.9896],[4.06137,50.98908],[4.06272,50.9876],[4.0643,50.9868],[4.0647,50.98738],[4.06548,50.98737],[4.06616,50.98762],[4.0672,50.98777],[4.06786,50.98746],[4.06785,50.9877],[4.06672,50.98846],[4.06673,50.98882],[4.06739,50.98883],[4.06807,50.98861],[4.06845,50.98874],[4.06795,50.98912],[4.06716,50.98936],[4.0668,50.98971],[4.06702,50.98997],[4.06761,50.99007],[4.06857,50.98998],[4.0691,50.99005],[4.0696,50.98944],[4.06996,50.98925],[4.07064,50.98984],[4.07107,50.98968],[4.0722,50.98961],[4.07653,50.9958],[4.07778,50.99765],[4.07805,50.99833],[4.07986,51.00091],[4.07837,51.00283],[4.07788,51.00365],[4.07663,51.00526],[4.07605,51.00574],[4.07373,51.00718],[4.07191,51.00852],[4.07143,51.00923],[4.07117,51.00993],[4.07114,51.011],[4.07131,51.01164],[4.07225,51.01366],[4.07248,51.01458],[4.07361,51.01434],[4.07418,51.01464],[4.0745,51.01536],[4.0759,51.01556],[4.07639,51.01585],[4.07764,51.01602],[4.07819,51.01628],[4.07872,51.01613],[4.07911,51.01627],[4.08032,51.01627],[4.08143,51.01658],[4.08388,51.01639],[4.08505,51.01571],[4.08584,51.01544],[4.08607,51.015],[4.08683,51.01409],[4.08718,51.01349],[4.08769,51.01313],[4.08834,51.01231],[4.08926,51.01216],[4.08983,51.01191],[4.08909,51.01106],[4.08965,51.01077],[4.09047,51.01075],[4.09156,51.00982],[4.09254,51.00946],[4.09384,51.01079],[4.09497,51.01023],[4.09544,51.00987],[4.09718,51.01055],[4.09883,51.01054],[4.09834,51.00992],[4.09794,51.00965],[4.09779,51.00908],[4.09865,51.00849],[4.09878,51.0081],[4.09973,51.00766],[4.10043,51.00789],[4.10112,51.00778],[4.10182,51.00795],[4.10208,51.00785],[4.10183,51.00729],[4.10254,51.00701],[4.10349,51.00693],[4.1041,51.00637],[4.10493,51.00603],[4.10579,51.00623],[4.10582,51.00686],[4.1063,51.007],[4.10732,51.00685],[4.10743,51.00697],[4.10843,51.00698],[4.10892,51.00664],[4.10938,51.00653],[4.11035,51.00654],[4.11078,51.00714],[4.11201,51.00738],[4.11282,51.00837],[4.11345,51.00851],[4.1144,51.00847],[4.11474,51.0083],[4.11548,51.00847],[4.11551,51.00865],[4.11933,51.0094],[4.12314,51.01048],[4.12344,51.01083],[4.12666,51.01052],[4.12697,51.01026],[4.12814,51.0104],[4.12909,51.0103],[4.13109,51.0103],[4.1313,51.01042],[4.13248,51.00974],[4.13342,51.009],[4.13354,51.00879],[4.13453,51.00889],[4.13465,51.00922],[4.13659,51.01029],[4.13777,51.01081],[4.13757,51.01099],[4.13852,51.01189],[4.14109,51.01362],[4.14187,51.0139],[4.14223,51.01379],[4.14437,51.01544],[4.14319,51.01577],[4.14432,51.01675],[4.14486,51.0165],[4.14559,51.01724],[4.14644,51.0179],[4.14681,51.01807],[4.14743,51.01884],[4.14863,51.01808],[4.14927,51.01838],[4.1491,51.01895],[4.14867,51.01927],[4.14935,51.02025],[4.14956,51.02008],[4.15023,51.02038],[4.15005,51.02052],[4.15072,51.02097],[4.15132,51.02091],[4.15408,51.02165]]]}},{"type":"Feature","id":"42008","bbox":[4.059619,51.032241,4.19918,51.111478],"properties":{"nis":"42008","name":"Hamme","nameNl":"Hamme","nameFr":"Hamme","nameDe":"Hamme","province":"oost-vlaanderen","region":"flanders","areaKm2":40.55},"geometry":{"type":"Polygon","coordinates":[[[4.18998,51.03969],[4.18899,51.04175],[4.18726,51.04456],[4.18699,51.04532],[4.18727,51.04651],[4.18811,51.04767],[4.18873,51.04809],[4.19044,51.04903],[4.19288,51.05024],[4.19402,51.05092],[4.19806,51.05428],[4.19844,51.05471],[4.19912,51.05574],[4.19901,51.05678],[4.19792,51.05796],[4.19791,51.05818],[4.19705,51.05855],[4.19609,51.05875],[4.19351,51.05893],[4.19158,51.05914],[4.18909,51.05929],[4.18794,51.0596],[4.1871,51.06016],[4.18632,51.06155],[4.18636,51.06291],[4.18653,51.06461],[4.18682,51.0665],[4.18708,51.0669],[4.18756,51.06905],[4.18819,51.07087],[4.18804,51.0709],[4.18859,51.07291],[4.18902,51.07489],[4.18906,51.07579],[4.18888,51.0761],[4.18894,51.07784],[4.18872,51.07938],[4.18881,51.07952],[4.1885,51.08077],[4.18807,51.08174],[4.18738,51.08287],[4.18677,51.0837],[4.18616,51.08434],[4.18527,51.08499],[4.18404,51.0856],[4.18195,51.08635],[4.17924,51.0868],[4.17754,51.08721],[4.17679,51.08746],[4.17528,51.08818],[4.17407,51.08894],[4.17307,51.08999],[4.17246,51.09151],[4.17242,51.0923],[4.17251,51.09367],[4.17281,51.09507],[4.17353,51.09728],[4.17418,51.09887],[4.17523,51.10066],[4.17596,51.10141],[4.17469,51.10205],[4.17414,51.10245],[4.17347,51.10363],[4.17349,51.10443],[4.17375,51.10517],[4.17469,51.10702],[4.17494,51.10775],[4.17494,51.10829],[4.17462,51.10893],[4.17396,51.10938],[4.17331,51.10959],[4.17211,51.10969],[4.16898,51.10973],[4.16786,51.10994],[4.16662,51.11037],[4.16475,51.11117],[4.16366,51.11142],[4.16205,51.11146],[4.16104,51.1111],[4.16059,51.11059],[4.15964,51.10902],[4.15872,51.10849],[4.15796,51.10824],[4.15736,51.10829],[4.15506,51.10885],[4.15372,51.10895],[4.15182,51.10872],[4.1496,51.10868],[4.148,51.1083],[4.14694,51.10787],[4.14432,51.1064],[4.14206,51.10548],[4.14168,51.10525],[4.13969,51.10434],[4.13836,51.10403],[4.13766,51.10401],[4.13651,51.10418],[4.13546,51.10467],[4.13419,51.10554],[4.13365,51.10568],[4.13271,51.10563],[4.1321,51.10525],[4.13168,51.10463],[4.1316,51.10424],[4.13252,51.10106],[4.13223,51.10043],[4.13168,51.10005],[4.13071,51.09977],[4.1274,51.09992],[4.12698,51.10002],[4.12607,51.10057],[4.12416,51.10325],[4.12329,51.1043],[4.12145,51.10553],[4.11981,51.10569],[4.11896,51.10504],[4.11913,51.10383],[4.1199,51.10299],[4.12007,51.1021],[4.11986,51.10143],[4.11922,51.10105],[4.1184,51.10083],[4.11694,51.10073],[4.11514,51.10043],[4.11347,51.10008],[4.11256,51.1],[4.11218,51.10051],[4.11235,51.10097],[4.11308,51.10143],[4.11454,51.10191],[4.11565,51.10248],[4.11582,51.1031],[4.11548,51.10342],[4.11475,51.10369],[4.11385,51.10385],[4.11278,51.10358],[4.11039,51.10232],[4.10917,51.1013],[4.10839,51.10106],[4.10776,51.10117],[4.1073,51.10155],[4.10556,51.10102],[4.10519,51.10063],[4.10323,51.10003],[4.10197,51.09978],[4.10159,51.09901],[4.09955,51.09898],[4.09821,51.09971],[4.09831,51.09998],[4.09719,51.10105],[4.09631,51.10177],[4.09599,51.10223],[4.09513,51.10272],[4.09472,51.10236],[4.09492,51.10196],[4.09537,51.10168],[4.09507,51.10095],[4.09422,51.10056],[4.0936,51.10002],[4.09344,51.0996],[4.09412,51.09953],[4.09424,51.09891],[4.09417,51.09799],[4.09376,51.09745],[4.09202,51.0974],[4.09158,51.09689],[4.0908,51.09631],[4.0902,51.09521],[4.08947,51.09536],[4.08845,51.0954],[4.08795,51.09531],[4.08767,51.0938],[4.08727,51.09295],[4.08664,51.09248],[4.08603,51.09154],[4.08358,51.09093],[4.08313,51.09225],[4.08255,51.09274],[4.08173,51.09319],[4.08146,51.0937],[4.08152,51.09456],[4.08175,51.09505],[4.07995,51.0948],[4.07981,51.09546],[4.0809,51.09894],[4.08162,51.10096],[4.08189,51.10228],[4.08214,51.10268],[4.08054,51.10313],[4.07928,51.10386],[4.07714,51.10436],[4.07631,51.10443],[4.07572,51.104],[4.07568,51.10337],[4.07591,51.103],[4.07658,51.10254],[4.0766,51.1017],[4.07611,51.10119],[4.07537,51.10099],[4.07457,51.10137],[4.07409,51.10212],[4.07375,51.10226],[4.07271,51.10237],[4.07144,51.10303],[4.0714,51.10384],[4.07196,51.10429],[4.07201,51.10485],[4.07093,51.10589],[4.07033,51.10603],[4.06958,51.10593],[4.06875,51.1061],[4.06802,51.10674],[4.06806,51.10733],[4.06777,51.10766],[4.06696,51.10779],[4.06555,51.10732],[4.06292,51.10561],[4.0627,51.10532],[4.06273,51.10475],[4.06375,51.10415],[4.06417,51.10378],[4.06329,51.10312],[4.0603,51.10257],[4.05962,51.10236],[4.06064,51.10036],[4.06098,51.10031],[4.06146,51.09938],[4.061,51.09716],[4.06203,51.09415],[4.06261,51.09265],[4.06264,51.09186],[4.06311,51.08965],[4.06385,51.08768],[4.06506,51.08559],[4.06819,51.08666],[4.07123,51.08751],[4.07427,51.08828],[4.07467,51.08765],[4.07559,51.08772],[4.07668,51.08598],[4.07755,51.08612],[4.07873,51.08415],[4.07962,51.08253],[4.08,51.08201],[4.07974,51.0817],[4.08286,51.08054],[4.08361,51.08023],[4.08337,51.07872],[4.08341,51.07809],[4.08406,51.07765],[4.08481,51.07646],[4.08291,51.07637],[4.08141,51.07658],[4.08172,51.07492],[4.08214,51.07455],[4.0823,51.07381],[4.08485,51.07263],[4.08719,51.07308],[4.08738,51.07267],[4.0875,51.07105],[4.0902,51.06827],[4.09075,51.06811],[4.09252,51.06639],[4.0943,51.06691],[4.09485,51.06788],[4.09525,51.06829],[4.09804,51.07056],[4.0995,51.06955],[4.10188,51.07102],[4.10379,51.07171],[4.10634,51.07243],[4.10735,51.06875],[4.10719,51.06864],[4.1078,51.06749],[4.10797,51.06636],[4.10821,51.06562],[4.10857,51.06508],[4.11206,51.0668],[4.11364,51.06768],[4.1155,51.06674],[4.1158,51.06599],[4.11717,51.06516],[4.11839,51.06487],[4.11896,51.06497],[4.11974,51.0653],[4.12018,51.06514],[4.12152,51.0655],[4.12184,51.06534],[4.12228,51.06551],[4.12297,51.06541],[4.12448,51.06571],[4.12517,51.06568],[4.12555,51.06513],[4.12618,51.06498],[4.12645,51.06469],[4.12681,51.06474],[4.12696,51.06445],[4.12761,51.06442],[4.12846,51.06367],[4.12916,51.06344],[4.12942,51.063],[4.13003,51.06316],[4.13063,51.06277],[4.13053,51.06243],[4.13087,51.06208],[4.13073,51.06134],[4.13015,51.0608],[4.13043,51.06026],[4.1304,51.05938],[4.13074,51.05925],[4.13136,51.05951],[4.13419,51.05835],[4.13501,51.05849],[4.1359,51.05845],[4.13896,51.0576],[4.14059,51.05707],[4.1425,51.05667],[4.14407,51.05644],[4.14639,51.05649],[4.14765,51.05667],[4.15081,51.05751],[4.15253,51.05776],[4.1533,51.05775],[4.15435,51.05751],[4.15491,51.05726],[4.15609,51.05634],[4.1572,51.05531],[4.15727,51.05454],[4.15699,51.05417],[4.15602,51.05349],[4.15531,51.05326],[4.1516,51.05257],[4.15066,51.05219],[4.15036,51.05173],[4.15027,51.05125],[4.1504,51.05079],[4.1513,51.05019],[4.15244,51.0501],[4.15323,51.05014],[4.15403,51.05032],[4.15589,51.05046],[4.15727,51.05017],[4.15785,51.0498],[4.1583,51.0493],[4.15915,51.04779],[4.1619,51.04449],[4.1631,51.04229],[4.16392,51.0411],[4.16495,51.03995],[4.16733,51.03784],[4.17098,51.03512],[4.17325,51.03367],[4.17411,51.03321],[4.17581,51.03263],[4.17776,51.03232],[4.17986,51.03232],[4.18061,51.03243],[4.18246,51.03255],[4.18559,51.03225],[4.18634,51.03224],[4.18802,51.03278],[4.18887,51.03335],[4.18953,51.03459],[4.18999,51.03684],[4.1901,51.03777],[4.18998,51.03969]]]}},{"type":"Feature","id":"42010","bbox":[3.823079,51.017287,3.93826,51.07601],"properties":{"nis":"42010","name":"Laarne","nameNl":"Laarne","nameFr":"Laarne","nameDe":"Laarne","province":"oost-vlaanderen","region":"flanders","areaKm2":32.49},"geometry":{"type":"Polygon","coordinates":[[[3.92328,51.07601],[3.91995,51.07441],[3.91824,51.07341],[3.91661,51.07295],[3.91518,51.07266],[3.91335,51.07239],[3.91148,51.07197],[3.90919,51.07101],[3.90754,51.07038],[3.90624,51.06943],[3.90357,51.06878],[3.90307,51.06842],[3.90338,51.06712],[3.9033,51.06631],[3.90238,51.0653],[3.90221,51.06419],[3.89985,51.06451],[3.89767,51.06495],[3.89755,51.06478],[3.89724,51.06301],[3.89533,51.06295],[3.89351,51.0635],[3.89299,51.06375],[3.89156,51.06364],[3.89173,51.06307],[3.8892,51.06293],[3.88979,51.06179],[3.88981,51.06145],[3.88868,51.061],[3.88597,51.05967],[3.88445,51.06169],[3.88343,51.06295],[3.88167,51.06405],[3.88056,51.06381],[3.87886,51.06362],[3.87601,51.06303],[3.87425,51.06225],[3.8712,51.06078],[3.86932,51.06025],[3.86649,51.05968],[3.86541,51.05849],[3.86154,51.05403],[3.85846,51.05044],[3.85811,51.05021],[3.85723,51.05071],[3.85492,51.0516],[3.85045,51.05448],[3.84698,51.05668],[3.84652,51.0569],[3.84385,51.0577],[3.84296,51.05761],[3.84289,51.05731],[3.83983,51.05587],[3.83874,51.055],[3.83799,51.0548],[3.83683,51.05415],[3.83575,51.05385],[3.83561,51.05313],[3.83246,51.05234],[3.83245,51.05091],[3.83127,51.05052],[3.83081,51.04919],[3.83051,51.04886],[3.8294,51.04812],[3.82873,51.0478],[3.82426,51.04611],[3.82308,51.04494],[3.82358,51.04408],[3.82455,51.04423],[3.82593,51.04409],[3.82679,51.04419],[3.82861,51.0439],[3.83133,51.04419],[3.83173,51.04415],[3.83222,51.04452],[3.83315,51.04381],[3.83431,51.04326],[3.83624,51.04246],[3.83717,51.04169],[3.83516,51.03913],[3.83477,51.03819],[3.83404,51.03766],[3.83335,51.03761],[3.8309,51.0377],[3.82955,51.03711],[3.82909,51.03608],[3.82733,51.03315],[3.82715,51.03163],[3.82491,51.02163],[3.82511,51.02042],[3.82471,51.01939],[3.82546,51.01924],[3.82775,51.01911],[3.82821,51.01729],[3.84613,51.01822],[3.84631,51.01831],[3.84677,51.01998],[3.84732,51.02004],[3.85067,51.01995],[3.85071,51.02054],[3.85186,51.02041],[3.85268,51.02055],[3.85585,51.02023],[3.85686,51.02053],[3.86094,51.02024],[3.86292,51.02036],[3.86429,51.02039],[3.86569,51.02092],[3.86594,51.02077],[3.86671,51.02086],[3.86755,51.02135],[3.86851,51.02246],[3.87056,51.02312],[3.87137,51.02324],[3.87313,51.02334],[3.87482,51.02284],[3.87621,51.02317],[3.8767,51.02231],[3.87701,51.0222],[3.87854,51.02223],[3.87902,51.02165],[3.87928,51.02109],[3.87949,51.02194],[3.87975,51.02352],[3.87966,51.0248],[3.88078,51.02733],[3.8803,51.02753],[3.88055,51.02793],[3.88129,51.02834],[3.88219,51.02795],[3.88363,51.02769],[3.88433,51.02687],[3.88484,51.02658],[3.8882,51.0252],[3.88904,51.02496],[3.89068,51.02473],[3.8918,51.02471],[3.89265,51.02434],[3.89356,51.02363],[3.894,51.02263],[3.89405,51.02228],[3.89464,51.02183],[3.89529,51.02167],[3.89754,51.02154],[3.89788,51.02163],[3.8985,51.02145],[3.90042,51.02188],[3.90223,51.02201],[3.90254,51.0222],[3.90368,51.02239],[3.90571,51.02294],[3.9081,51.02304],[3.90968,51.02303],[3.91096,51.02285],[3.91176,51.02223],[3.91344,51.02165],[3.91447,51.02147],[3.91574,51.02157],[3.91634,51.02178],[3.91775,51.02253],[3.919,51.02326],[3.92137,51.0243],[3.92391,51.02521],[3.92318,51.02649],[3.92317,51.02713],[3.92406,51.02743],[3.92501,51.02739],[3.92617,51.02761],[3.92693,51.02815],[3.92777,51.02814],[3.92883,51.02853],[3.93007,51.02883],[3.93186,51.02904],[3.93283,51.02905],[3.93389,51.02893],[3.93463,51.02998],[3.93441,51.0302],[3.93522,51.0315],[3.93517,51.03175],[3.93708,51.03286],[3.93809,51.03426],[3.93826,51.03451],[3.93623,51.03477],[3.93568,51.0364],[3.93563,51.0385],[3.93538,51.04219],[3.93498,51.04403],[3.9345,51.04661],[3.93219,51.0534],[3.93169,51.05409],[3.93138,51.05614],[3.93071,51.05817],[3.92979,51.06808],[3.92943,51.0697],[3.92912,51.07041],[3.92822,51.07129],[3.92603,51.07351],[3.92328,51.07601]]]}},{"type":"Feature","id":"42011","bbox":[4.071119,50.967026,4.168959,51.021653],"properties":{"nis":"42011","name":"Lebbeke","nameNl":"Lebbeke","nameFr":"Lebbeke","nameDe":"Lebbeke","province":"oost-vlaanderen","region":"flanders","areaKm2":27.21},"geometry":{"type":"Polygon","coordinates":[[[4.0722,50.98961],[4.07385,50.98928],[4.07296,50.98763],[4.07276,50.98687],[4.07304,50.98658],[4.07282,50.98542],[4.07353,50.98534],[4.07438,50.98484],[4.07442,50.98315],[4.07414,50.9827],[4.07382,50.98149],[4.07394,50.98079],[4.0747,50.98035],[4.075,50.97988],[4.07581,50.97923],[4.07587,50.97888],[4.07557,50.97852],[4.07636,50.97796],[4.07684,50.97749],[4.07703,50.97648],[4.07794,50.97575],[4.07789,50.97519],[4.07819,50.97489],[4.07917,50.97522],[4.08049,50.97376],[4.08278,50.97158],[4.08188,50.97139],[4.08117,50.97137],[4.08155,50.9706],[4.08195,50.97029],[4.08202,50.96974],[4.08231,50.96963],[4.08364,50.96862],[4.0838,50.96829],[4.08461,50.96789],[4.08576,50.96904],[4.08747,50.97019],[4.0882,50.97049],[4.09163,50.97087],[4.0938,50.97085],[4.09943,50.97245],[4.10003,50.9729],[4.10038,50.9728],[4.10101,50.97323],[4.10157,50.9733],[4.10253,50.97282],[4.10302,50.97321],[4.10466,50.97394],[4.10517,50.97409],[4.10761,50.97293],[4.11115,50.97153],[4.11134,50.97154],[4.11306,50.97074],[4.1143,50.97049],[4.11494,50.97108],[4.11598,50.97131],[4.11713,50.97056],[4.11846,50.96979],[4.11887,50.96929],[4.12032,50.9678],[4.12153,50.96703],[4.12216,50.96732],[4.12247,50.9687],[4.12307,50.96909],[4.12312,50.96935],[4.12401,50.97024],[4.1244,50.97048],[4.12442,50.97085],[4.1249,50.9717],[4.12465,50.97198],[4.12498,50.9727],[4.12543,50.97244],[4.12609,50.97158],[4.12664,50.97122],[4.12841,50.97045],[4.13036,50.97183],[4.13214,50.97269],[4.13351,50.97194],[4.13357,50.97172],[4.13418,50.97115],[4.13681,50.9718],[4.13795,50.9704],[4.14067,50.97126],[4.1409,50.97081],[4.14141,50.97048],[4.14202,50.97105],[4.1428,50.97079],[4.14435,50.97008],[4.14475,50.97038],[4.14662,50.96959],[4.14707,50.96929],[4.1475,50.96951],[4.14801,50.97002],[4.14787,50.97058],[4.14833,50.971],[4.14871,50.97168],[4.14868,50.97213],[4.14907,50.9731],[4.14881,50.9735],[4.1489,50.97392],[4.14932,50.97386],[4.14968,50.97495],[4.15003,50.97512],[4.15086,50.97485],[4.15091,50.974],[4.15198,50.97388],[4.15261,50.97466],[4.15465,50.97625],[4.15551,50.97713],[4.15716,50.97805],[4.15699,50.97834],[4.15607,50.97913],[4.15595,50.98],[4.15611,50.98055],[4.15682,50.98204],[4.15595,50.98235],[4.15548,50.98275],[4.1557,50.98453],[4.15655,50.98484],[4.15647,50.98525],[4.15663,50.98582],[4.15606,50.98595],[4.15677,50.987],[4.15734,50.98694],[4.15874,50.98814],[4.16006,50.98912],[4.16063,50.98877],[4.16092,50.98904],[4.16153,50.98867],[4.16223,50.98878],[4.16303,50.98862],[4.16311,50.98903],[4.16347,50.98886],[4.16383,50.98897],[4.1637,50.98932],[4.16293,50.98954],[4.16375,50.99045],[4.16517,50.99111],[4.1654,50.99113],[4.16772,50.99307],[4.16896,50.99403],[4.16859,50.99529],[4.16887,50.99645],[4.16895,50.99747],[4.16865,50.99788],[4.16865,50.99904],[4.1689,50.99969],[4.16874,51.00076],[4.16767,51.00298],[4.16606,51.00433],[4.16439,51.00552],[4.16097,51.00802],[4.15915,51.00955],[4.1585,51.01018],[4.15861,51.01043],[4.15927,51.01059],[4.1579,51.01215],[4.15719,51.01325],[4.15555,51.0155],[4.15499,51.01745],[4.15492,51.01861],[4.15444,51.02023],[4.15434,51.02136],[4.15408,51.02165],[4.15132,51.02091],[4.15072,51.02097],[4.15005,51.02052],[4.15023,51.02038],[4.14956,51.02008],[4.14935,51.02025],[4.14867,51.01927],[4.1491,51.01895],[4.14927,51.01838],[4.14863,51.01808],[4.14743,51.01884],[4.14681,51.01807],[4.14644,51.0179],[4.14559,51.01724],[4.14486,51.0165],[4.14432,51.01675],[4.14319,51.01577],[4.14437,51.01544],[4.14223,51.01379],[4.14187,51.0139],[4.14109,51.01362],[4.13852,51.01189],[4.13757,51.01099],[4.13777,51.01081],[4.13659,51.01029],[4.13465,51.00922],[4.13453,51.00889],[4.13354,51.00879],[4.13342,51.009],[4.13248,51.00974],[4.1313,51.01042],[4.13109,51.0103],[4.12909,51.0103],[4.12814,51.0104],[4.12697,51.01026],[4.12666,51.01052],[4.12344,51.01083],[4.12314,51.01048],[4.11933,51.0094],[4.11551,51.00865],[4.11548,51.00847],[4.11474,51.0083],[4.1144,51.00847],[4.11345,51.00851],[4.11282,51.00837],[4.11201,51.00738],[4.11078,51.00714],[4.11035,51.00654],[4.10938,51.00653],[4.10892,51.00664],[4.10843,51.00698],[4.10743,51.00697],[4.10732,51.00685],[4.1063,51.007],[4.10582,51.00686],[4.10579,51.00623],[4.10493,51.00603],[4.1041,51.00637],[4.10349,51.00693],[4.10254,51.00701],[4.10183,51.00729],[4.10208,51.00785],[4.10182,51.00795],[4.10112,51.00778],[4.10043,51.00789],[4.09973,51.00766],[4.09878,51.0081],[4.09865,51.00849],[4.09779,51.00908],[4.09794,51.00965],[4.09834,51.00992],[4.09883,51.01054],[4.09718,51.01055],[4.09544,51.00987],[4.09497,51.01023],[4.09384,51.01079],[4.09254,51.00946],[4.09156,51.00982],[4.09047,51.01075],[4.08965,51.01077],[4.08909,51.01106],[4.08983,51.01191],[4.08926,51.01216],[4.08834,51.01231],[4.08769,51.01313],[4.08718,51.01349],[4.08683,51.01409],[4.08607,51.015],[4.08584,51.01544],[4.08505,51.01571],[4.08388,51.01639],[4.08143,51.01658],[4.08032,51.01627],[4.07911,51.01627],[4.07872,51.01613],[4.07819,51.01628],[4.07764,51.01602],[4.07639,51.01585],[4.0759,51.01556],[4.0745,51.01536],[4.07418,51.01464],[4.07361,51.01434],[4.07248,51.01458],[4.07225,51.01366],[4.07131,51.01164],[4.07114,51.011],[4.07117,51.00993],[4.07143,51.00923],[4.07191,51.00852],[4.07373,51.00718],[4.07605,51.00574],[4.07663,51.00526],[4.07788,51.00365],[4.07837,51.00283],[4.07986,51.00091],[4.07805,50.99833],[4.07778,50.99765],[4.07653,50.9958],[4.0722,50.98961]]]}},{"type":"Feature","id":"42023","bbox":[4.01227,51.090936,4.141677,51.146286],"properties":{"nis":"42023","name":"Waasmunster","nameNl":"Waasmunster","nameFr":"Waasmunster","nameDe":"Waasmunster","province":"oost-vlaanderen","region":"flanders","areaKm2":32.13},"geometry":{"type":"Polygon","coordinates":[[[4.03405,51.09489],[4.03477,51.09459],[4.03581,51.09462],[4.03617,51.09448],[4.03758,51.09485],[4.03947,51.09457],[4.04072,51.09464],[4.04182,51.09537],[4.04285,51.09548],[4.04482,51.09498],[4.04508,51.09513],[4.04494,51.09587],[4.0444,51.09644],[4.04442,51.09678],[4.04474,51.09696],[4.04672,51.09738],[4.04809,51.09809],[4.0494,51.09845],[4.05014,51.09875],[4.05028,51.0995],[4.05026,51.10048],[4.05064,51.10074],[4.05277,51.10146],[4.05322,51.10174],[4.05466,51.10181],[4.05583,51.10163],[4.05779,51.10154],[4.05836,51.10168],[4.05962,51.10236],[4.0603,51.10257],[4.06329,51.10312],[4.06417,51.10378],[4.06375,51.10415],[4.06273,51.10475],[4.0627,51.10532],[4.06292,51.10561],[4.06555,51.10732],[4.06696,51.10779],[4.06777,51.10766],[4.06806,51.10733],[4.06802,51.10674],[4.06875,51.1061],[4.06958,51.10593],[4.07033,51.10603],[4.07093,51.10589],[4.07201,51.10485],[4.07196,51.10429],[4.0714,51.10384],[4.07144,51.10303],[4.07271,51.10237],[4.07375,51.10226],[4.07409,51.10212],[4.07457,51.10137],[4.07537,51.10099],[4.07611,51.10119],[4.0766,51.1017],[4.07658,51.10254],[4.07591,51.103],[4.07568,51.10337],[4.07572,51.104],[4.07631,51.10443],[4.07714,51.10436],[4.07928,51.10386],[4.08054,51.10313],[4.08214,51.10268],[4.08189,51.10228],[4.08162,51.10096],[4.0809,51.09894],[4.07981,51.09546],[4.07995,51.0948],[4.08175,51.09505],[4.08152,51.09456],[4.08146,51.0937],[4.08173,51.09319],[4.08255,51.09274],[4.08313,51.09225],[4.08358,51.09093],[4.08603,51.09154],[4.08664,51.09248],[4.08727,51.09295],[4.08767,51.0938],[4.08795,51.09531],[4.08845,51.0954],[4.08947,51.09536],[4.0902,51.09521],[4.0908,51.09631],[4.09158,51.09689],[4.09202,51.0974],[4.09376,51.09745],[4.09417,51.09799],[4.09424,51.09891],[4.09412,51.09953],[4.09344,51.0996],[4.0936,51.10002],[4.09422,51.10056],[4.09507,51.10095],[4.09537,51.10168],[4.09492,51.10196],[4.09472,51.10236],[4.09513,51.10272],[4.09599,51.10223],[4.09631,51.10177],[4.09719,51.10105],[4.09831,51.09998],[4.09821,51.09971],[4.09955,51.09898],[4.10159,51.09901],[4.10197,51.09978],[4.10323,51.10003],[4.10519,51.10063],[4.10556,51.10102],[4.1073,51.10155],[4.10776,51.10117],[4.10839,51.10106],[4.10917,51.1013],[4.11039,51.10232],[4.11278,51.10358],[4.11385,51.10385],[4.11475,51.10369],[4.11548,51.10342],[4.11582,51.1031],[4.11565,51.10248],[4.11454,51.10191],[4.11308,51.10143],[4.11235,51.10097],[4.11218,51.10051],[4.11256,51.1],[4.11347,51.10008],[4.11514,51.10043],[4.11694,51.10073],[4.1184,51.10083],[4.11922,51.10105],[4.11986,51.10143],[4.12007,51.1021],[4.1199,51.10299],[4.11913,51.10383],[4.11896,51.10504],[4.11981,51.10569],[4.12145,51.10553],[4.12329,51.1043],[4.12416,51.10325],[4.12607,51.10057],[4.12698,51.10002],[4.1274,51.09992],[4.13071,51.09977],[4.13168,51.10005],[4.13223,51.10043],[4.13252,51.10106],[4.1316,51.10424],[4.13168,51.10463],[4.1321,51.10525],[4.13271,51.10563],[4.13365,51.10568],[4.13419,51.10554],[4.13546,51.10467],[4.13651,51.10418],[4.13766,51.10401],[4.13836,51.10403],[4.13969,51.10434],[4.14168,51.10525],[4.14152,51.10573],[4.14139,51.10729],[4.14112,51.10779],[4.14043,51.10783],[4.14012,51.10754],[4.13928,51.10713],[4.13915,51.10743],[4.13875,51.10727],[4.1378,51.10746],[4.13767,51.10702],[4.13661,51.10668],[4.13607,51.10802],[4.13336,51.10804],[4.13326,51.10772],[4.13271,51.10765],[4.13101,51.10771],[4.13018,51.10782],[4.13032,51.10966],[4.13085,51.11157],[4.13149,51.11163],[4.13138,51.11228],[4.13146,51.11378],[4.13201,51.11422],[4.1322,51.11459],[4.13302,51.11528],[4.13358,51.1164],[4.13413,51.11703],[4.13493,51.11736],[4.13455,51.11814],[4.13516,51.11887],[4.13476,51.11966],[4.13425,51.11982],[4.13246,51.12094],[4.13186,51.12188],[4.13127,51.12357],[4.1307,51.12456],[4.12976,51.12564],[4.12887,51.12685],[4.12822,51.12787],[4.12906,51.12834],[4.1317,51.12959],[4.13136,51.13048],[4.13074,51.13284],[4.12932,51.13545],[4.12817,51.13665],[4.12618,51.13762],[4.12529,51.13844],[4.12331,51.13922],[4.1204,51.14154],[4.11967,51.1425],[4.11917,51.14355],[4.11898,51.14449],[4.11901,51.14574],[4.11893,51.14629],[4.11817,51.14458],[4.11746,51.14329],[4.11678,51.14175],[4.11579,51.14117],[4.11454,51.14055],[4.11267,51.14062],[4.10836,51.14003],[4.10887,51.13883],[4.10822,51.13864],[4.10853,51.13706],[4.10789,51.13701],[4.10689,51.13737],[4.10502,51.13724],[4.1056,51.13604],[4.10426,51.13564],[4.10433,51.13498],[4.10319,51.13501],[4.10295,51.13427],[4.10278,51.13296],[4.1028,51.13205],[4.10259,51.13173],[4.10205,51.13157],[4.09885,51.13134],[4.09703,51.13115],[4.09653,51.13052],[4.09498,51.13054],[4.09312,51.13042],[4.09002,51.13039],[4.08734,51.13011],[4.08636,51.12996],[4.08341,51.13005],[4.08272,51.12997],[4.08163,51.13003],[4.08066,51.13042],[4.0797,51.13024],[4.07917,51.13058],[4.07802,51.13166],[4.07776,51.1321],[4.07789,51.13293],[4.07762,51.13352],[4.07505,51.13517],[4.07401,51.13578],[4.07184,51.13738],[4.06978,51.13853],[4.06978,51.13872],[4.06844,51.14029],[4.06817,51.14093],[4.06783,51.14229],[4.06749,51.14312],[4.06724,51.14323],[4.06629,51.14286],[4.06546,51.14266],[4.06474,51.1428],[4.06412,51.14272],[4.0626,51.14306],[4.06227,51.14307],[4.05887,51.14191],[4.05682,51.1409],[4.05506,51.1401],[4.05444,51.13975],[4.05108,51.13766],[4.04968,51.13666],[4.04906,51.13635],[4.04857,51.13581],[4.04718,51.13607],[4.04661,51.13634],[4.04552,51.13657],[4.04356,51.13679],[4.04159,51.13726],[4.04093,51.13722],[4.03923,51.13693],[4.03861,51.13849],[4.03809,51.13858],[4.0226,51.13853],[4.01984,51.13736],[4.01591,51.13566],[4.01227,51.13416],[4.01505,51.1306],[4.01627,51.12838],[4.01732,51.12633],[4.01727,51.12631],[4.0211,51.12144],[4.02199,51.11938],[4.02211,51.11891],[4.02264,51.11768],[4.02352,51.11642],[4.02463,51.11439],[4.02508,51.11336],[4.02614,51.11199],[4.02577,51.11187],[4.02628,51.11046],[4.02636,51.10967],[4.02596,51.10786],[4.02585,51.10779],[4.02602,51.10645],[4.02598,51.1047],[4.02551,51.10414],[4.02436,51.10362],[4.02327,51.10291],[4.02223,51.1025],[4.02161,51.10197],[4.0211,51.10123],[4.01996,51.10024],[4.01949,51.09969],[4.01999,51.09925],[4.02047,51.09919],[4.02083,51.09859],[4.02143,51.09885],[4.02198,51.09872],[4.02225,51.09845],[4.02202,51.09774],[4.02204,51.09736],[4.0225,51.09693],[4.02363,51.09698],[4.02416,51.09687],[4.02502,51.09646],[4.02583,51.09656],[4.02753,51.09781],[4.02902,51.09859],[4.02958,51.09869],[4.03024,51.09837],[4.03015,51.09756],[4.03025,51.09729],[4.03083,51.09687],[4.0321,51.09566],[4.03405,51.09489]]]}},{"type":"Feature","id":"42025","bbox":[3.820681,50.951214,3.923201,51.028343],"properties":{"nis":"42025","name":"Wetteren","nameNl":"Wetteren","nameFr":"Wetteren","nameDe":"Wetteren","province":"oost-vlaanderen","region":"flanders","areaKm2":36.89},"geometry":{"type":"Polygon","coordinates":[[[3.82471,51.01939],[3.82448,51.01935],[3.82365,51.0177],[3.82309,51.01778],[3.82271,51.01709],[3.82331,51.01697],[3.8232,51.01605],[3.82329,51.01526],[3.82188,51.01398],[3.82068,51.01263],[3.82322,51.01175],[3.82269,51.01035],[3.82204,51.00896],[3.82284,51.00899],[3.82341,51.00616],[3.823,51.00552],[3.82316,51.00397],[3.82363,51.00337],[3.82579,51.00349],[3.82842,51.00346],[3.82936,51.00341],[3.8296,51.00398],[3.82983,51.00408],[3.83112,51.00384],[3.83185,51.00397],[3.83346,51.00406],[3.8336,51.00342],[3.83307,51.00248],[3.83296,51.00168],[3.83077,51.00094],[3.82934,51.00029],[3.82916,50.9988],[3.82991,50.99738],[3.83056,50.99724],[3.83208,50.99662],[3.83249,50.99622],[3.8331,50.99609],[3.83303,50.99538],[3.83378,50.99424],[3.83389,50.99311],[3.83204,50.99311],[3.8311,50.99329],[3.82967,50.9937],[3.82862,50.99273],[3.82892,50.99211],[3.82879,50.99054],[3.82892,50.9903],[3.82953,50.99004],[3.82979,50.9896],[3.83051,50.9889],[3.83066,50.98861],[3.83206,50.988],[3.83276,50.98783],[3.83321,50.98741],[3.83523,50.98605],[3.83623,50.98493],[3.83325,50.98352],[3.8334,50.98321],[3.82625,50.98151],[3.82651,50.98103],[3.8246,50.98056],[3.82703,50.97839],[3.82727,50.97737],[3.82713,50.97659],[3.82721,50.97602],[3.827,50.97513],[3.82739,50.97485],[3.82786,50.97484],[3.82862,50.97446],[3.82977,50.97344],[3.82941,50.97295],[3.82987,50.97235],[3.82822,50.97104],[3.82899,50.97002],[3.83021,50.969],[3.83239,50.97081],[3.83416,50.97213],[3.83539,50.97144],[3.83608,50.97089],[3.83666,50.97017],[3.83823,50.96853],[3.83893,50.96818],[3.84016,50.96851],[3.84031,50.96875],[3.84147,50.96909],[3.84161,50.96904],[3.84362,50.96751],[3.84276,50.96644],[3.84246,50.96618],[3.84315,50.96573],[3.84259,50.96538],[3.84376,50.96487],[3.84375,50.96478],[3.84687,50.96328],[3.84832,50.96371],[3.84847,50.96401],[3.8489,50.96352],[3.85022,50.96405],[3.8504,50.96336],[3.85106,50.96284],[3.85082,50.96241],[3.85113,50.96186],[3.85044,50.96076],[3.85035,50.96032],[3.85,50.95988],[3.84929,50.95933],[3.84911,50.95892],[3.84743,50.95716],[3.84681,50.95664],[3.8469,50.95571],[3.84784,50.95352],[3.84769,50.9528],[3.85194,50.95273],[3.85212,50.95288],[3.8517,50.95358],[3.85252,50.95483],[3.85484,50.95408],[3.85397,50.95312],[3.85592,50.95252],[3.85637,50.95287],[3.8571,50.95396],[3.85886,50.95332],[3.85865,50.95311],[3.85893,50.95255],[3.85907,50.95121],[3.86019,50.9515],[3.86111,50.95154],[3.86121,50.95183],[3.86292,50.95197],[3.86291,50.95294],[3.86473,50.95281],[3.86515,50.95286],[3.8655,50.95318],[3.86695,50.95295],[3.86702,50.95357],[3.86804,50.9541],[3.86802,50.95426],[3.86843,50.95502],[3.86809,50.95518],[3.86802,50.95574],[3.86754,50.95604],[3.86851,50.95653],[3.86846,50.9567],[3.86899,50.95697],[3.86919,50.95731],[3.86885,50.95742],[3.86898,50.95799],[3.87012,50.95889],[3.87048,50.95947],[3.87013,50.95999],[3.87024,50.96021],[3.86993,50.96067],[3.87046,50.96102],[3.8704,50.96157],[3.87065,50.96183],[3.86977,50.96244],[3.86916,50.96333],[3.86876,50.96328],[3.86861,50.96396],[3.87075,50.96436],[3.87129,50.96415],[3.87291,50.96434],[3.87493,50.96493],[3.87614,50.96607],[3.87687,50.96667],[3.8773,50.96717],[3.87781,50.96738],[3.87891,50.96806],[3.87868,50.96844],[3.8791,50.9691],[3.8779,50.96935],[3.87866,50.97015],[3.87855,50.97049],[3.87931,50.97108],[3.88073,50.97107],[3.8825,50.97072],[3.88319,50.97079],[3.88358,50.97112],[3.88463,50.97132],[3.88477,50.97148],[3.88612,50.97182],[3.88954,50.97288],[3.88994,50.97288],[3.88997,50.97335],[3.89054,50.97328],[3.89213,50.97338],[3.89216,50.97376],[3.89328,50.97504],[3.89356,50.97567],[3.89396,50.97585],[3.89444,50.97646],[3.89405,50.97689],[3.89551,50.97823],[3.89799,50.97764],[3.90093,50.97933],[3.90224,50.98063],[3.9038,50.98014],[3.90485,50.9803],[3.90667,50.98072],[3.90693,50.98043],[3.90741,50.98036],[3.90776,50.97998],[3.90799,50.97938],[3.90848,50.97899],[3.90914,50.97931],[3.90955,50.97914],[3.9108,50.9794],[3.91076,50.97965],[3.91122,50.9809],[3.9111,50.98151],[3.91198,50.98185],[3.91183,50.98299],[3.9125,50.98354],[3.91242,50.98418],[3.9126,50.98497],[3.91301,50.98569],[3.91348,50.98598],[3.91417,50.98608],[3.91504,50.98644],[3.91493,50.98687],[3.91434,50.98769],[3.9149,50.98812],[3.91509,50.98849],[3.91499,50.98892],[3.91516,50.98932],[3.91552,50.98956],[3.91558,50.98993],[3.91604,50.98999],[3.91632,50.99044],[3.91622,50.99116],[3.91595,50.99147],[3.91635,50.99206],[3.9161,50.99244],[3.91541,50.99275],[3.91555,50.9931],[3.91503,50.99334],[3.91518,50.9944],[3.91502,50.99464],[3.91437,50.99409],[3.91345,50.99455],[3.91312,50.99431],[3.91234,50.99509],[3.91139,50.99564],[3.91208,50.99659],[3.9131,50.99641],[3.91449,50.99753],[3.91593,50.9982],[3.91658,50.99815],[3.91731,50.99878],[3.91668,50.99894],[3.91652,50.99979],[3.91826,51.00155],[3.91827,51.00216],[3.91802,51.00295],[3.91729,51.00407],[3.91686,51.0051],[3.91643,51.00541],[3.91707,51.00619],[3.91752,51.00737],[3.9176,51.00795],[3.91591,51.00835],[3.91639,51.0094],[3.91634,51.00985],[3.91663,51.00999],[3.91751,51.01159],[3.91967,51.01223],[3.92131,51.01233],[3.92148,51.01277],[3.92157,51.01368],[3.92254,51.01536],[3.9232,51.01666],[3.92235,51.01701],[3.92107,51.01727],[3.91978,51.0174],[3.9177,51.01739],[3.91714,51.01779],[3.91689,51.01831],[3.91611,51.01906],[3.91715,51.0198],[3.91894,51.02038],[3.91933,51.02064],[3.91775,51.02253],[3.91634,51.02178],[3.91574,51.02157],[3.91447,51.02147],[3.91344,51.02165],[3.91176,51.02223],[3.91096,51.02285],[3.90968,51.02303],[3.9081,51.02304],[3.90571,51.02294],[3.90368,51.02239],[3.90254,51.0222],[3.90223,51.02201],[3.90042,51.02188],[3.8985,51.02145],[3.89788,51.02163],[3.89754,51.02154],[3.89529,51.02167],[3.89464,51.02183],[3.89405,51.02228],[3.894,51.02263],[3.89356,51.02363],[3.89265,51.02434],[3.8918,51.02471],[3.89068,51.02473],[3.88904,51.02496],[3.8882,51.0252],[3.88484,51.02658],[3.88433,51.02687],[3.88363,51.02769],[3.88219,51.02795],[3.88129,51.02834],[3.88055,51.02793],[3.8803,51.02753],[3.88078,51.02733],[3.87966,51.0248],[3.87975,51.02352],[3.87949,51.02194],[3.87928,51.02109],[3.87902,51.02165],[3.87854,51.02223],[3.87701,51.0222],[3.8767,51.02231],[3.87621,51.02317],[3.87482,51.02284],[3.87313,51.02334],[3.87137,51.02324],[3.87056,51.02312],[3.86851,51.02246],[3.86755,51.02135],[3.86671,51.02086],[3.86594,51.02077],[3.86569,51.02092],[3.86429,51.02039],[3.86292,51.02036],[3.86094,51.02024],[3.85686,51.02053],[3.85585,51.02023],[3.85268,51.02055],[3.85186,51.02041],[3.85071,51.02054],[3.85067,51.01995],[3.84732,51.02004],[3.84677,51.01998],[3.84631,51.01831],[3.84613,51.01822],[3.82821,51.01729],[3.82775,51.01911],[3.82546,51.01924],[3.82471,51.01939]]]}},{"type":"Feature","id":"42026","bbox":[3.911386,50.971312,4.006342,51.034259],"properties":{"nis":"42026","name":"Wichelen","nameNl":"Wichelen","nameFr":"Wichelen","nameDe":"Wichelen","province":"oost-vlaanderen","region":"flanders","areaKm2":23.14},"geometry":{"type":"Polygon","coordinates":[[[3.91775,51.02253],[3.91933,51.02064],[3.91894,51.02038],[3.91715,51.0198],[3.91611,51.01906],[3.91689,51.01831],[3.91714,51.01779],[3.9177,51.01739],[3.91978,51.0174],[3.92107,51.01727],[3.92235,51.01701],[3.9232,51.01666],[3.92254,51.01536],[3.92157,51.01368],[3.92148,51.01277],[3.92131,51.01233],[3.91967,51.01223],[3.91751,51.01159],[3.91663,51.00999],[3.91634,51.00985],[3.91639,51.0094],[3.91591,51.00835],[3.9176,51.00795],[3.91752,51.00737],[3.91707,51.00619],[3.91643,51.00541],[3.91686,51.0051],[3.91729,51.00407],[3.91802,51.00295],[3.91827,51.00216],[3.91826,51.00155],[3.91652,50.99979],[3.91668,50.99894],[3.91731,50.99878],[3.91658,50.99815],[3.91593,50.9982],[3.91449,50.99753],[3.9131,50.99641],[3.91208,50.99659],[3.91139,50.99564],[3.91234,50.99509],[3.91312,50.99431],[3.91345,50.99455],[3.91437,50.99409],[3.91502,50.99464],[3.91518,50.9944],[3.91503,50.99334],[3.91555,50.9931],[3.91541,50.99275],[3.9161,50.99244],[3.91635,50.99206],[3.91595,50.99147],[3.91622,50.99116],[3.91632,50.99044],[3.91604,50.98999],[3.91558,50.98993],[3.91552,50.98956],[3.91516,50.98932],[3.91499,50.98892],[3.91509,50.98849],[3.9149,50.98812],[3.91434,50.98769],[3.91493,50.98687],[3.91504,50.98644],[3.91417,50.98608],[3.91348,50.98598],[3.91301,50.98569],[3.9126,50.98497],[3.91242,50.98418],[3.9125,50.98354],[3.91312,50.98342],[3.9145,50.98258],[3.91496,50.98257],[3.91535,50.98219],[3.91588,50.98193],[3.91688,50.9817],[3.91669,50.98153],[3.91823,50.97988],[3.91851,50.9797],[3.91984,50.97927],[3.92077,50.97909],[3.92151,50.97911],[3.92341,50.97855],[3.92433,50.97879],[3.92471,50.979],[3.92607,50.97907],[3.92679,50.97925],[3.928,50.97939],[3.92872,50.97915],[3.92951,50.9784],[3.93001,50.97752],[3.93203,50.97727],[3.93358,50.97723],[3.93469,50.97683],[3.93569,50.97617],[3.93602,50.97661],[3.93751,50.97686],[3.93866,50.97719],[3.93946,50.97727],[3.94047,50.97767],[3.94091,50.97771],[3.94325,50.9769],[3.94479,50.97581],[3.9457,50.97498],[3.94745,50.97381],[3.94817,50.97313],[3.94697,50.9717],[3.9477,50.97131],[3.94841,50.97133],[3.94857,50.97156],[3.94961,50.97225],[3.95045,50.97239],[3.95142,50.97361],[3.95301,50.9746],[3.95119,50.97504],[3.95072,50.9759],[3.95052,50.97675],[3.95017,50.97708],[3.95165,50.97858],[3.9517,50.97891],[3.95149,50.98024],[3.95114,50.98115],[3.95075,50.98159],[3.95059,50.98263],[3.9539,50.98259],[3.95397,50.98287],[3.95356,50.98339],[3.95369,50.98399],[3.95523,50.9841],[3.95828,50.98368],[3.95763,50.98116],[3.96047,50.98196],[3.96254,50.98193],[3.96261,50.98231],[3.96563,50.98219],[3.96723,50.98228],[3.9688,50.98213],[3.96916,50.98272],[3.9708,50.98251],[3.97266,50.98214],[3.97454,50.98149],[3.97649,50.98153],[3.98052,50.9812],[3.98235,50.9808],[3.98355,50.98046],[3.98398,50.98051],[3.98494,50.98027],[3.98713,50.98044],[3.98908,50.98121],[3.99042,50.98168],[3.99096,50.98179],[3.99126,50.98112],[3.99266,50.98113],[3.99365,50.98138],[3.99496,50.98193],[3.99742,50.98266],[3.99886,50.98287],[4.00075,50.98371],[4.00084,50.98393],[4.00354,50.98423],[4.00559,50.98483],[4.00634,50.98512],[4.00381,50.98803],[3.99879,50.9913],[3.99725,50.9936],[3.99729,50.99397],[3.99689,50.99475],[3.99691,50.99571],[3.99666,50.99605],[3.99673,50.99685],[3.99667,50.99817],[3.99688,51.00123],[3.99704,51.00215],[3.99859,51.00222],[3.99813,51.00385],[3.99899,51.00403],[3.9986,51.00463],[3.9983,51.00472],[3.99781,51.00534],[3.99757,51.00522],[3.99648,51.00521],[3.9963,51.00541],[3.99534,51.00546],[3.99483,51.00567],[3.99456,51.00535],[3.99266,51.00459],[3.99009,51.00503],[3.98884,51.0055],[3.98847,51.00584],[3.98735,51.00591],[3.98644,51.00609],[3.98585,51.00596],[3.98475,51.00621],[3.98381,51.00658],[3.9826,51.00685],[3.98236,51.00651],[3.98173,51.00666],[3.98114,51.00699],[3.98092,51.00731],[3.98036,51.00742],[3.98009,51.00777],[3.97932,51.00823],[3.97854,51.00856],[3.97817,51.00937],[3.97747,51.01053],[3.97718,51.0115],[3.97732,51.01192],[3.97697,51.01229],[3.9773,51.0126],[3.97729,51.01355],[3.97773,51.01365],[3.97768,51.0139],[3.97813,51.01415],[3.97918,51.0157],[3.98034,51.01659],[3.98078,51.01715],[3.97944,51.01787],[3.9799,51.0181],[3.98088,51.01823],[3.98128,51.01846],[3.98049,51.01934],[3.97962,51.02075],[3.98069,51.02125],[3.981,51.02183],[3.98077,51.02221],[3.98072,51.02355],[3.97958,51.02356],[3.97955,51.02379],[3.97615,51.02313],[3.97481,51.02308],[3.9741,51.02293],[3.97243,51.02234],[3.97109,51.02166],[3.97073,51.02121],[3.97018,51.02087],[3.96938,51.01995],[3.9674,51.02092],[3.96633,51.02121],[3.96545,51.02134],[3.96438,51.02135],[3.9638,51.02127],[3.96281,51.02092],[3.96212,51.02042],[3.96168,51.01992],[3.96134,51.01923],[3.96101,51.01775],[3.96082,51.01469],[3.96054,51.01401],[3.9599,51.01327],[3.95935,51.01282],[3.95786,51.01182],[3.95709,51.01118],[3.95672,51.01056],[3.95622,51.00898],[3.95586,51.00861],[3.95463,51.008],[3.95096,51.007],[3.95034,51.00669],[3.94974,51.0062],[3.9493,51.0065],[3.9488,51.00764],[3.94722,51.00741],[3.94685,51.00819],[3.94531,51.00823],[3.94434,51.00844],[3.94133,51.00931],[3.93893,51.01058],[3.93591,51.01298],[3.93364,51.01184],[3.93095,51.01332],[3.93188,51.01464],[3.93304,51.01514],[3.93357,51.01655],[3.93343,51.01692],[3.93462,51.0184],[3.93475,51.0189],[3.93535,51.01984],[3.93611,51.02038],[3.93636,51.02075],[3.9368,51.02095],[3.93851,51.02221],[3.93955,51.02281],[3.94076,51.02321],[3.9416,51.02463],[3.94218,51.02513],[3.94207,51.02555],[3.94137,51.02684],[3.94228,51.027],[3.94103,51.0277],[3.94265,51.02868],[3.94343,51.02979],[3.94283,51.03135],[3.94148,51.03338],[3.94093,51.03303],[3.93809,51.03426],[3.93708,51.03286],[3.93517,51.03175],[3.93522,51.0315],[3.93441,51.0302],[3.93463,51.02998],[3.93389,51.02893],[3.93283,51.02905],[3.93186,51.02904],[3.93007,51.02883],[3.92883,51.02853],[3.92777,51.02814],[3.92693,51.02815],[3.92617,51.02761],[3.92501,51.02739],[3.92406,51.02743],[3.92317,51.02713],[3.92318,51.02649],[3.92391,51.02521],[3.92137,51.0243],[3.919,51.02326],[3.91775,51.02253]]]}},{"type":"Feature","id":"42028","bbox":[3.97182,51.032115,4.092524,51.102362],"properties":{"nis":"42028","name":"Zele","nameNl":"Zele","nameFr":"Zele","nameDe":"Zele","province":"oost-vlaanderen","region":"flanders","areaKm2":33.09},"geometry":{"type":"Polygon","coordinates":[[[4.03405,51.09489],[4.01528,51.08382],[4.01223,51.08217],[4.00901,51.08071],[4.00424,51.07885],[4.00288,51.0784],[3.99826,51.07707],[3.99507,51.07631],[3.9916,51.07566],[3.98823,51.07515],[3.98491,51.07482],[3.98053,51.07447],[3.97182,51.07394],[3.97263,51.07175],[3.97341,51.06801],[3.97288,51.06745],[3.97388,51.06587],[3.97479,51.06616],[3.97586,51.06547],[3.97702,51.06403],[3.9779,51.06268],[3.97905,51.06147],[3.97774,51.06098],[3.98001,51.06001],[3.97893,51.05927],[3.98013,51.05823],[3.97885,51.05757],[3.97937,51.057],[3.98056,51.05626],[3.97929,51.05557],[3.97847,51.05523],[3.97875,51.05469],[3.98024,51.05233],[3.97999,51.05219],[3.9805,51.05148],[3.98205,51.0524],[3.98295,51.05274],[3.98447,51.0532],[3.98638,51.05346],[3.98717,51.05344],[3.988,51.05361],[3.98981,51.05364],[3.99166,51.05347],[3.99248,51.05331],[3.99345,51.05327],[3.9952,51.05303],[3.99555,51.05276],[3.99694,51.05244],[3.99705,51.05254],[3.99805,51.05196],[4.00003,51.05272],[3.99936,51.05384],[4.00667,51.05553],[4.00969,51.05606],[4.01049,51.05557],[4.01086,51.05514],[4.01214,51.05251],[4.01319,51.05067],[4.01312,51.04995],[4.01136,51.04604],[4.01075,51.04437],[4.01023,51.04382],[4.0086,51.04355],[4.00824,51.04339],[4.00858,51.04245],[4.00871,51.04141],[4.00819,51.03975],[4.00802,51.03897],[4.00824,51.03893],[4.01002,51.03926],[4.01257,51.0399],[4.02655,51.04167],[4.02717,51.04069],[4.0291,51.04086],[4.0318,51.04075],[4.03241,51.04013],[4.03208,51.03907],[4.03224,51.03819],[4.03263,51.03713],[4.03316,51.03694],[4.0342,51.03584],[4.03402,51.03464],[4.03413,51.03433],[4.03592,51.03398],[4.03554,51.03357],[4.03703,51.03288],[4.03852,51.03259],[4.03939,51.03211],[4.04023,51.0326],[4.04083,51.03275],[4.04052,51.03358],[4.0404,51.03451],[4.04096,51.03562],[4.04255,51.03654],[4.04441,51.0375],[4.04454,51.03801],[4.04549,51.04009],[4.04636,51.04129],[4.04779,51.04256],[4.04961,51.04408],[4.05108,51.04497],[4.05252,51.04577],[4.05599,51.04789],[4.05891,51.04864],[4.06454,51.04976],[4.06636,51.04943],[4.06842,51.04871],[4.07051,51.04898],[4.07157,51.05004],[4.07347,51.05043],[4.07697,51.0496],[4.0785,51.04941],[4.0786,51.05069],[4.07803,51.05102],[4.07774,51.05145],[4.0764,51.05172],[4.07603,51.05229],[4.07554,51.05268],[4.07495,51.05291],[4.07335,51.053],[4.07268,51.05349],[4.07242,51.05389],[4.07276,51.05426],[4.07641,51.05571],[4.07949,51.05686],[4.08026,51.05724],[4.07978,51.05791],[4.07921,51.05822],[4.07906,51.0586],[4.0779,51.05931],[4.07763,51.05979],[4.0789,51.06077],[4.07958,51.06115],[4.08006,51.06114],[4.0828,51.06167],[4.08426,51.06007],[4.08633,51.06081],[4.0871,51.06104],[4.08713,51.06161],[4.08821,51.06168],[4.0899,51.06222],[4.08985,51.06272],[4.09098,51.06349],[4.09061,51.06426],[4.0898,51.06538],[4.08981,51.06552],[4.09056,51.06583],[4.09252,51.06639],[4.09075,51.06811],[4.0902,51.06827],[4.0875,51.07105],[4.08738,51.07267],[4.08719,51.07308],[4.08485,51.07263],[4.0823,51.07381],[4.08214,51.07455],[4.08172,51.07492],[4.08141,51.07658],[4.08291,51.07637],[4.08481,51.07646],[4.08406,51.07765],[4.08341,51.07809],[4.08337,51.07872],[4.08361,51.08023],[4.08286,51.08054],[4.07974,51.0817],[4.08,51.08201],[4.07962,51.08253],[4.07873,51.08415],[4.07755,51.08612],[4.07668,51.08598],[4.07559,51.08772],[4.07467,51.08765],[4.07427,51.08828],[4.07123,51.08751],[4.06819,51.08666],[4.06506,51.08559],[4.06385,51.08768],[4.06311,51.08965],[4.06264,51.09186],[4.06261,51.09265],[4.06203,51.09415],[4.061,51.09716],[4.06146,51.09938],[4.06098,51.10031],[4.06064,51.10036],[4.05962,51.10236],[4.05836,51.10168],[4.05779,51.10154],[4.05583,51.10163],[4.05466,51.10181],[4.05322,51.10174],[4.05277,51.10146],[4.05064,51.10074],[4.05026,51.10048],[4.05028,51.0995],[4.05014,51.09875],[4.0494,51.09845],[4.04809,51.09809],[4.04672,51.09738],[4.04474,51.09696],[4.04442,51.09678],[4.0444,51.09644],[4.04494,51.09587],[4.04508,51.09513],[4.04482,51.09498],[4.04285,51.09548],[4.04182,51.09537],[4.04072,51.09464],[4.03947,51.09457],[4.03758,51.09485],[4.03617,51.09448],[4.03581,51.09462],[4.03477,51.09459],[4.03405,51.09489]]]}},{"type":"Feature","id":"43002","bbox":[3.612527,51.167763,3.795473,51.280831],"properties":{"nis":"43002","name":"Assenede","nameNl":"Assenede","nameFr":"Assenede","nameDe":"Assenede","province":"oost-vlaanderen","region":"flanders","areaKm2":87.2},"geometry":{"type":"Polygon","coordinates":[[[3.68699,51.28083],[3.68494,51.2751],[3.68266,51.26879],[3.68355,51.26759],[3.68371,51.26719],[3.68331,51.26517],[3.68404,51.26383],[3.6845,51.26356],[3.68495,51.26222],[3.68291,51.25972],[3.68309,51.25947],[3.68264,51.25931],[3.68187,51.25862],[3.67909,51.25811],[3.67848,51.2577],[3.67763,51.25763],[3.67468,51.25695],[3.67197,51.25642],[3.67044,51.25609],[3.66256,51.25457],[3.65716,51.25473],[3.65473,51.25476],[3.65465,51.25555],[3.65176,51.25575],[3.6491,51.25566],[3.64603,51.25528],[3.64027,51.25452],[3.63983,51.25454],[3.63595,51.254],[3.62968,51.25259],[3.62996,51.25167],[3.62783,51.25138],[3.62438,51.25053],[3.62321,51.2502],[3.62213,51.24999],[3.62009,51.24947],[3.61882,51.24935],[3.61256,51.24902],[3.61253,51.24812],[3.61261,51.24697],[3.61326,51.2455],[3.61377,51.24453],[3.61456,51.24474],[3.61702,51.24657],[3.61802,51.24684],[3.62091,51.24694],[3.62307,51.24681],[3.62498,51.24695],[3.62627,51.24679],[3.62895,51.24735],[3.62958,51.24564],[3.63059,51.24371],[3.63231,51.24113],[3.63325,51.23732],[3.63383,51.23558],[3.63389,51.23163],[3.63438,51.23093],[3.6358,51.23178],[3.63729,51.23191],[3.63965,51.23295],[3.6402,51.23295],[3.64185,51.23365],[3.64358,51.23499],[3.64446,51.23546],[3.64441,51.23046],[3.64893,51.2309],[3.65036,51.23113],[3.65276,51.23138],[3.6558,51.23162],[3.65693,51.22816],[3.65519,51.22781],[3.65433,51.22783],[3.65342,51.22757],[3.65379,51.22599],[3.65453,51.22525],[3.65485,51.22456],[3.6562,51.22316],[3.65703,51.22208],[3.65728,51.22127],[3.65811,51.22038],[3.66014,51.21228],[3.66119,51.20863],[3.66134,51.20715],[3.66228,51.20725],[3.66239,51.20568],[3.66417,51.20523],[3.66243,51.20288],[3.66359,51.20211],[3.66422,51.20212],[3.66415,51.19318],[3.6621,51.19213],[3.66162,51.1917],[3.66191,51.19152],[3.66127,51.19076],[3.66094,51.18962],[3.66051,51.18753],[3.6602,51.1873],[3.66148,51.18394],[3.66215,51.1814],[3.66198,51.18102],[3.6624,51.18007],[3.66336,51.17413],[3.66361,51.17331],[3.66425,51.1707],[3.66508,51.1681],[3.67127,51.16778],[3.67195,51.16776],[3.67505,51.16807],[3.67775,51.16838],[3.68039,51.16859],[3.68249,51.16871],[3.6894,51.1681],[3.69245,51.16781],[3.69288,51.16785],[3.69143,51.16876],[3.69074,51.16957],[3.69046,51.17027],[3.6907,51.17047],[3.69207,51.17044],[3.69156,51.17193],[3.69141,51.17332],[3.69116,51.1742],[3.69066,51.17642],[3.6899,51.17906],[3.68942,51.18093],[3.68979,51.18124],[3.69034,51.18199],[3.69105,51.18351],[3.69225,51.18564],[3.69629,51.18439],[3.69772,51.18397],[3.70013,51.18335],[3.70719,51.1813],[3.7087,51.18075],[3.71159,51.1799],[3.71844,51.17772],[3.72225,51.17643],[3.72404,51.17545],[3.7247,51.17609],[3.72734,51.17775],[3.72804,51.17812],[3.72909,51.17852],[3.72995,51.17873],[3.72983,51.17991],[3.72983,51.18085],[3.72958,51.18186],[3.72948,51.1836],[3.72982,51.18366],[3.72938,51.18426],[3.72905,51.18559],[3.72945,51.18687],[3.72971,51.18811],[3.72963,51.18821],[3.72993,51.18972],[3.73056,51.19174],[3.73075,51.19262],[3.73039,51.19445],[3.73032,51.19524],[3.7295,51.19625],[3.7288,51.19723],[3.72825,51.19767],[3.73036,51.19852],[3.73123,51.19871],[3.73188,51.19771],[3.73203,51.19685],[3.73279,51.19552],[3.73411,51.19554],[3.73539,51.19571],[3.7394,51.19368],[3.74004,51.19327],[3.74093,51.19254],[3.7429,51.19273],[3.74445,51.19295],[3.74689,51.19305],[3.74765,51.19284],[3.74792,51.19245],[3.74829,51.19152],[3.74893,51.19155],[3.75235,51.19123],[3.75369,51.19103],[3.75467,51.19058],[3.75508,51.19019],[3.75629,51.19019],[3.75876,51.19071],[3.75987,51.19086],[3.7633,51.19122],[3.76458,51.19142],[3.76465,51.19134],[3.76811,51.19193],[3.76954,51.19235],[3.76876,51.1931],[3.76726,51.19491],[3.76588,51.19619],[3.76733,51.19679],[3.76856,51.19748],[3.76914,51.19768],[3.77016,51.19893],[3.77264,51.19877],[3.77277,51.19923],[3.77349,51.19926],[3.77507,51.19911],[3.77526,51.19941],[3.77645,51.20047],[3.7773,51.20161],[3.77875,51.20235],[3.77777,51.20296],[3.77824,51.20358],[3.77791,51.20362],[3.77842,51.20478],[3.77992,51.20766],[3.78019,51.20803],[3.78029,51.20911],[3.78052,51.2096],[3.78144,51.21106],[3.78231,51.21231],[3.78338,51.2131],[3.78529,51.2116],[3.79032,51.2141],[3.79089,51.21426],[3.79034,51.21524],[3.78958,51.21597],[3.78954,51.21634],[3.78974,51.21893],[3.78965,51.22013],[3.7889,51.22347],[3.78857,51.22609],[3.78846,51.22651],[3.78866,51.23086],[3.789,51.23753],[3.78946,51.2458],[3.79411,51.25365],[3.79547,51.25605],[3.79506,51.2562],[3.78543,51.2585],[3.78541,51.25872],[3.78387,51.25924],[3.7783,51.26235],[3.77808,51.2625],[3.77426,51.26389],[3.77373,51.26397],[3.77306,51.262],[3.77278,51.26175],[3.7695,51.2599],[3.76921,51.25989],[3.76249,51.26179],[3.75966,51.26497],[3.75993,51.2654],[3.75935,51.26583],[3.75866,51.26604],[3.75574,51.26934],[3.75244,51.27026],[3.75174,51.26916],[3.74945,51.2695],[3.74672,51.26998],[3.74294,51.2705],[3.74024,51.27091],[3.73875,51.27118],[3.73323,51.27201],[3.73084,51.27238],[3.72697,51.2731],[3.72313,51.27334],[3.71929,51.27257],[3.71898,51.27216],[3.71891,51.27154],[3.71664,51.27181],[3.71412,51.27218],[3.71228,51.27218],[3.70961,51.2726],[3.70585,51.27364],[3.70428,51.27392],[3.6981,51.27515],[3.69372,51.27608],[3.69331,51.27639],[3.69272,51.2776],[3.68993,51.28061],[3.68699,51.28083]]]}},{"type":"Feature","id":"43005","bbox":[3.508273,51.162312,3.609127,51.218833],"properties":{"nis":"43005","name":"Eeklo","nameNl":"Eeklo","nameFr":"Eeklo","nameDe":"Eeklo","province":"oost-vlaanderen","region":"flanders","areaKm2":30.3},"geometry":{"type":"Polygon","coordinates":[[[3.57542,51.21831],[3.57103,51.2184],[3.5697,51.21862],[3.56949,51.21821],[3.52765,51.21851],[3.52722,51.21827],[3.51653,51.21883],[3.5155,51.21867],[3.50827,51.21552],[3.5108,51.21369],[3.51153,51.21301],[3.5126,51.21223],[3.51361,51.21131],[3.51438,51.21047],[3.51484,51.20974],[3.51521,51.20872],[3.51543,51.20755],[3.51533,51.20482],[3.51549,51.20405],[3.51588,51.20283],[3.51676,51.20161],[3.51758,51.20081],[3.5248,51.19552],[3.52561,51.19479],[3.52626,51.19371],[3.52662,51.19274],[3.52661,51.19155],[3.52632,51.18877],[3.52637,51.18767],[3.52688,51.18629],[3.52805,51.18471],[3.53068,51.18159],[3.53311,51.179],[3.53646,51.17505],[3.53891,51.17204],[3.53941,51.17117],[3.545,51.16231],[3.54536,51.16243],[3.54969,51.16349],[3.5508,51.16378],[3.55413,51.16478],[3.55575,51.16518],[3.5576,51.16552],[3.55942,51.16598],[3.5615,51.16657],[3.56191,51.16796],[3.56282,51.16985],[3.56996,51.17013],[3.57002,51.16991],[3.57113,51.16879],[3.5731,51.16713],[3.5738,51.16669],[3.57468,51.16662],[3.57533,51.16679],[3.57804,51.16776],[3.58159,51.16893],[3.58335,51.16956],[3.58476,51.17017],[3.5839,51.17245],[3.58656,51.17249],[3.58953,51.17262],[3.59318,51.1727],[3.59395,51.17371],[3.59383,51.17538],[3.60614,51.17302],[3.60855,51.17266],[3.60892,51.17422],[3.60854,51.17462],[3.60867,51.17559],[3.60876,51.17868],[3.60886,51.17995],[3.60882,51.18229],[3.60889,51.18328],[3.6087,51.18439],[3.60835,51.18491],[3.60898,51.18499],[3.6085,51.18565],[3.60913,51.18604],[3.60827,51.1875],[3.60584,51.19232],[3.60563,51.19315],[3.60524,51.19381],[3.60497,51.19467],[3.60548,51.1948],[3.60469,51.19562],[3.60597,51.19621],[3.60435,51.19717],[3.59594,51.20193],[3.59557,51.20351],[3.59614,51.20366],[3.59809,51.20365],[3.5994,51.20371],[3.60378,51.20372],[3.60518,51.20368],[3.6061,51.20351],[3.60493,51.20496],[3.60426,51.2056],[3.60328,51.20627],[3.60252,51.20692],[3.60226,51.2074],[3.60207,51.2083],[3.60233,51.20963],[3.60091,51.211],[3.60011,51.2126],[3.59955,51.21335],[3.59854,51.21361],[3.59599,51.21379],[3.59467,51.21384],[3.5939,51.21547],[3.59375,51.21604],[3.59158,51.2154],[3.59069,51.21566],[3.58939,51.21794],[3.58893,51.21799],[3.58657,51.21734],[3.58133,51.21603],[3.57649,51.21465],[3.57581,51.21601],[3.57474,51.21782],[3.57542,51.21831]]]}},{"type":"Feature","id":"43007","bbox":[3.574743,51.1681,3.66508,51.249401],"properties":{"nis":"43007","name":"Kaprijke","nameNl":"Kaprijke","nameFr":"Kaprijke","nameDe":"Kaprijke","province":"oost-vlaanderen","region":"flanders","areaKm2":33.51},"geometry":{"type":"Polygon","coordinates":[[[3.61256,51.24902],[3.61241,51.2494],[3.61105,51.24906],[3.60899,51.24841],[3.60449,51.24715],[3.60476,51.24692],[3.60335,51.24658],[3.60227,51.24601],[3.59788,51.24228],[3.59187,51.23631],[3.59142,51.23528],[3.59018,51.23191],[3.58849,51.23049],[3.58804,51.22974],[3.57542,51.21831],[3.57474,51.21782],[3.57581,51.21601],[3.57649,51.21465],[3.58133,51.21603],[3.58657,51.21734],[3.58893,51.21799],[3.58939,51.21794],[3.59069,51.21566],[3.59158,51.2154],[3.59375,51.21604],[3.5939,51.21547],[3.59467,51.21384],[3.59599,51.21379],[3.59854,51.21361],[3.59955,51.21335],[3.60011,51.2126],[3.60091,51.211],[3.60233,51.20963],[3.60207,51.2083],[3.60226,51.2074],[3.60252,51.20692],[3.60328,51.20627],[3.60426,51.2056],[3.60493,51.20496],[3.6061,51.20351],[3.60518,51.20368],[3.60378,51.20372],[3.5994,51.20371],[3.59809,51.20365],[3.59614,51.20366],[3.59557,51.20351],[3.59594,51.20193],[3.60435,51.19717],[3.60597,51.19621],[3.60469,51.19562],[3.60548,51.1948],[3.60497,51.19467],[3.60524,51.19381],[3.60563,51.19315],[3.60584,51.19232],[3.60827,51.1875],[3.60913,51.18604],[3.6085,51.18565],[3.60898,51.18499],[3.60835,51.18491],[3.6087,51.18439],[3.60889,51.18328],[3.60882,51.18229],[3.60886,51.17995],[3.60876,51.17868],[3.60867,51.17559],[3.60854,51.17462],[3.60892,51.17422],[3.60855,51.17266],[3.60949,51.17268],[3.61031,51.17297],[3.61145,51.17309],[3.61246,51.17288],[3.61335,51.17238],[3.61401,51.17219],[3.6147,51.17227],[3.61581,51.17262],[3.61875,51.17258],[3.62723,51.17296],[3.63771,51.17268],[3.64578,51.1699],[3.64724,51.16949],[3.64979,51.16972],[3.65066,51.16957],[3.65371,51.16874],[3.65699,51.16844],[3.6603,51.16819],[3.66508,51.1681],[3.66425,51.1707],[3.66361,51.17331],[3.66336,51.17413],[3.6624,51.18007],[3.66198,51.18102],[3.66215,51.1814],[3.66148,51.18394],[3.6602,51.1873],[3.66051,51.18753],[3.66094,51.18962],[3.66127,51.19076],[3.66191,51.19152],[3.66162,51.1917],[3.6621,51.19213],[3.66415,51.19318],[3.66422,51.20212],[3.66359,51.20211],[3.66243,51.20288],[3.66417,51.20523],[3.66239,51.20568],[3.66228,51.20725],[3.66134,51.20715],[3.66119,51.20863],[3.66014,51.21228],[3.65811,51.22038],[3.65728,51.22127],[3.65703,51.22208],[3.6562,51.22316],[3.65485,51.22456],[3.65453,51.22525],[3.65379,51.22599],[3.65342,51.22757],[3.65433,51.22783],[3.65519,51.22781],[3.65693,51.22816],[3.6558,51.23162],[3.65276,51.23138],[3.65036,51.23113],[3.64893,51.2309],[3.64441,51.23046],[3.64446,51.23546],[3.64358,51.23499],[3.64185,51.23365],[3.6402,51.23295],[3.63965,51.23295],[3.63729,51.23191],[3.6358,51.23178],[3.63438,51.23093],[3.63389,51.23163],[3.63383,51.23558],[3.63325,51.23732],[3.63231,51.24113],[3.63059,51.24371],[3.62958,51.24564],[3.62895,51.24735],[3.62627,51.24679],[3.62498,51.24695],[3.62307,51.24681],[3.62091,51.24694],[3.61802,51.24684],[3.61702,51.24657],[3.61456,51.24474],[3.61377,51.24453],[3.61326,51.2455],[3.61261,51.24697],[3.61253,51.24812],[3.61256,51.24902]]]}},{"type":"Feature","id":"43010","bbox":[3.360226,51.146854,3.545003,51.274455],"properties":{"nis":"43010","name":"Maldegem","nameNl":"Maldegem","nameFr":"Maldegem","nameDe":"Maldegem","province":"oost-vlaanderen","region":"flanders","areaKm2":95.3},"geometry":{"type":"Polygon","coordinates":[[[3.47575,51.24274],[3.47465,51.24261],[3.47166,51.24247],[3.46786,51.24225],[3.46058,51.24197],[3.46028,51.2419],[3.44848,51.24156],[3.44828,51.24149],[3.44701,51.2416],[3.44443,51.24211],[3.44439,51.24273],[3.44202,51.24314],[3.44083,51.2434],[3.43576,51.2446],[3.43232,51.24561],[3.42748,51.24466],[3.42714,51.24521],[3.42703,51.24598],[3.42671,51.2467],[3.42622,51.24737],[3.42548,51.2495],[3.42549,51.2503],[3.42532,51.25098],[3.42497,51.25336],[3.42477,51.2541],[3.42403,51.25484],[3.42298,51.2554],[3.42156,51.25664],[3.42041,51.25698],[3.41915,51.25719],[3.41847,51.25746],[3.41777,51.25804],[3.41772,51.25903],[3.41722,51.25972],[3.41684,51.26001],[3.41602,51.25997],[3.41511,51.25958],[3.41381,51.2587],[3.41322,51.25787],[3.41246,51.25734],[3.41118,51.25683],[3.40901,51.25666],[3.40772,51.25685],[3.40663,51.2574],[3.4063,51.25778],[3.40507,51.26063],[3.40424,51.26167],[3.40335,51.26234],[3.40253,51.26284],[3.401,51.2633],[3.3979,51.2638],[3.39673,51.2641],[3.39544,51.26473],[3.39463,51.26534],[3.39294,51.26711],[3.39294,51.26718],[3.38895,51.2712],[3.38858,51.27257],[3.38798,51.27319],[3.38704,51.2737],[3.38582,51.27395],[3.38393,51.27384],[3.38193,51.27415],[3.38118,51.27446],[3.38133,51.27362],[3.37997,51.27268],[3.38189,51.27184],[3.38149,51.27094],[3.38235,51.27043],[3.38448,51.27032],[3.38387,51.2679],[3.38355,51.26692],[3.3834,51.26685],[3.385,51.26474],[3.38655,51.26263],[3.3877,51.263],[3.38851,51.26135],[3.38942,51.25967],[3.39048,51.25797],[3.39352,51.25296],[3.39433,51.25293],[3.39509,51.25209],[3.39558,51.25112],[3.39681,51.24917],[3.39653,51.24846],[3.39671,51.24807],[3.39731,51.24599],[3.3977,51.24507],[3.39804,51.24387],[3.39833,51.24323],[3.3984,51.24082],[3.39861,51.23928],[3.39885,51.23837],[3.39929,51.23727],[3.39543,51.23586],[3.39444,51.23569],[3.39103,51.23443],[3.38977,51.23404],[3.38813,51.23366],[3.38638,51.23313],[3.38516,51.23269],[3.38321,51.23234],[3.38126,51.23187],[3.38043,51.23157],[3.37918,51.23123],[3.37745,51.23067],[3.36849,51.22812],[3.368,51.22793],[3.36686,51.22723],[3.37026,51.22385],[3.36872,51.22361],[3.37018,51.22314],[3.37036,51.22121],[3.37055,51.22081],[3.37686,51.2213],[3.37752,51.21756],[3.37756,51.21749],[3.37928,51.21736],[3.37964,51.21696],[3.38037,51.21441],[3.37867,51.21427],[3.37899,51.21384],[3.37984,51.2123],[3.37973,51.21225],[3.38134,51.21005],[3.38233,51.20881],[3.38301,51.20818],[3.38308,51.20751],[3.38267,51.20663],[3.38334,51.2048],[3.38306,51.20378],[3.38423,51.20363],[3.3842,51.20348],[3.38552,51.20332],[3.38434,51.20207],[3.38311,51.20037],[3.38233,51.19979],[3.37982,51.1987],[3.37816,51.19793],[3.37742,51.19784],[3.37766,51.19694],[3.3765,51.19693],[3.37445,51.19715],[3.3743,51.19751],[3.36851,51.19693],[3.36479,51.1966],[3.36623,51.19342],[3.36546,51.19324],[3.36022,51.19186],[3.36088,51.19115],[3.3623,51.19015],[3.36302,51.18899],[3.36532,51.18684],[3.36682,51.18772],[3.36878,51.18847],[3.3707,51.18936],[3.37127,51.18968],[3.37074,51.19022],[3.37441,51.19054],[3.37526,51.19008],[3.37689,51.1897],[3.37941,51.18884],[3.38323,51.18767],[3.38654,51.18736],[3.38676,51.18681],[3.38715,51.18352],[3.38703,51.1834],[3.38732,51.18259],[3.38759,51.1812],[3.39108,51.17741],[3.39359,51.17537],[3.39341,51.17528],[3.39598,51.17283],[3.39772,51.17061],[3.39827,51.16974],[3.40053,51.16673],[3.40138,51.16573],[3.40442,51.16229],[3.40667,51.15969],[3.40865,51.16108],[3.4101,51.16041],[3.41096,51.1599],[3.4127,51.15899],[3.41485,51.15978],[3.41797,51.15834],[3.41869,51.15836],[3.42954,51.1549],[3.4406,51.1517],[3.44399,51.15095],[3.44922,51.14983],[3.45094,51.15395],[3.45805,51.15291],[3.46568,51.15153],[3.47386,51.15152],[3.47806,51.15143],[3.48006,51.15148],[3.48129,51.15158],[3.48192,51.15151],[3.48935,51.15179],[3.49056,51.1528],[3.49182,51.15226],[3.49308,51.15153],[3.49401,51.15079],[3.49518,51.15048],[3.50655,51.14784],[3.50771,51.14792],[3.50965,51.14736],[3.51141,51.14723],[3.51169,51.14706],[3.51262,51.14709],[3.51288,51.14734],[3.51382,51.14685],[3.51583,51.1469],[3.5151,51.14746],[3.51589,51.14794],[3.51747,51.14915],[3.52054,51.15036],[3.52103,51.15047],[3.52203,51.1513],[3.52226,51.152],[3.52301,51.15244],[3.52335,51.15287],[3.52356,51.15346],[3.52283,51.1541],[3.52331,51.15434],[3.52316,51.15454],[3.52419,51.1549],[3.52514,51.15462],[3.52566,51.15556],[3.52709,51.15717],[3.52817,51.15791],[3.52886,51.15781],[3.5295,51.15857],[3.52921,51.1587],[3.53025,51.15976],[3.53011,51.1599],[3.53246,51.16136],[3.53323,51.16156],[3.53444,51.16214],[3.53543,51.16167],[3.53602,51.1619],[3.53711,51.16171],[3.53979,51.16239],[3.54173,51.16221],[3.54368,51.16221],[3.545,51.16231],[3.53941,51.17117],[3.53891,51.17204],[3.53646,51.17505],[3.53311,51.179],[3.53068,51.18159],[3.52805,51.18471],[3.52688,51.18629],[3.52637,51.18767],[3.52632,51.18877],[3.52661,51.19155],[3.52662,51.19274],[3.52626,51.19371],[3.52561,51.19479],[3.5248,51.19552],[3.51758,51.20081],[3.51676,51.20161],[3.51588,51.20283],[3.51549,51.20405],[3.51533,51.20482],[3.51543,51.20755],[3.51521,51.20872],[3.51484,51.20974],[3.51438,51.21047],[3.51361,51.21131],[3.5126,51.21223],[3.51153,51.21301],[3.5108,51.21369],[3.50827,51.21552],[3.50575,51.21712],[3.49286,51.22361],[3.48723,51.22651],[3.48549,51.2273],[3.48357,51.22795],[3.48224,51.22824],[3.48456,51.23098],[3.48302,51.23118],[3.48505,51.234],[3.48402,51.23421],[3.48156,51.23401],[3.47958,51.23409],[3.48423,51.24065],[3.47582,51.2408],[3.47613,51.24251],[3.47575,51.24274]]]}},{"type":"Feature","id":"43014","bbox":[3.475735,51.215518,3.686996,51.305947],"properties":{"nis":"43014","name":"Sint-Laureins","nameNl":"Sint-Laureins","nameFr":"Saint-Laurent","nameDe":"Sint-Laureins","province":"oost-vlaanderen","region":"flanders","areaKm2":74.25},"geometry":{"type":"Polygon","coordinates":[[[3.47575,51.24274],[3.47613,51.24251],[3.47582,51.2408],[3.48423,51.24065],[3.47958,51.23409],[3.48156,51.23401],[3.48402,51.23421],[3.48505,51.234],[3.48302,51.23118],[3.48456,51.23098],[3.48224,51.22824],[3.48357,51.22795],[3.48549,51.2273],[3.48723,51.22651],[3.49286,51.22361],[3.50575,51.21712],[3.50827,51.21552],[3.5155,51.21867],[3.51653,51.21883],[3.52722,51.21827],[3.52765,51.21851],[3.56949,51.21821],[3.5697,51.21862],[3.57103,51.2184],[3.57542,51.21831],[3.58804,51.22974],[3.58849,51.23049],[3.59018,51.23191],[3.59142,51.23528],[3.59187,51.23631],[3.59788,51.24228],[3.60227,51.24601],[3.60335,51.24658],[3.60476,51.24692],[3.60449,51.24715],[3.60899,51.24841],[3.61105,51.24906],[3.61241,51.2494],[3.61256,51.24902],[3.61882,51.24935],[3.62009,51.24947],[3.62213,51.24999],[3.62321,51.2502],[3.62438,51.25053],[3.62783,51.25138],[3.62996,51.25167],[3.62968,51.25259],[3.63595,51.254],[3.63983,51.25454],[3.64027,51.25452],[3.64603,51.25528],[3.6491,51.25566],[3.65176,51.25575],[3.65465,51.25555],[3.65473,51.25476],[3.65716,51.25473],[3.66256,51.25457],[3.67044,51.25609],[3.67197,51.25642],[3.67468,51.25695],[3.67763,51.25763],[3.67848,51.2577],[3.67909,51.25811],[3.68187,51.25862],[3.68264,51.25931],[3.68309,51.25947],[3.68291,51.25972],[3.68495,51.26222],[3.6845,51.26356],[3.68404,51.26383],[3.68331,51.26517],[3.68371,51.26719],[3.68355,51.26759],[3.68266,51.26879],[3.68494,51.2751],[3.68699,51.28083],[3.68257,51.28109],[3.68081,51.28097],[3.67791,51.28053],[3.67676,51.28307],[3.67326,51.28445],[3.66684,51.28688],[3.66215,51.28872],[3.6617,51.28884],[3.6581,51.29019],[3.65597,51.29024],[3.65518,51.29031],[3.65404,51.29017],[3.64672,51.29013],[3.64438,51.29011],[3.64392,51.28923],[3.64317,51.28866],[3.64092,51.28813],[3.64009,51.28833],[3.63261,51.29098],[3.63133,51.29104],[3.63088,51.29157],[3.63021,51.29177],[3.62571,51.29334],[3.62147,51.29275],[3.62114,51.2928],[3.61921,51.29425],[3.61876,51.29574],[3.61857,51.29591],[3.61542,51.29703],[3.61452,51.29761],[3.61266,51.29794],[3.59082,51.30442],[3.59178,51.30534],[3.59001,51.30595],[3.58583,51.30167],[3.5811,51.29834],[3.58339,51.29604],[3.58391,51.29603],[3.58506,51.29508],[3.58793,51.29296],[3.58652,51.29263],[3.58344,51.29228],[3.5826,51.29074],[3.58387,51.28891],[3.58181,51.28691],[3.58134,51.28704],[3.58013,51.288],[3.58004,51.28849],[3.57975,51.28886],[3.57905,51.28871],[3.57777,51.28882],[3.57672,51.28829],[3.57617,51.2882],[3.5756,51.28867],[3.57359,51.28937],[3.57153,51.29103],[3.57191,51.29198],[3.56654,51.29377],[3.56609,51.29467],[3.56271,51.29586],[3.55976,51.29546],[3.5581,51.29127],[3.55797,51.29115],[3.5565,51.29081],[3.55624,51.29034],[3.55569,51.2898],[3.55482,51.2896],[3.55359,51.28958],[3.55219,51.28981],[3.55104,51.29026],[3.54978,51.29111],[3.54343,51.2912],[3.54232,51.28801],[3.5414,51.28714],[3.54002,51.28517],[3.53859,51.28391],[3.53797,51.28365],[3.53376,51.28347],[3.53345,51.28374],[3.52924,51.28868],[3.52871,51.2887],[3.51777,51.28752],[3.51542,51.28716],[3.51595,51.28552],[3.51765,51.28051],[3.52031,51.2719],[3.52195,51.26672],[3.52193,51.26646],[3.52315,51.26292],[3.52495,51.25645],[3.52804,51.24635],[3.5276,51.24604],[3.52024,51.24559],[3.51108,51.24505],[3.50974,51.24501],[3.50533,51.24462],[3.49344,51.24383],[3.49098,51.2437],[3.48316,51.2432],[3.48026,51.24299],[3.47575,51.24274]]]}},{"type":"Feature","id":"43018","bbox":[3.764647,51.181991,3.856279,51.214261],"properties":{"nis":"43018","name":"Zelzate","nameNl":"Zelzate","nameFr":"Zelzate","nameDe":"Zelzate","province":"oost-vlaanderen","region":"flanders","areaKm2":13.72},"geometry":{"type":"Polygon","coordinates":[[[3.79089,51.21426],[3.79032,51.2141],[3.78529,51.2116],[3.78338,51.2131],[3.78231,51.21231],[3.78144,51.21106],[3.78052,51.2096],[3.78029,51.20911],[3.78019,51.20803],[3.77992,51.20766],[3.77842,51.20478],[3.77791,51.20362],[3.77824,51.20358],[3.77777,51.20296],[3.77875,51.20235],[3.7773,51.20161],[3.77645,51.20047],[3.77526,51.19941],[3.77507,51.19911],[3.77349,51.19926],[3.77277,51.19923],[3.77264,51.19877],[3.77016,51.19893],[3.76914,51.19768],[3.76856,51.19748],[3.76733,51.19679],[3.76588,51.19619],[3.76726,51.19491],[3.76876,51.1931],[3.76954,51.19235],[3.76811,51.19193],[3.76465,51.19134],[3.76606,51.19116],[3.76805,51.19136],[3.76858,51.18978],[3.77201,51.18979],[3.77208,51.18813],[3.775,51.18747],[3.77695,51.18714],[3.77812,51.18709],[3.77805,51.18603],[3.78089,51.1869],[3.78257,51.18738],[3.78501,51.18572],[3.79106,51.18694],[3.79284,51.18637],[3.7972,51.18967],[3.79932,51.19117],[3.79893,51.19074],[3.79868,51.19008],[3.7987,51.18889],[3.79933,51.18785],[3.80026,51.18713],[3.80123,51.18673],[3.80133,51.18683],[3.8028,51.18628],[3.80271,51.18617],[3.80367,51.18582],[3.80372,51.18341],[3.80361,51.1825],[3.82795,51.18632],[3.83351,51.18369],[3.83353,51.18199],[3.83566,51.18262],[3.83584,51.18268],[3.83448,51.18334],[3.83679,51.18381],[3.83498,51.18717],[3.83318,51.19064],[3.8323,51.19163],[3.83705,51.19633],[3.83745,51.19632],[3.84006,51.19965],[3.84231,51.20142],[3.84216,51.20152],[3.84287,51.2018],[3.847,51.20468],[3.85203,51.20766],[3.85531,51.2103],[3.85605,51.21082],[3.85611,51.21106],[3.85241,51.21322],[3.8519,51.21314],[3.84965,51.21173],[3.84582,51.21297],[3.84545,51.21299],[3.84223,51.21213],[3.83918,51.21335],[3.83871,51.21349],[3.83632,51.21377],[3.83607,51.21351],[3.83426,51.21203],[3.82693,51.20936],[3.82575,51.20971],[3.82512,51.20893],[3.82443,51.20925],[3.82116,51.20921],[3.82065,51.20928],[3.81945,51.2098],[3.81564,51.21098],[3.81058,51.21277],[3.80642,51.21262],[3.80614,51.21267],[3.80603,51.21338],[3.80498,51.21321],[3.80405,51.2132],[3.80499,51.21012],[3.80099,51.21058],[3.79929,51.21086],[3.79746,51.21276],[3.79649,51.21315],[3.79432,51.21369],[3.79325,51.21389],[3.79133,51.21396],[3.79089,51.21426]]]}},{"type":"Feature","id":"44013","bbox":[3.756091,50.993083,3.844487,51.082463],"properties":{"nis":"44013","name":"Destelbergen","nameNl":"Destelbergen","nameFr":"Destelbergen","nameDe":"Destelbergen","province":"oost-vlaanderen","region":"flanders","areaKm2":26.62},"geometry":{"type":"Polygon","coordinates":[[[3.82471,51.01939],[3.82511,51.02042],[3.82491,51.02163],[3.82715,51.03163],[3.82733,51.03315],[3.82909,51.03608],[3.82955,51.03711],[3.8309,51.0377],[3.83335,51.03761],[3.83404,51.03766],[3.83477,51.03819],[3.83516,51.03913],[3.83717,51.04169],[3.83624,51.04246],[3.83431,51.04326],[3.83315,51.04381],[3.83222,51.04452],[3.83173,51.04415],[3.83133,51.04419],[3.82861,51.0439],[3.82679,51.04419],[3.82593,51.04409],[3.82455,51.04423],[3.82358,51.04408],[3.82308,51.04494],[3.82426,51.04611],[3.82873,51.0478],[3.8294,51.04812],[3.83051,51.04886],[3.83081,51.04919],[3.83127,51.05052],[3.83245,51.05091],[3.83246,51.05234],[3.83561,51.05313],[3.83575,51.05385],[3.83683,51.05415],[3.83799,51.0548],[3.83874,51.055],[3.83983,51.05587],[3.84289,51.05731],[3.84296,51.05761],[3.84168,51.05772],[3.83995,51.05775],[3.83904,51.05786],[3.83792,51.05824],[3.83454,51.05962],[3.83546,51.06031],[3.83557,51.06052],[3.83648,51.06089],[3.83996,51.06195],[3.84228,51.06257],[3.84345,51.06304],[3.84449,51.06353],[3.84208,51.06775],[3.84052,51.06722],[3.84002,51.06816],[3.83963,51.06868],[3.83851,51.06954],[3.84008,51.0701],[3.84036,51.07032],[3.84111,51.07171],[3.84322,51.07516],[3.84383,51.0753],[3.84254,51.0796],[3.84275,51.07964],[3.8418,51.08246],[3.83951,51.0822],[3.83803,51.08218],[3.83519,51.08173],[3.83336,51.08162],[3.83178,51.08159],[3.8294,51.0811],[3.82615,51.08013],[3.82437,51.07974],[3.82229,51.07903],[3.81796,51.07812],[3.81764,51.07744],[3.8159,51.0766],[3.81423,51.07596],[3.81088,51.07427],[3.80885,51.07328],[3.80557,51.07177],[3.80355,51.07109],[3.80355,51.07091],[3.80146,51.07038],[3.79963,51.06965],[3.79592,51.06852],[3.79342,51.06788],[3.79141,51.06769],[3.79013,51.06746],[3.78934,51.0672],[3.78788,51.06658],[3.78584,51.06616],[3.78413,51.06605],[3.78253,51.06586],[3.78192,51.06479],[3.78134,51.06412],[3.78027,51.06345],[3.77994,51.06304],[3.77862,51.06301],[3.77761,51.06317],[3.77676,51.06276],[3.77305,51.06188],[3.77311,51.06128],[3.77191,51.06124],[3.7719,51.06144],[3.77009,51.06135],[3.76931,51.06236],[3.7678,51.06241],[3.76745,51.06258],[3.76643,51.06212],[3.7658,51.06253],[3.76457,51.06121],[3.7633,51.06041],[3.76066,51.05848],[3.75929,51.05731],[3.75932,51.0572],[3.76105,51.05535],[3.76153,51.05528],[3.76155,51.05466],[3.75996,51.05387],[3.75759,51.05258],[3.75609,51.05185],[3.75761,51.05175],[3.75791,51.05142],[3.75936,51.05149],[3.75942,51.05128],[3.75993,51.05125],[3.7625,51.05085],[3.76373,51.05092],[3.7662,51.05145],[3.7668,51.04978],[3.76902,51.05008],[3.77236,51.05017],[3.7771,51.04983],[3.77887,51.04955],[3.78182,51.04898],[3.78362,51.04859],[3.78605,51.04793],[3.7874,51.04751],[3.78849,51.04701],[3.78953,51.04642],[3.79074,51.04551],[3.79186,51.04444],[3.79253,51.04354],[3.79294,51.04275],[3.79321,51.0416],[3.79334,51.04063],[3.7933,51.03977],[3.79313,51.03901],[3.79272,51.03806],[3.79171,51.03679],[3.79055,51.03585],[3.78973,51.03479],[3.78921,51.03329],[3.78914,51.03205],[3.78887,51.0309],[3.78845,51.02983],[3.78748,51.02841],[3.7872,51.02764],[3.78715,51.02711],[3.78759,51.02634],[3.78811,51.02571],[3.78875,51.02441],[3.78867,51.02383],[3.78812,51.02255],[3.7879,51.02138],[3.78802,51.02098],[3.78846,51.02039],[3.79062,51.01861],[3.79108,51.01812],[3.79219,51.01631],[3.79242,51.0157],[3.79353,51.01362],[3.7942,51.01247],[3.79524,51.01117],[3.79669,51.00979],[3.79769,51.009],[3.79899,51.00818],[3.80097,51.00706],[3.80346,51.00583],[3.80438,51.00531],[3.80599,51.00413],[3.80717,51.00315],[3.80781,51.0027],[3.8101,51.00171],[3.81338,51.0007],[3.81388,51.00063],[3.81692,50.99971],[3.81815,50.99928],[3.81932,50.9987],[3.82131,50.99747],[3.82234,50.99688],[3.82351,50.9964],[3.82592,50.99532],[3.82689,50.99469],[3.82847,50.99407],[3.82967,50.9937],[3.8311,50.99329],[3.83204,50.99311],[3.83389,50.99311],[3.83378,50.99424],[3.83303,50.99538],[3.8331,50.99609],[3.83249,50.99622],[3.83208,50.99662],[3.83056,50.99724],[3.82991,50.99738],[3.82916,50.9988],[3.82934,51.00029],[3.83077,51.00094],[3.83296,51.00168],[3.83307,51.00248],[3.8336,51.00342],[3.83346,51.00406],[3.83185,51.00397],[3.83112,51.00384],[3.82983,51.00408],[3.8296,51.00398],[3.82936,51.00341],[3.82842,51.00346],[3.82579,51.00349],[3.82363,51.00337],[3.82316,51.00397],[3.823,51.00552],[3.82341,51.00616],[3.82284,51.00899],[3.82204,51.00896],[3.82269,51.01035],[3.82322,51.01175],[3.82068,51.01263],[3.82188,51.01398],[3.82329,51.01526],[3.8232,51.01605],[3.82331,51.01697],[3.82271,51.01709],[3.82309,51.01778],[3.82365,51.0177],[3.82448,51.01935],[3.82471,51.01939]]]}},{"type":"Feature","id":"44019","bbox":[3.632369,51.087145,3.79932,51.198705],"properties":{"nis":"44019","name":"Evergem","nameNl":"Evergem","nameFr":"Evergem","nameDe":"Evergem","province":"oost-vlaanderen","region":"flanders","areaKm2":75.07},"geometry":{"type":"Polygon","coordinates":[[[3.66508,51.1681],[3.6603,51.16819],[3.65699,51.16844],[3.65371,51.16874],[3.65066,51.16957],[3.64979,51.16972],[3.64724,51.16949],[3.64578,51.1699],[3.64113,51.16653],[3.64155,51.16626],[3.64538,51.16348],[3.64605,51.16295],[3.64057,51.16176],[3.63993,51.16174],[3.6363,51.16042],[3.63372,51.15945],[3.63272,51.15899],[3.63282,51.1586],[3.63237,51.15734],[3.63448,51.15698],[3.63777,51.15652],[3.63907,51.15655],[3.64049,51.15623],[3.64137,51.15564],[3.64185,51.15506],[3.64262,51.15378],[3.64603,51.1483],[3.64596,51.1469],[3.64617,51.14596],[3.64651,51.14503],[3.64754,51.1429],[3.64782,51.14137],[3.64778,51.13964],[3.64752,51.13678],[3.64724,51.13478],[3.64668,51.13229],[3.64648,51.13158],[3.64644,51.13074],[3.64696,51.12835],[3.6471,51.12635],[3.64687,51.12416],[3.64657,51.12187],[3.64616,51.12058],[3.64775,51.11788],[3.64858,51.11624],[3.64795,51.11356],[3.64719,51.11283],[3.64723,51.11256],[3.64796,51.11021],[3.64807,51.10922],[3.64808,51.10818],[3.64779,51.10505],[3.64783,51.10495],[3.64759,51.10121],[3.64775,51.10037],[3.64785,51.09832],[3.64807,51.09696],[3.649,51.09457],[3.65236,51.09028],[3.65269,51.08978],[3.65464,51.0891],[3.65721,51.088],[3.65901,51.08715],[3.6592,51.0872],[3.6621,51.08802],[3.66333,51.08821],[3.66647,51.0889],[3.66712,51.08918],[3.66965,51.08974],[3.67083,51.08986],[3.68214,51.09241],[3.6876,51.09379],[3.69271,51.09558],[3.69696,51.09758],[3.70286,51.10063],[3.70751,51.10292],[3.71046,51.10401],[3.71292,51.1047],[3.7157,51.10504],[3.71872,51.10507],[3.72032,51.10486],[3.72224,51.10638],[3.72384,51.1077],[3.72511,51.10888],[3.72545,51.10898],[3.7259,51.1094],[3.7268,51.10933],[3.72741,51.10985],[3.72799,51.10992],[3.72851,51.11017],[3.72908,51.11005],[3.72955,51.11024],[3.73041,51.11009],[3.73164,51.11081],[3.73228,51.11102],[3.7327,51.11088],[3.73324,51.11113],[3.73378,51.11069],[3.73494,51.11127],[3.73966,51.11345],[3.74008,51.11352],[3.74281,51.11478],[3.74349,51.11525],[3.74681,51.11723],[3.74919,51.11855],[3.75179,51.12021],[3.75326,51.12134],[3.7589,51.126],[3.76052,51.1273],[3.76634,51.13214],[3.76815,51.13368],[3.76931,51.13533],[3.77119,51.13835],[3.77328,51.14161],[3.77699,51.14744],[3.77694,51.14758],[3.77532,51.1474],[3.7749,51.14717],[3.77381,51.14696],[3.77298,51.14657],[3.77264,51.14661],[3.7705,51.14644],[3.76961,51.14664],[3.76785,51.14639],[3.76626,51.14604],[3.76537,51.1457],[3.7639,51.14554],[3.76304,51.14569],[3.76247,51.14604],[3.76223,51.146],[3.76001,51.14504],[3.75819,51.14438],[3.75617,51.14379],[3.75553,51.14397],[3.75724,51.14445],[3.75647,51.14553],[3.75739,51.14579],[3.75706,51.14619],[3.75652,51.14646],[3.75782,51.14682],[3.75749,51.14713],[3.75835,51.14753],[3.75773,51.14786],[3.75912,51.14867],[3.75784,51.14914],[3.75841,51.14993],[3.75911,51.14976],[3.75965,51.14999],[3.75838,51.15056],[3.75862,51.1507],[3.75823,51.15091],[3.7592,51.15148],[3.76045,51.15193],[3.75916,51.15369],[3.76011,51.15389],[3.761,51.15446],[3.76226,51.15779],[3.76317,51.15795],[3.76313,51.15886],[3.76267,51.1596],[3.76255,51.16043],[3.76407,51.16023],[3.76438,51.16227],[3.76429,51.16276],[3.76383,51.16373],[3.76501,51.16382],[3.76507,51.16426],[3.76375,51.16413],[3.76361,51.16486],[3.76444,51.16552],[3.76457,51.16585],[3.76506,51.16619],[3.76641,51.16614],[3.76975,51.16716],[3.77061,51.16739],[3.77189,51.16804],[3.77298,51.16824],[3.77676,51.16817],[3.7778,51.16808],[3.7795,51.16814],[3.78312,51.16897],[3.78345,51.16919],[3.78393,51.1699],[3.78448,51.17023],[3.78543,51.17056],[3.78785,51.17108],[3.78849,51.1711],[3.7906,51.17199],[3.79013,51.17262],[3.78991,51.17316],[3.79005,51.17431],[3.7908,51.1753],[3.79162,51.17581],[3.79268,51.17676],[3.79164,51.17777],[3.79168,51.178],[3.79007,51.18036],[3.79143,51.18067],[3.79242,51.18186],[3.7916,51.18224],[3.79209,51.18286],[3.79157,51.18304],[3.79207,51.18366],[3.79356,51.18326],[3.79673,51.18718],[3.79708,51.18711],[3.7987,51.18889],[3.79868,51.19008],[3.79893,51.19074],[3.79932,51.19117],[3.7972,51.18967],[3.79284,51.18637],[3.79106,51.18694],[3.78501,51.18572],[3.78257,51.18738],[3.78089,51.1869],[3.77805,51.18603],[3.77812,51.18709],[3.77695,51.18714],[3.775,51.18747],[3.77208,51.18813],[3.77201,51.18979],[3.76858,51.18978],[3.76805,51.19136],[3.76606,51.19116],[3.76465,51.19134],[3.76458,51.19142],[3.7633,51.19122],[3.75987,51.19086],[3.75876,51.19071],[3.75629,51.19019],[3.75508,51.19019],[3.75467,51.19058],[3.75369,51.19103],[3.75235,51.19123],[3.74893,51.19155],[3.74829,51.19152],[3.74792,51.19245],[3.74765,51.19284],[3.74689,51.19305],[3.74445,51.19295],[3.7429,51.19273],[3.74093,51.19254],[3.74004,51.19327],[3.7394,51.19368],[3.73539,51.19571],[3.73411,51.19554],[3.73279,51.19552],[3.73203,51.19685],[3.73188,51.19771],[3.73123,51.19871],[3.73036,51.19852],[3.72825,51.19767],[3.7288,51.19723],[3.7295,51.19625],[3.73032,51.19524],[3.73039,51.19445],[3.73075,51.19262],[3.73056,51.19174],[3.72993,51.18972],[3.72963,51.18821],[3.72971,51.18811],[3.72945,51.18687],[3.72905,51.18559],[3.72938,51.18426],[3.72982,51.18366],[3.72948,51.1836],[3.72958,51.18186],[3.72983,51.18085],[3.72983,51.17991],[3.72995,51.17873],[3.72909,51.17852],[3.72804,51.17812],[3.72734,51.17775],[3.7247,51.17609],[3.72404,51.17545],[3.72225,51.17643],[3.71844,51.17772],[3.71159,51.1799],[3.7087,51.18075],[3.70719,51.1813],[3.70013,51.18335],[3.69772,51.18397],[3.69629,51.18439],[3.69225,51.18564],[3.69105,51.18351],[3.69034,51.18199],[3.68979,51.18124],[3.68942,51.18093],[3.6899,51.17906],[3.69066,51.17642],[3.69116,51.1742],[3.69141,51.17332],[3.69156,51.17193],[3.69207,51.17044],[3.6907,51.17047],[3.69046,51.17027],[3.69074,51.16957],[3.69143,51.16876],[3.69288,51.16785],[3.69245,51.16781],[3.6894,51.1681],[3.68249,51.16871],[3.68039,51.16859],[3.67775,51.16838],[3.67505,51.16807],[3.67195,51.16776],[3.67127,51.16778],[3.66508,51.1681]]]}},{"type":"Feature","id":"44020","bbox":[3.623981,50.902372,3.755676,50.956277],"properties":{"nis":"44020","name":"Gavere","nameNl":"Gavere","nameFr":"Gavere","nameDe":"Gavere","province":"oost-vlaanderen","region":"flanders","areaKm2":31.45},"geometry":{"type":"Polygon","coordinates":[[[3.68366,50.9561],[3.68233,50.9555],[3.68093,50.95497],[3.67931,50.95452],[3.67689,50.954],[3.67688,50.95392],[3.67547,50.95374],[3.67329,50.95365],[3.67192,50.95369],[3.66983,50.95402],[3.66799,50.95453],[3.66666,50.95506],[3.66393,50.95591],[3.66226,50.9562],[3.66103,50.95628],[3.65929,50.95627],[3.6579,50.95615],[3.65681,50.95597],[3.65369,50.95516],[3.65246,50.95467],[3.65041,50.95353],[3.64918,50.95243],[3.64822,50.95105],[3.6479,50.95025],[3.64773,50.94936],[3.64781,50.94783],[3.64805,50.94701],[3.64939,50.94337],[3.64981,50.94101],[3.64992,50.93897],[3.65033,50.93775],[3.65132,50.93624],[3.64857,50.93584],[3.64735,50.93859],[3.64632,50.93849],[3.64622,50.93829],[3.64525,50.93808],[3.644,50.93796],[3.64331,50.93772],[3.64165,50.93756],[3.64001,50.93771],[3.63767,50.93776],[3.6371,50.93759],[3.63708,50.9373],[3.63593,50.93762],[3.63447,50.93847],[3.63364,50.93883],[3.63227,50.93907],[3.63191,50.93862],[3.62925,50.93431],[3.62884,50.93338],[3.62833,50.93141],[3.62775,50.93014],[3.62723,50.92924],[3.62656,50.9284],[3.62726,50.92797],[3.62868,50.92688],[3.63114,50.92573],[3.63231,50.92488],[3.6315,50.92357],[3.62849,50.92405],[3.62629,50.92424],[3.62518,50.9231],[3.62476,50.92142],[3.62398,50.92012],[3.62486,50.91985],[3.62752,50.91939],[3.62948,50.91885],[3.63163,50.91832],[3.63677,50.9172],[3.63926,50.91683],[3.64034,50.91652],[3.64182,50.91618],[3.64134,50.91522],[3.64153,50.91399],[3.64095,50.91318],[3.64151,50.91184],[3.6442,50.90962],[3.64512,50.90912],[3.64599,50.90929],[3.6465,50.90905],[3.64654,50.90925],[3.64762,50.90893],[3.64752,50.90883],[3.64839,50.90852],[3.64892,50.909],[3.65003,50.90801],[3.6517,50.90891],[3.6521,50.90858],[3.65256,50.90883],[3.65423,50.90853],[3.65432,50.90892],[3.65514,50.90881],[3.65533,50.90914],[3.65601,50.90905],[3.65835,50.90915],[3.6587,50.9091],[3.66125,50.90934],[3.66131,50.90985],[3.66203,50.90983],[3.66202,50.91046],[3.66343,50.91049],[3.66304,50.91083],[3.66528,50.91162],[3.66513,50.91181],[3.66782,50.9127],[3.66774,50.91276],[3.66986,50.91338],[3.67058,50.91265],[3.6724,50.91335],[3.67176,50.91377],[3.67309,50.9145],[3.67766,50.91341],[3.67966,50.91283],[3.68143,50.91196],[3.6829,50.91098],[3.68414,50.9098],[3.68557,50.90784],[3.68701,50.90806],[3.68753,50.90797],[3.68797,50.9077],[3.68838,50.90717],[3.68864,50.90602],[3.68901,50.90499],[3.69043,50.9052],[3.69141,50.90545],[3.69346,50.90647],[3.69324,50.90673],[3.69438,50.90719],[3.69391,50.90735],[3.69324,50.90795],[3.69269,50.90868],[3.69182,50.9089],[3.69136,50.9104],[3.69299,50.91042],[3.69404,50.91062],[3.69479,50.90943],[3.69563,50.91013],[3.69629,50.91005],[3.69795,50.91098],[3.69855,50.91064],[3.70011,50.91114],[3.70042,50.91093],[3.70184,50.91172],[3.70472,50.90999],[3.70585,50.90995],[3.70677,50.90905],[3.70857,50.90974],[3.71278,50.91114],[3.7141,50.91106],[3.71656,50.9113],[3.71733,50.91033],[3.71914,50.9109],[3.71933,50.9112],[3.71998,50.91165],[3.72034,50.91138],[3.72141,50.91201],[3.72263,50.91098],[3.72555,50.91193],[3.7263,50.91071],[3.72743,50.90947],[3.72782,50.90883],[3.72845,50.90807],[3.72617,50.90759],[3.72651,50.9067],[3.72692,50.90673],[3.72749,50.90536],[3.72681,50.90522],[3.72714,50.90421],[3.72727,50.90424],[3.72794,50.90237],[3.72912,50.90254],[3.72964,50.90294],[3.72954,50.90311],[3.7302,50.90333],[3.73391,50.90492],[3.73436,50.90537],[3.73614,50.9057],[3.73642,50.90589],[3.7379,50.90654],[3.73851,50.90666],[3.73997,50.90736],[3.74049,50.90729],[3.74203,50.90778],[3.7429,50.90821],[3.74347,50.90826],[3.74368,50.90806],[3.74431,50.90809],[3.74484,50.9079],[3.74527,50.90816],[3.74608,50.9079],[3.74699,50.90793],[3.74901,50.909],[3.75119,50.9098],[3.75209,50.91008],[3.75283,50.91019],[3.75331,50.91045],[3.75568,50.91382],[3.75452,50.91487],[3.75332,50.91556],[3.75329,50.91543],[3.75204,50.91594],[3.75139,50.91713],[3.75078,50.91687],[3.75014,50.917],[3.74915,50.91668],[3.74894,50.91694],[3.74677,50.91626],[3.74599,50.91712],[3.74218,50.91605],[3.742,50.91624],[3.73911,50.91581],[3.73904,50.9159],[3.73673,50.91538],[3.73581,50.91496],[3.73318,50.91426],[3.73291,50.91491],[3.7325,50.91485],[3.7306,50.91755],[3.72905,50.91987],[3.72946,50.92054],[3.72835,50.92189],[3.72856,50.92194],[3.72816,50.92338],[3.73092,50.92339],[3.73222,50.92368],[3.734,50.92378],[3.73575,50.92508],[3.7368,50.92568],[3.73829,50.92621],[3.73874,50.92668],[3.74164,50.92767],[3.74331,50.92843],[3.74483,50.9289],[3.74643,50.92999],[3.74697,50.93021],[3.74725,50.93059],[3.74766,50.93187],[3.74763,50.93251],[3.74786,50.93351],[3.74945,50.93434],[3.74939,50.93453],[3.74792,50.93493],[3.74666,50.93571],[3.74631,50.93572],[3.74493,50.93455],[3.74355,50.93375],[3.74315,50.93381],[3.74308,50.93447],[3.74239,50.93489],[3.74159,50.93507],[3.73896,50.9355],[3.73788,50.93515],[3.73763,50.93482],[3.73431,50.93522],[3.73238,50.9354],[3.73215,50.93529],[3.73178,50.93575],[3.73157,50.93569],[3.73034,50.93719],[3.73022,50.93716],[3.72891,50.93911],[3.72801,50.93886],[3.72757,50.93952],[3.72582,50.93911],[3.72533,50.93982],[3.72583,50.94],[3.72516,50.94076],[3.72542,50.94087],[3.72493,50.94145],[3.72352,50.94087],[3.7224,50.94075],[3.72067,50.9402],[3.71961,50.93942],[3.71865,50.93898],[3.71692,50.93808],[3.7167,50.9382],[3.71484,50.93737],[3.71362,50.93638],[3.71263,50.93683],[3.71166,50.93707],[3.70928,50.9372],[3.70879,50.93729],[3.7093,50.93785],[3.7067,50.9394],[3.70643,50.93961],[3.70718,50.94004],[3.70744,50.94005],[3.70873,50.94098],[3.70898,50.94126],[3.70923,50.94198],[3.70998,50.94249],[3.71057,50.94263],[3.71061,50.94297],[3.71137,50.94399],[3.71104,50.94435],[3.712,50.94507],[3.71171,50.94551],[3.71087,50.94633],[3.70999,50.94662],[3.70857,50.94698],[3.70789,50.948],[3.70788,50.94869],[3.70746,50.94978],[3.7072,50.94979],[3.70694,50.9502],[3.7055,50.95084],[3.70591,50.95135],[3.70516,50.95146],[3.70496,50.9513],[3.70339,50.95206],[3.70294,50.95199],[3.70115,50.95144],[3.70124,50.95127],[3.70064,50.95122],[3.69979,50.95085],[3.69935,50.95084],[3.69747,50.95042],[3.69638,50.9504],[3.69589,50.9507],[3.69392,50.9513],[3.69124,50.95172],[3.69039,50.9519],[3.68886,50.95262],[3.68829,50.95277],[3.68766,50.95218],[3.68493,50.95351],[3.68287,50.95486],[3.68376,50.95539],[3.68402,50.95571],[3.68366,50.9561]]]}},{"type":"Feature","id":"44021","bbox":[3.579762,50.979542,3.849341,51.188891],"properties":{"nis":"44021","name":"Gent","nameNl":"Gent","nameFr":"Gand","nameDe":"Gent","province":"oost-vlaanderen","region":"flanders","areaKm2":157.18},"geometry":{"type":"Polygon","coordinates":[[[3.78887,51.0309],[3.78914,51.03205],[3.78921,51.03329],[3.78973,51.03479],[3.79055,51.03585],[3.79171,51.03679],[3.79272,51.03806],[3.79313,51.03901],[3.7933,51.03977],[3.79334,51.04063],[3.79321,51.0416],[3.79294,51.04275],[3.79253,51.04354],[3.79186,51.04444],[3.79074,51.04551],[3.78953,51.04642],[3.78849,51.04701],[3.7874,51.04751],[3.78605,51.04793],[3.78362,51.04859],[3.78182,51.04898],[3.77887,51.04955],[3.7771,51.04983],[3.77236,51.05017],[3.76902,51.05008],[3.7668,51.04978],[3.7662,51.05145],[3.76373,51.05092],[3.7625,51.05085],[3.75993,51.05125],[3.75942,51.05128],[3.75936,51.05149],[3.75791,51.05142],[3.75761,51.05175],[3.75609,51.05185],[3.75759,51.05258],[3.75996,51.05387],[3.76155,51.05466],[3.76153,51.05528],[3.76105,51.05535],[3.75932,51.0572],[3.75929,51.05731],[3.76066,51.05848],[3.7633,51.06041],[3.76457,51.06121],[3.7658,51.06253],[3.76643,51.06212],[3.76745,51.06258],[3.7678,51.06241],[3.76931,51.06236],[3.77009,51.06135],[3.7719,51.06144],[3.77191,51.06124],[3.77311,51.06128],[3.77305,51.06188],[3.77676,51.06276],[3.77761,51.06317],[3.77862,51.06301],[3.77994,51.06304],[3.78027,51.06345],[3.78134,51.06412],[3.78192,51.06479],[3.78253,51.06586],[3.78413,51.06605],[3.78584,51.06616],[3.78788,51.06658],[3.78934,51.0672],[3.79013,51.06746],[3.79141,51.06769],[3.79342,51.06788],[3.79592,51.06852],[3.79963,51.06965],[3.80146,51.07038],[3.80355,51.07091],[3.80355,51.07109],[3.80557,51.07177],[3.80885,51.07328],[3.81088,51.07427],[3.80881,51.07703],[3.80809,51.07699],[3.80762,51.07718],[3.80682,51.07818],[3.80469,51.07946],[3.80324,51.0809],[3.80352,51.08104],[3.80275,51.0818],[3.80292,51.08186],[3.80087,51.08394],[3.80079,51.08391],[3.79956,51.08548],[3.79982,51.0856],[3.79742,51.08858],[3.79793,51.08873],[3.79575,51.09166],[3.79535,51.09167],[3.79456,51.09275],[3.79729,51.09359],[3.79867,51.09428],[3.79802,51.09501],[3.79753,51.09488],[3.7968,51.09574],[3.79764,51.09574],[3.79682,51.09765],[3.79598,51.09751],[3.79534,51.09912],[3.79409,51.09837],[3.79311,51.09807],[3.79242,51.09801],[3.79025,51.09803],[3.78962,51.09783],[3.78912,51.09909],[3.78934,51.09916],[3.78875,51.09981],[3.78848,51.09969],[3.78723,51.10156],[3.78755,51.10155],[3.78698,51.10244],[3.78773,51.1026],[3.78744,51.10394],[3.7868,51.10375],[3.78664,51.10402],[3.7878,51.10484],[3.78838,51.10576],[3.78987,51.10744],[3.78914,51.10806],[3.78919,51.1083],[3.79007,51.10826],[3.79151,51.10833],[3.79527,51.10888],[3.79579,51.10901],[3.79816,51.10994],[3.79891,51.11014],[3.80058,51.1102],[3.8007,51.11066],[3.8024,51.11185],[3.80449,51.11302],[3.80539,51.11343],[3.8074,51.11383],[3.80884,51.11427],[3.80785,51.11522],[3.807,51.11568],[3.8068,51.11593],[3.80824,51.11657],[3.8089,51.11749],[3.80965,51.11788],[3.81099,51.11828],[3.81362,51.12028],[3.81503,51.12073],[3.81556,51.12069],[3.81649,51.12086],[3.81691,51.12079],[3.81793,51.12102],[3.81792,51.12143],[3.81754,51.12171],[3.81945,51.12256],[3.81771,51.12398],[3.8182,51.12417],[3.82131,51.12512],[3.8205,51.12575],[3.81895,51.12653],[3.81823,51.12739],[3.81706,51.12814],[3.81662,51.12833],[3.81698,51.12843],[3.81817,51.12908],[3.82134,51.13099],[3.82341,51.1323],[3.82367,51.1324],[3.82266,51.13347],[3.82088,51.13502],[3.82007,51.13607],[3.82223,51.13681],[3.8214,51.13877],[3.81991,51.14158],[3.82051,51.14152],[3.82202,51.1418],[3.82276,51.14215],[3.82377,51.14232],[3.82481,51.14284],[3.82584,51.14367],[3.82919,51.14543],[3.83103,51.14607],[3.83247,51.14624],[3.83457,51.14686],[3.8361,51.14691],[3.837,51.14744],[3.83828,51.14767],[3.83954,51.14736],[3.84033,51.14734],[3.84152,51.14678],[3.84363,51.14652],[3.84511,51.14697],[3.84675,51.14714],[3.84764,51.14757],[3.84819,51.14752],[3.84934,51.14761],[3.84646,51.15107],[3.84644,51.1513],[3.84733,51.15153],[3.84606,51.15429],[3.84459,51.15384],[3.84306,51.15559],[3.84339,51.15569],[3.84458,51.15636],[3.84323,51.15747],[3.84156,51.15912],[3.84121,51.1596],[3.84035,51.15925],[3.83989,51.15973],[3.83866,51.16144],[3.83376,51.16341],[3.8324,51.16499],[3.83224,51.16493],[3.82902,51.16879],[3.82946,51.16895],[3.8293,51.16914],[3.83008,51.16937],[3.82934,51.17029],[3.83048,51.17054],[3.8305,51.17088],[3.83001,51.17114],[3.83103,51.17196],[3.83175,51.17282],[3.83255,51.17292],[3.83197,51.17429],[3.83199,51.17487],[3.83241,51.17498],[3.83264,51.17673],[3.83494,51.17636],[3.8351,51.17682],[3.83405,51.1771],[3.8345,51.17848],[3.83433,51.17848],[3.83455,51.17945],[3.8364,51.18226],[3.83566,51.18262],[3.83353,51.18199],[3.83351,51.18369],[3.82795,51.18632],[3.80361,51.1825],[3.80372,51.18341],[3.80367,51.18582],[3.80271,51.18617],[3.8028,51.18628],[3.80133,51.18683],[3.80123,51.18673],[3.80026,51.18713],[3.79933,51.18785],[3.7987,51.18889],[3.79708,51.18711],[3.79673,51.18718],[3.79356,51.18326],[3.79207,51.18366],[3.79157,51.18304],[3.79209,51.18286],[3.7916,51.18224],[3.79242,51.18186],[3.79143,51.18067],[3.79007,51.18036],[3.79168,51.178],[3.79164,51.17777],[3.79268,51.17676],[3.79162,51.17581],[3.7908,51.1753],[3.79005,51.17431],[3.78991,51.17316],[3.79013,51.17262],[3.7906,51.17199],[3.78849,51.1711],[3.78785,51.17108],[3.78543,51.17056],[3.78448,51.17023],[3.78393,51.1699],[3.78345,51.16919],[3.78312,51.16897],[3.7795,51.16814],[3.7778,51.16808],[3.77676,51.16817],[3.77298,51.16824],[3.77189,51.16804],[3.77061,51.16739],[3.76975,51.16716],[3.76641,51.16614],[3.76506,51.16619],[3.76457,51.16585],[3.76444,51.16552],[3.76361,51.16486],[3.76375,51.16413],[3.76507,51.16426],[3.76501,51.16382],[3.76383,51.16373],[3.76429,51.16276],[3.76438,51.16227],[3.76407,51.16023],[3.76255,51.16043],[3.76267,51.1596],[3.76313,51.15886],[3.76317,51.15795],[3.76226,51.15779],[3.761,51.15446],[3.76011,51.15389],[3.75916,51.15369],[3.76045,51.15193],[3.7592,51.15148],[3.75823,51.15091],[3.75862,51.1507],[3.75838,51.15056],[3.75965,51.14999],[3.75911,51.14976],[3.75841,51.14993],[3.75784,51.14914],[3.75912,51.14867],[3.75773,51.14786],[3.75835,51.14753],[3.75749,51.14713],[3.75782,51.14682],[3.75652,51.14646],[3.75706,51.14619],[3.75739,51.14579],[3.75647,51.14553],[3.75724,51.14445],[3.75553,51.14397],[3.75617,51.14379],[3.75819,51.14438],[3.76001,51.14504],[3.76223,51.146],[3.76247,51.14604],[3.76304,51.14569],[3.7639,51.14554],[3.76537,51.1457],[3.76626,51.14604],[3.76785,51.14639],[3.76961,51.14664],[3.7705,51.14644],[3.77264,51.14661],[3.77298,51.14657],[3.77381,51.14696],[3.7749,51.14717],[3.77532,51.1474],[3.77694,51.14758],[3.77699,51.14744],[3.77328,51.14161],[3.77119,51.13835],[3.76931,51.13533],[3.76815,51.13368],[3.76634,51.13214],[3.76052,51.1273],[3.7589,51.126],[3.75326,51.12134],[3.75179,51.12021],[3.74919,51.11855],[3.74681,51.11723],[3.74349,51.11525],[3.74281,51.11478],[3.74008,51.11352],[3.73966,51.11345],[3.73494,51.11127],[3.73378,51.11069],[3.73324,51.11113],[3.7327,51.11088],[3.73228,51.11102],[3.73164,51.11081],[3.73041,51.11009],[3.72955,51.11024],[3.72908,51.11005],[3.72851,51.11017],[3.72799,51.10992],[3.72741,51.10985],[3.7268,51.10933],[3.7259,51.1094],[3.72545,51.10898],[3.72511,51.10888],[3.72384,51.1077],[3.72224,51.10638],[3.72032,51.10486],[3.71872,51.10507],[3.7157,51.10504],[3.71292,51.1047],[3.71046,51.10401],[3.70751,51.10292],[3.70286,51.10063],[3.69696,51.09758],[3.69271,51.09558],[3.6876,51.09379],[3.68214,51.09241],[3.67083,51.08986],[3.66965,51.08974],[3.66712,51.08918],[3.66647,51.0889],[3.66333,51.08821],[3.6621,51.08802],[3.6592,51.0872],[3.66181,51.08596],[3.66254,51.0855],[3.66701,51.08326],[3.66586,51.0824],[3.66331,51.08119],[3.66248,51.08087],[3.66194,51.07995],[3.66011,51.07875],[3.65889,51.07815],[3.65426,51.08244],[3.65221,51.08116],[3.65155,51.08035],[3.65077,51.0803],[3.65004,51.07992],[3.64931,51.07981],[3.64806,51.07932],[3.64781,51.079],[3.64688,51.07877],[3.6452,51.07908],[3.64438,51.07917],[3.6423,51.07879],[3.64095,51.07878],[3.64054,51.08188],[3.64045,51.08281],[3.64071,51.08287],[3.64086,51.08331],[3.63929,51.08375],[3.63866,51.08403],[3.63754,51.08425],[3.6368,51.08425],[3.63494,51.08379],[3.63381,51.08311],[3.63271,51.08274],[3.6312,51.08192],[3.63012,51.08168],[3.62977,51.08131],[3.62921,51.08012],[3.62831,51.07935],[3.62657,51.07818],[3.62796,51.07749],[3.62669,51.07668],[3.62547,51.07553],[3.62431,51.07468],[3.62314,51.07414],[3.62246,51.07453],[3.62167,51.07531],[3.62157,51.07573],[3.61815,51.07809],[3.61756,51.0775],[3.61658,51.07708],[3.6153,51.07714],[3.61473,51.07679],[3.61356,51.07675],[3.61315,51.07661],[3.6121,51.07506],[3.6116,51.07462],[3.61055,51.07405],[3.6095,51.07321],[3.60858,51.07275],[3.60803,51.07197],[3.6071,51.07135],[3.60645,51.07027],[3.60609,51.06986],[3.6065,51.06962],[3.60563,51.06917],[3.6057,51.06897],[3.60518,51.06877],[3.60469,51.06898],[3.60241,51.06759],[3.60225,51.06709],[3.60218,51.06605],[3.60137,51.06585],[3.60132,51.06561],[3.60303,51.06506],[3.60272,51.06478],[3.60347,51.06446],[3.60422,51.06535],[3.60413,51.06554],[3.60469,51.06575],[3.60527,51.06542],[3.60615,51.06605],[3.60866,51.06486],[3.60883,51.06485],[3.61067,51.06392],[3.61176,51.06358],[3.61216,51.06243],[3.61205,51.0612],[3.61248,51.06089],[3.61266,51.06049],[3.61203,51.0594],[3.61093,51.05765],[3.61074,51.05763],[3.60945,51.05813],[3.60891,51.05773],[3.60849,51.0571],[3.60732,51.05648],[3.60988,51.05546],[3.6096,51.05521],[3.60959,51.05484],[3.60932,51.05497],[3.60821,51.05436],[3.60793,51.05443],[3.60625,51.05307],[3.6052,51.05158],[3.60507,51.05116],[3.6047,51.05073],[3.60236,51.04877],[3.60178,51.0482],[3.60067,51.04872],[3.60044,51.04911],[3.59994,51.04939],[3.59779,51.04972],[3.59627,51.04891],[3.59569,51.04828],[3.59524,51.0482],[3.59541,51.04743],[3.59434,51.04639],[3.59295,51.04546],[3.59217,51.04563],[3.5902,51.04416],[3.59104,51.04316],[3.59121,51.04277],[3.5917,51.04083],[3.5914,51.04078],[3.58685,51.039],[3.58593,51.03834],[3.58512,51.0371],[3.58352,51.03516],[3.58258,51.03379],[3.57976,51.03028],[3.58173,51.0295],[3.58705,51.02732],[3.58763,51.02702],[3.59003,51.02553],[3.59137,51.02443],[3.59225,51.02491],[3.59321,51.02468],[3.59422,51.02474],[3.59494,51.02413],[3.59722,51.02302],[3.59875,51.02218],[3.60083,51.02351],[3.60164,51.02416],[3.60261,51.02538],[3.60308,51.02742],[3.60354,51.02861],[3.60418,51.0285],[3.60626,51.02842],[3.60634,51.02928],[3.60662,51.0297],[3.60806,51.03129],[3.60873,51.03195],[3.61067,51.03309],[3.61363,51.0344],[3.61521,51.03495],[3.61622,51.03516],[3.61828,51.03538],[3.6196,51.03535],[3.62017,51.03502],[3.62022,51.03415],[3.62054,51.03391],[3.62123,51.03372],[3.62478,51.03304],[3.62658,51.03249],[3.62726,51.03212],[3.62739,51.03164],[3.6279,51.0311],[3.6288,51.03057],[3.63047,51.02992],[3.6309,51.02998],[3.63164,51.03039],[3.63276,51.03036],[3.63389,51.02993],[3.6354,51.02898],[3.63606,51.02779],[3.63841,51.02605],[3.63926,51.02523],[3.63991,51.02435],[3.64027,51.02349],[3.64025,51.02299],[3.63993,51.02245],[3.64016,51.02206],[3.64108,51.02187],[3.64225,51.02209],[3.64353,51.02243],[3.64414,51.02276],[3.64466,51.02358],[3.64447,51.0245],[3.64453,51.02489],[3.64496,51.02536],[3.64645,51.02425],[3.64852,51.02293],[3.65012,51.02178],[3.65106,51.02101],[3.65168,51.02039],[3.65216,51.01974],[3.65278,51.01917],[3.65345,51.01893],[3.65412,51.01925],[3.65509,51.01855],[3.65338,51.01728],[3.65076,51.01551],[3.65047,51.01497],[3.65053,51.01437],[3.65013,51.01325],[3.64972,51.01256],[3.65285,51.0067],[3.65295,51.0066],[3.65531,51.0077],[3.65572,51.00782],[3.65788,51.00819],[3.66021,51.01041],[3.66253,51.01373],[3.66292,51.01435],[3.6639,51.01417],[3.66442,51.0131],[3.66545,51.01179],[3.66765,51.01044],[3.66865,51.00959],[3.67034,51.00881],[3.67265,51.00763],[3.67295,51.0074],[3.67452,51.00657],[3.67505,51.00616],[3.67543,51.00547],[3.67574,51.00404],[3.67599,51.00365],[3.67967,50.99995],[3.68119,50.99835],[3.6818,50.99805],[3.685,50.9972],[3.68657,50.99672],[3.6885,50.99629],[3.69257,50.99515],[3.69391,50.99524],[3.69403,50.99511],[3.69757,50.99244],[3.69844,50.99182],[3.69941,50.99095],[3.69995,50.99026],[3.70014,50.98982],[3.70084,50.9891],[3.70177,50.98838],[3.70342,50.98764],[3.70443,50.9871],[3.70483,50.98617],[3.70487,50.9855],[3.70416,50.98454],[3.70317,50.98381],[3.70221,50.98292],[3.70299,50.98247],[3.70354,50.9828],[3.70436,50.98246],[3.7056,50.98158],[3.7063,50.982],[3.70757,50.98093],[3.70791,50.98123],[3.70879,50.98153],[3.70978,50.98153],[3.71028,50.98115],[3.71018,50.98026],[3.7111,50.97954],[3.7125,50.98076],[3.71411,50.98206],[3.71574,50.98356],[3.71737,50.98517],[3.72212,50.99053],[3.7231,50.99178],[3.72376,50.99211],[3.7242,50.99269],[3.72446,50.99412],[3.72434,50.99509],[3.72386,50.99618],[3.72377,50.99703],[3.72378,50.99847],[3.72409,50.99934],[3.72513,51.00054],[3.72686,51.00176],[3.7275,51.00213],[3.72892,51.00271],[3.73033,51.003],[3.73233,51.00307],[3.73411,51.00278],[3.73725,51.00198],[3.73892,51.00172],[3.74173,51.0015],[3.74294,51.00152],[3.74392,51.00167],[3.74525,51.00246],[3.7458,51.003],[3.74611,51.00362],[3.74617,51.00428],[3.7457,51.00599],[3.74575,51.00662],[3.74648,51.00734],[3.74747,51.00773],[3.74838,51.00788],[3.74921,51.00785],[3.74943,51.00819],[3.74279,51.01009],[3.7413,51.0107],[3.73993,51.01111],[3.73801,51.01161],[3.74068,51.01298],[3.74184,51.01387],[3.7424,51.01485],[3.7426,51.01538],[3.74246,51.01654],[3.74255,51.01691],[3.74391,51.01898],[3.74423,51.01963],[3.74491,51.02172],[3.74559,51.023],[3.74592,51.02431],[3.74583,51.02552],[3.74534,51.02686],[3.74735,51.02725],[3.7483,51.02588],[3.74892,51.02517],[3.75142,51.02358],[3.75191,51.02318],[3.75233,51.02259],[3.75257,51.02203],[3.7529,51.02214],[3.75573,51.0245],[3.76113,51.01927],[3.76153,51.019],[3.7624,51.01927],[3.76289,51.01853],[3.76481,51.01948],[3.76636,51.02038],[3.76554,51.02174],[3.76646,51.02192],[3.76742,51.02186],[3.76706,51.023],[3.76747,51.0233],[3.76752,51.02383],[3.76719,51.02438],[3.76715,51.02523],[3.76857,51.02533],[3.77151,51.02586],[3.77371,51.02671],[3.77279,51.02714],[3.77337,51.02742],[3.77861,51.02964],[3.7818,51.03018],[3.78219,51.02973],[3.78284,51.02949],[3.78475,51.0298],[3.7867,51.02975],[3.78696,51.03094],[3.78887,51.0309]]]}},{"type":"Feature","id":"44052","bbox":[3.728157,50.894749,3.851135,50.977659],"properties":{"nis":"44052","name":"Oosterzele","nameNl":"Oosterzele","nameFr":"Oosterzele","nameDe":"Oosterzele","province":"oost-vlaanderen","region":"flanders","areaKm2":43.42},"geometry":{"type":"Polygon","coordinates":[[[3.74939,50.93453],[3.74945,50.93434],[3.74786,50.93351],[3.74763,50.93251],[3.74766,50.93187],[3.74725,50.93059],[3.74697,50.93021],[3.74643,50.92999],[3.74483,50.9289],[3.74331,50.92843],[3.74164,50.92767],[3.73874,50.92668],[3.73829,50.92621],[3.7368,50.92568],[3.73575,50.92508],[3.734,50.92378],[3.73222,50.92368],[3.73092,50.92339],[3.72816,50.92338],[3.72856,50.92194],[3.72835,50.92189],[3.72946,50.92054],[3.72905,50.91987],[3.7306,50.91755],[3.7325,50.91485],[3.73291,50.91491],[3.73318,50.91426],[3.73581,50.91496],[3.73673,50.91538],[3.73904,50.9159],[3.73911,50.91581],[3.742,50.91624],[3.74218,50.91605],[3.74599,50.91712],[3.74677,50.91626],[3.74894,50.91694],[3.74915,50.91668],[3.75014,50.917],[3.75078,50.91687],[3.75139,50.91713],[3.75204,50.91594],[3.75329,50.91543],[3.75332,50.91556],[3.75452,50.91487],[3.75568,50.91382],[3.76315,50.91682],[3.76517,50.91767],[3.76516,50.918],[3.76614,50.91848],[3.77068,50.91607],[3.77124,50.91572],[3.77252,50.91402],[3.77286,50.91344],[3.77384,50.91232],[3.77531,50.91083],[3.78028,50.909],[3.7812,50.9086],[3.78151,50.90758],[3.7822,50.90642],[3.78413,50.90337],[3.78466,50.90217],[3.78743,50.90215],[3.78944,50.90204],[3.78941,50.90188],[3.7935,50.90128],[3.79472,50.90148],[3.7963,50.90113],[3.79915,50.89879],[3.79988,50.89771],[3.80067,50.89763],[3.80146,50.89778],[3.80224,50.89811],[3.80404,50.89763],[3.8049,50.89812],[3.80531,50.89799],[3.80496,50.89682],[3.80628,50.89525],[3.80653,50.89475],[3.81005,50.89578],[3.81149,50.8966],[3.81169,50.89707],[3.81238,50.89759],[3.8136,50.89804],[3.81522,50.89851],[3.81676,50.89888],[3.81742,50.89941],[3.81542,50.90101],[3.81624,50.90154],[3.81564,50.90196],[3.81851,50.9034],[3.81675,50.90483],[3.81795,50.90549],[3.81749,50.90583],[3.81967,50.90697],[3.81875,50.90782],[3.82083,50.90894],[3.82039,50.90973],[3.82115,50.91009],[3.82226,50.91088],[3.82704,50.91205],[3.82893,50.91286],[3.82923,50.913],[3.82826,50.91405],[3.82771,50.91441],[3.82523,50.91581],[3.82432,50.91643],[3.82348,50.91673],[3.82428,50.9178],[3.8239,50.91795],[3.8245,50.91838],[3.82508,50.91903],[3.82563,50.91994],[3.8257,50.92046],[3.82607,50.92146],[3.82689,50.92193],[3.82783,50.92232],[3.82762,50.92259],[3.82818,50.92297],[3.82972,50.92363],[3.83051,50.92431],[3.83082,50.92483],[3.83115,50.92492],[3.83207,50.92551],[3.83106,50.92631],[3.82963,50.92704],[3.82931,50.92762],[3.82897,50.92906],[3.82843,50.92896],[3.82742,50.9323],[3.82796,50.93259],[3.82882,50.93287],[3.83028,50.93396],[3.83136,50.93436],[3.83283,50.9351],[3.83402,50.93534],[3.83589,50.93583],[3.83709,50.93602],[3.83876,50.93644],[3.83953,50.9365],[3.84021,50.93635],[3.84084,50.93645],[3.84109,50.93665],[3.84214,50.93682],[3.84254,50.9366],[3.84383,50.93635],[3.8447,50.93735],[3.84574,50.93795],[3.8473,50.93837],[3.85041,50.93959],[3.84997,50.94138],[3.85045,50.94178],[3.85001,50.9421],[3.84914,50.94352],[3.8492,50.9437],[3.84889,50.94461],[3.84858,50.94508],[3.84951,50.94584],[3.84776,50.94723],[3.84691,50.94734],[3.84556,50.94791],[3.84476,50.94864],[3.84478,50.94921],[3.84511,50.94956],[3.84471,50.94983],[3.84517,50.95004],[3.8457,50.95062],[3.84618,50.95086],[3.84646,50.95145],[3.84725,50.95165],[3.84767,50.95245],[3.84769,50.9528],[3.84784,50.95352],[3.8469,50.95571],[3.84681,50.95664],[3.84743,50.95716],[3.84911,50.95892],[3.84929,50.95933],[3.85,50.95988],[3.85035,50.96032],[3.85044,50.96076],[3.85113,50.96186],[3.85082,50.96241],[3.85106,50.96284],[3.8504,50.96336],[3.85022,50.96405],[3.8489,50.96352],[3.84847,50.96401],[3.84832,50.96371],[3.84687,50.96328],[3.84375,50.96478],[3.84376,50.96487],[3.84259,50.96538],[3.84315,50.96573],[3.84246,50.96618],[3.84276,50.96644],[3.84362,50.96751],[3.84161,50.96904],[3.84147,50.96909],[3.84031,50.96875],[3.84016,50.96851],[3.83893,50.96818],[3.83823,50.96853],[3.83666,50.97017],[3.83608,50.97089],[3.83539,50.97144],[3.83416,50.97213],[3.83239,50.97081],[3.83021,50.969],[3.82899,50.97002],[3.82822,50.97104],[3.82987,50.97235],[3.82941,50.97295],[3.82977,50.97344],[3.82862,50.97446],[3.82786,50.97484],[3.82739,50.97485],[3.82662,50.97506],[3.82594,50.97507],[3.82344,50.97435],[3.82293,50.97477],[3.82197,50.97524],[3.82158,50.97568],[3.82052,50.97527],[3.81972,50.97476],[3.81887,50.97446],[3.81744,50.97442],[3.81694,50.97451],[3.81611,50.97446],[3.81445,50.97424],[3.81162,50.97408],[3.81009,50.97364],[3.81009,50.97275],[3.81054,50.9722],[3.8103,50.97201],[3.80881,50.97143],[3.80789,50.97135],[3.80737,50.972],[3.80667,50.97228],[3.80594,50.97339],[3.8056,50.97346],[3.8055,50.9739],[3.80478,50.97433],[3.8044,50.97436],[3.80404,50.97478],[3.80279,50.97532],[3.80172,50.97508],[3.80108,50.97632],[3.79855,50.97766],[3.79755,50.97705],[3.79748,50.97648],[3.79709,50.97609],[3.79372,50.97538],[3.79357,50.97517],[3.79235,50.97525],[3.79081,50.97511],[3.7904,50.97461],[3.79012,50.97492],[3.78917,50.97503],[3.78869,50.97481],[3.78919,50.97188],[3.78599,50.97082],[3.78549,50.97087],[3.78476,50.9718],[3.7842,50.97235],[3.78356,50.97267],[3.78197,50.97145],[3.78119,50.971],[3.78031,50.97094],[3.78038,50.97067],[3.78077,50.97071],[3.78037,50.97004],[3.77929,50.96928],[3.77759,50.9685],[3.77787,50.96823],[3.77228,50.96444],[3.77244,50.9641],[3.77107,50.96359],[3.77049,50.96348],[3.76868,50.96263],[3.76814,50.96217],[3.76612,50.96097],[3.76489,50.96047],[3.76387,50.95991],[3.76305,50.95933],[3.76281,50.95887],[3.76201,50.95859],[3.76209,50.95832],[3.76169,50.95814],[3.7594,50.95621],[3.75876,50.9561],[3.75786,50.95549],[3.75625,50.95493],[3.75654,50.95438],[3.75721,50.95354],[3.75742,50.95283],[3.75771,50.95234],[3.75758,50.95207],[3.75936,50.95075],[3.75969,50.95093],[3.76064,50.95024],[3.76082,50.95033],[3.76194,50.94936],[3.76249,50.94877],[3.76214,50.94858],[3.76352,50.94751],[3.7645,50.9465],[3.76174,50.94561],[3.75977,50.94416],[3.75924,50.94399],[3.75784,50.94388],[3.75682,50.94319],[3.75644,50.94309],[3.75618,50.9426],[3.75486,50.9419],[3.7545,50.94156],[3.75316,50.94102],[3.75222,50.93883],[3.75183,50.93728],[3.75143,50.9368],[3.75092,50.93663],[3.75038,50.93586],[3.74955,50.93513],[3.74939,50.93453]]]}},{"type":"Feature","id":"44064","bbox":[3.591129,50.981746,3.655096,51.035387],"properties":{"nis":"44064","name":"Sint-Martens-Latem","nameNl":"Sint-Martens-Latem","nameFr":"Laethem-Saint-Martin","nameDe":"Sint-Martens-Latem","province":"oost-vlaanderen","region":"flanders","areaKm2":14.42},"geometry":{"type":"Polygon","coordinates":[[[3.65295,51.0066],[3.65285,51.0067],[3.64972,51.01256],[3.65013,51.01325],[3.65053,51.01437],[3.65047,51.01497],[3.65076,51.01551],[3.65338,51.01728],[3.65509,51.01855],[3.65412,51.01925],[3.65345,51.01893],[3.65278,51.01917],[3.65216,51.01974],[3.65168,51.02039],[3.65106,51.02101],[3.65012,51.02178],[3.64852,51.02293],[3.64645,51.02425],[3.64496,51.02536],[3.64453,51.02489],[3.64447,51.0245],[3.64466,51.02358],[3.64414,51.02276],[3.64353,51.02243],[3.64225,51.02209],[3.64108,51.02187],[3.64016,51.02206],[3.63993,51.02245],[3.64025,51.02299],[3.64027,51.02349],[3.63991,51.02435],[3.63926,51.02523],[3.63841,51.02605],[3.63606,51.02779],[3.6354,51.02898],[3.63389,51.02993],[3.63276,51.03036],[3.63164,51.03039],[3.6309,51.02998],[3.63047,51.02992],[3.6288,51.03057],[3.6279,51.0311],[3.62739,51.03164],[3.62726,51.03212],[3.62658,51.03249],[3.62478,51.03304],[3.62123,51.03372],[3.62054,51.03391],[3.62022,51.03415],[3.62017,51.03502],[3.6196,51.03535],[3.61828,51.03538],[3.61622,51.03516],[3.61521,51.03495],[3.61363,51.0344],[3.61067,51.03309],[3.60873,51.03195],[3.60806,51.03129],[3.60662,51.0297],[3.60634,51.02928],[3.60626,51.02842],[3.60658,51.02748],[3.6077,51.02597],[3.60818,51.02575],[3.60933,51.02565],[3.61015,51.02512],[3.61038,51.02425],[3.61034,51.02316],[3.61094,51.02197],[3.61102,51.0213],[3.61005,51.02021],[3.60919,51.01949],[3.60916,51.01896],[3.60891,51.01829],[3.60808,51.01773],[3.60653,51.01729],[3.60645,51.01654],[3.60025,51.01516],[3.59499,51.01193],[3.5934,51.0111],[3.59144,51.00941],[3.59261,51.00871],[3.59297,51.00839],[3.59293,51.00804],[3.59175,51.00794],[3.59113,51.00713],[3.59117,51.00657],[3.59197,51.00566],[3.59323,51.00512],[3.59495,51.00496],[3.59611,51.00597],[3.59619,51.00712],[3.59542,51.00792],[3.59529,51.0082],[3.59553,51.00852],[3.59651,51.00881],[3.59793,51.00801],[3.59862,51.00786],[3.59909,51.00758],[3.59928,51.00708],[3.59935,51.00639],[3.59973,51.00606],[3.60104,51.00616],[3.60166,51.00566],[3.60123,51.00418],[3.60098,51.00354],[3.60021,51.00208],[3.5993,51.00073],[3.5986,50.99994],[3.59806,50.99915],[3.59825,50.99882],[3.59864,50.99884],[3.59956,50.99937],[3.60027,50.99934],[3.60068,50.99912],[3.60053,50.99849],[3.59928,50.99752],[3.59742,50.99669],[3.59705,50.99638],[3.59697,50.99603],[3.59714,50.9954],[3.59703,50.99503],[3.59587,50.99426],[3.59451,50.99324],[3.59602,50.9924],[3.5978,50.99347],[3.59827,50.9933],[3.59866,50.99285],[3.60061,50.99162],[3.60079,50.99132],[3.60312,50.99004],[3.60455,50.98919],[3.60543,50.98855],[3.60845,50.98663],[3.60655,50.9849],[3.60751,50.98309],[3.60901,50.98354],[3.60935,50.9827],[3.60976,50.98275],[3.61046,50.98175],[3.61217,50.98219],[3.6141,50.98278],[3.61575,50.98341],[3.6181,50.98441],[3.61903,50.98472],[3.61866,50.98522],[3.61896,50.98532],[3.62011,50.9861],[3.62308,50.98801],[3.62455,50.98875],[3.62605,50.98962],[3.62922,50.99158],[3.62943,50.99198],[3.63262,50.99534],[3.63593,50.99874],[3.63687,50.99924],[3.64149,51.00119],[3.644,51.00234],[3.65295,51.0066]]]}},{"type":"Feature","id":"44081","bbox":[3.415355,50.896773,3.527927,50.983615],"properties":{"nis":"44081","name":"Zulte","nameNl":"Zulte","nameFr":"Zulte","nameDe":"Zulte","province":"oost-vlaanderen","region":"flanders","areaKm2":32.64},"geometry":{"type":"Polygon","coordinates":[[[3.46673,50.90207],[3.46824,50.9039],[3.46884,50.90507],[3.46984,50.90535],[3.47288,50.90537],[3.47324,50.90531],[3.474,50.90608],[3.47584,50.90728],[3.47667,50.90809],[3.47772,50.90975],[3.4788,50.90965],[3.48037,50.9111],[3.48194,50.91219],[3.48425,50.91345],[3.48592,50.91501],[3.48905,50.91836],[3.48952,50.91863],[3.49277,50.9232],[3.49494,50.92552],[3.497,50.92698],[3.49998,50.92843],[3.50113,50.92907],[3.50331,50.93159],[3.50457,50.93382],[3.50632,50.93452],[3.50658,50.93425],[3.50912,50.93557],[3.5119,50.93873],[3.51142,50.93887],[3.51237,50.93965],[3.51566,50.94277],[3.51766,50.94502],[3.51738,50.9451],[3.51946,50.94654],[3.51969,50.94632],[3.52664,50.94772],[3.5251,50.94982],[3.52745,50.95042],[3.52793,50.95072],[3.52632,50.95159],[3.52444,50.95334],[3.52321,50.95427],[3.52264,50.95485],[3.52214,50.95562],[3.5213,50.95449],[3.52101,50.95395],[3.51991,50.95376],[3.51682,50.95307],[3.51558,50.95384],[3.51329,50.95542],[3.51363,50.9558],[3.51252,50.95696],[3.51313,50.95759],[3.51191,50.95883],[3.5093,50.96125],[3.50823,50.96218],[3.50802,50.96265],[3.50632,50.96268],[3.50556,50.96318],[3.50478,50.96388],[3.50459,50.96519],[3.50407,50.96527],[3.50403,50.96588],[3.5042,50.96722],[3.50443,50.9674],[3.5039,50.96795],[3.50478,50.96841],[3.50515,50.96882],[3.50482,50.96884],[3.50501,50.96947],[3.50553,50.96935],[3.50589,50.9698],[3.50719,50.97039],[3.50723,50.97104],[3.50765,50.97149],[3.50769,50.97223],[3.50697,50.97267],[3.50623,50.97265],[3.50491,50.97328],[3.5047,50.97386],[3.50293,50.97477],[3.50319,50.97518],[3.50332,50.97577],[3.50327,50.97708],[3.50349,50.97903],[3.50387,50.98016],[3.50393,50.98106],[3.50377,50.98361],[3.5001,50.98359],[3.49578,50.98312],[3.49237,50.98232],[3.49022,50.98173],[3.48909,50.98147],[3.48727,50.98118],[3.48637,50.98111],[3.48468,50.98134],[3.48317,50.9813],[3.48109,50.98108],[3.47899,50.9806],[3.47843,50.98032],[3.47756,50.9797],[3.47652,50.97883],[3.47547,50.97747],[3.47517,50.97643],[3.47499,50.975],[3.47463,50.9735],[3.47421,50.97226],[3.47394,50.97104],[3.47381,50.96958],[3.47383,50.96804],[3.47393,50.96745],[3.47419,50.96702],[3.4754,50.96617],[3.47609,50.96579],[3.47659,50.96538],[3.4776,50.96482],[3.4782,50.96435],[3.47986,50.96275],[3.48204,50.9604],[3.48362,50.95949],[3.48381,50.95921],[3.4836,50.95875],[3.48291,50.95833],[3.48194,50.95796],[3.47933,50.95747],[3.47796,50.95736],[3.47655,50.95738],[3.47516,50.95769],[3.47201,50.95851],[3.47012,50.95909],[3.46807,50.95933],[3.46681,50.95954],[3.46455,50.95965],[3.4632,50.95952],[3.46191,50.95951],[3.45984,50.95986],[3.45704,50.95854],[3.45644,50.95807],[3.45619,50.95747],[3.45557,50.95668],[3.45511,50.95578],[3.4544,50.95388],[3.45426,50.9528],[3.45434,50.95067],[3.45429,50.94938],[3.45426,50.94893],[3.4546,50.94829],[3.45576,50.94672],[3.45645,50.94614],[3.4595,50.94463],[3.46042,50.94451],[3.46143,50.94351],[3.46124,50.94238],[3.46057,50.94198],[3.45903,50.94157],[3.45609,50.94108],[3.45468,50.94092],[3.45377,50.94105],[3.45182,50.94192],[3.4508,50.94268],[3.45071,50.94295],[3.45018,50.94342],[3.44866,50.94381],[3.44764,50.94396],[3.44654,50.94397],[3.44487,50.94386],[3.44382,50.94359],[3.44071,50.9424],[3.43926,50.94206],[3.43797,50.94149],[3.43766,50.94111],[3.43771,50.94048],[3.43803,50.9396],[3.43895,50.93868],[3.43963,50.93822],[3.44106,50.93756],[3.44235,50.93713],[3.44368,50.93682],[3.44505,50.93665],[3.4457,50.93727],[3.44748,50.93773],[3.44945,50.93781],[3.45034,50.93774],[3.45211,50.93775],[3.45307,50.93754],[3.45424,50.93778],[3.45479,50.93776],[3.45576,50.93732],[3.45616,50.93673],[3.45608,50.93513],[3.4556,50.9339],[3.45551,50.93339],[3.45569,50.93274],[3.45561,50.9324],[3.45518,50.93179],[3.45466,50.93132],[3.45312,50.93067],[3.45306,50.93028],[3.45336,50.92982],[3.45354,50.92903],[3.45306,50.92883],[3.45163,50.92864],[3.45059,50.9286],[3.44633,50.92889],[3.44468,50.92905],[3.44337,50.92935],[3.44183,50.9295],[3.44104,50.92972],[3.43981,50.93036],[3.43872,50.93132],[3.43871,50.93155],[3.43914,50.93215],[3.43907,50.93258],[3.43869,50.9329],[3.43502,50.93338],[3.43369,50.93351],[3.43369,50.93341],[3.4317,50.93319],[3.43,50.93278],[3.4286,50.93215],[3.42693,50.93101],[3.426,50.93073],[3.42495,50.93026],[3.42452,50.92995],[3.42424,50.92951],[3.42413,50.92849],[3.42418,50.928],[3.42406,50.92683],[3.4243,50.92639],[3.42568,50.92536],[3.42671,50.92475],[3.42717,50.92433],[3.42842,50.92238],[3.43102,50.9201],[3.43215,50.91983],[3.43282,50.91957],[3.43374,50.91889],[3.43396,50.91837],[3.43372,50.91796],[3.43279,50.91719],[3.4318,50.91682],[3.43067,50.91729],[3.42998,50.91717],[3.42888,50.91625],[3.42759,50.91595],[3.42723,50.91575],[3.42721,50.91524],[3.42766,50.91495],[3.42854,50.91473],[3.42904,50.91416],[3.42865,50.9137],[3.42775,50.9135],[3.42694,50.91365],[3.42619,50.91359],[3.42561,50.91337],[3.42538,50.91311],[3.42557,50.91281],[3.42765,50.91276],[3.42773,50.91259],[3.42705,50.9119],[3.42575,50.91146],[3.42381,50.91106],[3.42215,50.91085],[3.41963,50.91094],[3.41939,50.90973],[3.41906,50.90914],[3.41822,50.90836],[3.41804,50.90794],[3.41723,50.90702],[3.41724,50.9066],[3.41657,50.906],[3.41609,50.90487],[3.41536,50.90442],[3.41674,50.904],[3.41662,50.90303],[3.41897,50.9023],[3.41947,50.90191],[3.41956,50.90116],[3.42094,50.89996],[3.42148,50.89963],[3.42363,50.89854],[3.42407,50.89843],[3.42844,50.89789],[3.42969,50.89762],[3.43141,50.89682],[3.43264,50.89734],[3.43337,50.89777],[3.43461,50.89819],[3.43721,50.89859],[3.43813,50.89881],[3.43934,50.89899],[3.44131,50.89957],[3.44264,50.90002],[3.4451,50.90063],[3.44602,50.90158],[3.4465,50.9023],[3.44701,50.90281],[3.44921,50.90531],[3.45078,50.90642],[3.45177,50.90663],[3.45321,50.90763],[3.45681,50.90625],[3.46011,50.9076],[3.46106,50.90701],[3.46257,50.90572],[3.46167,50.90533],[3.46251,50.90533],[3.46384,50.90436],[3.46451,50.90401],[3.4648,50.90415],[3.46555,50.90298],[3.46673,50.90207]]]}},{"type":"Feature","id":"44083","bbox":[3.413384,50.947139,3.613147,51.101133],"properties":{"nis":"44083","name":"Deinze","nameNl":"Deinze","nameFr":"Deinze","nameDe":"Deinze","province":"oost-vlaanderen","region":"flanders","areaKm2":127.67},"geometry":{"type":"Polygon","coordinates":[[[3.52537,51.09091],[3.52522,51.09061],[3.52379,51.09068],[3.52286,51.08993],[3.52063,51.09006],[3.51946,51.08953],[3.51915,51.08879],[3.51884,51.08852],[3.51723,51.08804],[3.51683,51.08756],[3.51601,51.08731],[3.51508,51.08659],[3.51512,51.08591],[3.51429,51.08576],[3.51444,51.08541],[3.51334,51.08499],[3.51421,51.08433],[3.51483,51.08427],[3.51253,51.08202],[3.51187,51.08091],[3.51077,51.0804],[3.50882,51.07972],[3.50686,51.07758],[3.5057,51.07708],[3.50258,51.07595],[3.50328,51.07532],[3.50358,51.07476],[3.50452,51.07406],[3.50549,51.07287],[3.50534,51.07194],[3.50381,51.07122],[3.50375,51.07108],[3.50431,51.07024],[3.50622,51.06813],[3.50757,51.06658],[3.50845,51.06605],[3.51155,51.06515],[3.51208,51.06433],[3.51387,51.06226],[3.51029,51.06142],[3.50961,51.06117],[3.50599,51.05961],[3.5038,51.05771],[3.50578,51.05719],[3.50582,51.05668],[3.5053,51.05533],[3.50488,51.05362],[3.50392,51.05163],[3.50481,51.05161],[3.50515,51.05123],[3.50433,51.04814],[3.50442,51.04789],[3.50579,51.04816],[3.50628,51.04783],[3.50621,51.04675],[3.50523,51.04577],[3.50502,51.04503],[3.50572,51.04438],[3.50575,51.04416],[3.50663,51.04347],[3.50799,51.04259],[3.50707,51.04218],[3.50795,51.04185],[3.50739,51.04095],[3.50669,51.04043],[3.50603,51.03978],[3.50581,51.03905],[3.50553,51.03875],[3.50419,51.0385],[3.50084,51.03743],[3.50055,51.03663],[3.4994,51.03648],[3.49961,51.03534],[3.49936,51.03376],[3.49982,51.03312],[3.50007,51.03236],[3.50035,51.03053],[3.50034,51.02871],[3.50086,51.0278],[3.50126,51.02774],[3.50015,51.02719],[3.49871,51.02662],[3.49824,51.02662],[3.49813,51.02633],[3.497,51.02627],[3.49639,51.02583],[3.4953,51.02526],[3.49498,51.02566],[3.49376,51.02535],[3.49322,51.02568],[3.49283,51.02572],[3.49196,51.02542],[3.4916,51.02571],[3.49109,51.02557],[3.49075,51.02592],[3.49024,51.02597],[3.4904,51.02664],[3.48996,51.02692],[3.48845,51.027],[3.48731,51.02739],[3.48711,51.0273],[3.48677,51.02661],[3.48684,51.02617],[3.48566,51.02591],[3.48581,51.0254],[3.48494,51.02551],[3.48466,51.02505],[3.48335,51.02481],[3.48306,51.02426],[3.48253,51.02434],[3.48274,51.02462],[3.48171,51.02465],[3.48117,51.0249],[3.48133,51.02524],[3.48092,51.02559],[3.47989,51.02479],[3.47923,51.02519],[3.47829,51.02492],[3.47705,51.02475],[3.47685,51.02519],[3.47633,51.02536],[3.4759,51.02486],[3.47598,51.0245],[3.47561,51.02444],[3.47506,51.02484],[3.47421,51.02499],[3.47391,51.02481],[3.47416,51.02455],[3.47362,51.02444],[3.47323,51.02358],[3.47287,51.02354],[3.47265,51.02403],[3.47208,51.02367],[3.4712,51.02345],[3.47015,51.02349],[3.46955,51.02303],[3.46863,51.02278],[3.46708,51.02215],[3.46675,51.02224],[3.46581,51.02182],[3.46347,51.02137],[3.46299,51.02112],[3.46182,51.02082],[3.46121,51.02122],[3.46059,51.0212],[3.46037,51.02154],[3.45995,51.02161],[3.45955,51.02198],[3.45892,51.02206],[3.45864,51.02226],[3.45897,51.02282],[3.45863,51.02307],[3.45659,51.0225],[3.45555,51.02201],[3.45597,51.02193],[3.45626,51.02145],[3.45445,51.02103],[3.45438,51.02039],[3.45377,51.01956],[3.45284,51.01939],[3.45236,51.01988],[3.45093,51.01958],[3.44989,51.01919],[3.44806,51.01823],[3.44623,51.01713],[3.4458,51.01701],[3.4448,51.01647],[3.44534,51.01605],[3.44655,51.01585],[3.44722,51.01563],[3.44743,51.01332],[3.44725,51.01063],[3.44754,51.00983],[3.44861,51.00965],[3.44989,51.00994],[3.4502,51.00897],[3.45099,51.0089],[3.45163,51.00677],[3.45228,51.0068],[3.45256,51.00538],[3.45224,51.00489],[3.45231,51.00387],[3.45195,51.00383],[3.45087,51.00329],[3.45001,51.00261],[3.44883,51.00119],[3.44738,51.00028],[3.44712,51.00046],[3.44478,50.99883],[3.44592,50.99816],[3.44722,50.99691],[3.44819,50.99621],[3.44882,50.99597],[3.45022,50.99506],[3.45079,50.99478],[3.45066,50.99463],[3.44902,50.99392],[3.44834,50.99435],[3.44777,50.99418],[3.44769,50.9938],[3.44578,50.99301],[3.4434,50.99231],[3.44341,50.99216],[3.44271,50.99201],[3.44124,50.99189],[3.44047,50.99194],[3.43957,50.99181],[3.43965,50.99089],[3.43895,50.99055],[3.43779,50.99058],[3.43737,50.99047],[3.43668,50.98982],[3.43549,50.98959],[3.43411,50.98899],[3.43349,50.98893],[3.43344,50.98759],[3.43305,50.98677],[3.43395,50.9858],[3.43396,50.98482],[3.43332,50.9842],[3.43148,50.98365],[3.43068,50.98253],[3.43069,50.98231],[3.4295,50.98196],[3.4295,50.98172],[3.42732,50.98146],[3.42639,50.98146],[3.42678,50.98104],[3.42613,50.98092],[3.42653,50.98041],[3.42627,50.9803],[3.42694,50.97963],[3.42639,50.97945],[3.4258,50.97801],[3.42672,50.97584],[3.42816,50.97512],[3.43039,50.9725],[3.4314,50.97166],[3.43132,50.97162],[3.43236,50.97075],[3.43329,50.97011],[3.43414,50.96977],[3.43498,50.97023],[3.43543,50.96981],[3.43723,50.97061],[3.43962,50.96858],[3.44183,50.96957],[3.44336,50.96765],[3.44418,50.96654],[3.44378,50.96652],[3.44307,50.96598],[3.44294,50.96623],[3.44219,50.96592],[3.44235,50.96574],[3.44207,50.9654],[3.44148,50.96532],[3.44085,50.96472],[3.43904,50.96417],[3.43837,50.96407],[3.43702,50.96364],[3.43577,50.9634],[3.43518,50.96355],[3.43471,50.96333],[3.43431,50.96338],[3.43287,50.96295],[3.43179,50.96288],[3.43012,50.96211],[3.42936,50.96201],[3.4288,50.96147],[3.42821,50.96138],[3.42718,50.96076],[3.427,50.9605],[3.42537,50.96021],[3.42414,50.96059],[3.42304,50.96072],[3.42123,50.9601],[3.41971,50.95977],[3.41861,50.95945],[3.41753,50.95942],[3.41558,50.95886],[3.41458,50.95864],[3.41338,50.95828],[3.41397,50.95698],[3.41407,50.95611],[3.41409,50.95483],[3.41424,50.95439],[3.41507,50.95366],[3.4159,50.95395],[3.41686,50.95333],[3.41789,50.95254],[3.41826,50.95197],[3.41895,50.95129],[3.42053,50.9502],[3.42068,50.94983],[3.42171,50.94883],[3.42557,50.95052],[3.43176,50.94714],[3.43339,50.94867],[3.43421,50.94912],[3.43521,50.94955],[3.43617,50.9496],[3.43662,50.94997],[3.4374,50.95003],[3.43798,50.94975],[3.43815,50.94989],[3.43996,50.95072],[3.44203,50.95136],[3.44265,50.95147],[3.44419,50.95199],[3.44463,50.95157],[3.44816,50.95075],[3.45077,50.94948],[3.45059,50.94851],[3.45265,50.94777],[3.4533,50.94869],[3.45399,50.94942],[3.45429,50.94938],[3.45434,50.95067],[3.45426,50.9528],[3.4544,50.95388],[3.45511,50.95578],[3.45557,50.95668],[3.45619,50.95747],[3.45644,50.95807],[3.45704,50.95854],[3.45984,50.95986],[3.46191,50.95951],[3.4632,50.95952],[3.46455,50.95965],[3.46681,50.95954],[3.46807,50.95933],[3.47012,50.95909],[3.47201,50.95851],[3.47516,50.95769],[3.47655,50.95738],[3.47796,50.95736],[3.47933,50.95747],[3.48194,50.95796],[3.48291,50.95833],[3.4836,50.95875],[3.48381,50.95921],[3.48362,50.95949],[3.48204,50.9604],[3.47986,50.96275],[3.4782,50.96435],[3.4776,50.96482],[3.47659,50.96538],[3.47609,50.96579],[3.4754,50.96617],[3.47419,50.96702],[3.47393,50.96745],[3.47383,50.96804],[3.47381,50.96958],[3.47394,50.97104],[3.47421,50.97226],[3.47463,50.9735],[3.47499,50.975],[3.47517,50.97643],[3.47547,50.97747],[3.47652,50.97883],[3.47756,50.9797],[3.47843,50.98032],[3.47899,50.9806],[3.48109,50.98108],[3.48317,50.9813],[3.48468,50.98134],[3.48637,50.98111],[3.48727,50.98118],[3.48909,50.98147],[3.49022,50.98173],[3.49237,50.98232],[3.49578,50.98312],[3.5001,50.98359],[3.50377,50.98361],[3.50393,50.98106],[3.50387,50.98016],[3.50349,50.97903],[3.50327,50.97708],[3.50332,50.97577],[3.50319,50.97518],[3.50293,50.97477],[3.5047,50.97386],[3.50491,50.97328],[3.50623,50.97265],[3.50697,50.97267],[3.50769,50.97223],[3.50765,50.97149],[3.50723,50.97104],[3.50719,50.97039],[3.50589,50.9698],[3.50553,50.96935],[3.50501,50.96947],[3.50482,50.96884],[3.50515,50.96882],[3.50478,50.96841],[3.5039,50.96795],[3.50443,50.9674],[3.5042,50.96722],[3.50403,50.96588],[3.50407,50.96527],[3.50459,50.96519],[3.50478,50.96388],[3.50556,50.96318],[3.50632,50.96268],[3.50802,50.96265],[3.50823,50.96218],[3.5093,50.96125],[3.51191,50.95883],[3.51313,50.95759],[3.51252,50.95696],[3.51363,50.9558],[3.51329,50.95542],[3.51558,50.95384],[3.51682,50.95307],[3.51991,50.95376],[3.52101,50.95395],[3.5213,50.95449],[3.52214,50.95562],[3.52264,50.95485],[3.52321,50.95427],[3.52444,50.95334],[3.52632,50.95159],[3.52793,50.95072],[3.52745,50.95042],[3.5251,50.94982],[3.52664,50.94772],[3.52896,50.94827],[3.53151,50.94793],[3.53443,50.948],[3.53682,50.94829],[3.53715,50.94888],[3.53763,50.94896],[3.53756,50.94973],[3.53952,50.95165],[3.54035,50.95142],[3.54143,50.95307],[3.54183,50.9528],[3.5423,50.95309],[3.54568,50.95582],[3.54683,50.95724],[3.54739,50.95784],[3.55155,50.95946],[3.55319,50.96016],[3.55432,50.96073],[3.55399,50.96105],[3.55654,50.96191],[3.55833,50.96258],[3.55887,50.9626],[3.5604,50.96332],[3.5631,50.96484],[3.56327,50.96481],[3.57458,50.96668],[3.58368,50.96814],[3.59064,50.96928],[3.59039,50.96988],[3.59543,50.97072],[3.59769,50.97102],[3.59826,50.97271],[3.59554,50.97666],[3.5949,50.97746],[3.59393,50.97901],[3.59272,50.97856],[3.59083,50.98069],[3.5933,50.98206],[3.59374,50.98243],[3.59475,50.9828],[3.59467,50.98287],[3.59643,50.98352],[3.59871,50.98066],[3.60537,50.98246],[3.60751,50.98309],[3.60655,50.9849],[3.60845,50.98663],[3.60543,50.98855],[3.60455,50.98919],[3.60312,50.99004],[3.60079,50.99132],[3.60061,50.99162],[3.59866,50.99285],[3.59827,50.9933],[3.5978,50.99347],[3.59602,50.9924],[3.59451,50.99324],[3.59587,50.99426],[3.59703,50.99503],[3.59714,50.9954],[3.59697,50.99603],[3.59705,50.99638],[3.59742,50.99669],[3.59928,50.99752],[3.60053,50.99849],[3.60068,50.99912],[3.60027,50.99934],[3.59956,50.99937],[3.59864,50.99884],[3.59825,50.99882],[3.59806,50.99915],[3.5986,50.99994],[3.5993,51.00073],[3.60021,51.00208],[3.60098,51.00354],[3.60123,51.00418],[3.60166,51.00566],[3.60104,51.00616],[3.59973,51.00606],[3.59935,51.00639],[3.59928,51.00708],[3.59909,51.00758],[3.59862,51.00786],[3.59793,51.00801],[3.59651,51.00881],[3.59553,51.00852],[3.59529,51.0082],[3.59542,51.00792],[3.59619,51.00712],[3.59611,51.00597],[3.59495,51.00496],[3.59323,51.00512],[3.59197,51.00566],[3.59117,51.00657],[3.59113,51.00713],[3.59175,51.00794],[3.59293,51.00804],[3.59297,51.00839],[3.59261,51.00871],[3.59144,51.00941],[3.5934,51.0111],[3.59499,51.01193],[3.60025,51.01516],[3.60645,51.01654],[3.60653,51.01729],[3.60808,51.01773],[3.60891,51.01829],[3.60916,51.01896],[3.60919,51.01949],[3.61005,51.02021],[3.61102,51.0213],[3.61094,51.02197],[3.61034,51.02316],[3.61038,51.02425],[3.61015,51.02512],[3.60933,51.02565],[3.60818,51.02575],[3.6077,51.02597],[3.60658,51.02748],[3.60626,51.02842],[3.60418,51.0285],[3.60354,51.02861],[3.60308,51.02742],[3.60261,51.02538],[3.60164,51.02416],[3.60083,51.02351],[3.59875,51.02218],[3.59722,51.02302],[3.59494,51.02413],[3.59422,51.02474],[3.59321,51.02468],[3.59225,51.02491],[3.59137,51.02443],[3.59003,51.02553],[3.58763,51.02702],[3.58705,51.02732],[3.58173,51.0295],[3.57976,51.03028],[3.58258,51.03379],[3.58352,51.03516],[3.58512,51.0371],[3.58593,51.03834],[3.58685,51.039],[3.5914,51.04078],[3.5917,51.04083],[3.59121,51.04277],[3.59104,51.04316],[3.5902,51.04416],[3.59217,51.04563],[3.59295,51.04546],[3.59434,51.04639],[3.59541,51.04743],[3.59524,51.0482],[3.59569,51.04828],[3.59627,51.04891],[3.59779,51.04972],[3.59994,51.04939],[3.60044,51.04911],[3.60067,51.04872],[3.60178,51.0482],[3.60236,51.04877],[3.6047,51.05073],[3.60507,51.05116],[3.6052,51.05158],[3.60625,51.05307],[3.60793,51.05443],[3.60821,51.05436],[3.60932,51.05497],[3.60959,51.05484],[3.6096,51.05521],[3.60988,51.05546],[3.60732,51.05648],[3.60849,51.0571],[3.60891,51.05773],[3.60945,51.05813],[3.61074,51.05763],[3.61093,51.05765],[3.61203,51.0594],[3.61266,51.06049],[3.61248,51.06089],[3.61205,51.0612],[3.61216,51.06243],[3.61176,51.06358],[3.61067,51.06392],[3.60883,51.06485],[3.60866,51.06486],[3.60615,51.06605],[3.60527,51.06542],[3.60469,51.06575],[3.60413,51.06554],[3.60422,51.06535],[3.60347,51.06446],[3.60272,51.06478],[3.60303,51.06506],[3.60132,51.06561],[3.60137,51.06585],[3.60218,51.06605],[3.60225,51.06709],[3.60241,51.06759],[3.60469,51.06898],[3.60518,51.06877],[3.6057,51.06897],[3.60563,51.06917],[3.6065,51.06962],[3.60609,51.06986],[3.60645,51.07027],[3.6071,51.07135],[3.60803,51.07197],[3.60858,51.07275],[3.6095,51.07321],[3.61055,51.07405],[3.6116,51.07462],[3.6121,51.07506],[3.61315,51.07661],[3.61276,51.07647],[3.61198,51.07651],[3.61172,51.07666],[3.61101,51.0765],[3.60964,51.07683],[3.60917,51.07755],[3.60829,51.07773],[3.60751,51.0783],[3.60662,51.07829],[3.60469,51.07912],[3.60396,51.0792],[3.6034,51.07966],[3.60056,51.08015],[3.59984,51.08005],[3.59949,51.08036],[3.59797,51.08023],[3.59726,51.08003],[3.59702,51.0802],[3.59596,51.07988],[3.59446,51.07977],[3.59292,51.08126],[3.59239,51.08189],[3.59227,51.08242],[3.59453,51.08344],[3.59449,51.0837],[3.59639,51.08607],[3.59668,51.08669],[3.5978,51.08802],[3.59775,51.08888],[3.59702,51.08914],[3.59792,51.09161],[3.59463,51.09237],[3.59458,51.09296],[3.59033,51.09645],[3.58774,51.09874],[3.58597,51.09945],[3.58578,51.09971],[3.58385,51.10113],[3.58128,51.09982],[3.57979,51.1],[3.57823,51.10004],[3.57683,51.09969],[3.57482,51.09882],[3.57503,51.09817],[3.57217,51.09796],[3.57183,51.09757],[3.57149,51.09751],[3.57201,51.09664],[3.57167,51.09584],[3.57162,51.09534],[3.57035,51.09538],[3.56829,51.09556],[3.56631,51.09555],[3.56577,51.09605],[3.56394,51.09601],[3.56246,51.09559],[3.5614,51.09547],[3.55984,51.09514],[3.55524,51.09475],[3.55487,51.0941],[3.55335,51.0939],[3.54841,51.09343],[3.5459,51.09315],[3.52998,51.09087],[3.52887,51.09084],[3.52537,51.09091]]]}},{"type":"Feature","id":"44084","bbox":[3.331312,51.016466,3.525369,51.159896],"properties":{"nis":"44084","name":"Aalter","nameNl":"Aalter","nameFr":"Aalter","nameDe":"Aalter","province":"oost-vlaanderen","region":"flanders","areaKm2":119.28},"geometry":{"type":"Polygon","coordinates":[[[3.52537,51.09091],[3.52436,51.09375],[3.52399,51.09375],[3.52246,51.0962],[3.52177,51.09807],[3.52155,51.0992],[3.52153,51.1006],[3.52191,51.10165],[3.52295,51.10236],[3.52058,51.10261],[3.51857,51.10321],[3.51702,51.10352],[3.51593,51.10359],[3.51447,51.10399],[3.51306,51.10421],[3.51264,51.10529],[3.51238,51.1055],[3.51187,51.10554],[3.50965,51.10856],[3.51192,51.10933],[3.51125,51.11012],[3.51187,51.11036],[3.51093,51.11191],[3.51142,51.11218],[3.5103,51.11287],[3.51009,51.11375],[3.51017,51.1143],[3.51135,51.11391],[3.51213,51.11404],[3.51238,51.11423],[3.51566,51.11797],[3.51844,51.11896],[3.51857,51.11941],[3.51797,51.11944],[3.51791,51.11976],[3.51854,51.11972],[3.51937,51.12146],[3.52265,51.12323],[3.52459,51.12652],[3.51245,51.13293],[3.51242,51.13406],[3.51271,51.13498],[3.51215,51.13634],[3.51583,51.14676],[3.51583,51.1469],[3.51382,51.14685],[3.51288,51.14734],[3.51262,51.14709],[3.51169,51.14706],[3.51141,51.14723],[3.50965,51.14736],[3.50771,51.14792],[3.50655,51.14784],[3.49518,51.15048],[3.49401,51.15079],[3.49308,51.15153],[3.49182,51.15226],[3.49056,51.1528],[3.48935,51.15179],[3.48192,51.15151],[3.48129,51.15158],[3.48006,51.15148],[3.47806,51.15143],[3.47386,51.15152],[3.46568,51.15153],[3.45805,51.15291],[3.45094,51.15395],[3.44922,51.14983],[3.44399,51.15095],[3.4406,51.1517],[3.42954,51.1549],[3.41869,51.15836],[3.41797,51.15834],[3.41485,51.15978],[3.4127,51.15899],[3.41096,51.1599],[3.41032,51.15952],[3.40941,51.15868],[3.4064,51.15698],[3.40731,51.1565],[3.40495,51.15497],[3.40313,51.15368],[3.404,51.15304],[3.40313,51.15262],[3.40121,51.15184],[3.40147,51.15011],[3.4029,51.14893],[3.40343,51.1492],[3.40382,51.1487],[3.40407,51.14798],[3.40464,51.14798],[3.40534,51.14724],[3.40538,51.14684],[3.40405,51.1467],[3.4037,51.14718],[3.40202,51.14712],[3.40139,51.14593],[3.40064,51.14477],[3.40036,51.14479],[3.40004,51.1433],[3.39695,51.1414],[3.39623,51.14106],[3.39597,51.14077],[3.39617,51.14039],[3.3952,51.13971],[3.39475,51.13925],[3.39431,51.13821],[3.39393,51.13807],[3.39349,51.13723],[3.39345,51.13567],[3.39278,51.13489],[3.39249,51.13424],[3.3906,51.13306],[3.39025,51.13268],[3.39021,51.13216],[3.39046,51.13162],[3.39015,51.13146],[3.38975,51.13085],[3.3877,51.13013],[3.38482,51.12926],[3.3824,51.1286],[3.37952,51.12771],[3.38003,51.12709],[3.38033,51.12601],[3.38087,51.12543],[3.38164,51.1244],[3.38156,51.12424],[3.38022,51.12277],[3.37955,51.12185],[3.37914,51.12159],[3.37452,51.11952],[3.37616,51.118],[3.37228,51.11589],[3.37261,51.11566],[3.36804,51.11469],[3.35961,51.11304],[3.35914,51.11296],[3.35747,51.11238],[3.35493,51.1122],[3.35486,51.11009],[3.35346,51.10859],[3.34936,51.10781],[3.35022,51.10653],[3.34671,51.10602],[3.34703,51.10538],[3.34139,51.10506],[3.33595,51.10187],[3.33519,51.10215],[3.33131,51.09888],[3.33337,51.09784],[3.33559,51.09665],[3.33983,51.09531],[3.34059,51.09503],[3.34641,51.09271],[3.35068,51.09039],[3.35968,51.0869],[3.36104,51.08659],[3.36549,51.08534],[3.37275,51.08451],[3.39067,51.07267],[3.39196,51.07259],[3.3912,51.07127],[3.39078,51.07023],[3.39169,51.07015],[3.39185,51.06962],[3.39386,51.06948],[3.39373,51.06822],[3.39382,51.06797],[3.39707,51.06829],[3.39717,51.06759],[3.39895,51.06772],[3.39909,51.06733],[3.39965,51.06703],[3.40113,51.06738],[3.40205,51.06735],[3.4021,51.06748],[3.40283,51.06732],[3.40296,51.06785],[3.40432,51.06727],[3.40467,51.06766],[3.40482,51.06724],[3.40609,51.06645],[3.40825,51.06499],[3.41606,51.06384],[3.4167,51.0636],[3.41647,51.06192],[3.41785,51.0618],[3.41809,51.06152],[3.41965,51.06252],[3.42011,51.06217],[3.42115,51.06184],[3.42018,51.06102],[3.41981,51.06109],[3.42045,51.0598],[3.41896,51.05964],[3.42016,51.05791],[3.41926,51.05672],[3.41925,51.05618],[3.41965,51.05555],[3.42001,51.0553],[3.42085,51.05516],[3.421,51.05499],[3.42194,51.05484],[3.42285,51.05485],[3.42317,51.05468],[3.42475,51.05464],[3.42487,51.05448],[3.4267,51.05423],[3.42768,51.05397],[3.42852,51.0539],[3.4283,51.05454],[3.4293,51.05441],[3.43019,51.0546],[3.43044,51.05515],[3.43158,51.05477],[3.43295,51.05478],[3.43375,51.0544],[3.43486,51.05427],[3.43628,51.05252],[3.43655,51.05184],[3.43722,51.05109],[3.43764,51.05099],[3.43787,51.0506],[3.43836,51.0507],[3.43895,51.0504],[3.43954,51.05054],[3.44035,51.05052],[3.44046,51.05018],[3.44095,51.04981],[3.442,51.04971],[3.4424,51.04922],[3.44338,51.04927],[3.4436,51.04885],[3.4432,51.0483],[3.44223,51.04822],[3.44238,51.04797],[3.44281,51.04799],[3.44312,51.04769],[3.44361,51.04776],[3.44477,51.04757],[3.44518,51.04767],[3.44506,51.04736],[3.446,51.04736],[3.446,51.04696],[3.4456,51.04619],[3.44512,51.04556],[3.44454,51.04399],[3.44427,51.04344],[3.44388,51.04351],[3.44232,51.04277],[3.44152,51.04284],[3.44091,51.0425],[3.44025,51.04245],[3.43942,51.04207],[3.43874,51.04154],[3.43878,51.04112],[3.43838,51.04085],[3.43872,51.03971],[3.43846,51.03951],[3.43775,51.03947],[3.43677,51.03886],[3.43566,51.03906],[3.43489,51.03941],[3.4337,51.03957],[3.43314,51.03987],[3.43112,51.04057],[3.43135,51.04009],[3.43023,51.04001],[3.42882,51.04004],[3.42781,51.04026],[3.42751,51.0402],[3.42682,51.04044],[3.42592,51.04008],[3.42527,51.03997],[3.42432,51.03965],[3.42357,51.03926],[3.42305,51.03863],[3.42273,51.03854],[3.42292,51.03821],[3.42411,51.03697],[3.42571,51.03511],[3.42594,51.03495],[3.42679,51.03485],[3.42769,51.03442],[3.42961,51.03413],[3.42994,51.03292],[3.43021,51.03258],[3.43092,51.03241],[3.43152,51.0321],[3.43182,51.03169],[3.43263,51.02987],[3.4323,51.02923],[3.43169,51.02866],[3.43088,51.02809],[3.43157,51.02729],[3.43252,51.02704],[3.43382,51.02638],[3.43472,51.02546],[3.43539,51.0252],[3.43674,51.02548],[3.43696,51.02481],[3.43758,51.02344],[3.43808,51.02216],[3.43919,51.02103],[3.44155,51.01925],[3.4422,51.01895],[3.44432,51.01684],[3.4448,51.01647],[3.4458,51.01701],[3.44623,51.01713],[3.44806,51.01823],[3.44989,51.01919],[3.45093,51.01958],[3.45236,51.01988],[3.45284,51.01939],[3.45377,51.01956],[3.45438,51.02039],[3.45445,51.02103],[3.45626,51.02145],[3.45597,51.02193],[3.45555,51.02201],[3.45659,51.0225],[3.45863,51.02307],[3.45897,51.02282],[3.45864,51.02226],[3.45892,51.02206],[3.45955,51.02198],[3.45995,51.02161],[3.46037,51.02154],[3.46059,51.0212],[3.46121,51.02122],[3.46182,51.02082],[3.46299,51.02112],[3.46347,51.02137],[3.46581,51.02182],[3.46675,51.02224],[3.46708,51.02215],[3.46863,51.02278],[3.46955,51.02303],[3.47015,51.02349],[3.4712,51.02345],[3.47208,51.02367],[3.47265,51.02403],[3.47287,51.02354],[3.47323,51.02358],[3.47362,51.02444],[3.47416,51.02455],[3.47391,51.02481],[3.47421,51.02499],[3.47506,51.02484],[3.47561,51.02444],[3.47598,51.0245],[3.4759,51.02486],[3.47633,51.02536],[3.47685,51.02519],[3.47705,51.02475],[3.47829,51.02492],[3.47923,51.02519],[3.47989,51.02479],[3.48092,51.02559],[3.48133,51.02524],[3.48117,51.0249],[3.48171,51.02465],[3.48274,51.02462],[3.48253,51.02434],[3.48306,51.02426],[3.48335,51.02481],[3.48466,51.02505],[3.48494,51.02551],[3.48581,51.0254],[3.48566,51.02591],[3.48684,51.02617],[3.48677,51.02661],[3.48711,51.0273],[3.48731,51.02739],[3.48845,51.027],[3.48996,51.02692],[3.4904,51.02664],[3.49024,51.02597],[3.49075,51.02592],[3.49109,51.02557],[3.4916,51.02571],[3.49196,51.02542],[3.49283,51.02572],[3.49322,51.02568],[3.49376,51.02535],[3.49498,51.02566],[3.4953,51.02526],[3.49639,51.02583],[3.497,51.02627],[3.49813,51.02633],[3.49824,51.02662],[3.49871,51.02662],[3.50015,51.02719],[3.50126,51.02774],[3.50086,51.0278],[3.50034,51.02871],[3.50035,51.03053],[3.50007,51.03236],[3.49982,51.03312],[3.49936,51.03376],[3.49961,51.03534],[3.4994,51.03648],[3.50055,51.03663],[3.50084,51.03743],[3.50419,51.0385],[3.50553,51.03875],[3.50581,51.03905],[3.50603,51.03978],[3.50669,51.04043],[3.50739,51.04095],[3.50795,51.04185],[3.50707,51.04218],[3.50799,51.04259],[3.50663,51.04347],[3.50575,51.04416],[3.50572,51.04438],[3.50502,51.04503],[3.50523,51.04577],[3.50621,51.04675],[3.50628,51.04783],[3.50579,51.04816],[3.50442,51.04789],[3.50433,51.04814],[3.50515,51.05123],[3.50481,51.05161],[3.50392,51.05163],[3.50488,51.05362],[3.5053,51.05533],[3.50582,51.05668],[3.50578,51.05719],[3.5038,51.05771],[3.50599,51.05961],[3.50961,51.06117],[3.51029,51.06142],[3.51387,51.06226],[3.51208,51.06433],[3.51155,51.06515],[3.50845,51.06605],[3.50757,51.06658],[3.50622,51.06813],[3.50431,51.07024],[3.50375,51.07108],[3.50381,51.07122],[3.50534,51.07194],[3.50549,51.07287],[3.50452,51.07406],[3.50358,51.07476],[3.50328,51.07532],[3.50258,51.07595],[3.5057,51.07708],[3.50686,51.07758],[3.50882,51.07972],[3.51077,51.0804],[3.51187,51.08091],[3.51253,51.08202],[3.51483,51.08427],[3.51421,51.08433],[3.51334,51.08499],[3.51444,51.08541],[3.51429,51.08576],[3.51512,51.08591],[3.51508,51.08659],[3.51601,51.08731],[3.51683,51.08756],[3.51723,51.08804],[3.51884,51.08852],[3.51915,51.08879],[3.51946,51.08953],[3.52063,51.09006],[3.52286,51.08993],[3.52379,51.09068],[3.52522,51.09061],[3.52537,51.09091]]]}},{"type":"Feature","id":"44085","bbox":[3.509651,51.074142,3.667012,51.17538],"properties":{"nis":"44085","name":"Lievegem","nameNl":"Lievegem","nameFr":"Lievegem","nameDe":"Lievegem","province":"oost-vlaanderen","region":"flanders","areaKm2":80.55},"geometry":{"type":"Polygon","coordinates":[[[3.60855,51.17266],[3.60614,51.17302],[3.59383,51.17538],[3.59395,51.17371],[3.59318,51.1727],[3.58953,51.17262],[3.58656,51.17249],[3.5839,51.17245],[3.58476,51.17017],[3.58335,51.16956],[3.58159,51.16893],[3.57804,51.16776],[3.57533,51.16679],[3.57468,51.16662],[3.5738,51.16669],[3.5731,51.16713],[3.57113,51.16879],[3.57002,51.16991],[3.56996,51.17013],[3.56282,51.16985],[3.56191,51.16796],[3.5615,51.16657],[3.55942,51.16598],[3.5576,51.16552],[3.55575,51.16518],[3.55413,51.16478],[3.5508,51.16378],[3.54969,51.16349],[3.54536,51.16243],[3.545,51.16231],[3.54368,51.16221],[3.54173,51.16221],[3.53979,51.16239],[3.53711,51.16171],[3.53602,51.1619],[3.53543,51.16167],[3.53444,51.16214],[3.53323,51.16156],[3.53246,51.16136],[3.53011,51.1599],[3.53025,51.15976],[3.52921,51.1587],[3.5295,51.15857],[3.52886,51.15781],[3.52817,51.15791],[3.52709,51.15717],[3.52566,51.15556],[3.52514,51.15462],[3.52419,51.1549],[3.52316,51.15454],[3.52331,51.15434],[3.52283,51.1541],[3.52356,51.15346],[3.52335,51.15287],[3.52301,51.15244],[3.52226,51.152],[3.52203,51.1513],[3.52103,51.15047],[3.52054,51.15036],[3.51747,51.14915],[3.51589,51.14794],[3.5151,51.14746],[3.51583,51.1469],[3.51583,51.14676],[3.51215,51.13634],[3.51271,51.13498],[3.51242,51.13406],[3.51245,51.13293],[3.52459,51.12652],[3.52265,51.12323],[3.51937,51.12146],[3.51854,51.11972],[3.51791,51.11976],[3.51797,51.11944],[3.51857,51.11941],[3.51844,51.11896],[3.51566,51.11797],[3.51238,51.11423],[3.51213,51.11404],[3.51135,51.11391],[3.51017,51.1143],[3.51009,51.11375],[3.5103,51.11287],[3.51142,51.11218],[3.51093,51.11191],[3.51187,51.11036],[3.51125,51.11012],[3.51192,51.10933],[3.50965,51.10856],[3.51187,51.10554],[3.51238,51.1055],[3.51264,51.10529],[3.51306,51.10421],[3.51447,51.10399],[3.51593,51.10359],[3.51702,51.10352],[3.51857,51.10321],[3.52058,51.10261],[3.52295,51.10236],[3.52191,51.10165],[3.52153,51.1006],[3.52155,51.0992],[3.52177,51.09807],[3.52246,51.0962],[3.52399,51.09375],[3.52436,51.09375],[3.52537,51.09091],[3.52887,51.09084],[3.52998,51.09087],[3.5459,51.09315],[3.54841,51.09343],[3.55335,51.0939],[3.55487,51.0941],[3.55524,51.09475],[3.55984,51.09514],[3.5614,51.09547],[3.56246,51.09559],[3.56394,51.09601],[3.56577,51.09605],[3.56631,51.09555],[3.56829,51.09556],[3.57035,51.09538],[3.57162,51.09534],[3.57167,51.09584],[3.57201,51.09664],[3.57149,51.09751],[3.57183,51.09757],[3.57217,51.09796],[3.57503,51.09817],[3.57482,51.09882],[3.57683,51.09969],[3.57823,51.10004],[3.57979,51.1],[3.58128,51.09982],[3.58385,51.10113],[3.58578,51.09971],[3.58597,51.09945],[3.58774,51.09874],[3.59033,51.09645],[3.59458,51.09296],[3.59463,51.09237],[3.59792,51.09161],[3.59702,51.08914],[3.59775,51.08888],[3.5978,51.08802],[3.59668,51.08669],[3.59639,51.08607],[3.59449,51.0837],[3.59453,51.08344],[3.59227,51.08242],[3.59239,51.08189],[3.59292,51.08126],[3.59446,51.07977],[3.59596,51.07988],[3.59702,51.0802],[3.59726,51.08003],[3.59797,51.08023],[3.59949,51.08036],[3.59984,51.08005],[3.60056,51.08015],[3.6034,51.07966],[3.60396,51.0792],[3.60469,51.07912],[3.60662,51.07829],[3.60751,51.0783],[3.60829,51.07773],[3.60917,51.07755],[3.60964,51.07683],[3.61101,51.0765],[3.61172,51.07666],[3.61198,51.07651],[3.61276,51.07647],[3.61315,51.07661],[3.61356,51.07675],[3.61473,51.07679],[3.6153,51.07714],[3.61658,51.07708],[3.61756,51.0775],[3.61815,51.07809],[3.62157,51.07573],[3.62167,51.07531],[3.62246,51.07453],[3.62314,51.07414],[3.62431,51.07468],[3.62547,51.07553],[3.62669,51.07668],[3.62796,51.07749],[3.62657,51.07818],[3.62831,51.07935],[3.62921,51.08012],[3.62977,51.08131],[3.63012,51.08168],[3.6312,51.08192],[3.63271,51.08274],[3.63381,51.08311],[3.63494,51.08379],[3.6368,51.08425],[3.63754,51.08425],[3.63866,51.08403],[3.63929,51.08375],[3.64086,51.08331],[3.64071,51.08287],[3.64045,51.08281],[3.64054,51.08188],[3.64095,51.07878],[3.6423,51.07879],[3.64438,51.07917],[3.6452,51.07908],[3.64688,51.07877],[3.64781,51.079],[3.64806,51.07932],[3.64931,51.07981],[3.65004,51.07992],[3.65077,51.0803],[3.65155,51.08035],[3.65221,51.08116],[3.65426,51.08244],[3.65889,51.07815],[3.66011,51.07875],[3.66194,51.07995],[3.66248,51.08087],[3.66331,51.08119],[3.66586,51.0824],[3.66701,51.08326],[3.66254,51.0855],[3.66181,51.08596],[3.6592,51.0872],[3.65901,51.08715],[3.65721,51.088],[3.65464,51.0891],[3.65269,51.08978],[3.65236,51.09028],[3.649,51.09457],[3.64807,51.09696],[3.64785,51.09832],[3.64775,51.10037],[3.64759,51.10121],[3.64783,51.10495],[3.64779,51.10505],[3.64808,51.10818],[3.64807,51.10922],[3.64796,51.11021],[3.64723,51.11256],[3.64719,51.11283],[3.64795,51.11356],[3.64858,51.11624],[3.64775,51.11788],[3.64616,51.12058],[3.64657,51.12187],[3.64687,51.12416],[3.6471,51.12635],[3.64696,51.12835],[3.64644,51.13074],[3.64648,51.13158],[3.64668,51.13229],[3.64724,51.13478],[3.64752,51.13678],[3.64778,51.13964],[3.64782,51.14137],[3.64754,51.1429],[3.64651,51.14503],[3.64617,51.14596],[3.64596,51.1469],[3.64603,51.1483],[3.64262,51.15378],[3.64185,51.15506],[3.64137,51.15564],[3.64049,51.15623],[3.63907,51.15655],[3.63777,51.15652],[3.63448,51.15698],[3.63237,51.15734],[3.63282,51.1586],[3.63272,51.15899],[3.63372,51.15945],[3.6363,51.16042],[3.63993,51.16174],[3.64057,51.16176],[3.64605,51.16295],[3.64538,51.16348],[3.64155,51.16626],[3.64113,51.16653],[3.64578,51.1699],[3.63771,51.17268],[3.62723,51.17296],[3.61875,51.17258],[3.61581,51.17262],[3.6147,51.17227],[3.61401,51.17219],[3.61335,51.17238],[3.61246,51.17288],[3.61145,51.17309],[3.61031,51.17297],[3.60949,51.17268],[3.60855,51.17266]]]}},{"type":"Feature","id":"44086","bbox":[3.538549,50.928396,3.711096,51.014351],"properties":{"nis":"44086","name":"Nazareth-De Pinte","nameNl":"Nazareth-De Pinte","nameFr":"Nazareth-La Pinte","nameDe":"Nazareth-De Pinte","province":"oost-vlaanderen","region":"flanders","areaKm2":53.06},"geometry":{"type":"Polygon","coordinates":[[[3.65295,51.0066],[3.644,51.00234],[3.64149,51.00119],[3.63687,50.99924],[3.63593,50.99874],[3.63262,50.99534],[3.62943,50.99198],[3.62922,50.99158],[3.62605,50.98962],[3.62455,50.98875],[3.62308,50.98801],[3.62011,50.9861],[3.61896,50.98532],[3.61866,50.98522],[3.61903,50.98472],[3.6181,50.98441],[3.61575,50.98341],[3.6141,50.98278],[3.61217,50.98219],[3.61046,50.98175],[3.60976,50.98275],[3.60935,50.9827],[3.60901,50.98354],[3.60751,50.98309],[3.60537,50.98246],[3.59871,50.98066],[3.59643,50.98352],[3.59467,50.98287],[3.59475,50.9828],[3.59374,50.98243],[3.5933,50.98206],[3.59083,50.98069],[3.59272,50.97856],[3.59393,50.97901],[3.5949,50.97746],[3.59554,50.97666],[3.59826,50.97271],[3.59769,50.97102],[3.59543,50.97072],[3.59039,50.96988],[3.59064,50.96928],[3.58368,50.96814],[3.57458,50.96668],[3.56327,50.96481],[3.5631,50.96484],[3.5604,50.96332],[3.55887,50.9626],[3.55833,50.96258],[3.55654,50.96191],[3.55399,50.96105],[3.55432,50.96073],[3.55319,50.96016],[3.55155,50.95946],[3.54739,50.95784],[3.54683,50.95724],[3.54568,50.95582],[3.5423,50.95309],[3.54183,50.9528],[3.54171,50.95275],[3.5414,50.95046],[3.53892,50.94667],[3.53855,50.94583],[3.54121,50.94548],[3.54268,50.94519],[3.54593,50.94158],[3.54601,50.94161],[3.54693,50.94053],[3.54922,50.94088],[3.55161,50.93912],[3.55228,50.93808],[3.55372,50.93844],[3.55478,50.93801],[3.55606,50.93762],[3.55832,50.93713],[3.56017,50.93654],[3.56157,50.93633],[3.56314,50.93566],[3.56772,50.93517],[3.56863,50.93525],[3.57032,50.93587],[3.57181,50.9347],[3.57348,50.93364],[3.5749,50.93371],[3.57495,50.93351],[3.57895,50.93364],[3.57942,50.93398],[3.57966,50.93473],[3.58121,50.93513],[3.58173,50.93441],[3.58293,50.93485],[3.58463,50.93185],[3.58592,50.932],[3.58814,50.93177],[3.58865,50.93284],[3.58945,50.93378],[3.58997,50.93454],[3.59097,50.93556],[3.59277,50.93725],[3.59452,50.93872],[3.59782,50.94018],[3.59803,50.94007],[3.60443,50.93737],[3.60652,50.93652],[3.61064,50.93525],[3.61367,50.93419],[3.61524,50.93337],[3.6169,50.93272],[3.61973,50.93146],[3.62057,50.93097],[3.62232,50.9304],[3.62335,50.92988],[3.62507,50.92929],[3.6263,50.92866],[3.62656,50.9284],[3.62723,50.92924],[3.62775,50.93014],[3.62833,50.93141],[3.62884,50.93338],[3.62925,50.93431],[3.63191,50.93862],[3.63227,50.93907],[3.63364,50.93883],[3.63447,50.93847],[3.63593,50.93762],[3.63708,50.9373],[3.6371,50.93759],[3.63767,50.93776],[3.64001,50.93771],[3.64165,50.93756],[3.64331,50.93772],[3.644,50.93796],[3.64525,50.93808],[3.64622,50.93829],[3.64632,50.93849],[3.64735,50.93859],[3.64857,50.93584],[3.65132,50.93624],[3.65033,50.93775],[3.64992,50.93897],[3.64981,50.94101],[3.64939,50.94337],[3.64805,50.94701],[3.64781,50.94783],[3.64773,50.94936],[3.6479,50.95025],[3.64822,50.95105],[3.64918,50.95243],[3.65041,50.95353],[3.65246,50.95467],[3.65369,50.95516],[3.65681,50.95597],[3.6579,50.95615],[3.65929,50.95627],[3.66103,50.95628],[3.66226,50.9562],[3.66393,50.95591],[3.66666,50.95506],[3.66799,50.95453],[3.66983,50.95402],[3.67192,50.95369],[3.67329,50.95365],[3.67547,50.95374],[3.67688,50.95392],[3.67689,50.954],[3.67931,50.95452],[3.68093,50.95497],[3.68233,50.9555],[3.68366,50.9561],[3.68449,50.9566],[3.68534,50.95726],[3.68637,50.95842],[3.68709,50.95937],[3.68824,50.96238],[3.6887,50.96315],[3.68945,50.96402],[3.69066,50.96495],[3.69227,50.96591],[3.69666,50.96757],[3.6983,50.96846],[3.69971,50.96964],[3.70122,50.97171],[3.70202,50.97299],[3.70368,50.9745],[3.70523,50.97567],[3.7111,50.97954],[3.71018,50.98026],[3.71028,50.98115],[3.70978,50.98153],[3.70879,50.98153],[3.70791,50.98123],[3.70757,50.98093],[3.7063,50.982],[3.7056,50.98158],[3.70436,50.98246],[3.70354,50.9828],[3.70299,50.98247],[3.70221,50.98292],[3.70317,50.98381],[3.70416,50.98454],[3.70487,50.9855],[3.70483,50.98617],[3.70443,50.9871],[3.70342,50.98764],[3.70177,50.98838],[3.70084,50.9891],[3.70014,50.98982],[3.69995,50.99026],[3.69941,50.99095],[3.69844,50.99182],[3.69757,50.99244],[3.69403,50.99511],[3.69391,50.99524],[3.69257,50.99515],[3.6885,50.99629],[3.68657,50.99672],[3.685,50.9972],[3.6818,50.99805],[3.68119,50.99835],[3.67967,50.99995],[3.67599,51.00365],[3.67574,51.00404],[3.67543,51.00547],[3.67505,51.00616],[3.67452,51.00657],[3.67295,51.0074],[3.67265,51.00763],[3.67034,51.00881],[3.66865,51.00959],[3.66765,51.01044],[3.66545,51.01179],[3.66442,51.0131],[3.6639,51.01417],[3.66292,51.01435],[3.66253,51.01373],[3.66021,51.01041],[3.65788,51.00819],[3.65572,51.00782],[3.65531,51.0077],[3.65295,51.0066]]]}},{"type":"Feature","id":"44087","bbox":[3.786605,51.050212,3.923277,51.223019],"properties":{"nis":"44087","name":"Lochristi","nameNl":"Lochristi","nameFr":"Lochristi","nameDe":"Lochristi","province":"oost-vlaanderen","region":"flanders","areaKm2":94.94},"geometry":{"type":"Polygon","coordinates":[[[3.81088,51.07427],[3.81423,51.07596],[3.8159,51.0766],[3.81764,51.07744],[3.81796,51.07812],[3.82229,51.07903],[3.82437,51.07974],[3.82615,51.08013],[3.8294,51.0811],[3.83178,51.08159],[3.83336,51.08162],[3.83519,51.08173],[3.83803,51.08218],[3.83951,51.0822],[3.8418,51.08246],[3.84275,51.07964],[3.84254,51.0796],[3.84383,51.0753],[3.84322,51.07516],[3.84111,51.07171],[3.84036,51.07032],[3.84008,51.0701],[3.83851,51.06954],[3.83963,51.06868],[3.84002,51.06816],[3.84052,51.06722],[3.84208,51.06775],[3.84449,51.06353],[3.84345,51.06304],[3.84228,51.06257],[3.83996,51.06195],[3.83648,51.06089],[3.83557,51.06052],[3.83546,51.06031],[3.83454,51.05962],[3.83792,51.05824],[3.83904,51.05786],[3.83995,51.05775],[3.84168,51.05772],[3.84296,51.05761],[3.84385,51.0577],[3.84652,51.0569],[3.84698,51.05668],[3.85045,51.05448],[3.85492,51.0516],[3.85723,51.05071],[3.85811,51.05021],[3.85846,51.05044],[3.86154,51.05403],[3.86541,51.05849],[3.86649,51.05968],[3.86932,51.06025],[3.8712,51.06078],[3.87425,51.06225],[3.87601,51.06303],[3.87886,51.06362],[3.88056,51.06381],[3.88167,51.06405],[3.88343,51.06295],[3.88445,51.06169],[3.88597,51.05967],[3.88868,51.061],[3.88981,51.06145],[3.88979,51.06179],[3.8892,51.06293],[3.89173,51.06307],[3.89156,51.06364],[3.89299,51.06375],[3.89351,51.0635],[3.89533,51.06295],[3.89724,51.06301],[3.89755,51.06478],[3.89767,51.06495],[3.89985,51.06451],[3.90221,51.06419],[3.90238,51.0653],[3.9033,51.06631],[3.90338,51.06712],[3.90307,51.06842],[3.90357,51.06878],[3.90624,51.06943],[3.90754,51.07038],[3.90919,51.07101],[3.91148,51.07197],[3.91335,51.07239],[3.91518,51.07266],[3.91661,51.07295],[3.91824,51.07341],[3.91995,51.07441],[3.92328,51.07601],[3.92236,51.07675],[3.92172,51.07693],[3.92033,51.07768],[3.9191,51.07893],[3.9183,51.0801],[3.91703,51.08071],[3.91102,51.08163],[3.90808,51.08205],[3.90788,51.08243],[3.90586,51.0876],[3.90439,51.08943],[3.90343,51.09073],[3.90197,51.09237],[3.90353,51.0956],[3.90414,51.09701],[3.90533,51.09738],[3.90505,51.09809],[3.9042,51.09806],[3.90397,51.09893],[3.90386,51.09992],[3.90373,51.09989],[3.90238,51.10269],[3.90231,51.10269],[3.90136,51.10485],[3.90116,51.10485],[3.90063,51.10693],[3.901,51.10694],[3.90092,51.10818],[3.90105,51.10911],[3.90139,51.11039],[3.90157,51.11152],[3.90228,51.11422],[3.90264,51.11539],[3.90285,51.1164],[3.902,51.12159],[3.90158,51.12358],[3.90125,51.12466],[3.90103,51.12506],[3.89809,51.12825],[3.89721,51.12938],[3.89707,51.12936],[3.89673,51.13207],[3.89662,51.13329],[3.89677,51.13399],[3.8976,51.13603],[3.89782,51.13672],[3.89784,51.13724],[3.89846,51.13969],[3.89874,51.14127],[3.89899,51.14201],[3.89907,51.14265],[3.89876,51.14409],[3.8975,51.14733],[3.89827,51.1474],[3.8986,51.14786],[3.89915,51.14807],[3.90013,51.14802],[3.90055,51.14774],[3.90113,51.1476],[3.9015,51.14769],[3.90171,51.14802],[3.90239,51.14831],[3.90268,51.14825],[3.90287,51.14915],[3.90303,51.15099],[3.9032,51.15397],[3.90294,51.15555],[3.90339,51.15555],[3.90891,51.15602],[3.91006,51.15634],[3.90919,51.157],[3.90774,51.15866],[3.90726,51.15953],[3.90692,51.1597],[3.90571,51.16165],[3.90528,51.16201],[3.90329,51.16323],[3.90224,51.16462],[3.90173,51.16724],[3.90198,51.16818],[3.90247,51.16826],[3.9025,51.16868],[3.9037,51.1711],[3.90391,51.17103],[3.90403,51.17178],[3.9044,51.17255],[3.90575,51.17589],[3.90566,51.17589],[3.90634,51.1775],[3.9064,51.1775],[3.90763,51.18036],[3.90779,51.18038],[3.90833,51.18169],[3.90807,51.18175],[3.91057,51.18791],[3.91193,51.18854],[3.91293,51.19247],[3.91231,51.19252],[3.91246,51.19508],[3.91264,51.19515],[3.91575,51.19513],[3.91601,51.19507],[3.91767,51.19533],[3.91941,51.19547],[3.91918,51.19597],[3.91876,51.19631],[3.91804,51.19788],[3.92009,51.19859],[3.92059,51.19852],[3.92217,51.19895],[3.92034,51.20431],[3.92004,51.20496],[3.91934,51.20685],[3.91878,51.20773],[3.91863,51.20777],[3.91662,51.20823],[3.91534,51.20817],[3.91454,51.20782],[3.91291,51.20638],[3.91155,51.20545],[3.90866,51.20475],[3.90655,51.2043],[3.90498,51.20389],[3.90339,51.20329],[3.90098,51.20261],[3.90055,51.20238],[3.90007,51.20185],[3.89881,51.20172],[3.89837,51.20188],[3.89698,51.20265],[3.89555,51.20308],[3.89467,51.2035],[3.89325,51.20326],[3.89323,51.20285],[3.89072,51.20176],[3.88946,51.20132],[3.8883,51.20103],[3.88784,51.20111],[3.88736,51.20093],[3.88704,51.20052],[3.8863,51.20018],[3.88538,51.20148],[3.885,51.2019],[3.88485,51.2026],[3.88453,51.20332],[3.88426,51.2036],[3.8825,51.20474],[3.88049,51.20575],[3.87969,51.20604],[3.87794,51.20764],[3.87762,51.20801],[3.87876,51.2087],[3.88044,51.20917],[3.88285,51.21017],[3.88716,51.21231],[3.88776,51.21285],[3.88887,51.21316],[3.88982,51.21361],[3.89025,51.214],[3.89202,51.2169],[3.89335,51.21866],[3.89329,51.21881],[3.89112,51.22073],[3.89068,51.22099],[3.8886,51.223],[3.88814,51.22276],[3.88353,51.22108],[3.88261,51.22099],[3.88147,51.22046],[3.87968,51.21991],[3.87621,51.21866],[3.87015,51.21626],[3.86923,51.21587],[3.86783,51.21516],[3.86502,51.21366],[3.86429,51.21336],[3.8628,51.21259],[3.86212,51.2124],[3.86109,51.21158],[3.85957,51.21083],[3.85611,51.21106],[3.85605,51.21082],[3.85531,51.2103],[3.85203,51.20766],[3.847,51.20468],[3.84287,51.2018],[3.84216,51.20152],[3.84231,51.20142],[3.84006,51.19965],[3.83745,51.19632],[3.83705,51.19633],[3.8323,51.19163],[3.83318,51.19064],[3.83498,51.18717],[3.83679,51.18381],[3.83448,51.18334],[3.83584,51.18268],[3.83566,51.18262],[3.8364,51.18226],[3.83455,51.17945],[3.83433,51.17848],[3.8345,51.17848],[3.83405,51.1771],[3.8351,51.17682],[3.83494,51.17636],[3.83264,51.17673],[3.83241,51.17498],[3.83199,51.17487],[3.83197,51.17429],[3.83255,51.17292],[3.83175,51.17282],[3.83103,51.17196],[3.83001,51.17114],[3.8305,51.17088],[3.83048,51.17054],[3.82934,51.17029],[3.83008,51.16937],[3.8293,51.16914],[3.82946,51.16895],[3.82902,51.16879],[3.83224,51.16493],[3.8324,51.16499],[3.83376,51.16341],[3.83866,51.16144],[3.83989,51.15973],[3.84035,51.15925],[3.84121,51.1596],[3.84156,51.15912],[3.84323,51.15747],[3.84458,51.15636],[3.84339,51.15569],[3.84306,51.15559],[3.84459,51.15384],[3.84606,51.15429],[3.84733,51.15153],[3.84644,51.1513],[3.84646,51.15107],[3.84934,51.14761],[3.84819,51.14752],[3.84764,51.14757],[3.84675,51.14714],[3.84511,51.14697],[3.84363,51.14652],[3.84152,51.14678],[3.84033,51.14734],[3.83954,51.14736],[3.83828,51.14767],[3.837,51.14744],[3.8361,51.14691],[3.83457,51.14686],[3.83247,51.14624],[3.83103,51.14607],[3.82919,51.14543],[3.82584,51.14367],[3.82481,51.14284],[3.82377,51.14232],[3.82276,51.14215],[3.82202,51.1418],[3.82051,51.14152],[3.81991,51.14158],[3.8214,51.13877],[3.82223,51.13681],[3.82007,51.13607],[3.82088,51.13502],[3.82266,51.13347],[3.82367,51.1324],[3.82341,51.1323],[3.82134,51.13099],[3.81817,51.12908],[3.81698,51.12843],[3.81662,51.12833],[3.81706,51.12814],[3.81823,51.12739],[3.81895,51.12653],[3.8205,51.12575],[3.82131,51.12512],[3.8182,51.12417],[3.81771,51.12398],[3.81945,51.12256],[3.81754,51.12171],[3.81792,51.12143],[3.81793,51.12102],[3.81691,51.12079],[3.81649,51.12086],[3.81556,51.12069],[3.81503,51.12073],[3.81362,51.12028],[3.81099,51.11828],[3.80965,51.11788],[3.8089,51.11749],[3.80824,51.11657],[3.8068,51.11593],[3.807,51.11568],[3.80785,51.11522],[3.80884,51.11427],[3.8074,51.11383],[3.80539,51.11343],[3.80449,51.11302],[3.8024,51.11185],[3.8007,51.11066],[3.80058,51.1102],[3.79891,51.11014],[3.79816,51.10994],[3.79579,51.10901],[3.79527,51.10888],[3.79151,51.10833],[3.79007,51.10826],[3.78919,51.1083],[3.78914,51.10806],[3.78987,51.10744],[3.78838,51.10576],[3.7878,51.10484],[3.78664,51.10402],[3.7868,51.10375],[3.78744,51.10394],[3.78773,51.1026],[3.78698,51.10244],[3.78755,51.10155],[3.78723,51.10156],[3.78848,51.09969],[3.78875,51.09981],[3.78934,51.09916],[3.78912,51.09909],[3.78962,51.09783],[3.79025,51.09803],[3.79242,51.09801],[3.79311,51.09807],[3.79409,51.09837],[3.79534,51.09912],[3.79598,51.09751],[3.79682,51.09765],[3.79764,51.09574],[3.7968,51.09574],[3.79753,51.09488],[3.79802,51.09501],[3.79867,51.09428],[3.79729,51.09359],[3.79456,51.09275],[3.79535,51.09167],[3.79575,51.09166],[3.79793,51.08873],[3.79742,51.08858],[3.79982,51.0856],[3.79956,51.08548],[3.80079,51.08391],[3.80087,51.08394],[3.80292,51.08186],[3.80275,51.0818],[3.80352,51.08104],[3.80324,51.0809],[3.80469,51.07946],[3.80682,51.07818],[3.80762,51.07718],[3.80809,51.07699],[3.80881,51.07703],[3.81088,51.07427]]]}},{"type":"Feature","id":"44088","bbox":[3.682864,50.933753,3.836232,51.030942],"properties":{"nis":"44088","name":"Merelbeke-Melle","nameNl":"Merelbeke-Melle","nameFr":"Merelbeke-Melle","nameDe":"Merelbeke-Melle","province":"oost-vlaanderen","region":"flanders","areaKm2":52.18},"geometry":{"type":"Polygon","coordinates":[[[3.78887,51.0309],[3.78696,51.03094],[3.7867,51.02975],[3.78475,51.0298],[3.78284,51.02949],[3.78219,51.02973],[3.7818,51.03018],[3.77861,51.02964],[3.77337,51.02742],[3.77279,51.02714],[3.77371,51.02671],[3.77151,51.02586],[3.76857,51.02533],[3.76715,51.02523],[3.76719,51.02438],[3.76752,51.02383],[3.76747,51.0233],[3.76706,51.023],[3.76742,51.02186],[3.76646,51.02192],[3.76554,51.02174],[3.76636,51.02038],[3.76481,51.01948],[3.76289,51.01853],[3.7624,51.01927],[3.76153,51.019],[3.76113,51.01927],[3.75573,51.0245],[3.7529,51.02214],[3.75257,51.02203],[3.75233,51.02259],[3.75191,51.02318],[3.75142,51.02358],[3.74892,51.02517],[3.7483,51.02588],[3.74735,51.02725],[3.74534,51.02686],[3.74583,51.02552],[3.74592,51.02431],[3.74559,51.023],[3.74491,51.02172],[3.74423,51.01963],[3.74391,51.01898],[3.74255,51.01691],[3.74246,51.01654],[3.7426,51.01538],[3.7424,51.01485],[3.74184,51.01387],[3.74068,51.01298],[3.73801,51.01161],[3.73993,51.01111],[3.7413,51.0107],[3.74279,51.01009],[3.74943,51.00819],[3.74921,51.00785],[3.74838,51.00788],[3.74747,51.00773],[3.74648,51.00734],[3.74575,51.00662],[3.7457,51.00599],[3.74617,51.00428],[3.74611,51.00362],[3.7458,51.003],[3.74525,51.00246],[3.74392,51.00167],[3.74294,51.00152],[3.74173,51.0015],[3.73892,51.00172],[3.73725,51.00198],[3.73411,51.00278],[3.73233,51.00307],[3.73033,51.003],[3.72892,51.00271],[3.7275,51.00213],[3.72686,51.00176],[3.72513,51.00054],[3.72409,50.99934],[3.72378,50.99847],[3.72377,50.99703],[3.72386,50.99618],[3.72434,50.99509],[3.72446,50.99412],[3.7242,50.99269],[3.72376,50.99211],[3.7231,50.99178],[3.72212,50.99053],[3.71737,50.98517],[3.71574,50.98356],[3.71411,50.98206],[3.7125,50.98076],[3.7111,50.97954],[3.70523,50.97567],[3.70368,50.9745],[3.70202,50.97299],[3.70122,50.97171],[3.69971,50.96964],[3.6983,50.96846],[3.69666,50.96757],[3.69227,50.96591],[3.69066,50.96495],[3.68945,50.96402],[3.6887,50.96315],[3.68824,50.96238],[3.68709,50.95937],[3.68637,50.95842],[3.68534,50.95726],[3.68449,50.9566],[3.68366,50.9561],[3.68402,50.95571],[3.68376,50.95539],[3.68287,50.95486],[3.68493,50.95351],[3.68766,50.95218],[3.68829,50.95277],[3.68886,50.95262],[3.69039,50.9519],[3.69124,50.95172],[3.69392,50.9513],[3.69589,50.9507],[3.69638,50.9504],[3.69747,50.95042],[3.69935,50.95084],[3.69979,50.95085],[3.70064,50.95122],[3.70124,50.95127],[3.70115,50.95144],[3.70294,50.95199],[3.70339,50.95206],[3.70496,50.9513],[3.70516,50.95146],[3.70591,50.95135],[3.7055,50.95084],[3.70694,50.9502],[3.7072,50.94979],[3.70746,50.94978],[3.70788,50.94869],[3.70789,50.948],[3.70857,50.94698],[3.70999,50.94662],[3.71087,50.94633],[3.71171,50.94551],[3.712,50.94507],[3.71104,50.94435],[3.71137,50.94399],[3.71061,50.94297],[3.71057,50.94263],[3.70998,50.94249],[3.70923,50.94198],[3.70898,50.94126],[3.70873,50.94098],[3.70744,50.94005],[3.70718,50.94004],[3.70643,50.93961],[3.7067,50.9394],[3.7093,50.93785],[3.70879,50.93729],[3.70928,50.9372],[3.71166,50.93707],[3.71263,50.93683],[3.71362,50.93638],[3.71484,50.93737],[3.7167,50.9382],[3.71692,50.93808],[3.71865,50.93898],[3.71961,50.93942],[3.72067,50.9402],[3.7224,50.94075],[3.72352,50.94087],[3.72493,50.94145],[3.72542,50.94087],[3.72516,50.94076],[3.72583,50.94],[3.72533,50.93982],[3.72582,50.93911],[3.72757,50.93952],[3.72801,50.93886],[3.72891,50.93911],[3.73022,50.93716],[3.73034,50.93719],[3.73157,50.93569],[3.73178,50.93575],[3.73215,50.93529],[3.73238,50.9354],[3.73431,50.93522],[3.73763,50.93482],[3.73788,50.93515],[3.73896,50.9355],[3.74159,50.93507],[3.74239,50.93489],[3.74308,50.93447],[3.74315,50.93381],[3.74355,50.93375],[3.74493,50.93455],[3.74631,50.93572],[3.74666,50.93571],[3.74792,50.93493],[3.74939,50.93453],[3.74955,50.93513],[3.75038,50.93586],[3.75092,50.93663],[3.75143,50.9368],[3.75183,50.93728],[3.75222,50.93883],[3.75316,50.94102],[3.7545,50.94156],[3.75486,50.9419],[3.75618,50.9426],[3.75644,50.94309],[3.75682,50.94319],[3.75784,50.94388],[3.75924,50.94399],[3.75977,50.94416],[3.76174,50.94561],[3.7645,50.9465],[3.76352,50.94751],[3.76214,50.94858],[3.76249,50.94877],[3.76194,50.94936],[3.76082,50.95033],[3.76064,50.95024],[3.75969,50.95093],[3.75936,50.95075],[3.75758,50.95207],[3.75771,50.95234],[3.75742,50.95283],[3.75721,50.95354],[3.75654,50.95438],[3.75625,50.95493],[3.75786,50.95549],[3.75876,50.9561],[3.7594,50.95621],[3.76169,50.95814],[3.76209,50.95832],[3.76201,50.95859],[3.76281,50.95887],[3.76305,50.95933],[3.76387,50.95991],[3.76489,50.96047],[3.76612,50.96097],[3.76814,50.96217],[3.76868,50.96263],[3.77049,50.96348],[3.77107,50.96359],[3.77244,50.9641],[3.77228,50.96444],[3.77787,50.96823],[3.77759,50.9685],[3.77929,50.96928],[3.78037,50.97004],[3.78077,50.97071],[3.78038,50.97067],[3.78031,50.97094],[3.78119,50.971],[3.78197,50.97145],[3.78356,50.97267],[3.7842,50.97235],[3.78476,50.9718],[3.78549,50.97087],[3.78599,50.97082],[3.78919,50.97188],[3.78869,50.97481],[3.78917,50.97503],[3.79012,50.97492],[3.7904,50.97461],[3.79081,50.97511],[3.79235,50.97525],[3.79357,50.97517],[3.79372,50.97538],[3.79709,50.97609],[3.79748,50.97648],[3.79755,50.97705],[3.79855,50.97766],[3.80108,50.97632],[3.80172,50.97508],[3.80279,50.97532],[3.80404,50.97478],[3.8044,50.97436],[3.80478,50.97433],[3.8055,50.9739],[3.8056,50.97346],[3.80594,50.97339],[3.80667,50.97228],[3.80737,50.972],[3.80789,50.97135],[3.80881,50.97143],[3.8103,50.97201],[3.81054,50.9722],[3.81009,50.97275],[3.81009,50.97364],[3.81162,50.97408],[3.81445,50.97424],[3.81611,50.97446],[3.81694,50.97451],[3.81744,50.97442],[3.81887,50.97446],[3.81972,50.97476],[3.82052,50.97527],[3.82158,50.97568],[3.82197,50.97524],[3.82293,50.97477],[3.82344,50.97435],[3.82594,50.97507],[3.82662,50.97506],[3.82739,50.97485],[3.827,50.97513],[3.82721,50.97602],[3.82713,50.97659],[3.82727,50.97737],[3.82703,50.97839],[3.8246,50.98056],[3.82651,50.98103],[3.82625,50.98151],[3.8334,50.98321],[3.83325,50.98352],[3.83623,50.98493],[3.83523,50.98605],[3.83321,50.98741],[3.83276,50.98783],[3.83206,50.988],[3.83066,50.98861],[3.83051,50.9889],[3.82979,50.9896],[3.82953,50.99004],[3.82892,50.9903],[3.82879,50.99054],[3.82892,50.99211],[3.82862,50.99273],[3.82967,50.9937],[3.82847,50.99407],[3.82689,50.99469],[3.82592,50.99532],[3.82351,50.9964],[3.82234,50.99688],[3.82131,50.99747],[3.81932,50.9987],[3.81815,50.99928],[3.81692,50.99971],[3.81388,51.00063],[3.81338,51.0007],[3.8101,51.00171],[3.80781,51.0027],[3.80717,51.00315],[3.80599,51.00413],[3.80438,51.00531],[3.80346,51.00583],[3.80097,51.00706],[3.79899,51.00818],[3.79769,51.009],[3.79669,51.00979],[3.79524,51.01117],[3.7942,51.01247],[3.79353,51.01362],[3.79242,51.0157],[3.79219,51.01631],[3.79108,51.01812],[3.79062,51.01861],[3.78846,51.02039],[3.78802,51.02098],[3.7879,51.02138],[3.78812,51.02255],[3.78867,51.02383],[3.78875,51.02441],[3.78811,51.02571],[3.78759,51.02634],[3.78715,51.02711],[3.7872,51.02764],[3.78748,51.02841],[3.78845,51.02983],[3.78887,51.0309]]]}},{"type":"Feature","id":"45035","bbox":[3.540882,50.790008,3.697686,50.903892],"properties":{"nis":"45035","name":"Oudenaarde","nameNl":"Oudenaarde","nameFr":"Audenarde","nameDe":"Oudenaarde","province":"oost-vlaanderen","region":"flanders","areaKm2":68.73},"geometry":{"type":"Polygon","coordinates":[[[3.54864,50.87995],[3.54905,50.87949],[3.55068,50.87865],[3.55427,50.87668],[3.55479,50.87635],[3.55562,50.87556],[3.55908,50.87274],[3.5627,50.86899],[3.56544,50.86698],[3.56613,50.86628],[3.56638,50.86634],[3.57005,50.86338],[3.57176,50.86268],[3.57097,50.86212],[3.57132,50.86075],[3.57096,50.86068],[3.57255,50.85969],[3.57397,50.85904],[3.57419,50.85884],[3.57385,50.85851],[3.57279,50.85787],[3.57315,50.85711],[3.57162,50.85644],[3.57179,50.85596],[3.57093,50.85546],[3.57137,50.85488],[3.57083,50.85481],[3.57118,50.85327],[3.57137,50.85311],[3.57429,50.85278],[3.57486,50.85229],[3.57518,50.85229],[3.57609,50.85154],[3.57598,50.85147],[3.57751,50.85019],[3.57769,50.84987],[3.57781,50.8489],[3.57713,50.84833],[3.57698,50.84789],[3.57697,50.84665],[3.57578,50.84652],[3.5757,50.84715],[3.5748,50.84688],[3.57315,50.84589],[3.57098,50.84328],[3.56924,50.84196],[3.56832,50.84116],[3.56725,50.84058],[3.56585,50.84008],[3.56628,50.83938],[3.56732,50.83828],[3.56781,50.8381],[3.56885,50.83813],[3.56967,50.83833],[3.57084,50.83835],[3.57208,50.83858],[3.57342,50.83837],[3.57402,50.838],[3.57455,50.83699],[3.57487,50.83658],[3.57465,50.83628],[3.57505,50.83579],[3.5768,50.83499],[3.57734,50.83507],[3.57959,50.83426],[3.58009,50.83489],[3.58068,50.83531],[3.58226,50.83622],[3.58276,50.8366],[3.58408,50.83567],[3.584,50.83557],[3.58467,50.83485],[3.58557,50.83532],[3.58556,50.83557],[3.58641,50.83578],[3.58716,50.83533],[3.58937,50.83352],[3.58779,50.83249],[3.58697,50.83168],[3.58573,50.83],[3.58483,50.82889],[3.58397,50.82758],[3.58161,50.82506],[3.58054,50.82419],[3.57912,50.82316],[3.57605,50.82117],[3.57446,50.8205],[3.57084,50.81961],[3.56947,50.81956],[3.56749,50.81961],[3.56577,50.81988],[3.5638,50.8201],[3.56165,50.82043],[3.55951,50.82037],[3.55762,50.82026],[3.55607,50.81994],[3.55453,50.81951],[3.55281,50.81874],[3.55092,50.81761],[3.54947,50.81625],[3.54869,50.81517],[3.54715,50.81381],[3.54534,50.81256],[3.54088,50.81126],[3.54242,50.81069],[3.54287,50.81021],[3.54304,50.80948],[3.54341,50.80883],[3.54382,50.80861],[3.54461,50.80863],[3.54505,50.80887],[3.54563,50.80867],[3.5457,50.80831],[3.54925,50.80485],[3.55191,50.80236],[3.55215,50.8024],[3.55314,50.80178],[3.55362,50.80132],[3.55308,50.80048],[3.55352,50.8003],[3.55628,50.80002],[3.55639,50.79954],[3.55611,50.79885],[3.55628,50.7984],[3.55666,50.79801],[3.55796,50.79716],[3.55851,50.79654],[3.55929,50.79533],[3.56065,50.79365],[3.56169,50.79192],[3.56176,50.7905],[3.56474,50.79001],[3.56548,50.79008],[3.56836,50.79097],[3.56893,50.79097],[3.56936,50.79158],[3.56986,50.79168],[3.57022,50.79212],[3.57027,50.79282],[3.57016,50.7939],[3.57034,50.79464],[3.5711,50.79592],[3.57117,50.79636],[3.57208,50.79806],[3.5725,50.79853],[3.57501,50.79992],[3.57555,50.80014],[3.57631,50.80104],[3.57715,50.80084],[3.57827,50.80129],[3.58054,50.79981],[3.5817,50.79932],[3.58351,50.80047],[3.58009,50.80226],[3.58177,50.80331],[3.58203,50.80325],[3.58443,50.80351],[3.58474,50.80366],[3.5856,50.80451],[3.58621,50.80453],[3.58726,50.80485],[3.58757,50.8047],[3.58844,50.8049],[3.58847,50.80511],[3.58966,50.80497],[3.5907,50.80546],[3.59066,50.80628],[3.5909,50.80661],[3.59537,50.80596],[3.59523,50.80613],[3.59642,50.80637],[3.5969,50.80548],[3.60042,50.80961],[3.60114,50.80975],[3.60193,50.80947],[3.60265,50.80954],[3.60232,50.80991],[3.60126,50.81056],[3.59974,50.81092],[3.5989,50.81134],[3.59916,50.81146],[3.59642,50.81284],[3.59736,50.81349],[3.59888,50.81297],[3.59915,50.81311],[3.59898,50.81342],[3.59804,50.81385],[3.59842,50.81444],[3.59806,50.81511],[3.59733,50.81466],[3.59608,50.81504],[3.59681,50.81564],[3.59746,50.81642],[3.59876,50.81661],[3.59876,50.81756],[3.59899,50.81801],[3.60099,50.81908],[3.60347,50.82029],[3.60404,50.82071],[3.60632,50.82201],[3.60698,50.82251],[3.60713,50.82288],[3.60911,50.82404],[3.61123,50.8255],[3.61336,50.82474],[3.61445,50.82371],[3.61529,50.82305],[3.61575,50.82251],[3.61667,50.82248],[3.61749,50.82227],[3.61764,50.8226],[3.61809,50.82286],[3.61875,50.8229],[3.61964,50.82258],[3.6195,50.8222],[3.62061,50.82175],[3.6211,50.82134],[3.62101,50.821],[3.62147,50.82092],[3.62134,50.82056],[3.62195,50.82033],[3.62191,50.81991],[3.62223,50.81992],[3.6223,50.81957],[3.62403,50.8206],[3.62481,50.82144],[3.6248,50.82197],[3.62675,50.82174],[3.62631,50.82122],[3.62591,50.82006],[3.6277,50.81994],[3.62756,50.81915],[3.62848,50.81905],[3.63037,50.82214],[3.63035,50.82335],[3.63014,50.82538],[3.63017,50.82679],[3.63345,50.82728],[3.63325,50.82831],[3.6344,50.82869],[3.63526,50.82841],[3.63894,50.82761],[3.64054,50.82779],[3.64067,50.82743],[3.64239,50.82762],[3.64273,50.82687],[3.64453,50.827],[3.64639,50.82702],[3.64751,50.82694],[3.64753,50.82815],[3.64778,50.82867],[3.64774,50.83006],[3.65444,50.82998],[3.65534,50.83004],[3.65885,50.82975],[3.65996,50.82945],[3.66257,50.82727],[3.66253,50.82708],[3.66391,50.82602],[3.66506,50.82583],[3.66574,50.82593],[3.66678,50.8257],[3.66798,50.82523],[3.66893,50.82449],[3.66902,50.82388],[3.66971,50.82279],[3.66992,50.8228],[3.67044,50.82226],[3.67096,50.82205],[3.67085,50.82133],[3.67143,50.82116],[3.67191,50.8217],[3.67249,50.82152],[3.6729,50.82195],[3.67386,50.82199],[3.67455,50.82239],[3.67494,50.82247],[3.67581,50.82308],[3.67634,50.82305],[3.67809,50.82343],[3.67913,50.82382],[3.67945,50.82421],[3.6809,50.82468],[3.68176,50.82515],[3.68093,50.82612],[3.68093,50.82676],[3.68285,50.82815],[3.68198,50.82853],[3.67998,50.82978],[3.67946,50.83],[3.67977,50.83038],[3.68006,50.83155],[3.67889,50.83216],[3.67887,50.83295],[3.67854,50.83348],[3.67862,50.83377],[3.67794,50.83478],[3.67755,50.835],[3.67872,50.83553],[3.67821,50.83622],[3.67949,50.83635],[3.68083,50.83641],[3.682,50.83836],[3.68294,50.83963],[3.68257,50.84129],[3.68259,50.84203],[3.68347,50.84338],[3.68333,50.84342],[3.68401,50.84444],[3.68496,50.84611],[3.68535,50.84695],[3.68544,50.84765],[3.68515,50.84788],[3.68652,50.84877],[3.6862,50.84899],[3.68653,50.84921],[3.68474,50.85009],[3.68546,50.8507],[3.68409,50.85144],[3.68283,50.85241],[3.68491,50.8538],[3.6861,50.85472],[3.68505,50.8555],[3.68708,50.85683],[3.68733,50.85676],[3.68764,50.85714],[3.68849,50.85772],[3.68948,50.85813],[3.69162,50.85934],[3.69215,50.85949],[3.69573,50.86121],[3.69627,50.86135],[3.69747,50.86226],[3.6975,50.86282],[3.69709,50.86273],[3.69702,50.86315],[3.69661,50.86316],[3.69605,50.86381],[3.69557,50.86412],[3.69577,50.86428],[3.69576,50.86484],[3.69535,50.86537],[3.69494,50.86549],[3.6944,50.86671],[3.69423,50.86744],[3.6943,50.8685],[3.69402,50.86869],[3.69406,50.87018],[3.69365,50.87036],[3.69343,50.87108],[3.69217,50.87174],[3.69295,50.87232],[3.69274,50.87253],[3.69132,50.87325],[3.68941,50.87435],[3.68919,50.87469],[3.69019,50.87557],[3.68948,50.87655],[3.68985,50.87664],[3.68987,50.87698],[3.69056,50.87789],[3.69022,50.87826],[3.68861,50.88093],[3.68461,50.87944],[3.684,50.87935],[3.68281,50.88028],[3.68158,50.88259],[3.68203,50.88358],[3.68339,50.884],[3.68249,50.88656],[3.68109,50.88703],[3.6809,50.88769],[3.68126,50.88798],[3.68034,50.88891],[3.67822,50.88889],[3.67716,50.88878],[3.6766,50.88852],[3.6764,50.88883],[3.67551,50.88886],[3.67498,50.88942],[3.67319,50.88943],[3.67222,50.88898],[3.67082,50.88904],[3.67045,50.88898],[3.67055,50.88836],[3.67005,50.88875],[3.66955,50.88852],[3.66833,50.88872],[3.66775,50.88937],[3.66726,50.88905],[3.66631,50.88807],[3.6641,50.8874],[3.66246,50.88718],[3.65995,50.88642],[3.65237,50.88647],[3.651,50.88627],[3.64864,50.88729],[3.64866,50.88787],[3.6476,50.88807],[3.64618,50.88843],[3.64489,50.88828],[3.64271,50.88873],[3.64363,50.89003],[3.64223,50.89136],[3.64224,50.89184],[3.6434,50.89261],[3.64441,50.89316],[3.64462,50.89338],[3.6445,50.89382],[3.64569,50.89519],[3.64325,50.89596],[3.64336,50.89623],[3.64297,50.89627],[3.64265,50.89602],[3.64122,50.89629],[3.63963,50.8969],[3.64032,50.89781],[3.63901,50.89835],[3.63812,50.89837],[3.63657,50.89827],[3.635,50.89948],[3.6339,50.89971],[3.63268,50.89987],[3.63258,50.89978],[3.63067,50.90032],[3.63026,50.90036],[3.6313,50.90114],[3.63143,50.9021],[3.63137,50.90245],[3.63094,50.90292],[3.63168,50.90324],[3.63111,50.90389],[3.62853,50.90352],[3.62948,50.90264],[3.6288,50.9023],[3.62793,50.9014],[3.6278,50.901],[3.6272,50.90078],[3.62428,50.90034],[3.62224,50.90049],[3.62129,50.90089],[3.62047,50.90072],[3.61964,50.9001],[3.61883,50.8999],[3.6175,50.89925],[3.61698,50.89877],[3.61697,50.89854],[3.61478,50.89815],[3.61339,50.89753],[3.61177,50.8971],[3.61004,50.89689],[3.60929,50.89697],[3.60918,50.89676],[3.6081,50.89659],[3.60691,50.89653],[3.60581,50.89676],[3.60383,50.89686],[3.60384,50.89736],[3.60267,50.89705],[3.60179,50.89721],[3.60159,50.89709],[3.60028,50.89685],[3.59893,50.89673],[3.59764,50.89651],[3.59507,50.89559],[3.59647,50.89445],[3.59485,50.89386],[3.59678,50.89175],[3.59669,50.8915],[3.59779,50.8902],[3.59796,50.88987],[3.59732,50.88966],[3.59658,50.88977],[3.59522,50.88945],[3.59404,50.8889],[3.59331,50.88837],[3.59228,50.88713],[3.59217,50.8863],[3.58951,50.88549],[3.58592,50.88434],[3.58329,50.88327],[3.58171,50.88276],[3.58043,50.88216],[3.57957,50.88155],[3.57769,50.88074],[3.57575,50.88023],[3.57394,50.8794],[3.57123,50.87844],[3.56961,50.87831],[3.56677,50.88178],[3.56627,50.88279],[3.56485,50.88238],[3.5639,50.88381],[3.56244,50.88363],[3.56171,50.88379],[3.5615,50.88369],[3.56093,50.88399],[3.56037,50.88363],[3.56001,50.88373],[3.55865,50.88316],[3.5585,50.88277],[3.55756,50.88243],[3.55694,50.88249],[3.5559,50.88208],[3.55606,50.8817],[3.5549,50.88111],[3.55372,50.88084],[3.54864,50.87995]]]}},{"type":"Feature","id":"45041","bbox":[3.537888,50.721012,3.677598,50.784193],"properties":{"nis":"45041","name":"Ronse","nameNl":"Ronse","nameFr":"Renaix","nameDe":"Ronse","province":"oost-vlaanderen","region":"flanders","areaKm2":34.59},"geometry":{"type":"Polygon","coordinates":[[[3.54124,50.73339],[3.54115,50.73311],[3.54169,50.73279],[3.54416,50.73247],[3.54591,50.73248],[3.5477,50.73276],[3.54856,50.73273],[3.55098,50.73334],[3.551,50.73365],[3.55136,50.73409],[3.55239,50.73422],[3.55302,50.73411],[3.5553,50.73473],[3.55546,50.73453],[3.55877,50.73422],[3.55933,50.7341],[3.56123,50.73228],[3.56338,50.72979],[3.56448,50.73001],[3.56472,50.72955],[3.56539,50.72925],[3.56596,50.72881],[3.5662,50.72882],[3.56725,50.72839],[3.56829,50.72813],[3.56924,50.72853],[3.57062,50.72872],[3.57105,50.72886],[3.57262,50.72914],[3.57362,50.72956],[3.57461,50.72941],[3.57494,50.72954],[3.57586,50.72954],[3.57637,50.72997],[3.57777,50.73029],[3.58102,50.72967],[3.58195,50.7297],[3.58279,50.72959],[3.5844,50.72988],[3.58615,50.72915],[3.58803,50.72891],[3.58914,50.72919],[3.58924,50.72943],[3.59056,50.7294],[3.59126,50.7295],[3.59228,50.72986],[3.5947,50.73085],[3.59673,50.73196],[3.59805,50.73242],[3.59858,50.73244],[3.60203,50.73213],[3.6036,50.73178],[3.60403,50.732],[3.60451,50.73188],[3.60532,50.73195],[3.60638,50.73229],[3.60734,50.73224],[3.60799,50.73181],[3.6087,50.73199],[3.60929,50.73197],[3.61027,50.73227],[3.61107,50.73166],[3.61211,50.7314],[3.6122,50.73109],[3.6129,50.73102],[3.61421,50.73062],[3.61462,50.72982],[3.61411,50.72936],[3.61443,50.72916],[3.61437,50.72858],[3.61473,50.72831],[3.61502,50.72762],[3.61547,50.72758],[3.61756,50.72607],[3.61783,50.7261],[3.6189,50.72553],[3.61968,50.72498],[3.62003,50.72433],[3.62039,50.72399],[3.62097,50.72383],[3.62153,50.72389],[3.62283,50.72338],[3.62285,50.72322],[3.62361,50.72252],[3.62402,50.72256],[3.62506,50.72229],[3.62554,50.72232],[3.62591,50.72211],[3.62699,50.72243],[3.62703,50.72231],[3.62841,50.72183],[3.62918,50.72136],[3.62939,50.72148],[3.62998,50.72116],[3.63076,50.72101],[3.63252,50.72189],[3.6333,50.72219],[3.63494,50.72234],[3.63718,50.72242],[3.63951,50.72227],[3.64038,50.7223],[3.64124,50.72357],[3.64169,50.73229],[3.64203,50.73306],[3.64228,50.73332],[3.64219,50.73386],[3.64294,50.73585],[3.64275,50.7373],[3.64227,50.73783],[3.64264,50.73823],[3.64368,50.73882],[3.64657,50.74023],[3.64707,50.74069],[3.65896,50.74687],[3.65876,50.74887],[3.66026,50.75034],[3.66033,50.75115],[3.66011,50.75148],[3.66,50.75362],[3.65949,50.75376],[3.65989,50.75406],[3.65987,50.75437],[3.66303,50.75411],[3.66474,50.7541],[3.66647,50.75442],[3.66779,50.75497],[3.66865,50.75554],[3.67255,50.75842],[3.6731,50.75872],[3.67244,50.75917],[3.67354,50.76046],[3.6728,50.76071],[3.67186,50.76076],[3.67121,50.76101],[3.6723,50.76145],[3.67088,50.763],[3.67044,50.76285],[3.66951,50.76396],[3.67113,50.76455],[3.67161,50.76487],[3.67365,50.76572],[3.67381,50.76558],[3.67737,50.76702],[3.67504,50.76869],[3.6776,50.7707],[3.67751,50.7707],[3.67654,50.77109],[3.67596,50.77076],[3.67449,50.77079],[3.67439,50.77019],[3.67289,50.77084],[3.67217,50.77061],[3.67075,50.77137],[3.6703,50.7717],[3.6686,50.77044],[3.66839,50.77065],[3.66591,50.77197],[3.66415,50.77326],[3.66392,50.7736],[3.66334,50.77397],[3.66213,50.77426],[3.66343,50.77625],[3.66167,50.77752],[3.6609,50.77794],[3.66011,50.7774],[3.65954,50.77769],[3.65857,50.77858],[3.65825,50.7794],[3.6578,50.7801],[3.65721,50.78145],[3.6561,50.78218],[3.65548,50.78248],[3.65482,50.78248],[3.6553,50.78327],[3.65538,50.78365],[3.65434,50.78376],[3.65433,50.78419],[3.65318,50.78418],[3.65324,50.78394],[3.65174,50.78112],[3.65388,50.78103],[3.65432,50.78023],[3.65402,50.77954],[3.65478,50.77879],[3.65451,50.77839],[3.65482,50.77741],[3.65463,50.77668],[3.65456,50.77578],[3.65356,50.77464],[3.65267,50.77433],[3.65146,50.77358],[3.65029,50.77248],[3.6488,50.77148],[3.64841,50.77073],[3.64746,50.76977],[3.64714,50.76897],[3.64699,50.76924],[3.64605,50.76945],[3.64482,50.76998],[3.64463,50.77043],[3.64388,50.77071],[3.6432,50.77057],[3.64269,50.77071],[3.64174,50.77138],[3.64146,50.77179],[3.64079,50.77178],[3.63611,50.77111],[3.63474,50.77097],[3.63325,50.77022],[3.63202,50.76937],[3.63085,50.76826],[3.6306,50.76753],[3.62926,50.76747],[3.62824,50.7677],[3.62544,50.76737],[3.62448,50.76756],[3.62258,50.76864],[3.62143,50.76818],[3.62061,50.76767],[3.6183,50.76683],[3.61768,50.7667],[3.61492,50.76669],[3.61128,50.76652],[3.60906,50.7661],[3.6079,50.76608],[3.60543,50.7663],[3.60352,50.76685],[3.60115,50.76745],[3.60058,50.76747],[3.59848,50.76739],[3.59694,50.76727],[3.59607,50.76712],[3.59201,50.76622],[3.59107,50.76594],[3.58927,50.76515],[3.58845,50.76493],[3.58709,50.76481],[3.58571,50.76481],[3.58477,50.76463],[3.5825,50.76375],[3.58134,50.76324],[3.57783,50.76151],[3.57735,50.76113],[3.57685,50.76017],[3.57621,50.75967],[3.5747,50.75926],[3.57402,50.75922],[3.5733,50.75938],[3.57114,50.76026],[3.56946,50.76106],[3.5672,50.76134],[3.56673,50.76153],[3.56546,50.7625],[3.56483,50.76266],[3.55952,50.76316],[3.55795,50.76326],[3.55698,50.76362],[3.55547,50.76354],[3.55465,50.76365],[3.55341,50.76344],[3.55184,50.76349],[3.54993,50.76407],[3.54914,50.76425],[3.54797,50.76427],[3.54633,50.76438],[3.54522,50.76403],[3.54457,50.76392],[3.54318,50.76331],[3.54067,50.7629],[3.53951,50.76115],[3.53864,50.76037],[3.53803,50.75964],[3.53789,50.75924],[3.53799,50.75878],[3.53847,50.75792],[3.53858,50.7574],[3.53993,50.75586],[3.54051,50.75535],[3.5408,50.75492],[3.54211,50.75348],[3.54323,50.75214],[3.54474,50.75065],[3.54604,50.74909],[3.54779,50.74719],[3.54582,50.74677],[3.54631,50.74519],[3.54638,50.74516],[3.54637,50.74326],[3.54608,50.74224],[3.54534,50.74048],[3.54518,50.73955],[3.54482,50.739],[3.54512,50.73843],[3.54363,50.73781],[3.54321,50.7372],[3.54224,50.73624],[3.54167,50.73546],[3.54048,50.73434],[3.54144,50.73369],[3.54124,50.73339]]]}},{"type":"Feature","id":"45059","bbox":[3.699172,50.747437,3.819915,50.847271],"properties":{"nis":"45059","name":"Brakel","nameNl":"Brakel","nameFr":"Brakel","nameDe":"Brakel","province":"oost-vlaanderen","region":"flanders","areaKm2":56.81},"geometry":{"type":"Polygon","coordinates":[[[3.71349,50.83676],[3.71216,50.83627],[3.71199,50.83642],[3.70922,50.83506],[3.70904,50.83532],[3.70735,50.83453],[3.70825,50.83381],[3.70877,50.83372],[3.70899,50.83349],[3.70846,50.83321],[3.70757,50.83297],[3.70616,50.83217],[3.70682,50.8319],[3.70782,50.83167],[3.7081,50.83146],[3.70908,50.83028],[3.70972,50.82978],[3.71069,50.82886],[3.71175,50.82818],[3.7102,50.82747],[3.71113,50.82656],[3.70935,50.82569],[3.70951,50.82553],[3.70817,50.82486],[3.7084,50.82474],[3.70751,50.82432],[3.70663,50.82374],[3.70685,50.82361],[3.70608,50.82301],[3.70767,50.82183],[3.70816,50.82124],[3.70769,50.82091],[3.70619,50.82013],[3.70519,50.81947],[3.70644,50.81952],[3.70567,50.81888],[3.70626,50.81836],[3.70599,50.8179],[3.70652,50.81623],[3.70296,50.81464],[3.70361,50.81427],[3.70214,50.81339],[3.69917,50.81144],[3.70006,50.81118],[3.70062,50.81116],[3.70125,50.81061],[3.70221,50.80733],[3.70255,50.80671],[3.70366,50.80617],[3.70453,50.80533],[3.70511,50.80504],[3.70494,50.80305],[3.70433,50.79721],[3.70432,50.79682],[3.70473,50.79673],[3.70539,50.79575],[3.70703,50.79585],[3.70774,50.79572],[3.70849,50.79536],[3.71035,50.79495],[3.70981,50.79419],[3.70958,50.79312],[3.70959,50.79216],[3.70893,50.79206],[3.70987,50.79134],[3.70968,50.79125],[3.71028,50.79062],[3.70927,50.79016],[3.70861,50.79007],[3.70744,50.78967],[3.70617,50.78959],[3.70566,50.78932],[3.70536,50.78871],[3.70268,50.78702],[3.7031,50.78656],[3.70355,50.78652],[3.70385,50.7857],[3.70653,50.78608],[3.70821,50.7862],[3.70945,50.78657],[3.7113,50.78549],[3.71045,50.78521],[3.71068,50.78472],[3.71206,50.78249],[3.71163,50.78259],[3.71018,50.78187],[3.7133,50.78036],[3.71288,50.77963],[3.71191,50.77912],[3.71051,50.77809],[3.71002,50.7772],[3.71008,50.77659],[3.70946,50.77586],[3.70904,50.7747],[3.70983,50.77395],[3.71117,50.77438],[3.71177,50.77428],[3.71233,50.77395],[3.71312,50.77376],[3.71405,50.7732],[3.71459,50.7731],[3.71393,50.77226],[3.71318,50.77192],[3.71319,50.77173],[3.71211,50.77104],[3.71153,50.77056],[3.71159,50.77041],[3.71255,50.76981],[3.71436,50.76791],[3.71589,50.76795],[3.71687,50.7681],[3.71791,50.76859],[3.71915,50.76883],[3.72168,50.76959],[3.72363,50.76997],[3.72486,50.77011],[3.72669,50.7706],[3.73024,50.77112],[3.73126,50.77141],[3.73248,50.77052],[3.73613,50.7706],[3.73695,50.77053],[3.73817,50.77024],[3.73821,50.77121],[3.73793,50.77147],[3.7401,50.77256],[3.74034,50.77306],[3.74101,50.77353],[3.74132,50.77416],[3.74187,50.77432],[3.74203,50.77475],[3.74366,50.77461],[3.74409,50.77496],[3.74559,50.77471],[3.74652,50.77466],[3.74846,50.77436],[3.74947,50.77504],[3.75014,50.77563],[3.75071,50.77655],[3.75136,50.77689],[3.7524,50.77765],[3.75262,50.77793],[3.75328,50.77829],[3.75436,50.77846],[3.75664,50.77917],[3.75706,50.77953],[3.75783,50.7799],[3.75774,50.78006],[3.75858,50.78045],[3.75902,50.77999],[3.75907,50.77896],[3.75929,50.77803],[3.75896,50.77781],[3.75866,50.77681],[3.75745,50.77532],[3.75658,50.77504],[3.75564,50.77494],[3.75527,50.77459],[3.75448,50.77412],[3.75342,50.77294],[3.75313,50.77229],[3.75314,50.77155],[3.75345,50.77132],[3.75671,50.76937],[3.75852,50.76811],[3.75829,50.76802],[3.7583,50.76707],[3.75911,50.76568],[3.75968,50.76533],[3.75996,50.76494],[3.76025,50.76385],[3.76011,50.76258],[3.76115,50.76153],[3.76168,50.7611],[3.76221,50.76087],[3.76319,50.76078],[3.76339,50.76049],[3.76404,50.76044],[3.76576,50.75878],[3.76648,50.75888],[3.76695,50.75878],[3.76868,50.75785],[3.76845,50.7573],[3.76954,50.75659],[3.77055,50.7561],[3.77088,50.75566],[3.77061,50.75497],[3.77084,50.7547],[3.77208,50.75458],[3.77316,50.75407],[3.77316,50.75318],[3.77221,50.75277],[3.77221,50.75223],[3.77312,50.75118],[3.77372,50.75004],[3.77568,50.74789],[3.77668,50.74835],[3.77755,50.74761],[3.77802,50.74744],[3.77887,50.74795],[3.78041,50.74851],[3.78196,50.74877],[3.78254,50.74901],[3.78358,50.74843],[3.78462,50.74851],[3.78533,50.74831],[3.78608,50.74791],[3.78695,50.74822],[3.78877,50.74864],[3.78936,50.74862],[3.79106,50.74882],[3.79207,50.74866],[3.79268,50.74871],[3.79356,50.74899],[3.79653,50.74958],[3.79897,50.74973],[3.80007,50.74993],[3.80268,50.75016],[3.80374,50.7501],[3.80554,50.75018],[3.80703,50.75011],[3.80945,50.7503],[3.81102,50.75033],[3.8135,50.74983],[3.81389,50.74992],[3.81547,50.75071],[3.8155,50.75103],[3.81597,50.7513],[3.81583,50.75263],[3.81559,50.75314],[3.81462,50.75432],[3.81397,50.75523],[3.81278,50.7566],[3.81083,50.75816],[3.81323,50.75908],[3.81396,50.75944],[3.81612,50.76068],[3.81689,50.76092],[3.81991,50.76165],[3.81828,50.76276],[3.81621,50.76452],[3.81665,50.76474],[3.81591,50.76542],[3.81686,50.76568],[3.81679,50.76624],[3.8143,50.76846],[3.81361,50.76913],[3.81261,50.76872],[3.81107,50.76982],[3.81032,50.77054],[3.8115,50.77088],[3.81239,50.77092],[3.81229,50.77131],[3.81432,50.77131],[3.81431,50.77184],[3.81396,50.77233],[3.81228,50.77385],[3.81179,50.77418],[3.81124,50.77433],[3.80993,50.77444],[3.81029,50.77481],[3.80904,50.7753],[3.80907,50.77563],[3.80877,50.77641],[3.80633,50.7758],[3.8061,50.77628],[3.80509,50.77753],[3.8052,50.77775],[3.80483,50.77796],[3.80441,50.77865],[3.80368,50.77905],[3.80414,50.77954],[3.80564,50.78037],[3.80685,50.78117],[3.80789,50.78226],[3.80802,50.78313],[3.80865,50.78283],[3.80905,50.78314],[3.80967,50.78274],[3.81071,50.78325],[3.811,50.78305],[3.81438,50.78021],[3.81663,50.78119],[3.81693,50.7814],[3.8181,50.78037],[3.81979,50.78113],[3.81862,50.78247],[3.81817,50.78332],[3.81766,50.78321],[3.81701,50.78389],[3.81531,50.78357],[3.81481,50.7839],[3.81427,50.78446],[3.81384,50.78588],[3.81326,50.78714],[3.81433,50.78747],[3.81418,50.78747],[3.81325,50.78874],[3.81322,50.7889],[3.81477,50.78973],[3.81537,50.79052],[3.81525,50.79167],[3.81614,50.79285],[3.8178,50.79404],[3.8183,50.79463],[3.81898,50.79505],[3.81913,50.79543],[3.81899,50.79575],[3.81854,50.79578],[3.81706,50.79528],[3.81598,50.79509],[3.81294,50.79487],[3.81051,50.79428],[3.80971,50.79445],[3.80875,50.7941],[3.80718,50.79377],[3.806,50.79288],[3.805,50.7926],[3.80474,50.79272],[3.80375,50.79263],[3.80217,50.79278],[3.80077,50.79281],[3.80001,50.79303],[3.7989,50.79375],[3.79827,50.79432],[3.7968,50.79511],[3.79538,50.79553],[3.79492,50.79576],[3.79352,50.79734],[3.79232,50.79809],[3.79082,50.79839],[3.78863,50.79854],[3.78736,50.79848],[3.78601,50.79817],[3.7855,50.799],[3.7845,50.79974],[3.78374,50.80005],[3.78349,50.80177],[3.7841,50.80182],[3.78458,50.80233],[3.7878,50.80343],[3.78918,50.80414],[3.78983,50.80459],[3.79056,50.80526],[3.79237,50.80774],[3.79355,50.80899],[3.79504,50.81026],[3.79332,50.80993],[3.79217,50.81083],[3.79065,50.81191],[3.78954,50.81239],[3.78876,50.81305],[3.78768,50.81439],[3.78727,50.81538],[3.78737,50.8167],[3.78788,50.81668],[3.78916,50.81689],[3.78903,50.81847],[3.78903,50.81964],[3.78932,50.81979],[3.78918,50.82026],[3.78925,50.82101],[3.78874,50.82126],[3.78866,50.82166],[3.78746,50.82163],[3.78711,50.82287],[3.78689,50.82397],[3.78487,50.82377],[3.78412,50.82473],[3.78406,50.82496],[3.78503,50.82551],[3.78483,50.8267],[3.78522,50.82721],[3.7856,50.82828],[3.78586,50.82983],[3.78569,50.83071],[3.78524,50.83126],[3.785,50.83123],[3.78466,50.83301],[3.78484,50.83331],[3.78403,50.83338],[3.7826,50.83391],[3.78227,50.83367],[3.78127,50.83431],[3.77893,50.83565],[3.77911,50.83618],[3.78017,50.8367],[3.78072,50.83674],[3.78038,50.83727],[3.77985,50.83764],[3.7789,50.83808],[3.77831,50.83853],[3.7774,50.83901],[3.77683,50.83956],[3.77831,50.84024],[3.77746,50.84075],[3.77707,50.84115],[3.77596,50.84164],[3.77499,50.84227],[3.77301,50.8423],[3.7719,50.84214],[3.76914,50.84109],[3.7682,50.84085],[3.76801,50.84104],[3.76716,50.84113],[3.76538,50.84082],[3.76508,50.84159],[3.76503,50.84213],[3.76395,50.84394],[3.7633,50.84524],[3.76221,50.84513],[3.7608,50.8448],[3.75998,50.84615],[3.7602,50.84676],[3.75721,50.84672],[3.75701,50.84727],[3.75221,50.84668],[3.75057,50.84637],[3.75021,50.84691],[3.74824,50.84654],[3.74782,50.8463],[3.747,50.84615],[3.74562,50.84497],[3.74521,50.84444],[3.74476,50.84353],[3.74311,50.84374],[3.74279,50.84402],[3.74123,50.8445],[3.74021,50.84496],[3.7403,50.84506],[3.73913,50.84546],[3.7393,50.84566],[3.73727,50.84643],[3.73558,50.84355],[3.73377,50.843],[3.73334,50.84299],[3.73328,50.84192],[3.7311,50.84163],[3.73077,50.84221],[3.72947,50.8417],[3.7278,50.84079],[3.72678,50.84137],[3.72495,50.84107],[3.7242,50.84067],[3.72263,50.84026],[3.72065,50.83986],[3.72092,50.83962],[3.72106,50.8391],[3.72056,50.83894],[3.71853,50.8387],[3.71936,50.83838],[3.71934,50.83798],[3.7209,50.83687],[3.72116,50.83651],[3.72075,50.83558],[3.72134,50.83543],[3.72068,50.83471],[3.71991,50.83488],[3.71983,50.8347],[3.71836,50.83507],[3.71794,50.83381],[3.71702,50.83313],[3.7166,50.83339],[3.71525,50.83384],[3.71415,50.83382],[3.71439,50.83413],[3.71408,50.83426],[3.71418,50.83489],[3.7144,50.83496],[3.71394,50.83541],[3.71349,50.83676]]]}},{"type":"Feature","id":"45060","bbox":[3.459079,50.75757,3.587796,50.811261],"properties":{"nis":"45060","name":"Kluisbergen","nameNl":"Kluisbergen","nameFr":"Kluisbergen","nameDe":"Kluisbergen","province":"oost-vlaanderen","region":"flanders","areaKm2":30.49},"geometry":{"type":"Polygon","coordinates":[[[3.54088,50.81126],[3.54062,50.81126],[3.53917,50.81083],[3.53659,50.81029],[3.53213,50.80925],[3.52981,50.80882],[3.52818,50.80822],[3.52595,50.80719],[3.52497,50.80659],[3.52335,50.80534],[3.5221,50.80417],[3.52103,50.80267],[3.52058,50.80181],[3.51975,50.79964],[3.51934,50.79878],[3.51889,50.79812],[3.51766,50.79681],[3.51599,50.79576],[3.51402,50.79494],[3.51299,50.79464],[3.51103,50.79428],[3.50982,50.79414],[3.50643,50.79406],[3.5046,50.79392],[3.50239,50.79356],[3.50059,50.79307],[3.49809,50.79213],[3.4949,50.79031],[3.49296,50.78901],[3.49182,50.78808],[3.49108,50.78763],[3.48854,50.78583],[3.48753,50.78498],[3.48689,50.78431],[3.48634,50.78351],[3.48524,50.78174],[3.48442,50.78064],[3.48349,50.77967],[3.4828,50.77908],[3.48146,50.77825],[3.48032,50.77777],[3.47662,50.7767],[3.47472,50.77581],[3.47175,50.7738],[3.46859,50.77156],[3.46466,50.76923],[3.46307,50.76812],[3.46132,50.76665],[3.45908,50.76464],[3.45989,50.76406],[3.45991,50.76335],[3.45951,50.76292],[3.45931,50.76212],[3.45989,50.76185],[3.46072,50.76229],[3.46488,50.76379],[3.46487,50.76384],[3.46666,50.76474],[3.46727,50.76416],[3.46809,50.76361],[3.46949,50.76295],[3.46936,50.76283],[3.47222,50.76175],[3.47431,50.76129],[3.47517,50.76098],[3.47837,50.76287],[3.47881,50.76227],[3.48002,50.76192],[3.48123,50.76139],[3.47961,50.76079],[3.47956,50.76061],[3.47877,50.76013],[3.47813,50.75992],[3.47792,50.75941],[3.47833,50.75912],[3.47913,50.75912],[3.48024,50.75894],[3.48051,50.75879],[3.4816,50.75886],[3.48247,50.75912],[3.48543,50.75891],[3.48802,50.75866],[3.48874,50.75871],[3.49021,50.75827],[3.49095,50.75817],[3.49191,50.75782],[3.493,50.75768],[3.49691,50.75757],[3.49842,50.75784],[3.49931,50.75821],[3.50009,50.75877],[3.501,50.75898],[3.50235,50.75908],[3.50424,50.75904],[3.50486,50.7588],[3.50585,50.75872],[3.50807,50.75882],[3.50875,50.75873],[3.50975,50.75893],[3.51053,50.75954],[3.51221,50.75958],[3.51334,50.75976],[3.51413,50.76012],[3.51608,50.76061],[3.51797,50.76082],[3.51984,50.76115],[3.52185,50.76235],[3.52305,50.76287],[3.5247,50.76316],[3.52699,50.76383],[3.52834,50.7641],[3.52961,50.76423],[3.53357,50.76482],[3.53763,50.76454],[3.53899,50.76421],[3.53962,50.76395],[3.5405,50.76323],[3.54067,50.7629],[3.54318,50.76331],[3.54457,50.76392],[3.54522,50.76403],[3.54633,50.76438],[3.54797,50.76427],[3.54914,50.76425],[3.54993,50.76407],[3.55184,50.76349],[3.55341,50.76344],[3.55465,50.76365],[3.55547,50.76354],[3.55698,50.76362],[3.55795,50.76326],[3.55952,50.76316],[3.56483,50.76266],[3.56546,50.7625],[3.56673,50.76153],[3.5672,50.76134],[3.56946,50.76106],[3.57114,50.76026],[3.5733,50.75938],[3.57402,50.75922],[3.5747,50.75926],[3.57621,50.75967],[3.57685,50.76017],[3.57735,50.76113],[3.57783,50.76151],[3.58134,50.76324],[3.5825,50.76375],[3.58477,50.76463],[3.58571,50.76481],[3.58709,50.76481],[3.5878,50.76567],[3.58721,50.76677],[3.58685,50.76705],[3.58563,50.76771],[3.58508,50.76814],[3.58448,50.76921],[3.58434,50.77016],[3.58437,50.77176],[3.58396,50.77235],[3.58379,50.77354],[3.58311,50.77426],[3.58243,50.7745],[3.58216,50.77475],[3.5819,50.77614],[3.58077,50.77688],[3.58039,50.77807],[3.57936,50.77965],[3.57852,50.78119],[3.57799,50.78157],[3.57998,50.78314],[3.57987,50.78338],[3.58049,50.7835],[3.57872,50.78543],[3.57823,50.78585],[3.57819,50.78656],[3.57865,50.78717],[3.57925,50.78764],[3.58029,50.78775],[3.5818,50.78716],[3.58257,50.78785],[3.58454,50.78901],[3.58426,50.78977],[3.58366,50.78993],[3.58243,50.78992],[3.58117,50.79012],[3.58028,50.79041],[3.5805,50.7905],[3.58148,50.79263],[3.5817,50.79256],[3.58373,50.79402],[3.58136,50.79451],[3.58073,50.79434],[3.57994,50.79431],[3.5792,50.79413],[3.5789,50.7945],[3.57955,50.79483],[3.57906,50.79548],[3.58028,50.79552],[3.58028,50.79582],[3.58183,50.79666],[3.58306,50.79692],[3.58266,50.7975],[3.58189,50.79834],[3.58275,50.79884],[3.5817,50.79932],[3.58054,50.79981],[3.57827,50.80129],[3.57715,50.80084],[3.57631,50.80104],[3.57555,50.80014],[3.57501,50.79992],[3.5725,50.79853],[3.57208,50.79806],[3.57117,50.79636],[3.5711,50.79592],[3.57034,50.79464],[3.57016,50.7939],[3.57027,50.79282],[3.57022,50.79212],[3.56986,50.79168],[3.56936,50.79158],[3.56893,50.79097],[3.56836,50.79097],[3.56548,50.79008],[3.56474,50.79001],[3.56176,50.7905],[3.56169,50.79192],[3.56065,50.79365],[3.55929,50.79533],[3.55851,50.79654],[3.55796,50.79716],[3.55666,50.79801],[3.55628,50.7984],[3.55611,50.79885],[3.55639,50.79954],[3.55628,50.80002],[3.55352,50.8003],[3.55308,50.80048],[3.55362,50.80132],[3.55314,50.80178],[3.55215,50.8024],[3.55191,50.80236],[3.54925,50.80485],[3.5457,50.80831],[3.54563,50.80867],[3.54505,50.80887],[3.54461,50.80863],[3.54382,50.80861],[3.54341,50.80883],[3.54304,50.80948],[3.54287,50.81021],[3.54242,50.81069],[3.54088,50.81126]]]}},{"type":"Feature","id":"45061","bbox":[3.451289,50.805341,3.58937,50.886716],"properties":{"nis":"45061","name":"Wortegem-Petegem","nameNl":"Wortegem-Petegem","nameFr":"Wortegem-Petegem","nameDe":"Wortegem-Petegem","province":"oost-vlaanderen","region":"flanders","areaKm2":42.29},"geometry":{"type":"Polygon","coordinates":[[[3.47094,50.87828],[3.46971,50.87669],[3.4676,50.87604],[3.46671,50.87565],[3.46617,50.87526],[3.46464,50.87445],[3.46412,50.87473],[3.46191,50.87512],[3.46039,50.87563],[3.45919,50.87577],[3.45745,50.87621],[3.45719,50.87619],[3.45701,50.87567],[3.45618,50.87398],[3.45611,50.87311],[3.45566,50.87228],[3.45649,50.8713],[3.45661,50.8703],[3.45688,50.86979],[3.45685,50.86921],[3.45649,50.8682],[3.4552,50.86835],[3.45495,50.86813],[3.45291,50.86868],[3.45129,50.86756],[3.45309,50.86614],[3.45402,50.8651],[3.45521,50.86485],[3.45553,50.86462],[3.45572,50.8639],[3.456,50.86357],[3.45763,50.86427],[3.46001,50.86293],[3.46239,50.86082],[3.46359,50.86127],[3.46442,50.86143],[3.46511,50.86196],[3.46492,50.86111],[3.46489,50.86031],[3.46572,50.85969],[3.46594,50.85931],[3.46555,50.85884],[3.46629,50.85721],[3.46659,50.85687],[3.46714,50.85572],[3.46809,50.85392],[3.46881,50.85354],[3.4697,50.85398],[3.47043,50.85408],[3.47116,50.85443],[3.47141,50.85441],[3.47294,50.85488],[3.47304,50.8551],[3.47377,50.85519],[3.47478,50.85587],[3.47807,50.85697],[3.47894,50.85691],[3.47968,50.85709],[3.47971,50.8573],[3.48027,50.85776],[3.48119,50.85781],[3.48173,50.85742],[3.48205,50.85755],[3.48283,50.85711],[3.48333,50.85702],[3.48519,50.85619],[3.48523,50.85564],[3.48628,50.8551],[3.48662,50.85518],[3.48702,50.85494],[3.48682,50.85481],[3.48781,50.85459],[3.4882,50.85405],[3.48896,50.85422],[3.48927,50.85395],[3.48859,50.85301],[3.48901,50.8528],[3.48926,50.85224],[3.48911,50.85139],[3.48959,50.85139],[3.49008,50.85048],[3.48988,50.85019],[3.49042,50.84938],[3.49053,50.84886],[3.49035,50.8487],[3.49134,50.84825],[3.49213,50.84778],[3.49188,50.84705],[3.49333,50.84578],[3.49431,50.8451],[3.4955,50.84459],[3.49615,50.84408],[3.4968,50.84392],[3.49728,50.8435],[3.49797,50.84319],[3.50102,50.84236],[3.50221,50.84178],[3.50346,50.84107],[3.5014,50.84072],[3.49961,50.84062],[3.49905,50.83992],[3.49913,50.83922],[3.4995,50.83933],[3.49989,50.83826],[3.50062,50.83768],[3.50093,50.83718],[3.50174,50.83656],[3.50264,50.83698],[3.50305,50.83691],[3.50383,50.83627],[3.50492,50.83613],[3.50559,50.83586],[3.50749,50.83539],[3.50784,50.83553],[3.50799,50.8352],[3.50879,50.83498],[3.51005,50.83501],[3.51183,50.83483],[3.51182,50.8345],[3.51289,50.83349],[3.51459,50.83221],[3.51459,50.83199],[3.51372,50.83124],[3.51227,50.83017],[3.5113,50.82966],[3.51052,50.82938],[3.51074,50.82927],[3.50915,50.82816],[3.50686,50.82755],[3.50585,50.82738],[3.50511,50.82742],[3.50464,50.82684],[3.50358,50.827],[3.50251,50.82669],[3.50155,50.82692],[3.50188,50.8274],[3.50106,50.82759],[3.49984,50.82802],[3.49917,50.82703],[3.49873,50.82704],[3.49869,50.82444],[3.49977,50.82449],[3.50076,50.82424],[3.50259,50.82403],[3.50291,50.82412],[3.50349,50.82397],[3.50461,50.82399],[3.50475,50.82456],[3.50641,50.82438],[3.50705,50.82421],[3.50712,50.82379],[3.50658,50.82338],[3.50551,50.82177],[3.50561,50.82108],[3.5062,50.8205],[3.50745,50.81902],[3.50659,50.81844],[3.50709,50.81771],[3.50757,50.81755],[3.50802,50.81694],[3.50896,50.81495],[3.50921,50.81478],[3.5098,50.81487],[3.51045,50.81415],[3.50958,50.81397],[3.5095,50.8136],[3.51044,50.814],[3.51167,50.81465],[3.51624,50.80897],[3.51723,50.80934],[3.51804,50.80853],[3.51905,50.80893],[3.51994,50.80803],[3.52013,50.80814],[3.52335,50.80534],[3.52497,50.80659],[3.52595,50.80719],[3.52818,50.80822],[3.52981,50.80882],[3.53213,50.80925],[3.53659,50.81029],[3.53917,50.81083],[3.54062,50.81126],[3.54088,50.81126],[3.54534,50.81256],[3.54715,50.81381],[3.54869,50.81517],[3.54947,50.81625],[3.55092,50.81761],[3.55281,50.81874],[3.55453,50.81951],[3.55607,50.81994],[3.55762,50.82026],[3.55951,50.82037],[3.56165,50.82043],[3.5638,50.8201],[3.56577,50.81988],[3.56749,50.81961],[3.56947,50.81956],[3.57084,50.81961],[3.57446,50.8205],[3.57605,50.82117],[3.57912,50.82316],[3.58054,50.82419],[3.58161,50.82506],[3.58397,50.82758],[3.58483,50.82889],[3.58573,50.83],[3.58697,50.83168],[3.58779,50.83249],[3.58937,50.83352],[3.58716,50.83533],[3.58641,50.83578],[3.58556,50.83557],[3.58557,50.83532],[3.58467,50.83485],[3.584,50.83557],[3.58408,50.83567],[3.58276,50.8366],[3.58226,50.83622],[3.58068,50.83531],[3.58009,50.83489],[3.57959,50.83426],[3.57734,50.83507],[3.5768,50.83499],[3.57505,50.83579],[3.57465,50.83628],[3.57487,50.83658],[3.57455,50.83699],[3.57402,50.838],[3.57342,50.83837],[3.57208,50.83858],[3.57084,50.83835],[3.56967,50.83833],[3.56885,50.83813],[3.56781,50.8381],[3.56732,50.83828],[3.56628,50.83938],[3.56585,50.84008],[3.56725,50.84058],[3.56832,50.84116],[3.56924,50.84196],[3.57098,50.84328],[3.57315,50.84589],[3.5748,50.84688],[3.5757,50.84715],[3.57578,50.84652],[3.57697,50.84665],[3.57698,50.84789],[3.57713,50.84833],[3.57781,50.8489],[3.57769,50.84987],[3.57751,50.85019],[3.57598,50.85147],[3.57609,50.85154],[3.57518,50.85229],[3.57486,50.85229],[3.57429,50.85278],[3.57137,50.85311],[3.57118,50.85327],[3.57083,50.85481],[3.57137,50.85488],[3.57093,50.85546],[3.57179,50.85596],[3.57162,50.85644],[3.57315,50.85711],[3.57279,50.85787],[3.57385,50.85851],[3.57419,50.85884],[3.57397,50.85904],[3.57255,50.85969],[3.57096,50.86068],[3.57132,50.86075],[3.57097,50.86212],[3.57176,50.86268],[3.57005,50.86338],[3.56638,50.86634],[3.56613,50.86628],[3.56544,50.86698],[3.5627,50.86899],[3.55908,50.87274],[3.55562,50.87556],[3.55479,50.87635],[3.55427,50.87668],[3.55068,50.87865],[3.54905,50.87949],[3.54864,50.87995],[3.54734,50.87994],[3.54557,50.87964],[3.54323,50.87948],[3.54315,50.88002],[3.54286,50.88034],[3.5427,50.881],[3.54234,50.88136],[3.53979,50.88249],[3.53918,50.88307],[3.53773,50.88372],[3.53678,50.88467],[3.53545,50.88566],[3.53533,50.88585],[3.53431,50.88611],[3.53359,50.88645],[3.53252,50.88672],[3.53185,50.8864],[3.53098,50.8865],[3.53015,50.88596],[3.52951,50.88531],[3.52837,50.88146],[3.52874,50.8813],[3.53238,50.87747],[3.5318,50.87733],[3.53121,50.87677],[3.53081,50.87579],[3.53074,50.8753],[3.53046,50.87522],[3.5289,50.87575],[3.52767,50.87639],[3.52709,50.87625],[3.52594,50.87579],[3.52467,50.87554],[3.52214,50.87386],[3.52047,50.87374],[3.52019,50.87384],[3.51889,50.87367],[3.51735,50.8739],[3.51586,50.87398],[3.51429,50.8739],[3.51357,50.87395],[3.51142,50.87361],[3.50931,50.87368],[3.50883,50.87356],[3.50838,50.87367],[3.50713,50.87314],[3.50746,50.87294],[3.50551,50.87256],[3.50475,50.87177],[3.50443,50.87175],[3.50532,50.87105],[3.50513,50.87069],[3.50473,50.87047],[3.50362,50.87038],[3.50278,50.86997],[3.50154,50.86982],[3.50081,50.87043],[3.50073,50.8713],[3.50009,50.87196],[3.50012,50.87274],[3.49971,50.87289],[3.49884,50.87245],[3.4984,50.87253],[3.49757,50.87291],[3.49802,50.87324],[3.49755,50.87354],[3.49823,50.87405],[3.49711,50.87433],[3.4966,50.87391],[3.49452,50.8755],[3.49275,50.8752],[3.492,50.87591],[3.49125,50.87641],[3.49096,50.87687],[3.49086,50.87738],[3.49131,50.87786],[3.49181,50.87814],[3.49106,50.87882],[3.49052,50.87897],[3.48978,50.87879],[3.48955,50.87897],[3.48873,50.88009],[3.48787,50.87994],[3.48733,50.87999],[3.4863,50.87945],[3.48624,50.87893],[3.48573,50.87807],[3.48495,50.87742],[3.48355,50.87743],[3.47778,50.8778],[3.47775,50.87725],[3.47499,50.87732],[3.47503,50.87747],[3.47292,50.87737],[3.47197,50.87714],[3.47195,50.87837],[3.47094,50.87828]]]}},{"type":"Feature","id":"45062","bbox":[3.672245,50.7984,3.716053,50.862265],"properties":{"nis":"45062","name":"Horebeke","nameNl":"Horebeke","nameFr":"Horebeke","nameDe":"Horebeke","province":"oost-vlaanderen","region":"flanders","areaKm2":11.21},"geometry":{"type":"Polygon","coordinates":[[[3.69747,50.86226],[3.69627,50.86135],[3.69573,50.86121],[3.69215,50.85949],[3.69162,50.85934],[3.68948,50.85813],[3.68849,50.85772],[3.68764,50.85714],[3.68733,50.85676],[3.68708,50.85683],[3.68505,50.8555],[3.6861,50.85472],[3.68491,50.8538],[3.68283,50.85241],[3.68409,50.85144],[3.68546,50.8507],[3.68474,50.85009],[3.68653,50.84921],[3.6862,50.84899],[3.68652,50.84877],[3.68515,50.84788],[3.68544,50.84765],[3.68535,50.84695],[3.68496,50.84611],[3.68401,50.84444],[3.68333,50.84342],[3.68347,50.84338],[3.68259,50.84203],[3.68257,50.84129],[3.68294,50.83963],[3.682,50.83836],[3.68083,50.83641],[3.67949,50.83635],[3.67821,50.83622],[3.67872,50.83553],[3.67755,50.835],[3.67794,50.83478],[3.67862,50.83377],[3.67854,50.83348],[3.67887,50.83295],[3.67889,50.83216],[3.68006,50.83155],[3.67977,50.83038],[3.67946,50.83],[3.67998,50.82978],[3.68198,50.82853],[3.68285,50.82815],[3.68093,50.82676],[3.68093,50.82612],[3.68176,50.82515],[3.6809,50.82468],[3.67945,50.82421],[3.67913,50.82382],[3.67809,50.82343],[3.67634,50.82305],[3.67581,50.82308],[3.67494,50.82247],[3.67455,50.82239],[3.67386,50.82199],[3.6729,50.82195],[3.67249,50.82152],[3.67224,50.82052],[3.6744,50.81992],[3.6744,50.81923],[3.67499,50.81877],[3.67493,50.81833],[3.67303,50.81748],[3.67291,50.81725],[3.67347,50.81612],[3.67512,50.81632],[3.676,50.81602],[3.67635,50.81474],[3.67705,50.8144],[3.67917,50.81358],[3.68006,50.81261],[3.68097,50.81261],[3.68161,50.81226],[3.68361,50.81146],[3.68338,50.8112],[3.68425,50.8105],[3.685,50.80944],[3.68326,50.80745],[3.68263,50.8068],[3.68192,50.80646],[3.68032,50.80654],[3.67937,50.80533],[3.67953,50.80498],[3.68018,50.8044],[3.68148,50.8043],[3.68309,50.80361],[3.68411,50.80451],[3.68319,50.80488],[3.68385,50.80566],[3.68733,50.80504],[3.68632,50.80377],[3.68674,50.80364],[3.68561,50.80267],[3.68317,50.80357],[3.68268,50.80305],[3.6838,50.80268],[3.68252,50.80129],[3.68314,50.80048],[3.68413,50.7998],[3.68699,50.79862],[3.68769,50.7984],[3.68819,50.79914],[3.68955,50.80009],[3.69034,50.79983],[3.69107,50.80033],[3.69181,50.80154],[3.69271,50.80115],[3.69441,50.80073],[3.69472,50.80144],[3.69461,50.8022],[3.69416,50.80268],[3.6937,50.80379],[3.69381,50.80481],[3.69324,50.80566],[3.69209,50.80685],[3.69116,50.80748],[3.68952,50.80834],[3.68831,50.80909],[3.68835,50.81003],[3.68802,50.81078],[3.68972,50.8113],[3.6904,50.81132],[3.69112,50.81097],[3.69201,50.81089],[3.69301,50.81063],[3.6945,50.80994],[3.69503,50.8106],[3.69542,50.81085],[3.69632,50.81102],[3.69703,50.81097],[3.69828,50.81185],[3.69917,50.81144],[3.70214,50.81339],[3.70361,50.81427],[3.70296,50.81464],[3.70652,50.81623],[3.70599,50.8179],[3.70626,50.81836],[3.70567,50.81888],[3.70644,50.81952],[3.70519,50.81947],[3.70619,50.82013],[3.70769,50.82091],[3.70816,50.82124],[3.70767,50.82183],[3.70608,50.82301],[3.70685,50.82361],[3.70663,50.82374],[3.70751,50.82432],[3.7084,50.82474],[3.70817,50.82486],[3.70951,50.82553],[3.70935,50.82569],[3.71113,50.82656],[3.7102,50.82747],[3.71175,50.82818],[3.71069,50.82886],[3.70972,50.82978],[3.70908,50.83028],[3.7081,50.83146],[3.70782,50.83167],[3.70682,50.8319],[3.70616,50.83217],[3.70757,50.83297],[3.70846,50.83321],[3.70899,50.83349],[3.70877,50.83372],[3.70825,50.83381],[3.70735,50.83453],[3.70904,50.83532],[3.70922,50.83506],[3.71199,50.83642],[3.71216,50.83627],[3.71349,50.83676],[3.7139,50.83706],[3.71394,50.83748],[3.71442,50.83749],[3.71455,50.83782],[3.7151,50.83826],[3.71545,50.83893],[3.71601,50.83942],[3.71592,50.84013],[3.71534,50.84049],[3.7149,50.84119],[3.71441,50.84165],[3.71432,50.84212],[3.71462,50.84299],[3.71443,50.84446],[3.71484,50.84674],[3.71543,50.8474],[3.7149,50.84769],[3.71428,50.84849],[3.71342,50.84863],[3.71311,50.84851],[3.71218,50.84863],[3.71088,50.84931],[3.7098,50.84999],[3.70979,50.85021],[3.71055,50.85056],[3.71092,50.851],[3.71051,50.85127],[3.71015,50.8512],[3.70956,50.85173],[3.70865,50.85212],[3.70792,50.85293],[3.7081,50.85364],[3.70657,50.85396],[3.70417,50.8548],[3.70334,50.85561],[3.70265,50.85646],[3.70197,50.85707],[3.70014,50.85825],[3.69913,50.85851],[3.6984,50.85938],[3.69782,50.85965],[3.69777,50.86036],[3.69732,50.86053],[3.69697,50.86109],[3.69768,50.86165],[3.69747,50.86226]]]}},{"type":"Feature","id":"45063","bbox":[3.783486,50.774733,3.881813,50.838233],"properties":{"nis":"45063","name":"Lierde","nameNl":"Lierde","nameFr":"Lierde","nameDe":"Lierde","province":"oost-vlaanderen","region":"flanders","areaKm2":26.23},"geometry":{"type":"Polygon","coordinates":[[[3.86556,50.83114],[3.86308,50.83144],[3.86181,50.83209],[3.86063,50.83255],[3.85884,50.83313],[3.85782,50.83427],[3.85688,50.83448],[3.85607,50.83441],[3.85514,50.83456],[3.85409,50.83493],[3.85313,50.83509],[3.85165,50.83598],[3.85092,50.83672],[3.85022,50.8376],[3.84946,50.83775],[3.84875,50.83803],[3.84791,50.83823],[3.84602,50.83818],[3.84497,50.83802],[3.84295,50.83793],[3.84314,50.83741],[3.84193,50.83823],[3.84135,50.83813],[3.84029,50.83762],[3.84046,50.83738],[3.83996,50.83669],[3.83982,50.83586],[3.83958,50.83516],[3.83916,50.83525],[3.83837,50.83437],[3.83637,50.83347],[3.83614,50.83317],[3.83514,50.83256],[3.83485,50.83255],[3.83416,50.83146],[3.83404,50.83104],[3.83337,50.83009],[3.83253,50.82951],[3.83264,50.82918],[3.83211,50.8289],[3.83226,50.82877],[3.83163,50.82832],[3.8325,50.82786],[3.83292,50.82726],[3.83272,50.8263],[3.83142,50.82653],[3.83119,50.82693],[3.83069,50.82696],[3.82978,50.82731],[3.82873,50.82782],[3.82744,50.82773],[3.82736,50.82698],[3.82772,50.82563],[3.82888,50.82539],[3.82859,50.82466],[3.8271,50.82427],[3.82461,50.82476],[3.82277,50.82506],[3.82231,50.82505],[3.81976,50.82556],[3.81859,50.82566],[3.81707,50.82599],[3.81577,50.82543],[3.81354,50.82369],[3.81256,50.82267],[3.81138,50.82237],[3.80601,50.81867],[3.80471,50.81792],[3.8032,50.81721],[3.80237,50.81644],[3.80105,50.81558],[3.80089,50.81567],[3.80028,50.81512],[3.79893,50.81468],[3.79806,50.81339],[3.79746,50.81206],[3.79734,50.8121],[3.79504,50.81026],[3.79355,50.80899],[3.79237,50.80774],[3.79056,50.80526],[3.78983,50.80459],[3.78918,50.80414],[3.7878,50.80343],[3.78458,50.80233],[3.7841,50.80182],[3.78349,50.80177],[3.78374,50.80005],[3.7845,50.79974],[3.7855,50.799],[3.78601,50.79817],[3.78736,50.79848],[3.78863,50.79854],[3.79082,50.79839],[3.79232,50.79809],[3.79352,50.79734],[3.79492,50.79576],[3.79538,50.79553],[3.7968,50.79511],[3.79827,50.79432],[3.7989,50.79375],[3.80001,50.79303],[3.80077,50.79281],[3.80217,50.79278],[3.80375,50.79263],[3.80474,50.79272],[3.805,50.7926],[3.806,50.79288],[3.80718,50.79377],[3.80875,50.7941],[3.80971,50.79445],[3.81051,50.79428],[3.81294,50.79487],[3.81598,50.79509],[3.81706,50.79528],[3.81854,50.79578],[3.81899,50.79575],[3.81913,50.79543],[3.81898,50.79505],[3.8183,50.79463],[3.8178,50.79404],[3.81614,50.79285],[3.81525,50.79167],[3.81537,50.79052],[3.81477,50.78973],[3.81322,50.7889],[3.81325,50.78874],[3.81418,50.78747],[3.81433,50.78747],[3.81737,50.78446],[3.81798,50.78393],[3.81907,50.7836],[3.82007,50.7827],[3.82131,50.78179],[3.82194,50.78153],[3.82359,50.77957],[3.82442,50.77881],[3.82587,50.77892],[3.82631,50.77775],[3.83034,50.77814],[3.83106,50.777],[3.83473,50.77615],[3.83604,50.77539],[3.84091,50.77601],[3.84484,50.77473],[3.84588,50.7757],[3.84607,50.77571],[3.8485,50.77775],[3.85039,50.77839],[3.85099,50.77853],[3.85477,50.78089],[3.85584,50.78103],[3.85641,50.78138],[3.85782,50.782],[3.85584,50.78274],[3.85654,50.7832],[3.85781,50.78367],[3.85996,50.78388],[3.86122,50.78379],[3.86125,50.78366],[3.8643,50.78372],[3.86825,50.78496],[3.87024,50.78683],[3.86975,50.78701],[3.86976,50.78727],[3.86911,50.78775],[3.86845,50.78792],[3.8666,50.78779],[3.8656,50.78986],[3.86506,50.79068],[3.86568,50.79092],[3.86522,50.79158],[3.86561,50.79171],[3.86493,50.79267],[3.86668,50.79315],[3.86804,50.79416],[3.86901,50.79477],[3.86979,50.79545],[3.87003,50.79609],[3.8707,50.79695],[3.87225,50.79926],[3.87296,50.79986],[3.87204,50.8009],[3.87244,50.80223],[3.8721,50.80519],[3.87481,50.80485],[3.87746,50.80507],[3.87827,50.80564],[3.87909,50.806],[3.88084,50.80627],[3.88043,50.80805],[3.88172,50.80844],[3.88095,50.80978],[3.87993,50.80947],[3.87912,50.80949],[3.8789,50.81022],[3.88009,50.81232],[3.88102,50.81281],[3.8814,50.81319],[3.88173,50.81383],[3.88181,50.81431],[3.88114,50.81405],[3.87784,50.81369],[3.87798,50.81314],[3.87788,50.812],[3.87665,50.81176],[3.87657,50.81204],[3.87435,50.81187],[3.87319,50.81188],[3.87118,50.81234],[3.87165,50.81314],[3.87187,50.81384],[3.87252,50.81376],[3.87266,50.81447],[3.87255,50.81469],[3.8699,50.81451],[3.868,50.81452],[3.86758,50.81478],[3.86736,50.81544],[3.86694,50.81544],[3.8661,50.8157],[3.86527,50.81529],[3.86464,50.81475],[3.86338,50.81488],[3.86337,50.81554],[3.86085,50.81565],[3.8602,50.8167],[3.85947,50.81683],[3.85948,50.81871],[3.8634,50.82053],[3.86442,50.82188],[3.86504,50.8228],[3.86457,50.82292],[3.86474,50.82346],[3.86377,50.82366],[3.86418,50.82447],[3.8628,50.82474],[3.86336,50.82533],[3.86333,50.8259],[3.86394,50.82708],[3.86387,50.82728],[3.86458,50.8284],[3.86502,50.82831],[3.86565,50.82952],[3.86564,50.82991],[3.86497,50.82999],[3.86556,50.83114]]]}},{"type":"Feature","id":"45064","bbox":[3.577988,50.764814,3.712061,50.830062],"properties":{"nis":"45064","name":"Maarkedal","nameNl":"Maarkedal","nameFr":"Maarkedal","nameDe":"Maarkedal","province":"oost-vlaanderen","region":"flanders","areaKm2":46},"geometry":{"type":"Polygon","coordinates":[[[3.5817,50.79932],[3.58275,50.79884],[3.58189,50.79834],[3.58266,50.7975],[3.58306,50.79692],[3.58183,50.79666],[3.58028,50.79582],[3.58028,50.79552],[3.57906,50.79548],[3.57955,50.79483],[3.5789,50.7945],[3.5792,50.79413],[3.57994,50.79431],[3.58073,50.79434],[3.58136,50.79451],[3.58373,50.79402],[3.5817,50.79256],[3.58148,50.79263],[3.5805,50.7905],[3.58028,50.79041],[3.58117,50.79012],[3.58243,50.78992],[3.58366,50.78993],[3.58426,50.78977],[3.58454,50.78901],[3.58257,50.78785],[3.5818,50.78716],[3.58029,50.78775],[3.57925,50.78764],[3.57865,50.78717],[3.57819,50.78656],[3.57823,50.78585],[3.57872,50.78543],[3.58049,50.7835],[3.57987,50.78338],[3.57998,50.78314],[3.57799,50.78157],[3.57852,50.78119],[3.57936,50.77965],[3.58039,50.77807],[3.58077,50.77688],[3.5819,50.77614],[3.58216,50.77475],[3.58243,50.7745],[3.58311,50.77426],[3.58379,50.77354],[3.58396,50.77235],[3.58437,50.77176],[3.58434,50.77016],[3.58448,50.76921],[3.58508,50.76814],[3.58563,50.76771],[3.58685,50.76705],[3.58721,50.76677],[3.5878,50.76567],[3.58709,50.76481],[3.58845,50.76493],[3.58927,50.76515],[3.59107,50.76594],[3.59201,50.76622],[3.59607,50.76712],[3.59694,50.76727],[3.59848,50.76739],[3.60058,50.76747],[3.60115,50.76745],[3.60352,50.76685],[3.60543,50.7663],[3.6079,50.76608],[3.60906,50.7661],[3.61128,50.76652],[3.61492,50.76669],[3.61768,50.7667],[3.6183,50.76683],[3.62061,50.76767],[3.62143,50.76818],[3.62258,50.76864],[3.62448,50.76756],[3.62544,50.76737],[3.62824,50.7677],[3.62926,50.76747],[3.6306,50.76753],[3.63085,50.76826],[3.63202,50.76937],[3.63325,50.77022],[3.63474,50.77097],[3.63611,50.77111],[3.64079,50.77178],[3.64146,50.77179],[3.64174,50.77138],[3.64269,50.77071],[3.6432,50.77057],[3.64388,50.77071],[3.64463,50.77043],[3.64482,50.76998],[3.64605,50.76945],[3.64699,50.76924],[3.64714,50.76897],[3.64746,50.76977],[3.64841,50.77073],[3.6488,50.77148],[3.65029,50.77248],[3.65146,50.77358],[3.65267,50.77433],[3.65356,50.77464],[3.65456,50.77578],[3.65463,50.77668],[3.65482,50.77741],[3.65451,50.77839],[3.65478,50.77879],[3.65402,50.77954],[3.65432,50.78023],[3.65388,50.78103],[3.65174,50.78112],[3.65324,50.78394],[3.65318,50.78418],[3.65433,50.78419],[3.65434,50.78376],[3.65538,50.78365],[3.6553,50.78327],[3.65482,50.78248],[3.65548,50.78248],[3.6561,50.78218],[3.65721,50.78145],[3.6578,50.7801],[3.65825,50.7794],[3.65857,50.77858],[3.65954,50.77769],[3.66011,50.7774],[3.6609,50.77794],[3.66167,50.77752],[3.66343,50.77625],[3.66213,50.77426],[3.66334,50.77397],[3.66392,50.7736],[3.66415,50.77326],[3.66591,50.77197],[3.66839,50.77065],[3.6686,50.77044],[3.6703,50.7717],[3.67075,50.77137],[3.67217,50.77061],[3.67289,50.77084],[3.67439,50.77019],[3.67449,50.77079],[3.67596,50.77076],[3.67654,50.77109],[3.67751,50.7707],[3.67824,50.77229],[3.68014,50.77131],[3.68128,50.77188],[3.68243,50.77275],[3.68478,50.77098],[3.68556,50.77161],[3.68629,50.77191],[3.68715,50.77253],[3.68812,50.77336],[3.68853,50.77348],[3.68856,50.77412],[3.68874,50.77468],[3.69074,50.77445],[3.69141,50.77431],[3.6922,50.77461],[3.69366,50.7749],[3.69428,50.77485],[3.69491,50.7745],[3.69614,50.77365],[3.69689,50.77341],[3.69718,50.77346],[3.69768,50.7743],[3.69827,50.77469],[3.70142,50.77646],[3.70444,50.77859],[3.70468,50.77885],[3.70559,50.77916],[3.70682,50.77984],[3.71018,50.78187],[3.71163,50.78259],[3.71206,50.78249],[3.71068,50.78472],[3.71045,50.78521],[3.7113,50.78549],[3.70945,50.78657],[3.70821,50.7862],[3.70653,50.78608],[3.70385,50.7857],[3.70355,50.78652],[3.7031,50.78656],[3.70268,50.78702],[3.70536,50.78871],[3.70566,50.78932],[3.70617,50.78959],[3.70744,50.78967],[3.70861,50.79007],[3.70927,50.79016],[3.71028,50.79062],[3.70968,50.79125],[3.70987,50.79134],[3.70893,50.79206],[3.70959,50.79216],[3.70958,50.79312],[3.70981,50.79419],[3.71035,50.79495],[3.70849,50.79536],[3.70774,50.79572],[3.70703,50.79585],[3.70539,50.79575],[3.70473,50.79673],[3.70432,50.79682],[3.70433,50.79721],[3.70494,50.80305],[3.70511,50.80504],[3.70453,50.80533],[3.70366,50.80617],[3.70255,50.80671],[3.70221,50.80733],[3.70125,50.81061],[3.70062,50.81116],[3.70006,50.81118],[3.69917,50.81144],[3.69828,50.81185],[3.69703,50.81097],[3.69632,50.81102],[3.69542,50.81085],[3.69503,50.8106],[3.6945,50.80994],[3.69301,50.81063],[3.69201,50.81089],[3.69112,50.81097],[3.6904,50.81132],[3.68972,50.8113],[3.68802,50.81078],[3.68835,50.81003],[3.68831,50.80909],[3.68952,50.80834],[3.69116,50.80748],[3.69209,50.80685],[3.69324,50.80566],[3.69381,50.80481],[3.6937,50.80379],[3.69416,50.80268],[3.69461,50.8022],[3.69472,50.80144],[3.69441,50.80073],[3.69271,50.80115],[3.69181,50.80154],[3.69107,50.80033],[3.69034,50.79983],[3.68955,50.80009],[3.68819,50.79914],[3.68769,50.7984],[3.68699,50.79862],[3.68413,50.7998],[3.68314,50.80048],[3.68252,50.80129],[3.6838,50.80268],[3.68268,50.80305],[3.68317,50.80357],[3.68561,50.80267],[3.68674,50.80364],[3.68632,50.80377],[3.68733,50.80504],[3.68385,50.80566],[3.68319,50.80488],[3.68411,50.80451],[3.68309,50.80361],[3.68148,50.8043],[3.68018,50.8044],[3.67953,50.80498],[3.67937,50.80533],[3.68032,50.80654],[3.68192,50.80646],[3.68263,50.8068],[3.68326,50.80745],[3.685,50.80944],[3.68425,50.8105],[3.68338,50.8112],[3.68361,50.81146],[3.68161,50.81226],[3.68097,50.81261],[3.68006,50.81261],[3.67917,50.81358],[3.67705,50.8144],[3.67635,50.81474],[3.676,50.81602],[3.67512,50.81632],[3.67347,50.81612],[3.67291,50.81725],[3.67303,50.81748],[3.67493,50.81833],[3.67499,50.81877],[3.6744,50.81923],[3.6744,50.81992],[3.67224,50.82052],[3.67249,50.82152],[3.67191,50.8217],[3.67143,50.82116],[3.67085,50.82133],[3.67096,50.82205],[3.67044,50.82226],[3.66992,50.8228],[3.66971,50.82279],[3.66902,50.82388],[3.66893,50.82449],[3.66798,50.82523],[3.66678,50.8257],[3.66574,50.82593],[3.66506,50.82583],[3.66391,50.82602],[3.66253,50.82708],[3.66257,50.82727],[3.65996,50.82945],[3.65885,50.82975],[3.65534,50.83004],[3.65444,50.82998],[3.64774,50.83006],[3.64778,50.82867],[3.64753,50.82815],[3.64751,50.82694],[3.64639,50.82702],[3.64453,50.827],[3.64273,50.82687],[3.64239,50.82762],[3.64067,50.82743],[3.64054,50.82779],[3.63894,50.82761],[3.63526,50.82841],[3.6344,50.82869],[3.63325,50.82831],[3.63345,50.82728],[3.63017,50.82679],[3.63014,50.82538],[3.63035,50.82335],[3.63037,50.82214],[3.62848,50.81905],[3.62756,50.81915],[3.6277,50.81994],[3.62591,50.82006],[3.62631,50.82122],[3.62675,50.82174],[3.6248,50.82197],[3.62481,50.82144],[3.62403,50.8206],[3.6223,50.81957],[3.62223,50.81992],[3.62191,50.81991],[3.62195,50.82033],[3.62134,50.82056],[3.62147,50.82092],[3.62101,50.821],[3.6211,50.82134],[3.62061,50.82175],[3.6195,50.8222],[3.61964,50.82258],[3.61875,50.8229],[3.61809,50.82286],[3.61764,50.8226],[3.61749,50.82227],[3.61667,50.82248],[3.61575,50.82251],[3.61529,50.82305],[3.61445,50.82371],[3.61336,50.82474],[3.61123,50.8255],[3.60911,50.82404],[3.60713,50.82288],[3.60698,50.82251],[3.60632,50.82201],[3.60404,50.82071],[3.60347,50.82029],[3.60099,50.81908],[3.59899,50.81801],[3.59876,50.81756],[3.59876,50.81661],[3.59746,50.81642],[3.59681,50.81564],[3.59608,50.81504],[3.59733,50.81466],[3.59806,50.81511],[3.59842,50.81444],[3.59804,50.81385],[3.59898,50.81342],[3.59915,50.81311],[3.59888,50.81297],[3.59736,50.81349],[3.59642,50.81284],[3.59916,50.81146],[3.5989,50.81134],[3.59974,50.81092],[3.60126,50.81056],[3.60232,50.80991],[3.60265,50.80954],[3.60193,50.80947],[3.60114,50.80975],[3.60042,50.80961],[3.5969,50.80548],[3.59642,50.80637],[3.59523,50.80613],[3.59537,50.80596],[3.5909,50.80661],[3.59066,50.80628],[3.5907,50.80546],[3.58966,50.80497],[3.58847,50.80511],[3.58844,50.8049],[3.58757,50.8047],[3.58726,50.80485],[3.58621,50.80453],[3.5856,50.80451],[3.58474,50.80366],[3.58443,50.80351],[3.58203,50.80325],[3.58177,50.80331],[3.58009,50.80226],[3.58351,50.80047],[3.5817,50.79932]]]}},{"type":"Feature","id":"45065","bbox":[3.66775,50.833126,3.767365,50.912007],"properties":{"nis":"45065","name":"Zwalm","nameNl":"Zwalm","nameFr":"Zwalm","nameDe":"Zwalm","province":"oost-vlaanderen","region":"flanders","areaKm2":33.71},"geometry":{"type":"Polygon","coordinates":[[[3.7633,50.84524],[3.76285,50.84552],[3.76243,50.84627],[3.76203,50.84618],[3.76194,50.84689],[3.7624,50.84685],[3.76282,50.84729],[3.76243,50.84765],[3.76199,50.8475],[3.76183,50.84772],[3.76267,50.8482],[3.76255,50.8486],[3.76301,50.84898],[3.76256,50.84931],[3.76269,50.84972],[3.7623,50.85057],[3.76291,50.85099],[3.76303,50.85138],[3.76346,50.85156],[3.76348,50.85271],[3.76439,50.85259],[3.76557,50.85352],[3.76588,50.85356],[3.76628,50.85441],[3.76663,50.85484],[3.76708,50.85661],[3.76711,50.85735],[3.76736,50.85818],[3.76702,50.8587],[3.7666,50.86007],[3.76651,50.86069],[3.76677,50.86066],[3.76605,50.8625],[3.76617,50.86259],[3.76521,50.86359],[3.7651,50.86409],[3.7646,50.86466],[3.7643,50.86544],[3.76394,50.86601],[3.76414,50.86634],[3.76342,50.86681],[3.76331,50.86762],[3.76301,50.86775],[3.7627,50.86852],[3.76175,50.86907],[3.76067,50.86988],[3.7594,50.87014],[3.75797,50.87099],[3.75721,50.87155],[3.7565,50.87234],[3.75586,50.87288],[3.7553,50.87305],[3.75485,50.87344],[3.7536,50.87425],[3.75174,50.87497],[3.75087,50.87517],[3.75006,50.8755],[3.75165,50.87579],[3.75204,50.87612],[3.75221,50.87654],[3.75256,50.87667],[3.75252,50.87738],[3.75313,50.87781],[3.75263,50.87825],[3.75285,50.87921],[3.75314,50.87942],[3.75302,50.8797],[3.75348,50.87989],[3.75427,50.88057],[3.75566,50.88192],[3.7563,50.88208],[3.75679,50.88287],[3.75631,50.88325],[3.75723,50.88352],[3.75839,50.88374],[3.75822,50.88443],[3.75887,50.88495],[3.75869,50.885],[3.7586,50.88565],[3.75779,50.88617],[3.75803,50.88663],[3.75801,50.88755],[3.75851,50.88765],[3.7585,50.88797],[3.75885,50.88817],[3.75964,50.88894],[3.7595,50.8891],[3.75995,50.8894],[3.75959,50.88963],[3.75998,50.89001],[3.75958,50.89035],[3.75995,50.8904],[3.75877,50.89164],[3.75721,50.8926],[3.75685,50.89235],[3.75323,50.89396],[3.75408,50.89492],[3.74968,50.89747],[3.75038,50.89795],[3.75016,50.89849],[3.74924,50.89835],[3.74837,50.89917],[3.7503,50.9001],[3.7503,50.90045],[3.75153,50.90093],[3.75229,50.90093],[3.75087,50.90277],[3.75106,50.90465],[3.74925,50.90694],[3.74751,50.90669],[3.74686,50.90758],[3.74699,50.90793],[3.74608,50.9079],[3.74527,50.90816],[3.74484,50.9079],[3.74431,50.90809],[3.74368,50.90806],[3.74347,50.90826],[3.7429,50.90821],[3.74203,50.90778],[3.74049,50.90729],[3.73997,50.90736],[3.73851,50.90666],[3.7379,50.90654],[3.73642,50.90589],[3.73614,50.9057],[3.73436,50.90537],[3.73391,50.90492],[3.7302,50.90333],[3.72954,50.90311],[3.72964,50.90294],[3.72912,50.90254],[3.72794,50.90237],[3.72727,50.90424],[3.72714,50.90421],[3.72681,50.90522],[3.72749,50.90536],[3.72692,50.90673],[3.72651,50.9067],[3.72617,50.90759],[3.72845,50.90807],[3.72782,50.90883],[3.72743,50.90947],[3.7263,50.91071],[3.72555,50.91193],[3.72263,50.91098],[3.72141,50.91201],[3.72034,50.91138],[3.71998,50.91165],[3.71933,50.9112],[3.71914,50.9109],[3.71733,50.91033],[3.71656,50.9113],[3.7141,50.91106],[3.71278,50.91114],[3.70857,50.90974],[3.70677,50.90905],[3.70585,50.90995],[3.70472,50.90999],[3.70184,50.91172],[3.70042,50.91093],[3.70011,50.91114],[3.69855,50.91064],[3.69795,50.91098],[3.69629,50.91005],[3.69563,50.91013],[3.69479,50.90943],[3.69404,50.91062],[3.69299,50.91042],[3.69136,50.9104],[3.69182,50.9089],[3.69269,50.90868],[3.69324,50.90795],[3.69391,50.90735],[3.69438,50.90719],[3.69324,50.90673],[3.69346,50.90647],[3.69141,50.90545],[3.69043,50.9052],[3.68901,50.90499],[3.68864,50.90602],[3.68838,50.90717],[3.68797,50.9077],[3.68753,50.90797],[3.68701,50.90806],[3.68557,50.90784],[3.68602,50.90696],[3.6866,50.90517],[3.68666,50.90408],[3.68662,50.90281],[3.68627,50.90132],[3.68554,50.89982],[3.68442,50.89814],[3.68387,50.89751],[3.68155,50.8946],[3.68048,50.89364],[3.67911,50.89259],[3.67814,50.89208],[3.67447,50.89086],[3.67229,50.89054],[3.67013,50.89006],[3.66775,50.88937],[3.66833,50.88872],[3.66955,50.88852],[3.67005,50.88875],[3.67055,50.88836],[3.67045,50.88898],[3.67082,50.88904],[3.67222,50.88898],[3.67319,50.88943],[3.67498,50.88942],[3.67551,50.88886],[3.6764,50.88883],[3.6766,50.88852],[3.67716,50.88878],[3.67822,50.88889],[3.68034,50.88891],[3.68126,50.88798],[3.6809,50.88769],[3.68109,50.88703],[3.68249,50.88656],[3.68339,50.884],[3.68203,50.88358],[3.68158,50.88259],[3.68281,50.88028],[3.684,50.87935],[3.68461,50.87944],[3.68861,50.88093],[3.69022,50.87826],[3.69056,50.87789],[3.68987,50.87698],[3.68985,50.87664],[3.68948,50.87655],[3.69019,50.87557],[3.68919,50.87469],[3.68941,50.87435],[3.69132,50.87325],[3.69274,50.87253],[3.69295,50.87232],[3.69217,50.87174],[3.69343,50.87108],[3.69365,50.87036],[3.69406,50.87018],[3.69402,50.86869],[3.6943,50.8685],[3.69423,50.86744],[3.6944,50.86671],[3.69494,50.86549],[3.69535,50.86537],[3.69576,50.86484],[3.69577,50.86428],[3.69557,50.86412],[3.69605,50.86381],[3.69661,50.86316],[3.69702,50.86315],[3.69709,50.86273],[3.6975,50.86282],[3.69747,50.86226],[3.69768,50.86165],[3.69697,50.86109],[3.69732,50.86053],[3.69777,50.86036],[3.69782,50.85965],[3.6984,50.85938],[3.69913,50.85851],[3.70014,50.85825],[3.70197,50.85707],[3.70265,50.85646],[3.70334,50.85561],[3.70417,50.8548],[3.70657,50.85396],[3.7081,50.85364],[3.70792,50.85293],[3.70865,50.85212],[3.70956,50.85173],[3.71015,50.8512],[3.71051,50.85127],[3.71092,50.851],[3.71055,50.85056],[3.70979,50.85021],[3.7098,50.84999],[3.71088,50.84931],[3.71218,50.84863],[3.71311,50.84851],[3.71342,50.84863],[3.71428,50.84849],[3.7149,50.84769],[3.71543,50.8474],[3.71484,50.84674],[3.71443,50.84446],[3.71462,50.84299],[3.71432,50.84212],[3.71441,50.84165],[3.7149,50.84119],[3.71534,50.84049],[3.71592,50.84013],[3.71601,50.83942],[3.71545,50.83893],[3.7151,50.83826],[3.71455,50.83782],[3.71442,50.83749],[3.71394,50.83748],[3.7139,50.83706],[3.71349,50.83676],[3.71394,50.83541],[3.7144,50.83496],[3.71418,50.83489],[3.71408,50.83426],[3.71439,50.83413],[3.71415,50.83382],[3.71525,50.83384],[3.7166,50.83339],[3.71702,50.83313],[3.71794,50.83381],[3.71836,50.83507],[3.71983,50.8347],[3.71991,50.83488],[3.72068,50.83471],[3.72134,50.83543],[3.72075,50.83558],[3.72116,50.83651],[3.7209,50.83687],[3.71934,50.83798],[3.71936,50.83838],[3.71853,50.8387],[3.72056,50.83894],[3.72106,50.8391],[3.72092,50.83962],[3.72065,50.83986],[3.72263,50.84026],[3.7242,50.84067],[3.72495,50.84107],[3.72678,50.84137],[3.7278,50.84079],[3.72947,50.8417],[3.73077,50.84221],[3.7311,50.84163],[3.73328,50.84192],[3.73334,50.84299],[3.73377,50.843],[3.73558,50.84355],[3.73727,50.84643],[3.7393,50.84566],[3.73913,50.84546],[3.7403,50.84506],[3.74021,50.84496],[3.74123,50.8445],[3.74279,50.84402],[3.74311,50.84374],[3.74476,50.84353],[3.74521,50.84444],[3.74562,50.84497],[3.747,50.84615],[3.74782,50.8463],[3.74824,50.84654],[3.75021,50.84691],[3.75057,50.84637],[3.75221,50.84668],[3.75701,50.84727],[3.75721,50.84672],[3.7602,50.84676],[3.75998,50.84615],[3.7608,50.8448],[3.76221,50.84513],[3.7633,50.84524]]]}},{"type":"Feature","id":"45068","bbox":[3.46673,50.869815,3.686662,50.953074],"properties":{"nis":"45068","name":"Kruisem","nameNl":"Kruisem","nameFr":"Kruisem","nameDe":"Kruisem","province":"oost-vlaanderen","region":"flanders","areaKm2":71.34},"geometry":{"type":"Polygon","coordinates":[[[3.54183,50.9528],[3.54143,50.95307],[3.54035,50.95142],[3.53952,50.95165],[3.53756,50.94973],[3.53763,50.94896],[3.53715,50.94888],[3.53682,50.94829],[3.53443,50.948],[3.53151,50.94793],[3.52896,50.94827],[3.52664,50.94772],[3.51969,50.94632],[3.51946,50.94654],[3.51738,50.9451],[3.51766,50.94502],[3.51566,50.94277],[3.51237,50.93965],[3.51142,50.93887],[3.5119,50.93873],[3.50912,50.93557],[3.50658,50.93425],[3.50632,50.93452],[3.50457,50.93382],[3.50331,50.93159],[3.50113,50.92907],[3.49998,50.92843],[3.497,50.92698],[3.49494,50.92552],[3.49277,50.9232],[3.48952,50.91863],[3.48905,50.91836],[3.48592,50.91501],[3.48425,50.91345],[3.48194,50.91219],[3.48037,50.9111],[3.4788,50.90965],[3.47772,50.90975],[3.47667,50.90809],[3.47584,50.90728],[3.474,50.90608],[3.47324,50.90531],[3.47288,50.90537],[3.46984,50.90535],[3.46884,50.90507],[3.46824,50.9039],[3.46673,50.90207],[3.46792,50.90115],[3.4688,50.90056],[3.46963,50.90012],[3.47105,50.89993],[3.47081,50.89978],[3.47084,50.89915],[3.47112,50.89828],[3.47109,50.8979],[3.47249,50.89706],[3.4735,50.89671],[3.47394,50.89644],[3.47648,50.89569],[3.47396,50.89453],[3.47507,50.89393],[3.47162,50.89056],[3.47053,50.88939],[3.47297,50.88682],[3.47402,50.88553],[3.4747,50.88284],[3.47351,50.88216],[3.47241,50.88073],[3.47138,50.87885],[3.47094,50.87828],[3.47195,50.87837],[3.47197,50.87714],[3.47292,50.87737],[3.47503,50.87747],[3.47499,50.87732],[3.47775,50.87725],[3.47778,50.8778],[3.48355,50.87743],[3.48495,50.87742],[3.48573,50.87807],[3.48624,50.87893],[3.4863,50.87945],[3.48733,50.87999],[3.48787,50.87994],[3.48873,50.88009],[3.48955,50.87897],[3.48978,50.87879],[3.49052,50.87897],[3.49106,50.87882],[3.49181,50.87814],[3.49131,50.87786],[3.49086,50.87738],[3.49096,50.87687],[3.49125,50.87641],[3.492,50.87591],[3.49275,50.8752],[3.49452,50.8755],[3.4966,50.87391],[3.49711,50.87433],[3.49823,50.87405],[3.49755,50.87354],[3.49802,50.87324],[3.49757,50.87291],[3.4984,50.87253],[3.49884,50.87245],[3.49971,50.87289],[3.50012,50.87274],[3.50009,50.87196],[3.50073,50.8713],[3.50081,50.87043],[3.50154,50.86982],[3.50278,50.86997],[3.50362,50.87038],[3.50473,50.87047],[3.50513,50.87069],[3.50532,50.87105],[3.50443,50.87175],[3.50475,50.87177],[3.50551,50.87256],[3.50746,50.87294],[3.50713,50.87314],[3.50838,50.87367],[3.50883,50.87356],[3.50931,50.87368],[3.51142,50.87361],[3.51357,50.87395],[3.51429,50.8739],[3.51586,50.87398],[3.51735,50.8739],[3.51889,50.87367],[3.52019,50.87384],[3.52047,50.87374],[3.52214,50.87386],[3.52467,50.87554],[3.52594,50.87579],[3.52709,50.87625],[3.52767,50.87639],[3.5289,50.87575],[3.53046,50.87522],[3.53074,50.8753],[3.53081,50.87579],[3.53121,50.87677],[3.5318,50.87733],[3.53238,50.87747],[3.52874,50.8813],[3.52837,50.88146],[3.52951,50.88531],[3.53015,50.88596],[3.53098,50.8865],[3.53185,50.8864],[3.53252,50.88672],[3.53359,50.88645],[3.53431,50.88611],[3.53533,50.88585],[3.53545,50.88566],[3.53678,50.88467],[3.53773,50.88372],[3.53918,50.88307],[3.53979,50.88249],[3.54234,50.88136],[3.5427,50.881],[3.54286,50.88034],[3.54315,50.88002],[3.54323,50.87948],[3.54557,50.87964],[3.54734,50.87994],[3.54864,50.87995],[3.55372,50.88084],[3.5549,50.88111],[3.55606,50.8817],[3.5559,50.88208],[3.55694,50.88249],[3.55756,50.88243],[3.5585,50.88277],[3.55865,50.88316],[3.56001,50.88373],[3.56037,50.88363],[3.56093,50.88399],[3.5615,50.88369],[3.56171,50.88379],[3.56244,50.88363],[3.5639,50.88381],[3.56485,50.88238],[3.56627,50.88279],[3.56677,50.88178],[3.56961,50.87831],[3.57123,50.87844],[3.57394,50.8794],[3.57575,50.88023],[3.57769,50.88074],[3.57957,50.88155],[3.58043,50.88216],[3.58171,50.88276],[3.58329,50.88327],[3.58592,50.88434],[3.58951,50.88549],[3.59217,50.8863],[3.59228,50.88713],[3.59331,50.88837],[3.59404,50.8889],[3.59522,50.88945],[3.59658,50.88977],[3.59732,50.88966],[3.59796,50.88987],[3.59779,50.8902],[3.59669,50.8915],[3.59678,50.89175],[3.59485,50.89386],[3.59647,50.89445],[3.59507,50.89559],[3.59764,50.89651],[3.59893,50.89673],[3.60028,50.89685],[3.60159,50.89709],[3.60179,50.89721],[3.60267,50.89705],[3.60384,50.89736],[3.60383,50.89686],[3.60581,50.89676],[3.60691,50.89653],[3.6081,50.89659],[3.60918,50.89676],[3.60929,50.89697],[3.61004,50.89689],[3.61177,50.8971],[3.61339,50.89753],[3.61478,50.89815],[3.61697,50.89854],[3.61698,50.89877],[3.6175,50.89925],[3.61883,50.8999],[3.61964,50.9001],[3.62047,50.90072],[3.62129,50.90089],[3.62224,50.90049],[3.62428,50.90034],[3.6272,50.90078],[3.6278,50.901],[3.62793,50.9014],[3.6288,50.9023],[3.62948,50.90264],[3.62853,50.90352],[3.63111,50.90389],[3.63168,50.90324],[3.63094,50.90292],[3.63137,50.90245],[3.63143,50.9021],[3.6313,50.90114],[3.63026,50.90036],[3.63067,50.90032],[3.63258,50.89978],[3.63268,50.89987],[3.6339,50.89971],[3.635,50.89948],[3.63657,50.89827],[3.63812,50.89837],[3.63901,50.89835],[3.64032,50.89781],[3.63963,50.8969],[3.64122,50.89629],[3.64265,50.89602],[3.64297,50.89627],[3.64336,50.89623],[3.64325,50.89596],[3.64569,50.89519],[3.6445,50.89382],[3.64462,50.89338],[3.64441,50.89316],[3.6434,50.89261],[3.64224,50.89184],[3.64223,50.89136],[3.64363,50.89003],[3.64271,50.88873],[3.64489,50.88828],[3.64618,50.88843],[3.6476,50.88807],[3.64866,50.88787],[3.64864,50.88729],[3.651,50.88627],[3.65237,50.88647],[3.65995,50.88642],[3.66246,50.88718],[3.6641,50.8874],[3.66631,50.88807],[3.66726,50.88905],[3.66775,50.88937],[3.67013,50.89006],[3.67229,50.89054],[3.67447,50.89086],[3.67814,50.89208],[3.67911,50.89259],[3.68048,50.89364],[3.68155,50.8946],[3.68387,50.89751],[3.68442,50.89814],[3.68554,50.89982],[3.68627,50.90132],[3.68662,50.90281],[3.68666,50.90408],[3.6866,50.90517],[3.68602,50.90696],[3.68557,50.90784],[3.68414,50.9098],[3.6829,50.91098],[3.68143,50.91196],[3.67966,50.91283],[3.67766,50.91341],[3.67309,50.9145],[3.67176,50.91377],[3.6724,50.91335],[3.67058,50.91265],[3.66986,50.91338],[3.66774,50.91276],[3.66782,50.9127],[3.66513,50.91181],[3.66528,50.91162],[3.66304,50.91083],[3.66343,50.91049],[3.66202,50.91046],[3.66203,50.90983],[3.66131,50.90985],[3.66125,50.90934],[3.6587,50.9091],[3.65835,50.90915],[3.65601,50.90905],[3.65533,50.90914],[3.65514,50.90881],[3.65432,50.90892],[3.65423,50.90853],[3.65256,50.90883],[3.6521,50.90858],[3.6517,50.90891],[3.65003,50.90801],[3.64892,50.909],[3.64839,50.90852],[3.64752,50.90883],[3.64762,50.90893],[3.64654,50.90925],[3.6465,50.90905],[3.64599,50.90929],[3.64512,50.90912],[3.6442,50.90962],[3.64151,50.91184],[3.64095,50.91318],[3.64153,50.91399],[3.64134,50.91522],[3.64182,50.91618],[3.64034,50.91652],[3.63926,50.91683],[3.63677,50.9172],[3.63163,50.91832],[3.62948,50.91885],[3.62752,50.91939],[3.62486,50.91985],[3.62398,50.92012],[3.62476,50.92142],[3.62518,50.9231],[3.62629,50.92424],[3.62849,50.92405],[3.6315,50.92357],[3.63231,50.92488],[3.63114,50.92573],[3.62868,50.92688],[3.62726,50.92797],[3.62656,50.9284],[3.6263,50.92866],[3.62507,50.92929],[3.62335,50.92988],[3.62232,50.9304],[3.62057,50.93097],[3.61973,50.93146],[3.6169,50.93272],[3.61524,50.93337],[3.61367,50.93419],[3.61064,50.93525],[3.60652,50.93652],[3.60443,50.93737],[3.59803,50.94007],[3.59782,50.94018],[3.59452,50.93872],[3.59277,50.93725],[3.59097,50.93556],[3.58997,50.93454],[3.58945,50.93378],[3.58865,50.93284],[3.58814,50.93177],[3.58592,50.932],[3.58463,50.93185],[3.58293,50.93485],[3.58173,50.93441],[3.58121,50.93513],[3.57966,50.93473],[3.57942,50.93398],[3.57895,50.93364],[3.57495,50.93351],[3.5749,50.93371],[3.57348,50.93364],[3.57181,50.9347],[3.57032,50.93587],[3.56863,50.93525],[3.56772,50.93517],[3.56314,50.93566],[3.56157,50.93633],[3.56017,50.93654],[3.55832,50.93713],[3.55606,50.93762],[3.55478,50.93801],[3.55372,50.93844],[3.55228,50.93808],[3.55161,50.93912],[3.54922,50.94088],[3.54693,50.94053],[3.54601,50.94161],[3.54593,50.94158],[3.54268,50.94519],[3.54121,50.94548],[3.53855,50.94583],[3.53892,50.94667],[3.5414,50.95046],[3.54171,50.95275],[3.54183,50.9528]]]}},{"type":"Feature","id":"46020","bbox":[4.059117,51.17543,4.166633,51.29282],"properties":{"nis":"46020","name":"Sint-Gillis-Waas","nameNl":"Sint-Gillis-Waas","nameFr":"Saint-Gilles-Waes","nameDe":"Sint-Gillis-Waas","province":"oost-vlaanderen","region":"flanders","areaKm2":55.26},"geometry":{"type":"Polygon","coordinates":[[[4.07072,51.24994],[4.07254,51.2457],[4.07482,51.2444],[4.07766,51.24207],[4.079,51.24103],[4.07914,51.2408],[4.07815,51.24029],[4.08094,51.23681],[4.08106,51.2365],[4.08194,51.23558],[4.08444,51.23281],[4.08494,51.232],[4.08208,51.23146],[4.0808,51.23143],[4.07965,51.23171],[4.07875,51.23174],[4.07807,51.23155],[4.07763,51.23111],[4.07726,51.23034],[4.07662,51.22998],[4.07551,51.22959],[4.07408,51.22882],[4.07267,51.22831],[4.07279,51.22665],[4.07413,51.22456],[4.07332,51.2243],[4.07441,51.22325],[4.07575,51.22224],[4.07763,51.21966],[4.08037,51.22046],[4.08286,51.22126],[4.08293,51.22085],[4.08353,51.21978],[4.08521,51.21713],[4.08656,51.21455],[4.08642,51.21448],[4.0873,51.21374],[4.08685,51.2134],[4.09351,51.21193],[4.09313,51.21075],[4.09241,51.21088],[4.09207,51.21007],[4.09153,51.20956],[4.09242,51.20932],[4.09065,51.20793],[4.0915,51.20765],[4.09281,51.20592],[4.08929,51.20477],[4.08861,51.20467],[4.08786,51.20498],[4.087,51.20555],[4.08568,51.20545],[4.08391,51.20518],[4.08314,51.20525],[4.08255,51.20566],[4.08185,51.20562],[4.07822,51.20454],[4.07621,51.20505],[4.07194,51.20195],[4.07146,51.20153],[4.0705,51.19972],[4.06919,51.19781],[4.06921,51.19507],[4.06916,51.19445],[4.06966,51.19341],[4.06963,51.19297],[4.06613,51.19018],[4.06516,51.18974],[4.06382,51.18898],[4.06229,51.18679],[4.06176,51.18578],[4.06123,51.18498],[4.05985,51.18422],[4.05912,51.18396],[4.05974,51.18345],[4.06101,51.1829],[4.06427,51.18196],[4.0661,51.1811],[4.0678,51.18047],[4.07421,51.17848],[4.07547,51.17805],[4.07682,51.17774],[4.07848,51.17748],[4.08009,51.17714],[4.08178,51.17665],[4.08433,51.17578],[4.08586,51.17543],[4.086,51.17588],[4.08648,51.17636],[4.08747,51.17844],[4.08837,51.18077],[4.09255,51.18062],[4.09338,51.18087],[4.09861,51.18063],[4.10038,51.18022],[4.10033,51.18006],[4.10173,51.17981],[4.10422,51.17971],[4.10804,51.1797],[4.11048,51.17966],[4.11193,51.17978],[4.11159,51.18064],[4.11227,51.18073],[4.11189,51.18165],[4.11298,51.18176],[4.11275,51.1835],[4.11221,51.1852],[4.11375,51.18537],[4.11321,51.18769],[4.11447,51.18771],[4.11444,51.18867],[4.11507,51.18858],[4.11529,51.18996],[4.11497,51.18996],[4.11489,51.1905],[4.1156,51.19055],[4.11566,51.19109],[4.11726,51.19113],[4.11734,51.19101],[4.12843,51.19003],[4.13205,51.19092],[4.1338,51.19119],[4.1378,51.19129],[4.14528,51.19479],[4.14925,51.19696],[4.15182,51.19856],[4.15726,51.20136],[4.16064,51.20271],[4.1601,51.20545],[4.15673,51.21151],[4.15249,51.21369],[4.15328,51.21453],[4.15364,51.21535],[4.15456,51.21874],[4.15479,51.21911],[4.15543,51.21968],[4.15764,51.22117],[4.15833,51.22193],[4.15938,51.2256],[4.15976,51.22628],[4.16027,51.22666],[4.16088,51.22746],[4.16165,51.22793],[4.16203,51.22842],[4.16185,51.2293],[4.16456,51.2297],[4.16662,51.22988],[4.1666,51.2304],[4.16593,51.23148],[4.16571,51.23205],[4.16456,51.23316],[4.16458,51.23438],[4.16413,51.23546],[4.16074,51.24243],[4.1605,51.2431],[4.16041,51.24413],[4.16069,51.24512],[4.16024,51.24612],[4.15921,51.24768],[4.15684,51.25098],[4.1585,51.25525],[4.16118,51.26225],[4.16209,51.26531],[4.16264,51.2742],[4.16275,51.27562],[4.16293,51.2789],[4.16313,51.28151],[4.16333,51.28561],[4.16342,51.28702],[4.16582,51.29213],[4.1662,51.29265],[4.16596,51.29282],[4.16327,51.29172],[4.15977,51.29022],[4.12648,51.27517],[4.0976,51.26211],[4.09328,51.26015],[4.09262,51.26018],[4.0925,51.25971],[4.09107,51.2599],[4.09114,51.25916],[4.09028,51.25922],[4.09013,51.25876],[4.08976,51.25879],[4.08948,51.25846],[4.08793,51.25778],[4.08702,51.25766],[4.08683,51.25729],[4.0786,51.2536],[4.07822,51.25307],[4.07641,51.25224],[4.07442,51.25162],[4.07063,51.25074],[4.07142,51.25024],[4.07072,51.24994]]]}},{"type":"Feature","id":"46021","bbox":[3.985326,51.129591,4.221696,51.207806],"properties":{"nis":"46021","name":"Sint-Niklaas","nameNl":"Sint-Niklaas","nameFr":"Saint-Nicolas-Waes","nameDe":"Sint-Niklaas","province":"oost-vlaanderen","region":"flanders","areaKm2":83.99},"geometry":{"type":"Polygon","coordinates":[[[4.16064,51.20271],[4.15726,51.20136],[4.15182,51.19856],[4.14925,51.19696],[4.14528,51.19479],[4.1378,51.19129],[4.1338,51.19119],[4.13205,51.19092],[4.12843,51.19003],[4.11734,51.19101],[4.11726,51.19113],[4.11566,51.19109],[4.1156,51.19055],[4.11489,51.1905],[4.11497,51.18996],[4.11529,51.18996],[4.11507,51.18858],[4.11444,51.18867],[4.11447,51.18771],[4.11321,51.18769],[4.11375,51.18537],[4.11221,51.1852],[4.11275,51.1835],[4.11298,51.18176],[4.11189,51.18165],[4.11227,51.18073],[4.11159,51.18064],[4.11193,51.17978],[4.11048,51.17966],[4.10804,51.1797],[4.10422,51.17971],[4.10173,51.17981],[4.10033,51.18006],[4.10038,51.18022],[4.09861,51.18063],[4.09338,51.18087],[4.09255,51.18062],[4.08837,51.18077],[4.08747,51.17844],[4.08648,51.17636],[4.086,51.17588],[4.08586,51.17543],[4.08433,51.17578],[4.08178,51.17665],[4.08009,51.17714],[4.07848,51.17748],[4.07682,51.17774],[4.07547,51.17805],[4.07421,51.17848],[4.0678,51.18047],[4.0661,51.1811],[4.06427,51.18196],[4.06101,51.1829],[4.05974,51.18345],[4.05912,51.18396],[4.05856,51.18435],[4.05776,51.1846],[4.05527,51.18515],[4.05377,51.18615],[4.05308,51.18638],[4.05004,51.18691],[4.04838,51.18689],[4.04666,51.1871],[4.04265,51.18775],[4.0395,51.18888],[4.03849,51.18949],[4.0363,51.1916],[4.03414,51.1898],[4.03193,51.18764],[4.02994,51.18629],[4.02525,51.18427],[4.02314,51.1834],[4.01699,51.18058],[4.01129,51.17807],[4.00854,51.1768],[4.00223,51.17396],[3.99932,51.17273],[3.99752,51.17179],[3.99684,51.17119],[3.99607,51.17079],[3.99198,51.16888],[3.99203,51.1686],[3.99369,51.16496],[3.99392,51.16436],[3.99466,51.16372],[3.99823,51.16109],[3.9998,51.15998],[4.00094,51.15869],[4.00103,51.15842],[3.99996,51.15771],[4.00047,51.15689],[4.00055,51.15647],[3.99996,51.15582],[3.99979,51.15523],[3.99858,51.15453],[3.99787,51.15443],[3.99553,51.15392],[3.99256,51.15267],[3.99178,51.15215],[3.99125,51.15201],[3.99021,51.15201],[3.98893,51.15249],[3.98818,51.15241],[3.98781,51.15217],[3.9876,51.15155],[3.98771,51.15113],[3.98759,51.15009],[3.9874,51.14983],[3.98645,51.14921],[3.98634,51.14879],[3.98583,51.14845],[3.98533,51.14773],[3.98649,51.14587],[3.98909,51.14518],[3.99156,51.14385],[3.9916,51.14375],[3.99381,51.14249],[3.99535,51.1419],[3.9973,51.1409],[4.00196,51.13885],[4.00942,51.13602],[4.01101,51.13543],[4.01227,51.13416],[4.01591,51.13566],[4.01984,51.13736],[4.0226,51.13853],[4.03809,51.13858],[4.03861,51.13849],[4.03923,51.13693],[4.04093,51.13722],[4.04159,51.13726],[4.04356,51.13679],[4.04552,51.13657],[4.04661,51.13634],[4.04718,51.13607],[4.04857,51.13581],[4.04906,51.13635],[4.04968,51.13666],[4.05108,51.13766],[4.05444,51.13975],[4.05506,51.1401],[4.05682,51.1409],[4.05887,51.14191],[4.06227,51.14307],[4.0626,51.14306],[4.06412,51.14272],[4.06474,51.1428],[4.06546,51.14266],[4.06629,51.14286],[4.06724,51.14323],[4.06749,51.14312],[4.06783,51.14229],[4.06817,51.14093],[4.06844,51.14029],[4.06978,51.13872],[4.06978,51.13853],[4.07184,51.13738],[4.07401,51.13578],[4.07505,51.13517],[4.07762,51.13352],[4.07789,51.13293],[4.07776,51.1321],[4.07802,51.13166],[4.07917,51.13058],[4.0797,51.13024],[4.08066,51.13042],[4.08163,51.13003],[4.08272,51.12997],[4.08341,51.13005],[4.08636,51.12996],[4.08734,51.13011],[4.09002,51.13039],[4.09312,51.13042],[4.09498,51.13054],[4.09653,51.13052],[4.09703,51.13115],[4.09885,51.13134],[4.10205,51.13157],[4.10259,51.13173],[4.1028,51.13205],[4.10278,51.13296],[4.10295,51.13427],[4.10319,51.13501],[4.10433,51.13498],[4.10426,51.13564],[4.1056,51.13604],[4.10502,51.13724],[4.10689,51.13737],[4.10789,51.13701],[4.10853,51.13706],[4.10822,51.13864],[4.10887,51.13883],[4.10836,51.14003],[4.11267,51.14062],[4.11454,51.14055],[4.11579,51.14117],[4.11678,51.14175],[4.11746,51.14329],[4.11817,51.14458],[4.11893,51.14629],[4.11901,51.14574],[4.11898,51.14449],[4.11917,51.14355],[4.11967,51.1425],[4.1204,51.14154],[4.12331,51.13922],[4.12529,51.13844],[4.12618,51.13762],[4.12817,51.13665],[4.12932,51.13545],[4.13074,51.13284],[4.13136,51.13048],[4.1317,51.12959],[4.13285,51.12985],[4.13851,51.13067],[4.14332,51.13179],[4.14836,51.13301],[4.15118,51.13393],[4.15488,51.13564],[4.15845,51.13678],[4.16121,51.13804],[4.16163,51.13858],[4.16597,51.13935],[4.16667,51.13921],[4.16826,51.13846],[4.16874,51.13831],[4.1699,51.13826],[4.17104,51.13846],[4.17183,51.13849],[4.1742,51.13768],[4.17489,51.138],[4.17436,51.13896],[4.1745,51.14027],[4.1747,51.14073],[4.1757,51.1412],[4.17728,51.14156],[4.17722,51.14186],[4.1825,51.14298],[4.18458,51.14349],[4.18754,51.14435],[4.19035,51.14527],[4.19069,51.14868],[4.19051,51.14974],[4.1918,51.1526],[4.19124,51.15312],[4.19168,51.15655],[4.19174,51.1573],[4.19085,51.15992],[4.19448,51.16093],[4.19487,51.1604],[4.19645,51.16092],[4.19663,51.16071],[4.19837,51.16136],[4.19908,51.16123],[4.19961,51.16128],[4.20002,51.16162],[4.20107,51.16274],[4.20227,51.16354],[4.20341,51.16421],[4.20388,51.16466],[4.20466,51.16498],[4.20576,51.16525],[4.207,51.16535],[4.20726,51.16481],[4.20754,51.16468],[4.20937,51.16513],[4.20987,51.16502],[4.21096,51.16517],[4.21261,51.16612],[4.21265,51.16645],[4.21131,51.17017],[4.21349,51.17101],[4.21423,51.17152],[4.21511,51.17229],[4.21707,51.17322],[4.22098,51.17491],[4.2217,51.17545],[4.21436,51.17518],[4.21276,51.17539],[4.21074,51.17541],[4.205,51.17481],[4.20548,51.17667],[4.20643,51.17894],[4.20639,51.17942],[4.20561,51.18062],[4.20553,51.18191],[4.20628,51.18193],[4.20638,51.18208],[4.20784,51.18219],[4.20834,51.18235],[4.2094,51.18288],[4.20942,51.18315],[4.211,51.18378],[4.21074,51.1846],[4.21056,51.18462],[4.2101,51.18542],[4.21032,51.18546],[4.21023,51.18755],[4.21174,51.18758],[4.21162,51.18778],[4.21363,51.18886],[4.2141,51.18869],[4.21614,51.18916],[4.21554,51.18999],[4.21294,51.18944],[4.212,51.18906],[4.21174,51.18932],[4.21232,51.18978],[4.21156,51.19052],[4.20962,51.18981],[4.20793,51.18971],[4.20725,51.18987],[4.20631,51.1906],[4.20598,51.19047],[4.20532,51.19071],[4.20585,51.19178],[4.20638,51.19345],[4.20836,51.1941],[4.20789,51.19573],[4.20736,51.19723],[4.20707,51.19755],[4.20501,51.19806],[4.20475,51.19874],[4.20515,51.19902],[4.20421,51.2005],[4.20407,51.20085],[4.20326,51.20217],[4.20204,51.20437],[4.20177,51.20463],[4.20069,51.20377],[4.19745,51.2048],[4.19602,51.20547],[4.19329,51.20643],[4.19226,51.20672],[4.18864,51.20736],[4.18308,51.2078],[4.18077,51.2078],[4.17698,51.20729],[4.1733,51.20724],[4.1711,51.20734],[4.16847,51.20737],[4.16827,51.20479],[4.16802,51.20479],[4.16645,51.20431],[4.16255,51.20346],[4.16258,51.20318],[4.16064,51.20271]]]}},{"type":"Feature","id":"46024","bbox":[3.971123,51.168883,4.093509,51.249939],"properties":{"nis":"46024","name":"Stekene","nameNl":"Stekene","nameFr":"Stekene","nameDe":"Stekene","province":"oost-vlaanderen","region":"flanders","areaKm2":45.09},"geometry":{"type":"Polygon","coordinates":[[[4.05912,51.18396],[4.05985,51.18422],[4.06123,51.18498],[4.06176,51.18578],[4.06229,51.18679],[4.06382,51.18898],[4.06516,51.18974],[4.06613,51.19018],[4.06963,51.19297],[4.06966,51.19341],[4.06916,51.19445],[4.06921,51.19507],[4.06919,51.19781],[4.0705,51.19972],[4.07146,51.20153],[4.07194,51.20195],[4.07621,51.20505],[4.07822,51.20454],[4.08185,51.20562],[4.08255,51.20566],[4.08314,51.20525],[4.08391,51.20518],[4.08568,51.20545],[4.087,51.20555],[4.08786,51.20498],[4.08861,51.20467],[4.08929,51.20477],[4.09281,51.20592],[4.0915,51.20765],[4.09065,51.20793],[4.09242,51.20932],[4.09153,51.20956],[4.09207,51.21007],[4.09241,51.21088],[4.09313,51.21075],[4.09351,51.21193],[4.08685,51.2134],[4.0873,51.21374],[4.08642,51.21448],[4.08656,51.21455],[4.08521,51.21713],[4.08353,51.21978],[4.08293,51.22085],[4.08286,51.22126],[4.08037,51.22046],[4.07763,51.21966],[4.07575,51.22224],[4.07441,51.22325],[4.07332,51.2243],[4.07413,51.22456],[4.07279,51.22665],[4.07267,51.22831],[4.07408,51.22882],[4.07551,51.22959],[4.07662,51.22998],[4.07726,51.23034],[4.07763,51.23111],[4.07807,51.23155],[4.07875,51.23174],[4.07965,51.23171],[4.0808,51.23143],[4.08208,51.23146],[4.08494,51.232],[4.08444,51.23281],[4.08194,51.23558],[4.08106,51.2365],[4.08094,51.23681],[4.07815,51.24029],[4.07914,51.2408],[4.079,51.24103],[4.07766,51.24207],[4.07482,51.2444],[4.07254,51.2457],[4.07072,51.24994],[4.06863,51.24914],[4.06523,51.24795],[4.06412,51.24752],[4.06361,51.24674],[4.06274,51.24562],[4.06178,51.24463],[4.05803,51.24344],[4.05484,51.2429],[4.04055,51.24132],[4.04035,51.24157],[4.03988,51.24145],[4.03796,51.24445],[4.03654,51.24568],[4.035,51.24499],[4.03534,51.24469],[4.0324,51.2433],[4.03085,51.24288],[4.02909,51.24257],[4.0288,51.24276],[4.02734,51.2425],[4.0254,51.24164],[4.02449,51.2415],[4.02374,51.24305],[4.023,51.24361],[4.02093,51.24537],[4.01548,51.2445],[4.01513,51.24498],[4.01475,51.24506],[4.01141,51.24414],[4.00876,51.24318],[4.00623,51.24207],[4.00285,51.24087],[4.00192,51.24028],[4.00126,51.24002],[4.00001,51.23938],[3.99953,51.23878],[3.99965,51.23781],[3.9978,51.23741],[3.99638,51.23729],[3.99528,51.23684],[3.99448,51.23677],[3.99375,51.23654],[3.99265,51.23644],[3.99214,51.23617],[3.98988,51.23461],[3.98916,51.23372],[3.98866,51.2334],[3.98799,51.23326],[3.98621,51.23416],[3.98468,51.23222],[3.98338,51.23075],[3.98256,51.22967],[3.98179,51.2289],[3.9811,51.22872],[3.98087,51.22837],[3.98077,51.22757],[3.98009,51.22648],[3.97937,51.22565],[3.97904,51.22542],[3.97775,51.22503],[3.97953,51.22371],[3.98094,51.22313],[3.98277,51.22256],[3.98415,51.2224],[3.98527,51.2225],[3.98652,51.22289],[3.98728,51.22185],[3.9886,51.22078],[3.99139,51.21845],[3.99309,51.2172],[3.99421,51.21605],[3.99379,51.2157],[3.99308,51.21545],[3.99042,51.21488],[3.98851,51.21452],[3.98765,51.21444],[3.98336,51.21357],[3.98233,51.2134],[3.98142,51.21292],[3.97967,51.21212],[3.97803,51.21118],[3.97112,51.20795],[3.97165,51.20679],[3.97176,51.20677],[3.97239,51.20563],[3.97248,51.20507],[3.97542,51.19996],[3.97763,51.19596],[3.98039,51.19106],[3.98213,51.18763],[3.98209,51.18727],[3.97958,51.18676],[3.97979,51.18642],[3.97966,51.18612],[3.98194,51.18232],[3.9842,51.17936],[3.98442,51.17945],[3.98481,51.17868],[3.98579,51.17641],[3.98728,51.17651],[3.98784,51.17636],[3.98884,51.17541],[3.99063,51.17403],[3.99079,51.17368],[3.99112,51.17192],[3.99124,51.17165],[3.99198,51.16888],[3.99607,51.17079],[3.99684,51.17119],[3.99752,51.17179],[3.99932,51.17273],[4.00223,51.17396],[4.00854,51.1768],[4.01129,51.17807],[4.01699,51.18058],[4.02314,51.1834],[4.02525,51.18427],[4.02994,51.18629],[4.03193,51.18764],[4.03414,51.1898],[4.0363,51.1916],[4.03849,51.18949],[4.0395,51.18888],[4.04265,51.18775],[4.04666,51.1871],[4.04838,51.18689],[4.05004,51.18691],[4.05308,51.18638],[4.05377,51.18615],[4.05527,51.18515],[4.05776,51.1846],[4.05856,51.18435],[4.05912,51.18396]]]}},{"type":"Feature","id":"46025","bbox":[4.12822,51.101409,4.285919,51.17561],"properties":{"nis":"46025","name":"Temse","nameNl":"Temse","nameFr":"Tamise","nameDe":"Temse","province":"oost-vlaanderen","region":"flanders","areaKm2":39.93},"geometry":{"type":"Polygon","coordinates":[[[4.17596,51.10141],[4.17913,51.10299],[4.18161,51.10395],[4.18648,51.10504],[4.18811,51.10559],[4.19009,51.10655],[4.19428,51.10882],[4.19559,51.10943],[4.19593,51.10946],[4.19728,51.11044],[4.19798,51.11106],[4.19934,51.11244],[4.20047,51.11332],[4.20172,51.11417],[4.20474,51.1161],[4.2058,51.11692],[4.20631,51.11751],[4.20749,51.11861],[4.20919,51.11982],[4.21091,51.12066],[4.21289,51.12149],[4.21369,51.12163],[4.21471,51.12168],[4.2161,51.12163],[4.21751,51.1215],[4.22129,51.1209],[4.22524,51.12056],[4.22736,51.12013],[4.2298,51.11958],[4.23244,51.11871],[4.2359,51.11725],[4.23872,51.11595],[4.23953,51.11569],[4.24131,51.11532],[4.24372,51.11498],[4.24599,51.11502],[4.24961,51.11519],[4.25264,51.11611],[4.25453,51.11631],[4.25868,51.11668],[4.2608,51.11699],[4.2615,51.1172],[4.26247,51.11728],[4.26323,51.11749],[4.26489,51.1182],[4.26806,51.12033],[4.27113,51.12161],[4.27428,51.1225],[4.27535,51.12289],[4.27786,51.1234],[4.28318,51.12354],[4.28592,51.12375],[4.28325,51.12981],[4.28228,51.1297],[4.2813,51.12938],[4.28009,51.12935],[4.27967,51.131],[4.27954,51.13236],[4.27853,51.13284],[4.27759,51.13303],[4.27675,51.13282],[4.27619,51.1353],[4.27482,51.13545],[4.27451,51.13597],[4.27443,51.13711],[4.27457,51.1375],[4.27431,51.13876],[4.27401,51.13913],[4.26757,51.14418],[4.26648,51.14388],[4.26481,51.1433],[4.26436,51.14324],[4.26421,51.14229],[4.26348,51.14147],[4.26269,51.14118],[4.26254,51.14082],[4.26042,51.13852],[4.25932,51.13841],[4.25863,51.13825],[4.258,51.13891],[4.25695,51.13967],[4.25666,51.1407],[4.25589,51.14145],[4.25459,51.14096],[4.25351,51.14203],[4.25044,51.1409],[4.24831,51.14049],[4.24811,51.14226],[4.24744,51.14378],[4.24658,51.14545],[4.24571,51.14672],[4.24542,51.14733],[4.2444,51.14864],[4.24329,51.15054],[4.2429,51.15132],[4.24199,51.15284],[4.24149,51.15353],[4.23944,51.15599],[4.23905,51.15707],[4.23849,51.15773],[4.2377,51.15904],[4.23727,51.16013],[4.23678,51.1617],[4.23614,51.16328],[4.2358,51.16445],[4.23514,51.1651],[4.2345,51.16554],[4.23198,51.16682],[4.23173,51.16675],[4.23058,51.16755],[4.22991,51.16828],[4.22793,51.16976],[4.22644,51.17023],[4.22606,51.1705],[4.2258,51.17122],[4.22506,51.17276],[4.22427,51.17385],[4.22293,51.17539],[4.22261,51.17561],[4.2217,51.17545],[4.22098,51.17491],[4.21707,51.17322],[4.21511,51.17229],[4.21423,51.17152],[4.21349,51.17101],[4.21131,51.17017],[4.21265,51.16645],[4.21261,51.16612],[4.21096,51.16517],[4.20987,51.16502],[4.20937,51.16513],[4.20754,51.16468],[4.20726,51.16481],[4.207,51.16535],[4.20576,51.16525],[4.20466,51.16498],[4.20388,51.16466],[4.20341,51.16421],[4.20227,51.16354],[4.20107,51.16274],[4.20002,51.16162],[4.19961,51.16128],[4.19908,51.16123],[4.19837,51.16136],[4.19663,51.16071],[4.19645,51.16092],[4.19487,51.1604],[4.19448,51.16093],[4.19085,51.15992],[4.19174,51.1573],[4.19168,51.15655],[4.19124,51.15312],[4.1918,51.1526],[4.19051,51.14974],[4.19069,51.14868],[4.19035,51.14527],[4.18754,51.14435],[4.18458,51.14349],[4.1825,51.14298],[4.17722,51.14186],[4.17728,51.14156],[4.1757,51.1412],[4.1747,51.14073],[4.1745,51.14027],[4.17436,51.13896],[4.17489,51.138],[4.1742,51.13768],[4.17183,51.13849],[4.17104,51.13846],[4.1699,51.13826],[4.16874,51.13831],[4.16826,51.13846],[4.16667,51.13921],[4.16597,51.13935],[4.16163,51.13858],[4.16121,51.13804],[4.15845,51.13678],[4.15488,51.13564],[4.15118,51.13393],[4.14836,51.13301],[4.14332,51.13179],[4.13851,51.13067],[4.13285,51.12985],[4.1317,51.12959],[4.12906,51.12834],[4.12822,51.12787],[4.12887,51.12685],[4.12976,51.12564],[4.1307,51.12456],[4.13127,51.12357],[4.13186,51.12188],[4.13246,51.12094],[4.13425,51.11982],[4.13476,51.11966],[4.13516,51.11887],[4.13455,51.11814],[4.13493,51.11736],[4.13413,51.11703],[4.13358,51.1164],[4.13302,51.11528],[4.1322,51.11459],[4.13201,51.11422],[4.13146,51.11378],[4.13138,51.11228],[4.13149,51.11163],[4.13085,51.11157],[4.13032,51.10966],[4.13018,51.10782],[4.13101,51.10771],[4.13271,51.10765],[4.13326,51.10772],[4.13336,51.10804],[4.13607,51.10802],[4.13661,51.10668],[4.13767,51.10702],[4.1378,51.10746],[4.13875,51.10727],[4.13915,51.10743],[4.13928,51.10713],[4.14012,51.10754],[4.14043,51.10783],[4.14112,51.10779],[4.14139,51.10729],[4.14152,51.10573],[4.14168,51.10525],[4.14206,51.10548],[4.14432,51.1064],[4.14694,51.10787],[4.148,51.1083],[4.1496,51.10868],[4.15182,51.10872],[4.15372,51.10895],[4.15506,51.10885],[4.15736,51.10829],[4.15796,51.10824],[4.15872,51.10849],[4.15964,51.10902],[4.16059,51.11059],[4.16104,51.1111],[4.16205,51.11146],[4.16366,51.11142],[4.16475,51.11117],[4.16662,51.11037],[4.16786,51.10994],[4.16898,51.10973],[4.17211,51.10969],[4.17331,51.10959],[4.17396,51.10938],[4.17462,51.10893],[4.17494,51.10829],[4.17494,51.10775],[4.17469,51.10702],[4.17375,51.10517],[4.17349,51.10443],[4.17347,51.10363],[4.17414,51.10245],[4.17469,51.10205],[4.17596,51.10141]]]}},{"type":"Feature","id":"46029","bbox":[3.896622,51.071289,4.034052,51.225362],"properties":{"nis":"46029","name":"Lokeren","nameNl":"Lokeren","nameFr":"Lokeren","nameDe":"Lokeren","province":"oost-vlaanderen","region":"flanders","areaKm2":105.8},"geometry":{"type":"Polygon","coordinates":[[[3.92328,51.07601],[3.92603,51.07351],[3.92822,51.07129],[3.93959,51.072],[3.97182,51.07394],[3.98053,51.07447],[3.98491,51.07482],[3.98823,51.07515],[3.9916,51.07566],[3.99507,51.07631],[3.99826,51.07707],[4.00288,51.0784],[4.00424,51.07885],[4.00901,51.08071],[4.01223,51.08217],[4.01528,51.08382],[4.03405,51.09489],[4.0321,51.09566],[4.03083,51.09687],[4.03025,51.09729],[4.03015,51.09756],[4.03024,51.09837],[4.02958,51.09869],[4.02902,51.09859],[4.02753,51.09781],[4.02583,51.09656],[4.02502,51.09646],[4.02416,51.09687],[4.02363,51.09698],[4.0225,51.09693],[4.02204,51.09736],[4.02202,51.09774],[4.02225,51.09845],[4.02198,51.09872],[4.02143,51.09885],[4.02083,51.09859],[4.02047,51.09919],[4.01999,51.09925],[4.01949,51.09969],[4.01996,51.10024],[4.0211,51.10123],[4.02161,51.10197],[4.02223,51.1025],[4.02327,51.10291],[4.02436,51.10362],[4.02551,51.10414],[4.02598,51.1047],[4.02602,51.10645],[4.02585,51.10779],[4.02596,51.10786],[4.02636,51.10967],[4.02628,51.11046],[4.02577,51.11187],[4.02614,51.11199],[4.02508,51.11336],[4.02463,51.11439],[4.02352,51.11642],[4.02264,51.11768],[4.02211,51.11891],[4.02199,51.11938],[4.0211,51.12144],[4.01727,51.12631],[4.01732,51.12633],[4.01627,51.12838],[4.01505,51.1306],[4.01227,51.13416],[4.01101,51.13543],[4.00942,51.13602],[4.00196,51.13885],[3.9973,51.1409],[3.99535,51.1419],[3.99381,51.14249],[3.9916,51.14375],[3.99156,51.14385],[3.98909,51.14518],[3.98649,51.14587],[3.98533,51.14773],[3.98583,51.14845],[3.98634,51.14879],[3.98645,51.14921],[3.9874,51.14983],[3.98759,51.15009],[3.98771,51.15113],[3.9876,51.15155],[3.98781,51.15217],[3.98818,51.15241],[3.98893,51.15249],[3.99021,51.15201],[3.99125,51.15201],[3.99178,51.15215],[3.99256,51.15267],[3.99553,51.15392],[3.99787,51.15443],[3.99858,51.15453],[3.99979,51.15523],[3.99996,51.15582],[4.00055,51.15647],[4.00047,51.15689],[3.99996,51.15771],[4.00103,51.15842],[4.00094,51.15869],[3.9998,51.15998],[3.99823,51.16109],[3.99466,51.16372],[3.99392,51.16436],[3.99369,51.16496],[3.99203,51.1686],[3.99198,51.16888],[3.99124,51.17165],[3.99112,51.17192],[3.99079,51.17368],[3.99063,51.17403],[3.98884,51.17541],[3.98784,51.17636],[3.98728,51.17651],[3.98579,51.17641],[3.98481,51.17868],[3.98442,51.17945],[3.9842,51.17936],[3.98194,51.18232],[3.97966,51.18612],[3.97979,51.18642],[3.97958,51.18676],[3.98209,51.18727],[3.98213,51.18763],[3.98039,51.19106],[3.97763,51.19596],[3.97542,51.19996],[3.97248,51.20507],[3.97239,51.20563],[3.97176,51.20677],[3.97165,51.20679],[3.97112,51.20795],[3.97803,51.21118],[3.97967,51.21212],[3.98142,51.21292],[3.98233,51.2134],[3.98336,51.21357],[3.98765,51.21444],[3.98851,51.21452],[3.99042,51.21488],[3.99308,51.21545],[3.99379,51.2157],[3.99421,51.21605],[3.99309,51.2172],[3.99139,51.21845],[3.9886,51.22078],[3.98728,51.22185],[3.98652,51.22289],[3.98527,51.2225],[3.98415,51.2224],[3.98277,51.22256],[3.98094,51.22313],[3.97953,51.22371],[3.97775,51.22503],[3.97649,51.22536],[3.97173,51.22465],[3.96876,51.22447],[3.96472,51.22411],[3.96429,51.22395],[3.96371,51.22332],[3.96375,51.22102],[3.96322,51.22056],[3.96192,51.22046],[3.96156,51.22022],[3.9612,51.21909],[3.96096,51.21878],[3.95982,51.21795],[3.95907,51.21621],[3.95856,51.21581],[3.95787,51.21577],[3.95398,51.21645],[3.95317,51.21647],[3.95235,51.21631],[3.9506,51.21578],[3.94921,51.21551],[3.94664,51.21551],[3.94262,51.21471],[3.94314,51.21362],[3.93598,51.21189],[3.93333,51.2145],[3.92942,51.22026],[3.92545,51.21711],[3.92184,51.21705],[3.92167,51.21712],[3.91963,51.21707],[3.91945,51.217],[3.91882,51.21563],[3.91867,51.21497],[3.91817,51.21473],[3.91674,51.21489],[3.91601,51.21464],[3.91809,51.20957],[3.91794,51.20946],[3.91863,51.20777],[3.91878,51.20773],[3.91934,51.20685],[3.92004,51.20496],[3.92034,51.20431],[3.92217,51.19895],[3.92059,51.19852],[3.92009,51.19859],[3.91804,51.19788],[3.91876,51.19631],[3.91918,51.19597],[3.91941,51.19547],[3.91767,51.19533],[3.91601,51.19507],[3.91575,51.19513],[3.91264,51.19515],[3.91246,51.19508],[3.91231,51.19252],[3.91293,51.19247],[3.91193,51.18854],[3.91057,51.18791],[3.90807,51.18175],[3.90833,51.18169],[3.90779,51.18038],[3.90763,51.18036],[3.9064,51.1775],[3.90634,51.1775],[3.90566,51.17589],[3.90575,51.17589],[3.9044,51.17255],[3.90403,51.17178],[3.90391,51.17103],[3.9037,51.1711],[3.9025,51.16868],[3.90247,51.16826],[3.90198,51.16818],[3.90173,51.16724],[3.90224,51.16462],[3.90329,51.16323],[3.90528,51.16201],[3.90571,51.16165],[3.90692,51.1597],[3.90726,51.15953],[3.90774,51.15866],[3.90919,51.157],[3.91006,51.15634],[3.90891,51.15602],[3.90339,51.15555],[3.90294,51.15555],[3.9032,51.15397],[3.90303,51.15099],[3.90287,51.14915],[3.90268,51.14825],[3.90239,51.14831],[3.90171,51.14802],[3.9015,51.14769],[3.90113,51.1476],[3.90055,51.14774],[3.90013,51.14802],[3.89915,51.14807],[3.8986,51.14786],[3.89827,51.1474],[3.8975,51.14733],[3.89876,51.14409],[3.89907,51.14265],[3.89899,51.14201],[3.89874,51.14127],[3.89846,51.13969],[3.89784,51.13724],[3.89782,51.13672],[3.8976,51.13603],[3.89677,51.13399],[3.89662,51.13329],[3.89673,51.13207],[3.89707,51.12936],[3.89721,51.12938],[3.89809,51.12825],[3.90103,51.12506],[3.90125,51.12466],[3.90158,51.12358],[3.902,51.12159],[3.90285,51.1164],[3.90264,51.11539],[3.90228,51.11422],[3.90157,51.11152],[3.90139,51.11039],[3.90105,51.10911],[3.90092,51.10818],[3.901,51.10694],[3.90063,51.10693],[3.90116,51.10485],[3.90136,51.10485],[3.90231,51.10269],[3.90238,51.10269],[3.90373,51.09989],[3.90386,51.09992],[3.90397,51.09893],[3.9042,51.09806],[3.90505,51.09809],[3.90533,51.09738],[3.90414,51.09701],[3.90353,51.0956],[3.90197,51.09237],[3.90343,51.09073],[3.90439,51.08943],[3.90586,51.0876],[3.90788,51.08243],[3.90808,51.08205],[3.91102,51.08163],[3.91703,51.08071],[3.9183,51.0801],[3.9191,51.07893],[3.92033,51.07768],[3.92172,51.07693],[3.92236,51.07675],[3.92328,51.07601]]]}},{"type":"Feature","id":"46030","bbox":[4.152493,51.123517,4.356916,51.353967],"properties":{"nis":"46030","name":"Beveren-Kruibeke-Zwijndrecht","nameNl":"Beveren-Kruibeke-Zwijndrecht","nameFr":"Beveren-Kruibeke-Zwijndrecht","nameDe":"Beveren-Kruibeke-Zwijndrecht","province":"oost-vlaanderen","region":"flanders","areaKm2":205.73},"geometry":{"type":"Polygon","coordinates":[[[4.24205,51.35397],[4.23236,51.34618],[4.21711,51.33393],[4.19677,51.31757],[4.18299,51.30647],[4.16613,51.29289],[4.16596,51.29282],[4.1662,51.29265],[4.16582,51.29213],[4.16342,51.28702],[4.16333,51.28561],[4.16313,51.28151],[4.16293,51.2789],[4.16275,51.27562],[4.16264,51.2742],[4.16209,51.26531],[4.16118,51.26225],[4.1585,51.25525],[4.15684,51.25098],[4.15921,51.24768],[4.16024,51.24612],[4.16069,51.24512],[4.16041,51.24413],[4.1605,51.2431],[4.16074,51.24243],[4.16413,51.23546],[4.16458,51.23438],[4.16456,51.23316],[4.16571,51.23205],[4.16593,51.23148],[4.1666,51.2304],[4.16662,51.22988],[4.16456,51.2297],[4.16185,51.2293],[4.16203,51.22842],[4.16165,51.22793],[4.16088,51.22746],[4.16027,51.22666],[4.15976,51.22628],[4.15938,51.2256],[4.15833,51.22193],[4.15764,51.22117],[4.15543,51.21968],[4.15479,51.21911],[4.15456,51.21874],[4.15364,51.21535],[4.15328,51.21453],[4.15249,51.21369],[4.15673,51.21151],[4.1601,51.20545],[4.16064,51.20271],[4.16258,51.20318],[4.16255,51.20346],[4.16645,51.20431],[4.16802,51.20479],[4.16827,51.20479],[4.16847,51.20737],[4.1711,51.20734],[4.1733,51.20724],[4.17698,51.20729],[4.18077,51.2078],[4.18308,51.2078],[4.18864,51.20736],[4.19226,51.20672],[4.19329,51.20643],[4.19602,51.20547],[4.19745,51.2048],[4.20069,51.20377],[4.20177,51.20463],[4.20204,51.20437],[4.20326,51.20217],[4.20407,51.20085],[4.20421,51.2005],[4.20515,51.19902],[4.20475,51.19874],[4.20501,51.19806],[4.20707,51.19755],[4.20736,51.19723],[4.20789,51.19573],[4.20836,51.1941],[4.20638,51.19345],[4.20585,51.19178],[4.20532,51.19071],[4.20598,51.19047],[4.20631,51.1906],[4.20725,51.18987],[4.20793,51.18971],[4.20962,51.18981],[4.21156,51.19052],[4.21232,51.18978],[4.21174,51.18932],[4.212,51.18906],[4.21294,51.18944],[4.21554,51.18999],[4.21614,51.18916],[4.2141,51.18869],[4.21363,51.18886],[4.21162,51.18778],[4.21174,51.18758],[4.21023,51.18755],[4.21032,51.18546],[4.2101,51.18542],[4.21056,51.18462],[4.21074,51.1846],[4.211,51.18378],[4.20942,51.18315],[4.2094,51.18288],[4.20834,51.18235],[4.20784,51.18219],[4.20638,51.18208],[4.20628,51.18193],[4.20553,51.18191],[4.20561,51.18062],[4.20639,51.17942],[4.20643,51.17894],[4.20548,51.17667],[4.205,51.17481],[4.21074,51.17541],[4.21276,51.17539],[4.21436,51.17518],[4.2217,51.17545],[4.22261,51.17561],[4.22293,51.17539],[4.22427,51.17385],[4.22506,51.17276],[4.2258,51.17122],[4.22606,51.1705],[4.22644,51.17023],[4.22793,51.16976],[4.22991,51.16828],[4.23058,51.16755],[4.23173,51.16675],[4.23198,51.16682],[4.2345,51.16554],[4.23514,51.1651],[4.2358,51.16445],[4.23614,51.16328],[4.23678,51.1617],[4.23727,51.16013],[4.2377,51.15904],[4.23849,51.15773],[4.23905,51.15707],[4.23944,51.15599],[4.24149,51.15353],[4.24199,51.15284],[4.2429,51.15132],[4.24329,51.15054],[4.2444,51.14864],[4.24542,51.14733],[4.24571,51.14672],[4.24658,51.14545],[4.24744,51.14378],[4.24811,51.14226],[4.24831,51.14049],[4.25044,51.1409],[4.25351,51.14203],[4.25459,51.14096],[4.25589,51.14145],[4.25666,51.1407],[4.25695,51.13967],[4.258,51.13891],[4.25863,51.13825],[4.25932,51.13841],[4.26042,51.13852],[4.26254,51.14082],[4.26269,51.14118],[4.26348,51.14147],[4.26421,51.14229],[4.26436,51.14324],[4.26481,51.1433],[4.26648,51.14388],[4.26757,51.14418],[4.27401,51.13913],[4.27431,51.13876],[4.27457,51.1375],[4.27443,51.13711],[4.27451,51.13597],[4.27482,51.13545],[4.27619,51.1353],[4.27675,51.13282],[4.27759,51.13303],[4.27853,51.13284],[4.27954,51.13236],[4.27967,51.131],[4.28009,51.12935],[4.2813,51.12938],[4.28228,51.1297],[4.28325,51.12981],[4.28592,51.12375],[4.2882,51.12388],[4.29006,51.12375],[4.29028,51.12354],[4.29182,51.12355],[4.29413,51.12374],[4.29768,51.12377],[4.3051,51.12455],[4.30683,51.1248],[4.30775,51.12498],[4.31291,51.1265],[4.31471,51.12713],[4.31888,51.12876],[4.32042,51.1295],[4.32262,51.13118],[4.3239,51.13232],[4.32547,51.13397],[4.32622,51.13533],[4.32641,51.13598],[4.32683,51.1383],[4.32838,51.1425],[4.32934,51.14829],[4.32988,51.1514],[4.33033,51.15446],[4.3303,51.1565],[4.3302,51.15841],[4.33005,51.15993],[4.32977,51.16167],[4.32935,51.16402],[4.32919,51.16581],[4.32858,51.16994],[4.32806,51.17367],[4.32799,51.17818],[4.32814,51.17952],[4.3285,51.1815],[4.32907,51.18348],[4.32988,51.18561],[4.33081,51.18751],[4.33165,51.18892],[4.33265,51.19047],[4.33352,51.19162],[4.3346,51.19284],[4.336,51.19402],[4.33699,51.19472],[4.33851,51.19567],[4.33945,51.19617],[4.34417,51.19857],[4.35692,51.20191],[4.35566,51.20408],[4.35254,51.20934],[4.35142,51.20996],[4.35061,51.211],[4.35005,51.21243],[4.34891,51.21336],[4.34852,51.21357],[4.34615,51.21515],[4.3448,51.21579],[4.34729,51.21661],[4.34733,51.21913],[4.34547,51.22117],[4.34516,51.22172],[4.34534,51.22241],[4.34525,51.22289],[4.34485,51.22318],[4.34427,51.22321],[4.34372,51.22358],[4.34328,51.22431],[4.34233,51.22542],[4.34284,51.22546],[4.34239,51.22578],[4.34135,51.22754],[4.34123,51.22828],[4.34126,51.22922],[4.3414,51.22951],[4.34131,51.23004],[4.34078,51.23002],[4.34003,51.22975],[4.33812,51.22983],[4.33869,51.23042],[4.33974,51.23074],[4.34033,51.23119],[4.34021,51.23195],[4.34066,51.23249],[4.34088,51.233],[4.34133,51.23326],[4.34236,51.2336],[4.34262,51.23393],[4.34277,51.23459],[4.34309,51.23494],[4.34383,51.23532],[4.3446,51.2352],[4.34571,51.23536],[4.34518,51.23639],[4.3485,51.23783],[4.35201,51.24009],[4.3496,51.24094],[4.34538,51.24267],[4.34197,51.24457],[4.3389,51.24625],[4.33512,51.24819],[4.33088,51.25012],[4.32614,51.25134],[4.32343,51.25208],[4.31875,51.25291],[4.30645,51.25494],[4.30367,51.25609],[4.30153,51.25769],[4.3011,51.26019],[4.30084,51.26149],[4.30081,51.26239],[4.3019,51.26403],[4.30802,51.26955],[4.31703,51.27757],[4.3195,51.28229],[4.3195,51.28563],[4.3173,51.28826],[4.30767,51.29305],[4.29576,51.29709],[4.28144,51.30174],[4.27567,51.30987],[4.27348,51.3204],[4.27121,51.33022],[4.27091,51.33159],[4.26192,51.34136],[4.24205,51.35397]]]}}]}