{"type":"FeatureCollection","bbox":[3.88932,50.687381,5.188036,51.049824],"license":"Open Database License (ODbL) v1.0","attribution":"© OpenStreetMap contributors","generatedAt":"2026-09-20T12:46:12.453Z","features":[{"type":"Feature","id":"23002","bbox":[4.138976,50.873444,4.301142,50.944459],"properties":{"nis":"23002","name":"Asse","nameNl":"Asse","nameFr":"Asse","nameDe":"Asse","province":"vlaams-brabant","region":"flanders","areaKm2":50.03},"geometry":{"type":"Polygon","coordinates":[[[4.28862,50.87344],[4.28972,50.87374],[4.29158,50.87442],[4.29203,50.87497],[4.29153,50.87528],[4.29217,50.87554],[4.29305,50.87573],[4.2937,50.8762],[4.29376,50.87643],[4.29458,50.87683],[4.29429,50.87713],[4.29569,50.87764],[4.29598,50.87785],[4.29715,50.87836],[4.29821,50.87898],[4.2989,50.87993],[4.29821,50.8821],[4.2979,50.88351],[4.29705,50.88504],[4.29657,50.88498],[4.29528,50.8856],[4.29461,50.88613],[4.29391,50.88716],[4.29391,50.88788],[4.29376,50.88904],[4.30057,50.89045],[4.30094,50.89056],[4.3007,50.89088],[4.30114,50.89117],[4.30006,50.89232],[4.29913,50.89221],[4.29576,50.89438],[4.29565,50.89436],[4.29479,50.89546],[4.29452,50.89615],[4.2943,50.89606],[4.2937,50.89698],[4.29366,50.89799],[4.29334,50.8979],[4.29246,50.89912],[4.29272,50.8993],[4.29324,50.89924],[4.2932,50.89967],[4.29422,50.90024],[4.29403,50.90129],[4.29218,50.90418],[4.29168,50.90438],[4.29024,50.90584],[4.28868,50.9078],[4.2883,50.90791],[4.28382,50.90979],[4.28118,50.9118],[4.27953,50.91198],[4.27845,50.91239],[4.27781,50.91289],[4.27603,50.91242],[4.2759,50.91256],[4.2753,50.91236],[4.27514,50.91212],[4.27337,50.91144],[4.27195,50.91069],[4.27098,50.90975],[4.27025,50.90958],[4.26935,50.90921],[4.269,50.90894],[4.26737,50.91005],[4.267,50.91001],[4.26643,50.91041],[4.26535,50.91021],[4.26475,50.91101],[4.26637,50.91137],[4.26744,50.91174],[4.27044,50.91226],[4.27074,50.91257],[4.26938,50.91447],[4.26781,50.91396],[4.26363,50.91277],[4.26318,50.91413],[4.26221,50.91415],[4.26057,50.9143],[4.26055,50.91461],[4.25628,50.91674],[4.25254,50.91873],[4.2501,50.91989],[4.24794,50.92105],[4.24652,50.92085],[4.24605,50.92148],[4.24542,50.92132],[4.2451,50.92157],[4.2435,50.92105],[4.24285,50.92103],[4.24231,50.92071],[4.24063,50.92169],[4.2402,50.92215],[4.24006,50.92256],[4.23931,50.92327],[4.23887,50.92332],[4.23842,50.92389],[4.23836,50.92436],[4.23864,50.92452],[4.2385,50.92493],[4.23893,50.92514],[4.23918,50.92583],[4.23879,50.92605],[4.23895,50.92662],[4.23858,50.92696],[4.23855,50.92737],[4.23912,50.92813],[4.23939,50.92812],[4.23909,50.92866],[4.23847,50.92856],[4.23807,50.92816],[4.23754,50.92806],[4.23382,50.92793],[4.23294,50.92783],[4.23186,50.92806],[4.23147,50.92837],[4.23117,50.92833],[4.23111,50.92878],[4.23072,50.92881],[4.23078,50.92911],[4.23021,50.92924],[4.23007,50.92962],[4.23024,50.9304],[4.2299,50.93077],[4.22856,50.9315],[4.22857,50.93178],[4.22812,50.9321],[4.228,50.93281],[4.22674,50.93403],[4.22692,50.93475],[4.22717,50.93486],[4.22715,50.93585],[4.22757,50.93722],[4.22681,50.93812],[4.22639,50.93901],[4.226,50.93949],[4.22639,50.93973],[4.22604,50.93993],[4.2262,50.94043],[4.22595,50.94119],[4.22621,50.94272],[4.22706,50.94379],[4.22644,50.9439],[4.22646,50.94345],[4.22609,50.94343],[4.22415,50.94381],[4.22385,50.94446],[4.22344,50.94429],[4.22248,50.94322],[4.22151,50.94259],[4.22103,50.94291],[4.22056,50.94259],[4.21975,50.94309],[4.2195,50.94295],[4.21902,50.94327],[4.21766,50.94239],[4.21793,50.94224],[4.21721,50.94197],[4.21601,50.94256],[4.21581,50.94241],[4.21474,50.9429],[4.21377,50.94225],[4.21183,50.9413],[4.21124,50.94087],[4.2095,50.93928],[4.20892,50.93864],[4.20823,50.93879],[4.20796,50.93713],[4.20795,50.9359],[4.20716,50.93545],[4.20501,50.93441],[4.20383,50.93432],[4.20334,50.93408],[4.20209,50.93425],[4.20232,50.93439],[4.19861,50.93823],[4.1981,50.93867],[4.19629,50.93778],[4.19579,50.93742],[4.19401,50.93645],[4.19336,50.93665],[4.19179,50.93624],[4.19161,50.93608],[4.19134,50.93673],[4.1915,50.93682],[4.19064,50.93756],[4.18702,50.94088],[4.18633,50.94134],[4.18405,50.94265],[4.18285,50.94145],[4.18188,50.94087],[4.18132,50.94014],[4.18087,50.93995],[4.17884,50.93986],[4.17693,50.93951],[4.17577,50.93942],[4.17528,50.93928],[4.17421,50.93871],[4.17327,50.93834],[4.17222,50.93771],[4.17379,50.93648],[4.17299,50.93588],[4.17251,50.93421],[4.1722,50.9338],[4.17086,50.9328],[4.17024,50.93333],[4.16983,50.93318],[4.16905,50.93318],[4.16809,50.93396],[4.16796,50.93435],[4.16847,50.93509],[4.16817,50.93539],[4.16713,50.93492],[4.16458,50.93311],[4.16297,50.93203],[4.16245,50.93231],[4.15994,50.93084],[4.15939,50.93019],[4.15822,50.92963],[4.15833,50.92862],[4.15801,50.92843],[4.15676,50.92823],[4.15564,50.92833],[4.15414,50.92892],[4.15294,50.92895],[4.15326,50.92758],[4.15341,50.92735],[4.1535,50.92618],[4.15394,50.92594],[4.15335,50.92515],[4.15335,50.9246],[4.15298,50.92458],[4.15313,50.92344],[4.15246,50.92308],[4.15187,50.9231],[4.15158,50.92339],[4.15093,50.92369],[4.15085,50.92434],[4.15025,50.92458],[4.14932,50.92425],[4.14852,50.92452],[4.14786,50.92439],[4.14622,50.92465],[4.14524,50.92498],[4.14484,50.92538],[4.14402,50.92489],[4.14274,50.92385],[4.144,50.92295],[4.1442,50.92236],[4.14418,50.92177],[4.14399,50.92099],[4.14376,50.92064],[4.13994,50.91966],[4.13978,50.91928],[4.13922,50.91862],[4.13899,50.91794],[4.13897,50.91697],[4.13992,50.91671],[4.14112,50.91605],[4.14292,50.91651],[4.14419,50.91668],[4.14466,50.91637],[4.14535,50.9164],[4.14628,50.91613],[4.14689,50.91568],[4.14902,50.91328],[4.14958,50.91303],[4.14813,50.91245],[4.14439,50.91118],[4.14247,50.91044],[4.14299,50.90974],[4.14132,50.90918],[4.14179,50.90864],[4.14218,50.90874],[4.14414,50.90674],[4.14389,50.90664],[4.1446,50.9054],[4.14529,50.90365],[4.14522,50.90286],[4.14547,50.90287],[4.14569,50.90183],[4.14535,50.90171],[4.1465,50.90052],[4.14725,50.89965],[4.14786,50.89871],[4.14702,50.89821],[4.14542,50.89779],[4.14512,50.89779],[4.14537,50.89745],[4.14609,50.89722],[4.147,50.89679],[4.14697,50.89625],[4.1482,50.89535],[4.14926,50.89379],[4.14945,50.89364],[4.15049,50.89209],[4.14985,50.89101],[4.14942,50.88983],[4.14914,50.88866],[4.14986,50.88846],[4.15068,50.88845],[4.15298,50.88795],[4.15417,50.88727],[4.15456,50.88683],[4.1562,50.88603],[4.15678,50.88563],[4.15724,50.88559],[4.15854,50.88497],[4.15928,50.88545],[4.15975,50.88629],[4.16095,50.88595],[4.16139,50.8863],[4.16228,50.88649],[4.16296,50.88613],[4.16374,50.88617],[4.16523,50.88668],[4.16582,50.88701],[4.16662,50.88723],[4.16742,50.88725],[4.17002,50.88767],[4.17406,50.88837],[4.17516,50.8889],[4.17629,50.88974],[4.17768,50.889],[4.17783,50.88901],[4.18087,50.88741],[4.18192,50.88677],[4.18312,50.88538],[4.18355,50.88501],[4.1851,50.88453],[4.18605,50.8854],[4.18689,50.88539],[4.18737,50.88519],[4.18783,50.88539],[4.18894,50.88574],[4.18895,50.88663],[4.18959,50.88717],[4.1908,50.88756],[4.19289,50.88782],[4.19379,50.88787],[4.19505,50.88781],[4.19522,50.8882],[4.19569,50.88826],[4.19652,50.88796],[4.19764,50.88817],[4.19994,50.88801],[4.20112,50.88823],[4.20312,50.88828],[4.20343,50.88816],[4.2041,50.88836],[4.20514,50.88836],[4.20568,50.88799],[4.20742,50.8878],[4.20767,50.8876],[4.20953,50.88689],[4.21081,50.88686],[4.21174,50.88697],[4.21194,50.88645],[4.21255,50.88629],[4.21354,50.88637],[4.21408,50.88657],[4.21491,50.88669],[4.21597,50.88735],[4.21682,50.88825],[4.21748,50.88908],[4.21934,50.89019],[4.22485,50.89076],[4.22494,50.88927],[4.22622,50.889],[4.22629,50.88931],[4.22693,50.88924],[4.22711,50.88975],[4.229,50.88869],[4.23041,50.88889],[4.23062,50.88859],[4.22946,50.88839],[4.22911,50.88845],[4.22817,50.8881],[4.2282,50.88769],[4.22745,50.88623],[4.22721,50.88595],[4.22815,50.88592],[4.22854,50.88602],[4.22931,50.88575],[4.22977,50.88543],[4.23073,50.88515],[4.23347,50.8841],[4.2345,50.88397],[4.23568,50.88365],[4.23673,50.88346],[4.23851,50.88264],[4.23935,50.8831],[4.23968,50.88284],[4.2395,50.88252],[4.23995,50.88242],[4.24065,50.8813],[4.24034,50.8804],[4.24151,50.88028],[4.24154,50.87883],[4.24273,50.87868],[4.24345,50.87845],[4.24488,50.8793],[4.24634,50.88027],[4.2463,50.88068],[4.24682,50.88232],[4.24771,50.88235],[4.24943,50.88262],[4.25203,50.88272],[4.25637,50.88183],[4.25752,50.8815],[4.26096,50.88258],[4.26203,50.88262],[4.26344,50.88244],[4.26384,50.88228],[4.26406,50.88245],[4.26699,50.88263],[4.26833,50.8825],[4.26979,50.8819],[4.27047,50.88181],[4.27155,50.88132],[4.27269,50.88091],[4.27426,50.88046],[4.27513,50.88001],[4.2753,50.87973],[4.27602,50.87947],[4.27681,50.87952],[4.27718,50.8791],[4.27778,50.87904],[4.27967,50.87832],[4.28052,50.8776],[4.28393,50.87546],[4.28613,50.87459],[4.28774,50.87445],[4.28862,50.87344]]]}},{"type":"Feature","id":"23003","bbox":[4.256793,50.713417,4.355992,50.782117],"properties":{"nis":"23003","name":"Beersel","nameNl":"Beersel","nameFr":"Beersel","nameDe":"Beersel","province":"vlaams-brabant","region":"flanders","areaKm2":30.29},"geometry":{"type":"Polygon","coordinates":[[[4.35599,50.75712],[4.35523,50.75702],[4.35217,50.75626],[4.34699,50.7593],[4.34566,50.75936],[4.34482,50.76022],[4.34183,50.76006],[4.34129,50.76067],[4.34,50.76098],[4.33825,50.76204],[4.33812,50.7633],[4.33092,50.76657],[4.3313,50.76704],[4.32985,50.76804],[4.32842,50.76788],[4.32807,50.76903],[4.32735,50.76909],[4.32652,50.7687],[4.32476,50.7676],[4.32434,50.76792],[4.32494,50.76826],[4.32428,50.76875],[4.32259,50.76781],[4.32213,50.76843],[4.32198,50.76944],[4.32291,50.76973],[4.32393,50.7702],[4.32493,50.77052],[4.32359,50.77157],[4.32436,50.77187],[4.32533,50.77252],[4.32424,50.77334],[4.32387,50.77296],[4.3231,50.77376],[4.32202,50.77503],[4.32348,50.77548],[4.32284,50.77668],[4.32273,50.7774],[4.32167,50.77728],[4.32239,50.77803],[4.32525,50.77893],[4.32548,50.77893],[4.32571,50.7797],[4.3137,50.78004],[4.31213,50.78062],[4.31084,50.78129],[4.31034,50.78146],[4.30921,50.78141],[4.30793,50.7819],[4.3078,50.78212],[4.30706,50.78182],[4.30696,50.78156],[4.30745,50.78125],[4.30883,50.78093],[4.30897,50.78056],[4.30819,50.78028],[4.30816,50.77962],[4.30752,50.77893],[4.30674,50.77877],[4.3064,50.77842],[4.30671,50.77802],[4.30647,50.77703],[4.30613,50.77677],[4.30483,50.77676],[4.30464,50.77656],[4.30537,50.77588],[4.30483,50.7757],[4.30401,50.7758],[4.30289,50.77557],[4.30284,50.77531],[4.30323,50.77488],[4.30378,50.77464],[4.30374,50.77426],[4.30265,50.7742],[4.30268,50.77339],[4.30208,50.7733],[4.30145,50.7734],[4.3006,50.77462],[4.29913,50.77396],[4.29858,50.77395],[4.29746,50.77418],[4.29624,50.77395],[4.29475,50.77353],[4.2945,50.77453],[4.29289,50.77562],[4.29218,50.77602],[4.29192,50.77591],[4.28453,50.77788],[4.2833,50.77844],[4.28219,50.77848],[4.28168,50.7788],[4.28073,50.7788],[4.27729,50.77998],[4.27618,50.78029],[4.27537,50.78063],[4.27359,50.78105],[4.26919,50.77556],[4.26801,50.77424],[4.26624,50.77283],[4.26492,50.77205],[4.25679,50.76784],[4.25853,50.767],[4.25986,50.766],[4.25895,50.76574],[4.25919,50.76536],[4.26105,50.76476],[4.26105,50.76461],[4.26366,50.76336],[4.26364,50.76276],[4.26561,50.76193],[4.26463,50.76156],[4.2643,50.76109],[4.26431,50.76077],[4.26476,50.76011],[4.26425,50.75975],[4.26324,50.75957],[4.26271,50.75933],[4.26244,50.75792],[4.26104,50.75766],[4.26074,50.75741],[4.26158,50.75664],[4.26153,50.75625],[4.25988,50.7544],[4.25907,50.75407],[4.25916,50.75329],[4.25946,50.75268],[4.25876,50.75201],[4.25951,50.75176],[4.25988,50.75179],[4.26058,50.75118],[4.26031,50.75094],[4.26116,50.75051],[4.26097,50.75032],[4.26178,50.74991],[4.26252,50.75043],[4.2637,50.74972],[4.26306,50.74937],[4.26435,50.7486],[4.26535,50.7481],[4.26739,50.74682],[4.26771,50.74637],[4.26861,50.7459],[4.26784,50.74532],[4.26913,50.74462],[4.26865,50.74425],[4.26892,50.74399],[4.26988,50.74213],[4.2705,50.74082],[4.27203,50.73955],[4.27387,50.73749],[4.27352,50.73708],[4.27459,50.73663],[4.2744,50.7365],[4.27552,50.73581],[4.27572,50.73528],[4.27593,50.73532],[4.27603,50.73485],[4.27666,50.73404],[4.27716,50.7337],[4.27768,50.73403],[4.27806,50.73381],[4.2775,50.73307],[4.27693,50.73149],[4.27657,50.73113],[4.27434,50.73086],[4.2754,50.72995],[4.27435,50.72892],[4.2739,50.72859],[4.27614,50.72695],[4.27852,50.72565],[4.2812,50.72548],[4.28233,50.72528],[4.28327,50.72491],[4.2843,50.72467],[4.28362,50.7234],[4.28074,50.7241],[4.28056,50.72282],[4.28004,50.72293],[4.27966,50.72237],[4.27692,50.7228],[4.27329,50.72451],[4.27273,50.72307],[4.27241,50.72245],[4.27174,50.72144],[4.27301,50.72052],[4.27356,50.72043],[4.27648,50.72038],[4.27786,50.72017],[4.2816,50.71939],[4.28198,50.72024],[4.2824,50.72029],[4.28226,50.72062],[4.28286,50.72072],[4.28336,50.72126],[4.28357,50.72181],[4.28425,50.72205],[4.28509,50.72281],[4.28491,50.72308],[4.28543,50.72335],[4.2867,50.72353],[4.2875,50.72137],[4.28898,50.72052],[4.29078,50.72076],[4.29211,50.72099],[4.29342,50.72064],[4.29502,50.72065],[4.29488,50.72015],[4.29507,50.72006],[4.29873,50.71653],[4.29898,50.7161],[4.29927,50.71616],[4.29971,50.71567],[4.3007,50.71496],[4.30125,50.71505],[4.30241,50.71486],[4.3037,50.71489],[4.3039,50.71457],[4.30457,50.71425],[4.30751,50.71374],[4.30861,50.71344],[4.30921,50.71344],[4.31013,50.71369],[4.31099,50.71363],[4.31158,50.71398],[4.31136,50.71439],[4.31175,50.7144],[4.31233,50.71473],[4.31225,50.71491],[4.31284,50.71547],[4.31271,50.71575],[4.31295,50.71628],[4.31264,50.7167],[4.31326,50.71744],[4.31319,50.71779],[4.31328,50.71888],[4.31372,50.72027],[4.31471,50.71994],[4.31626,50.7197],[4.31696,50.71943],[4.31746,50.71957],[4.3175,50.72045],[4.31739,50.7213],[4.31854,50.72027],[4.32158,50.71978],[4.32128,50.72194],[4.32167,50.72335],[4.32123,50.72612],[4.3212,50.72781],[4.32178,50.72916],[4.32298,50.73068],[4.32404,50.73086],[4.32509,50.73115],[4.32556,50.73191],[4.3258,50.73264],[4.32527,50.73292],[4.32432,50.73395],[4.32384,50.73464],[4.3228,50.73504],[4.32337,50.73532],[4.32311,50.73552],[4.32331,50.73608],[4.32444,50.73618],[4.32588,50.73661],[4.327,50.73763],[4.32738,50.73763],[4.32774,50.73802],[4.32858,50.73796],[4.32868,50.73832],[4.32972,50.73831],[4.32984,50.73863],[4.33023,50.73871],[4.33049,50.73909],[4.33143,50.73936],[4.33139,50.7397],[4.33186,50.74019],[4.33225,50.74019],[4.33291,50.73973],[4.33356,50.73978],[4.33455,50.74024],[4.33542,50.74088],[4.33631,50.74038],[4.33739,50.73928],[4.33817,50.73939],[4.34098,50.73956],[4.3405,50.74051],[4.34057,50.74098],[4.33951,50.74151],[4.34137,50.74236],[4.34093,50.74286],[4.34072,50.74281],[4.34012,50.74373],[4.33967,50.74421],[4.34108,50.74502],[4.3415,50.74542],[4.34175,50.74527],[4.3425,50.7454],[4.34366,50.74591],[4.34499,50.74608],[4.3456,50.74597],[4.34635,50.74697],[4.34689,50.74732],[4.34756,50.74822],[4.3476,50.74953],[4.34942,50.74968],[4.35123,50.74959],[4.35187,50.7495],[4.35197,50.74901],[4.35267,50.74918],[4.35319,50.74966],[4.35355,50.75052],[4.3535,50.75174],[4.35381,50.75376],[4.35394,50.75414],[4.35599,50.75712]]]}},{"type":"Feature","id":"23009","bbox":[3.88932,50.688971,3.974173,50.73304],"properties":{"nis":"23009","name":"Bever","nameNl":"Bever","nameFr":"Biévène","nameDe":"Bever","province":"vlaams-brabant","region":"flanders","areaKm2":19.18},"geometry":{"type":"Polygon","coordinates":[[[3.94372,50.72906],[3.94124,50.72928],[3.94058,50.72961],[3.93992,50.72971],[3.93877,50.72965],[3.9375,50.72992],[3.9371,50.73011],[3.93712,50.73041],[3.93657,50.73082],[3.93457,50.73026],[3.93449,50.73078],[3.93293,50.73039],[3.93103,50.72978],[3.93038,50.72991],[3.92916,50.72977],[3.92683,50.72963],[3.92534,50.72908],[3.9249,50.72912],[3.92247,50.72967],[3.92028,50.72782],[3.9198,50.72757],[3.91915,50.72768],[3.91765,50.72848],[3.91654,50.72901],[3.91499,50.73013],[3.91386,50.73148],[3.91344,50.73212],[3.91324,50.73295],[3.91029,50.7306],[3.91091,50.73004],[3.91,50.72916],[3.90897,50.73026],[3.90605,50.72906],[3.90413,50.73051],[3.90354,50.7312],[3.89572,50.73304],[3.89567,50.73301],[3.89388,50.72989],[3.89696,50.72918],[3.89673,50.72797],[3.89646,50.7274],[3.89497,50.72659],[3.89482,50.72547],[3.89457,50.7246],[3.89466,50.72377],[3.89399,50.72305],[3.89382,50.72228],[3.89285,50.72113],[3.89238,50.72031],[3.8923,50.71922],[3.89196,50.71776],[3.89077,50.71619],[3.88983,50.71511],[3.88992,50.71333],[3.88932,50.71279],[3.88932,50.71155],[3.89019,50.70998],[3.89203,50.70985],[3.89264,50.70973],[3.89321,50.70992],[3.89435,50.71063],[3.89535,50.71074],[3.89719,50.70913],[3.89797,50.7095],[3.90014,50.71025],[3.90159,50.71099],[3.90173,50.71072],[3.90139,50.70981],[3.90158,50.708],[3.90199,50.70719],[3.90307,50.70654],[3.90384,50.70663],[3.90395,50.70645],[3.9036,50.70537],[3.90413,50.70505],[3.90555,50.70455],[3.90769,50.70252],[3.90933,50.70195],[3.91005,50.70076],[3.91041,50.70038],[3.91191,50.69939],[3.91283,50.69912],[3.91345,50.69874],[3.9129,50.69837],[3.91311,50.69803],[3.91276,50.69782],[3.91097,50.69582],[3.91067,50.69501],[3.91012,50.6941],[3.91025,50.69396],[3.91005,50.69332],[3.90975,50.69299],[3.9097,50.69245],[3.91026,50.69252],[3.91084,50.69195],[3.91209,50.69118],[3.91297,50.69139],[3.91335,50.69128],[3.91456,50.69215],[3.91424,50.69283],[3.91481,50.69324],[3.91719,50.69227],[3.91857,50.69318],[3.91911,50.69283],[3.92195,50.69398],[3.9227,50.69396],[3.92227,50.69301],[3.92361,50.6924],[3.92362,50.69276],[3.92392,50.69305],[3.92339,50.69366],[3.92551,50.69397],[3.92552,50.69542],[3.92644,50.6955],[3.9279,50.69542],[3.92784,50.69523],[3.92924,50.69498],[3.92868,50.69383],[3.92991,50.69365],[3.92994,50.69347],[3.93087,50.6932],[3.92993,50.69117],[3.93028,50.69106],[3.9307,50.6904],[3.93145,50.6895],[3.93217,50.68975],[3.9349,50.6903],[3.93563,50.6905],[3.93931,50.68934],[3.93981,50.68939],[3.94008,50.68962],[3.94084,50.68959],[3.94157,50.68973],[3.9419,50.69037],[3.94293,50.6908],[3.94343,50.69081],[3.9441,50.69057],[3.9446,50.69072],[3.9461,50.69063],[3.94746,50.69069],[3.94959,50.69048],[3.95017,50.6905],[3.95187,50.6902],[3.95289,50.69009],[3.95346,50.68951],[3.95506,50.68902],[3.95622,50.68897],[3.95828,50.6893],[3.95878,50.68959],[3.95931,50.69008],[3.96158,50.69165],[3.96149,50.69174],[3.96232,50.69257],[3.96376,50.69428],[3.96429,50.69469],[3.96583,50.6962],[3.9666,50.69721],[3.96749,50.69813],[3.9686,50.69906],[3.96951,50.6997],[3.97091,50.70183],[3.97125,50.70222],[3.97196,50.70388],[3.9726,50.70567],[3.9733,50.70685],[3.97366,50.70808],[3.97391,50.7097],[3.97417,50.71077],[3.97375,50.71174],[3.97153,50.71323],[3.96992,50.71494],[3.96948,50.71492],[3.96936,50.7152],[3.96695,50.71656],[3.96624,50.71727],[3.96593,50.71724],[3.96527,50.71799],[3.96523,50.71828],[3.96475,50.71858],[3.96444,50.71845],[3.9634,50.72005],[3.96262,50.72059],[3.96233,50.72108],[3.96247,50.72169],[3.96178,50.72222],[3.96064,50.72245],[3.95823,50.72272],[3.95694,50.72204],[3.95549,50.72139],[3.95335,50.72055],[3.94983,50.71972],[3.94999,50.71933],[3.94721,50.71904],[3.94606,50.71942],[3.9457,50.71973],[3.94572,50.72011],[3.9461,50.72055],[3.94613,50.72137],[3.94562,50.72164],[3.945,50.72225],[3.94518,50.72258],[3.94483,50.72355],[3.94471,50.72468],[3.94433,50.72524],[3.94449,50.72604],[3.94352,50.72678],[3.94369,50.72696],[3.94344,50.72729],[3.94363,50.72751],[3.94339,50.72786],[3.94379,50.72811],[3.94372,50.72906]]]}},{"type":"Feature","id":"23016","bbox":[4.166009,50.812619,4.289841,50.890758],"properties":{"nis":"23016","name":"Dilbeek","nameNl":"Dilbeek","nameFr":"Dilbeek","nameDe":"Dilbeek","province":"vlaams-brabant","region":"flanders","areaKm2":41.31},"geometry":{"type":"Polygon","coordinates":[[[4.18783,50.88539],[4.18814,50.88517],[4.18923,50.8857],[4.19758,50.88312],[4.198,50.88331],[4.19815,50.8831],[4.20121,50.88232],[4.20339,50.88119],[4.20419,50.88099],[4.20446,50.87871],[4.20591,50.87743],[4.20627,50.87694],[4.2068,50.87584],[4.20433,50.87582],[4.20274,50.87566],[4.20334,50.87415],[4.204,50.87272],[4.20478,50.87198],[4.20497,50.87165],[4.20664,50.87008],[4.20672,50.86903],[4.20494,50.86816],[4.20429,50.86793],[4.20357,50.86784],[4.203,50.86792],[4.20311,50.86814],[4.20158,50.86809],[4.2009,50.86786],[4.20225,50.86768],[4.2029,50.86742],[4.2028,50.86698],[4.203,50.86635],[4.20357,50.86561],[4.20324,50.86547],[4.20282,50.86486],[4.20154,50.86331],[4.19901,50.86006],[4.19994,50.85959],[4.19771,50.85748],[4.19636,50.8563],[4.19501,50.85499],[4.19466,50.85416],[4.19365,50.85322],[4.19196,50.85099],[4.19178,50.85099],[4.18945,50.84855],[4.18849,50.84786],[4.18829,50.84759],[4.18568,50.84621],[4.18398,50.84562],[4.18142,50.84464],[4.17997,50.84414],[4.17998,50.8445],[4.17853,50.84428],[4.17356,50.8436],[4.17081,50.84303],[4.16976,50.84267],[4.16762,50.84306],[4.16601,50.84181],[4.16697,50.84082],[4.16718,50.84026],[4.16778,50.83961],[4.16924,50.83834],[4.17216,50.83718],[4.17461,50.83578],[4.17529,50.83493],[4.17623,50.83401],[4.17775,50.83304],[4.17947,50.83289],[4.18064,50.83261],[4.18167,50.83223],[4.18343,50.83213],[4.18572,50.83208],[4.1863,50.83184],[4.18725,50.8311],[4.18846,50.83107],[4.18898,50.83126],[4.18957,50.83123],[4.19188,50.83069],[4.19366,50.83013],[4.19695,50.82859],[4.19774,50.82817],[4.19923,50.82776],[4.19992,50.82748],[4.20018,50.82656],[4.20131,50.82665],[4.20199,50.8264],[4.20486,50.82606],[4.2056,50.82609],[4.20618,50.82519],[4.20719,50.82423],[4.20733,50.8233],[4.2075,50.82292],[4.20717,50.82216],[4.20787,50.82107],[4.20923,50.81961],[4.2112,50.81797],[4.21145,50.81764],[4.21131,50.81655],[4.21143,50.81585],[4.21123,50.81467],[4.21168,50.81481],[4.21203,50.81763],[4.2132,50.81827],[4.2137,50.81888],[4.21416,50.82028],[4.21477,50.82024],[4.21525,50.82112],[4.21546,50.82208],[4.21634,50.82219],[4.21797,50.82136],[4.21926,50.82037],[4.21971,50.81963],[4.22035,50.81966],[4.22045,50.81951],[4.22207,50.81977],[4.21988,50.82335],[4.22189,50.82359],[4.22227,50.82382],[4.22096,50.82418],[4.22054,50.82572],[4.2203,50.82621],[4.22143,50.82663],[4.22095,50.82735],[4.22144,50.82754],[4.2225,50.82659],[4.22335,50.82687],[4.22391,50.82596],[4.22467,50.82618],[4.22748,50.82182],[4.22782,50.82116],[4.22977,50.81927],[4.23058,50.81832],[4.2314,50.81691],[4.23152,50.81696],[4.23221,50.81565],[4.23303,50.81557],[4.23368,50.81565],[4.23416,50.81588],[4.23345,50.81722],[4.23565,50.81752],[4.23627,50.81562],[4.23643,50.81546],[4.23744,50.81528],[4.23749,50.81517],[4.24035,50.81466],[4.24079,50.81451],[4.24245,50.81347],[4.24415,50.81262],[4.24423,50.81465],[4.24435,50.81636],[4.24414,50.81636],[4.24415,50.81761],[4.24406,50.8179],[4.24493,50.81773],[4.24438,50.81954],[4.24377,50.81958],[4.24537,50.82051],[4.2476,50.82194],[4.25084,50.82438],[4.25118,50.82422],[4.25316,50.82515],[4.25431,50.82629],[4.25483,50.82702],[4.25551,50.82845],[4.25505,50.82878],[4.25509,50.8293],[4.25563,50.82933],[4.25567,50.8304],[4.25521,50.83143],[4.25443,50.83227],[4.25455,50.83257],[4.25516,50.8329],[4.2548,50.83312],[4.25469,50.83355],[4.25636,50.83493],[4.25717,50.83535],[4.25839,50.83577],[4.25877,50.83599],[4.26029,50.8354],[4.26188,50.83518],[4.26266,50.83544],[4.26348,50.83534],[4.26356,50.83557],[4.26445,50.83553],[4.26455,50.83587],[4.2681,50.83631],[4.26916,50.83635],[4.2719,50.83621],[4.27186,50.83701],[4.273,50.83801],[4.27323,50.83868],[4.27426,50.83859],[4.27516,50.83893],[4.2765,50.8383],[4.27772,50.83785],[4.2785,50.83781],[4.27965,50.83795],[4.2807,50.83787],[4.28294,50.83785],[4.28275,50.8396],[4.28173,50.83953],[4.28161,50.84005],[4.28302,50.84018],[4.28291,50.84057],[4.28372,50.84066],[4.2833,50.84183],[4.28379,50.84194],[4.28362,50.8438],[4.28436,50.84378],[4.28458,50.84402],[4.2847,50.845],[4.28461,50.8453],[4.28429,50.8454],[4.28458,50.84571],[4.28464,50.84646],[4.2835,50.84698],[4.28325,50.84699],[4.2837,50.84775],[4.28421,50.84819],[4.2849,50.84838],[4.28575,50.84786],[4.28628,50.84776],[4.28718,50.84787],[4.28825,50.84827],[4.28755,50.84931],[4.28724,50.85],[4.28644,50.85128],[4.28607,50.85164],[4.28415,50.85285],[4.28332,50.85328],[4.2832,50.85376],[4.28439,50.85438],[4.28521,50.85457],[4.28672,50.85471],[4.28984,50.85587],[4.28936,50.85662],[4.28838,50.85757],[4.28753,50.85691],[4.28704,50.8576],[4.28697,50.85747],[4.28401,50.85831],[4.28424,50.8585],[4.28345,50.8588],[4.28389,50.85925],[4.28265,50.85969],[4.28233,50.8592],[4.28034,50.85991],[4.28051,50.86011],[4.28078,50.86146],[4.28033,50.86149],[4.28042,50.86207],[4.2793,50.86435],[4.27922,50.86485],[4.27963,50.86516],[4.27926,50.86571],[4.28006,50.86682],[4.28051,50.8672],[4.28117,50.86705],[4.28212,50.86778],[4.28265,50.86802],[4.28363,50.8687],[4.28402,50.86885],[4.28449,50.86945],[4.2855,50.87022],[4.28548,50.87081],[4.28591,50.87117],[4.28586,50.8714],[4.28662,50.87203],[4.28862,50.87344],[4.28774,50.87445],[4.28613,50.87459],[4.28393,50.87546],[4.28052,50.8776],[4.27967,50.87832],[4.27778,50.87904],[4.27718,50.8791],[4.27681,50.87952],[4.27602,50.87947],[4.2753,50.87973],[4.27513,50.88001],[4.27426,50.88046],[4.27269,50.88091],[4.27155,50.88132],[4.27047,50.88181],[4.26979,50.8819],[4.26833,50.8825],[4.26699,50.88263],[4.26406,50.88245],[4.26384,50.88228],[4.26344,50.88244],[4.26203,50.88262],[4.26096,50.88258],[4.25752,50.8815],[4.25637,50.88183],[4.25203,50.88272],[4.24943,50.88262],[4.24771,50.88235],[4.24682,50.88232],[4.2463,50.88068],[4.24634,50.88027],[4.24488,50.8793],[4.24345,50.87845],[4.24273,50.87868],[4.24154,50.87883],[4.24151,50.88028],[4.24034,50.8804],[4.24065,50.8813],[4.23995,50.88242],[4.2395,50.88252],[4.23968,50.88284],[4.23935,50.8831],[4.23851,50.88264],[4.23673,50.88346],[4.23568,50.88365],[4.2345,50.88397],[4.23347,50.8841],[4.23073,50.88515],[4.22977,50.88543],[4.22931,50.88575],[4.22854,50.88602],[4.22815,50.88592],[4.22721,50.88595],[4.22745,50.88623],[4.2282,50.88769],[4.22817,50.8881],[4.22911,50.88845],[4.22946,50.88839],[4.23062,50.88859],[4.23041,50.88889],[4.229,50.88869],[4.22711,50.88975],[4.22693,50.88924],[4.22629,50.88931],[4.22622,50.889],[4.22494,50.88927],[4.22485,50.89076],[4.21934,50.89019],[4.21748,50.88908],[4.21682,50.88825],[4.21597,50.88735],[4.21491,50.88669],[4.21408,50.88657],[4.21354,50.88637],[4.21255,50.88629],[4.21194,50.88645],[4.21174,50.88697],[4.21081,50.88686],[4.20953,50.88689],[4.20767,50.8876],[4.20742,50.8878],[4.20568,50.88799],[4.20514,50.88836],[4.2041,50.88836],[4.20343,50.88816],[4.20312,50.88828],[4.20112,50.88823],[4.19994,50.88801],[4.19764,50.88817],[4.19652,50.88796],[4.19569,50.88826],[4.19522,50.8882],[4.19505,50.88781],[4.19379,50.88787],[4.19289,50.88782],[4.1908,50.88756],[4.18959,50.88717],[4.18895,50.88663],[4.18894,50.88574],[4.18783,50.88539]]]}},{"type":"Feature","id":"23025","bbox":[4.318343,50.900916,4.426395,50.990661],"properties":{"nis":"23025","name":"Grimbergen","nameNl":"Grimbergen","nameFr":"Grimbergen","nameDe":"Grimbergen","province":"vlaams-brabant","region":"flanders","areaKm2":38.53},"geometry":{"type":"Polygon","coordinates":[[[4.33896,50.92073],[4.33846,50.92007],[4.33812,50.9202],[4.33735,50.92009],[4.33605,50.91952],[4.33559,50.9194],[4.33537,50.91908],[4.33461,50.91872],[4.3333,50.91828],[4.33297,50.9179],[4.33194,50.91735],[4.33156,50.91703],[4.33056,50.91678],[4.32796,50.91549],[4.32686,50.91515],[4.32631,50.91475],[4.32556,50.91453],[4.3248,50.91413],[4.32355,50.91364],[4.32256,50.91296],[4.32167,50.91257],[4.32058,50.91235],[4.32045,50.91247],[4.31941,50.91249],[4.31843,50.91198],[4.31888,50.91168],[4.31857,50.91145],[4.3184,50.91077],[4.31898,50.91036],[4.3192,50.91039],[4.32071,50.90935],[4.32104,50.90891],[4.32185,50.90843],[4.32223,50.90843],[4.32288,50.90813],[4.32293,50.90786],[4.32372,50.90615],[4.32339,50.90592],[4.32382,50.90539],[4.32399,50.90541],[4.3252,50.90374],[4.32548,50.90387],[4.32782,50.90227],[4.32742,50.90209],[4.32992,50.90171],[4.33063,50.90144],[4.33092,50.90092],[4.33272,50.90133],[4.33366,50.90147],[4.34074,50.90232],[4.34286,50.90242],[4.34482,50.90228],[4.34704,50.90174],[4.3481,50.90153],[4.35172,50.90131],[4.3533,50.90127],[4.35731,50.90137],[4.36046,50.90118],[4.3612,50.9023],[4.36199,50.90287],[4.36248,50.90357],[4.36366,50.90551],[4.36454,50.90712],[4.36536,50.90894],[4.36557,50.9092],[4.36603,50.91069],[4.36659,50.91221],[4.36698,50.91305],[4.36818,50.91495],[4.36831,50.91597],[4.36971,50.91621],[4.3701,50.91617],[4.37141,50.91661],[4.37165,50.91647],[4.37213,50.91675],[4.37374,50.9172],[4.37404,50.91705],[4.37458,50.91725],[4.37581,50.91736],[4.3767,50.91759],[4.37751,50.91754],[4.37826,50.91772],[4.37945,50.91779],[4.37991,50.91796],[4.38127,50.9181],[4.38152,50.91798],[4.38212,50.91814],[4.38296,50.91776],[4.38648,50.91824],[4.38694,50.91823],[4.38964,50.91902],[4.39288,50.91936],[4.39478,50.91968],[4.39586,50.92024],[4.39575,50.9206],[4.39637,50.92072],[4.39795,50.92158],[4.39871,50.92191],[4.40006,50.92289],[4.40126,50.92368],[4.40228,50.9247],[4.40308,50.925],[4.40308,50.925],[4.40345,50.92514],[4.40367,50.92553],[4.40498,50.92658],[4.40563,50.927],[4.40642,50.92698],[4.40764,50.9268],[4.4095,50.92675],[4.41012,50.927],[4.41124,50.92713],[4.41283,50.92712],[4.41315,50.92701],[4.41438,50.92792],[4.41265,50.92951],[4.4147,50.93008],[4.41492,50.93047],[4.41424,50.93101],[4.41369,50.93188],[4.41342,50.93268],[4.41513,50.93235],[4.41527,50.93238],[4.41569,50.9333],[4.41469,50.93401],[4.41469,50.93458],[4.41617,50.93514],[4.41641,50.93575],[4.41724,50.93604],[4.41762,50.93632],[4.41757,50.9368],[4.41662,50.93666],[4.41625,50.93693],[4.41679,50.9374],[4.41842,50.93743],[4.41895,50.93758],[4.41881,50.93793],[4.41907,50.93839],[4.41968,50.9389],[4.41999,50.93951],[4.41995,50.93991],[4.41883,50.94032],[4.41905,50.94066],[4.41996,50.9406],[4.42021,50.94097],[4.41929,50.94146],[4.41952,50.94182],[4.41956,50.94242],[4.41997,50.9426],[4.42101,50.94275],[4.42161,50.94304],[4.42258,50.94318],[4.42243,50.94429],[4.42318,50.94443],[4.42373,50.9441],[4.42381,50.94381],[4.42439,50.94403],[4.42557,50.94468],[4.42501,50.94507],[4.42625,50.94501],[4.4264,50.94653],[4.42533,50.94657],[4.42555,50.94796],[4.42463,50.94782],[4.42347,50.94753],[4.42299,50.94827],[4.42238,50.94836],[4.42237,50.94854],[4.4215,50.94888],[4.42069,50.9497],[4.42017,50.95064],[4.41994,50.95082],[4.42135,50.95145],[4.42142,50.95161],[4.42067,50.9521],[4.41988,50.95308],[4.41804,50.95312],[4.41731,50.95371],[4.41663,50.95411],[4.41574,50.95445],[4.4139,50.95642],[4.41376,50.95718],[4.41259,50.95853],[4.41253,50.9591],[4.41275,50.9622],[4.4128,50.96212],[4.41626,50.96396],[4.41574,50.96453],[4.41736,50.96637],[4.41868,50.96803],[4.41913,50.96867],[4.41886,50.96871],[4.41786,50.96926],[4.41754,50.96963],[4.41772,50.97009],[4.41636,50.97002],[4.41478,50.97012],[4.41371,50.97046],[4.41275,50.97052],[4.41161,50.97008],[4.4108,50.97006],[4.41024,50.96981],[4.40902,50.9702],[4.40757,50.97027],[4.40693,50.97133],[4.40706,50.97172],[4.40515,50.97298],[4.40614,50.9736],[4.40779,50.97497],[4.40804,50.97547],[4.40792,50.97597],[4.40799,50.97697],[4.40591,50.97834],[4.40625,50.97885],[4.4073,50.97885],[4.40903,50.97952],[4.40995,50.97971],[4.41068,50.98053],[4.41074,50.9809],[4.41031,50.98203],[4.41066,50.98245],[4.41058,50.98296],[4.40984,50.98359],[4.40938,50.9838],[4.40934,50.98415],[4.40987,50.98485],[4.40963,50.98513],[4.40812,50.98606],[4.40722,50.98641],[4.40691,50.9867],[4.40677,50.98722],[4.40608,50.98829],[4.40545,50.98797],[4.40406,50.98772],[4.40245,50.9873],[4.40176,50.98727],[4.39991,50.9868],[4.39811,50.98607],[4.39679,50.98575],[4.39612,50.98524],[4.39554,50.98458],[4.3944,50.98406],[4.39296,50.98319],[4.39214,50.98215],[4.39175,50.98237],[4.39179,50.98274],[4.39051,50.9833],[4.38957,50.98311],[4.38826,50.98359],[4.38774,50.98355],[4.38698,50.98369],[4.3851,50.98606],[4.38443,50.9859],[4.38313,50.98751],[4.38006,50.99066],[4.37891,50.99004],[4.37874,50.9897],[4.378,50.98927],[4.37804,50.98906],[4.37642,50.98774],[4.37473,50.98702],[4.37414,50.98692],[4.37195,50.98607],[4.37096,50.98575],[4.36989,50.98573],[4.36927,50.98531],[4.36928,50.98508],[4.3683,50.98472],[4.36781,50.9842],[4.36785,50.98394],[4.36727,50.98348],[4.36574,50.98315],[4.36531,50.98315],[4.36441,50.98231],[4.36443,50.98135],[4.36372,50.98075],[4.36374,50.9806],[4.36281,50.9793],[4.36191,50.97875],[4.36162,50.97828],[4.361,50.97765],[4.36075,50.97766],[4.36123,50.97586],[4.36086,50.97558],[4.3606,50.97484],[4.36026,50.97464],[4.35992,50.97399],[4.35966,50.9738],[4.35907,50.97287],[4.35894,50.97247],[4.3584,50.97209],[4.35743,50.97108],[4.35684,50.97063],[4.35606,50.97027],[4.35587,50.9704],[4.3548,50.96971],[4.35355,50.96864],[4.35268,50.96779],[4.35212,50.96677],[4.35201,50.96612],[4.35203,50.96522],[4.35182,50.96464],[4.35096,50.9642],[4.35066,50.96375],[4.34955,50.96312],[4.34853,50.96273],[4.34676,50.96005],[4.34603,50.9604],[4.34574,50.95963],[4.34434,50.95679],[4.34533,50.95561],[4.34712,50.95411],[4.3485,50.95331],[4.35026,50.95219],[4.35073,50.94902],[4.35091,50.94807],[4.35325,50.94591],[4.35233,50.94586],[4.35115,50.94567],[4.34837,50.94537],[4.34724,50.94545],[4.3498,50.94222],[4.34726,50.94043],[4.34399,50.93711],[4.34533,50.93504],[4.34712,50.93158],[4.34642,50.93003],[4.34605,50.92957],[4.34627,50.92907],[4.3455,50.9287],[4.34404,50.92857],[4.34366,50.92806],[4.34323,50.9282],[4.34261,50.92794],[4.34152,50.92675],[4.3414,50.92619],[4.34101,50.92609],[4.34152,50.92528],[4.34215,50.9234],[4.34195,50.92316],[4.34096,50.92278],[4.34117,50.92235],[4.34059,50.92219],[4.34081,50.92158],[4.3405,50.9213],[4.33949,50.92105],[4.33896,50.92073]]]}},{"type":"Feature","id":"23027","bbox":[4.172008,50.689411,4.311943,50.77812],"properties":{"nis":"23027","name":"Halle","nameNl":"Halle","nameFr":"Hal","nameDe":"Halle","province":"vlaams-brabant","region":"flanders","areaKm2":44.78},"geometry":{"type":"Polygon","coordinates":[[[4.17201,50.72164],[4.17326,50.71916],[4.17384,50.71863],[4.17463,50.71738],[4.17509,50.71692],[4.1764,50.71631],[4.17719,50.71524],[4.17799,50.71382],[4.17829,50.71358],[4.18036,50.70914],[4.18159,50.70736],[4.18229,50.70682],[4.18768,50.70793],[4.18808,50.7083],[4.18869,50.70805],[4.18911,50.70845],[4.1899,50.70812],[4.19076,50.70804],[4.19307,50.70819],[4.19394,50.7079],[4.19967,50.70823],[4.20018,50.70775],[4.20229,50.7084],[4.20484,50.70902],[4.20632,50.70853],[4.20897,50.70811],[4.21177,50.70717],[4.21438,50.70576],[4.21434,50.70574],[4.21729,50.7041],[4.21897,50.70302],[4.2207,50.70203],[4.22326,50.70111],[4.2236,50.70091],[4.22484,50.69984],[4.22678,50.69973],[4.22716,50.69933],[4.22806,50.69968],[4.2311,50.6989],[4.2317,50.69778],[4.2326,50.69787],[4.23426,50.69815],[4.23528,50.69817],[4.23602,50.69776],[4.23627,50.69738],[4.23625,50.69662],[4.23689,50.69551],[4.23746,50.69492],[4.23769,50.69431],[4.23833,50.69353],[4.23957,50.69247],[4.23985,50.6911],[4.24067,50.69064],[4.24249,50.69019],[4.24505,50.68977],[4.24654,50.68945],[4.2472,50.68954],[4.2481,50.68997],[4.24846,50.69066],[4.24902,50.69122],[4.25179,50.69288],[4.2549,50.69494],[4.25596,50.69554],[4.25711,50.69684],[4.25791,50.69741],[4.25873,50.69813],[4.25935,50.69851],[4.26076,50.69958],[4.26157,50.70044],[4.263,50.70012],[4.26404,50.70002],[4.26409,50.69979],[4.26632,50.69924],[4.26888,50.69872],[4.26988,50.69869],[4.27092,50.69878],[4.2706,50.69961],[4.27235,50.70003],[4.27251,50.69976],[4.27445,50.70012],[4.27469,50.6997],[4.27438,50.69955],[4.27429,50.69914],[4.27597,50.69927],[4.27644,50.69907],[4.27762,50.69908],[4.27925,50.69887],[4.28092,50.69839],[4.28195,50.69832],[4.28286,50.69797],[4.28378,50.69814],[4.28447,50.69809],[4.28633,50.6974],[4.28719,50.69681],[4.2878,50.6955],[4.28847,50.69515],[4.2893,50.69456],[4.29035,50.69408],[4.29251,50.69476],[4.294,50.6951],[4.29454,50.69545],[4.29549,50.69583],[4.29667,50.69652],[4.2973,50.69697],[4.29896,50.69773],[4.30012,50.69833],[4.30292,50.69937],[4.30596,50.69938],[4.30655,50.69974],[4.30797,50.70025],[4.3098,50.70167],[4.31115,50.70292],[4.3098,50.70361],[4.30916,50.70425],[4.30849,50.70512],[4.30823,50.70567],[4.30838,50.70583],[4.3082,50.7064],[4.30832,50.70687],[4.30901,50.70801],[4.30961,50.70878],[4.31013,50.70984],[4.31077,50.71011],[4.31159,50.71096],[4.3113,50.71124],[4.31158,50.71174],[4.31188,50.71175],[4.3114,50.71235],[4.31159,50.71259],[4.311,50.71261],[4.31115,50.71281],[4.31099,50.71363],[4.31013,50.71369],[4.30921,50.71344],[4.30861,50.71344],[4.30751,50.71374],[4.30457,50.71425],[4.3039,50.71457],[4.3037,50.71489],[4.30241,50.71486],[4.30125,50.71505],[4.3007,50.71496],[4.29971,50.71567],[4.29927,50.71616],[4.29898,50.7161],[4.29873,50.71653],[4.29507,50.72006],[4.29488,50.72015],[4.29502,50.72065],[4.29342,50.72064],[4.29211,50.72099],[4.29078,50.72076],[4.28898,50.72052],[4.2875,50.72137],[4.2867,50.72353],[4.28543,50.72335],[4.28491,50.72308],[4.28509,50.72281],[4.28425,50.72205],[4.28357,50.72181],[4.28336,50.72126],[4.28286,50.72072],[4.28226,50.72062],[4.2824,50.72029],[4.28198,50.72024],[4.2816,50.71939],[4.27786,50.72017],[4.27648,50.72038],[4.27356,50.72043],[4.27301,50.72052],[4.27174,50.72144],[4.27241,50.72245],[4.27273,50.72307],[4.27329,50.72451],[4.27692,50.7228],[4.27966,50.72237],[4.28004,50.72293],[4.28056,50.72282],[4.28074,50.7241],[4.28362,50.7234],[4.2843,50.72467],[4.28327,50.72491],[4.28233,50.72528],[4.2812,50.72548],[4.27852,50.72565],[4.27614,50.72695],[4.2739,50.72859],[4.27435,50.72892],[4.2754,50.72995],[4.27434,50.73086],[4.27657,50.73113],[4.27693,50.73149],[4.2775,50.73307],[4.27806,50.73381],[4.27768,50.73403],[4.27716,50.7337],[4.27666,50.73404],[4.27603,50.73485],[4.27593,50.73532],[4.27572,50.73528],[4.27552,50.73581],[4.2744,50.7365],[4.27459,50.73663],[4.27352,50.73708],[4.27387,50.73749],[4.27203,50.73955],[4.2705,50.74082],[4.26988,50.74213],[4.26892,50.74399],[4.26865,50.74425],[4.26913,50.74462],[4.26784,50.74532],[4.26861,50.7459],[4.26771,50.74637],[4.26739,50.74682],[4.26535,50.7481],[4.26435,50.7486],[4.26306,50.74937],[4.2637,50.74972],[4.26252,50.75043],[4.26178,50.74991],[4.26097,50.75032],[4.26116,50.75051],[4.26031,50.75094],[4.26058,50.75118],[4.25988,50.75179],[4.25951,50.75176],[4.25876,50.75201],[4.25946,50.75268],[4.25916,50.75329],[4.25761,50.75428],[4.2552,50.75213],[4.24888,50.75531],[4.24607,50.75085],[4.24166,50.75233],[4.24022,50.75262],[4.23928,50.753],[4.23925,50.75351],[4.23838,50.75316],[4.23689,50.7528],[4.23574,50.75223],[4.23272,50.75098],[4.23284,50.75083],[4.23214,50.75042],[4.23103,50.75042],[4.23036,50.75005],[4.22997,50.75026],[4.22837,50.74984],[4.22736,50.74972],[4.2262,50.74987],[4.22374,50.7495],[4.22251,50.75094],[4.22224,50.75142],[4.22158,50.75203],[4.22118,50.75272],[4.21951,50.7546],[4.21841,50.75567],[4.21789,50.75664],[4.21751,50.75763],[4.21692,50.76003],[4.21699,50.7607],[4.21675,50.76169],[4.21658,50.76386],[4.21606,50.76527],[4.21594,50.76581],[4.21608,50.76751],[4.21554,50.76822],[4.21487,50.76864],[4.21421,50.76973],[4.21281,50.77074],[4.21172,50.772],[4.21146,50.77245],[4.21117,50.77377],[4.2109,50.77427],[4.21048,50.77541],[4.21051,50.77559],[4.21143,50.77736],[4.21167,50.77812],[4.21061,50.77809],[4.21013,50.77787],[4.20936,50.77787],[4.20876,50.77735],[4.2081,50.77721],[4.20781,50.77689],[4.20751,50.77695],[4.2067,50.77646],[4.20592,50.77636],[4.20589,50.77616],[4.20465,50.776],[4.20363,50.77574],[4.20299,50.77543],[4.20303,50.77519],[4.2022,50.77501],[4.20148,50.77427],[4.2009,50.77422],[4.20064,50.77372],[4.20023,50.77345],[4.19994,50.77353],[4.19934,50.77315],[4.19849,50.77302],[4.19801,50.77269],[4.19708,50.77256],[4.19706,50.77232],[4.19658,50.77232],[4.19553,50.77189],[4.19502,50.77187],[4.19446,50.77148],[4.19366,50.77137],[4.19338,50.77112],[4.19303,50.77136],[4.19217,50.77106],[4.19233,50.7707],[4.1912,50.77039],[4.1909,50.77011],[4.19017,50.77006],[4.19008,50.76982],[4.18938,50.76952],[4.18942,50.76933],[4.19037,50.76892],[4.19037,50.76833],[4.18891,50.76698],[4.18878,50.766],[4.18899,50.76538],[4.18891,50.76514],[4.18769,50.76436],[4.18735,50.76359],[4.18771,50.76282],[4.18802,50.76185],[4.18836,50.76156],[4.18839,50.7607],[4.18887,50.75987],[4.19097,50.75858],[4.19303,50.75771],[4.19457,50.75651],[4.19563,50.75656],[4.19615,50.75642],[4.19708,50.75569],[4.19715,50.75533],[4.19684,50.75484],[4.19682,50.7544],[4.19806,50.75307],[4.19803,50.75211],[4.19756,50.75162],[4.1967,50.75104],[4.1953,50.75033],[4.19642,50.74901],[4.19835,50.74769],[4.20044,50.74606],[4.20251,50.74526],[4.20094,50.74401],[4.20052,50.74404],[4.19942,50.74453],[4.19847,50.74506],[4.19678,50.74404],[4.19569,50.74401],[4.19377,50.74569],[4.19304,50.74611],[4.19205,50.74643],[4.19032,50.74578],[4.18814,50.74516],[4.1873,50.74627],[4.18646,50.74593],[4.1837,50.74758],[4.18234,50.74691],[4.18384,50.74359],[4.18417,50.74323],[4.18473,50.74302],[4.18546,50.74231],[4.1859,50.74232],[4.1887,50.73865],[4.19035,50.73631],[4.19071,50.73561],[4.19152,50.73433],[4.19303,50.73334],[4.19437,50.73229],[4.19621,50.73047],[4.19781,50.72926],[4.19608,50.72765],[4.19666,50.72732],[4.19462,50.72583],[4.19363,50.72715],[4.19339,50.72627],[4.1917,50.72667],[4.19161,50.72577],[4.18997,50.72451],[4.18932,50.72493],[4.18859,50.72509],[4.18802,50.72435],[4.18747,50.72288],[4.18708,50.72283],[4.18311,50.72276],[4.17949,50.72327],[4.17744,50.72341],[4.17672,50.72264],[4.17584,50.72219],[4.17487,50.72214],[4.1734,50.72175],[4.17201,50.72164]]]}},{"type":"Feature","id":"23033","bbox":[4.405202,50.735149,4.511534,50.782695],"properties":{"nis":"23033","name":"Hoeilaart","nameNl":"Hoeilaart","nameFr":"Hoeilaart","nameDe":"Hoeilaart","province":"vlaams-brabant","region":"flanders","areaKm2":20.46},"geometry":{"type":"Polygon","coordinates":[[[4.49417,50.75707],[4.49382,50.75725],[4.49515,50.75779],[4.49627,50.75798],[4.49823,50.75799],[4.49993,50.75818],[4.50082,50.75853],[4.50196,50.75964],[4.50263,50.76085],[4.50471,50.76047],[4.50579,50.76062],[4.50832,50.76109],[4.51025,50.76227],[4.51107,50.76267],[4.51032,50.76342],[4.51082,50.76575],[4.51153,50.76674],[4.51085,50.76684],[4.51004,50.76663],[4.50907,50.7666],[4.50821,50.76703],[4.5085,50.76766],[4.50892,50.7681],[4.50792,50.76814],[4.50751,50.76828],[4.5062,50.76833],[4.50471,50.7687],[4.50299,50.76881],[4.50188,50.76914],[4.50032,50.76882],[4.49879,50.76899],[4.49861,50.7693],[4.49746,50.76916],[4.49651,50.76935],[4.49548,50.76907],[4.49508,50.76871],[4.49335,50.76859],[4.49192,50.76831],[4.49106,50.76825],[4.49082,50.76799],[4.48881,50.76808],[4.48758,50.7679],[4.48686,50.7679],[4.48703,50.76838],[4.48708,50.76917],[4.48691,50.77012],[4.48642,50.77076],[4.48659,50.77172],[4.48639,50.77202],[4.48523,50.77209],[4.48492,50.77237],[4.48413,50.77242],[4.48407,50.77257],[4.4821,50.77319],[4.48135,50.77376],[4.4825,50.77382],[4.48234,50.77419],[4.48303,50.77399],[4.4834,50.77406],[4.48395,50.77366],[4.48439,50.7739],[4.4839,50.77477],[4.4845,50.77476],[4.48522,50.7751],[4.48581,50.7751],[4.48585,50.7766],[4.48576,50.77687],[4.48528,50.77689],[4.48463,50.77656],[4.48383,50.77702],[4.48345,50.77687],[4.48291,50.77635],[4.48306,50.77772],[4.48317,50.77788],[4.4818,50.77789],[4.48182,50.77832],[4.481,50.77912],[4.48073,50.77954],[4.48064,50.78036],[4.47868,50.78088],[4.47835,50.78075],[4.47562,50.78106],[4.47577,50.78014],[4.47541,50.77902],[4.47338,50.77846],[4.47272,50.77822],[4.47172,50.77862],[4.47109,50.77924],[4.47091,50.77979],[4.47032,50.77988],[4.47026,50.78037],[4.46992,50.78062],[4.46915,50.78043],[4.46808,50.78069],[4.46665,50.78022],[4.46682,50.77957],[4.46622,50.77951],[4.46619,50.7791],[4.46661,50.7784],[4.46571,50.77835],[4.46567,50.77803],[4.46494,50.77802],[4.46458,50.77824],[4.46455,50.77856],[4.46313,50.77872],[4.46261,50.77869],[4.46188,50.77888],[4.46118,50.77885],[4.4608,50.77868],[4.45961,50.77787],[4.45916,50.77772],[4.4591,50.77726],[4.45167,50.7827],[4.45146,50.7826],[4.43459,50.77648],[4.43316,50.77813],[4.42531,50.7755],[4.4168,50.77337],[4.42006,50.76913],[4.42256,50.76611],[4.4239,50.7649],[4.42236,50.76439],[4.41909,50.76336],[4.4052,50.75892],[4.41253,50.73981],[4.41429,50.73515],[4.42414,50.73592],[4.42955,50.73817],[4.43814,50.74164],[4.44035,50.74274],[4.46112,50.75412],[4.46355,50.75511],[4.46394,50.75456],[4.46417,50.75462],[4.46475,50.75386],[4.46634,50.75449],[4.46786,50.75384],[4.46834,50.75253],[4.46944,50.75266],[4.47108,50.75173],[4.47623,50.75262],[4.48025,50.75142],[4.48131,50.7525],[4.48254,50.7545],[4.48469,50.75253],[4.48538,50.75178],[4.4902,50.75387],[4.49125,50.75494],[4.49231,50.75448],[4.49417,50.75707]]]}},{"type":"Feature","id":"23038","bbox":[4.513086,50.909305,4.618853,50.970602],"properties":{"nis":"23038","name":"Kampenhout","nameNl":"Kampenhout","nameFr":"Kampenhout","nameDe":"Kampenhout","province":"vlaams-brabant","region":"flanders","areaKm2":33.52},"geometry":{"type":"Polygon","coordinates":[[[4.6039,50.93484],[4.60871,50.93516],[4.61131,50.93563],[4.61335,50.9357],[4.61461,50.93593],[4.61576,50.93595],[4.61716,50.93576],[4.61763,50.93559],[4.6182,50.93618],[4.61871,50.93934],[4.61859,50.94006],[4.61783,50.94335],[4.61747,50.94375],[4.61699,50.94476],[4.61637,50.94463],[4.61519,50.94496],[4.61445,50.94575],[4.61511,50.94634],[4.61594,50.94766],[4.61671,50.94847],[4.61696,50.94901],[4.61703,50.94965],[4.61735,50.95073],[4.61791,50.95225],[4.61885,50.95418],[4.61659,50.95478],[4.61569,50.95475],[4.61429,50.95508],[4.61132,50.95558],[4.61053,50.95602],[4.60843,50.95736],[4.60746,50.95757],[4.60581,50.9578],[4.60523,50.95795],[4.60421,50.95849],[4.60384,50.95883],[4.60391,50.95914],[4.60366,50.95923],[4.60089,50.96077],[4.59231,50.96528],[4.58575,50.96307],[4.58262,50.96212],[4.57841,50.96076],[4.57665,50.9601],[4.57526,50.95964],[4.57587,50.95859],[4.5749,50.9585],[4.5745,50.95858],[4.57282,50.95831],[4.57158,50.95822],[4.57115,50.95848],[4.57094,50.95884],[4.56999,50.9589],[4.56899,50.95842],[4.56838,50.95852],[4.56827,50.95897],[4.56737,50.95917],[4.56692,50.959],[4.56695,50.95861],[4.56619,50.95863],[4.56568,50.95907],[4.56542,50.95951],[4.56553,50.95995],[4.56529,50.95999],[4.56553,50.96062],[4.56597,50.96096],[4.56558,50.96107],[4.56598,50.96128],[4.5659,50.96166],[4.56529,50.96185],[4.56594,50.96211],[4.56573,50.96225],[4.56645,50.9625],[4.56624,50.96293],[4.56686,50.96317],[4.56653,50.96329],[4.56689,50.96352],[4.56568,50.96408],[4.56606,50.96424],[4.56564,50.96462],[4.56515,50.96425],[4.56457,50.96407],[4.56374,50.96414],[4.56328,50.96445],[4.56224,50.96491],[4.56086,50.96641],[4.55989,50.96732],[4.55957,50.96713],[4.55869,50.96749],[4.55823,50.96752],[4.55331,50.96762],[4.54896,50.96778],[4.54467,50.96811],[4.54313,50.96794],[4.5401,50.96674],[4.53983,50.96668],[4.53764,50.96785],[4.53715,50.9683],[4.53577,50.96844],[4.53509,50.96865],[4.53357,50.96939],[4.53224,50.96982],[4.53141,50.97021],[4.5298,50.97046],[4.52767,50.97023],[4.52666,50.97027],[4.52516,50.9706],[4.52543,50.96953],[4.52431,50.96959],[4.52328,50.96792],[4.52462,50.96769],[4.52475,50.96853],[4.52569,50.96865],[4.52616,50.96732],[4.52722,50.96748],[4.52727,50.96623],[4.52747,50.96541],[4.525,50.96552],[4.52359,50.96574],[4.52369,50.96599],[4.52194,50.96623],[4.52174,50.96533],[4.52112,50.9608],[4.52125,50.95994],[4.52089,50.95976],[4.52015,50.95864],[4.51875,50.95713],[4.51807,50.95632],[4.5174,50.9557],[4.51722,50.95487],[4.51732,50.95446],[4.517,50.95426],[4.51657,50.9532],[4.51677,50.95243],[4.5166,50.952],[4.51694,50.95183],[4.51681,50.95118],[4.51707,50.95043],[4.51641,50.9502],[4.5164,50.94987],[4.51678,50.94986],[4.51696,50.94906],[4.5175,50.9486],[4.51737,50.9483],[4.51752,50.94785],[4.5182,50.94761],[4.51886,50.947],[4.51861,50.9468],[4.51866,50.94592],[4.51829,50.94534],[4.51785,50.94371],[4.51711,50.94321],[4.51601,50.94313],[4.51453,50.94284],[4.51461,50.94263],[4.51415,50.94219],[4.51373,50.94136],[4.5139,50.94118],[4.51396,50.94045],[4.51382,50.93991],[4.51353,50.93975],[4.51401,50.93951],[4.51363,50.93901],[4.51349,50.93854],[4.51424,50.93837],[4.51387,50.93619],[4.51309,50.93237],[4.51315,50.93229],[4.52135,50.92739],[4.52216,50.92696],[4.51908,50.92578],[4.51946,50.92538],[4.51947,50.92499],[4.52098,50.92457],[4.52183,50.92441],[4.52216,50.9242],[4.52194,50.92386],[4.5224,50.92371],[4.52168,50.92298],[4.52182,50.92259],[4.52342,50.9218],[4.52527,50.92083],[4.52587,50.92066],[4.52525,50.92005],[4.52714,50.91956],[4.52721,50.91948],[4.52676,50.91849],[4.52745,50.91848],[4.52926,50.91887],[4.52896,50.91775],[4.53049,50.91763],[4.53049,50.91779],[4.53414,50.91747],[4.53327,50.91515],[4.5324,50.91329],[4.52613,50.91401],[4.526,50.914],[4.52363,50.91476],[4.52298,50.91409],[4.52417,50.91375],[4.52385,50.91343],[4.52689,50.91235],[4.52707,50.91285],[4.52832,50.91271],[4.53202,50.91221],[4.53194,50.91203],[4.53334,50.91178],[4.53281,50.91076],[4.53252,50.91081],[4.53196,50.90996],[4.5326,50.90976],[4.534,50.90931],[4.53564,50.90936],[4.53807,50.90954],[4.53816,50.91001],[4.54031,50.90988],[4.54068,50.91059],[4.54112,50.91188],[4.54422,50.91183],[4.54423,50.91141],[4.54493,50.91154],[4.54489,50.91238],[4.54694,50.91286],[4.54716,50.91254],[4.54907,50.91317],[4.54976,50.91265],[4.55178,50.91335],[4.5516,50.91358],[4.55223,50.91377],[4.55281,50.91312],[4.55441,50.9137],[4.55514,50.91288],[4.55556,50.91289],[4.55621,50.91218],[4.55649,50.91227],[4.55737,50.9113],[4.55782,50.91146],[4.55844,50.91077],[4.55922,50.91108],[4.55801,50.91246],[4.5597,50.91305],[4.55839,50.91449],[4.56088,50.91546],[4.56194,50.91433],[4.56165,50.9142],[4.56297,50.91272],[4.56333,50.91285],[4.5629,50.91334],[4.56585,50.91432],[4.56611,50.91406],[4.56759,50.91465],[4.5694,50.91283],[4.56981,50.91267],[4.57104,50.91316],[4.5707,50.91342],[4.57117,50.9137],[4.57148,50.91354],[4.57222,50.9139],[4.57159,50.91442],[4.57037,50.91391],[4.56893,50.91569],[4.57011,50.9161],[4.57049,50.91569],[4.57193,50.91623],[4.57177,50.91641],[4.57328,50.91689],[4.57439,50.91712],[4.57475,50.91668],[4.57698,50.91707],[4.57986,50.91857],[4.58082,50.91838],[4.58128,50.91841],[4.58183,50.91871],[4.58347,50.91922],[4.58551,50.92039],[4.58626,50.92074],[4.58645,50.92057],[4.58729,50.9204],[4.58851,50.91974],[4.59072,50.92023],[4.59121,50.9204],[4.59156,50.92081],[4.59254,50.9209],[4.5924,50.92278],[4.59195,50.92346],[4.59132,50.92359],[4.59105,50.92416],[4.59112,50.92462],[4.59029,50.92555],[4.5895,50.92572],[4.58927,50.92624],[4.58884,50.92647],[4.58926,50.92662],[4.58999,50.92963],[4.59148,50.92971],[4.59146,50.93025],[4.59306,50.93091],[4.59432,50.93122],[4.5938,50.93263],[4.60284,50.93458],[4.6039,50.93484]]]}},{"type":"Feature","id":"23039","bbox":[4.319506,50.968635,4.390359,51.0309],"properties":{"nis":"23039","name":"Kapelle-op-den-Bos","nameNl":"Kapelle-op-den-Bos","nameFr":"Capelle-au-Bois","nameDe":"Kapelle-op-den-Bos","province":"vlaams-brabant","region":"flanders","areaKm2":15.37},"geometry":{"type":"Polygon","coordinates":[[[4.35355,50.96864],[4.3548,50.96971],[4.35587,50.9704],[4.35606,50.97027],[4.35684,50.97063],[4.35743,50.97108],[4.3584,50.97209],[4.35894,50.97247],[4.35907,50.97287],[4.35966,50.9738],[4.35992,50.97399],[4.36026,50.97464],[4.3606,50.97484],[4.36086,50.97558],[4.36123,50.97586],[4.36075,50.97766],[4.361,50.97765],[4.36162,50.97828],[4.36191,50.97875],[4.36281,50.9793],[4.36374,50.9806],[4.36372,50.98075],[4.36443,50.98135],[4.36441,50.98231],[4.36531,50.98315],[4.36574,50.98315],[4.36727,50.98348],[4.36785,50.98394],[4.36781,50.9842],[4.3683,50.98472],[4.36928,50.98508],[4.36927,50.98531],[4.36989,50.98573],[4.37096,50.98575],[4.37195,50.98607],[4.37414,50.98692],[4.37473,50.98702],[4.37642,50.98774],[4.37804,50.98906],[4.378,50.98927],[4.37874,50.9897],[4.37891,50.99004],[4.38006,50.99066],[4.37765,50.99284],[4.37828,50.9931],[4.37801,50.99382],[4.37382,50.99774],[4.37265,50.99726],[4.37038,50.99931],[4.3698,50.99978],[4.3694,51.00032],[4.37039,51.001],[4.37168,51.00024],[4.37258,51.00092],[4.37317,51.00059],[4.37423,51.00132],[4.37285,51.00195],[4.37489,51.00301],[4.37633,51.00175],[4.37789,51.00279],[4.37716,51.00343],[4.37814,51.00381],[4.37916,51.00407],[4.37979,51.0037],[4.38078,51.00281],[4.38062,51.00277],[4.38139,51.00227],[4.38143,51.00199],[4.38271,51.00172],[4.38305,51.00227],[4.38393,51.00238],[4.38509,51.00279],[4.38601,51.00299],[4.38705,51.00432],[4.38814,51.00481],[4.38834,51.00516],[4.38927,51.00535],[4.38986,51.00575],[4.38996,51.00613],[4.38966,51.00627],[4.38963,51.00672],[4.38997,51.00798],[4.38984,51.00864],[4.39015,51.0092],[4.39013,51.01007],[4.39036,51.01025],[4.39029,51.01069],[4.38988,51.01114],[4.3893,51.01099],[4.38803,51.0112],[4.38685,51.01059],[4.38648,51.01057],[4.38544,51.01121],[4.38318,51.01192],[4.38318,51.01192],[4.38189,51.01218],[4.381,51.01243],[4.37889,51.01224],[4.37656,51.01263],[4.37486,51.01272],[4.37283,51.01239],[4.37129,51.01221],[4.37132,51.01318],[4.37071,51.01317],[4.37045,51.01365],[4.37064,51.01403],[4.37018,51.0142],[4.37008,51.01517],[4.37088,51.01528],[4.37195,51.01556],[4.37185,51.0165],[4.37213,51.01734],[4.37178,51.01907],[4.37254,51.01967],[4.3731,51.01996],[4.37309,51.02051],[4.37283,51.02164],[4.37319,51.02238],[4.37372,51.02275],[4.37452,51.0231],[4.37563,51.02315],[4.37614,51.02347],[4.37626,51.02408],[4.37675,51.02493],[4.37723,51.02531],[4.37805,51.02559],[4.37988,51.02644],[4.38068,51.02736],[4.38116,51.02819],[4.38096,51.02826],[4.38138,51.02876],[4.38169,51.02889],[4.38116,51.02939],[4.37752,51.02982],[4.37665,51.03028],[4.37472,51.0309],[4.37366,51.03048],[4.37259,51.0294],[4.37295,51.02894],[4.37375,51.02846],[4.37445,51.02832],[4.37573,51.02772],[4.3752,51.02729],[4.37418,51.02765],[4.37391,51.02756],[4.37232,51.02631],[4.37018,51.02606],[4.36916,51.02589],[4.36475,51.02408],[4.36387,51.02298],[4.36278,51.02251],[4.36269,51.02205],[4.36172,51.0206],[4.36154,51.01964],[4.36222,51.018],[4.3611,51.01774],[4.35953,51.01707],[4.35956,51.01692],[4.3574,51.01638],[4.35715,51.01711],[4.35631,51.0167],[4.35535,51.01671],[4.35222,51.01709],[4.35168,51.01721],[4.35055,51.01775],[4.34917,51.01882],[4.34867,51.01883],[4.34603,51.01778],[4.34392,51.01689],[4.34294,51.0167],[4.34219,51.01709],[4.3424,51.01745],[4.34239,51.0187],[4.34214,51.01921],[4.34224,51.01959],[4.34305,51.02008],[4.34388,51.02042],[4.3439,51.02072],[4.34455,51.02093],[4.34496,51.02131],[4.34603,51.0219],[4.34868,51.02353],[4.34937,51.02463],[4.34907,51.02507],[4.34804,51.02558],[4.34724,51.02684],[4.34659,51.02666],[4.34607,51.02716],[4.34542,51.02668],[4.34245,51.02665],[4.34228,51.0266],[4.34161,51.02744],[4.33917,51.02656],[4.33823,51.02632],[4.33194,51.02603],[4.32916,51.02632],[4.32604,51.02642],[4.32285,51.02671],[4.3195,51.02009],[4.32024,51.01904],[4.32123,51.01798],[4.32171,51.01762],[4.32307,51.01691],[4.32419,51.01658],[4.32593,51.01593],[4.32735,51.01518],[4.32881,51.01394],[4.32912,51.0127],[4.32892,51.01171],[4.32882,51.01045],[4.32897,51.00997],[4.32969,51.00872],[4.3296,51.00814],[4.32984,51.00736],[4.331,51.00614],[4.33144,51.00463],[4.3315,51.00344],[4.33172,51.00291],[4.33235,51.00209],[4.33345,51.00097],[4.33371,51.00031],[4.33444,50.999],[4.33567,50.99758],[4.33742,50.99626],[4.33877,50.99536],[4.33907,50.99502],[4.33955,50.9941],[4.34178,50.99099],[4.34343,50.98925],[4.34433,50.98808],[4.34466,50.98752],[4.3448,50.98656],[4.34579,50.98519],[4.34637,50.98467],[4.34764,50.98379],[4.34899,50.98259],[4.35035,50.98063],[4.34945,50.98011],[4.35,50.97927],[4.34946,50.97907],[4.34991,50.97846],[4.34908,50.9782],[4.34929,50.97796],[4.3483,50.97738],[4.34608,50.97652],[4.34601,50.9762],[4.34521,50.97605],[4.34431,50.97557],[4.34267,50.97528],[4.34207,50.97547],[4.34221,50.97504],[4.34272,50.97498],[4.34427,50.97439],[4.34705,50.97318],[4.34761,50.97289],[4.35263,50.96872],[4.35303,50.96897],[4.35355,50.96864]]]}},{"type":"Feature","id":"23044","bbox":[4.058979,50.84972,4.126328,50.888811],"properties":{"nis":"23044","name":"Liedekerke","nameNl":"Liedekerke","nameFr":"Liedekerke","nameDe":"Liedekerke","province":"vlaams-brabant","region":"flanders","areaKm2":10.12},"geometry":{"type":"Polygon","coordinates":[[[4.10612,50.8845],[4.10568,50.88469],[4.10477,50.88476],[4.10405,50.88456],[4.10296,50.88473],[4.10307,50.88509],[4.10265,50.88525],[4.10236,50.88489],[4.10143,50.88489],[4.10095,50.88465],[4.10021,50.88498],[4.0995,50.88493],[4.09953,50.88517],[4.09905,50.88511],[4.09847,50.88532],[4.09817,50.88523],[4.09794,50.88557],[4.09757,50.88538],[4.09671,50.88538],[4.09711,50.88639],[4.09766,50.88682],[4.09704,50.88742],[4.09571,50.88724],[4.09562,50.88777],[4.09483,50.88805],[4.09303,50.88834],[4.09221,50.88793],[4.08928,50.88881],[4.08882,50.8882],[4.08735,50.88736],[4.08675,50.88623],[4.08618,50.88556],[4.08736,50.88506],[4.08663,50.88448],[4.08672,50.8843],[4.08778,50.88417],[4.08795,50.88401],[4.08663,50.88238],[4.08622,50.88242],[4.08579,50.88217],[4.08615,50.88179],[4.08585,50.88139],[4.08468,50.88148],[4.08459,50.88115],[4.08497,50.8812],[4.08555,50.88083],[4.08473,50.88053],[4.08416,50.87979],[4.08443,50.87949],[4.08349,50.87914],[4.08366,50.87873],[4.08256,50.87846],[4.08223,50.87813],[4.08282,50.87755],[4.08277,50.87704],[4.08326,50.87688],[4.08477,50.8774],[4.08516,50.87733],[4.08506,50.8766],[4.08411,50.87529],[4.08339,50.87407],[4.0818,50.87306],[4.08113,50.87245],[4.08076,50.87166],[4.08022,50.8713],[4.07948,50.87105],[4.07779,50.87095],[4.0777,50.8713],[4.07651,50.87112],[4.07608,50.87059],[4.07491,50.87083],[4.07413,50.87066],[4.07367,50.87034],[4.07379,50.86952],[4.072,50.86949],[4.07115,50.87026],[4.0702,50.87035],[4.06954,50.87021],[4.06849,50.86963],[4.06844,50.86922],[4.0693,50.86817],[4.06913,50.86761],[4.06628,50.86564],[4.06448,50.86437],[4.06412,50.86369],[4.06437,50.86181],[4.06471,50.85968],[4.06431,50.85904],[4.06111,50.85657],[4.05898,50.8548],[4.06198,50.85404],[4.06187,50.85369],[4.06319,50.85345],[4.06321,50.85312],[4.06864,50.85211],[4.06911,50.85163],[4.07037,50.85235],[4.07071,50.85273],[4.07155,50.85276],[4.07257,50.85338],[4.07325,50.8533],[4.07577,50.85421],[4.07631,50.85494],[4.07932,50.85438],[4.08012,50.85512],[4.08041,50.85591],[4.08297,50.85544],[4.08414,50.85535],[4.08581,50.8559],[4.08575,50.85534],[4.08606,50.85515],[4.08835,50.85499],[4.08998,50.8546],[4.09099,50.85516],[4.09119,50.85572],[4.09212,50.85588],[4.09308,50.85588],[4.09372,50.8557],[4.09413,50.85506],[4.09455,50.85487],[4.09478,50.8543],[4.09591,50.85347],[4.09644,50.85246],[4.09756,50.85157],[4.09815,50.85054],[4.09884,50.85116],[4.10106,50.8502],[4.10149,50.85043],[4.10203,50.84972],[4.10267,50.85047],[4.10325,50.85038],[4.10349,50.85054],[4.10429,50.85064],[4.10417,50.85131],[4.10444,50.85189],[4.10577,50.85194],[4.10584,50.85371],[4.10628,50.85368],[4.10877,50.85607],[4.11171,50.85461],[4.11289,50.85548],[4.1132,50.85532],[4.11458,50.85594],[4.1158,50.85456],[4.1175,50.85367],[4.11773,50.85379],[4.12343,50.85565],[4.12547,50.85648],[4.12633,50.8569],[4.12576,50.85704],[4.12401,50.85774],[4.12273,50.85797],[4.12032,50.85931],[4.12005,50.85938],[4.11931,50.86028],[4.11554,50.86295],[4.11589,50.86386],[4.11693,50.86491],[4.1169,50.86575],[4.11731,50.86653],[4.11771,50.86691],[4.11758,50.86741],[4.11706,50.8681],[4.11721,50.86879],[4.11679,50.86914],[4.11686,50.86972],[4.11633,50.86988],[4.1155,50.87033],[4.11567,50.87067],[4.11533,50.87092],[4.11472,50.87086],[4.11448,50.87134],[4.11418,50.87124],[4.11376,50.87146],[4.11381,50.87171],[4.11328,50.87156],[4.11244,50.87208],[4.11217,50.87244],[4.11167,50.8725],[4.11159,50.87315],[4.11137,50.87351],[4.11094,50.87364],[4.11088,50.87401],[4.10994,50.87435],[4.10971,50.87465],[4.10887,50.87509],[4.1082,50.87568],[4.10847,50.87607],[4.10842,50.87647],[4.10881,50.87778],[4.10868,50.8783],[4.10826,50.87909],[4.10807,50.87989],[4.10752,50.88007],[4.10747,50.88051],[4.10679,50.88161],[4.107,50.88178],[4.10703,50.8823],[4.10678,50.88234],[4.10702,50.883],[4.10688,50.88353],[4.10626,50.88412],[4.10612,50.8845]]]}},{"type":"Feature","id":"23045","bbox":[4.221182,50.973908,4.333449,51.043194],"properties":{"nis":"23045","name":"Londerzeel","nameNl":"Londerzeel","nameFr":"Londerzeel","nameDe":"Londerzeel","province":"vlaams-brabant","region":"flanders","areaKm2":36.39},"geometry":{"type":"Polygon","coordinates":[[[4.33345,51.00097],[4.33235,51.00209],[4.33172,51.00291],[4.3315,51.00344],[4.33144,51.00463],[4.331,51.00614],[4.32984,51.00736],[4.3296,51.00814],[4.32969,51.00872],[4.32897,51.00997],[4.32882,51.01045],[4.32892,51.01171],[4.32912,51.0127],[4.32881,51.01394],[4.32735,51.01518],[4.32593,51.01593],[4.32419,51.01658],[4.32307,51.01691],[4.32171,51.01762],[4.32123,51.01798],[4.32024,51.01904],[4.3195,51.02009],[4.32285,51.02671],[4.32175,51.02707],[4.32167,51.02698],[4.31906,51.02796],[4.31582,51.02977],[4.31546,51.03003],[4.31478,51.03123],[4.31307,51.03322],[4.31186,51.03475],[4.30946,51.03645],[4.30845,51.03663],[4.30512,51.03696],[4.30322,51.03749],[4.29984,51.03853],[4.2995,51.03899],[4.29785,51.03928],[4.29783,51.03938],[4.29596,51.03978],[4.29373,51.04007],[4.2922,51.04011],[4.29011,51.04034],[4.28879,51.04031],[4.28666,51.04052],[4.28482,51.04027],[4.28327,51.03965],[4.28234,51.03987],[4.282,51.04062],[4.28246,51.04153],[4.28267,51.04244],[4.28188,51.0427],[4.28107,51.04278],[4.28121,51.04303],[4.28073,51.04319],[4.27922,51.04235],[4.27891,51.04269],[4.27854,51.04266],[4.27786,51.04231],[4.27622,51.04208],[4.27467,51.04205],[4.27305,51.04235],[4.27251,51.04234],[4.27062,51.04207],[4.27046,51.04193],[4.27022,51.04252],[4.26854,51.04231],[4.26873,51.04174],[4.26751,51.0416],[4.26774,51.04044],[4.26727,51.03966],[4.26627,51.03833],[4.26556,51.03785],[4.26529,51.0375],[4.26407,51.03721],[4.26282,51.03741],[4.26253,51.03668],[4.26211,51.03626],[4.26174,51.03613],[4.26076,51.03643],[4.25836,51.03613],[4.25791,51.03592],[4.25687,51.03579],[4.2561,51.03584],[4.2556,51.03559],[4.25504,51.03573],[4.25452,51.03545],[4.25329,51.03543],[4.25294,51.03558],[4.25293,51.03494],[4.25224,51.03468],[4.25074,51.03467],[4.24967,51.03437],[4.24408,51.03606],[4.24363,51.03636],[4.24314,51.03635],[4.24263,51.03696],[4.24112,51.03683],[4.24048,51.0362],[4.2393,51.03356],[4.23817,51.03142],[4.2381,51.03027],[4.2381,51.02844],[4.23801,51.02696],[4.23827,51.02673],[4.23807,51.02647],[4.23859,51.02485],[4.23942,51.02419],[4.23885,51.02306],[4.23895,51.02257],[4.23871,51.02244],[4.23845,51.02183],[4.23826,51.0201],[4.23804,51.02015],[4.23557,51.02012],[4.23611,51.01797],[4.23469,51.01782],[4.23278,51.0175],[4.22894,51.01716],[4.2276,51.0168],[4.22468,51.01575],[4.22344,51.01523],[4.22118,51.01417],[4.22193,51.0139],[4.2225,51.01345],[4.22375,51.01318],[4.22376,51.01296],[4.2246,51.01265],[4.2246,51.0124],[4.22535,51.0121],[4.22634,51.01196],[4.22715,51.01111],[4.22811,51.01078],[4.22878,51.01005],[4.22948,51.00958],[4.22941,51.00928],[4.23033,51.00927],[4.23071,51.00892],[4.23214,51.00812],[4.23277,51.0079],[4.2341,51.00697],[4.23443,51.00665],[4.23402,51.00642],[4.23473,51.00588],[4.23406,51.00524],[4.2338,51.00484],[4.23493,51.00406],[4.23477,51.00305],[4.23344,51.00231],[4.23219,51.00087],[4.23025,50.99987],[4.22955,50.99893],[4.22904,50.99853],[4.23017,50.99758],[4.23197,50.99635],[4.23307,50.99529],[4.23419,50.99444],[4.23473,50.99366],[4.23747,50.99231],[4.23847,50.99131],[4.23921,50.99081],[4.24033,50.98944],[4.24155,50.98837],[4.2409,50.98768],[4.24045,50.98694],[4.24213,50.98635],[4.24367,50.98551],[4.2427,50.98488],[4.24456,50.98373],[4.24481,50.98385],[4.24724,50.98265],[4.24729,50.98228],[4.2488,50.9817],[4.24861,50.98152],[4.24972,50.98017],[4.25083,50.97938],[4.2522,50.97785],[4.25346,50.97633],[4.25489,50.9757],[4.25554,50.97614],[4.25691,50.97554],[4.25714,50.97594],[4.25799,50.97641],[4.25785,50.97666],[4.25859,50.97693],[4.25942,50.97642],[4.26095,50.97598],[4.26269,50.97569],[4.26372,50.97514],[4.26551,50.97478],[4.26571,50.97466],[4.26645,50.97503],[4.26703,50.97507],[4.26754,50.97535],[4.2689,50.97512],[4.27067,50.97411],[4.27163,50.97391],[4.27262,50.97408],[4.27275,50.97541],[4.27326,50.97641],[4.27303,50.97656],[4.27334,50.97733],[4.27302,50.97834],[4.27286,50.97925],[4.2724,50.97992],[4.27211,50.97987],[4.27161,50.98015],[4.27081,50.98002],[4.27046,50.98177],[4.27092,50.98213],[4.27085,50.98246],[4.27321,50.98185],[4.27353,50.98222],[4.27498,50.98143],[4.27597,50.9808],[4.2769,50.98056],[4.27865,50.98162],[4.27902,50.98202],[4.27984,50.98255],[4.28073,50.98298],[4.28119,50.98297],[4.28172,50.98263],[4.28277,50.98167],[4.28308,50.98108],[4.2873,50.98398],[4.28902,50.98471],[4.29069,50.98673],[4.29198,50.98723],[4.29299,50.98787],[4.29555,50.98881],[4.29744,50.98996],[4.29771,50.99024],[4.29877,50.98984],[4.30186,50.99055],[4.30375,50.9909],[4.3046,50.99079],[4.30526,50.99089],[4.30534,50.99113],[4.3073,50.9909],[4.30709,50.99098],[4.30744,50.9915],[4.30708,50.99189],[4.30734,50.99213],[4.30683,50.99232],[4.30693,50.99257],[4.30792,50.99303],[4.30812,50.99345],[4.30793,50.9936],[4.30814,50.99431],[4.30848,50.99468],[4.3101,50.99464],[4.31044,50.99472],[4.31294,50.99483],[4.31404,50.99537],[4.31455,50.99589],[4.3149,50.99692],[4.31521,50.99735],[4.31572,50.99773],[4.31667,50.99823],[4.31802,51.0001],[4.31885,51.00093],[4.31891,51.00122],[4.31939,51.00168],[4.31964,51.0027],[4.32051,51.00347],[4.3213,51.00438],[4.32292,51.00343],[4.32414,51.00251],[4.32803,51.00011],[4.32968,50.99897],[4.33243,51.00033],[4.33345,51.00097]]]}},{"type":"Feature","id":"23047","bbox":[4.41572,50.878782,4.46973,50.924304],"properties":{"nis":"23047","name":"Machelen","nameNl":"Machelen","nameFr":"Machelen","nameDe":"Machelen","province":"vlaams-brabant","region":"flanders","areaKm2":11.45},"geometry":{"type":"Polygon","coordinates":[[[4.41572,50.90613],[4.41792,50.90542],[4.41749,50.90458],[4.41808,50.90396],[4.42063,50.90357],[4.42111,50.9032],[4.42212,50.90317],[4.4224,50.90261],[4.42296,50.90297],[4.42476,50.90175],[4.42499,50.90143],[4.42551,50.90113],[4.4261,50.901],[4.42647,50.90048],[4.42781,50.89996],[4.42779,50.8998],[4.42699,50.89951],[4.42615,50.89861],[4.42591,50.89851],[4.42676,50.89782],[4.42737,50.89761],[4.42844,50.89742],[4.4296,50.89685],[4.43137,50.89566],[4.43123,50.89526],[4.43279,50.89473],[4.43184,50.89393],[4.43196,50.89385],[4.43108,50.89338],[4.42932,50.89288],[4.42795,50.89176],[4.42704,50.89089],[4.42721,50.88986],[4.42751,50.88926],[4.42833,50.88844],[4.42991,50.88706],[4.43052,50.88625],[4.43146,50.88534],[4.43177,50.88479],[4.43404,50.88206],[4.43553,50.88043],[4.43643,50.87953],[4.43706,50.87878],[4.4425,50.87912],[4.44964,50.87973],[4.4507,50.88124],[4.45156,50.88229],[4.45348,50.88418],[4.45545,50.88598],[4.45626,50.88662],[4.45737,50.88721],[4.45629,50.8884],[4.4566,50.88894],[4.45734,50.88925],[4.45837,50.88994],[4.46102,50.89211],[4.46381,50.89398],[4.46821,50.89651],[4.46679,50.89829],[4.46973,50.89873],[4.46726,50.90515],[4.46711,50.90537],[4.46561,50.9062],[4.46429,50.90494],[4.45783,50.90778],[4.45906,50.91009],[4.46021,50.91159],[4.46001,50.91244],[4.46023,50.91318],[4.46099,50.91395],[4.46036,50.91409],[4.46144,50.91611],[4.46244,50.91572],[4.46332,50.91749],[4.46374,50.92089],[4.46537,50.92143],[4.4659,50.92148],[4.46475,50.9224],[4.46329,50.92281],[4.46213,50.92379],[4.46189,50.92372],[4.45879,50.92429],[4.45742,50.92408],[4.45399,50.92343],[4.45059,50.92287],[4.45007,50.92342],[4.44797,50.92256],[4.44887,50.92182],[4.44879,50.92095],[4.44782,50.92054],[4.44659,50.92027],[4.44029,50.91921],[4.43858,50.91973],[4.43784,50.91892],[4.43002,50.92141],[4.4254,50.91661],[4.42267,50.91367],[4.42265,50.91319],[4.42105,50.91164],[4.41572,50.90613]]]}},{"type":"Feature","id":"23050","bbox":[4.270457,50.920734,4.353546,51.004383],"properties":{"nis":"23050","name":"Meise","nameNl":"Meise","nameFr":"Meise","nameDe":"Meise","province":"vlaams-brabant","region":"flanders","areaKm2":34.94},"geometry":{"type":"Polygon","coordinates":[[[4.33345,51.00097],[4.33243,51.00033],[4.32968,50.99897],[4.32803,51.00011],[4.32414,51.00251],[4.32292,51.00343],[4.3213,51.00438],[4.32051,51.00347],[4.31964,51.0027],[4.31939,51.00168],[4.31891,51.00122],[4.31885,51.00093],[4.31802,51.0001],[4.31667,50.99823],[4.31572,50.99773],[4.31521,50.99735],[4.3149,50.99692],[4.31455,50.99589],[4.31404,50.99537],[4.31294,50.99483],[4.31044,50.99472],[4.3101,50.99464],[4.30848,50.99468],[4.30814,50.99431],[4.30793,50.9936],[4.30812,50.99345],[4.30792,50.99303],[4.30693,50.99257],[4.30683,50.99232],[4.30734,50.99213],[4.30708,50.99189],[4.30744,50.9915],[4.30709,50.99098],[4.3073,50.9909],[4.30534,50.99113],[4.30526,50.99089],[4.3046,50.99079],[4.30375,50.9909],[4.30186,50.99055],[4.29877,50.98984],[4.29771,50.99024],[4.29744,50.98996],[4.29555,50.98881],[4.29299,50.98787],[4.29198,50.98723],[4.29069,50.98673],[4.28902,50.98471],[4.2873,50.98398],[4.28308,50.98108],[4.28277,50.98167],[4.28172,50.98263],[4.28119,50.98297],[4.28073,50.98298],[4.27984,50.98255],[4.27902,50.98202],[4.27865,50.98162],[4.2769,50.98056],[4.27597,50.9808],[4.27498,50.98143],[4.27353,50.98222],[4.27321,50.98185],[4.27085,50.98246],[4.27092,50.98213],[4.27046,50.98177],[4.27081,50.98002],[4.27161,50.98015],[4.27211,50.97987],[4.2724,50.97992],[4.27286,50.97925],[4.27302,50.97834],[4.27334,50.97733],[4.27303,50.97656],[4.27326,50.97641],[4.27275,50.97541],[4.27262,50.97408],[4.27235,50.9735],[4.27257,50.97278],[4.27235,50.97173],[4.27143,50.97047],[4.27148,50.96973],[4.27097,50.96907],[4.27128,50.96852],[4.27215,50.96811],[4.27294,50.96793],[4.27491,50.96728],[4.27455,50.9667],[4.27408,50.96628],[4.27386,50.96523],[4.27363,50.96486],[4.27458,50.96427],[4.27521,50.96329],[4.27594,50.96277],[4.27738,50.96111],[4.28017,50.95842],[4.28291,50.95584],[4.28388,50.95499],[4.28342,50.95497],[4.28134,50.95407],[4.28121,50.95376],[4.28056,50.95355],[4.27964,50.95258],[4.27861,50.95205],[4.27851,50.95188],[4.27762,50.95152],[4.27786,50.95118],[4.27654,50.95069],[4.27755,50.95008],[4.28103,50.94858],[4.28414,50.94776],[4.28603,50.9469],[4.29065,50.94515],[4.29161,50.94526],[4.2936,50.94358],[4.29447,50.94245],[4.2956,50.94113],[4.29587,50.94091],[4.29323,50.93984],[4.29238,50.93966],[4.29111,50.93908],[4.29139,50.93868],[4.29032,50.93826],[4.28954,50.93784],[4.29016,50.93688],[4.29041,50.93517],[4.29077,50.93413],[4.29176,50.93314],[4.2927,50.93231],[4.29264,50.93185],[4.29241,50.93178],[4.29332,50.92942],[4.2954,50.93],[4.29627,50.92882],[4.29971,50.9227],[4.30094,50.9225],[4.30171,50.92252],[4.3018,50.9223],[4.30319,50.9225],[4.30672,50.92284],[4.30792,50.92322],[4.3086,50.92323],[4.31137,50.92401],[4.31304,50.92422],[4.31365,50.92439],[4.31401,50.924],[4.31591,50.92432],[4.31605,50.92413],[4.31737,50.92395],[4.31786,50.92411],[4.31833,50.9245],[4.31971,50.92504],[4.3198,50.92546],[4.32162,50.92616],[4.32334,50.92651],[4.3235,50.92703],[4.32375,50.92693],[4.32462,50.92719],[4.32484,50.92752],[4.32506,50.92739],[4.326,50.92789],[4.32735,50.92808],[4.32795,50.9273],[4.32865,50.92748],[4.32907,50.92695],[4.33213,50.92499],[4.33221,50.92487],[4.33572,50.92202],[4.33627,50.92163],[4.33698,50.92088],[4.3385,50.92087],[4.33896,50.92073],[4.33949,50.92105],[4.3405,50.9213],[4.34081,50.92158],[4.34059,50.92219],[4.34117,50.92235],[4.34096,50.92278],[4.34195,50.92316],[4.34215,50.9234],[4.34152,50.92528],[4.34101,50.92609],[4.3414,50.92619],[4.34152,50.92675],[4.34261,50.92794],[4.34323,50.9282],[4.34366,50.92806],[4.34404,50.92857],[4.3455,50.9287],[4.34627,50.92907],[4.34605,50.92957],[4.34642,50.93003],[4.34712,50.93158],[4.34533,50.93504],[4.34399,50.93711],[4.34726,50.94043],[4.3498,50.94222],[4.34724,50.94545],[4.34837,50.94537],[4.35115,50.94567],[4.35233,50.94586],[4.35325,50.94591],[4.35091,50.94807],[4.35073,50.94902],[4.35026,50.95219],[4.3485,50.95331],[4.34712,50.95411],[4.34533,50.95561],[4.34434,50.95679],[4.34574,50.95963],[4.34603,50.9604],[4.34676,50.96005],[4.34853,50.96273],[4.34955,50.96312],[4.35066,50.96375],[4.35096,50.9642],[4.35182,50.96464],[4.35203,50.96522],[4.35201,50.96612],[4.35212,50.96677],[4.35268,50.96779],[4.35355,50.96864],[4.35303,50.96897],[4.35263,50.96872],[4.34761,50.97289],[4.34705,50.97318],[4.34427,50.97439],[4.34272,50.97498],[4.34221,50.97504],[4.34207,50.97547],[4.34267,50.97528],[4.34431,50.97557],[4.34521,50.97605],[4.34601,50.9762],[4.34608,50.97652],[4.3483,50.97738],[4.34929,50.97796],[4.34908,50.9782],[4.34991,50.97846],[4.34946,50.97907],[4.35,50.97927],[4.34945,50.98011],[4.35035,50.98063],[4.34899,50.98259],[4.34764,50.98379],[4.34637,50.98467],[4.34579,50.98519],[4.3448,50.98656],[4.34466,50.98752],[4.34433,50.98808],[4.34343,50.98925],[4.34178,50.99099],[4.33955,50.9941],[4.33907,50.99502],[4.33877,50.99536],[4.33742,50.99626],[4.33567,50.99758],[4.33444,50.999],[4.33371,51.00031],[4.33345,51.00097]]]}},{"type":"Feature","id":"23052","bbox":[4.181608,50.908943,4.301799,50.998528],"properties":{"nis":"23052","name":"Merchtem","nameNl":"Merchtem","nameFr":"Merchtem","nameDe":"Merchtem","province":"vlaams-brabant","region":"flanders","areaKm2":36.78},"geometry":{"type":"Polygon","coordinates":[[[4.18405,50.94265],[4.18633,50.94134],[4.18702,50.94088],[4.19064,50.93756],[4.1915,50.93682],[4.19134,50.93673],[4.19161,50.93608],[4.19179,50.93624],[4.19336,50.93665],[4.19401,50.93645],[4.19579,50.93742],[4.19629,50.93778],[4.1981,50.93867],[4.19861,50.93823],[4.20232,50.93439],[4.20209,50.93425],[4.20334,50.93408],[4.20383,50.93432],[4.20501,50.93441],[4.20716,50.93545],[4.20795,50.9359],[4.20796,50.93713],[4.20823,50.93879],[4.20892,50.93864],[4.2095,50.93928],[4.21124,50.94087],[4.21183,50.9413],[4.21377,50.94225],[4.21474,50.9429],[4.21581,50.94241],[4.21601,50.94256],[4.21721,50.94197],[4.21793,50.94224],[4.21766,50.94239],[4.21902,50.94327],[4.2195,50.94295],[4.21975,50.94309],[4.22056,50.94259],[4.22103,50.94291],[4.22151,50.94259],[4.22248,50.94322],[4.22344,50.94429],[4.22385,50.94446],[4.22415,50.94381],[4.22609,50.94343],[4.22646,50.94345],[4.22644,50.9439],[4.22706,50.94379],[4.22621,50.94272],[4.22595,50.94119],[4.2262,50.94043],[4.22604,50.93993],[4.22639,50.93973],[4.226,50.93949],[4.22639,50.93901],[4.22681,50.93812],[4.22757,50.93722],[4.22715,50.93585],[4.22717,50.93486],[4.22692,50.93475],[4.22674,50.93403],[4.228,50.93281],[4.22812,50.9321],[4.22857,50.93178],[4.22856,50.9315],[4.2299,50.93077],[4.23024,50.9304],[4.23007,50.92962],[4.23021,50.92924],[4.23078,50.92911],[4.23072,50.92881],[4.23111,50.92878],[4.23117,50.92833],[4.23147,50.92837],[4.23186,50.92806],[4.23294,50.92783],[4.23382,50.92793],[4.23754,50.92806],[4.23807,50.92816],[4.23847,50.92856],[4.23909,50.92866],[4.23939,50.92812],[4.23912,50.92813],[4.23855,50.92737],[4.23858,50.92696],[4.23895,50.92662],[4.23879,50.92605],[4.23918,50.92583],[4.23893,50.92514],[4.2385,50.92493],[4.23864,50.92452],[4.23836,50.92436],[4.23842,50.92389],[4.23887,50.92332],[4.23931,50.92327],[4.24006,50.92256],[4.2402,50.92215],[4.24063,50.92169],[4.24231,50.92071],[4.24285,50.92103],[4.2435,50.92105],[4.2451,50.92157],[4.24542,50.92132],[4.24605,50.92148],[4.24652,50.92085],[4.24794,50.92105],[4.2501,50.91989],[4.25254,50.91873],[4.25628,50.91674],[4.26055,50.91461],[4.26057,50.9143],[4.26221,50.91415],[4.26318,50.91413],[4.26363,50.91277],[4.26781,50.91396],[4.26938,50.91447],[4.27074,50.91257],[4.27044,50.91226],[4.26744,50.91174],[4.26637,50.91137],[4.26475,50.91101],[4.26535,50.91021],[4.26643,50.91041],[4.267,50.91001],[4.26737,50.91005],[4.269,50.90894],[4.26935,50.90921],[4.27025,50.90958],[4.27098,50.90975],[4.27195,50.91069],[4.27337,50.91144],[4.27514,50.91212],[4.2753,50.91236],[4.2759,50.91256],[4.27603,50.91242],[4.27781,50.91289],[4.27901,50.91343],[4.2797,50.91356],[4.2805,50.91393],[4.28149,50.91406],[4.28275,50.91451],[4.28399,50.9148],[4.28445,50.91505],[4.28518,50.91516],[4.28673,50.91502],[4.28711,50.91526],[4.28702,50.91551],[4.28905,50.91596],[4.2924,50.91685],[4.29399,50.91782],[4.29466,50.91837],[4.29604,50.91907],[4.29681,50.9197],[4.29795,50.92036],[4.29828,50.92038],[4.30142,50.9223],[4.3018,50.9223],[4.30171,50.92252],[4.30094,50.9225],[4.29971,50.9227],[4.29627,50.92882],[4.2954,50.93],[4.29332,50.92942],[4.29241,50.93178],[4.29264,50.93185],[4.2927,50.93231],[4.29176,50.93314],[4.29077,50.93413],[4.29041,50.93517],[4.29016,50.93688],[4.28954,50.93784],[4.29032,50.93826],[4.29139,50.93868],[4.29111,50.93908],[4.29238,50.93966],[4.29323,50.93984],[4.29587,50.94091],[4.2956,50.94113],[4.29447,50.94245],[4.2936,50.94358],[4.29161,50.94526],[4.29065,50.94515],[4.28603,50.9469],[4.28414,50.94776],[4.28103,50.94858],[4.27755,50.95008],[4.27654,50.95069],[4.27786,50.95118],[4.27762,50.95152],[4.27851,50.95188],[4.27861,50.95205],[4.27964,50.95258],[4.28056,50.95355],[4.28121,50.95376],[4.28134,50.95407],[4.28342,50.95497],[4.28388,50.95499],[4.28291,50.95584],[4.28017,50.95842],[4.27738,50.96111],[4.27594,50.96277],[4.27521,50.96329],[4.27458,50.96427],[4.27363,50.96486],[4.27386,50.96523],[4.27408,50.96628],[4.27455,50.9667],[4.27491,50.96728],[4.27294,50.96793],[4.27215,50.96811],[4.27128,50.96852],[4.27097,50.96907],[4.27148,50.96973],[4.27143,50.97047],[4.27235,50.97173],[4.27257,50.97278],[4.27235,50.9735],[4.27262,50.97408],[4.27163,50.97391],[4.27067,50.97411],[4.2689,50.97512],[4.26754,50.97535],[4.26703,50.97507],[4.26645,50.97503],[4.26571,50.97466],[4.26551,50.97478],[4.26372,50.97514],[4.26269,50.97569],[4.26095,50.97598],[4.25942,50.97642],[4.25859,50.97693],[4.25785,50.97666],[4.25799,50.97641],[4.25714,50.97594],[4.25691,50.97554],[4.25554,50.97614],[4.25489,50.9757],[4.25346,50.97633],[4.2522,50.97785],[4.25083,50.97938],[4.24972,50.98017],[4.24861,50.98152],[4.2488,50.9817],[4.24729,50.98228],[4.24724,50.98265],[4.24481,50.98385],[4.24456,50.98373],[4.2427,50.98488],[4.24367,50.98551],[4.24213,50.98635],[4.24045,50.98694],[4.2409,50.98768],[4.24155,50.98837],[4.24033,50.98944],[4.23921,50.99081],[4.23847,50.99131],[4.23747,50.99231],[4.23473,50.99366],[4.23419,50.99444],[4.23307,50.99529],[4.23197,50.99635],[4.23017,50.99758],[4.22904,50.99853],[4.22773,50.99763],[4.22726,50.99656],[4.22634,50.99597],[4.22611,50.9961],[4.22445,50.99524],[4.22519,50.99463],[4.22432,50.9937],[4.22345,50.99334],[4.22247,50.99277],[4.22039,50.99194],[4.22248,50.99019],[4.22224,50.98958],[4.22,50.99104],[4.2179,50.99003],[4.21547,50.98962],[4.21501,50.98883],[4.2145,50.98887],[4.21037,50.9881],[4.20867,50.9877],[4.20626,50.98674],[4.20502,50.98613],[4.2041,50.98443],[4.20341,50.98372],[4.20264,50.98415],[4.20155,50.9838],[4.19964,50.98341],[4.19829,50.98295],[4.19771,50.98265],[4.19535,50.98319],[4.19506,50.98354],[4.19443,50.98375],[4.19344,50.98285],[4.19304,50.98335],[4.19232,50.98357],[4.19177,50.98333],[4.19063,50.98323],[4.1907,50.98272],[4.19187,50.98264],[4.19383,50.98171],[4.1949,50.98202],[4.19527,50.98174],[4.1953,50.98143],[4.19733,50.98054],[4.19907,50.98003],[4.19911,50.97987],[4.19849,50.97912],[4.19858,50.97838],[4.19829,50.97801],[4.19879,50.97735],[4.19855,50.97644],[4.19924,50.97576],[4.20001,50.97431],[4.20068,50.97357],[4.20103,50.97277],[4.20076,50.97235],[4.2024,50.97126],[4.20533,50.97157],[4.20535,50.97138],[4.20687,50.97139],[4.20739,50.97153],[4.20868,50.97038],[4.20951,50.97115],[4.21005,50.9713],[4.21203,50.97223],[4.21398,50.97266],[4.21402,50.97257],[4.216,50.97129],[4.21718,50.97025],[4.21829,50.96959],[4.22048,50.96754],[4.22151,50.96649],[4.22295,50.96516],[4.2238,50.96428],[4.224,50.96389],[4.22361,50.96381],[4.22395,50.96338],[4.22461,50.96292],[4.2253,50.96267],[4.22431,50.96217],[4.22349,50.96197],[4.22303,50.96173],[4.22316,50.96155],[4.22165,50.96083],[4.22088,50.96024],[4.22,50.95971],[4.21894,50.95959],[4.21863,50.95906],[4.21797,50.95849],[4.21808,50.95844],[4.21895,50.95679],[4.21783,50.95576],[4.21959,50.9553],[4.21878,50.95435],[4.22048,50.95327],[4.21871,50.95186],[4.21774,50.95133],[4.21822,50.95093],[4.21597,50.9499],[4.21479,50.95049],[4.21364,50.94962],[4.21305,50.95009],[4.21147,50.94881],[4.21016,50.94959],[4.21028,50.94968],[4.20884,50.95046],[4.20795,50.9499],[4.20725,50.95035],[4.20621,50.95038],[4.20566,50.95052],[4.20528,50.95041],[4.20508,50.94971],[4.204,50.94975],[4.20395,50.94903],[4.20435,50.94886],[4.20412,50.94814],[4.20418,50.94787],[4.20339,50.9474],[4.2008,50.94627],[4.19964,50.94596],[4.20023,50.94518],[4.19945,50.94487],[4.19975,50.9445],[4.19933,50.94437],[4.19965,50.94398],[4.19756,50.94304],[4.19794,50.94193],[4.19719,50.94116],[4.19555,50.94005],[4.19455,50.94118],[4.19344,50.94263],[4.19445,50.94304],[4.19245,50.94552],[4.19073,50.94747],[4.19002,50.94837],[4.18937,50.94877],[4.18761,50.95031],[4.18654,50.95008],[4.1862,50.95021],[4.18547,50.94995],[4.18469,50.94938],[4.18444,50.94903],[4.18393,50.94885],[4.18387,50.94848],[4.18299,50.94783],[4.18257,50.94771],[4.18265,50.94749],[4.18197,50.9474],[4.18161,50.94712],[4.18256,50.94615],[4.18231,50.94592],[4.18362,50.94436],[4.18496,50.94383],[4.18405,50.94265]]]}},{"type":"Feature","id":"23060","bbox":[4.142952,50.932016,4.225304,50.989123],"properties":{"nis":"23060","name":"Opwijk","nameNl":"Opwijk","nameFr":"Opwijk","nameDe":"Opwijk","province":"vlaams-brabant","region":"flanders","areaKm2":19.84},"geometry":{"type":"Polygon","coordinates":[[[4.16245,50.93231],[4.16297,50.93203],[4.16458,50.93311],[4.16713,50.93492],[4.16817,50.93539],[4.16847,50.93509],[4.16796,50.93435],[4.16809,50.93396],[4.16905,50.93318],[4.16983,50.93318],[4.17024,50.93333],[4.17086,50.9328],[4.1722,50.9338],[4.17251,50.93421],[4.17299,50.93588],[4.17379,50.93648],[4.17222,50.93771],[4.17327,50.93834],[4.17421,50.93871],[4.17528,50.93928],[4.17577,50.93942],[4.17693,50.93951],[4.17884,50.93986],[4.18087,50.93995],[4.18132,50.94014],[4.18188,50.94087],[4.18285,50.94145],[4.18405,50.94265],[4.18496,50.94383],[4.18362,50.94436],[4.18231,50.94592],[4.18256,50.94615],[4.18161,50.94712],[4.18197,50.9474],[4.18265,50.94749],[4.18257,50.94771],[4.18299,50.94783],[4.18387,50.94848],[4.18393,50.94885],[4.18444,50.94903],[4.18469,50.94938],[4.18547,50.94995],[4.1862,50.95021],[4.18654,50.95008],[4.18761,50.95031],[4.18937,50.94877],[4.19002,50.94837],[4.19073,50.94747],[4.19245,50.94552],[4.19445,50.94304],[4.19344,50.94263],[4.19455,50.94118],[4.19555,50.94005],[4.19719,50.94116],[4.19794,50.94193],[4.19756,50.94304],[4.19965,50.94398],[4.19933,50.94437],[4.19975,50.9445],[4.19945,50.94487],[4.20023,50.94518],[4.19964,50.94596],[4.2008,50.94627],[4.20339,50.9474],[4.20418,50.94787],[4.20412,50.94814],[4.20435,50.94886],[4.20395,50.94903],[4.204,50.94975],[4.20508,50.94971],[4.20528,50.95041],[4.20566,50.95052],[4.20621,50.95038],[4.20725,50.95035],[4.20795,50.9499],[4.20884,50.95046],[4.21028,50.94968],[4.21016,50.94959],[4.21147,50.94881],[4.21305,50.95009],[4.21364,50.94962],[4.21479,50.95049],[4.21597,50.9499],[4.21822,50.95093],[4.21774,50.95133],[4.21871,50.95186],[4.22048,50.95327],[4.21878,50.95435],[4.21959,50.9553],[4.21783,50.95576],[4.21895,50.95679],[4.21808,50.95844],[4.21797,50.95849],[4.21863,50.95906],[4.21894,50.95959],[4.22,50.95971],[4.22088,50.96024],[4.22165,50.96083],[4.22316,50.96155],[4.22303,50.96173],[4.22349,50.96197],[4.22431,50.96217],[4.2253,50.96267],[4.22461,50.96292],[4.22395,50.96338],[4.22361,50.96381],[4.224,50.96389],[4.2238,50.96428],[4.22295,50.96516],[4.22151,50.96649],[4.22048,50.96754],[4.21829,50.96959],[4.21718,50.97025],[4.216,50.97129],[4.21402,50.97257],[4.21398,50.97266],[4.21203,50.97223],[4.21005,50.9713],[4.20951,50.97115],[4.20868,50.97038],[4.20739,50.97153],[4.20687,50.97139],[4.20535,50.97138],[4.20533,50.97157],[4.2024,50.97126],[4.20076,50.97235],[4.20103,50.97277],[4.20068,50.97357],[4.20001,50.97431],[4.19924,50.97576],[4.19855,50.97644],[4.19879,50.97735],[4.19829,50.97801],[4.19858,50.97838],[4.19849,50.97912],[4.19911,50.97987],[4.19907,50.98003],[4.19733,50.98054],[4.1953,50.98143],[4.19527,50.98174],[4.1949,50.98202],[4.19383,50.98171],[4.19187,50.98264],[4.1907,50.98272],[4.18938,50.98302],[4.1886,50.9829],[4.18779,50.98244],[4.18701,50.98222],[4.18594,50.98242],[4.18509,50.98292],[4.18413,50.98386],[4.18312,50.98421],[4.18281,50.98459],[4.18196,50.98437],[4.18132,50.98466],[4.18073,50.98462],[4.18017,50.98512],[4.17952,50.98505],[4.17924,50.98531],[4.17816,50.98544],[4.17716,50.98582],[4.17662,50.98587],[4.17592,50.98631],[4.17556,50.9862],[4.17548,50.98683],[4.17513,50.98698],[4.17524,50.98736],[4.17416,50.98735],[4.17403,50.98759],[4.17327,50.98753],[4.17273,50.98764],[4.17268,50.98797],[4.17164,50.98791],[4.17137,50.98818],[4.17057,50.98838],[4.17036,50.98871],[4.16966,50.98868],[4.16939,50.98851],[4.16871,50.98859],[4.16812,50.98832],[4.16739,50.98844],[4.1666,50.988],[4.16582,50.9879],[4.1653,50.98799],[4.16514,50.98843],[4.16405,50.98904],[4.16383,50.98897],[4.16347,50.98886],[4.16311,50.98903],[4.16303,50.98862],[4.16223,50.98878],[4.16153,50.98867],[4.16092,50.98904],[4.16063,50.98877],[4.16006,50.98912],[4.15874,50.98814],[4.15734,50.98694],[4.15677,50.987],[4.15606,50.98595],[4.15663,50.98582],[4.15647,50.98525],[4.15655,50.98484],[4.1557,50.98453],[4.15548,50.98275],[4.15595,50.98235],[4.15682,50.98204],[4.15611,50.98055],[4.15595,50.98],[4.15607,50.97913],[4.15699,50.97834],[4.15716,50.97805],[4.15551,50.97713],[4.15465,50.97625],[4.15261,50.97466],[4.15198,50.97388],[4.15091,50.974],[4.15086,50.97485],[4.15003,50.97512],[4.14968,50.97495],[4.14932,50.97386],[4.1489,50.97392],[4.14881,50.9735],[4.14907,50.9731],[4.14868,50.97213],[4.14871,50.97168],[4.14833,50.971],[4.14787,50.97058],[4.14801,50.97002],[4.1475,50.96951],[4.14743,50.9693],[4.1459,50.96834],[4.145,50.96794],[4.1447,50.96728],[4.14409,50.9669],[4.14456,50.9664],[4.14395,50.96637],[4.14348,50.96617],[4.14323,50.96562],[4.14295,50.96544],[4.14374,50.96509],[4.14608,50.96353],[4.14788,50.96261],[4.14934,50.96113],[4.15074,50.95989],[4.15129,50.9593],[4.15373,50.95708],[4.15454,50.95629],[4.15576,50.95483],[4.15667,50.95384],[4.15481,50.95269],[4.15664,50.95104],[4.15762,50.94985],[4.15825,50.94872],[4.15923,50.94871],[4.15931,50.9486],[4.16048,50.94841],[4.16076,50.94817],[4.16206,50.94865],[4.16257,50.94896],[4.16331,50.94907],[4.16343,50.94871],[4.16262,50.94823],[4.16143,50.94779],[4.16027,50.94703],[4.16001,50.94653],[4.15986,50.94571],[4.15926,50.9453],[4.16051,50.94465],[4.1621,50.94405],[4.16263,50.94294],[4.15765,50.94033],[4.15598,50.93968],[4.15345,50.93892],[4.15407,50.9384],[4.16056,50.93378],[4.16245,50.93231]]]}},{"type":"Feature","id":"23062","bbox":[4.451666,50.727278,4.613405,50.808773],"properties":{"nis":"23062","name":"Overijse","nameNl":"Overijse","nameFr":"Overijse","nameDe":"Overijse","province":"vlaams-brabant","region":"flanders","areaKm2":44.84},"geometry":{"type":"Polygon","coordinates":[[[4.56763,50.80877],[4.56373,50.80807],[4.56078,50.80737],[4.56068,50.80728],[4.55485,50.80494],[4.55476,50.80487],[4.55477,50.80282],[4.55359,50.80255],[4.55271,50.80214],[4.55159,50.80218],[4.55114,50.80237],[4.55026,50.80243],[4.55005,50.803],[4.54973,50.80293],[4.54686,50.80322],[4.54568,50.80286],[4.54442,50.80232],[4.54332,50.80231],[4.54167,50.80184],[4.54137,50.80144],[4.54188,50.80004],[4.54176,50.79883],[4.5413,50.79859],[4.53864,50.79838],[4.53678,50.79778],[4.53594,50.7974],[4.53483,50.79678],[4.53453,50.79711],[4.53343,50.79768],[4.53204,50.79857],[4.53132,50.79963],[4.53522,50.79998],[4.53557,50.80232],[4.53393,50.8024],[4.53402,50.80319],[4.53217,50.8026],[4.52874,50.80219],[4.528,50.80204],[4.50654,50.79989],[4.49227,50.79844],[4.48335,50.79395],[4.48306,50.79382],[4.48241,50.79429],[4.48088,50.79469],[4.48061,50.79422],[4.48023,50.79392],[4.48227,50.79299],[4.47611,50.79132],[4.47027,50.78976],[4.46346,50.78792],[4.46321,50.78783],[4.45376,50.78359],[4.45167,50.7827],[4.4591,50.77726],[4.45916,50.77772],[4.45961,50.77787],[4.4608,50.77868],[4.46118,50.77885],[4.46188,50.77888],[4.46261,50.77869],[4.46313,50.77872],[4.46455,50.77856],[4.46458,50.77824],[4.46494,50.77802],[4.46567,50.77803],[4.46571,50.77835],[4.46661,50.7784],[4.46619,50.7791],[4.46622,50.77951],[4.46682,50.77957],[4.46665,50.78022],[4.46808,50.78069],[4.46915,50.78043],[4.46992,50.78062],[4.47026,50.78037],[4.47032,50.77988],[4.47091,50.77979],[4.47109,50.77924],[4.47172,50.77862],[4.47272,50.77822],[4.47338,50.77846],[4.47541,50.77902],[4.47577,50.78014],[4.47562,50.78106],[4.47835,50.78075],[4.47868,50.78088],[4.48064,50.78036],[4.48073,50.77954],[4.481,50.77912],[4.48182,50.77832],[4.4818,50.77789],[4.48317,50.77788],[4.48306,50.77772],[4.48291,50.77635],[4.48345,50.77687],[4.48383,50.77702],[4.48463,50.77656],[4.48528,50.77689],[4.48576,50.77687],[4.48585,50.7766],[4.48581,50.7751],[4.48522,50.7751],[4.4845,50.77476],[4.4839,50.77477],[4.48439,50.7739],[4.48395,50.77366],[4.4834,50.77406],[4.48303,50.77399],[4.48234,50.77419],[4.4825,50.77382],[4.48135,50.77376],[4.4821,50.77319],[4.48407,50.77257],[4.48413,50.77242],[4.48492,50.77237],[4.48523,50.77209],[4.48639,50.77202],[4.48659,50.77172],[4.48642,50.77076],[4.48691,50.77012],[4.48708,50.76917],[4.48703,50.76838],[4.48686,50.7679],[4.48758,50.7679],[4.48881,50.76808],[4.49082,50.76799],[4.49106,50.76825],[4.49192,50.76831],[4.49335,50.76859],[4.49508,50.76871],[4.49548,50.76907],[4.49651,50.76935],[4.49746,50.76916],[4.49861,50.7693],[4.49879,50.76899],[4.50032,50.76882],[4.50188,50.76914],[4.50299,50.76881],[4.50471,50.7687],[4.5062,50.76833],[4.50751,50.76828],[4.50792,50.76814],[4.50892,50.7681],[4.5085,50.76766],[4.50821,50.76703],[4.50907,50.7666],[4.51004,50.76663],[4.51085,50.76684],[4.51153,50.76674],[4.51082,50.76575],[4.51032,50.76342],[4.51107,50.76267],[4.51025,50.76227],[4.50832,50.76109],[4.50579,50.76062],[4.50471,50.76047],[4.50263,50.76085],[4.50196,50.75964],[4.50082,50.75853],[4.49993,50.75818],[4.49823,50.75799],[4.49627,50.75798],[4.49515,50.75779],[4.49382,50.75725],[4.49417,50.75707],[4.49564,50.75603],[4.49686,50.75559],[4.4983,50.75474],[4.49929,50.75442],[4.50155,50.7538],[4.50018,50.75207],[4.49679,50.74853],[4.49376,50.74541],[4.49189,50.74332],[4.49195,50.7431],[4.49436,50.74086],[4.49509,50.74034],[4.49656,50.74142],[4.49724,50.74132],[4.4975,50.7411],[4.49765,50.74159],[4.4998,50.74416],[4.50052,50.744],[4.50073,50.74414],[4.50129,50.74398],[4.5021,50.74341],[4.5023,50.74352],[4.50278,50.74317],[4.5022,50.7429],[4.50262,50.7426],[4.50194,50.74215],[4.50217,50.74201],[4.50056,50.74094],[4.50221,50.73991],[4.50154,50.73946],[4.50182,50.73929],[4.50032,50.7384],[4.50242,50.7371],[4.50393,50.73728],[4.50379,50.73677],[4.50578,50.73661],[4.50582,50.73689],[4.50694,50.7368],[4.50681,50.73578],[4.50725,50.73575],[4.50718,50.73538],[4.50857,50.73556],[4.50965,50.73539],[4.50969,50.73482],[4.50889,50.73458],[4.50978,50.73387],[4.51037,50.73382],[4.51113,50.73402],[4.51088,50.7338],[4.511,50.73342],[4.51179,50.73326],[4.51193,50.73292],[4.51238,50.73266],[4.51203,50.73235],[4.51255,50.73217],[4.51124,50.7322],[4.5109,50.73143],[4.50943,50.73137],[4.50977,50.73109],[4.50991,50.73135],[4.51042,50.73113],[4.51129,50.73103],[4.5119,50.73069],[4.51259,50.73081],[4.51273,50.73059],[4.51328,50.7306],[4.51438,50.73019],[4.51433,50.72973],[4.51479,50.72965],[4.51438,50.72937],[4.51554,50.72917],[4.51638,50.72922],[4.51659,50.729],[4.51708,50.72952],[4.5175,50.7295],[4.51825,50.72924],[4.5184,50.72859],[4.51862,50.72848],[4.51934,50.72879],[4.51966,50.72864],[4.51968,50.72825],[4.52035,50.72865],[4.52043,50.72889],[4.52114,50.72866],[4.5214,50.72788],[4.52204,50.7281],[4.52249,50.72799],[4.52275,50.72853],[4.52306,50.72852],[4.52296,50.72798],[4.52326,50.72737],[4.52418,50.72732],[4.52541,50.72824],[4.52643,50.7287],[4.52709,50.72881],[4.53011,50.73058],[4.53174,50.73128],[4.53032,50.73241],[4.53144,50.73283],[4.53237,50.73365],[4.53216,50.73374],[4.52638,50.73745],[4.52496,50.73845],[4.52982,50.74088],[4.53177,50.73987],[4.53224,50.73956],[4.53265,50.73894],[4.5341,50.73907],[4.53502,50.73946],[4.53587,50.74011],[4.53632,50.74034],[4.53927,50.74137],[4.54118,50.74195],[4.54249,50.74212],[4.54369,50.74282],[4.54564,50.74409],[4.54646,50.74439],[4.54734,50.74448],[4.5483,50.74471],[4.54889,50.74517],[4.54953,50.74548],[4.55285,50.74665],[4.5542,50.74731],[4.55632,50.74879],[4.55794,50.74754],[4.55861,50.74691],[4.5591,50.74661],[4.55931,50.74604],[4.55912,50.74525],[4.55928,50.74494],[4.56084,50.74425],[4.56196,50.74402],[4.56239,50.74483],[4.56309,50.74502],[4.56283,50.74529],[4.56347,50.74534],[4.56326,50.74586],[4.56409,50.74576],[4.56389,50.74605],[4.56427,50.74641],[4.56384,50.7465],[4.56373,50.7469],[4.56391,50.74715],[4.56386,50.74761],[4.56446,50.74753],[4.56498,50.74783],[4.56487,50.74817],[4.56549,50.74851],[4.5658,50.74831],[4.56654,50.74872],[4.56771,50.74834],[4.56831,50.74829],[4.56948,50.7478],[4.56935,50.74722],[4.57172,50.747],[4.5722,50.74721],[4.57578,50.74728],[4.57589,50.74742],[4.57495,50.74777],[4.57391,50.74843],[4.57592,50.75029],[4.57747,50.75152],[4.57938,50.75295],[4.58117,50.75412],[4.57995,50.75564],[4.5786,50.75684],[4.57881,50.75721],[4.57855,50.75742],[4.57894,50.75772],[4.57925,50.75735],[4.57903,50.75707],[4.5795,50.75684],[4.58008,50.75725],[4.58008,50.75765],[4.5805,50.75801],[4.58134,50.75805],[4.58189,50.75794],[4.58211,50.75835],[4.58338,50.75928],[4.584,50.75913],[4.5845,50.7593],[4.58465,50.75976],[4.58531,50.76026],[4.58568,50.75981],[4.58624,50.75973],[4.58617,50.76016],[4.5864,50.76044],[4.58709,50.76016],[4.58727,50.76091],[4.58843,50.76105],[4.58873,50.76137],[4.58902,50.7613],[4.58932,50.76174],[4.58974,50.76135],[4.59185,50.76119],[4.59234,50.76127],[4.5926,50.76163],[4.59372,50.76242],[4.59415,50.76259],[4.59475,50.76243],[4.59503,50.76262],[4.59476,50.76295],[4.59482,50.76331],[4.5955,50.76261],[4.59578,50.76266],[4.59601,50.7631],[4.59541,50.76344],[4.59556,50.7637],[4.59628,50.76367],[4.59668,50.76322],[4.59721,50.76357],[4.59757,50.7638],[4.59719,50.76408],[4.59752,50.76417],[4.5972,50.76456],[4.5982,50.76429],[4.59963,50.76321],[4.60031,50.76346],[4.59987,50.76409],[4.60211,50.76519],[4.60268,50.76474],[4.60375,50.76532],[4.60364,50.76546],[4.60513,50.76566],[4.60635,50.76704],[4.60536,50.76812],[4.60488,50.76843],[4.60545,50.76895],[4.60528,50.76939],[4.60622,50.76919],[4.60665,50.76897],[4.6073,50.76916],[4.60756,50.76949],[4.60752,50.76994],[4.60857,50.76974],[4.60884,50.76934],[4.60941,50.76954],[4.60939,50.76979],[4.60891,50.77004],[4.60895,50.77023],[4.60974,50.77003],[4.61015,50.77047],[4.6097,50.77069],[4.60984,50.77099],[4.60945,50.77111],[4.61054,50.77148],[4.61125,50.77159],[4.61146,50.77201],[4.61195,50.77127],[4.61277,50.77177],[4.61215,50.77238],[4.61338,50.77268],[4.61152,50.77369],[4.61016,50.77398],[4.60946,50.77427],[4.6082,50.77456],[4.60602,50.77447],[4.60538,50.77422],[4.60465,50.77431],[4.60258,50.77393],[4.6006,50.77403],[4.60043,50.77418],[4.59909,50.77407],[4.59739,50.77421],[4.59672,50.77417],[4.59602,50.77448],[4.59481,50.77428],[4.59311,50.77422],[4.59117,50.77374],[4.59092,50.77436],[4.58812,50.77638],[4.58683,50.77606],[4.58574,50.7754],[4.58439,50.77489],[4.58278,50.77415],[4.58189,50.77388],[4.58158,50.77366],[4.58116,50.77415],[4.58098,50.7749],[4.58065,50.77552],[4.58075,50.77645],[4.58163,50.77755],[4.58225,50.77818],[4.58317,50.77874],[4.58342,50.77909],[4.58318,50.78011],[4.58279,50.78016],[4.58298,50.78059],[4.58274,50.78091],[4.58101,50.78051],[4.58051,50.78104],[4.58124,50.78122],[4.58041,50.78206],[4.58081,50.78239],[4.57844,50.78478],[4.57599,50.78344],[4.57522,50.78442],[4.57353,50.78376],[4.57379,50.78345],[4.57297,50.78258],[4.57271,50.78255],[4.5717,50.78303],[4.57137,50.78283],[4.57002,50.78409],[4.56692,50.78444],[4.56529,50.78516],[4.56389,50.78565],[4.56324,50.7853],[4.5624,50.7857],[4.56251,50.78587],[4.56074,50.7866],[4.55908,50.78682],[4.55847,50.78715],[4.55838,50.78768],[4.55803,50.78813],[4.55802,50.78861],[4.55759,50.78922],[4.55676,50.78955],[4.55597,50.79064],[4.5554,50.79103],[4.55519,50.79169],[4.55686,50.79205],[4.55855,50.79252],[4.55952,50.79251],[4.56158,50.79328],[4.56253,50.79384],[4.56466,50.79531],[4.5655,50.79607],[4.56901,50.7978],[4.57022,50.79847],[4.57078,50.79892],[4.5712,50.79944],[4.5721,50.80086],[4.5723,50.80089],[4.572,50.80195],[4.57127,50.80311],[4.57134,50.80365],[4.57209,50.80425],[4.57201,50.80493],[4.57087,50.80465],[4.57047,50.80533],[4.56872,50.80493],[4.56689,50.80494],[4.5672,50.80674],[4.56763,50.80877]]]}},{"type":"Feature","id":"23064","bbox":[4.071963,50.705505,4.202512,50.789807],"properties":{"nis":"23064","name":"Pepingen","nameNl":"Pepingen","nameFr":"Pepingen","nameDe":"Pepingen","province":"vlaams-brabant","region":"flanders","areaKm2":35.88},"geometry":{"type":"Polygon","coordinates":[[[4.07196,50.71176],[4.07252,50.71132],[4.07391,50.71078],[4.07642,50.71115],[4.07782,50.71122],[4.07777,50.71161],[4.0789,50.71151],[4.08069,50.71181],[4.08228,50.71191],[4.08367,50.71177],[4.08486,50.71215],[4.08465,50.71233],[4.08637,50.71351],[4.0869,50.71321],[4.08584,50.71236],[4.08546,50.71194],[4.09074,50.70711],[4.09316,50.70816],[4.0963,50.7069],[4.09601,50.70659],[4.09737,50.70609],[4.09779,50.70629],[4.09901,50.70551],[4.10047,50.70595],[4.09735,50.70788],[4.09907,50.70834],[4.10042,50.70883],[4.10273,50.70978],[4.10374,50.71143],[4.10436,50.71177],[4.10569,50.7127],[4.10734,50.71402],[4.10828,50.71485],[4.10905,50.71579],[4.10877,50.71611],[4.11147,50.7167],[4.11158,50.71647],[4.11135,50.71599],[4.11129,50.71539],[4.11178,50.71512],[4.11202,50.71441],[4.1113,50.71396],[4.11201,50.71278],[4.11334,50.71339],[4.11682,50.71282],[4.11879,50.71355],[4.12111,50.71375],[4.12393,50.71489],[4.13209,50.71698],[4.13387,50.71668],[4.13421,50.71603],[4.13439,50.71605],[4.1353,50.7183],[4.13634,50.7187],[4.13627,50.71924],[4.13677,50.71974],[4.13858,50.7212],[4.1414,50.72321],[4.14094,50.72339],[4.13972,50.72441],[4.13959,50.72511],[4.14004,50.72592],[4.14022,50.72656],[4.14079,50.72655],[4.1412,50.72766],[4.14179,50.72821],[4.14211,50.72879],[4.14238,50.72897],[4.14338,50.72861],[4.14468,50.7283],[4.14609,50.72807],[4.14683,50.72806],[4.1486,50.72822],[4.14845,50.72719],[4.14801,50.72644],[4.15002,50.72579],[4.15071,50.72565],[4.15284,50.72476],[4.15303,50.72575],[4.15354,50.72612],[4.15518,50.72702],[4.15622,50.72702],[4.15693,50.72725],[4.15806,50.7274],[4.1574,50.72791],[4.15637,50.72763],[4.1563,50.72774],[4.15335,50.72754],[4.15241,50.72865],[4.15373,50.72876],[4.15642,50.72908],[4.15699,50.72833],[4.15831,50.72799],[4.15989,50.72768],[4.1607,50.72704],[4.16116,50.72709],[4.16211,50.72671],[4.16238,50.72643],[4.16254,50.7252],[4.16293,50.72452],[4.16374,50.72396],[4.16493,50.72342],[4.16679,50.7234],[4.16777,50.72332],[4.1683,50.72278],[4.16962,50.72223],[4.1718,50.72163],[4.17201,50.72164],[4.1734,50.72175],[4.17487,50.72214],[4.17584,50.72219],[4.17672,50.72264],[4.17744,50.72341],[4.17949,50.72327],[4.18311,50.72276],[4.18708,50.72283],[4.18747,50.72288],[4.18802,50.72435],[4.18859,50.72509],[4.18932,50.72493],[4.18997,50.72451],[4.19161,50.72577],[4.1917,50.72667],[4.19339,50.72627],[4.19363,50.72715],[4.19462,50.72583],[4.19666,50.72732],[4.19608,50.72765],[4.19781,50.72926],[4.19621,50.73047],[4.19437,50.73229],[4.19303,50.73334],[4.19152,50.73433],[4.19071,50.73561],[4.19035,50.73631],[4.1887,50.73865],[4.1859,50.74232],[4.18546,50.74231],[4.18473,50.74302],[4.18417,50.74323],[4.18384,50.74359],[4.18234,50.74691],[4.1837,50.74758],[4.18646,50.74593],[4.1873,50.74627],[4.18814,50.74516],[4.19032,50.74578],[4.19205,50.74643],[4.19304,50.74611],[4.19377,50.74569],[4.19569,50.74401],[4.19678,50.74404],[4.19847,50.74506],[4.19942,50.74453],[4.20052,50.74404],[4.20094,50.74401],[4.20251,50.74526],[4.20044,50.74606],[4.19835,50.74769],[4.19642,50.74901],[4.1953,50.75033],[4.1967,50.75104],[4.19756,50.75162],[4.19803,50.75211],[4.19806,50.75307],[4.19682,50.7544],[4.19684,50.75484],[4.19715,50.75533],[4.19708,50.75569],[4.19615,50.75642],[4.19563,50.75656],[4.19457,50.75651],[4.19303,50.75771],[4.19097,50.75858],[4.18887,50.75987],[4.18839,50.7607],[4.18836,50.76156],[4.18802,50.76185],[4.18771,50.76282],[4.18735,50.76359],[4.18769,50.76436],[4.18891,50.76514],[4.18899,50.76538],[4.18878,50.766],[4.18891,50.76698],[4.19037,50.76833],[4.19037,50.76892],[4.18942,50.76933],[4.18938,50.76952],[4.18898,50.76929],[4.18732,50.76911],[4.18707,50.76891],[4.18657,50.769],[4.18634,50.76876],[4.18585,50.76894],[4.18523,50.76843],[4.18488,50.76866],[4.18414,50.76881],[4.18361,50.76862],[4.18287,50.76895],[4.18181,50.76878],[4.1808,50.76874],[4.18007,50.76822],[4.17843,50.76745],[4.17775,50.76701],[4.17712,50.76679],[4.17649,50.76623],[4.17603,50.76609],[4.17574,50.76622],[4.1739,50.76605],[4.17362,50.76664],[4.17476,50.76672],[4.17394,50.7686],[4.17549,50.76927],[4.17752,50.76973],[4.17919,50.77038],[4.17858,50.77109],[4.17775,50.77236],[4.1783,50.77263],[4.17824,50.77297],[4.17856,50.77312],[4.17869,50.77383],[4.1792,50.7737],[4.17983,50.77402],[4.17972,50.77433],[4.18032,50.77437],[4.18064,50.77497],[4.18207,50.77427],[4.18184,50.77404],[4.18309,50.77346],[4.18406,50.77426],[4.18551,50.77514],[4.18918,50.77643],[4.18838,50.77733],[4.18924,50.77775],[4.18618,50.77811],[4.18328,50.77726],[4.18287,50.77759],[4.18316,50.77956],[4.18483,50.77991],[4.18435,50.78053],[4.1865,50.78099],[4.18638,50.78253],[4.18594,50.7823],[4.18493,50.78382],[4.18798,50.78422],[4.18884,50.78413],[4.19024,50.78412],[4.19202,50.78444],[4.19125,50.78556],[4.19061,50.7854],[4.19005,50.78633],[4.19048,50.78641],[4.18965,50.78735],[4.19049,50.78772],[4.19012,50.78809],[4.18817,50.78723],[4.18706,50.78683],[4.18624,50.78665],[4.18601,50.78697],[4.18733,50.78749],[4.18746,50.78782],[4.18671,50.78839],[4.18544,50.78777],[4.18518,50.78793],[4.18439,50.78753],[4.18334,50.78848],[4.18307,50.78837],[4.18269,50.78979],[4.18161,50.78981],[4.18193,50.78897],[4.181,50.78884],[4.18161,50.78777],[4.18041,50.78749],[4.17994,50.78803],[4.17911,50.78793],[4.17839,50.78895],[4.17773,50.78876],[4.178,50.78852],[4.17599,50.78785],[4.17507,50.78865],[4.174,50.7883],[4.17348,50.78892],[4.17232,50.78848],[4.17034,50.78793],[4.16953,50.78791],[4.16776,50.78731],[4.16778,50.7871],[4.16647,50.7865],[4.16606,50.78613],[4.16562,50.78623],[4.16372,50.78596],[4.16275,50.78629],[4.16179,50.78613],[4.16212,50.78505],[4.16229,50.78481],[4.16009,50.78434],[4.16006,50.78401],[4.15789,50.78295],[4.15681,50.78384],[4.15626,50.78356],[4.15569,50.78283],[4.15746,50.78157],[4.15615,50.7809],[4.15578,50.77966],[4.15436,50.78014],[4.15356,50.78032],[4.15286,50.7807],[4.1522,50.78194],[4.15171,50.78221],[4.15084,50.78236],[4.14894,50.78216],[4.14794,50.7817],[4.1473,50.78095],[4.14719,50.78125],[4.14581,50.78026],[4.14603,50.77999],[4.14612,50.77909],[4.14578,50.77872],[4.14556,50.77813],[4.14537,50.77695],[4.14563,50.77685],[4.14594,50.77598],[4.14646,50.77579],[4.14697,50.7758],[4.14791,50.77521],[4.14892,50.77572],[4.15006,50.77522],[4.15046,50.77457],[4.15116,50.77399],[4.15236,50.77356],[4.1515,50.77302],[4.14899,50.77237],[4.14814,50.77268],[4.1445,50.77176],[4.14368,50.77167],[4.14264,50.77115],[4.14122,50.77025],[4.13568,50.76823],[4.13576,50.76927],[4.13547,50.76941],[4.13328,50.76871],[4.13226,50.76845],[4.13248,50.76821],[4.13357,50.76826],[4.13368,50.76763],[4.13438,50.76672],[4.13332,50.76603],[4.13402,50.76547],[4.13751,50.7644],[4.13965,50.76268],[4.13973,50.76192],[4.13994,50.76136],[4.14148,50.76154],[4.14195,50.76074],[4.14405,50.75999],[4.14356,50.75987],[4.14395,50.75921],[4.14173,50.7584],[4.14068,50.75815],[4.13906,50.75796],[4.1386,50.75782],[4.13969,50.75718],[4.14332,50.75415],[4.14324,50.75397],[4.14133,50.75354],[4.14019,50.75358],[4.13911,50.7534],[4.13807,50.75245],[4.13622,50.75143],[4.13556,50.75225],[4.13509,50.75213],[4.13487,50.75282],[4.13452,50.75312],[4.13312,50.75308],[4.13153,50.75267],[4.1311,50.75276],[4.1291,50.75228],[4.12829,50.75294],[4.1276,50.75301],[4.12676,50.75254],[4.12609,50.75181],[4.12634,50.7514],[4.12301,50.74991],[4.12198,50.74971],[4.12341,50.74862],[4.12176,50.74711],[4.12054,50.7464],[4.1209,50.74606],[4.11964,50.7454],[4.11904,50.74589],[4.11923,50.746],[4.11845,50.74651],[4.11869,50.74665],[4.11778,50.74734],[4.11712,50.74646],[4.11626,50.74584],[4.11635,50.74534],[4.11456,50.7442],[4.11421,50.74392],[4.11256,50.74296],[4.11335,50.74202],[4.11297,50.74182],[4.11275,50.74211],[4.11006,50.74058],[4.10968,50.74087],[4.10691,50.73867],[4.10497,50.73705],[4.10205,50.73552],[4.09888,50.73367],[4.09918,50.73342],[4.09905,50.73247],[4.10034,50.73188],[4.0994,50.73139],[4.09936,50.73101],[4.09412,50.7278],[4.09352,50.72693],[4.09142,50.72761],[4.08204,50.72456],[4.08172,50.72449],[4.07196,50.71176]]]}},{"type":"Feature","id":"23077","bbox":[4.173617,50.7495,4.313441,50.827544],"properties":{"nis":"23077","name":"Sint-Pieters-Leeuw","nameNl":"Sint-Pieters-Leeuw","nameFr":"Leeuw-Saint-Pierre","nameDe":"Sint-Pieters-Leeuw","province":"vlaams-brabant","region":"flanders","areaKm2":40.55},"geometry":{"type":"Polygon","coordinates":[[[4.19048,50.78641],[4.19005,50.78633],[4.19061,50.7854],[4.19125,50.78556],[4.19202,50.78444],[4.19024,50.78412],[4.18884,50.78413],[4.18798,50.78422],[4.18493,50.78382],[4.18594,50.7823],[4.18638,50.78253],[4.1865,50.78099],[4.18435,50.78053],[4.18483,50.77991],[4.18316,50.77956],[4.18287,50.77759],[4.18328,50.77726],[4.18618,50.77811],[4.18924,50.77775],[4.18838,50.77733],[4.18918,50.77643],[4.18551,50.77514],[4.18406,50.77426],[4.18309,50.77346],[4.18184,50.77404],[4.18207,50.77427],[4.18064,50.77497],[4.18032,50.77437],[4.17972,50.77433],[4.17983,50.77402],[4.1792,50.7737],[4.17869,50.77383],[4.17856,50.77312],[4.17824,50.77297],[4.1783,50.77263],[4.17775,50.77236],[4.17858,50.77109],[4.17919,50.77038],[4.17752,50.76973],[4.17549,50.76927],[4.17394,50.7686],[4.17476,50.76672],[4.17362,50.76664],[4.1739,50.76605],[4.17574,50.76622],[4.17603,50.76609],[4.17649,50.76623],[4.17712,50.76679],[4.17775,50.76701],[4.17843,50.76745],[4.18007,50.76822],[4.1808,50.76874],[4.18181,50.76878],[4.18287,50.76895],[4.18361,50.76862],[4.18414,50.76881],[4.18488,50.76866],[4.18523,50.76843],[4.18585,50.76894],[4.18634,50.76876],[4.18657,50.769],[4.18707,50.76891],[4.18732,50.76911],[4.18898,50.76929],[4.18938,50.76952],[4.19008,50.76982],[4.19017,50.77006],[4.1909,50.77011],[4.1912,50.77039],[4.19233,50.7707],[4.19217,50.77106],[4.19303,50.77136],[4.19338,50.77112],[4.19366,50.77137],[4.19446,50.77148],[4.19502,50.77187],[4.19553,50.77189],[4.19658,50.77232],[4.19706,50.77232],[4.19708,50.77256],[4.19801,50.77269],[4.19849,50.77302],[4.19934,50.77315],[4.19994,50.77353],[4.20023,50.77345],[4.20064,50.77372],[4.2009,50.77422],[4.20148,50.77427],[4.2022,50.77501],[4.20303,50.77519],[4.20299,50.77543],[4.20363,50.77574],[4.20465,50.776],[4.20589,50.77616],[4.20592,50.77636],[4.2067,50.77646],[4.20751,50.77695],[4.20781,50.77689],[4.2081,50.77721],[4.20876,50.77735],[4.20936,50.77787],[4.21013,50.77787],[4.21061,50.77809],[4.21167,50.77812],[4.21143,50.77736],[4.21051,50.77559],[4.21048,50.77541],[4.2109,50.77427],[4.21117,50.77377],[4.21146,50.77245],[4.21172,50.772],[4.21281,50.77074],[4.21421,50.76973],[4.21487,50.76864],[4.21554,50.76822],[4.21608,50.76751],[4.21594,50.76581],[4.21606,50.76527],[4.21658,50.76386],[4.21675,50.76169],[4.21699,50.7607],[4.21692,50.76003],[4.21751,50.75763],[4.21789,50.75664],[4.21841,50.75567],[4.21951,50.7546],[4.22118,50.75272],[4.22158,50.75203],[4.22224,50.75142],[4.22251,50.75094],[4.22374,50.7495],[4.2262,50.74987],[4.22736,50.74972],[4.22837,50.74984],[4.22997,50.75026],[4.23036,50.75005],[4.23103,50.75042],[4.23214,50.75042],[4.23284,50.75083],[4.23272,50.75098],[4.23574,50.75223],[4.23689,50.7528],[4.23838,50.75316],[4.23925,50.75351],[4.23928,50.753],[4.24022,50.75262],[4.24166,50.75233],[4.24607,50.75085],[4.24888,50.75531],[4.2552,50.75213],[4.25761,50.75428],[4.25916,50.75329],[4.25907,50.75407],[4.25988,50.7544],[4.26153,50.75625],[4.26158,50.75664],[4.26074,50.75741],[4.26104,50.75766],[4.26244,50.75792],[4.26271,50.75933],[4.26324,50.75957],[4.26425,50.75975],[4.26476,50.76011],[4.26431,50.76077],[4.2643,50.76109],[4.26463,50.76156],[4.26561,50.76193],[4.26364,50.76276],[4.26366,50.76336],[4.26105,50.76461],[4.26105,50.76476],[4.25919,50.76536],[4.25895,50.76574],[4.25986,50.766],[4.25853,50.767],[4.25679,50.76784],[4.26492,50.77205],[4.26624,50.77283],[4.26801,50.77424],[4.26919,50.77556],[4.27359,50.78105],[4.27537,50.78063],[4.27618,50.78029],[4.27729,50.77998],[4.28073,50.7788],[4.28168,50.7788],[4.28219,50.77848],[4.2833,50.77844],[4.28453,50.77788],[4.29192,50.77591],[4.29218,50.77602],[4.29289,50.77562],[4.2945,50.77453],[4.29475,50.77353],[4.29624,50.77395],[4.29746,50.77418],[4.29858,50.77395],[4.29913,50.77396],[4.3006,50.77462],[4.30145,50.7734],[4.30208,50.7733],[4.30268,50.77339],[4.30265,50.7742],[4.30374,50.77426],[4.30378,50.77464],[4.30323,50.77488],[4.30284,50.77531],[4.30289,50.77557],[4.30401,50.7758],[4.30483,50.7757],[4.30537,50.77588],[4.30464,50.77656],[4.30483,50.77676],[4.30613,50.77677],[4.30647,50.77703],[4.30671,50.77802],[4.3064,50.77842],[4.30674,50.77877],[4.30752,50.77893],[4.30816,50.77962],[4.30819,50.78028],[4.30897,50.78056],[4.30883,50.78093],[4.30745,50.78125],[4.30696,50.78156],[4.30706,50.78182],[4.3078,50.78212],[4.30864,50.78243],[4.3086,50.78304],[4.30873,50.78378],[4.30951,50.78367],[4.30998,50.7833],[4.31049,50.78316],[4.31096,50.78345],[4.31112,50.78413],[4.3109,50.78472],[4.31095,50.78571],[4.3113,50.78615],[4.31251,50.78666],[4.31264,50.78727],[4.3134,50.78765],[4.31292,50.78842],[4.31274,50.78899],[4.31214,50.78914],[4.31159,50.78901],[4.31164,50.78812],[4.31133,50.7879],[4.3105,50.78808],[4.30968,50.78884],[4.30875,50.78908],[4.30693,50.78922],[4.30665,50.78962],[4.30723,50.79024],[4.307,50.79043],[4.3059,50.79055],[4.3058,50.7909],[4.30658,50.79164],[4.30664,50.79186],[4.30618,50.79303],[4.3059,50.79308],[4.30472,50.79263],[4.30425,50.79274],[4.30418,50.7931],[4.30458,50.79371],[4.30449,50.79405],[4.30365,50.79474],[4.30261,50.79484],[4.30215,50.79506],[4.30181,50.79495],[4.30112,50.79506],[4.29969,50.79506],[4.29909,50.79525],[4.29923,50.7956],[4.29874,50.79575],[4.29836,50.79543],[4.29714,50.79588],[4.29661,50.79624],[4.29629,50.79609],[4.29403,50.79639],[4.29145,50.79666],[4.29105,50.79652],[4.28858,50.79641],[4.29116,50.79783],[4.29234,50.79832],[4.29542,50.8001],[4.29627,50.80079],[4.29644,50.80143],[4.29775,50.80143],[4.29788,50.80186],[4.29869,50.80189],[4.29873,50.80133],[4.29999,50.80145],[4.30073,50.80182],[4.30009,50.80258],[4.29981,50.80309],[4.29912,50.80391],[4.29953,50.8045],[4.29948,50.80476],[4.29853,50.80529],[4.29827,50.8058],[4.29872,50.80599],[4.3,50.80623],[4.30109,50.80713],[4.30105,50.80735],[4.29958,50.80809],[4.29954,50.80838],[4.30084,50.8088],[4.30029,50.80942],[4.3004,50.81014],[4.30005,50.81034],[4.30072,50.81083],[4.30027,50.81123],[4.3007,50.81184],[4.30059,50.81242],[4.3002,50.81263],[4.30037,50.81287],[4.30004,50.81297],[4.2998,50.8125],[4.29912,50.81212],[4.29931,50.81171],[4.29912,50.81158],[4.29832,50.81166],[4.29783,50.8108],[4.2979,50.81033],[4.29736,50.80982],[4.29655,50.80998],[4.29646,50.80973],[4.2959,50.80974],[4.29606,50.80945],[4.29579,50.80911],[4.2948,50.80881],[4.29444,50.80826],[4.29355,50.80834],[4.29309,50.80891],[4.29256,50.80863],[4.29188,50.8087],[4.2915,50.8089],[4.28989,50.80875],[4.28918,50.80852],[4.28641,50.80826],[4.28612,50.80794],[4.2849,50.80729],[4.28368,50.80706],[4.28364,50.8073],[4.28283,50.80715],[4.28101,50.80762],[4.28027,50.80751],[4.27932,50.8076],[4.27892,50.80806],[4.27811,50.8083],[4.27704,50.80824],[4.27626,50.80979],[4.27647,50.81004],[4.27591,50.81072],[4.27491,50.81153],[4.27294,50.81216],[4.27186,50.81217],[4.27148,50.81207],[4.27064,50.81214],[4.26807,50.81199],[4.2681,50.81174],[4.26741,50.81156],[4.26588,50.81162],[4.26568,50.81181],[4.26414,50.81153],[4.26308,50.81147],[4.26217,50.8111],[4.26128,50.81123],[4.26105,50.81111],[4.25994,50.81112],[4.25911,50.81388],[4.25834,50.81519],[4.25771,50.81596],[4.25632,50.81741],[4.25549,50.81746],[4.25375,50.81726],[4.25196,50.81728],[4.25132,50.81722],[4.25096,50.81784],[4.24978,50.81946],[4.24652,50.81909],[4.24682,50.81754],[4.24493,50.81773],[4.24406,50.8179],[4.24415,50.81761],[4.24414,50.81636],[4.24435,50.81636],[4.24423,50.81465],[4.24415,50.81262],[4.24245,50.81347],[4.24079,50.81451],[4.24035,50.81466],[4.23749,50.81517],[4.23744,50.81528],[4.23643,50.81546],[4.23627,50.81562],[4.23565,50.81752],[4.23345,50.81722],[4.23416,50.81588],[4.23368,50.81565],[4.23303,50.81557],[4.23221,50.81565],[4.23152,50.81696],[4.2314,50.81691],[4.23058,50.81832],[4.22977,50.81927],[4.22782,50.82116],[4.22748,50.82182],[4.22467,50.82618],[4.22391,50.82596],[4.22335,50.82687],[4.2225,50.82659],[4.22144,50.82754],[4.22095,50.82735],[4.22143,50.82663],[4.2203,50.82621],[4.22054,50.82572],[4.22096,50.82418],[4.22227,50.82382],[4.22189,50.82359],[4.21988,50.82335],[4.22207,50.81977],[4.22045,50.81951],[4.22035,50.81966],[4.21971,50.81963],[4.21926,50.82037],[4.21797,50.82136],[4.21634,50.82219],[4.21546,50.82208],[4.21525,50.82112],[4.21477,50.82024],[4.21416,50.82028],[4.2137,50.81888],[4.2132,50.81827],[4.21203,50.81763],[4.21168,50.81481],[4.21195,50.8137],[4.21081,50.81193],[4.2088,50.8103],[4.20901,50.80939],[4.20838,50.80928],[4.20866,50.80879],[4.20846,50.80842],[4.20758,50.80763],[4.20769,50.80731],[4.20758,50.80639],[4.20735,50.80564],[4.20784,50.80588],[4.20822,50.80633],[4.2084,50.80729],[4.20854,50.80731],[4.2097,50.80621],[4.21005,50.80525],[4.21004,50.80479],[4.20948,50.80416],[4.20873,50.80425],[4.20689,50.80397],[4.20587,50.805],[4.20454,50.80436],[4.20404,50.80482],[4.20358,50.80494],[4.20357,50.80469],[4.20399,50.80418],[4.20418,50.80358],[4.20395,50.80352],[4.20456,50.8018],[4.20559,50.80073],[4.20833,50.7986],[4.20669,50.79777],[4.20548,50.79655],[4.20676,50.79548],[4.20168,50.7933],[4.19696,50.7913],[4.1962,50.79081],[4.19635,50.79062],[4.19528,50.79027],[4.19554,50.7895],[4.19417,50.78884],[4.19492,50.78798],[4.19391,50.78761],[4.1941,50.78728],[4.19338,50.78734],[4.19048,50.78641]]]}},{"type":"Feature","id":"23081","bbox":[4.457832,50.889075,4.534136,50.959419],"properties":{"nis":"23081","name":"Steenokkerzeel","nameNl":"Steenokkerzeel","nameFr":"Steenokkerzeel","nameDe":"Steenokkerzeel","province":"vlaams-brabant","region":"flanders","areaKm2":23.53},"geometry":{"type":"Polygon","coordinates":[[[4.46973,50.89873],[4.49071,50.90199],[4.49378,50.90246],[4.49922,50.88953],[4.49998,50.89046],[4.50078,50.89056],[4.50121,50.89156],[4.50589,50.8933],[4.51,50.89055],[4.50963,50.8903],[4.50973,50.88966],[4.51027,50.88972],[4.51047,50.88908],[4.51505,50.89011],[4.51752,50.8906],[4.51749,50.89068],[4.51991,50.89135],[4.52394,50.8926],[4.52383,50.89268],[4.53077,50.89533],[4.53108,50.89498],[4.53298,50.89581],[4.53412,50.89637],[4.53239,50.89795],[4.53267,50.89807],[4.53182,50.89895],[4.53123,50.89944],[4.53268,50.90015],[4.53158,50.90095],[4.53229,50.90132],[4.53008,50.90287],[4.53076,50.90339],[4.52977,50.90345],[4.53221,50.90632],[4.53107,50.90681],[4.53117,50.90695],[4.52987,50.90743],[4.53048,50.90818],[4.53144,50.90782],[4.53221,50.90878],[4.53197,50.90905],[4.5326,50.90976],[4.53196,50.90996],[4.53252,50.91081],[4.53281,50.91076],[4.53334,50.91178],[4.53194,50.91203],[4.53202,50.91221],[4.52832,50.91271],[4.52707,50.91285],[4.52689,50.91235],[4.52385,50.91343],[4.52417,50.91375],[4.52298,50.91409],[4.52363,50.91476],[4.526,50.914],[4.52613,50.91401],[4.5324,50.91329],[4.53327,50.91515],[4.53414,50.91747],[4.53049,50.91779],[4.53049,50.91763],[4.52896,50.91775],[4.52926,50.91887],[4.52745,50.91848],[4.52676,50.91849],[4.52721,50.91948],[4.52714,50.91956],[4.52525,50.92005],[4.52587,50.92066],[4.52527,50.92083],[4.52342,50.9218],[4.52182,50.92259],[4.52168,50.92298],[4.5224,50.92371],[4.52194,50.92386],[4.52216,50.9242],[4.52183,50.92441],[4.52098,50.92457],[4.51947,50.92499],[4.51946,50.92538],[4.51908,50.92578],[4.52216,50.92696],[4.52135,50.92739],[4.51315,50.93229],[4.51309,50.93237],[4.51387,50.93619],[4.51424,50.93837],[4.51349,50.93854],[4.51363,50.93901],[4.51401,50.93951],[4.51353,50.93975],[4.51382,50.93991],[4.51396,50.94045],[4.5139,50.94118],[4.51373,50.94136],[4.51415,50.94219],[4.51461,50.94263],[4.51453,50.94284],[4.51601,50.94313],[4.51711,50.94321],[4.51785,50.94371],[4.51829,50.94534],[4.51866,50.94592],[4.51861,50.9468],[4.51886,50.947],[4.5182,50.94761],[4.51752,50.94785],[4.51737,50.9483],[4.5175,50.9486],[4.51696,50.94906],[4.51678,50.94986],[4.5164,50.94987],[4.51641,50.9502],[4.51707,50.95043],[4.51681,50.95118],[4.51694,50.95183],[4.5166,50.952],[4.51677,50.95243],[4.51657,50.9532],[4.517,50.95426],[4.51732,50.95446],[4.51722,50.95487],[4.5174,50.9557],[4.51559,50.95606],[4.51497,50.95629],[4.51337,50.95718],[4.51216,50.95796],[4.51105,50.95886],[4.51079,50.9589],[4.50922,50.95829],[4.5085,50.9586],[4.50738,50.95864],[4.50664,50.95906],[4.50555,50.9594],[4.5047,50.95925],[4.5045,50.9588],[4.50353,50.95853],[4.50351,50.95809],[4.50268,50.95749],[4.50228,50.95759],[4.50165,50.95743],[4.50109,50.95767],[4.50084,50.95807],[4.50015,50.95817],[4.49994,50.95787],[4.49918,50.95792],[4.49881,50.95822],[4.49778,50.95801],[4.49644,50.95806],[4.49567,50.95789],[4.49542,50.9576],[4.4947,50.95747],[4.4948,50.95723],[4.49383,50.95602],[4.49271,50.95586],[4.49196,50.95564],[4.49186,50.9554],[4.49076,50.95562],[4.48965,50.95551],[4.48879,50.956],[4.48745,50.95619],[4.48649,50.95608],[4.48485,50.95543],[4.48414,50.95543],[4.48386,50.95424],[4.48408,50.9537],[4.48465,50.95309],[4.48465,50.95243],[4.48403,50.9519],[4.48465,50.95141],[4.48611,50.95055],[4.48586,50.94916],[4.48656,50.9486],[4.48645,50.94742],[4.48708,50.94655],[4.48693,50.94559],[4.48638,50.94498],[4.48523,50.94393],[4.48493,50.94303],[4.48388,50.94188],[4.48407,50.94121],[4.48398,50.941],[4.48346,50.94088],[4.48253,50.94006],[4.48217,50.94009],[4.48129,50.93904],[4.4802,50.93836],[4.48051,50.93811],[4.47972,50.93733],[4.47867,50.9365],[4.47612,50.93394],[4.47581,50.93412],[4.47516,50.93399],[4.47532,50.93339],[4.47499,50.93334],[4.47511,50.93278],[4.47554,50.93287],[4.47592,50.93212],[4.47536,50.93198],[4.47545,50.93148],[4.47583,50.93154],[4.47601,50.93109],[4.47592,50.93069],[4.47626,50.93056],[4.47756,50.93063],[4.47799,50.93021],[4.4783,50.92927],[4.47824,50.92814],[4.47866,50.92726],[4.48,50.92604],[4.47917,50.92566],[4.47982,50.92506],[4.47876,50.92479],[4.47432,50.92378],[4.47395,50.92465],[4.4716,50.9238],[4.47189,50.92335],[4.46963,50.92256],[4.4686,50.92167],[4.4686,50.92131],[4.46804,50.92117],[4.4672,50.92241],[4.4659,50.92148],[4.46537,50.92143],[4.46374,50.92089],[4.46332,50.91749],[4.46244,50.91572],[4.46144,50.91611],[4.46036,50.91409],[4.46099,50.91395],[4.46023,50.91318],[4.46001,50.91244],[4.46021,50.91159],[4.45906,50.91009],[4.45783,50.90778],[4.46429,50.90494],[4.46561,50.9062],[4.46711,50.90537],[4.46726,50.90515],[4.46973,50.89873]]]}},{"type":"Feature","id":"23086","bbox":[4.10611,50.840702,4.206795,50.889738],"properties":{"nis":"23086","name":"Ternat","nameNl":"Ternat","nameFr":"Ternat","nameDe":"Ternat","province":"vlaams-brabant","region":"flanders","areaKm2":24.63},"geometry":{"type":"Polygon","coordinates":[[[4.10612,50.8845],[4.10626,50.88412],[4.10688,50.88353],[4.10702,50.883],[4.10678,50.88234],[4.10703,50.8823],[4.107,50.88178],[4.10679,50.88161],[4.10747,50.88051],[4.10752,50.88007],[4.10807,50.87989],[4.10826,50.87909],[4.10868,50.8783],[4.10881,50.87778],[4.10842,50.87647],[4.10847,50.87607],[4.1082,50.87568],[4.10887,50.87509],[4.10971,50.87465],[4.10994,50.87435],[4.11088,50.87401],[4.11094,50.87364],[4.11137,50.87351],[4.11159,50.87315],[4.11167,50.8725],[4.11217,50.87244],[4.11244,50.87208],[4.11328,50.87156],[4.11381,50.87171],[4.11376,50.87146],[4.11418,50.87124],[4.11448,50.87134],[4.11472,50.87086],[4.11533,50.87092],[4.11567,50.87067],[4.1155,50.87033],[4.11633,50.86988],[4.11686,50.86972],[4.11679,50.86914],[4.11721,50.86879],[4.11706,50.8681],[4.11758,50.86741],[4.11771,50.86691],[4.11731,50.86653],[4.1169,50.86575],[4.11693,50.86491],[4.11589,50.86386],[4.11554,50.86295],[4.11931,50.86028],[4.12005,50.85938],[4.12032,50.85931],[4.12273,50.85797],[4.12401,50.85774],[4.12576,50.85704],[4.12633,50.8569],[4.12683,50.85664],[4.12949,50.85593],[4.13124,50.85638],[4.13217,50.85625],[4.1336,50.85651],[4.13466,50.85689],[4.13522,50.85681],[4.13626,50.85712],[4.13641,50.85686],[4.13602,50.85674],[4.13637,50.85641],[4.13709,50.85697],[4.13752,50.85714],[4.13845,50.85682],[4.14083,50.85617],[4.14118,50.85618],[4.14212,50.85745],[4.14243,50.8581],[4.14336,50.85862],[4.14565,50.85797],[4.1489,50.85634],[4.14583,50.85273],[4.14494,50.85179],[4.14717,50.85018],[4.15058,50.84783],[4.14847,50.84321],[4.151,50.84275],[4.1522,50.84278],[4.15469,50.84202],[4.15569,50.8414],[4.15584,50.84147],[4.15801,50.84084],[4.15823,50.84121],[4.16074,50.8407],[4.16091,50.84153],[4.16127,50.84146],[4.16175,50.84222],[4.16517,50.84192],[4.16601,50.84181],[4.16762,50.84306],[4.16976,50.84267],[4.17081,50.84303],[4.17356,50.8436],[4.17853,50.84428],[4.17998,50.8445],[4.17997,50.84414],[4.18142,50.84464],[4.18398,50.84562],[4.18568,50.84621],[4.18829,50.84759],[4.18849,50.84786],[4.18945,50.84855],[4.19178,50.85099],[4.19196,50.85099],[4.19365,50.85322],[4.19466,50.85416],[4.19501,50.85499],[4.19636,50.8563],[4.19771,50.85748],[4.19994,50.85959],[4.19901,50.86006],[4.20154,50.86331],[4.20282,50.86486],[4.20324,50.86547],[4.20357,50.86561],[4.203,50.86635],[4.2028,50.86698],[4.2029,50.86742],[4.20225,50.86768],[4.2009,50.86786],[4.20158,50.86809],[4.20311,50.86814],[4.203,50.86792],[4.20357,50.86784],[4.20429,50.86793],[4.20494,50.86816],[4.20672,50.86903],[4.20664,50.87008],[4.20497,50.87165],[4.20478,50.87198],[4.204,50.87272],[4.20334,50.87415],[4.20274,50.87566],[4.20433,50.87582],[4.2068,50.87584],[4.20627,50.87694],[4.20591,50.87743],[4.20446,50.87871],[4.20419,50.88099],[4.20339,50.88119],[4.20121,50.88232],[4.19815,50.8831],[4.198,50.88331],[4.19758,50.88312],[4.18923,50.8857],[4.18814,50.88517],[4.18783,50.88539],[4.18737,50.88519],[4.18689,50.88539],[4.18605,50.8854],[4.1851,50.88453],[4.18355,50.88501],[4.18312,50.88538],[4.18192,50.88677],[4.18087,50.88741],[4.17783,50.88901],[4.17768,50.889],[4.17629,50.88974],[4.17516,50.8889],[4.17406,50.88837],[4.17002,50.88767],[4.16742,50.88725],[4.16662,50.88723],[4.16582,50.88701],[4.16523,50.88668],[4.16374,50.88617],[4.16296,50.88613],[4.16228,50.88649],[4.16139,50.8863],[4.16095,50.88595],[4.15975,50.88629],[4.15928,50.88545],[4.15854,50.88497],[4.15724,50.88559],[4.15678,50.88563],[4.1562,50.88603],[4.15456,50.88683],[4.15417,50.88727],[4.15298,50.88795],[4.15068,50.88845],[4.14986,50.88846],[4.14914,50.88866],[4.14886,50.88846],[4.14804,50.88825],[4.1482,50.88771],[4.14806,50.88676],[4.14774,50.88682],[4.14673,50.88622],[4.14631,50.88619],[4.14573,50.8854],[4.14501,50.88503],[4.14451,50.88431],[4.14347,50.88431],[4.14259,50.88416],[4.1422,50.88391],[4.14107,50.88355],[4.14046,50.88323],[4.13476,50.88384],[4.13353,50.88441],[4.12907,50.88418],[4.12804,50.88404],[4.12477,50.88495],[4.11622,50.88569],[4.11621,50.88577],[4.11451,50.88556],[4.11428,50.88539],[4.11219,50.88473],[4.10993,50.88419],[4.10883,50.88409],[4.10812,50.88451],[4.1073,50.88477],[4.10699,50.88457],[4.10612,50.8845]]]}},{"type":"Feature","id":"23088","bbox":[4.360464,50.896987,4.487083,50.959286],"properties":{"nis":"23088","name":"Vilvoorde","nameNl":"Vilvoorde","nameFr":"Vilvorde","nameDe":"Vilvoorde","province":"vlaams-brabant","region":"flanders","areaKm2":21.52},"geometry":{"type":"Polygon","coordinates":[[[4.48414,50.95543],[4.48345,50.95547],[4.48203,50.95578],[4.48177,50.95572],[4.48007,50.95618],[4.47803,50.95664],[4.47763,50.95692],[4.47731,50.95844],[4.47577,50.95929],[4.47455,50.95778],[4.47326,50.95849],[4.47134,50.95762],[4.47052,50.958],[4.46183,50.9551],[4.46023,50.95454],[4.45723,50.95412],[4.4571,50.95426],[4.45602,50.95394],[4.45632,50.95353],[4.45241,50.95207],[4.45215,50.95201],[4.45094,50.95275],[4.4501,50.95188],[4.44891,50.95036],[4.44844,50.95055],[4.44826,50.95187],[4.44769,50.95207],[4.44772,50.95243],[4.44697,50.95259],[4.44674,50.95291],[4.44628,50.95303],[4.44592,50.95281],[4.44638,50.95207],[4.44582,50.95165],[4.44521,50.95182],[4.44488,50.95212],[4.44525,50.95251],[4.4452,50.95273],[4.4444,50.95319],[4.44307,50.95247],[4.44265,50.95201],[4.44227,50.9511],[4.44162,50.95076],[4.44029,50.95043],[4.44028,50.95025],[4.44107,50.95003],[4.44112,50.94982],[4.44038,50.94949],[4.43986,50.94988],[4.43941,50.94914],[4.43905,50.9491],[4.43877,50.95002],[4.437,50.94964],[4.43665,50.94934],[4.43738,50.94924],[4.43851,50.94873],[4.4403,50.94771],[4.44118,50.94708],[4.43954,50.94743],[4.43821,50.94752],[4.42666,50.94796],[4.42652,50.94653],[4.4264,50.94653],[4.42625,50.94501],[4.42501,50.94507],[4.42557,50.94468],[4.42439,50.94403],[4.42381,50.94381],[4.42373,50.9441],[4.42318,50.94443],[4.42243,50.94429],[4.42258,50.94318],[4.42161,50.94304],[4.42101,50.94275],[4.41997,50.9426],[4.41956,50.94242],[4.41952,50.94182],[4.41929,50.94146],[4.42021,50.94097],[4.41996,50.9406],[4.41905,50.94066],[4.41883,50.94032],[4.41995,50.93991],[4.41999,50.93951],[4.41968,50.9389],[4.41907,50.93839],[4.41881,50.93793],[4.41895,50.93758],[4.41842,50.93743],[4.41679,50.9374],[4.41625,50.93693],[4.41662,50.93666],[4.41757,50.9368],[4.41762,50.93632],[4.41724,50.93604],[4.41641,50.93575],[4.41617,50.93514],[4.41469,50.93458],[4.41469,50.93401],[4.41569,50.9333],[4.41527,50.93238],[4.41513,50.93235],[4.41342,50.93268],[4.41369,50.93188],[4.41424,50.93101],[4.41492,50.93047],[4.4147,50.93008],[4.41265,50.92951],[4.41438,50.92792],[4.41315,50.92701],[4.41283,50.92712],[4.41124,50.92713],[4.41012,50.927],[4.4095,50.92675],[4.40764,50.9268],[4.40642,50.92698],[4.40563,50.927],[4.40498,50.92658],[4.40367,50.92553],[4.40345,50.92514],[4.40308,50.925],[4.40308,50.925],[4.40228,50.9247],[4.40126,50.92368],[4.40006,50.92289],[4.39871,50.92191],[4.39795,50.92158],[4.39637,50.92072],[4.39575,50.9206],[4.39586,50.92024],[4.39478,50.91968],[4.39288,50.91936],[4.38964,50.91902],[4.38694,50.91823],[4.38648,50.91824],[4.38296,50.91776],[4.38212,50.91814],[4.38152,50.91798],[4.38127,50.9181],[4.37991,50.91796],[4.37945,50.91779],[4.37826,50.91772],[4.37751,50.91754],[4.3767,50.91759],[4.37581,50.91736],[4.37458,50.91725],[4.37404,50.91705],[4.37374,50.9172],[4.37213,50.91675],[4.37165,50.91647],[4.37141,50.91661],[4.3701,50.91617],[4.36971,50.91621],[4.36831,50.91597],[4.36818,50.91495],[4.36698,50.91305],[4.36659,50.91221],[4.36603,50.91069],[4.36557,50.9092],[4.36536,50.90894],[4.36454,50.90712],[4.36366,50.90551],[4.36248,50.90357],[4.36199,50.90287],[4.3612,50.9023],[4.36046,50.90118],[4.3625,50.90107],[4.36399,50.90115],[4.37087,50.89884],[4.37342,50.89842],[4.37551,50.89796],[4.37704,50.89731],[4.37739,50.89699],[4.37822,50.89728],[4.37833,50.89785],[4.3781,50.89849],[4.3783,50.89854],[4.37797,50.8994],[4.37913,50.90046],[4.37922,50.9008],[4.38295,50.9018],[4.38618,50.90576],[4.38704,50.90724],[4.3872,50.90807],[4.38776,50.90994],[4.38852,50.91027],[4.389,50.91],[4.38926,50.91036],[4.39,50.90998],[4.39151,50.91004],[4.39291,50.90996],[4.3946,50.91037],[4.39489,50.91019],[4.3972,50.91186],[4.39769,50.91206],[4.39892,50.91214],[4.39907,50.91323],[4.40092,50.91336],[4.40185,50.91334],[4.40304,50.91304],[4.40347,50.9139],[4.40634,50.91309],[4.40982,50.91254],[4.41423,50.91153],[4.41441,50.91125],[4.41376,50.9104],[4.41374,50.90952],[4.41321,50.90911],[4.41272,50.90897],[4.41239,50.90842],[4.41253,50.90751],[4.41248,50.90702],[4.41301,50.90667],[4.41444,50.90649],[4.41572,50.90613],[4.42105,50.91164],[4.42265,50.91319],[4.42267,50.91367],[4.4254,50.91661],[4.43002,50.92141],[4.43784,50.91892],[4.43858,50.91973],[4.44029,50.91921],[4.44659,50.92027],[4.44782,50.92054],[4.44879,50.92095],[4.44887,50.92182],[4.44797,50.92256],[4.45007,50.92342],[4.45059,50.92287],[4.45399,50.92343],[4.45742,50.92408],[4.45879,50.92429],[4.46189,50.92372],[4.46213,50.92379],[4.46329,50.92281],[4.46475,50.9224],[4.4659,50.92148],[4.4672,50.92241],[4.46804,50.92117],[4.4686,50.92131],[4.4686,50.92167],[4.46963,50.92256],[4.47189,50.92335],[4.4716,50.9238],[4.47395,50.92465],[4.47432,50.92378],[4.47876,50.92479],[4.47982,50.92506],[4.47917,50.92566],[4.48,50.92604],[4.47866,50.92726],[4.47824,50.92814],[4.4783,50.92927],[4.47799,50.93021],[4.47756,50.93063],[4.47626,50.93056],[4.47592,50.93069],[4.47601,50.93109],[4.47583,50.93154],[4.47545,50.93148],[4.47536,50.93198],[4.47592,50.93212],[4.47554,50.93287],[4.47511,50.93278],[4.47499,50.93334],[4.47532,50.93339],[4.47516,50.93399],[4.47581,50.93412],[4.47612,50.93394],[4.47867,50.9365],[4.47972,50.93733],[4.48051,50.93811],[4.4802,50.93836],[4.48129,50.93904],[4.48217,50.94009],[4.48253,50.94006],[4.48346,50.94088],[4.48398,50.941],[4.48407,50.94121],[4.48388,50.94188],[4.48493,50.94303],[4.48523,50.94393],[4.48638,50.94498],[4.48693,50.94559],[4.48708,50.94655],[4.48645,50.94742],[4.48656,50.9486],[4.48586,50.94916],[4.48611,50.95055],[4.48465,50.95141],[4.48403,50.9519],[4.48465,50.95243],[4.48465,50.95309],[4.48408,50.9537],[4.48386,50.95424],[4.48414,50.95543]]]}},{"type":"Feature","id":"23094","bbox":[4.420871,50.834298,4.536389,50.902464],"properties":{"nis":"23094","name":"Zaventem","nameNl":"Zaventem","nameFr":"Zaventem","nameDe":"Zaventem","province":"vlaams-brabant","region":"flanders","areaKm2":27.65},"geometry":{"type":"Polygon","coordinates":[[[4.43706,50.87878],[4.43365,50.87837],[4.42735,50.87747],[4.42724,50.87698],[4.42881,50.87629],[4.4276,50.87504],[4.42572,50.87213],[4.42588,50.87206],[4.42482,50.87115],[4.42166,50.8683],[4.42087,50.86771],[4.42173,50.86678],[4.42227,50.86662],[4.4254,50.86386],[4.42663,50.86287],[4.42868,50.86304],[4.43102,50.86249],[4.42976,50.86121],[4.43737,50.85851],[4.43912,50.86045],[4.44501,50.85814],[4.44435,50.85748],[4.44536,50.85723],[4.44605,50.85688],[4.44633,50.85624],[4.44606,50.85602],[4.44596,50.85547],[4.44629,50.85512],[4.44811,50.85417],[4.44843,50.85421],[4.45025,50.85358],[4.45104,50.85349],[4.45336,50.85352],[4.45641,50.85282],[4.45786,50.85277],[4.45736,50.8533],[4.45851,50.8536],[4.45768,50.85464],[4.45646,50.85578],[4.45663,50.85587],[4.45582,50.85642],[4.456,50.85653],[4.45254,50.85848],[4.45368,50.85897],[4.45188,50.85976],[4.4523,50.8602],[4.45155,50.86149],[4.45151,50.86184],[4.45218,50.86202],[4.45188,50.86274],[4.45191,50.8632],[4.45232,50.86355],[4.45073,50.86384],[4.4493,50.86422],[4.44922,50.8653],[4.44945,50.86637],[4.44975,50.86622],[4.45044,50.86673],[4.44975,50.86701],[4.45077,50.86702],[4.45166,50.86718],[4.45127,50.86643],[4.45191,50.86615],[4.45282,50.86706],[4.45327,50.86693],[4.45341,50.8663],[4.45375,50.86603],[4.4552,50.86544],[4.45629,50.86531],[4.45662,50.86502],[4.45717,50.86502],[4.45739,50.86537],[4.45694,50.86531],[4.45728,50.86562],[4.4587,50.86608],[4.45887,50.8656],[4.4595,50.86558],[4.45988,50.86647],[4.4606,50.86668],[4.46217,50.86676],[4.46125,50.86526],[4.46247,50.86512],[4.46299,50.86573],[4.46549,50.86566],[4.46755,50.8657],[4.46718,50.86457],[4.46751,50.86419],[4.46859,50.8642],[4.46898,50.86436],[4.46998,50.86446],[4.47035,50.86479],[4.47149,50.86514],[4.47193,50.86517],[4.47261,50.86496],[4.47467,50.86551],[4.47535,50.86435],[4.4757,50.86318],[4.4761,50.86305],[4.47611,50.86244],[4.4759,50.86216],[4.47694,50.86188],[4.47669,50.86152],[4.47796,50.86113],[4.4786,50.86126],[4.47866,50.86102],[4.47935,50.86085],[4.4801,50.86116],[4.4807,50.86086],[4.48308,50.86076],[4.48333,50.86095],[4.48518,50.86154],[4.48572,50.86165],[4.48626,50.86151],[4.48766,50.862],[4.48817,50.86121],[4.48805,50.86112],[4.4886,50.8606],[4.48664,50.85973],[4.48781,50.85929],[4.4896,50.85843],[4.49036,50.85786],[4.49188,50.85702],[4.4934,50.85644],[4.49548,50.85707],[4.49608,50.85678],[4.49751,50.85734],[4.4981,50.85698],[4.49898,50.85603],[4.50212,50.853],[4.50292,50.85213],[4.50395,50.85114],[4.50541,50.84984],[4.50524,50.84971],[4.50655,50.8484],[4.50728,50.84781],[4.50803,50.84547],[4.50844,50.84482],[4.50826,50.84396],[4.50802,50.84388],[4.50846,50.84268],[4.50906,50.84173],[4.50912,50.84098],[4.5088,50.83915],[4.50961,50.83843],[4.51369,50.83727],[4.51593,50.83558],[4.51709,50.83444],[4.51756,50.83463],[4.51786,50.8343],[4.52027,50.83483],[4.52081,50.83471],[4.52161,50.83479],[4.52259,50.83546],[4.52515,50.837],[4.52578,50.83731],[4.52734,50.83788],[4.52896,50.83894],[4.53034,50.83959],[4.53144,50.83999],[4.53307,50.84079],[4.53356,50.84114],[4.53462,50.84238],[4.53574,50.84298],[4.53579,50.84348],[4.53639,50.84444],[4.53556,50.84614],[4.53491,50.84674],[4.5346,50.84723],[4.53402,50.84781],[4.53166,50.8494],[4.52989,50.85039],[4.52885,50.85128],[4.52808,50.85288],[4.53064,50.85349],[4.52703,50.85895],[4.52856,50.85926],[4.52653,50.86316],[4.52771,50.86333],[4.52787,50.86288],[4.52922,50.86298],[4.52838,50.86483],[4.52952,50.86477],[4.53203,50.86384],[4.53325,50.8653],[4.53132,50.86607],[4.5304,50.86671],[4.53054,50.8672],[4.53154,50.86755],[4.5323,50.86752],[4.53424,50.86784],[4.53303,50.86794],[4.53221,50.86828],[4.53149,50.86885],[4.52979,50.86916],[4.52886,50.86949],[4.52726,50.87019],[4.52776,50.87052],[4.52798,50.87102],[4.52786,50.87125],[4.52669,50.87051],[4.52504,50.87311],[4.51994,50.88158],[4.51692,50.88687],[4.51505,50.89011],[4.51047,50.88908],[4.51027,50.88972],[4.50973,50.88966],[4.50963,50.8903],[4.51,50.89055],[4.50589,50.8933],[4.50121,50.89156],[4.50078,50.89056],[4.49998,50.89046],[4.49922,50.88953],[4.49378,50.90246],[4.49071,50.90199],[4.46973,50.89873],[4.46679,50.89829],[4.46821,50.89651],[4.46381,50.89398],[4.46102,50.89211],[4.45837,50.88994],[4.45734,50.88925],[4.4566,50.88894],[4.45629,50.8884],[4.45737,50.88721],[4.45626,50.88662],[4.45545,50.88598],[4.45348,50.88418],[4.45156,50.88229],[4.4507,50.88124],[4.44964,50.87973],[4.4425,50.87912],[4.43706,50.87878]]]}},{"type":"Feature","id":"23096","bbox":[4.369404,50.946527,4.528703,51.009315],"properties":{"nis":"23096","name":"Zemst","nameNl":"Zemst","nameFr":"Zemst","nameDe":"Zemst","province":"vlaams-brabant","region":"flanders","areaKm2":43.02},"geometry":{"type":"Polygon","coordinates":[[[4.38986,51.00575],[4.38927,51.00535],[4.38834,51.00516],[4.38814,51.00481],[4.38705,51.00432],[4.38601,51.00299],[4.38509,51.00279],[4.38393,51.00238],[4.38305,51.00227],[4.38271,51.00172],[4.38143,51.00199],[4.38139,51.00227],[4.38062,51.00277],[4.38078,51.00281],[4.37979,51.0037],[4.37916,51.00407],[4.37814,51.00381],[4.37716,51.00343],[4.37789,51.00279],[4.37633,51.00175],[4.37489,51.00301],[4.37285,51.00195],[4.37423,51.00132],[4.37317,51.00059],[4.37258,51.00092],[4.37168,51.00024],[4.37039,51.001],[4.3694,51.00032],[4.3698,50.99978],[4.37038,50.99931],[4.37265,50.99726],[4.37382,50.99774],[4.37801,50.99382],[4.37828,50.9931],[4.37765,50.99284],[4.38006,50.99066],[4.38313,50.98751],[4.38443,50.9859],[4.3851,50.98606],[4.38698,50.98369],[4.38774,50.98355],[4.38826,50.98359],[4.38957,50.98311],[4.39051,50.9833],[4.39179,50.98274],[4.39175,50.98237],[4.39214,50.98215],[4.39296,50.98319],[4.3944,50.98406],[4.39554,50.98458],[4.39612,50.98524],[4.39679,50.98575],[4.39811,50.98607],[4.39991,50.9868],[4.40176,50.98727],[4.40245,50.9873],[4.40406,50.98772],[4.40545,50.98797],[4.40608,50.98829],[4.40677,50.98722],[4.40691,50.9867],[4.40722,50.98641],[4.40812,50.98606],[4.40963,50.98513],[4.40987,50.98485],[4.40934,50.98415],[4.40938,50.9838],[4.40984,50.98359],[4.41058,50.98296],[4.41066,50.98245],[4.41031,50.98203],[4.41074,50.9809],[4.41068,50.98053],[4.40995,50.97971],[4.40903,50.97952],[4.4073,50.97885],[4.40625,50.97885],[4.40591,50.97834],[4.40799,50.97697],[4.40792,50.97597],[4.40804,50.97547],[4.40779,50.97497],[4.40614,50.9736],[4.40515,50.97298],[4.40706,50.97172],[4.40693,50.97133],[4.40757,50.97027],[4.40902,50.9702],[4.41024,50.96981],[4.4108,50.97006],[4.41161,50.97008],[4.41275,50.97052],[4.41371,50.97046],[4.41478,50.97012],[4.41636,50.97002],[4.41772,50.97009],[4.41754,50.96963],[4.41786,50.96926],[4.41886,50.96871],[4.41913,50.96867],[4.41868,50.96803],[4.41736,50.96637],[4.41574,50.96453],[4.41626,50.96396],[4.4128,50.96212],[4.41275,50.9622],[4.41253,50.9591],[4.41259,50.95853],[4.41376,50.95718],[4.4139,50.95642],[4.41574,50.95445],[4.41663,50.95411],[4.41731,50.95371],[4.41804,50.95312],[4.41988,50.95308],[4.42067,50.9521],[4.42142,50.95161],[4.42135,50.95145],[4.41994,50.95082],[4.42017,50.95064],[4.42069,50.9497],[4.4215,50.94888],[4.42237,50.94854],[4.42238,50.94836],[4.42299,50.94827],[4.42347,50.94753],[4.42463,50.94782],[4.42555,50.94796],[4.42533,50.94657],[4.4264,50.94653],[4.42652,50.94653],[4.42666,50.94796],[4.43821,50.94752],[4.43954,50.94743],[4.44118,50.94708],[4.4403,50.94771],[4.43851,50.94873],[4.43738,50.94924],[4.43665,50.94934],[4.437,50.94964],[4.43877,50.95002],[4.43905,50.9491],[4.43941,50.94914],[4.43986,50.94988],[4.44038,50.94949],[4.44112,50.94982],[4.44107,50.95003],[4.44028,50.95025],[4.44029,50.95043],[4.44162,50.95076],[4.44227,50.9511],[4.44265,50.95201],[4.44307,50.95247],[4.4444,50.95319],[4.4452,50.95273],[4.44525,50.95251],[4.44488,50.95212],[4.44521,50.95182],[4.44582,50.95165],[4.44638,50.95207],[4.44592,50.95281],[4.44628,50.95303],[4.44674,50.95291],[4.44697,50.95259],[4.44772,50.95243],[4.44769,50.95207],[4.44826,50.95187],[4.44844,50.95055],[4.44891,50.95036],[4.4501,50.95188],[4.45094,50.95275],[4.45215,50.95201],[4.45241,50.95207],[4.45632,50.95353],[4.45602,50.95394],[4.4571,50.95426],[4.45723,50.95412],[4.46023,50.95454],[4.46183,50.9551],[4.47052,50.958],[4.47134,50.95762],[4.47326,50.95849],[4.47455,50.95778],[4.47577,50.95929],[4.47731,50.95844],[4.47763,50.95692],[4.47803,50.95664],[4.48007,50.95618],[4.48177,50.95572],[4.48203,50.95578],[4.48345,50.95547],[4.48414,50.95543],[4.48485,50.95543],[4.48649,50.95608],[4.48745,50.95619],[4.48879,50.956],[4.48965,50.95551],[4.49076,50.95562],[4.49186,50.9554],[4.49196,50.95564],[4.49271,50.95586],[4.49383,50.95602],[4.4948,50.95723],[4.4947,50.95747],[4.49542,50.9576],[4.49567,50.95789],[4.49644,50.95806],[4.49778,50.95801],[4.49881,50.95822],[4.49918,50.95792],[4.49994,50.95787],[4.50015,50.95817],[4.50084,50.95807],[4.50109,50.95767],[4.50165,50.95743],[4.50228,50.95759],[4.50268,50.95749],[4.50351,50.95809],[4.50353,50.95853],[4.5045,50.9588],[4.5047,50.95925],[4.50555,50.9594],[4.50664,50.95906],[4.50738,50.95864],[4.5085,50.9586],[4.50922,50.95829],[4.51079,50.9589],[4.51105,50.95886],[4.51216,50.95796],[4.51337,50.95718],[4.51497,50.95629],[4.51559,50.95606],[4.5174,50.9557],[4.51807,50.95632],[4.51875,50.95713],[4.52015,50.95864],[4.52089,50.95976],[4.52125,50.95994],[4.52112,50.9608],[4.52174,50.96533],[4.52194,50.96623],[4.52369,50.96599],[4.52359,50.96574],[4.525,50.96552],[4.52747,50.96541],[4.52727,50.96623],[4.52722,50.96748],[4.52616,50.96732],[4.52569,50.96865],[4.52475,50.96853],[4.52462,50.96769],[4.52328,50.96792],[4.52431,50.96959],[4.52543,50.96953],[4.52516,50.9706],[4.52433,50.97211],[4.52235,50.97395],[4.52226,50.97624],[4.52211,50.97662],[4.52126,50.97724],[4.5207,50.97752],[4.51901,50.97857],[4.51776,50.97892],[4.51621,50.97916],[4.51438,50.97934],[4.5132,50.97975],[4.51236,50.98026],[4.51331,50.9809],[4.5187,50.98485],[4.52404,50.98883],[4.5287,50.99227],[4.50733,51.00197],[4.49404,51.00803],[4.49171,51.00931],[4.4903,51.00852],[4.48866,51.00751],[4.48777,51.00654],[4.48737,51.00592],[4.48682,51.00584],[4.48687,51.00551],[4.48623,51.00547],[4.48667,51.00311],[4.48767,51.001],[4.4883,50.99885],[4.48844,50.99751],[4.48822,50.99722],[4.4887,50.99689],[4.48935,50.99619],[4.48742,50.99567],[4.48644,50.99481],[4.48445,50.99441],[4.48378,50.99406],[4.48284,50.99375],[4.48227,50.99372],[4.48153,50.99341],[4.48158,50.9926],[4.48078,50.99247],[4.4808,50.99179],[4.48057,50.99133],[4.48007,50.99097],[4.47944,50.99102],[4.47789,50.99208],[4.47725,50.99231],[4.47516,50.99164],[4.47468,50.99232],[4.47435,50.99222],[4.47312,50.99288],[4.47243,50.99338],[4.47049,50.99389],[4.46992,50.99417],[4.4697,50.99455],[4.46919,50.99495],[4.46706,50.99394],[4.46559,50.9933],[4.46527,50.99352],[4.4646,50.99452],[4.46373,50.99539],[4.46224,50.99636],[4.46163,50.99688],[4.46101,50.99783],[4.46018,51.00025],[4.45991,51.00062],[4.45906,51.00122],[4.45724,51.00193],[4.45589,51.00255],[4.4547,51.00351],[4.45398,51.00456],[4.45378,51.00527],[4.45373,51.00597],[4.44907,51.00424],[4.44618,51.00364],[4.44291,51.00301],[4.44092,51.00257],[4.43869,51.00203],[4.43317,51.00105],[4.43244,51.00078],[4.43021,50.99981],[4.42891,50.99914],[4.42733,50.99841],[4.42703,50.99836],[4.42601,50.99931],[4.42528,50.99892],[4.42389,50.99836],[4.4228,50.99768],[4.42232,50.9971],[4.42152,50.99567],[4.42102,50.99522],[4.42072,50.99534],[4.41822,50.99594],[4.41785,50.99635],[4.41734,50.99748],[4.41769,50.9995],[4.41268,50.99976],[4.41056,50.99985],[4.4094,50.99806],[4.40433,50.9993],[4.40399,50.99926],[4.40304,50.99947],[4.39765,50.99676],[4.39542,50.99567],[4.39508,50.99572],[4.39384,50.99639],[4.39228,50.99746],[4.39198,50.99797],[4.39162,50.99901],[4.39167,50.99937],[4.39223,50.99954],[4.39362,50.99979],[4.39451,51.00052],[4.39353,51.0013],[4.39333,51.00163],[4.39349,51.0023],[4.39347,51.00321],[4.39278,51.00328],[4.39072,51.00314],[4.38959,51.00422],[4.39008,51.00497],[4.38986,51.00575]]]}},{"type":"Feature","id":"23097","bbox":[4.040669,50.811508,4.150581,50.858619],"properties":{"nis":"23097","name":"Roosdaal","nameNl":"Roosdaal","nameFr":"Roosdaal","nameDe":"Roosdaal","province":"vlaams-brabant","region":"flanders","areaKm2":21.83},"geometry":{"type":"Polygon","coordinates":[[[4.05898,50.8548],[4.05782,50.85388],[4.05762,50.85317],[4.05802,50.85203],[4.05841,50.85159],[4.05946,50.85112],[4.05998,50.85067],[4.05994,50.85036],[4.05883,50.84862],[4.0584,50.8482],[4.05425,50.84652],[4.05396,50.84629],[4.05206,50.84326],[4.05192,50.84225],[4.05141,50.84175],[4.04934,50.84102],[4.04777,50.84109],[4.04636,50.84029],[4.04535,50.83993],[4.04382,50.83974],[4.04311,50.83924],[4.04225,50.83848],[4.04067,50.83774],[4.04119,50.83749],[4.0411,50.83723],[4.04158,50.83691],[4.04307,50.83696],[4.04414,50.83682],[4.0446,50.83636],[4.04412,50.83598],[4.0448,50.83595],[4.04474,50.83574],[4.04526,50.83584],[4.04523,50.8353],[4.04614,50.83529],[4.04608,50.8345],[4.04663,50.83465],[4.04647,50.83432],[4.04718,50.83402],[4.0465,50.83374],[4.04717,50.83357],[4.04752,50.83314],[4.04831,50.83252],[4.04915,50.83268],[4.05019,50.83265],[4.05113,50.83282],[4.05406,50.83405],[4.05497,50.8347],[4.05655,50.83487],[4.05742,50.83521],[4.05772,50.83465],[4.05844,50.8339],[4.05911,50.83402],[4.06038,50.83391],[4.0614,50.83372],[4.06171,50.83391],[4.06226,50.83389],[4.06417,50.83453],[4.065,50.83451],[4.06586,50.83475],[4.06689,50.8349],[4.06684,50.83471],[4.06762,50.83433],[4.06836,50.8343],[4.06863,50.83401],[4.06951,50.83346],[4.06905,50.83307],[4.06891,50.83272],[4.06971,50.83196],[4.0698,50.83068],[4.07001,50.83011],[4.06994,50.82937],[4.07013,50.82899],[4.06994,50.82822],[4.06877,50.82654],[4.06889,50.82527],[4.07025,50.82409],[4.07134,50.82364],[4.07199,50.82248],[4.0723,50.8223],[4.07262,50.82165],[4.07299,50.82123],[4.07381,50.82076],[4.07396,50.82046],[4.07439,50.82034],[4.07474,50.81978],[4.07546,50.8193],[4.07467,50.81885],[4.07467,50.81592],[4.07444,50.81514],[4.07466,50.81351],[4.07597,50.81372],[4.07757,50.81384],[4.08003,50.81413],[4.08193,50.81446],[4.08412,50.81517],[4.08765,50.81642],[4.08853,50.81559],[4.09038,50.81451],[4.09031,50.81445],[4.09232,50.81281],[4.09318,50.81224],[4.09356,50.81212],[4.09643,50.81176],[4.09784,50.81188],[4.10023,50.81183],[4.10036,50.81166],[4.10144,50.81151],[4.1037,50.81205],[4.10456,50.81245],[4.10529,50.81267],[4.10859,50.81396],[4.1104,50.81443],[4.112,50.81499],[4.11272,50.81539],[4.11307,50.81535],[4.11384,50.81486],[4.11473,50.81412],[4.11515,50.81448],[4.1159,50.81466],[4.11643,50.81383],[4.11677,50.81393],[4.11677,50.81361],[4.11908,50.81419],[4.11958,50.81364],[4.1193,50.81351],[4.11997,50.81287],[4.12392,50.81546],[4.12472,50.81499],[4.12519,50.81527],[4.12566,50.81558],[4.12383,50.81661],[4.12338,50.81718],[4.12179,50.81803],[4.12284,50.81861],[4.12404,50.81889],[4.12396,50.81942],[4.12457,50.82017],[4.12364,50.82048],[4.1237,50.82065],[4.12305,50.82087],[4.12219,50.82164],[4.11947,50.82183],[4.12025,50.82308],[4.12034,50.82354],[4.11977,50.8236],[4.11862,50.824],[4.11778,50.82464],[4.11759,50.82435],[4.11585,50.82428],[4.11465,50.82446],[4.11354,50.82518],[4.11325,50.82553],[4.11256,50.82562],[4.1123,50.82585],[4.11235,50.82701],[4.11205,50.82735],[4.1112,50.8274],[4.11124,50.8272],[4.10964,50.82739],[4.1097,50.82778],[4.10935,50.82893],[4.10939,50.82959],[4.10896,50.8299],[4.10893,50.83039],[4.11063,50.83155],[4.11045,50.8319],[4.1108,50.83246],[4.11169,50.83293],[4.11741,50.8333],[4.1253,50.83376],[4.12554,50.83476],[4.12512,50.83488],[4.12527,50.83518],[4.12645,50.83503],[4.1283,50.83656],[4.12879,50.83762],[4.12974,50.83816],[4.13008,50.83787],[4.1321,50.83888],[4.13271,50.83851],[4.13344,50.83928],[4.1337,50.83919],[4.13413,50.83969],[4.13389,50.83977],[4.13488,50.84087],[4.13592,50.84086],[4.1365,50.84129],[4.13688,50.84177],[4.137,50.84262],[4.13729,50.84307],[4.13844,50.84268],[4.1386,50.84277],[4.13972,50.84209],[4.14063,50.84171],[4.14139,50.84001],[4.14174,50.83883],[4.14162,50.83777],[4.14177,50.83736],[4.14317,50.83751],[4.14311,50.83897],[4.14283,50.84017],[4.14361,50.84042],[4.14378,50.84143],[4.14415,50.84151],[4.14734,50.84085],[4.14847,50.84321],[4.15058,50.84783],[4.14717,50.85018],[4.14494,50.85179],[4.14583,50.85273],[4.1489,50.85634],[4.14565,50.85797],[4.14336,50.85862],[4.14243,50.8581],[4.14212,50.85745],[4.14118,50.85618],[4.14083,50.85617],[4.13845,50.85682],[4.13752,50.85714],[4.13709,50.85697],[4.13637,50.85641],[4.13602,50.85674],[4.13641,50.85686],[4.13626,50.85712],[4.13522,50.85681],[4.13466,50.85689],[4.1336,50.85651],[4.13217,50.85625],[4.13124,50.85638],[4.12949,50.85593],[4.12683,50.85664],[4.12633,50.8569],[4.12547,50.85648],[4.12343,50.85565],[4.11773,50.85379],[4.1175,50.85367],[4.1158,50.85456],[4.11458,50.85594],[4.1132,50.85532],[4.11289,50.85548],[4.11171,50.85461],[4.10877,50.85607],[4.10628,50.85368],[4.10584,50.85371],[4.10577,50.85194],[4.10444,50.85189],[4.10417,50.85131],[4.10429,50.85064],[4.10349,50.85054],[4.10325,50.85038],[4.10267,50.85047],[4.10203,50.84972],[4.10149,50.85043],[4.10106,50.8502],[4.09884,50.85116],[4.09815,50.85054],[4.09756,50.85157],[4.09644,50.85246],[4.09591,50.85347],[4.09478,50.8543],[4.09455,50.85487],[4.09413,50.85506],[4.09372,50.8557],[4.09308,50.85588],[4.09212,50.85588],[4.09119,50.85572],[4.09099,50.85516],[4.08998,50.8546],[4.08835,50.85499],[4.08606,50.85515],[4.08575,50.85534],[4.08581,50.8559],[4.08414,50.85535],[4.08297,50.85544],[4.08041,50.85591],[4.08012,50.85512],[4.07932,50.85438],[4.07631,50.85494],[4.07577,50.85421],[4.07325,50.8533],[4.07257,50.85338],[4.07155,50.85276],[4.07071,50.85273],[4.07037,50.85235],[4.06911,50.85163],[4.06864,50.85211],[4.06321,50.85312],[4.06319,50.85345],[4.06187,50.85369],[4.06198,50.85404],[4.05898,50.8548]]]}},{"type":"Feature","id":"23098","bbox":[4.288581,50.779702,4.325764,50.813051],"properties":{"nis":"23098","name":"Drogenbos","nameNl":"Drogenbos","nameFr":"Drogenbos","nameDe":"Drogenbos","province":"vlaams-brabant","region":"flanders","areaKm2":2.49},"geometry":{"type":"Polygon","coordinates":[[[4.3078,50.78212],[4.30793,50.7819],[4.30921,50.78141],[4.31034,50.78146],[4.31084,50.78129],[4.31213,50.78062],[4.3137,50.78004],[4.32571,50.7797],[4.32576,50.7799],[4.32538,50.77997],[4.32515,50.78069],[4.32319,50.7824],[4.32187,50.78317],[4.32152,50.78387],[4.3216,50.78425],[4.32112,50.7848],[4.32123,50.78536],[4.32061,50.78566],[4.32049,50.78631],[4.31971,50.78683],[4.31936,50.78685],[4.31913,50.78764],[4.31952,50.78769],[4.31933,50.78837],[4.31964,50.78846],[4.31963,50.78884],[4.31916,50.78912],[4.31923,50.79011],[4.31866,50.79069],[4.31829,50.7906],[4.31818,50.79103],[4.31877,50.79215],[4.31828,50.79247],[4.31834,50.79329],[4.31792,50.79376],[4.31802,50.7942],[4.31763,50.79511],[4.31722,50.7952],[4.3164,50.79635],[4.31521,50.7964],[4.31493,50.79657],[4.31411,50.7964],[4.31428,50.79673],[4.31372,50.79711],[4.31295,50.7974],[4.3118,50.79751],[4.31079,50.79767],[4.31072,50.79793],[4.30543,50.79862],[4.30495,50.79875],[4.30451,50.79931],[4.30419,50.79999],[4.30422,50.80058],[4.30337,50.80216],[4.303,50.80237],[4.30221,50.80337],[4.30205,50.80422],[4.30304,50.80535],[4.30331,50.80717],[4.304,50.80826],[4.30434,50.80906],[4.30531,50.80918],[4.3055,50.80932],[4.30573,50.81045],[4.30561,50.81076],[4.30576,50.81126],[4.30645,50.81244],[4.30186,50.81305],[4.3018,50.81288],[4.3011,50.81276],[4.30037,50.81287],[4.3002,50.81263],[4.30059,50.81242],[4.3007,50.81184],[4.30027,50.81123],[4.30072,50.81083],[4.30005,50.81034],[4.3004,50.81014],[4.30029,50.80942],[4.30084,50.8088],[4.29954,50.80838],[4.29958,50.80809],[4.30105,50.80735],[4.30109,50.80713],[4.3,50.80623],[4.29872,50.80599],[4.29827,50.8058],[4.29853,50.80529],[4.29948,50.80476],[4.29953,50.8045],[4.29912,50.80391],[4.29981,50.80309],[4.30009,50.80258],[4.30073,50.80182],[4.29999,50.80145],[4.29873,50.80133],[4.29869,50.80189],[4.29788,50.80186],[4.29775,50.80143],[4.29644,50.80143],[4.29627,50.80079],[4.29542,50.8001],[4.29234,50.79832],[4.29116,50.79783],[4.28858,50.79641],[4.29105,50.79652],[4.29145,50.79666],[4.29403,50.79639],[4.29629,50.79609],[4.29661,50.79624],[4.29714,50.79588],[4.29836,50.79543],[4.29874,50.79575],[4.29923,50.7956],[4.29909,50.79525],[4.29969,50.79506],[4.30112,50.79506],[4.30181,50.79495],[4.30215,50.79506],[4.30261,50.79484],[4.30365,50.79474],[4.30449,50.79405],[4.30458,50.79371],[4.30418,50.7931],[4.30425,50.79274],[4.30472,50.79263],[4.3059,50.79308],[4.30618,50.79303],[4.30664,50.79186],[4.30658,50.79164],[4.3058,50.7909],[4.3059,50.79055],[4.307,50.79043],[4.30723,50.79024],[4.30665,50.78962],[4.30693,50.78922],[4.30875,50.78908],[4.30968,50.78884],[4.3105,50.78808],[4.31133,50.7879],[4.31164,50.78812],[4.31159,50.78901],[4.31214,50.78914],[4.31274,50.78899],[4.31292,50.78842],[4.3134,50.78765],[4.31264,50.78727],[4.31251,50.78666],[4.3113,50.78615],[4.31095,50.78571],[4.3109,50.78472],[4.31112,50.78413],[4.31096,50.78345],[4.31049,50.78316],[4.30998,50.7833],[4.30951,50.78367],[4.30873,50.78378],[4.3086,50.78304],[4.30864,50.78243],[4.3078,50.78212]]]}},{"type":"Feature","id":"23099","bbox":[4.449221,50.818283,4.49293,50.867177],"properties":{"nis":"23099","name":"Kraainem","nameNl":"Kraainem","nameFr":"Kraainem","nameDe":"Kraainem","province":"vlaams-brabant","region":"flanders","areaKm2":5.82},"geometry":{"type":"Polygon","coordinates":[[[4.45786,50.85277],[4.45868,50.85263],[4.45963,50.85231],[4.46117,50.8519],[4.46128,50.85102],[4.46097,50.85097],[4.46122,50.85012],[4.46178,50.84879],[4.46248,50.84894],[4.46303,50.84831],[4.46364,50.84729],[4.46399,50.84639],[4.4652,50.84427],[4.46707,50.84463],[4.46725,50.84339],[4.46681,50.84015],[4.46701,50.83975],[4.46781,50.83867],[4.46817,50.83739],[4.46574,50.83553],[4.47673,50.82041],[4.47758,50.82001],[4.4781,50.81833],[4.47882,50.81833],[4.47983,50.81853],[4.48295,50.81939],[4.48446,50.81971],[4.48598,50.82022],[4.48689,50.82019],[4.48778,50.82028],[4.48918,50.82061],[4.49145,50.82097],[4.49293,50.82145],[4.49092,50.82338],[4.48954,50.82511],[4.48917,50.82535],[4.48879,50.82608],[4.48748,50.82766],[4.48726,50.82759],[4.48601,50.83034],[4.48552,50.83153],[4.48458,50.83348],[4.48412,50.8332],[4.48291,50.83329],[4.48242,50.83382],[4.48103,50.83481],[4.48023,50.83566],[4.48003,50.83622],[4.47931,50.83659],[4.47759,50.83727],[4.47509,50.83868],[4.47483,50.83878],[4.47283,50.83997],[4.47214,50.84031],[4.47035,50.84096],[4.47153,50.84305],[4.47361,50.84634],[4.47557,50.84925],[4.47601,50.84972],[4.47832,50.85186],[4.47924,50.852],[4.47859,50.85297],[4.47958,50.85358],[4.47978,50.854],[4.48015,50.85422],[4.48062,50.85477],[4.48099,50.85499],[4.48122,50.85542],[4.481,50.85618],[4.48054,50.8564],[4.47995,50.85693],[4.47979,50.85732],[4.48015,50.85886],[4.47993,50.85924],[4.4807,50.86086],[4.4801,50.86116],[4.47935,50.86085],[4.47866,50.86102],[4.4786,50.86126],[4.47796,50.86113],[4.47669,50.86152],[4.47694,50.86188],[4.4759,50.86216],[4.47611,50.86244],[4.4761,50.86305],[4.4757,50.86318],[4.47535,50.86435],[4.47467,50.86551],[4.47261,50.86496],[4.47193,50.86517],[4.47149,50.86514],[4.47035,50.86479],[4.46998,50.86446],[4.46898,50.86436],[4.46859,50.8642],[4.46751,50.86419],[4.46718,50.86457],[4.46755,50.8657],[4.46549,50.86566],[4.46299,50.86573],[4.46247,50.86512],[4.46125,50.86526],[4.46217,50.86676],[4.4606,50.86668],[4.45988,50.86647],[4.4595,50.86558],[4.45887,50.8656],[4.4587,50.86608],[4.45728,50.86562],[4.45694,50.86531],[4.45739,50.86537],[4.45717,50.86502],[4.45662,50.86502],[4.45629,50.86531],[4.4552,50.86544],[4.45375,50.86603],[4.45341,50.8663],[4.45327,50.86693],[4.45282,50.86706],[4.45191,50.86615],[4.45127,50.86643],[4.45166,50.86718],[4.45077,50.86702],[4.44975,50.86701],[4.45044,50.86673],[4.44975,50.86622],[4.44945,50.86637],[4.44922,50.8653],[4.4493,50.86422],[4.45073,50.86384],[4.45232,50.86355],[4.45191,50.8632],[4.45188,50.86274],[4.45218,50.86202],[4.45151,50.86184],[4.45155,50.86149],[4.4523,50.8602],[4.45188,50.85976],[4.45368,50.85897],[4.45254,50.85848],[4.456,50.85653],[4.45582,50.85642],[4.45663,50.85587],[4.45646,50.85578],[4.45768,50.85464],[4.45851,50.8536],[4.45736,50.8533],[4.45786,50.85277]]]}},{"type":"Feature","id":"23100","bbox":[4.321675,50.756258,4.367492,50.779903],"properties":{"nis":"23100","name":"Linkebeek","nameNl":"Linkebeek","nameFr":"Linkebeek","nameDe":"Linkebeek","province":"vlaams-brabant","region":"flanders","areaKm2":4.18},"geometry":{"type":"Polygon","coordinates":[[[4.35599,50.75712],[4.35645,50.75793],[4.35816,50.75903],[4.3583,50.76014],[4.3586,50.76072],[4.36057,50.76195],[4.36096,50.76166],[4.36129,50.76206],[4.36194,50.76239],[4.36234,50.7622],[4.36335,50.762],[4.36399,50.76227],[4.36373,50.76256],[4.36427,50.76288],[4.36515,50.7624],[4.36574,50.76264],[4.36635,50.76242],[4.36689,50.76301],[4.36727,50.76324],[4.36647,50.76401],[4.36565,50.76361],[4.36533,50.76377],[4.36456,50.76345],[4.36412,50.76373],[4.36507,50.76381],[4.36594,50.7642],[4.36617,50.76442],[4.36625,50.76598],[4.36669,50.76628],[4.36658,50.76648],[4.36731,50.76716],[4.36749,50.76748],[4.36578,50.7683],[4.36456,50.76847],[4.36401,50.76874],[4.36302,50.76956],[4.36325,50.76962],[4.36311,50.77031],[4.36324,50.77073],[4.36373,50.77137],[4.36251,50.77191],[4.3629,50.77234],[4.35622,50.77345],[4.35439,50.77361],[4.353,50.77351],[4.35236,50.77365],[4.3515,50.77406],[4.34976,50.77456],[4.34932,50.77446],[4.34779,50.77479],[4.34752,50.77529],[4.3468,50.77551],[4.34404,50.77539],[4.34401,50.77513],[4.34178,50.77439],[4.34077,50.7736],[4.33629,50.77435],[4.33496,50.7746],[4.33125,50.7755],[4.33073,50.7763],[4.33089,50.77643],[4.3305,50.77691],[4.32966,50.77752],[4.32845,50.77796],[4.32768,50.7784],[4.32786,50.77856],[4.32707,50.77905],[4.32674,50.77949],[4.32576,50.7799],[4.32571,50.7797],[4.32548,50.77893],[4.32525,50.77893],[4.32239,50.77803],[4.32167,50.77728],[4.32273,50.7774],[4.32284,50.77668],[4.32348,50.77548],[4.32202,50.77503],[4.3231,50.77376],[4.32387,50.77296],[4.32424,50.77334],[4.32533,50.77252],[4.32436,50.77187],[4.32359,50.77157],[4.32493,50.77052],[4.32393,50.7702],[4.32291,50.76973],[4.32198,50.76944],[4.32213,50.76843],[4.32259,50.76781],[4.32428,50.76875],[4.32494,50.76826],[4.32434,50.76792],[4.32476,50.7676],[4.32652,50.7687],[4.32735,50.76909],[4.32807,50.76903],[4.32842,50.76788],[4.32985,50.76804],[4.3313,50.76704],[4.33092,50.76657],[4.33812,50.7633],[4.33825,50.76204],[4.34,50.76098],[4.34129,50.76067],[4.34183,50.76006],[4.34482,50.76022],[4.34566,50.75936],[4.34699,50.7593],[4.35217,50.75626],[4.35523,50.75702],[4.35599,50.75712]]]}},{"type":"Feature","id":"23101","bbox":[4.321199,50.715104,4.423898,50.77337],"properties":{"nis":"23101","name":"Sint-Genesius-Rode","nameNl":"Sint-Genesius-Rode","nameFr":"Rhode-Saint-Genèse","nameDe":"Sint-Genesius-Rode","province":"vlaams-brabant","region":"flanders","areaKm2":22.67},"geometry":{"type":"Polygon","coordinates":[[[4.36373,50.77137],[4.36324,50.77073],[4.36311,50.77031],[4.36325,50.76962],[4.36302,50.76956],[4.36401,50.76874],[4.36456,50.76847],[4.36578,50.7683],[4.36749,50.76748],[4.36731,50.76716],[4.36658,50.76648],[4.36669,50.76628],[4.36625,50.76598],[4.36617,50.76442],[4.36594,50.7642],[4.36507,50.76381],[4.36412,50.76373],[4.36456,50.76345],[4.36533,50.76377],[4.36565,50.76361],[4.36647,50.76401],[4.36727,50.76324],[4.36689,50.76301],[4.36635,50.76242],[4.36574,50.76264],[4.36515,50.7624],[4.36427,50.76288],[4.36373,50.76256],[4.36399,50.76227],[4.36335,50.762],[4.36234,50.7622],[4.36194,50.76239],[4.36129,50.76206],[4.36096,50.76166],[4.36057,50.76195],[4.3586,50.76072],[4.3583,50.76014],[4.35816,50.75903],[4.35645,50.75793],[4.35599,50.75712],[4.35394,50.75414],[4.35381,50.75376],[4.3535,50.75174],[4.35355,50.75052],[4.35319,50.74966],[4.35267,50.74918],[4.35197,50.74901],[4.35187,50.7495],[4.35123,50.74959],[4.34942,50.74968],[4.3476,50.74953],[4.34756,50.74822],[4.34689,50.74732],[4.34635,50.74697],[4.3456,50.74597],[4.34499,50.74608],[4.34366,50.74591],[4.3425,50.7454],[4.34175,50.74527],[4.3415,50.74542],[4.34108,50.74502],[4.33967,50.74421],[4.34012,50.74373],[4.34072,50.74281],[4.34093,50.74286],[4.34137,50.74236],[4.33951,50.74151],[4.34057,50.74098],[4.3405,50.74051],[4.34098,50.73956],[4.33817,50.73939],[4.33739,50.73928],[4.33631,50.74038],[4.33542,50.74088],[4.33455,50.74024],[4.33356,50.73978],[4.33291,50.73973],[4.33225,50.74019],[4.33186,50.74019],[4.33139,50.7397],[4.33143,50.73936],[4.33049,50.73909],[4.33023,50.73871],[4.32984,50.73863],[4.32972,50.73831],[4.32868,50.73832],[4.32858,50.73796],[4.32774,50.73802],[4.32738,50.73763],[4.327,50.73763],[4.32588,50.73661],[4.32444,50.73618],[4.32331,50.73608],[4.32311,50.73552],[4.32337,50.73532],[4.3228,50.73504],[4.32384,50.73464],[4.32432,50.73395],[4.32527,50.73292],[4.3258,50.73264],[4.32556,50.73191],[4.32509,50.73115],[4.32404,50.73086],[4.32298,50.73068],[4.32178,50.72916],[4.3212,50.72781],[4.32123,50.72612],[4.32167,50.72335],[4.32128,50.72194],[4.32158,50.71978],[4.32192,50.7199],[4.3225,50.7198],[4.32299,50.71991],[4.32647,50.71541],[4.32713,50.71515],[4.3277,50.71587],[4.32842,50.71841],[4.3316,50.71668],[4.33227,50.71651],[4.33342,50.71642],[4.33462,50.71652],[4.33372,50.71529],[4.33443,50.71566],[4.33474,50.71525],[4.33503,50.71541],[4.33478,50.71622],[4.33533,50.71663],[4.33491,50.71705],[4.33271,50.71878],[4.33081,50.72076],[4.33131,50.72286],[4.33186,50.72447],[4.33177,50.72475],[4.33232,50.72425],[4.3328,50.72436],[4.33246,50.72464],[4.33265,50.72527],[4.33254,50.72552],[4.33341,50.72696],[4.33387,50.72736],[4.33398,50.72774],[4.33374,50.72788],[4.33337,50.7274],[4.33252,50.72676],[4.3321,50.72612],[4.33158,50.72578],[4.32888,50.72459],[4.32842,50.72421],[4.32784,50.72398],[4.32703,50.72397],[4.32532,50.72327],[4.32375,50.72361],[4.3251,50.72444],[4.32528,50.72497],[4.32486,50.72525],[4.32511,50.72595],[4.32449,50.7273],[4.32383,50.72891],[4.3259,50.7294],[4.32742,50.72858],[4.32863,50.72878],[4.32894,50.72906],[4.32943,50.72983],[4.32991,50.7304],[4.33202,50.7321],[4.33247,50.73241],[4.33266,50.73316],[4.33352,50.73355],[4.33441,50.73428],[4.33501,50.73373],[4.33645,50.73371],[4.33807,50.73404],[4.3382,50.73376],[4.34001,50.73199],[4.34209,50.72889],[4.34714,50.72146],[4.35151,50.7151],[4.35337,50.71543],[4.35853,50.71613],[4.36336,50.71679],[4.36492,50.71686],[4.36729,50.71669],[4.36855,50.71656],[4.37273,50.71622],[4.37268,50.71756],[4.37249,50.71994],[4.3723,50.72292],[4.3723,50.72363],[4.37181,50.72946],[4.3759,50.72996],[4.37879,50.73048],[4.38119,50.73107],[4.38319,50.73138],[4.38477,50.73126],[4.38801,50.73147],[4.38924,50.73178],[4.39053,50.73221],[4.3913,50.73212],[4.39182,50.73245],[4.39274,50.7334],[4.39342,50.73435],[4.39368,50.73449],[4.39573,50.73512],[4.39631,50.73387],[4.40632,50.73457],[4.41429,50.73515],[4.41253,50.73981],[4.4052,50.75892],[4.41909,50.76336],[4.42236,50.76439],[4.4239,50.7649],[4.42256,50.76611],[4.42006,50.76913],[4.4168,50.77337],[4.41262,50.77232],[4.41098,50.77191],[4.40631,50.77047],[4.39646,50.76756],[4.38293,50.76368],[4.38269,50.76448],[4.38265,50.76874],[4.38179,50.76858],[4.38111,50.76859],[4.38105,50.76933],[4.3734,50.77103],[4.36912,50.77196],[4.3631,50.7733],[4.36316,50.77307],[4.36422,50.7729],[4.36427,50.77243],[4.36373,50.77137]]]}},{"type":"Feature","id":"23102","bbox":[4.277809,50.89039,4.338964,50.92808],"properties":{"nis":"23102","name":"Wemmel","nameNl":"Wemmel","nameFr":"Wemmel","nameDe":"Wemmel","province":"vlaams-brabant","region":"flanders","areaKm2":8.74},"geometry":{"type":"Polygon","coordinates":[[[4.33896,50.92073],[4.3385,50.92087],[4.33698,50.92088],[4.33627,50.92163],[4.33572,50.92202],[4.33221,50.92487],[4.33213,50.92499],[4.32907,50.92695],[4.32865,50.92748],[4.32795,50.9273],[4.32735,50.92808],[4.326,50.92789],[4.32506,50.92739],[4.32484,50.92752],[4.32462,50.92719],[4.32375,50.92693],[4.3235,50.92703],[4.32334,50.92651],[4.32162,50.92616],[4.3198,50.92546],[4.31971,50.92504],[4.31833,50.9245],[4.31786,50.92411],[4.31737,50.92395],[4.31605,50.92413],[4.31591,50.92432],[4.31401,50.924],[4.31365,50.92439],[4.31304,50.92422],[4.31137,50.92401],[4.3086,50.92323],[4.30792,50.92322],[4.30672,50.92284],[4.30319,50.9225],[4.3018,50.9223],[4.30142,50.9223],[4.29828,50.92038],[4.29795,50.92036],[4.29681,50.9197],[4.29604,50.91907],[4.29466,50.91837],[4.29399,50.91782],[4.2924,50.91685],[4.28905,50.91596],[4.28702,50.91551],[4.28711,50.91526],[4.28673,50.91502],[4.28518,50.91516],[4.28445,50.91505],[4.28399,50.9148],[4.28275,50.91451],[4.28149,50.91406],[4.2805,50.91393],[4.2797,50.91356],[4.27901,50.91343],[4.27781,50.91289],[4.27845,50.91239],[4.27953,50.91198],[4.28118,50.9118],[4.28382,50.90979],[4.2883,50.90791],[4.28868,50.9078],[4.29024,50.90584],[4.29168,50.90438],[4.29218,50.90418],[4.29403,50.90129],[4.29422,50.90024],[4.2932,50.89967],[4.29324,50.89924],[4.29272,50.8993],[4.29246,50.89912],[4.29334,50.8979],[4.29366,50.89799],[4.2937,50.89698],[4.2943,50.89606],[4.29452,50.89615],[4.29479,50.89546],[4.29565,50.89436],[4.29576,50.89438],[4.29913,50.89221],[4.30006,50.89232],[4.30114,50.89117],[4.3007,50.89088],[4.30094,50.89056],[4.30116,50.89042],[4.30198,50.8904],[4.30409,50.89062],[4.30578,50.89095],[4.30743,50.89099],[4.30916,50.89165],[4.31159,50.89248],[4.31377,50.89331],[4.31461,50.89361],[4.31814,50.89454],[4.31938,50.89499],[4.32036,50.89556],[4.32256,50.89747],[4.32369,50.89819],[4.32458,50.89858],[4.32745,50.89965],[4.32955,50.90048],[4.33092,50.90092],[4.33063,50.90144],[4.32992,50.90171],[4.32742,50.90209],[4.32782,50.90227],[4.32548,50.90387],[4.3252,50.90374],[4.32399,50.90541],[4.32382,50.90539],[4.32339,50.90592],[4.32372,50.90615],[4.32293,50.90786],[4.32288,50.90813],[4.32223,50.90843],[4.32185,50.90843],[4.32104,50.90891],[4.32071,50.90935],[4.3192,50.91039],[4.31898,50.91036],[4.3184,50.91077],[4.31857,50.91145],[4.31888,50.91168],[4.31843,50.91198],[4.31941,50.91249],[4.32045,50.91247],[4.32058,50.91235],[4.32167,50.91257],[4.32256,50.91296],[4.32355,50.91364],[4.3248,50.91413],[4.32556,50.91453],[4.32631,50.91475],[4.32686,50.91515],[4.32796,50.91549],[4.33056,50.91678],[4.33156,50.91703],[4.33194,50.91735],[4.33297,50.9179],[4.3333,50.91828],[4.33461,50.91872],[4.33537,50.91908],[4.33559,50.9194],[4.33605,50.91952],[4.33735,50.92009],[4.33812,50.9202],[4.33846,50.92007],[4.33896,50.92073]]]}},{"type":"Feature","id":"23103","bbox":[4.470354,50.82598,4.517372,50.861998],"properties":{"nis":"23103","name":"Wezembeek-Oppem","nameNl":"Wezembeek-Oppem","nameFr":"Wezembeek-Oppem","nameDe":"Wezembeek-Oppem","province":"vlaams-brabant","region":"flanders","areaKm2":6.83},"geometry":{"type":"Polygon","coordinates":[[[4.50961,50.83843],[4.5088,50.83915],[4.50912,50.84098],[4.50906,50.84173],[4.50846,50.84268],[4.50802,50.84388],[4.50826,50.84396],[4.50844,50.84482],[4.50803,50.84547],[4.50728,50.84781],[4.50655,50.8484],[4.50524,50.84971],[4.50541,50.84984],[4.50395,50.85114],[4.50292,50.85213],[4.50212,50.853],[4.49898,50.85603],[4.4981,50.85698],[4.49751,50.85734],[4.49608,50.85678],[4.49548,50.85707],[4.4934,50.85644],[4.49188,50.85702],[4.49036,50.85786],[4.4896,50.85843],[4.48781,50.85929],[4.48664,50.85973],[4.4886,50.8606],[4.48805,50.86112],[4.48817,50.86121],[4.48766,50.862],[4.48626,50.86151],[4.48572,50.86165],[4.48518,50.86154],[4.48333,50.86095],[4.48308,50.86076],[4.4807,50.86086],[4.47993,50.85924],[4.48015,50.85886],[4.47979,50.85732],[4.47995,50.85693],[4.48054,50.8564],[4.481,50.85618],[4.48122,50.85542],[4.48099,50.85499],[4.48062,50.85477],[4.48015,50.85422],[4.47978,50.854],[4.47958,50.85358],[4.47859,50.85297],[4.47924,50.852],[4.47832,50.85186],[4.47601,50.84972],[4.47557,50.84925],[4.47361,50.84634],[4.47153,50.84305],[4.47035,50.84096],[4.47214,50.84031],[4.47283,50.83997],[4.47483,50.83878],[4.47509,50.83868],[4.47759,50.83727],[4.47931,50.83659],[4.48003,50.83622],[4.48023,50.83566],[4.48103,50.83481],[4.48242,50.83382],[4.48291,50.83329],[4.48412,50.8332],[4.48458,50.83348],[4.48552,50.83153],[4.48601,50.83034],[4.48726,50.82759],[4.48748,50.82766],[4.49,50.82855],[4.49051,50.82808],[4.49232,50.82879],[4.49082,50.83038],[4.49381,50.83175],[4.49433,50.83105],[4.49497,50.83044],[4.49778,50.8288],[4.49831,50.82858],[4.49972,50.82718],[4.5016,50.82598],[4.50333,50.82762],[4.50497,50.82912],[4.50599,50.83017],[4.50667,50.83122],[4.50693,50.83185],[4.50708,50.83263],[4.50754,50.83292],[4.50885,50.83334],[4.51004,50.83385],[4.51105,50.8327],[4.51164,50.83189],[4.51245,50.83053],[4.51293,50.82921],[4.5132,50.82935],[4.51631,50.83053],[4.51663,50.83118],[4.51737,50.83183],[4.51502,50.83346],[4.51106,50.83685],[4.51078,50.83722],[4.50961,50.83843]]]}},{"type":"Feature","id":"23104","bbox":[4.108899,50.779663,4.211951,50.843209],"properties":{"nis":"23104","name":"Lennik","nameNl":"Lennik","nameFr":"Lennik","nameDe":"Lennik","province":"vlaams-brabant","region":"flanders","areaKm2":31.03},"geometry":{"type":"Polygon","coordinates":[[[4.12519,50.81527],[4.12744,50.81469],[4.1285,50.81414],[4.12722,50.81267],[4.13075,50.80993],[4.12969,50.80926],[4.1323,50.80793],[4.13105,50.80514],[4.13151,50.80502],[4.13049,50.80287],[4.13696,50.80131],[4.13636,50.80069],[4.13651,50.80036],[4.13539,50.79993],[4.13815,50.79794],[4.13982,50.79825],[4.14162,50.79572],[4.14226,50.79568],[4.14372,50.79607],[4.14392,50.7959],[4.1453,50.79523],[4.14288,50.79396],[4.14087,50.7942],[4.14012,50.79455],[4.13916,50.79403],[4.14037,50.79269],[4.13972,50.79268],[4.13832,50.79241],[4.13639,50.79149],[4.13704,50.79088],[4.13846,50.79077],[4.13972,50.79012],[4.1402,50.78963],[4.13982,50.78851],[4.13898,50.78724],[4.13756,50.78597],[4.13741,50.78564],[4.13699,50.78557],[4.1369,50.78498],[4.13842,50.78332],[4.1389,50.78303],[4.14139,50.7819],[4.14169,50.78205],[4.14252,50.78205],[4.14327,50.78186],[4.14431,50.78131],[4.14581,50.78026],[4.14719,50.78125],[4.1473,50.78095],[4.14794,50.7817],[4.14894,50.78216],[4.15084,50.78236],[4.15171,50.78221],[4.1522,50.78194],[4.15286,50.7807],[4.15356,50.78032],[4.15436,50.78014],[4.15578,50.77966],[4.15615,50.7809],[4.15746,50.78157],[4.15569,50.78283],[4.15626,50.78356],[4.15681,50.78384],[4.15789,50.78295],[4.16006,50.78401],[4.16009,50.78434],[4.16229,50.78481],[4.16212,50.78505],[4.16179,50.78613],[4.16275,50.78629],[4.16372,50.78596],[4.16562,50.78623],[4.16606,50.78613],[4.16647,50.7865],[4.16778,50.7871],[4.16776,50.78731],[4.16953,50.78791],[4.17034,50.78793],[4.17232,50.78848],[4.17348,50.78892],[4.174,50.7883],[4.17507,50.78865],[4.17599,50.78785],[4.178,50.78852],[4.17773,50.78876],[4.17839,50.78895],[4.17911,50.78793],[4.17994,50.78803],[4.18041,50.78749],[4.18161,50.78777],[4.181,50.78884],[4.18193,50.78897],[4.18161,50.78981],[4.18269,50.78979],[4.18307,50.78837],[4.18334,50.78848],[4.18439,50.78753],[4.18518,50.78793],[4.18544,50.78777],[4.18671,50.78839],[4.18746,50.78782],[4.18733,50.78749],[4.18601,50.78697],[4.18624,50.78665],[4.18706,50.78683],[4.18817,50.78723],[4.19012,50.78809],[4.19049,50.78772],[4.18965,50.78735],[4.19048,50.78641],[4.19338,50.78734],[4.1941,50.78728],[4.19391,50.78761],[4.19492,50.78798],[4.19417,50.78884],[4.19554,50.7895],[4.19528,50.79027],[4.19635,50.79062],[4.1962,50.79081],[4.19696,50.7913],[4.20168,50.7933],[4.20676,50.79548],[4.20548,50.79655],[4.20669,50.79777],[4.20833,50.7986],[4.20559,50.80073],[4.20456,50.8018],[4.20395,50.80352],[4.20418,50.80358],[4.20399,50.80418],[4.20357,50.80469],[4.20358,50.80494],[4.20404,50.80482],[4.20454,50.80436],[4.20587,50.805],[4.20689,50.80397],[4.20873,50.80425],[4.20948,50.80416],[4.21004,50.80479],[4.21005,50.80525],[4.2097,50.80621],[4.20854,50.80731],[4.2084,50.80729],[4.20822,50.80633],[4.20784,50.80588],[4.20735,50.80564],[4.20758,50.80639],[4.20769,50.80731],[4.20758,50.80763],[4.20846,50.80842],[4.20866,50.80879],[4.20838,50.80928],[4.20901,50.80939],[4.2088,50.8103],[4.21081,50.81193],[4.21195,50.8137],[4.21168,50.81481],[4.21123,50.81467],[4.21143,50.81585],[4.21131,50.81655],[4.21145,50.81764],[4.2112,50.81797],[4.20923,50.81961],[4.20787,50.82107],[4.20717,50.82216],[4.2075,50.82292],[4.20733,50.8233],[4.20719,50.82423],[4.20618,50.82519],[4.2056,50.82609],[4.20486,50.82606],[4.20199,50.8264],[4.20131,50.82665],[4.20018,50.82656],[4.19992,50.82748],[4.19923,50.82776],[4.19774,50.82817],[4.19695,50.82859],[4.19366,50.83013],[4.19188,50.83069],[4.18957,50.83123],[4.18898,50.83126],[4.18846,50.83107],[4.18725,50.8311],[4.1863,50.83184],[4.18572,50.83208],[4.18343,50.83213],[4.18167,50.83223],[4.18064,50.83261],[4.17947,50.83289],[4.17775,50.83304],[4.17623,50.83401],[4.17529,50.83493],[4.17461,50.83578],[4.17216,50.83718],[4.16924,50.83834],[4.16778,50.83961],[4.16718,50.84026],[4.16697,50.84082],[4.16601,50.84181],[4.16517,50.84192],[4.16175,50.84222],[4.16127,50.84146],[4.16091,50.84153],[4.16074,50.8407],[4.15823,50.84121],[4.15801,50.84084],[4.15584,50.84147],[4.15569,50.8414],[4.15469,50.84202],[4.1522,50.84278],[4.151,50.84275],[4.14847,50.84321],[4.14734,50.84085],[4.14415,50.84151],[4.14378,50.84143],[4.14361,50.84042],[4.14283,50.84017],[4.14311,50.83897],[4.14317,50.83751],[4.14177,50.83736],[4.14162,50.83777],[4.14174,50.83883],[4.14139,50.84001],[4.14063,50.84171],[4.13972,50.84209],[4.1386,50.84277],[4.13844,50.84268],[4.13729,50.84307],[4.137,50.84262],[4.13688,50.84177],[4.1365,50.84129],[4.13592,50.84086],[4.13488,50.84087],[4.13389,50.83977],[4.13413,50.83969],[4.1337,50.83919],[4.13344,50.83928],[4.13271,50.83851],[4.1321,50.83888],[4.13008,50.83787],[4.12974,50.83816],[4.12879,50.83762],[4.1283,50.83656],[4.12645,50.83503],[4.12527,50.83518],[4.12512,50.83488],[4.12554,50.83476],[4.1253,50.83376],[4.11741,50.8333],[4.11169,50.83293],[4.1108,50.83246],[4.11045,50.8319],[4.11063,50.83155],[4.10893,50.83039],[4.10896,50.8299],[4.10939,50.82959],[4.10935,50.82893],[4.1097,50.82778],[4.10964,50.82739],[4.11124,50.8272],[4.1112,50.8274],[4.11205,50.82735],[4.11235,50.82701],[4.1123,50.82585],[4.11256,50.82562],[4.11325,50.82553],[4.11354,50.82518],[4.11465,50.82446],[4.11585,50.82428],[4.11759,50.82435],[4.11778,50.82464],[4.11862,50.824],[4.11977,50.8236],[4.12034,50.82354],[4.12025,50.82308],[4.11947,50.82183],[4.12219,50.82164],[4.12305,50.82087],[4.1237,50.82065],[4.12364,50.82048],[4.12457,50.82017],[4.12396,50.81942],[4.12404,50.81889],[4.12284,50.81861],[4.12179,50.81803],[4.12338,50.81718],[4.12383,50.81661],[4.12566,50.81558],[4.12519,50.81527]]]}},{"type":"Feature","id":"23105","bbox":[4.074245,50.883234,4.150486,50.932466],"properties":{"nis":"23105","name":"Affligem","nameNl":"Affligem","nameFr":"Affligem","nameDe":"Affligem","province":"vlaams-brabant","region":"flanders","areaKm2":17.85},"geometry":{"type":"Polygon","coordinates":[[[4.07424,50.8994],[4.07701,50.89744],[4.07784,50.89679],[4.07989,50.89369],[4.08071,50.89273],[4.08241,50.89119],[4.08315,50.89104],[4.08643,50.89103],[4.08739,50.89097],[4.08841,50.89059],[4.08914,50.89017],[4.08965,50.8896],[4.08928,50.88881],[4.09221,50.88793],[4.09303,50.88834],[4.09483,50.88805],[4.09562,50.88777],[4.09571,50.88724],[4.09704,50.88742],[4.09766,50.88682],[4.09711,50.88639],[4.09671,50.88538],[4.09757,50.88538],[4.09794,50.88557],[4.09817,50.88523],[4.09847,50.88532],[4.09905,50.88511],[4.09953,50.88517],[4.0995,50.88493],[4.10021,50.88498],[4.10095,50.88465],[4.10143,50.88489],[4.10236,50.88489],[4.10265,50.88525],[4.10307,50.88509],[4.10296,50.88473],[4.10405,50.88456],[4.10477,50.88476],[4.10568,50.88469],[4.10612,50.8845],[4.10699,50.88457],[4.1073,50.88477],[4.10812,50.88451],[4.10883,50.88409],[4.10993,50.88419],[4.11219,50.88473],[4.11428,50.88539],[4.11451,50.88556],[4.11621,50.88577],[4.11622,50.88569],[4.12477,50.88495],[4.12804,50.88404],[4.12907,50.88418],[4.13353,50.88441],[4.13476,50.88384],[4.14046,50.88323],[4.14107,50.88355],[4.1422,50.88391],[4.14259,50.88416],[4.14347,50.88431],[4.14451,50.88431],[4.14501,50.88503],[4.14573,50.8854],[4.14631,50.88619],[4.14673,50.88622],[4.14774,50.88682],[4.14806,50.88676],[4.1482,50.88771],[4.14804,50.88825],[4.14886,50.88846],[4.14914,50.88866],[4.14942,50.88983],[4.14985,50.89101],[4.15049,50.89209],[4.14945,50.89364],[4.14926,50.89379],[4.1482,50.89535],[4.14697,50.89625],[4.147,50.89679],[4.14609,50.89722],[4.14537,50.89745],[4.14512,50.89779],[4.14542,50.89779],[4.14702,50.89821],[4.14786,50.89871],[4.14725,50.89965],[4.1465,50.90052],[4.14535,50.90171],[4.14569,50.90183],[4.14547,50.90287],[4.14522,50.90286],[4.14529,50.90365],[4.1446,50.9054],[4.14389,50.90664],[4.14414,50.90674],[4.14218,50.90874],[4.14179,50.90864],[4.14132,50.90918],[4.14299,50.90974],[4.14247,50.91044],[4.14439,50.91118],[4.14813,50.91245],[4.14958,50.91303],[4.14902,50.91328],[4.14689,50.91568],[4.14628,50.91613],[4.14535,50.9164],[4.14466,50.91637],[4.14419,50.91668],[4.14292,50.91651],[4.14112,50.91605],[4.13992,50.91671],[4.13897,50.91697],[4.1386,50.91725],[4.13851,50.91892],[4.13797,50.92009],[4.13771,50.92035],[4.13666,50.92076],[4.13583,50.92091],[4.13507,50.92086],[4.13247,50.9212],[4.12995,50.92101],[4.1277,50.92149],[4.12698,50.92184],[4.12634,50.92201],[4.12306,50.92253],[4.12071,50.92345],[4.11965,50.92621],[4.11547,50.92563],[4.11353,50.92562],[4.11351,50.92588],[4.1127,50.92618],[4.09599,50.93247],[4.09521,50.93225],[4.09539,50.93147],[4.09538,50.93087],[4.0952,50.93035],[4.09476,50.93005],[4.09411,50.92986],[4.09356,50.92947],[4.09266,50.92856],[4.09241,50.92816],[4.09133,50.92783],[4.08917,50.9265],[4.08919,50.92611],[4.08957,50.92515],[4.09058,50.92418],[4.09091,50.9193],[4.0922,50.91596],[4.09499,50.91548],[4.09478,50.91475],[4.09472,50.91367],[4.09739,50.91375],[4.09866,50.9127],[4.09863,50.91194],[4.09931,50.9113],[4.10113,50.90999],[4.10064,50.90958],[4.09881,50.90859],[4.09255,50.90576],[4.0922,50.90552],[4.09101,50.90533],[4.09028,50.90497],[4.08958,50.9043],[4.0888,50.904],[4.08818,50.90357],[4.08515,50.90199],[4.08479,50.90225],[4.08428,50.90201],[4.08364,50.90232],[4.08006,50.90159],[4.07904,50.90155],[4.07742,50.90069],[4.07647,50.90045],[4.0752,50.89977],[4.07424,50.8994]]]}},{"type":"Feature","id":"23106","bbox":[3.931036,50.687381,4.152356,50.816425],"properties":{"nis":"23106","name":"Pajottegem","nameNl":"Pajottegem","nameFr":"Pajottegem","nameDe":"Pajottegem","province":"vlaams-brabant","region":"flanders","areaKm2":119.7},"geometry":{"type":"Polygon","coordinates":[[[3.94372,50.72906],[3.94379,50.72811],[3.94339,50.72786],[3.94363,50.72751],[3.94344,50.72729],[3.94369,50.72696],[3.94352,50.72678],[3.94449,50.72604],[3.94433,50.72524],[3.94471,50.72468],[3.94483,50.72355],[3.94518,50.72258],[3.945,50.72225],[3.94562,50.72164],[3.94613,50.72137],[3.9461,50.72055],[3.94572,50.72011],[3.9457,50.71973],[3.94606,50.71942],[3.94721,50.71904],[3.94999,50.71933],[3.94983,50.71972],[3.95335,50.72055],[3.95549,50.72139],[3.95694,50.72204],[3.95823,50.72272],[3.96064,50.72245],[3.96178,50.72222],[3.96247,50.72169],[3.96233,50.72108],[3.96262,50.72059],[3.9634,50.72005],[3.96444,50.71845],[3.96475,50.71858],[3.96523,50.71828],[3.96527,50.71799],[3.96593,50.71724],[3.96624,50.71727],[3.96695,50.71656],[3.96936,50.7152],[3.96948,50.71492],[3.96992,50.71494],[3.97153,50.71323],[3.97375,50.71174],[3.97417,50.71077],[3.97391,50.7097],[3.97366,50.70808],[3.9733,50.70685],[3.9726,50.70567],[3.97196,50.70388],[3.97125,50.70222],[3.97091,50.70183],[3.96951,50.6997],[3.9686,50.69906],[3.96749,50.69813],[3.9666,50.69721],[3.96583,50.6962],[3.96429,50.69469],[3.96376,50.69428],[3.96232,50.69257],[3.96149,50.69174],[3.96158,50.69165],[3.95931,50.69008],[3.95878,50.68959],[3.95948,50.68946],[3.96089,50.68935],[3.96145,50.68922],[3.96225,50.6893],[3.96444,50.68978],[3.96588,50.68983],[3.96915,50.69028],[3.96924,50.6904],[3.97125,50.69054],[3.97464,50.68852],[3.97507,50.6884],[3.97659,50.68854],[3.97707,50.68843],[3.97775,50.68854],[3.98075,50.68853],[3.98072,50.68843],[3.98372,50.68803],[3.98602,50.68743],[3.98722,50.68738],[3.98866,50.68765],[3.99063,50.68786],[3.99153,50.68861],[3.99275,50.68932],[3.99417,50.6908],[3.99417,50.69106],[3.99471,50.6916],[3.99597,50.69254],[3.99719,50.69317],[3.99748,50.69307],[3.99862,50.69362],[3.9987,50.69396],[3.99951,50.69464],[4.00025,50.6949],[4.00118,50.69537],[4.00088,50.6957],[4.00171,50.69586],[4.00339,50.69684],[4.00532,50.69724],[4.00551,50.6972],[4.00759,50.69775],[4.00861,50.69814],[4.00928,50.69885],[4.00999,50.69941],[4.0108,50.6991],[4.01138,50.69863],[4.01171,50.69856],[4.01263,50.69889],[4.01284,50.69881],[4.01255,50.69839],[4.01312,50.69728],[4.01339,50.69696],[4.01376,50.69597],[4.01406,50.69575],[4.01512,50.69569],[4.01546,50.69506],[4.01597,50.69444],[4.01705,50.69391],[4.01771,50.69411],[4.0187,50.69468],[4.01865,50.69492],[4.01912,50.69517],[4.02177,50.69443],[4.02252,50.69427],[4.02432,50.69418],[4.02463,50.69395],[4.02559,50.69423],[4.02685,50.69404],[4.02726,50.69409],[4.02749,50.69383],[4.02828,50.69376],[4.02888,50.69413],[4.02942,50.6939],[4.03004,50.69388],[4.03093,50.69401],[4.03178,50.69388],[4.03211,50.69398],[4.03254,50.69464],[4.03591,50.69619],[4.03737,50.69692],[4.03779,50.69704],[4.03749,50.69726],[4.0423,50.69913],[4.0437,50.69988],[4.04384,50.70005],[4.04758,50.70161],[4.04961,50.70182],[4.05133,50.70187],[4.05337,50.70163],[4.05435,50.70084],[4.05491,50.69987],[4.05538,50.69857],[4.0556,50.69853],[4.05639,50.69693],[4.05781,50.6948],[4.05802,50.69489],[4.05867,50.69439],[4.06017,50.69651],[4.06089,50.69737],[4.06479,50.70251],[4.06735,50.70577],[4.06793,50.70724],[4.06827,50.7075],[4.06978,50.70902],[4.07196,50.71176],[4.08172,50.72449],[4.08204,50.72456],[4.09142,50.72761],[4.09352,50.72693],[4.09412,50.7278],[4.09936,50.73101],[4.0994,50.73139],[4.10034,50.73188],[4.09905,50.73247],[4.09918,50.73342],[4.09888,50.73367],[4.10205,50.73552],[4.10497,50.73705],[4.10691,50.73867],[4.10968,50.74087],[4.11006,50.74058],[4.11275,50.74211],[4.11297,50.74182],[4.11335,50.74202],[4.11256,50.74296],[4.11421,50.74392],[4.11456,50.7442],[4.11635,50.74534],[4.11626,50.74584],[4.11712,50.74646],[4.11778,50.74734],[4.11869,50.74665],[4.11845,50.74651],[4.11923,50.746],[4.11904,50.74589],[4.11964,50.7454],[4.1209,50.74606],[4.12054,50.7464],[4.12176,50.74711],[4.12341,50.74862],[4.12198,50.74971],[4.12301,50.74991],[4.12634,50.7514],[4.12609,50.75181],[4.12676,50.75254],[4.1276,50.75301],[4.12829,50.75294],[4.1291,50.75228],[4.1311,50.75276],[4.13153,50.75267],[4.13312,50.75308],[4.13452,50.75312],[4.13487,50.75282],[4.13509,50.75213],[4.13556,50.75225],[4.13622,50.75143],[4.13807,50.75245],[4.13911,50.7534],[4.14019,50.75358],[4.14133,50.75354],[4.14324,50.75397],[4.14332,50.75415],[4.13969,50.75718],[4.1386,50.75782],[4.13906,50.75796],[4.14068,50.75815],[4.14173,50.7584],[4.14395,50.75921],[4.14356,50.75987],[4.14405,50.75999],[4.14195,50.76074],[4.14148,50.76154],[4.13994,50.76136],[4.13973,50.76192],[4.13965,50.76268],[4.13751,50.7644],[4.13402,50.76547],[4.13332,50.76603],[4.13438,50.76672],[4.13368,50.76763],[4.13357,50.76826],[4.13248,50.76821],[4.13226,50.76845],[4.13328,50.76871],[4.13547,50.76941],[4.13576,50.76927],[4.13568,50.76823],[4.14122,50.77025],[4.14264,50.77115],[4.14368,50.77167],[4.1445,50.77176],[4.14814,50.77268],[4.14899,50.77237],[4.1515,50.77302],[4.15236,50.77356],[4.15116,50.77399],[4.15046,50.77457],[4.15006,50.77522],[4.14892,50.77572],[4.14791,50.77521],[4.14697,50.7758],[4.14646,50.77579],[4.14594,50.77598],[4.14563,50.77685],[4.14537,50.77695],[4.14556,50.77813],[4.14578,50.77872],[4.14612,50.77909],[4.14603,50.77999],[4.14581,50.78026],[4.14431,50.78131],[4.14327,50.78186],[4.14252,50.78205],[4.14169,50.78205],[4.14139,50.7819],[4.1389,50.78303],[4.13842,50.78332],[4.1369,50.78498],[4.13699,50.78557],[4.13741,50.78564],[4.13756,50.78597],[4.13898,50.78724],[4.13982,50.78851],[4.1402,50.78963],[4.13972,50.79012],[4.13846,50.79077],[4.13704,50.79088],[4.13639,50.79149],[4.13832,50.79241],[4.13972,50.79268],[4.14037,50.79269],[4.13916,50.79403],[4.14012,50.79455],[4.14087,50.7942],[4.14288,50.79396],[4.1453,50.79523],[4.14392,50.7959],[4.14372,50.79607],[4.14226,50.79568],[4.14162,50.79572],[4.13982,50.79825],[4.13815,50.79794],[4.13539,50.79993],[4.13651,50.80036],[4.13636,50.80069],[4.13696,50.80131],[4.13049,50.80287],[4.13151,50.80502],[4.13105,50.80514],[4.1323,50.80793],[4.12969,50.80926],[4.13075,50.80993],[4.12722,50.81267],[4.1285,50.81414],[4.12744,50.81469],[4.12519,50.81527],[4.12472,50.81499],[4.12392,50.81546],[4.11997,50.81287],[4.1193,50.81351],[4.11958,50.81364],[4.11908,50.81419],[4.11677,50.81361],[4.11677,50.81393],[4.11643,50.81383],[4.1159,50.81466],[4.11515,50.81448],[4.11473,50.81412],[4.11384,50.81486],[4.11307,50.81535],[4.11272,50.81539],[4.112,50.81499],[4.1104,50.81443],[4.10859,50.81396],[4.10529,50.81267],[4.10456,50.81245],[4.1037,50.81205],[4.10144,50.81151],[4.10036,50.81166],[4.10023,50.81183],[4.09784,50.81188],[4.09643,50.81176],[4.09356,50.81212],[4.09318,50.81224],[4.09232,50.81281],[4.09031,50.81445],[4.09038,50.81451],[4.08853,50.81559],[4.08765,50.81642],[4.08412,50.81517],[4.08193,50.81446],[4.08003,50.81413],[4.07757,50.81384],[4.07597,50.81372],[4.07466,50.81351],[4.07313,50.81314],[4.07193,50.81229],[4.07148,50.8113],[4.07157,50.81068],[4.0714,50.81017],[4.07285,50.81034],[4.07266,50.8091],[4.07117,50.80602],[4.07025,50.80623],[4.06996,50.80513],[4.06907,50.80357],[4.06819,50.80264],[4.06799,50.80229],[4.06791,50.80052],[4.06782,50.80033],[4.06579,50.79817],[4.06468,50.79691],[4.06301,50.79516],[4.06254,50.79474],[4.05964,50.79305],[4.06054,50.79199],[4.06162,50.79095],[4.06118,50.79054],[4.05998,50.78987],[4.05799,50.78939],[4.05753,50.78921],[4.05647,50.78846],[4.0549,50.78638],[4.0543,50.78551],[4.0531,50.78411],[4.05159,50.78455],[4.0508,50.78488],[4.05011,50.78537],[4.04929,50.78614],[4.04756,50.78506],[4.04625,50.78454],[4.04574,50.78484],[4.04522,50.7845],[4.04429,50.78416],[4.04286,50.7828],[4.04239,50.78251],[4.04134,50.78269],[4.04058,50.78271],[4.0404,50.78245],[4.0408,50.78061],[4.04113,50.78046],[4.04103,50.77979],[4.04052,50.77991],[4.03953,50.77979],[4.03863,50.77937],[4.03678,50.77737],[4.03626,50.77744],[4.03319,50.77887],[4.03183,50.7798],[4.03125,50.77966],[4.03023,50.77978],[4.02854,50.78028],[4.02814,50.78056],[4.02763,50.78134],[4.02694,50.78202],[4.02617,50.78171],[4.0258,50.78089],[4.02477,50.78051],[4.02294,50.77999],[4.02187,50.77923],[4.02064,50.7782],[4.01893,50.77668],[4.01706,50.77456],[4.01638,50.77332],[4.01535,50.77293],[4.01483,50.77236],[4.015,50.77128],[4.01436,50.77118],[4.01364,50.77138],[4.01191,50.77222],[4.01054,50.77242],[4.00971,50.77294],[4.00858,50.77351],[4.00708,50.7741],[4.00669,50.77519],[4.00425,50.77648],[4.00343,50.77743],[4.00298,50.77832],[4.00181,50.77903],[4.00114,50.77914],[3.99758,50.77837],[3.99673,50.77772],[3.996,50.77663],[3.99553,50.77688],[3.99366,50.77547],[3.99266,50.77438],[3.99322,50.77399],[3.99258,50.77219],[3.99174,50.77116],[3.99162,50.7702],[3.98876,50.76798],[3.98758,50.76742],[3.98736,50.76759],[3.98703,50.76727],[3.98658,50.76725],[3.98649,50.7667],[3.98597,50.76656],[3.98585,50.76616],[3.98531,50.76601],[3.98421,50.76638],[3.98328,50.76638],[3.97907,50.76676],[3.9735,50.7672],[3.97304,50.767],[3.97147,50.7668],[3.97114,50.76658],[3.97017,50.76642],[3.96853,50.76686],[3.96961,50.76874],[3.97026,50.76997],[3.97094,50.77013],[3.9711,50.77066],[3.97163,50.77152],[3.97182,50.77249],[3.9715,50.77357],[3.97163,50.77463],[3.97208,50.77558],[3.97125,50.7759],[3.97054,50.77597],[3.96971,50.77629],[3.96971,50.77641],[3.96542,50.77651],[3.96465,50.77628],[3.96381,50.77582],[3.96345,50.77574],[3.96291,50.77678],[3.96253,50.77727],[3.96093,50.7787],[3.96011,50.77972],[3.95764,50.77929],[3.95655,50.77905],[3.95453,50.77832],[3.95324,50.7777],[3.95216,50.77702],[3.94992,50.77702],[3.94825,50.77629],[3.94841,50.7756],[3.94791,50.77536],[3.94691,50.77511],[3.94607,50.77464],[3.94565,50.77415],[3.94498,50.77404],[3.94483,50.7746],[3.94423,50.77427],[3.94475,50.77387],[3.9435,50.77353],[3.9416,50.77265],[3.94193,50.77147],[3.94026,50.77091],[3.93936,50.77031],[3.93919,50.76995],[3.93935,50.76936],[3.93921,50.76839],[3.93712,50.76626],[3.93532,50.76402],[3.93457,50.76268],[3.93395,50.76191],[3.93295,50.76115],[3.9318,50.75972],[3.93104,50.75841],[3.93153,50.75842],[3.93183,50.75751],[3.93199,50.75754],[3.93239,50.75637],[3.93325,50.75533],[3.93336,50.75486],[3.93307,50.75417],[3.93243,50.75368],[3.93225,50.75305],[3.93234,50.75249],[3.93279,50.75204],[3.93306,50.75121],[3.93251,50.74949],[3.93295,50.74678],[3.93332,50.74629],[3.93406,50.74614],[3.93435,50.74592],[3.93478,50.74596],[3.93513,50.74647],[3.93569,50.74658],[3.93655,50.74697],[3.93748,50.74723],[3.9387,50.74778],[3.94029,50.74828],[3.9408,50.74865],[3.94111,50.74831],[3.94154,50.74858],[3.94197,50.74853],[3.94219,50.74895],[3.94287,50.74895],[3.94346,50.74926],[3.94429,50.74935],[3.94462,50.74961],[3.94529,50.74975],[3.94601,50.74903],[3.94635,50.74831],[3.94625,50.74798],[3.94674,50.7476],[3.94716,50.7464],[3.9464,50.74624],[3.94588,50.74592],[3.94548,50.74546],[3.94583,50.74503],[3.9463,50.74478],[3.94625,50.74438],[3.94664,50.74405],[3.94695,50.74417],[3.94762,50.74411],[3.94784,50.74357],[3.94775,50.7433],[3.94843,50.74304],[3.94813,50.74296],[3.94796,50.74249],[3.94818,50.74201],[3.94852,50.74206],[3.94839,50.74152],[3.94764,50.74122],[3.94764,50.74088],[3.94804,50.74053],[3.94787,50.73998],[3.94844,50.73984],[3.94954,50.73976],[3.95008,50.73938],[3.95013,50.73908],[3.95097,50.73864],[3.95136,50.73867],[3.95423,50.73745],[3.95374,50.73636],[3.95298,50.73537],[3.95262,50.73472],[3.9525,50.73366],[3.95254,50.73311],[3.95166,50.73274],[3.95158,50.73216],[3.9511,50.73184],[3.94912,50.73172],[3.94864,50.73151],[3.94819,50.73187],[3.94739,50.73197],[3.94671,50.73192],[3.94612,50.73225],[3.94553,50.73235],[3.94512,50.73194],[3.94552,50.73169],[3.94554,50.73135],[3.94446,50.73023],[3.94459,50.72967],[3.94389,50.72939],[3.94372,50.72906]]]}},{"type":"Feature","id":"24001","bbox":[4.773965,50.953313,4.936451,51.037519],"properties":{"nis":"24001","name":"Aarschot","nameNl":"Aarschot","nameFr":"Aarschot","nameDe":"Aarschot","province":"vlaams-brabant","region":"flanders","areaKm2":62.82},"geometry":{"type":"Polygon","coordinates":[[[4.77397,50.97823],[4.77511,50.97752],[4.77486,50.97661],[4.77515,50.97581],[4.7749,50.97517],[4.77523,50.97464],[4.77696,50.97311],[4.7785,50.97225],[4.78006,50.97172],[4.77907,50.97088],[4.77852,50.96966],[4.77937,50.96954],[4.78097,50.96688],[4.78182,50.96431],[4.78227,50.96344],[4.7788,50.9626],[4.77741,50.9622],[4.77753,50.96179],[4.7785,50.95987],[4.77905,50.9589],[4.78053,50.95928],[4.78043,50.95944],[4.78391,50.96014],[4.78436,50.95895],[4.7845,50.95709],[4.78436,50.95594],[4.78389,50.95403],[4.78386,50.95341],[4.78532,50.95336],[4.78784,50.95373],[4.7904,50.95386],[4.79222,50.95409],[4.79418,50.95393],[4.79655,50.95381],[4.79845,50.95418],[4.79804,50.95537],[4.79908,50.95569],[4.79935,50.95594],[4.80123,50.95673],[4.80171,50.95616],[4.80261,50.95616],[4.80233,50.95698],[4.80352,50.95701],[4.80522,50.95688],[4.80777,50.9569],[4.81021,50.95717],[4.81246,50.95725],[4.81547,50.95787],[4.81795,50.95865],[4.81906,50.9591],[4.82129,50.96044],[4.82227,50.96089],[4.82398,50.96155],[4.82708,50.96228],[4.82833,50.9627],[4.82961,50.96279],[4.8298,50.9629],[4.83321,50.96324],[4.8355,50.9632],[4.83725,50.96299],[4.83874,50.96261],[4.84475,50.96202],[4.84513,50.96196],[4.85055,50.96075],[4.85231,50.96047],[4.85737,50.95914],[4.85937,50.95852],[4.86018,50.95835],[4.86301,50.95813],[4.86583,50.95809],[4.86538,50.9572],[4.86552,50.95712],[4.8656,50.95586],[4.86726,50.95622],[4.86869,50.95621],[4.87027,50.95613],[4.8726,50.95643],[4.8733,50.95634],[4.87386,50.95661],[4.875,50.95667],[4.87635,50.95694],[4.87719,50.95536],[4.87816,50.95578],[4.8794,50.9566],[4.88039,50.95668],[4.88303,50.9561],[4.88425,50.95619],[4.88495,50.95645],[4.88665,50.95638],[4.88741,50.95592],[4.88839,50.95559],[4.8903,50.95577],[4.89067,50.95594],[4.89125,50.95667],[4.89143,50.95707],[4.89186,50.95723],[4.89364,50.95714],[4.89539,50.9567],[4.89695,50.95607],[4.89717,50.95674],[4.89797,50.956],[4.8988,50.95661],[4.89945,50.95668],[4.90028,50.95632],[4.90163,50.95698],[4.90279,50.95624],[4.9034,50.95576],[4.9042,50.95537],[4.90587,50.95523],[4.90647,50.95656],[4.90809,50.95634],[4.90921,50.95641],[4.90921,50.95687],[4.90729,50.95815],[4.90873,50.95978],[4.91041,50.95951],[4.91081,50.96047],[4.91177,50.96143],[4.91173,50.96204],[4.91296,50.96212],[4.91326,50.96224],[4.91641,50.9631],[4.9174,50.96174],[4.9181,50.96062],[4.91783,50.95789],[4.91924,50.95819],[4.92178,50.95884],[4.9226,50.9591],[4.92947,50.95975],[4.93346,50.96031],[4.93307,50.96159],[4.93275,50.96324],[4.93277,50.96356],[4.932,50.96664],[4.93173,50.96732],[4.93086,50.96882],[4.92909,50.9712],[4.92869,50.97204],[4.92859,50.97282],[4.92799,50.97501],[4.92647,50.97937],[4.92561,50.98114],[4.92435,50.98346],[4.92231,50.98278],[4.92139,50.9824],[4.92113,50.98212],[4.91955,50.98196],[4.91871,50.98273],[4.91699,50.9826],[4.91733,50.98177],[4.91632,50.98172],[4.9153,50.98158],[4.9152,50.98211],[4.91429,50.98218],[4.91403,50.98303],[4.91295,50.98297],[4.9115,50.98604],[4.90973,50.98558],[4.91019,50.98708],[4.9092,50.98702],[4.9092,50.98735],[4.90889,50.98735],[4.90899,50.98776],[4.90976,50.98829],[4.91048,50.9886],[4.91074,50.98952],[4.91058,50.9896],[4.91018,50.99051],[4.90917,50.99115],[4.90937,50.9917],[4.90931,50.99218],[4.90858,50.99301],[4.90846,50.99346],[4.90818,50.99364],[4.90816,50.9944],[4.90783,50.99532],[4.90749,50.99573],[4.90589,50.99519],[4.90496,50.99497],[4.90293,50.9951],[4.90245,50.99603],[4.90289,50.99613],[4.90382,50.99665],[4.90367,50.9969],[4.90268,50.99701],[4.90249,50.99733],[4.90378,50.99765],[4.9042,50.99727],[4.90456,50.99732],[4.90556,50.99828],[4.90627,50.99834],[4.9069,50.99798],[4.90732,50.99737],[4.90777,50.99745],[4.90849,50.99813],[4.90891,50.99867],[4.90931,50.99882],[4.91151,50.999],[4.91336,50.99878],[4.91434,50.99881],[4.91356,50.99917],[4.91323,50.99957],[4.91433,50.99939],[4.91555,50.99893],[4.91627,50.99827],[4.91686,50.99823],[4.91772,50.99847],[4.91915,50.9987],[4.91937,50.99888],[4.91942,50.99959],[4.91959,50.99992],[4.92031,51.00022],[4.92137,51.00037],[4.92251,51.00042],[4.92304,51.00056],[4.92379,51.00121],[4.9241,51.00217],[4.92495,51.00249],[4.92527,51.00228],[4.92504,51.0017],[4.92521,51.00112],[4.92579,51.00093],[4.92614,51.00108],[4.92729,51.00204],[4.92796,51.0031],[4.92871,51.00367],[4.9291,51.00377],[4.92995,51.00369],[4.92893,51.00564],[4.92779,51.007],[4.92719,51.00876],[4.92626,51.01034],[4.9264,51.01048],[4.92568,51.01143],[4.92842,51.01206],[4.92852,51.01152],[4.92972,51.01166],[4.92976,51.01148],[4.93053,51.0115],[4.93077,51.01085],[4.93197,51.01106],[4.93226,51.01072],[4.93177,51.01214],[4.93238,51.01206],[4.93249,51.01232],[4.93248,51.01348],[4.9318,51.01345],[4.93166,51.01483],[4.93212,51.01488],[4.93209,51.01523],[4.9318,51.01522],[4.93139,51.01718],[4.93048,51.0189],[4.9325,51.01966],[4.93382,51.02001],[4.93262,51.02069],[4.93365,51.02114],[4.93158,51.02256],[4.93333,51.02313],[4.93269,51.02364],[4.93304,51.02404],[4.93191,51.02479],[4.93353,51.02542],[4.93297,51.02718],[4.93259,51.02765],[4.93261,51.02885],[4.93232,51.02906],[4.9349,51.02994],[4.9345,51.03145],[4.93359,51.03247],[4.93645,51.03383],[4.93487,51.03585],[4.93642,51.03586],[4.93605,51.03636],[4.93541,51.03722],[4.93519,51.03733],[4.93397,51.03734],[4.93229,51.03748],[4.93101,51.03702],[4.93032,51.03699],[4.92945,51.03712],[4.92882,51.03667],[4.92845,51.03692],[4.92658,51.03751],[4.9258,51.03748],[4.92399,51.03723],[4.92219,51.03717],[4.91997,51.03653],[4.91829,51.03574],[4.91617,51.03568],[4.91572,51.03578],[4.9139,51.03577],[4.91142,51.03516],[4.91105,51.03461],[4.90977,51.03313],[4.90916,51.03255],[4.90817,51.0323],[4.90638,51.03214],[4.90578,51.03177],[4.90394,51.03009],[4.90322,51.02931],[4.903,51.02842],[4.90296,51.02773],[4.90402,51.02714],[4.9045,51.0264],[4.90452,51.02587],[4.90407,51.02546],[4.90302,51.02498],[4.90207,51.02494],[4.90147,51.02515],[4.90077,51.02518],[4.89975,51.0247],[4.89854,51.02441],[4.89807,51.02376],[4.89846,51.0232],[4.89764,51.02293],[4.89584,51.0225],[4.89538,51.02265],[4.89411,51.02332],[4.89373,51.02364],[4.89307,51.02365],[4.89227,51.02313],[4.89152,51.02284],[4.89078,51.02276],[4.88974,51.02292],[4.88868,51.02262],[4.88849,51.02242],[4.88653,51.02176],[4.88566,51.02113],[4.88516,51.02094],[4.88396,51.02016],[4.88299,51.01977],[4.88225,51.01968],[4.88072,51.02023],[4.88038,51.02062],[4.878,51.02196],[4.87558,51.02327],[4.87457,51.02332],[4.87341,51.02365],[4.87256,51.02368],[4.87105,51.02318],[4.86997,51.02319],[4.86895,51.02293],[4.86735,51.0222],[4.86456,51.02183],[4.86415,51.02141],[4.86362,51.02112],[4.8629,51.02094],[4.86158,51.02082],[4.86115,51.02051],[4.86099,51.02007],[4.86045,51.01942],[4.85976,51.01895],[4.85917,51.01791],[4.85912,51.01746],[4.85848,51.01689],[4.85803,51.01676],[4.85677,51.01716],[4.85394,51.01705],[4.8529,51.01712],[4.85132,51.01698],[4.85055,51.01662],[4.84992,51.01611],[4.84975,51.01556],[4.84909,51.01508],[4.84818,51.01538],[4.84738,51.01519],[4.84586,51.0143],[4.84627,51.01381],[4.84602,51.01368],[4.84541,51.01374],[4.84475,51.01364],[4.84418,51.01336],[4.8434,51.01248],[4.84254,51.01234],[4.84165,51.01253],[4.84074,51.01253],[4.84041,51.01272],[4.83967,51.01262],[4.83778,51.01255],[4.83706,51.01243],[4.83625,51.01306],[4.83583,51.01302],[4.83503,51.01261],[4.83365,51.01262],[4.83349,51.01273],[4.83189,51.01266],[4.83077,51.01228],[4.82934,51.01198],[4.82763,51.01231],[4.82629,51.01218],[4.82579,51.01201],[4.82538,51.01217],[4.82528,51.01246],[4.82473,51.01267],[4.8248,51.013],[4.82417,51.01306],[4.82375,51.01283],[4.82244,51.01277],[4.82178,51.0126],[4.82081,51.01209],[4.8203,51.0117],[4.81887,51.01128],[4.81817,51.0112],[4.81755,51.0109],[4.81712,51.01053],[4.81606,51.01054],[4.81483,51.01121],[4.80981,51.01077],[4.81032,51.01047],[4.80956,51.01027],[4.80324,51.01078],[4.80285,51.00993],[4.80234,51.00785],[4.80179,51.0067],[4.80179,51.00617],[4.80205,51.00557],[4.80244,51.0051],[4.80348,51.00417],[4.80379,51.00333],[4.80403,51.0016],[4.80431,51.00055],[4.80418,50.99876],[4.80479,50.99895],[4.80637,50.99977],[4.80814,50.99994],[4.80876,50.99832],[4.80857,50.9978],[4.80905,50.99678],[4.81033,50.9971],[4.80942,50.99259],[4.80926,50.99207],[4.80892,50.99192],[4.80865,50.99145],[4.80929,50.99126],[4.8104,50.9917],[4.81132,50.99147],[4.81188,50.98978],[4.8105,50.98986],[4.80966,50.9896],[4.80871,50.98893],[4.80739,50.98832],[4.80735,50.98795],[4.80778,50.9877],[4.80803,50.98719],[4.80787,50.98704],[4.8073,50.98711],[4.80687,50.98737],[4.80602,50.9876],[4.8056,50.98759],[4.80509,50.98712],[4.80415,50.98657],[4.80398,50.98628],[4.80476,50.98617],[4.80572,50.98654],[4.80659,50.98665],[4.8074,50.98662],[4.80768,50.98632],[4.80664,50.98573],[4.80519,50.98582],[4.80403,50.98556],[4.80342,50.98524],[4.80267,50.98461],[4.80259,50.98431],[4.804,50.98352],[4.80449,50.98294],[4.80383,50.98271],[4.80342,50.98309],[4.80231,50.98357],[4.80065,50.98344],[4.8002,50.983],[4.80046,50.98245],[4.80052,50.98175],[4.80075,50.98107],[4.80057,50.98043],[4.80028,50.98031],[4.79942,50.9805],[4.79812,50.97932],[4.79777,50.97916],[4.79685,50.98019],[4.79636,50.98031],[4.79465,50.97917],[4.79437,50.97921],[4.79384,50.97972],[4.79255,50.9798],[4.79141,50.9803],[4.79112,50.98033],[4.79,50.98],[4.78914,50.98019],[4.78924,50.97935],[4.78902,50.97916],[4.78827,50.97979],[4.78647,50.97977],[4.78579,50.9799],[4.78542,50.9803],[4.78495,50.9803],[4.78443,50.98007],[4.78309,50.97976],[4.78273,50.9793],[4.78244,50.97856],[4.78167,50.97876],[4.7814,50.9798],[4.78109,50.98004],[4.78069,50.9797],[4.78081,50.97913],[4.78066,50.97865],[4.78011,50.97822],[4.77979,50.97837],[4.77958,50.97898],[4.77907,50.97919],[4.77806,50.97933],[4.77747,50.97969],[4.77695,50.97976],[4.77693,50.97953],[4.77742,50.9788],[4.7769,50.97848],[4.77585,50.97894],[4.775,50.97868],[4.77397,50.97823]]]}},{"type":"Feature","id":"24007","bbox":[4.753125,50.978014,4.811876,51.038944],"properties":{"nis":"24007","name":"Begijnendijk","nameNl":"Begijnendijk","nameFr":"Begijnendijk","nameDe":"Begijnendijk","province":"vlaams-brabant","region":"flanders","areaKm2":17.59},"geometry":{"type":"Polygon","coordinates":[[[4.79901,51.02853],[4.79669,51.02832],[4.79414,51.03124],[4.79363,51.03256],[4.79326,51.03325],[4.79227,51.03537],[4.79093,51.03753],[4.78924,51.03894],[4.78647,51.0382],[4.77509,51.03522],[4.77435,51.03487],[4.77047,51.03198],[4.76901,51.03093],[4.76735,51.02984],[4.76663,51.02922],[4.76565,51.02864],[4.76225,51.02626],[4.76166,51.02599],[4.76083,51.02537],[4.75964,51.02464],[4.75925,51.02417],[4.75865,51.02378],[4.75829,51.02329],[4.75312,51.02411],[4.75346,51.02376],[4.75429,51.02333],[4.75489,51.02281],[4.7552,51.02234],[4.75585,51.02206],[4.75689,51.02141],[4.75806,51.02047],[4.75903,51.01939],[4.7594,51.01868],[4.76038,51.01738],[4.7616,51.01595],[4.75945,51.01545],[4.75845,51.01543],[4.75773,51.0152],[4.75689,51.01471],[4.75756,51.014],[4.76226,51.0105],[4.7635,51.00992],[4.76633,51.00967],[4.76757,51.00942],[4.76939,51.00832],[4.76937,51.00803],[4.76979,51.00734],[4.76979,51.00672],[4.76894,51.00626],[4.76913,51.00528],[4.7701,51.00323],[4.77071,51.00128],[4.77139,51.00129],[4.77276,50.99923],[4.77357,50.9982],[4.77435,50.99692],[4.77267,50.99655],[4.77191,50.99626],[4.77139,50.99593],[4.77189,50.99557],[4.77259,50.99445],[4.77315,50.99331],[4.77112,50.99274],[4.76984,50.99233],[4.76838,50.99173],[4.766,50.99066],[4.7648,50.99037],[4.76242,50.98971],[4.75958,50.98932],[4.75672,50.9888],[4.75674,50.98753],[4.75657,50.98628],[4.75659,50.98451],[4.75693,50.98344],[4.75691,50.98237],[4.75824,50.98287],[4.75892,50.9829],[4.75894,50.98272],[4.75998,50.98289],[4.76017,50.98265],[4.76137,50.98235],[4.76129,50.9821],[4.76241,50.98222],[4.76614,50.98151],[4.76655,50.98083],[4.76598,50.9797],[4.76644,50.97921],[4.76701,50.97954],[4.76692,50.97991],[4.76729,50.97999],[4.76833,50.97982],[4.76871,50.98017],[4.76913,50.98018],[4.77059,50.97917],[4.77231,50.97863],[4.77225,50.97805],[4.77296,50.97802],[4.77397,50.97823],[4.775,50.97868],[4.77585,50.97894],[4.7769,50.97848],[4.77742,50.9788],[4.77693,50.97953],[4.77695,50.97976],[4.77747,50.97969],[4.77806,50.97933],[4.77907,50.97919],[4.77958,50.97898],[4.77979,50.97837],[4.78011,50.97822],[4.78066,50.97865],[4.78081,50.97913],[4.78069,50.9797],[4.78109,50.98004],[4.7814,50.9798],[4.78167,50.97876],[4.78244,50.97856],[4.78273,50.9793],[4.78309,50.97976],[4.78443,50.98007],[4.78495,50.9803],[4.78542,50.9803],[4.78579,50.9799],[4.78647,50.97977],[4.78827,50.97979],[4.78902,50.97916],[4.78924,50.97935],[4.78914,50.98019],[4.79,50.98],[4.79112,50.98033],[4.79141,50.9803],[4.79255,50.9798],[4.79384,50.97972],[4.79437,50.97921],[4.79465,50.97917],[4.79636,50.98031],[4.79685,50.98019],[4.79777,50.97916],[4.79812,50.97932],[4.79942,50.9805],[4.80028,50.98031],[4.80057,50.98043],[4.80075,50.98107],[4.80052,50.98175],[4.80046,50.98245],[4.8002,50.983],[4.80065,50.98344],[4.80231,50.98357],[4.80342,50.98309],[4.80383,50.98271],[4.80449,50.98294],[4.804,50.98352],[4.80259,50.98431],[4.80267,50.98461],[4.80342,50.98524],[4.80403,50.98556],[4.80519,50.98582],[4.80664,50.98573],[4.80768,50.98632],[4.8074,50.98662],[4.80659,50.98665],[4.80572,50.98654],[4.80476,50.98617],[4.80398,50.98628],[4.80415,50.98657],[4.80509,50.98712],[4.8056,50.98759],[4.80602,50.9876],[4.80687,50.98737],[4.8073,50.98711],[4.80787,50.98704],[4.80803,50.98719],[4.80778,50.9877],[4.80735,50.98795],[4.80739,50.98832],[4.80871,50.98893],[4.80966,50.9896],[4.8105,50.98986],[4.81188,50.98978],[4.81132,50.99147],[4.8104,50.9917],[4.80929,50.99126],[4.80865,50.99145],[4.80892,50.99192],[4.80926,50.99207],[4.80942,50.99259],[4.81033,50.9971],[4.80905,50.99678],[4.80857,50.9978],[4.80876,50.99832],[4.80814,50.99994],[4.80637,50.99977],[4.80479,50.99895],[4.80418,50.99876],[4.80431,51.00055],[4.80403,51.0016],[4.80379,51.00333],[4.80348,51.00417],[4.80244,51.0051],[4.80205,51.00557],[4.80179,51.00617],[4.80179,51.0067],[4.80234,51.00785],[4.80285,51.00993],[4.80324,51.01078],[4.80956,51.01027],[4.81032,51.01047],[4.80981,51.01077],[4.80945,51.01121],[4.80817,51.01369],[4.80904,51.01443],[4.81008,51.01491],[4.81102,51.01577],[4.811,51.01629],[4.81012,51.01701],[4.80916,51.01732],[4.8088,51.01806],[4.81121,51.01933],[4.81057,51.02019],[4.81016,51.01998],[4.80923,51.0209],[4.80705,51.02069],[4.80639,51.02154],[4.80582,51.02558],[4.80507,51.02577],[4.8046,51.02605],[4.80345,51.02649],[4.80227,51.02804],[4.80084,51.02801],[4.79982,51.02817],[4.79901,51.02853]]]}},{"type":"Feature","id":"24008","bbox":[4.919405,50.892857,5.045304,50.96931],"properties":{"nis":"24008","name":"Bekkevoort","nameNl":"Bekkevoort","nameFr":"Bekkevoort","nameDe":"Bekkevoort","province":"vlaams-brabant","region":"flanders","areaKm2":37.15},"geometry":{"type":"Polygon","coordinates":[[[4.93346,50.96031],[4.935,50.95873],[4.9362,50.95671],[4.93689,50.95592],[4.93833,50.95355],[4.93922,50.95319],[4.93986,50.95247],[4.94379,50.94895],[4.9446,50.94806],[4.94609,50.946],[4.94604,50.9459],[4.94673,50.94453],[4.94687,50.94317],[4.94725,50.94204],[4.94718,50.94194],[4.94777,50.94067],[4.9486,50.93676],[4.94888,50.93465],[4.94901,50.93411],[4.94953,50.93274],[4.95012,50.93197],[4.95102,50.93103],[4.95188,50.92982],[4.95012,50.92937],[4.94872,50.92921],[4.9449,50.92836],[4.94313,50.92776],[4.94198,50.92725],[4.94062,50.92684],[4.94118,50.92632],[4.94034,50.92615],[4.93883,50.92606],[4.93768,50.92583],[4.93459,50.92634],[4.93267,50.92545],[4.93034,50.92483],[4.92987,50.92497],[4.92736,50.92416],[4.92642,50.92392],[4.92524,50.92279],[4.924,50.92125],[4.9245,50.92098],[4.92474,50.92042],[4.92432,50.92018],[4.9227,50.9201],[4.92025,50.92036],[4.91944,50.9202],[4.91955,50.91787],[4.91955,50.91678],[4.91941,50.91652],[4.91969,50.91371],[4.92099,50.91375],[4.92197,50.91345],[4.92237,50.91218],[4.92287,50.91107],[4.92337,50.90937],[4.92503,50.90992],[4.9255,50.90849],[4.92596,50.90675],[4.92652,50.90537],[4.92734,50.90365],[4.92936,50.90418],[4.92996,50.90426],[4.93152,50.90281],[4.93176,50.90287],[4.93494,50.9001],[4.93596,50.89901],[4.93717,50.89738],[4.93768,50.89552],[4.93864,50.89558],[4.93961,50.89286],[4.94039,50.89303],[4.94235,50.8936],[4.9429,50.89384],[4.94421,50.89411],[4.9446,50.89471],[4.94527,50.89486],[4.9451,50.89529],[4.94549,50.89546],[4.94744,50.89558],[4.94795,50.89582],[4.94873,50.89596],[4.9492,50.89638],[4.95032,50.89666],[4.95129,50.89717],[4.95193,50.89764],[4.95238,50.89775],[4.95253,50.89815],[4.95323,50.89835],[4.95385,50.89893],[4.95475,50.89927],[4.95546,50.89932],[4.9562,50.89972],[4.95655,50.90033],[4.95684,50.90046],[4.95731,50.90111],[4.95758,50.90119],[4.95878,50.89945],[4.95951,50.89951],[4.96341,50.89946],[4.96767,50.89949],[4.97207,50.9],[4.97549,50.90084],[4.9773,50.90186],[4.97537,50.90361],[4.97482,50.90452],[4.97421,50.90613],[4.9735,50.90597],[4.97326,50.90649],[4.97527,50.90719],[4.97621,50.90738],[4.97537,50.90813],[4.97609,50.90847],[4.9776,50.9086],[4.97714,50.90901],[4.97813,50.90971],[4.97673,50.91091],[4.97784,50.91136],[4.97744,50.91167],[4.97881,50.9125],[4.97692,50.9141],[4.97816,50.91476],[4.9777,50.9155],[4.97769,50.91589],[4.97844,50.91666],[4.97996,50.91771],[4.97975,50.91794],[4.98031,50.91789],[4.98083,50.9181],[4.98067,50.91836],[4.98231,50.91964],[4.98324,50.91961],[4.98366,50.91986],[4.98339,50.92028],[4.98416,50.92055],[4.98455,50.92035],[4.98523,50.92107],[4.98561,50.9209],[4.98581,50.92114],[4.98549,50.92148],[4.98578,50.92263],[4.98631,50.92362],[4.98711,50.92369],[4.98838,50.9246],[4.98864,50.92449],[4.98993,50.92441],[4.99002,50.92455],[4.9916,50.92469],[4.9947,50.9245],[4.99473,50.92514],[4.99629,50.92521],[4.9958,50.92653],[4.99678,50.92693],[4.99945,50.92751],[4.99927,50.92786],[5.00012,50.92777],[5.00091,50.92785],[5.00156,50.92775],[5.00302,50.92787],[5.00413,50.92782],[5.0044,50.92734],[5.00495,50.92735],[5.00669,50.92772],[5.0072,50.92791],[5.00832,50.92852],[5.00966,50.92942],[5.01213,50.93031],[5.01265,50.92971],[5.01297,50.92894],[5.01252,50.928],[5.01181,50.92702],[5.01107,50.92624],[5.00996,50.92456],[5.01082,50.92437],[5.01296,50.92484],[5.01386,50.92491],[5.01642,50.9253],[5.01952,50.92589],[5.02135,50.92635],[5.02249,50.92686],[5.02372,50.92483],[5.02496,50.92538],[5.02557,50.92607],[5.0263,50.92657],[5.02696,50.92676],[5.02772,50.92716],[5.02888,50.92743],[5.03,50.92747],[5.03068,50.92788],[5.03107,50.92827],[5.03218,50.9285],[5.03342,50.92904],[5.03375,50.92907],[5.03644,50.92991],[5.03721,50.93005],[5.03817,50.93038],[5.04025,50.93141],[5.04093,50.93144],[5.04248,50.93168],[5.04371,50.93255],[5.04429,50.93259],[5.0453,50.93244],[5.04493,50.93404],[5.04391,50.93576],[5.04396,50.93669],[5.04374,50.93739],[5.04269,50.93868],[5.04264,50.9392],[5.0423,50.93977],[5.04151,50.94264],[5.0421,50.94277],[5.04133,50.94433],[5.0403,50.94413],[5.03946,50.9438],[5.03891,50.94341],[5.03862,50.94357],[5.03813,50.94446],[5.03662,50.94691],[5.03539,50.94864],[5.03564,50.94944],[5.03551,50.94971],[5.03456,50.95045],[5.0332,50.9524],[5.03197,50.95352],[5.03055,50.95434],[5.03045,50.95456],[5.0291,50.95642],[5.02897,50.95638],[5.02842,50.95736],[5.02706,50.95929],[5.02706,50.95972],[5.02774,50.95978],[5.02698,50.96087],[5.02768,50.96115],[5.02631,50.96319],[5.0338,50.9692],[5.03336,50.96926],[5.03272,50.96877],[5.03134,50.96799],[5.03044,50.96761],[5.02851,50.96703],[5.02608,50.96581],[5.02289,50.96442],[5.02182,50.96423],[5.01769,50.9624],[5.01629,50.96191],[5.01469,50.96165],[5.01023,50.96078],[5.00787,50.96307],[5.00732,50.96282],[4.99831,50.95813],[4.99482,50.95661],[4.98992,50.95461],[4.99057,50.95368],[4.98962,50.95338],[4.98768,50.95314],[4.98709,50.95294],[4.9875,50.9538],[4.98813,50.95427],[4.98686,50.9551],[4.98473,50.95564],[4.98426,50.95592],[4.98328,50.95685],[4.97917,50.95981],[4.97805,50.96083],[4.97725,50.96134],[4.97604,50.96238],[4.97487,50.96425],[4.97556,50.96532],[4.97545,50.96687],[4.97513,50.96836],[4.97494,50.96841],[4.97281,50.96814],[4.97137,50.96747],[4.96976,50.96684],[4.96852,50.96628],[4.96594,50.96476],[4.96426,50.96421],[4.96445,50.9635],[4.96437,50.96282],[4.95862,50.96261],[4.95446,50.96291],[4.95344,50.96304],[4.94962,50.96268],[4.94935,50.9626],[4.94758,50.96248],[4.9447,50.96253],[4.9416,50.96236],[4.93957,50.96215],[4.9381,50.96178],[4.93806,50.96155],[4.93563,50.9613],[4.93346,50.96031]]]}},{"type":"Feature","id":"24009","bbox":[4.546179,50.818388,4.659969,50.890961],"properties":{"nis":"24009","name":"Bertem","nameNl":"Bertem","nameFr":"Bertem","nameDe":"Bertem","province":"vlaams-brabant","region":"flanders","areaKm2":29.89},"geometry":{"type":"Polygon","coordinates":[[[4.64939,50.87847],[4.64889,50.8826],[4.64871,50.88275],[4.64657,50.88359],[4.64489,50.88392],[4.64325,50.88379],[4.64158,50.88394],[4.63981,50.88445],[4.63773,50.88517],[4.63588,50.88557],[4.63592,50.88693],[4.63613,50.88886],[4.63493,50.88882],[4.63493,50.88809],[4.63414,50.88815],[4.63389,50.88776],[4.63358,50.88769],[4.6335,50.88806],[4.63258,50.88805],[4.63219,50.88879],[4.63194,50.88875],[4.63175,50.88916],[4.6301,50.88878],[4.62944,50.88969],[4.62861,50.88917],[4.62795,50.88968],[4.62767,50.8896],[4.62591,50.88969],[4.62452,50.89],[4.62334,50.89005],[4.62328,50.89019],[4.62259,50.88997],[4.62104,50.89096],[4.61946,50.89017],[4.61983,50.8899],[4.61733,50.88969],[4.61557,50.89087],[4.60873,50.88918],[4.60795,50.88882],[4.6076,50.88669],[4.6083,50.88588],[4.61006,50.88496],[4.61147,50.88458],[4.61189,50.88436],[4.61374,50.88295],[4.6135,50.88132],[4.61468,50.87962],[4.61406,50.87863],[4.61346,50.87833],[4.61157,50.87814],[4.61107,50.87847],[4.61036,50.87773],[4.61039,50.87701],[4.60917,50.87549],[4.609,50.87485],[4.61185,50.87322],[4.61102,50.8717],[4.61037,50.87147],[4.60888,50.87113],[4.60675,50.86971],[4.60616,50.86938],[4.605,50.86821],[4.60226,50.8679],[4.59942,50.86842],[4.59762,50.86854],[4.59516,50.86694],[4.59383,50.86635],[4.59233,50.86578],[4.5901,50.86523],[4.58986,50.8655],[4.58867,50.86465],[4.58578,50.8638],[4.58551,50.86396],[4.58103,50.86278],[4.58003,50.86269],[4.57931,50.86249],[4.5784,50.8616],[4.57706,50.86114],[4.57462,50.86071],[4.57365,50.86044],[4.57195,50.86006],[4.57039,50.85963],[4.56984,50.85961],[4.56598,50.8601],[4.56639,50.85983],[4.56488,50.85941],[4.56443,50.85904],[4.56409,50.85827],[4.56349,50.85804],[4.56205,50.85773],[4.5612,50.85794],[4.55921,50.85778],[4.55795,50.85751],[4.55544,50.85671],[4.55344,50.85633],[4.55221,50.8559],[4.55217,50.85553],[4.54618,50.85337],[4.54842,50.85289],[4.55068,50.85204],[4.55161,50.85194],[4.55161,50.85167],[4.55229,50.85175],[4.5527,50.85118],[4.55367,50.85015],[4.55419,50.84935],[4.55559,50.84684],[4.55591,50.84635],[4.55673,50.84577],[4.55916,50.84433],[4.56083,50.84287],[4.56223,50.84188],[4.56294,50.8416],[4.56361,50.84118],[4.5666,50.83951],[4.56789,50.83872],[4.56879,50.83839],[4.56973,50.83756],[4.57058,50.83701],[4.57158,50.836],[4.57056,50.83561],[4.57131,50.83494],[4.57325,50.83573],[4.57492,50.83439],[4.5804,50.82983],[4.58067,50.8289],[4.58084,50.82768],[4.58099,50.82763],[4.58228,50.82531],[4.58407,50.82183],[4.58439,50.82076],[4.58343,50.82069],[4.58277,50.82045],[4.58224,50.82009],[4.58657,50.81839],[4.58779,50.81914],[4.58853,50.82002],[4.59019,50.82043],[4.59095,50.82091],[4.59125,50.8209],[4.59286,50.82148],[4.5942,50.82182],[4.59401,50.8227],[4.59497,50.82281],[4.5945,50.82348],[4.59439,50.82426],[4.59418,50.82461],[4.59209,50.82568],[4.59156,50.82743],[4.5923,50.82839],[4.59284,50.8286],[4.59398,50.82933],[4.59505,50.8305],[4.59676,50.83189],[4.59775,50.83247],[4.59819,50.83262],[4.59978,50.83371],[4.60135,50.83446],[4.60308,50.83521],[4.60529,50.83239],[4.60488,50.83224],[4.60526,50.83189],[4.60571,50.8312],[4.60729,50.82987],[4.60904,50.83048],[4.61203,50.83111],[4.61376,50.83172],[4.61463,50.83163],[4.61551,50.83204],[4.61771,50.83047],[4.61844,50.83036],[4.61878,50.82995],[4.61951,50.82998],[4.62028,50.82901],[4.62002,50.82887],[4.62074,50.82836],[4.6213,50.82866],[4.62185,50.82813],[4.62316,50.82851],[4.62604,50.83006],[4.62723,50.83058],[4.62777,50.83096],[4.62867,50.8318],[4.63048,50.83248],[4.63182,50.83265],[4.63416,50.83268],[4.63454,50.83246],[4.63528,50.83248],[4.63739,50.83184],[4.63827,50.83195],[4.64207,50.83143],[4.64217,50.83196],[4.64371,50.83179],[4.6436,50.83168],[4.64478,50.8312],[4.64522,50.83087],[4.64489,50.831],[4.64499,50.83143],[4.64576,50.832],[4.64528,50.83218],[4.64511,50.83292],[4.64469,50.83354],[4.64479,50.83442],[4.64449,50.83495],[4.64686,50.8352],[4.64677,50.83581],[4.64764,50.83584],[4.64726,50.83643],[4.64816,50.83658],[4.64741,50.83765],[4.64699,50.838],[4.64556,50.8385],[4.64625,50.83902],[4.64762,50.83908],[4.64844,50.83883],[4.64912,50.83987],[4.64953,50.83981],[4.65007,50.84005],[4.65018,50.84029],[4.65067,50.84039],[4.6507,50.84103],[4.65114,50.84102],[4.65115,50.84062],[4.65152,50.84026],[4.6519,50.84044],[4.65241,50.8413],[4.65152,50.84148],[4.65107,50.84184],[4.65129,50.84194],[4.65299,50.84148],[4.65318,50.84151],[4.65269,50.8422],[4.65177,50.84225],[4.65156,50.84275],[4.65214,50.84297],[4.65281,50.84296],[4.65313,50.84339],[4.65342,50.84326],[4.65358,50.84241],[4.65433,50.84204],[4.65474,50.84218],[4.65508,50.84287],[4.65415,50.84371],[4.6539,50.84444],[4.65447,50.84438],[4.65561,50.84387],[4.65583,50.84352],[4.65643,50.84362],[4.65656,50.84406],[4.65618,50.84443],[4.65643,50.84475],[4.65718,50.84491],[4.65694,50.84605],[4.65838,50.84621],[4.65958,50.84658],[4.65922,50.84703],[4.65997,50.84736],[4.65901,50.84739],[4.65872,50.84761],[4.65886,50.84826],[4.6585,50.84878],[4.65735,50.84926],[4.65785,50.84952],[4.65464,50.85163],[4.65545,50.85216],[4.65451,50.85258],[4.65413,50.85223],[4.65132,50.85035],[4.64953,50.84949],[4.64916,50.84971],[4.64899,50.84949],[4.65012,50.84881],[4.64969,50.84843],[4.64941,50.84792],[4.64806,50.84828],[4.64796,50.84811],[4.6468,50.84843],[4.64638,50.84824],[4.64689,50.84898],[4.64594,50.849],[4.64608,50.85006],[4.6457,50.85057],[4.64403,50.85159],[4.64267,50.85233],[4.64198,50.85213],[4.64102,50.85291],[4.64066,50.85555],[4.64031,50.85586],[4.64161,50.85911],[4.64313,50.85962],[4.64382,50.86001],[4.64601,50.86104],[4.64637,50.8611],[4.64689,50.86291],[4.64652,50.86502],[4.64791,50.86531],[4.64674,50.86714],[4.6461,50.86891],[4.64547,50.87152],[4.64399,50.8724],[4.64381,50.8726],[4.64417,50.87282],[4.64492,50.87298],[4.64506,50.87319],[4.64448,50.87438],[4.64404,50.87488],[4.64428,50.87569],[4.64521,50.87596],[4.64469,50.87688],[4.64757,50.87804],[4.6494,50.87838],[4.64939,50.87847]]]}},{"type":"Feature","id":"24011","bbox":[4.691231,50.788142,4.81945,50.875649],"properties":{"nis":"24011","name":"Bierbeek","nameNl":"Bierbeek","nameFr":"Bierbeek","nameDe":"Bierbeek","province":"vlaams-brabant","region":"flanders","areaKm2":38.83},"geometry":{"type":"Polygon","coordinates":[[[4.79646,50.79547],[4.79697,50.79587],[4.79804,50.7964],[4.79949,50.7967],[4.80063,50.79585],[4.80255,50.79734],[4.80123,50.79815],[4.80272,50.79899],[4.80431,50.79943],[4.80553,50.7999],[4.80851,50.80063],[4.81026,50.80062],[4.81209,50.80116],[4.8124,50.80101],[4.81423,50.80146],[4.81651,50.80239],[4.81619,50.80272],[4.8166,50.80286],[4.81684,50.80259],[4.81945,50.80354],[4.8185,50.80493],[4.81829,50.80548],[4.81698,50.80715],[4.81584,50.80849],[4.81504,50.80894],[4.81394,50.8097],[4.81296,50.80994],[4.81265,50.81044],[4.81133,50.81173],[4.81025,50.81232],[4.80817,50.81328],[4.80618,50.81436],[4.80501,50.81547],[4.80464,50.81568],[4.80329,50.81558],[4.80577,50.81643],[4.80521,50.81721],[4.80586,50.81728],[4.80555,50.81763],[4.80517,50.81753],[4.80437,50.818],[4.80425,50.81867],[4.80401,50.81856],[4.80319,50.81923],[4.80261,50.81941],[4.80059,50.81926],[4.79826,50.8194],[4.79879,50.81976],[4.7996,50.82084],[4.79996,50.82116],[4.80079,50.82162],[4.80062,50.82173],[4.80194,50.82245],[4.8029,50.82286],[4.80214,50.82344],[4.80382,50.82423],[4.80341,50.8245],[4.8046,50.82506],[4.80321,50.82615],[4.80425,50.82665],[4.80302,50.82759],[4.80373,50.82793],[4.80277,50.82886],[4.80245,50.82942],[4.80388,50.82933],[4.80403,50.83019],[4.80691,50.82991],[4.80821,50.83163],[4.80745,50.83261],[4.80681,50.83452],[4.809,50.83471],[4.81283,50.83498],[4.81568,50.83539],[4.81495,50.83623],[4.81411,50.83697],[4.81302,50.83767],[4.81041,50.83857],[4.80958,50.83895],[4.80811,50.83949],[4.80656,50.83981],[4.80524,50.83993],[4.80526,50.8408],[4.80508,50.84127],[4.80427,50.84216],[4.80287,50.84296],[4.80226,50.84349],[4.80089,50.84427],[4.79965,50.84507],[4.7977,50.84597],[4.79603,50.84699],[4.7967,50.84756],[4.79719,50.84732],[4.79741,50.84748],[4.80035,50.84784],[4.80104,50.84777],[4.80292,50.84732],[4.80256,50.84682],[4.80346,50.84626],[4.8046,50.84578],[4.80567,50.84561],[4.80816,50.84583],[4.80815,50.84611],[4.81108,50.84614],[4.81097,50.84733],[4.812,50.85013],[4.81264,50.85234],[4.81122,50.85267],[4.8099,50.85285],[4.80998,50.85611],[4.80996,50.85695],[4.81008,50.85745],[4.81009,50.85851],[4.80997,50.85946],[4.80799,50.85919],[4.80821,50.85824],[4.80896,50.85829],[4.80916,50.8572],[4.80912,50.85639],[4.80848,50.85373],[4.80823,50.85307],[4.80801,50.85308],[4.80699,50.85469],[4.80412,50.85879],[4.80399,50.85917],[4.80319,50.85926],[4.80183,50.8588],[4.80118,50.85849],[4.79979,50.85822],[4.79901,50.85795],[4.79785,50.85791],[4.79535,50.85793],[4.79376,50.85743],[4.79153,50.85777],[4.79108,50.85887],[4.79122,50.85969],[4.78929,50.86048],[4.7887,50.86162],[4.78856,50.8616],[4.78685,50.86453],[4.78646,50.86443],[4.78448,50.86528],[4.78073,50.86699],[4.77726,50.86805],[4.77718,50.86802],[4.77485,50.86953],[4.77467,50.8696],[4.77465,50.87038],[4.77405,50.87176],[4.77297,50.87231],[4.7695,50.87485],[4.7688,50.87489],[4.76789,50.87479],[4.76626,50.87565],[4.76555,50.87486],[4.76605,50.87464],[4.76563,50.87404],[4.76566,50.87322],[4.76553,50.87269],[4.76484,50.87294],[4.76301,50.87336],[4.76175,50.87335],[4.76004,50.87296],[4.75855,50.87272],[4.75693,50.8722],[4.75522,50.87206],[4.7541,50.87186],[4.75287,50.87093],[4.75208,50.87065],[4.75152,50.86974],[4.75082,50.86909],[4.75059,50.86908],[4.74981,50.86735],[4.74823,50.86747],[4.74749,50.86599],[4.74615,50.86468],[4.74433,50.8634],[4.74388,50.86351],[4.74327,50.86252],[4.74272,50.86204],[4.74137,50.86115],[4.74037,50.86064],[4.74006,50.86025],[4.73946,50.85984],[4.73808,50.85964],[4.73669,50.85871],[4.73444,50.85702],[4.73521,50.85633],[4.73552,50.85587],[4.73619,50.85426],[4.73657,50.85306],[4.73649,50.85249],[4.73712,50.85057],[4.73844,50.84867],[4.73929,50.84611],[4.74004,50.84487],[4.74154,50.84329],[4.742,50.84267],[4.7424,50.84186],[4.74251,50.8413],[4.74299,50.84],[4.74312,50.83881],[4.74388,50.83724],[4.74427,50.83682],[4.74536,50.83591],[4.74565,50.83519],[4.7466,50.83379],[4.74562,50.83384],[4.74286,50.83413],[4.74272,50.83327],[4.74294,50.83325],[4.7428,50.83224],[4.74098,50.83232],[4.74295,50.83088],[4.74251,50.83069],[4.74239,50.82891],[4.74343,50.82888],[4.74315,50.8279],[4.74215,50.82796],[4.74318,50.82708],[4.74089,50.82725],[4.74072,50.82639],[4.73941,50.82648],[4.73947,50.82615],[4.73924,50.82498],[4.73952,50.82449],[4.73909,50.82285],[4.73773,50.82305],[4.73622,50.82226],[4.73279,50.82297],[4.73229,50.82391],[4.73086,50.82328],[4.73563,50.81498],[4.73808,50.81067],[4.7363,50.81],[4.72952,50.8096],[4.72181,50.80911],[4.70671,50.80813],[4.70875,50.80103],[4.69141,50.79716],[4.6927,50.7926],[4.69181,50.79235],[4.69176,50.7921],[4.69123,50.7918],[4.69178,50.79118],[4.69188,50.79078],[4.69164,50.79052],[4.69197,50.78912],[4.69186,50.78847],[4.69164,50.78814],[4.6925,50.78852],[4.69259,50.78837],[4.69387,50.78898],[4.69448,50.78886],[4.69522,50.78893],[4.69556,50.78878],[4.69612,50.78916],[4.69543,50.78972],[4.69422,50.7897],[4.6939,50.79001],[4.69483,50.79046],[4.69567,50.79037],[4.69605,50.79006],[4.69705,50.79],[4.69754,50.7897],[4.69885,50.78938],[4.69981,50.79],[4.7013,50.79014],[4.70237,50.79074],[4.70314,50.79033],[4.70448,50.79105],[4.70626,50.7922],[4.70764,50.79287],[4.70827,50.79291],[4.70909,50.79319],[4.70948,50.79347],[4.71011,50.79454],[4.71034,50.79528],[4.71022,50.79569],[4.7105,50.79619],[4.71185,50.79564],[4.7128,50.79432],[4.71332,50.79403],[4.71192,50.7932],[4.71197,50.79258],[4.71292,50.79094],[4.71549,50.78892],[4.71643,50.78959],[4.71647,50.78989],[4.71687,50.79006],[4.7177,50.79],[4.71859,50.79015],[4.71975,50.79105],[4.71965,50.7911],[4.7209,50.79207],[4.7194,50.79309],[4.72058,50.79381],[4.72207,50.79458],[4.72373,50.79578],[4.72415,50.79558],[4.72445,50.796],[4.72584,50.79692],[4.72727,50.79744],[4.72776,50.79775],[4.72695,50.79822],[4.72625,50.7985],[4.72557,50.79856],[4.72568,50.7989],[4.72521,50.79922],[4.72589,50.79968],[4.72381,50.80109],[4.7255,50.80203],[4.72523,50.80225],[4.72634,50.80311],[4.72704,50.80212],[4.72903,50.80298],[4.72982,50.80258],[4.73023,50.80278],[4.73221,50.80141],[4.73434,50.80181],[4.73492,50.80106],[4.736,50.80026],[4.73739,50.8009],[4.73668,50.80162],[4.7365,50.80224],[4.73758,50.80252],[4.73801,50.80207],[4.7389,50.80223],[4.73915,50.80195],[4.73988,50.80222],[4.73951,50.80286],[4.73866,50.80259],[4.73826,50.80319],[4.73917,50.80338],[4.73914,50.8043],[4.74039,50.80401],[4.74176,50.80412],[4.74204,50.80385],[4.7429,50.80406],[4.74354,50.80436],[4.74517,50.80545],[4.74575,50.80546],[4.74765,50.80709],[4.74866,50.80722],[4.75115,50.80699],[4.7526,50.80659],[4.75386,50.8064],[4.75532,50.8066],[4.75825,50.80671],[4.76008,50.80668],[4.76028,50.80498],[4.76085,50.80377],[4.76201,50.80249],[4.76352,50.8032],[4.76515,50.80342],[4.76636,50.80378],[4.76673,50.80407],[4.77268,50.80249],[4.77543,50.80155],[4.78084,50.8002],[4.78195,50.79989],[4.78221,50.79972],[4.78434,50.79942],[4.78523,50.7997],[4.7855,50.79993],[4.78687,50.79955],[4.79066,50.79874],[4.79646,50.79547]]]}},{"type":"Feature","id":"24014","bbox":[4.51236,50.958219,4.612874,51.003463],"properties":{"nis":"24014","name":"Boortmeerbeek","nameNl":"Boortmeerbeek","nameFr":"Boortmeerbeek","nameDe":"Boortmeerbeek","province":"vlaams-brabant","region":"flanders","areaKm2":18.69},"geometry":{"type":"Polygon","coordinates":[[[4.54837,51.00277],[4.54587,51.00221],[4.54425,51.00211],[4.54395,51.00164],[4.54323,51.00106],[4.54326,51.00075],[4.54238,50.99955],[4.54183,50.99897],[4.54111,50.99868],[4.53985,50.99793],[4.53924,50.99816],[4.5385,50.99905],[4.53757,50.99955],[4.53706,50.9992],[4.53465,50.99807],[4.5336,50.99722],[4.53351,50.997],[4.53065,50.99749],[4.53108,50.99679],[4.53074,50.99541],[4.53191,50.99466],[4.5287,50.99227],[4.52404,50.98883],[4.5187,50.98485],[4.51331,50.9809],[4.51236,50.98026],[4.5132,50.97975],[4.51438,50.97934],[4.51621,50.97916],[4.51776,50.97892],[4.51901,50.97857],[4.5207,50.97752],[4.52126,50.97724],[4.52211,50.97662],[4.52226,50.97624],[4.52235,50.97395],[4.52433,50.97211],[4.52516,50.9706],[4.52666,50.97027],[4.52767,50.97023],[4.5298,50.97046],[4.53141,50.97021],[4.53224,50.96982],[4.53357,50.96939],[4.53509,50.96865],[4.53577,50.96844],[4.53715,50.9683],[4.53764,50.96785],[4.53983,50.96668],[4.5401,50.96674],[4.54313,50.96794],[4.54467,50.96811],[4.54896,50.96778],[4.55331,50.96762],[4.55823,50.96752],[4.55869,50.96749],[4.55957,50.96713],[4.55989,50.96732],[4.56086,50.96641],[4.56224,50.96491],[4.56328,50.96445],[4.56374,50.96414],[4.56457,50.96407],[4.56515,50.96425],[4.56564,50.96462],[4.56606,50.96424],[4.56568,50.96408],[4.56689,50.96352],[4.56653,50.96329],[4.56686,50.96317],[4.56624,50.96293],[4.56645,50.9625],[4.56573,50.96225],[4.56594,50.96211],[4.56529,50.96185],[4.5659,50.96166],[4.56598,50.96128],[4.56558,50.96107],[4.56597,50.96096],[4.56553,50.96062],[4.56529,50.95999],[4.56553,50.95995],[4.56542,50.95951],[4.56568,50.95907],[4.56619,50.95863],[4.56695,50.95861],[4.56692,50.959],[4.56737,50.95917],[4.56827,50.95897],[4.56838,50.95852],[4.56899,50.95842],[4.56999,50.9589],[4.57094,50.95884],[4.57115,50.95848],[4.57158,50.95822],[4.57282,50.95831],[4.5745,50.95858],[4.5749,50.9585],[4.57587,50.95859],[4.57526,50.95964],[4.57665,50.9601],[4.57841,50.96076],[4.58262,50.96212],[4.58575,50.96307],[4.59231,50.96528],[4.60089,50.96077],[4.60366,50.95923],[4.60391,50.95914],[4.60478,50.96079],[4.60581,50.96261],[4.60608,50.96298],[4.6074,50.96401],[4.61258,50.96656],[4.61159,50.96684],[4.61287,50.96832],[4.61012,50.96812],[4.60913,50.96832],[4.60875,50.9685],[4.60826,50.96847],[4.60682,50.96868],[4.60273,50.97033],[4.60296,50.97095],[4.60279,50.97135],[4.60261,50.97272],[4.60271,50.97306],[4.60345,50.97329],[4.60369,50.97369],[4.60352,50.97436],[4.60303,50.97484],[4.60187,50.97477],[4.60086,50.97413],[4.59944,50.97429],[4.59875,50.97481],[4.59864,50.97522],[4.59822,50.97562],[4.5981,50.976],[4.59773,50.97606],[4.59736,50.9764],[4.59564,50.97711],[4.59549,50.97732],[4.59415,50.97792],[4.59387,50.97833],[4.59322,50.97873],[4.59255,50.97941],[4.59163,50.98003],[4.59127,50.98079],[4.59064,50.98118],[4.59053,50.98148],[4.58968,50.98203],[4.58909,50.98219],[4.5889,50.98263],[4.58932,50.98257],[4.59013,50.98301],[4.59147,50.98395],[4.591,50.98437],[4.58954,50.98441],[4.58848,50.98468],[4.5886,50.98535],[4.58902,50.98561],[4.58917,50.98615],[4.58996,50.98612],[4.58984,50.98663],[4.58869,50.98681],[4.58801,50.98671],[4.58789,50.98719],[4.58855,50.98724],[4.58924,50.98776],[4.58943,50.98833],[4.58902,50.9887],[4.58882,50.98928],[4.58825,50.98983],[4.58817,50.99017],[4.58709,50.99109],[4.58653,50.99134],[4.58569,50.99147],[4.58415,50.99026],[4.58272,50.99014],[4.58215,50.99029],[4.58168,50.9908],[4.58138,50.99137],[4.58045,50.99167],[4.57914,50.99174],[4.57862,50.99212],[4.57889,50.99239],[4.57971,50.99255],[4.58095,50.99251],[4.58163,50.99296],[4.57998,50.99351],[4.57975,50.99368],[4.58045,50.99397],[4.57954,50.99512],[4.58,50.99539],[4.58093,50.99533],[4.58017,50.99599],[4.57977,50.99613],[4.57865,50.99611],[4.57811,50.99664],[4.57833,50.9973],[4.57782,50.99797],[4.5773,50.99807],[4.57678,50.99795],[4.57658,50.99745],[4.57783,50.99612],[4.578,50.99558],[4.57744,50.99532],[4.57662,50.99541],[4.57609,50.99596],[4.57575,50.99573],[4.57448,50.99523],[4.5743,50.99544],[4.57448,50.99616],[4.57331,50.99681],[4.57325,50.99698],[4.57389,50.99745],[4.57279,50.9976],[4.57293,50.99809],[4.57182,50.99811],[4.57091,50.9984],[4.57047,50.99806],[4.57045,50.99777],[4.57091,50.99747],[4.57087,50.99713],[4.56964,50.99688],[4.56938,50.99667],[4.56946,50.99628],[4.5699,50.99611],[4.57077,50.99625],[4.57267,50.99594],[4.57295,50.99576],[4.57183,50.9954],[4.57131,50.99439],[4.57032,50.99385],[4.56975,50.99378],[4.56923,50.99411],[4.56819,50.99439],[4.56799,50.99495],[4.5681,50.99546],[4.56772,50.99583],[4.56662,50.99616],[4.56609,50.99617],[4.56566,50.99585],[4.56488,50.99579],[4.56429,50.99619],[4.56348,50.99653],[4.56364,50.99681],[4.56331,50.9974],[4.5622,50.99743],[4.56203,50.99781],[4.56251,50.99849],[4.56352,50.99865],[4.56381,50.99916],[4.56435,50.99935],[4.56568,50.99915],[4.56637,50.9996],[4.5656,51.00073],[4.56519,51.00104],[4.56398,51.00122],[4.56149,51.00098],[4.56084,51.00071],[4.56029,51.00076],[4.5594,51.00118],[4.55796,51.00164],[4.55609,51.00209],[4.55162,51.00346],[4.54837,51.00277]]]}},{"type":"Feature","id":"24016","bbox":[4.79603,50.790379,4.899437,50.872293],"properties":{"nis":"24016","name":"Boutersem","nameNl":"Boutersem","nameFr":"Boutersem","nameDe":"Boutersem","province":"vlaams-brabant","region":"flanders","areaKm2":31.03},"geometry":{"type":"Polygon","coordinates":[[[4.89587,50.85204],[4.89527,50.85257],[4.89302,50.85172],[4.892,50.85259],[4.89088,50.85333],[4.88917,50.85468],[4.88784,50.85633],[4.88588,50.85808],[4.88329,50.8597],[4.88265,50.86044],[4.88119,50.86129],[4.88124,50.86194],[4.88066,50.86199],[4.88047,50.86235],[4.88014,50.86393],[4.87817,50.86623],[4.87725,50.86685],[4.87591,50.86977],[4.87655,50.86991],[4.87601,50.87051],[4.87489,50.87045],[4.87406,50.87167],[4.87445,50.87178],[4.8743,50.87229],[4.87109,50.87199],[4.86923,50.8715],[4.86935,50.87125],[4.86833,50.87114],[4.86662,50.87075],[4.86639,50.87102],[4.86471,50.8711],[4.86371,50.87107],[4.86249,50.87077],[4.86018,50.87007],[4.8581,50.86936],[4.85668,50.86873],[4.85519,50.86857],[4.85363,50.8682],[4.85286,50.86785],[4.85325,50.86706],[4.85354,50.86681],[4.85161,50.86578],[4.85202,50.86532],[4.85121,50.86499],[4.85095,50.86444],[4.85095,50.86376],[4.85039,50.86368],[4.8506,50.86311],[4.85048,50.86215],[4.85059,50.86168],[4.84743,50.86105],[4.84611,50.86073],[4.84523,50.86069],[4.84409,50.86041],[4.84256,50.86032],[4.84117,50.86015],[4.8401,50.86021],[4.83955,50.86005],[4.83851,50.85906],[4.83798,50.85881],[4.83554,50.85833],[4.83572,50.8567],[4.83459,50.85671],[4.83205,50.85581],[4.83116,50.85567],[4.82869,50.85561],[4.82824,50.85541],[4.82761,50.85634],[4.82477,50.85525],[4.82561,50.85456],[4.82404,50.85419],[4.82338,50.85364],[4.82221,50.85284],[4.82114,50.85242],[4.82038,50.85242],[4.81408,50.85269],[4.81436,50.85591],[4.8147,50.85688],[4.81564,50.85679],[4.81494,50.85745],[4.81365,50.85786],[4.81305,50.85797],[4.81185,50.85797],[4.81189,50.85816],[4.81009,50.85851],[4.81008,50.85745],[4.80996,50.85695],[4.80998,50.85611],[4.8099,50.85285],[4.81122,50.85267],[4.81264,50.85234],[4.812,50.85013],[4.81097,50.84733],[4.81108,50.84614],[4.80815,50.84611],[4.80816,50.84583],[4.80567,50.84561],[4.8046,50.84578],[4.80346,50.84626],[4.80256,50.84682],[4.80292,50.84732],[4.80104,50.84777],[4.80035,50.84784],[4.79741,50.84748],[4.79719,50.84732],[4.7967,50.84756],[4.79603,50.84699],[4.7977,50.84597],[4.79965,50.84507],[4.80089,50.84427],[4.80226,50.84349],[4.80287,50.84296],[4.80427,50.84216],[4.80508,50.84127],[4.80526,50.8408],[4.80524,50.83993],[4.80656,50.83981],[4.80811,50.83949],[4.80958,50.83895],[4.81041,50.83857],[4.81302,50.83767],[4.81411,50.83697],[4.81495,50.83623],[4.81568,50.83539],[4.81283,50.83498],[4.809,50.83471],[4.80681,50.83452],[4.80745,50.83261],[4.80821,50.83163],[4.80691,50.82991],[4.80403,50.83019],[4.80388,50.82933],[4.80245,50.82942],[4.80277,50.82886],[4.80373,50.82793],[4.80302,50.82759],[4.80425,50.82665],[4.80321,50.82615],[4.8046,50.82506],[4.80341,50.8245],[4.80382,50.82423],[4.80214,50.82344],[4.8029,50.82286],[4.80194,50.82245],[4.80062,50.82173],[4.80079,50.82162],[4.79996,50.82116],[4.7996,50.82084],[4.79879,50.81976],[4.79826,50.8194],[4.80059,50.81926],[4.80261,50.81941],[4.80319,50.81923],[4.80401,50.81856],[4.80425,50.81867],[4.80437,50.818],[4.80517,50.81753],[4.80555,50.81763],[4.80586,50.81728],[4.80521,50.81721],[4.80577,50.81643],[4.80329,50.81558],[4.80464,50.81568],[4.80501,50.81547],[4.80618,50.81436],[4.80817,50.81328],[4.81025,50.81232],[4.81133,50.81173],[4.81265,50.81044],[4.81296,50.80994],[4.81394,50.8097],[4.81504,50.80894],[4.81584,50.80849],[4.81698,50.80715],[4.81829,50.80548],[4.8185,50.80493],[4.81945,50.80354],[4.81684,50.80259],[4.8166,50.80286],[4.81619,50.80272],[4.81651,50.80239],[4.81423,50.80146],[4.8124,50.80101],[4.81209,50.80116],[4.81026,50.80062],[4.80851,50.80063],[4.80553,50.7999],[4.80431,50.79943],[4.80272,50.79899],[4.80123,50.79815],[4.80255,50.79734],[4.80063,50.79585],[4.79949,50.7967],[4.79804,50.7964],[4.79697,50.79587],[4.79646,50.79547],[4.7969,50.79508],[4.80004,50.79277],[4.80053,50.79038],[4.80241,50.79185],[4.80374,50.79301],[4.8048,50.79226],[4.80558,50.79149],[4.80684,50.79215],[4.80886,50.79313],[4.80912,50.79294],[4.80963,50.79318],[4.8104,50.79266],[4.81224,50.79369],[4.81147,50.79432],[4.81282,50.79485],[4.8124,50.79529],[4.81307,50.79549],[4.81405,50.79447],[4.8144,50.79461],[4.81475,50.79416],[4.81585,50.79455],[4.81603,50.79438],[4.81773,50.79506],[4.8183,50.7945],[4.81913,50.795],[4.82042,50.79411],[4.82058,50.79451],[4.82132,50.79537],[4.82065,50.79568],[4.82032,50.79622],[4.82059,50.7967],[4.82183,50.79631],[4.8223,50.79709],[4.82252,50.79704],[4.82343,50.79784],[4.8237,50.79773],[4.82426,50.79825],[4.82566,50.8004],[4.82604,50.8009],[4.82681,50.80143],[4.82812,50.80185],[4.8297,50.80219],[4.83041,50.80172],[4.83168,50.80203],[4.8331,50.80217],[4.83302,50.80272],[4.83415,50.80263],[4.83484,50.80273],[4.83559,50.8031],[4.8363,50.803],[4.83819,50.80351],[4.83833,50.80349],[4.84119,50.80421],[4.84162,50.80447],[4.84332,50.8044],[4.84407,50.80458],[4.84507,50.80398],[4.84574,50.80393],[4.84622,50.80417],[4.84666,50.804],[4.84781,50.80385],[4.84866,50.80356],[4.85036,50.80316],[4.85179,50.80269],[4.85294,50.80208],[4.85349,50.80246],[4.85375,50.80224],[4.85437,50.80243],[4.85552,50.80212],[4.85683,50.80199],[4.8568,50.80306],[4.85823,50.80307],[4.85808,50.80401],[4.85765,50.80523],[4.85743,50.8052],[4.85729,50.80591],[4.8557,50.80605],[4.85543,50.80767],[4.85571,50.80791],[4.85582,50.80921],[4.85598,50.80961],[4.85437,50.81019],[4.85664,50.81152],[4.85617,50.81238],[4.85811,50.81279],[4.85747,50.81351],[4.85601,50.81458],[4.85533,50.8155],[4.85434,50.81656],[4.85325,50.81789],[4.8524,50.81884],[4.85172,50.81979],[4.85181,50.82006],[4.85245,50.8204],[4.85175,50.82176],[4.85356,50.82216],[4.85338,50.82289],[4.85346,50.8232],[4.855,50.82331],[4.85526,50.82236],[4.85769,50.82224],[4.85761,50.82264],[4.85987,50.8228],[4.86096,50.82295],[4.86296,50.82344],[4.86242,50.8247],[4.86403,50.82499],[4.86383,50.82534],[4.86569,50.82577],[4.86678,50.82588],[4.86664,50.82688],[4.86676,50.82729],[4.87316,50.82636],[4.87291,50.82719],[4.87486,50.82758],[4.87458,50.82767],[4.87509,50.82951],[4.8757,50.83054],[4.87609,50.83039],[4.87719,50.83167],[4.87822,50.83133],[4.87888,50.83124],[4.87916,50.83155],[4.87879,50.83207],[4.87849,50.83214],[4.87804,50.83283],[4.87852,50.83377],[4.87743,50.83396],[4.87528,50.83506],[4.87345,50.83621],[4.87299,50.83674],[4.87314,50.83752],[4.873,50.83913],[4.87309,50.83936],[4.87282,50.84001],[4.87287,50.84053],[4.87322,50.84128],[4.87411,50.84137],[4.87473,50.84168],[4.87473,50.84187],[4.87552,50.84218],[4.87635,50.84173],[4.87756,50.84258],[4.87799,50.84271],[4.87857,50.84318],[4.88032,50.84396],[4.88084,50.84397],[4.88107,50.84423],[4.88201,50.8444],[4.88249,50.84464],[4.88318,50.84388],[4.88413,50.84438],[4.88503,50.84444],[4.88502,50.84475],[4.88777,50.84557],[4.88831,50.84566],[4.88971,50.84612],[4.89023,50.84638],[4.89079,50.8464],[4.89143,50.84679],[4.892,50.84678],[4.8924,50.84713],[4.89276,50.84703],[4.89331,50.8473],[4.89293,50.8474],[4.89432,50.84772],[4.89501,50.84775],[4.89515,50.84749],[4.89594,50.84765],[4.89575,50.84788],[4.89635,50.8478],[4.89749,50.8485],[4.89851,50.84872],[4.89875,50.84853],[4.89944,50.84859],[4.89876,50.84956],[4.89781,50.85058],[4.89665,50.85138],[4.89587,50.85204]]]}},{"type":"Feature","id":"24020","bbox":[4.994753,50.942771,5.159719,51.049824],"properties":{"nis":"24020","name":"Diest","nameNl":"Diest","nameFr":"Diest","nameDe":"Diest","province":"vlaams-brabant","region":"flanders","areaKm2":58.51},"geometry":{"type":"Polygon","coordinates":[[[5.02182,50.96423],[5.02289,50.96442],[5.02608,50.96581],[5.02851,50.96703],[5.03044,50.96761],[5.03134,50.96799],[5.03272,50.96877],[5.03336,50.96926],[5.0338,50.9692],[5.02631,50.96319],[5.02768,50.96115],[5.02698,50.96087],[5.02774,50.95978],[5.02706,50.95972],[5.02706,50.95929],[5.02842,50.95736],[5.02897,50.95638],[5.0291,50.95642],[5.03045,50.95456],[5.03055,50.95434],[5.03197,50.95352],[5.0332,50.9524],[5.03456,50.95045],[5.03551,50.94971],[5.03564,50.94944],[5.03539,50.94864],[5.03662,50.94691],[5.03813,50.94446],[5.03862,50.94357],[5.03891,50.94341],[5.03946,50.9438],[5.0403,50.94413],[5.04133,50.94433],[5.0421,50.94277],[5.04349,50.94314],[5.04483,50.94362],[5.04637,50.94431],[5.04748,50.94463],[5.05079,50.9453],[5.05244,50.94552],[5.05234,50.94627],[5.05411,50.94719],[5.05485,50.948],[5.05564,50.94909],[5.05626,50.94983],[5.05543,50.95059],[5.05608,50.95108],[5.05727,50.95224],[5.05765,50.95341],[5.05787,50.95381],[5.05842,50.95417],[5.06032,50.95444],[5.06121,50.9548],[5.06296,50.95569],[5.06508,50.95658],[5.06624,50.95697],[5.06946,50.95765],[5.07182,50.95824],[5.07504,50.95894],[5.07571,50.95902],[5.07655,50.9604],[5.07717,50.96101],[5.07791,50.96201],[5.07858,50.96307],[5.0797,50.96442],[5.08167,50.96606],[5.08358,50.9674],[5.08429,50.96829],[5.08422,50.96849],[5.08327,50.96887],[5.08383,50.96938],[5.08324,50.96976],[5.08516,50.97005],[5.08342,50.97204],[5.08344,50.97272],[5.08274,50.97345],[5.08231,50.97373],[5.08149,50.97388],[5.08131,50.9741],[5.08133,50.97541],[5.08099,50.978],[5.07963,50.98064],[5.07889,50.98146],[5.08077,50.98148],[5.08044,50.98194],[5.07966,50.98238],[5.07918,50.98242],[5.07884,50.98274],[5.07952,50.98276],[5.08088,50.98298],[5.0812,50.98331],[5.08394,50.984],[5.08257,50.98444],[5.08229,50.98461],[5.08214,50.98535],[5.0823,50.98578],[5.08275,50.98589],[5.08311,50.98632],[5.08353,50.98654],[5.08346,50.98675],[5.08497,50.98705],[5.08538,50.98659],[5.08644,50.98705],[5.08788,50.9873],[5.08897,50.98784],[5.08998,50.98787],[5.09105,50.98776],[5.09457,50.98886],[5.09422,50.98942],[5.09512,50.98961],[5.09565,50.98958],[5.09712,50.99016],[5.09795,50.99066],[5.09868,50.99162],[5.10005,50.99204],[5.10029,50.99252],[5.10094,50.99255],[5.1018,50.99289],[5.10474,50.99447],[5.10455,50.99471],[5.10683,50.99578],[5.10808,50.99625],[5.10804,50.9964],[5.10961,50.99657],[5.10987,50.99649],[5.11071,50.99666],[5.11261,50.99736],[5.11286,50.99799],[5.11435,50.99843],[5.11692,50.9988],[5.11815,50.99788],[5.12004,50.99794],[5.12444,50.99774],[5.1253,50.99785],[5.12396,50.99968],[5.12238,51.00168],[5.12282,51.00173],[5.12216,51.00275],[5.12296,51.00271],[5.12214,51.00413],[5.12201,51.0041],[5.12087,51.00588],[5.12153,51.00605],[5.12248,51.00791],[5.12192,51.00819],[5.12146,51.0087],[5.12184,51.00884],[5.12139,51.00926],[5.12108,51.00914],[5.12071,51.00954],[5.12143,51.00983],[5.1201,51.01121],[5.12079,51.01148],[5.1197,51.01268],[5.11927,51.01337],[5.11785,51.01491],[5.11736,51.01517],[5.11609,51.01748],[5.11527,51.0192],[5.11727,51.01993],[5.11821,51.02043],[5.11813,51.02073],[5.12024,51.02139],[5.12049,51.02132],[5.12277,51.02286],[5.1234,51.02315],[5.12318,51.02337],[5.12423,51.02379],[5.12556,51.02416],[5.12737,51.02453],[5.12873,51.02197],[5.12713,51.02161],[5.1251,51.02076],[5.12529,51.02057],[5.12484,51.02038],[5.12391,51.01968],[5.125,51.01875],[5.12498,51.01815],[5.12657,51.01624],[5.12727,51.01584],[5.12901,51.01544],[5.12986,51.01505],[5.13207,51.01552],[5.13733,51.01678],[5.14064,51.01754],[5.14314,51.01855],[5.14495,51.01944],[5.14728,51.02018],[5.14801,51.02097],[5.14904,51.02137],[5.14958,51.02146],[5.15225,51.02234],[5.15244,51.02234],[5.15684,51.02333],[5.15839,51.02375],[5.15972,51.02418],[5.1594,51.02424],[5.15671,51.0254],[5.15402,51.02642],[5.15284,51.02736],[5.15266,51.02726],[5.15163,51.0277],[5.14934,51.0288],[5.14649,51.03057],[5.14608,51.03143],[5.14561,51.03191],[5.1416,51.03468],[5.13955,51.03602],[5.13483,51.03882],[5.13263,51.04029],[5.12914,51.04242],[5.12485,51.04509],[5.12225,51.04719],[5.12162,51.04764],[5.11995,51.04885],[5.1197,51.04876],[5.11913,51.04902],[5.11664,51.04956],[5.11533,51.04911],[5.11267,51.0483],[5.11017,51.04803],[5.1056,51.04803],[5.10556,51.04807],[5.10273,51.04797],[5.1027,51.04828],[5.10067,51.04828],[5.10039,51.04858],[5.09917,51.04835],[5.09868,51.04844],[5.09339,51.04913],[5.09116,51.0494],[5.08949,51.0491],[5.08873,51.04982],[5.08666,51.04967],[5.08528,51.04926],[5.0839,51.04865],[5.08378,51.04867],[5.08131,51.0482],[5.0801,51.04783],[5.07937,51.04746],[5.07863,51.04664],[5.07842,51.04568],[5.07844,51.04436],[5.07815,51.04299],[5.07796,51.0428],[5.0781,51.04192],[5.07847,51.04081],[5.07867,51.03952],[5.07892,51.03846],[5.07872,51.03767],[5.07883,51.0373],[5.0792,51.03735],[5.07917,51.03673],[5.08044,51.03345],[5.08038,51.03309],[5.08063,51.03142],[5.08035,51.0314],[5.08049,51.02999],[5.08032,51.02995],[5.08044,51.02914],[5.07968,51.02907],[5.07948,51.02814],[5.07948,51.02759],[5.08111,51.02811],[5.08243,51.02827],[5.08261,51.02636],[5.08249,51.02549],[5.08228,51.0252],[5.08303,51.02525],[5.08353,51.02426],[5.08345,51.02391],[5.08294,51.02366],[5.0823,51.02362],[5.08192,51.02313],[5.08148,51.02294],[5.0812,51.02307],[5.08022,51.02245],[5.08036,51.02211],[5.07949,51.02197],[5.07971,51.02162],[5.07887,51.02149],[5.07843,51.02176],[5.07775,51.0215],[5.07641,51.0216],[5.07619,51.0212],[5.07499,51.02139],[5.07442,51.02121],[5.07397,51.02139],[5.07318,51.02098],[5.07225,51.02105],[5.07155,51.02076],[5.0707,51.01998],[5.07072,51.01977],[5.0702,51.01938],[5.06952,51.0192],[5.06879,51.01857],[5.06724,51.01801],[5.06655,51.01747],[5.06592,51.01729],[5.06542,51.01743],[5.06508,51.01714],[5.06434,51.01715],[5.06344,51.017],[5.06272,51.01671],[5.06182,51.01687],[5.06091,51.01649],[5.05963,51.01634],[5.05821,51.01545],[5.05744,51.01744],[5.05721,51.01893],[5.05689,51.01952],[5.05581,51.02186],[5.05099,51.02296],[5.04809,51.02358],[5.04366,51.02443],[5.04131,51.02292],[5.04097,51.02259],[5.04037,51.02241],[5.03411,51.0217],[5.0223,51.01994],[5.02223,51.01991],[5.01351,51.0166],[5.0067,51.014],[5.0069,51.01379],[5.00326,51.01092],[4.99946,51.00789],[4.99755,51.00847],[4.99682,51.00823],[4.99643,51.0077],[4.99649,51.00738],[4.99693,51.00722],[4.99671,51.00703],[4.99692,51.0067],[4.99677,51.00618],[4.99583,51.00581],[4.99615,51.00531],[4.99609,51.00497],[4.9964,51.00429],[4.99509,51.00439],[4.99525,51.0041],[4.99475,51.00295],[4.99574,51.00293],[4.99659,51.00263],[4.99669,51.00233],[4.99624,51.00195],[4.99624,51.00136],[4.99657,51.00118],[4.99717,51.00124],[4.99894,51.00172],[5.00008,51.00135],[5.00027,51.00059],[5.00077,51.00028],[5.00172,51.00024],[5.00178,50.99871],[5.00154,50.9981],[5.00065,50.99731],[5.00072,50.99607],[5.00115,50.99519],[5.00169,50.99447],[5.002,50.99352],[5.00242,50.99311],[5.00341,50.99269],[5.00488,50.9923],[5.00775,50.9924],[5.00977,50.9926],[5.01075,50.99217],[5.01126,50.99087],[5.01243,50.99051],[5.01318,50.99011],[5.01457,50.98993],[5.01681,50.98999],[5.01881,50.99016],[5.0191,50.98903],[5.01898,50.98636],[5.01724,50.98654],[5.01745,50.98526],[5.01501,50.98533],[5.01317,50.98473],[5.01181,50.98405],[5.01288,50.98291],[5.01379,50.98229],[5.01422,50.98182],[5.01466,50.98077],[5.01482,50.97973],[5.01551,50.97711],[5.01694,50.97341],[5.02137,50.96705],[5.02037,50.96629],[5.02017,50.96603],[5.02182,50.96423]]]}},{"type":"Feature","id":"24028","bbox":[5.065459,50.857885,5.188036,50.92154],"properties":{"nis":"24028","name":"Geetbets","nameNl":"Geetbets","nameFr":"Geetbets","nameDe":"Geetbets","province":"vlaams-brabant","region":"flanders","areaKm2":35.39},"geometry":{"type":"Polygon","coordinates":[[[5.14844,50.85806],[5.15048,50.85797],[5.15032,50.8587],[5.14985,50.85846],[5.14976,50.85884],[5.14929,50.85889],[5.149,50.85967],[5.14922,50.86004],[5.14856,50.86007],[5.14843,50.86051],[5.14953,50.86075],[5.15066,50.86116],[5.15152,50.86117],[5.1522,50.86139],[5.15338,50.86262],[5.15436,50.86419],[5.15455,50.86497],[5.15465,50.86649],[5.15519,50.86841],[5.1553,50.86965],[5.15527,50.87093],[5.15505,50.87217],[5.1547,50.87303],[5.15444,50.87595],[5.1547,50.87799],[5.15488,50.87836],[5.15508,50.87951],[5.156,50.87936],[5.15725,50.87902],[5.15748,50.87858],[5.15801,50.87838],[5.15817,50.87805],[5.15888,50.87792],[5.15924,50.87849],[5.15974,50.87754],[5.16058,50.87707],[5.16092,50.87708],[5.16185,50.87679],[5.16209,50.87658],[5.16176,50.87601],[5.16247,50.8758],[5.16262,50.87552],[5.16316,50.8753],[5.16356,50.87533],[5.16353,50.87498],[5.16483,50.87474],[5.166,50.87419],[5.1668,50.87394],[5.16704,50.87332],[5.1675,50.87309],[5.16784,50.87317],[5.16839,50.87269],[5.169,50.87261],[5.1695,50.87238],[5.17002,50.87238],[5.17108,50.8726],[5.17097,50.87323],[5.17161,50.87337],[5.17273,50.87409],[5.17325,50.87405],[5.17507,50.8752],[5.17681,50.87658],[5.17838,50.87836],[5.17917,50.87914],[5.17941,50.87976],[5.17984,50.88154],[5.17905,50.88239],[5.1784,50.8835],[5.17922,50.88614],[5.18124,50.88675],[5.18336,50.88815],[5.1841,50.88857],[5.1856,50.88896],[5.18568,50.88996],[5.18669,50.89347],[5.18668,50.89375],[5.18676,50.89508],[5.18662,50.89627],[5.1866,50.89843],[5.18702,50.89991],[5.1877,50.90179],[5.18802,50.90178],[5.18799,50.90222],[5.18705,50.90529],[5.18641,50.90609],[5.18537,50.90705],[5.18435,50.9077],[5.17841,50.91075],[5.17643,50.91164],[5.17497,50.91208],[5.17133,50.913],[5.16954,50.91361],[5.16714,50.9127],[5.1655,50.9126],[5.16542,50.9123],[5.1618,50.91202],[5.16126,50.91214],[5.16047,50.91202],[5.15845,50.91199],[5.15764,50.91178],[5.1569,50.91174],[5.15571,50.91196],[5.15477,50.91191],[5.15383,50.91199],[5.152,50.91251],[5.15068,50.91262],[5.15049,50.91283],[5.14899,50.91293],[5.14853,50.91306],[5.14687,50.91277],[5.14603,50.91271],[5.14438,50.91244],[5.14326,50.91265],[5.14281,50.91292],[5.14092,50.91331],[5.1408,50.91355],[5.14019,50.91362],[5.1391,50.91346],[5.1371,50.91344],[5.13667,50.91382],[5.13537,50.91403],[5.13527,50.91499],[5.13478,50.91832],[5.1343,50.91879],[5.13427,50.91923],[5.13387,50.91948],[5.13397,50.91971],[5.13463,50.92007],[5.13465,50.9207],[5.13257,50.92153],[5.13054,50.92045],[5.12936,50.91974],[5.12823,50.91955],[5.12725,50.91958],[5.12537,50.91863],[5.12317,50.91837],[5.1223,50.91833],[5.12201,50.91814],[5.12026,50.91783],[5.11763,50.9176],[5.11725,50.91771],[5.11642,50.91751],[5.11408,50.91714],[5.11378,50.91721],[5.11311,50.91684],[5.11245,50.91674],[5.11152,50.91677],[5.10979,50.91659],[5.10961,50.91646],[5.10815,50.91625],[5.10816,50.91607],[5.1063,50.91583],[5.10352,50.91482],[5.10328,50.91487],[5.10248,50.91455],[5.10148,50.91433],[5.1,50.91331],[5.09948,50.91325],[5.09913,50.91274],[5.0983,50.91262],[5.09788,50.91241],[5.09779,50.91211],[5.09721,50.91178],[5.09617,50.91201],[5.09516,50.91134],[5.09386,50.91037],[5.09326,50.91014],[5.09301,50.90951],[5.09203,50.90898],[5.09183,50.90799],[5.09189,50.90742],[5.09147,50.90664],[5.09153,50.90619],[5.09124,50.90536],[5.09014,50.90405],[5.09024,50.90336],[5.08996,50.90236],[5.08935,50.90147],[5.08922,50.90094],[5.08879,50.90055],[5.0887,50.89993],[5.08568,50.90085],[5.08329,50.90176],[5.08271,50.90132],[5.08157,50.90078],[5.07903,50.89922],[5.07928,50.89887],[5.07942,50.89815],[5.07873,50.89815],[5.07749,50.89788],[5.07673,50.89783],[5.07531,50.89735],[5.0741,50.89723],[5.07437,50.89699],[5.07486,50.89524],[5.07307,50.89499],[5.07265,50.89478],[5.07293,50.89467],[5.07351,50.89395],[5.07413,50.89292],[5.07581,50.89243],[5.07522,50.89196],[5.07418,50.89144],[5.07314,50.89078],[5.07372,50.89017],[5.07225,50.88962],[5.06903,50.88806],[5.07041,50.88728],[5.07143,50.88651],[5.07023,50.88605],[5.06972,50.88613],[5.06807,50.88578],[5.06604,50.88497],[5.06546,50.88467],[5.06801,50.88412],[5.07136,50.88305],[5.07269,50.88258],[5.07362,50.88211],[5.07478,50.88166],[5.07573,50.88147],[5.07833,50.87985],[5.07966,50.87909],[5.08164,50.87772],[5.08265,50.87711],[5.08294,50.87663],[5.08324,50.87578],[5.08575,50.87338],[5.08654,50.87269],[5.09024,50.86972],[5.09066,50.8693],[5.09073,50.86899],[5.09114,50.86892],[5.09202,50.86915],[5.09259,50.86914],[5.0931,50.86948],[5.09359,50.86931],[5.09433,50.86956],[5.0947,50.86998],[5.09585,50.87009],[5.09803,50.87099],[5.09878,50.87161],[5.10035,50.8725],[5.10123,50.8735],[5.1024,50.87398],[5.10465,50.87542],[5.10493,50.87569],[5.10677,50.87665],[5.10721,50.87673],[5.10789,50.87708],[5.10973,50.87713],[5.11181,50.87693],[5.11216,50.87727],[5.11203,50.87817],[5.11235,50.87839],[5.11294,50.87833],[5.11268,50.87874],[5.11369,50.87899],[5.11371,50.87932],[5.11737,50.87811],[5.11743,50.87773],[5.11789,50.87726],[5.11751,50.877],[5.11746,50.87634],[5.11721,50.87613],[5.11727,50.87551],[5.11633,50.87496],[5.11565,50.8751],[5.11587,50.8744],[5.11563,50.87418],[5.11592,50.87377],[5.11503,50.87367],[5.11468,50.87334],[5.1146,50.8728],[5.11523,50.8716],[5.11468,50.87118],[5.11447,50.8696],[5.11467,50.86934],[5.11558,50.86907],[5.11849,50.86796],[5.11949,50.86784],[5.12009,50.86732],[5.12002,50.86645],[5.12159,50.86581],[5.12376,50.86501],[5.12466,50.86486],[5.12654,50.86476],[5.12795,50.86396],[5.12898,50.86383],[5.13069,50.86343],[5.13235,50.86296],[5.13251,50.86279],[5.13339,50.86296],[5.13467,50.86246],[5.1353,50.86204],[5.13766,50.86153],[5.13786,50.86101],[5.1383,50.86092],[5.13966,50.86086],[5.13996,50.86041],[5.14066,50.86078],[5.14105,50.86066],[5.14178,50.86071],[5.14264,50.86053],[5.14303,50.86063],[5.14328,50.8604],[5.14416,50.86004],[5.14545,50.86012],[5.14652,50.85989],[5.14811,50.8591],[5.14842,50.85911],[5.14844,50.85806]]]}},{"type":"Feature","id":"24033","bbox":[4.585688,50.924521,4.689465,50.994545],"properties":{"nis":"24033","name":"Haacht","nameNl":"Haacht","nameFr":"Haacht","nameDe":"Haacht","province":"vlaams-brabant","region":"flanders","areaKm2":30.62},"geometry":{"type":"Polygon","coordinates":[[[4.61699,50.94476],[4.61782,50.94481],[4.61845,50.94499],[4.62037,50.94523],[4.62133,50.94528],[4.625,50.94624],[4.62541,50.94631],[4.62559,50.94608],[4.62638,50.94637],[4.62825,50.94651],[4.63092,50.94647],[4.63237,50.94621],[4.63438,50.94614],[4.63573,50.94572],[4.63784,50.94554],[4.63776,50.94433],[4.63814,50.94257],[4.63789,50.94031],[4.63761,50.93841],[4.63799,50.9383],[4.6391,50.93714],[4.63954,50.93651],[4.64024,50.93455],[4.64045,50.93436],[4.64187,50.93121],[4.64288,50.92874],[4.64319,50.92671],[4.64378,50.92566],[4.64394,50.92565],[4.64521,50.92452],[4.64638,50.92501],[4.64741,50.92602],[4.64836,50.92637],[4.64932,50.9272],[4.64989,50.92671],[4.65174,50.92697],[4.65594,50.92763],[4.65755,50.92785],[4.66258,50.92859],[4.66306,50.9287],[4.66234,50.92932],[4.66265,50.92942],[4.66496,50.92973],[4.66591,50.93013],[4.66603,50.93039],[4.66809,50.93099],[4.6692,50.93159],[4.67094,50.93207],[4.67169,50.93283],[4.67071,50.93388],[4.67099,50.93416],[4.66998,50.93515],[4.67118,50.93596],[4.67248,50.93662],[4.67241,50.93704],[4.67373,50.93719],[4.67463,50.93747],[4.67535,50.9381],[4.67601,50.93848],[4.67647,50.93914],[4.6764,50.93945],[4.67885,50.94035],[4.68013,50.9402],[4.6808,50.94071],[4.68256,50.94132],[4.68239,50.9416],[4.68476,50.94212],[4.68624,50.94252],[4.68797,50.94316],[4.68947,50.94407],[4.68754,50.94519],[4.68649,50.94573],[4.6866,50.94622],[4.68587,50.94658],[4.68505,50.94756],[4.68419,50.94778],[4.68382,50.94896],[4.68422,50.94917],[4.68325,50.94993],[4.68348,50.95031],[4.68367,50.95018],[4.6846,50.95052],[4.68666,50.95079],[4.68654,50.95167],[4.68505,50.95128],[4.68341,50.95243],[4.68304,50.95284],[4.68408,50.95341],[4.68619,50.95366],[4.68505,50.95428],[4.68459,50.95513],[4.6829,50.95549],[4.68195,50.95543],[4.68155,50.95559],[4.68141,50.95592],[4.68102,50.95612],[4.68051,50.95678],[4.67949,50.95716],[4.67924,50.95736],[4.67876,50.95878],[4.6775,50.95936],[4.67724,50.96009],[4.67761,50.96055],[4.67671,50.9612],[4.67578,50.96128],[4.67529,50.9619],[4.67378,50.96274],[4.67355,50.96306],[4.67377,50.96329],[4.67344,50.96346],[4.67245,50.96349],[4.67126,50.96333],[4.67059,50.96393],[4.67019,50.96494],[4.67448,50.96593],[4.676,50.96624],[4.67546,50.9671],[4.67516,50.96828],[4.67463,50.96873],[4.67507,50.96899],[4.6751,50.96975],[4.67555,50.97041],[4.67526,50.97097],[4.67481,50.97102],[4.67535,50.97265],[4.67675,50.97401],[4.67751,50.97422],[4.67777,50.97465],[4.67725,50.97528],[4.67772,50.97567],[4.67797,50.97625],[4.67683,50.97697],[4.67383,50.97601],[4.67255,50.97575],[4.67198,50.97629],[4.67214,50.9767],[4.67185,50.97719],[4.67195,50.97777],[4.67132,50.97819],[4.67156,50.97851],[4.67108,50.97948],[4.67125,50.98056],[4.6711,50.98131],[4.67173,50.98317],[4.67076,50.9834],[4.67009,50.98376],[4.66994,50.98417],[4.67013,50.98543],[4.66995,50.98599],[4.66917,50.98657],[4.66801,50.98692],[4.66617,50.98705],[4.66554,50.98731],[4.66575,50.98779],[4.66542,50.98833],[4.66397,50.98881],[4.66287,50.98953],[4.66223,50.98971],[4.66132,50.98939],[4.6604,50.98927],[4.65923,50.98928],[4.65885,50.98912],[4.65861,50.98839],[4.65816,50.98811],[4.65759,50.98824],[4.65667,50.98754],[4.6561,50.98781],[4.65623,50.98835],[4.65563,50.98823],[4.65471,50.98774],[4.65349,50.98728],[4.65261,50.98702],[4.65138,50.98712],[4.65092,50.98703],[4.65062,50.98666],[4.65054,50.98582],[4.6503,50.98557],[4.64976,50.98552],[4.64938,50.98569],[4.64901,50.98638],[4.64853,50.98648],[4.64759,50.98558],[4.64677,50.98543],[4.64576,50.98556],[4.64484,50.98541],[4.64385,50.98555],[4.64256,50.98661],[4.64063,50.98725],[4.64024,50.98767],[4.64011,50.98889],[4.63979,50.99042],[4.63928,50.99097],[4.63875,50.99111],[4.63715,50.99117],[4.63662,50.99125],[4.63589,50.99157],[4.63531,50.99213],[4.63471,50.99241],[4.63417,50.9924],[4.63181,50.99188],[4.63045,50.99176],[4.6281,50.9923],[4.62706,50.99231],[4.62672,50.99244],[4.62583,50.99316],[4.62541,50.99318],[4.62436,50.99281],[4.62379,50.99277],[4.62282,50.99296],[4.62079,50.9931],[4.62,50.99334],[4.61896,50.99332],[4.61521,50.99221],[4.6144,50.9923],[4.61393,50.99277],[4.61346,50.9929],[4.61276,50.99276],[4.61241,50.99295],[4.61215,50.99346],[4.61126,50.99368],[4.61057,50.99319],[4.60944,50.99287],[4.60872,50.9921],[4.60806,50.99205],[4.60726,50.9924],[4.60632,50.99257],[4.60581,50.99248],[4.60527,50.99169],[4.60477,50.99159],[4.6038,50.99214],[4.60347,50.99215],[4.60209,50.99185],[4.60105,50.99215],[4.60085,50.99243],[4.60124,50.99344],[4.60118,50.99382],[4.60072,50.99454],[4.59958,50.99342],[4.59994,50.99327],[4.59955,50.99285],[4.59885,50.99315],[4.59857,50.99285],[4.5976,50.99369],[4.59698,50.99402],[4.59492,50.99407],[4.59406,50.99379],[4.59311,50.99395],[4.59308,50.99367],[4.59218,50.99336],[4.59127,50.99354],[4.59042,50.99357],[4.59006,50.99371],[4.58917,50.99356],[4.58819,50.99385],[4.58774,50.99356],[4.58569,50.99147],[4.58653,50.99134],[4.58709,50.99109],[4.58817,50.99017],[4.58825,50.98983],[4.58882,50.98928],[4.58902,50.9887],[4.58943,50.98833],[4.58924,50.98776],[4.58855,50.98724],[4.58789,50.98719],[4.58801,50.98671],[4.58869,50.98681],[4.58984,50.98663],[4.58996,50.98612],[4.58917,50.98615],[4.58902,50.98561],[4.5886,50.98535],[4.58848,50.98468],[4.58954,50.98441],[4.591,50.98437],[4.59147,50.98395],[4.59013,50.98301],[4.58932,50.98257],[4.5889,50.98263],[4.58909,50.98219],[4.58968,50.98203],[4.59053,50.98148],[4.59064,50.98118],[4.59127,50.98079],[4.59163,50.98003],[4.59255,50.97941],[4.59322,50.97873],[4.59387,50.97833],[4.59415,50.97792],[4.59549,50.97732],[4.59564,50.97711],[4.59736,50.9764],[4.59773,50.97606],[4.5981,50.976],[4.59822,50.97562],[4.59864,50.97522],[4.59875,50.97481],[4.59944,50.97429],[4.60086,50.97413],[4.60187,50.97477],[4.60303,50.97484],[4.60352,50.97436],[4.60369,50.97369],[4.60345,50.97329],[4.60271,50.97306],[4.60261,50.97272],[4.60279,50.97135],[4.60296,50.97095],[4.60273,50.97033],[4.60682,50.96868],[4.60826,50.96847],[4.60875,50.9685],[4.60913,50.96832],[4.61012,50.96812],[4.61287,50.96832],[4.61159,50.96684],[4.61258,50.96656],[4.6074,50.96401],[4.60608,50.96298],[4.60581,50.96261],[4.60478,50.96079],[4.60391,50.95914],[4.60384,50.95883],[4.60421,50.95849],[4.60523,50.95795],[4.60581,50.9578],[4.60746,50.95757],[4.60843,50.95736],[4.61053,50.95602],[4.61132,50.95558],[4.61429,50.95508],[4.61569,50.95475],[4.61659,50.95478],[4.61885,50.95418],[4.61791,50.95225],[4.61735,50.95073],[4.61703,50.94965],[4.61696,50.94901],[4.61671,50.94847],[4.61594,50.94766],[4.61511,50.94634],[4.61445,50.94575],[4.61519,50.94496],[4.61637,50.94463],[4.61699,50.94476]]]}},{"type":"Feature","id":"24038","bbox":[4.598304,50.878453,4.7026,50.946513],"properties":{"nis":"24038","name":"Herent","nameNl":"Herent","nameFr":"Herent","nameDe":"Herent","province":"vlaams-brabant","region":"flanders","areaKm2":32.62},"geometry":{"type":"Polygon","coordinates":[[[4.61699,50.94476],[4.61747,50.94375],[4.61783,50.94335],[4.61859,50.94006],[4.61871,50.93934],[4.6182,50.93618],[4.61763,50.93559],[4.61716,50.93576],[4.61576,50.93595],[4.61461,50.93593],[4.61335,50.9357],[4.61131,50.93563],[4.60871,50.93516],[4.6039,50.93484],[4.60394,50.9343],[4.60336,50.93326],[4.60374,50.93261],[4.60383,50.93215],[4.60419,50.93202],[4.60409,50.93176],[4.60437,50.93129],[4.60494,50.93093],[4.60507,50.93026],[4.60399,50.92924],[4.60373,50.92851],[4.60307,50.92799],[4.60332,50.92735],[4.60308,50.92672],[4.60339,50.9265],[4.60375,50.92589],[4.60366,50.92544],[4.6039,50.92502],[4.60362,50.9248],[4.60344,50.92382],[4.60363,50.92344],[4.60349,50.923],[4.60301,50.92283],[4.60301,50.92149],[4.60361,50.92047],[4.60224,50.91968],[4.60299,50.91877],[4.60372,50.91817],[4.60466,50.91792],[4.60533,50.91753],[4.60484,50.91715],[4.60523,50.91663],[4.60433,50.91552],[4.60484,50.91486],[4.60531,50.91461],[4.60833,50.91359],[4.60808,50.91339],[4.60849,50.91321],[4.6089,50.91209],[4.60912,50.91073],[4.60966,50.91062],[4.60977,50.91011],[4.61039,50.91029],[4.61102,50.90939],[4.61052,50.90935],[4.61082,50.90887],[4.61119,50.90622],[4.61239,50.90619],[4.61045,50.90541],[4.60991,50.90544],[4.6089,50.90512],[4.609,50.90496],[4.60843,50.90475],[4.60763,50.90388],[4.6074,50.90397],[4.60618,50.9037],[4.60535,50.90273],[4.60562,50.90254],[4.60498,50.90243],[4.60465,50.9018],[4.6042,50.90165],[4.60408,50.90095],[4.60287,50.90112],[4.60161,50.90019],[4.60128,50.89967],[4.60149,50.89913],[4.60143,50.89831],[4.60153,50.89802],[4.60086,50.89706],[4.60088,50.89666],[4.60009,50.8961],[4.60022,50.89572],[4.59937,50.89542],[4.59938,50.89509],[4.59902,50.89453],[4.59934,50.89398],[4.59878,50.89386],[4.5983,50.89309],[4.59858,50.89285],[4.60095,50.89219],[4.60468,50.89105],[4.60477,50.89113],[4.60755,50.88996],[4.60746,50.88989],[4.60873,50.88918],[4.61557,50.89087],[4.61733,50.88969],[4.61983,50.8899],[4.61946,50.89017],[4.62104,50.89096],[4.62259,50.88997],[4.62328,50.89019],[4.62334,50.89005],[4.62452,50.89],[4.62591,50.88969],[4.62767,50.8896],[4.62795,50.88968],[4.62861,50.88917],[4.62944,50.88969],[4.6301,50.88878],[4.63175,50.88916],[4.63194,50.88875],[4.63219,50.88879],[4.63258,50.88805],[4.6335,50.88806],[4.63358,50.88769],[4.63389,50.88776],[4.63414,50.88815],[4.63493,50.88809],[4.63493,50.88882],[4.63613,50.88886],[4.63592,50.88693],[4.63588,50.88557],[4.63773,50.88517],[4.63981,50.88445],[4.64158,50.88394],[4.64325,50.88379],[4.64489,50.88392],[4.64657,50.88359],[4.64871,50.88275],[4.64889,50.8826],[4.64939,50.87847],[4.65069,50.87865],[4.65201,50.87895],[4.65259,50.87898],[4.65546,50.87845],[4.65828,50.87899],[4.66011,50.87893],[4.66141,50.87903],[4.66261,50.87926],[4.66558,50.87938],[4.66736,50.87961],[4.6681,50.87988],[4.66869,50.88031],[4.66996,50.88108],[4.6711,50.88162],[4.67089,50.88302],[4.67159,50.8837],[4.67217,50.88453],[4.67316,50.88558],[4.67341,50.88553],[4.67452,50.88689],[4.67575,50.8883],[4.67721,50.88957],[4.67816,50.89022],[4.68002,50.89122],[4.68166,50.89192],[4.68838,50.89452],[4.68792,50.89482],[4.68887,50.89507],[4.68867,50.89689],[4.69048,50.89761],[4.69114,50.89798],[4.69198,50.89879],[4.69317,50.89936],[4.69159,50.90371],[4.69196,50.90496],[4.69255,50.9095],[4.69323,50.91038],[4.69522,50.91077],[4.69475,50.91216],[4.6945,50.91364],[4.69433,50.9141],[4.69503,50.91427],[4.69408,50.91598],[4.69595,50.91654],[4.69379,50.91882],[4.69503,50.91948],[4.6974,50.92002],[4.7013,50.91991],[4.7026,50.92002],[4.69648,50.92238],[4.69305,50.92367],[4.68522,50.92665],[4.67691,50.9322],[4.67118,50.93596],[4.66998,50.93515],[4.67099,50.93416],[4.67071,50.93388],[4.67169,50.93283],[4.67094,50.93207],[4.6692,50.93159],[4.66809,50.93099],[4.66603,50.93039],[4.66591,50.93013],[4.66496,50.92973],[4.66265,50.92942],[4.66234,50.92932],[4.66306,50.9287],[4.66258,50.92859],[4.65755,50.92785],[4.65594,50.92763],[4.65174,50.92697],[4.64989,50.92671],[4.64932,50.9272],[4.64836,50.92637],[4.64741,50.92602],[4.64638,50.92501],[4.64521,50.92452],[4.64394,50.92565],[4.64378,50.92566],[4.64319,50.92671],[4.64288,50.92874],[4.64187,50.93121],[4.64045,50.93436],[4.64024,50.93455],[4.63954,50.93651],[4.6391,50.93714],[4.63799,50.9383],[4.63761,50.93841],[4.63789,50.94031],[4.63814,50.94257],[4.63776,50.94433],[4.63784,50.94554],[4.63573,50.94572],[4.63438,50.94614],[4.63237,50.94621],[4.63092,50.94647],[4.62825,50.94651],[4.62638,50.94637],[4.62559,50.94608],[4.62541,50.94631],[4.625,50.94624],[4.62133,50.94528],[4.62037,50.94523],[4.61845,50.94499],[4.61782,50.94481],[4.61699,50.94476]]]}},{"type":"Feature","id":"24041","bbox":[4.800527,50.742693,4.953819,50.813512],"properties":{"nis":"24041","name":"Hoegaarden","nameNl":"Hoegaarden","nameFr":"Hoegaarden","nameDe":"Hoegaarden","province":"vlaams-brabant","region":"flanders","areaKm2":34.01},"geometry":{"type":"Polygon","coordinates":[[[4.92565,50.7428],[4.92754,50.74409],[4.9296,50.74497],[4.92869,50.74719],[4.92956,50.74749],[4.93126,50.74765],[4.93329,50.7477],[4.93429,50.74767],[4.93896,50.74736],[4.94176,50.74854],[4.94267,50.74906],[4.94457,50.74921],[4.94468,50.74927],[4.94751,50.74956],[4.95085,50.75021],[4.95382,50.75095],[4.95326,50.75209],[4.94001,50.76484],[4.93751,50.76728],[4.93063,50.77381],[4.92871,50.77554],[4.92699,50.77702],[4.92456,50.77895],[4.92207,50.78072],[4.92059,50.78171],[4.91823,50.7832],[4.91628,50.78434],[4.91283,50.78622],[4.90895,50.78819],[4.86749,50.80859],[4.85747,50.81351],[4.85811,50.81279],[4.85617,50.81238],[4.85664,50.81152],[4.85437,50.81019],[4.85598,50.80961],[4.85582,50.80921],[4.85571,50.80791],[4.85543,50.80767],[4.8557,50.80605],[4.85729,50.80591],[4.85743,50.8052],[4.85765,50.80523],[4.85808,50.80401],[4.85823,50.80307],[4.8568,50.80306],[4.85683,50.80199],[4.85552,50.80212],[4.85437,50.80243],[4.85375,50.80224],[4.85349,50.80246],[4.85294,50.80208],[4.85179,50.80269],[4.85036,50.80316],[4.84866,50.80356],[4.84781,50.80385],[4.84666,50.804],[4.84622,50.80417],[4.84574,50.80393],[4.84507,50.80398],[4.84407,50.80458],[4.84332,50.8044],[4.84162,50.80447],[4.84119,50.80421],[4.83833,50.80349],[4.83819,50.80351],[4.8363,50.803],[4.83559,50.8031],[4.83484,50.80273],[4.83415,50.80263],[4.83302,50.80272],[4.8331,50.80217],[4.83168,50.80203],[4.83041,50.80172],[4.8297,50.80219],[4.82812,50.80185],[4.82681,50.80143],[4.82604,50.8009],[4.82566,50.8004],[4.82426,50.79825],[4.8237,50.79773],[4.82343,50.79784],[4.82252,50.79704],[4.8223,50.79709],[4.82183,50.79631],[4.82059,50.7967],[4.82032,50.79622],[4.82065,50.79568],[4.82132,50.79537],[4.82058,50.79451],[4.82042,50.79411],[4.81913,50.795],[4.8183,50.7945],[4.81773,50.79506],[4.81603,50.79438],[4.81585,50.79455],[4.81475,50.79416],[4.8144,50.79461],[4.81405,50.79447],[4.81307,50.79549],[4.8124,50.79529],[4.81282,50.79485],[4.81147,50.79432],[4.81224,50.79369],[4.8104,50.79266],[4.80963,50.79318],[4.80912,50.79294],[4.80886,50.79313],[4.80684,50.79215],[4.80558,50.79149],[4.8048,50.79226],[4.80374,50.79301],[4.80241,50.79185],[4.80053,50.79038],[4.80169,50.78991],[4.80306,50.78925],[4.80341,50.78891],[4.80414,50.78778],[4.8074,50.78691],[4.80746,50.78656],[4.80943,50.78107],[4.80932,50.78097],[4.81243,50.77749],[4.8122,50.77621],[4.81438,50.77647],[4.81587,50.77651],[4.81807,50.77631],[4.81955,50.77603],[4.82078,50.77596],[4.82242,50.7761],[4.82352,50.77633],[4.82617,50.77716],[4.82653,50.77722],[4.82833,50.77721],[4.82875,50.77686],[4.8306,50.77433],[4.83163,50.77447],[4.83218,50.77543],[4.83297,50.77575],[4.83523,50.7762],[4.83603,50.77489],[4.83685,50.775],[4.83722,50.7746],[4.83634,50.77432],[4.83854,50.77289],[4.83629,50.77207],[4.83549,50.77182],[4.83404,50.77125],[4.83363,50.77151],[4.8325,50.77158],[4.83176,50.77133],[4.83122,50.77052],[4.83136,50.7693],[4.83131,50.76869],[4.83192,50.76693],[4.83304,50.76515],[4.83516,50.76276],[4.83745,50.76285],[4.83862,50.76318],[4.84222,50.76505],[4.84267,50.7654],[4.84372,50.76598],[4.84552,50.76678],[4.84596,50.7672],[4.84617,50.76772],[4.84659,50.768],[4.84817,50.76761],[4.85065,50.76627],[4.85172,50.76526],[4.8528,50.76617],[4.85401,50.76695],[4.85499,50.76687],[4.85508,50.76642],[4.85544,50.7664],[4.85765,50.76517],[4.85915,50.76474],[4.86002,50.76442],[4.86096,50.76386],[4.86233,50.76464],[4.8639,50.76486],[4.86594,50.76551],[4.86789,50.76579],[4.86916,50.76627],[4.86997,50.76584],[4.87151,50.76488],[4.87283,50.76467],[4.87326,50.76437],[4.87378,50.76476],[4.87403,50.76464],[4.87515,50.76571],[4.8753,50.76571],[4.87679,50.76682],[4.87754,50.76646],[4.87717,50.76617],[4.87791,50.76569],[4.88229,50.7633],[4.88359,50.76408],[4.88553,50.76277],[4.88674,50.76367],[4.8872,50.76339],[4.88757,50.76342],[4.88781,50.76399],[4.88831,50.76453],[4.88891,50.76487],[4.88941,50.76535],[4.8899,50.76505],[4.89033,50.76521],[4.89091,50.76568],[4.89163,50.76558],[4.89203,50.76618],[4.89254,50.76628],[4.89279,50.76663],[4.89277,50.76792],[4.89354,50.76809],[4.8935,50.76835],[4.89305,50.76862],[4.89294,50.76903],[4.89364,50.76942],[4.89407,50.77021],[4.89467,50.77074],[4.89575,50.77059],[4.89631,50.77078],[4.89724,50.7716],[4.89832,50.77216],[4.8985,50.77268],[4.89843,50.77347],[4.89884,50.77338],[4.8991,50.77251],[4.89975,50.77261],[4.90004,50.7702],[4.89958,50.76912],[4.90014,50.76867],[4.90079,50.76849],[4.90173,50.76865],[4.90227,50.76807],[4.90285,50.7682],[4.90366,50.76819],[4.9054,50.76857],[4.90828,50.76952],[4.90856,50.76916],[4.9054,50.76588],[4.90687,50.76555],[4.90737,50.76516],[4.90738,50.76486],[4.90591,50.76355],[4.90493,50.76281],[4.90423,50.76217],[4.90259,50.76052],[4.90461,50.75948],[4.90499,50.75916],[4.90624,50.75851],[4.90767,50.7574],[4.90914,50.75639],[4.91121,50.75575],[4.90997,50.75494],[4.90935,50.75439],[4.90815,50.75235],[4.90672,50.75067],[4.90619,50.74975],[4.90652,50.74947],[4.91161,50.74992],[4.91372,50.74984],[4.9142,50.74976],[4.91495,50.74938],[4.91547,50.74935],[4.91626,50.74907],[4.91719,50.74853],[4.91801,50.74825],[4.91899,50.74805],[4.91969,50.74778],[4.92135,50.74634],[4.92301,50.74526],[4.92366,50.74435],[4.92444,50.74358],[4.92549,50.74269],[4.92565,50.7428]]]}},{"type":"Feature","id":"24043","bbox":[4.715675,50.896883,4.872047,50.963245],"properties":{"nis":"24043","name":"Holsbeek","nameNl":"Holsbeek","nameFr":"Holsbeek","nameDe":"Holsbeek","province":"vlaams-brabant","region":"flanders","areaKm2":38.64},"geometry":{"type":"Polygon","coordinates":[[[4.84866,50.91111],[4.8489,50.91118],[4.8488,50.91158],[4.84837,50.9118],[4.84813,50.91162],[4.84762,50.91177],[4.84786,50.91195],[4.8469,50.91246],[4.84697,50.91292],[4.84649,50.91295],[4.84583,50.91321],[4.84557,50.91303],[4.84529,50.91344],[4.8449,50.91348],[4.84451,50.91439],[4.8448,50.91454],[4.84461,50.9151],[4.84468,50.91547],[4.84425,50.91642],[4.845,50.91722],[4.84491,50.9182],[4.84509,50.91839],[4.8455,50.91945],[4.84609,50.92022],[4.84644,50.92036],[4.84532,50.92117],[4.84535,50.92226],[4.84515,50.92249],[4.84546,50.9227],[4.84554,50.92325],[4.84516,50.92361],[4.84501,50.92423],[4.84545,50.92454],[4.84535,50.92471],[4.84579,50.9251],[4.84565,50.92549],[4.84617,50.92583],[4.84587,50.92607],[4.84613,50.92691],[4.84585,50.92773],[4.84542,50.92767],[4.84429,50.92917],[4.84405,50.92972],[4.84376,50.92978],[4.84346,50.93019],[4.84302,50.93007],[4.84342,50.93045],[4.84302,50.9305],[4.84298,50.93089],[4.84547,50.9322],[4.84537,50.93229],[4.84804,50.93286],[4.85016,50.93337],[4.85091,50.93345],[4.85066,50.93595],[4.85231,50.93642],[4.85498,50.93745],[4.85407,50.93854],[4.85318,50.93976],[4.85219,50.9415],[4.85221,50.94254],[4.85313,50.94248],[4.85363,50.9426],[4.85473,50.9426],[4.85463,50.94285],[4.85528,50.94287],[4.85554,50.94238],[4.85774,50.9428],[4.85853,50.94323],[4.8603,50.94395],[4.86261,50.94519],[4.86393,50.94541],[4.86642,50.94632],[4.86652,50.94664],[4.86633,50.94715],[4.86612,50.94856],[4.86688,50.94863],[4.86829,50.94846],[4.86955,50.94862],[4.87149,50.95005],[4.87205,50.9506],[4.87165,50.95116],[4.86869,50.95621],[4.86726,50.95622],[4.8656,50.95586],[4.86552,50.95712],[4.86538,50.9572],[4.86583,50.95809],[4.86301,50.95813],[4.86018,50.95835],[4.85937,50.95852],[4.85737,50.95914],[4.85231,50.96047],[4.85055,50.96075],[4.84513,50.96196],[4.84475,50.96202],[4.83874,50.96261],[4.83725,50.96299],[4.8355,50.9632],[4.83321,50.96324],[4.8298,50.9629],[4.82961,50.96279],[4.82833,50.9627],[4.82708,50.96228],[4.82398,50.96155],[4.82227,50.96089],[4.82129,50.96044],[4.81906,50.9591],[4.81795,50.95865],[4.81547,50.95787],[4.81246,50.95725],[4.81021,50.95717],[4.80777,50.9569],[4.80522,50.95688],[4.80352,50.95701],[4.80233,50.95698],[4.80261,50.95616],[4.80171,50.95616],[4.80123,50.95673],[4.79935,50.95594],[4.79908,50.95569],[4.79804,50.95537],[4.79845,50.95418],[4.79911,50.95336],[4.8005,50.95002],[4.80151,50.94818],[4.80115,50.94811],[4.80122,50.94705],[4.80147,50.94698],[4.80276,50.94464],[4.80331,50.94356],[4.80325,50.94331],[4.80256,50.94305],[4.80201,50.94264],[4.80111,50.94264],[4.79972,50.94224],[4.79932,50.94201],[4.79906,50.94324],[4.79931,50.94336],[4.79889,50.94378],[4.79752,50.94688],[4.796,50.94688],[4.79427,50.94629],[4.79318,50.94576],[4.79095,50.94493],[4.78933,50.94468],[4.78839,50.94464],[4.78689,50.9443],[4.78627,50.94423],[4.78436,50.94452],[4.78325,50.94452],[4.78358,50.94351],[4.78325,50.94347],[4.78377,50.94191],[4.78432,50.94098],[4.78395,50.9408],[4.78419,50.93987],[4.78428,50.93865],[4.78479,50.93723],[4.78501,50.9363],[4.78474,50.93646],[4.78398,50.93652],[4.78393,50.93632],[4.7833,50.93632],[4.78235,50.93651],[4.78197,50.93643],[4.78132,50.93661],[4.78127,50.93643],[4.78028,50.93678],[4.78004,50.93623],[4.77925,50.93613],[4.77859,50.93647],[4.77728,50.9363],[4.77679,50.9364],[4.77564,50.93597],[4.77443,50.93599],[4.77447,50.93587],[4.77259,50.9357],[4.7718,50.93549],[4.77099,50.93546],[4.77018,50.9356],[4.77034,50.9361],[4.77018,50.9368],[4.76934,50.93653],[4.76918,50.93619],[4.76868,50.93596],[4.76864,50.93564],[4.7679,50.93558],[4.76745,50.93583],[4.7671,50.93565],[4.76633,50.93555],[4.7611,50.93569],[4.76041,50.93541],[4.75975,50.93494],[4.75881,50.93477],[4.75781,50.93576],[4.75641,50.9352],[4.75568,50.93562],[4.75472,50.93514],[4.75395,50.93558],[4.75328,50.93615],[4.75159,50.9354],[4.75062,50.93695],[4.74727,50.93602],[4.74683,50.93672],[4.74646,50.93707],[4.74515,50.93746],[4.74349,50.93678],[4.74325,50.93638],[4.74348,50.93608],[4.74389,50.93556],[4.74474,50.93541],[4.74474,50.93513],[4.74575,50.93499],[4.74561,50.9346],[4.74519,50.93434],[4.74559,50.93307],[4.74468,50.93284],[4.74508,50.93207],[4.74619,50.93023],[4.74753,50.9282],[4.74612,50.92775],[4.74739,50.92655],[4.74633,50.92584],[4.74491,50.92539],[4.74287,50.92519],[4.74202,50.92463],[4.74055,50.92423],[4.73862,50.92384],[4.73615,50.92291],[4.73477,50.92256],[4.73347,50.92237],[4.73157,50.92229],[4.73135,50.92279],[4.73076,50.92267],[4.72814,50.92264],[4.72919,50.92013],[4.72987,50.91955],[4.72576,50.91848],[4.72423,50.91802],[4.72342,50.91785],[4.72094,50.91745],[4.72016,50.91717],[4.71856,50.91618],[4.71722,50.91551],[4.71692,50.91526],[4.7165,50.9146],[4.71591,50.91472],[4.71568,50.91429],[4.71622,50.91331],[4.71615,50.91242],[4.71598,50.9119],[4.71617,50.91025],[4.71572,50.90916],[4.71754,50.90853],[4.71722,50.90793],[4.71798,50.90718],[4.71843,50.90722],[4.71896,50.90753],[4.71946,50.90807],[4.72041,50.90866],[4.72184,50.90844],[4.72214,50.90788],[4.72477,50.90726],[4.72895,50.90631],[4.74246,50.90805],[4.74797,50.90883],[4.76061,50.90782],[4.762,50.90779],[4.76297,50.90799],[4.76484,50.90802],[4.76752,50.90731],[4.76884,50.90692],[4.7688,50.90682],[4.77012,50.90637],[4.77066,50.90656],[4.77322,50.90721],[4.77507,50.90784],[4.77505,50.90834],[4.77746,50.9088],[4.77855,50.90788],[4.77963,50.90777],[4.78053,50.90787],[4.78205,50.90815],[4.78375,50.90818],[4.78587,50.90835],[4.78752,50.90887],[4.78986,50.90973],[4.79409,50.90632],[4.7945,50.90635],[4.79467,50.90494],[4.79489,50.90424],[4.7956,50.90283],[4.796,50.90238],[4.79657,50.90206],[4.7981,50.90009],[4.79704,50.89959],[4.79697,50.89886],[4.79739,50.89739],[4.79783,50.89688],[4.79925,50.89748],[4.80096,50.89793],[4.80243,50.8988],[4.80314,50.89905],[4.80431,50.89989],[4.80435,50.90015],[4.80594,50.90054],[4.80649,50.90088],[4.80679,50.90126],[4.80762,50.90196],[4.80808,50.90153],[4.80898,50.90226],[4.81014,50.90343],[4.81065,50.90457],[4.81358,50.90587],[4.81558,50.90668],[4.81782,50.90721],[4.82156,50.90749],[4.82232,50.9071],[4.82318,50.90688],[4.82608,50.90778],[4.82661,50.90799],[4.82812,50.90803],[4.83068,50.90796],[4.8318,50.90804],[4.83281,50.90844],[4.83534,50.90991],[4.83666,50.91056],[4.83728,50.91076],[4.83759,50.9111],[4.83833,50.91132],[4.83922,50.91128],[4.84202,50.91174],[4.84435,50.9116],[4.84804,50.91114],[4.84866,50.91111]]]}},{"type":"Feature","id":"24045","bbox":[4.555145,50.741031,4.655426,50.835207],"properties":{"nis":"24045","name":"Huldenberg","nameNl":"Huldenberg","nameFr":"Huldenberg","nameDe":"Huldenberg","province":"vlaams-brabant","region":"flanders","areaKm2":39.81},"geometry":{"type":"Polygon","coordinates":[[[4.64192,50.79877],[4.64078,50.79881],[4.63613,50.80069],[4.63516,50.79924],[4.63317,50.79834],[4.63231,50.79834],[4.63275,50.79942],[4.63251,50.80058],[4.6325,50.80133],[4.63267,50.80171],[4.63275,50.80255],[4.63295,50.80295],[4.6323,50.80386],[4.63206,50.80462],[4.63216,50.80516],[4.63283,50.80603],[4.63365,50.80774],[4.63426,50.80916],[4.63665,50.80982],[4.63837,50.8107],[4.64001,50.81132],[4.64078,50.81277],[4.64181,50.81391],[4.64242,50.81428],[4.64318,50.81515],[4.64333,50.81562],[4.64305,50.81638],[4.64475,50.81679],[4.64623,50.8172],[4.64569,50.8178],[4.64556,50.81815],[4.6451,50.81836],[4.64538,50.81878],[4.64522,50.81893],[4.64444,50.81884],[4.64407,50.81894],[4.6437,50.81953],[4.64452,50.8202],[4.64452,50.82046],[4.64308,50.82029],[4.64225,50.82088],[4.64218,50.8211],[4.643,50.822],[4.64206,50.822],[4.64197,50.82221],[4.64235,50.82285],[4.64158,50.82292],[4.64158,50.82389],[4.64122,50.82395],[4.64118,50.82426],[4.64145,50.82469],[4.64128,50.82509],[4.6424,50.8252],[4.64256,50.82562],[4.64223,50.82589],[4.64288,50.82587],[4.64366,50.8255],[4.64423,50.82594],[4.64401,50.82618],[4.64327,50.82651],[4.64305,50.82694],[4.64329,50.82701],[4.64463,50.82689],[4.64508,50.82701],[4.64524,50.8274],[4.64478,50.8276],[4.64388,50.8274],[4.64339,50.82746],[4.64317,50.8277],[4.64358,50.82835],[4.64458,50.82856],[4.64477,50.82939],[4.64532,50.82957],[4.64566,50.82991],[4.64559,50.83047],[4.64522,50.83087],[4.64478,50.8312],[4.6436,50.83168],[4.64371,50.83179],[4.64217,50.83196],[4.64207,50.83143],[4.63827,50.83195],[4.63739,50.83184],[4.63528,50.83248],[4.63454,50.83246],[4.63416,50.83268],[4.63182,50.83265],[4.63048,50.83248],[4.62867,50.8318],[4.62777,50.83096],[4.62723,50.83058],[4.62604,50.83006],[4.62316,50.82851],[4.62185,50.82813],[4.6213,50.82866],[4.62074,50.82836],[4.62002,50.82887],[4.62028,50.82901],[4.61951,50.82998],[4.61878,50.82995],[4.61844,50.83036],[4.61771,50.83047],[4.61551,50.83204],[4.61463,50.83163],[4.61376,50.83172],[4.61203,50.83111],[4.60904,50.83048],[4.60729,50.82987],[4.60571,50.8312],[4.60526,50.83189],[4.60488,50.83224],[4.60529,50.83239],[4.60308,50.83521],[4.60135,50.83446],[4.59978,50.83371],[4.59819,50.83262],[4.59775,50.83247],[4.59676,50.83189],[4.59505,50.8305],[4.59398,50.82933],[4.59284,50.8286],[4.5923,50.82839],[4.59156,50.82743],[4.59209,50.82568],[4.59418,50.82461],[4.59439,50.82426],[4.5945,50.82348],[4.59497,50.82281],[4.59401,50.8227],[4.5942,50.82182],[4.59286,50.82148],[4.59125,50.8209],[4.59095,50.82091],[4.59019,50.82043],[4.58853,50.82002],[4.58779,50.81914],[4.58657,50.81839],[4.58559,50.81773],[4.58383,50.81741],[4.58302,50.81712],[4.58174,50.81642],[4.58088,50.81572],[4.58042,50.8155],[4.57983,50.81549],[4.57915,50.8153],[4.57674,50.81412],[4.57447,50.81334],[4.5736,50.81317],[4.57323,50.81326],[4.57119,50.8133],[4.56897,50.81233],[4.56828,50.8113],[4.56785,50.81025],[4.56763,50.80877],[4.5672,50.80674],[4.56689,50.80494],[4.56872,50.80493],[4.57047,50.80533],[4.57087,50.80465],[4.57201,50.80493],[4.57209,50.80425],[4.57134,50.80365],[4.57127,50.80311],[4.572,50.80195],[4.5723,50.80089],[4.5721,50.80086],[4.5712,50.79944],[4.57078,50.79892],[4.57022,50.79847],[4.56901,50.7978],[4.5655,50.79607],[4.56466,50.79531],[4.56253,50.79384],[4.56158,50.79328],[4.55952,50.79251],[4.55855,50.79252],[4.55686,50.79205],[4.55519,50.79169],[4.5554,50.79103],[4.55597,50.79064],[4.55676,50.78955],[4.55759,50.78922],[4.55802,50.78861],[4.55803,50.78813],[4.55838,50.78768],[4.55847,50.78715],[4.55908,50.78682],[4.56074,50.7866],[4.56251,50.78587],[4.5624,50.7857],[4.56324,50.7853],[4.56389,50.78565],[4.56529,50.78516],[4.56692,50.78444],[4.57002,50.78409],[4.57137,50.78283],[4.5717,50.78303],[4.57271,50.78255],[4.57297,50.78258],[4.57379,50.78345],[4.57353,50.78376],[4.57522,50.78442],[4.57599,50.78344],[4.57844,50.78478],[4.58081,50.78239],[4.58041,50.78206],[4.58124,50.78122],[4.58051,50.78104],[4.58101,50.78051],[4.58274,50.78091],[4.58298,50.78059],[4.58279,50.78016],[4.58318,50.78011],[4.58342,50.77909],[4.58317,50.77874],[4.58225,50.77818],[4.58163,50.77755],[4.58075,50.77645],[4.58065,50.77552],[4.58098,50.7749],[4.58116,50.77415],[4.58158,50.77366],[4.58189,50.77388],[4.58278,50.77415],[4.58439,50.77489],[4.58574,50.7754],[4.58683,50.77606],[4.58812,50.77638],[4.59092,50.77436],[4.59117,50.77374],[4.59311,50.77422],[4.59481,50.77428],[4.59602,50.77448],[4.59672,50.77417],[4.59739,50.77421],[4.59909,50.77407],[4.60043,50.77418],[4.6006,50.77403],[4.60258,50.77393],[4.60465,50.77431],[4.60538,50.77422],[4.60602,50.77447],[4.6082,50.77456],[4.60946,50.77427],[4.61016,50.77398],[4.61152,50.77369],[4.61338,50.77268],[4.61215,50.77238],[4.61277,50.77177],[4.61195,50.77127],[4.61146,50.77201],[4.61125,50.77159],[4.61054,50.77148],[4.60945,50.77111],[4.60984,50.77099],[4.6097,50.77069],[4.61015,50.77047],[4.60974,50.77003],[4.60895,50.77023],[4.60891,50.77004],[4.60939,50.76979],[4.60941,50.76954],[4.60884,50.76934],[4.60857,50.76974],[4.60752,50.76994],[4.60756,50.76949],[4.6073,50.76916],[4.60665,50.76897],[4.60622,50.76919],[4.60528,50.76939],[4.60545,50.76895],[4.60488,50.76843],[4.60536,50.76812],[4.60635,50.76704],[4.60513,50.76566],[4.60364,50.76546],[4.60375,50.76532],[4.60268,50.76474],[4.60211,50.76519],[4.59987,50.76409],[4.60031,50.76346],[4.59963,50.76321],[4.5982,50.76429],[4.5972,50.76456],[4.59752,50.76417],[4.59719,50.76408],[4.59757,50.7638],[4.59721,50.76357],[4.59772,50.76326],[4.59817,50.76276],[4.59849,50.76262],[4.5983,50.76205],[4.59852,50.76147],[4.59898,50.76104],[4.59886,50.75991],[4.59849,50.75927],[4.59786,50.75898],[4.59873,50.75798],[4.59964,50.75646],[4.60093,50.75586],[4.60112,50.7555],[4.60107,50.75438],[4.60091,50.75308],[4.60097,50.75226],[4.60117,50.75189],[4.60025,50.7509],[4.59952,50.75038],[4.59927,50.74992],[4.59934,50.74922],[4.59959,50.74882],[4.5995,50.74838],[4.59978,50.74773],[4.5986,50.74748],[4.59932,50.74645],[4.5983,50.74563],[4.60156,50.74356],[4.60379,50.7426],[4.60329,50.74202],[4.60508,50.74103],[4.60594,50.74122],[4.60853,50.74201],[4.60894,50.74198],[4.60985,50.74238],[4.61247,50.74281],[4.61603,50.74324],[4.61841,50.74359],[4.61943,50.74404],[4.62029,50.74344],[4.62181,50.74391],[4.62207,50.74358],[4.62328,50.74387],[4.62569,50.74417],[4.62802,50.74256],[4.62912,50.74324],[4.63,50.74279],[4.63353,50.74333],[4.6335,50.74303],[4.63445,50.74262],[4.6349,50.74321],[4.63609,50.74348],[4.63722,50.74388],[4.63788,50.7443],[4.63868,50.74463],[4.63858,50.74541],[4.63907,50.74629],[4.64024,50.74568],[4.64085,50.74561],[4.64143,50.74522],[4.64356,50.74595],[4.64475,50.74732],[4.64567,50.7478],[4.6468,50.74851],[4.64483,50.74954],[4.64731,50.75218],[4.64805,50.75198],[4.64887,50.75163],[4.64913,50.75185],[4.64961,50.75158],[4.64996,50.75183],[4.65121,50.75216],[4.65186,50.75225],[4.65242,50.75248],[4.65265,50.75286],[4.65126,50.75349],[4.6508,50.75393],[4.65119,50.75424],[4.65033,50.75476],[4.65111,50.75541],[4.65174,50.75553],[4.6518,50.75536],[4.65295,50.75481],[4.65313,50.75496],[4.65375,50.75477],[4.65397,50.75512],[4.65442,50.75478],[4.65498,50.7547],[4.65515,50.75494],[4.65486,50.75526],[4.65513,50.75617],[4.65466,50.75657],[4.65543,50.75746],[4.65535,50.75781],[4.65462,50.75829],[4.65424,50.75898],[4.65266,50.75968],[4.65098,50.75927],[4.65002,50.75886],[4.64949,50.75892],[4.64917,50.75956],[4.64871,50.75967],[4.64766,50.75906],[4.64724,50.75911],[4.6472,50.76006],[4.64705,50.76055],[4.64617,50.76089],[4.64619,50.76149],[4.64592,50.76185],[4.64567,50.76271],[4.6462,50.76293],[4.64575,50.76333],[4.64522,50.7632],[4.64533,50.7639],[4.6449,50.76467],[4.64423,50.7651],[4.64426,50.7656],[4.64333,50.76591],[4.64291,50.76629],[4.64242,50.76628],[4.64167,50.76709],[4.64168,50.76743],[4.64046,50.76812],[4.6407,50.76833],[4.64143,50.76837],[4.64175,50.76905],[4.64088,50.76928],[4.64099,50.76961],[4.64004,50.76985],[4.64013,50.77026],[4.63866,50.77114],[4.63855,50.77148],[4.63767,50.77146],[4.63688,50.77216],[4.63628,50.77234],[4.63639,50.77278],[4.63672,50.77306],[4.63674,50.77354],[4.63747,50.77335],[4.63783,50.77356],[4.6381,50.77418],[4.63916,50.77424],[4.63942,50.77464],[4.63878,50.7748],[4.63712,50.77492],[4.63769,50.7756],[4.63727,50.77644],[4.63769,50.77677],[4.63867,50.77668],[4.63902,50.77691],[4.63953,50.77755],[4.64014,50.77783],[4.63974,50.77817],[4.63952,50.77864],[4.63971,50.7787],[4.64322,50.77889],[4.64322,50.78052],[4.64429,50.78366],[4.64515,50.78359],[4.64549,50.78603],[4.6466,50.78608],[4.64641,50.78665],[4.64684,50.78922],[4.64703,50.78953],[4.64697,50.79046],[4.64655,50.79137],[4.64563,50.7921],[4.64513,50.7923],[4.64469,50.79323],[4.64416,50.79361],[4.64444,50.79411],[4.64404,50.79472],[4.64424,50.79502],[4.64361,50.79578],[4.6436,50.79645],[4.64298,50.79725],[4.64334,50.7975],[4.64277,50.7978],[4.64221,50.79855],[4.64161,50.7985],[4.64192,50.79877]]]}},{"type":"Feature","id":"24048","bbox":[4.598542,50.98538,4.70949,51.024032],"properties":{"nis":"24048","name":"Keerbergen","nameNl":"Keerbergen","nameFr":"Keerbergen","nameDe":"Keerbergen","province":"vlaams-brabant","region":"flanders","areaKm2":18.5},"geometry":{"type":"Polygon","coordinates":[[[4.6853,51.02398],[4.68497,51.02402],[4.68351,51.02374],[4.68057,51.02328],[4.67995,51.02306],[4.67921,51.0225],[4.67872,51.02228],[4.67713,51.02193],[4.67031,51.02005],[4.66967,51.01997],[4.6651,51.01959],[4.66432,51.01943],[4.66272,51.01889],[4.66173,51.01874],[4.6607,51.0188],[4.65927,51.01905],[4.65465,51.01974],[4.64902,51.01976],[4.64827,51.01973],[4.6442,51.01871],[4.64346,51.01857],[4.63899,51.01789],[4.63677,51.01772],[4.63546,51.01747],[4.63471,51.01721],[4.63389,51.01668],[4.63329,51.01609],[4.63199,51.01566],[4.63205,51.0153],[4.63192,51.0136],[4.63029,51.01379],[4.62937,51.01282],[4.62898,51.01199],[4.62981,51.01199],[4.63022,51.01157],[4.63081,51.01159],[4.63063,51.01132],[4.62973,51.01066],[4.6292,51.01043],[4.6279,51.01067],[4.62629,51.01057],[4.62502,51.01086],[4.62263,51.01068],[4.62194,51.01083],[4.62,51.01103],[4.61939,51.01174],[4.61906,51.01185],[4.61796,51.0117],[4.6178,51.01142],[4.61706,51.01137],[4.61494,51.01184],[4.61481,51.0113],[4.61289,51.01153],[4.61286,51.01143],[4.61048,51.01174],[4.60989,51.01172],[4.61047,51.01133],[4.61048,51.01077],[4.61009,51.00999],[4.60739,51.01101],[4.6066,51.0112],[4.60569,51.01129],[4.60539,51.00908],[4.60518,51.00819],[4.6049,51.00514],[4.60442,51.00033],[4.60205,50.99964],[4.59854,50.99832],[4.5988,50.99756],[4.59888,50.99666],[4.59927,50.99597],[4.59888,50.99547],[4.59898,50.9953],[4.60019,50.99488],[4.60072,50.99454],[4.60118,50.99382],[4.60124,50.99344],[4.60085,50.99243],[4.60105,50.99215],[4.60209,50.99185],[4.60347,50.99215],[4.6038,50.99214],[4.60477,50.99159],[4.60527,50.99169],[4.60581,50.99248],[4.60632,50.99257],[4.60726,50.9924],[4.60806,50.99205],[4.60872,50.9921],[4.60944,50.99287],[4.61057,50.99319],[4.61126,50.99368],[4.61215,50.99346],[4.61241,50.99295],[4.61276,50.99276],[4.61346,50.9929],[4.61393,50.99277],[4.6144,50.9923],[4.61521,50.99221],[4.61896,50.99332],[4.62,50.99334],[4.62079,50.9931],[4.62282,50.99296],[4.62379,50.99277],[4.62436,50.99281],[4.62541,50.99318],[4.62583,50.99316],[4.62672,50.99244],[4.62706,50.99231],[4.6281,50.9923],[4.63045,50.99176],[4.63181,50.99188],[4.63417,50.9924],[4.63471,50.99241],[4.63531,50.99213],[4.63589,50.99157],[4.63662,50.99125],[4.63715,50.99117],[4.63875,50.99111],[4.63928,50.99097],[4.63979,50.99042],[4.64011,50.98889],[4.64024,50.98767],[4.64063,50.98725],[4.64256,50.98661],[4.64385,50.98555],[4.64484,50.98541],[4.64576,50.98556],[4.64677,50.98543],[4.64759,50.98558],[4.64853,50.98648],[4.64901,50.98638],[4.64938,50.98569],[4.64976,50.98552],[4.6503,50.98557],[4.65054,50.98582],[4.65062,50.98666],[4.65092,50.98703],[4.65138,50.98712],[4.65261,50.98702],[4.65349,50.98728],[4.65329,50.98778],[4.65361,50.9883],[4.65473,50.98879],[4.65545,50.98936],[4.65442,50.98998],[4.65288,50.99051],[4.65295,50.9921],[4.65501,50.99364],[4.6557,50.99385],[4.66235,50.99487],[4.6657,50.99513],[4.66523,50.99564],[4.66849,50.99578],[4.66936,50.99537],[4.6699,50.99603],[4.67164,50.99568],[4.67382,50.99554],[4.67517,50.99553],[4.67951,50.99527],[4.68065,50.99515],[4.68238,50.99485],[4.68711,50.99438],[4.68875,50.9943],[4.69024,50.99452],[4.69218,50.99474],[4.69283,50.99607],[4.69361,50.99696],[4.69536,50.99918],[4.69713,51.00043],[4.69777,51.00094],[4.6982,51.00158],[4.70203,51.00565],[4.70346,51.00713],[4.70439,51.00819],[4.70582,51.00967],[4.70696,51.01092],[4.70728,51.01137],[4.70932,51.01332],[4.70949,51.01359],[4.7068,51.01453],[4.70409,51.01529],[4.70215,51.01558],[4.70169,51.01573],[4.70073,51.01572],[4.69776,51.01617],[4.69689,51.01615],[4.69505,51.01628],[4.69216,51.0163],[4.69071,51.01727],[4.6908,51.01793],[4.69065,51.01876],[4.68889,51.01897],[4.68825,51.02111],[4.68809,51.0211],[4.68546,51.02323],[4.68603,51.02343],[4.68515,51.02375],[4.6853,51.02398]]]}},{"type":"Feature","id":"24054","bbox":[4.969199,50.845527,5.092033,50.932586],"properties":{"nis":"24054","name":"Kortenaken","nameNl":"Kortenaken","nameFr":"Kortenaken","nameDe":"Kortenaken","province":"vlaams-brabant","region":"flanders","areaKm2":49.26},"geometry":{"type":"Polygon","coordinates":[[[5.05957,50.86068],[5.0593,50.86159],[5.05895,50.86198],[5.05851,50.86211],[5.05768,50.86266],[5.05666,50.86435],[5.05623,50.86487],[5.05545,50.8655],[5.05328,50.86759],[5.05118,50.86895],[5.05012,50.86955],[5.04924,50.87051],[5.04901,50.87058],[5.04748,50.87151],[5.0458,50.87267],[5.04339,50.87481],[5.04445,50.87621],[5.04471,50.8769],[5.04571,50.87758],[5.04694,50.87786],[5.04761,50.87816],[5.04704,50.87871],[5.04891,50.87952],[5.04967,50.87972],[5.05802,50.88116],[5.05838,50.88073],[5.05901,50.88056],[5.0601,50.88058],[5.06254,50.88242],[5.06316,50.88314],[5.06546,50.88467],[5.06604,50.88497],[5.06807,50.88578],[5.06972,50.88613],[5.07023,50.88605],[5.07143,50.88651],[5.07041,50.88728],[5.06903,50.88806],[5.07225,50.88962],[5.07372,50.89017],[5.07314,50.89078],[5.07418,50.89144],[5.07522,50.89196],[5.07581,50.89243],[5.07413,50.89292],[5.07351,50.89395],[5.07293,50.89467],[5.07265,50.89478],[5.07307,50.89499],[5.07486,50.89524],[5.07437,50.89699],[5.0741,50.89723],[5.07531,50.89735],[5.07673,50.89783],[5.07749,50.89788],[5.07873,50.89815],[5.07942,50.89815],[5.07928,50.89887],[5.07903,50.89922],[5.08157,50.90078],[5.08271,50.90132],[5.08329,50.90176],[5.08568,50.90085],[5.0887,50.89993],[5.08879,50.90055],[5.08922,50.90094],[5.08935,50.90147],[5.08996,50.90236],[5.09024,50.90336],[5.09014,50.90405],[5.09124,50.90536],[5.09153,50.90619],[5.09147,50.90664],[5.09189,50.90742],[5.09183,50.90799],[5.09203,50.90898],[5.09188,50.90916],[5.09032,50.91029],[5.08973,50.91009],[5.08892,50.91086],[5.08726,50.91205],[5.08635,50.91284],[5.0843,50.91484],[5.08114,50.91779],[5.07943,50.91946],[5.08015,50.91974],[5.07807,50.92128],[5.07841,50.92155],[5.07805,50.92185],[5.07746,50.92172],[5.07694,50.92133],[5.07636,50.92136],[5.07511,50.92042],[5.07445,50.9202],[5.07413,50.91986],[5.07302,50.91943],[5.07261,50.91954],[5.07191,50.91931],[5.07177,50.91912],[5.07112,50.91895],[5.07117,50.91861],[5.06953,50.91836],[5.06977,50.91817],[5.06901,50.91757],[5.06841,50.91792],[5.06815,50.91789],[5.06788,50.9172],[5.06736,50.91705],[5.06674,50.91727],[5.06644,50.91691],[5.06542,50.91692],[5.06529,50.91723],[5.0648,50.91721],[5.06468,50.91673],[5.06417,50.91667],[5.06376,50.91637],[5.06337,50.91641],[5.06336,50.91695],[5.06285,50.91742],[5.06169,50.91817],[5.06058,50.91756],[5.05828,50.91857],[5.0572,50.91917],[5.05705,50.91969],[5.05612,50.92007],[5.05598,50.9203],[5.05505,50.92066],[5.05404,50.92035],[5.05381,50.9207],[5.05129,50.92317],[5.05038,50.92469],[5.04984,50.92572],[5.04924,50.92647],[5.04845,50.92723],[5.0482,50.92762],[5.04783,50.92912],[5.0453,50.93244],[5.04429,50.93259],[5.04371,50.93255],[5.04248,50.93168],[5.04093,50.93144],[5.04025,50.93141],[5.03817,50.93038],[5.03721,50.93005],[5.03644,50.92991],[5.03375,50.92907],[5.03342,50.92904],[5.03218,50.9285],[5.03107,50.92827],[5.03068,50.92788],[5.03,50.92747],[5.02888,50.92743],[5.02772,50.92716],[5.02696,50.92676],[5.0263,50.92657],[5.02557,50.92607],[5.02496,50.92538],[5.02372,50.92483],[5.02249,50.92686],[5.02135,50.92635],[5.01952,50.92589],[5.01642,50.9253],[5.01386,50.92491],[5.01296,50.92484],[5.01082,50.92437],[5.00996,50.92456],[5.01107,50.92624],[5.01181,50.92702],[5.01252,50.928],[5.01297,50.92894],[5.01265,50.92971],[5.01213,50.93031],[5.00966,50.92942],[5.00832,50.92852],[5.0072,50.92791],[5.00669,50.92772],[5.00495,50.92735],[5.0044,50.92734],[5.00413,50.92782],[5.00302,50.92787],[5.00156,50.92775],[5.00091,50.92785],[5.00012,50.92777],[4.99927,50.92786],[4.99945,50.92751],[4.99678,50.92693],[4.9958,50.92653],[4.99629,50.92521],[4.99473,50.92514],[4.9947,50.9245],[4.9916,50.92469],[4.99002,50.92455],[4.98993,50.92441],[4.98864,50.92449],[4.98838,50.9246],[4.98711,50.92369],[4.98631,50.92362],[4.98578,50.92263],[4.98549,50.92148],[4.98581,50.92114],[4.98561,50.9209],[4.98523,50.92107],[4.98455,50.92035],[4.98416,50.92055],[4.98339,50.92028],[4.98366,50.91986],[4.98324,50.91961],[4.98231,50.91964],[4.98067,50.91836],[4.98083,50.9181],[4.98031,50.91789],[4.97975,50.91794],[4.97996,50.91771],[4.97844,50.91666],[4.97769,50.91589],[4.9777,50.9155],[4.97816,50.91476],[4.97692,50.9141],[4.97881,50.9125],[4.97744,50.91167],[4.97784,50.91136],[4.97673,50.91091],[4.97813,50.90971],[4.97714,50.90901],[4.9776,50.9086],[4.97609,50.90847],[4.97537,50.90813],[4.97621,50.90738],[4.97527,50.90719],[4.97326,50.90649],[4.9735,50.90597],[4.97421,50.90613],[4.97482,50.90452],[4.97537,50.90361],[4.9773,50.90186],[4.97549,50.90084],[4.97207,50.9],[4.97309,50.89676],[4.97381,50.89641],[4.9738,50.89622],[4.97504,50.89581],[4.97525,50.89546],[4.97494,50.89445],[4.97489,50.89393],[4.97497,50.89194],[4.9747,50.89164],[4.97579,50.88991],[4.97631,50.88888],[4.97771,50.887],[4.97594,50.88621],[4.97388,50.88557],[4.97084,50.88486],[4.9692,50.88475],[4.96929,50.88445],[4.97021,50.88384],[4.97142,50.88268],[4.97255,50.88177],[4.97374,50.88263],[4.97571,50.88106],[4.97705,50.8798],[4.97859,50.87822],[4.97851,50.87818],[4.97927,50.87696],[4.98027,50.87694],[4.98082,50.87632],[4.98176,50.87552],[4.98195,50.87555],[4.98293,50.87504],[4.98335,50.87528],[4.98408,50.87493],[4.98576,50.87438],[4.98675,50.87396],[4.98687,50.87359],[4.9862,50.873],[4.98571,50.87292],[4.98515,50.87252],[4.98475,50.87247],[4.98406,50.87183],[4.98415,50.87121],[4.98312,50.87093],[4.98247,50.87009],[4.9818,50.87003],[4.98113,50.86939],[4.98047,50.86952],[4.97966,50.86942],[4.97731,50.86802],[4.97672,50.86773],[4.97626,50.86722],[4.97554,50.86699],[4.9753,50.86601],[4.97575,50.86544],[4.97703,50.86669],[4.97824,50.8653],[4.97859,50.86511],[4.97843,50.86259],[4.97831,50.86231],[4.9788,50.86149],[4.97923,50.86103],[4.97967,50.85993],[4.98055,50.85969],[4.98135,50.85912],[4.98193,50.85891],[4.98258,50.85835],[4.98326,50.85814],[4.98393,50.85772],[4.98527,50.8574],[4.98564,50.85717],[4.98592,50.85625],[4.98688,50.8553],[4.9873,50.85498],[4.98758,50.85507],[4.98979,50.85387],[4.99049,50.85437],[4.99021,50.85345],[4.99054,50.85356],[4.99151,50.8526],[4.9921,50.85278],[4.99216,50.85296],[4.99341,50.85193],[4.99273,50.85146],[4.99223,50.85019],[4.99213,50.84969],[4.99245,50.84913],[4.99096,50.84873],[4.98892,50.8481],[4.98798,50.84793],[4.98808,50.84713],[4.98913,50.84553],[4.99096,50.84611],[4.99285,50.8464],[4.9931,50.84652],[4.99488,50.8465],[4.99498,50.84675],[4.99583,50.84676],[4.99842,50.84617],[4.99911,50.84639],[5.00147,50.84732],[5.00229,50.8476],[5.00415,50.84793],[5.00481,50.84828],[5.00491,50.84882],[5.00646,50.84978],[5.00755,50.85017],[5.00975,50.85118],[5.01159,50.85232],[5.01233,50.85285],[5.01315,50.8536],[5.01391,50.85445],[5.0145,50.85534],[5.01581,50.85695],[5.01623,50.85729],[5.0186,50.85783],[5.01965,50.85798],[5.02089,50.85802],[5.0215,50.85818],[5.02207,50.85853],[5.02228,50.85933],[5.02303,50.86009],[5.02703,50.86373],[5.02459,50.865],[5.0278,50.86699],[5.02974,50.86731],[5.03071,50.86822],[5.03094,50.86829],[5.03138,50.86741],[5.03138,50.86667],[5.03043,50.86492],[5.03048,50.86254],[5.03059,50.8622],[5.03232,50.85946],[5.03312,50.85804],[5.03417,50.85602],[5.03711,50.85656],[5.03776,50.85696],[5.03938,50.8575],[5.03982,50.85778],[5.04007,50.85763],[5.04084,50.85759],[5.04158,50.85739],[5.04216,50.85752],[5.04201,50.85815],[5.04405,50.85847],[5.04497,50.85878],[5.04581,50.85883],[5.04754,50.85946],[5.04973,50.85984],[5.05056,50.85975],[5.05132,50.85994],[5.05244,50.85999],[5.05427,50.86055],[5.05456,50.86051],[5.05581,50.861],[5.05709,50.86097],[5.05749,50.86072],[5.05824,50.86089],[5.05909,50.86085],[5.05957,50.86068]]]}},{"type":"Feature","id":"24055","bbox":[4.515053,50.85573,4.614674,50.934837],"properties":{"nis":"24055","name":"Kortenberg","nameNl":"Kortenberg","nameFr":"Kortenberg","nameDe":"Kortenberg","province":"vlaams-brabant","region":"flanders","areaKm2":34.59},"geometry":{"type":"Polygon","coordinates":[[[4.55221,50.8559],[4.55344,50.85633],[4.55544,50.85671],[4.55795,50.85751],[4.55921,50.85778],[4.5612,50.85794],[4.56205,50.85773],[4.56349,50.85804],[4.56409,50.85827],[4.56443,50.85904],[4.56488,50.85941],[4.56639,50.85983],[4.56598,50.8601],[4.56984,50.85961],[4.57039,50.85963],[4.57195,50.86006],[4.57365,50.86044],[4.57462,50.86071],[4.57706,50.86114],[4.5784,50.8616],[4.57931,50.86249],[4.58003,50.86269],[4.58103,50.86278],[4.58551,50.86396],[4.58578,50.8638],[4.58867,50.86465],[4.58986,50.8655],[4.5901,50.86523],[4.59233,50.86578],[4.59383,50.86635],[4.59516,50.86694],[4.59762,50.86854],[4.59942,50.86842],[4.60226,50.8679],[4.605,50.86821],[4.60616,50.86938],[4.60675,50.86971],[4.60888,50.87113],[4.61037,50.87147],[4.61102,50.8717],[4.61185,50.87322],[4.609,50.87485],[4.60917,50.87549],[4.61039,50.87701],[4.61036,50.87773],[4.61107,50.87847],[4.61157,50.87814],[4.61346,50.87833],[4.61406,50.87863],[4.61468,50.87962],[4.6135,50.88132],[4.61374,50.88295],[4.61189,50.88436],[4.61147,50.88458],[4.61006,50.88496],[4.6083,50.88588],[4.6076,50.88669],[4.60795,50.88882],[4.60873,50.88918],[4.60746,50.88989],[4.60755,50.88996],[4.60477,50.89113],[4.60468,50.89105],[4.60095,50.89219],[4.59858,50.89285],[4.5983,50.89309],[4.59878,50.89386],[4.59934,50.89398],[4.59902,50.89453],[4.59938,50.89509],[4.59937,50.89542],[4.60022,50.89572],[4.60009,50.8961],[4.60088,50.89666],[4.60086,50.89706],[4.60153,50.89802],[4.60143,50.89831],[4.60149,50.89913],[4.60128,50.89967],[4.60161,50.90019],[4.60287,50.90112],[4.60408,50.90095],[4.6042,50.90165],[4.60465,50.9018],[4.60498,50.90243],[4.60562,50.90254],[4.60535,50.90273],[4.60618,50.9037],[4.6074,50.90397],[4.60763,50.90388],[4.60843,50.90475],[4.609,50.90496],[4.6089,50.90512],[4.60991,50.90544],[4.61045,50.90541],[4.61239,50.90619],[4.61119,50.90622],[4.61082,50.90887],[4.61052,50.90935],[4.61102,50.90939],[4.61039,50.91029],[4.60977,50.91011],[4.60966,50.91062],[4.60912,50.91073],[4.6089,50.91209],[4.60849,50.91321],[4.60808,50.91339],[4.60833,50.91359],[4.60531,50.91461],[4.60484,50.91486],[4.60433,50.91552],[4.60523,50.91663],[4.60484,50.91715],[4.60533,50.91753],[4.60466,50.91792],[4.60372,50.91817],[4.60299,50.91877],[4.60224,50.91968],[4.60361,50.92047],[4.60301,50.92149],[4.60301,50.92283],[4.60349,50.923],[4.60363,50.92344],[4.60344,50.92382],[4.60362,50.9248],[4.6039,50.92502],[4.60366,50.92544],[4.60375,50.92589],[4.60339,50.9265],[4.60308,50.92672],[4.60332,50.92735],[4.60307,50.92799],[4.60373,50.92851],[4.60399,50.92924],[4.60507,50.93026],[4.60494,50.93093],[4.60437,50.93129],[4.60409,50.93176],[4.60419,50.93202],[4.60383,50.93215],[4.60374,50.93261],[4.60336,50.93326],[4.60394,50.9343],[4.6039,50.93484],[4.60284,50.93458],[4.5938,50.93263],[4.59432,50.93122],[4.59306,50.93091],[4.59146,50.93025],[4.59148,50.92971],[4.58999,50.92963],[4.58926,50.92662],[4.58884,50.92647],[4.58927,50.92624],[4.5895,50.92572],[4.59029,50.92555],[4.59112,50.92462],[4.59105,50.92416],[4.59132,50.92359],[4.59195,50.92346],[4.5924,50.92278],[4.59254,50.9209],[4.59156,50.92081],[4.59121,50.9204],[4.59072,50.92023],[4.58851,50.91974],[4.58729,50.9204],[4.58645,50.92057],[4.58626,50.92074],[4.58551,50.92039],[4.58347,50.91922],[4.58183,50.91871],[4.58128,50.91841],[4.58082,50.91838],[4.57986,50.91857],[4.57698,50.91707],[4.57475,50.91668],[4.57439,50.91712],[4.57328,50.91689],[4.57177,50.91641],[4.57193,50.91623],[4.57049,50.91569],[4.57011,50.9161],[4.56893,50.91569],[4.57037,50.91391],[4.57159,50.91442],[4.57222,50.9139],[4.57148,50.91354],[4.57117,50.9137],[4.5707,50.91342],[4.57104,50.91316],[4.56981,50.91267],[4.5694,50.91283],[4.56759,50.91465],[4.56611,50.91406],[4.56585,50.91432],[4.5629,50.91334],[4.56333,50.91285],[4.56297,50.91272],[4.56165,50.9142],[4.56194,50.91433],[4.56088,50.91546],[4.55839,50.91449],[4.5597,50.91305],[4.55801,50.91246],[4.55922,50.91108],[4.55844,50.91077],[4.55782,50.91146],[4.55737,50.9113],[4.55649,50.91227],[4.55621,50.91218],[4.55556,50.91289],[4.55514,50.91288],[4.55441,50.9137],[4.55281,50.91312],[4.55223,50.91377],[4.5516,50.91358],[4.55178,50.91335],[4.54976,50.91265],[4.54907,50.91317],[4.54716,50.91254],[4.54694,50.91286],[4.54489,50.91238],[4.54493,50.91154],[4.54423,50.91141],[4.54422,50.91183],[4.54112,50.91188],[4.54068,50.91059],[4.54031,50.90988],[4.53816,50.91001],[4.53807,50.90954],[4.53564,50.90936],[4.534,50.90931],[4.5326,50.90976],[4.53197,50.90905],[4.53221,50.90878],[4.53144,50.90782],[4.53048,50.90818],[4.52987,50.90743],[4.53117,50.90695],[4.53107,50.90681],[4.53221,50.90632],[4.52977,50.90345],[4.53076,50.90339],[4.53008,50.90287],[4.53229,50.90132],[4.53158,50.90095],[4.53268,50.90015],[4.53123,50.89944],[4.53182,50.89895],[4.53267,50.89807],[4.53239,50.89795],[4.53412,50.89637],[4.53298,50.89581],[4.53108,50.89498],[4.53077,50.89533],[4.52383,50.89268],[4.52394,50.8926],[4.51991,50.89135],[4.51749,50.89068],[4.51752,50.8906],[4.51505,50.89011],[4.51692,50.88687],[4.51994,50.88158],[4.52504,50.87311],[4.52669,50.87051],[4.52786,50.87125],[4.52798,50.87102],[4.52776,50.87052],[4.52726,50.87019],[4.52886,50.86949],[4.52979,50.86916],[4.53149,50.86885],[4.53221,50.86828],[4.53303,50.86794],[4.53424,50.86784],[4.53446,50.8676],[4.53525,50.8678],[4.53608,50.86729],[4.53781,50.86645],[4.53975,50.8646],[4.54273,50.86343],[4.5424,50.86272],[4.54275,50.86211],[4.54361,50.86117],[4.54412,50.86086],[4.54668,50.85954],[4.54902,50.8582],[4.54971,50.85769],[4.55014,50.85713],[4.55069,50.85579],[4.55092,50.85574],[4.55221,50.8559]]]}},{"type":"Feature","id":"24059","bbox":[4.983937,50.703346,5.121447,50.794787],"properties":{"nis":"24059","name":"Landen","nameNl":"Landen","nameFr":"Landen","nameDe":"Landen","province":"vlaams-brabant","region":"flanders","areaKm2":53.12},"geometry":{"type":"Polygon","coordinates":[[[5.10659,50.77906],[5.10586,50.77917],[5.10306,50.77981],[5.1035,50.78056],[5.10422,50.78038],[5.10484,50.78131],[5.10375,50.7817],[5.10308,50.78208],[5.10204,50.78095],[5.10173,50.78044],[5.10073,50.7812],[5.10095,50.78132],[5.10037,50.78163],[5.09935,50.7811],[5.09921,50.78092],[5.09844,50.78121],[5.09826,50.78096],[5.09693,50.7814],[5.09672,50.7811],[5.09438,50.7816],[5.09213,50.7823],[5.09234,50.78236],[5.09105,50.78282],[5.09123,50.78301],[5.09018,50.78364],[5.09027,50.78406],[5.08893,50.78471],[5.08902,50.78479],[5.08695,50.78576],[5.08654,50.7865],[5.08714,50.78704],[5.08788,50.78743],[5.08865,50.788],[5.08941,50.7883],[5.09053,50.78927],[5.09131,50.79021],[5.09187,50.79063],[5.09093,50.79105],[5.08878,50.79101],[5.08737,50.79134],[5.08745,50.79184],[5.08576,50.79259],[5.08341,50.79339],[5.0823,50.79362],[5.08071,50.79362],[5.07797,50.79384],[5.07728,50.79289],[5.07667,50.7924],[5.07519,50.79139],[5.07417,50.78999],[5.0715,50.7869],[5.0705,50.78597],[5.07009,50.78613],[5.06932,50.78544],[5.06857,50.78533],[5.06948,50.78494],[5.06879,50.78461],[5.06925,50.78435],[5.0687,50.78355],[5.06841,50.78363],[5.06797,50.78296],[5.06549,50.78187],[5.06387,50.78069],[5.0621,50.77949],[5.06159,50.77982],[5.05999,50.77881],[5.05952,50.779],[5.05819,50.77813],[5.05703,50.77885],[5.05548,50.77785],[5.05507,50.77745],[5.05595,50.7771],[5.05511,50.77603],[5.05456,50.77621],[5.05198,50.77742],[5.04973,50.77878],[5.04831,50.77947],[5.04649,50.78016],[5.04459,50.78077],[5.04352,50.78127],[5.04139,50.78152],[5.04036,50.78193],[5.04072,50.78273],[5.04156,50.78349],[5.04298,50.78528],[5.04316,50.78576],[5.0433,50.78693],[5.04366,50.78745],[5.04303,50.78787],[5.04373,50.78816],[5.04252,50.78901],[5.04365,50.78965],[5.04313,50.78996],[5.04336,50.7901],[5.04177,50.79103],[5.04057,50.79057],[5.0402,50.79084],[5.0397,50.79089],[5.03885,50.79201],[5.03783,50.79258],[5.03692,50.79193],[5.03632,50.79163],[5.03512,50.79085],[5.03505,50.79051],[5.03443,50.79031],[5.03461,50.79003],[5.03324,50.79019],[5.03268,50.78985],[5.0319,50.79054],[5.03138,50.79037],[5.03062,50.79096],[5.02841,50.79229],[5.02896,50.7928],[5.02779,50.79361],[5.02675,50.79325],[5.02498,50.79215],[5.02437,50.79276],[5.02408,50.79354],[5.02283,50.79336],[5.02285,50.79325],[5.0219,50.7931],[5.02167,50.79357],[5.01894,50.79256],[5.01431,50.79436],[5.01269,50.79479],[5.01131,50.79435],[5.01153,50.79396],[5.00843,50.79339],[5.00672,50.79297],[5.00609,50.79241],[5.00486,50.79194],[5.00407,50.79257],[5.00276,50.79215],[4.99918,50.79134],[4.99871,50.79163],[4.99789,50.79105],[4.99889,50.79054],[4.99818,50.78942],[4.99688,50.78855],[4.99582,50.78925],[4.99573,50.78904],[4.99448,50.78795],[4.98978,50.78446],[4.98965,50.78453],[4.98876,50.78391],[4.98917,50.78358],[4.98814,50.78296],[4.9879,50.78313],[4.98532,50.78167],[4.9857,50.78145],[4.98553,50.78116],[4.98394,50.78011],[4.98512,50.77928],[4.98674,50.77833],[4.98631,50.77805],[4.98802,50.77709],[4.98708,50.77635],[4.99037,50.77425],[4.98881,50.77334],[4.98811,50.77263],[4.98719,50.77078],[4.98686,50.7699],[4.98647,50.76922],[4.98788,50.76903],[4.98919,50.76849],[4.99103,50.76805],[4.99369,50.76711],[4.99473,50.76689],[4.99669,50.76634],[4.99908,50.76579],[4.99975,50.76596],[5.00079,50.76572],[5.002,50.76516],[5.00267,50.76579],[5.00335,50.76597],[5.00481,50.76523],[5.00529,50.76556],[5.00564,50.76538],[5.00488,50.76476],[5.00529,50.76463],[5.00727,50.76339],[5.00889,50.7622],[5.0102,50.76115],[5.012,50.75925],[5.01285,50.75857],[5.01406,50.75795],[5.01508,50.75699],[5.01577,50.75646],[5.01629,50.75582],[5.01681,50.7544],[5.01736,50.75353],[5.01884,50.75203],[5.01966,50.75111],[5.01953,50.75077],[5.02157,50.75034],[5.02324,50.74963],[5.02622,50.74828],[5.0281,50.74763],[5.02822,50.74771],[5.03008,50.7469],[5.03189,50.74583],[5.03255,50.74534],[5.03325,50.74441],[5.03438,50.74495],[5.03491,50.74416],[5.03506,50.74421],[5.03684,50.74309],[5.03678,50.74297],[5.03921,50.74257],[5.03916,50.74237],[5.04131,50.74207],[5.04119,50.74179],[5.04432,50.74059],[5.04423,50.74051],[5.04813,50.73905],[5.04707,50.73807],[5.04617,50.73737],[5.04606,50.73743],[5.0451,50.73673],[5.04589,50.73611],[5.04565,50.7357],[5.04245,50.73408],[5.04378,50.73323],[5.04592,50.73197],[5.0458,50.73186],[5.047,50.73128],[5.04622,50.73012],[5.04534,50.72899],[5.04624,50.7284],[5.04676,50.72676],[5.04545,50.72574],[5.04643,50.72531],[5.04522,50.7243],[5.04513,50.72434],[5.04401,50.72347],[5.04469,50.72314],[5.04629,50.72269],[5.04782,50.72195],[5.05095,50.71991],[5.05277,50.71816],[5.05487,50.7166],[5.05645,50.7157],[5.05898,50.71615],[5.05953,50.71499],[5.06125,50.71536],[5.06111,50.71564],[5.06217,50.71586],[5.06265,50.71504],[5.06347,50.71528],[5.06433,50.71463],[5.06485,50.71494],[5.06544,50.71461],[5.06307,50.71352],[5.06343,50.71321],[5.06558,50.71047],[5.06591,50.71022],[5.0676,50.70992],[5.06808,50.70944],[5.06915,50.70908],[5.0697,50.70867],[5.06852,50.70799],[5.07038,50.70647],[5.0712,50.70676],[5.07314,50.70796],[5.07537,50.70906],[5.07792,50.70855],[5.07915,50.70846],[5.08099,50.7082],[5.08137,50.70808],[5.08194,50.70713],[5.0827,50.70617],[5.08244,50.70608],[5.08315,50.70532],[5.08375,50.70561],[5.08529,50.70613],[5.08644,50.70665],[5.08832,50.70611],[5.08926,50.70556],[5.09007,50.7048],[5.0919,50.70394],[5.09379,50.70351],[5.09586,50.70335],[5.09862,50.70502],[5.09946,50.70492],[5.10021,50.70559],[5.10133,50.70523],[5.10137,50.70712],[5.10148,50.70774],[5.10124,50.70782],[5.10195,50.70854],[5.10349,50.70916],[5.10362,50.71023],[5.10476,50.71075],[5.10457,50.71088],[5.10571,50.7118],[5.10617,50.71183],[5.10553,50.71209],[5.10595,50.71251],[5.10654,50.71225],[5.10677,50.71255],[5.10474,50.71344],[5.10535,50.71397],[5.10579,50.71379],[5.10653,50.71451],[5.10636,50.71458],[5.10705,50.71571],[5.10627,50.71597],[5.10581,50.71632],[5.10559,50.71681],[5.10586,50.71689],[5.10632,50.71744],[5.10683,50.71757],[5.10723,50.71811],[5.10778,50.71834],[5.10847,50.71907],[5.10811,50.71938],[5.10896,50.72042],[5.10917,50.72113],[5.10895,50.72195],[5.10818,50.72235],[5.10832,50.72253],[5.10736,50.7228],[5.10862,50.72293],[5.11028,50.72246],[5.11074,50.72301],[5.11236,50.72446],[5.11234,50.72476],[5.11196,50.72494],[5.1129,50.7259],[5.11191,50.72633],[5.11224,50.72683],[5.11338,50.72646],[5.11413,50.72742],[5.11294,50.7277],[5.1134,50.72822],[5.11445,50.72993],[5.11478,50.73067],[5.11617,50.73021],[5.11669,50.73075],[5.118,50.73134],[5.11922,50.73161],[5.11865,50.73254],[5.11888,50.7327],[5.11915,50.73228],[5.12013,50.73261],[5.11943,50.73306],[5.12145,50.73547],[5.12009,50.73654],[5.11958,50.73625],[5.11831,50.73692],[5.11746,50.73622],[5.11687,50.73636],[5.11699,50.73674],[5.11583,50.73675],[5.1158,50.73656],[5.11362,50.73675],[5.11461,50.73762],[5.11359,50.73807],[5.11412,50.7386],[5.11338,50.73898],[5.1132,50.73881],[5.11135,50.74013],[5.11087,50.73991],[5.11015,50.73996],[5.10881,50.74031],[5.10906,50.74085],[5.10787,50.74099],[5.10637,50.74098],[5.10659,50.74171],[5.10591,50.74175],[5.10566,50.74092],[5.10469,50.74108],[5.1044,50.74058],[5.10361,50.74076],[5.10364,50.74104],[5.1017,50.74114],[5.10153,50.74416],[5.10192,50.74511],[5.10232,50.74653],[5.10293,50.74769],[5.10305,50.74892],[5.10352,50.74957],[5.10415,50.75098],[5.10478,50.75169],[5.10758,50.75426],[5.10807,50.75495],[5.10938,50.75618],[5.10803,50.75679],[5.10987,50.75821],[5.10995,50.75818],[5.11133,50.75921],[5.11304,50.76038],[5.11327,50.76031],[5.11379,50.76071],[5.11356,50.76082],[5.11693,50.76421],[5.11493,50.76501],[5.11511,50.76516],[5.11388,50.76625],[5.11422,50.76658],[5.11328,50.76742],[5.11441,50.76869],[5.11231,50.76941],[5.11278,50.77004],[5.11129,50.77076],[5.11096,50.77153],[5.11142,50.77234],[5.11125,50.77296],[5.11069,50.77386],[5.11057,50.77383],[5.10957,50.7754],[5.10857,50.77748],[5.10928,50.77839],[5.10659,50.77906]]]}},{"type":"Feature","id":"24062","bbox":[4.640307,50.824208,4.770425,50.944074],"properties":{"nis":"24062","name":"Leuven","nameNl":"Leuven","nameFr":"Louvain","nameDe":"Löwen","province":"vlaams-brabant","region":"flanders","areaKm2":57.31},"geometry":{"type":"Polygon","coordinates":[[[4.68947,50.94407],[4.68797,50.94316],[4.68624,50.94252],[4.68476,50.94212],[4.68239,50.9416],[4.68256,50.94132],[4.6808,50.94071],[4.68013,50.9402],[4.67885,50.94035],[4.6764,50.93945],[4.67647,50.93914],[4.67601,50.93848],[4.67535,50.9381],[4.67463,50.93747],[4.67373,50.93719],[4.67241,50.93704],[4.67248,50.93662],[4.67118,50.93596],[4.67691,50.9322],[4.68522,50.92665],[4.69305,50.92367],[4.69648,50.92238],[4.7026,50.92002],[4.7013,50.91991],[4.6974,50.92002],[4.69503,50.91948],[4.69379,50.91882],[4.69595,50.91654],[4.69408,50.91598],[4.69503,50.91427],[4.69433,50.9141],[4.6945,50.91364],[4.69475,50.91216],[4.69522,50.91077],[4.69323,50.91038],[4.69255,50.9095],[4.69196,50.90496],[4.69159,50.90371],[4.69317,50.89936],[4.69198,50.89879],[4.69114,50.89798],[4.69048,50.89761],[4.68867,50.89689],[4.68887,50.89507],[4.68792,50.89482],[4.68838,50.89452],[4.68166,50.89192],[4.68002,50.89122],[4.67816,50.89022],[4.67721,50.88957],[4.67575,50.8883],[4.67452,50.88689],[4.67341,50.88553],[4.67316,50.88558],[4.67217,50.88453],[4.67159,50.8837],[4.67089,50.88302],[4.6711,50.88162],[4.66996,50.88108],[4.66869,50.88031],[4.6681,50.87988],[4.66736,50.87961],[4.66558,50.87938],[4.66261,50.87926],[4.66141,50.87903],[4.66011,50.87893],[4.65828,50.87899],[4.65546,50.87845],[4.65259,50.87898],[4.65201,50.87895],[4.65069,50.87865],[4.64939,50.87847],[4.6494,50.87838],[4.64757,50.87804],[4.64469,50.87688],[4.64521,50.87596],[4.64428,50.87569],[4.64404,50.87488],[4.64448,50.87438],[4.64506,50.87319],[4.64492,50.87298],[4.64417,50.87282],[4.64381,50.8726],[4.64399,50.8724],[4.64547,50.87152],[4.6461,50.86891],[4.64674,50.86714],[4.64791,50.86531],[4.64652,50.86502],[4.64689,50.86291],[4.64637,50.8611],[4.64601,50.86104],[4.64382,50.86001],[4.64313,50.85962],[4.64161,50.85911],[4.64031,50.85586],[4.64066,50.85555],[4.64102,50.85291],[4.64198,50.85213],[4.64267,50.85233],[4.64403,50.85159],[4.6457,50.85057],[4.64608,50.85006],[4.64594,50.849],[4.64689,50.84898],[4.64638,50.84824],[4.6468,50.84843],[4.64796,50.84811],[4.64806,50.84828],[4.64941,50.84792],[4.64969,50.84843],[4.65012,50.84881],[4.64899,50.84949],[4.64916,50.84971],[4.64953,50.84949],[4.65132,50.85035],[4.65413,50.85223],[4.65451,50.85258],[4.65545,50.85216],[4.65464,50.85163],[4.65785,50.84952],[4.65735,50.84926],[4.6585,50.84878],[4.65886,50.84826],[4.65872,50.84761],[4.65901,50.84739],[4.65997,50.84736],[4.66072,50.84887],[4.66139,50.84904],[4.66183,50.84885],[4.66215,50.84932],[4.66251,50.84924],[4.66279,50.84878],[4.66264,50.84837],[4.6641,50.84835],[4.6651,50.84877],[4.6654,50.84924],[4.66596,50.84971],[4.66663,50.85045],[4.66764,50.85199],[4.66803,50.85225],[4.66957,50.85216],[4.66983,50.85175],[4.67106,50.85204],[4.67154,50.85196],[4.6742,50.85089],[4.67378,50.85032],[4.67427,50.84985],[4.67347,50.84914],[4.6758,50.8479],[4.67663,50.84717],[4.67463,50.84436],[4.67419,50.84302],[4.67395,50.84168],[4.67461,50.84177],[4.67579,50.84137],[4.67563,50.84066],[4.67516,50.84016],[4.67482,50.84019],[4.67504,50.83957],[4.67467,50.83936],[4.67525,50.83821],[4.67273,50.83771],[4.67231,50.83855],[4.6717,50.83814],[4.67146,50.83761],[4.67137,50.8366],[4.67105,50.83552],[4.67014,50.83546],[4.67055,50.83487],[4.67105,50.83457],[4.67108,50.83416],[4.67149,50.83364],[4.67032,50.83317],[4.67091,50.83277],[4.67108,50.83286],[4.67154,50.83234],[4.67272,50.83288],[4.67288,50.8325],[4.67229,50.83197],[4.67319,50.83154],[4.67393,50.83107],[4.67426,50.83043],[4.6751,50.83006],[4.67536,50.8297],[4.67486,50.82903],[4.67411,50.82897],[4.67352,50.82858],[4.67378,50.82831],[4.67301,50.82808],[4.67248,50.82827],[4.67076,50.82773],[4.66865,50.82733],[4.66786,50.82701],[4.66728,50.82644],[4.66624,50.82624],[4.66567,50.82654],[4.66513,50.8273],[4.66432,50.82654],[4.66349,50.82593],[4.66414,50.82482],[4.66468,50.82456],[4.66588,50.8244],[4.66653,50.82421],[4.66835,50.8245],[4.66867,50.82483],[4.67018,50.82497],[4.67118,50.82495],[4.67207,50.82479],[4.67398,50.82498],[4.67504,50.82533],[4.67611,50.82533],[4.67707,50.82544],[4.67883,50.82543],[4.68128,50.82619],[4.68143,50.82607],[4.68292,50.82586],[4.68352,50.82559],[4.6844,50.82558],[4.68441,50.8259],[4.68565,50.826],[4.68449,50.82783],[4.6856,50.82833],[4.68641,50.82857],[4.68589,50.829],[4.68568,50.83001],[4.68667,50.8309],[4.68788,50.83247],[4.68912,50.83293],[4.69046,50.83254],[4.69077,50.83311],[4.69143,50.83475],[4.69428,50.83396],[4.69427,50.83407],[4.69706,50.83334],[4.69748,50.83424],[4.69872,50.83487],[4.69919,50.83539],[4.69913,50.83629],[4.7,50.83804],[4.70049,50.83852],[4.70138,50.83914],[4.70307,50.84054],[4.70419,50.84018],[4.70522,50.84106],[4.70738,50.84038],[4.70811,50.84021],[4.70889,50.84092],[4.70503,50.84209],[4.7061,50.84289],[4.70791,50.84441],[4.7103,50.84548],[4.71109,50.84553],[4.71034,50.84454],[4.71268,50.84407],[4.71295,50.84509],[4.71984,50.84467],[4.72582,50.84428],[4.73025,50.84407],[4.73493,50.84366],[4.73746,50.84337],[4.73991,50.84302],[4.742,50.84267],[4.74154,50.84329],[4.74004,50.84487],[4.73929,50.84611],[4.73844,50.84867],[4.73712,50.85057],[4.73649,50.85249],[4.73657,50.85306],[4.73619,50.85426],[4.73552,50.85587],[4.73521,50.85633],[4.73444,50.85702],[4.73669,50.85871],[4.73808,50.85964],[4.73946,50.85984],[4.74006,50.86025],[4.74037,50.86064],[4.74137,50.86115],[4.74272,50.86204],[4.74327,50.86252],[4.74388,50.86351],[4.74433,50.8634],[4.74615,50.86468],[4.74749,50.86599],[4.74823,50.86747],[4.74981,50.86735],[4.75059,50.86908],[4.75082,50.86909],[4.75152,50.86974],[4.75208,50.87065],[4.75287,50.87093],[4.7541,50.87186],[4.75522,50.87206],[4.75693,50.8722],[4.75855,50.87272],[4.76004,50.87296],[4.76237,50.87566],[4.76303,50.87654],[4.76435,50.87796],[4.7665,50.88042],[4.77042,50.88511],[4.77029,50.88616],[4.77,50.88751],[4.76996,50.88863],[4.76976,50.88965],[4.75373,50.88837],[4.75112,50.8879],[4.75159,50.89147],[4.75167,50.89257],[4.7513,50.89334],[4.74799,50.89324],[4.74838,50.89381],[4.74929,50.8945],[4.75095,50.89509],[4.75222,50.89584],[4.75285,50.89645],[4.75398,50.89729],[4.75476,50.89819],[4.75367,50.89992],[4.7548,50.90064],[4.75584,50.90111],[4.75642,50.90163],[4.75696,50.90281],[4.75806,50.90418],[4.75925,50.90505],[4.75962,50.90555],[4.75989,50.90638],[4.76039,50.90708],[4.76061,50.90782],[4.74797,50.90883],[4.74246,50.90805],[4.72895,50.90631],[4.72477,50.90726],[4.72214,50.90788],[4.72184,50.90844],[4.72041,50.90866],[4.71946,50.90807],[4.71896,50.90753],[4.71843,50.90722],[4.71798,50.90718],[4.71722,50.90793],[4.71754,50.90853],[4.71572,50.90916],[4.71617,50.91025],[4.71598,50.9119],[4.71615,50.91242],[4.71622,50.91331],[4.71568,50.91429],[4.71591,50.91472],[4.7165,50.9146],[4.71692,50.91526],[4.71722,50.91551],[4.71856,50.91618],[4.72016,50.91717],[4.72094,50.91745],[4.72342,50.91785],[4.72423,50.91802],[4.72576,50.91848],[4.72987,50.91955],[4.72919,50.92013],[4.72814,50.92264],[4.73076,50.92267],[4.73135,50.92279],[4.73157,50.92229],[4.73347,50.92237],[4.73477,50.92256],[4.73615,50.92291],[4.73862,50.92384],[4.74055,50.92423],[4.74202,50.92463],[4.74287,50.92519],[4.74491,50.92539],[4.74633,50.92584],[4.74739,50.92655],[4.74612,50.92775],[4.74753,50.9282],[4.74619,50.93023],[4.74508,50.93207],[4.74468,50.93284],[4.74559,50.93307],[4.74519,50.93434],[4.74561,50.9346],[4.74575,50.93499],[4.74474,50.93513],[4.74474,50.93541],[4.74389,50.93556],[4.74348,50.93608],[4.74229,50.93521],[4.74197,50.93569],[4.74115,50.93543],[4.74023,50.93646],[4.73794,50.93554],[4.73727,50.93548],[4.73698,50.93603],[4.73512,50.93587],[4.73483,50.9362],[4.73417,50.93762],[4.73367,50.93938],[4.73312,50.93946],[4.73182,50.93882],[4.73125,50.939],[4.73082,50.93836],[4.73021,50.93792],[4.72999,50.93806],[4.72947,50.93759],[4.72867,50.93723],[4.72773,50.93656],[4.72626,50.93613],[4.72663,50.93583],[4.72567,50.93512],[4.72481,50.93424],[4.72367,50.93357],[4.72267,50.93278],[4.72201,50.93241],[4.72076,50.93211],[4.71921,50.9327],[4.71835,50.9318],[4.7173,50.93129],[4.7166,50.93122],[4.71573,50.93056],[4.71506,50.93027],[4.71538,50.9299],[4.71455,50.92965],[4.71402,50.92899],[4.71336,50.92874],[4.71264,50.92878],[4.71151,50.92851],[4.71097,50.92852],[4.71116,50.92878],[4.711,50.9296],[4.7118,50.93023],[4.71262,50.93151],[4.7134,50.9322],[4.71339,50.93254],[4.71204,50.93268],[4.71179,50.93279],[4.71154,50.93379],[4.71155,50.93435],[4.71177,50.93483],[4.71255,50.93551],[4.7119,50.93595],[4.71182,50.93678],[4.71154,50.93728],[4.71078,50.9381],[4.71069,50.93904],[4.71045,50.93931],[4.70949,50.93961],[4.70823,50.94046],[4.70705,50.94072],[4.70691,50.94094],[4.70752,50.94138],[4.7074,50.94162],[4.70677,50.9415],[4.70636,50.94161],[4.7054,50.94228],[4.70502,50.94278],[4.70483,50.94345],[4.70447,50.94364],[4.70373,50.94369],[4.70288,50.94266],[4.70187,50.94212],[4.70137,50.94215],[4.69969,50.94157],[4.69952,50.94171],[4.69856,50.94148],[4.69766,50.94138],[4.69669,50.94115],[4.69543,50.94114],[4.6933,50.94094],[4.69317,50.9417],[4.69096,50.94326],[4.68947,50.94407]]]}},{"type":"Feature","id":"24066","bbox":[4.747994,50.851721,4.911134,50.911743],"properties":{"nis":"24066","name":"Lubbeek","nameNl":"Lubbeek","nameFr":"Lubbeek","nameDe":"Lubbeek","province":"vlaams-brabant","region":"flanders","areaKm2":45.12},"geometry":{"type":"Polygon","coordinates":[[[4.76061,50.90782],[4.76039,50.90708],[4.75989,50.90638],[4.75962,50.90555],[4.75925,50.90505],[4.75806,50.90418],[4.75696,50.90281],[4.75642,50.90163],[4.75584,50.90111],[4.7548,50.90064],[4.75367,50.89992],[4.75476,50.89819],[4.75398,50.89729],[4.75285,50.89645],[4.75222,50.89584],[4.75095,50.89509],[4.74929,50.8945],[4.74838,50.89381],[4.74799,50.89324],[4.7513,50.89334],[4.75167,50.89257],[4.75159,50.89147],[4.75112,50.8879],[4.75373,50.88837],[4.76976,50.88965],[4.76996,50.88863],[4.77,50.88751],[4.77029,50.88616],[4.77042,50.88511],[4.7665,50.88042],[4.76435,50.87796],[4.76303,50.87654],[4.76237,50.87566],[4.76004,50.87296],[4.76175,50.87335],[4.76301,50.87336],[4.76484,50.87294],[4.76553,50.87269],[4.76566,50.87322],[4.76563,50.87404],[4.76605,50.87464],[4.76555,50.87486],[4.76626,50.87565],[4.76789,50.87479],[4.7688,50.87489],[4.7695,50.87485],[4.77297,50.87231],[4.77405,50.87176],[4.77465,50.87038],[4.77467,50.8696],[4.77485,50.86953],[4.77718,50.86802],[4.77726,50.86805],[4.78073,50.86699],[4.78448,50.86528],[4.78646,50.86443],[4.78685,50.86453],[4.78856,50.8616],[4.7887,50.86162],[4.78929,50.86048],[4.79122,50.85969],[4.79108,50.85887],[4.79153,50.85777],[4.79376,50.85743],[4.79535,50.85793],[4.79785,50.85791],[4.79901,50.85795],[4.79979,50.85822],[4.80118,50.85849],[4.80183,50.8588],[4.80319,50.85926],[4.80399,50.85917],[4.80412,50.85879],[4.80699,50.85469],[4.80801,50.85308],[4.80823,50.85307],[4.80848,50.85373],[4.80912,50.85639],[4.80916,50.8572],[4.80896,50.85829],[4.80821,50.85824],[4.80799,50.85919],[4.80997,50.85946],[4.81009,50.85851],[4.81189,50.85816],[4.81185,50.85797],[4.81305,50.85797],[4.81365,50.85786],[4.81494,50.85745],[4.81564,50.85679],[4.8147,50.85688],[4.81436,50.85591],[4.81408,50.85269],[4.82038,50.85242],[4.82114,50.85242],[4.82221,50.85284],[4.82338,50.85364],[4.82404,50.85419],[4.82561,50.85456],[4.82477,50.85525],[4.82761,50.85634],[4.82824,50.85541],[4.82869,50.85561],[4.83116,50.85567],[4.83205,50.85581],[4.83459,50.85671],[4.83572,50.8567],[4.83554,50.85833],[4.83798,50.85881],[4.83851,50.85906],[4.83955,50.86005],[4.8401,50.86021],[4.84117,50.86015],[4.84256,50.86032],[4.84409,50.86041],[4.84523,50.86069],[4.84611,50.86073],[4.84743,50.86105],[4.85059,50.86168],[4.85048,50.86215],[4.8506,50.86311],[4.85039,50.86368],[4.85095,50.86376],[4.85095,50.86444],[4.85121,50.86499],[4.85202,50.86532],[4.85161,50.86578],[4.85354,50.86681],[4.85325,50.86706],[4.85286,50.86785],[4.85363,50.8682],[4.85519,50.86857],[4.85668,50.86873],[4.8581,50.86936],[4.86018,50.87007],[4.86249,50.87077],[4.86371,50.87107],[4.86471,50.8711],[4.86639,50.87102],[4.86662,50.87075],[4.86833,50.87114],[4.86935,50.87125],[4.86923,50.8715],[4.87109,50.87199],[4.8743,50.87229],[4.87445,50.87178],[4.87406,50.87167],[4.87489,50.87045],[4.87601,50.87051],[4.87655,50.86991],[4.87591,50.86977],[4.87725,50.86685],[4.87817,50.86623],[4.88014,50.86393],[4.88047,50.86235],[4.88066,50.86199],[4.88124,50.86194],[4.88119,50.86129],[4.88265,50.86044],[4.88329,50.8597],[4.88588,50.85808],[4.88784,50.85633],[4.88917,50.85468],[4.89088,50.85333],[4.892,50.85259],[4.89302,50.85172],[4.89527,50.85257],[4.89587,50.85204],[4.89703,50.85257],[4.89904,50.85316],[4.89979,50.85414],[4.90005,50.85434],[4.90114,50.85476],[4.90221,50.85563],[4.903,50.85533],[4.90416,50.85728],[4.90577,50.85928],[4.90753,50.86097],[4.90834,50.86167],[4.90931,50.86298],[4.91022,50.86397],[4.91023,50.86422],[4.91001,50.86434],[4.90986,50.86513],[4.90944,50.86594],[4.90884,50.86598],[4.90849,50.86644],[4.90875,50.86662],[4.90712,50.86767],[4.90598,50.86905],[4.90595,50.86933],[4.90559,50.86931],[4.9056,50.86989],[4.90594,50.87037],[4.90583,50.8706],[4.90753,50.87103],[4.90731,50.87151],[4.90745,50.87218],[4.90721,50.87322],[4.90665,50.87432],[4.90675,50.8748],[4.90656,50.87521],[4.90688,50.87578],[4.90784,50.87595],[4.90778,50.87646],[4.90834,50.87747],[4.90811,50.87779],[4.9082,50.87829],[4.90867,50.87889],[4.90939,50.87918],[4.91109,50.88027],[4.90926,50.88116],[4.90835,50.88318],[4.90687,50.88524],[4.90651,50.88626],[4.90603,50.88722],[4.90511,50.88718],[4.904,50.88677],[4.90311,50.88679],[4.90257,50.88692],[4.90139,50.88702],[4.90024,50.88682],[4.89996,50.88697],[4.89892,50.88693],[4.89836,50.88711],[4.89827,50.88756],[4.89752,50.8882],[4.89675,50.88852],[4.8966,50.88885],[4.89596,50.88863],[4.89319,50.88838],[4.89259,50.8885],[4.89165,50.88838],[4.89174,50.88918],[4.89225,50.89012],[4.89192,50.8906],[4.89242,50.8908],[4.89203,50.89139],[4.89217,50.89171],[4.89206,50.89237],[4.89141,50.89269],[4.88901,50.8921],[4.88753,50.89121],[4.88717,50.89063],[4.88619,50.88976],[4.88539,50.88947],[4.88394,50.8881],[4.8835,50.88732],[4.88293,50.88674],[4.88284,50.8864],[4.88237,50.88632],[4.88203,50.88587],[4.88121,50.88554],[4.88094,50.88582],[4.87929,50.88518],[4.87847,50.8869],[4.87799,50.88814],[4.87791,50.88901],[4.87693,50.89071],[4.87531,50.89159],[4.87298,50.89307],[4.87234,50.89327],[4.86756,50.89288],[4.86708,50.89279],[4.86551,50.89215],[4.86525,50.89263],[4.86528,50.8933],[4.86513,50.89419],[4.86483,50.89465],[4.8648,50.89552],[4.86396,50.8963],[4.86385,50.89658],[4.86296,50.89639],[4.86186,50.8966],[4.86135,50.89679],[4.86109,50.8972],[4.86045,50.89771],[4.85985,50.89866],[4.85999,50.89922],[4.85936,50.89888],[4.85877,50.89886],[4.85833,50.89835],[4.85762,50.89838],[4.85704,50.89803],[4.85543,50.89663],[4.85466,50.89708],[4.85478,50.89775],[4.85463,50.8983],[4.85557,50.89866],[4.85519,50.89911],[4.85446,50.89958],[4.8527,50.89978],[4.85131,50.89979],[4.85084,50.8997],[4.84976,50.89917],[4.8493,50.89909],[4.84883,50.89923],[4.85066,50.90042],[4.85106,50.90049],[4.85178,50.90155],[4.85206,50.90286],[4.85072,50.90256],[4.85059,50.90314],[4.85061,50.90384],[4.84989,50.90446],[4.84959,50.90513],[4.85062,50.90587],[4.85032,50.90665],[4.85038,50.90694],[4.85111,50.90737],[4.85212,50.90757],[4.85202,50.90879],[4.85162,50.90974],[4.85108,50.90993],[4.8506,50.91039],[4.8499,50.91072],[4.84866,50.91111],[4.84804,50.91114],[4.84435,50.9116],[4.84202,50.91174],[4.83922,50.91128],[4.83833,50.91132],[4.83759,50.9111],[4.83728,50.91076],[4.83666,50.91056],[4.83534,50.90991],[4.83281,50.90844],[4.8318,50.90804],[4.83068,50.90796],[4.82812,50.90803],[4.82661,50.90799],[4.82608,50.90778],[4.82318,50.90688],[4.82232,50.9071],[4.82156,50.90749],[4.81782,50.90721],[4.81558,50.90668],[4.81358,50.90587],[4.81065,50.90457],[4.81014,50.90343],[4.80898,50.90226],[4.80808,50.90153],[4.80762,50.90196],[4.80679,50.90126],[4.80649,50.90088],[4.80594,50.90054],[4.80435,50.90015],[4.80431,50.89989],[4.80314,50.89905],[4.80243,50.8988],[4.80096,50.89793],[4.79925,50.89748],[4.79783,50.89688],[4.79739,50.89739],[4.79697,50.89886],[4.79704,50.89959],[4.7981,50.90009],[4.79657,50.90206],[4.796,50.90238],[4.7956,50.90283],[4.79489,50.90424],[4.79467,50.90494],[4.7945,50.90635],[4.79409,50.90632],[4.78986,50.90973],[4.78752,50.90887],[4.78587,50.90835],[4.78375,50.90818],[4.78205,50.90815],[4.78053,50.90787],[4.77963,50.90777],[4.77855,50.90788],[4.77746,50.9088],[4.77505,50.90834],[4.77507,50.90784],[4.77322,50.90721],[4.77066,50.90656],[4.77012,50.90637],[4.7688,50.90682],[4.76884,50.90692],[4.76752,50.90731],[4.76484,50.90802],[4.76297,50.90799],[4.762,50.90779],[4.76061,50.90782]]]}},{"type":"Feature","id":"24086","bbox":[4.632066,50.790863,4.746602,50.852261],"properties":{"nis":"24086","name":"Oud-Heverlee","nameNl":"Oud-Heverlee","nameFr":"Vieux-Héverlé","nameDe":"Oud-Heverlee","province":"vlaams-brabant","region":"flanders","areaKm2":31.07},"geometry":{"type":"Polygon","coordinates":[[[4.65997,50.84736],[4.65922,50.84703],[4.65958,50.84658],[4.65838,50.84621],[4.65694,50.84605],[4.65718,50.84491],[4.65643,50.84475],[4.65618,50.84443],[4.65656,50.84406],[4.65643,50.84362],[4.65583,50.84352],[4.65561,50.84387],[4.65447,50.84438],[4.6539,50.84444],[4.65415,50.84371],[4.65508,50.84287],[4.65474,50.84218],[4.65433,50.84204],[4.65358,50.84241],[4.65342,50.84326],[4.65313,50.84339],[4.65281,50.84296],[4.65214,50.84297],[4.65156,50.84275],[4.65177,50.84225],[4.65269,50.8422],[4.65318,50.84151],[4.65299,50.84148],[4.65129,50.84194],[4.65107,50.84184],[4.65152,50.84148],[4.65241,50.8413],[4.6519,50.84044],[4.65152,50.84026],[4.65115,50.84062],[4.65114,50.84102],[4.6507,50.84103],[4.65067,50.84039],[4.65018,50.84029],[4.65007,50.84005],[4.64953,50.83981],[4.64912,50.83987],[4.64844,50.83883],[4.64762,50.83908],[4.64625,50.83902],[4.64556,50.8385],[4.64699,50.838],[4.64741,50.83765],[4.64816,50.83658],[4.64726,50.83643],[4.64764,50.83584],[4.64677,50.83581],[4.64686,50.8352],[4.64449,50.83495],[4.64479,50.83442],[4.64469,50.83354],[4.64511,50.83292],[4.64528,50.83218],[4.64576,50.832],[4.64499,50.83143],[4.64489,50.831],[4.64522,50.83087],[4.64559,50.83047],[4.64566,50.82991],[4.64532,50.82957],[4.64477,50.82939],[4.64458,50.82856],[4.64358,50.82835],[4.64317,50.8277],[4.64339,50.82746],[4.64388,50.8274],[4.64478,50.8276],[4.64524,50.8274],[4.64508,50.82701],[4.64463,50.82689],[4.64329,50.82701],[4.64305,50.82694],[4.64327,50.82651],[4.64401,50.82618],[4.64423,50.82594],[4.64366,50.8255],[4.64288,50.82587],[4.64223,50.82589],[4.64256,50.82562],[4.6424,50.8252],[4.64128,50.82509],[4.64145,50.82469],[4.64118,50.82426],[4.64122,50.82395],[4.64158,50.82389],[4.64158,50.82292],[4.64235,50.82285],[4.64197,50.82221],[4.64206,50.822],[4.643,50.822],[4.64218,50.8211],[4.64225,50.82088],[4.64308,50.82029],[4.64452,50.82046],[4.64452,50.8202],[4.6437,50.81953],[4.64407,50.81894],[4.64444,50.81884],[4.64522,50.81893],[4.64538,50.81878],[4.6451,50.81836],[4.64556,50.81815],[4.64569,50.8178],[4.64623,50.8172],[4.64475,50.81679],[4.64305,50.81638],[4.64333,50.81562],[4.64318,50.81515],[4.64242,50.81428],[4.64181,50.81391],[4.64078,50.81277],[4.64001,50.81132],[4.63837,50.8107],[4.63665,50.80982],[4.63426,50.80916],[4.63365,50.80774],[4.63283,50.80603],[4.63216,50.80516],[4.63206,50.80462],[4.6323,50.80386],[4.63295,50.80295],[4.63275,50.80255],[4.63267,50.80171],[4.6325,50.80133],[4.63251,50.80058],[4.63275,50.79942],[4.63231,50.79834],[4.63317,50.79834],[4.63516,50.79924],[4.63613,50.80069],[4.64078,50.79881],[4.64192,50.79877],[4.64215,50.79906],[4.64339,50.79909],[4.64347,50.79936],[4.6453,50.79856],[4.64484,50.79817],[4.64718,50.79802],[4.6494,50.79775],[4.65053,50.79644],[4.65137,50.79678],[4.65172,50.79675],[4.65338,50.79602],[4.65408,50.79554],[4.65475,50.79535],[4.65615,50.79474],[4.65702,50.79429],[4.65735,50.79395],[4.65795,50.79383],[4.65938,50.79328],[4.65992,50.79324],[4.66325,50.79315],[4.66492,50.79231],[4.6658,50.79228],[4.66699,50.79204],[4.6675,50.79277],[4.6683,50.79256],[4.66897,50.79293],[4.66953,50.79298],[4.67004,50.79268],[4.67065,50.79326],[4.67123,50.7932],[4.67113,50.79249],[4.67223,50.79222],[4.67356,50.79209],[4.67423,50.79327],[4.67443,50.79401],[4.67392,50.79445],[4.67406,50.79518],[4.67438,50.79545],[4.67566,50.79496],[4.67639,50.79389],[4.67744,50.79343],[4.67787,50.79311],[4.67954,50.79373],[4.68117,50.79364],[4.68133,50.79386],[4.68211,50.79359],[4.68208,50.79339],[4.68456,50.79287],[4.68486,50.79341],[4.68527,50.79456],[4.68575,50.79487],[4.68739,50.79329],[4.68772,50.79277],[4.68724,50.79239],[4.68695,50.79191],[4.68724,50.79102],[4.68751,50.79086],[4.69011,50.79134],[4.69112,50.79193],[4.69123,50.7918],[4.69176,50.7921],[4.69181,50.79235],[4.6927,50.7926],[4.69141,50.79716],[4.70875,50.80103],[4.70671,50.80813],[4.72181,50.80911],[4.72952,50.8096],[4.7363,50.81],[4.73808,50.81067],[4.73563,50.81498],[4.73086,50.82328],[4.73229,50.82391],[4.73279,50.82297],[4.73622,50.82226],[4.73773,50.82305],[4.73909,50.82285],[4.73952,50.82449],[4.73924,50.82498],[4.73947,50.82615],[4.73941,50.82648],[4.74072,50.82639],[4.74089,50.82725],[4.74318,50.82708],[4.74215,50.82796],[4.74315,50.8279],[4.74343,50.82888],[4.74239,50.82891],[4.74251,50.83069],[4.74295,50.83088],[4.74098,50.83232],[4.7428,50.83224],[4.74294,50.83325],[4.74272,50.83327],[4.74286,50.83413],[4.74562,50.83384],[4.7466,50.83379],[4.74565,50.83519],[4.74536,50.83591],[4.74427,50.83682],[4.74388,50.83724],[4.74312,50.83881],[4.74299,50.84],[4.74251,50.8413],[4.7424,50.84186],[4.742,50.84267],[4.73991,50.84302],[4.73746,50.84337],[4.73493,50.84366],[4.73025,50.84407],[4.72582,50.84428],[4.71984,50.84467],[4.71295,50.84509],[4.71268,50.84407],[4.71034,50.84454],[4.71109,50.84553],[4.7103,50.84548],[4.70791,50.84441],[4.7061,50.84289],[4.70503,50.84209],[4.70889,50.84092],[4.70811,50.84021],[4.70738,50.84038],[4.70522,50.84106],[4.70419,50.84018],[4.70307,50.84054],[4.70138,50.83914],[4.70049,50.83852],[4.7,50.83804],[4.69913,50.83629],[4.69919,50.83539],[4.69872,50.83487],[4.69748,50.83424],[4.69706,50.83334],[4.69427,50.83407],[4.69428,50.83396],[4.69143,50.83475],[4.69077,50.83311],[4.69046,50.83254],[4.68912,50.83293],[4.68788,50.83247],[4.68667,50.8309],[4.68568,50.83001],[4.68589,50.829],[4.68641,50.82857],[4.6856,50.82833],[4.68449,50.82783],[4.68565,50.826],[4.68441,50.8259],[4.6844,50.82558],[4.68352,50.82559],[4.68292,50.82586],[4.68143,50.82607],[4.68128,50.82619],[4.67883,50.82543],[4.67707,50.82544],[4.67611,50.82533],[4.67504,50.82533],[4.67398,50.82498],[4.67207,50.82479],[4.67118,50.82495],[4.67018,50.82497],[4.66867,50.82483],[4.66835,50.8245],[4.66653,50.82421],[4.66588,50.8244],[4.66468,50.82456],[4.66414,50.82482],[4.66349,50.82593],[4.66432,50.82654],[4.66513,50.8273],[4.66567,50.82654],[4.66624,50.82624],[4.66728,50.82644],[4.66786,50.82701],[4.66865,50.82733],[4.67076,50.82773],[4.67248,50.82827],[4.67301,50.82808],[4.67378,50.82831],[4.67352,50.82858],[4.67411,50.82897],[4.67486,50.82903],[4.67536,50.8297],[4.6751,50.83006],[4.67426,50.83043],[4.67393,50.83107],[4.67319,50.83154],[4.67229,50.83197],[4.67288,50.8325],[4.67272,50.83288],[4.67154,50.83234],[4.67108,50.83286],[4.67091,50.83277],[4.67032,50.83317],[4.67149,50.83364],[4.67108,50.83416],[4.67105,50.83457],[4.67055,50.83487],[4.67014,50.83546],[4.67105,50.83552],[4.67137,50.8366],[4.67146,50.83761],[4.6717,50.83814],[4.67231,50.83855],[4.67273,50.83771],[4.67525,50.83821],[4.67467,50.83936],[4.67504,50.83957],[4.67482,50.84019],[4.67516,50.84016],[4.67563,50.84066],[4.67579,50.84137],[4.67461,50.84177],[4.67395,50.84168],[4.67419,50.84302],[4.67463,50.84436],[4.67663,50.84717],[4.6758,50.8479],[4.67347,50.84914],[4.67427,50.84985],[4.67378,50.85032],[4.6742,50.85089],[4.67154,50.85196],[4.67106,50.85204],[4.66983,50.85175],[4.66957,50.85216],[4.66803,50.85225],[4.66764,50.85199],[4.66663,50.85045],[4.66596,50.84971],[4.6654,50.84924],[4.6651,50.84877],[4.6641,50.84835],[4.66264,50.84837],[4.66279,50.84878],[4.66251,50.84924],[4.66215,50.84932],[4.66183,50.84885],[4.66139,50.84904],[4.66072,50.84887],[4.65997,50.84736]]]}},{"type":"Feature","id":"24094","bbox":[4.669939,50.928417,4.803372,50.986292],"properties":{"nis":"24094","name":"Rotselaar","nameNl":"Rotselaar","nameFr":"Rotselaar","nameDe":"Rotselaar","province":"vlaams-brabant","region":"flanders","areaKm2":37.09},"geometry":{"type":"Polygon","coordinates":[[[4.74348,50.93608],[4.74325,50.93638],[4.74349,50.93678],[4.74515,50.93746],[4.74646,50.93707],[4.74683,50.93672],[4.74727,50.93602],[4.75062,50.93695],[4.75159,50.9354],[4.75328,50.93615],[4.75395,50.93558],[4.75472,50.93514],[4.75568,50.93562],[4.75641,50.9352],[4.75781,50.93576],[4.75881,50.93477],[4.75975,50.93494],[4.76041,50.93541],[4.7611,50.93569],[4.76633,50.93555],[4.7671,50.93565],[4.76745,50.93583],[4.7679,50.93558],[4.76864,50.93564],[4.76868,50.93596],[4.76918,50.93619],[4.76934,50.93653],[4.77018,50.9368],[4.77034,50.9361],[4.77018,50.9356],[4.77099,50.93546],[4.7718,50.93549],[4.77259,50.9357],[4.77447,50.93587],[4.77443,50.93599],[4.77564,50.93597],[4.77679,50.9364],[4.77728,50.9363],[4.77859,50.93647],[4.77925,50.93613],[4.78004,50.93623],[4.78028,50.93678],[4.78127,50.93643],[4.78132,50.93661],[4.78197,50.93643],[4.78235,50.93651],[4.7833,50.93632],[4.78393,50.93632],[4.78398,50.93652],[4.78474,50.93646],[4.78501,50.9363],[4.78479,50.93723],[4.78428,50.93865],[4.78419,50.93987],[4.78395,50.9408],[4.78432,50.94098],[4.78377,50.94191],[4.78325,50.94347],[4.78358,50.94351],[4.78325,50.94452],[4.78436,50.94452],[4.78627,50.94423],[4.78689,50.9443],[4.78839,50.94464],[4.78933,50.94468],[4.79095,50.94493],[4.79318,50.94576],[4.79427,50.94629],[4.796,50.94688],[4.79752,50.94688],[4.79889,50.94378],[4.79931,50.94336],[4.79906,50.94324],[4.79932,50.94201],[4.79972,50.94224],[4.80111,50.94264],[4.80201,50.94264],[4.80256,50.94305],[4.80325,50.94331],[4.80331,50.94356],[4.80276,50.94464],[4.80147,50.94698],[4.80122,50.94705],[4.80115,50.94811],[4.80151,50.94818],[4.8005,50.95002],[4.79911,50.95336],[4.79845,50.95418],[4.79655,50.95381],[4.79418,50.95393],[4.79222,50.95409],[4.7904,50.95386],[4.78784,50.95373],[4.78532,50.95336],[4.78386,50.95341],[4.78389,50.95403],[4.78436,50.95594],[4.7845,50.95709],[4.78436,50.95895],[4.78391,50.96014],[4.78043,50.95944],[4.78053,50.95928],[4.77905,50.9589],[4.7785,50.95987],[4.77753,50.96179],[4.77741,50.9622],[4.7788,50.9626],[4.78227,50.96344],[4.78182,50.96431],[4.78097,50.96688],[4.77937,50.96954],[4.77852,50.96966],[4.77907,50.97088],[4.78006,50.97172],[4.7785,50.97225],[4.77696,50.97311],[4.77523,50.97464],[4.7749,50.97517],[4.77515,50.97581],[4.77486,50.97661],[4.77511,50.97752],[4.77397,50.97823],[4.77296,50.97802],[4.77225,50.97805],[4.77231,50.97863],[4.77059,50.97917],[4.76913,50.98018],[4.76871,50.98017],[4.76833,50.97982],[4.76729,50.97999],[4.76692,50.97991],[4.76701,50.97954],[4.76644,50.97921],[4.76598,50.9797],[4.76655,50.98083],[4.76614,50.98151],[4.76241,50.98222],[4.76129,50.9821],[4.76137,50.98235],[4.76017,50.98265],[4.75998,50.98289],[4.75894,50.98272],[4.75892,50.9829],[4.75824,50.98287],[4.75691,50.98237],[4.75652,50.98254],[4.7558,50.98228],[4.75459,50.98199],[4.75427,50.98135],[4.75476,50.98118],[4.75377,50.98095],[4.7533,50.98124],[4.75239,50.98159],[4.75156,50.98167],[4.75102,50.98157],[4.75068,50.98114],[4.74976,50.98099],[4.74877,50.98062],[4.74811,50.98051],[4.74758,50.98064],[4.74673,50.98114],[4.74563,50.98155],[4.745,50.98132],[4.74399,50.98133],[4.74357,50.98187],[4.74298,50.98207],[4.74229,50.98177],[4.74128,50.98194],[4.74002,50.98279],[4.7397,50.98348],[4.73914,50.98335],[4.7384,50.98349],[4.7379,50.98321],[4.73747,50.98322],[4.7355,50.98396],[4.73426,50.98409],[4.73378,50.9838],[4.73285,50.98365],[4.73066,50.98416],[4.72985,50.98384],[4.72948,50.98408],[4.72772,50.98453],[4.72726,50.98448],[4.7264,50.98404],[4.72585,50.98415],[4.72477,50.98404],[4.72494,50.98362],[4.72455,50.98318],[4.7245,50.98284],[4.72363,50.98247],[4.72269,50.98257],[4.72189,50.98217],[4.7206,50.98207],[4.71993,50.98193],[4.71951,50.98168],[4.71833,50.98231],[4.71699,50.98268],[4.71566,50.98288],[4.71483,50.98243],[4.71422,50.98245],[4.71404,50.98198],[4.71298,50.9817],[4.71266,50.98135],[4.71166,50.98158],[4.71143,50.98128],[4.71076,50.98122],[4.70922,50.98083],[4.7087,50.98077],[4.7082,50.98108],[4.70778,50.98058],[4.70692,50.98045],[4.70641,50.98086],[4.70588,50.98095],[4.70567,50.98129],[4.70533,50.98132],[4.70481,50.98099],[4.70406,50.98092],[4.70329,50.98122],[4.70278,50.98064],[4.70199,50.9806],[4.70116,50.97978],[4.70101,50.97935],[4.70003,50.97975],[4.69926,50.9795],[4.69892,50.97973],[4.69836,50.97967],[4.698,50.97918],[4.69757,50.9792],[4.69681,50.97958],[4.69628,50.97941],[4.69569,50.97985],[4.69565,50.98042],[4.69519,50.98075],[4.69565,50.98109],[4.69534,50.98182],[4.69535,50.98236],[4.69484,50.98285],[4.69365,50.98308],[4.69215,50.98357],[4.69075,50.98363],[4.68969,50.98429],[4.6891,50.98423],[4.68895,50.98392],[4.68801,50.9834],[4.68773,50.98343],[4.68692,50.98409],[4.68664,50.98419],[4.68624,50.98393],[4.68518,50.984],[4.68471,50.98442],[4.68384,50.9847],[4.68348,50.98466],[4.68319,50.98432],[4.68269,50.98421],[4.68186,50.98428],[4.68137,50.9846],[4.68161,50.98496],[4.6814,50.98517],[4.68038,50.98511],[4.67967,50.98536],[4.67973,50.98566],[4.67861,50.98605],[4.67717,50.98588],[4.67684,50.98601],[4.67299,50.98629],[4.67193,50.98615],[4.67077,50.98588],[4.66995,50.98599],[4.67013,50.98543],[4.66994,50.98417],[4.67009,50.98376],[4.67076,50.9834],[4.67173,50.98317],[4.6711,50.98131],[4.67125,50.98056],[4.67108,50.97948],[4.67156,50.97851],[4.67132,50.97819],[4.67195,50.97777],[4.67185,50.97719],[4.67214,50.9767],[4.67198,50.97629],[4.67255,50.97575],[4.67383,50.97601],[4.67683,50.97697],[4.67797,50.97625],[4.67772,50.97567],[4.67725,50.97528],[4.67777,50.97465],[4.67751,50.97422],[4.67675,50.97401],[4.67535,50.97265],[4.67481,50.97102],[4.67526,50.97097],[4.67555,50.97041],[4.6751,50.96975],[4.67507,50.96899],[4.67463,50.96873],[4.67516,50.96828],[4.67546,50.9671],[4.676,50.96624],[4.67448,50.96593],[4.67019,50.96494],[4.67059,50.96393],[4.67126,50.96333],[4.67245,50.96349],[4.67344,50.96346],[4.67377,50.96329],[4.67355,50.96306],[4.67378,50.96274],[4.67529,50.9619],[4.67578,50.96128],[4.67671,50.9612],[4.67761,50.96055],[4.67724,50.96009],[4.6775,50.95936],[4.67876,50.95878],[4.67924,50.95736],[4.67949,50.95716],[4.68051,50.95678],[4.68102,50.95612],[4.68141,50.95592],[4.68155,50.95559],[4.68195,50.95543],[4.6829,50.95549],[4.68459,50.95513],[4.68505,50.95428],[4.68619,50.95366],[4.68408,50.95341],[4.68304,50.95284],[4.68341,50.95243],[4.68505,50.95128],[4.68654,50.95167],[4.68666,50.95079],[4.6846,50.95052],[4.68367,50.95018],[4.68348,50.95031],[4.68325,50.94993],[4.68422,50.94917],[4.68382,50.94896],[4.68419,50.94778],[4.68505,50.94756],[4.68587,50.94658],[4.6866,50.94622],[4.68649,50.94573],[4.68754,50.94519],[4.68947,50.94407],[4.69096,50.94326],[4.69317,50.9417],[4.6933,50.94094],[4.69543,50.94114],[4.69669,50.94115],[4.69766,50.94138],[4.69856,50.94148],[4.69952,50.94171],[4.69969,50.94157],[4.70137,50.94215],[4.70187,50.94212],[4.70288,50.94266],[4.70373,50.94369],[4.70447,50.94364],[4.70483,50.94345],[4.70502,50.94278],[4.7054,50.94228],[4.70636,50.94161],[4.70677,50.9415],[4.7074,50.94162],[4.70752,50.94138],[4.70691,50.94094],[4.70705,50.94072],[4.70823,50.94046],[4.70949,50.93961],[4.71045,50.93931],[4.71069,50.93904],[4.71078,50.9381],[4.71154,50.93728],[4.71182,50.93678],[4.7119,50.93595],[4.71255,50.93551],[4.71177,50.93483],[4.71155,50.93435],[4.71154,50.93379],[4.71179,50.93279],[4.71204,50.93268],[4.71339,50.93254],[4.7134,50.9322],[4.71262,50.93151],[4.7118,50.93023],[4.711,50.9296],[4.71116,50.92878],[4.71097,50.92852],[4.71151,50.92851],[4.71264,50.92878],[4.71336,50.92874],[4.71402,50.92899],[4.71455,50.92965],[4.71538,50.9299],[4.71506,50.93027],[4.71573,50.93056],[4.7166,50.93122],[4.7173,50.93129],[4.71835,50.9318],[4.71921,50.9327],[4.72076,50.93211],[4.72201,50.93241],[4.72267,50.93278],[4.72367,50.93357],[4.72481,50.93424],[4.72567,50.93512],[4.72663,50.93583],[4.72626,50.93613],[4.72773,50.93656],[4.72867,50.93723],[4.72947,50.93759],[4.72999,50.93806],[4.73021,50.93792],[4.73082,50.93836],[4.73125,50.939],[4.73182,50.93882],[4.73312,50.93946],[4.73367,50.93938],[4.73417,50.93762],[4.73483,50.9362],[4.73512,50.93587],[4.73698,50.93603],[4.73727,50.93548],[4.73794,50.93554],[4.74023,50.93646],[4.74115,50.93543],[4.74197,50.93569],[4.74229,50.93521],[4.74348,50.93608]]]}},{"type":"Feature","id":"24104","bbox":[4.447176,50.793815,4.586567,50.867836],"properties":{"nis":"24104","name":"Tervuren","nameNl":"Tervuren","nameFr":"Tervuren","nameDe":"Tervuren","province":"vlaams-brabant","region":"flanders","areaKm2":33.48},"geometry":{"type":"Polygon","coordinates":[[[4.58657,50.81839],[4.58224,50.82009],[4.58277,50.82045],[4.58343,50.82069],[4.58439,50.82076],[4.58407,50.82183],[4.58228,50.82531],[4.58099,50.82763],[4.58084,50.82768],[4.58067,50.8289],[4.5804,50.82983],[4.57492,50.83439],[4.57325,50.83573],[4.57131,50.83494],[4.57056,50.83561],[4.57158,50.836],[4.57058,50.83701],[4.56973,50.83756],[4.56879,50.83839],[4.56789,50.83872],[4.5666,50.83951],[4.56361,50.84118],[4.56294,50.8416],[4.56223,50.84188],[4.56083,50.84287],[4.55916,50.84433],[4.55673,50.84577],[4.55591,50.84635],[4.55559,50.84684],[4.55419,50.84935],[4.55367,50.85015],[4.5527,50.85118],[4.55229,50.85175],[4.55161,50.85167],[4.55161,50.85194],[4.55068,50.85204],[4.54842,50.85289],[4.54618,50.85337],[4.55217,50.85553],[4.55221,50.8559],[4.55092,50.85574],[4.55069,50.85579],[4.55014,50.85713],[4.54971,50.85769],[4.54902,50.8582],[4.54668,50.85954],[4.54412,50.86086],[4.54361,50.86117],[4.54275,50.86211],[4.5424,50.86272],[4.54273,50.86343],[4.53975,50.8646],[4.53781,50.86645],[4.53608,50.86729],[4.53525,50.8678],[4.53446,50.8676],[4.53424,50.86784],[4.5323,50.86752],[4.53154,50.86755],[4.53054,50.8672],[4.5304,50.86671],[4.53132,50.86607],[4.53325,50.8653],[4.53203,50.86384],[4.52952,50.86477],[4.52838,50.86483],[4.52922,50.86298],[4.52787,50.86288],[4.52771,50.86333],[4.52653,50.86316],[4.52856,50.85926],[4.52703,50.85895],[4.53064,50.85349],[4.52808,50.85288],[4.52885,50.85128],[4.52989,50.85039],[4.53166,50.8494],[4.53402,50.84781],[4.5346,50.84723],[4.53491,50.84674],[4.53556,50.84614],[4.53639,50.84444],[4.53579,50.84348],[4.53574,50.84298],[4.53462,50.84238],[4.53356,50.84114],[4.53307,50.84079],[4.53144,50.83999],[4.53034,50.83959],[4.52896,50.83894],[4.52734,50.83788],[4.52578,50.83731],[4.52515,50.837],[4.52259,50.83546],[4.52161,50.83479],[4.52081,50.83471],[4.52027,50.83483],[4.51786,50.8343],[4.51756,50.83463],[4.51709,50.83444],[4.51593,50.83558],[4.51369,50.83727],[4.50961,50.83843],[4.51078,50.83722],[4.51106,50.83685],[4.51502,50.83346],[4.51737,50.83183],[4.51663,50.83118],[4.51631,50.83053],[4.5132,50.82935],[4.51293,50.82921],[4.51245,50.83053],[4.51164,50.83189],[4.51105,50.8327],[4.51004,50.83385],[4.50885,50.83334],[4.50754,50.83292],[4.50708,50.83263],[4.50693,50.83185],[4.50667,50.83122],[4.50599,50.83017],[4.50497,50.82912],[4.50333,50.82762],[4.5016,50.82598],[4.49972,50.82718],[4.49831,50.82858],[4.49778,50.8288],[4.49497,50.83044],[4.49433,50.83105],[4.49381,50.83175],[4.49082,50.83038],[4.49232,50.82879],[4.49051,50.82808],[4.49,50.82855],[4.48748,50.82766],[4.48879,50.82608],[4.48917,50.82535],[4.48954,50.82511],[4.49092,50.82338],[4.49293,50.82145],[4.49145,50.82097],[4.48918,50.82061],[4.48778,50.82028],[4.48689,50.82019],[4.48598,50.82022],[4.48446,50.81971],[4.48295,50.81939],[4.47983,50.81853],[4.47882,50.81833],[4.4781,50.81833],[4.47758,50.82001],[4.47673,50.82041],[4.46703,50.81953],[4.45465,50.81842],[4.45521,50.81772],[4.4564,50.81711],[4.45755,50.81632],[4.45677,50.81587],[4.45522,50.81516],[4.45419,50.81505],[4.45348,50.81462],[4.45273,50.81403],[4.45202,50.81372],[4.45175,50.81344],[4.45058,50.81314],[4.44781,50.81134],[4.4484,50.81082],[4.4489,50.81018],[4.44953,50.80973],[4.45194,50.80893],[4.45287,50.80909],[4.45429,50.81018],[4.45512,50.81055],[4.45661,50.81053],[4.45784,50.81066],[4.4576,50.8102],[4.45657,50.81004],[4.45518,50.81019],[4.45452,50.80989],[4.45323,50.80872],[4.45283,50.8085],[4.45136,50.80837],[4.45026,50.80868],[4.44915,50.80863],[4.44718,50.8083],[4.47632,50.79603],[4.47709,50.79568],[4.48061,50.79422],[4.48088,50.79469],[4.48241,50.79429],[4.48306,50.79382],[4.48335,50.79395],[4.49227,50.79844],[4.50654,50.79989],[4.528,50.80204],[4.52874,50.80219],[4.53217,50.8026],[4.53402,50.80319],[4.53393,50.8024],[4.53557,50.80232],[4.53522,50.79998],[4.53132,50.79963],[4.53204,50.79857],[4.53343,50.79768],[4.53453,50.79711],[4.53483,50.79678],[4.53594,50.7974],[4.53678,50.79778],[4.53864,50.79838],[4.5413,50.79859],[4.54176,50.79883],[4.54188,50.80004],[4.54137,50.80144],[4.54167,50.80184],[4.54332,50.80231],[4.54442,50.80232],[4.54568,50.80286],[4.54686,50.80322],[4.54973,50.80293],[4.55005,50.803],[4.55026,50.80243],[4.55114,50.80237],[4.55159,50.80218],[4.55271,50.80214],[4.55359,50.80255],[4.55477,50.80282],[4.55476,50.80487],[4.55485,50.80494],[4.56068,50.80728],[4.56078,50.80737],[4.56373,50.80807],[4.56763,50.80877],[4.56785,50.81025],[4.56828,50.8113],[4.56897,50.81233],[4.57119,50.8133],[4.57323,50.81326],[4.5736,50.81317],[4.57447,50.81334],[4.57674,50.81412],[4.57915,50.8153],[4.57983,50.81549],[4.58042,50.8155],[4.58088,50.81572],[4.58174,50.81642],[4.58302,50.81712],[4.58383,50.81741],[4.58559,50.81773],[4.58657,50.81839]]]}},{"type":"Feature","id":"24107","bbox":[4.851721,50.752095,5.019871,50.864326],"properties":{"nis":"24107","name":"Tienen","nameNl":"Tienen","nameFr":"Tirlemont","nameDe":"Tienen","province":"vlaams-brabant","region":"flanders","areaKm2":72.52},"geometry":{"type":"Polygon","coordinates":[[[4.85747,50.81351],[4.86749,50.80859],[4.90895,50.78819],[4.91283,50.78622],[4.91628,50.78434],[4.91823,50.7832],[4.92059,50.78171],[4.92207,50.78072],[4.92456,50.77895],[4.92699,50.77702],[4.92871,50.77554],[4.93063,50.77381],[4.93751,50.76728],[4.94001,50.76484],[4.95326,50.75209],[4.95303,50.75259],[4.95317,50.7538],[4.95341,50.75479],[4.954,50.75482],[4.95499,50.75512],[4.95541,50.75479],[4.95697,50.75556],[4.95845,50.75657],[4.96037,50.75774],[4.96152,50.75833],[4.96143,50.75839],[4.96243,50.75902],[4.96337,50.75972],[4.96429,50.7607],[4.96345,50.76095],[4.96422,50.76146],[4.96472,50.76131],[4.96576,50.76221],[4.96595,50.76203],[4.96937,50.76231],[4.96917,50.76304],[4.96914,50.76513],[4.96853,50.76724],[4.96983,50.76769],[4.9719,50.76789],[4.97286,50.76769],[4.97478,50.76715],[4.97532,50.76659],[4.97588,50.76631],[4.97593,50.76594],[4.9787,50.76597],[4.97867,50.76663],[4.97844,50.76748],[4.97858,50.7675],[4.9784,50.76828],[4.98172,50.76853],[4.98173,50.76978],[4.98264,50.76965],[4.98477,50.76946],[4.98647,50.76922],[4.98686,50.7699],[4.98719,50.77078],[4.98811,50.77263],[4.98881,50.77334],[4.99037,50.77425],[4.98708,50.77635],[4.98802,50.77709],[4.98631,50.77805],[4.98674,50.77833],[4.98512,50.77928],[4.98394,50.78011],[4.98553,50.78116],[4.9857,50.78145],[4.98532,50.78167],[4.9879,50.78313],[4.98814,50.78296],[4.98917,50.78358],[4.98876,50.78391],[4.98965,50.78453],[4.98978,50.78446],[4.99448,50.78795],[4.99573,50.78904],[4.99582,50.78925],[4.99688,50.78855],[4.99818,50.78942],[4.99889,50.79054],[4.99789,50.79105],[4.99871,50.79163],[4.99918,50.79134],[5.00276,50.79215],[5.00407,50.79257],[5.00486,50.79194],[5.00609,50.79241],[5.00672,50.79297],[5.00843,50.79339],[5.01153,50.79396],[5.01131,50.79435],[5.01269,50.79479],[5.01275,50.79515],[5.01231,50.79522],[5.0124,50.79613],[5.00896,50.79624],[5.00798,50.79937],[5.00761,50.79915],[5.00515,50.80137],[5.00481,50.80125],[5.00354,50.80045],[5.00224,50.80166],[5.00161,50.80178],[5.00184,50.80232],[5.00171,50.80266],[5.00012,50.80279],[4.99879,50.80316],[4.99905,50.80347],[4.99843,50.80385],[4.99773,50.80463],[4.99885,50.80499],[4.99621,50.8086],[4.9974,50.80896],[4.99503,50.81159],[4.99541,50.81277],[4.9951,50.81282],[4.99428,50.81368],[4.99343,50.81335],[4.99218,50.8147],[4.9929,50.8151],[4.99397,50.81516],[4.99458,50.81552],[4.99526,50.8154],[4.99544,50.81577],[4.9959,50.81591],[4.99735,50.8161],[4.99737,50.81675],[4.99718,50.81695],[4.9978,50.81811],[5.00013,50.81849],[5.00177,50.81863],[5.00244,50.81859],[5.00246,50.81902],[5.00326,50.81924],[5.00426,50.81935],[5.00584,50.81839],[5.00663,50.81838],[5.00705,50.81821],[5.00799,50.81817],[5.0092,50.81831],[5.00985,50.81848],[5.01085,50.81844],[5.01111,50.81869],[5.01219,50.81881],[5.0129,50.81936],[5.01388,50.81946],[5.01423,50.81962],[5.01488,50.82026],[5.01539,50.82038],[5.01538,50.82078],[5.01665,50.82104],[5.01769,50.82103],[5.0186,50.8214],[5.01952,50.82163],[5.01951,50.82233],[5.01983,50.82306],[5.01987,50.82354],[5.01933,50.8259],[5.01937,50.82634],[5.01918,50.82878],[5.01841,50.8302],[5.01807,50.83114],[5.0178,50.83219],[5.01781,50.83323],[5.01719,50.83376],[5.01695,50.83434],[5.01665,50.8345],[5.01683,50.83488],[5.01632,50.83554],[5.01686,50.83588],[5.01702,50.83664],[5.01662,50.8369],[5.01617,50.83667],[5.01552,50.83733],[5.01569,50.8374],[5.01542,50.83819],[5.01429,50.83943],[5.01387,50.84052],[5.01348,50.84087],[5.01354,50.84136],[5.01324,50.84153],[5.01196,50.84189],[5.01141,50.8418],[5.01,50.84222],[5.00966,50.84215],[5.00782,50.84252],[5.00682,50.84288],[5.0062,50.84266],[5.00429,50.84272],[5.00389,50.84315],[5.00285,50.84305],[5.00143,50.84358],[5.00116,50.84441],[5.00053,50.84505],[4.99824,50.84611],[4.99842,50.84617],[4.99583,50.84676],[4.99498,50.84675],[4.99488,50.8465],[4.9931,50.84652],[4.99285,50.8464],[4.99096,50.84611],[4.98913,50.84553],[4.98808,50.84713],[4.98798,50.84793],[4.98775,50.84917],[4.98756,50.84956],[4.98622,50.8496],[4.98451,50.84951],[4.9838,50.84916],[4.98248,50.84874],[4.98164,50.84903],[4.97888,50.84729],[4.97809,50.84668],[4.9772,50.84615],[4.97613,50.84591],[4.97297,50.84536],[4.97284,50.84554],[4.97152,50.84511],[4.97096,50.84453],[4.96861,50.84332],[4.96848,50.84342],[4.9652,50.84187],[4.96362,50.8408],[4.96262,50.84036],[4.96306,50.83985],[4.96186,50.83926],[4.96134,50.83878],[4.96035,50.83823],[4.95907,50.83765],[4.95885,50.83785],[4.95735,50.83671],[4.9579,50.83603],[4.95738,50.83568],[4.95616,50.83541],[4.95371,50.83512],[4.9518,50.83461],[4.94948,50.83346],[4.94876,50.833],[4.94798,50.83384],[4.94673,50.83335],[4.94588,50.83317],[4.94551,50.83367],[4.94344,50.83301],[4.9428,50.83368],[4.94086,50.83273],[4.93923,50.83383],[4.93829,50.83305],[4.93783,50.83247],[4.93722,50.83211],[4.93529,50.83121],[4.93406,50.83178],[4.93408,50.83246],[4.93577,50.83323],[4.93556,50.83343],[4.93707,50.83397],[4.93578,50.83508],[4.93562,50.83501],[4.93444,50.83642],[4.93408,50.83637],[4.93321,50.83848],[4.93346,50.83852],[4.93217,50.83996],[4.93038,50.83946],[4.9304,50.84277],[4.93026,50.84323],[4.92945,50.8442],[4.93041,50.8451],[4.93119,50.84563],[4.93015,50.84618],[4.93118,50.84671],[4.92968,50.84768],[4.92902,50.84731],[4.92752,50.84871],[4.92954,50.84914],[4.92963,50.84922],[4.92879,50.85046],[4.92738,50.85002],[4.92694,50.85059],[4.9278,50.85089],[4.92689,50.85175],[4.9282,50.85236],[4.92836,50.85254],[4.92788,50.85285],[4.92823,50.853],[4.92893,50.85284],[4.93077,50.85295],[4.93095,50.85321],[4.93149,50.8529],[4.93163,50.85327],[4.9321,50.85328],[4.93324,50.8536],[4.93372,50.85409],[4.9348,50.85426],[4.93547,50.85382],[4.93609,50.85377],[4.93655,50.85405],[4.93574,50.85513],[4.93451,50.85689],[4.93415,50.85727],[4.93301,50.85684],[4.93206,50.85787],[4.93053,50.85726],[4.92375,50.85502],[4.92145,50.85459],[4.91747,50.85464],[4.91649,50.85471],[4.91644,50.85501],[4.9177,50.85707],[4.9182,50.8586],[4.91809,50.85863],[4.91824,50.85952],[4.91798,50.86005],[4.91615,50.86163],[4.91604,50.86155],[4.91473,50.8624],[4.91324,50.86294],[4.91374,50.86343],[4.91155,50.86407],[4.91102,50.86405],[4.91037,50.86432],[4.91023,50.86422],[4.91022,50.86397],[4.90931,50.86298],[4.90834,50.86167],[4.90753,50.86097],[4.90577,50.85928],[4.90416,50.85728],[4.903,50.85533],[4.90221,50.85563],[4.90114,50.85476],[4.90005,50.85434],[4.89979,50.85414],[4.89904,50.85316],[4.89703,50.85257],[4.89587,50.85204],[4.89665,50.85138],[4.89781,50.85058],[4.89876,50.84956],[4.89944,50.84859],[4.89875,50.84853],[4.89851,50.84872],[4.89749,50.8485],[4.89635,50.8478],[4.89575,50.84788],[4.89594,50.84765],[4.89515,50.84749],[4.89501,50.84775],[4.89432,50.84772],[4.89293,50.8474],[4.89331,50.8473],[4.89276,50.84703],[4.8924,50.84713],[4.892,50.84678],[4.89143,50.84679],[4.89079,50.8464],[4.89023,50.84638],[4.88971,50.84612],[4.88831,50.84566],[4.88777,50.84557],[4.88502,50.84475],[4.88503,50.84444],[4.88413,50.84438],[4.88318,50.84388],[4.88249,50.84464],[4.88201,50.8444],[4.88107,50.84423],[4.88084,50.84397],[4.88032,50.84396],[4.87857,50.84318],[4.87799,50.84271],[4.87756,50.84258],[4.87635,50.84173],[4.87552,50.84218],[4.87473,50.84187],[4.87473,50.84168],[4.87411,50.84137],[4.87322,50.84128],[4.87287,50.84053],[4.87282,50.84001],[4.87309,50.83936],[4.873,50.83913],[4.87314,50.83752],[4.87299,50.83674],[4.87345,50.83621],[4.87528,50.83506],[4.87743,50.83396],[4.87852,50.83377],[4.87804,50.83283],[4.87849,50.83214],[4.87879,50.83207],[4.87916,50.83155],[4.87888,50.83124],[4.87822,50.83133],[4.87719,50.83167],[4.87609,50.83039],[4.8757,50.83054],[4.87509,50.82951],[4.87458,50.82767],[4.87486,50.82758],[4.87291,50.82719],[4.87316,50.82636],[4.86676,50.82729],[4.86664,50.82688],[4.86678,50.82588],[4.86569,50.82577],[4.86383,50.82534],[4.86403,50.82499],[4.86242,50.8247],[4.86296,50.82344],[4.86096,50.82295],[4.85987,50.8228],[4.85761,50.82264],[4.85769,50.82224],[4.85526,50.82236],[4.855,50.82331],[4.85346,50.8232],[4.85338,50.82289],[4.85356,50.82216],[4.85175,50.82176],[4.85245,50.8204],[4.85181,50.82006],[4.85172,50.81979],[4.8524,50.81884],[4.85325,50.81789],[4.85434,50.81656],[4.85533,50.8155],[4.85601,50.81458],[4.85747,50.81351]]]}},{"type":"Feature","id":"24109","bbox":[4.652881,50.979169,4.774353,51.026831],"properties":{"nis":"24109","name":"Tremelo","nameNl":"Tremelo","nameFr":"Tremelo","nameDe":"Tremelo","province":"vlaams-brabant","region":"flanders","areaKm2":21.81},"geometry":{"type":"Polygon","coordinates":[[[4.66995,50.98599],[4.67077,50.98588],[4.67193,50.98615],[4.67299,50.98629],[4.67684,50.98601],[4.67717,50.98588],[4.67861,50.98605],[4.67973,50.98566],[4.67967,50.98536],[4.68038,50.98511],[4.6814,50.98517],[4.68161,50.98496],[4.68137,50.9846],[4.68186,50.98428],[4.68269,50.98421],[4.68319,50.98432],[4.68348,50.98466],[4.68384,50.9847],[4.68471,50.98442],[4.68518,50.984],[4.68624,50.98393],[4.68664,50.98419],[4.68692,50.98409],[4.68773,50.98343],[4.68801,50.9834],[4.68895,50.98392],[4.6891,50.98423],[4.68969,50.98429],[4.69075,50.98363],[4.69215,50.98357],[4.69365,50.98308],[4.69484,50.98285],[4.69535,50.98236],[4.69534,50.98182],[4.69565,50.98109],[4.69519,50.98075],[4.69565,50.98042],[4.69569,50.97985],[4.69628,50.97941],[4.69681,50.97958],[4.69757,50.9792],[4.698,50.97918],[4.69836,50.97967],[4.69892,50.97973],[4.69926,50.9795],[4.70003,50.97975],[4.70101,50.97935],[4.70116,50.97978],[4.70199,50.9806],[4.70278,50.98064],[4.70329,50.98122],[4.70406,50.98092],[4.70481,50.98099],[4.70533,50.98132],[4.70567,50.98129],[4.70588,50.98095],[4.70641,50.98086],[4.70692,50.98045],[4.70778,50.98058],[4.7082,50.98108],[4.7087,50.98077],[4.70922,50.98083],[4.71076,50.98122],[4.71143,50.98128],[4.71166,50.98158],[4.71266,50.98135],[4.71298,50.9817],[4.71404,50.98198],[4.71422,50.98245],[4.71483,50.98243],[4.71566,50.98288],[4.71699,50.98268],[4.71833,50.98231],[4.71951,50.98168],[4.71993,50.98193],[4.7206,50.98207],[4.72189,50.98217],[4.72269,50.98257],[4.72363,50.98247],[4.7245,50.98284],[4.72455,50.98318],[4.72494,50.98362],[4.72477,50.98404],[4.72585,50.98415],[4.7264,50.98404],[4.72726,50.98448],[4.72772,50.98453],[4.72948,50.98408],[4.72985,50.98384],[4.73066,50.98416],[4.73285,50.98365],[4.73378,50.9838],[4.73426,50.98409],[4.7355,50.98396],[4.73747,50.98322],[4.7379,50.98321],[4.7384,50.98349],[4.73914,50.98335],[4.7397,50.98348],[4.74002,50.98279],[4.74128,50.98194],[4.74229,50.98177],[4.74298,50.98207],[4.74357,50.98187],[4.74399,50.98133],[4.745,50.98132],[4.74563,50.98155],[4.74673,50.98114],[4.74758,50.98064],[4.74811,50.98051],[4.74877,50.98062],[4.74976,50.98099],[4.75068,50.98114],[4.75102,50.98157],[4.75156,50.98167],[4.75239,50.98159],[4.7533,50.98124],[4.75377,50.98095],[4.75476,50.98118],[4.75427,50.98135],[4.75459,50.98199],[4.7558,50.98228],[4.75652,50.98254],[4.75691,50.98237],[4.75693,50.98344],[4.75659,50.98451],[4.75657,50.98628],[4.75674,50.98753],[4.75672,50.9888],[4.75958,50.98932],[4.76242,50.98971],[4.7648,50.99037],[4.766,50.99066],[4.76838,50.99173],[4.76984,50.99233],[4.77112,50.99274],[4.77315,50.99331],[4.77259,50.99445],[4.77189,50.99557],[4.77139,50.99593],[4.77191,50.99626],[4.77267,50.99655],[4.77435,50.99692],[4.77357,50.9982],[4.77276,50.99923],[4.77139,51.00129],[4.77071,51.00128],[4.7701,51.00323],[4.76913,51.00528],[4.76894,51.00626],[4.76979,51.00672],[4.76979,51.00734],[4.76937,51.00803],[4.76939,51.00832],[4.76757,51.00942],[4.76633,51.00967],[4.7635,51.00992],[4.76226,51.0105],[4.75756,51.014],[4.75689,51.01471],[4.75773,51.0152],[4.75845,51.01543],[4.75945,51.01545],[4.7616,51.01595],[4.76038,51.01738],[4.7594,51.01868],[4.75903,51.01939],[4.75806,51.02047],[4.75689,51.02141],[4.75585,51.02206],[4.7552,51.02234],[4.75489,51.02281],[4.75429,51.02333],[4.75346,51.02376],[4.75312,51.02411],[4.74953,51.02469],[4.74671,51.02506],[4.74223,51.0258],[4.74004,51.0262],[4.73901,51.02645],[4.7381,51.02683],[4.73694,51.0262],[4.73613,51.02591],[4.73255,51.02492],[4.73093,51.02444],[4.73103,51.02237],[4.73094,51.0223],[4.73094,51.02],[4.72276,51.01706],[4.72063,51.01628],[4.71929,51.01583],[4.71346,51.01373],[4.70968,51.01232],[4.70905,51.00994],[4.70845,51.00808],[4.70766,51.00595],[4.70741,51.00516],[4.7066,51.0039],[4.70609,51.00299],[4.70483,51.00096],[4.70374,51.00005],[4.70339,50.99993],[4.70172,50.9998],[4.70164,50.99973],[4.69956,50.99953],[4.69592,50.99861],[4.69536,50.99918],[4.69361,50.99696],[4.69283,50.99607],[4.69218,50.99474],[4.69024,50.99452],[4.68875,50.9943],[4.68711,50.99438],[4.68238,50.99485],[4.68065,50.99515],[4.67951,50.99527],[4.67517,50.99553],[4.67382,50.99554],[4.67164,50.99568],[4.6699,50.99603],[4.66936,50.99537],[4.66849,50.99578],[4.66523,50.99564],[4.6657,50.99513],[4.66235,50.99487],[4.6557,50.99385],[4.65501,50.99364],[4.65295,50.9921],[4.65288,50.99051],[4.65442,50.98998],[4.65545,50.98936],[4.65473,50.98879],[4.65361,50.9883],[4.65329,50.98778],[4.65349,50.98728],[4.65471,50.98774],[4.65563,50.98823],[4.65623,50.98835],[4.6561,50.98781],[4.65667,50.98754],[4.65759,50.98824],[4.65816,50.98811],[4.65861,50.98839],[4.65885,50.98912],[4.65923,50.98928],[4.6604,50.98927],[4.66132,50.98939],[4.66223,50.98971],[4.66287,50.98953],[4.66397,50.98881],[4.66542,50.98833],[4.66575,50.98779],[4.66554,50.98731],[4.66617,50.98705],[4.66801,50.98692],[4.66917,50.98657],[4.66995,50.98599]]]}},{"type":"Feature","id":"24130","bbox":[5.043392,50.779055,5.152348,50.884673],"properties":{"nis":"24130","name":"Zoutleeuw","nameNl":"Zoutleeuw","nameFr":"Léau","nameDe":"Zoutleeuw","province":"vlaams-brabant","region":"flanders","areaKm2":46.68},"geometry":{"type":"Polygon","coordinates":[[[5.14844,50.85806],[5.14842,50.85911],[5.14811,50.8591],[5.14652,50.85989],[5.14545,50.86012],[5.14416,50.86004],[5.14328,50.8604],[5.14303,50.86063],[5.14264,50.86053],[5.14178,50.86071],[5.14105,50.86066],[5.14066,50.86078],[5.13996,50.86041],[5.13966,50.86086],[5.1383,50.86092],[5.13786,50.86101],[5.13766,50.86153],[5.1353,50.86204],[5.13467,50.86246],[5.13339,50.86296],[5.13251,50.86279],[5.13235,50.86296],[5.13069,50.86343],[5.12898,50.86383],[5.12795,50.86396],[5.12654,50.86476],[5.12466,50.86486],[5.12376,50.86501],[5.12159,50.86581],[5.12002,50.86645],[5.12009,50.86732],[5.11949,50.86784],[5.11849,50.86796],[5.11558,50.86907],[5.11467,50.86934],[5.11447,50.8696],[5.11468,50.87118],[5.11523,50.8716],[5.1146,50.8728],[5.11468,50.87334],[5.11503,50.87367],[5.11592,50.87377],[5.11563,50.87418],[5.11587,50.8744],[5.11565,50.8751],[5.11633,50.87496],[5.11727,50.87551],[5.11721,50.87613],[5.11746,50.87634],[5.11751,50.877],[5.11789,50.87726],[5.11743,50.87773],[5.11737,50.87811],[5.11371,50.87932],[5.11369,50.87899],[5.11268,50.87874],[5.11294,50.87833],[5.11235,50.87839],[5.11203,50.87817],[5.11216,50.87727],[5.11181,50.87693],[5.10973,50.87713],[5.10789,50.87708],[5.10721,50.87673],[5.10677,50.87665],[5.10493,50.87569],[5.10465,50.87542],[5.1024,50.87398],[5.10123,50.8735],[5.10035,50.8725],[5.09878,50.87161],[5.09803,50.87099],[5.09585,50.87009],[5.0947,50.86998],[5.09433,50.86956],[5.09359,50.86931],[5.0931,50.86948],[5.09259,50.86914],[5.09202,50.86915],[5.09114,50.86892],[5.09073,50.86899],[5.09066,50.8693],[5.09024,50.86972],[5.08654,50.87269],[5.08575,50.87338],[5.08324,50.87578],[5.08294,50.87663],[5.08265,50.87711],[5.08164,50.87772],[5.07966,50.87909],[5.07833,50.87985],[5.07573,50.88147],[5.07478,50.88166],[5.07362,50.88211],[5.07269,50.88258],[5.07136,50.88305],[5.06801,50.88412],[5.06546,50.88467],[5.06316,50.88314],[5.06254,50.88242],[5.0601,50.88058],[5.05901,50.88056],[5.05838,50.88073],[5.05802,50.88116],[5.04967,50.87972],[5.04891,50.87952],[5.04704,50.87871],[5.04761,50.87816],[5.04694,50.87786],[5.04571,50.87758],[5.04471,50.8769],[5.04445,50.87621],[5.04339,50.87481],[5.0458,50.87267],[5.04748,50.87151],[5.04901,50.87058],[5.04924,50.87051],[5.05012,50.86955],[5.05118,50.86895],[5.05328,50.86759],[5.05545,50.8655],[5.05623,50.86487],[5.05666,50.86435],[5.05768,50.86266],[5.05851,50.86211],[5.05895,50.86198],[5.0593,50.86159],[5.05957,50.86068],[5.05954,50.85988],[5.05938,50.8591],[5.05949,50.85786],[5.05991,50.85704],[5.06088,50.85585],[5.06158,50.85537],[5.06343,50.85454],[5.06671,50.8529],[5.06751,50.85157],[5.06784,50.85075],[5.06842,50.84997],[5.06924,50.84865],[5.06969,50.84759],[5.07184,50.84819],[5.07273,50.84775],[5.07212,50.8473],[5.07308,50.84686],[5.07365,50.84636],[5.07447,50.84684],[5.0753,50.84644],[5.07607,50.84655],[5.07664,50.84611],[5.0754,50.84576],[5.07565,50.84529],[5.07493,50.84503],[5.0747,50.84471],[5.0738,50.84427],[5.07325,50.84422],[5.07178,50.84476],[5.0707,50.84463],[5.06991,50.84411],[5.06909,50.84398],[5.06784,50.84359],[5.06693,50.84315],[5.06534,50.84274],[5.06617,50.84188],[5.06702,50.84041],[5.06756,50.83966],[5.06577,50.83891],[5.06611,50.83809],[5.0661,50.83701],[5.06587,50.83634],[5.06527,50.83539],[5.06684,50.83432],[5.07051,50.83206],[5.07236,50.83056],[5.07353,50.82944],[5.07415,50.82858],[5.07354,50.82799],[5.07345,50.8274],[5.07313,50.82692],[5.07406,50.82569],[5.07528,50.82437],[5.07662,50.82331],[5.07449,50.822],[5.07222,50.82021],[5.07114,50.81961],[5.07054,50.81937],[5.0723,50.81828],[5.07296,50.81867],[5.07371,50.81817],[5.07409,50.81846],[5.07599,50.81759],[5.07641,50.81784],[5.07722,50.81747],[5.07753,50.81774],[5.07872,50.81719],[5.07908,50.81748],[5.08038,50.81668],[5.08051,50.81678],[5.08237,50.81584],[5.08284,50.81587],[5.08247,50.81545],[5.08253,50.81488],[5.08452,50.81541],[5.08501,50.81566],[5.08527,50.81617],[5.0863,50.81704],[5.08646,50.81771],[5.08713,50.81832],[5.08773,50.81864],[5.08838,50.81857],[5.08873,50.81879],[5.08927,50.81963],[5.08998,50.8201],[5.09023,50.82065],[5.09099,50.82087],[5.09379,50.81908],[5.09291,50.81837],[5.09229,50.81848],[5.09155,50.81799],[5.09054,50.81761],[5.08979,50.81667],[5.08969,50.81603],[5.08941,50.81577],[5.08794,50.8166],[5.08737,50.81628],[5.08665,50.81553],[5.08651,50.81507],[5.08503,50.81201],[5.08547,50.81179],[5.08544,50.8112],[5.08489,50.81027],[5.08361,50.81005],[5.0835,50.80965],[5.08271,50.80924],[5.08154,50.80826],[5.08217,50.8074],[5.07903,50.80562],[5.07619,50.80503],[5.07627,50.80485],[5.07425,50.80464],[5.07428,50.80452],[5.07312,50.80409],[5.07355,50.8037],[5.07386,50.80255],[5.07443,50.80212],[5.07522,50.801],[5.07675,50.80011],[5.07572,50.79966],[5.07531,50.79937],[5.07464,50.79795],[5.07428,50.79689],[5.07327,50.79566],[5.07277,50.79492],[5.07242,50.79399],[5.07581,50.79393],[5.07797,50.79384],[5.08071,50.79362],[5.0823,50.79362],[5.08341,50.79339],[5.08576,50.79259],[5.08745,50.79184],[5.08737,50.79134],[5.08878,50.79101],[5.09093,50.79105],[5.09187,50.79063],[5.09131,50.79021],[5.09053,50.78927],[5.08941,50.7883],[5.08865,50.788],[5.08788,50.78743],[5.08714,50.78704],[5.08654,50.7865],[5.08695,50.78576],[5.08902,50.78479],[5.08893,50.78471],[5.09027,50.78406],[5.09018,50.78364],[5.09123,50.78301],[5.09105,50.78282],[5.09234,50.78236],[5.09213,50.7823],[5.09438,50.7816],[5.09672,50.7811],[5.09693,50.7814],[5.09826,50.78096],[5.09844,50.78121],[5.09921,50.78092],[5.09935,50.7811],[5.10037,50.78163],[5.10095,50.78132],[5.10073,50.7812],[5.10173,50.78044],[5.10204,50.78095],[5.10308,50.78208],[5.10375,50.7817],[5.10484,50.78131],[5.10422,50.78038],[5.1035,50.78056],[5.10306,50.77981],[5.10586,50.77917],[5.10659,50.77906],[5.10787,50.78073],[5.10744,50.78091],[5.1081,50.78191],[5.10857,50.78231],[5.10907,50.78306],[5.10852,50.78331],[5.10938,50.78434],[5.10924,50.7844],[5.11054,50.78563],[5.11033,50.7857],[5.11075,50.78615],[5.1112,50.78602],[5.11196,50.78617],[5.11363,50.78775],[5.11403,50.78859],[5.11544,50.7909],[5.11567,50.79086],[5.11589,50.7914],[5.11743,50.79256],[5.11845,50.7925],[5.12227,50.79238],[5.1285,50.79223],[5.13266,50.79208],[5.13664,50.79676],[5.13878,50.79922],[5.13954,50.80022],[5.14208,50.80313],[5.14312,50.80417],[5.14462,50.80537],[5.14697,50.80698],[5.14917,50.80815],[5.15076,50.80886],[5.15235,50.8095],[5.15081,50.81062],[5.15011,50.81134],[5.14971,50.81195],[5.14857,50.81145],[5.14706,50.81096],[5.14516,50.8094],[5.14274,50.80905],[5.14179,50.80943],[5.14041,50.80985],[5.13618,50.81147],[5.13501,50.81225],[5.13195,50.81415],[5.13048,50.81457],[5.1306,50.81498],[5.13031,50.81621],[5.13053,50.81653],[5.13082,50.81753],[5.13136,50.81833],[5.1319,50.81996],[5.13221,50.82044],[5.13354,50.82157],[5.13527,50.82277],[5.13567,50.82327],[5.13671,50.8241],[5.13823,50.82504],[5.13626,50.8262],[5.13693,50.8267],[5.13541,50.82721],[5.13535,50.82853],[5.13479,50.8295],[5.13455,50.83034],[5.13529,50.8324],[5.1352,50.83316],[5.13531,50.83373],[5.13585,50.83524],[5.13877,50.83836],[5.13902,50.83914],[5.13993,50.8397],[5.14019,50.8397],[5.14148,50.84058],[5.14278,50.84203],[5.14341,50.84305],[5.14437,50.84477],[5.14453,50.84517],[5.14423,50.84561],[5.14372,50.84565],[5.14206,50.84558],[5.14111,50.84566],[5.1389,50.84635],[5.1385,50.84676],[5.13821,50.84752],[5.13706,50.84809],[5.1381,50.84864],[5.13758,50.84888],[5.13879,50.84957],[5.14027,50.85019],[5.14266,50.85111],[5.1435,50.85148],[5.14561,50.85277],[5.14641,50.8518],[5.14671,50.85182],[5.14688,50.85267],[5.14802,50.85241],[5.14822,50.85333],[5.1488,50.85341],[5.14852,50.85439],[5.14699,50.85539],[5.14768,50.85565],[5.14806,50.85637],[5.14829,50.8572],[5.14842,50.85723],[5.14844,50.85806]]]}},{"type":"Feature","id":"24133","bbox":[4.992182,50.776028,5.093788,50.868292],"properties":{"nis":"24133","name":"Linter","nameNl":"Linter","nameFr":"Linter","nameDe":"Linter","province":"vlaams-brabant","region":"flanders","areaKm2":36.74},"geometry":{"type":"Polygon","coordinates":[[[5.01269,50.79479],[5.01431,50.79436],[5.01894,50.79256],[5.02167,50.79357],[5.0219,50.7931],[5.02285,50.79325],[5.02283,50.79336],[5.02408,50.79354],[5.02437,50.79276],[5.02498,50.79215],[5.02675,50.79325],[5.02779,50.79361],[5.02896,50.7928],[5.02841,50.79229],[5.03062,50.79096],[5.03138,50.79037],[5.0319,50.79054],[5.03268,50.78985],[5.03324,50.79019],[5.03461,50.79003],[5.03443,50.79031],[5.03505,50.79051],[5.03512,50.79085],[5.03632,50.79163],[5.03692,50.79193],[5.03783,50.79258],[5.03885,50.79201],[5.0397,50.79089],[5.0402,50.79084],[5.04057,50.79057],[5.04177,50.79103],[5.04336,50.7901],[5.04313,50.78996],[5.04365,50.78965],[5.04252,50.78901],[5.04373,50.78816],[5.04303,50.78787],[5.04366,50.78745],[5.0433,50.78693],[5.04316,50.78576],[5.04298,50.78528],[5.04156,50.78349],[5.04072,50.78273],[5.04036,50.78193],[5.04139,50.78152],[5.04352,50.78127],[5.04459,50.78077],[5.04649,50.78016],[5.04831,50.77947],[5.04973,50.77878],[5.05198,50.77742],[5.05456,50.77621],[5.05511,50.77603],[5.05595,50.7771],[5.05507,50.77745],[5.05548,50.77785],[5.05703,50.77885],[5.05819,50.77813],[5.05952,50.779],[5.05999,50.77881],[5.06159,50.77982],[5.0621,50.77949],[5.06387,50.78069],[5.06549,50.78187],[5.06797,50.78296],[5.06841,50.78363],[5.0687,50.78355],[5.06925,50.78435],[5.06879,50.78461],[5.06948,50.78494],[5.06857,50.78533],[5.06932,50.78544],[5.07009,50.78613],[5.0705,50.78597],[5.0715,50.7869],[5.07417,50.78999],[5.07519,50.79139],[5.07667,50.7924],[5.07728,50.79289],[5.07797,50.79384],[5.07581,50.79393],[5.07242,50.79399],[5.07277,50.79492],[5.07327,50.79566],[5.07428,50.79689],[5.07464,50.79795],[5.07531,50.79937],[5.07572,50.79966],[5.07675,50.80011],[5.07522,50.801],[5.07443,50.80212],[5.07386,50.80255],[5.07355,50.8037],[5.07312,50.80409],[5.07428,50.80452],[5.07425,50.80464],[5.07627,50.80485],[5.07619,50.80503],[5.07903,50.80562],[5.08217,50.8074],[5.08154,50.80826],[5.08271,50.80924],[5.0835,50.80965],[5.08361,50.81005],[5.08489,50.81027],[5.08544,50.8112],[5.08547,50.81179],[5.08503,50.81201],[5.08651,50.81507],[5.08665,50.81553],[5.08737,50.81628],[5.08794,50.8166],[5.08941,50.81577],[5.08969,50.81603],[5.08979,50.81667],[5.09054,50.81761],[5.09155,50.81799],[5.09229,50.81848],[5.09291,50.81837],[5.09379,50.81908],[5.09099,50.82087],[5.09023,50.82065],[5.08998,50.8201],[5.08927,50.81963],[5.08873,50.81879],[5.08838,50.81857],[5.08773,50.81864],[5.08713,50.81832],[5.08646,50.81771],[5.0863,50.81704],[5.08527,50.81617],[5.08501,50.81566],[5.08452,50.81541],[5.08253,50.81488],[5.08247,50.81545],[5.08284,50.81587],[5.08237,50.81584],[5.08051,50.81678],[5.08038,50.81668],[5.07908,50.81748],[5.07872,50.81719],[5.07753,50.81774],[5.07722,50.81747],[5.07641,50.81784],[5.07599,50.81759],[5.07409,50.81846],[5.07371,50.81817],[5.07296,50.81867],[5.0723,50.81828],[5.07054,50.81937],[5.07114,50.81961],[5.07222,50.82021],[5.07449,50.822],[5.07662,50.82331],[5.07528,50.82437],[5.07406,50.82569],[5.07313,50.82692],[5.07345,50.8274],[5.07354,50.82799],[5.07415,50.82858],[5.07353,50.82944],[5.07236,50.83056],[5.07051,50.83206],[5.06684,50.83432],[5.06527,50.83539],[5.06587,50.83634],[5.0661,50.83701],[5.06611,50.83809],[5.06577,50.83891],[5.06756,50.83966],[5.06702,50.84041],[5.06617,50.84188],[5.06534,50.84274],[5.06693,50.84315],[5.06784,50.84359],[5.06909,50.84398],[5.06991,50.84411],[5.0707,50.84463],[5.07178,50.84476],[5.07325,50.84422],[5.0738,50.84427],[5.0747,50.84471],[5.07493,50.84503],[5.07565,50.84529],[5.0754,50.84576],[5.07664,50.84611],[5.07607,50.84655],[5.0753,50.84644],[5.07447,50.84684],[5.07365,50.84636],[5.07308,50.84686],[5.07212,50.8473],[5.07273,50.84775],[5.07184,50.84819],[5.06969,50.84759],[5.06924,50.84865],[5.06842,50.84997],[5.06784,50.85075],[5.06751,50.85157],[5.06671,50.8529],[5.06343,50.85454],[5.06158,50.85537],[5.06088,50.85585],[5.05991,50.85704],[5.05949,50.85786],[5.05938,50.8591],[5.05954,50.85988],[5.05957,50.86068],[5.05909,50.86085],[5.05824,50.86089],[5.05749,50.86072],[5.05709,50.86097],[5.05581,50.861],[5.05456,50.86051],[5.05427,50.86055],[5.05244,50.85999],[5.05132,50.85994],[5.05056,50.85975],[5.04973,50.85984],[5.04754,50.85946],[5.04581,50.85883],[5.04497,50.85878],[5.04405,50.85847],[5.04201,50.85815],[5.04216,50.85752],[5.04158,50.85739],[5.04084,50.85759],[5.04007,50.85763],[5.03982,50.85778],[5.03938,50.8575],[5.03776,50.85696],[5.03711,50.85656],[5.03417,50.85602],[5.03312,50.85804],[5.03232,50.85946],[5.03059,50.8622],[5.03048,50.86254],[5.03043,50.86492],[5.03138,50.86667],[5.03138,50.86741],[5.03094,50.86829],[5.03071,50.86822],[5.02974,50.86731],[5.0278,50.86699],[5.02459,50.865],[5.02703,50.86373],[5.02303,50.86009],[5.02228,50.85933],[5.02207,50.85853],[5.0215,50.85818],[5.02089,50.85802],[5.01965,50.85798],[5.0186,50.85783],[5.01623,50.85729],[5.01581,50.85695],[5.0145,50.85534],[5.01391,50.85445],[5.01315,50.8536],[5.01233,50.85285],[5.01159,50.85232],[5.00975,50.85118],[5.00755,50.85017],[5.00646,50.84978],[5.00491,50.84882],[5.00481,50.84828],[5.00415,50.84793],[5.00229,50.8476],[5.00147,50.84732],[4.99911,50.84639],[4.99842,50.84617],[4.99824,50.84611],[5.00053,50.84505],[5.00116,50.84441],[5.00143,50.84358],[5.00285,50.84305],[5.00389,50.84315],[5.00429,50.84272],[5.0062,50.84266],[5.00682,50.84288],[5.00782,50.84252],[5.00966,50.84215],[5.01,50.84222],[5.01141,50.8418],[5.01196,50.84189],[5.01324,50.84153],[5.01354,50.84136],[5.01348,50.84087],[5.01387,50.84052],[5.01429,50.83943],[5.01542,50.83819],[5.01569,50.8374],[5.01552,50.83733],[5.01617,50.83667],[5.01662,50.8369],[5.01702,50.83664],[5.01686,50.83588],[5.01632,50.83554],[5.01683,50.83488],[5.01665,50.8345],[5.01695,50.83434],[5.01719,50.83376],[5.01781,50.83323],[5.0178,50.83219],[5.01807,50.83114],[5.01841,50.8302],[5.01918,50.82878],[5.01937,50.82634],[5.01933,50.8259],[5.01987,50.82354],[5.01983,50.82306],[5.01951,50.82233],[5.01952,50.82163],[5.0186,50.8214],[5.01769,50.82103],[5.01665,50.82104],[5.01538,50.82078],[5.01539,50.82038],[5.01488,50.82026],[5.01423,50.81962],[5.01388,50.81946],[5.0129,50.81936],[5.01219,50.81881],[5.01111,50.81869],[5.01085,50.81844],[5.00985,50.81848],[5.0092,50.81831],[5.00799,50.81817],[5.00705,50.81821],[5.00663,50.81838],[5.00584,50.81839],[5.00426,50.81935],[5.00326,50.81924],[5.00246,50.81902],[5.00244,50.81859],[5.00177,50.81863],[5.00013,50.81849],[4.9978,50.81811],[4.99718,50.81695],[4.99737,50.81675],[4.99735,50.8161],[4.9959,50.81591],[4.99544,50.81577],[4.99526,50.8154],[4.99458,50.81552],[4.99397,50.81516],[4.9929,50.8151],[4.99218,50.8147],[4.99343,50.81335],[4.99428,50.81368],[4.9951,50.81282],[4.99541,50.81277],[4.99503,50.81159],[4.9974,50.80896],[4.99621,50.8086],[4.99885,50.80499],[4.99773,50.80463],[4.99843,50.80385],[4.99905,50.80347],[4.99879,50.80316],[5.00012,50.80279],[5.00171,50.80266],[5.00184,50.80232],[5.00161,50.80178],[5.00224,50.80166],[5.00354,50.80045],[5.00481,50.80125],[5.00515,50.80137],[5.00761,50.79915],[5.00798,50.79937],[5.00896,50.79624],[5.0124,50.79613],[5.01231,50.79522],[5.01275,50.79515],[5.01269,50.79479]]]}},{"type":"Feature","id":"24134","bbox":[4.902316,50.952942,5.022225,51.046128],"properties":{"nis":"24134","name":"Scherpenheuvel-Zichem","nameNl":"Scherpenheuvel-Zichem","nameFr":"Montaigu-Zichem","nameDe":"Scherpenheuvel-Zichem","province":"vlaams-brabant","region":"flanders","areaKm2":50.97},"geometry":{"type":"Polygon","coordinates":[[[4.93605,51.03636],[4.93642,51.03586],[4.93487,51.03585],[4.93645,51.03383],[4.93359,51.03247],[4.9345,51.03145],[4.9349,51.02994],[4.93232,51.02906],[4.93261,51.02885],[4.93259,51.02765],[4.93297,51.02718],[4.93353,51.02542],[4.93191,51.02479],[4.93304,51.02404],[4.93269,51.02364],[4.93333,51.02313],[4.93158,51.02256],[4.93365,51.02114],[4.93262,51.02069],[4.93382,51.02001],[4.9325,51.01966],[4.93048,51.0189],[4.93139,51.01718],[4.9318,51.01522],[4.93209,51.01523],[4.93212,51.01488],[4.93166,51.01483],[4.9318,51.01345],[4.93248,51.01348],[4.93249,51.01232],[4.93238,51.01206],[4.93177,51.01214],[4.93226,51.01072],[4.93197,51.01106],[4.93077,51.01085],[4.93053,51.0115],[4.92976,51.01148],[4.92972,51.01166],[4.92852,51.01152],[4.92842,51.01206],[4.92568,51.01143],[4.9264,51.01048],[4.92626,51.01034],[4.92719,51.00876],[4.92779,51.007],[4.92893,51.00564],[4.92995,51.00369],[4.9291,51.00377],[4.92871,51.00367],[4.92796,51.0031],[4.92729,51.00204],[4.92614,51.00108],[4.92579,51.00093],[4.92521,51.00112],[4.92504,51.0017],[4.92527,51.00228],[4.92495,51.00249],[4.9241,51.00217],[4.92379,51.00121],[4.92304,51.00056],[4.92251,51.00042],[4.92137,51.00037],[4.92031,51.00022],[4.91959,50.99992],[4.91942,50.99959],[4.91937,50.99888],[4.91915,50.9987],[4.91772,50.99847],[4.91686,50.99823],[4.91627,50.99827],[4.91555,50.99893],[4.91433,50.99939],[4.91323,50.99957],[4.91356,50.99917],[4.91434,50.99881],[4.91336,50.99878],[4.91151,50.999],[4.90931,50.99882],[4.90891,50.99867],[4.90849,50.99813],[4.90777,50.99745],[4.90732,50.99737],[4.9069,50.99798],[4.90627,50.99834],[4.90556,50.99828],[4.90456,50.99732],[4.9042,50.99727],[4.90378,50.99765],[4.90249,50.99733],[4.90268,50.99701],[4.90367,50.9969],[4.90382,50.99665],[4.90289,50.99613],[4.90245,50.99603],[4.90293,50.9951],[4.90496,50.99497],[4.90589,50.99519],[4.90749,50.99573],[4.90783,50.99532],[4.90816,50.9944],[4.90818,50.99364],[4.90846,50.99346],[4.90858,50.99301],[4.90931,50.99218],[4.90937,50.9917],[4.90917,50.99115],[4.91018,50.99051],[4.91058,50.9896],[4.91074,50.98952],[4.91048,50.9886],[4.90976,50.98829],[4.90899,50.98776],[4.90889,50.98735],[4.9092,50.98735],[4.9092,50.98702],[4.91019,50.98708],[4.90973,50.98558],[4.9115,50.98604],[4.91295,50.98297],[4.91403,50.98303],[4.91429,50.98218],[4.9152,50.98211],[4.9153,50.98158],[4.91632,50.98172],[4.91733,50.98177],[4.91699,50.9826],[4.91871,50.98273],[4.91955,50.98196],[4.92113,50.98212],[4.92139,50.9824],[4.92231,50.98278],[4.92435,50.98346],[4.92561,50.98114],[4.92647,50.97937],[4.92799,50.97501],[4.92859,50.97282],[4.92869,50.97204],[4.92909,50.9712],[4.93086,50.96882],[4.93173,50.96732],[4.932,50.96664],[4.93277,50.96356],[4.93275,50.96324],[4.93307,50.96159],[4.93346,50.96031],[4.93563,50.9613],[4.93806,50.96155],[4.9381,50.96178],[4.93957,50.96215],[4.9416,50.96236],[4.9447,50.96253],[4.94758,50.96248],[4.94935,50.9626],[4.94962,50.96268],[4.95344,50.96304],[4.95446,50.96291],[4.95862,50.96261],[4.96437,50.96282],[4.96445,50.9635],[4.96426,50.96421],[4.96594,50.96476],[4.96852,50.96628],[4.96976,50.96684],[4.97137,50.96747],[4.97281,50.96814],[4.97494,50.96841],[4.97513,50.96836],[4.97545,50.96687],[4.97556,50.96532],[4.97487,50.96425],[4.97604,50.96238],[4.97725,50.96134],[4.97805,50.96083],[4.97917,50.95981],[4.98328,50.95685],[4.98426,50.95592],[4.98473,50.95564],[4.98686,50.9551],[4.98813,50.95427],[4.9875,50.9538],[4.98709,50.95294],[4.98768,50.95314],[4.98962,50.95338],[4.99057,50.95368],[4.98992,50.95461],[4.99482,50.95661],[4.99831,50.95813],[5.00732,50.96282],[5.00787,50.96307],[5.01023,50.96078],[5.01469,50.96165],[5.01629,50.96191],[5.01769,50.9624],[5.02182,50.96423],[5.02017,50.96603],[5.02037,50.96629],[5.02137,50.96705],[5.01694,50.97341],[5.01551,50.97711],[5.01482,50.97973],[5.01466,50.98077],[5.01422,50.98182],[5.01379,50.98229],[5.01288,50.98291],[5.01181,50.98405],[5.01317,50.98473],[5.01501,50.98533],[5.01745,50.98526],[5.01724,50.98654],[5.01898,50.98636],[5.0191,50.98903],[5.01881,50.99016],[5.01681,50.98999],[5.01457,50.98993],[5.01318,50.99011],[5.01243,50.99051],[5.01126,50.99087],[5.01075,50.99217],[5.00977,50.9926],[5.00775,50.9924],[5.00488,50.9923],[5.00341,50.99269],[5.00242,50.99311],[5.002,50.99352],[5.00169,50.99447],[5.00115,50.99519],[5.00072,50.99607],[5.00065,50.99731],[5.00154,50.9981],[5.00178,50.99871],[5.00172,51.00024],[5.00077,51.00028],[5.00027,51.00059],[5.00008,51.00135],[4.99894,51.00172],[4.99717,51.00124],[4.99657,51.00118],[4.99624,51.00136],[4.99624,51.00195],[4.99669,51.00233],[4.99659,51.00263],[4.99574,51.00293],[4.99475,51.00295],[4.99525,51.0041],[4.99509,51.00439],[4.9964,51.00429],[4.99609,51.00497],[4.99615,51.00531],[4.99583,51.00581],[4.99677,51.00618],[4.99692,51.0067],[4.99671,51.00703],[4.99693,51.00722],[4.99649,51.00738],[4.99643,51.0077],[4.99682,51.00823],[4.99755,51.00847],[4.99946,51.00789],[5.00326,51.01092],[5.0069,51.01379],[5.0067,51.014],[5.01351,51.0166],[5.02223,51.01991],[5.02069,51.02182],[5.01882,51.02402],[5.01842,51.02497],[5.01791,51.02761],[5.01653,51.02911],[5.01449,51.0314],[5.01309,51.03251],[5.01055,51.03463],[5.01,51.03552],[5.00967,51.03653],[5.00947,51.0389],[5.00911,51.03886],[5.00832,51.03817],[5.00787,51.03763],[5.00704,51.03714],[5.00691,51.03728],[5.00445,51.03636],[5.00326,51.03531],[5.00301,51.03496],[5.0013,51.03443],[5.00104,51.03461],[4.99819,51.03398],[4.98437,51.03068],[4.98012,51.03234],[4.98009,51.03319],[4.98023,51.03329],[4.9816,51.03488],[4.98045,51.03579],[4.9811,51.0391],[4.97152,51.0369],[4.97017,51.03846],[4.96984,51.03893],[4.96797,51.04337],[4.96651,51.04613],[4.96495,51.0455],[4.95936,51.04306],[4.95772,51.04217],[4.95706,51.04242],[4.95616,51.04089],[4.95561,51.04082],[4.95527,51.04057],[4.9551,51.04011],[4.95454,51.04005],[4.95382,51.03933],[4.95215,51.0393],[4.95027,51.03821],[4.94908,51.03802],[4.94839,51.0376],[4.94726,51.03727],[4.94546,51.03749],[4.94472,51.03768],[4.94403,51.03763],[4.94287,51.03709],[4.94018,51.03684],[4.93814,51.03735],[4.93605,51.03636]]]}},{"type":"Feature","id":"24135","bbox":[4.842758,50.88027,4.95188,50.963099],"properties":{"nis":"24135","name":"Tielt-Winge","nameNl":"Tielt-Winge","nameFr":"Tielt-Winge","nameDe":"Tielt-Winge","province":"vlaams-brabant","region":"flanders","areaKm2":44.37},"geometry":{"type":"Polygon","coordinates":[[[4.91109,50.88027],[4.91239,50.88155],[4.91255,50.88237],[4.91323,50.88388],[4.91429,50.88411],[4.91602,50.88422],[4.91661,50.88418],[4.91765,50.88432],[4.91865,50.8841],[4.92015,50.88403],[4.92096,50.88423],[4.92171,50.88416],[4.92279,50.88428],[4.92369,50.88423],[4.92445,50.88375],[4.92645,50.8838],[4.9265,50.88443],[4.92682,50.88504],[4.92678,50.88557],[4.92697,50.88631],[4.92771,50.8872],[4.92804,50.88738],[4.92812,50.88792],[4.92845,50.88834],[4.92908,50.88873],[4.93016,50.88902],[4.93268,50.88981],[4.93487,50.89072],[4.93517,50.89103],[4.93604,50.89146],[4.93599,50.89157],[4.93699,50.89189],[4.93786,50.892],[4.93961,50.89286],[4.93864,50.89558],[4.93768,50.89552],[4.93717,50.89738],[4.93596,50.89901],[4.93494,50.9001],[4.93176,50.90287],[4.93152,50.90281],[4.92996,50.90426],[4.92936,50.90418],[4.92734,50.90365],[4.92652,50.90537],[4.92596,50.90675],[4.9255,50.90849],[4.92503,50.90992],[4.92337,50.90937],[4.92287,50.91107],[4.92237,50.91218],[4.92197,50.91345],[4.92099,50.91375],[4.91969,50.91371],[4.91941,50.91652],[4.91955,50.91678],[4.91955,50.91787],[4.91944,50.9202],[4.92025,50.92036],[4.9227,50.9201],[4.92432,50.92018],[4.92474,50.92042],[4.9245,50.92098],[4.924,50.92125],[4.92524,50.92279],[4.92642,50.92392],[4.92736,50.92416],[4.92987,50.92497],[4.93034,50.92483],[4.93267,50.92545],[4.93459,50.92634],[4.93768,50.92583],[4.93883,50.92606],[4.94034,50.92615],[4.94118,50.92632],[4.94062,50.92684],[4.94198,50.92725],[4.94313,50.92776],[4.9449,50.92836],[4.94872,50.92921],[4.95012,50.92937],[4.95188,50.92982],[4.95102,50.93103],[4.95012,50.93197],[4.94953,50.93274],[4.94901,50.93411],[4.94888,50.93465],[4.9486,50.93676],[4.94777,50.94067],[4.94718,50.94194],[4.94725,50.94204],[4.94687,50.94317],[4.94673,50.94453],[4.94604,50.9459],[4.94609,50.946],[4.9446,50.94806],[4.94379,50.94895],[4.93986,50.95247],[4.93922,50.95319],[4.93833,50.95355],[4.93689,50.95592],[4.9362,50.95671],[4.935,50.95873],[4.93346,50.96031],[4.92947,50.95975],[4.9226,50.9591],[4.92178,50.95884],[4.91924,50.95819],[4.91783,50.95789],[4.9181,50.96062],[4.9174,50.96174],[4.91641,50.9631],[4.91326,50.96224],[4.91296,50.96212],[4.91173,50.96204],[4.91177,50.96143],[4.91081,50.96047],[4.91041,50.95951],[4.90873,50.95978],[4.90729,50.95815],[4.90921,50.95687],[4.90921,50.95641],[4.90809,50.95634],[4.90647,50.95656],[4.90587,50.95523],[4.9042,50.95537],[4.9034,50.95576],[4.90279,50.95624],[4.90163,50.95698],[4.90028,50.95632],[4.89945,50.95668],[4.8988,50.95661],[4.89797,50.956],[4.89717,50.95674],[4.89695,50.95607],[4.89539,50.9567],[4.89364,50.95714],[4.89186,50.95723],[4.89143,50.95707],[4.89125,50.95667],[4.89067,50.95594],[4.8903,50.95577],[4.88839,50.95559],[4.88741,50.95592],[4.88665,50.95638],[4.88495,50.95645],[4.88425,50.95619],[4.88303,50.9561],[4.88039,50.95668],[4.8794,50.9566],[4.87816,50.95578],[4.87719,50.95536],[4.87635,50.95694],[4.875,50.95667],[4.87386,50.95661],[4.8733,50.95634],[4.8726,50.95643],[4.87027,50.95613],[4.86869,50.95621],[4.87165,50.95116],[4.87205,50.9506],[4.87149,50.95005],[4.86955,50.94862],[4.86829,50.94846],[4.86688,50.94863],[4.86612,50.94856],[4.86633,50.94715],[4.86652,50.94664],[4.86642,50.94632],[4.86393,50.94541],[4.86261,50.94519],[4.8603,50.94395],[4.85853,50.94323],[4.85774,50.9428],[4.85554,50.94238],[4.85528,50.94287],[4.85463,50.94285],[4.85473,50.9426],[4.85363,50.9426],[4.85313,50.94248],[4.85221,50.94254],[4.85219,50.9415],[4.85318,50.93976],[4.85407,50.93854],[4.85498,50.93745],[4.85231,50.93642],[4.85066,50.93595],[4.85091,50.93345],[4.85016,50.93337],[4.84804,50.93286],[4.84537,50.93229],[4.84547,50.9322],[4.84298,50.93089],[4.84302,50.9305],[4.84342,50.93045],[4.84302,50.93007],[4.84346,50.93019],[4.84376,50.92978],[4.84405,50.92972],[4.84429,50.92917],[4.84542,50.92767],[4.84585,50.92773],[4.84613,50.92691],[4.84587,50.92607],[4.84617,50.92583],[4.84565,50.92549],[4.84579,50.9251],[4.84535,50.92471],[4.84545,50.92454],[4.84501,50.92423],[4.84516,50.92361],[4.84554,50.92325],[4.84546,50.9227],[4.84515,50.92249],[4.84535,50.92226],[4.84532,50.92117],[4.84644,50.92036],[4.84609,50.92022],[4.8455,50.91945],[4.84509,50.91839],[4.84491,50.9182],[4.845,50.91722],[4.84425,50.91642],[4.84468,50.91547],[4.84461,50.9151],[4.8448,50.91454],[4.84451,50.91439],[4.8449,50.91348],[4.84529,50.91344],[4.84557,50.91303],[4.84583,50.91321],[4.84649,50.91295],[4.84697,50.91292],[4.8469,50.91246],[4.84786,50.91195],[4.84762,50.91177],[4.84813,50.91162],[4.84837,50.9118],[4.8488,50.91158],[4.8489,50.91118],[4.84866,50.91111],[4.8499,50.91072],[4.8506,50.91039],[4.85108,50.90993],[4.85162,50.90974],[4.85202,50.90879],[4.85212,50.90757],[4.85111,50.90737],[4.85038,50.90694],[4.85032,50.90665],[4.85062,50.90587],[4.84959,50.90513],[4.84989,50.90446],[4.85061,50.90384],[4.85059,50.90314],[4.85072,50.90256],[4.85206,50.90286],[4.85178,50.90155],[4.85106,50.90049],[4.85066,50.90042],[4.84883,50.89923],[4.8493,50.89909],[4.84976,50.89917],[4.85084,50.8997],[4.85131,50.89979],[4.8527,50.89978],[4.85446,50.89958],[4.85519,50.89911],[4.85557,50.89866],[4.85463,50.8983],[4.85478,50.89775],[4.85466,50.89708],[4.85543,50.89663],[4.85704,50.89803],[4.85762,50.89838],[4.85833,50.89835],[4.85877,50.89886],[4.85936,50.89888],[4.85999,50.89922],[4.85985,50.89866],[4.86045,50.89771],[4.86109,50.8972],[4.86135,50.89679],[4.86186,50.8966],[4.86296,50.89639],[4.86385,50.89658],[4.86396,50.8963],[4.8648,50.89552],[4.86483,50.89465],[4.86513,50.89419],[4.86528,50.8933],[4.86525,50.89263],[4.86551,50.89215],[4.86708,50.89279],[4.86756,50.89288],[4.87234,50.89327],[4.87298,50.89307],[4.87531,50.89159],[4.87693,50.89071],[4.87791,50.88901],[4.87799,50.88814],[4.87847,50.8869],[4.87929,50.88518],[4.88094,50.88582],[4.88121,50.88554],[4.88203,50.88587],[4.88237,50.88632],[4.88284,50.8864],[4.88293,50.88674],[4.8835,50.88732],[4.88394,50.8881],[4.88539,50.88947],[4.88619,50.88976],[4.88717,50.89063],[4.88753,50.89121],[4.88901,50.8921],[4.89141,50.89269],[4.89206,50.89237],[4.89217,50.89171],[4.89203,50.89139],[4.89242,50.8908],[4.89192,50.8906],[4.89225,50.89012],[4.89174,50.88918],[4.89165,50.88838],[4.89259,50.8885],[4.89319,50.88838],[4.89596,50.88863],[4.8966,50.88885],[4.89675,50.88852],[4.89752,50.8882],[4.89827,50.88756],[4.89836,50.88711],[4.89892,50.88693],[4.89996,50.88697],[4.90024,50.88682],[4.90139,50.88702],[4.90257,50.88692],[4.90311,50.88679],[4.904,50.88677],[4.90511,50.88718],[4.90603,50.88722],[4.90651,50.88626],[4.90687,50.88524],[4.90835,50.88318],[4.90926,50.88116],[4.91109,50.88027]]]}},{"type":"Feature","id":"24137","bbox":[4.90556,50.83121,4.993409,50.901227],"properties":{"nis":"24137","name":"Glabbeek","nameNl":"Glabbeek","nameFr":"Glabbeek","nameDe":"Glabbeek","province":"vlaams-brabant","region":"flanders","areaKm2":26.9},"geometry":{"type":"Polygon","coordinates":[[[4.91109,50.88027],[4.90939,50.87918],[4.90867,50.87889],[4.9082,50.87829],[4.90811,50.87779],[4.90834,50.87747],[4.90778,50.87646],[4.90784,50.87595],[4.90688,50.87578],[4.90656,50.87521],[4.90675,50.8748],[4.90665,50.87432],[4.90721,50.87322],[4.90745,50.87218],[4.90731,50.87151],[4.90753,50.87103],[4.90583,50.8706],[4.90594,50.87037],[4.9056,50.86989],[4.90559,50.86931],[4.90595,50.86933],[4.90598,50.86905],[4.90712,50.86767],[4.90875,50.86662],[4.90849,50.86644],[4.90884,50.86598],[4.90944,50.86594],[4.90986,50.86513],[4.91001,50.86434],[4.91023,50.86422],[4.91037,50.86432],[4.91102,50.86405],[4.91155,50.86407],[4.91374,50.86343],[4.91324,50.86294],[4.91473,50.8624],[4.91604,50.86155],[4.91615,50.86163],[4.91798,50.86005],[4.91824,50.85952],[4.91809,50.85863],[4.9182,50.8586],[4.9177,50.85707],[4.91644,50.85501],[4.91649,50.85471],[4.91747,50.85464],[4.92145,50.85459],[4.92375,50.85502],[4.93053,50.85726],[4.93206,50.85787],[4.93301,50.85684],[4.93415,50.85727],[4.93451,50.85689],[4.93574,50.85513],[4.93655,50.85405],[4.93609,50.85377],[4.93547,50.85382],[4.9348,50.85426],[4.93372,50.85409],[4.93324,50.8536],[4.9321,50.85328],[4.93163,50.85327],[4.93149,50.8529],[4.93095,50.85321],[4.93077,50.85295],[4.92893,50.85284],[4.92823,50.853],[4.92788,50.85285],[4.92836,50.85254],[4.9282,50.85236],[4.92689,50.85175],[4.9278,50.85089],[4.92694,50.85059],[4.92738,50.85002],[4.92879,50.85046],[4.92963,50.84922],[4.92954,50.84914],[4.92752,50.84871],[4.92902,50.84731],[4.92968,50.84768],[4.93118,50.84671],[4.93015,50.84618],[4.93119,50.84563],[4.93041,50.8451],[4.92945,50.8442],[4.93026,50.84323],[4.9304,50.84277],[4.93038,50.83946],[4.93217,50.83996],[4.93346,50.83852],[4.93321,50.83848],[4.93408,50.83637],[4.93444,50.83642],[4.93562,50.83501],[4.93578,50.83508],[4.93707,50.83397],[4.93556,50.83343],[4.93577,50.83323],[4.93408,50.83246],[4.93406,50.83178],[4.93529,50.83121],[4.93722,50.83211],[4.93783,50.83247],[4.93829,50.83305],[4.93923,50.83383],[4.94086,50.83273],[4.9428,50.83368],[4.94344,50.83301],[4.94551,50.83367],[4.94588,50.83317],[4.94673,50.83335],[4.94798,50.83384],[4.94876,50.833],[4.94948,50.83346],[4.9518,50.83461],[4.95371,50.83512],[4.95616,50.83541],[4.95738,50.83568],[4.9579,50.83603],[4.95735,50.83671],[4.95885,50.83785],[4.95907,50.83765],[4.96035,50.83823],[4.96134,50.83878],[4.96186,50.83926],[4.96306,50.83985],[4.96262,50.84036],[4.96362,50.8408],[4.9652,50.84187],[4.96848,50.84342],[4.96861,50.84332],[4.97096,50.84453],[4.97152,50.84511],[4.97284,50.84554],[4.97297,50.84536],[4.97613,50.84591],[4.9772,50.84615],[4.97809,50.84668],[4.97888,50.84729],[4.98164,50.84903],[4.98248,50.84874],[4.9838,50.84916],[4.98451,50.84951],[4.98622,50.8496],[4.98756,50.84956],[4.98775,50.84917],[4.98798,50.84793],[4.98892,50.8481],[4.99096,50.84873],[4.99245,50.84913],[4.99213,50.84969],[4.99223,50.85019],[4.99273,50.85146],[4.99341,50.85193],[4.99216,50.85296],[4.9921,50.85278],[4.99151,50.8526],[4.99054,50.85356],[4.99021,50.85345],[4.99049,50.85437],[4.98979,50.85387],[4.98758,50.85507],[4.9873,50.85498],[4.98688,50.8553],[4.98592,50.85625],[4.98564,50.85717],[4.98527,50.8574],[4.98393,50.85772],[4.98326,50.85814],[4.98258,50.85835],[4.98193,50.85891],[4.98135,50.85912],[4.98055,50.85969],[4.97967,50.85993],[4.97923,50.86103],[4.9788,50.86149],[4.97831,50.86231],[4.97843,50.86259],[4.97859,50.86511],[4.97824,50.8653],[4.97703,50.86669],[4.97575,50.86544],[4.9753,50.86601],[4.97554,50.86699],[4.97626,50.86722],[4.97672,50.86773],[4.97731,50.86802],[4.97966,50.86942],[4.98047,50.86952],[4.98113,50.86939],[4.9818,50.87003],[4.98247,50.87009],[4.98312,50.87093],[4.98415,50.87121],[4.98406,50.87183],[4.98475,50.87247],[4.98515,50.87252],[4.98571,50.87292],[4.9862,50.873],[4.98687,50.87359],[4.98675,50.87396],[4.98576,50.87438],[4.98408,50.87493],[4.98335,50.87528],[4.98293,50.87504],[4.98195,50.87555],[4.98176,50.87552],[4.98082,50.87632],[4.98027,50.87694],[4.97927,50.87696],[4.97851,50.87818],[4.97859,50.87822],[4.97705,50.8798],[4.97571,50.88106],[4.97374,50.88263],[4.97255,50.88177],[4.97142,50.88268],[4.97021,50.88384],[4.96929,50.88445],[4.9692,50.88475],[4.97084,50.88486],[4.97388,50.88557],[4.97594,50.88621],[4.97771,50.887],[4.97631,50.88888],[4.97579,50.88991],[4.9747,50.89164],[4.97497,50.89194],[4.97489,50.89393],[4.97494,50.89445],[4.97525,50.89546],[4.97504,50.89581],[4.9738,50.89622],[4.97381,50.89641],[4.97309,50.89676],[4.97207,50.9],[4.96767,50.89949],[4.96341,50.89946],[4.95951,50.89951],[4.95878,50.89945],[4.95758,50.90119],[4.95731,50.90111],[4.95684,50.90046],[4.95655,50.90033],[4.9562,50.89972],[4.95546,50.89932],[4.95475,50.89927],[4.95385,50.89893],[4.95323,50.89835],[4.95253,50.89815],[4.95238,50.89775],[4.95193,50.89764],[4.95129,50.89717],[4.95032,50.89666],[4.9492,50.89638],[4.94873,50.89596],[4.94795,50.89582],[4.94744,50.89558],[4.94549,50.89546],[4.9451,50.89529],[4.94527,50.89486],[4.9446,50.89471],[4.94421,50.89411],[4.9429,50.89384],[4.94235,50.8936],[4.94039,50.89303],[4.93961,50.89286],[4.93786,50.892],[4.93699,50.89189],[4.93599,50.89157],[4.93604,50.89146],[4.93517,50.89103],[4.93487,50.89072],[4.93268,50.88981],[4.93016,50.88902],[4.92908,50.88873],[4.92845,50.88834],[4.92812,50.88792],[4.92804,50.88738],[4.92771,50.8872],[4.92697,50.88631],[4.92678,50.88557],[4.92682,50.88504],[4.9265,50.88443],[4.92645,50.8838],[4.92445,50.88375],[4.92369,50.88423],[4.92279,50.88428],[4.92171,50.88416],[4.92096,50.88423],[4.92015,50.88403],[4.91865,50.8841],[4.91765,50.88432],[4.91661,50.88418],[4.91602,50.88422],[4.91429,50.88411],[4.91323,50.88388],[4.91255,50.88237],[4.91239,50.88155],[4.91109,50.88027]]]}}]}